A_CpG_ID	TCGA-YZ-A983-01A	TCGA-V4-A9ET-01A	TCGA-WC-A880-01A	TCGA-V4-A9EW-01A	TCGA-WC-A87T-01A	TCGA-VD-AA8P-01A	TCGA-VD-A8KG-01A	TCGA-V4-A9EK-01A	TCGA-V4-A9EZ-01A	TCGA-V4-A9F4-01A	TCGA-WC-A88A-01A	TCGA-V3-A9ZX-01A	TCGA-V4-A9F8-01A	TCGA-VD-A8K8-01A	TCGA-V4-A9F0-01A	TCGA-WC-A883-01A	TCGA-V4-A9EF-01A	TCGA-V4-A9EQ-01A	TCGA-VD-A8KL-01A	TCGA-V4-A9E7-01A	TCGA-V4-A9F7-01A	TCGA-VD-AA8S-01B	TCGA-VD-AA8N-01A	TCGA-WC-A881-01A	TCGA-YZ-A984-01A	TCGA-VD-AA8T-01A	TCGA-VD-A8KM-01A	TCGA-VD-A8KI-01A	TCGA-VD-A8KO-01A	TCGA-WC-AA9A-01A	TCGA-RZ-AB0B-01A	TCGA-V4-A9E5-01A	TCGA-WC-A87Y-01A	TCGA-VD-A8KB-01A	TCGA-WC-A888-01A	TCGA-V4-A9ED-01A	TCGA-WC-A87U-01A	TCGA-V4-A9EM-01A	TCGA-WC-A882-01A	TCGA-VD-A8KJ-01A	TCGA-V4-A9EX-01A	TCGA-VD-A8KD-01A	TCGA-VD-AA8M-01A	TCGA-VD-A8KN-01A	TCGA-V4-A9EJ-01A	TCGA-V4-A9EV-01A	TCGA-VD-A8K9-01A	TCGA-V4-A9EO-01A	TCGA-VD-A8KK-01A	TCGA-V3-A9ZY-01A	TCGA-YZ-A980-01A	TCGA-VD-A8KA-01B	TCGA-VD-A8KH-01A	TCGA-WC-AA9E-01A	TCGA-V4-A9E9-01A	TCGA-V4-A9EH-01A	TCGA-V4-A9EY-01A	TCGA-VD-AA8Q-01A	TCGA-V4-A9F2-01A	TCGA-WC-A87W-01A	TCGA-VD-A8K7-01B	TCGA-V4-A9EL-01A	TCGA-VD-A8KF-01A	TCGA-V4-A9F1-01A	TCGA-VD-AA8R-01A	TCGA-WC-A884-01A	TCGA-V4-A9EU-01A	TCGA-V4-A9EA-01A	TCGA-V4-A9F5-01A	TCGA-VD-A8KE-01A	TCGA-YZ-A982-01A	TCGA-VD-AA8O-01A	TCGA-V4-A9EI-01A	TCGA-V4-A9E8-01A	TCGA-V4-A9ES-01A	TCGA-V4-A9F3-01A	TCGA-YZ-A985-01A	TCGA-V4-A9EE-01A	TCGA-V4-A9EC-01A	TCGA-WC-A885-01A
cg00010242	NA	NA	NA	NA	NA	NA	NA	NA	NA	NA	NA	NA	NA	NA	NA	NA	NA	NA	NA	NA	NA	NA	NA	NA	NA	NA	NA	NA	NA	NA	NA	NA	NA	NA	NA	NA	NA	NA	NA	NA	NA	NA	NA	NA	NA	NA	NA	NA	NA	NA	NA	NA	NA	NA	NA	NA	NA	NA	NA	NA	NA	NA	NA	NA	NA	NA	NA	NA	NA	NA	NA	NA	NA	NA	NA	NA	NA	NA	NA	NA
cg00044501	NA	NA	NA	NA	NA	NA	NA	NA	NA	NA	NA	NA	NA	NA	NA	NA	NA	NA	NA	NA	NA	NA	NA	NA	NA	NA	NA	NA	NA	NA	NA	NA	NA	NA	NA	NA	NA	NA	NA	NA	NA	NA	NA	NA	NA	NA	NA	NA	NA	NA	NA	NA	NA	NA	NA	NA	NA	NA	NA	NA	NA	NA	NA	NA	NA	NA	NA	NA	NA	NA	NA	NA	NA	NA	NA	NA	NA	NA	NA	NA
cg00081852	NA	NA	NA	NA	NA	NA	NA	NA	NA	NA	NA	NA	NA	NA	NA	NA	NA	NA	NA	NA	NA	NA	NA	NA	NA	NA	NA	NA	NA	NA	NA	NA	NA	NA	NA	NA	NA	NA	NA	NA	NA	NA	NA	NA	NA	NA	NA	NA	NA	NA	NA	NA	NA	NA	NA	NA	NA	NA	NA	NA	NA	NA	NA	NA	NA	NA	NA	NA	NA	NA	NA	NA	NA	NA	NA	NA	NA	NA	NA	NA
cg00090612	NA	NA	NA	NA	NA	NA	NA	NA	NA	NA	NA	NA	NA	NA	NA	NA	NA	NA	NA	NA	NA	NA	NA	NA	NA	NA	NA	NA	NA	NA	NA	NA	NA	NA	NA	NA	NA	NA	NA	NA	NA	NA	NA	NA	NA	NA	NA	NA	NA	NA	NA	NA	NA	NA	NA	NA	NA	NA	NA	NA	NA	NA	NA	NA	NA	NA	NA	NA	NA	NA	NA	NA	NA	NA	NA	NA	NA	NA	NA	NA
cg00110695	NA	NA	NA	NA	NA	NA	NA	NA	NA	NA	NA	NA	NA	NA	NA	NA	NA	NA	NA	NA	NA	NA	NA	NA	NA	NA	NA	NA	NA	NA	NA	NA	NA	NA	NA	NA	NA	NA	NA	NA	NA	NA	NA	NA	NA	NA	NA	NA	NA	NA	NA	NA	NA	NA	NA	NA	NA	NA	NA	NA	NA	NA	NA	NA	NA	NA	NA	NA	NA	NA	NA	NA	NA	NA	NA	NA	NA	NA	NA	NA
cg00114618	NA	NA	NA	NA	NA	NA	NA	NA	NA	NA	NA	NA	NA	NA	NA	NA	NA	NA	NA	NA	NA	NA	NA	NA	NA	NA	NA	NA	NA	NA	NA	NA	NA	NA	NA	NA	NA	NA	NA	NA	NA	NA	NA	NA	NA	NA	NA	NA	NA	NA	NA	NA	NA	NA	NA	NA	NA	NA	NA	NA	NA	NA	NA	NA	NA	NA	NA	NA	NA	NA	NA	NA	NA	NA	NA	NA	NA	NA	NA	NA
cg00116558	NA	NA	NA	NA	NA	NA	NA	NA	NA	NA	NA	NA	NA	NA	NA	NA	NA	NA	NA	NA	NA	NA	NA	NA	NA	NA	NA	NA	NA	NA	NA	NA	NA	NA	NA	NA	NA	NA	NA	NA	NA	NA	NA	NA	NA	NA	NA	NA	NA	NA	NA	NA	NA	NA	NA	NA	NA	NA	NA	NA	NA	NA	NA	NA	NA	NA	NA	NA	NA	NA	NA	NA	NA	NA	NA	NA	NA	NA	NA	NA
cg00178785	NA	NA	NA	NA	NA	NA	NA	NA	NA	NA	NA	NA	NA	NA	NA	NA	NA	NA	NA	NA	NA	NA	NA	NA	NA	NA	NA	NA	NA	NA	NA	NA	NA	NA	NA	NA	NA	NA	NA	NA	NA	NA	NA	NA	NA	NA	NA	NA	NA	NA	NA	NA	NA	NA	NA	NA	NA	NA	NA	NA	NA	NA	NA	NA	NA	NA	NA	NA	NA	NA	NA	NA	NA	NA	NA	NA	NA	NA	NA	NA
cg00241482	NA	NA	NA	NA	NA	NA	NA	NA	NA	NA	NA	NA	NA	NA	NA	NA	NA	NA	NA	NA	NA	NA	NA	NA	NA	NA	NA	NA	NA	NA	NA	NA	NA	NA	NA	NA	NA	NA	NA	NA	NA	NA	NA	NA	NA	NA	NA	NA	NA	NA	NA	NA	NA	NA	NA	NA	NA	NA	NA	NA	NA	NA	NA	NA	NA	NA	NA	NA	NA	NA	NA	NA	NA	NA	NA	NA	NA	NA	NA	NA
cg00247803	NA	NA	NA	NA	NA	NA	NA	NA	NA	NA	NA	NA	NA	NA	NA	NA	NA	NA	NA	NA	NA	NA	NA	NA	NA	NA	NA	NA	NA	NA	NA	NA	NA	NA	NA	NA	NA	NA	NA	NA	NA	NA	NA	NA	NA	NA	NA	NA	NA	NA	NA	NA	NA	NA	NA	NA	NA	NA	NA	NA	NA	NA	NA	NA	NA	NA	NA	NA	NA	NA	NA	NA	NA	NA	NA	NA	NA	NA	NA	NA
cg00253854	NA	NA	NA	NA	NA	NA	NA	NA	NA	NA	NA	NA	NA	NA	NA	NA	NA	NA	NA	NA	NA	NA	NA	NA	NA	NA	NA	NA	NA	NA	NA	NA	NA	NA	NA	NA	NA	NA	NA	NA	NA	NA	NA	NA	NA	NA	NA	NA	NA	NA	NA	NA	NA	NA	NA	NA	NA	NA	NA	NA	NA	NA	NA	NA	NA	NA	NA	NA	NA	NA	NA	NA	NA	NA	NA	NA	NA	NA	NA	NA
cg00264298	NA	NA	NA	NA	NA	NA	NA	NA	NA	NA	NA	NA	NA	NA	NA	NA	NA	NA	NA	NA	NA	NA	NA	NA	NA	NA	NA	NA	NA	NA	NA	NA	NA	NA	NA	NA	NA	NA	NA	NA	NA	NA	NA	NA	NA	NA	NA	NA	NA	NA	NA	NA	NA	NA	NA	NA	NA	NA	NA	NA	NA	NA	NA	NA	NA	NA	NA	NA	NA	NA	NA	NA	NA	NA	NA	NA	NA	NA	NA	NA
cg00301256	NA	NA	NA	NA	NA	NA	NA	NA	NA	NA	NA	NA	NA	NA	NA	NA	NA	NA	NA	NA	NA	NA	NA	NA	NA	NA	NA	NA	NA	NA	NA	NA	NA	NA	NA	NA	NA	NA	NA	NA	NA	NA	NA	NA	NA	NA	NA	NA	NA	NA	NA	NA	NA	NA	NA	NA	NA	NA	NA	NA	NA	NA	NA	NA	NA	NA	NA	NA	NA	NA	NA	NA	NA	NA	NA	NA	NA	NA	NA	NA
cg00314276	NA	NA	NA	NA	NA	NA	NA	NA	NA	NA	NA	NA	NA	NA	NA	NA	NA	NA	NA	NA	NA	NA	NA	NA	NA	NA	NA	NA	NA	NA	NA	NA	NA	NA	NA	NA	NA	NA	NA	NA	NA	NA	NA	NA	NA	NA	NA	NA	NA	NA	NA	NA	NA	NA	NA	NA	NA	NA	NA	NA	NA	NA	NA	NA	NA	NA	NA	NA	NA	NA	NA	NA	NA	NA	NA	NA	NA	NA	NA	NA
cg00318682	0.943549301572878	0.940743628173425	0.913221025089425	0.757050859057342	0.933264336775618	0.945823561132343	0.913308327237134	0.93760024516629	0.671942154824881	0.920408933996707	0.904901068175961	0.927796870481632	0.943332727694666	0.902004362620114	0.935891162061401	0.851136098016905	0.900929451887327	0.94206390409717	0.780505888469948	0.93211846245612	0.942741616569462	0.931675466206109	0.8936015795294	0.90458337551703	0.936246155012208	0.930608276038681	0.858855586679141	0.936613564301269	0.94752813099215	0.958209901448777	0.899416768070207	0.630529756475647	0.928556600534132	0.779234071224713	0.878109369595306	0.928235828275367	0.928807034587153	0.243450962200124	0.918986090158849	0.938423739335571	0.84448115995569	0.894521440972517	0.879233133610132	0.906643589401459	0.905982109494085	0.857218552941376	0.823968834450869	0.952574802416888	0.902530296326059	0.846617842442266	0.924857830976409	0.936504029775384	0.919860692597354	0.931602551094659	0.698611195456488	0.949805637591713	0.907888855090115	0.940120357915228	0.77738846806548	0.94754287311389	0.928203894068632	0.901512292798531	0.948322875116006	0.939503860446358	0.941640847147063	0.907565941773875	0.936460124165886	0.915574494729108	0.943966319079537	0.938529861394095	0.764014010655269	0.849314392133881	0.901261675699291	0.883005756985721	0.938229417983071	0.912060093435838	0.927334466960859	0.88821886429397	0.835426177606995	0.9202981899571
cg00336555	NA	NA	NA	NA	NA	NA	NA	NA	NA	NA	NA	NA	NA	NA	NA	NA	NA	NA	NA	NA	NA	NA	NA	NA	NA	NA	NA	NA	NA	NA	NA	NA	NA	NA	NA	NA	NA	NA	NA	NA	NA	NA	NA	NA	NA	NA	NA	NA	NA	NA	NA	NA	NA	NA	NA	NA	NA	NA	NA	NA	NA	NA	NA	NA	NA	NA	NA	NA	NA	NA	NA	NA	NA	NA	NA	NA	NA	NA	NA	NA
cg00359421	NA	NA	NA	NA	NA	NA	NA	NA	NA	NA	NA	NA	NA	NA	NA	NA	NA	NA	NA	NA	NA	NA	NA	NA	NA	NA	NA	NA	NA	NA	NA	NA	NA	NA	NA	NA	NA	NA	NA	NA	NA	NA	NA	NA	NA	NA	NA	NA	NA	NA	NA	NA	NA	NA	NA	NA	NA	NA	NA	NA	NA	NA	NA	NA	NA	NA	NA	NA	NA	NA	NA	NA	NA	NA	NA	NA	NA	NA	NA	NA
cg00379272	NA	NA	NA	NA	NA	NA	NA	NA	NA	NA	NA	NA	NA	NA	NA	NA	NA	NA	NA	NA	NA	NA	NA	NA	NA	NA	NA	NA	NA	NA	NA	NA	NA	NA	NA	NA	NA	NA	NA	NA	NA	NA	NA	NA	NA	NA	NA	NA	NA	NA	NA	NA	NA	NA	NA	NA	NA	NA	NA	NA	NA	NA	NA	NA	NA	NA	NA	NA	NA	NA	NA	NA	NA	NA	NA	NA	NA	NA	NA	NA
cg00410323	NA	NA	NA	NA	NA	NA	NA	NA	NA	NA	NA	NA	NA	NA	NA	NA	NA	NA	NA	NA	NA	NA	NA	NA	NA	NA	NA	NA	NA	NA	NA	NA	NA	NA	NA	NA	NA	NA	NA	NA	NA	NA	NA	NA	NA	NA	NA	NA	NA	NA	NA	NA	NA	NA	NA	NA	NA	NA	NA	NA	NA	NA	NA	NA	NA	NA	NA	NA	NA	NA	NA	NA	NA	NA	NA	NA	NA	NA	NA	NA
cg00422716	NA	NA	NA	NA	NA	NA	NA	NA	NA	NA	NA	NA	NA	NA	NA	NA	NA	NA	NA	NA	NA	NA	NA	NA	NA	NA	NA	NA	NA	NA	NA	NA	NA	NA	NA	NA	NA	NA	NA	NA	NA	NA	NA	NA	NA	NA	NA	NA	NA	NA	NA	NA	NA	NA	NA	NA	NA	NA	NA	NA	NA	NA	NA	NA	NA	NA	NA	NA	NA	NA	NA	NA	NA	NA	NA	NA	NA	NA	NA	NA
cg00440702	NA	NA	NA	NA	NA	NA	NA	NA	NA	NA	NA	NA	NA	NA	NA	NA	NA	NA	NA	NA	NA	NA	NA	NA	NA	NA	NA	NA	NA	NA	NA	NA	NA	NA	NA	NA	NA	NA	NA	NA	NA	NA	NA	NA	NA	NA	NA	NA	NA	NA	NA	NA	NA	NA	NA	NA	NA	NA	NA	NA	NA	NA	NA	NA	NA	NA	NA	NA	NA	NA	NA	NA	NA	NA	NA	NA	NA	NA	NA	NA
cg00480643	NA	NA	NA	NA	NA	NA	NA	NA	NA	NA	NA	NA	NA	NA	NA	NA	NA	NA	NA	NA	NA	NA	NA	NA	NA	NA	NA	NA	NA	NA	NA	NA	NA	NA	NA	NA	NA	NA	NA	NA	NA	NA	NA	NA	NA	NA	NA	NA	NA	NA	NA	NA	NA	NA	NA	NA	NA	NA	NA	NA	NA	NA	NA	NA	NA	NA	NA	NA	NA	NA	NA	NA	NA	NA	NA	NA	NA	NA	NA	NA
cg00489467	0.953739407519728	0.960206657061085	0.951418111783101	0.971983335453665	0.954163287771513	0.961919442721079	0.963608543442407	0.95853828314956	0.963187030934517	0.967746239289963	0.961902125881156	0.9490833246964	0.969203473668848	0.961934290240449	0.962651582045544	0.926539331294492	0.954708709637245	0.951289280621664	0.958325160236525	0.971292570304046	0.962651655741857	0.969126801725638	0.957522044365951	0.961993038049873	0.951276311253792	0.95897497600759	0.948708962916993	0.95599508544898	0.963444738466288	0.958130640560247	0.946025493660318	0.952699752046587	0.957590593518911	0.960279261765103	0.966516298352397	0.9483298049569	0.961331907895687	0.952070272080937	0.934844997528577	0.950752697428388	0.955757292576345	0.941875714286064	0.962755816442682	0.955800211087559	0.946461168857283	0.953608705588213	0.972009247833182	0.961906687052382	0.969474087889699	0.960622561607143	0.959228411980759	0.945833190336807	0.965830334433719	0.964742971301214	0.951331355762649	0.963647779390001	0.96369937915423	0.961274995062421	0.946849402440486	0.946941114094273	0.957455283542768	0.940942103700523	0.971120329819343	0.957475267535975	0.966050660585876	0.959237256396326	0.958873635673016	0.967293864630642	0.958117017701513	0.968374827798351	0.948793579616214	0.967799408382839	0.950116922571968	0.966419777008074	0.965868000062157	0.939313747686271	0.950162245541083	0.944620363267858	0.954455460502756	0.969140252337329
cg00502041	NA	NA	NA	NA	NA	NA	NA	NA	NA	NA	NA	NA	NA	NA	NA	NA	NA	NA	NA	NA	NA	NA	NA	NA	NA	NA	NA	NA	NA	NA	NA	NA	NA	NA	NA	NA	NA	NA	NA	NA	NA	NA	NA	NA	NA	NA	NA	NA	NA	NA	NA	NA	NA	NA	NA	NA	NA	NA	NA	NA	NA	NA	NA	NA	NA	NA	NA	NA	NA	NA	NA	NA	NA	NA	NA	NA	NA	NA	NA	NA
cg00506859	NA	NA	NA	NA	NA	NA	NA	NA	NA	NA	NA	NA	NA	NA	NA	NA	NA	NA	NA	NA	NA	NA	NA	NA	NA	NA	NA	NA	NA	NA	NA	NA	NA	NA	NA	NA	NA	NA	NA	NA	NA	NA	NA	NA	NA	NA	NA	NA	NA	NA	NA	NA	NA	NA	NA	NA	NA	NA	NA	NA	NA	NA	NA	NA	NA	NA	NA	NA	NA	NA	NA	NA	NA	NA	NA	NA	NA	NA	NA	NA
cg00516867	0.662936188101363	0.893136346515264	0.533100804439115	0.78129424857903	0.756364258186482	0.62959449178258	0.24453483767197	0.686016591440261	0.190596049000935	0.477216666941372	0.18515244129274	0.292405465337402	0.177369331089934	0.442409327703977	0.310819866940876	0.167640395932194	0.879730663070128	0.120571116338147	0.660178070530006	0.113620207067367	0.491615249928524	0.480015593693323	0.500611601421226	0.848610440299673	0.630992678682908	0.117141576923151	0.552399889171037	0.442084867492131	0.648690696076483	0.103428375184426	0.692629880994625	0.850618140407283	0.434882600857018	0.694090239078173	0.31649270313286	0.607772784108854	0.686944438099129	0.223858875525682	0.723682888381467	0.691879586171176	0.220981178793514	0.729510272302553	0.437446462809121	0.196291764525591	0.437034985201639	0.571097050928603	0.51354597410166	0.168775543118531	0.882518774185564	0.674167226283407	0.834113651025822	0.543397371184797	0.330654592047002	0.880575822798215	0.522299850786425	0.88211165158382	0.636768862213159	0.342411624127082	0.434926142232035	0.543033643291457	0.555602535062412	0.241978185740021	0.478356818824565	0.585468365081302	0.741683772913853	0.596069098283587	0.190243414296596	0.710657632276551	0.481101775506147	0.498482186327603	0.693661672930473	0.62230879998108	0.209305290757176	0.316037502828063	0.190983852306207	0.468937728478737	0.0907312940170639	0.214635969103915	0.616134988369367	0.493111673141118
cg00531054	NA	NA	NA	NA	NA	NA	NA	NA	NA	NA	NA	NA	NA	NA	NA	NA	NA	NA	NA	NA	NA	NA	NA	NA	NA	NA	NA	NA	NA	NA	NA	NA	NA	NA	NA	NA	NA	NA	NA	NA	NA	NA	NA	NA	NA	NA	NA	NA	NA	NA	NA	NA	NA	NA	NA	NA	NA	NA	NA	NA	NA	NA	NA	NA	NA	NA	NA	NA	NA	NA	NA	NA	NA	NA	NA	NA	NA	NA	NA	NA
cg00552235	NA	NA	NA	NA	NA	NA	NA	NA	NA	NA	NA	NA	NA	NA	NA	NA	NA	NA	NA	NA	NA	NA	NA	NA	NA	NA	NA	NA	NA	NA	NA	NA	NA	NA	NA	NA	NA	NA	NA	NA	NA	NA	NA	NA	NA	NA	NA	NA	NA	NA	NA	NA	NA	NA	NA	NA	NA	NA	NA	NA	NA	NA	NA	NA	NA	NA	NA	NA	NA	NA	NA	NA	NA	NA	NA	NA	NA	NA	NA	NA
cg00589791	NA	NA	NA	NA	NA	NA	NA	NA	NA	NA	NA	NA	NA	NA	NA	NA	NA	NA	NA	NA	NA	NA	NA	NA	NA	NA	NA	NA	NA	NA	NA	NA	NA	NA	NA	NA	NA	NA	NA	NA	NA	NA	NA	NA	NA	NA	NA	NA	NA	NA	NA	NA	NA	NA	NA	NA	NA	NA	NA	NA	NA	NA	NA	NA	NA	NA	NA	NA	NA	NA	NA	NA	NA	NA	NA	NA	NA	NA	NA	NA
cg00591353	0.913169153153661	0.923131096166485	0.927182266968835	0.925281777920755	0.884422250050431	0.909690636041839	0.914996309914869	0.937786386926865	0.916511976457735	0.907662680879389	0.905554830094254	NA	0.887062138886805	0.862710180978932	0.923191188745521	0.898226987968389	0.913744573463316	0.92702205969226	0.928825996895159	0.882349748261123	0.867993417344201	0.933727011686001	0.925119598479593	0.915655696252569	0.900603131555368	0.94037089097966	0.873157511358652	0.927431150186704	0.932117264556171	0.905193222419198	0.892708215338846	0.880788422340667	0.911795558371244	0.902400660136263	0.894488148532441	0.908097590701343	0.901642851095456	0.870170239898173	0.928803676846093	0.910561465092253	0.931805844181884	0.928759070619903	0.935812568162228	0.907028241191164	0.926765643633713	0.899258922399403	0.918417258471946	0.923517486298822	0.905061048694876	0.904057320712621	0.906680924113073	0.929180280481415	0.924363496247289	0.928156497331867	0.908141237072565	0.914989787677342	0.906352085048269	0.926118018513572	0.873462842169409	0.919366534178307	0.926367459649371	0.908676865493249	0.901802683392863	0.920871595690021	0.93036207630737	0.919217004679959	0.897463793094858	0.910564144856172	0.903080095553918	0.895784553596202	0.92412602221422	0.888880864777612	0.92164383652775	0.920958689377395	0.889610645461266	0.901989722655061	0.931442440192105	0.877307853694856	0.901108141890255	0.888410027479068
cg00594488	NA	NA	NA	NA	NA	NA	NA	NA	NA	NA	NA	NA	NA	NA	NA	NA	NA	NA	NA	NA	NA	NA	NA	NA	NA	NA	NA	NA	NA	NA	NA	NA	NA	NA	NA	NA	NA	NA	NA	NA	NA	NA	NA	NA	NA	NA	NA	NA	NA	NA	NA	NA	NA	NA	NA	NA	NA	NA	NA	NA	NA	NA	NA	NA	NA	NA	NA	NA	NA	NA	NA	NA	NA	NA	NA	NA	NA	NA	NA	NA
cg00687674	0.0543980117491816	0.327641216813022	0.0554358259904297	0.0438875018771048	0.0610109998387346	0.162079034424893	0.143169877797376	0.16948268696627	0.186329384260251	0.231442429763459	0.112510753260138	0.194235812167225	0.101767314020494	0.179825680751649	0.431884598777507	0.20050632519054	0.142437633554588	0.198172877160545	0.170204975469434	0.259167565206598	0.0538041963591552	0.200066479982168	0.205390542735743	0.147318992720452	0.254797159514655	0.158121720250448	0.252881440676212	0.158213526083002	0.0617963348892125	0.0490217902512007	0.196990615479218	0.0436379084480615	0.269608308992074	0.112479242651463	0.331024325863098	0.23921626204312	0.0555736872891585	0.0602068864787833	0.223535563637947	0.126547165489588	0.216590220542566	0.280334030105603	0.167786610296491	0.161471964528513	0.0494488573225229	0.228415334668823	0.0520221380538497	0.0933735385031848	0.11376797239494	0.0981384015629572	0.475023263345095	0.0609257244070131	0.0800108019763875	0.249267616186176	0.0660563383857815	0.11675088402859	0.108310728385641	0.125660054408912	0.0954385796068111	0.124128247077167	0.056698578251727	0.237610796436884	0.215266078108692	0.244543926967079	0.194465661743935	0.249223857513081	0.248772446065565	0.046431746996462	0.27416966887911	0.0725539434113898	0.277904358590255	0.0881593778530002	0.186273436104653	0.234797822967103	0.327970769048622	0.213018216370009	0.18895725199172	0.130624341593198	0.0897608538152605	0.0669617002768915
cg00702369	NA	NA	NA	NA	NA	NA	NA	NA	NA	NA	NA	NA	NA	NA	NA	NA	NA	NA	NA	NA	NA	NA	NA	NA	NA	NA	NA	NA	NA	NA	NA	NA	NA	NA	NA	NA	NA	NA	NA	NA	NA	NA	NA	NA	NA	NA	NA	NA	NA	NA	NA	NA	NA	NA	NA	NA	NA	NA	NA	NA	NA	NA	NA	NA	NA	NA	NA	NA	NA	NA	NA	NA	NA	NA	NA	NA	NA	NA	NA	NA
cg00727386	NA	NA	NA	NA	NA	NA	NA	NA	NA	NA	NA	NA	NA	NA	NA	NA	NA	NA	NA	NA	NA	NA	NA	NA	NA	NA	NA	NA	NA	NA	NA	NA	NA	NA	NA	NA	NA	NA	NA	NA	NA	NA	NA	NA	NA	NA	NA	NA	NA	NA	NA	NA	NA	NA	NA	NA	NA	NA	NA	NA	NA	NA	NA	NA	NA	NA	NA	NA	NA	NA	NA	NA	NA	NA	NA	NA	NA	NA	NA	NA
cg00738299	NA	NA	NA	NA	NA	NA	NA	NA	NA	NA	NA	NA	NA	NA	NA	NA	NA	NA	NA	NA	NA	NA	NA	NA	NA	NA	NA	NA	NA	NA	NA	NA	NA	NA	NA	NA	NA	NA	NA	NA	NA	NA	NA	NA	NA	NA	NA	NA	NA	NA	NA	NA	NA	NA	NA	NA	NA	NA	NA	NA	NA	NA	NA	NA	NA	NA	NA	NA	NA	NA	NA	NA	NA	NA	NA	NA	NA	NA	NA	NA
cg00795247	NA	NA	NA	NA	NA	NA	NA	NA	NA	NA	NA	NA	NA	NA	NA	NA	NA	NA	NA	NA	NA	NA	NA	NA	NA	NA	NA	NA	NA	NA	NA	NA	NA	NA	NA	NA	NA	NA	NA	NA	NA	NA	NA	NA	NA	NA	NA	NA	NA	NA	NA	NA	NA	NA	NA	NA	NA	NA	NA	NA	NA	NA	NA	NA	NA	NA	NA	NA	NA	NA	NA	NA	NA	NA	NA	NA	NA	NA	NA	NA
cg00795885	NA	NA	NA	NA	NA	NA	NA	NA	NA	NA	NA	NA	NA	NA	NA	NA	NA	NA	NA	NA	NA	NA	NA	NA	NA	NA	NA	NA	NA	NA	NA	NA	NA	NA	NA	NA	NA	NA	NA	NA	NA	NA	NA	NA	NA	NA	NA	NA	NA	NA	NA	NA	NA	NA	NA	NA	NA	NA	NA	NA	NA	NA	NA	NA	NA	NA	NA	NA	NA	NA	NA	NA	NA	NA	NA	NA	NA	NA	NA	NA
cg00809453	NA	NA	NA	NA	NA	NA	NA	NA	NA	NA	NA	NA	NA	NA	NA	NA	NA	NA	NA	NA	NA	NA	NA	NA	NA	NA	NA	NA	NA	NA	NA	NA	NA	NA	NA	NA	NA	NA	NA	NA	NA	NA	NA	NA	NA	NA	NA	NA	NA	NA	NA	NA	NA	NA	NA	NA	NA	NA	NA	NA	NA	NA	NA	NA	NA	NA	NA	NA	NA	NA	NA	NA	NA	NA	NA	NA	NA	NA	NA	NA
cg00812839	NA	NA	NA	NA	NA	NA	NA	NA	NA	NA	NA	NA	NA	NA	NA	NA	NA	NA	NA	NA	NA	NA	NA	NA	NA	NA	NA	NA	NA	NA	NA	NA	NA	NA	NA	NA	NA	NA	NA	NA	NA	NA	NA	NA	NA	NA	NA	NA	NA	NA	NA	NA	NA	NA	NA	NA	NA	NA	NA	NA	NA	NA	NA	NA	NA	NA	NA	NA	NA	NA	NA	NA	NA	NA	NA	NA	NA	NA	NA	NA
cg00834234	NA	NA	NA	NA	NA	NA	NA	NA	NA	NA	NA	NA	NA	NA	NA	NA	NA	NA	NA	NA	NA	NA	NA	NA	NA	NA	NA	NA	NA	NA	NA	NA	NA	NA	NA	NA	NA	NA	NA	NA	NA	NA	NA	NA	NA	NA	NA	NA	NA	NA	NA	NA	NA	NA	NA	NA	NA	NA	NA	NA	NA	NA	NA	NA	NA	NA	NA	NA	NA	NA	NA	NA	NA	NA	NA	NA	NA	NA	NA	NA
cg00850868	NA	NA	NA	NA	NA	NA	NA	NA	NA	NA	NA	NA	NA	NA	NA	NA	NA	NA	NA	NA	NA	NA	NA	NA	NA	NA	NA	NA	NA	NA	NA	NA	NA	NA	NA	NA	NA	NA	NA	NA	NA	NA	NA	NA	NA	NA	NA	NA	NA	NA	NA	NA	NA	NA	NA	NA	NA	NA	NA	NA	NA	NA	NA	NA	NA	NA	NA	NA	NA	NA	NA	NA	NA	NA	NA	NA	NA	NA	NA	NA
cg00894142	NA	NA	NA	NA	NA	NA	NA	NA	NA	NA	NA	NA	NA	NA	NA	NA	NA	NA	NA	NA	NA	NA	NA	NA	NA	NA	NA	NA	NA	NA	NA	NA	NA	NA	NA	NA	NA	NA	NA	NA	NA	NA	NA	NA	NA	NA	NA	NA	NA	NA	NA	NA	NA	NA	NA	NA	NA	NA	NA	NA	NA	NA	NA	NA	NA	NA	NA	NA	NA	NA	NA	NA	NA	NA	NA	NA	NA	NA	NA	NA
cg00919576	NA	NA	NA	NA	NA	NA	NA	NA	NA	NA	NA	NA	NA	NA	NA	NA	NA	NA	NA	NA	NA	NA	NA	NA	NA	NA	NA	NA	NA	NA	NA	NA	NA	NA	NA	NA	NA	NA	NA	NA	NA	NA	NA	NA	NA	NA	NA	NA	NA	NA	NA	NA	NA	NA	NA	NA	NA	NA	NA	NA	NA	NA	NA	NA	NA	NA	NA	NA	NA	NA	NA	NA	NA	NA	NA	NA	NA	NA	NA	NA
cg00954931	NA	NA	NA	NA	NA	NA	NA	NA	NA	NA	NA	NA	NA	NA	NA	NA	NA	NA	NA	NA	NA	NA	NA	NA	NA	NA	NA	NA	NA	NA	NA	NA	NA	NA	NA	NA	NA	NA	NA	NA	NA	NA	NA	NA	NA	NA	NA	NA	NA	NA	NA	NA	NA	NA	NA	NA	NA	NA	NA	NA	NA	NA	NA	NA	NA	NA	NA	NA	NA	NA	NA	NA	NA	NA	NA	NA	NA	NA	NA	NA
cg01000036	NA	NA	NA	NA	NA	NA	NA	NA	NA	NA	NA	NA	NA	NA	NA	NA	NA	NA	NA	NA	NA	NA	NA	NA	NA	NA	NA	NA	NA	NA	NA	NA	NA	NA	NA	NA	NA	NA	NA	NA	NA	NA	NA	NA	NA	NA	NA	NA	NA	NA	NA	NA	NA	NA	NA	NA	NA	NA	NA	NA	NA	NA	NA	NA	NA	NA	NA	NA	NA	NA	NA	NA	NA	NA	NA	NA	NA	NA	NA	NA
cg01009068	0.949837138446441	0.956830151837685	0.902466704028551	0.926547918282854	0.882464092881178	0.906748428163675	0.938526203038607	0.952500274810923	0.936261850155522	0.918841747136377	0.933584376720915	0.930222439245789	0.933399932074958	0.917476259890682	0.946936732487051	0.934506538996447	0.920562777264966	0.936973476331528	0.925782901700249	0.925149681940274	0.923828942370736	0.934454197547704	0.929221498815597	0.91999532782236	0.932054110469901	0.931408734323809	0.929179093812389	0.928690039440226	0.939014818920346	0.923014944216447	0.917684078328811	0.924732707999719	0.924864539525925	0.933370319754098	0.939308413015653	0.933449117368447	0.90446397331455	0.920427355412471	0.922779607371563	0.934880296316433	0.938712490713721	0.921285777973105	0.941289275563683	0.946548397108082	0.943358258154361	0.926101767428889	0.922663946638721	0.886965171736566	0.915845243492249	0.948244338516273	0.939220763496524	0.931286577873068	0.942878012041239	0.90323656784424	0.944928387929538	0.902568563699829	0.950127467456827	0.917412750599538	0.915460777019801	0.937848655668257	0.922062329991749	0.925549361162627	0.932244354921956	0.924643031421734	0.933789334194348	0.945376401844414	0.932093996443217	0.945487689260064	0.943174620682332	0.912812802832895	0.944624762635114	0.939825260761576	0.934329825824153	0.92460903710284	0.91773144496259	0.922324472506636	0.935420649258641	0.93639134390487	0.914708673068699	0.93251977195954
cg01049884	0.970369737774688	0.977128408547799	0.943113359753376	0.976049455377655	0.975768308103343	0.960027066954131	0.942152579395644	0.97869706675806	0.973366959285948	0.976563087560022	0.981953842122198	0.978369325588477	0.96216717415933	0.985001094324309	0.979772337964316	0.98354331301552	0.969240909184877	0.968099061996155	0.957005358261031	0.984214658570208	0.974026900163621	0.974546870843313	0.973644330509775	0.966933858138516	0.971393577850533	0.967108632167481	0.981209109671407	0.984675110859737	0.9786872485892	0.961078195065811	0.983754572322316	0.96818780426432	0.958498115029668	0.942177747285601	0.981232559587383	0.950995075814024	0.977971854679849	0.967132785393003	0.967376828959189	0.976502885611575	0.983646550289032	0.978972340469347	0.974793609848253	0.979455960399416	0.941951893923241	0.965450395521744	0.969283946306337	0.969781829283378	0.973281186322831	0.963795569205405	0.972645518048839	0.972485236594535	0.956066480562496	0.977461565465252	0.974057081291534	0.958649050523075	0.976391457396971	0.938803618557321	0.968772308013804	0.955039520527831	0.977237468691721	0.973340184667547	0.962827675707008	0.973138635968604	0.970745052624109	0.967196849970683	0.985116087022532	0.94916113085718	0.972136861555758	0.935402364709186	0.971675279622213	0.964409621003576	0.978580367356008	0.979135141071783	0.93499361578637	0.977229596816484	0.971688541848288	0.979729194027426	0.936962999302593	0.973210382539353
cg01052572	NA	NA	NA	NA	NA	NA	NA	NA	NA	NA	NA	NA	NA	NA	NA	NA	NA	NA	NA	NA	NA	NA	NA	NA	NA	NA	NA	NA	NA	NA	NA	NA	NA	NA	NA	NA	NA	NA	NA	NA	NA	NA	NA	NA	NA	NA	NA	NA	NA	NA	NA	NA	NA	NA	NA	NA	NA	NA	NA	NA	NA	NA	NA	NA	NA	NA	NA	NA	NA	NA	NA	NA	NA	NA	NA	NA	NA	NA	NA	NA
cg01080483	NA	NA	NA	NA	NA	NA	NA	NA	NA	NA	NA	NA	NA	NA	NA	NA	NA	NA	NA	NA	NA	NA	NA	NA	NA	NA	NA	NA	NA	NA	NA	NA	NA	NA	NA	NA	NA	NA	NA	NA	NA	NA	NA	NA	NA	NA	NA	NA	NA	NA	NA	NA	NA	NA	NA	NA	NA	NA	NA	NA	NA	NA	NA	NA	NA	NA	NA	NA	NA	NA	NA	NA	NA	NA	NA	NA	NA	NA	NA	NA
cg01132485	0.900850661854434	0.916845576178375	0.89711099757713	0.685830796729211	0.888231144671462	0.560581177099424	0.633793057754335	0.644352882539398	0.900734255745584	0.890440917787609	0.863903516453245	0.883638129928107	0.911430865538108	0.896569457867092	0.910375896739837	0.541711072683624	0.930047887683676	0.904864796522477	0.858271797634147	0.934395591280821	0.882500467418222	0.9003870068302	0.905075792930467	0.886477103072251	0.467130796361651	0.910161260994721	0.890430437287932	0.910122282645362	0.897186516373505	0.918926217756528	0.894594410736677	0.618610107800714	0.911240874026285	0.860984803515924	0.899081879690933	0.910149170558318	0.918726391132591	0.880068507436553	0.900555936186611	0.850591189731325	0.812251017122457	0.889812706379177	0.886744526738643	0.887298243656355	0.86791166497202	0.852647969489088	0.550711232642662	0.857880081352266	0.909398885351848	0.888550941426323	0.917934223900685	0.903377432712096	0.918171142323597	0.887673230701961	0.893177245295708	0.890874452983358	0.889449884144055	0.894457062981854	0.922878286770832	0.62446271633736	0.903679238905607	0.879540253177065	0.906556608008737	0.57804854378824	0.910270658800605	0.810967580039482	0.881669341199397	0.896403802172198	0.865120659702193	0.913056451157453	0.866946786674589	0.873717553987679	0.799846413380888	0.892137808222004	0.887350587015601	0.840162232611606	0.589630592586362	0.88615076043463	0.917084158415975	0.905950933672436
cg01135961	NA	NA	NA	NA	NA	NA	NA	NA	NA	NA	NA	NA	NA	NA	NA	NA	NA	NA	NA	NA	NA	NA	NA	NA	NA	NA	NA	NA	NA	NA	NA	NA	NA	NA	NA	NA	NA	NA	NA	NA	NA	NA	NA	NA	NA	NA	NA	NA	NA	NA	NA	NA	NA	NA	NA	NA	NA	NA	NA	NA	NA	NA	NA	NA	NA	NA	NA	NA	NA	NA	NA	NA	NA	NA	NA	NA	NA	NA	NA	NA
cg01137421	NA	NA	NA	NA	NA	NA	NA	NA	NA	NA	NA	NA	NA	NA	NA	NA	NA	NA	NA	NA	NA	NA	NA	NA	NA	NA	NA	NA	NA	NA	NA	NA	NA	NA	NA	NA	NA	NA	NA	NA	NA	NA	NA	NA	NA	NA	NA	NA	NA	NA	NA	NA	NA	NA	NA	NA	NA	NA	NA	NA	NA	NA	NA	NA	NA	NA	NA	NA	NA	NA	NA	NA	NA	NA	NA	NA	NA	NA	NA	NA
cg01154525	NA	NA	NA	NA	NA	NA	NA	NA	NA	NA	NA	NA	NA	NA	NA	NA	NA	NA	NA	NA	NA	NA	NA	NA	NA	NA	NA	NA	NA	NA	NA	NA	NA	NA	NA	NA	NA	NA	NA	NA	NA	NA	NA	NA	NA	NA	NA	NA	NA	NA	NA	NA	NA	NA	NA	NA	NA	NA	NA	NA	NA	NA	NA	NA	NA	NA	NA	NA	NA	NA	NA	NA	NA	NA	NA	NA	NA	NA	NA	NA
cg01163994	0.923710553730392	0.952229663688084	0.942397466127485	0.939542396414359	0.929727910872825	0.944955263845126	0.942266049478108	0.935508706873824	0.940919299158998	0.944729747839786	0.95304987530866	0.922314624237707	0.95133539091045	0.953415255689469	0.948021420578052	0.941841966493476	0.961338249551687	0.841622955419579	0.953019829366852	0.958921074168104	0.938764996110111	0.957109925336035	0.950093899709985	0.932524662712903	0.936385731306995	0.953937999381454	0.93673926288392	0.96033456587635	0.939109108304571	0.954036834954509	0.967549002327112	0.848060976032408	0.949164101543242	0.941656339312462	0.93929849804472	0.899339648970904	0.93742116757494	0.954517915424493	0.928486726910909	0.956396772112559	0.887539125618237	0.954456731627071	0.932827259173107	0.961443957163696	0.797373949052961	0.954538362983996	0.920630529305693	0.944265327027256	0.939443461711028	0.944400977535739	0.925275111428989	0.952650881476905	0.94421888961517	0.956970238456212	0.944777580020043	0.900928236305309	0.946735533822388	0.942188701207077	0.940805443619402	0.938428291329638	0.933022439354033	0.873367725759103	0.9515470969389	0.953417511381052	0.928830033158888	0.935693098214513	0.922130269198735	0.930226579657876	0.963500121826247	0.944094876664907	0.942296161224173	0.776187899119874	0.938946708310811	0.945782462490894	0.930463549194008	0.94650157237943	0.939906933682571	0.928275789616372	0.932617514115841	0.911250455508303
cg01204669	NA	NA	NA	NA	NA	NA	NA	NA	NA	NA	NA	NA	NA	NA	NA	NA	NA	NA	NA	NA	NA	NA	NA	NA	NA	NA	NA	NA	NA	NA	NA	NA	NA	NA	NA	NA	NA	NA	NA	NA	NA	NA	NA	NA	NA	NA	NA	NA	NA	NA	NA	NA	NA	NA	NA	NA	NA	NA	NA	NA	NA	NA	NA	NA	NA	NA	NA	NA	NA	NA	NA	NA	NA	NA	NA	NA	NA	NA	NA	NA
cg01206398	NA	NA	NA	NA	NA	NA	NA	NA	NA	NA	NA	NA	NA	NA	NA	NA	NA	NA	NA	NA	NA	NA	NA	NA	NA	NA	NA	NA	NA	NA	NA	NA	NA	NA	NA	NA	NA	NA	NA	NA	NA	NA	NA	NA	NA	NA	NA	NA	NA	NA	NA	NA	NA	NA	NA	NA	NA	NA	NA	NA	NA	NA	NA	NA	NA	NA	NA	NA	NA	NA	NA	NA	NA	NA	NA	NA	NA	NA	NA	NA
cg01230154	NA	NA	NA	NA	NA	NA	NA	NA	NA	NA	NA	NA	NA	NA	NA	NA	NA	NA	NA	NA	NA	NA	NA	NA	NA	NA	NA	NA	NA	NA	NA	NA	NA	NA	NA	NA	NA	NA	NA	NA	NA	NA	NA	NA	NA	NA	NA	NA	NA	NA	NA	NA	NA	NA	NA	NA	NA	NA	NA	NA	NA	NA	NA	NA	NA	NA	NA	NA	NA	NA	NA	NA	NA	NA	NA	NA	NA	NA	NA	NA
cg01231757	NA	NA	NA	NA	NA	NA	NA	NA	NA	NA	NA	NA	NA	NA	NA	NA	NA	NA	NA	NA	NA	NA	NA	NA	NA	NA	NA	NA	NA	NA	NA	NA	NA	NA	NA	NA	NA	NA	NA	NA	NA	NA	NA	NA	NA	NA	NA	NA	NA	NA	NA	NA	NA	NA	NA	NA	NA	NA	NA	NA	NA	NA	NA	NA	NA	NA	NA	NA	NA	NA	NA	NA	NA	NA	NA	NA	NA	NA	NA	NA
cg01251118	NA	NA	NA	NA	NA	NA	NA	NA	NA	NA	NA	NA	NA	NA	NA	NA	NA	NA	NA	NA	NA	NA	NA	NA	NA	NA	NA	NA	NA	NA	NA	NA	NA	NA	NA	NA	NA	NA	NA	NA	NA	NA	NA	NA	NA	NA	NA	NA	NA	NA	NA	NA	NA	NA	NA	NA	NA	NA	NA	NA	NA	NA	NA	NA	NA	NA	NA	NA	NA	NA	NA	NA	NA	NA	NA	NA	NA	NA	NA	NA
cg01331064	NA	NA	NA	NA	NA	NA	NA	NA	NA	NA	NA	NA	NA	NA	NA	NA	NA	NA	NA	NA	NA	NA	NA	NA	NA	NA	NA	NA	NA	NA	NA	NA	NA	NA	NA	NA	NA	NA	NA	NA	NA	NA	NA	NA	NA	NA	NA	NA	NA	NA	NA	NA	NA	NA	NA	NA	NA	NA	NA	NA	NA	NA	NA	NA	NA	NA	NA	NA	NA	NA	NA	NA	NA	NA	NA	NA	NA	NA	NA	NA
cg01352656	0.940235725094801	0.0955355450121242	0.158714955254534	0.236272301817532	0.248628056088619	0.0722409339168759	NA	0.197619624502993	0.201141056247213	0.0228819337754338	0.151429133237521	0.0292375211990524	0.030491194207794	0.22183591013408	0.130769050417144	0.156571548580782	0.01718863567622	0.0208548046600226	0.0219880974486567	0.0218380122245142	0.022204330803259	0.89109940006468	0.0447279795871384	0.0214277190520906	0.019508379815002	0.0252779014950849	0.590544592957355	0.0218123003805898	0.0210571623637149	NA	0.892428251927563	0.0303651058746325	0.219767519196281	0.0324109304443039	0.0442885888848577	0.0382318244429748	0.905908700238485	0.108711954006177	0.0283435016763044	0.0897190445835047	0.17308183338436	0.15913968529328	0.0213122052861297	0.0224781451653802	0.0268645115117147	0.0277877540663083	0.0259732063566807	0.0237000192473084	0.0645850930946985	0.839810298592	0.0502834473385538	0.0224418872898243	0.275585665387592	0.906476693890024	0.0921098958181905	0.0206468498186803	0.147800451499532	0.0740112091008907	0.278885216143758	0.920616006257788	0.0207223618151949	0.801738473527	0.0563437287499882	0.0260956417072941	0.151326052027137	0.0242483201195701	0.025181750263609	0.0214835629298043	0.30411788942602	0.107738871217237	0.181567669117955	0.393844486572578	0.103055835698919	NA	0.0280436984620661	0.0220620462489009	0.172898540073556	0.248887755959539	0.0950280262231014	0.0886933446118929
cg01372572	0.568396003207814	0.492073323630774	0.417874668640077	0.561439328685476	0.709183397957121	0.710226843790611	0.444903060342968	0.449763802078357	0.795451138465545	0.591333072124422	0.533048290718483	0.534112408879045	0.638072919350569	0.542542264866936	0.697161359992912	0.4186612072983	0.493090367486803	0.475661525475421	0.393008748206613	0.536062802092736	0.59814560464425	0.645526558567132	0.486864308465032	0.515694034332299	0.749869661735539	0.441708735976409	0.511008229654993	0.554237549325692	0.620711374503928	0.536173922280343	0.453453332230462	0.157871316146562	0.562088069959381	0.507865929014604	0.622370552813629	0.527689170805298	0.61141093620041	0.237741732811838	0.529537305256997	0.665903394492639	0.490801171847743	0.515071879936139	0.564825333344377	0.588242020793538	0.385080875194672	0.476712051850647	0.348383244126171	0.491903209860646	0.521501839018643	0.5766680709513	0.583842155970131	0.519861716625269	0.658698211070313	0.559393891815585	0.515633419136955	0.722862120039064	0.727550182020967	0.5566358268257	0.534443563178426	0.687385134328191	0.676641217508417	0.509480818999295	0.653377985635545	0.528976891798187	0.6761002069371	0.540792132529145	0.473710638830853	0.549989930761309	0.684518995416934	0.688997925865486	0.533968801050692	0.370144627183485	0.473742336640664	0.471720637393792	0.746524061106735	0.542391710198741	0.485422038629618	0.42675961739186	0.641130795446258	0.474582634826764
cg01389383	NA	NA	NA	NA	NA	NA	NA	NA	NA	NA	NA	NA	NA	NA	NA	NA	NA	NA	NA	NA	NA	NA	NA	NA	NA	NA	NA	NA	NA	NA	NA	NA	NA	NA	NA	NA	NA	NA	NA	NA	NA	NA	NA	NA	NA	NA	NA	NA	NA	NA	NA	NA	NA	NA	NA	NA	NA	NA	NA	NA	NA	NA	NA	NA	NA	NA	NA	NA	NA	NA	NA	NA	NA	NA	NA	NA	NA	NA	NA	NA
cg01404122	0.905220031436745	0.948599478787976	0.881776107401056	0.868470545089069	0.951387024593791	0.955193594917404	0.900060345833142	0.9316518314268	0.930352770118675	0.943027881814329	0.68692191762173	0.721192810470782	0.920890896251708	0.856527288362395	0.941651261552066	0.705851095168783	0.885740130599849	0.934596141943733	0.563636208131404	0.917852129258784	0.926467459074097	0.924718791833093	0.864293295044069	0.955321497461816	0.936953377111142	0.942901286960273	0.83089403941067	0.913939385374747	0.910265054492393	0.939618461669298	0.617420898520187	0.678485512977156	0.895593311580367	0.912825840957931	0.806336881390474	0.356128494343455	0.928384668092663	0.944092740528714	0.939718006484711	0.933480828832482	0.710592251778795	0.883002093040875	0.790053023633135	0.933253164969276	0.832393272099348	0.872328377946355	0.888671697929159	0.947009712853673	0.937557577800693	0.930991997486857	0.944150292452124	0.492932704784986	0.917546997541795	0.964534955411959	0.935772040100593	0.950879333276286	0.742033353452575	0.770002199876837	0.947988507304384	0.957338395291099	0.710692035063347	0.729467000144317	0.964391637250019	0.587368618775492	0.658474607962731	0.892997831766446	0.736008981950364	0.891804903330424	0.946124695457296	0.946084466328156	0.768877303918733	0.831926076916422	0.655887793227662	0.942103385718116	0.934941972196069	0.877902644150546	0.944226692568933	0.881802118905702	0.921341030886496	0.919562626753922
cg01449444	NA	NA	NA	NA	NA	NA	NA	NA	NA	NA	NA	NA	NA	NA	NA	NA	NA	NA	NA	NA	NA	NA	NA	NA	NA	NA	NA	NA	NA	NA	NA	NA	NA	NA	NA	NA	NA	NA	NA	NA	NA	NA	NA	NA	NA	NA	NA	NA	NA	NA	NA	NA	NA	NA	NA	NA	NA	NA	NA	NA	NA	NA	NA	NA	NA	NA	NA	NA	NA	NA	NA	NA	NA	NA	NA	NA	NA	NA	NA	NA
cg01522278	NA	NA	NA	NA	NA	NA	NA	NA	NA	NA	NA	NA	NA	NA	NA	NA	NA	NA	NA	NA	NA	NA	NA	NA	NA	NA	NA	NA	NA	NA	NA	NA	NA	NA	NA	NA	NA	NA	NA	NA	NA	NA	NA	NA	NA	NA	NA	NA	NA	NA	NA	NA	NA	NA	NA	NA	NA	NA	NA	NA	NA	NA	NA	NA	NA	NA	NA	NA	NA	NA	NA	NA	NA	NA	NA	NA	NA	NA	NA	NA
cg01579172	NA	NA	NA	NA	NA	NA	NA	NA	NA	NA	NA	NA	NA	NA	NA	NA	NA	NA	NA	NA	NA	NA	NA	NA	NA	NA	NA	NA	NA	NA	NA	NA	NA	NA	NA	NA	NA	NA	NA	NA	NA	NA	NA	NA	NA	NA	NA	NA	NA	NA	NA	NA	NA	NA	NA	NA	NA	NA	NA	NA	NA	NA	NA	NA	NA	NA	NA	NA	NA	NA	NA	NA	NA	NA	NA	NA	NA	NA	NA	NA
cg01637519	NA	NA	NA	NA	NA	NA	NA	NA	NA	NA	NA	NA	NA	NA	NA	NA	NA	NA	NA	NA	NA	NA	NA	NA	NA	NA	NA	NA	NA	NA	NA	NA	NA	NA	NA	NA	NA	NA	NA	NA	NA	NA	NA	NA	NA	NA	NA	NA	NA	NA	NA	NA	NA	NA	NA	NA	NA	NA	NA	NA	NA	NA	NA	NA	NA	NA	NA	NA	NA	NA	NA	NA	NA	NA	NA	NA	NA	NA	NA	NA
cg01638082	NA	NA	NA	NA	NA	NA	NA	NA	NA	NA	NA	NA	NA	NA	NA	NA	NA	NA	NA	NA	NA	NA	NA	NA	NA	NA	NA	NA	NA	NA	NA	NA	NA	NA	NA	NA	NA	NA	NA	NA	NA	NA	NA	NA	NA	NA	NA	NA	NA	NA	NA	NA	NA	NA	NA	NA	NA	NA	NA	NA	NA	NA	NA	NA	NA	NA	NA	NA	NA	NA	NA	NA	NA	NA	NA	NA	NA	NA	NA	NA
cg01644640	0.933537851615423	0.949128045131041	0.894038425673381	0.799587308527628	0.898363298516994	0.933244963557993	0.838298158317757	0.908969813156809	0.935591478235117	0.931610320305669	0.883903336489283	0.894551854706172	0.94148424737301	0.921912718004591	0.826038868253561	0.917707336854115	0.941799342212479	0.916428256528367	0.928119018907644	0.941932410843221	0.933171730669188	0.939101284967616	0.90837561872931	0.926222417764832	0.941067832449801	0.80019465688446	0.713481732291922	0.927507619534692	0.905420606401257	0.911208209527427	0.933075292380392	0.718249281531208	0.886966019713238	0.936648828566886	0.766140700056256	0.929274412683973	0.933462348002752	0.659807498722926	0.747834108313374	0.921249023635272	0.898938239952476	0.886848338480131	0.912194677339303	0.938640397813342	0.762131435383676	0.817940080897754	0.841615173260611	0.944488069947574	0.935902183227895	0.950810719688669	0.950669546962064	0.847467544310424	0.942829156514517	0.949579516853346	0.949816618086616	0.931701402561964	0.934210418848499	0.903257559515936	0.913879500748004	0.936975807113456	0.902554112126399	0.875386016950149	0.942691523378804	0.933621354438859	0.870786439385451	0.919368358820427	0.907453628522501	0.923359272561117	0.938112985645039	0.922487501746234	0.927400405788956	0.943563490788485	0.866393006423775	0.917275790743596	0.948804256650131	0.841234427386703	0.938733176609497	0.787499429777936	0.939499709153442	0.868687403076924
cg01659483	NA	NA	NA	NA	NA	NA	NA	NA	NA	NA	NA	NA	NA	NA	NA	NA	NA	NA	NA	NA	NA	NA	NA	NA	NA	NA	NA	NA	NA	NA	NA	NA	NA	NA	NA	NA	NA	NA	NA	NA	NA	NA	NA	NA	NA	NA	NA	NA	NA	NA	NA	NA	NA	NA	NA	NA	NA	NA	NA	NA	NA	NA	NA	NA	NA	NA	NA	NA	NA	NA	NA	NA	NA	NA	NA	NA	NA	NA	NA	NA
cg01711850	NA	NA	NA	NA	NA	NA	NA	NA	NA	NA	NA	NA	NA	NA	NA	NA	NA	NA	NA	NA	NA	NA	NA	NA	NA	NA	NA	NA	NA	NA	NA	NA	NA	NA	NA	NA	NA	NA	NA	NA	NA	NA	NA	NA	NA	NA	NA	NA	NA	NA	NA	NA	NA	NA	NA	NA	NA	NA	NA	NA	NA	NA	NA	NA	NA	NA	NA	NA	NA	NA	NA	NA	NA	NA	NA	NA	NA	NA	NA	NA
cg01729288	NA	NA	NA	NA	NA	NA	NA	NA	NA	NA	NA	NA	NA	NA	NA	NA	NA	NA	NA	NA	NA	NA	NA	NA	NA	NA	NA	NA	NA	NA	NA	NA	NA	NA	NA	NA	NA	NA	NA	NA	NA	NA	NA	NA	NA	NA	NA	NA	NA	NA	NA	NA	NA	NA	NA	NA	NA	NA	NA	NA	NA	NA	NA	NA	NA	NA	NA	NA	NA	NA	NA	NA	NA	NA	NA	NA	NA	NA	NA	NA
cg01735082	0.890003547029035	0.869810593914083	0.785909364380304	0.732385332312705	0.922591291430758	0.94200376778083	0.713038969552413	0.842482979087003	0.691272556077536	0.879771184701419	0.786107742768455	0.721098231138955	0.874698088468239	0.850821646321007	0.883735978758369	0.781767842241529	0.885248990071569	0.828302367039988	0.756779178909038	0.788528383449351	0.915963240895235	0.88482449190752	0.766902851385708	0.892953142848517	0.895570291656281	0.932119637449603	0.714206681084635	0.852543079503679	0.886021115384335	0.858053140752118	0.764607816866335	0.229250203726212	0.815491052496516	0.91340344901041	0.813491563325702	0.850812289992903	0.903014833749185	0.253014017174891	0.91440322589946	0.921765727440568	0.786477502781534	0.884855991331498	0.788100178726949	0.869499561588721	0.754906390312557	0.806788626041887	0.766079216675956	0.644858880894843	0.90871896606957	0.835916380279127	0.82595159033453	0.757046669705515	0.915520347849833	0.714536598610102	0.868360970744788	0.764842700115872	0.861383693984569	0.857254644907905	0.815826237766728	0.864599150087129	0.918374412718607	0.727021511441649	0.904118710517758	0.879522967629737	0.866050684310691	0.704480895078818	0.788228985440618	0.899584174681374	0.868707842460581	0.926645829130735	0.845737584405932	0.76012228233927	0.766005601510404	0.748510136822274	0.937081620527252	0.762245231480939	0.940968362869827	0.842539385988727	0.885935905437391	0.872479382649446
cg01774400	NA	NA	NA	NA	NA	NA	NA	NA	NA	NA	NA	NA	NA	NA	NA	NA	NA	NA	NA	NA	NA	NA	NA	NA	NA	NA	NA	NA	NA	NA	NA	NA	NA	NA	NA	NA	NA	NA	NA	NA	NA	NA	NA	NA	NA	NA	NA	NA	NA	NA	NA	NA	NA	NA	NA	NA	NA	NA	NA	NA	NA	NA	NA	NA	NA	NA	NA	NA	NA	NA	NA	NA	NA	NA	NA	NA	NA	NA	NA	NA
cg01776221	NA	NA	NA	NA	NA	NA	NA	NA	NA	NA	NA	NA	NA	NA	NA	NA	NA	NA	NA	NA	NA	NA	NA	NA	NA	NA	NA	NA	NA	NA	NA	NA	NA	NA	NA	NA	NA	NA	NA	NA	NA	NA	NA	NA	NA	NA	NA	NA	NA	NA	NA	NA	NA	NA	NA	NA	NA	NA	NA	NA	NA	NA	NA	NA	NA	NA	NA	NA	NA	NA	NA	NA	NA	NA	NA	NA	NA	NA	NA	NA
cg01796929	0.913253676947396	0.920231316901412	0.887546712500009	0.924869436755691	0.929153983467954	0.927589538591207	0.919620101653085	0.89824936316914	0.899285267114882	0.90670568380118	0.584451222169366	0.879202625344781	0.887215257553749	0.874348893229699	0.86872363960417	0.840032488653881	0.910209738294246	0.673581511054286	0.884648883153079	0.922516277890051	0.90469849897957	0.926431856458088	0.764738358616385	0.9082949146386	0.913963312515584	0.917181260152908	0.799273131294146	0.930942475297732	0.920803560161929	0.908376888284939	0.876930429069205	0.908989576677688	0.921267829188984	0.935840748280156	0.873469665927522	0.891467189215355	0.878847468347304	0.87252096641436	0.897725251841778	0.924852479290514	0.865602274294167	0.86447159979099	0.891956680249138	0.944333883423006	0.909219050927285	0.894621421306092	0.894814882071324	0.935555994879023	0.929474448798408	0.92516262679789	0.859060616959455	0.933868515918492	0.903542496578666	0.9179251348797	0.932337941116397	0.91508743609199	0.870921904639998	0.929578230871348	0.896560595773552	0.932268490637437	0.84354608664188	0.920122597204195	0.912012165848085	0.906603475794104	0.892154074436212	0.887466688602866	0.886830282108759	0.904151801906688	0.88287164811006	0.912201994544863	0.92394499897257	0.865183561708819	0.828831178473363	0.900480345751939	0.912377918163453	0.84532781401921	0.92553566917425	0.819555764819762	0.918582114468647	0.909845769304397
cg01834373	NA	NA	NA	NA	NA	NA	NA	NA	NA	NA	NA	NA	NA	NA	NA	NA	NA	NA	NA	NA	NA	NA	NA	NA	NA	NA	NA	NA	NA	NA	NA	NA	NA	NA	NA	NA	NA	NA	NA	NA	NA	NA	NA	NA	NA	NA	NA	NA	NA	NA	NA	NA	NA	NA	NA	NA	NA	NA	NA	NA	NA	NA	NA	NA	NA	NA	NA	NA	NA	NA	NA	NA	NA	NA	NA	NA	NA	NA	NA	NA
cg01836858	NA	NA	NA	NA	NA	NA	NA	NA	NA	NA	NA	NA	NA	NA	NA	NA	NA	NA	NA	NA	NA	NA	NA	NA	NA	NA	NA	NA	NA	NA	NA	NA	NA	NA	NA	NA	NA	NA	NA	NA	NA	NA	NA	NA	NA	NA	NA	NA	NA	NA	NA	NA	NA	NA	NA	NA	NA	NA	NA	NA	NA	NA	NA	NA	NA	NA	NA	NA	NA	NA	NA	NA	NA	NA	NA	NA	NA	NA	NA	NA
cg01837661	NA	NA	NA	NA	NA	NA	NA	NA	NA	NA	NA	NA	NA	NA	NA	NA	NA	NA	NA	NA	NA	NA	NA	NA	NA	NA	NA	NA	NA	NA	NA	NA	NA	NA	NA	NA	NA	NA	NA	NA	NA	NA	NA	NA	NA	NA	NA	NA	NA	NA	NA	NA	NA	NA	NA	NA	NA	NA	NA	NA	NA	NA	NA	NA	NA	NA	NA	NA	NA	NA	NA	NA	NA	NA	NA	NA	NA	NA	NA	NA
cg01864295	NA	NA	NA	NA	NA	NA	NA	NA	NA	NA	NA	NA	NA	NA	NA	NA	NA	NA	NA	NA	NA	NA	NA	NA	NA	NA	NA	NA	NA	NA	NA	NA	NA	NA	NA	NA	NA	NA	NA	NA	NA	NA	NA	NA	NA	NA	NA	NA	NA	NA	NA	NA	NA	NA	NA	NA	NA	NA	NA	NA	NA	NA	NA	NA	NA	NA	NA	NA	NA	NA	NA	NA	NA	NA	NA	NA	NA	NA	NA	NA
cg01905090	0.903687702672999	0.90519958719958	0.874161282067691	0.589243012345941	0.642736135911084	0.929844909320279	0.915546088119647	0.551248107698259	0.951620596797446	0.867925463656822	0.444287358718731	0.811137951176708	0.937730405121329	0.602198377169232	0.893265307935213	0.875543636759292	0.906290994589012	0.924556162014998	0.855261019012459	0.935856519592692	0.907376734118467	0.873802991030036	0.80879925700014	0.882243654323363	0.671663471029605	0.654623467130996	0.720664475964572	0.880424982792787	0.91201675922993	0.95318012773627	0.912321411891144	0.827910696783792	0.868518737724528	0.65899827522217	0.831226434752496	0.896143142472877	0.889057843635941	0.919393973800032	0.896229265319512	0.648529408257434	0.849507380453564	0.873970032152059	0.869889921206264	0.892690456336133	0.868830066249918	0.879797813592761	0.877132149531354	0.957527050622792	0.930799570422757	0.575879367232424	0.718297984145634	0.920380098416356	0.903157418532549	0.896370155824373	0.607604041904528	0.635518458368547	0.788842933469487	0.902792476775386	0.566360277511522	0.943608939070454	0.919756201892906	0.851774971893677	0.919768195211321	0.907529334739603	0.586985210216262	0.785590061741018	0.879525919144679	0.916080811137152	0.92212327560682	0.691138023907982	0.555999437370684	0.244373175461884	0.864646804274734	0.817621642304401	0.921053382509726	0.726958499558363	0.926104019279057	0.854181127174378	0.947458078323373	0.910211730563175
cg01909681	0.918828436302415	0.929615104432452	0.876580637885731	NA	0.897465585666885	NA	0.931313154338509	0.907225626027299	0.885702859946046	0.906281548535799	0.788639016772204	0.894223156042897	NA	0.908994739469879	0.906481178033871	NA	0.82541177287888	0.878583782273574	0.83967834967746	NA	0.792649152661875	0.799197593427472	0.915652474913486	NA	0.893436847898548	0.860593138439402	0.893125298705263	0.883423575366491	0.87029574691587	0.831435534817658	NA	0.857219265148753	0.868534647654347	0.907798354809438	0.899821830550668	0.906791493131323	0.89331793754344	0.913791507338702	0.881865733588177	0.909128123037752	0.874021926749565	0.897103131792405	0.781548674751258	0.894362506570921	0.899267226731282	0.848770955980153	0.911288716819572	NA	0.901632093881577	0.93028514562683	0.920795670345859	0.854103388767707	0.883994894284801	0.853869559645837	0.908218845998619	0.91086648800453	0.806754220579751	0.868906606741415	0.846680102887984	NA	0.928134252476527	0.899460512840493	0.899315508042161	0.924334486071235	0.906312168061736	NA	0.921172046862895	0.873605667179504	NA	0.892814176320218	NA	0.895346370566067	0.901533920514793	0.908273664718001	NA	0.897786599654118	0.915749363333342	0.788530446930406	0.871205822282186	0.919422220590736
cg01968676	NA	NA	NA	NA	NA	NA	NA	NA	NA	NA	NA	NA	NA	NA	NA	NA	NA	NA	NA	NA	NA	NA	NA	NA	NA	NA	NA	NA	NA	NA	NA	NA	NA	NA	NA	NA	NA	NA	NA	NA	NA	NA	NA	NA	NA	NA	NA	NA	NA	NA	NA	NA	NA	NA	NA	NA	NA	NA	NA	NA	NA	NA	NA	NA	NA	NA	NA	NA	NA	NA	NA	NA	NA	NA	NA	NA	NA	NA	NA	NA
cg01970937	NA	NA	NA	NA	NA	NA	NA	NA	NA	NA	NA	NA	NA	NA	NA	NA	NA	NA	NA	NA	NA	NA	NA	NA	NA	NA	NA	NA	NA	NA	NA	NA	NA	NA	NA	NA	NA	NA	NA	NA	NA	NA	NA	NA	NA	NA	NA	NA	NA	NA	NA	NA	NA	NA	NA	NA	NA	NA	NA	NA	NA	NA	NA	NA	NA	NA	NA	NA	NA	NA	NA	NA	NA	NA	NA	NA	NA	NA	NA	NA
cg02022978	NA	NA	NA	NA	NA	NA	NA	NA	NA	NA	NA	NA	NA	NA	NA	NA	NA	NA	NA	NA	NA	NA	NA	NA	NA	NA	NA	NA	NA	NA	NA	NA	NA	NA	NA	NA	NA	NA	NA	NA	NA	NA	NA	NA	NA	NA	NA	NA	NA	NA	NA	NA	NA	NA	NA	NA	NA	NA	NA	NA	NA	NA	NA	NA	NA	NA	NA	NA	NA	NA	NA	NA	NA	NA	NA	NA	NA	NA	NA	NA
cg02032334	0.322975810107083	0.146840467391988	0.0693322510199631	0.233852580202274	0.0942600795595181	0.575019808169364	0.12086349049384	0.35790278304672	0.35237917380695	0.23350673077639	0.072310397047195	0.158824322704914	0.615697670288961	0.216585228852866	0.069758303873557	0.17904615974207	0.0619274536169889	0.0697132645794072	0.0555880308810355	0.100215895812523	0.5328579822664	0.138821194074829	0.101114955219961	0.133435018486201	0.819839060494612	0.0780794502791987	0.194500509045714	0.115409008311602	0.0462251301997378	0.451571038944648	0.216496743022549	0.0502026603076369	0.170348212717482	0.0926278739694914	0.316979807683273	0.620392040477619	0.436099430253003	0.057524620802646	0.167314353137722	0.602036023995512	0.13765196315029	0.293463689101254	0.103218086500255	0.409170978467754	0.0754539922402557	0.0923580473232309	0.133451657419423	0.347774364106524	0.76508246433445	0.0850432970826672	0.515005932318042	0.0949617757418005	0.184638672465603	0.183671841834911	0.0668495888586455	0.602872114043968	0.0816066066267873	0.210136092806602	0.573822531084746	0.365576542748409	0.117229276523164	0.117318040217675	0.447749715275157	0.193844400685017	0.492976646229222	0.234608796257817	0.168668374935305	0.0649108974830926	0.609284781373675	0.598157000715597	0.0724927391263761	0.0550880848014527	0.116004606373073	0.569287219124038	0.0901612033248581	0.194111616540023	0.0524715918089126	0.190713464224348	0.089065644300596	0.265819979600925
cg02043329	0.926945607087361	0.94856230286816	0.950450976957091	0.947674193182996	0.957826605163425	0.897565515252569	0.914290969481206	0.936586829072533	0.946152725374768	0.930470695611584	0.533201374464818	0.738265371394199	0.697916010516277	0.926931728470518	0.915746049243515	0.662276624704429	0.954031542513345	0.940388785925162	0.942345772839802	0.563319741714373	0.946208523573195	0.949693085515271	0.847566685462545	0.904671990242405	0.932963206413108	0.950953110565392	0.895931195033157	0.598419177849367	0.958188571622178	0.94291401961288	0.756069884339947	0.941890191490869	0.94403888059077	0.945221244550244	0.93585381762946	0.923963624826499	0.941219385686569	0.946447661964948	0.654796087347064	0.941750408334466	0.656757687870687	0.936239667493057	0.93754514955326	0.928648344269347	0.934257977255275	0.899394039838676	0.828384726111484	0.923689028526642	0.95257451259012	0.955829959928256	0.93820829412794	0.927151428968192	0.948115230336969	0.899370393116437	0.755195768719276	0.928765726786131	0.950374126934217	0.919687206401367	0.950744985647013	0.961178470294822	0.963174698388381	0.597873138884442	0.950929697095473	0.92543757058466	0.947587894887684	0.924774226273996	0.763023498987753	0.924843199570201	0.920985602928739	0.954403126373676	0.933502234021654	0.946695549441475	0.763711754409265	0.715743856832306	0.959862101358374	0.931366043616931	0.938964378584048	0.895205285889516	0.957725663657088	0.904841603153217
cg02044172	NA	NA	NA	NA	NA	NA	NA	NA	NA	NA	NA	NA	NA	NA	NA	NA	NA	NA	NA	NA	NA	NA	NA	NA	NA	NA	NA	NA	NA	NA	NA	NA	NA	NA	NA	NA	NA	NA	NA	NA	NA	NA	NA	NA	NA	NA	NA	NA	NA	NA	NA	NA	NA	NA	NA	NA	NA	NA	NA	NA	NA	NA	NA	NA	NA	NA	NA	NA	NA	NA	NA	NA	NA	NA	NA	NA	NA	NA	NA	NA
cg02046176	NA	NA	NA	NA	NA	NA	NA	NA	NA	NA	NA	NA	NA	NA	NA	NA	NA	NA	NA	NA	NA	NA	NA	NA	NA	NA	NA	NA	NA	NA	NA	NA	NA	NA	NA	NA	NA	NA	NA	NA	NA	NA	NA	NA	NA	NA	NA	NA	NA	NA	NA	NA	NA	NA	NA	NA	NA	NA	NA	NA	NA	NA	NA	NA	NA	NA	NA	NA	NA	NA	NA	NA	NA	NA	NA	NA	NA	NA	NA	NA
cg02047977	NA	NA	NA	NA	NA	NA	NA	NA	NA	NA	NA	NA	NA	NA	NA	NA	NA	NA	NA	NA	NA	NA	NA	NA	NA	NA	NA	NA	NA	NA	NA	NA	NA	NA	NA	NA	NA	NA	NA	NA	NA	NA	NA	NA	NA	NA	NA	NA	NA	NA	NA	NA	NA	NA	NA	NA	NA	NA	NA	NA	NA	NA	NA	NA	NA	NA	NA	NA	NA	NA	NA	NA	NA	NA	NA	NA	NA	NA	NA	NA
cg02071267	NA	NA	NA	NA	NA	NA	NA	NA	NA	NA	NA	NA	NA	NA	NA	NA	NA	NA	NA	NA	NA	NA	NA	NA	NA	NA	NA	NA	NA	NA	NA	NA	NA	NA	NA	NA	NA	NA	NA	NA	NA	NA	NA	NA	NA	NA	NA	NA	NA	NA	NA	NA	NA	NA	NA	NA	NA	NA	NA	NA	NA	NA	NA	NA	NA	NA	NA	NA	NA	NA	NA	NA	NA	NA	NA	NA	NA	NA	NA	NA
cg02072104	0.0801711476945409	0.100081963664143	0.0911003323467198	0.0927973608303103	0.0643481748704191	0.0766607324127483	0.0991247324064371	0.0953550725650467	0.0625897684073016	0.0831715778636074	0.103486833685652	0.0941797255695347	0.07117282433198	0.0732461202119119	0.103137393578615	0.0737933286773613	0.0795293411414796	0.0782345683623133	0.100472203986198	0.0835749320743535	0.106911477828672	0.0573434528688568	0.104683579356114	0.0445086137590905	0.0981366768551362	0.0911982977379527	0.0698719982969816	0.0827410250086727	0.0976520682786859	0.0620868266376806	0.0744928177303943	0.0963595353814196	0.078552892612753	0.0553239687913529	0.0781070431588768	0.08649461811188	0.0797737427722297	0.059822405475325	0.107779626011437	0.0673993402428157	0.0906351926761684	0.0973516677120611	0.0900702401702222	0.0557460059454221	0.071000003228209	0.0856735312843174	0.0918744936262614	0.0581956039983914	0.0851548370461584	0.0637956306309868	0.295592594197244	0.0788827886097536	0.0894351452639796	0.107353768221213	0.0689939008357461	0.0725824424208011	0.0497155884472475	0.0738053097404939	0.0888462841038007	0.0779301075163332	0.107511807400635	0.0654393427421759	0.0822912964888593	0.0845096546851701	0.0832118392650345	0.116595228726542	0.0722484913689978	0.0741307297400494	0.0777066901020076	0.0844853080849578	0.105537341648631	0.0851045106060257	0.0866866091427896	0.0858057613906522	0.060247067690836	0.0691873129758485	0.0840923906914932	0.0807947436757714	0.113034350951922	0.0735075362788652
cg02074859	0.966219735790593	0.968493658176773	0.945246235121219	0.95201407595342	0.94749985257124	0.937851447897969	0.95141927145478	0.955473671515894	0.954443192632454	0.952358138574155	0.95892377964637	0.958654773332138	0.950907067167711	0.941863316240175	0.956137691965552	0.949419724179168	0.96076817368845	0.949078649010642	0.954993191127357	0.951368340689698	0.947886168493419	0.963619724635549	0.948262768546379	0.946495369282587	0.952351457640904	0.959909554732043	0.958383211280097	0.957200029441733	0.953251068088069	0.952654030925168	0.950259746588356	0.945782070940526	0.964981792433844	0.951216536428497	0.954822619252742	0.957846989081511	0.948845924812894	0.955086806154702	0.950951658072437	0.951778451754725	0.950569358244367	0.959383050911709	0.954877227405179	0.965695521737422	0.942767985894239	0.960444243102472	0.953161794646377	0.956259814584324	0.944226187425523	0.961065572212949	0.952233193492394	0.950907627034684	0.95292472753053	0.954878126478951	0.959710703269196	0.953678310436694	0.958867009933093	0.960923395630326	0.952709801638713	0.943258078228275	0.956646456272486	0.960400020998808	0.951794801574967	0.953519821116174	0.957320050972852	0.95302118209977	0.956009877237489	0.954935639472114	0.956827944347624	0.954460506077997	0.939767198245458	0.956716328080782	0.957701927044458	0.952657070202298	0.954370359882046	0.946823561542155	0.957493712772001	0.961343000459928	0.953146668066682	0.950266803675759
cg02103202	NA	NA	NA	NA	NA	NA	NA	NA	NA	NA	NA	NA	NA	NA	NA	NA	NA	NA	NA	NA	NA	NA	NA	NA	NA	NA	NA	NA	NA	NA	NA	NA	NA	NA	NA	NA	NA	NA	NA	NA	NA	NA	NA	NA	NA	NA	NA	NA	NA	NA	NA	NA	NA	NA	NA	NA	NA	NA	NA	NA	NA	NA	NA	NA	NA	NA	NA	NA	NA	NA	NA	NA	NA	NA	NA	NA	NA	NA	NA	NA
cg02125400	NA	NA	NA	NA	NA	NA	NA	NA	NA	NA	NA	NA	NA	NA	NA	NA	NA	NA	NA	NA	NA	NA	NA	NA	NA	NA	NA	NA	NA	NA	NA	NA	NA	NA	NA	NA	NA	NA	NA	NA	NA	NA	NA	NA	NA	NA	NA	NA	NA	NA	NA	NA	NA	NA	NA	NA	NA	NA	NA	NA	NA	NA	NA	NA	NA	NA	NA	NA	NA	NA	NA	NA	NA	NA	NA	NA	NA	NA	NA	NA
cg02128233	NA	NA	NA	NA	NA	NA	NA	NA	NA	NA	NA	NA	NA	NA	NA	NA	NA	NA	NA	NA	NA	NA	NA	NA	NA	NA	NA	NA	NA	NA	NA	NA	NA	NA	NA	NA	NA	NA	NA	NA	NA	NA	NA	NA	NA	NA	NA	NA	NA	NA	NA	NA	NA	NA	NA	NA	NA	NA	NA	NA	NA	NA	NA	NA	NA	NA	NA	NA	NA	NA	NA	NA	NA	NA	NA	NA	NA	NA	NA	NA
cg02132460	NA	NA	NA	NA	NA	NA	NA	NA	NA	NA	NA	NA	NA	NA	NA	NA	NA	NA	NA	NA	NA	NA	NA	NA	NA	NA	NA	NA	NA	NA	NA	NA	NA	NA	NA	NA	NA	NA	NA	NA	NA	NA	NA	NA	NA	NA	NA	NA	NA	NA	NA	NA	NA	NA	NA	NA	NA	NA	NA	NA	NA	NA	NA	NA	NA	NA	NA	NA	NA	NA	NA	NA	NA	NA	NA	NA	NA	NA	NA	NA
cg02148292	NA	NA	NA	NA	NA	NA	NA	NA	NA	NA	NA	NA	NA	NA	NA	NA	NA	NA	NA	NA	NA	NA	NA	NA	NA	NA	NA	NA	NA	NA	NA	NA	NA	NA	NA	NA	NA	NA	NA	NA	NA	NA	NA	NA	NA	NA	NA	NA	NA	NA	NA	NA	NA	NA	NA	NA	NA	NA	NA	NA	NA	NA	NA	NA	NA	NA	NA	NA	NA	NA	NA	NA	NA	NA	NA	NA	NA	NA	NA	NA
cg02154268	NA	NA	NA	NA	NA	NA	NA	NA	NA	NA	NA	NA	NA	NA	NA	NA	NA	NA	NA	NA	NA	NA	NA	NA	NA	NA	NA	NA	NA	NA	NA	NA	NA	NA	NA	NA	NA	NA	NA	NA	NA	NA	NA	NA	NA	NA	NA	NA	NA	NA	NA	NA	NA	NA	NA	NA	NA	NA	NA	NA	NA	NA	NA	NA	NA	NA	NA	NA	NA	NA	NA	NA	NA	NA	NA	NA	NA	NA	NA	NA
cg02158100	NA	NA	NA	NA	NA	NA	NA	NA	NA	NA	NA	NA	NA	NA	NA	NA	NA	NA	NA	NA	NA	NA	NA	NA	NA	NA	NA	NA	NA	NA	NA	NA	NA	NA	NA	NA	NA	NA	NA	NA	NA	NA	NA	NA	NA	NA	NA	NA	NA	NA	NA	NA	NA	NA	NA	NA	NA	NA	NA	NA	NA	NA	NA	NA	NA	NA	NA	NA	NA	NA	NA	NA	NA	NA	NA	NA	NA	NA	NA	NA
cg02190786	NA	NA	NA	NA	NA	NA	NA	NA	NA	NA	NA	NA	NA	NA	NA	NA	NA	NA	NA	NA	NA	NA	NA	NA	NA	NA	NA	NA	NA	NA	NA	NA	NA	NA	NA	NA	NA	NA	NA	NA	NA	NA	NA	NA	NA	NA	NA	NA	NA	NA	NA	NA	NA	NA	NA	NA	NA	NA	NA	NA	NA	NA	NA	NA	NA	NA	NA	NA	NA	NA	NA	NA	NA	NA	NA	NA	NA	NA	NA	NA
cg02223612	NA	NA	NA	NA	NA	NA	NA	NA	NA	NA	NA	NA	NA	NA	NA	NA	NA	NA	NA	NA	NA	NA	NA	NA	NA	NA	NA	NA	NA	NA	NA	NA	NA	NA	NA	NA	NA	NA	NA	NA	NA	NA	NA	NA	NA	NA	NA	NA	NA	NA	NA	NA	NA	NA	NA	NA	NA	NA	NA	NA	NA	NA	NA	NA	NA	NA	NA	NA	NA	NA	NA	NA	NA	NA	NA	NA	NA	NA	NA	NA
cg02231798	0.955378874698256	0.936514347493399	0.928371053994272	0.945214766157948	0.922357119794063	0.936216739442283	0.950294431126324	0.896850641638613	0.924221947159687	0.954289328105211	0.886249408981349	0.92984901033579	0.945860308100573	0.933495445521377	0.943838171882661	0.939845644171734	0.925424841773161	0.934273093587438	0.954765061953355	0.949741957175069	0.946695123630171	0.90941614301876	0.94359262219592	0.926950439964629	0.916922508550943	0.951215434272166	0.865230566116698	0.951274388288529	0.921729387031395	0.926928432856649	0.95335493742371	0.942764402970601	0.908598445797019	0.924080707051997	0.885362177537178	0.935295509345194	0.953560007423574	0.930903545128351	0.926052313661415	0.920587258840286	0.907723388637696	0.895705991660421	0.955303522097747	0.92337429276862	0.941085327922425	0.896477737055688	0.963842059594357	0.952360993033998	0.954969115900695	0.916732497543074	0.944376117266942	0.945977464172877	0.945985198406954	0.916220922545336	0.957625812680811	0.933468155095464	0.926897998567891	0.940915059447279	0.957882520903283	0.941027145464981	0.949376336200273	0.924771164709143	0.952104435146903	0.960761559950849	0.952107425662264	0.939951797045897	0.95467582146356	0.924400532990824	0.949225861318584	0.952119150682224	0.925166269174765	0.935728901685549	0.93089346961946	0.922360945724576	0.958109341740501	0.913842210214642	0.940783792081806	0.922067714598495	0.943388966257941	0.958793747681556
cg02247211	NA	NA	NA	NA	NA	NA	NA	NA	NA	NA	NA	NA	NA	NA	NA	NA	NA	NA	NA	NA	NA	NA	NA	NA	NA	NA	NA	NA	NA	NA	NA	NA	NA	NA	NA	NA	NA	NA	NA	NA	NA	NA	NA	NA	NA	NA	NA	NA	NA	NA	NA	NA	NA	NA	NA	NA	NA	NA	NA	NA	NA	NA	NA	NA	NA	NA	NA	NA	NA	NA	NA	NA	NA	NA	NA	NA	NA	NA	NA	NA
cg02253978	0.942260445609159	0.949066913690381	0.926973830506702	0.931462157668177	0.924672122389534	0.92525116331912	0.933360545486935	0.937385870417054	0.89671613485941	0.921808892362703	0.884569617797204	0.918485157204214	0.911258558095777	0.922176110586297	0.92733381708673	0.90158528432432	0.922316187249506	0.939150540469975	0.931605535709667	0.917111824054701	0.933687829566176	0.931940430613448	0.888518042679081	0.883772317202107	0.932806988420229	0.946650700022922	0.910828086176375	0.920800585199294	0.937363136014016	0.863388782708666	0.90151508370791	0.891450380001609	0.935758307234949	0.925961302405959	0.914926953031451	0.942517957003551	0.903451168637376	0.838965655682397	0.925385350069699	0.924909121327029	0.918702940933831	0.921888271834268	0.943507897859629	0.941667841655967	0.935050723032085	0.922211502749842	0.923486970335862	0.926531526504227	0.925545619270138	0.936143633099775	0.946849914460192	0.936794183727867	0.933057870854306	0.913342710352856	0.932492227012053	0.911417698020097	0.942167368597613	0.922428720559267	0.912722848274586	0.937542645418437	0.938685501061328	0.834913270607208	0.936926442370754	0.92523598000798	0.921712084571223	0.886549072876382	0.919202665009721	0.947448393622236	0.926643131778401	0.91812847548827	0.925292776743398	0.93517906487699	0.921048852465426	0.900329908036298	0.914039318799613	0.922909145341001	0.938236554791053	0.928906822952028	0.904736592699246	0.937302511299556
cg02255618	NA	NA	NA	NA	NA	NA	NA	NA	NA	NA	NA	NA	NA	NA	NA	NA	NA	NA	NA	NA	NA	NA	NA	NA	NA	NA	NA	NA	NA	NA	NA	NA	NA	NA	NA	NA	NA	NA	NA	NA	NA	NA	NA	NA	NA	NA	NA	NA	NA	NA	NA	NA	NA	NA	NA	NA	NA	NA	NA	NA	NA	NA	NA	NA	NA	NA	NA	NA	NA	NA	NA	NA	NA	NA	NA	NA	NA	NA	NA	NA
cg02269231	NA	NA	NA	NA	NA	NA	NA	NA	NA	NA	NA	NA	NA	NA	NA	NA	NA	NA	NA	NA	NA	NA	NA	NA	NA	NA	NA	NA	NA	NA	NA	NA	NA	NA	NA	NA	NA	NA	NA	NA	NA	NA	NA	NA	NA	NA	NA	NA	NA	NA	NA	NA	NA	NA	NA	NA	NA	NA	NA	NA	NA	NA	NA	NA	NA	NA	NA	NA	NA	NA	NA	NA	NA	NA	NA	NA	NA	NA	NA	NA
cg02275622	NA	NA	NA	NA	NA	NA	NA	NA	NA	NA	NA	NA	NA	NA	NA	NA	NA	NA	NA	NA	NA	NA	NA	NA	NA	NA	NA	NA	NA	NA	NA	NA	NA	NA	NA	NA	NA	NA	NA	NA	NA	NA	NA	NA	NA	NA	NA	NA	NA	NA	NA	NA	NA	NA	NA	NA	NA	NA	NA	NA	NA	NA	NA	NA	NA	NA	NA	NA	NA	NA	NA	NA	NA	NA	NA	NA	NA	NA	NA	NA
cg02280599	0.953123310242628	0.949229255715615	0.93181953996572	0.944698237145152	0.921665100910562	0.934248815255749	0.947146951535577	0.941543060574367	0.940934975998154	0.941847863217349	0.944129946634179	0.947402721293632	0.948698849702419	0.942698251649096	0.94285330232539	0.911434738521379	0.945769926621584	0.942894801030099	0.946907405872978	0.940827152058437	0.926311447137636	0.934834114693992	0.938007732696035	0.938482513799614	0.948334263425602	0.947494957523268	0.950425775309655	0.947888749413043	0.9382270269607	0.944809946845409	0.945578697109549	0.941623193164173	0.931148283313806	0.936521066508052	0.944275999986796	0.94280724237635	0.937718152075576	0.943662166097524	0.941231608460299	0.926618278369461	0.945234378215998	0.924394753851168	0.947055290052571	0.951824152866054	0.932458661832119	0.942039452851049	0.94399992834509	0.939201982708282	0.946238216646929	0.9460006030827	0.937772115565568	0.948734611121014	0.94649640019681	0.935005440435664	0.943062301997634	0.922530059439662	0.95365720162291	0.926696359211545	0.945062915592232	0.939907254509953	0.931961984057145	0.941440415217608	0.949441437074234	0.948700028329738	0.938677284583422	0.958201924146607	0.951999106841595	0.950127757833705	0.942068595141785	0.936891228563884	0.939496739558068	0.946426133931983	0.942498727330571	0.935876901249054	0.944597717870452	0.924484267627873	0.942641519123557	0.935741920803064	0.944245826059755	0.943187583496409
cg02290855	NA	NA	NA	NA	NA	NA	NA	NA	NA	NA	NA	NA	NA	NA	NA	NA	NA	NA	NA	NA	NA	NA	NA	NA	NA	NA	NA	NA	NA	NA	NA	NA	NA	NA	NA	NA	NA	NA	NA	NA	NA	NA	NA	NA	NA	NA	NA	NA	NA	NA	NA	NA	NA	NA	NA	NA	NA	NA	NA	NA	NA	NA	NA	NA	NA	NA	NA	NA	NA	NA	NA	NA	NA	NA	NA	NA	NA	NA	NA	NA
cg02302165	0.955235094589095	0.966540450796797	0.925518447932283	0.950103025774756	0.937191835950869	0.947708387579627	0.954862716740702	0.950218761542186	0.949554620980976	0.938012273350272	0.956400276286603	0.941990262492489	0.956607395850108	0.946621804431038	0.949986872601445	0.946967817726963	0.93882565180428	0.947574989333471	0.933818375859781	0.933457001503063	0.950787892393464	0.943938131086287	0.947707963363443	0.939126140964079	0.933720650166892	0.948592433660936	0.945773965673703	0.957613007767292	0.94444645037356	0.949410086047308	0.935415006820598	0.927861279568489	0.924529612918338	0.939506327209163	0.956278860355621	0.943260971913442	0.925084663987214	0.931897346974436	0.937007298067364	0.951404044522284	0.941993076001926	0.950326266236477	0.961636749097841	0.951934980147537	0.944598113403548	0.94511935515714	0.948936303803247	0.925937631713696	0.946304857758985	0.961129845361859	0.938888350935042	0.955034984845869	0.952388324015266	0.944985119148621	0.959819939673839	0.946351215879348	0.943008374436817	0.941881319384854	0.946284321917846	0.950173275597449	0.932296625334536	0.942790903312266	0.948647835411216	0.951281986663902	0.950200820349447	0.953995570740772	0.949764302093949	0.946540206957091	0.958393583187749	0.931224569734378	0.948510114084506	0.955087555301501	0.942984354267094	0.938193612207681	0.940735686691945	0.946021507900577	0.946519233850659	0.944728597044719	0.92711804915878	0.956441952307108
cg02312154	0.927328880521848	0.932564956822459	0.921045304535447	0.913838708753558	0.916136053174693	0.930985367746321	0.930757468975143	0.945186462006624	0.931364462454048	0.90085603055878	0.925848888761281	0.938617303237463	0.919728900904902	0.934087364334082	0.937750031704395	0.920443404868975	0.93999726717516	0.918912573889585	0.927601465548554	0.913816946900965	0.903261047273792	0.935518541006941	0.931656980497341	0.918910568923846	0.936598793920106	0.938897637739628	0.931710423942649	0.919112603549023	0.933454257609583	0.920175002569647	0.904711101534861	0.920703668841099	0.923651069667559	0.901637062631865	0.940740614939032	0.920873373297689	0.930188032849724	0.92463219827049	0.937873324738864	0.924348387518706	0.942316947986121	0.929014429630334	0.935760569033175	0.928938879791306	0.932812241972177	0.923787028202979	0.919636818909384	0.900868415801006	0.908597744914897	0.936452849259315	0.930634712083907	0.922657945925685	0.943534873388491	0.930156454233473	0.923019752434014	0.917874440462887	0.937915645464261	0.922006950045091	0.898304552370192	0.936702323650359	0.930266127524288	0.92106728923724	0.928256332849698	0.928413129141688	0.927259324436473	0.938575812498236	0.921558804308033	0.936529528539104	0.927517426229719	0.925766637519118	0.93829338708786	0.92455242559659	0.938531205218253	0.934846941604895	0.908856577433491	0.904281390011074	0.916624453892076	0.936059976466771	0.905882141257552	0.93488339616406
cg02341729	NA	NA	NA	NA	NA	NA	NA	NA	NA	NA	NA	NA	NA	NA	NA	NA	NA	NA	NA	NA	NA	NA	NA	NA	NA	NA	NA	NA	NA	NA	NA	NA	NA	NA	NA	NA	NA	NA	NA	NA	NA	NA	NA	NA	NA	NA	NA	NA	NA	NA	NA	NA	NA	NA	NA	NA	NA	NA	NA	NA	NA	NA	NA	NA	NA	NA	NA	NA	NA	NA	NA	NA	NA	NA	NA	NA	NA	NA	NA	NA
cg02345638	NA	NA	NA	NA	NA	NA	NA	NA	NA	NA	NA	NA	NA	NA	NA	NA	NA	NA	NA	NA	NA	NA	NA	NA	NA	NA	NA	NA	NA	NA	NA	NA	NA	NA	NA	NA	NA	NA	NA	NA	NA	NA	NA	NA	NA	NA	NA	NA	NA	NA	NA	NA	NA	NA	NA	NA	NA	NA	NA	NA	NA	NA	NA	NA	NA	NA	NA	NA	NA	NA	NA	NA	NA	NA	NA	NA	NA	NA	NA	NA
cg02348876	NA	NA	NA	NA	NA	NA	NA	NA	NA	NA	NA	NA	NA	NA	NA	NA	NA	NA	NA	NA	NA	NA	NA	NA	NA	NA	NA	NA	NA	NA	NA	NA	NA	NA	NA	NA	NA	NA	NA	NA	NA	NA	NA	NA	NA	NA	NA	NA	NA	NA	NA	NA	NA	NA	NA	NA	NA	NA	NA	NA	NA	NA	NA	NA	NA	NA	NA	NA	NA	NA	NA	NA	NA	NA	NA	NA	NA	NA	NA	NA
cg02356223	0.918455034850691	0.928947258206079	0.89684846172016	0.912796826629737	0.918283096184694	0.834355663806033	0.907403445379058	0.929683254616544	0.920624671607333	0.941390661676495	0.862538923054484	0.91126280205909	0.913461568787822	0.918729805804696	0.879929261058632	0.774859566489829	0.901005028256035	0.850548115466995	0.871923428584499	0.850022884133658	0.925408751411887	0.912586266982172	0.849283722127941	0.914249023888705	0.900865945685597	0.907900928221815	0.846709910477508	0.916451222222505	0.933585590665682	0.933274051920128	0.876223226672869	0.923079701773614	0.898993435599	0.913493510631797	0.921632044043636	0.903905523537655	0.914990976226064	0.941090307951631	0.916252006395652	0.913919925793435	0.908715203381515	0.926653155550532	0.888222229078607	0.878603402245492	0.925479918147768	0.863466307947061	0.917795849624679	0.913064970192344	0.900279027749242	0.898631150215068	0.928643777166309	0.940616129443387	0.91264171849707	0.899408706813032	0.919217583897579	0.761783926174066	0.922752143083062	0.863861083518897	0.861581011064912	0.951646408058849	0.920092065237591	0.903869674927666	0.896680647565336	0.893696900557426	0.920365360862147	0.908376744814549	0.913409013418019	0.922051234689839	0.901380184529082	0.926790717519583	0.794324408042278	0.675462449372052	0.870672793780249	0.857157131796696	0.943711246612789	0.878320112532416	0.899738146520578	0.859335591073278	0.927362623140108	0.921097595846885
cg02397533	NA	NA	NA	NA	NA	NA	NA	NA	NA	NA	NA	NA	NA	NA	NA	NA	NA	NA	NA	NA	NA	NA	NA	NA	NA	NA	NA	NA	NA	NA	NA	NA	NA	NA	NA	NA	NA	NA	NA	NA	NA	NA	NA	NA	NA	NA	NA	NA	NA	NA	NA	NA	NA	NA	NA	NA	NA	NA	NA	NA	NA	NA	NA	NA	NA	NA	NA	NA	NA	NA	NA	NA	NA	NA	NA	NA	NA	NA	NA	NA
cg02401554	NA	NA	NA	NA	NA	NA	NA	NA	NA	NA	NA	NA	NA	NA	NA	NA	NA	NA	NA	NA	NA	NA	NA	NA	NA	NA	NA	NA	NA	NA	NA	NA	NA	NA	NA	NA	NA	NA	NA	NA	NA	NA	NA	NA	NA	NA	NA	NA	NA	NA	NA	NA	NA	NA	NA	NA	NA	NA	NA	NA	NA	NA	NA	NA	NA	NA	NA	NA	NA	NA	NA	NA	NA	NA	NA	NA	NA	NA	NA	NA
cg02443010	0.926647228910572	0.962694437969465	0.931012634081591	0.953563346345725	0.950097456856463	0.957518121482025	0.962024134830273	0.94738332381975	0.951500107586481	0.953806664813649	0.965731402673961	0.944619938367357	0.959109139091227	0.954426845284074	0.961698874040955	0.956368294027129	0.951976885413539	0.96175240265412	0.956378311597716	0.953962612216081	0.958577123744848	0.957913810771137	0.948520321074103	0.958129366617461	0.960245283381772	0.957089597853695	0.956975707948241	0.961891125605364	0.956795455997709	0.956964097320921	0.946090605602133	0.904779298288234	0.958638376304911	0.955485602469699	0.961603175619296	0.956269586424031	0.956530206807147	0.804115976472102	0.951300119919147	0.951611709683941	0.956922987472045	0.948726995785702	0.956973251077255	0.963167859364305	0.945444620693726	0.96327943706091	0.944883411902505	0.954127929809495	0.961381696556013	0.9363284782176	0.951729789604904	0.957140714400997	0.96237497753607	0.962123985239576	0.95824543930927	0.934229297531589	0.943490379542744	0.96511290142317	0.931696161469071	0.962535880638111	0.946892592133881	0.949060519688317	0.955747606374171	0.967995864268991	0.952233191763658	0.952196919892048	0.962800211029452	0.95325420939371	0.954460125247454	0.947311259494996	0.95768663188959	0.934743293410634	0.94998934019479	0.945343159694989	0.961062950666343	0.957295726021755	0.967191216509565	0.959071793165504	0.954452228330308	0.945134843197653
cg02471166	NA	NA	NA	NA	NA	NA	NA	NA	NA	NA	NA	NA	NA	NA	NA	NA	NA	NA	NA	NA	NA	NA	NA	NA	NA	NA	NA	NA	NA	NA	NA	NA	NA	NA	NA	NA	NA	NA	NA	NA	NA	NA	NA	NA	NA	NA	NA	NA	NA	NA	NA	NA	NA	NA	NA	NA	NA	NA	NA	NA	NA	NA	NA	NA	NA	NA	NA	NA	NA	NA	NA	NA	NA	NA	NA	NA	NA	NA	NA	NA
cg02516800	0.957956998021959	0.841691801640449	0.945901174957295	0.918709343597503	0.738788640276666	0.953374768047647	0.951797601397259	0.619052060271631	0.741670813928644	0.94628993013696	0.95508563357144	0.936311220161968	0.948860828246633	0.965988202083272	0.945266344991919	0.954268234725511	0.957090946320126	0.951553353343041	0.853621240902382	0.956378932114184	0.946104116190755	0.963616731906358	0.886525837064477	0.958397945613637	0.948958043084734	0.954189866814878	0.959864667580528	0.936530554905071	0.952863001749228	0.956697927512945	0.946140918330229	0.947532140188671	0.948485523312822	0.95697834673759	0.946395782630527	0.938557814041435	0.949493995187598	0.956601470796353	0.946294405807124	0.921205054587527	0.955783056111666	0.952420477991484	0.950378822285072	0.956340700540186	0.76452932712199	0.955423804505239	0.959689598531587	0.952298876504661	0.966992751284403	0.96723861409021	0.949371163557396	0.958014031314247	0.861630803298031	0.949420607057594	0.963299373131595	0.958550816480472	0.879273164065297	0.957027758193085	0.961172819062764	0.890898812485949	0.938292894316022	0.937283444557418	0.957798896889479	0.956445661898552	0.953276556271902	0.960255249032505	0.962918136737035	0.965025866702369	0.958714724656156	0.909737762386809	0.672776561092685	0.966213053663822	0.939564792176099	0.937330043073272	0.956630652271619	0.938402230836753	0.954673229860688	0.963629076857819	0.960558581650276	0.952688470591506
cg02533998	NA	NA	NA	NA	NA	NA	NA	NA	NA	NA	NA	NA	NA	NA	NA	NA	NA	NA	NA	NA	NA	NA	NA	NA	NA	NA	NA	NA	NA	NA	NA	NA	NA	NA	NA	NA	NA	NA	NA	NA	NA	NA	NA	NA	NA	NA	NA	NA	NA	NA	NA	NA	NA	NA	NA	NA	NA	NA	NA	NA	NA	NA	NA	NA	NA	NA	NA	NA	NA	NA	NA	NA	NA	NA	NA	NA	NA	NA	NA	NA
cg02612657	NA	NA	NA	NA	NA	NA	NA	NA	NA	NA	NA	NA	NA	NA	NA	NA	NA	NA	NA	NA	NA	NA	NA	NA	NA	NA	NA	NA	NA	NA	NA	NA	NA	NA	NA	NA	NA	NA	NA	NA	NA	NA	NA	NA	NA	NA	NA	NA	NA	NA	NA	NA	NA	NA	NA	NA	NA	NA	NA	NA	NA	NA	NA	NA	NA	NA	NA	NA	NA	NA	NA	NA	NA	NA	NA	NA	NA	NA	NA	NA
cg02656873	NA	NA	NA	NA	NA	NA	NA	NA	NA	NA	NA	NA	NA	NA	NA	NA	NA	NA	NA	NA	NA	NA	NA	NA	NA	NA	NA	NA	NA	NA	NA	NA	NA	NA	NA	NA	NA	NA	NA	NA	NA	NA	NA	NA	NA	NA	NA	NA	NA	NA	NA	NA	NA	NA	NA	NA	NA	NA	NA	NA	NA	NA	NA	NA	NA	NA	NA	NA	NA	NA	NA	NA	NA	NA	NA	NA	NA	NA	NA	NA
cg02658551	NA	NA	NA	NA	NA	NA	NA	NA	NA	NA	NA	NA	NA	NA	NA	NA	NA	NA	NA	NA	NA	NA	NA	NA	NA	NA	NA	NA	NA	NA	NA	NA	NA	NA	NA	NA	NA	NA	NA	NA	NA	NA	NA	NA	NA	NA	NA	NA	NA	NA	NA	NA	NA	NA	NA	NA	NA	NA	NA	NA	NA	NA	NA	NA	NA	NA	NA	NA	NA	NA	NA	NA	NA	NA	NA	NA	NA	NA	NA	NA
cg02671915	NA	NA	NA	NA	NA	NA	NA	NA	NA	NA	NA	NA	NA	NA	NA	NA	NA	NA	NA	NA	NA	NA	NA	NA	NA	NA	NA	NA	NA	NA	NA	NA	NA	NA	NA	NA	NA	NA	NA	NA	NA	NA	NA	NA	NA	NA	NA	NA	NA	NA	NA	NA	NA	NA	NA	NA	NA	NA	NA	NA	NA	NA	NA	NA	NA	NA	NA	NA	NA	NA	NA	NA	NA	NA	NA	NA	NA	NA	NA	NA
cg02693279	0.961116689394338	0.962289317866669	0.949959496043377	0.953883423927101	0.957472128036784	0.959099153068067	0.938836553074771	0.949729390373306	0.955286012813656	0.949020271617323	0.938662313314244	0.94896745796519	0.956459232436308	0.930792215973826	0.956807148738424	0.942167656813501	0.954372691981547	0.954116433081791	0.933122541863225	0.958566875654822	0.96138593779284	0.954526555480583	0.950877052504624	0.959749410826025	0.929003433369402	0.952116689487377	0.913077847215812	0.952957918345152	0.956800965104709	0.967369539930912	0.962410542190623	0.949892180247351	0.949466697649497	0.954210913071637	0.938497801362993	0.955198797046058	0.966055880437185	0.951767051479944	0.950009418105118	0.953380508346048	0.952595334135088	0.919121264008471	0.954358372353851	0.947745179563434	0.957095208994586	0.944397161748801	0.950344972880008	0.959846867577357	0.951647303547773	0.95851189010167	0.944637985554189	0.970716379313991	0.95675273545466	0.940751605581102	0.951439825455441	0.95104212602256	0.953471812088579	0.95894209233478	0.958545893182901	0.953106344684431	0.965002666262503	0.947176536182994	0.945429421275546	0.926394629099512	0.953097495764539	0.944657222237512	0.957511119928181	0.960606274559388	0.951896432096041	0.966243508111057	0.944883515111562	0.944341276069968	0.942014337003721	0.936241225992306	0.96380942036481	0.955751222490045	0.960978609574173	0.954630628454436	0.950573098245282	0.950072641745191
cg02703695	NA	NA	NA	NA	NA	NA	NA	NA	NA	NA	NA	NA	NA	NA	NA	NA	NA	NA	NA	NA	NA	NA	NA	NA	NA	NA	NA	NA	NA	NA	NA	NA	NA	NA	NA	NA	NA	NA	NA	NA	NA	NA	NA	NA	NA	NA	NA	NA	NA	NA	NA	NA	NA	NA	NA	NA	NA	NA	NA	NA	NA	NA	NA	NA	NA	NA	NA	NA	NA	NA	NA	NA	NA	NA	NA	NA	NA	NA	NA	NA
cg02724815	NA	NA	NA	NA	NA	NA	NA	NA	NA	NA	NA	NA	NA	NA	NA	NA	NA	NA	NA	NA	NA	NA	NA	NA	NA	NA	NA	NA	NA	NA	NA	NA	NA	NA	NA	NA	NA	NA	NA	NA	NA	NA	NA	NA	NA	NA	NA	NA	NA	NA	NA	NA	NA	NA	NA	NA	NA	NA	NA	NA	NA	NA	NA	NA	NA	NA	NA	NA	NA	NA	NA	NA	NA	NA	NA	NA	NA	NA	NA	NA
cg02744713	NA	NA	NA	NA	NA	NA	NA	NA	NA	NA	NA	NA	NA	NA	NA	NA	NA	NA	NA	NA	NA	NA	NA	NA	NA	NA	NA	NA	NA	NA	NA	NA	NA	NA	NA	NA	NA	NA	NA	NA	NA	NA	NA	NA	NA	NA	NA	NA	NA	NA	NA	NA	NA	NA	NA	NA	NA	NA	NA	NA	NA	NA	NA	NA	NA	NA	NA	NA	NA	NA	NA	NA	NA	NA	NA	NA	NA	NA	NA	NA
cg02750728	0.951362761546622	0.966578032708774	0.933811179784115	0.962030173182456	0.853248638650886	0.955672212095049	0.958914015624731	0.822632923067437	0.968949864095774	0.957000587684236	0.957230320634528	0.952023160971191	0.957587698147641	0.951289632527287	0.955015955693266	0.932084105358138	0.958657961428552	0.939328902826693	0.957746289057004	0.954967073807513	0.949959601031823	0.970537917225136	0.514080131183765	0.961971446463227	0.955768975414359	0.961199995560471	0.917112765435044	0.964991477820722	0.963066398746204	0.965554200718913	0.960128783861012	0.595116697333454	0.953415546558147	0.949000945553488	0.938071206400409	0.966111314956867	0.962862338961976	0.953560100354299	0.953653168022596	0.96103947447876	0.94325976598879	0.956115373304854	0.946860432399481	0.962268544821073	0.952092088035602	0.955802842242478	0.688634454507374	0.963041328825962	0.960687444314711	0.962369562542416	0.957014033013989	0.90917589323686	0.688304907862863	0.95764368945685	0.777224405941073	0.969396423043921	0.955328578654867	0.961962973212828	0.964811053368522	0.96513577287794	0.970256565613095	0.947427285297956	0.95410599025138	0.959602366489719	0.953746082429145	0.842851791195439	0.958281793923503	0.967655132396589	0.962752070816398	0.963855955956565	0.965845348995033	0.966683533741116	0.946432839534243	0.944537647607511	0.964445389306363	0.934503407039821	0.955199476938554	0.941197928591318	0.967309135325882	0.966322650985686
cg02771684	NA	NA	NA	NA	NA	NA	NA	NA	NA	NA	NA	NA	NA	NA	NA	NA	NA	NA	NA	NA	NA	NA	NA	NA	NA	NA	NA	NA	NA	NA	NA	NA	NA	NA	NA	NA	NA	NA	NA	NA	NA	NA	NA	NA	NA	NA	NA	NA	NA	NA	NA	NA	NA	NA	NA	NA	NA	NA	NA	NA	NA	NA	NA	NA	NA	NA	NA	NA	NA	NA	NA	NA	NA	NA	NA	NA	NA	NA	NA	NA
cg02772132	NA	NA	NA	NA	NA	NA	NA	NA	NA	NA	NA	NA	NA	NA	NA	NA	NA	NA	NA	NA	NA	NA	NA	NA	NA	NA	NA	NA	NA	NA	NA	NA	NA	NA	NA	NA	NA	NA	NA	NA	NA	NA	NA	NA	NA	NA	NA	NA	NA	NA	NA	NA	NA	NA	NA	NA	NA	NA	NA	NA	NA	NA	NA	NA	NA	NA	NA	NA	NA	NA	NA	NA	NA	NA	NA	NA	NA	NA	NA	NA
cg02791765	NA	NA	NA	NA	NA	NA	NA	NA	NA	NA	NA	NA	NA	NA	NA	NA	NA	NA	NA	NA	NA	NA	NA	NA	NA	NA	NA	NA	NA	NA	NA	NA	NA	NA	NA	NA	NA	NA	NA	NA	NA	NA	NA	NA	NA	NA	NA	NA	NA	NA	NA	NA	NA	NA	NA	NA	NA	NA	NA	NA	NA	NA	NA	NA	NA	NA	NA	NA	NA	NA	NA	NA	NA	NA	NA	NA	NA	NA	NA	NA
cg02824523	NA	NA	NA	NA	NA	NA	NA	NA	NA	NA	NA	NA	NA	NA	NA	NA	NA	NA	NA	NA	NA	NA	NA	NA	NA	NA	NA	NA	NA	NA	NA	NA	NA	NA	NA	NA	NA	NA	NA	NA	NA	NA	NA	NA	NA	NA	NA	NA	NA	NA	NA	NA	NA	NA	NA	NA	NA	NA	NA	NA	NA	NA	NA	NA	NA	NA	NA	NA	NA	NA	NA	NA	NA	NA	NA	NA	NA	NA	NA	NA
cg02840008	0.96395627016263	0.962310004763866	0.935192708159585	0.954735226887664	0.953677200855596	0.948452219179885	0.946643090406962	0.918472030817751	0.960267519390699	0.9326813507616	0.883522392230132	0.40703089349688	0.822086171244234	0.855741554194656	0.824933395333535	0.521478908368409	0.921267905586471	0.507615732473456	0.652517147191985	0.9495932525969	0.931835548276479	0.936749525109774	0.877010740643323	0.945056286388913	0.943613750802512	0.385145348421958	0.859135454564964	0.935040111788999	0.956376938555731	0.40697695067934	0.657387006438737	0.926605099395136	0.934427035928005	0.960366598194468	0.909219705369409	0.948511997019049	0.672062439468856	0.943455822546331	0.946991872785864	0.923080473876662	0.803884962080198	0.869564808251196	0.88244207035478	0.938914655280796	0.909094071760199	0.927217038965477	0.94811546192751	0.963148012282369	0.938632288006146	0.966448778874488	0.954153547568993	0.8660582295245	0.95257997433803	0.945464548229306	0.950596883662625	0.946704717837872	0.950147210913717	0.959237677247476	0.950495496346997	0.950167558482539	0.938371400061461	0.896308599675634	0.284594986382357	0.901416938384535	0.945579060036507	0.935212221766738	0.73274110935805	0.883167826757808	0.927910081509493	0.957575296765413	0.946084743722353	0.723074046143467	0.720295827930894	0.945464658170473	0.586604620883786	0.868641300129033	0.958123244280731	0.791053723282425	0.964230007501407	0.923707260523138
cg02862100	NA	NA	NA	NA	NA	NA	NA	NA	NA	NA	NA	NA	NA	NA	NA	NA	NA	NA	NA	NA	NA	NA	NA	NA	NA	NA	NA	NA	NA	NA	NA	NA	NA	NA	NA	NA	NA	NA	NA	NA	NA	NA	NA	NA	NA	NA	NA	NA	NA	NA	NA	NA	NA	NA	NA	NA	NA	NA	NA	NA	NA	NA	NA	NA	NA	NA	NA	NA	NA	NA	NA	NA	NA	NA	NA	NA	NA	NA	NA	NA
cg02869126	NA	NA	NA	NA	NA	NA	NA	NA	NA	NA	NA	NA	NA	NA	NA	NA	NA	NA	NA	NA	NA	NA	NA	NA	NA	NA	NA	NA	NA	NA	NA	NA	NA	NA	NA	NA	NA	NA	NA	NA	NA	NA	NA	NA	NA	NA	NA	NA	NA	NA	NA	NA	NA	NA	NA	NA	NA	NA	NA	NA	NA	NA	NA	NA	NA	NA	NA	NA	NA	NA	NA	NA	NA	NA	NA	NA	NA	NA	NA	NA
cg02873710	NA	NA	NA	NA	NA	NA	NA	NA	NA	NA	NA	NA	NA	NA	NA	NA	NA	NA	NA	NA	NA	NA	NA	NA	NA	NA	NA	NA	NA	NA	NA	NA	NA	NA	NA	NA	NA	NA	NA	NA	NA	NA	NA	NA	NA	NA	NA	NA	NA	NA	NA	NA	NA	NA	NA	NA	NA	NA	NA	NA	NA	NA	NA	NA	NA	NA	NA	NA	NA	NA	NA	NA	NA	NA	NA	NA	NA	NA	NA	NA
cg02885021	NA	NA	NA	NA	NA	NA	NA	NA	NA	NA	NA	NA	NA	NA	NA	NA	NA	NA	NA	NA	NA	NA	NA	NA	NA	NA	NA	NA	NA	NA	NA	NA	NA	NA	NA	NA	NA	NA	NA	NA	NA	NA	NA	NA	NA	NA	NA	NA	NA	NA	NA	NA	NA	NA	NA	NA	NA	NA	NA	NA	NA	NA	NA	NA	NA	NA	NA	NA	NA	NA	NA	NA	NA	NA	NA	NA	NA	NA	NA	NA
cg02899093	0.922954653698801	0.91857404489793	0.917846457649481	0.909576816910128	0.905705551295924	0.920645726568366	0.928115537415443	0.905611346620804	0.904968421870391	0.88077113665668	0.909506471849854	0.897342987691054	0.907686508653321	0.941710627215534	0.913388152142578	0.845920454814808	0.901693357397377	0.924687189140023	0.908233046597409	0.931972640169078	0.910191684256361	0.894087382539938	0.930232879917475	0.924574394568196	0.953944366995793	0.950325777403203	0.921777154555409	0.910645395507632	0.913707137985406	0.936575760311034	0.906644914100123	0.942911683254107	0.898508170072941	0.922788963504846	0.930102260512338	0.921896756803795	0.937173494882515	0.916448962435456	0.92522998572392	0.909945295821874	0.886291573175907	0.929468407924803	0.886082871911918	0.921794549872075	0.920955131654137	0.914808544485646	0.922434854679228	0.91872400700193	0.92898140604414	0.930347706788083	0.92545491908982	0.921536184277239	0.904084709817406	0.898844332801908	0.926562899312195	0.924053250807299	0.929520167262257	0.906351150877501	0.940283332260373	0.928906327506142	0.926651854694878	0.90444464620495	0.918384223036636	0.92321443301594	0.907260450986379	0.891957114039503	0.908680651346513	0.921501318141801	0.9096084325625	0.946748838065696	0.933312816203586	0.95117755877344	0.871888450590603	0.905055852532124	0.934884793234826	0.904475994053333	0.932478482924103	0.874497545259958	0.928337042643725	0.912627379240095
cg02906557	NA	NA	NA	NA	NA	NA	NA	NA	NA	NA	NA	NA	NA	NA	NA	NA	NA	NA	NA	NA	NA	NA	NA	NA	NA	NA	NA	NA	NA	NA	NA	NA	NA	NA	NA	NA	NA	NA	NA	NA	NA	NA	NA	NA	NA	NA	NA	NA	NA	NA	NA	NA	NA	NA	NA	NA	NA	NA	NA	NA	NA	NA	NA	NA	NA	NA	NA	NA	NA	NA	NA	NA	NA	NA	NA	NA	NA	NA	NA	NA
cg02965931	0.961702182275284	0.951358679564134	0.946379937030775	0.945809075108734	0.945820912534038	0.944588351380541	0.959198794091438	0.953632453510704	0.943190087290458	0.92538077058535	0.935643584477825	0.943011138500167	0.959160944125321	0.952052471858255	0.940127756599746	0.948867637044388	0.949362720422944	0.95597124587663	0.939871166855678	0.926765233343755	0.949565038495796	0.949643382531813	0.9301485030628	0.930327051874536	0.948943208709741	0.961527699545622	0.941595278747629	0.933922542253828	0.964876289294873	0.952023191910429	0.943331988015822	0.952332563786839	0.942499780852069	0.929516020354965	0.936891287699373	0.955936091902712	0.935457454421484	0.951116340487967	0.93811820311706	0.947240512840977	0.944273531429719	0.939896673440731	0.953493469550243	0.956188948889506	0.9572002163383	0.948865081624529	0.919298116907253	0.939874597802762	0.943615127178494	0.958007023681726	0.957241974454657	0.954142245091773	0.955270402297768	0.923822826517119	0.927567103521107	0.947111074163006	0.955040613618194	0.953001161955448	0.955190977643942	0.962095585873075	0.95439957373851	0.928265523153861	0.960578544035999	0.955982894689576	0.951757096081708	0.959660061488321	0.940551095646486	0.954441140414962	0.944913640144716	0.950265969820203	0.954947049314383	0.961053607339763	0.945453097958405	0.935946232013249	0.946379195184484	0.939481273091084	0.956495699559912	0.944798028993975	0.944767529874297	0.948221488434962
cg02993013	NA	NA	NA	NA	NA	NA	NA	NA	NA	NA	NA	NA	NA	NA	NA	NA	NA	NA	NA	NA	NA	NA	NA	NA	NA	NA	NA	NA	NA	NA	NA	NA	NA	NA	NA	NA	NA	NA	NA	NA	NA	NA	NA	NA	NA	NA	NA	NA	NA	NA	NA	NA	NA	NA	NA	NA	NA	NA	NA	NA	NA	NA	NA	NA	NA	NA	NA	NA	NA	NA	NA	NA	NA	NA	NA	NA	NA	NA	NA	NA
cg02998155	NA	NA	NA	NA	NA	NA	NA	NA	NA	NA	NA	NA	NA	NA	NA	NA	NA	NA	NA	NA	NA	NA	NA	NA	NA	NA	NA	NA	NA	NA	NA	NA	NA	NA	NA	NA	NA	NA	NA	NA	NA	NA	NA	NA	NA	NA	NA	NA	NA	NA	NA	NA	NA	NA	NA	NA	NA	NA	NA	NA	NA	NA	NA	NA	NA	NA	NA	NA	NA	NA	NA	NA	NA	NA	NA	NA	NA	NA	NA	NA
cg03002774	NA	NA	NA	NA	NA	NA	NA	NA	NA	NA	NA	NA	NA	NA	NA	NA	NA	NA	NA	NA	NA	NA	NA	NA	NA	NA	NA	NA	NA	NA	NA	NA	NA	NA	NA	NA	NA	NA	NA	NA	NA	NA	NA	NA	NA	NA	NA	NA	NA	NA	NA	NA	NA	NA	NA	NA	NA	NA	NA	NA	NA	NA	NA	NA	NA	NA	NA	NA	NA	NA	NA	NA	NA	NA	NA	NA	NA	NA	NA	NA
cg03006531	NA	NA	NA	NA	NA	NA	NA	NA	NA	NA	NA	NA	NA	NA	NA	NA	NA	NA	NA	NA	NA	NA	NA	NA	NA	NA	NA	NA	NA	NA	NA	NA	NA	NA	NA	NA	NA	NA	NA	NA	NA	NA	NA	NA	NA	NA	NA	NA	NA	NA	NA	NA	NA	NA	NA	NA	NA	NA	NA	NA	NA	NA	NA	NA	NA	NA	NA	NA	NA	NA	NA	NA	NA	NA	NA	NA	NA	NA	NA	NA
cg03024791	0.769019339502757	0.871051197586605	0.773889144091744	0.79222552183359	0.838407393653947	0.469602751850055	0.74544444122332	0.811464844445078	0.600277608720637	0.846066743020259	0.421264077619695	0.79560166064135	0.819474766101703	0.782934673079178	0.752423363671623	0.444985618527949	0.567591131476082	0.835298950025278	0.74098854166102	0.582540330565852	0.873684329377779	0.854801852275102	0.657031355001651	0.894850709269208	0.525300786135567	0.844323592410131	0.651727132615018	0.625364462813956	0.87021392779597	0.631500636102607	0.503504105313449	0.743824469070191	0.802779090685505	0.829668766747403	0.600375519421972	0.744205133636427	0.817978798608317	0.483739038056366	0.56733460147503	0.87196892863479	0.633039550274052	0.720568580854434	0.56444808027533	0.770966349612704	0.60148418045437	0.729050955561922	0.606024348436257	0.837698033521067	0.866916947976454	0.814241925793173	0.746433985293445	0.883567250990744	0.83706207748774	0.855435411422865	0.778989097274875	0.814072367938367	0.736203021828951	0.78455605214247	0.747435761370142	0.784114228176082	0.645780250625309	0.749515339068418	0.471327415495237	0.189972098310508	0.51650409470888	0.775044003537143	0.747693088942612	0.763307952337771	0.678939296784547	0.852712667308892	0.837669384741825	0.750753550963045	0.695980695708718	0.760228056501754	0.873408610113933	0.752950210511391	0.69480327614467	0.48872616754033	0.813510883316471	0.805305931094306
cg03132202	NA	NA	NA	NA	NA	NA	NA	NA	NA	NA	NA	NA	NA	NA	NA	NA	NA	NA	NA	NA	NA	NA	NA	NA	NA	NA	NA	NA	NA	NA	NA	NA	NA	NA	NA	NA	NA	NA	NA	NA	NA	NA	NA	NA	NA	NA	NA	NA	NA	NA	NA	NA	NA	NA	NA	NA	NA	NA	NA	NA	NA	NA	NA	NA	NA	NA	NA	NA	NA	NA	NA	NA	NA	NA	NA	NA	NA	NA	NA	NA
cg03153172	NA	NA	NA	NA	NA	NA	NA	NA	NA	NA	NA	NA	NA	NA	NA	NA	NA	NA	NA	NA	NA	NA	NA	NA	NA	NA	NA	NA	NA	NA	NA	NA	NA	NA	NA	NA	NA	NA	NA	NA	NA	NA	NA	NA	NA	NA	NA	NA	NA	NA	NA	NA	NA	NA	NA	NA	NA	NA	NA	NA	NA	NA	NA	NA	NA	NA	NA	NA	NA	NA	NA	NA	NA	NA	NA	NA	NA	NA	NA	NA
cg03185975	NA	NA	NA	NA	NA	NA	NA	NA	NA	NA	NA	NA	NA	NA	NA	NA	NA	NA	NA	NA	NA	NA	NA	NA	NA	NA	NA	NA	NA	NA	NA	NA	NA	NA	NA	NA	NA	NA	NA	NA	NA	NA	NA	NA	NA	NA	NA	NA	NA	NA	NA	NA	NA	NA	NA	NA	NA	NA	NA	NA	NA	NA	NA	NA	NA	NA	NA	NA	NA	NA	NA	NA	NA	NA	NA	NA	NA	NA	NA	NA
cg03186367	NA	NA	NA	NA	NA	NA	NA	NA	NA	NA	NA	NA	NA	NA	NA	NA	NA	NA	NA	NA	NA	NA	NA	NA	NA	NA	NA	NA	NA	NA	NA	NA	NA	NA	NA	NA	NA	NA	NA	NA	NA	NA	NA	NA	NA	NA	NA	NA	NA	NA	NA	NA	NA	NA	NA	NA	NA	NA	NA	NA	NA	NA	NA	NA	NA	NA	NA	NA	NA	NA	NA	NA	NA	NA	NA	NA	NA	NA	NA	NA
cg03189593	NA	NA	NA	NA	NA	NA	NA	NA	NA	NA	NA	NA	NA	NA	NA	NA	NA	NA	NA	NA	NA	NA	NA	NA	NA	NA	NA	NA	NA	NA	NA	NA	NA	NA	NA	NA	NA	NA	NA	NA	NA	NA	NA	NA	NA	NA	NA	NA	NA	NA	NA	NA	NA	NA	NA	NA	NA	NA	NA	NA	NA	NA	NA	NA	NA	NA	NA	NA	NA	NA	NA	NA	NA	NA	NA	NA	NA	NA	NA	NA
cg03221698	0.938023990569467	0.94615728957486	0.951336608270527	0.966158592783706	0.955692020189741	0.94051645364279	0.946120379212541	0.93126214316287	0.958562948024091	0.959286755416411	0.960978504292983	0.93320644997365	0.951639156014699	0.952921118477748	0.966266054819067	0.940101312530092	0.962479757413936	0.952370704061161	0.944750033687019	0.94887192770592	0.925259120407902	0.954077009469895	0.947607536728588	0.959402534784898	0.927202804178266	0.961433638840469	0.952146508249226	0.954657018622276	0.911370954468596	0.934428031778491	0.95111391399495	0.944057331566748	0.951564725992491	0.93907161070039	0.946611195221108	0.95808712530748	0.953165040345884	0.952871890437964	0.948689178370859	0.951487204092471	0.962406118909732	0.938668151001804	0.941418722334905	0.923859026025081	0.95795048175891	0.914857002726041	0.94894166722809	0.945907861393307	0.965204893651724	0.948181869828338	0.93665818428354	0.956023404558587	0.952823499376423	0.944039669958813	0.956050756880094	0.952190593930441	0.933029543137206	0.965508440810116	0.943817556159643	0.947434442980222	0.952950090203498	0.940113538353902	0.954084630921212	0.960423858740555	0.951459071302376	0.96200184870863	0.942719653063863	0.95890778614052	0.953210752282433	0.969798177943997	0.956634572568234	0.954111838207738	0.92911097899545	0.941892326284394	0.946253094835279	0.950159413939453	0.945433922291729	0.954235686312895	0.966183535422663	0.944053106695139
cg03233224	NA	NA	NA	NA	NA	NA	NA	NA	NA	NA	NA	NA	NA	NA	NA	NA	NA	NA	NA	NA	NA	NA	NA	NA	NA	NA	NA	NA	NA	NA	NA	NA	NA	NA	NA	NA	NA	NA	NA	NA	NA	NA	NA	NA	NA	NA	NA	NA	NA	NA	NA	NA	NA	NA	NA	NA	NA	NA	NA	NA	NA	NA	NA	NA	NA	NA	NA	NA	NA	NA	NA	NA	NA	NA	NA	NA	NA	NA	NA	NA
cg03247301	0.919447801341575	0.949338164187883	0.556307080248236	0.514408086507946	0.943334075117893	0.909369801548855	0.881369313974407	0.6563015284968	0.657042683789627	0.933548481670395	0.495692624540567	0.53008470565838	0.88381682185073	0.878465893159936	0.759398343448038	0.424472353596203	0.324670529097394	0.856465446006363	0.895487381293177	0.901541964949755	0.949522200676025	0.754033483816755	0.590360162048242	0.925565726750121	0.363452876131025	0.928709319519489	0.683829084582436	0.815062483829268	0.862298793582193	0.917505337673829	0.552200617626985	0.111305620326168	0.643854345876554	0.930517273090702	0.865916425944099	0.547994708933554	0.966686596750269	0.919925499195151	0.93162288421956	0.929056094647896	0.592318549006353	0.613972552971691	0.882168630822322	0.941835858713959	0.886374753327328	0.894584279155661	0.907506866533405	0.966825227457556	0.554605005538332	0.92393793849003	0.94406473965705	0.935552222691079	0.691465705022312	0.883960831083225	0.587964891578902	0.688886034711608	0.631454949222065	0.864130355707919	0.633440128874004	0.930506839281963	0.922582526052624	0.448950641283075	0.606796402337623	0.776796221655404	0.944202221653599	0.719552101793113	0.609771626716762	0.903818203869331	0.872253092387469	0.682191413329711	0.852499519844124	0.415073128584511	0.464212361856007	0.513515933608098	0.224712654774993	0.800050191989028	0.554326662522132	0.725151286431406	0.924891493842754	0.920732067899401
cg03272020	NA	NA	NA	NA	NA	NA	NA	NA	NA	NA	NA	NA	NA	NA	NA	NA	NA	NA	NA	NA	NA	NA	NA	NA	NA	NA	NA	NA	NA	NA	NA	NA	NA	NA	NA	NA	NA	NA	NA	NA	NA	NA	NA	NA	NA	NA	NA	NA	NA	NA	NA	NA	NA	NA	NA	NA	NA	NA	NA	NA	NA	NA	NA	NA	NA	NA	NA	NA	NA	NA	NA	NA	NA	NA	NA	NA	NA	NA	NA	NA
cg03272958	NA	NA	NA	NA	NA	NA	NA	NA	NA	NA	NA	NA	NA	NA	NA	NA	NA	NA	NA	NA	NA	NA	NA	NA	NA	NA	NA	NA	NA	NA	NA	NA	NA	NA	NA	NA	NA	NA	NA	NA	NA	NA	NA	NA	NA	NA	NA	NA	NA	NA	NA	NA	NA	NA	NA	NA	NA	NA	NA	NA	NA	NA	NA	NA	NA	NA	NA	NA	NA	NA	NA	NA	NA	NA	NA	NA	NA	NA	NA	NA
cg03280759	NA	NA	NA	NA	NA	NA	NA	NA	NA	NA	NA	NA	NA	NA	NA	NA	NA	NA	NA	NA	NA	NA	NA	NA	NA	NA	NA	NA	NA	NA	NA	NA	NA	NA	NA	NA	NA	NA	NA	NA	NA	NA	NA	NA	NA	NA	NA	NA	NA	NA	NA	NA	NA	NA	NA	NA	NA	NA	NA	NA	NA	NA	NA	NA	NA	NA	NA	NA	NA	NA	NA	NA	NA	NA	NA	NA	NA	NA	NA	NA
cg03287616	NA	NA	NA	NA	NA	NA	NA	NA	NA	NA	NA	NA	NA	NA	NA	NA	NA	NA	NA	NA	NA	NA	NA	NA	NA	NA	NA	NA	NA	NA	NA	NA	NA	NA	NA	NA	NA	NA	NA	NA	NA	NA	NA	NA	NA	NA	NA	NA	NA	NA	NA	NA	NA	NA	NA	NA	NA	NA	NA	NA	NA	NA	NA	NA	NA	NA	NA	NA	NA	NA	NA	NA	NA	NA	NA	NA	NA	NA	NA	NA
cg03305017	0.95764503227419	0.878904587405816	0.922950117402006	0.949201507248786	0.939228640209264	0.951750106615576	0.939183386546902	0.940792819306734	0.955538414376383	0.945177326746334	0.714690752570771	0.74318819074994	0.957976985148743	0.934691050531872	0.89550406356426	0.362742742966346	0.940508913443479	0.951812280269567	0.954543264120986	0.717721804472127	0.950079658635343	0.944447729973963	0.923149505734792	0.94670921996547	0.948459696709091	0.945718971484925	0.791442091911176	0.949612061266441	0.945277726303309	0.954842939134633	0.948750261119942	0.938664330094996	0.910550841782912	0.79481993703412	0.910925847124587	0.797324511773609	0.95051653507527	0.934191128485868	0.947920162264777	0.925291015002488	0.924026260749047	0.688705184428678	0.640988262554522	0.932268538064653	0.927869579731832	0.882995475184045	0.94020397123883	0.942024662969344	0.948025801543025	0.958150464005407	0.899103395679462	0.953060498364881	0.613784540486465	0.931825120673039	0.939346540027115	0.945727213740811	0.938439665892324	0.677320124677712	0.957081823435524	0.946275599378766	0.95544360234004	0.884073321971	0.95225048705243	0.693018157871556	0.952407912460976	0.889549941874383	0.935652811682588	0.960306187340581	0.948683410560415	0.762183997650311	0.935766889652131	0.954246397693085	0.925317772361438	0.827160293570832	0.874235223495714	0.925879102562865	0.952191690667274	0.937601948708296	0.950810763656381	0.856336606775315
cg03329408	NA	NA	NA	NA	NA	NA	NA	NA	NA	NA	NA	NA	NA	NA	NA	NA	NA	NA	NA	NA	NA	NA	NA	NA	NA	NA	NA	NA	NA	NA	NA	NA	NA	NA	NA	NA	NA	NA	NA	NA	NA	NA	NA	NA	NA	NA	NA	NA	NA	NA	NA	NA	NA	NA	NA	NA	NA	NA	NA	NA	NA	NA	NA	NA	NA	NA	NA	NA	NA	NA	NA	NA	NA	NA	NA	NA	NA	NA	NA	NA
cg03335128	0.938406091864107	0.933170980386413	0.91437546121301	0.909752947199427	0.928275843733621	0.875359397624764	0.938337375314134	0.95111271141856	0.897157588756729	0.909911742212082	0.936026013566706	0.920358475202939	0.905531829275711	0.924711366513327	0.928212099111673	0.897652423905548	0.938334098701291	0.926063613935971	0.910554871786872	0.875947157338562	0.929674269299987	0.935528725128309	0.923087051011997	0.843736279816373	0.90869301534956	0.919385862151009	0.890423624473231	0.903959108534919	0.927413996445128	0.901731791040717	0.90828437284937	0.930418308628061	0.943867749222496	0.923291868380904	0.930173163500919	0.936736701996692	0.924746629041262	0.915875110299494	0.901376431596884	0.921395408849189	0.91346816934828	0.915644186479418	0.94554965064305	0.917566778931541	0.933362337174318	0.911811746424688	0.917191841453082	0.838866997880663	0.92866452844148	0.939056562404766	0.759945316187272	0.898911458329473	0.897317509430271	0.907427780797698	0.92282992737469	0.938505430584232	0.932346672200814	0.938112327426885	0.930545501118632	0.905091920095332	0.918496159297204	0.92154872502142	0.922733022862748	0.913194710155316	0.933989070884458	0.930622880917046	0.90394671309256	0.915780629772545	0.910357658709196	0.92318733489747	0.913610996803508	0.914714525874924	0.919466793105338	0.90909996732381	0.878996527042988	0.916756679347623	0.930270293898963	0.897107445622811	0.927295532023119	0.940474726520127
cg03336458	0.963394287911431	0.966044112027781	0.939170512339718	0.968031678614227	0.955383956903261	0.955558021422187	0.951696626682461	0.957590939638232	0.952255191186099	0.95964089551572	0.964512217536631	0.972408849847727	0.9746946209143	0.931245683896245	0.960269170169844	0.943830630757319	0.953444316202801	0.949950099520269	0.964359690641301	0.929675623418037	0.954926175481932	0.961866664337921	0.94520743737968	0.920900334746285	0.952379046314824	0.945584262084309	0.884166428284826	0.962005537395598	0.961191975853413	0.956090710452934	0.952700153710932	0.961516228631587	0.918501643500382	0.958745442702633	0.916828761792064	0.965323482493588	0.960600243628481	0.960791906527162	0.960451514917789	0.954772497924467	0.940930258607455	0.918923352929627	0.953928844244314	0.939516470002235	0.968154605235031	0.914261931127749	0.960898228605614	0.950087537024541	0.964251289571507	0.928461667745847	0.951925176477877	0.951387509698557	0.956988397107686	0.95003706205874	0.96257906748347	0.955456075076452	0.95320362766795	0.950203790818984	0.965087311453962	0.965370668164367	0.97090879963324	0.952035351332282	0.964679410945542	0.95680171395312	0.958134716319968	0.945416821015629	0.944424367523614	0.958947914177351	0.968981856347421	0.959775456988513	0.952836913189643	0.957083552809617	0.947920469965876	0.92676533515125	0.94996039897093	0.91316757328161	0.961823798963695	0.926869382375559	0.949165075532915	0.952032522782559
cg03342862	NA	NA	NA	NA	NA	NA	NA	NA	NA	NA	NA	NA	NA	NA	NA	NA	NA	NA	NA	NA	NA	NA	NA	NA	NA	NA	NA	NA	NA	NA	NA	NA	NA	NA	NA	NA	NA	NA	NA	NA	NA	NA	NA	NA	NA	NA	NA	NA	NA	NA	NA	NA	NA	NA	NA	NA	NA	NA	NA	NA	NA	NA	NA	NA	NA	NA	NA	NA	NA	NA	NA	NA	NA	NA	NA	NA	NA	NA	NA	NA
cg03344608	NA	NA	NA	NA	NA	NA	NA	NA	NA	NA	NA	NA	NA	NA	NA	NA	NA	NA	NA	NA	NA	NA	NA	NA	NA	NA	NA	NA	NA	NA	NA	NA	NA	NA	NA	NA	NA	NA	NA	NA	NA	NA	NA	NA	NA	NA	NA	NA	NA	NA	NA	NA	NA	NA	NA	NA	NA	NA	NA	NA	NA	NA	NA	NA	NA	NA	NA	NA	NA	NA	NA	NA	NA	NA	NA	NA	NA	NA	NA	NA
cg03370330	0.935021581123296	0.910136802978189	0.669191668961344	0.91865500014251	0.635472482750664	0.9450418347287	0.921481469103489	0.934104034878705	0.629198804985776	0.944394071047284	0.46182100945012	0.619235453664792	0.66815761389264	0.624779695228433	0.564872618357926	0.687236972149007	0.946110701208892	0.816554248086248	0.697782394710586	0.95246414185758	0.945550876041454	0.932405034999123	0.49576753241052	0.944571869451917	0.545661005079016	0.963898133930057	0.607118934924293	0.352102550469161	0.69575024551955	0.95335504171339	0.792316005749769	0.567804063233197	0.928118378502419	0.798895485764649	0.76091097355339	0.586375791082117	0.639601635425176	0.626492732034158	0.94162869039077	0.921043661038118	0.737874661306292	0.922383013176661	0.769798803635125	0.591630486585988	0.569771016972901	0.656735234327621	0.708189330018435	0.928046241389629	0.923133708466931	0.928147280552003	0.509285536048021	0.780913236110506	0.960368974140434	0.935634452605527	0.940868643872046	0.661599619656489	0.946798749494814	0.529210418572	0.959123844301425	0.60595761085051	0.561334795326493	0.572629116941785	0.95897400860874	0.946848255425557	0.686997172179418	0.686666320972467	0.357481717755549	0.866947612711431	0.954200778514423	0.956045164051325	0.580338095267097	0.648914949300031	0.724281084210468	0.847259079228465	0.5483419909725	0.762919779843763	0.954665888624828	0.868907886267485	0.958581886913878	0.914490863680145
cg03374148	0.930925608595937	0.911530687929198	0.738441568692553	0.909016363406801	0.920978121859813	0.927605349543111	0.917228058270191	0.907088353763337	0.640048720705563	0.834466937078902	0.808753055109414	0.717866389939642	0.929476746579623	0.899768498469996	0.934579770575584	0.394598996995353	0.647108401928167	0.897987485741161	0.859045952687929	0.882230247445913	0.920457015671121	0.930456697692501	0.773361856812757	0.922068275984416	0.912595391475258	0.935737180609181	0.805165519399083	0.644272651526091	0.930413964242207	0.943901502983317	0.859488117040345	0.916490799316445	0.916677773801115	0.785241790116072	0.875990472953017	0.757358504606522	0.598625438705193	0.907861889711699	0.91947836111283	0.899276753971822	0.644268845553857	0.890612993988689	0.420514374963468	0.940646203213358	0.898705026614194	0.879666234775576	0.718140669103988	0.905496619278128	0.909928728994569	0.922673952007279	0.917354404139761	0.929557802275309	0.933910400865408	0.904908173394406	0.923838592109154	0.92585422836464	0.947582724546668	0.910837552985799	0.902668635720765	0.928769852084333	0.898620915192317	0.513439965071011	0.930938122618835	0.890610129692381	0.929808341509951	0.807224369749736	0.657640756442391	0.863523596910341	0.941674412295294	0.930386082393817	0.925672283884778	0.923608676434643	0.562787094409791	0.907794757202731	0.927923851194595	0.900716583692357	0.939759325302197	0.741529513596045	0.925107308346149	0.917133973575752
cg03393472	NA	NA	NA	NA	NA	NA	NA	NA	NA	NA	NA	NA	NA	NA	NA	NA	NA	NA	NA	NA	NA	NA	NA	NA	NA	NA	NA	NA	NA	NA	NA	NA	NA	NA	NA	NA	NA	NA	NA	NA	NA	NA	NA	NA	NA	NA	NA	NA	NA	NA	NA	NA	NA	NA	NA	NA	NA	NA	NA	NA	NA	NA	NA	NA	NA	NA	NA	NA	NA	NA	NA	NA	NA	NA	NA	NA	NA	NA	NA	NA
cg03400512	NA	NA	NA	NA	NA	NA	NA	NA	NA	NA	NA	NA	NA	NA	NA	NA	NA	NA	NA	NA	NA	NA	NA	NA	NA	NA	NA	NA	NA	NA	NA	NA	NA	NA	NA	NA	NA	NA	NA	NA	NA	NA	NA	NA	NA	NA	NA	NA	NA	NA	NA	NA	NA	NA	NA	NA	NA	NA	NA	NA	NA	NA	NA	NA	NA	NA	NA	NA	NA	NA	NA	NA	NA	NA	NA	NA	NA	NA	NA	NA
cg03461361	NA	NA	NA	NA	NA	NA	NA	NA	NA	NA	NA	NA	NA	NA	NA	NA	NA	NA	NA	NA	NA	NA	NA	NA	NA	NA	NA	NA	NA	NA	NA	NA	NA	NA	NA	NA	NA	NA	NA	NA	NA	NA	NA	NA	NA	NA	NA	NA	NA	NA	NA	NA	NA	NA	NA	NA	NA	NA	NA	NA	NA	NA	NA	NA	NA	NA	NA	NA	NA	NA	NA	NA	NA	NA	NA	NA	NA	NA	NA	NA
cg03474461	NA	NA	NA	NA	NA	NA	NA	NA	NA	NA	NA	NA	NA	NA	NA	NA	NA	NA	NA	NA	NA	NA	NA	NA	NA	NA	NA	NA	NA	NA	NA	NA	NA	NA	NA	NA	NA	NA	NA	NA	NA	NA	NA	NA	NA	NA	NA	NA	NA	NA	NA	NA	NA	NA	NA	NA	NA	NA	NA	NA	NA	NA	NA	NA	NA	NA	NA	NA	NA	NA	NA	NA	NA	NA	NA	NA	NA	NA	NA	NA
cg03511766	NA	NA	NA	NA	NA	NA	NA	NA	NA	NA	NA	NA	NA	NA	NA	NA	NA	NA	NA	NA	NA	NA	NA	NA	NA	NA	NA	NA	NA	NA	NA	NA	NA	NA	NA	NA	NA	NA	NA	NA	NA	NA	NA	NA	NA	NA	NA	NA	NA	NA	NA	NA	NA	NA	NA	NA	NA	NA	NA	NA	NA	NA	NA	NA	NA	NA	NA	NA	NA	NA	NA	NA	NA	NA	NA	NA	NA	NA	NA	NA
cg03516394	NA	NA	NA	NA	NA	NA	NA	NA	NA	NA	NA	NA	NA	NA	NA	NA	NA	NA	NA	NA	NA	NA	NA	NA	NA	NA	NA	NA	NA	NA	NA	NA	NA	NA	NA	NA	NA	NA	NA	NA	NA	NA	NA	NA	NA	NA	NA	NA	NA	NA	NA	NA	NA	NA	NA	NA	NA	NA	NA	NA	NA	NA	NA	NA	NA	NA	NA	NA	NA	NA	NA	NA	NA	NA	NA	NA	NA	NA	NA	NA
cg03525847	NA	NA	NA	NA	NA	NA	NA	NA	NA	NA	NA	NA	NA	NA	NA	NA	NA	NA	NA	NA	NA	NA	NA	NA	NA	NA	NA	NA	NA	NA	NA	NA	NA	NA	NA	NA	NA	NA	NA	NA	NA	NA	NA	NA	NA	NA	NA	NA	NA	NA	NA	NA	NA	NA	NA	NA	NA	NA	NA	NA	NA	NA	NA	NA	NA	NA	NA	NA	NA	NA	NA	NA	NA	NA	NA	NA	NA	NA	NA	NA
cg03526100	NA	NA	NA	NA	NA	NA	NA	NA	NA	NA	NA	NA	NA	NA	NA	NA	NA	NA	NA	NA	NA	NA	NA	NA	NA	NA	NA	NA	NA	NA	NA	NA	NA	NA	NA	NA	NA	NA	NA	NA	NA	NA	NA	NA	NA	NA	NA	NA	NA	NA	NA	NA	NA	NA	NA	NA	NA	NA	NA	NA	NA	NA	NA	NA	NA	NA	NA	NA	NA	NA	NA	NA	NA	NA	NA	NA	NA	NA	NA	NA
cg03561071	0.941976629832383	0.948525224606916	0.92947814894852	0.948142229646231	0.952374248541556	0.956178585992499	0.918377748378761	0.955381348893921	0.948127888468862	0.958476892246766	0.936282190268198	0.944885607823883	0.95862346060836	0.953459914139457	0.946226768360156	0.925768199211288	0.956253081177078	0.95112683119737	0.951547152995767	0.956554610922508	0.944223418177509	0.943192549365431	0.9474750602427	0.962961935159356	0.942580182020667	0.943871229933328	0.884960164263198	0.941895598233584	0.968127207250667	0.960423228676584	0.95748532205308	0.714918761650345	0.931869379624169	0.94888754721394	0.901881417306757	0.955113174443249	0.945994846923775	0.951896676169239	0.929601143501756	0.946542315508401	0.90652717143904	0.887894010248197	0.949890620389363	0.95303434433137	0.946225326886155	0.917500968679322	0.925336106770826	0.944350523247228	0.952654047629117	0.94701976576589	0.957268450581026	0.951843771456125	0.942026163446364	0.92636756039621	0.946595788897633	0.946298794050476	0.954525075279351	0.953425518478863	0.959290317221303	0.950511176287188	0.953911228037387	0.94287880093689	0.956716462235105	0.95085072759349	0.960513483199862	0.940465429864564	0.948340709177586	0.952518525659166	0.95513318304581	0.956869535316594	0.945783718843539	0.946127990105009	0.907806507633752	0.925117792898654	0.949113628900808	0.948518376380589	0.941066903762693	0.91339116190497	0.942133699860648	0.955197735951252
cg03567106	NA	NA	NA	NA	NA	NA	NA	NA	NA	NA	NA	NA	NA	NA	NA	NA	NA	NA	NA	NA	NA	NA	NA	NA	NA	NA	NA	NA	NA	NA	NA	NA	NA	NA	NA	NA	NA	NA	NA	NA	NA	NA	NA	NA	NA	NA	NA	NA	NA	NA	NA	NA	NA	NA	NA	NA	NA	NA	NA	NA	NA	NA	NA	NA	NA	NA	NA	NA	NA	NA	NA	NA	NA	NA	NA	NA	NA	NA	NA	NA
cg03578552	NA	NA	NA	NA	NA	NA	NA	NA	NA	NA	NA	NA	NA	NA	NA	NA	NA	NA	NA	NA	NA	NA	NA	NA	NA	NA	NA	NA	NA	NA	NA	NA	NA	NA	NA	NA	NA	NA	NA	NA	NA	NA	NA	NA	NA	NA	NA	NA	NA	NA	NA	NA	NA	NA	NA	NA	NA	NA	NA	NA	NA	NA	NA	NA	NA	NA	NA	NA	NA	NA	NA	NA	NA	NA	NA	NA	NA	NA	NA	NA
cg03606093	NA	NA	NA	NA	NA	NA	NA	NA	NA	NA	NA	NA	NA	NA	NA	NA	NA	NA	NA	NA	NA	NA	NA	NA	NA	NA	NA	NA	NA	NA	NA	NA	NA	NA	NA	NA	NA	NA	NA	NA	NA	NA	NA	NA	NA	NA	NA	NA	NA	NA	NA	NA	NA	NA	NA	NA	NA	NA	NA	NA	NA	NA	NA	NA	NA	NA	NA	NA	NA	NA	NA	NA	NA	NA	NA	NA	NA	NA	NA	NA
cg03646967	NA	NA	NA	NA	NA	NA	NA	NA	NA	NA	NA	NA	NA	NA	NA	NA	NA	NA	NA	NA	NA	NA	NA	NA	NA	NA	NA	NA	NA	NA	NA	NA	NA	NA	NA	NA	NA	NA	NA	NA	NA	NA	NA	NA	NA	NA	NA	NA	NA	NA	NA	NA	NA	NA	NA	NA	NA	NA	NA	NA	NA	NA	NA	NA	NA	NA	NA	NA	NA	NA	NA	NA	NA	NA	NA	NA	NA	NA	NA	NA
cg03659851	NA	NA	NA	NA	NA	NA	NA	NA	NA	NA	NA	NA	NA	NA	NA	NA	NA	NA	NA	NA	NA	NA	NA	NA	NA	NA	NA	NA	NA	NA	NA	NA	NA	NA	NA	NA	NA	NA	NA	NA	NA	NA	NA	NA	NA	NA	NA	NA	NA	NA	NA	NA	NA	NA	NA	NA	NA	NA	NA	NA	NA	NA	NA	NA	NA	NA	NA	NA	NA	NA	NA	NA	NA	NA	NA	NA	NA	NA	NA	NA
cg03663072	NA	NA	NA	NA	NA	NA	NA	NA	NA	NA	NA	NA	NA	NA	NA	NA	NA	NA	NA	NA	NA	NA	NA	NA	NA	NA	NA	NA	NA	NA	NA	NA	NA	NA	NA	NA	NA	NA	NA	NA	NA	NA	NA	NA	NA	NA	NA	NA	NA	NA	NA	NA	NA	NA	NA	NA	NA	NA	NA	NA	NA	NA	NA	NA	NA	NA	NA	NA	NA	NA	NA	NA	NA	NA	NA	NA	NA	NA	NA	NA
cg03667040	NA	NA	NA	NA	NA	NA	NA	NA	NA	NA	NA	NA	NA	NA	NA	NA	NA	NA	NA	NA	NA	NA	NA	NA	NA	NA	NA	NA	NA	NA	NA	NA	NA	NA	NA	NA	NA	NA	NA	NA	NA	NA	NA	NA	NA	NA	NA	NA	NA	NA	NA	NA	NA	NA	NA	NA	NA	NA	NA	NA	NA	NA	NA	NA	NA	NA	NA	NA	NA	NA	NA	NA	NA	NA	NA	NA	NA	NA	NA	NA
cg03777697	0.946635444707867	0.945842539476303	0.8784703477377	0.917308222588523	0.90287835867472	0.903335022903959	0.904455795487361	0.907599236753666	0.892255939045459	0.894640569937441	0.928716224520544	0.909585370732227	0.932943145350447	0.880453201733639	0.92793270742043	0.917946969754996	0.904791526803931	0.913607514932894	0.912764452861275	0.899915935058411	0.869962398127608	0.897079145970103	0.897267884498747	0.888102826056949	0.914351668818597	0.921476859578803	0.898907097407621	0.920926967711943	0.921297722502221	0.901917072223279	0.867169392634677	0.873014699788224	0.900557753890003	0.886340829003476	0.916114118778465	0.928400791484468	0.876253438660224	0.89564575648299	0.894591608192136	0.91081743948537	0.924235808149107	0.917499936698815	0.921014522858595	0.93529607893263	0.934826811250361	0.918564328742932	0.904971912494229	0.86691124349507	0.884191702194991	0.924611673191081	0.933209251939932	0.932739480511246	0.929609240046842	0.912959646516778	0.916458876392754	0.892700572668535	0.933974014695691	0.908292091581329	0.906602647299035	0.931392705276306	0.915040288889717	0.911005162981431	0.903145225024266	0.862551041092645	0.92408379922047	0.898982721713552	0.909692908529081	0.915337092214657	0.917433800324792	0.875357831696717	0.924959767271508	0.928985421425532	0.896377586497172	0.914034747521034	0.840770094297504	0.887064625184749	0.934132734376578	0.915498724968071	0.915531095656823	0.914443796542728
cg03796122	NA	NA	NA	NA	NA	NA	NA	NA	NA	NA	NA	NA	NA	NA	NA	NA	NA	NA	NA	NA	NA	NA	NA	NA	NA	NA	NA	NA	NA	NA	NA	NA	NA	NA	NA	NA	NA	NA	NA	NA	NA	NA	NA	NA	NA	NA	NA	NA	NA	NA	NA	NA	NA	NA	NA	NA	NA	NA	NA	NA	NA	NA	NA	NA	NA	NA	NA	NA	NA	NA	NA	NA	NA	NA	NA	NA	NA	NA	NA	NA
cg03826683	NA	NA	NA	NA	NA	NA	NA	NA	NA	NA	NA	NA	NA	NA	NA	NA	NA	NA	NA	NA	NA	NA	NA	NA	NA	NA	NA	NA	NA	NA	NA	NA	NA	NA	NA	NA	NA	NA	NA	NA	NA	NA	NA	NA	NA	NA	NA	NA	NA	NA	NA	NA	NA	NA	NA	NA	NA	NA	NA	NA	NA	NA	NA	NA	NA	NA	NA	NA	NA	NA	NA	NA	NA	NA	NA	NA	NA	NA	NA	NA
cg03833216	0.920288020904922	0.95692473252171	NA	0.845519171736416	0.839138325247059	0.888310547218551	0.901433286729574	0.919793374012861	0.902838268785817	0.883300481229667	0.847192419515555	NA	0.914334887652205	0.888792386173358	0.921446941040529	NA	0.885160387944186	0.836555107023023	0.871740756605345	0.83768013404604	0.860284218397002	0.871394413788655	0.903859661103507	0.855333945230754	0.903129852239499	0.908935129134699	NA	0.86582515391492	0.88667782032998	0.863085102750057	NA	NA	NA	0.890198008342373	0.836646189645516	0.902119398229522	NA	NA	NA	0.894129457173575	0.730285193496355	0.846024030300519	0.913515131685417	0.910576736530489	0.88570650748749	NA	0.865638739810906	NA	0.870472878654933	0.928307269538224	0.9064083176189	0.905941706655218	0.870486108391818	0.854963655754009	0.902688035029994	0.878072057340749	0.917672094651876	0.888502327376362	NA	0.893813157345373	0.885692570460533	NA	0.859991292269459	0.903490479823624	0.89283059918684	0.921621258630869	0.886434928668743	0.899986948923636	0.920926650886982	NA	0.903189599386088	0.916860416391639	NA	0.89284928174226	0.854806609027539	NA	0.891084004911971	0.869212043864337	0.864814576547469	0.882787790150494
cg03838823	NA	NA	NA	NA	NA	NA	NA	NA	NA	NA	NA	NA	NA	NA	NA	NA	NA	NA	NA	NA	NA	NA	NA	NA	NA	NA	NA	NA	NA	NA	NA	NA	NA	NA	NA	NA	NA	NA	NA	NA	NA	NA	NA	NA	NA	NA	NA	NA	NA	NA	NA	NA	NA	NA	NA	NA	NA	NA	NA	NA	NA	NA	NA	NA	NA	NA	NA	NA	NA	NA	NA	NA	NA	NA	NA	NA	NA	NA	NA	NA
cg03840912	0.943859631112342	0.958779163186581	0.958061706433724	0.944802493388266	0.954569310180427	0.950926295533185	0.96097613395062	0.932527550050666	0.972627831831181	0.945978164446721	0.885456527961557	0.925095110477635	0.603561438268395	0.956167776747507	0.947029500545191	0.905329950912981	0.938930958779391	0.950870064506244	0.935157646131697	0.938487313678037	0.960656253766797	0.93762080452061	0.934513120011588	0.939492455918284	0.936380117807565	0.956487996482908	0.955160743507389	0.947968181515077	0.94715944020655	0.9313236051264	0.946119520876037	0.955400703886961	0.9409076056904	0.953774821512538	0.952301806430073	0.962730909142056	0.948361164746196	0.939328476140375	0.934832041268872	0.949120400071038	0.870348436687608	0.949541774860967	0.915193752856437	0.956656364951573	0.701458154370763	0.939527206683986	0.947918848111906	0.914218003203114	0.957165422962687	0.966884855390741	0.964010273395522	0.950036547373037	0.949779396261312	0.914158276906755	0.93465577343193	0.960735352611764	0.954541041933126	0.942912353571444	0.955294409079586	0.951125753624714	0.960367016476065	0.942659983117162	0.962405892296103	0.942973002075943	0.935220109050455	0.969214918932208	0.94817905826366	0.952275417792544	0.941081780844371	0.95717624038081	0.967233040405566	0.957580797863447	0.86508778908183	0.956960732165459	0.959061568360859	0.947359253670848	0.949140653354639	0.947102588658403	0.96691387338192	0.945322557246086
cg03843092	0.374424062662146	0.661491718085032	0.446777554961058	0.58573914398893	0.554096062572316	0.951042250799358	0.623901412858572	0.751433885790853	0.934396234264645	0.450034138240051	0.153779546672211	0.283679300040543	0.337418832483331	0.818662234807437	0.211391776748224	0.132025179525151	0.559910058727716	0.091829905944777	0.107906237536704	0.911859801527527	0.143402046208469	0.831799805316624	0.82297330025899	0.594143136749584	0.929555016755809	0.878113066205593	0.66426755501134	0.492437887982627	0.698720380464501	0.62121641716395	0.833468089018213	0.303847573285321	0.572324250098086	0.920214094912735	0.310699497588821	0.579983163980637	0.908981614591622	0.912079166459941	0.894727397983442	0.726753773904356	NA	0.859793545492056	0.486517526690426	0.463168876298744	0.224358457891014	0.463595855224637	0.446832012060735	0.94404642125979	0.877319656470589	0.597082687055132	0.938397319747771	0.0912950821866149	0.679612488442734	0.318967936480274	0.592741604838778	0.945353428510194	0.531690848640801	0.643200724470989	0.0993111313392779	0.642619635754885	0.883281293482462	0.515865736178524	0.920821870496158	0.30823210414053	0.632003336776443	0.303503444890977	0.515987799618155	0.510379470512346	0.874532552957991	0.647777223677285	0.114797205536465	0.91265901706788	0.229925374599762	0.420316967395908	0.916514087189607	0.728552945832334	0.127345734453701	0.403864021915352	0.950414919681139	0.768575850132365
cg03859106	NA	NA	NA	NA	NA	NA	NA	NA	NA	NA	NA	NA	NA	NA	NA	NA	NA	NA	NA	NA	NA	NA	NA	NA	NA	NA	NA	NA	NA	NA	NA	NA	NA	NA	NA	NA	NA	NA	NA	NA	NA	NA	NA	NA	NA	NA	NA	NA	NA	NA	NA	NA	NA	NA	NA	NA	NA	NA	NA	NA	NA	NA	NA	NA	NA	NA	NA	NA	NA	NA	NA	NA	NA	NA	NA	NA	NA	NA	NA	NA
cg03885144	NA	NA	NA	NA	NA	NA	NA	NA	NA	NA	NA	NA	NA	NA	NA	NA	NA	NA	NA	NA	NA	NA	NA	NA	NA	NA	NA	NA	NA	NA	NA	NA	NA	NA	NA	NA	NA	NA	NA	NA	NA	NA	NA	NA	NA	NA	NA	NA	NA	NA	NA	NA	NA	NA	NA	NA	NA	NA	NA	NA	NA	NA	NA	NA	NA	NA	NA	NA	NA	NA	NA	NA	NA	NA	NA	NA	NA	NA	NA	NA
cg03890998	NA	NA	NA	NA	NA	NA	NA	NA	NA	NA	NA	NA	NA	NA	NA	NA	NA	NA	NA	NA	NA	NA	NA	NA	NA	NA	NA	NA	NA	NA	NA	NA	NA	NA	NA	NA	NA	NA	NA	NA	NA	NA	NA	NA	NA	NA	NA	NA	NA	NA	NA	NA	NA	NA	NA	NA	NA	NA	NA	NA	NA	NA	NA	NA	NA	NA	NA	NA	NA	NA	NA	NA	NA	NA	NA	NA	NA	NA	NA	NA
cg03913000	NA	NA	NA	NA	NA	NA	NA	NA	NA	NA	NA	NA	NA	NA	NA	NA	NA	NA	NA	NA	NA	NA	NA	NA	NA	NA	NA	NA	NA	NA	NA	NA	NA	NA	NA	NA	NA	NA	NA	NA	NA	NA	NA	NA	NA	NA	NA	NA	NA	NA	NA	NA	NA	NA	NA	NA	NA	NA	NA	NA	NA	NA	NA	NA	NA	NA	NA	NA	NA	NA	NA	NA	NA	NA	NA	NA	NA	NA	NA	NA
cg03933786	NA	NA	NA	NA	NA	NA	NA	NA	NA	NA	NA	NA	NA	NA	NA	NA	NA	NA	NA	NA	NA	NA	NA	NA	NA	NA	NA	NA	NA	NA	NA	NA	NA	NA	NA	NA	NA	NA	NA	NA	NA	NA	NA	NA	NA	NA	NA	NA	NA	NA	NA	NA	NA	NA	NA	NA	NA	NA	NA	NA	NA	NA	NA	NA	NA	NA	NA	NA	NA	NA	NA	NA	NA	NA	NA	NA	NA	NA	NA	NA
cg03935072	NA	NA	NA	NA	NA	NA	NA	NA	NA	NA	NA	NA	NA	NA	NA	NA	NA	NA	NA	NA	NA	NA	NA	NA	NA	NA	NA	NA	NA	NA	NA	NA	NA	NA	NA	NA	NA	NA	NA	NA	NA	NA	NA	NA	NA	NA	NA	NA	NA	NA	NA	NA	NA	NA	NA	NA	NA	NA	NA	NA	NA	NA	NA	NA	NA	NA	NA	NA	NA	NA	NA	NA	NA	NA	NA	NA	NA	NA	NA	NA
cg03996098	NA	NA	NA	NA	NA	NA	NA	NA	NA	NA	NA	NA	NA	NA	NA	NA	NA	NA	NA	NA	NA	NA	NA	NA	NA	NA	NA	NA	NA	NA	NA	NA	NA	NA	NA	NA	NA	NA	NA	NA	NA	NA	NA	NA	NA	NA	NA	NA	NA	NA	NA	NA	NA	NA	NA	NA	NA	NA	NA	NA	NA	NA	NA	NA	NA	NA	NA	NA	NA	NA	NA	NA	NA	NA	NA	NA	NA	NA	NA	NA
cg04002935	NA	NA	NA	NA	NA	NA	NA	NA	NA	NA	NA	NA	NA	NA	NA	NA	NA	NA	NA	NA	NA	NA	NA	NA	NA	NA	NA	NA	NA	NA	NA	NA	NA	NA	NA	NA	NA	NA	NA	NA	NA	NA	NA	NA	NA	NA	NA	NA	NA	NA	NA	NA	NA	NA	NA	NA	NA	NA	NA	NA	NA	NA	NA	NA	NA	NA	NA	NA	NA	NA	NA	NA	NA	NA	NA	NA	NA	NA	NA	NA
cg04006206	NA	NA	NA	NA	NA	NA	NA	NA	NA	NA	NA	NA	NA	NA	NA	NA	NA	NA	NA	NA	NA	NA	NA	NA	NA	NA	NA	NA	NA	NA	NA	NA	NA	NA	NA	NA	NA	NA	NA	NA	NA	NA	NA	NA	NA	NA	NA	NA	NA	NA	NA	NA	NA	NA	NA	NA	NA	NA	NA	NA	NA	NA	NA	NA	NA	NA	NA	NA	NA	NA	NA	NA	NA	NA	NA	NA	NA	NA	NA	NA
cg04026763	NA	NA	NA	NA	NA	NA	NA	NA	NA	NA	NA	NA	NA	NA	NA	NA	NA	NA	NA	NA	NA	NA	NA	NA	NA	NA	NA	NA	NA	NA	NA	NA	NA	NA	NA	NA	NA	NA	NA	NA	NA	NA	NA	NA	NA	NA	NA	NA	NA	NA	NA	NA	NA	NA	NA	NA	NA	NA	NA	NA	NA	NA	NA	NA	NA	NA	NA	NA	NA	NA	NA	NA	NA	NA	NA	NA	NA	NA	NA	NA
cg04031354	NA	NA	NA	NA	NA	NA	NA	NA	NA	NA	NA	NA	NA	NA	NA	NA	NA	NA	NA	NA	NA	NA	NA	NA	NA	NA	NA	NA	NA	NA	NA	NA	NA	NA	NA	NA	NA	NA	NA	NA	NA	NA	NA	NA	NA	NA	NA	NA	NA	NA	NA	NA	NA	NA	NA	NA	NA	NA	NA	NA	NA	NA	NA	NA	NA	NA	NA	NA	NA	NA	NA	NA	NA	NA	NA	NA	NA	NA	NA	NA
cg04055096	0.929489634930563	0.930484790364359	0.900687522052542	0.919019526699076	0.911675979501414	0.937139025180488	0.915925939941721	0.905278211024787	0.93733802271253	0.929154377207653	0.66091620362243	0.875934179164556	0.935829314077289	0.927923220784137	0.903586243394839	0.903316241146685	0.939495662352056	0.937533235898853	0.919811061984463	0.955147178883914	0.929024301498599	0.928254043985434	0.917565445942631	0.941507630992208	0.918037139578326	0.92914431291018	0.924883057306868	0.924653936604066	0.935023617622675	0.958212742142889	0.912135886008459	0.943520184238755	0.912085941376396	0.92302789339473	0.915525059784949	0.926949321146116	0.945441465532296	0.892874152613231	0.924466902444757	0.92559749773373	0.896106239242979	0.914201667225412	0.919239793049056	0.949551045121741	0.909576027532763	0.902995293032508	0.919087255335346	0.936058557269305	0.918084971668801	0.925397358265005	0.76897007349876	0.927874944684369	0.925283899227273	0.939929875811965	0.942822638308824	0.92950033762238	0.930987793538043	0.944263584795471	0.937431725196009	0.938032881119857	0.907719553959904	0.918546098994878	0.938006034188026	0.936036610582617	0.906324736244583	0.898086217046577	0.934733808651002	0.917497565810572	0.931381438601603	0.943173375210034	0.900329718449851	0.857316154592087	0.940325896845816	0.933325389284165	0.927849142455186	0.902644196999907	0.908896978172945	0.910287840537587	0.919331181943781	0.920647682047305
cg04062303	NA	NA	NA	NA	NA	NA	NA	NA	NA	NA	NA	NA	NA	NA	NA	NA	NA	NA	NA	NA	NA	NA	NA	NA	NA	NA	NA	NA	NA	NA	NA	NA	NA	NA	NA	NA	NA	NA	NA	NA	NA	NA	NA	NA	NA	NA	NA	NA	NA	NA	NA	NA	NA	NA	NA	NA	NA	NA	NA	NA	NA	NA	NA	NA	NA	NA	NA	NA	NA	NA	NA	NA	NA	NA	NA	NA	NA	NA	NA	NA
cg04076763	NA	NA	NA	NA	NA	NA	NA	NA	NA	NA	NA	NA	NA	NA	NA	NA	NA	NA	NA	NA	NA	NA	NA	NA	NA	NA	NA	NA	NA	NA	NA	NA	NA	NA	NA	NA	NA	NA	NA	NA	NA	NA	NA	NA	NA	NA	NA	NA	NA	NA	NA	NA	NA	NA	NA	NA	NA	NA	NA	NA	NA	NA	NA	NA	NA	NA	NA	NA	NA	NA	NA	NA	NA	NA	NA	NA	NA	NA	NA	NA
cg04100169	NA	NA	NA	NA	NA	NA	NA	NA	NA	NA	NA	NA	NA	NA	NA	NA	NA	NA	NA	NA	NA	NA	NA	NA	NA	NA	NA	NA	NA	NA	NA	NA	NA	NA	NA	NA	NA	NA	NA	NA	NA	NA	NA	NA	NA	NA	NA	NA	NA	NA	NA	NA	NA	NA	NA	NA	NA	NA	NA	NA	NA	NA	NA	NA	NA	NA	NA	NA	NA	NA	NA	NA	NA	NA	NA	NA	NA	NA	NA	NA
cg04103847	0.607404161511674	0.644040248227831	0.47443551182339	0.781895116668081	0.663481152620938	0.517957628666386	0.874294186741921	0.34789530477991	0.876129254262227	0.507088629329913	0.0664555897214557	0.75286849915986	0.374890242422404	0.63048305475165	0.360923678966786	0.838742982519714	0.395856046293641	0.738587614399146	0.386651911131199	0.517443653110443	0.655556939874072	0.499732114285339	0.614147898386067	0.815449820748594	0.545627816098608	0.364097026176606	0.70391100358007	0.898460439661622	0.295615774588587	0.813801812051807	0.782445078835016	0.48632877150692	0.766241436146455	0.928082045991079	0.683752183893542	0.718702923097625	0.917518543808757	0.934821398349383	0.500522465295989	0.699826076663792	0.117279513640292	0.790152098148317	0.142263950185505	0.888120289302293	0.122269791444836	0.162573788208431	0.0647168666003125	0.708921177182305	0.75427871265942	0.911745752669412	0.840559823448822	0.554480157942832	0.261528182022228	0.889939135636646	0.505533123480388	0.878681471471654	0.640005024097822	0.709489615686678	0.60063441357457	0.880823315738043	0.621440318167563	0.628403781108988	0.433438182215488	0.295894948773408	0.951988804990718	0.804440808609678	0.841883932585047	0.140682281670218	0.0362161817729242	0.925468535243307	0.477874219612631	0.0828598573601035	0.175421322349253	0.899430487487043	0.825566253522643	0.788146827872734	0.575765061500893	0.359049740773502	0.925651547627615	0.439648038959432
cg04114537	NA	NA	NA	NA	NA	NA	NA	NA	NA	NA	NA	NA	NA	NA	NA	NA	NA	NA	NA	NA	NA	NA	NA	NA	NA	NA	NA	NA	NA	NA	NA	NA	NA	NA	NA	NA	NA	NA	NA	NA	NA	NA	NA	NA	NA	NA	NA	NA	NA	NA	NA	NA	NA	NA	NA	NA	NA	NA	NA	NA	NA	NA	NA	NA	NA	NA	NA	NA	NA	NA	NA	NA	NA	NA	NA	NA	NA	NA	NA	NA
cg04143547	NA	NA	NA	NA	NA	NA	NA	NA	NA	NA	NA	NA	NA	NA	NA	NA	NA	NA	NA	NA	NA	NA	NA	NA	NA	NA	NA	NA	NA	NA	NA	NA	NA	NA	NA	NA	NA	NA	NA	NA	NA	NA	NA	NA	NA	NA	NA	NA	NA	NA	NA	NA	NA	NA	NA	NA	NA	NA	NA	NA	NA	NA	NA	NA	NA	NA	NA	NA	NA	NA	NA	NA	NA	NA	NA	NA	NA	NA	NA	NA
cg04167811	NA	NA	NA	NA	NA	NA	NA	NA	NA	NA	NA	NA	NA	NA	NA	NA	NA	NA	NA	NA	NA	NA	NA	NA	NA	NA	NA	NA	NA	NA	NA	NA	NA	NA	NA	NA	NA	NA	NA	NA	NA	NA	NA	NA	NA	NA	NA	NA	NA	NA	NA	NA	NA	NA	NA	NA	NA	NA	NA	NA	NA	NA	NA	NA	NA	NA	NA	NA	NA	NA	NA	NA	NA	NA	NA	NA	NA	NA	NA	NA
cg04216073	0.916193069319085	0.94651208363091	0.897555856750872	0.924384478227389	0.912367265898365	0.859811571807014	0.930141186394215	0.915895539376624	0.927935797388924	0.903479774427986	0.847761384166454	0.907148217664002	0.897752402741894	0.913168195062115	0.924040240996359	0.841136486084758	0.905892375944877	0.913383620453857	0.879724214458339	0.907351735528398	0.916829287367405	0.899170633268317	0.910223015610255	0.889352908053706	0.817239359300304	0.916135030050837	0.908567918273048	0.927131891452186	0.930883976581725	0.915618547851918	0.900892453259397	0.707585446229386	0.923690182380608	0.927674333796905	0.90540925286671	0.939366977278294	0.904558608494216	0.922470055694211	0.911956409464943	0.917203504669457	0.835406838127161	0.913445648713899	0.733720726731936	0.913707066006629	0.928089152111657	0.898770218260623	0.922355625638222	0.897559960264773	0.919349066984489	0.947510155400078	0.914846158191996	0.921345816919186	0.935396269681754	0.90474205337284	0.930743035703209	0.899769773754571	0.92313745545486	0.881532940154185	0.890810953340409	0.863752114111422	0.895308697169551	0.89614011658697	0.909966849603684	0.925057306533084	0.909744937101283	0.907985740352767	0.918739405626969	0.871764916549141	0.924036893409604	0.902734506574504	0.891770250900767	0.867277702739849	0.885732964158557	0.886319684762907	0.913720184025227	0.923090648074358	0.918803437585998	0.855959504169884	0.911034495580939	0.932785952716557
cg04223924	0.59289287428834	0.782205925964545	0.375468028162317	0.511529918438053	0.608440809047132	0.834437066962829	0.678297323430872	0.602988907521012	0.596910858871344	0.766981497944936	0.381435078707594	0.762755397944741	0.674760395880036	0.712269961286823	0.843863352543519	0.530846111756991	0.699220681716144	0.774138914141979	0.772825127256486	0.796526776898825	0.686042062354386	0.746919111326713	0.602187694580803	0.70211516778988	0.852112153675962	0.580676350794606	0.718600542375537	0.794382822162405	0.561436268903098	0.538536051388886	0.666505356587533	0.207800338552156	0.715009369762694	0.746991842150843	0.795723533087289	0.725431141182716	0.620801423985729	0.146414945071132	0.502592125999698	0.725744579391759	0.742470289937691	0.692828521114782	0.591785046079093	0.743773074107404	0.715954343863051	0.72917736959163	0.829654357992988	0.681429680658209	0.676441541237319	0.640761917517351	0.725985197452095	0.718354515244746	0.689197171801996	0.660852848161567	0.319509910907488	0.689672994311927	0.639604196603518	0.394498232582783	0.341521734406653	0.533696450118167	0.711063106727775	0.747061800433045	0.768245973962362	0.676035964422259	0.557803502498847	0.562403908859191	0.798547899156018	0.624387415987732	0.743932140783995	0.68152572747814	0.699037860591602	0.460694817672044	0.659928859754603	0.740566713593602	0.746892992962476	0.782429936023492	0.720117035070888	0.497932464530929	0.501574219556311	0.656485900454778
cg04224084	NA	NA	NA	NA	NA	NA	NA	NA	NA	NA	NA	NA	NA	NA	NA	NA	NA	NA	NA	NA	NA	NA	NA	NA	NA	NA	NA	NA	NA	NA	NA	NA	NA	NA	NA	NA	NA	NA	NA	NA	NA	NA	NA	NA	NA	NA	NA	NA	NA	NA	NA	NA	NA	NA	NA	NA	NA	NA	NA	NA	NA	NA	NA	NA	NA	NA	NA	NA	NA	NA	NA	NA	NA	NA	NA	NA	NA	NA	NA	NA
cg04240603	NA	NA	NA	NA	NA	NA	NA	NA	NA	NA	NA	NA	NA	NA	NA	NA	NA	NA	NA	NA	NA	NA	NA	NA	NA	NA	NA	NA	NA	NA	NA	NA	NA	NA	NA	NA	NA	NA	NA	NA	NA	NA	NA	NA	NA	NA	NA	NA	NA	NA	NA	NA	NA	NA	NA	NA	NA	NA	NA	NA	NA	NA	NA	NA	NA	NA	NA	NA	NA	NA	NA	NA	NA	NA	NA	NA	NA	NA	NA	NA
cg04261102	NA	NA	NA	NA	NA	NA	NA	NA	NA	NA	NA	NA	NA	NA	NA	NA	NA	NA	NA	NA	NA	NA	NA	NA	NA	NA	NA	NA	NA	NA	NA	NA	NA	NA	NA	NA	NA	NA	NA	NA	NA	NA	NA	NA	NA	NA	NA	NA	NA	NA	NA	NA	NA	NA	NA	NA	NA	NA	NA	NA	NA	NA	NA	NA	NA	NA	NA	NA	NA	NA	NA	NA	NA	NA	NA	NA	NA	NA	NA	NA
cg04273604	NA	NA	NA	NA	NA	NA	NA	NA	NA	NA	NA	NA	NA	NA	NA	NA	NA	NA	NA	NA	NA	NA	NA	NA	NA	NA	NA	NA	NA	NA	NA	NA	NA	NA	NA	NA	NA	NA	NA	NA	NA	NA	NA	NA	NA	NA	NA	NA	NA	NA	NA	NA	NA	NA	NA	NA	NA	NA	NA	NA	NA	NA	NA	NA	NA	NA	NA	NA	NA	NA	NA	NA	NA	NA	NA	NA	NA	NA	NA	NA
cg04280377	NA	NA	NA	NA	NA	NA	NA	NA	NA	NA	NA	NA	NA	NA	NA	NA	NA	NA	NA	NA	NA	NA	NA	NA	NA	NA	NA	NA	NA	NA	NA	NA	NA	NA	NA	NA	NA	NA	NA	NA	NA	NA	NA	NA	NA	NA	NA	NA	NA	NA	NA	NA	NA	NA	NA	NA	NA	NA	NA	NA	NA	NA	NA	NA	NA	NA	NA	NA	NA	NA	NA	NA	NA	NA	NA	NA	NA	NA	NA	NA
cg04285493	NA	NA	NA	NA	NA	NA	NA	NA	NA	NA	NA	NA	NA	NA	NA	NA	NA	NA	NA	NA	NA	NA	NA	NA	NA	NA	NA	NA	NA	NA	NA	NA	NA	NA	NA	NA	NA	NA	NA	NA	NA	NA	NA	NA	NA	NA	NA	NA	NA	NA	NA	NA	NA	NA	NA	NA	NA	NA	NA	NA	NA	NA	NA	NA	NA	NA	NA	NA	NA	NA	NA	NA	NA	NA	NA	NA	NA	NA	NA	NA
cg04370860	0.950491825704556	0.955327582025897	0.93226311666287	0.934426152851176	0.919631640281915	0.867199675108647	0.935444967612383	0.934267478408686	0.943230485785962	0.929179611901647	0.926616079085668	0.919705680016046	0.884794449218217	0.892237109993926	0.909633364930424	0.904694439157248	0.90186024130885	0.897976519250493	0.907144538332593	0.884366989040977	0.931582204181801	0.945817531633122	0.908692892953394	0.926007507992625	0.920779538754653	0.883788102478719	0.925276385879787	0.888422783409789	0.933372257744965	0.886819341507114	NA	0.931052560757209	0.931859778303249	0.929073383438425	0.917867176726989	0.9140827669578	0.917624719060644	0.933954679505735	0.919760770351837	0.926047078629711	0.904540619811419	0.89761047915538	0.94084769065503	0.921524089979581	0.941098168624825	0.901833807750479	0.921462754399324	0.89042116011572	0.891135191460698	0.95288697528714	0.926152133897262	0.933596187823359	0.931849333466776	0.942473158338535	0.932485471006923	0.92538073922429	0.951919844043577	0.947336819621206	0.92409768664652	0.940328391428333	0.928291177105514	0.898310526960756	0.881765191432451	0.91874480004344	0.932450843201109	0.947023703969579	0.907041997856849	0.945772011459201	0.905290030319179	0.927188033699217	0.927752026053593	0.924603606185435	0.909240885144529	0.918912208774247	0.867229808243716	0.901050306528737	0.905269280305081	0.91550696494158	0.911825632353962	0.938108066881455
cg04379416	NA	NA	NA	NA	NA	NA	NA	NA	NA	NA	NA	NA	NA	NA	NA	NA	NA	NA	NA	NA	NA	NA	NA	NA	NA	NA	NA	NA	NA	NA	NA	NA	NA	NA	NA	NA	NA	NA	NA	NA	NA	NA	NA	NA	NA	NA	NA	NA	NA	NA	NA	NA	NA	NA	NA	NA	NA	NA	NA	NA	NA	NA	NA	NA	NA	NA	NA	NA	NA	NA	NA	NA	NA	NA	NA	NA	NA	NA	NA	NA
cg04392293	NA	NA	NA	NA	NA	NA	NA	NA	NA	NA	NA	NA	NA	NA	NA	NA	NA	NA	NA	NA	NA	NA	NA	NA	NA	NA	NA	NA	NA	NA	NA	NA	NA	NA	NA	NA	NA	NA	NA	NA	NA	NA	NA	NA	NA	NA	NA	NA	NA	NA	NA	NA	NA	NA	NA	NA	NA	NA	NA	NA	NA	NA	NA	NA	NA	NA	NA	NA	NA	NA	NA	NA	NA	NA	NA	NA	NA	NA	NA	NA
cg04407400	NA	NA	NA	NA	NA	NA	NA	NA	NA	NA	NA	NA	NA	NA	NA	NA	NA	NA	NA	NA	NA	NA	NA	NA	NA	NA	NA	NA	NA	NA	NA	NA	NA	NA	NA	NA	NA	NA	NA	NA	NA	NA	NA	NA	NA	NA	NA	NA	NA	NA	NA	NA	NA	NA	NA	NA	NA	NA	NA	NA	NA	NA	NA	NA	NA	NA	NA	NA	NA	NA	NA	NA	NA	NA	NA	NA	NA	NA	NA	NA
cg04474903	NA	NA	NA	NA	NA	NA	NA	NA	NA	NA	NA	NA	NA	NA	NA	NA	NA	NA	NA	NA	NA	NA	NA	NA	NA	NA	NA	NA	NA	NA	NA	NA	NA	NA	NA	NA	NA	NA	NA	NA	NA	NA	NA	NA	NA	NA	NA	NA	NA	NA	NA	NA	NA	NA	NA	NA	NA	NA	NA	NA	NA	NA	NA	NA	NA	NA	NA	NA	NA	NA	NA	NA	NA	NA	NA	NA	NA	NA	NA	NA
cg04477079	NA	NA	NA	NA	NA	NA	NA	NA	NA	NA	NA	NA	NA	NA	NA	NA	NA	NA	NA	NA	NA	NA	NA	NA	NA	NA	NA	NA	NA	NA	NA	NA	NA	NA	NA	NA	NA	NA	NA	NA	NA	NA	NA	NA	NA	NA	NA	NA	NA	NA	NA	NA	NA	NA	NA	NA	NA	NA	NA	NA	NA	NA	NA	NA	NA	NA	NA	NA	NA	NA	NA	NA	NA	NA	NA	NA	NA	NA	NA	NA
cg04487158	NA	NA	NA	NA	NA	NA	NA	NA	NA	NA	NA	NA	NA	NA	NA	NA	NA	NA	NA	NA	NA	NA	NA	NA	NA	NA	NA	NA	NA	NA	NA	NA	NA	NA	NA	NA	NA	NA	NA	NA	NA	NA	NA	NA	NA	NA	NA	NA	NA	NA	NA	NA	NA	NA	NA	NA	NA	NA	NA	NA	NA	NA	NA	NA	NA	NA	NA	NA	NA	NA	NA	NA	NA	NA	NA	NA	NA	NA	NA	NA
cg04498159	NA	NA	NA	NA	NA	NA	NA	NA	NA	NA	NA	NA	NA	NA	NA	NA	NA	NA	NA	NA	NA	NA	NA	NA	NA	NA	NA	NA	NA	NA	NA	NA	NA	NA	NA	NA	NA	NA	NA	NA	NA	NA	NA	NA	NA	NA	NA	NA	NA	NA	NA	NA	NA	NA	NA	NA	NA	NA	NA	NA	NA	NA	NA	NA	NA	NA	NA	NA	NA	NA	NA	NA	NA	NA	NA	NA	NA	NA	NA	NA
cg04509365	NA	NA	NA	NA	NA	NA	NA	NA	NA	NA	NA	NA	NA	NA	NA	NA	NA	NA	NA	NA	NA	NA	NA	NA	NA	NA	NA	NA	NA	NA	NA	NA	NA	NA	NA	NA	NA	NA	NA	NA	NA	NA	NA	NA	NA	NA	NA	NA	NA	NA	NA	NA	NA	NA	NA	NA	NA	NA	NA	NA	NA	NA	NA	NA	NA	NA	NA	NA	NA	NA	NA	NA	NA	NA	NA	NA	NA	NA	NA	NA
cg04577395	NA	NA	NA	NA	NA	NA	NA	NA	NA	NA	NA	NA	NA	NA	NA	NA	NA	NA	NA	NA	NA	NA	NA	NA	NA	NA	NA	NA	NA	NA	NA	NA	NA	NA	NA	NA	NA	NA	NA	NA	NA	NA	NA	NA	NA	NA	NA	NA	NA	NA	NA	NA	NA	NA	NA	NA	NA	NA	NA	NA	NA	NA	NA	NA	NA	NA	NA	NA	NA	NA	NA	NA	NA	NA	NA	NA	NA	NA	NA	NA
cg04586418	0.955480408397532	0.970387005673318	0.938777194487768	0.937686574412945	0.942964918845898	0.947801576149749	0.944709074395003	0.936905095961143	0.945254014453789	0.934600792094532	0.952930137342631	0.902380710773053	0.956430640579383	0.933751470464578	0.957440636801242	0.893601004395699	0.957256578682401	0.952245340723097	0.940190315360086	0.956070623729312	0.935546399747757	0.957990758474642	0.947350996866185	0.948044422574553	0.960444985866478	0.954196835128075	0.88652244006742	0.957297182099283	0.945077993740196	0.949564513026939	0.947015658247491	0.951553049246414	0.94582182080488	0.938832151859971	0.943864519329489	0.961426267849945	0.945445542778377	0.789935189604165	0.948735742641187	0.940807864695977	0.941412308202009	0.945480791575095	0.950861736758504	0.945845805562849	0.954596372670181	0.94386357271702	0.953437146119352	0.95715050152204	0.953757256816726	0.956124903371044	0.911857820629138	0.944500744109803	0.955418807692229	0.957847017869224	0.951999875081317	0.90940366400314	0.953500386594285	0.948265510571292	0.926628075014906	0.951999343384336	0.945893358879506	0.887195465243115	0.961418781143216	0.950143939585699	0.94133096834847	0.944710436620862	0.945637975051584	0.948229942903145	0.953037892514118	0.911323865014903	0.945475753731225	0.949349225561612	0.950531135802943	0.91145940396338	0.951021384559932	0.939272492487018	0.953405067798414	0.949518670189034	0.942852018301046	0.944347346699361
cg04611407	NA	NA	NA	NA	NA	NA	NA	NA	NA	NA	NA	NA	NA	NA	NA	NA	NA	NA	NA	NA	NA	NA	NA	NA	NA	NA	NA	NA	NA	NA	NA	NA	NA	NA	NA	NA	NA	NA	NA	NA	NA	NA	NA	NA	NA	NA	NA	NA	NA	NA	NA	NA	NA	NA	NA	NA	NA	NA	NA	NA	NA	NA	NA	NA	NA	NA	NA	NA	NA	NA	NA	NA	NA	NA	NA	NA	NA	NA	NA	NA
cg04612869	NA	NA	NA	NA	NA	NA	NA	NA	NA	NA	NA	NA	NA	NA	NA	NA	NA	NA	NA	NA	NA	NA	NA	NA	NA	NA	NA	NA	NA	NA	NA	NA	NA	NA	NA	NA	NA	NA	NA	NA	NA	NA	NA	NA	NA	NA	NA	NA	NA	NA	NA	NA	NA	NA	NA	NA	NA	NA	NA	NA	NA	NA	NA	NA	NA	NA	NA	NA	NA	NA	NA	NA	NA	NA	NA	NA	NA	NA	NA	NA
cg04613945	NA	NA	NA	NA	NA	NA	NA	NA	NA	NA	NA	NA	NA	NA	NA	NA	NA	NA	NA	NA	NA	NA	NA	NA	NA	NA	NA	NA	NA	NA	NA	NA	NA	NA	NA	NA	NA	NA	NA	NA	NA	NA	NA	NA	NA	NA	NA	NA	NA	NA	NA	NA	NA	NA	NA	NA	NA	NA	NA	NA	NA	NA	NA	NA	NA	NA	NA	NA	NA	NA	NA	NA	NA	NA	NA	NA	NA	NA	NA	NA
cg04636881	NA	NA	NA	NA	NA	NA	NA	NA	NA	NA	NA	NA	NA	NA	NA	NA	NA	NA	NA	NA	NA	NA	NA	NA	NA	NA	NA	NA	NA	NA	NA	NA	NA	NA	NA	NA	NA	NA	NA	NA	NA	NA	NA	NA	NA	NA	NA	NA	NA	NA	NA	NA	NA	NA	NA	NA	NA	NA	NA	NA	NA	NA	NA	NA	NA	NA	NA	NA	NA	NA	NA	NA	NA	NA	NA	NA	NA	NA	NA	NA
cg04675342	NA	NA	NA	NA	NA	NA	NA	NA	NA	NA	NA	NA	NA	NA	NA	NA	NA	NA	NA	NA	NA	NA	NA	NA	NA	NA	NA	NA	NA	NA	NA	NA	NA	NA	NA	NA	NA	NA	NA	NA	NA	NA	NA	NA	NA	NA	NA	NA	NA	NA	NA	NA	NA	NA	NA	NA	NA	NA	NA	NA	NA	NA	NA	NA	NA	NA	NA	NA	NA	NA	NA	NA	NA	NA	NA	NA	NA	NA	NA	NA
cg04717450	NA	NA	NA	NA	NA	NA	NA	NA	NA	NA	NA	NA	NA	NA	NA	NA	NA	NA	NA	NA	NA	NA	NA	NA	NA	NA	NA	NA	NA	NA	NA	NA	NA	NA	NA	NA	NA	NA	NA	NA	NA	NA	NA	NA	NA	NA	NA	NA	NA	NA	NA	NA	NA	NA	NA	NA	NA	NA	NA	NA	NA	NA	NA	NA	NA	NA	NA	NA	NA	NA	NA	NA	NA	NA	NA	NA	NA	NA	NA	NA
cg04730459	NA	NA	NA	NA	NA	NA	NA	NA	NA	NA	NA	NA	NA	NA	NA	NA	NA	NA	NA	NA	NA	NA	NA	NA	NA	NA	NA	NA	NA	NA	NA	NA	NA	NA	NA	NA	NA	NA	NA	NA	NA	NA	NA	NA	NA	NA	NA	NA	NA	NA	NA	NA	NA	NA	NA	NA	NA	NA	NA	NA	NA	NA	NA	NA	NA	NA	NA	NA	NA	NA	NA	NA	NA	NA	NA	NA	NA	NA	NA	NA
cg04751736	NA	NA	NA	NA	NA	NA	NA	NA	NA	NA	NA	NA	NA	NA	NA	NA	NA	NA	NA	NA	NA	NA	NA	NA	NA	NA	NA	NA	NA	NA	NA	NA	NA	NA	NA	NA	NA	NA	NA	NA	NA	NA	NA	NA	NA	NA	NA	NA	NA	NA	NA	NA	NA	NA	NA	NA	NA	NA	NA	NA	NA	NA	NA	NA	NA	NA	NA	NA	NA	NA	NA	NA	NA	NA	NA	NA	NA	NA	NA	NA
cg04757410	NA	NA	NA	NA	NA	NA	NA	NA	NA	NA	NA	NA	NA	NA	NA	NA	NA	NA	NA	NA	NA	NA	NA	NA	NA	NA	NA	NA	NA	NA	NA	NA	NA	NA	NA	NA	NA	NA	NA	NA	NA	NA	NA	NA	NA	NA	NA	NA	NA	NA	NA	NA	NA	NA	NA	NA	NA	NA	NA	NA	NA	NA	NA	NA	NA	NA	NA	NA	NA	NA	NA	NA	NA	NA	NA	NA	NA	NA	NA	NA
cg04799493	NA	NA	NA	NA	NA	NA	NA	NA	NA	NA	NA	NA	NA	NA	NA	NA	NA	NA	NA	NA	NA	NA	NA	NA	NA	NA	NA	NA	NA	NA	NA	NA	NA	NA	NA	NA	NA	NA	NA	NA	NA	NA	NA	NA	NA	NA	NA	NA	NA	NA	NA	NA	NA	NA	NA	NA	NA	NA	NA	NA	NA	NA	NA	NA	NA	NA	NA	NA	NA	NA	NA	NA	NA	NA	NA	NA	NA	NA	NA	NA
cg04826176	NA	NA	NA	NA	NA	NA	NA	NA	NA	NA	NA	NA	NA	NA	NA	NA	NA	NA	NA	NA	NA	NA	NA	NA	NA	NA	NA	NA	NA	NA	NA	NA	NA	NA	NA	NA	NA	NA	NA	NA	NA	NA	NA	NA	NA	NA	NA	NA	NA	NA	NA	NA	NA	NA	NA	NA	NA	NA	NA	NA	NA	NA	NA	NA	NA	NA	NA	NA	NA	NA	NA	NA	NA	NA	NA	NA	NA	NA	NA	NA
cg04829566	NA	NA	NA	NA	NA	NA	NA	NA	NA	NA	NA	NA	NA	NA	NA	NA	NA	NA	NA	NA	NA	NA	NA	NA	NA	NA	NA	NA	NA	NA	NA	NA	NA	NA	NA	NA	NA	NA	NA	NA	NA	NA	NA	NA	NA	NA	NA	NA	NA	NA	NA	NA	NA	NA	NA	NA	NA	NA	NA	NA	NA	NA	NA	NA	NA	NA	NA	NA	NA	NA	NA	NA	NA	NA	NA	NA	NA	NA	NA	NA
cg04831589	NA	NA	NA	NA	NA	NA	NA	NA	NA	NA	NA	NA	NA	NA	NA	NA	NA	NA	NA	NA	NA	NA	NA	NA	NA	NA	NA	NA	NA	NA	NA	NA	NA	NA	NA	NA	NA	NA	NA	NA	NA	NA	NA	NA	NA	NA	NA	NA	NA	NA	NA	NA	NA	NA	NA	NA	NA	NA	NA	NA	NA	NA	NA	NA	NA	NA	NA	NA	NA	NA	NA	NA	NA	NA	NA	NA	NA	NA	NA	NA
cg04834061	NA	NA	NA	NA	NA	NA	NA	NA	NA	NA	NA	NA	NA	NA	NA	NA	NA	NA	NA	NA	NA	NA	NA	NA	NA	NA	NA	NA	NA	NA	NA	NA	NA	NA	NA	NA	NA	NA	NA	NA	NA	NA	NA	NA	NA	NA	NA	NA	NA	NA	NA	NA	NA	NA	NA	NA	NA	NA	NA	NA	NA	NA	NA	NA	NA	NA	NA	NA	NA	NA	NA	NA	NA	NA	NA	NA	NA	NA	NA	NA
cg04860622	NA	NA	NA	NA	NA	NA	NA	NA	NA	NA	NA	NA	NA	NA	NA	NA	NA	NA	NA	NA	NA	NA	NA	NA	NA	NA	NA	NA	NA	NA	NA	NA	NA	NA	NA	NA	NA	NA	NA	NA	NA	NA	NA	NA	NA	NA	NA	NA	NA	NA	NA	NA	NA	NA	NA	NA	NA	NA	NA	NA	NA	NA	NA	NA	NA	NA	NA	NA	NA	NA	NA	NA	NA	NA	NA	NA	NA	NA	NA	NA
cg04879818	NA	NA	NA	NA	NA	NA	NA	NA	NA	NA	NA	NA	NA	NA	NA	NA	NA	NA	NA	NA	NA	NA	NA	NA	NA	NA	NA	NA	NA	NA	NA	NA	NA	NA	NA	NA	NA	NA	NA	NA	NA	NA	NA	NA	NA	NA	NA	NA	NA	NA	NA	NA	NA	NA	NA	NA	NA	NA	NA	NA	NA	NA	NA	NA	NA	NA	NA	NA	NA	NA	NA	NA	NA	NA	NA	NA	NA	NA	NA	NA
cg04884395	NA	NA	NA	NA	NA	NA	NA	NA	NA	NA	NA	NA	NA	NA	NA	NA	NA	NA	NA	NA	NA	NA	NA	NA	NA	NA	NA	NA	NA	NA	NA	NA	NA	NA	NA	NA	NA	NA	NA	NA	NA	NA	NA	NA	NA	NA	NA	NA	NA	NA	NA	NA	NA	NA	NA	NA	NA	NA	NA	NA	NA	NA	NA	NA	NA	NA	NA	NA	NA	NA	NA	NA	NA	NA	NA	NA	NA	NA	NA	NA
cg04896534	0.901459345502734	0.894471562761712	0.883221282591556	0.587632961630273	0.87489229066823	0.828392294180573	0.88853181418184	0.170128970032	0.926823682617028	0.891390287977449	0.404280429678533	0.733848026280899	0.617550642651414	0.533464956187127	0.512295002377999	0.697589237814508	0.663553298382743	0.531446971335609	0.84866752646823	0.900857582782224	0.911118818586795	0.869686164854743	0.744610979770132	0.923633571351663	0.847780921867712	0.233044537404996	0.765918834655641	0.827876982152051	0.937616120095987	0.907638816393829	0.848859742560195	0.636315044987517	0.814835214735125	0.903834165962958	0.582423034875984	0.897416840018786	0.9195339308805	0.895661609276044	0.846491723465952	0.884166994190056	0.744609427856649	0.8139427923304	0.892710010212469	0.870130221075014	0.878747209323403	0.825351990170581	0.875407569388117	0.923152758870031	0.922972823231717	0.702383559837525	0.758809242493955	0.899031498242648	0.589680092001961	0.88921110582411	0.909695778623394	0.652930831863809	0.71671597141596	0.855880983970716	0.767584197350273	0.606108616315586	0.618043660624359	0.517012973307099	0.660346474773559	0.838758428643769	0.885738713719254	0.827758715453614	0.711703541484063	0.897402075072505	0.859483412575821	0.648754525777538	0.651602075344023	0.403723619256531	0.729960149100085	0.874720013468566	0.900161972053213	0.874196592863328	0.903700358567151	0.725567903992965	0.903207404531729	0.922554208447766
cg04908013	NA	NA	NA	NA	NA	NA	NA	NA	NA	NA	NA	NA	NA	NA	NA	NA	NA	NA	NA	NA	NA	NA	NA	NA	NA	NA	NA	NA	NA	NA	NA	NA	NA	NA	NA	NA	NA	NA	NA	NA	NA	NA	NA	NA	NA	NA	NA	NA	NA	NA	NA	NA	NA	NA	NA	NA	NA	NA	NA	NA	NA	NA	NA	NA	NA	NA	NA	NA	NA	NA	NA	NA	NA	NA	NA	NA	NA	NA	NA	NA
cg04935792	0.898276479842418	0.903161008241682	0.821695024437903	0.772176211431636	0.941892755693842	0.937904323659267	0.929858549274588	0.936165558302782	0.699428037504224	0.875702870975321	0.864853209789973	0.855754486086675	0.922518276488015	0.752729537185857	0.877158779849445	0.705513606343918	0.942828997450327	0.885069695450368	0.832429504856929	0.933950043721484	0.936249184993484	0.937119734807574	0.895858563325858	0.949174831847115	0.945151635653108	0.936837257927936	0.858236505314911	0.884698300374905	0.917762098484606	0.941960457850417	0.920970745537538	0.764688818320215	0.91173133143434	0.914705491372271	0.81342700197393	0.935096881784857	0.94572369268364	0.938336764348904	0.690712716348514	0.941004125838558	0.746277309286984	0.874431688879132	0.696065622004398	0.934179655970483	0.618589168563788	0.879882733477733	0.656426993830128	0.955103776950281	0.965212297799754	0.898168754838973	0.952188132410039	0.908238750198718	0.792703971631649	0.924924761442821	0.924438863917081	0.951555398685759	0.937232712642685	0.96053263271504	0.81114211239187	0.932491228465733	0.655745255442425	0.887348398006556	0.955725858014926	0.906386189626305	0.9510692736284	0.838301885231697	0.894882932764717	0.79263604230647	0.929834740915282	0.945722885621805	0.901642898473437	0.937319260001909	0.781704996941195	0.877371521950601	0.94233548549014	0.872624426201478	0.940422609856856	0.755396834702173	0.942254578362022	0.874566890006769
cg04941236	NA	NA	NA	NA	NA	NA	NA	NA	NA	NA	NA	NA	NA	NA	NA	NA	NA	NA	NA	NA	NA	NA	NA	NA	NA	NA	NA	NA	NA	NA	NA	NA	NA	NA	NA	NA	NA	NA	NA	NA	NA	NA	NA	NA	NA	NA	NA	NA	NA	NA	NA	NA	NA	NA	NA	NA	NA	NA	NA	NA	NA	NA	NA	NA	NA	NA	NA	NA	NA	NA	NA	NA	NA	NA	NA	NA	NA	NA	NA	NA
cg04943440	NA	NA	NA	NA	NA	NA	NA	NA	NA	NA	NA	NA	NA	NA	NA	NA	NA	NA	NA	NA	NA	NA	NA	NA	NA	NA	NA	NA	NA	NA	NA	NA	NA	NA	NA	NA	NA	NA	NA	NA	NA	NA	NA	NA	NA	NA	NA	NA	NA	NA	NA	NA	NA	NA	NA	NA	NA	NA	NA	NA	NA	NA	NA	NA	NA	NA	NA	NA	NA	NA	NA	NA	NA	NA	NA	NA	NA	NA	NA	NA
cg04943636	NA	NA	NA	NA	NA	NA	NA	NA	NA	NA	NA	NA	NA	NA	NA	NA	NA	NA	NA	NA	NA	NA	NA	NA	NA	NA	NA	NA	NA	NA	NA	NA	NA	NA	NA	NA	NA	NA	NA	NA	NA	NA	NA	NA	NA	NA	NA	NA	NA	NA	NA	NA	NA	NA	NA	NA	NA	NA	NA	NA	NA	NA	NA	NA	NA	NA	NA	NA	NA	NA	NA	NA	NA	NA	NA	NA	NA	NA	NA	NA
cg04964733	NA	NA	NA	NA	NA	NA	NA	NA	NA	NA	NA	NA	NA	NA	NA	NA	NA	NA	NA	NA	NA	NA	NA	NA	NA	NA	NA	NA	NA	NA	NA	NA	NA	NA	NA	NA	NA	NA	NA	NA	NA	NA	NA	NA	NA	NA	NA	NA	NA	NA	NA	NA	NA	NA	NA	NA	NA	NA	NA	NA	NA	NA	NA	NA	NA	NA	NA	NA	NA	NA	NA	NA	NA	NA	NA	NA	NA	NA	NA	NA
cg04978451	NA	NA	NA	NA	NA	NA	NA	NA	NA	NA	NA	NA	NA	NA	NA	NA	NA	NA	NA	NA	NA	NA	NA	NA	NA	NA	NA	NA	NA	NA	NA	NA	NA	NA	NA	NA	NA	NA	NA	NA	NA	NA	NA	NA	NA	NA	NA	NA	NA	NA	NA	NA	NA	NA	NA	NA	NA	NA	NA	NA	NA	NA	NA	NA	NA	NA	NA	NA	NA	NA	NA	NA	NA	NA	NA	NA	NA	NA	NA	NA
cg04990609	NA	NA	NA	NA	NA	NA	NA	NA	NA	NA	NA	NA	NA	NA	NA	NA	NA	NA	NA	NA	NA	NA	NA	NA	NA	NA	NA	NA	NA	NA	NA	NA	NA	NA	NA	NA	NA	NA	NA	NA	NA	NA	NA	NA	NA	NA	NA	NA	NA	NA	NA	NA	NA	NA	NA	NA	NA	NA	NA	NA	NA	NA	NA	NA	NA	NA	NA	NA	NA	NA	NA	NA	NA	NA	NA	NA	NA	NA	NA	NA
cg05019180	NA	NA	NA	NA	NA	NA	NA	NA	NA	NA	NA	NA	NA	NA	NA	NA	NA	NA	NA	NA	NA	NA	NA	NA	NA	NA	NA	NA	NA	NA	NA	NA	NA	NA	NA	NA	NA	NA	NA	NA	NA	NA	NA	NA	NA	NA	NA	NA	NA	NA	NA	NA	NA	NA	NA	NA	NA	NA	NA	NA	NA	NA	NA	NA	NA	NA	NA	NA	NA	NA	NA	NA	NA	NA	NA	NA	NA	NA	NA	NA
cg05072063	NA	NA	NA	NA	NA	NA	NA	NA	NA	NA	NA	NA	NA	NA	NA	NA	NA	NA	NA	NA	NA	NA	NA	NA	NA	NA	NA	NA	NA	NA	NA	NA	NA	NA	NA	NA	NA	NA	NA	NA	NA	NA	NA	NA	NA	NA	NA	NA	NA	NA	NA	NA	NA	NA	NA	NA	NA	NA	NA	NA	NA	NA	NA	NA	NA	NA	NA	NA	NA	NA	NA	NA	NA	NA	NA	NA	NA	NA	NA	NA
cg05088006	0.915060147731102	0.923835925619772	0.897041567728717	0.906670601357873	0.872350829028315	0.914833689545006	0.926261923989143	0.917967501252438	0.788757056696585	0.907671722703103	0.905418674063276	0.904684873060877	0.907656485495754	0.906763177096412	0.912998819962633	0.922055448218392	0.911555604053987	0.911068754461363	0.893789984112244	0.906236657619768	0.843191186519813	0.897272287352713	0.898463718182087	0.909108156888832	0.940120026176636	0.931612100531496	0.88768033332999	0.903239988218246	0.899245889756032	0.905730189873971	0.891715463809582	0.744019625459073	0.903464008570711	0.93275224042674	0.894862778007523	0.892187865835517	0.865351266737064	0.90327089377034	0.775213641977411	0.889849613317906	0.914670895462843	0.880594752398269	0.904180975481572	0.910527093181941	0.911022177675422	0.911598397710436	0.904886285768872	0.851423678084579	0.903645460306161	0.9142650503838	0.890024659834424	0.921681732069693	0.894482835402925	0.905727828038018	0.91195046181744	0.891138407982832	0.923322575437542	0.910431739798928	0.928713662641507	0.932539039146391	0.913551166214602	0.884586836935357	0.906448624977908	0.928338858344986	0.903833749935658	0.917526937665039	0.924355691298584	0.930470639158923	0.931907945902556	0.901852883858111	0.921466227867461	0.878793582214563	0.916638223879184	0.889939985599066	0.912758825418182	0.909991044530859	0.928224027726221	0.912359291683726	0.923648450079219	0.90117550169284
cg05093071	NA	NA	NA	NA	NA	NA	NA	NA	NA	NA	NA	NA	NA	NA	NA	NA	NA	NA	NA	NA	NA	NA	NA	NA	NA	NA	NA	NA	NA	NA	NA	NA	NA	NA	NA	NA	NA	NA	NA	NA	NA	NA	NA	NA	NA	NA	NA	NA	NA	NA	NA	NA	NA	NA	NA	NA	NA	NA	NA	NA	NA	NA	NA	NA	NA	NA	NA	NA	NA	NA	NA	NA	NA	NA	NA	NA	NA	NA	NA	NA
cg05103956	NA	NA	NA	NA	NA	NA	NA	NA	NA	NA	NA	NA	NA	NA	NA	NA	NA	NA	NA	NA	NA	NA	NA	NA	NA	NA	NA	NA	NA	NA	NA	NA	NA	NA	NA	NA	NA	NA	NA	NA	NA	NA	NA	NA	NA	NA	NA	NA	NA	NA	NA	NA	NA	NA	NA	NA	NA	NA	NA	NA	NA	NA	NA	NA	NA	NA	NA	NA	NA	NA	NA	NA	NA	NA	NA	NA	NA	NA	NA	NA
cg05227343	0.962748216263141	0.950780802254754	0.944194002065614	0.953573546572789	0.938400091784714	0.93895878306489	0.937668170459711	0.947111918331004	0.831962192028094	0.946144394759451	0.949558886093896	0.95038307614215	0.953143357569684	0.946421182507838	0.95474121447521	0.945804188186413	0.947868424860769	0.947867994261627	0.941297977070875	0.955486119493556	0.937726566410889	0.957559587336805	0.947306020782673	0.955392556900129	0.955650420125231	0.945506897686112	0.954842906827158	0.953073620255942	0.957733815556778	0.940920328355148	0.949879787366819	0.934739780121747	0.955503536388872	0.944789374927404	0.94973524288431	0.946723425744801	0.946455153392492	0.945228312760571	0.946560132659499	0.956508380264725	0.952637772623323	0.949097551768057	0.950478736962737	0.95390006925293	0.955850143565764	0.9567814336219	0.954022583084552	0.936239220361775	0.941711908538114	0.955189324954814	0.960205267846148	0.951550356814884	0.95083428475314	0.957734221446087	0.951038266696972	0.932237221909275	0.911045114490239	0.955580912504355	0.935931415447114	0.960437546790611	0.953497424159678	0.920439586489945	0.951778431741099	0.951942339253032	0.952177567785926	0.943631768855325	0.959039488495285	0.944525780575764	0.954444642710209	0.944717323738828	0.956579338130767	0.951763319303699	0.940412873950217	0.950241868706497	0.943855695811265	0.946088100350091	0.959821453237139	0.94299710580902	0.959893977218759	0.954861744497472
cg05229275	NA	NA	NA	NA	NA	NA	NA	NA	NA	NA	NA	NA	NA	NA	NA	NA	NA	NA	NA	NA	NA	NA	NA	NA	NA	NA	NA	NA	NA	NA	NA	NA	NA	NA	NA	NA	NA	NA	NA	NA	NA	NA	NA	NA	NA	NA	NA	NA	NA	NA	NA	NA	NA	NA	NA	NA	NA	NA	NA	NA	NA	NA	NA	NA	NA	NA	NA	NA	NA	NA	NA	NA	NA	NA	NA	NA	NA	NA	NA	NA
cg05269246	NA	NA	NA	NA	NA	NA	NA	NA	NA	NA	NA	NA	NA	NA	NA	NA	NA	NA	NA	NA	NA	NA	NA	NA	NA	NA	NA	NA	NA	NA	NA	NA	NA	NA	NA	NA	NA	NA	NA	NA	NA	NA	NA	NA	NA	NA	NA	NA	NA	NA	NA	NA	NA	NA	NA	NA	NA	NA	NA	NA	NA	NA	NA	NA	NA	NA	NA	NA	NA	NA	NA	NA	NA	NA	NA	NA	NA	NA	NA	NA
cg05274503	NA	NA	NA	NA	NA	NA	NA	NA	NA	NA	NA	NA	NA	NA	NA	NA	NA	NA	NA	NA	NA	NA	NA	NA	NA	NA	NA	NA	NA	NA	NA	NA	NA	NA	NA	NA	NA	NA	NA	NA	NA	NA	NA	NA	NA	NA	NA	NA	NA	NA	NA	NA	NA	NA	NA	NA	NA	NA	NA	NA	NA	NA	NA	NA	NA	NA	NA	NA	NA	NA	NA	NA	NA	NA	NA	NA	NA	NA	NA	NA
cg05277146	0.916724820190288	0.943721759987341	0.88440990017997	0.859156894370881	0.917020919951077	0.925760922420204	0.907464769858212	0.920954054906118	0.770964603920582	0.92030405890173	0.17155220890234	0.783492783842788	0.922493543556503	0.805275348915095	0.738429098895573	0.765469177133269	0.911787088597557	0.905501756568055	0.862752054688152	0.912382032778585	0.921986496579913	0.920383052272708	0.883218843411641	0.918517398258456	0.870365423403556	0.79856491074846	0.790202305742468	0.924899363376378	0.765038050029314	0.918609929455678	0.902266735345512	0.710250811680742	0.89220218048555	0.93661626250915	0.868377500527378	0.898443546746753	0.907483880127854	0.915591327417682	0.602495391691705	0.920112272657321	0.513768417116889	0.879751352166354	0.900822325252518	0.914292412804161	0.89990984969692	0.848537060967486	0.913610693468266	0.885850341686273	0.834457926345934	0.882888515528596	0.927199020203019	0.91908126624437	0.933304766028536	0.906987110809819	0.920614942905863	0.924447732897132	0.922298043667043	0.923561295711589	0.900362081813708	0.926500856692613	0.89158608193002	0.87783640137675	0.922596246950991	0.914631022480188	0.937018356076411	0.927916445447014	0.864497356501399	0.908553996653487	0.789073373920743	0.909987438733968	0.908781235665317	0.834291621122611	0.882554045265333	0.911796600683464	0.920869067140875	0.920587582115498	0.917202746788127	0.846040689670047	0.921502854136129	0.906112581358012
cg05285768	NA	NA	NA	NA	NA	NA	NA	NA	NA	NA	NA	NA	NA	NA	NA	NA	NA	NA	NA	NA	NA	NA	NA	NA	NA	NA	NA	NA	NA	NA	NA	NA	NA	NA	NA	NA	NA	NA	NA	NA	NA	NA	NA	NA	NA	NA	NA	NA	NA	NA	NA	NA	NA	NA	NA	NA	NA	NA	NA	NA	NA	NA	NA	NA	NA	NA	NA	NA	NA	NA	NA	NA	NA	NA	NA	NA	NA	NA	NA	NA
cg05294259	NA	NA	NA	NA	NA	NA	NA	NA	NA	NA	NA	NA	NA	NA	NA	NA	NA	NA	NA	NA	NA	NA	NA	NA	NA	NA	NA	NA	NA	NA	NA	NA	NA	NA	NA	NA	NA	NA	NA	NA	NA	NA	NA	NA	NA	NA	NA	NA	NA	NA	NA	NA	NA	NA	NA	NA	NA	NA	NA	NA	NA	NA	NA	NA	NA	NA	NA	NA	NA	NA	NA	NA	NA	NA	NA	NA	NA	NA	NA	NA
cg05301976	0.969169411150771	0.972386886328249	0.960347614269983	0.968086995088131	0.959660957104655	0.953025747755456	0.961374131372747	0.964105709284956	0.965458934307425	0.96161756613769	0.968224351792229	0.968781572757109	0.961968558632815	0.964619454290298	0.965223547706398	0.972235694417173	0.960803137428331	0.966309698947428	0.960912002168839	0.956687377499705	0.955931120251226	0.967145221235561	0.963489277243298	0.972654230302523	0.964313890669398	0.968413856074905	0.96808118798508	0.968277344568365	0.967395305422625	0.97151979810428	0.962254387865299	0.966441323916534	0.970453519320132	0.958560787151438	0.964024272866798	0.966436642045204	0.958364300707851	0.968714102694864	0.95911133615214	0.959190192799508	0.961260212616302	0.959158919696236	0.957590968862227	0.968355297963247	0.963338973214685	0.958843517065498	0.967929318733354	0.963629575031525	0.961196360993003	0.975468578500638	0.962365789350714	0.96364999854173	0.96087612290338	0.965083437624707	0.971812424254446	0.96502598234979	0.967817323008293	0.965400128158801	0.964901455714659	0.967008635609825	0.962209215924657	0.959320983827174	0.961030320532368	0.966210562523821	0.96568759728632	0.970597314731306	0.97038997566039	0.970573272038862	0.972463458699862	0.957121635317367	0.966943516568296	0.966061740568153	0.967560310938602	0.962752729075891	0.959011537859131	0.95875323604686	0.968898251206798	0.964392301640167	0.962317087350809	0.960776879791726
cg05305060	NA	NA	NA	NA	NA	NA	NA	NA	NA	NA	NA	NA	NA	NA	NA	NA	NA	NA	NA	NA	NA	NA	NA	NA	NA	NA	NA	NA	NA	NA	NA	NA	NA	NA	NA	NA	NA	NA	NA	NA	NA	NA	NA	NA	NA	NA	NA	NA	NA	NA	NA	NA	NA	NA	NA	NA	NA	NA	NA	NA	NA	NA	NA	NA	NA	NA	NA	NA	NA	NA	NA	NA	NA	NA	NA	NA	NA	NA	NA	NA
cg05331252	NA	NA	NA	NA	NA	NA	NA	NA	NA	NA	NA	NA	NA	NA	NA	NA	NA	NA	NA	NA	NA	NA	NA	NA	NA	NA	NA	NA	NA	NA	NA	NA	NA	NA	NA	NA	NA	NA	NA	NA	NA	NA	NA	NA	NA	NA	NA	NA	NA	NA	NA	NA	NA	NA	NA	NA	NA	NA	NA	NA	NA	NA	NA	NA	NA	NA	NA	NA	NA	NA	NA	NA	NA	NA	NA	NA	NA	NA	NA	NA
cg05345062	0.943777443459424	0.946520523229584	0.927950980386323	0.941203551490407	0.9363992368243	0.922005818858957	0.939786524781799	0.929197837684805	0.20433408463475	0.877113178099132	0.861030492921445	0.944045597566841	0.937460856939954	0.954089865341131	0.936333446061982	0.905542728786961	0.935629254620156	0.945521846673648	0.937423007180349	0.934601086043566	0.928341722634047	0.940948766608279	0.935343394295717	0.92538349075572	0.935519408300158	0.720305403182727	0.913307457357202	0.927364390480613	0.866050075580871	0.906206203222212	0.931932301957742	0.775577329223227	0.91982084093596	0.922936658584094	0.94652930837221	0.929924560928459	0.898312124542116	0.939581177545892	0.929699785083671	0.941253228282879	0.932856534050991	0.913825105441643	0.937294917618445	0.93182187796064	0.94955153228199	0.914291118905078	0.939646988045045	0.938911205711566	0.926902942036921	0.945639698811325	0.860381458817274	0.940311784691384	0.940309284646872	0.935610646923834	0.942751279104576	0.678684424210188	0.858283505686642	0.943967272603656	0.940974888443704	0.941186271223264	0.603788587477111	0.907423417383324	0.761644001240105	0.663499991167212	0.914734356328195	0.928250402971798	0.932271116042363	0.914759508498938	0.934831520004856	0.934856257581054	0.941252909881854	0.936585071385103	0.93701678002278	0.938123967064858	0.921388988270151	0.922152996932155	0.946276532199756	0.929206206014785	0.879648580457375	0.94015293702248
cg05379002	NA	NA	NA	NA	NA	NA	NA	NA	NA	NA	NA	NA	NA	NA	NA	NA	NA	NA	NA	NA	NA	NA	NA	NA	NA	NA	NA	NA	NA	NA	NA	NA	NA	NA	NA	NA	NA	NA	NA	NA	NA	NA	NA	NA	NA	NA	NA	NA	NA	NA	NA	NA	NA	NA	NA	NA	NA	NA	NA	NA	NA	NA	NA	NA	NA	NA	NA	NA	NA	NA	NA	NA	NA	NA	NA	NA	NA	NA	NA	NA
cg05402641	NA	NA	NA	NA	NA	NA	NA	NA	NA	NA	NA	NA	NA	NA	NA	NA	NA	NA	NA	NA	NA	NA	NA	NA	NA	NA	NA	NA	NA	NA	NA	NA	NA	NA	NA	NA	NA	NA	NA	NA	NA	NA	NA	NA	NA	NA	NA	NA	NA	NA	NA	NA	NA	NA	NA	NA	NA	NA	NA	NA	NA	NA	NA	NA	NA	NA	NA	NA	NA	NA	NA	NA	NA	NA	NA	NA	NA	NA	NA	NA
cg05445006	NA	NA	NA	NA	NA	NA	NA	NA	NA	NA	NA	NA	NA	NA	NA	NA	NA	NA	NA	NA	NA	NA	NA	NA	NA	NA	NA	NA	NA	NA	NA	NA	NA	NA	NA	NA	NA	NA	NA	NA	NA	NA	NA	NA	NA	NA	NA	NA	NA	NA	NA	NA	NA	NA	NA	NA	NA	NA	NA	NA	NA	NA	NA	NA	NA	NA	NA	NA	NA	NA	NA	NA	NA	NA	NA	NA	NA	NA	NA	NA
cg05456482	NA	NA	NA	NA	NA	NA	NA	NA	NA	NA	NA	NA	NA	NA	NA	NA	NA	NA	NA	NA	NA	NA	NA	NA	NA	NA	NA	NA	NA	NA	NA	NA	NA	NA	NA	NA	NA	NA	NA	NA	NA	NA	NA	NA	NA	NA	NA	NA	NA	NA	NA	NA	NA	NA	NA	NA	NA	NA	NA	NA	NA	NA	NA	NA	NA	NA	NA	NA	NA	NA	NA	NA	NA	NA	NA	NA	NA	NA	NA	NA
cg05461143	0.909748765597128	0.27895473558572	0.154575852863863	0.911826001055682	0.761977688796712	0.886903998140784	0.200853249154837	0.524384897647623	0.920267392294808	0.869476912792608	0.138150797144843	0.531020502756601	0.674962306562645	0.920274013349106	0.623175344011335	0.207531220526484	0.590863047712919	0.848459549945639	0.565774190247806	0.1488001187047	0.0996496494663992	0.672524979823883	0.571960654924856	0.710011529195862	0.844423377650554	0.717669050993512	0.83617570682882	0.650975454294899	0.593048605310716	0.914161516307748	NA	0.8270024452602	0.509652902714696	0.891768767146392	0.866707213657902	0.928335160595159	0.163800605045254	0.698957498537904	0.933955362218782	0.898692277667563	0.155962527506408	0.72012815199151	0.385189761992861	0.849189612584645	0.476589862091452	0.840289523027996	0.47186577072825	0.511896431889377	0.893205947786745	0.936993538642238	0.882488579677627	0.910461954329359	0.272959392417204	0.486683808510756	0.911531521878557	0.931774089939069	0.951791750871812	0.918367701041531	0.923035539943312	0.932414548710578	0.848205536583418	0.375607235790735	0.752726677858967	0.907535553406177	0.951903621367523	0.304215129029592	0.373691652841449	0.470020028948006	0.817453727576233	0.926780465187916	0.769624213010664	0.566233379659231	0.310205786952656	0.572810187314909	0.903641261495591	0.805888794024244	0.922977090209049	0.496896894626262	0.880262404121451	0.629222716166988
cg05481217	NA	NA	NA	NA	NA	NA	NA	NA	NA	NA	NA	NA	NA	NA	NA	NA	NA	NA	NA	NA	NA	NA	NA	NA	NA	NA	NA	NA	NA	NA	NA	NA	NA	NA	NA	NA	NA	NA	NA	NA	NA	NA	NA	NA	NA	NA	NA	NA	NA	NA	NA	NA	NA	NA	NA	NA	NA	NA	NA	NA	NA	NA	NA	NA	NA	NA	NA	NA	NA	NA	NA	NA	NA	NA	NA	NA	NA	NA	NA	NA
cg05484606	NA	NA	NA	NA	NA	NA	NA	NA	NA	NA	NA	NA	NA	NA	NA	NA	NA	NA	NA	NA	NA	NA	NA	NA	NA	NA	NA	NA	NA	NA	NA	NA	NA	NA	NA	NA	NA	NA	NA	NA	NA	NA	NA	NA	NA	NA	NA	NA	NA	NA	NA	NA	NA	NA	NA	NA	NA	NA	NA	NA	NA	NA	NA	NA	NA	NA	NA	NA	NA	NA	NA	NA	NA	NA	NA	NA	NA	NA	NA	NA
cg05516061	NA	NA	NA	NA	NA	NA	NA	NA	NA	NA	NA	NA	NA	NA	NA	NA	NA	NA	NA	NA	NA	NA	NA	NA	NA	NA	NA	NA	NA	NA	NA	NA	NA	NA	NA	NA	NA	NA	NA	NA	NA	NA	NA	NA	NA	NA	NA	NA	NA	NA	NA	NA	NA	NA	NA	NA	NA	NA	NA	NA	NA	NA	NA	NA	NA	NA	NA	NA	NA	NA	NA	NA	NA	NA	NA	NA	NA	NA	NA	NA
cg05543443	NA	NA	NA	NA	NA	NA	NA	NA	NA	NA	NA	NA	NA	NA	NA	NA	NA	NA	NA	NA	NA	NA	NA	NA	NA	NA	NA	NA	NA	NA	NA	NA	NA	NA	NA	NA	NA	NA	NA	NA	NA	NA	NA	NA	NA	NA	NA	NA	NA	NA	NA	NA	NA	NA	NA	NA	NA	NA	NA	NA	NA	NA	NA	NA	NA	NA	NA	NA	NA	NA	NA	NA	NA	NA	NA	NA	NA	NA	NA	NA
cg05554543	NA	NA	NA	NA	NA	NA	NA	NA	NA	NA	NA	NA	NA	NA	NA	NA	NA	NA	NA	NA	NA	NA	NA	NA	NA	NA	NA	NA	NA	NA	NA	NA	NA	NA	NA	NA	NA	NA	NA	NA	NA	NA	NA	NA	NA	NA	NA	NA	NA	NA	NA	NA	NA	NA	NA	NA	NA	NA	NA	NA	NA	NA	NA	NA	NA	NA	NA	NA	NA	NA	NA	NA	NA	NA	NA	NA	NA	NA	NA	NA
cg05590818	0.949225262024398	0.943597275357186	0.934954418745093	0.700330237122002	0.947102061145748	0.407305607946511	0.168631493212726	0.910244813540148	0.914275920465825	0.877109187479863	0.877113772674545	0.911438199726277	0.867656343355392	0.885389791195228	0.755589355061794	0.327634801734714	0.881810913287938	0.84857355240142	0.776337912063863	0.78471879472415	0.937145816623202	0.913219240700326	0.827544872000711	0.0828065539583985	0.897497721541053	0.468312791444483	0.577844653015037	0.868944723212111	0.942298186995659	0.597101930343524	0.836770610258126	0.744072532923049	0.881123721308207	0.92974268774639	0.874587467188171	0.899993464498481	0.920947265699035	0.953265582930569	0.902330369905156	0.946156483254999	0.88441931260213	0.907011834675381	0.946995679810569	0.680629045006363	0.900723569912237	0.847012055047223	0.930262842504201	0.842767073028123	0.756908359543299	0.935101760336856	0.927097598299499	0.750307350750911	0.88894783879891	0.59844456675165	0.946581404518045	0.939679861250961	0.944609850744946	0.936792359470212	0.683321220025902	0.63017324505956	0.933396336795353	0.850915097725729	0.93965908254056	0.847357259290725	0.945654007897088	0.910974408640897	0.905943649679657	0.931776014614897	0.72304146911192	0.94212265775981	0.900237885780218	0.775928148517456	0.877721278118545	0.742085561520788	0.734283524928834	0.766799337606772	0.892136199802656	0.840039695754863	0.911144016311336	0.904444139908707
cg05620791	NA	NA	NA	NA	NA	NA	NA	NA	NA	NA	NA	NA	NA	NA	NA	NA	NA	NA	NA	NA	NA	NA	NA	NA	NA	NA	NA	NA	NA	NA	NA	NA	NA	NA	NA	NA	NA	NA	NA	NA	NA	NA	NA	NA	NA	NA	NA	NA	NA	NA	NA	NA	NA	NA	NA	NA	NA	NA	NA	NA	NA	NA	NA	NA	NA	NA	NA	NA	NA	NA	NA	NA	NA	NA	NA	NA	NA	NA	NA	NA
cg05669672	NA	NA	NA	NA	NA	NA	NA	NA	NA	NA	NA	NA	NA	NA	NA	NA	NA	NA	NA	NA	NA	NA	NA	NA	NA	NA	NA	NA	NA	NA	NA	NA	NA	NA	NA	NA	NA	NA	NA	NA	NA	NA	NA	NA	NA	NA	NA	NA	NA	NA	NA	NA	NA	NA	NA	NA	NA	NA	NA	NA	NA	NA	NA	NA	NA	NA	NA	NA	NA	NA	NA	NA	NA	NA	NA	NA	NA	NA	NA	NA
cg05679686	0.800325514327032	0.709440947079426	0.708455900192527	0.351942580284905	0.774169101921571	0.781865434015838	0.442146177438454	0.849621529546414	0.293348901712423	0.543320259991692	0.593042716166831	0.580798519044114	0.508203507836595	0.711441483280278	0.748458094187445	0.476349934210402	0.579760101417167	0.532995612819818	0.646376846872238	0.573782983744178	0.861013398330947	0.625414298096422	0.655654123385968	0.556244898955956	0.878159169925706	0.387789645611064	0.782003470237462	0.738216758768823	0.80112564149115	0.334243334352836	0.525764594982683	0.106459975904031	0.704502366806847	0.62852742255105	0.818632660217589	0.808774855957052	0.858904461786899	0.179406100005534	0.445891898746001	0.769756979365827	0.580648341067653	0.619480338004358	0.832822902989743	0.791978008177841	0.442777682193366	0.589890831454814	0.369321533143942	0.383364037786562	0.656177127508428	0.808712087851942	0.823296927967775	0.585190404188779	0.233483548145546	0.700090175426122	0.541915908868604	0.713953143749123	0.872835712207285	0.802605117511517	0.619965078850299	0.64812560562277	0.37311520818778	0.566305693148514	0.785141429904416	0.670601057061419	0.776158156153553	0.753248126956385	0.555376292341056	0.493445923622371	0.541390448238803	0.916752273677077	0.89154052460195	0.595330325144272	0.576454273592068	0.80006086148951	0.746115540597013	0.717717440615847	0.729085836407164	0.35780393217027	0.638951555473676	0.532392368396752
cg05768747	0.965446917653475	0.962496310795833	0.946630698593721	0.949074392709599	0.961932637647931	0.952619007018748	0.968417952338734	0.959910009624992	0.96346488813076	0.954297746589087	0.953869489224436	0.954594281655956	0.965509768543813	0.95912154557697	0.961354767751593	0.941494806158415	0.93819636831555	0.96819425404245	0.960221058605702	0.95790708528937	0.940357045472459	0.943344153291355	0.964436126309512	0.947687493148969	0.95907209074568	0.964816462860537	0.945254577477473	0.959596076197928	0.944259763854824	0.954456514785199	0.955907907541865	0.943667066280449	0.946222755188617	0.95497015631753	0.956072928746444	0.950739255882475	0.951836308661909	0.945327872343877	0.946528098309823	0.945987260339704	0.958456392810026	0.953382689434742	0.961368935364619	0.948004832393939	0.951343792408612	0.932350665921551	0.958614345051399	0.947657406285507	0.954872587089844	0.962727101281333	0.962095037890662	0.96455046449421	0.96684051125573	0.948368675939209	0.963866778787076	0.951445516199251	0.960497084430669	0.956985359691345	0.950240598706061	0.954817059952587	0.953987722222375	0.95377478789095	0.960034852759939	0.96375379105383	0.957291390647642	0.956163631041807	0.953994461067585	0.964015564125137	0.966682514279119	0.948164688245606	0.953457459830235	0.969545861973946	0.951318382876163	0.948820625905565	0.957985376736973	0.959284630044494	0.962950167061286	0.947176722235095	0.954180472208816	0.959671620400364
cg05773164	NA	NA	NA	NA	NA	NA	NA	NA	NA	NA	NA	NA	NA	NA	NA	NA	NA	NA	NA	NA	NA	NA	NA	NA	NA	NA	NA	NA	NA	NA	NA	NA	NA	NA	NA	NA	NA	NA	NA	NA	NA	NA	NA	NA	NA	NA	NA	NA	NA	NA	NA	NA	NA	NA	NA	NA	NA	NA	NA	NA	NA	NA	NA	NA	NA	NA	NA	NA	NA	NA	NA	NA	NA	NA	NA	NA	NA	NA	NA	NA
cg05822658	0.869254358230301	0.846777591900758	0.885518297276075	0.360082322019291	0.553633305999238	0.568823010400925	0.605371543659361	0.899018420950561	0.929595647420457	0.886076897646938	0.551401284942003	0.612660684376358	0.570307157357782	0.566642417514784	0.795532878724223	0.474393429317598	0.879526616302319	0.533526162108182	0.618985071408771	0.555757702736118	0.890894821124951	0.918531029277619	0.276461733696353	0.94133777180621	0.931406096634388	0.922925410183696	0.77601718324139	0.691691029802349	0.147041871361779	0.917049854546525	0.425085960201772	0.483992414074636	0.837257601897543	0.850810403168705	0.597521713476127	0.539092731349666	0.943185342890731	0.908956630054715	0.949376432842066	0.570700848569498	0.335038265566353	0.559524884018912	0.186830477891968	0.616009955740127	0.577099717573348	0.57461426017037	0.510038229443175	0.462813015128751	0.922814041164877	0.941485438795849	0.903860417823572	0.534957711393432	0.521736078045342	0.575496065847031	0.907187531182415	0.925374270842136	0.933981057784635	0.881008079083905	0.951137755152422	0.936266822828315	0.893717288119702	0.694014064772299	0.564023503298976	0.601410708550831	0.542807845829259	0.717715222509567	0.621846060626489	0.516586708398367	0.875743847963752	0.921849964846076	0.920306778405145	0.544523180702479	0.339469418187862	0.77164971932663	0.938478500336872	0.540259801262321	0.872173719009707	0.42174047966376	0.940255999688143	0.566922593536969
cg05828992	NA	NA	NA	NA	NA	NA	NA	NA	NA	NA	NA	NA	NA	NA	NA	NA	NA	NA	NA	NA	NA	NA	NA	NA	NA	NA	NA	NA	NA	NA	NA	NA	NA	NA	NA	NA	NA	NA	NA	NA	NA	NA	NA	NA	NA	NA	NA	NA	NA	NA	NA	NA	NA	NA	NA	NA	NA	NA	NA	NA	NA	NA	NA	NA	NA	NA	NA	NA	NA	NA	NA	NA	NA	NA	NA	NA	NA	NA	NA	NA
cg05864350	0.961704434817206	0.973553202102015	0.961593395061396	0.961828850870113	0.955523478975519	0.938152928153753	0.963358560072417	0.962985290760145	0.956130348411438	0.966325876569588	0.955302794910797	0.967919297750965	0.963507691310863	0.959135631933249	0.960552776357183	0.958862514947543	0.962084857940875	0.950457267383996	0.956332777448246	0.942038988628958	0.950349059490886	0.962990550436648	0.9601751833513	0.953659938473067	0.959402359637375	0.957410285428942	0.959734944133287	0.947998092461227	0.965486525271317	0.96019042096103	0.958037678564114	0.955623138384384	0.97077933666488	0.958528566882823	0.96460018050731	0.968523198021803	0.958976505906799	0.953432063286779	0.96379012051627	0.951071468582822	0.964284674623936	0.964140582599076	0.963722911766367	0.960878235888551	0.962307558502298	0.96354243821088	0.952180853480648	0.964697116305908	0.968471967693003	0.96487873699738	0.965322148219203	0.962572584036831	0.965284488367786	0.96007574888943	0.961698905043682	0.957710229259341	0.963974879547203	0.959155311481177	0.95769037505943	0.949544253300229	0.963143524834649	0.948190467969833	0.964554270075758	0.962424348012379	0.958868565808178	0.962467034790423	0.964493428420905	0.963975880445743	0.965376161037509	0.961166783156026	0.95637955335655	0.965669307514871	0.967629303151036	0.963984422057193	0.964751155743939	0.962223928448536	0.965845863740466	0.961163609920677	0.955457696823847	0.954722217840603
cg05906717	NA	NA	NA	NA	NA	NA	NA	NA	NA	NA	NA	NA	NA	NA	NA	NA	NA	NA	NA	NA	NA	NA	NA	NA	NA	NA	NA	NA	NA	NA	NA	NA	NA	NA	NA	NA	NA	NA	NA	NA	NA	NA	NA	NA	NA	NA	NA	NA	NA	NA	NA	NA	NA	NA	NA	NA	NA	NA	NA	NA	NA	NA	NA	NA	NA	NA	NA	NA	NA	NA	NA	NA	NA	NA	NA	NA	NA	NA	NA	NA
cg05919161	NA	NA	NA	NA	NA	NA	NA	NA	NA	NA	NA	NA	NA	NA	NA	NA	NA	NA	NA	NA	NA	NA	NA	NA	NA	NA	NA	NA	NA	NA	NA	NA	NA	NA	NA	NA	NA	NA	NA	NA	NA	NA	NA	NA	NA	NA	NA	NA	NA	NA	NA	NA	NA	NA	NA	NA	NA	NA	NA	NA	NA	NA	NA	NA	NA	NA	NA	NA	NA	NA	NA	NA	NA	NA	NA	NA	NA	NA	NA	NA
cg05935774	NA	NA	NA	NA	NA	NA	NA	NA	NA	NA	NA	NA	NA	NA	NA	NA	NA	NA	NA	NA	NA	NA	NA	NA	NA	NA	NA	NA	NA	NA	NA	NA	NA	NA	NA	NA	NA	NA	NA	NA	NA	NA	NA	NA	NA	NA	NA	NA	NA	NA	NA	NA	NA	NA	NA	NA	NA	NA	NA	NA	NA	NA	NA	NA	NA	NA	NA	NA	NA	NA	NA	NA	NA	NA	NA	NA	NA	NA	NA	NA
cg05987389	NA	NA	NA	NA	NA	NA	NA	NA	NA	NA	NA	NA	NA	NA	NA	NA	NA	NA	NA	NA	NA	NA	NA	NA	NA	NA	NA	NA	NA	NA	NA	NA	NA	NA	NA	NA	NA	NA	NA	NA	NA	NA	NA	NA	NA	NA	NA	NA	NA	NA	NA	NA	NA	NA	NA	NA	NA	NA	NA	NA	NA	NA	NA	NA	NA	NA	NA	NA	NA	NA	NA	NA	NA	NA	NA	NA	NA	NA	NA	NA
cg06021910	NA	NA	NA	NA	NA	NA	NA	NA	NA	NA	NA	NA	NA	NA	NA	NA	NA	NA	NA	NA	NA	NA	NA	NA	NA	NA	NA	NA	NA	NA	NA	NA	NA	NA	NA	NA	NA	NA	NA	NA	NA	NA	NA	NA	NA	NA	NA	NA	NA	NA	NA	NA	NA	NA	NA	NA	NA	NA	NA	NA	NA	NA	NA	NA	NA	NA	NA	NA	NA	NA	NA	NA	NA	NA	NA	NA	NA	NA	NA	NA
cg06022832	0.920056809387765	0.936291596028777	0.942093153383153	0.959874404626205	0.931973885464119	0.908685407278492	0.92933038647351	0.910269024635765	0.946920184088305	0.94908114168237	0.935820729850759	0.940526421970204	0.948386824650279	0.961763964924539	0.949584565006736	0.909457717843085	0.933843350810268	0.95343378204132	0.951107321185837	0.950318141200658	0.943451152146604	0.915625664975124	0.919462153366486	0.950630918290139	0.9428315623251	0.938708425506696	0.944614906981422	0.945524260021597	0.954690679268186	0.94281231690671	0.954964353550381	0.94475902476473	0.962959594200742	0.925093761586047	0.94127331564686	0.925877101465105	0.962774414450663	0.950722358788934	0.953053053911578	0.924539263763335	0.913055715378826	0.955567464965863	0.95026097492445	0.941708929986866	0.932159858429479	0.933856854157945	0.945412415394422	0.955287816340385	0.94261949259906	0.932252611505219	0.911702728536958	0.926856248489306	0.936721275854408	0.938221558175124	0.937515302315281	0.937062500576281	0.927248020248327	0.933932335845459	0.923028406600538	0.92851819740101	0.951552705359108	0.951520109235729	0.95642362770959	0.951008571209863	0.947801387832296	0.950271800089058	0.914629426721335	0.952811206747285	0.946414817477632	0.935921586732119	0.936497885152293	0.94268698732629	0.87657456689148	0.890581166712647	0.945800992130428	0.958177208334478	0.926765703387652	0.955351430497844	0.949646823696164	0.945980029531858
cg06031526	NA	NA	NA	NA	NA	NA	NA	NA	NA	NA	NA	NA	NA	NA	NA	NA	NA	NA	NA	NA	NA	NA	NA	NA	NA	NA	NA	NA	NA	NA	NA	NA	NA	NA	NA	NA	NA	NA	NA	NA	NA	NA	NA	NA	NA	NA	NA	NA	NA	NA	NA	NA	NA	NA	NA	NA	NA	NA	NA	NA	NA	NA	NA	NA	NA	NA	NA	NA	NA	NA	NA	NA	NA	NA	NA	NA	NA	NA	NA	NA
cg06073147	NA	NA	NA	NA	NA	NA	NA	NA	NA	NA	NA	NA	NA	NA	NA	NA	NA	NA	NA	NA	NA	NA	NA	NA	NA	NA	NA	NA	NA	NA	NA	NA	NA	NA	NA	NA	NA	NA	NA	NA	NA	NA	NA	NA	NA	NA	NA	NA	NA	NA	NA	NA	NA	NA	NA	NA	NA	NA	NA	NA	NA	NA	NA	NA	NA	NA	NA	NA	NA	NA	NA	NA	NA	NA	NA	NA	NA	NA	NA	NA
cg06073550	NA	NA	NA	NA	NA	NA	NA	NA	NA	NA	NA	NA	NA	NA	NA	NA	NA	NA	NA	NA	NA	NA	NA	NA	NA	NA	NA	NA	NA	NA	NA	NA	NA	NA	NA	NA	NA	NA	NA	NA	NA	NA	NA	NA	NA	NA	NA	NA	NA	NA	NA	NA	NA	NA	NA	NA	NA	NA	NA	NA	NA	NA	NA	NA	NA	NA	NA	NA	NA	NA	NA	NA	NA	NA	NA	NA	NA	NA	NA	NA
cg06082293	NA	NA	NA	NA	NA	NA	NA	NA	NA	NA	NA	NA	NA	NA	NA	NA	NA	NA	NA	NA	NA	NA	NA	NA	NA	NA	NA	NA	NA	NA	NA	NA	NA	NA	NA	NA	NA	NA	NA	NA	NA	NA	NA	NA	NA	NA	NA	NA	NA	NA	NA	NA	NA	NA	NA	NA	NA	NA	NA	NA	NA	NA	NA	NA	NA	NA	NA	NA	NA	NA	NA	NA	NA	NA	NA	NA	NA	NA	NA	NA
cg06113303	NA	NA	NA	NA	NA	NA	NA	NA	NA	NA	NA	NA	NA	NA	NA	NA	NA	NA	NA	NA	NA	NA	NA	NA	NA	NA	NA	NA	NA	NA	NA	NA	NA	NA	NA	NA	NA	NA	NA	NA	NA	NA	NA	NA	NA	NA	NA	NA	NA	NA	NA	NA	NA	NA	NA	NA	NA	NA	NA	NA	NA	NA	NA	NA	NA	NA	NA	NA	NA	NA	NA	NA	NA	NA	NA	NA	NA	NA	NA	NA
cg06151505	NA	NA	NA	NA	NA	NA	NA	NA	NA	NA	NA	NA	NA	NA	NA	NA	NA	NA	NA	NA	NA	NA	NA	NA	NA	NA	NA	NA	NA	NA	NA	NA	NA	NA	NA	NA	NA	NA	NA	NA	NA	NA	NA	NA	NA	NA	NA	NA	NA	NA	NA	NA	NA	NA	NA	NA	NA	NA	NA	NA	NA	NA	NA	NA	NA	NA	NA	NA	NA	NA	NA	NA	NA	NA	NA	NA	NA	NA	NA	NA
cg06211041	NA	NA	NA	NA	NA	NA	NA	NA	NA	NA	NA	NA	NA	NA	NA	NA	NA	NA	NA	NA	NA	NA	NA	NA	NA	NA	NA	NA	NA	NA	NA	NA	NA	NA	NA	NA	NA	NA	NA	NA	NA	NA	NA	NA	NA	NA	NA	NA	NA	NA	NA	NA	NA	NA	NA	NA	NA	NA	NA	NA	NA	NA	NA	NA	NA	NA	NA	NA	NA	NA	NA	NA	NA	NA	NA	NA	NA	NA	NA	NA
cg06215556	NA	NA	NA	NA	NA	NA	NA	NA	NA	NA	NA	NA	NA	NA	NA	NA	NA	NA	NA	NA	NA	NA	NA	NA	NA	NA	NA	NA	NA	NA	NA	NA	NA	NA	NA	NA	NA	NA	NA	NA	NA	NA	NA	NA	NA	NA	NA	NA	NA	NA	NA	NA	NA	NA	NA	NA	NA	NA	NA	NA	NA	NA	NA	NA	NA	NA	NA	NA	NA	NA	NA	NA	NA	NA	NA	NA	NA	NA	NA	NA
cg06281205	0.940961795492022	0.955516421311597	0.929325969650018	0.857775827297614	0.920256872337916	0.95196756858004	0.842675274367981	0.957998052368142	0.948075855823038	0.921039369133074	0.93886892230581	0.920714742772276	0.948007742398781	0.93162550498534	0.950741704281966	0.921934805092359	0.952382842404062	0.947742829752094	0.938385581393285	0.950469766038062	0.808556537284131	0.933400319694112	0.949525223922688	0.94666684011064	0.951210705719097	0.956461080508326	0.942180395574685	0.953863287954413	0.929434100733167	0.934368427402415	0.947526722487903	0.474698946575651	0.961609037374197	0.854676361893644	0.951460566706439	0.950428446367485	0.916662618422108	0.9414647050243	0.951995944190107	0.912947226019416	0.943432293578699	0.948107123841389	0.764865181468504	0.953522660492836	0.96296784327746	0.945683443838861	0.936440895189186	0.955478757095087	0.951980275786852	0.726919084405613	0.945026789001169	0.903646966227271	0.69887584697782	0.912450952957873	0.959011722908904	0.948682151819026	0.694123797970474	0.947917877212219	0.950800987680585	0.942139628711787	0.915360522445958	0.955420500612686	0.955882385567256	0.933536437063235	0.928534662588124	0.942730710084247	0.956377230368983	0.941054012001174	0.956670229823047	0.942979414269708	0.951850921574515	0.945510224385414	0.937034623601861	0.939497502080741	0.957824520755275	0.919725432253581	0.958133761939843	0.949186062649385	0.903660784174748	0.947399327691346
cg06336871	NA	NA	NA	NA	NA	NA	NA	NA	NA	NA	NA	NA	NA	NA	NA	NA	NA	NA	NA	NA	NA	NA	NA	NA	NA	NA	NA	NA	NA	NA	NA	NA	NA	NA	NA	NA	NA	NA	NA	NA	NA	NA	NA	NA	NA	NA	NA	NA	NA	NA	NA	NA	NA	NA	NA	NA	NA	NA	NA	NA	NA	NA	NA	NA	NA	NA	NA	NA	NA	NA	NA	NA	NA	NA	NA	NA	NA	NA	NA	NA
cg06354953	NA	NA	NA	NA	NA	NA	NA	NA	NA	NA	NA	NA	NA	NA	NA	NA	NA	NA	NA	NA	NA	NA	NA	NA	NA	NA	NA	NA	NA	NA	NA	NA	NA	NA	NA	NA	NA	NA	NA	NA	NA	NA	NA	NA	NA	NA	NA	NA	NA	NA	NA	NA	NA	NA	NA	NA	NA	NA	NA	NA	NA	NA	NA	NA	NA	NA	NA	NA	NA	NA	NA	NA	NA	NA	NA	NA	NA	NA	NA	NA
cg06364539	0.973334329568908	0.971069114579736	0.84696370943579	0.801560857389421	0.966137763689992	0.74464243539302	0.976614324374063	0.965753591050728	0.977423362974585	0.974131853125012	0.681892021589939	0.77095364986406	0.974619548249799	0.976607635531369	0.691917184756763	0.827604671760711	0.960018656010441	0.943950799838588	0.888746854105536	0.968634984485272	0.972506106145834	0.82210843579514	0.903745215665914	0.977971941495945	0.964037400421779	0.97472754141557	0.793921153773489	0.801868143732566	0.962651045754198	0.975622236590616	0.936024654749487	0.966029443117734	0.93552589021055	0.969708622775086	0.891475053666607	0.350920286581529	0.969910000543081	0.96727539325314	0.977400020545115	0.914145659539474	0.370081595939303	0.960771238416533	0.938312485405993	0.971666089818937	0.980053494789755	0.959216866464156	0.959448607958362	0.963447622799172	0.772005403941961	0.975983470310962	0.970803310970903	0.977984506497902	0.972436154849338	0.973216396015188	0.970886898031013	0.968436108430811	0.972927227638931	0.97449137707944	0.974946495984404	0.975450175898972	0.976433014225016	0.914120607177832	0.965687519551082	0.965483821418887	0.976487998964726	0.966174929991103	0.839761765566958	0.954946147488876	0.766746990147094	0.840530867768348	0.789582349941688	0.965263984396028	0.847471262286579	0.939648605926343	0.723795817650727	0.951133472354516	0.738503113211321	0.956969251466497	0.972519938832835	0.808866140049173
cg06396309	0.914699123359634	0.919370105107535	0.899835177229184	0.908619428849439	0.898982140478333	0.880291256028842	0.9157761927714	0.913541774464378	0.907165945857759	0.875208680340902	0.826081437616161	0.886381045927931	0.907665043953709	0.868450509599883	0.899548979206816	0.750089335843835	0.911218816298984	0.910711047919677	0.90162490631504	0.890115043830675	0.88861832854422	0.901891209506466	0.900964220734834	0.885561318469348	0.895942111355178	0.897742970981074	0.900250271154901	0.883489527291811	0.87712024110523	0.88027724112012	0.871166721159631	0.837732722057173	0.871962534906156	0.906868976872831	0.895310636400344	0.915881137569182	0.895156268301103	0.900848985985745	0.884639513931632	0.88834793057263	0.747241588307923	0.903903852699613	0.898605322295915	0.908037720356693	0.914779909745916	0.890792182364917	0.892359262768479	0.895847334914744	0.896282296679509	0.911762601748718	0.898107625405511	0.88580430932634	0.907511634250084	0.913211704193028	0.811543464993954	0.88342122252425	0.907447512412576	0.829617352112243	0.873429993648218	0.906913812938363	0.905611795012232	0.873277617792742	0.897871357365198	0.901315212277395	0.88751583532111	0.886013407841934	0.873548781361909	0.90718784099445	0.915994030997932	0.875141905994231	0.896950327479022	0.89931679167882	0.90517378080287	0.884509009449102	0.876106668088477	0.903558866711129	0.876448582040976	0.897849482272084	0.899648318699332	0.906658802791771
cg06438727	0.93918074687308	0.961186902923797	0.933484091107652	0.885610413467102	0.943904151793879	0.90957284851236	0.939685989002634	0.918518520701178	0.910538577642875	0.944069632642201	0.874477001044753	0.922887887349549	0.94035352327769	0.897578966088	0.945248960704752	0.546043247434546	0.937095466507034	0.942635428389687	0.649868524952447	0.941620379666713	0.877520893409337	0.931359735664331	0.935600753562405	0.946754123022008	0.429295827905661	0.914902927376815	0.905206014377055	0.935991390663826	0.954740441435551	0.93607850409807	0.936932948386098	0.485664697514691	0.930415086026493	0.865428591455215	0.925760170961619	0.93331565080415	0.938184059802122	0.935446837678247	0.904285464237487	0.929252518934017	0.894987337251443	0.924816934148024	0.923444516995099	0.897912068242536	0.946029014382935	0.889210586743346	0.906608871321729	0.930277123095178	0.953544469207002	0.943916011588641	0.942847871698602	0.938331610338676	0.94209396166431	0.931736274965163	0.948132403065984	0.939269601348593	0.908571842753765	0.960493049379361	0.762180800683142	0.929017893412191	0.943826080522885	0.926922068325974	0.92954670242647	0.884087265100025	0.952731999802129	0.91607556806123	0.906580342138369	0.940134554172538	0.934884863683629	0.933402271842062	0.898890082866948	0.940430960008759	0.90828200011354	0.91394051386008	0.944652715917894	0.901800998058627	0.918893416669049	0.933848680165861	0.91810049228613	0.930275138095346
cg06440169	NA	NA	NA	NA	NA	NA	NA	NA	NA	NA	NA	NA	NA	NA	NA	NA	NA	NA	NA	NA	NA	NA	NA	NA	NA	NA	NA	NA	NA	NA	NA	NA	NA	NA	NA	NA	NA	NA	NA	NA	NA	NA	NA	NA	NA	NA	NA	NA	NA	NA	NA	NA	NA	NA	NA	NA	NA	NA	NA	NA	NA	NA	NA	NA	NA	NA	NA	NA	NA	NA	NA	NA	NA	NA	NA	NA	NA	NA	NA	NA
cg06442472	NA	NA	NA	NA	NA	NA	NA	NA	NA	NA	NA	NA	NA	NA	NA	NA	NA	NA	NA	NA	NA	NA	NA	NA	NA	NA	NA	NA	NA	NA	NA	NA	NA	NA	NA	NA	NA	NA	NA	NA	NA	NA	NA	NA	NA	NA	NA	NA	NA	NA	NA	NA	NA	NA	NA	NA	NA	NA	NA	NA	NA	NA	NA	NA	NA	NA	NA	NA	NA	NA	NA	NA	NA	NA	NA	NA	NA	NA	NA	NA
cg06450446	NA	NA	NA	NA	NA	NA	NA	NA	NA	NA	NA	NA	NA	NA	NA	NA	NA	NA	NA	NA	NA	NA	NA	NA	NA	NA	NA	NA	NA	NA	NA	NA	NA	NA	NA	NA	NA	NA	NA	NA	NA	NA	NA	NA	NA	NA	NA	NA	NA	NA	NA	NA	NA	NA	NA	NA	NA	NA	NA	NA	NA	NA	NA	NA	NA	NA	NA	NA	NA	NA	NA	NA	NA	NA	NA	NA	NA	NA	NA	NA
cg06455125	NA	NA	NA	NA	NA	NA	NA	NA	NA	NA	NA	NA	NA	NA	NA	NA	NA	NA	NA	NA	NA	NA	NA	NA	NA	NA	NA	NA	NA	NA	NA	NA	NA	NA	NA	NA	NA	NA	NA	NA	NA	NA	NA	NA	NA	NA	NA	NA	NA	NA	NA	NA	NA	NA	NA	NA	NA	NA	NA	NA	NA	NA	NA	NA	NA	NA	NA	NA	NA	NA	NA	NA	NA	NA	NA	NA	NA	NA	NA	NA
cg06484274	0.578029047611902	0.839132801542514	0.375990826730352	0.426133804900759	0.920156382575144	0.949045546042918	0.615807224778827	0.806775280073153	0.886335462856252	0.857758736915645	0.797942282251191	0.174267346124841	0.885976299295138	0.130198036993395	0.877305273305364	0.725921047406606	0.879178163308696	0.644600054882799	0.912244863946897	0.93155758656609	0.779417543592027	0.880624922358681	0.754733491485641	0.228555128505579	0.618812812969582	0.417129005931629	0.193956759025826	0.858668310381056	0.903616067076536	0.951960157004987	0.892706822150207	0.604468634849908	0.296435144620732	0.801933887813019	0.0808329833426307	0.892660405184843	0.935880480112412	0.885823501772766	0.922111500714657	0.737294629513208	0.746607382858403	0.329378186762084	0.68686625666086	0.851796056529431	0.603132439804753	0.207962280871559	0.512543831788908	0.159009162967507	0.896900167010496	0.905040450686509	0.876974370070325	0.514709429160756	0.29260985286904	0.798440677443486	0.628823914205874	0.742544361246886	0.524640397907883	0.820249969143059	0.910922181023505	0.537906700797198	0.605015097834427	0.196461631411576	0.935211896795502	0.843815542708652	0.945685184940965	0.681915650146524	0.143079136219839	0.476412537027032	0.88309563608323	0.803209174749343	0.30144673261147	0.540608557638428	0.679540717442486	0.861264702878505	0.363519790750438	0.440675119421595	0.916836907572502	0.133528401589042	0.908693985530911	0.781619743958316
cg06485995	NA	NA	NA	NA	NA	NA	NA	NA	NA	NA	NA	NA	NA	NA	NA	NA	NA	NA	NA	NA	NA	NA	NA	NA	NA	NA	NA	NA	NA	NA	NA	NA	NA	NA	NA	NA	NA	NA	NA	NA	NA	NA	NA	NA	NA	NA	NA	NA	NA	NA	NA	NA	NA	NA	NA	NA	NA	NA	NA	NA	NA	NA	NA	NA	NA	NA	NA	NA	NA	NA	NA	NA	NA	NA	NA	NA	NA	NA	NA	NA
cg06516543	0.918033049961425	0.951285526189709	0.948164713659338	0.967487615832818	0.955203866037073	0.94389614270712	0.951798606834768	0.952931010605371	0.956038297078049	0.957160029093953	NA	0.942490713289458	0.960202582851297	0.960664837233476	0.962585245855102	0.948617056330601	0.97138565255182	0.96076530162256	0.965364886873147	0.954621571228275	0.94765366012758	0.927335007085926	0.962736520654724	0.965949676474262	0.967173177496906	0.925129160174504	0.961913705747687	0.965519210278455	0.912739196027121	0.962111741276937	0.969568016423287	0.967234481226096	0.96646121180289	0.944074834880095	0.976140333775005	0.948523176827887	0.956866505935045	0.951948898365955	0.957377166120735	0.957706973260861	0.950504929300042	0.918520180072461	0.962906346785476	0.947815539053551	0.950097031455866	0.958847054022778	0.966952290920067	0.967103737945938	0.963045940200264	0.911316723189813	0.966136065695373	0.953426581952335	0.972725495798271	0.96696959297431	0.938193326409658	0.959816145443291	0.96954927387513	0.947842278392042	0.963325042508217	0.94807950481685	0.967524831629506	0.952945975447692	0.95571216438226	0.97411212096897	0.973390716040632	0.956614384334772	0.959109769160372	0.940647390730658	0.966638109531906	0.95747687129019	0.905945646130842	0.968380280866654	0.949425048883041	0.943142845524096	0.961416446418477	0.908261452063494	0.954702853804657	0.963494198066628	0.877219708447194	0.951138302549589
cg06576765	NA	NA	NA	NA	NA	NA	NA	NA	NA	NA	NA	NA	NA	NA	NA	NA	NA	NA	NA	NA	NA	NA	NA	NA	NA	NA	NA	NA	NA	NA	NA	NA	NA	NA	NA	NA	NA	NA	NA	NA	NA	NA	NA	NA	NA	NA	NA	NA	NA	NA	NA	NA	NA	NA	NA	NA	NA	NA	NA	NA	NA	NA	NA	NA	NA	NA	NA	NA	NA	NA	NA	NA	NA	NA	NA	NA	NA	NA	NA	NA
cg06577450	NA	NA	NA	NA	NA	NA	NA	NA	NA	NA	NA	NA	NA	NA	NA	NA	NA	NA	NA	NA	NA	NA	NA	NA	NA	NA	NA	NA	NA	NA	NA	NA	NA	NA	NA	NA	NA	NA	NA	NA	NA	NA	NA	NA	NA	NA	NA	NA	NA	NA	NA	NA	NA	NA	NA	NA	NA	NA	NA	NA	NA	NA	NA	NA	NA	NA	NA	NA	NA	NA	NA	NA	NA	NA	NA	NA	NA	NA	NA	NA
cg06613547	NA	NA	NA	NA	NA	NA	NA	NA	NA	NA	NA	NA	NA	NA	NA	NA	NA	NA	NA	NA	NA	NA	NA	NA	NA	NA	NA	NA	NA	NA	NA	NA	NA	NA	NA	NA	NA	NA	NA	NA	NA	NA	NA	NA	NA	NA	NA	NA	NA	NA	NA	NA	NA	NA	NA	NA	NA	NA	NA	NA	NA	NA	NA	NA	NA	NA	NA	NA	NA	NA	NA	NA	NA	NA	NA	NA	NA	NA	NA	NA
cg06631184	0.964051900952485	0.968900736623127	0.959574475979832	0.968922922458188	0.960314677200129	0.946670775100487	0.962056801869686	0.961468011732378	0.953361747565432	0.952837126312133	0.958039946511079	0.961361901072841	0.956914563209692	0.955613230292435	0.961799381823777	0.954041371590092	0.968840278423484	0.957178136790747	0.959340808639858	0.955852537180687	0.964677991446434	0.960032298575645	0.959604118044828	0.950212303202505	0.954421934882324	0.96425298719962	0.948763769701024	0.9680151075701	0.963009203161119	0.954742928921853	0.966762156188985	0.949963813330627	0.935174161683287	0.961765467145	0.95886101566389	0.958850853303389	0.962249107202482	0.963715477514277	0.952537103775826	0.960604142284942	0.957643657099564	0.958822411853396	0.963114713491194	0.966443768174	0.965116906736844	0.963569007349078	0.961443893490845	0.952226973225828	0.960120288120474	0.961643987510598	0.955372346503873	0.94427190175117	0.957998426790385	0.9540270044158	0.96545166567305	0.966920392647952	0.96492899189479	0.960332685148872	0.965891204315178	0.957769369447096	0.966268667895817	0.949031563982737	0.968270993367392	0.963003784899033	0.965767635885167	0.956018694746966	0.967072521245565	0.966836560309409	0.96085395656851	0.960558133490791	0.961401903374178	0.968095383084095	0.962073749718725	0.966546901854868	0.957484487821517	0.963183800466224	0.967690505064283	0.956021136854844	0.958983840695213	0.959668415853049
cg06643622	0.949035980412855	0.952714973857978	0.906417751973744	0.909520422464946	0.94565060662851	0.934123697159475	0.928926022008401	0.84004189737274	0.948601636176585	0.934830729962408	0.418559505494216	0.817353581439505	0.94305063965648	0.913141037949863	0.933612354072975	0.877692474812115	0.942585035077187	0.939183788211145	0.932788127458698	0.931362746984219	0.936601338485735	0.941271057665388	0.899742231303925	0.942592872672449	0.935125110108077	0.947746907453858	0.757893905592494	0.906522855244151	0.943638397462296	0.924449780700613	0.903475159504451	0.861584146595245	0.897765975860719	0.945479094125761	0.910651566412032	0.941275212989514	0.942130982757986	0.922150363981961	0.943290826606932	0.902073553426728	0.919876803878535	0.913596763601179	0.938047155899626	0.949741552029546	0.894373621778484	0.895986509910085	0.849426271449395	0.930005061363487	0.945469821631897	0.953008922251303	0.91353886897835	0.940020135128513	0.947163951104578	0.930273930942031	0.953833400103359	0.924813059034492	0.958296986680375	0.937806457667179	0.945964374651814	0.950463375343569	0.940449136565506	0.848842900338775	0.952359708097053	0.955345835466034	0.943669154761169	0.90533563509666	0.877283626231034	0.921788764491608	0.943377774807718	0.934985393860025	0.739225665744407	0.753177509921688	0.886946473316507	0.900052326953808	0.943124027945384	0.928007867411537	0.951529703032819	0.907175936626987	0.922326409498328	0.92913742475709
cg06655570	NA	NA	NA	NA	NA	NA	NA	NA	NA	NA	NA	NA	NA	NA	NA	NA	NA	NA	NA	NA	NA	NA	NA	NA	NA	NA	NA	NA	NA	NA	NA	NA	NA	NA	NA	NA	NA	NA	NA	NA	NA	NA	NA	NA	NA	NA	NA	NA	NA	NA	NA	NA	NA	NA	NA	NA	NA	NA	NA	NA	NA	NA	NA	NA	NA	NA	NA	NA	NA	NA	NA	NA	NA	NA	NA	NA	NA	NA	NA	NA
cg06659269	NA	NA	NA	NA	NA	NA	NA	NA	NA	NA	NA	NA	NA	NA	NA	NA	NA	NA	NA	NA	NA	NA	NA	NA	NA	NA	NA	NA	NA	NA	NA	NA	NA	NA	NA	NA	NA	NA	NA	NA	NA	NA	NA	NA	NA	NA	NA	NA	NA	NA	NA	NA	NA	NA	NA	NA	NA	NA	NA	NA	NA	NA	NA	NA	NA	NA	NA	NA	NA	NA	NA	NA	NA	NA	NA	NA	NA	NA	NA	NA
cg06659867	NA	NA	NA	NA	NA	NA	NA	NA	NA	NA	NA	NA	NA	NA	NA	NA	NA	NA	NA	NA	NA	NA	NA	NA	NA	NA	NA	NA	NA	NA	NA	NA	NA	NA	NA	NA	NA	NA	NA	NA	NA	NA	NA	NA	NA	NA	NA	NA	NA	NA	NA	NA	NA	NA	NA	NA	NA	NA	NA	NA	NA	NA	NA	NA	NA	NA	NA	NA	NA	NA	NA	NA	NA	NA	NA	NA	NA	NA	NA	NA
cg06662976	0.0574613546710558	0.0381749239328788	0.0395415267234714	0.0749664606846176	0.304918544352039	0.0419093561285582	0.0400524962950676	0.0424532558188394	0.0830650571616492	0.040958897220339	0.0372428832539261	0.0518626091541952	0.037908951621187	0.052069492255748	0.0436897548894167	0.0403785223986483	0.045845783379045	0.0319647051152327	0.0447170452511689	0.0400203945878861	0.0851508092049609	0.0534899231971392	0.0469226837148423	0.0453559139436782	0.502201207213192	0.070231281986538	0.0447528429625315	0.0448626446302956	0.0546015962880563	0.0379828433193279	0.0393094342208343	0.0471961272398408	0.0524857672284348	0.040052600521405	0.0559018435617985	0.0441863675204424	0.0511045275893386	0.040187611391661	0.0491071741225154	0.04129164326254	0.0429876741570729	0.038338188230131	0.0440591704881683	0.0893190751915241	0.0436992559023677	0.0399396836372552	0.0409434768590873	0.0364484071958006	0.0404858589001794	0.450840353450577	0.153592174246568	0.037667162218625	0.0385261443384733	0.0388787225578426	0.0401573725230442	0.0737203920954892	0.0648548003654945	0.0681050467567725	0.0347187724656159	0.0457362286813623	0.0603463331877957	0.0473955527179803	0.178662298156973	0.0398429545671871	0.156135018350617	0.0542370458284194	0.0487012110338512	0.0495065970702817	0.0343390229114578	0.11282938840525	0.0486098195284445	0.0328701072539417	0.0417499851799214	0.03609870064358	0.0451050791626426	0.058375328119476	0.200675584750046	0.0378008252389561	0.039325098890956	0.0325379260234206
cg06674392	NA	NA	NA	NA	NA	NA	NA	NA	NA	NA	NA	NA	NA	NA	NA	NA	NA	NA	NA	NA	NA	NA	NA	NA	NA	NA	NA	NA	NA	NA	NA	NA	NA	NA	NA	NA	NA	NA	NA	NA	NA	NA	NA	NA	NA	NA	NA	NA	NA	NA	NA	NA	NA	NA	NA	NA	NA	NA	NA	NA	NA	NA	NA	NA	NA	NA	NA	NA	NA	NA	NA	NA	NA	NA	NA	NA	NA	NA	NA	NA
cg06679649	NA	NA	NA	NA	NA	NA	NA	NA	NA	NA	NA	NA	NA	NA	NA	NA	NA	NA	NA	NA	NA	NA	NA	NA	NA	NA	NA	NA	NA	NA	NA	NA	NA	NA	NA	NA	NA	NA	NA	NA	NA	NA	NA	NA	NA	NA	NA	NA	NA	NA	NA	NA	NA	NA	NA	NA	NA	NA	NA	NA	NA	NA	NA	NA	NA	NA	NA	NA	NA	NA	NA	NA	NA	NA	NA	NA	NA	NA	NA	NA
cg06686174	NA	NA	NA	NA	NA	NA	NA	NA	NA	NA	NA	NA	NA	NA	NA	NA	NA	NA	NA	NA	NA	NA	NA	NA	NA	NA	NA	NA	NA	NA	NA	NA	NA	NA	NA	NA	NA	NA	NA	NA	NA	NA	NA	NA	NA	NA	NA	NA	NA	NA	NA	NA	NA	NA	NA	NA	NA	NA	NA	NA	NA	NA	NA	NA	NA	NA	NA	NA	NA	NA	NA	NA	NA	NA	NA	NA	NA	NA	NA	NA
cg06692606	NA	NA	NA	NA	NA	NA	NA	NA	NA	NA	NA	NA	NA	NA	NA	NA	NA	NA	NA	NA	NA	NA	NA	NA	NA	NA	NA	NA	NA	NA	NA	NA	NA	NA	NA	NA	NA	NA	NA	NA	NA	NA	NA	NA	NA	NA	NA	NA	NA	NA	NA	NA	NA	NA	NA	NA	NA	NA	NA	NA	NA	NA	NA	NA	NA	NA	NA	NA	NA	NA	NA	NA	NA	NA	NA	NA	NA	NA	NA	NA
cg06728577	NA	NA	NA	NA	NA	NA	NA	NA	NA	NA	NA	NA	NA	NA	NA	NA	NA	NA	NA	NA	NA	NA	NA	NA	NA	NA	NA	NA	NA	NA	NA	NA	NA	NA	NA	NA	NA	NA	NA	NA	NA	NA	NA	NA	NA	NA	NA	NA	NA	NA	NA	NA	NA	NA	NA	NA	NA	NA	NA	NA	NA	NA	NA	NA	NA	NA	NA	NA	NA	NA	NA	NA	NA	NA	NA	NA	NA	NA	NA	NA
cg06784187	NA	NA	NA	NA	NA	NA	NA	NA	NA	NA	NA	NA	NA	NA	NA	NA	NA	NA	NA	NA	NA	NA	NA	NA	NA	NA	NA	NA	NA	NA	NA	NA	NA	NA	NA	NA	NA	NA	NA	NA	NA	NA	NA	NA	NA	NA	NA	NA	NA	NA	NA	NA	NA	NA	NA	NA	NA	NA	NA	NA	NA	NA	NA	NA	NA	NA	NA	NA	NA	NA	NA	NA	NA	NA	NA	NA	NA	NA	NA	NA
cg06808021	NA	NA	NA	NA	NA	NA	NA	NA	NA	NA	NA	NA	NA	NA	NA	NA	NA	NA	NA	NA	NA	NA	NA	NA	NA	NA	NA	NA	NA	NA	NA	NA	NA	NA	NA	NA	NA	NA	NA	NA	NA	NA	NA	NA	NA	NA	NA	NA	NA	NA	NA	NA	NA	NA	NA	NA	NA	NA	NA	NA	NA	NA	NA	NA	NA	NA	NA	NA	NA	NA	NA	NA	NA	NA	NA	NA	NA	NA	NA	NA
cg06868034	NA	NA	NA	NA	NA	NA	NA	NA	NA	NA	NA	NA	NA	NA	NA	NA	NA	NA	NA	NA	NA	NA	NA	NA	NA	NA	NA	NA	NA	NA	NA	NA	NA	NA	NA	NA	NA	NA	NA	NA	NA	NA	NA	NA	NA	NA	NA	NA	NA	NA	NA	NA	NA	NA	NA	NA	NA	NA	NA	NA	NA	NA	NA	NA	NA	NA	NA	NA	NA	NA	NA	NA	NA	NA	NA	NA	NA	NA	NA	NA
cg06868413	NA	NA	NA	NA	NA	NA	NA	NA	NA	NA	NA	NA	NA	NA	NA	NA	NA	NA	NA	NA	NA	NA	NA	NA	NA	NA	NA	NA	NA	NA	NA	NA	NA	NA	NA	NA	NA	NA	NA	NA	NA	NA	NA	NA	NA	NA	NA	NA	NA	NA	NA	NA	NA	NA	NA	NA	NA	NA	NA	NA	NA	NA	NA	NA	NA	NA	NA	NA	NA	NA	NA	NA	NA	NA	NA	NA	NA	NA	NA	NA
cg06868699	NA	NA	NA	NA	NA	NA	NA	NA	NA	NA	NA	NA	NA	NA	NA	NA	NA	NA	NA	NA	NA	NA	NA	NA	NA	NA	NA	NA	NA	NA	NA	NA	NA	NA	NA	NA	NA	NA	NA	NA	NA	NA	NA	NA	NA	NA	NA	NA	NA	NA	NA	NA	NA	NA	NA	NA	NA	NA	NA	NA	NA	NA	NA	NA	NA	NA	NA	NA	NA	NA	NA	NA	NA	NA	NA	NA	NA	NA	NA	NA
cg06921605	NA	NA	NA	NA	NA	NA	NA	NA	NA	NA	NA	NA	NA	NA	NA	NA	NA	NA	NA	NA	NA	NA	NA	NA	NA	NA	NA	NA	NA	NA	NA	NA	NA	NA	NA	NA	NA	NA	NA	NA	NA	NA	NA	NA	NA	NA	NA	NA	NA	NA	NA	NA	NA	NA	NA	NA	NA	NA	NA	NA	NA	NA	NA	NA	NA	NA	NA	NA	NA	NA	NA	NA	NA	NA	NA	NA	NA	NA	NA	NA
cg06934003	NA	NA	NA	NA	NA	NA	NA	NA	NA	NA	NA	NA	NA	NA	NA	NA	NA	NA	NA	NA	NA	NA	NA	NA	NA	NA	NA	NA	NA	NA	NA	NA	NA	NA	NA	NA	NA	NA	NA	NA	NA	NA	NA	NA	NA	NA	NA	NA	NA	NA	NA	NA	NA	NA	NA	NA	NA	NA	NA	NA	NA	NA	NA	NA	NA	NA	NA	NA	NA	NA	NA	NA	NA	NA	NA	NA	NA	NA	NA	NA
cg06944489	NA	NA	NA	NA	NA	NA	NA	NA	NA	NA	NA	NA	NA	NA	NA	NA	NA	NA	NA	NA	NA	NA	NA	NA	NA	NA	NA	NA	NA	NA	NA	NA	NA	NA	NA	NA	NA	NA	NA	NA	NA	NA	NA	NA	NA	NA	NA	NA	NA	NA	NA	NA	NA	NA	NA	NA	NA	NA	NA	NA	NA	NA	NA	NA	NA	NA	NA	NA	NA	NA	NA	NA	NA	NA	NA	NA	NA	NA	NA	NA
cg06949017	NA	NA	NA	NA	NA	NA	NA	NA	NA	NA	NA	NA	NA	NA	NA	NA	NA	NA	NA	NA	NA	NA	NA	NA	NA	NA	NA	NA	NA	NA	NA	NA	NA	NA	NA	NA	NA	NA	NA	NA	NA	NA	NA	NA	NA	NA	NA	NA	NA	NA	NA	NA	NA	NA	NA	NA	NA	NA	NA	NA	NA	NA	NA	NA	NA	NA	NA	NA	NA	NA	NA	NA	NA	NA	NA	NA	NA	NA	NA	NA
cg06960940	NA	NA	NA	NA	NA	NA	NA	NA	NA	NA	NA	NA	NA	NA	NA	NA	NA	NA	NA	NA	NA	NA	NA	NA	NA	NA	NA	NA	NA	NA	NA	NA	NA	NA	NA	NA	NA	NA	NA	NA	NA	NA	NA	NA	NA	NA	NA	NA	NA	NA	NA	NA	NA	NA	NA	NA	NA	NA	NA	NA	NA	NA	NA	NA	NA	NA	NA	NA	NA	NA	NA	NA	NA	NA	NA	NA	NA	NA	NA	NA
cg06962373	0.869464040605322	0.859375342589054	0.817627555708302	0.795751006797761	0.858138045746851	0.86540880405726	0.818474782401026	0.828166662601672	0.852582075524907	0.835332341659752	0.833675103831066	0.779768916271025	0.822561861434646	0.821987012405179	0.823720308656492	0.780557983824304	0.863177049398152	0.852786560251052	0.824880229077988	0.853644560831417	0.841749789350025	0.817083223883861	0.829243027052552	0.833746896591695	0.859575180882763	0.832777216445396	0.663394512358286	0.864019245386987	0.860715963984747	0.827199259744464	0.828465604845321	0.841147063310732	0.774228629663301	0.858317936177894	0.756311556310134	0.857724003077922	0.8554122332388	0.823038087387318	0.819493261065922	0.848113666275265	0.78455656074707	0.777626051682548	0.828732548200948	0.845939424177349	0.840164683533473	0.762637630357019	0.840429311749213	0.851549626535971	0.835124643423613	0.851736288062658	0.797331876228466	0.851525015724247	0.805795756316804	0.804918436135474	0.856500264839965	0.82677146449167	0.854187460086399	0.833975690375753	0.817009120752354	0.852677388997119	0.852912153965659	0.79956136545817	0.857170615418566	0.812913219184106	0.755375146343505	0.848351734393263	0.871169422282413	0.861179583766636	0.866827030423623	0.84660762332051	0.832570860917451	0.825347264951682	0.810853846171254	0.801556180564421	0.852764108099005	0.766016599692732	0.841865828989598	0.805461098562212	0.856811029459817	0.857318853707233
cg06970454	NA	NA	NA	NA	NA	NA	NA	NA	NA	NA	NA	NA	NA	NA	NA	NA	NA	NA	NA	NA	NA	NA	NA	NA	NA	NA	NA	NA	NA	NA	NA	NA	NA	NA	NA	NA	NA	NA	NA	NA	NA	NA	NA	NA	NA	NA	NA	NA	NA	NA	NA	NA	NA	NA	NA	NA	NA	NA	NA	NA	NA	NA	NA	NA	NA	NA	NA	NA	NA	NA	NA	NA	NA	NA	NA	NA	NA	NA	NA	NA
cg06977264	NA	NA	NA	NA	NA	NA	NA	NA	NA	NA	NA	NA	NA	NA	NA	NA	NA	NA	NA	NA	NA	NA	NA	NA	NA	NA	NA	NA	NA	NA	NA	NA	NA	NA	NA	NA	NA	NA	NA	NA	NA	NA	NA	NA	NA	NA	NA	NA	NA	NA	NA	NA	NA	NA	NA	NA	NA	NA	NA	NA	NA	NA	NA	NA	NA	NA	NA	NA	NA	NA	NA	NA	NA	NA	NA	NA	NA	NA	NA	NA
cg06995113	NA	NA	NA	NA	NA	NA	NA	NA	NA	NA	NA	NA	NA	NA	NA	NA	NA	NA	NA	NA	NA	NA	NA	NA	NA	NA	NA	NA	NA	NA	NA	NA	NA	NA	NA	NA	NA	NA	NA	NA	NA	NA	NA	NA	NA	NA	NA	NA	NA	NA	NA	NA	NA	NA	NA	NA	NA	NA	NA	NA	NA	NA	NA	NA	NA	NA	NA	NA	NA	NA	NA	NA	NA	NA	NA	NA	NA	NA	NA	NA
cg06999653	0.92241173013902	0.932431573254456	0.917386760213718	0.945157664232697	0.922861057503879	0.929095481174311	0.938502914623645	0.919244917137263	0.93424715061536	0.936902292674274	0.90142970646168	0.925913325196536	0.925044638460114	0.915625990594349	0.93356598846003	0.929011267041335	0.943028151234018	0.936515727982781	0.934045681919761	0.907095485097338	0.943116216310613	0.924987094596099	0.896879880699707	0.947867341776759	0.908289378003106	0.935334535763625	0.871611152015094	0.915073540527749	0.937182160255952	0.911382552680654	0.91971318805827	0.936664597617322	0.911532710191308	0.95038563291633	0.917270007340354	0.914231104631888	0.914039094118728	0.935483412129062	0.928481321646702	0.941645423356747	0.874828879763593	0.930236576125592	0.92701147221253	0.923095499925005	0.937354396439855	0.911764867863106	0.919718312112565	0.943143051001961	0.919293144952804	0.916612286431087	0.911918872907025	0.941734673818773	0.906548458832528	0.921037142340408	0.940046911638953	0.930764039670721	0.912542094319331	0.939279062241325	0.92221538540011	0.925900242047743	0.945595929082957	0.862285245841032	0.916352134824216	0.927960230879305	0.941836235646611	0.946386593685671	0.927578024250792	0.925385788354109	0.936058321198569	0.947924092274484	0.928517412953185	0.90004148225528	0.921779328938106	0.902948275896295	0.922191763878318	0.904320157294079	0.928014528287477	0.880135939121864	0.92892153200299	0.940136395363546
cg07005246	NA	NA	NA	NA	NA	NA	NA	NA	NA	NA	NA	NA	NA	NA	NA	NA	NA	NA	NA	NA	NA	NA	NA	NA	NA	NA	NA	NA	NA	NA	NA	NA	NA	NA	NA	NA	NA	NA	NA	NA	NA	NA	NA	NA	NA	NA	NA	NA	NA	NA	NA	NA	NA	NA	NA	NA	NA	NA	NA	NA	NA	NA	NA	NA	NA	NA	NA	NA	NA	NA	NA	NA	NA	NA	NA	NA	NA	NA	NA	NA
cg07021678	NA	NA	NA	NA	NA	NA	NA	NA	NA	NA	NA	NA	NA	NA	NA	NA	NA	NA	NA	NA	NA	NA	NA	NA	NA	NA	NA	NA	NA	NA	NA	NA	NA	NA	NA	NA	NA	NA	NA	NA	NA	NA	NA	NA	NA	NA	NA	NA	NA	NA	NA	NA	NA	NA	NA	NA	NA	NA	NA	NA	NA	NA	NA	NA	NA	NA	NA	NA	NA	NA	NA	NA	NA	NA	NA	NA	NA	NA	NA	NA
cg07088430	NA	NA	NA	NA	NA	NA	NA	NA	NA	NA	NA	NA	NA	NA	NA	NA	NA	NA	NA	NA	NA	NA	NA	NA	NA	NA	NA	NA	NA	NA	NA	NA	NA	NA	NA	NA	NA	NA	NA	NA	NA	NA	NA	NA	NA	NA	NA	NA	NA	NA	NA	NA	NA	NA	NA	NA	NA	NA	NA	NA	NA	NA	NA	NA	NA	NA	NA	NA	NA	NA	NA	NA	NA	NA	NA	NA	NA	NA	NA	NA
cg07165120	0.970160452018875	0.967076595370803	0.949241183462492	0.952952347891755	0.954853757733289	0.958495327954013	0.963164040885124	0.958996455375324	0.956566359937957	0.96432852363331	0.730562150485357	0.946327405756779	0.95470558448748	0.95870269025784	0.957743496441609	0.946165293477143	0.963853968937628	0.965970408800721	0.955161466042644	0.963552031994927	0.961947960384971	0.963166549535318	0.941438822800582	0.95981528948609	0.962196909718314	0.959098097402963	0.939578664252036	0.924678094301954	0.966854411408187	0.960781902320745	0.957606321871596	0.953543485069895	0.953133136613093	0.954400910447243	0.9569351442526	0.963340556501267	0.960956442613269	0.946048647743318	0.958840611851095	0.959410639828219	0.921219185270898	0.963586243296717	0.94003041461659	0.947704870309975	0.963124877587963	0.944727945675467	0.958012165595125	0.953488463279081	0.969956328973179	0.9682321314454	0.95995174832311	0.967649206267278	0.955812609088821	0.961551357500898	0.964222320652314	0.966184964241293	0.966750397547186	0.960908548044927	0.952069849234545	0.962713701207538	0.965072851184576	0.920570827800751	0.967222592467095	0.965023177160452	0.95883470670511	0.958787998812375	0.94722229846027	0.960924708988741	0.962099081428065	0.959817401657043	0.966619735998306	0.661863698791421	0.951640238544755	0.930752467030225	0.959257506913539	0.956711085595624	0.960207054768637	0.942309888895524	0.958088496961853	0.962250022285633
cg07170752	0.883266126790815	0.868068754763222	0.844677514884764	0.816930242806576	0.570626275826896	0.781333659111423	0.79329706125807	0.818520116266399	0.822807181915225	0.886810833604756	0.391202057363356	0.795234476312832	0.601149123362846	0.825803370390906	0.754175389978289	0.633660512838831	0.869942226875216	0.561285013461805	0.740105000569397	0.868214947695334	0.779578498691309	0.889908667350793	0.735407795519551	0.713202196968643	0.759952998122012	0.560061104860531	0.778622077412881	0.820471466202765	0.673380878391376	0.8442334077671	0.82953081560888	0.693739232228829	0.85233853992693	0.753396022647559	0.826632019137787	0.865282990381978	0.832766210911791	0.882080460801284	0.814055431250123	0.817133409216724	0.776083199819095	0.852385961349851	0.819993465203308	0.874463078295044	0.892065412380375	0.790515482430162	0.822339359073291	0.906768510402997	0.836496511236951	0.89765648185737	0.849221246476241	0.889784311976027	0.918685329708072	0.872570856157222	0.878469782833847	0.861394723533138	0.787516376829361	0.858297068983949	0.776247302280092	0.784998703755067	0.867027519325079	0.860264863296362	0.854599606322303	0.645707736389016	0.850157143120717	0.826861427180517	0.812445962416927	0.861520984248464	0.689808153285497	0.874272502703327	0.817889149981437	0.681668503492816	0.883167831620499	0.821658069714412	0.749745653922865	0.751365252675656	0.766188485767429	0.741140825568455	0.802540248549346	0.866179444334613
cg07221511	NA	NA	NA	NA	NA	NA	NA	NA	NA	NA	NA	NA	NA	NA	NA	NA	NA	NA	NA	NA	NA	NA	NA	NA	NA	NA	NA	NA	NA	NA	NA	NA	NA	NA	NA	NA	NA	NA	NA	NA	NA	NA	NA	NA	NA	NA	NA	NA	NA	NA	NA	NA	NA	NA	NA	NA	NA	NA	NA	NA	NA	NA	NA	NA	NA	NA	NA	NA	NA	NA	NA	NA	NA	NA	NA	NA	NA	NA	NA	NA
cg07228905	0.889634792353583	0.907090869997207	0.871731270969611	0.895796678432653	0.931933388206815	0.911791722200452	0.901000617196796	0.89207574867775	0.92391654108875	0.904535223910961	0.88304808630878	0.915300993601896	0.92849383031804	0.873479374683835	0.930433476977677	0.88582480253647	0.90298984734153	0.925017090833581	0.936099263105056	0.916417151961726	0.892382508436801	0.915593952962662	0.91244772109276	0.924501715261729	0.908934168897359	0.939203409107435	0.781254806881001	0.900605062782268	0.924098084038343	0.914371574694417	0.918898132038295	0.593856962983948	0.890882244224378	0.930765785907367	0.868279411474005	0.933670362512639	0.902727245360568	0.837959778489176	0.940013531716522	0.919888336002428	0.902916226728271	0.874109189084855	0.889529491287897	0.902161057500295	0.930824710211219	0.840931215802701	0.921157632629994	0.918941299787558	0.946344002465598	0.903502078186666	0.913029769173581	0.944434951966481	0.923222467311152	0.942771537622405	0.932018274709447	0.936123799486122	0.910551996631476	0.944256797113715	0.88887922585436	0.759717352310605	0.938435147383942	0.90124156930667	0.947871985936592	0.903217016797562	0.93878352684985	0.894251114285527	0.907659990393864	0.855293460888644	0.948700024281209	0.916220293717615	0.942328367564609	0.915850994759086	0.899838741636085	0.870601294947224	0.925435844941904	0.876508225462896	0.940705656600247	0.900492026307972	0.880249145602449	0.928010574864947
cg07242196	0.982716554279746	0.979836582317319	0.978142987458456	0.976801130808494	0.970282475651314	0.973928726187628	0.981511313215464	0.977889289329694	0.98750391950769	0.976856370865984	0.978277371486792	0.980245441758738	0.975473505548615	0.987398269565604	0.972010919125916	0.966515795217751	0.983476456888244	0.978448037791307	0.976580330844388	0.9789035293219	0.973666398045389	0.96741385774096	0.985953077252495	0.978516653929829	0.982666785413898	0.97700814477259	0.976716795102643	0.979335746533949	0.975668646531551	0.976453447627614	0.981011909053063	0.980669405754328	0.966452952042663	0.979855001442462	0.984262549532674	0.978067048213999	0.983784676274364	0.986841132199142	0.982844753341771	0.978908663994892	0.981233035848089	0.982110140241301	0.975948624275195	0.971954928336007	0.981743512008071	0.978157275517606	0.977092818976212	0.970372167190461	0.984202141216501	0.982102143763983	0.98465367263909	0.982060332822289	0.980985988358415	0.980219451541311	0.978756779593204	0.976885590512588	0.973327406779784	0.973000067692325	0.985430282606674	0.982790507112986	0.983341649175047	0.979473758937128	0.978412366123544	0.982650212605507	0.984241141501113	0.96933619149505	0.981104555749342	0.981551624327217	0.9811647186295	0.981671435999094	0.982225969734357	0.983926903771659	0.981759840130855	0.981704882505193	0.981748461569584	0.982268514887715	0.980214152422206	0.982467748965402	0.970662398152442	0.976499014659751
cg07244523	NA	NA	NA	NA	NA	NA	NA	NA	NA	NA	NA	NA	NA	NA	NA	NA	NA	NA	NA	NA	NA	NA	NA	NA	NA	NA	NA	NA	NA	NA	NA	NA	NA	NA	NA	NA	NA	NA	NA	NA	NA	NA	NA	NA	NA	NA	NA	NA	NA	NA	NA	NA	NA	NA	NA	NA	NA	NA	NA	NA	NA	NA	NA	NA	NA	NA	NA	NA	NA	NA	NA	NA	NA	NA	NA	NA	NA	NA	NA	NA
cg07252846	NA	NA	NA	NA	NA	NA	NA	NA	NA	NA	NA	NA	NA	NA	NA	NA	NA	NA	NA	NA	NA	NA	NA	NA	NA	NA	NA	NA	NA	NA	NA	NA	NA	NA	NA	NA	NA	NA	NA	NA	NA	NA	NA	NA	NA	NA	NA	NA	NA	NA	NA	NA	NA	NA	NA	NA	NA	NA	NA	NA	NA	NA	NA	NA	NA	NA	NA	NA	NA	NA	NA	NA	NA	NA	NA	NA	NA	NA	NA	NA
cg07277465	NA	NA	NA	NA	NA	NA	NA	NA	NA	NA	NA	NA	NA	NA	NA	NA	NA	NA	NA	NA	NA	NA	NA	NA	NA	NA	NA	NA	NA	NA	NA	NA	NA	NA	NA	NA	NA	NA	NA	NA	NA	NA	NA	NA	NA	NA	NA	NA	NA	NA	NA	NA	NA	NA	NA	NA	NA	NA	NA	NA	NA	NA	NA	NA	NA	NA	NA	NA	NA	NA	NA	NA	NA	NA	NA	NA	NA	NA	NA	NA
cg07283015	0.968943458812206	0.973905894678339	0.956646517551172	0.960690086656458	0.9614946347196	0.964958158526771	0.965991227178597	0.967618659505359	0.962877900744382	0.958645320796167	0.969957345366327	0.95411470840975	0.955727245333084	0.957283911631454	0.956985592451	0.943446772533214	0.966562096879697	0.958379395354451	0.966109849753121	0.970861271170646	0.955831223094085	0.959765030960755	0.953246796317663	0.963759018692359	0.966119326856448	0.957868616925123	0.935757492332045	0.965396212929674	0.966791412455682	0.965617858322118	0.966147267740275	0.957850991177382	0.930202841901671	0.949207505401621	0.939613746589767	0.966051783432361	0.96273125791762	0.965387067505417	0.963336598336047	0.968739562799792	0.956356754080081	0.954292844541136	0.95784300125484	0.956181187146366	0.956412041394436	0.945490310982225	0.965761037597534	0.969740835659647	0.961071317064129	0.973529698712328	0.950399541053361	0.964112543183203	0.959801276928359	0.964105566226709	0.965533404483073	0.967449912602273	0.95785325602917	0.948917584882736	0.954106570654092	0.969412184275453	0.958774601718717	0.929220453504002	0.962986928650687	0.949554788665797	0.960989593836869	0.955973340567241	0.950042269612745	0.966774731512869	0.962904491094693	0.963828698501896	0.968088373255972	0.953282643178943	0.961311821057976	0.945976704494406	0.96591933936247	0.958368412564836	0.964309612165722	0.933461130119891	0.97090535646373	0.962498527325566
cg07372195	0.960436069602664	0.961167656891958	0.942846185236582	0.94849589811535	0.936326960745503	0.944795309899661	0.952713520641158	0.956029489725555	0.942823100020931	0.947461068303978	0.949566876998828	0.946316514327661	0.949544837382464	0.947481219685913	0.956585593076938	0.933692786732027	0.952271896172725	0.947376209971037	0.949103925811009	0.950281087626025	0.94503248587245	0.955495599084325	0.939873748592989	0.952101279513696	0.960357764340331	0.951844877624678	0.944640465024565	0.946667847171305	0.943790656473829	0.934063257070971	0.938997692354102	0.924002481211659	0.939876913644719	0.95343363630452	0.954253741372888	0.951809250267692	0.932671633799123	0.92972869349734	0.940714627289453	0.949710306312046	0.947659782419993	0.941978508318072	0.949326970187273	0.961812559215083	0.960426175086162	0.951852930551535	0.947393787174852	0.942541124402954	0.948028939652979	0.961724460350899	0.943950576583069	0.958380354804522	0.951058822557065	0.944860273511888	0.955380868989545	0.945821408840142	0.955215234460686	0.952970623753913	0.934756177721183	0.95916253124143	0.945891235757102	0.943341284951031	0.949501512360431	0.948297028363416	0.944633771683489	0.967192078642665	0.951503698937885	0.948344475608753	0.951199163697497	0.943812661206406	0.952943391072762	0.95400897960217	0.947362320341395	0.945192754100358	0.943764911269115	0.952624534603515	0.959177910739511	0.952774653953993	0.946613603137491	0.955829087395062
cg07378405	NA	NA	NA	NA	NA	NA	NA	NA	NA	NA	NA	NA	NA	NA	NA	NA	NA	NA	NA	NA	NA	NA	NA	NA	NA	NA	NA	NA	NA	NA	NA	NA	NA	NA	NA	NA	NA	NA	NA	NA	NA	NA	NA	NA	NA	NA	NA	NA	NA	NA	NA	NA	NA	NA	NA	NA	NA	NA	NA	NA	NA	NA	NA	NA	NA	NA	NA	NA	NA	NA	NA	NA	NA	NA	NA	NA	NA	NA	NA	NA
cg07421068	NA	NA	NA	NA	NA	NA	NA	NA	NA	NA	NA	NA	NA	NA	NA	NA	NA	NA	NA	NA	NA	NA	NA	NA	NA	NA	NA	NA	NA	NA	NA	NA	NA	NA	NA	NA	NA	NA	NA	NA	NA	NA	NA	NA	NA	NA	NA	NA	NA	NA	NA	NA	NA	NA	NA	NA	NA	NA	NA	NA	NA	NA	NA	NA	NA	NA	NA	NA	NA	NA	NA	NA	NA	NA	NA	NA	NA	NA	NA	NA
cg07427559	NA	NA	NA	NA	NA	NA	NA	NA	NA	NA	NA	NA	NA	NA	NA	NA	NA	NA	NA	NA	NA	NA	NA	NA	NA	NA	NA	NA	NA	NA	NA	NA	NA	NA	NA	NA	NA	NA	NA	NA	NA	NA	NA	NA	NA	NA	NA	NA	NA	NA	NA	NA	NA	NA	NA	NA	NA	NA	NA	NA	NA	NA	NA	NA	NA	NA	NA	NA	NA	NA	NA	NA	NA	NA	NA	NA	NA	NA	NA	NA
cg07508429	0.911584786182425	0.934640268661237	0.886188040081472	0.838928087315037	0.830721169742028	0.882462444361265	0.688802652142935	0.931301060601201	0.607519188593783	0.884536839448278	0.675365973637006	0.794579533675539	0.802224914482497	0.752837746030302	0.762288300058914	0.67807353399621	0.537894402559626	0.504941708664504	0.748531742357704	0.854435002342422	0.914628266414062	0.916372771508695	0.535129262855433	0.881982971550615	0.618903274670681	0.886438781948662	0.776917660948014	0.789822334869993	0.933783517274322	0.881209855539414	NA	NA	0.820252861592243	0.882416448054517	0.877953486456554	0.883070074070922	0.890805973473114	0.866440111963792	0.743176689410273	0.885110241938372	0.742693549277625	0.800350808536177	0.840286830674645	0.646664952416587	0.932050398149066	0.757032805908401	0.900058003549666	0.684904455995188	0.681988788124456	0.742849624278411	0.82013044721076	0.882188210496071	0.919255065734551	0.765933851648176	0.854575119871396	0.886236187267286	0.853886589275174	0.659613271068734	0.614484961826465	0.825255998180649	0.920881091147694	0.753875340908291	0.814024213797314	0.76052222662237	0.916661096706981	0.908719113051057	0.650937053447847	0.920652328471404	0.887625922564766	0.86588660776542	0.901131246258232	0.514008795128142	0.667415966682953	0.713781152580536	0.634271204822213	0.8488473858635	0.755602897756587	0.702460743943331	0.805848905987072	0.897050473405704
cg07516965	NA	NA	NA	NA	NA	NA	NA	NA	NA	NA	NA	NA	NA	NA	NA	NA	NA	NA	NA	NA	NA	NA	NA	NA	NA	NA	NA	NA	NA	NA	NA	NA	NA	NA	NA	NA	NA	NA	NA	NA	NA	NA	NA	NA	NA	NA	NA	NA	NA	NA	NA	NA	NA	NA	NA	NA	NA	NA	NA	NA	NA	NA	NA	NA	NA	NA	NA	NA	NA	NA	NA	NA	NA	NA	NA	NA	NA	NA	NA	NA
cg07532159	NA	NA	NA	NA	NA	NA	NA	NA	NA	NA	NA	NA	NA	NA	NA	NA	NA	NA	NA	NA	NA	NA	NA	NA	NA	NA	NA	NA	NA	NA	NA	NA	NA	NA	NA	NA	NA	NA	NA	NA	NA	NA	NA	NA	NA	NA	NA	NA	NA	NA	NA	NA	NA	NA	NA	NA	NA	NA	NA	NA	NA	NA	NA	NA	NA	NA	NA	NA	NA	NA	NA	NA	NA	NA	NA	NA	NA	NA	NA	NA
cg07559427	0.958454176628625	0.953763307687976	0.938509416219813	0.958383803448669	0.931945426094762	0.931152883955136	0.943849237986498	0.958473425963273	0.959183084223412	0.953105361371591	0.929126306825432	0.945506760661045	0.948820027731697	0.945886421167355	0.94378591198592	0.947428819487009	0.941111749790207	0.958152870340065	0.917598400421153	0.944688556555792	0.942991133564426	0.923780809062284	0.943520199121357	0.954593301817819	0.930286747568903	0.951633266984998	0.938066204360662	0.944025536186702	0.962432937181513	0.9444688894405	0.957949757715561	0.962236851605087	0.959648157636166	0.955349647223946	0.948298584690471	0.94895569040781	0.958391545184063	0.940552476068794	0.939110139311782	0.9369647106729	0.939606703829724	0.939377766937483	0.952236795243851	0.954769985403774	0.950849192690455	0.952849876115672	0.959651533415991	0.967039862394371	0.959029530199108	0.957833688666514	0.954357932387122	0.951451583337132	0.928333166467503	0.933141742384158	0.959296069279329	0.957417047898761	0.954357850207892	0.94255864536803	0.948750548662046	0.951971346472573	0.96630312006007	0.968379425258412	0.932050545130319	0.954159596209308	0.956954755607315	0.951519865478543	0.960049794348381	0.94261378054035	0.934211665453426	0.942411305256435	0.956755981247227	0.937455043169883	0.935841363319943	0.956071317440352	0.958476401358248	0.949550957028986	0.951946044176255	0.939689207782953	0.962191199131363	0.961979833696705
cg07590638	NA	NA	NA	NA	NA	NA	NA	NA	NA	NA	NA	NA	NA	NA	NA	NA	NA	NA	NA	NA	NA	NA	NA	NA	NA	NA	NA	NA	NA	NA	NA	NA	NA	NA	NA	NA	NA	NA	NA	NA	NA	NA	NA	NA	NA	NA	NA	NA	NA	NA	NA	NA	NA	NA	NA	NA	NA	NA	NA	NA	NA	NA	NA	NA	NA	NA	NA	NA	NA	NA	NA	NA	NA	NA	NA	NA	NA	NA	NA	NA
cg07612889	NA	NA	NA	NA	NA	NA	NA	NA	NA	NA	NA	NA	NA	NA	NA	NA	NA	NA	NA	NA	NA	NA	NA	NA	NA	NA	NA	NA	NA	NA	NA	NA	NA	NA	NA	NA	NA	NA	NA	NA	NA	NA	NA	NA	NA	NA	NA	NA	NA	NA	NA	NA	NA	NA	NA	NA	NA	NA	NA	NA	NA	NA	NA	NA	NA	NA	NA	NA	NA	NA	NA	NA	NA	NA	NA	NA	NA	NA	NA	NA
cg07633119	NA	NA	NA	NA	NA	NA	NA	NA	NA	NA	NA	NA	NA	NA	NA	NA	NA	NA	NA	NA	NA	NA	NA	NA	NA	NA	NA	NA	NA	NA	NA	NA	NA	NA	NA	NA	NA	NA	NA	NA	NA	NA	NA	NA	NA	NA	NA	NA	NA	NA	NA	NA	NA	NA	NA	NA	NA	NA	NA	NA	NA	NA	NA	NA	NA	NA	NA	NA	NA	NA	NA	NA	NA	NA	NA	NA	NA	NA	NA	NA
cg07645858	NA	NA	NA	NA	NA	NA	NA	NA	NA	NA	NA	NA	NA	NA	NA	NA	NA	NA	NA	NA	NA	NA	NA	NA	NA	NA	NA	NA	NA	NA	NA	NA	NA	NA	NA	NA	NA	NA	NA	NA	NA	NA	NA	NA	NA	NA	NA	NA	NA	NA	NA	NA	NA	NA	NA	NA	NA	NA	NA	NA	NA	NA	NA	NA	NA	NA	NA	NA	NA	NA	NA	NA	NA	NA	NA	NA	NA	NA	NA	NA
cg07672509	NA	NA	NA	NA	NA	NA	NA	NA	NA	NA	NA	NA	NA	NA	NA	NA	NA	NA	NA	NA	NA	NA	NA	NA	NA	NA	NA	NA	NA	NA	NA	NA	NA	NA	NA	NA	NA	NA	NA	NA	NA	NA	NA	NA	NA	NA	NA	NA	NA	NA	NA	NA	NA	NA	NA	NA	NA	NA	NA	NA	NA	NA	NA	NA	NA	NA	NA	NA	NA	NA	NA	NA	NA	NA	NA	NA	NA	NA	NA	NA
cg07690202	NA	NA	NA	NA	NA	NA	NA	NA	NA	NA	NA	NA	NA	NA	NA	NA	NA	NA	NA	NA	NA	NA	NA	NA	NA	NA	NA	NA	NA	NA	NA	NA	NA	NA	NA	NA	NA	NA	NA	NA	NA	NA	NA	NA	NA	NA	NA	NA	NA	NA	NA	NA	NA	NA	NA	NA	NA	NA	NA	NA	NA	NA	NA	NA	NA	NA	NA	NA	NA	NA	NA	NA	NA	NA	NA	NA	NA	NA	NA	NA
cg07752079	NA	NA	NA	NA	NA	NA	NA	NA	NA	NA	NA	NA	NA	NA	NA	NA	NA	NA	NA	NA	NA	NA	NA	NA	NA	NA	NA	NA	NA	NA	NA	NA	NA	NA	NA	NA	NA	NA	NA	NA	NA	NA	NA	NA	NA	NA	NA	NA	NA	NA	NA	NA	NA	NA	NA	NA	NA	NA	NA	NA	NA	NA	NA	NA	NA	NA	NA	NA	NA	NA	NA	NA	NA	NA	NA	NA	NA	NA	NA	NA
cg07752596	NA	NA	NA	NA	NA	NA	NA	NA	NA	NA	NA	NA	NA	NA	NA	NA	NA	NA	NA	NA	NA	NA	NA	NA	NA	NA	NA	NA	NA	NA	NA	NA	NA	NA	NA	NA	NA	NA	NA	NA	NA	NA	NA	NA	NA	NA	NA	NA	NA	NA	NA	NA	NA	NA	NA	NA	NA	NA	NA	NA	NA	NA	NA	NA	NA	NA	NA	NA	NA	NA	NA	NA	NA	NA	NA	NA	NA	NA	NA	NA
cg07756562	NA	NA	NA	NA	NA	NA	NA	NA	NA	NA	NA	NA	NA	NA	NA	NA	NA	NA	NA	NA	NA	NA	NA	NA	NA	NA	NA	NA	NA	NA	NA	NA	NA	NA	NA	NA	NA	NA	NA	NA	NA	NA	NA	NA	NA	NA	NA	NA	NA	NA	NA	NA	NA	NA	NA	NA	NA	NA	NA	NA	NA	NA	NA	NA	NA	NA	NA	NA	NA	NA	NA	NA	NA	NA	NA	NA	NA	NA	NA	NA
cg07757454	NA	NA	NA	NA	NA	NA	NA	NA	NA	NA	NA	NA	NA	NA	NA	NA	NA	NA	NA	NA	NA	NA	NA	NA	NA	NA	NA	NA	NA	NA	NA	NA	NA	NA	NA	NA	NA	NA	NA	NA	NA	NA	NA	NA	NA	NA	NA	NA	NA	NA	NA	NA	NA	NA	NA	NA	NA	NA	NA	NA	NA	NA	NA	NA	NA	NA	NA	NA	NA	NA	NA	NA	NA	NA	NA	NA	NA	NA	NA	NA
cg07810671	NA	NA	NA	NA	NA	NA	NA	NA	NA	NA	NA	NA	NA	NA	NA	NA	NA	NA	NA	NA	NA	NA	NA	NA	NA	NA	NA	NA	NA	NA	NA	NA	NA	NA	NA	NA	NA	NA	NA	NA	NA	NA	NA	NA	NA	NA	NA	NA	NA	NA	NA	NA	NA	NA	NA	NA	NA	NA	NA	NA	NA	NA	NA	NA	NA	NA	NA	NA	NA	NA	NA	NA	NA	NA	NA	NA	NA	NA	NA	NA
cg07841357	NA	NA	NA	NA	NA	NA	NA	NA	NA	NA	NA	NA	NA	NA	NA	NA	NA	NA	NA	NA	NA	NA	NA	NA	NA	NA	NA	NA	NA	NA	NA	NA	NA	NA	NA	NA	NA	NA	NA	NA	NA	NA	NA	NA	NA	NA	NA	NA	NA	NA	NA	NA	NA	NA	NA	NA	NA	NA	NA	NA	NA	NA	NA	NA	NA	NA	NA	NA	NA	NA	NA	NA	NA	NA	NA	NA	NA	NA	NA	NA
cg07855322	NA	NA	NA	NA	NA	NA	NA	NA	NA	NA	NA	NA	NA	NA	NA	NA	NA	NA	NA	NA	NA	NA	NA	NA	NA	NA	NA	NA	NA	NA	NA	NA	NA	NA	NA	NA	NA	NA	NA	NA	NA	NA	NA	NA	NA	NA	NA	NA	NA	NA	NA	NA	NA	NA	NA	NA	NA	NA	NA	NA	NA	NA	NA	NA	NA	NA	NA	NA	NA	NA	NA	NA	NA	NA	NA	NA	NA	NA	NA	NA
cg07856387	NA	NA	NA	NA	NA	NA	NA	NA	NA	NA	NA	NA	NA	NA	NA	NA	NA	NA	NA	NA	NA	NA	NA	NA	NA	NA	NA	NA	NA	NA	NA	NA	NA	NA	NA	NA	NA	NA	NA	NA	NA	NA	NA	NA	NA	NA	NA	NA	NA	NA	NA	NA	NA	NA	NA	NA	NA	NA	NA	NA	NA	NA	NA	NA	NA	NA	NA	NA	NA	NA	NA	NA	NA	NA	NA	NA	NA	NA	NA	NA
cg07902406	NA	NA	NA	NA	NA	NA	NA	NA	NA	NA	NA	NA	NA	NA	NA	NA	NA	NA	NA	NA	NA	NA	NA	NA	NA	NA	NA	NA	NA	NA	NA	NA	NA	NA	NA	NA	NA	NA	NA	NA	NA	NA	NA	NA	NA	NA	NA	NA	NA	NA	NA	NA	NA	NA	NA	NA	NA	NA	NA	NA	NA	NA	NA	NA	NA	NA	NA	NA	NA	NA	NA	NA	NA	NA	NA	NA	NA	NA	NA	NA
cg07912810	NA	NA	NA	NA	NA	NA	NA	NA	NA	NA	NA	NA	NA	NA	NA	NA	NA	NA	NA	NA	NA	NA	NA	NA	NA	NA	NA	NA	NA	NA	NA	NA	NA	NA	NA	NA	NA	NA	NA	NA	NA	NA	NA	NA	NA	NA	NA	NA	NA	NA	NA	NA	NA	NA	NA	NA	NA	NA	NA	NA	NA	NA	NA	NA	NA	NA	NA	NA	NA	NA	NA	NA	NA	NA	NA	NA	NA	NA	NA	NA
cg07922521	0.964203279714103	0.956548644843095	0.95153863244479	0.952995233099462	0.959614971487963	0.945490162925383	0.943069874259598	0.924149501343344	0.937535407422416	0.954362785452179	0.891330754321145	0.866336482471596	0.958308142078841	0.92634025723429	0.906045510067966	0.832921864365965	0.957674767886565	0.929967806672522	0.936138635491365	0.927305289160706	0.964301178837428	0.924043223102068	0.910476256368746	0.942274253892722	0.936875218181761	0.962799682635307	0.824468681300784	0.929575652804457	0.963173904870552	0.964588404410104	0.940231624210701	0.892607334045033	0.856705448117078	0.952112175300722	0.904931805330328	0.939739474805503	0.963341597196057	0.72957904485509	0.952530344148952	0.945928223160533	0.871095845481053	0.907127544207133	0.939714854962254	0.947412556259444	0.954284263702238	0.932389230490813	0.952761993876378	0.959570430616023	0.931645304448809	0.907175866706953	0.960068501337715	0.936890042485249	0.919456450364617	0.934932324637389	0.966289854983624	0.963005324982202	0.95421304510902	0.957531761033873	0.923546171286143	0.956618035253764	0.949071106734551	0.930837200517603	0.956894940087809	0.940004021469853	0.964564449196657	0.938321534987724	0.917288391259884	0.930953856528948	0.942419151644874	0.955735137224386	0.947055188119264	0.959290393292033	0.917849213854425	0.882057964038466	0.966452862446096	0.963023776979828	0.943357950434426	0.898369242908282	0.956246650134899	0.957645383650172
cg07989373	NA	NA	NA	NA	NA	NA	NA	NA	NA	NA	NA	NA	NA	NA	NA	NA	NA	NA	NA	NA	NA	NA	NA	NA	NA	NA	NA	NA	NA	NA	NA	NA	NA	NA	NA	NA	NA	NA	NA	NA	NA	NA	NA	NA	NA	NA	NA	NA	NA	NA	NA	NA	NA	NA	NA	NA	NA	NA	NA	NA	NA	NA	NA	NA	NA	NA	NA	NA	NA	NA	NA	NA	NA	NA	NA	NA	NA	NA	NA	NA
cg07997387	NA	NA	NA	NA	NA	NA	NA	NA	NA	NA	NA	NA	NA	NA	NA	NA	NA	NA	NA	NA	NA	NA	NA	NA	NA	NA	NA	NA	NA	NA	NA	NA	NA	NA	NA	NA	NA	NA	NA	NA	NA	NA	NA	NA	NA	NA	NA	NA	NA	NA	NA	NA	NA	NA	NA	NA	NA	NA	NA	NA	NA	NA	NA	NA	NA	NA	NA	NA	NA	NA	NA	NA	NA	NA	NA	NA	NA	NA	NA	NA
cg08005007	0.786254503942836	0.870226187969542	0.805207819011516	0.763801853817858	0.793338623448101	0.784436187994434	0.73318437741792	0.831890470389004	0.809402576356221	0.775239310069642	0.822528076274164	0.812998926073717	0.755322605604798	0.732638241968842	0.819325498018364	0.739726902171819	0.868629517250914	0.919561135560968	0.794440851725589	0.826765167911493	0.803313952027014	0.873400012534947	0.773547413761331	0.757370606265597	0.771222846543282	0.83129503078716	0.826548937068589	0.801888737942677	0.854169176220023	0.763261325859223	0.817641617064812	0.812333439590085	0.854537827137796	0.882480648098974	0.843754844730014	0.784483727433154	0.760566825529392	0.828390000146977	0.788881783549565	0.846272834003122	0.739653584797953	0.766669810320572	0.822266791044355	0.744296346600614	0.815853365147125	0.835830843427694	0.738747701970853	0.754965974680862	0.862266559605421	0.829615803891702	0.888466000723919	0.730018948899673	0.755633979040055	0.818950220335356	0.84086134964775	0.81373929167438	0.832252911008077	0.823277719471376	0.780560979764033	0.869933367889872	0.776323773349571	0.752538008847185	0.760506747410477	0.81778150775933	0.750672980296713	0.793107322769552	0.869748663989368	0.768367067512856	0.757912877137401	0.81070340063839	0.791777980477422	0.854238146337365	0.783383014404498	0.819870309745004	0.78394877029434	0.767514743527288	0.782637358178697	0.823850451586164	0.820046148646297	0.857635825621334
cg08027643	NA	NA	NA	NA	NA	NA	NA	NA	NA	NA	NA	NA	NA	NA	NA	NA	NA	NA	NA	NA	NA	NA	NA	NA	NA	NA	NA	NA	NA	NA	NA	NA	NA	NA	NA	NA	NA	NA	NA	NA	NA	NA	NA	NA	NA	NA	NA	NA	NA	NA	NA	NA	NA	NA	NA	NA	NA	NA	NA	NA	NA	NA	NA	NA	NA	NA	NA	NA	NA	NA	NA	NA	NA	NA	NA	NA	NA	NA	NA	NA
cg08075677	NA	NA	NA	NA	NA	NA	NA	NA	NA	NA	NA	NA	NA	NA	NA	NA	NA	NA	NA	NA	NA	NA	NA	NA	NA	NA	NA	NA	NA	NA	NA	NA	NA	NA	NA	NA	NA	NA	NA	NA	NA	NA	NA	NA	NA	NA	NA	NA	NA	NA	NA	NA	NA	NA	NA	NA	NA	NA	NA	NA	NA	NA	NA	NA	NA	NA	NA	NA	NA	NA	NA	NA	NA	NA	NA	NA	NA	NA	NA	NA
cg08082390	0.957154707744587	0.965593955987943	0.943650813956633	0.952991446614985	0.931270580586979	0.91795161291196	0.948257950767259	0.950753921598773	0.934978071723898	0.948025746553334	0.943169423359401	0.932496495702939	0.924722086836785	0.906111185151705	0.92372969402739	0.928431985687602	0.893504507995854	0.913287526518514	0.921746315190451	0.928949261612663	0.937426443378326	0.94957377659442	0.935195961140582	0.945637775316577	0.931586172050963	0.933644041432244	0.93897119571974	0.924762803678206	0.955434828200576	0.928985605161146	0.895304041947168	0.9390657858349	0.931277019481212	0.945592796600601	0.92712938789803	0.944173362070128	0.942183998744344	0.942121914962287	0.910656095121298	0.946855325850559	0.942013333790997	0.912648208077074	0.960480668221138	0.933809947873668	0.94366017467093	0.940500731819642	0.947812352249398	0.883805960515121	0.905466728755657	0.960247423585936	0.942582609717584	0.954845247819939	0.957355387933456	0.941192843745819	0.954551537721477	0.956064171205244	0.951954228514207	0.940696328731043	0.923675563990304	0.956047042675307	0.940151270750487	0.924720741254288	0.919491767771438	0.914811517871352	0.947419653174568	0.953199383748345	0.935108028683844	0.950752672162461	0.929229868636227	0.938202607517991	0.945249816886287	0.941243971635106	0.928085262943946	0.936075175802705	0.915042826436949	0.932830907339409	0.930537891831051	0.939521951614385	0.945446754857842	0.953779070503081
cg08096684	0.976047472039282	0.972857850388239	0.973745985909791	0.972259366147501	0.972168650243176	0.969363772200712	0.972495057807514	0.974542508832319	0.975487474084946	0.96735230902755	0.973983671952179	0.974131857590756	0.972042286968664	0.971618191706455	0.974917936215335	0.971240755285063	0.973750963459867	0.97027769061313	0.966865429747097	0.963655869627944	0.969863176929041	0.972783484318762	0.973131990475656	0.971434099938264	0.972730972462581	0.973346955318824	0.97435410128256	0.977651959117583	0.973767544375727	0.974373561932309	0.975472664684105	0.975106961504174	0.97615156276191	0.962614830719522	0.974126652938673	0.971613370996609	0.974370595045618	0.975289893044017	0.973565297437862	0.97211003074296	0.94904772445763	0.97026049312521	0.954845722369302	0.973198988849407	0.973273048427468	0.974509530463218	0.969573766967252	0.974325112221271	0.970051680853022	0.974510361649553	0.974146998225225	0.974863821804185	0.969863701840463	0.973820633516932	0.971046417352287	0.970276501376506	0.971488149902985	0.97330121120542	0.97130010073106	0.969522261737054	0.974980406688248	0.968035207228908	0.971402325018929	0.968954068042013	0.967255143336213	0.971786024959818	0.972990020549327	0.974471704998953	0.97694369603004	0.969934898937429	0.96880112486529	0.963879640548725	0.971273265010911	0.971246745312051	0.96679401875077	0.975445416597886	0.967919587450731	0.969655635360453	0.967685838212144	0.967306279794708
cg08123100	0.939044716867197	0.954515326828778	0.936190752211165	0.946898982284939	0.933624279732957	0.938127074950221	0.938360753606627	0.945041248748225	0.946064221506028	0.937877153409379	0.932976335679445	0.933771387597663	0.923537091152714	0.937844107751483	0.94406642953947	0.928834471859801	0.939411134706879	0.938613865992796	0.949846598852012	0.877686649773906	0.93054542596812	0.925286120107666	0.936978058329015	0.935395498280465	0.942848245130892	0.941073448841441	0.910570992263487	0.918194601825707	0.941006121639143	0.948761098951141	0.915567005205383	0.809644611407585	0.924521144699626	0.931227273029101	0.933167527051992	0.939037485867177	0.931963675831998	0.928821598639992	0.931744610458593	0.936934989170092	0.920939443988358	0.906514979166363	0.910507106591044	0.933180319383184	0.928319717861975	0.91600493295991	0.929104240129556	0.908582217315334	0.936695174286108	0.93738888591135	0.945941376185033	0.926470341438888	0.941000015652693	0.9175940287793	0.916811028035204	0.928414705083472	0.92485021620718	0.925862490003612	0.907656323965641	0.945709280566609	0.940389543760169	0.935121862336658	0.934534877233536	0.926913288798829	0.940090798935647	0.94182766717738	0.950748272456389	0.949888078696009	0.939985725203939	0.937006779897058	0.935886650119475	0.920532049875508	0.937893389372594	0.918200449285231	0.928491644186872	0.914684965944662	0.941944394993438	0.933990136393851	0.916757458113879	0.927137060375663
cg08158805	NA	NA	NA	NA	NA	NA	NA	NA	NA	NA	NA	NA	NA	NA	NA	NA	NA	NA	NA	NA	NA	NA	NA	NA	NA	NA	NA	NA	NA	NA	NA	NA	NA	NA	NA	NA	NA	NA	NA	NA	NA	NA	NA	NA	NA	NA	NA	NA	NA	NA	NA	NA	NA	NA	NA	NA	NA	NA	NA	NA	NA	NA	NA	NA	NA	NA	NA	NA	NA	NA	NA	NA	NA	NA	NA	NA	NA	NA	NA	NA
cg08170119	NA	NA	NA	NA	NA	NA	NA	NA	NA	NA	NA	NA	NA	NA	NA	NA	NA	NA	NA	NA	NA	NA	NA	NA	NA	NA	NA	NA	NA	NA	NA	NA	NA	NA	NA	NA	NA	NA	NA	NA	NA	NA	NA	NA	NA	NA	NA	NA	NA	NA	NA	NA	NA	NA	NA	NA	NA	NA	NA	NA	NA	NA	NA	NA	NA	NA	NA	NA	NA	NA	NA	NA	NA	NA	NA	NA	NA	NA	NA	NA
cg08177743	0.955055479822038	0.944096449589353	0.933427637735131	0.943594053604164	0.941558885516906	0.946076883443415	0.946073975649402	0.944534530060423	0.943057239431009	0.960551985827114	0.932820319198228	0.931708406070575	0.950766328555715	0.92965088094738	0.929312465315885	0.907694984316774	0.941708638416069	0.930944194211861	0.925914399847022	0.938668083120183	0.924899391462783	0.940881682726125	0.936294161562851	0.946586905896258	0.941957211982892	0.955198383831672	0.890251261022541	0.940732742741114	0.947486024974491	0.940890745561393	0.94053261808303	0.94294607959326	0.939982370435543	0.930716027493329	0.929462728088013	0.937538871997086	0.947908347358219	0.944419138541359	0.936787137954222	0.935962304238491	0.932595917244244	0.939539046736489	0.936476443213417	0.947652619446455	0.947416619369998	0.929538050772078	0.93131781035605	0.949086985921007	0.950633971255526	0.930657333914145	0.893819029155431	0.957562591662423	0.952040041601882	0.939497448746237	0.942032262538176	0.937427475228509	0.923325958313196	0.933482330653265	0.939554481089655	0.947729712496439	0.955460322354982	0.928102937596828	0.947341237428691	0.943038979801403	0.9313442584447	0.940154148829844	0.95087346128763	0.931137275802409	0.953268666694787	0.935602939039745	0.947408045908007	0.940948024117765	0.946407181380695	0.935954926432574	0.95541497747101	0.928612748796382	0.93393438420319	0.922164906831251	0.950898389118005	0.947938828690849
cg08222555	NA	NA	NA	NA	NA	NA	NA	NA	NA	NA	NA	NA	NA	NA	NA	NA	NA	NA	NA	NA	NA	NA	NA	NA	NA	NA	NA	NA	NA	NA	NA	NA	NA	NA	NA	NA	NA	NA	NA	NA	NA	NA	NA	NA	NA	NA	NA	NA	NA	NA	NA	NA	NA	NA	NA	NA	NA	NA	NA	NA	NA	NA	NA	NA	NA	NA	NA	NA	NA	NA	NA	NA	NA	NA	NA	NA	NA	NA	NA	NA
cg08237400	NA	NA	NA	NA	NA	NA	NA	NA	NA	NA	NA	NA	NA	NA	NA	NA	NA	NA	NA	NA	NA	NA	NA	NA	NA	NA	NA	NA	NA	NA	NA	NA	NA	NA	NA	NA	NA	NA	NA	NA	NA	NA	NA	NA	NA	NA	NA	NA	NA	NA	NA	NA	NA	NA	NA	NA	NA	NA	NA	NA	NA	NA	NA	NA	NA	NA	NA	NA	NA	NA	NA	NA	NA	NA	NA	NA	NA	NA	NA	NA
cg08254315	NA	NA	NA	NA	NA	NA	NA	NA	NA	NA	NA	NA	NA	NA	NA	NA	NA	NA	NA	NA	NA	NA	NA	NA	NA	NA	NA	NA	NA	NA	NA	NA	NA	NA	NA	NA	NA	NA	NA	NA	NA	NA	NA	NA	NA	NA	NA	NA	NA	NA	NA	NA	NA	NA	NA	NA	NA	NA	NA	NA	NA	NA	NA	NA	NA	NA	NA	NA	NA	NA	NA	NA	NA	NA	NA	NA	NA	NA	NA	NA
cg08278002	0.950954426308403	0.957360445975954	0.897019430088141	0.944296001781286	0.940902391517488	0.948451116177386	0.948364318157211	0.945814294093768	0.943671260134641	0.932684272627393	0.897906298871596	0.924348097199349	0.94992869213035	0.917637367411015	0.944432174548618	0.917244259830505	0.953165197124195	0.949079111238947	0.940727683030603	0.934788416530997	0.945006355461533	0.959566986637851	0.942806041436065	0.93204488449372	0.950533902523691	0.94024712045635	0.830230317020375	0.929522804714503	0.94399111285319	0.938262707036113	0.951956094048836	0.930003972230697	0.912198542500476	0.94779924621771	0.889175291736511	0.954496981449154	0.952063921805707	0.953640755269422	0.956727008825801	0.932031963740173	0.935601362272309	0.922638254646815	0.955964841001588	0.936591680358296	0.941153589518585	0.89693383652075	0.956205131239888	0.949001047533538	0.950445084504995	0.962877090756807	0.901716476853862	0.953603287527592	0.954823026700099	0.917894784114172	0.935668367233797	0.939740300242841	0.958506059592577	0.95381208568778	0.955216066102635	0.952078561639374	0.953821929897505	0.919357435164254	0.957790245378512	0.958637686817635	0.948878940268762	0.913727770167174	0.920719158053832	0.960883884294126	0.95984654104279	0.954218836019355	0.951551276323027	0.95594203914681	0.933099359891566	0.924891891275684	0.950631081614699	0.90303218625691	0.951406129731634	0.934030880974567	0.945982184562179	0.953407091912777
cg08338237	NA	NA	NA	NA	NA	NA	NA	NA	NA	NA	NA	NA	NA	NA	NA	NA	NA	NA	NA	NA	NA	NA	NA	NA	NA	NA	NA	NA	NA	NA	NA	NA	NA	NA	NA	NA	NA	NA	NA	NA	NA	NA	NA	NA	NA	NA	NA	NA	NA	NA	NA	NA	NA	NA	NA	NA	NA	NA	NA	NA	NA	NA	NA	NA	NA	NA	NA	NA	NA	NA	NA	NA	NA	NA	NA	NA	NA	NA	NA	NA
cg08356248	NA	NA	NA	NA	NA	NA	NA	NA	NA	NA	NA	NA	NA	NA	NA	NA	NA	NA	NA	NA	NA	NA	NA	NA	NA	NA	NA	NA	NA	NA	NA	NA	NA	NA	NA	NA	NA	NA	NA	NA	NA	NA	NA	NA	NA	NA	NA	NA	NA	NA	NA	NA	NA	NA	NA	NA	NA	NA	NA	NA	NA	NA	NA	NA	NA	NA	NA	NA	NA	NA	NA	NA	NA	NA	NA	NA	NA	NA	NA	NA
cg08371086	NA	NA	NA	NA	NA	NA	NA	NA	NA	NA	NA	NA	NA	NA	NA	NA	NA	NA	NA	NA	NA	NA	NA	NA	NA	NA	NA	NA	NA	NA	NA	NA	NA	NA	NA	NA	NA	NA	NA	NA	NA	NA	NA	NA	NA	NA	NA	NA	NA	NA	NA	NA	NA	NA	NA	NA	NA	NA	NA	NA	NA	NA	NA	NA	NA	NA	NA	NA	NA	NA	NA	NA	NA	NA	NA	NA	NA	NA	NA	NA
cg08373323	0.75765705127756	0.799326421173374	0.43275582341148	0.733395996415131	0.900565737151193	0.938054269143226	0.433335864244887	0.92990212227513	0.62021696979671	0.510991136278247	0.806700625976281	0.944405952764091	0.710014845616353	0.943311544900957	0.914474948883301	0.873887154782863	0.863958533010895	0.810319133931798	0.781324349341013	0.495460418340869	0.851624869986497	0.944160375374241	0.926998327355434	0.892446760694091	0.920949451194755	0.954056125773808	0.907479996662719	0.931724001759444	0.890153360792117	0.875787677054748	0.86902590529857	0.328402127210871	0.925749800939747	0.706805145979719	0.946958462338466	0.922297681059295	0.918592887786782	0.425158243837114	0.932808110436827	0.904533489596832	0.881964770062478	0.932953586098141	0.917744267995552	0.879219169799781	0.898294926071995	0.871938561958225	0.686442137471304	0.625486389395327	0.92773019172608	0.841498683624148	0.858013946860145	0.612061374544914	0.876163475146066	0.667503899675788	0.921704196776028	0.881622800691202	0.897765744481613	0.935895184723109	0.935273623640452	0.901789629314874	0.918743556806792	0.86493628477655	0.9500924587276	0.928687271643118	0.949397089332312	0.672699563132189	0.906178419320777	0.946794795422936	0.773635009306201	0.875660629773036	0.877871006165838	0.836039058975698	0.915362301167105	0.788470112853602	0.947311436478787	0.940828678881313	0.948924582697322	0.767051808298899	0.908075272097943	0.924100811741605
cg08454110	NA	NA	NA	NA	NA	NA	NA	NA	NA	NA	NA	NA	NA	NA	NA	NA	NA	NA	NA	NA	NA	NA	NA	NA	NA	NA	NA	NA	NA	NA	NA	NA	NA	NA	NA	NA	NA	NA	NA	NA	NA	NA	NA	NA	NA	NA	NA	NA	NA	NA	NA	NA	NA	NA	NA	NA	NA	NA	NA	NA	NA	NA	NA	NA	NA	NA	NA	NA	NA	NA	NA	NA	NA	NA	NA	NA	NA	NA	NA	NA
cg08458655	NA	NA	NA	NA	NA	NA	NA	NA	NA	NA	NA	NA	NA	NA	NA	NA	NA	NA	NA	NA	NA	NA	NA	NA	NA	NA	NA	NA	NA	NA	NA	NA	NA	NA	NA	NA	NA	NA	NA	NA	NA	NA	NA	NA	NA	NA	NA	NA	NA	NA	NA	NA	NA	NA	NA	NA	NA	NA	NA	NA	NA	NA	NA	NA	NA	NA	NA	NA	NA	NA	NA	NA	NA	NA	NA	NA	NA	NA	NA	NA
cg08488494	NA	NA	NA	NA	NA	NA	NA	NA	NA	NA	NA	NA	NA	NA	NA	NA	NA	NA	NA	NA	NA	NA	NA	NA	NA	NA	NA	NA	NA	NA	NA	NA	NA	NA	NA	NA	NA	NA	NA	NA	NA	NA	NA	NA	NA	NA	NA	NA	NA	NA	NA	NA	NA	NA	NA	NA	NA	NA	NA	NA	NA	NA	NA	NA	NA	NA	NA	NA	NA	NA	NA	NA	NA	NA	NA	NA	NA	NA	NA	NA
cg08509032	NA	NA	NA	NA	NA	NA	NA	NA	NA	NA	NA	NA	NA	NA	NA	NA	NA	NA	NA	NA	NA	NA	NA	NA	NA	NA	NA	NA	NA	NA	NA	NA	NA	NA	NA	NA	NA	NA	NA	NA	NA	NA	NA	NA	NA	NA	NA	NA	NA	NA	NA	NA	NA	NA	NA	NA	NA	NA	NA	NA	NA	NA	NA	NA	NA	NA	NA	NA	NA	NA	NA	NA	NA	NA	NA	NA	NA	NA	NA	NA
cg08547427	NA	NA	NA	NA	NA	NA	NA	NA	NA	NA	NA	NA	NA	NA	NA	NA	NA	NA	NA	NA	NA	NA	NA	NA	NA	NA	NA	NA	NA	NA	NA	NA	NA	NA	NA	NA	NA	NA	NA	NA	NA	NA	NA	NA	NA	NA	NA	NA	NA	NA	NA	NA	NA	NA	NA	NA	NA	NA	NA	NA	NA	NA	NA	NA	NA	NA	NA	NA	NA	NA	NA	NA	NA	NA	NA	NA	NA	NA	NA	NA
cg08593037	NA	NA	NA	NA	NA	NA	NA	NA	NA	NA	NA	NA	NA	NA	NA	NA	NA	NA	NA	NA	NA	NA	NA	NA	NA	NA	NA	NA	NA	NA	NA	NA	NA	NA	NA	NA	NA	NA	NA	NA	NA	NA	NA	NA	NA	NA	NA	NA	NA	NA	NA	NA	NA	NA	NA	NA	NA	NA	NA	NA	NA	NA	NA	NA	NA	NA	NA	NA	NA	NA	NA	NA	NA	NA	NA	NA	NA	NA	NA	NA
cg08596858	NA	NA	NA	NA	NA	NA	NA	NA	NA	NA	NA	NA	NA	NA	NA	NA	NA	NA	NA	NA	NA	NA	NA	NA	NA	NA	NA	NA	NA	NA	NA	NA	NA	NA	NA	NA	NA	NA	NA	NA	NA	NA	NA	NA	NA	NA	NA	NA	NA	NA	NA	NA	NA	NA	NA	NA	NA	NA	NA	NA	NA	NA	NA	NA	NA	NA	NA	NA	NA	NA	NA	NA	NA	NA	NA	NA	NA	NA	NA	NA
cg08670672	0.954549629311692	0.961010336934771	0.927496644435523	0.934516974305642	0.922697379374787	0.89372249820704	0.931973799736856	0.937496783815379	0.942507443524444	0.937974079921159	0.936801222967162	0.942248174611667	0.937857221725821	0.939306291849188	0.950336726993367	0.935098235340212	0.942547426125076	0.955367807771125	0.932799188174782	0.934349719450244	0.909035106386963	0.94825566998216	0.935374132484439	0.928413929879458	0.94920684040733	0.843525164326143	0.94077627359769	0.936319096368121	0.936269888684089	0.935317056251911	0.934638610536669	0.933465947288276	0.950385476971202	0.934630937224642	0.954040117746208	0.953980444415295	0.938912458940717	0.937041029241148	0.932439054553924	0.940035406420998	0.942897054687023	0.94294139092298	0.94463822043412	0.95074107998255	0.945460848003859	0.9459396249604	0.930410253976758	0.949561916231232	0.939820799329122	0.949801291169293	0.942799894322663	0.940175971787293	0.947306114843274	0.948729265654589	0.944872745339065	0.938168642055239	0.951771900299524	0.945678766322137	0.924940129736672	0.91184659488866	0.948983924599855	0.927450562072305	0.940951359383874	0.942780067754136	0.933955276805589	0.946740025683152	0.948771306391934	0.947556600674019	0.951923763468464	0.952455613699563	0.913821577276203	0.950498690721032	0.942042685539042	0.951095936803675	0.922476794066142	0.943612928711024	0.946553989658966	0.943808706890263	0.929361872509796	0.948834915087694
cg08694858	NA	NA	NA	NA	NA	NA	NA	NA	NA	NA	NA	NA	NA	NA	NA	NA	NA	NA	NA	NA	NA	NA	NA	NA	NA	NA	NA	NA	NA	NA	NA	NA	NA	NA	NA	NA	NA	NA	NA	NA	NA	NA	NA	NA	NA	NA	NA	NA	NA	NA	NA	NA	NA	NA	NA	NA	NA	NA	NA	NA	NA	NA	NA	NA	NA	NA	NA	NA	NA	NA	NA	NA	NA	NA	NA	NA	NA	NA	NA	NA
cg08714076	0.294356416429322	0.557716361000851	0.480457056978484	0.266621427422775	0.280269477239727	0.641599859024759	0.163679754549452	0.177433763114032	0.915723172330484	0.665554767328313	0.501583565095486	0.741272058291241	0.577502287471429	0.371813032151973	0.821471109088167	0.575314957025981	0.195798121727707	0.902709056369446	0.872397081580373	0.877824088329204	0.91293576592826	0.571083065581453	0.746008798233509	0.8970007962677	0.495689681363877	0.677384826737815	0.788475987455964	0.615019067464329	0.0678604795488239	0.415883535077635	0.647381655625229	0.460409822716109	0.90575559876891	0.825752936204148	0.698007408433307	0.541536623168611	0.096491512024301	0.177091365213171	0.485735620504589	0.923333478265303	0.406666683447181	0.619514842269054	0.687697453777957	0.633097507890567	0.236618205299654	0.746086340229348	0.113273028740374	0.772034199867299	0.169342982593795	0.554240813568545	0.617658562153969	0.10147192220826	0.910837563801869	0.889453087998988	0.905384366730756	0.450756674363617	0.655890243423571	0.563748800533348	0.649403738434232	0.404810831007319	0.137222723012507	0.838404341854996	0.220770908455228	0.549523084412027	0.448164287070387	0.535913734111857	0.502382374451317	0.181672256490956	0.62718340953889	0.228402305114103	0.714701929841693	0.917857381415406	0.821169353704003	0.525642910584076	0.494367660622982	0.534801187247919	0.577402670448255	0.390669772521262	0.696371740558408	0.11611913837713
cg08773876	NA	NA	NA	NA	NA	NA	NA	NA	NA	NA	NA	NA	NA	NA	NA	NA	NA	NA	NA	NA	NA	NA	NA	NA	NA	NA	NA	NA	NA	NA	NA	NA	NA	NA	NA	NA	NA	NA	NA	NA	NA	NA	NA	NA	NA	NA	NA	NA	NA	NA	NA	NA	NA	NA	NA	NA	NA	NA	NA	NA	NA	NA	NA	NA	NA	NA	NA	NA	NA	NA	NA	NA	NA	NA	NA	NA	NA	NA	NA	NA
cg08786064	NA	NA	NA	NA	NA	NA	NA	NA	NA	NA	NA	NA	NA	NA	NA	NA	NA	NA	NA	NA	NA	NA	NA	NA	NA	NA	NA	NA	NA	NA	NA	NA	NA	NA	NA	NA	NA	NA	NA	NA	NA	NA	NA	NA	NA	NA	NA	NA	NA	NA	NA	NA	NA	NA	NA	NA	NA	NA	NA	NA	NA	NA	NA	NA	NA	NA	NA	NA	NA	NA	NA	NA	NA	NA	NA	NA	NA	NA	NA	NA
cg08789741	NA	NA	NA	NA	NA	NA	NA	NA	NA	NA	NA	NA	NA	NA	NA	NA	NA	NA	NA	NA	NA	NA	NA	NA	NA	NA	NA	NA	NA	NA	NA	NA	NA	NA	NA	NA	NA	NA	NA	NA	NA	NA	NA	NA	NA	NA	NA	NA	NA	NA	NA	NA	NA	NA	NA	NA	NA	NA	NA	NA	NA	NA	NA	NA	NA	NA	NA	NA	NA	NA	NA	NA	NA	NA	NA	NA	NA	NA	NA	NA
cg08796647	NA	NA	NA	NA	NA	NA	NA	NA	NA	NA	NA	NA	NA	NA	NA	NA	NA	NA	NA	NA	NA	NA	NA	NA	NA	NA	NA	NA	NA	NA	NA	NA	NA	NA	NA	NA	NA	NA	NA	NA	NA	NA	NA	NA	NA	NA	NA	NA	NA	NA	NA	NA	NA	NA	NA	NA	NA	NA	NA	NA	NA	NA	NA	NA	NA	NA	NA	NA	NA	NA	NA	NA	NA	NA	NA	NA	NA	NA	NA	NA
cg08804555	NA	NA	NA	NA	NA	NA	NA	NA	NA	NA	NA	NA	NA	NA	NA	NA	NA	NA	NA	NA	NA	NA	NA	NA	NA	NA	NA	NA	NA	NA	NA	NA	NA	NA	NA	NA	NA	NA	NA	NA	NA	NA	NA	NA	NA	NA	NA	NA	NA	NA	NA	NA	NA	NA	NA	NA	NA	NA	NA	NA	NA	NA	NA	NA	NA	NA	NA	NA	NA	NA	NA	NA	NA	NA	NA	NA	NA	NA	NA	NA
cg08829007	0.920931110925251	0.949090541273217	0.854187273313819	0.729909983392597	0.923999174367302	0.588167678024969	0.877833747528353	0.232932892481874	0.834587547851909	0.929337659444598	0.114558520016174	0.430262422827353	0.829525568846447	0.717017769677694	0.64739799438893	0.270948307143997	0.782165848041122	0.674675495013222	0.830761401820704	0.60767649168968	0.942493269545814	0.88472326426437	0.539749330724285	0.942569837984483	0.905618657112056	0.782365442177487	0.403230807950851	0.657626011725727	0.926213407339308	0.921930763230784	0.393440886120122	0.826392155615833	0.764610699375516	0.915949148606826	0.46469357140209	0.898017902626507	0.708927853246601	0.838864687844386	0.86199306328233	0.866300479774218	0.385467143989423	0.167423258912522	0.493376962112975	0.801501226821407	0.66377358479149	0.371224630642612	0.84452748200369	0.898255336697001	0.901157458112753	0.90736820301378	0.835510111977627	0.851388047409689	0.69724138651024	0.934816960376009	0.89135937127975	0.829156373531646	0.888038191800082	0.929627849765787	0.546216051184497	0.278755717091483	0.835367206931299	0.409702977525698	0.528573872500782	0.521555861033045	0.93733232860375	0.899853271425342	0.259413481112404	0.7730893711882	0.794906219339595	0.892034068798272	0.813616302589553	0.882595897386482	0.533262079420507	0.858434227146429	0.938053801022637	0.721752003411874	0.944804435418719	0.383529752276945	0.891593376814323	0.842963184253354
cg08849542	NA	NA	NA	NA	NA	NA	NA	NA	NA	NA	NA	NA	NA	NA	NA	NA	NA	NA	NA	NA	NA	NA	NA	NA	NA	NA	NA	NA	NA	NA	NA	NA	NA	NA	NA	NA	NA	NA	NA	NA	NA	NA	NA	NA	NA	NA	NA	NA	NA	NA	NA	NA	NA	NA	NA	NA	NA	NA	NA	NA	NA	NA	NA	NA	NA	NA	NA	NA	NA	NA	NA	NA	NA	NA	NA	NA	NA	NA	NA	NA
cg08852035	0.947868437319633	0.950027666290819	0.904483737390018	0.94461866719258	0.937201462158007	0.931922075233392	0.922986528636608	0.906993125878646	0.945747430752295	0.938321967463832	0.874125991072608	0.925785566847338	0.933586419995853	0.930842153597026	0.935740807047122	0.894556187678571	0.894893830762078	0.926167961952961	0.899376475461832	0.924459079926508	0.935331552472583	0.938974133478651	0.915553057284701	0.944559660068766	0.917006939470529	0.938477174981554	0.943121363570364	0.932620933119255	0.934554604476125	0.917970556452	0.911187954877356	0.925299116468558	0.935422456104213	0.946654799853729	0.927787361142625	0.925901577228643	0.936764898506456	0.938020893331462	0.926271706015371	0.933703739846242	0.913315430211644	0.911323743592872	0.896790158978202	0.945362906425441	0.935351812936446	0.926968043680358	0.930096296762625	0.920729578052135	0.922701650986863	0.94149851865188	0.93813749291487	0.947211053423673	0.93986879670249	0.950035829617335	0.941656937751823	0.923219488932432	0.930388562330584	0.921202531892176	0.920156022450282	0.935657730516291	0.94461858066721	0.921236563065846	0.925450080816101	0.909730871466671	0.92147475186116	0.93947542245186	0.922861025442537	0.945842041105692	0.930012999682569	0.929506149813393	0.916044668862314	0.883195466962788	0.903267964783566	0.914240064408994	0.920665755656712	0.932688482280262	0.932310861547841	0.893985163812096	0.932704829429446	0.933709444486128
cg08859406	NA	NA	NA	NA	NA	NA	NA	NA	NA	NA	NA	NA	NA	NA	NA	NA	NA	NA	NA	NA	NA	NA	NA	NA	NA	NA	NA	NA	NA	NA	NA	NA	NA	NA	NA	NA	NA	NA	NA	NA	NA	NA	NA	NA	NA	NA	NA	NA	NA	NA	NA	NA	NA	NA	NA	NA	NA	NA	NA	NA	NA	NA	NA	NA	NA	NA	NA	NA	NA	NA	NA	NA	NA	NA	NA	NA	NA	NA	NA	NA
cg08877035	0.0417998904865857	0.0886194496086727	0.0534083921346392	0.0555414904731568	0.0422279757412111	0.0468645597804241	0.073240578809024	0.214978858863774	0.0676570432045095	0.0922124101885594	0.0380403570745957	0.0652965978023558	0.0411641801897497	0.08368238674279	0.0413821284015574	0.0520599993064243	0.0554405323462313	0.0460570132361671	0.0502395022749426	0.0359099922444035	0.0746771035955275	0.0808311278587956	0.0463122635222439	0.0348285050919162	0.0490058620032423	0.0469227889913139	0.0486015338138873	0.0354762398513933	0.0447578264512351	0.0655608071087754	0.0677301986033157	0.0601849714566348	0.0386071207874312	0.0407956297367345	0.0680731393504401	0.050162177993964	0.0596950215650838	0.0659419154106784	0.04836580655324	0.167080974367937	0.0477653226500559	0.0620786519968235	0.0657710712606302	0.0365814383999807	0.0611681966719026	0.0375258356531204	0.0602043069097464	0.0429529934206434	0.0940702734392945	0.0349555104008063	0.063464184056706	0.0401024679515656	0.0649058751611653	0.232096404312642	0.0586450996432622	0.0575226443068337	0.0618529956167119	0.0411691893907872	0.0593720454482044	0.0451668449027936	0.0607671465433606	0.034178824478391	0.0395451359773353	0.070263876544258	0.0625355025637842	0.11903569559649	0.0470026930675037	0.0781735723427534	0.0518074255453697	0.0606532229139782	0.0548567198828406	0.0511990576840963	0.0694466042121091	0.0285346225608487	0.037320562152207	0.0665239641408614	0.0479598080253561	0.0869850502981719	0.0368846321749305	0.0693825274260503
cg08885316	NA	NA	NA	NA	NA	NA	NA	NA	NA	NA	NA	NA	NA	NA	NA	NA	NA	NA	NA	NA	NA	NA	NA	NA	NA	NA	NA	NA	NA	NA	NA	NA	NA	NA	NA	NA	NA	NA	NA	NA	NA	NA	NA	NA	NA	NA	NA	NA	NA	NA	NA	NA	NA	NA	NA	NA	NA	NA	NA	NA	NA	NA	NA	NA	NA	NA	NA	NA	NA	NA	NA	NA	NA	NA	NA	NA	NA	NA	NA	NA
cg08897010	NA	NA	NA	NA	NA	NA	NA	NA	NA	NA	NA	NA	NA	NA	NA	NA	NA	NA	NA	NA	NA	NA	NA	NA	NA	NA	NA	NA	NA	NA	NA	NA	NA	NA	NA	NA	NA	NA	NA	NA	NA	NA	NA	NA	NA	NA	NA	NA	NA	NA	NA	NA	NA	NA	NA	NA	NA	NA	NA	NA	NA	NA	NA	NA	NA	NA	NA	NA	NA	NA	NA	NA	NA	NA	NA	NA	NA	NA	NA	NA
cg08900656	NA	NA	NA	NA	NA	NA	NA	NA	NA	NA	NA	NA	NA	NA	NA	NA	NA	NA	NA	NA	NA	NA	NA	NA	NA	NA	NA	NA	NA	NA	NA	NA	NA	NA	NA	NA	NA	NA	NA	NA	NA	NA	NA	NA	NA	NA	NA	NA	NA	NA	NA	NA	NA	NA	NA	NA	NA	NA	NA	NA	NA	NA	NA	NA	NA	NA	NA	NA	NA	NA	NA	NA	NA	NA	NA	NA	NA	NA	NA	NA
cg08919528	NA	NA	NA	NA	NA	NA	NA	NA	NA	NA	NA	NA	NA	NA	NA	NA	NA	NA	NA	NA	NA	NA	NA	NA	NA	NA	NA	NA	NA	NA	NA	NA	NA	NA	NA	NA	NA	NA	NA	NA	NA	NA	NA	NA	NA	NA	NA	NA	NA	NA	NA	NA	NA	NA	NA	NA	NA	NA	NA	NA	NA	NA	NA	NA	NA	NA	NA	NA	NA	NA	NA	NA	NA	NA	NA	NA	NA	NA	NA	NA
cg08941098	0.909082647124189	0.875474082323219	0.824170805751132	0.861195703223001	0.866343646580907	0.867165023434296	0.864961617981219	0.844035103043461	0.918051774899637	0.853276856137806	0.524244208316958	NA	0.862972125703243	NA	0.821400626375459	NA	0.788304008857434	0.851989662247541	0.843180112696327	0.850521852143611	0.883139688541076	0.900620555336385	0.820551531483267	0.883100099906505	0.880284022528234	NA	0.857025659995865	NA	0.882556019409234	0.837186093025285	NA	NA	0.889108045599322	0.871369492166596	0.856070248822707	0.882764815748971	0.858624878738634	0.879939723606412	0.893881691799217	0.896806425114339	NA	NA	0.708308550509524	0.882332742290224	0.866775031347493	0.833277626645283	0.841047788451379	0.866071757914033	0.811144856578851	0.915663274761946	0.907624704644162	0.901246900217296	0.884802712352659	0.847034494429878	0.893740180516102	0.859638902606544	0.93530642591593	0.892802383150074	0.923535283676617	0.922590945557972	0.884293981911613	0.770422122507441	0.910978247965378	0.828797291534376	0.904679000626502	0.848963224147102	NA	0.806135753126774	0.899023718746965	0.891327876800931	0.881766761454635	NA	NA	0.822594749177756	NA	0.820733339061751	0.89325836839933	NA	0.863686915536432	0.852236226163419
cg08979870	0.902546829623744	0.935339731328333	0.875267805276263	0.173732553735421	0.912487691820926	0.93735219651571	0.861781064241424	0.537755692748164	0.934975921445759	0.909614181440766	0.053073937907814	0.418743074122925	0.847438880085127	0.278042577180243	0.705640399012714	0.264697280595548	0.584786903520161	0.823020608841513	0.446175852784263	0.698720588350512	0.916659548663266	0.922444162658934	0.116519472492191	0.908200276174591	0.509593254049423	0.674802191856277	0.588888319706209	0.632645494619511	0.531686877839322	0.917183051610102	0.680885200621521	0.543233683130132	0.779552658930078	0.857010864950418	0.726074872720393	0.879943976277907	0.932533098713729	0.832643490781395	0.929767409956299	0.450775365871071	0.255160805378524	0.869032498321266	0.413538354160318	0.461309231220932	0.363240970802517	0.321624913598539	0.0753851485228784	0.908181011599109	0.86499033779698	0.921480281442115	0.632542983860111	0.833741131576337	0.187995849680465	0.660471845083292	0.0817654125428292	0.89588023381542	0.944083189648142	0.788017019416387	0.938591956686666	0.933255615379972	0.628236402471976	0.455004318731692	0.0800456464210338	0.68674666737278	0.752845822488942	0.600626167677532	0.301116512275823	0.734451040697393	0.573338656536449	0.941763213751489	0.892819437815579	0.55006047935864	0.34323821625581	0.892128225924202	0.936998298289026	0.582206636015974	0.85963359139647	0.513842924481647	0.944617973012607	0.321686592229705
cg08982952	NA	NA	NA	NA	NA	NA	NA	NA	NA	NA	NA	NA	NA	NA	NA	NA	NA	NA	NA	NA	NA	NA	NA	NA	NA	NA	NA	NA	NA	NA	NA	NA	NA	NA	NA	NA	NA	NA	NA	NA	NA	NA	NA	NA	NA	NA	NA	NA	NA	NA	NA	NA	NA	NA	NA	NA	NA	NA	NA	NA	NA	NA	NA	NA	NA	NA	NA	NA	NA	NA	NA	NA	NA	NA	NA	NA	NA	NA	NA	NA
cg08996709	NA	NA	NA	NA	NA	NA	NA	NA	NA	NA	NA	NA	NA	NA	NA	NA	NA	NA	NA	NA	NA	NA	NA	NA	NA	NA	NA	NA	NA	NA	NA	NA	NA	NA	NA	NA	NA	NA	NA	NA	NA	NA	NA	NA	NA	NA	NA	NA	NA	NA	NA	NA	NA	NA	NA	NA	NA	NA	NA	NA	NA	NA	NA	NA	NA	NA	NA	NA	NA	NA	NA	NA	NA	NA	NA	NA	NA	NA	NA	NA
cg09003326	NA	NA	NA	NA	NA	NA	NA	NA	NA	NA	NA	NA	NA	NA	NA	NA	NA	NA	NA	NA	NA	NA	NA	NA	NA	NA	NA	NA	NA	NA	NA	NA	NA	NA	NA	NA	NA	NA	NA	NA	NA	NA	NA	NA	NA	NA	NA	NA	NA	NA	NA	NA	NA	NA	NA	NA	NA	NA	NA	NA	NA	NA	NA	NA	NA	NA	NA	NA	NA	NA	NA	NA	NA	NA	NA	NA	NA	NA	NA	NA
cg09067990	NA	NA	NA	NA	NA	NA	NA	NA	NA	NA	NA	NA	NA	NA	NA	NA	NA	NA	NA	NA	NA	NA	NA	NA	NA	NA	NA	NA	NA	NA	NA	NA	NA	NA	NA	NA	NA	NA	NA	NA	NA	NA	NA	NA	NA	NA	NA	NA	NA	NA	NA	NA	NA	NA	NA	NA	NA	NA	NA	NA	NA	NA	NA	NA	NA	NA	NA	NA	NA	NA	NA	NA	NA	NA	NA	NA	NA	NA	NA	NA
cg09078643	NA	NA	NA	NA	NA	NA	NA	NA	NA	NA	NA	NA	NA	NA	NA	NA	NA	NA	NA	NA	NA	NA	NA	NA	NA	NA	NA	NA	NA	NA	NA	NA	NA	NA	NA	NA	NA	NA	NA	NA	NA	NA	NA	NA	NA	NA	NA	NA	NA	NA	NA	NA	NA	NA	NA	NA	NA	NA	NA	NA	NA	NA	NA	NA	NA	NA	NA	NA	NA	NA	NA	NA	NA	NA	NA	NA	NA	NA	NA	NA
cg09091110	0.951163438017774	0.951251120920479	0.948673441078334	0.906734403421442	0.936148382694838	0.939723242814312	0.952406845228457	0.923362672580668	0.949899547761374	0.942165951433206	0.955703830399903	0.952656248342615	0.937079020488278	0.954634664604155	0.940441363625072	0.927217370417189	0.947905886896663	0.945463525376	0.946015361831488	0.955712429941258	0.908587892160339	0.940135312724991	0.968306308670838	0.948278429430699	0.949484833970638	0.944150444960002	0.956840047917683	0.945926524218149	0.933774886161878	0.964464144445468	0.937258305109109	0.828412626232696	0.929567577483293	0.951691087829173	0.948843283439648	0.935602047497898	0.942290807103413	0.916217126697146	0.955738886588755	0.950369427343869	0.930153781831168	0.945797885482087	0.939623710021062	0.935853933063881	0.955785782781839	0.947836613491298	0.948815880050322	0.946361158071402	0.94813785104205	0.929955206126256	0.938206876400082	0.950492212852902	0.937576994121435	0.939247712011307	0.959153971843788	0.940002623468704	0.940068595102811	0.960145273872484	0.94714176462333	0.945699793165224	0.94959025122278	0.955502136631093	0.950382911901548	0.935924584238473	0.945058289797303	0.955091381605609	0.950683787794183	0.941389664514666	0.92664166423964	0.936444119981506	0.9473853265334	0.956459999259122	0.946359343957654	0.940470080027562	0.921189351090952	0.93968230507446	0.950245459400107	0.907390226275467	0.941472729128136	0.94286830524629
cg09121480	NA	NA	NA	NA	NA	NA	NA	NA	NA	NA	NA	NA	NA	NA	NA	NA	NA	NA	NA	NA	NA	NA	NA	NA	NA	NA	NA	NA	NA	NA	NA	NA	NA	NA	NA	NA	NA	NA	NA	NA	NA	NA	NA	NA	NA	NA	NA	NA	NA	NA	NA	NA	NA	NA	NA	NA	NA	NA	NA	NA	NA	NA	NA	NA	NA	NA	NA	NA	NA	NA	NA	NA	NA	NA	NA	NA	NA	NA	NA	NA
cg09124018	NA	NA	NA	NA	NA	NA	NA	NA	NA	NA	NA	NA	NA	NA	NA	NA	NA	NA	NA	NA	NA	NA	NA	NA	NA	NA	NA	NA	NA	NA	NA	NA	NA	NA	NA	NA	NA	NA	NA	NA	NA	NA	NA	NA	NA	NA	NA	NA	NA	NA	NA	NA	NA	NA	NA	NA	NA	NA	NA	NA	NA	NA	NA	NA	NA	NA	NA	NA	NA	NA	NA	NA	NA	NA	NA	NA	NA	NA	NA	NA
cg09168272	NA	NA	NA	NA	NA	NA	NA	NA	NA	NA	NA	NA	NA	NA	NA	NA	NA	NA	NA	NA	NA	NA	NA	NA	NA	NA	NA	NA	NA	NA	NA	NA	NA	NA	NA	NA	NA	NA	NA	NA	NA	NA	NA	NA	NA	NA	NA	NA	NA	NA	NA	NA	NA	NA	NA	NA	NA	NA	NA	NA	NA	NA	NA	NA	NA	NA	NA	NA	NA	NA	NA	NA	NA	NA	NA	NA	NA	NA	NA	NA
cg09203382	NA	NA	NA	NA	NA	NA	NA	NA	NA	NA	NA	NA	NA	NA	NA	NA	NA	NA	NA	NA	NA	NA	NA	NA	NA	NA	NA	NA	NA	NA	NA	NA	NA	NA	NA	NA	NA	NA	NA	NA	NA	NA	NA	NA	NA	NA	NA	NA	NA	NA	NA	NA	NA	NA	NA	NA	NA	NA	NA	NA	NA	NA	NA	NA	NA	NA	NA	NA	NA	NA	NA	NA	NA	NA	NA	NA	NA	NA	NA	NA
cg09226290	NA	NA	NA	NA	NA	NA	NA	NA	NA	NA	NA	NA	NA	NA	NA	NA	NA	NA	NA	NA	NA	NA	NA	NA	NA	NA	NA	NA	NA	NA	NA	NA	NA	NA	NA	NA	NA	NA	NA	NA	NA	NA	NA	NA	NA	NA	NA	NA	NA	NA	NA	NA	NA	NA	NA	NA	NA	NA	NA	NA	NA	NA	NA	NA	NA	NA	NA	NA	NA	NA	NA	NA	NA	NA	NA	NA	NA	NA	NA	NA
cg09248887	0.778923792090857	0.772728622740597	0.825607934975666	0.816530578794905	0.850416671366361	0.746568499212281	0.756511241037383	0.7920254991467	0.883640560477667	0.850919691374056	0.784011601746788	0.808327446858206	0.877308678343644	0.87786553668576	0.78706203703818	0.823531804373503	0.835371414935129	0.805314282737266	0.771979188400001	0.84190328353395	0.890596783249614	0.845945520360254	0.808740846713493	0.807029613554759	0.78656893132346	0.828860016476686	0.831856792492886	0.758441215914917	0.789836062052339	0.790997902382149	0.875205524558991	0.808090750246478	0.752277568417853	0.835069058415425	0.871294684687832	0.841500602493155	0.853921923871058	0.895321827000001	0.746074005654479	0.82952586039097	0.758664782626045	0.797859478950529	0.751279006998248	0.816992337401111	0.803928833724338	0.819420475611439	0.759915015713055	0.721108446033307	0.802354535703135	0.828703267383658	0.8418703054499	0.84434224062791	0.778618062710267	0.77361765917293	0.820748912445201	0.767215397801626	0.831944700129602	0.817705708061597	0.902709887139769	0.79754006960545	0.768876944694412	0.809969481728775	0.86209663884686	0.871465060149071	0.81301520054019	0.79232787819888	0.743279404830058	0.843785876394961	0.849146327307627	0.85346233301669	0.792076274519135	0.821058690030265	0.795415108817689	0.724941184729882	0.850876790185584	0.88680744310157	0.827851899583834	0.83335779153713	0.803176049583549	0.872380156279756
cg09294660	NA	NA	NA	NA	NA	NA	NA	NA	NA	NA	NA	NA	NA	NA	NA	NA	NA	NA	NA	NA	NA	NA	NA	NA	NA	NA	NA	NA	NA	NA	NA	NA	NA	NA	NA	NA	NA	NA	NA	NA	NA	NA	NA	NA	NA	NA	NA	NA	NA	NA	NA	NA	NA	NA	NA	NA	NA	NA	NA	NA	NA	NA	NA	NA	NA	NA	NA	NA	NA	NA	NA	NA	NA	NA	NA	NA	NA	NA	NA	NA
cg09321430	NA	NA	NA	NA	NA	NA	NA	NA	NA	NA	NA	NA	NA	NA	NA	NA	NA	NA	NA	NA	NA	NA	NA	NA	NA	NA	NA	NA	NA	NA	NA	NA	NA	NA	NA	NA	NA	NA	NA	NA	NA	NA	NA	NA	NA	NA	NA	NA	NA	NA	NA	NA	NA	NA	NA	NA	NA	NA	NA	NA	NA	NA	NA	NA	NA	NA	NA	NA	NA	NA	NA	NA	NA	NA	NA	NA	NA	NA	NA	NA
cg09325695	NA	NA	NA	NA	NA	NA	NA	NA	NA	NA	NA	NA	NA	NA	NA	NA	NA	NA	NA	NA	NA	NA	NA	NA	NA	NA	NA	NA	NA	NA	NA	NA	NA	NA	NA	NA	NA	NA	NA	NA	NA	NA	NA	NA	NA	NA	NA	NA	NA	NA	NA	NA	NA	NA	NA	NA	NA	NA	NA	NA	NA	NA	NA	NA	NA	NA	NA	NA	NA	NA	NA	NA	NA	NA	NA	NA	NA	NA	NA	NA
cg09334541	0.9478460280643	0.927414123981677	0.928485871060728	0.926043291282279	0.922346439225321	0.937441424946912	0.927706694681246	0.94112555760695	0.947477111514694	0.914034773349238	0.481343372616595	0.641026228642625	0.936943979204531	0.935837330238675	0.817285258917499	0.484361628961788	0.936038655923217	0.942487414207301	0.943891253269407	0.814756605140588	0.930928207187938	0.93835831020726	0.917514763068427	0.925467974012242	0.630598738041677	0.953361988396022	0.93025947301692	0.90722200774087	0.942464402365376	0.944418350430192	0.868511574285629	0.911184047446175	0.942352218487148	0.921754339005766	0.852259605214063	0.941903658890005	0.930328569608694	0.947293428350905	0.926339425382445	0.941959139134345	0.566900123481208	0.935516641296992	0.489567323520497	0.940032185264755	0.74058985685419	0.903250285946731	0.918116070817178	0.929664120372528	0.9159010548728	0.934855825792695	0.953325439665094	0.777937738946734	0.936501416862187	0.924535390671965	0.940149837274212	0.926919807173911	0.946722003693572	0.936951268184715	0.939529415327507	0.937169457143525	0.927280654667799	0.720172999988265	0.951397714705344	0.96134876282917	0.942256691709334	0.913928899803248	0.603229258907717	0.587614124080889	0.900546252644374	0.923159671845	0.943357115895838	0.942610111680055	0.519730988471274	0.933955711658251	0.914979093350421	0.913752843747261	0.938530286199898	0.782214593866144	0.919585355867238	0.905452455842449
cg09334636	0.961371586888952	0.961773350618436	0.8176373664797	0.953741926607417	0.935600584477265	0.943360660152642	0.943352036313075	0.957576180494665	0.934419934797732	0.92499510039756	0.806049991533879	0.877687181628655	0.692382428073411	0.95764326992943	0.900000367423636	0.697719298022677	0.960686246255195	0.53817378319196	0.936220191694572	0.881417643485399	0.944725656342563	0.960598561917601	0.819078711825965	0.92493403211726	0.942740271038206	0.950463458350088	0.753400783356487	0.959535107203472	0.95621317841315	0.957251487596863	0.831499452611859	0.861728064725279	0.918655693413562	0.951103880423407	0.946633258875368	0.944687885803469	0.95182380712882	0.854299506523081	0.944007656258153	0.950245586647736	0.948167248612277	0.946322676138993	0.95966218970491	0.958978822905689	0.951011423191708	0.924321974564166	0.945950078959159	0.949310299753586	0.925919002884939	0.961074103087027	0.917343776207772	0.779555089493483	0.95534769757349	0.751182618970717	0.957263402528467	0.953437073946779	0.912082704711378	0.956801643277009	0.951452324246669	0.952879085637336	0.944304994430979	0.949663494048742	0.958882243172654	0.915166447862477	0.952230572819324	0.911396648356112	0.950989771070451	0.963839375298935	0.60553575340214	0.940872703990572	0.953453394236639	0.905774335588043	0.92507784659394	0.954568732754815	0.95381692314125	0.9435842692331	0.958815701848493	0.878500746467658	0.958841003708411	0.959069612866954
cg09344219	NA	NA	NA	NA	NA	NA	NA	NA	NA	NA	NA	NA	NA	NA	NA	NA	NA	NA	NA	NA	NA	NA	NA	NA	NA	NA	NA	NA	NA	NA	NA	NA	NA	NA	NA	NA	NA	NA	NA	NA	NA	NA	NA	NA	NA	NA	NA	NA	NA	NA	NA	NA	NA	NA	NA	NA	NA	NA	NA	NA	NA	NA	NA	NA	NA	NA	NA	NA	NA	NA	NA	NA	NA	NA	NA	NA	NA	NA	NA	NA
cg09344229	NA	NA	NA	NA	NA	NA	NA	NA	NA	NA	NA	NA	NA	NA	NA	NA	NA	NA	NA	NA	NA	NA	NA	NA	NA	NA	NA	NA	NA	NA	NA	NA	NA	NA	NA	NA	NA	NA	NA	NA	NA	NA	NA	NA	NA	NA	NA	NA	NA	NA	NA	NA	NA	NA	NA	NA	NA	NA	NA	NA	NA	NA	NA	NA	NA	NA	NA	NA	NA	NA	NA	NA	NA	NA	NA	NA	NA	NA	NA	NA
cg09388113	NA	NA	NA	NA	NA	NA	NA	NA	NA	NA	NA	NA	NA	NA	NA	NA	NA	NA	NA	NA	NA	NA	NA	NA	NA	NA	NA	NA	NA	NA	NA	NA	NA	NA	NA	NA	NA	NA	NA	NA	NA	NA	NA	NA	NA	NA	NA	NA	NA	NA	NA	NA	NA	NA	NA	NA	NA	NA	NA	NA	NA	NA	NA	NA	NA	NA	NA	NA	NA	NA	NA	NA	NA	NA	NA	NA	NA	NA	NA	NA
cg09406715	NA	NA	NA	NA	NA	NA	NA	NA	NA	NA	NA	NA	NA	NA	NA	NA	NA	NA	NA	NA	NA	NA	NA	NA	NA	NA	NA	NA	NA	NA	NA	NA	NA	NA	NA	NA	NA	NA	NA	NA	NA	NA	NA	NA	NA	NA	NA	NA	NA	NA	NA	NA	NA	NA	NA	NA	NA	NA	NA	NA	NA	NA	NA	NA	NA	NA	NA	NA	NA	NA	NA	NA	NA	NA	NA	NA	NA	NA	NA	NA
cg09456493	0.862800627613235	0.538439653306944	0.819892856216418	0.327828112464521	0.664861073442654	0.749762364509321	0.412042436275195	0.256633838410889	0.46474737922867	0.461441317667983	0.48722453592395	0.402062900466202	0.672917264977079	0.639104173870285	0.756759416528823	0.34821987766414	0.34680805081873	0.403051993675915	0.791200356204823	0.288127540604753	0.705736402162031	0.692832740015933	0.409978152436682	0.317269016908798	0.812225773706886	0.332743862571742	0.552507677150738	0.546623982028931	0.542904832331921	0.320310912218745	0.275939627808539	0.164174217367852	0.679628885269765	0.538251120905452	0.543456840441459	0.544171450772778	0.593371647735678	0.233399205516946	0.3830142546753	0.662365996989541	0.299863393648895	0.756507824576406	0.78667842312462	0.463893331095392	0.320184582920466	0.54288312417056	0.215043212823966	0.573779668188375	0.707164688272039	0.456617418364514	0.334106329269456	0.278469189964446	0.616439379460497	0.164553786224501	0.427686484305522	0.754205906175041	0.336104049971627	0.66379712377884	0.368467558535532	0.510339399593971	0.587600217265575	0.383990706117974	0.447352586043793	0.642498018688249	0.613548963243949	0.775527572567162	0.238235374366677	0.419489598900695	0.542424921412583	0.652001217550298	0.630151983634932	0.499817415781151	0.332009502258265	0.83448405304621	0.657442286773218	0.494361693617739	0.855383200562353	0.38901522636874	0.60272771823257	0.517192657494729
cg09459740	NA	NA	NA	NA	NA	NA	NA	NA	NA	NA	NA	NA	NA	NA	NA	NA	NA	NA	NA	NA	NA	NA	NA	NA	NA	NA	NA	NA	NA	NA	NA	NA	NA	NA	NA	NA	NA	NA	NA	NA	NA	NA	NA	NA	NA	NA	NA	NA	NA	NA	NA	NA	NA	NA	NA	NA	NA	NA	NA	NA	NA	NA	NA	NA	NA	NA	NA	NA	NA	NA	NA	NA	NA	NA	NA	NA	NA	NA	NA	NA
cg09474625	NA	NA	NA	NA	NA	NA	NA	NA	NA	NA	NA	NA	NA	NA	NA	NA	NA	NA	NA	NA	NA	NA	NA	NA	NA	NA	NA	NA	NA	NA	NA	NA	NA	NA	NA	NA	NA	NA	NA	NA	NA	NA	NA	NA	NA	NA	NA	NA	NA	NA	NA	NA	NA	NA	NA	NA	NA	NA	NA	NA	NA	NA	NA	NA	NA	NA	NA	NA	NA	NA	NA	NA	NA	NA	NA	NA	NA	NA	NA	NA
cg09492074	0.936717954481405	0.958793590100023	0.926023632115279	0.917512375289392	0.937835155849374	0.923553589747273	0.935313172505389	0.916562341921896	0.933981106005576	0.95048522135786	0.695122621357601	0.808043432633193	0.878144058733415	0.882142977750431	0.911169974416956	0.690196933685082	0.915325730985198	0.927904336272225	0.931729456245877	0.913897785176103	0.939228078041173	0.912678632769383	0.841604396675109	0.945220453299858	0.952859401212826	0.849056064456517	0.710275629919428	0.872486850868513	0.932080987962245	0.920461040217686	0.822471036621877	0.930702414505904	0.867087716323117	0.950183854870145	0.898359920866127	0.928043571337685	0.947215314977256	0.902357075297776	0.919695817987944	0.917715981466579	0.86848711282968	0.867377031630205	0.903128616204428	0.889386466971068	0.946137766716689	0.83953290720649	0.938315779375484	0.925597050944364	0.933427691986016	0.933238159423218	0.942006143374694	0.911670401105696	0.947493455417209	0.917501607961707	0.956143135429493	0.940404869769086	0.946992191452106	0.929007165601043	0.93798879992008	0.926891344630027	0.96013396059718	0.793285113748444	0.947365808610571	0.854698520255123	0.951176825642706	0.910598607542928	0.830632983692447	0.932559528113963	0.932328613378855	0.935896704416214	0.90996574003433	0.850197675697245	0.895085591297829	0.879220216600362	0.956773883269326	0.829523635248625	0.953621665520059	0.826114794538763	0.950340251404728	0.935096597205303
cg09526343	NA	NA	NA	NA	NA	NA	NA	NA	NA	NA	NA	NA	NA	NA	NA	NA	NA	NA	NA	NA	NA	NA	NA	NA	NA	NA	NA	NA	NA	NA	NA	NA	NA	NA	NA	NA	NA	NA	NA	NA	NA	NA	NA	NA	NA	NA	NA	NA	NA	NA	NA	NA	NA	NA	NA	NA	NA	NA	NA	NA	NA	NA	NA	NA	NA	NA	NA	NA	NA	NA	NA	NA	NA	NA	NA	NA	NA	NA	NA	NA
cg09552983	NA	NA	NA	NA	NA	NA	NA	NA	NA	NA	NA	NA	NA	NA	NA	NA	NA	NA	NA	NA	NA	NA	NA	NA	NA	NA	NA	NA	NA	NA	NA	NA	NA	NA	NA	NA	NA	NA	NA	NA	NA	NA	NA	NA	NA	NA	NA	NA	NA	NA	NA	NA	NA	NA	NA	NA	NA	NA	NA	NA	NA	NA	NA	NA	NA	NA	NA	NA	NA	NA	NA	NA	NA	NA	NA	NA	NA	NA	NA	NA
cg09566453	NA	NA	NA	NA	NA	NA	NA	NA	NA	NA	NA	NA	NA	NA	NA	NA	NA	NA	NA	NA	NA	NA	NA	NA	NA	NA	NA	NA	NA	NA	NA	NA	NA	NA	NA	NA	NA	NA	NA	NA	NA	NA	NA	NA	NA	NA	NA	NA	NA	NA	NA	NA	NA	NA	NA	NA	NA	NA	NA	NA	NA	NA	NA	NA	NA	NA	NA	NA	NA	NA	NA	NA	NA	NA	NA	NA	NA	NA	NA	NA
cg09581201	NA	NA	NA	NA	NA	NA	NA	NA	NA	NA	NA	NA	NA	NA	NA	NA	NA	NA	NA	NA	NA	NA	NA	NA	NA	NA	NA	NA	NA	NA	NA	NA	NA	NA	NA	NA	NA	NA	NA	NA	NA	NA	NA	NA	NA	NA	NA	NA	NA	NA	NA	NA	NA	NA	NA	NA	NA	NA	NA	NA	NA	NA	NA	NA	NA	NA	NA	NA	NA	NA	NA	NA	NA	NA	NA	NA	NA	NA	NA	NA
cg09593727	NA	NA	NA	NA	NA	NA	NA	NA	NA	NA	NA	NA	NA	NA	NA	NA	NA	NA	NA	NA	NA	NA	NA	NA	NA	NA	NA	NA	NA	NA	NA	NA	NA	NA	NA	NA	NA	NA	NA	NA	NA	NA	NA	NA	NA	NA	NA	NA	NA	NA	NA	NA	NA	NA	NA	NA	NA	NA	NA	NA	NA	NA	NA	NA	NA	NA	NA	NA	NA	NA	NA	NA	NA	NA	NA	NA	NA	NA	NA	NA
cg09597666	NA	NA	NA	NA	NA	NA	NA	NA	NA	NA	NA	NA	NA	NA	NA	NA	NA	NA	NA	NA	NA	NA	NA	NA	NA	NA	NA	NA	NA	NA	NA	NA	NA	NA	NA	NA	NA	NA	NA	NA	NA	NA	NA	NA	NA	NA	NA	NA	NA	NA	NA	NA	NA	NA	NA	NA	NA	NA	NA	NA	NA	NA	NA	NA	NA	NA	NA	NA	NA	NA	NA	NA	NA	NA	NA	NA	NA	NA	NA	NA
cg09612912	NA	NA	NA	NA	NA	NA	NA	NA	NA	NA	NA	NA	NA	NA	NA	NA	NA	NA	NA	NA	NA	NA	NA	NA	NA	NA	NA	NA	NA	NA	NA	NA	NA	NA	NA	NA	NA	NA	NA	NA	NA	NA	NA	NA	NA	NA	NA	NA	NA	NA	NA	NA	NA	NA	NA	NA	NA	NA	NA	NA	NA	NA	NA	NA	NA	NA	NA	NA	NA	NA	NA	NA	NA	NA	NA	NA	NA	NA	NA	NA
cg09640135	NA	NA	NA	NA	NA	NA	NA	NA	NA	NA	NA	NA	NA	NA	NA	NA	NA	NA	NA	NA	NA	NA	NA	NA	NA	NA	NA	NA	NA	NA	NA	NA	NA	NA	NA	NA	NA	NA	NA	NA	NA	NA	NA	NA	NA	NA	NA	NA	NA	NA	NA	NA	NA	NA	NA	NA	NA	NA	NA	NA	NA	NA	NA	NA	NA	NA	NA	NA	NA	NA	NA	NA	NA	NA	NA	NA	NA	NA	NA	NA
cg09671131	NA	NA	NA	NA	NA	NA	NA	NA	NA	NA	NA	NA	NA	NA	NA	NA	NA	NA	NA	NA	NA	NA	NA	NA	NA	NA	NA	NA	NA	NA	NA	NA	NA	NA	NA	NA	NA	NA	NA	NA	NA	NA	NA	NA	NA	NA	NA	NA	NA	NA	NA	NA	NA	NA	NA	NA	NA	NA	NA	NA	NA	NA	NA	NA	NA	NA	NA	NA	NA	NA	NA	NA	NA	NA	NA	NA	NA	NA	NA	NA
cg09690215	0.398048146480046	0.687525052439482	0.148200706358119	0.602858449580473	0.708735676982687	0.903199419577721	0.22347305263011	0.488779147544613	0.649805928908732	0.56282984776788	0.373253063779268	0.429859126244513	0.572285876445979	0.475571205555193	0.692746405214766	0.461977286129874	0.750810263131019	0.514233732888028	0.491409945716829	0.559522410166891	0.41089691721698	0.593499675878049	0.658780092568625	0.809787984196226	0.839381118082254	0.582885002910971	0.532858599997133	0.582178588890562	0.58050730853037	0.564147143025673	0.5342574966265	0.163643957080683	0.686443475692375	0.754925645152179	0.675223927622326	0.600888004518822	0.629266276187217	0.501421538360923	0.722273386763772	0.613067836593162	0.533129411989778	0.462494490216654	0.453697231763076	0.757717082064288	0.294719758696005	0.633096790316207	0.38135436569077	0.829721849513856	0.855047292474539	0.580741665273014	0.839963056927284	0.595967244059809	0.752150966916732	0.643383534861916	0.56920891480548	0.583184047595756	0.673550946124107	0.600161677699048	0.588257043333076	0.743718605555316	0.677071813931162	0.568722470401187	0.745359301638495	0.755198844061217	0.742961543289567	0.450013954176953	0.590685386645184	0.402823414105652	0.818401393114921	0.525969882048828	0.651638794448295	0.409640088493227	0.468133873559353	0.689050939378113	0.888293037798215	0.603777132459884	0.616457901984307	0.350460155811479	0.553436477853277	0.307403504441332
cg09690561	NA	NA	NA	NA	NA	NA	NA	NA	NA	NA	NA	NA	NA	NA	NA	NA	NA	NA	NA	NA	NA	NA	NA	NA	NA	NA	NA	NA	NA	NA	NA	NA	NA	NA	NA	NA	NA	NA	NA	NA	NA	NA	NA	NA	NA	NA	NA	NA	NA	NA	NA	NA	NA	NA	NA	NA	NA	NA	NA	NA	NA	NA	NA	NA	NA	NA	NA	NA	NA	NA	NA	NA	NA	NA	NA	NA	NA	NA	NA	NA
cg09700327	NA	NA	NA	NA	NA	NA	NA	NA	NA	NA	NA	NA	NA	NA	NA	NA	NA	NA	NA	NA	NA	NA	NA	NA	NA	NA	NA	NA	NA	NA	NA	NA	NA	NA	NA	NA	NA	NA	NA	NA	NA	NA	NA	NA	NA	NA	NA	NA	NA	NA	NA	NA	NA	NA	NA	NA	NA	NA	NA	NA	NA	NA	NA	NA	NA	NA	NA	NA	NA	NA	NA	NA	NA	NA	NA	NA	NA	NA	NA	NA
cg09712756	0.325803823695081	0.191684298095965	0.146426712134981	0.258903754641483	0.185634976726096	0.14831044585261	0.174623512415758	0.139444913200969	0.250288854633709	0.194590303441391	0.218782771600512	0.510598510976986	0.344168651116031	0.351543095968361	0.309428103980629	0.424731287180076	0.285828310265858	0.371516487385806	0.253270657255392	0.423331674927096	0.0986360682150061	0.319998905453006	0.332568008314491	0.152563378555261	0.119146817897848	0.285388755470758	0.547292427557865	0.328002149991401	0.458841750824818	0.551042840615164	0.412998448739068	0.121989924133016	0.449320635630119	0.0932920293738112	0.414052129426957	0.232258687109226	0.0644184137735337	0.124591688580851	0.24442955964002	0.23921215687903	0.52927633349158	0.642097985994262	0.18345450889422	0.220795309576035	0.203150568400878	0.399682936007725	0.208456117371254	0.199223167060955	0.226645241958013	0.139169771040867	0.411461510055679	0.118564683100343	0.672057000918775	0.215370226969383	0.265653091308798	0.13661527330895	0.149719981627714	0.15409724540229	0.136196836098631	0.0946796893816298	0.307811018428902	0.490762339096742	0.244152712786495	0.436986637125019	0.133147834826396	0.376184833585479	0.37663668579095	0.141965208455663	0.359552087820146	0.178435717404795	0.0873075975062809	0.228790807854439	0.576484468012696	0.280380323301504	0.404645360539517	0.517747064641203	0.367750726639696	0.419671617569227	0.215559831977381	0.13963369172696
cg09713269	NA	NA	NA	NA	NA	NA	NA	NA	NA	NA	NA	NA	NA	NA	NA	NA	NA	NA	NA	NA	NA	NA	NA	NA	NA	NA	NA	NA	NA	NA	NA	NA	NA	NA	NA	NA	NA	NA	NA	NA	NA	NA	NA	NA	NA	NA	NA	NA	NA	NA	NA	NA	NA	NA	NA	NA	NA	NA	NA	NA	NA	NA	NA	NA	NA	NA	NA	NA	NA	NA	NA	NA	NA	NA	NA	NA	NA	NA	NA	NA
cg09741902	NA	NA	NA	NA	NA	NA	NA	NA	NA	NA	NA	NA	NA	NA	NA	NA	NA	NA	NA	NA	NA	NA	NA	NA	NA	NA	NA	NA	NA	NA	NA	NA	NA	NA	NA	NA	NA	NA	NA	NA	NA	NA	NA	NA	NA	NA	NA	NA	NA	NA	NA	NA	NA	NA	NA	NA	NA	NA	NA	NA	NA	NA	NA	NA	NA	NA	NA	NA	NA	NA	NA	NA	NA	NA	NA	NA	NA	NA	NA	NA
cg09785516	NA	NA	NA	NA	NA	NA	NA	NA	NA	NA	NA	NA	NA	NA	NA	NA	NA	NA	NA	NA	NA	NA	NA	NA	NA	NA	NA	NA	NA	NA	NA	NA	NA	NA	NA	NA	NA	NA	NA	NA	NA	NA	NA	NA	NA	NA	NA	NA	NA	NA	NA	NA	NA	NA	NA	NA	NA	NA	NA	NA	NA	NA	NA	NA	NA	NA	NA	NA	NA	NA	NA	NA	NA	NA	NA	NA	NA	NA	NA	NA
cg09791009	NA	NA	NA	NA	NA	NA	NA	NA	NA	NA	NA	NA	NA	NA	NA	NA	NA	NA	NA	NA	NA	NA	NA	NA	NA	NA	NA	NA	NA	NA	NA	NA	NA	NA	NA	NA	NA	NA	NA	NA	NA	NA	NA	NA	NA	NA	NA	NA	NA	NA	NA	NA	NA	NA	NA	NA	NA	NA	NA	NA	NA	NA	NA	NA	NA	NA	NA	NA	NA	NA	NA	NA	NA	NA	NA	NA	NA	NA	NA	NA
cg09808196	NA	NA	NA	NA	NA	NA	NA	NA	NA	NA	NA	NA	NA	NA	NA	NA	NA	NA	NA	NA	NA	NA	NA	NA	NA	NA	NA	NA	NA	NA	NA	NA	NA	NA	NA	NA	NA	NA	NA	NA	NA	NA	NA	NA	NA	NA	NA	NA	NA	NA	NA	NA	NA	NA	NA	NA	NA	NA	NA	NA	NA	NA	NA	NA	NA	NA	NA	NA	NA	NA	NA	NA	NA	NA	NA	NA	NA	NA	NA	NA
cg09829842	NA	NA	NA	NA	NA	NA	NA	NA	NA	NA	NA	NA	NA	NA	NA	NA	NA	NA	NA	NA	NA	NA	NA	NA	NA	NA	NA	NA	NA	NA	NA	NA	NA	NA	NA	NA	NA	NA	NA	NA	NA	NA	NA	NA	NA	NA	NA	NA	NA	NA	NA	NA	NA	NA	NA	NA	NA	NA	NA	NA	NA	NA	NA	NA	NA	NA	NA	NA	NA	NA	NA	NA	NA	NA	NA	NA	NA	NA	NA	NA
cg09838962	NA	NA	NA	NA	NA	NA	NA	NA	NA	NA	NA	NA	NA	NA	NA	NA	NA	NA	NA	NA	NA	NA	NA	NA	NA	NA	NA	NA	NA	NA	NA	NA	NA	NA	NA	NA	NA	NA	NA	NA	NA	NA	NA	NA	NA	NA	NA	NA	NA	NA	NA	NA	NA	NA	NA	NA	NA	NA	NA	NA	NA	NA	NA	NA	NA	NA	NA	NA	NA	NA	NA	NA	NA	NA	NA	NA	NA	NA	NA	NA
cg09853646	NA	NA	NA	NA	NA	NA	NA	NA	NA	NA	NA	NA	NA	NA	NA	NA	NA	NA	NA	NA	NA	NA	NA	NA	NA	NA	NA	NA	NA	NA	NA	NA	NA	NA	NA	NA	NA	NA	NA	NA	NA	NA	NA	NA	NA	NA	NA	NA	NA	NA	NA	NA	NA	NA	NA	NA	NA	NA	NA	NA	NA	NA	NA	NA	NA	NA	NA	NA	NA	NA	NA	NA	NA	NA	NA	NA	NA	NA	NA	NA
cg09860935	NA	NA	NA	NA	NA	NA	NA	NA	NA	NA	NA	NA	NA	NA	NA	NA	NA	NA	NA	NA	NA	NA	NA	NA	NA	NA	NA	NA	NA	NA	NA	NA	NA	NA	NA	NA	NA	NA	NA	NA	NA	NA	NA	NA	NA	NA	NA	NA	NA	NA	NA	NA	NA	NA	NA	NA	NA	NA	NA	NA	NA	NA	NA	NA	NA	NA	NA	NA	NA	NA	NA	NA	NA	NA	NA	NA	NA	NA	NA	NA
cg09881716	0.945157433487123	0.942547440692806	0.920208782768785	0.936076029833142	0.936862948552315	0.945694742440418	0.935641145653357	0.924113065357297	0.952296072880037	0.949780599586539	0.590424587422612	0.860827224999113	0.914151547073438	0.947365162208347	0.911873134982373	0.806815824380644	0.924997969057428	0.900418304095966	0.919347900091914	0.918595746740141	0.919750106146195	0.923027071128062	0.929939176196896	0.94743072302997	0.951180751071432	0.947949693124024	0.903281491909485	0.842370136719262	0.936952585427616	0.918589740156435	0.920607567839804	0.867943640770558	0.924836434427623	0.92423498400963	0.94361889772743	0.921923663601043	0.940142431306842	0.955617398095189	0.955486637511398	0.929481387180528	0.859563576900207	0.934963440262348	0.842071228559139	0.916394450978255	0.912196866304895	0.91254569261904	0.895193627634025	0.949944269011969	0.925302179217199	0.942013178349624	0.951171508306175	0.943565249252717	0.944250944376447	0.951973886131243	0.898926883034567	0.93808482339917	0.91291969563207	0.942019185689542	0.934637134507287	0.9590451840576	0.932252665349875	0.881376878513823	0.94362884708971	0.930231257046907	0.945114661231933	0.886171184284175	0.841312566537909	0.925383133648481	0.932700880916978	0.959701614638262	0.908056258198473	0.919873610105041	0.81762294225113	0.921977340160769	0.931707252848684	0.929614864067777	0.931443590360304	0.868750390325484	0.946907540314927	0.918270550334035
cg09894096	NA	NA	NA	NA	NA	NA	NA	NA	NA	NA	NA	NA	NA	NA	NA	NA	NA	NA	NA	NA	NA	NA	NA	NA	NA	NA	NA	NA	NA	NA	NA	NA	NA	NA	NA	NA	NA	NA	NA	NA	NA	NA	NA	NA	NA	NA	NA	NA	NA	NA	NA	NA	NA	NA	NA	NA	NA	NA	NA	NA	NA	NA	NA	NA	NA	NA	NA	NA	NA	NA	NA	NA	NA	NA	NA	NA	NA	NA	NA	NA
cg09908014	NA	NA	NA	NA	NA	NA	NA	NA	NA	NA	NA	NA	NA	NA	NA	NA	NA	NA	NA	NA	NA	NA	NA	NA	NA	NA	NA	NA	NA	NA	NA	NA	NA	NA	NA	NA	NA	NA	NA	NA	NA	NA	NA	NA	NA	NA	NA	NA	NA	NA	NA	NA	NA	NA	NA	NA	NA	NA	NA	NA	NA	NA	NA	NA	NA	NA	NA	NA	NA	NA	NA	NA	NA	NA	NA	NA	NA	NA	NA	NA
cg09921719	0.946827233881511	0.9105675197111	0.947488714711189	0.926869707833009	0.955098588605568	0.938971955757998	0.953303389778674	0.92004386880537	0.959375694443336	0.94203058363749	0.946241123628434	0.902831770088667	0.856717838606562	0.935448413526778	0.938614099471516	0.868924596447309	0.936742873180772	0.942210851917725	0.937446170750646	0.940284472230108	0.965533254507825	0.944714340681586	0.939877351823207	0.946091568407601	0.942336602841488	0.888094961428161	0.915876001404576	0.934815361569783	0.941047041888398	0.952624120432399	0.81579643598476	0.793949995005331	0.935543368418082	0.939882560632452	0.901458248120964	0.961246098183147	0.955375595694411	0.918899136782369	0.938586480082485	0.94020942610243	0.813809917290842	0.918800055011512	0.930377163568919	0.939946271809518	0.910820378063371	0.919991292178317	0.853106694825869	0.967288014936973	0.948886724450987	0.952811000587697	0.947766248784341	0.947751333983025	0.879363451699298	0.917113814639379	0.950032375036896	0.897658390624935	0.965927135099915	0.934313608132769	0.930357201676513	0.951192162148509	0.947645748544434	0.907362014278263	0.95327720184992	0.954274786392526	0.952156219764976	0.920317900632062	0.899602361517135	0.960082766275676	0.946637780304907	0.956508335928225	0.939606612133872	0.958847686124124	0.921100641253622	0.868910788411649	0.951697054363577	0.932298975374425	0.947669498656084	0.809515053930301	0.949982412919857	0.941474461603338
cg09991426	NA	NA	NA	NA	NA	NA	NA	NA	NA	NA	NA	NA	NA	NA	NA	NA	NA	NA	NA	NA	NA	NA	NA	NA	NA	NA	NA	NA	NA	NA	NA	NA	NA	NA	NA	NA	NA	NA	NA	NA	NA	NA	NA	NA	NA	NA	NA	NA	NA	NA	NA	NA	NA	NA	NA	NA	NA	NA	NA	NA	NA	NA	NA	NA	NA	NA	NA	NA	NA	NA	NA	NA	NA	NA	NA	NA	NA	NA	NA	NA
cg10054980	NA	NA	NA	NA	NA	NA	NA	NA	NA	NA	NA	NA	NA	NA	NA	NA	NA	NA	NA	NA	NA	NA	NA	NA	NA	NA	NA	NA	NA	NA	NA	NA	NA	NA	NA	NA	NA	NA	NA	NA	NA	NA	NA	NA	NA	NA	NA	NA	NA	NA	NA	NA	NA	NA	NA	NA	NA	NA	NA	NA	NA	NA	NA	NA	NA	NA	NA	NA	NA	NA	NA	NA	NA	NA	NA	NA	NA	NA	NA	NA
cg10090044	NA	NA	NA	NA	NA	NA	NA	NA	NA	NA	NA	NA	NA	NA	NA	NA	NA	NA	NA	NA	NA	NA	NA	NA	NA	NA	NA	NA	NA	NA	NA	NA	NA	NA	NA	NA	NA	NA	NA	NA	NA	NA	NA	NA	NA	NA	NA	NA	NA	NA	NA	NA	NA	NA	NA	NA	NA	NA	NA	NA	NA	NA	NA	NA	NA	NA	NA	NA	NA	NA	NA	NA	NA	NA	NA	NA	NA	NA	NA	NA
cg10101533	NA	NA	NA	NA	NA	NA	NA	NA	NA	NA	NA	NA	NA	NA	NA	NA	NA	NA	NA	NA	NA	NA	NA	NA	NA	NA	NA	NA	NA	NA	NA	NA	NA	NA	NA	NA	NA	NA	NA	NA	NA	NA	NA	NA	NA	NA	NA	NA	NA	NA	NA	NA	NA	NA	NA	NA	NA	NA	NA	NA	NA	NA	NA	NA	NA	NA	NA	NA	NA	NA	NA	NA	NA	NA	NA	NA	NA	NA	NA	NA
cg10113618	NA	NA	NA	NA	NA	NA	NA	NA	NA	NA	NA	NA	NA	NA	NA	NA	NA	NA	NA	NA	NA	NA	NA	NA	NA	NA	NA	NA	NA	NA	NA	NA	NA	NA	NA	NA	NA	NA	NA	NA	NA	NA	NA	NA	NA	NA	NA	NA	NA	NA	NA	NA	NA	NA	NA	NA	NA	NA	NA	NA	NA	NA	NA	NA	NA	NA	NA	NA	NA	NA	NA	NA	NA	NA	NA	NA	NA	NA	NA	NA
cg10131227	NA	NA	NA	NA	NA	NA	NA	NA	NA	NA	NA	NA	NA	NA	NA	NA	NA	NA	NA	NA	NA	NA	NA	NA	NA	NA	NA	NA	NA	NA	NA	NA	NA	NA	NA	NA	NA	NA	NA	NA	NA	NA	NA	NA	NA	NA	NA	NA	NA	NA	NA	NA	NA	NA	NA	NA	NA	NA	NA	NA	NA	NA	NA	NA	NA	NA	NA	NA	NA	NA	NA	NA	NA	NA	NA	NA	NA	NA	NA	NA
cg10174975	NA	NA	NA	NA	NA	NA	NA	NA	NA	NA	NA	NA	NA	NA	NA	NA	NA	NA	NA	NA	NA	NA	NA	NA	NA	NA	NA	NA	NA	NA	NA	NA	NA	NA	NA	NA	NA	NA	NA	NA	NA	NA	NA	NA	NA	NA	NA	NA	NA	NA	NA	NA	NA	NA	NA	NA	NA	NA	NA	NA	NA	NA	NA	NA	NA	NA	NA	NA	NA	NA	NA	NA	NA	NA	NA	NA	NA	NA	NA	NA
cg10188698	NA	NA	NA	NA	NA	NA	NA	NA	NA	NA	NA	NA	NA	NA	NA	NA	NA	NA	NA	NA	NA	NA	NA	NA	NA	NA	NA	NA	NA	NA	NA	NA	NA	NA	NA	NA	NA	NA	NA	NA	NA	NA	NA	NA	NA	NA	NA	NA	NA	NA	NA	NA	NA	NA	NA	NA	NA	NA	NA	NA	NA	NA	NA	NA	NA	NA	NA	NA	NA	NA	NA	NA	NA	NA	NA	NA	NA	NA	NA	NA
cg10188909	NA	NA	NA	NA	NA	NA	NA	NA	NA	NA	NA	NA	NA	NA	NA	NA	NA	NA	NA	NA	NA	NA	NA	NA	NA	NA	NA	NA	NA	NA	NA	NA	NA	NA	NA	NA	NA	NA	NA	NA	NA	NA	NA	NA	NA	NA	NA	NA	NA	NA	NA	NA	NA	NA	NA	NA	NA	NA	NA	NA	NA	NA	NA	NA	NA	NA	NA	NA	NA	NA	NA	NA	NA	NA	NA	NA	NA	NA	NA	NA
cg10202675	NA	NA	NA	NA	NA	NA	NA	NA	NA	NA	NA	NA	NA	NA	NA	NA	NA	NA	NA	NA	NA	NA	NA	NA	NA	NA	NA	NA	NA	NA	NA	NA	NA	NA	NA	NA	NA	NA	NA	NA	NA	NA	NA	NA	NA	NA	NA	NA	NA	NA	NA	NA	NA	NA	NA	NA	NA	NA	NA	NA	NA	NA	NA	NA	NA	NA	NA	NA	NA	NA	NA	NA	NA	NA	NA	NA	NA	NA	NA	NA
cg10208777	0.93756726459978	0.93762267362613	0.93159720869997	0.791898379119696	0.832857766894193	0.924022885591217	0.935981037334637	0.94228113255242	0.715240377580731	0.922596434107541	NA	0.896331943595581	0.941964985693901	0.891062228531951	0.950141521500028	0.923075550435676	0.878884059451543	0.93600515824409	0.938622517807048	0.88911801729363	0.922023504407435	0.795097390876913	0.893875351970984	0.928171833666691	0.937482571402405	0.938475889627176	0.755412906620789	NA	0.926434509648583	0.850327667433461	0.920657995579434	0.926784477769411	0.787167983833337	0.641499950221793	0.801837069675945	0.771513438129575	0.927607578778865	0.949121217234815	0.721909577631564	0.881570490168571	0.884598240831658	0.91379568241382	0.897073774066188	0.909761338839931	0.923131814045324	0.896743967961319	0.926348140613048	NA	0.827359199356859	0.933998092070555	0.917017066712005	0.910698636669001	0.878914161743801	0.933857499954603	0.938990858053025	0.911340194489766	0.932073789363596	0.920099341497592	0.938729989998309	0.943242902984125	0.944857575577233	0.879309753404388	0.887121685443487	0.901246523088604	0.906410857868126	0.923654149922444	0.873695313653023	0.925655258737862	0.887783339779283	0.892696502955198	0.890188815478222	0.830350263869912	0.883696942256316	0.902096217380795	0.722328665468049	0.828684760095755	0.925852493958092	0.750049583102876	0.917936116053585	0.925837016204685
cg10213886	NA	NA	NA	NA	NA	NA	NA	NA	NA	NA	NA	NA	NA	NA	NA	NA	NA	NA	NA	NA	NA	NA	NA	NA	NA	NA	NA	NA	NA	NA	NA	NA	NA	NA	NA	NA	NA	NA	NA	NA	NA	NA	NA	NA	NA	NA	NA	NA	NA	NA	NA	NA	NA	NA	NA	NA	NA	NA	NA	NA	NA	NA	NA	NA	NA	NA	NA	NA	NA	NA	NA	NA	NA	NA	NA	NA	NA	NA	NA	NA
cg10223155	NA	NA	NA	NA	NA	NA	NA	NA	NA	NA	NA	NA	NA	NA	NA	NA	NA	NA	NA	NA	NA	NA	NA	NA	NA	NA	NA	NA	NA	NA	NA	NA	NA	NA	NA	NA	NA	NA	NA	NA	NA	NA	NA	NA	NA	NA	NA	NA	NA	NA	NA	NA	NA	NA	NA	NA	NA	NA	NA	NA	NA	NA	NA	NA	NA	NA	NA	NA	NA	NA	NA	NA	NA	NA	NA	NA	NA	NA	NA	NA
cg10241247	NA	NA	NA	NA	NA	NA	NA	NA	NA	NA	NA	NA	NA	NA	NA	NA	NA	NA	NA	NA	NA	NA	NA	NA	NA	NA	NA	NA	NA	NA	NA	NA	NA	NA	NA	NA	NA	NA	NA	NA	NA	NA	NA	NA	NA	NA	NA	NA	NA	NA	NA	NA	NA	NA	NA	NA	NA	NA	NA	NA	NA	NA	NA	NA	NA	NA	NA	NA	NA	NA	NA	NA	NA	NA	NA	NA	NA	NA	NA	NA
cg10266189	0.975168286587078	0.968983184979422	0.968358202961094	0.968958836608722	0.968127987477997	0.969510587584485	0.976069174938848	0.971328332549212	0.967068613690728	0.972412024301686	0.97595758975165	0.975063750967988	0.973579694465859	0.972180643491015	0.978505440629374	0.969651134561529	0.975002349987401	0.970487742797521	0.970539851126337	0.974056416775827	0.966289123860785	0.964640407995454	0.974140489308912	0.970808444300335	0.973968634587471	0.977831180543337	0.969856203512918	0.976191043307691	0.974066007944276	0.970231425548709	0.973977520982401	0.965723275173816	0.966732113773792	0.96516395093428	0.976166613839539	0.978180377382087	0.975766093647622	0.97563074177436	0.972076645175953	0.972008990850355	0.978149993194727	0.975454732376135	0.974179378681012	0.971907714096664	0.974239785689215	0.969454027889725	0.971303986952522	0.96247422337506	0.967991584194939	0.976742417330371	0.982345956163758	0.971424282254936	0.969259174258108	0.975681334988639	0.973420857604547	0.961827045999498	0.978313720248714	0.971647919524015	0.967861737280099	0.974450481155481	0.975154254242634	0.971641285444744	0.975770505076717	0.979238477969026	0.974711822636972	0.972802275505619	0.973983672345539	0.976091127015135	0.976694837691923	0.96832606142199	0.977184089135012	0.968659885132603	0.976453192519796	0.970492199664799	0.958201751086166	0.975666447690943	0.975063101272107	0.976250116862077	0.972677247942398	0.979035281482854
cg10295683	NA	NA	NA	NA	NA	NA	NA	NA	NA	NA	NA	NA	NA	NA	NA	NA	NA	NA	NA	NA	NA	NA	NA	NA	NA	NA	NA	NA	NA	NA	NA	NA	NA	NA	NA	NA	NA	NA	NA	NA	NA	NA	NA	NA	NA	NA	NA	NA	NA	NA	NA	NA	NA	NA	NA	NA	NA	NA	NA	NA	NA	NA	NA	NA	NA	NA	NA	NA	NA	NA	NA	NA	NA	NA	NA	NA	NA	NA	NA	NA
cg10304084	0.964954820910363	0.965778617890483	0.966506727447426	0.972698553282961	0.969088690173061	0.965984254448435	0.962061354938825	0.968520948611502	0.969747858143463	0.963906160734279	0.970939587442539	0.963624100669634	0.968957052410844	0.966757656479862	0.971695202345263	0.966264515285683	0.966857389771559	0.966869796298011	0.960173409521825	0.966402085548928	0.959525716765781	0.956389816220209	0.965463537964241	0.961239176421643	0.959377427779892	0.969356254595048	0.963861653084793	0.966031251371193	0.970010096773283	0.96057994453285	0.969192705633445	0.961556065707762	0.96783462875912	0.969576142408564	0.9620836762707	0.968845739471784	0.972237398559343	0.962044343903351	0.971809939346115	0.968978965328965	0.968107681981426	0.966143316864159	0.96960530914524	0.969862109271304	0.963459614993714	0.97004826709196	0.965655411162084	0.945256261612207	0.964311373586178	0.949396606609742	0.963596643187249	0.973353598795885	0.970340575560848	0.967565941323581	0.978755824865826	0.975378413950179	0.965531956580586	0.965544441952628	0.966604648182367	0.969690395554876	0.964737818156038	0.947776975111375	0.974259516247314	0.968137618669823	0.966883386260865	0.967054332924721	0.968161679353711	0.966850782619455	0.974250700213882	0.971000862985215	0.974717117943776	0.969346644153225	0.974001238337512	0.968840080982544	0.966999714912468	0.964708420050855	0.963522547441257	0.973517601422985	0.966092878529643	0.970427487364185
cg10317162	NA	NA	NA	NA	NA	NA	NA	NA	NA	NA	NA	NA	NA	NA	NA	NA	NA	NA	NA	NA	NA	NA	NA	NA	NA	NA	NA	NA	NA	NA	NA	NA	NA	NA	NA	NA	NA	NA	NA	NA	NA	NA	NA	NA	NA	NA	NA	NA	NA	NA	NA	NA	NA	NA	NA	NA	NA	NA	NA	NA	NA	NA	NA	NA	NA	NA	NA	NA	NA	NA	NA	NA	NA	NA	NA	NA	NA	NA	NA	NA
cg10346147	NA	NA	NA	NA	NA	NA	NA	NA	NA	NA	NA	NA	NA	NA	NA	NA	NA	NA	NA	NA	NA	NA	NA	NA	NA	NA	NA	NA	NA	NA	NA	NA	NA	NA	NA	NA	NA	NA	NA	NA	NA	NA	NA	NA	NA	NA	NA	NA	NA	NA	NA	NA	NA	NA	NA	NA	NA	NA	NA	NA	NA	NA	NA	NA	NA	NA	NA	NA	NA	NA	NA	NA	NA	NA	NA	NA	NA	NA	NA	NA
cg10369313	NA	NA	NA	NA	NA	NA	NA	NA	NA	NA	NA	NA	NA	NA	NA	NA	NA	NA	NA	NA	NA	NA	NA	NA	NA	NA	NA	NA	NA	NA	NA	NA	NA	NA	NA	NA	NA	NA	NA	NA	NA	NA	NA	NA	NA	NA	NA	NA	NA	NA	NA	NA	NA	NA	NA	NA	NA	NA	NA	NA	NA	NA	NA	NA	NA	NA	NA	NA	NA	NA	NA	NA	NA	NA	NA	NA	NA	NA	NA	NA
cg10369444	NA	NA	NA	NA	NA	NA	NA	NA	NA	NA	NA	NA	NA	NA	NA	NA	NA	NA	NA	NA	NA	NA	NA	NA	NA	NA	NA	NA	NA	NA	NA	NA	NA	NA	NA	NA	NA	NA	NA	NA	NA	NA	NA	NA	NA	NA	NA	NA	NA	NA	NA	NA	NA	NA	NA	NA	NA	NA	NA	NA	NA	NA	NA	NA	NA	NA	NA	NA	NA	NA	NA	NA	NA	NA	NA	NA	NA	NA	NA	NA
cg10375884	0.675306071892442	0.564457870252931	0.507604072665364	0.874075769362741	0.880970222068507	0.893452907368582	0.188573872941624	0.605852851496537	0.840505327337704	0.694497749419471	0.383956973386991	0.471104804764497	0.628829776176382	0.643320038716986	0.843456578875867	0.646884556779127	0.762129947079608	0.764431864527166	0.391646753766536	0.614658602988787	0.678898728114173	0.817086393318329	0.470786965396401	0.483347774245934	0.600547051095506	0.878295512706917	0.445174873926486	0.295173756749008	0.787776661199655	0.90361654594263	0.619241848653049	0.276875871381145	0.729401665464984	0.726387237544962	0.695530882994089	0.706379736877359	0.839524172940204	0.226174687834421	0.90334358177977	0.842329703677098	0.563974804565495	0.904477279679827	0.756636051806181	0.630022581054754	0.592347041192166	0.643063463810122	0.54610616704997	0.540692185054445	0.698428812047654	0.759068095784283	0.713878113602093	0.742604326460224	0.941351456733137	0.496609215512508	0.858600393734709	0.82552526766896	0.511138777243133	0.787159812138244	0.762948498400046	0.652093237078679	0.891781593789017	0.571617958841349	0.745891978989621	0.771102088999368	0.923101592043993	0.624996780701976	0.623274965879829	0.822386795853692	0.740580072287201	0.781148442908613	0.324838473042239	0.243782667057684	0.440985874553516	0.279082292629086	0.94246323643967	0.50710402431242	0.791720355370547	0.670352006853117	0.699544227720406	0.635776160441942
cg10390329	NA	NA	NA	NA	NA	NA	NA	NA	NA	NA	NA	NA	NA	NA	NA	NA	NA	NA	NA	NA	NA	NA	NA	NA	NA	NA	NA	NA	NA	NA	NA	NA	NA	NA	NA	NA	NA	NA	NA	NA	NA	NA	NA	NA	NA	NA	NA	NA	NA	NA	NA	NA	NA	NA	NA	NA	NA	NA	NA	NA	NA	NA	NA	NA	NA	NA	NA	NA	NA	NA	NA	NA	NA	NA	NA	NA	NA	NA	NA	NA
cg10515439	NA	NA	NA	NA	NA	NA	NA	NA	NA	NA	NA	NA	NA	NA	NA	NA	NA	NA	NA	NA	NA	NA	NA	NA	NA	NA	NA	NA	NA	NA	NA	NA	NA	NA	NA	NA	NA	NA	NA	NA	NA	NA	NA	NA	NA	NA	NA	NA	NA	NA	NA	NA	NA	NA	NA	NA	NA	NA	NA	NA	NA	NA	NA	NA	NA	NA	NA	NA	NA	NA	NA	NA	NA	NA	NA	NA	NA	NA	NA	NA
cg10531521	NA	NA	NA	NA	NA	NA	NA	NA	NA	NA	NA	NA	NA	NA	NA	NA	NA	NA	NA	NA	NA	NA	NA	NA	NA	NA	NA	NA	NA	NA	NA	NA	NA	NA	NA	NA	NA	NA	NA	NA	NA	NA	NA	NA	NA	NA	NA	NA	NA	NA	NA	NA	NA	NA	NA	NA	NA	NA	NA	NA	NA	NA	NA	NA	NA	NA	NA	NA	NA	NA	NA	NA	NA	NA	NA	NA	NA	NA	NA	NA
cg10533493	NA	NA	NA	NA	NA	NA	NA	NA	NA	NA	NA	NA	NA	NA	NA	NA	NA	NA	NA	NA	NA	NA	NA	NA	NA	NA	NA	NA	NA	NA	NA	NA	NA	NA	NA	NA	NA	NA	NA	NA	NA	NA	NA	NA	NA	NA	NA	NA	NA	NA	NA	NA	NA	NA	NA	NA	NA	NA	NA	NA	NA	NA	NA	NA	NA	NA	NA	NA	NA	NA	NA	NA	NA	NA	NA	NA	NA	NA	NA	NA
cg10617091	0.870512571655338	0.879442316504887	0.867063886015634	0.868670711804159	0.857235743920777	NA	0.867122803814857	NA	NA	0.905525045115344	0.869244403724475	NA	0.848107854817941	NA	0.881674167188638	0.85048688319959	0.855855625142215	NA	0.853295313673937	0.847578584577188	NA	0.882311049289923	0.862752799694108	0.862421920348943	0.871789071904298	0.884350166733128	0.893964559370191	0.869199005914875	0.862268391967731	0.860217872662644	NA	0.880571166456622	0.857290578984934	0.845020435152915	0.899113490825744	0.892229965694146	NA	NA	0.850591611865664	0.837863687896093	0.859022875035996	NA	0.867270550894505	0.865838170270744	0.872589501639699	0.821510764833475	0.852526538217807	0.853802554379011	0.836480058960746	0.910766871036846	0.870425551047579	0.859639164149738	0.897086490246553	0.882939875001508	0.851349817771027	NA	0.894568484904655	0.877621405950985	NA	0.872782719274373	0.874322678211507	0.861322873366509	0.849158494933909	0.861411122880068	NA	0.894122262350034	0.893223416240251	0.85143938867065	0.855903717895831	NA	0.859965295819679	NA	NA	0.83301122532045	0.839469814919449	0.850449349241434	0.882354986643404	0.880554260081301	0.856900181396984	0.839248682542182
cg10635350	NA	NA	NA	NA	NA	NA	NA	NA	NA	NA	NA	NA	NA	NA	NA	NA	NA	NA	NA	NA	NA	NA	NA	NA	NA	NA	NA	NA	NA	NA	NA	NA	NA	NA	NA	NA	NA	NA	NA	NA	NA	NA	NA	NA	NA	NA	NA	NA	NA	NA	NA	NA	NA	NA	NA	NA	NA	NA	NA	NA	NA	NA	NA	NA	NA	NA	NA	NA	NA	NA	NA	NA	NA	NA	NA	NA	NA	NA	NA	NA
cg10635719	NA	NA	NA	NA	NA	NA	NA	NA	NA	NA	NA	NA	NA	NA	NA	NA	NA	NA	NA	NA	NA	NA	NA	NA	NA	NA	NA	NA	NA	NA	NA	NA	NA	NA	NA	NA	NA	NA	NA	NA	NA	NA	NA	NA	NA	NA	NA	NA	NA	NA	NA	NA	NA	NA	NA	NA	NA	NA	NA	NA	NA	NA	NA	NA	NA	NA	NA	NA	NA	NA	NA	NA	NA	NA	NA	NA	NA	NA	NA	NA
cg10677688	NA	NA	NA	NA	NA	NA	NA	NA	NA	NA	NA	NA	NA	NA	NA	NA	NA	NA	NA	NA	NA	NA	NA	NA	NA	NA	NA	NA	NA	NA	NA	NA	NA	NA	NA	NA	NA	NA	NA	NA	NA	NA	NA	NA	NA	NA	NA	NA	NA	NA	NA	NA	NA	NA	NA	NA	NA	NA	NA	NA	NA	NA	NA	NA	NA	NA	NA	NA	NA	NA	NA	NA	NA	NA	NA	NA	NA	NA	NA	NA
cg10681811	NA	NA	NA	NA	NA	NA	NA	NA	NA	NA	NA	NA	NA	NA	NA	NA	NA	NA	NA	NA	NA	NA	NA	NA	NA	NA	NA	NA	NA	NA	NA	NA	NA	NA	NA	NA	NA	NA	NA	NA	NA	NA	NA	NA	NA	NA	NA	NA	NA	NA	NA	NA	NA	NA	NA	NA	NA	NA	NA	NA	NA	NA	NA	NA	NA	NA	NA	NA	NA	NA	NA	NA	NA	NA	NA	NA	NA	NA	NA	NA
cg10747758	NA	NA	NA	NA	NA	NA	NA	NA	NA	NA	NA	NA	NA	NA	NA	NA	NA	NA	NA	NA	NA	NA	NA	NA	NA	NA	NA	NA	NA	NA	NA	NA	NA	NA	NA	NA	NA	NA	NA	NA	NA	NA	NA	NA	NA	NA	NA	NA	NA	NA	NA	NA	NA	NA	NA	NA	NA	NA	NA	NA	NA	NA	NA	NA	NA	NA	NA	NA	NA	NA	NA	NA	NA	NA	NA	NA	NA	NA	NA	NA
cg10751914	NA	NA	NA	NA	NA	NA	NA	NA	NA	NA	NA	NA	NA	NA	NA	NA	NA	NA	NA	NA	NA	NA	NA	NA	NA	NA	NA	NA	NA	NA	NA	NA	NA	NA	NA	NA	NA	NA	NA	NA	NA	NA	NA	NA	NA	NA	NA	NA	NA	NA	NA	NA	NA	NA	NA	NA	NA	NA	NA	NA	NA	NA	NA	NA	NA	NA	NA	NA	NA	NA	NA	NA	NA	NA	NA	NA	NA	NA	NA	NA
cg10759572	NA	NA	NA	NA	NA	NA	NA	NA	NA	NA	NA	NA	NA	NA	NA	NA	NA	NA	NA	NA	NA	NA	NA	NA	NA	NA	NA	NA	NA	NA	NA	NA	NA	NA	NA	NA	NA	NA	NA	NA	NA	NA	NA	NA	NA	NA	NA	NA	NA	NA	NA	NA	NA	NA	NA	NA	NA	NA	NA	NA	NA	NA	NA	NA	NA	NA	NA	NA	NA	NA	NA	NA	NA	NA	NA	NA	NA	NA	NA	NA
cg10778931	NA	NA	NA	NA	NA	NA	NA	NA	NA	NA	NA	NA	NA	NA	NA	NA	NA	NA	NA	NA	NA	NA	NA	NA	NA	NA	NA	NA	NA	NA	NA	NA	NA	NA	NA	NA	NA	NA	NA	NA	NA	NA	NA	NA	NA	NA	NA	NA	NA	NA	NA	NA	NA	NA	NA	NA	NA	NA	NA	NA	NA	NA	NA	NA	NA	NA	NA	NA	NA	NA	NA	NA	NA	NA	NA	NA	NA	NA	NA	NA
cg10800519	NA	NA	NA	NA	NA	NA	NA	NA	NA	NA	NA	NA	NA	NA	NA	NA	NA	NA	NA	NA	NA	NA	NA	NA	NA	NA	NA	NA	NA	NA	NA	NA	NA	NA	NA	NA	NA	NA	NA	NA	NA	NA	NA	NA	NA	NA	NA	NA	NA	NA	NA	NA	NA	NA	NA	NA	NA	NA	NA	NA	NA	NA	NA	NA	NA	NA	NA	NA	NA	NA	NA	NA	NA	NA	NA	NA	NA	NA	NA	NA
cg10817408	NA	NA	NA	NA	NA	NA	NA	NA	NA	NA	NA	NA	NA	NA	NA	NA	NA	NA	NA	NA	NA	NA	NA	NA	NA	NA	NA	NA	NA	NA	NA	NA	NA	NA	NA	NA	NA	NA	NA	NA	NA	NA	NA	NA	NA	NA	NA	NA	NA	NA	NA	NA	NA	NA	NA	NA	NA	NA	NA	NA	NA	NA	NA	NA	NA	NA	NA	NA	NA	NA	NA	NA	NA	NA	NA	NA	NA	NA	NA	NA
cg10839128	NA	NA	NA	NA	NA	NA	NA	NA	NA	NA	NA	NA	NA	NA	NA	NA	NA	NA	NA	NA	NA	NA	NA	NA	NA	NA	NA	NA	NA	NA	NA	NA	NA	NA	NA	NA	NA	NA	NA	NA	NA	NA	NA	NA	NA	NA	NA	NA	NA	NA	NA	NA	NA	NA	NA	NA	NA	NA	NA	NA	NA	NA	NA	NA	NA	NA	NA	NA	NA	NA	NA	NA	NA	NA	NA	NA	NA	NA	NA	NA
cg10840054	NA	NA	NA	NA	NA	NA	NA	NA	NA	NA	NA	NA	NA	NA	NA	NA	NA	NA	NA	NA	NA	NA	NA	NA	NA	NA	NA	NA	NA	NA	NA	NA	NA	NA	NA	NA	NA	NA	NA	NA	NA	NA	NA	NA	NA	NA	NA	NA	NA	NA	NA	NA	NA	NA	NA	NA	NA	NA	NA	NA	NA	NA	NA	NA	NA	NA	NA	NA	NA	NA	NA	NA	NA	NA	NA	NA	NA	NA	NA	NA
cg10840615	NA	NA	NA	NA	NA	NA	NA	NA	NA	NA	NA	NA	NA	NA	NA	NA	NA	NA	NA	NA	NA	NA	NA	NA	NA	NA	NA	NA	NA	NA	NA	NA	NA	NA	NA	NA	NA	NA	NA	NA	NA	NA	NA	NA	NA	NA	NA	NA	NA	NA	NA	NA	NA	NA	NA	NA	NA	NA	NA	NA	NA	NA	NA	NA	NA	NA	NA	NA	NA	NA	NA	NA	NA	NA	NA	NA	NA	NA	NA	NA
cg10846614	0.565900300705678	0.579769867104518	0.130784991310351	0.0993561356679908	0.617636030233152	0.534744111067765	0.163885510117013	0.0816682039164201	0.785005728184144	0.886080356989894	0.1374476445351	0.260223797279525	0.173448836891496	0.778874818085682	0.146832588778276	0.173521006433996	0.823747646936433	0.854420626797386	0.0954441595982003	0.790085190475022	0.488827796170619	0.186042811694691	0.194256740236468	0.847337812867548	0.10157092495257	0.164782154825229	0.480344030905671	0.662951135473603	0.649629111170525	0.881726464087258	0.222091775812026	0.0568651614219245	0.316525396974417	0.719971022317562	0.816077574352416	0.12363867714765	0.240560292618375	0.932308340438515	0.189251275944057	0.859042379698014	0.143858177222125	0.790988165634769	0.279473528509969	0.228420187184561	0.360643573193817	0.266784432047619	0.381250566489542	NA	0.154031897273652	0.853499436969737	0.560584186060092	0.48100266216518	0.338531237918824	0.711567725190807	0.900662218711842	0.309437844689724	0.785380073158336	0.534292117337679	0.226875355648653	0.124512598195528	0.606681890777731	0.195967299710247	0.115275159243512	0.464265602342738	0.601687430126113	0.471954042785644	0.13774275847638	0.0952753769539654	0.0589408584729236	0.348065717519575	0.0798909775486141	0.603258521321815	0.245071356718131	0.259787474793873	0.0791239549983258	0.782738366608974	0.76802345647352	0.132977667825653	0.425382080666145	0.674348853125161
cg10867456	NA	NA	NA	NA	NA	NA	NA	NA	NA	NA	NA	NA	NA	NA	NA	NA	NA	NA	NA	NA	NA	NA	NA	NA	NA	NA	NA	NA	NA	NA	NA	NA	NA	NA	NA	NA	NA	NA	NA	NA	NA	NA	NA	NA	NA	NA	NA	NA	NA	NA	NA	NA	NA	NA	NA	NA	NA	NA	NA	NA	NA	NA	NA	NA	NA	NA	NA	NA	NA	NA	NA	NA	NA	NA	NA	NA	NA	NA	NA	NA
cg10930679	0.943463846715693	0.946692227176597	0.948871429671321	0.949690931125238	0.955370845102997	0.948431630366097	0.955262284313871	0.966886323514344	0.944575268696075	0.945622717900688	0.955089671622414	0.954885461114706	0.954775812038603	0.94563019224512	0.932353293926138	0.946794422805856	0.956477157918182	0.953913984206742	0.94166192171372	0.95996676796285	0.952688187298908	0.951933854467556	0.943348421107457	0.953580141019617	0.95620731204803	0.95628261545729	0.940308697511938	0.954994850128204	0.954833760260681	0.951113714002285	0.954482383562469	0.940625915227866	0.958108311441272	0.948116370756564	0.945976442500301	0.946575260057439	0.946925906961707	0.932854635510961	0.949790717769157	0.935465921222401	0.937006867472095	0.951248224530417	0.942405860109723	0.954194919450678	0.949902526019317	0.956803756483079	0.945671464389254	0.946237915293997	0.957345784294659	0.937750459543912	0.953488219266396	0.962555955248325	0.949065752423774	0.956416114981843	0.962158729663344	0.9337729032282	0.955326667391615	0.948773003333083	0.953711765770332	0.956944543481373	0.952234919802883	0.93104428742111	0.955270180353422	0.953397004370229	0.952160518291285	0.94434448077621	0.954663519548458	0.943255457113146	0.957102967744489	0.955585191393162	0.961743199533479	0.959082806013944	0.956537992467007	0.94581206448744	0.954467313366622	0.954465134883287	0.96573985480906	0.944002162738509	0.949647442584625	0.947064099918936
cg10932815	NA	NA	NA	NA	NA	NA	NA	NA	NA	NA	NA	NA	NA	NA	NA	NA	NA	NA	NA	NA	NA	NA	NA	NA	NA	NA	NA	NA	NA	NA	NA	NA	NA	NA	NA	NA	NA	NA	NA	NA	NA	NA	NA	NA	NA	NA	NA	NA	NA	NA	NA	NA	NA	NA	NA	NA	NA	NA	NA	NA	NA	NA	NA	NA	NA	NA	NA	NA	NA	NA	NA	NA	NA	NA	NA	NA	NA	NA	NA	NA
cg10945028	NA	NA	NA	NA	NA	NA	NA	NA	NA	NA	NA	NA	NA	NA	NA	NA	NA	NA	NA	NA	NA	NA	NA	NA	NA	NA	NA	NA	NA	NA	NA	NA	NA	NA	NA	NA	NA	NA	NA	NA	NA	NA	NA	NA	NA	NA	NA	NA	NA	NA	NA	NA	NA	NA	NA	NA	NA	NA	NA	NA	NA	NA	NA	NA	NA	NA	NA	NA	NA	NA	NA	NA	NA	NA	NA	NA	NA	NA	NA	NA
cg10959344	NA	NA	NA	NA	NA	NA	NA	NA	NA	NA	NA	NA	NA	NA	NA	NA	NA	NA	NA	NA	NA	NA	NA	NA	NA	NA	NA	NA	NA	NA	NA	NA	NA	NA	NA	NA	NA	NA	NA	NA	NA	NA	NA	NA	NA	NA	NA	NA	NA	NA	NA	NA	NA	NA	NA	NA	NA	NA	NA	NA	NA	NA	NA	NA	NA	NA	NA	NA	NA	NA	NA	NA	NA	NA	NA	NA	NA	NA	NA	NA
cg10998505	NA	NA	NA	NA	NA	NA	NA	NA	NA	NA	NA	NA	NA	NA	NA	NA	NA	NA	NA	NA	NA	NA	NA	NA	NA	NA	NA	NA	NA	NA	NA	NA	NA	NA	NA	NA	NA	NA	NA	NA	NA	NA	NA	NA	NA	NA	NA	NA	NA	NA	NA	NA	NA	NA	NA	NA	NA	NA	NA	NA	NA	NA	NA	NA	NA	NA	NA	NA	NA	NA	NA	NA	NA	NA	NA	NA	NA	NA	NA	NA
cg11047457	NA	NA	NA	NA	NA	NA	NA	NA	NA	NA	NA	NA	NA	NA	NA	NA	NA	NA	NA	NA	NA	NA	NA	NA	NA	NA	NA	NA	NA	NA	NA	NA	NA	NA	NA	NA	NA	NA	NA	NA	NA	NA	NA	NA	NA	NA	NA	NA	NA	NA	NA	NA	NA	NA	NA	NA	NA	NA	NA	NA	NA	NA	NA	NA	NA	NA	NA	NA	NA	NA	NA	NA	NA	NA	NA	NA	NA	NA	NA	NA
cg11089276	NA	NA	NA	NA	NA	NA	NA	NA	NA	NA	NA	NA	NA	NA	NA	NA	NA	NA	NA	NA	NA	NA	NA	NA	NA	NA	NA	NA	NA	NA	NA	NA	NA	NA	NA	NA	NA	NA	NA	NA	NA	NA	NA	NA	NA	NA	NA	NA	NA	NA	NA	NA	NA	NA	NA	NA	NA	NA	NA	NA	NA	NA	NA	NA	NA	NA	NA	NA	NA	NA	NA	NA	NA	NA	NA	NA	NA	NA	NA	NA
cg11122456	NA	NA	NA	NA	NA	NA	NA	NA	NA	NA	NA	NA	NA	NA	NA	NA	NA	NA	NA	NA	NA	NA	NA	NA	NA	NA	NA	NA	NA	NA	NA	NA	NA	NA	NA	NA	NA	NA	NA	NA	NA	NA	NA	NA	NA	NA	NA	NA	NA	NA	NA	NA	NA	NA	NA	NA	NA	NA	NA	NA	NA	NA	NA	NA	NA	NA	NA	NA	NA	NA	NA	NA	NA	NA	NA	NA	NA	NA	NA	NA
cg11131508	NA	NA	NA	NA	NA	NA	NA	NA	NA	NA	NA	NA	NA	NA	NA	NA	NA	NA	NA	NA	NA	NA	NA	NA	NA	NA	NA	NA	NA	NA	NA	NA	NA	NA	NA	NA	NA	NA	NA	NA	NA	NA	NA	NA	NA	NA	NA	NA	NA	NA	NA	NA	NA	NA	NA	NA	NA	NA	NA	NA	NA	NA	NA	NA	NA	NA	NA	NA	NA	NA	NA	NA	NA	NA	NA	NA	NA	NA	NA	NA
cg11135347	NA	NA	NA	NA	NA	NA	NA	NA	NA	NA	NA	NA	NA	NA	NA	NA	NA	NA	NA	NA	NA	NA	NA	NA	NA	NA	NA	NA	NA	NA	NA	NA	NA	NA	NA	NA	NA	NA	NA	NA	NA	NA	NA	NA	NA	NA	NA	NA	NA	NA	NA	NA	NA	NA	NA	NA	NA	NA	NA	NA	NA	NA	NA	NA	NA	NA	NA	NA	NA	NA	NA	NA	NA	NA	NA	NA	NA	NA	NA	NA
cg11136406	NA	NA	NA	NA	NA	NA	NA	NA	NA	NA	NA	NA	NA	NA	NA	NA	NA	NA	NA	NA	NA	NA	NA	NA	NA	NA	NA	NA	NA	NA	NA	NA	NA	NA	NA	NA	NA	NA	NA	NA	NA	NA	NA	NA	NA	NA	NA	NA	NA	NA	NA	NA	NA	NA	NA	NA	NA	NA	NA	NA	NA	NA	NA	NA	NA	NA	NA	NA	NA	NA	NA	NA	NA	NA	NA	NA	NA	NA	NA	NA
cg11137761	NA	NA	NA	NA	NA	NA	NA	NA	NA	NA	NA	NA	NA	NA	NA	NA	NA	NA	NA	NA	NA	NA	NA	NA	NA	NA	NA	NA	NA	NA	NA	NA	NA	NA	NA	NA	NA	NA	NA	NA	NA	NA	NA	NA	NA	NA	NA	NA	NA	NA	NA	NA	NA	NA	NA	NA	NA	NA	NA	NA	NA	NA	NA	NA	NA	NA	NA	NA	NA	NA	NA	NA	NA	NA	NA	NA	NA	NA	NA	NA
cg11163362	NA	NA	NA	NA	NA	NA	NA	NA	NA	NA	NA	NA	NA	NA	NA	NA	NA	NA	NA	NA	NA	NA	NA	NA	NA	NA	NA	NA	NA	NA	NA	NA	NA	NA	NA	NA	NA	NA	NA	NA	NA	NA	NA	NA	NA	NA	NA	NA	NA	NA	NA	NA	NA	NA	NA	NA	NA	NA	NA	NA	NA	NA	NA	NA	NA	NA	NA	NA	NA	NA	NA	NA	NA	NA	NA	NA	NA	NA	NA	NA
cg11165316	NA	NA	NA	NA	NA	NA	NA	NA	NA	NA	NA	NA	NA	NA	NA	NA	NA	NA	NA	NA	NA	NA	NA	NA	NA	NA	NA	NA	NA	NA	NA	NA	NA	NA	NA	NA	NA	NA	NA	NA	NA	NA	NA	NA	NA	NA	NA	NA	NA	NA	NA	NA	NA	NA	NA	NA	NA	NA	NA	NA	NA	NA	NA	NA	NA	NA	NA	NA	NA	NA	NA	NA	NA	NA	NA	NA	NA	NA	NA	NA
cg11166888	NA	NA	NA	NA	NA	NA	NA	NA	NA	NA	NA	NA	NA	NA	NA	NA	NA	NA	NA	NA	NA	NA	NA	NA	NA	NA	NA	NA	NA	NA	NA	NA	NA	NA	NA	NA	NA	NA	NA	NA	NA	NA	NA	NA	NA	NA	NA	NA	NA	NA	NA	NA	NA	NA	NA	NA	NA	NA	NA	NA	NA	NA	NA	NA	NA	NA	NA	NA	NA	NA	NA	NA	NA	NA	NA	NA	NA	NA	NA	NA
cg11205224	NA	NA	NA	NA	NA	NA	NA	NA	NA	NA	NA	NA	NA	NA	NA	NA	NA	NA	NA	NA	NA	NA	NA	NA	NA	NA	NA	NA	NA	NA	NA	NA	NA	NA	NA	NA	NA	NA	NA	NA	NA	NA	NA	NA	NA	NA	NA	NA	NA	NA	NA	NA	NA	NA	NA	NA	NA	NA	NA	NA	NA	NA	NA	NA	NA	NA	NA	NA	NA	NA	NA	NA	NA	NA	NA	NA	NA	NA	NA	NA
cg11212329	0.77343001494181	0.773589915540964	0.641653173146066	0.622459169019388	0.738889045596475	0.0830238467290002	0.538534748356491	0.168956460125633	0.205292062583715	0.677721854805287	0.0791924648973019	0.264108568416719	0.531928188234063	0.579175925242181	0.487682102366427	0.125491468205957	0.311853209657567	0.0920753386045873	0.0952182461690832	0.27704524044023	0.888848344088119	0.220318103989397	0.34790729094179	0.637017999496641	0.520004930933434	0.818781940333389	0.294887875280644	0.252274557625997	0.519906485205378	0.543374106493137	0.174185546726328	0.0670001076774364	0.277061275685296	0.578235340504964	0.128067593458629	0.108117165636687	0.637970376911351	0.621572231760012	0.515746451426171	0.488729925532866	0.0871774536394515	0.417055119293279	0.659126293957712	0.547013434422528	0.485590634189932	0.363649163223098	0.207862027856853	0.316296884324283	0.143937378345996	0.621739944948403	0.698301602132656	0.154036989008397	0.928119643159193	0.734057788692559	0.54485186367841	0.643333148935095	0.713755776331241	0.807347122589962	0.118933741270062	0.863434110752877	0.646169227925829	0.127094855119894	0.683959591527949	0.23268811359843	0.44028146379148	0.320193641712545	0.17530683095535	0.722995703864636	0.345195527635027	0.494109677763029	0.109753766304993	0.0879350542232345	0.121874020165884	0.481480595467009	0.508908611993117	0.599333366199889	0.51444942584319	0.252905575401044	0.64945752140777	0.479569891188893
cg11231740	NA	NA	NA	NA	NA	NA	NA	NA	NA	NA	NA	NA	NA	NA	NA	NA	NA	NA	NA	NA	NA	NA	NA	NA	NA	NA	NA	NA	NA	NA	NA	NA	NA	NA	NA	NA	NA	NA	NA	NA	NA	NA	NA	NA	NA	NA	NA	NA	NA	NA	NA	NA	NA	NA	NA	NA	NA	NA	NA	NA	NA	NA	NA	NA	NA	NA	NA	NA	NA	NA	NA	NA	NA	NA	NA	NA	NA	NA	NA	NA
cg11239335	NA	NA	NA	NA	NA	NA	NA	NA	NA	NA	NA	NA	NA	NA	NA	NA	NA	NA	NA	NA	NA	NA	NA	NA	NA	NA	NA	NA	NA	NA	NA	NA	NA	NA	NA	NA	NA	NA	NA	NA	NA	NA	NA	NA	NA	NA	NA	NA	NA	NA	NA	NA	NA	NA	NA	NA	NA	NA	NA	NA	NA	NA	NA	NA	NA	NA	NA	NA	NA	NA	NA	NA	NA	NA	NA	NA	NA	NA	NA	NA
cg11248957	NA	NA	NA	NA	NA	NA	NA	NA	NA	NA	NA	NA	NA	NA	NA	NA	NA	NA	NA	NA	NA	NA	NA	NA	NA	NA	NA	NA	NA	NA	NA	NA	NA	NA	NA	NA	NA	NA	NA	NA	NA	NA	NA	NA	NA	NA	NA	NA	NA	NA	NA	NA	NA	NA	NA	NA	NA	NA	NA	NA	NA	NA	NA	NA	NA	NA	NA	NA	NA	NA	NA	NA	NA	NA	NA	NA	NA	NA	NA	NA
cg11332701	NA	NA	NA	NA	NA	NA	NA	NA	NA	NA	NA	NA	NA	NA	NA	NA	NA	NA	NA	NA	NA	NA	NA	NA	NA	NA	NA	NA	NA	NA	NA	NA	NA	NA	NA	NA	NA	NA	NA	NA	NA	NA	NA	NA	NA	NA	NA	NA	NA	NA	NA	NA	NA	NA	NA	NA	NA	NA	NA	NA	NA	NA	NA	NA	NA	NA	NA	NA	NA	NA	NA	NA	NA	NA	NA	NA	NA	NA	NA	NA
cg11333436	NA	NA	NA	NA	NA	NA	NA	NA	NA	NA	NA	NA	NA	NA	NA	NA	NA	NA	NA	NA	NA	NA	NA	NA	NA	NA	NA	NA	NA	NA	NA	NA	NA	NA	NA	NA	NA	NA	NA	NA	NA	NA	NA	NA	NA	NA	NA	NA	NA	NA	NA	NA	NA	NA	NA	NA	NA	NA	NA	NA	NA	NA	NA	NA	NA	NA	NA	NA	NA	NA	NA	NA	NA	NA	NA	NA	NA	NA	NA	NA
cg11335419	NA	NA	NA	NA	NA	NA	NA	NA	NA	NA	NA	NA	NA	NA	NA	NA	NA	NA	NA	NA	NA	NA	NA	NA	NA	NA	NA	NA	NA	NA	NA	NA	NA	NA	NA	NA	NA	NA	NA	NA	NA	NA	NA	NA	NA	NA	NA	NA	NA	NA	NA	NA	NA	NA	NA	NA	NA	NA	NA	NA	NA	NA	NA	NA	NA	NA	NA	NA	NA	NA	NA	NA	NA	NA	NA	NA	NA	NA	NA	NA
cg11343941	0.268872785313153	0.943723432555544	0.334065576127306	0.686832931680534	0.934189170210493	0.936990119011616	0.946126664663535	0.904408628794827	0.949379667111746	0.919691026283467	0.347579017946305	0.43593267985396	0.772529698626398	0.740528416907354	0.925772365686025	0.242046216728517	0.431541101051344	0.754386342368117	0.865885242831562	0.814448637393428	0.782975095863329	0.843461529379101	0.679353735148576	0.80005757746261	0.954816524117566	0.878307169709704	0.759296682872662	0.748317902576869	0.901941742738154	0.914641172510819	0.244954792969123	0.956418703983528	0.946365767206925	0.849797421433035	0.712466131235584	0.929541744332054	0.914204206729637	0.955744880803785	0.95249843917507	0.690623337118771	0.282262078266481	0.501239167408164	0.392455783089113	0.591304332392084	0.649075975752807	0.511782885261063	0.472025776222081	0.915152978021106	0.915331121873333	0.894418838727505	0.93061009454896	0.784334347777271	0.521276927417186	0.950897692677724	0.875239024748172	0.933729962027782	0.946119851760505	0.951396138225258	0.958784288436043	0.952976591085436	0.937101581610852	0.784550169950226	0.911520294731346	0.888069810100691	0.946601115392316	0.86209742736192	0.57212713638816	0.24995671224742	0.772927576082065	0.682565082355526	0.937137720657232	0.945166655952597	0.416290072888546	0.727630484560857	0.939928547327184	0.594396858443013	0.932568506022331	0.309504581453405	0.962528909002735	0.88434540796333
cg11345718	NA	NA	NA	NA	NA	NA	NA	NA	NA	NA	NA	NA	NA	NA	NA	NA	NA	NA	NA	NA	NA	NA	NA	NA	NA	NA	NA	NA	NA	NA	NA	NA	NA	NA	NA	NA	NA	NA	NA	NA	NA	NA	NA	NA	NA	NA	NA	NA	NA	NA	NA	NA	NA	NA	NA	NA	NA	NA	NA	NA	NA	NA	NA	NA	NA	NA	NA	NA	NA	NA	NA	NA	NA	NA	NA	NA	NA	NA	NA	NA
cg11359737	NA	NA	NA	NA	NA	NA	NA	NA	NA	NA	NA	NA	NA	NA	NA	NA	NA	NA	NA	NA	NA	NA	NA	NA	NA	NA	NA	NA	NA	NA	NA	NA	NA	NA	NA	NA	NA	NA	NA	NA	NA	NA	NA	NA	NA	NA	NA	NA	NA	NA	NA	NA	NA	NA	NA	NA	NA	NA	NA	NA	NA	NA	NA	NA	NA	NA	NA	NA	NA	NA	NA	NA	NA	NA	NA	NA	NA	NA	NA	NA
cg11363234	0.917921833102458	0.901919579845729	0.913208515551099	0.758406582462644	0.950663691710298	0.927526349357765	0.906093971877253	0.922014589943684	0.938594297728507	0.926026327735167	0.811810941864128	0.748929577578753	0.908251863954397	0.87664502352691	0.914720950302196	0.795859182143822	0.895067692540242	0.917736980563407	0.923554077588202	0.89629662133618	0.915794611240601	0.924991954236568	0.866778756167508	0.916455906747253	0.935670988554058	0.929381118775254	0.851677316443111	0.891549241284892	0.915259766700224	0.928624482529814	0.893034558069311	0.626416573242978	0.885896168809454	0.900924157782952	0.865196035988502	0.937775919348155	0.946610046402787	0.893495010028989	0.895144025496603	0.90321052542301	0.829781382972656	0.869325792208639	0.894481942925579	0.889640674853328	0.89901460153494	0.860708324792628	0.941251024183454	0.926873542354171	0.926926501586172	0.937198603765342	0.944662568299022	0.918159421351804	0.914312560095833	0.906334954102666	0.908598085442077	0.910770864066225	0.925477730746145	0.94006832148694	0.905581898897659	0.934413584528067	0.924777608738743	0.844736906217817	0.918502018978791	0.887306872189833	0.943772978243127	0.914523439823043	0.868824997279572	0.94319900760446	0.890417063757901	0.950144724731423	0.916169956607071	0.918728893433917	0.775993164954125	0.886259027222377	0.929666152606239	0.882110455903546	0.931229019658776	0.859560065479394	0.918424585762064	0.911368203447383
cg11380503	NA	NA	NA	NA	NA	NA	NA	NA	NA	NA	NA	NA	NA	NA	NA	NA	NA	NA	NA	NA	NA	NA	NA	NA	NA	NA	NA	NA	NA	NA	NA	NA	NA	NA	NA	NA	NA	NA	NA	NA	NA	NA	NA	NA	NA	NA	NA	NA	NA	NA	NA	NA	NA	NA	NA	NA	NA	NA	NA	NA	NA	NA	NA	NA	NA	NA	NA	NA	NA	NA	NA	NA	NA	NA	NA	NA	NA	NA	NA	NA
cg11427900	NA	NA	NA	NA	NA	NA	NA	NA	NA	NA	NA	NA	NA	NA	NA	NA	NA	NA	NA	NA	NA	NA	NA	NA	NA	NA	NA	NA	NA	NA	NA	NA	NA	NA	NA	NA	NA	NA	NA	NA	NA	NA	NA	NA	NA	NA	NA	NA	NA	NA	NA	NA	NA	NA	NA	NA	NA	NA	NA	NA	NA	NA	NA	NA	NA	NA	NA	NA	NA	NA	NA	NA	NA	NA	NA	NA	NA	NA	NA	NA
cg11429177	NA	NA	NA	NA	NA	NA	NA	NA	NA	NA	NA	NA	NA	NA	NA	NA	NA	NA	NA	NA	NA	NA	NA	NA	NA	NA	NA	NA	NA	NA	NA	NA	NA	NA	NA	NA	NA	NA	NA	NA	NA	NA	NA	NA	NA	NA	NA	NA	NA	NA	NA	NA	NA	NA	NA	NA	NA	NA	NA	NA	NA	NA	NA	NA	NA	NA	NA	NA	NA	NA	NA	NA	NA	NA	NA	NA	NA	NA	NA	NA
cg11445797	0.910113964996929	0.912991336976466	0.856216595749963	0.944862802773783	0.90054508621055	0.88073542064738	0.916932496199972	0.910061202352294	0.918922592712546	0.899728230434683	0.953578726506493	0.955574643171214	0.899213641949188	0.90107828760374	0.914010884587689	0.929140680463806	0.914767066021055	0.90062042109761	0.91402655767588	0.901661857545738	0.91112180848522	0.913325926629805	0.916109492541952	0.882503526272628	0.928981681107896	0.915935296065828	0.931366838016523	0.944029532801888	0.901398802964431	0.918818584020486	0.919095694906336	0.940509546053576	0.918549141129957	0.890701350610716	0.920011737280632	0.926574924338272	0.916600410940314	0.917929068175952	0.917029608979473	0.924644939189381	0.911889745125235	0.912735333151064	0.918527262851487	0.910659089740018	0.922612625835907	0.912664640781793	0.935629142056881	0.907244201098538	0.895400716886375	0.915876369941614	0.912776076987954	0.917087369690031	0.924900006082485	0.918367767197741	0.902978359671011	0.921287522093896	0.914998124127179	0.911317868539693	0.914481092794621	0.959609706460426	0.906350865078021	0.947567368484939	0.930658569180434	0.948217556278865	0.909488434186363	0.882041692069949	0.912403327600186	0.92887481662884	0.921968617707292	0.933829648745853	0.910653475352042	0.935872284343317	0.938273654372734	0.904597335222724	0.886468220507477	0.881083943769523	0.915152382167638	0.929529511660364	0.89367146603262	0.908280215462224
cg11451315	0.962856310097785	0.812050941522107	0.764690384191235	0.737705800057963	0.905183075747053	0.955966535165564	0.593162050179038	0.683789305979433	0.949363974619563	0.748659799165016	0.189611666698009	0.951101142248591	0.954656679284732	0.967059490439797	0.948276250991497	0.909721110350971	0.953123177205481	0.963081260432013	0.953572903797926	0.958626909637542	0.944729423294703	0.956909069870899	0.947711285400428	0.960323338378493	0.953940591710945	0.599046883728763	0.924813436156263	0.957523205333586	0.960133391430034	0.955296386235071	0.963579632543485	0.551286093654641	0.951639983121748	0.947850697583124	0.950254859648237	0.653468364899528	0.955608675145061	0.683272586594829	0.714086366536936	0.946078062838088	0.938498391623911	0.955438168433837	0.939651892239166	0.953096408920617	0.914638709966233	0.939602576032529	0.943374809390083	0.96224492483885	0.740981475262455	0.756690928625499	0.956220269876884	0.664769086999408	0.962999553634657	0.95830789684397	0.966696084839823	0.962091540996179	0.855118183524021	0.923339201878568	0.953047074445559	0.670537593329174	0.939572707082682	0.951965957029656	0.962726062855048	0.954140930550622	0.962543232520874	0.962349959754579	0.942408792542773	0.88722356557811	0.965670205109706	0.821422389941415	0.939919214536626	0.915970019376567	0.951408514448686	0.945494519876354	0.668337091725384	0.957513079749958	0.959781893585692	0.950196058301703	0.958737361013487	0.958392289519947
cg11521212	0.815295901172449	0.648366424501592	NA	0.858573601676456	0.876713075655758	0.859751599667355	0.206297285351935	NA	0.6975438487577	0.762352102841159	0.165718414669868	NA	NA	NA	NA	0.223490302820375	NA	NA	NA	0.82564867358209	NA	0.577306264803266	NA	0.908112589289556	0.829377398229076	0.88395805351639	NA	NA	0.187993699042495	0.904848661889224	NA	NA	NA	0.795839478399305	NA	NA	NA	NA	NA	0.709357375827541	0.175443264774981	0.735250224113145	0.238738331173134	0.822167609886245	0.150092112936133	NA	0.192580590838742	NA	0.798595837110217	0.749973901449657	0.893881185152377	NA	0.862446840415728	0.858648665433555	NA	0.809259137263776	0.754887325050648	0.888912449863116	0.777546622330474	0.869196536447001	NA	NA	NA	0.797521225184345	0.894846393418358	NA	0.108519837389352	NA	0.257131210070535	0.88041648136785	NA	NA	0.212095872481695	0.736549287712445	0.846034165054154	0.7655284545822	0.861240360152342	0.644080723948831	0.656101236192254	NA
cg11546131	0.933083417441119	0.919649735655963	0.914149385882549	0.94585728028374	0.956129232200775	0.939744336611547	0.9437525179753	0.911029841502183	0.944563891151849	0.9439848070706	0.936395771409794	0.893540908129029	0.943362450285195	0.953042237764813	0.949958647333537	0.886077615998113	0.939525409195865	0.93944443575194	0.919391420579592	0.945087431553816	0.931418352920559	0.915046134495655	0.906942622758341	0.937080083357878	0.948535275257282	0.935896765755207	0.823772707384808	0.916831474720462	0.955888421875298	0.938426514810454	0.922514358034189	0.931371942619569	0.881516030416313	0.926961259988911	0.905132819848905	0.942940388859813	0.937669949647383	0.936724901878851	0.943225222064891	0.919719692563579	0.927434855525619	0.89810744290467	0.932036266695286	0.916508319021782	0.89769612558754	0.867603735700634	0.932616145084695	0.954868469771274	0.962582770329333	0.906287386818391	0.893407961663988	0.938055241403865	0.944603189047267	0.953487692821049	0.934833735940066	0.92470368187651	0.947764347230164	0.944018162255709	0.933820813672324	0.945805766501448	0.919682566808422	0.887188273173634	0.948198432378442	0.940583926055713	0.943232352315644	0.885056160430927	0.910192372379424	0.927146609479084	0.926524966291176	0.947662950158662	0.918178407292695	0.915096368758223	0.927002633275369	0.918500705678909	0.922433873948773	0.89703561241623	0.903742980436863	0.904057974297653	0.925680759151234	0.918650389027026
cg11549871	NA	NA	NA	NA	NA	NA	NA	NA	NA	NA	NA	NA	NA	NA	NA	NA	NA	NA	NA	NA	NA	NA	NA	NA	NA	NA	NA	NA	NA	NA	NA	NA	NA	NA	NA	NA	NA	NA	NA	NA	NA	NA	NA	NA	NA	NA	NA	NA	NA	NA	NA	NA	NA	NA	NA	NA	NA	NA	NA	NA	NA	NA	NA	NA	NA	NA	NA	NA	NA	NA	NA	NA	NA	NA	NA	NA	NA	NA	NA	NA
cg11648402	NA	NA	NA	NA	NA	NA	NA	NA	NA	NA	NA	NA	NA	NA	NA	NA	NA	NA	NA	NA	NA	NA	NA	NA	NA	NA	NA	NA	NA	NA	NA	NA	NA	NA	NA	NA	NA	NA	NA	NA	NA	NA	NA	NA	NA	NA	NA	NA	NA	NA	NA	NA	NA	NA	NA	NA	NA	NA	NA	NA	NA	NA	NA	NA	NA	NA	NA	NA	NA	NA	NA	NA	NA	NA	NA	NA	NA	NA	NA	NA
cg11686069	NA	NA	NA	NA	NA	NA	NA	NA	NA	NA	NA	NA	NA	NA	NA	NA	NA	NA	NA	NA	NA	NA	NA	NA	NA	NA	NA	NA	NA	NA	NA	NA	NA	NA	NA	NA	NA	NA	NA	NA	NA	NA	NA	NA	NA	NA	NA	NA	NA	NA	NA	NA	NA	NA	NA	NA	NA	NA	NA	NA	NA	NA	NA	NA	NA	NA	NA	NA	NA	NA	NA	NA	NA	NA	NA	NA	NA	NA	NA	NA
cg11688553	0.835121908008624	0.878915015183911	0.891116261444453	0.878188866472647	0.912621255802578	0.644769091259158	0.58292735661328	0.604348542437389	0.94616528362046	0.57076670838578	0.531019416279727	0.530775742730748	0.893910361417966	0.892583171587601	0.820028154938033	0.274773899666478	0.133720891261046	0.520364011391485	0.922662319809319	0.873869399547197	0.941853370290257	0.944583403115229	0.528022692438504	0.956803315963928	0.692620735715791	0.85843114253198	0.840772932859491	0.897289597169416	0.887241953335655	0.949304734057849	0.835285618749967	0.914263168864821	0.875831329326512	0.538929864180264	0.83712118884481	0.91378486426072	0.920196527960818	0.851572521327095	0.638464409911535	0.910988781260655	0.462890444297489	0.79447600671201	0.46650076288268	0.834537620107729	0.896782091944429	0.892996706500793	0.778241655603922	0.956540270121445	0.936326215198443	0.940185333602752	0.913754804715274	0.275887569943101	0.857280917885611	0.623807485537059	0.639372594041423	0.515174401005594	0.882028638223692	0.941233865376571	0.633402277738365	0.948497235138	0.846603288626128	0.519060981437475	0.529961634568079	0.946859232536059	0.95888759419767	0.916362213709563	0.525636440165678	0.567479046078407	0.874370893622758	0.95822882436314	0.915685541109163	0.888094731982424	0.339078126228207	0.317890309779685	0.942203181931067	0.633945145361699	0.905484278444693	0.583138753965847	0.935369896242485	0.557943260815981
cg11722990	NA	NA	NA	NA	NA	NA	NA	NA	NA	NA	NA	NA	NA	NA	NA	NA	NA	NA	NA	NA	NA	NA	NA	NA	NA	NA	NA	NA	NA	NA	NA	NA	NA	NA	NA	NA	NA	NA	NA	NA	NA	NA	NA	NA	NA	NA	NA	NA	NA	NA	NA	NA	NA	NA	NA	NA	NA	NA	NA	NA	NA	NA	NA	NA	NA	NA	NA	NA	NA	NA	NA	NA	NA	NA	NA	NA	NA	NA	NA	NA
cg11753004	NA	NA	NA	NA	NA	NA	NA	NA	NA	NA	NA	NA	NA	NA	NA	NA	NA	NA	NA	NA	NA	NA	NA	NA	NA	NA	NA	NA	NA	NA	NA	NA	NA	NA	NA	NA	NA	NA	NA	NA	NA	NA	NA	NA	NA	NA	NA	NA	NA	NA	NA	NA	NA	NA	NA	NA	NA	NA	NA	NA	NA	NA	NA	NA	NA	NA	NA	NA	NA	NA	NA	NA	NA	NA	NA	NA	NA	NA	NA	NA
cg11796578	0.946994234478142	0.950720079518176	0.924266343155989	0.934050347590936	0.92592628031442	0.934326595292163	0.932999049656612	0.923457232182676	0.939439513753437	0.939840658166654	0.941201594459429	0.929005819097189	0.95105384968253	0.946480471001873	0.948368885979826	0.935673112107176	0.922414329247631	0.940731481647796	0.938528328297129	0.922875317689713	0.912873334366267	0.922896281266273	0.942577562805244	0.925717550729103	0.93672161747144	0.93756795082563	0.921312478591929	0.949992387296118	0.933301819367197	0.939057996691955	0.935421104553126	0.89945691125315	0.926279934077542	0.937806255921437	0.928646611622523	0.939635260051688	0.916430657799839	0.935622995335261	0.93804468383362	0.938169257547202	0.924667015144294	0.94362083853907	0.920641745653304	0.9415375719636	0.936236062247733	0.935259053137267	0.949338250568288	0.917671572065507	0.934455222716103	0.945631084971867	0.942488548786005	0.943351887904482	0.932842088140101	0.930679325637726	0.941288087775814	0.941001929212567	0.935112987865062	0.929012105200291	0.941655038459497	0.937738571793645	0.938294861070648	0.934636935278694	0.947084747520862	0.913862464543744	0.940461288976843	0.933149177313337	0.933529819737524	0.938291625229049	0.947175963909573	0.928112397176415	0.939501622010736	0.942625674229486	0.932975707859523	0.945860064965768	0.906284689325455	0.927981205775036	0.947485652481007	0.927453222967415	0.9377282857304	0.933352272269668
cg11806813	NA	NA	NA	NA	NA	NA	NA	NA	NA	NA	NA	NA	NA	NA	NA	NA	NA	NA	NA	NA	NA	NA	NA	NA	NA	NA	NA	NA	NA	NA	NA	NA	NA	NA	NA	NA	NA	NA	NA	NA	NA	NA	NA	NA	NA	NA	NA	NA	NA	NA	NA	NA	NA	NA	NA	NA	NA	NA	NA	NA	NA	NA	NA	NA	NA	NA	NA	NA	NA	NA	NA	NA	NA	NA	NA	NA	NA	NA	NA	NA
cg11816434	0.893836209581016	0.911891780905399	0.895182294197243	0.888587969888406	0.901430756442752	0.199237961639703	0.892024583064014	0.885854785420082	0.886815663893093	0.913491033843178	0.799907858915123	0.845849586823781	0.897033113074817	0.90891429586358	0.881912130535364	0.797131111579522	0.911837689057114	0.91673435679204	0.585536704492266	0.909590532618992	0.909149489049512	0.901092008663195	0.799305118210429	0.910930669775372	0.90677151230477	0.946516747913257	0.871441191440704	0.877756183169957	0.903267402546956	0.936557787261352	0.931406784491154	0.164170547264805	0.863340150728043	0.923136332569277	0.912992119583172	0.92700446256371	0.90516686189776	0.567908854957019	0.768865579779583	0.880714314446597	0.372409376848178	0.91141996622588	0.821118118404283	0.920016077166165	0.834107944238065	0.85821389482997	0.882127861280013	0.927403682056522	0.92966951805806	0.852560653616486	0.828908366297229	0.893602241293021	0.889428662732492	0.870538668522136	0.922331295581524	0.902107990208512	0.903435760999095	0.874982596584424	0.926714466826917	0.907655723333766	0.66258207787949	0.888259339585117	0.25936130499348	0.896630524331084	0.705681796328487	0.916965838830722	0.887183214384018	0.847817006113726	0.923168428762328	0.694675025707215	0.878882416616305	0.903147951428467	0.823378687286845	0.894245064323744	0.934207929904517	0.911229297074878	0.908561159533548	0.871002863333856	0.923443053827586	0.891201393569924
cg11827743	0.964629212726874	0.977893197951499	0.966783102028559	0.971684993502835	0.972706650060804	0.974265781700641	0.976654590535476	0.977655674537005	0.973801586950986	0.974062867189471	0.962490368447537	0.976677907222842	0.96925749580676	0.979591892523539	0.969881258392106	0.9638868578986	0.975058418414804	0.976441432654578	0.970280344444284	0.978692535015735	0.965839368184237	0.966433442076195	0.977122181982966	0.964819954231039	0.961424992695267	0.973555495979726	0.964932178514564	0.970118174435944	0.970538023817089	0.977509161634764	0.978384958163673	0.961457699417811	0.96400712974781	0.96938166171814	0.975714098901654	0.969719665898881	0.970768537394608	0.9772209086121	0.969911264717972	0.981076876040326	0.959241377027041	0.966026068327185	0.972747447586928	0.973144545758056	0.972039296777772	0.970087894490952	0.960278351463188	0.966764944105445	0.966165850221681	0.971985262965135	0.970981717525602	0.974236690018265	0.969329792895758	0.973618189418982	0.97136838987089	0.958616795109578	0.965638861062207	0.966780860598509	0.973723469848771	0.969110813163346	0.968142530556819	0.970530863631657	0.97013931261457	0.973447458439614	0.971064854775993	0.968627355285727	0.974543008850183	0.971122743037572	0.976942511769915	0.97655709886906	0.978969637186438	0.976181571599138	0.966100763323693	0.974033435149642	0.967618679509603	0.975490131366957	0.976298807798996	0.973472252789425	0.970462057873023	0.972074988083167
cg11846226	NA	NA	NA	NA	NA	NA	NA	NA	NA	NA	NA	NA	NA	NA	NA	NA	NA	NA	NA	NA	NA	NA	NA	NA	NA	NA	NA	NA	NA	NA	NA	NA	NA	NA	NA	NA	NA	NA	NA	NA	NA	NA	NA	NA	NA	NA	NA	NA	NA	NA	NA	NA	NA	NA	NA	NA	NA	NA	NA	NA	NA	NA	NA	NA	NA	NA	NA	NA	NA	NA	NA	NA	NA	NA	NA	NA	NA	NA	NA	NA
cg11930700	NA	NA	NA	NA	NA	NA	NA	NA	NA	NA	NA	NA	NA	NA	NA	NA	NA	NA	NA	NA	NA	NA	NA	NA	NA	NA	NA	NA	NA	NA	NA	NA	NA	NA	NA	NA	NA	NA	NA	NA	NA	NA	NA	NA	NA	NA	NA	NA	NA	NA	NA	NA	NA	NA	NA	NA	NA	NA	NA	NA	NA	NA	NA	NA	NA	NA	NA	NA	NA	NA	NA	NA	NA	NA	NA	NA	NA	NA	NA	NA
cg11968166	NA	NA	NA	NA	NA	NA	NA	NA	NA	NA	NA	NA	NA	NA	NA	NA	NA	NA	NA	NA	NA	NA	NA	NA	NA	NA	NA	NA	NA	NA	NA	NA	NA	NA	NA	NA	NA	NA	NA	NA	NA	NA	NA	NA	NA	NA	NA	NA	NA	NA	NA	NA	NA	NA	NA	NA	NA	NA	NA	NA	NA	NA	NA	NA	NA	NA	NA	NA	NA	NA	NA	NA	NA	NA	NA	NA	NA	NA	NA	NA
cg12049322	NA	NA	NA	NA	NA	NA	NA	NA	NA	NA	NA	NA	NA	NA	NA	NA	NA	NA	NA	NA	NA	NA	NA	NA	NA	NA	NA	NA	NA	NA	NA	NA	NA	NA	NA	NA	NA	NA	NA	NA	NA	NA	NA	NA	NA	NA	NA	NA	NA	NA	NA	NA	NA	NA	NA	NA	NA	NA	NA	NA	NA	NA	NA	NA	NA	NA	NA	NA	NA	NA	NA	NA	NA	NA	NA	NA	NA	NA	NA	NA
cg12101572	NA	NA	NA	NA	NA	NA	NA	NA	NA	NA	NA	NA	NA	NA	NA	NA	NA	NA	NA	NA	NA	NA	NA	NA	NA	NA	NA	NA	NA	NA	NA	NA	NA	NA	NA	NA	NA	NA	NA	NA	NA	NA	NA	NA	NA	NA	NA	NA	NA	NA	NA	NA	NA	NA	NA	NA	NA	NA	NA	NA	NA	NA	NA	NA	NA	NA	NA	NA	NA	NA	NA	NA	NA	NA	NA	NA	NA	NA	NA	NA
cg12103802	NA	NA	NA	NA	NA	NA	NA	NA	NA	NA	NA	NA	NA	NA	NA	NA	NA	NA	NA	NA	NA	NA	NA	NA	NA	NA	NA	NA	NA	NA	NA	NA	NA	NA	NA	NA	NA	NA	NA	NA	NA	NA	NA	NA	NA	NA	NA	NA	NA	NA	NA	NA	NA	NA	NA	NA	NA	NA	NA	NA	NA	NA	NA	NA	NA	NA	NA	NA	NA	NA	NA	NA	NA	NA	NA	NA	NA	NA	NA	NA
cg12113981	0.943220933838892	0.878586959057261	0.916475935622518	0.901803318716412	0.941658862473918	0.92423147504786	0.906070500733978	0.887954082603349	0.517550264890521	0.911019081611876	0.17642552705709	0.364979585422894	0.767391128549421	0.575013114637086	0.603147750067325	0.81984608885476	0.872484848668085	0.619493191285848	0.689469095612779	0.885813102249855	0.933674680341488	0.943599097896417	0.214829086820913	0.937638554266754	0.931979474318067	0.907472689170813	0.708394627239337	0.857529259240483	0.92929046848659	0.920614577823174	0.642796072801346	0.87169349167143	0.60221517047148	0.930477582896508	0.448613571353939	0.837747386373934	0.936573717219056	0.935204815447025	0.650367783841654	0.895013215981139	0.409367685626435	0.529655849389063	0.882304764601783	0.879916292721809	0.795450048466204	0.29284022386899	0.861414299283255	0.948465123035279	0.912158634536109	0.941528290695374	0.655803365834428	0.926528535475659	0.914981660422874	0.945967317442885	0.934320400363393	0.942361420573491	0.947307836326187	0.944630824904396	0.863777059574209	0.601660697802133	0.911064322642197	0.545986494475162	0.523342646294944	0.920768537731462	0.947004949977862	0.911826822989404	0.34396183465774	0.685493538920024	0.513914517380905	0.938551469863472	0.690945911155279	0.20896845804771	0.776986526976892	0.909677207115615	0.888905839716649	0.800898025821098	0.935346405197572	0.538380966524073	0.933888399517652	0.885937239819074
cg12135953	0.945286272084028	0.938904950379357	0.945367819937026	0.886410253243605	0.943686209073595	0.947811470316086	0.927664480396601	0.917246030334151	0.952690792247125	0.95182719591941	0.626165441067479	0.945191769042853	0.891339437375453	0.933852398634918	0.925139509938145	0.921349001642639	0.921240605213925	0.930259923720365	0.819652735184911	0.959330159233547	0.929909504514232	0.945379453809267	0.945777893942991	0.957571673310098	0.94062322566703	0.947711827476858	0.933551916313123	0.915007436250981	0.926638480267338	0.953866786445299	0.896737245161591	0.910539349940944	0.935985311260861	0.93133942865496	0.929448513435122	0.950637541610447	0.947248047735635	0.919333466843208	0.789146347635399	0.94828876147074	0.890451669983873	0.949503574386439	0.929661594808393	0.947808573475245	0.942240469135793	0.941229516604901	0.952164009993995	0.943621820841783	0.953960800771233	0.946976664136173	0.962836767277209	0.930986442604576	0.945932691876438	0.942416236153375	0.95002672403428	0.957923018183334	0.954079208432106	0.95067566206051	0.938896616256732	0.95784268315088	0.94846369149349	0.911956503282259	0.853480429625304	0.922976285233664	0.951754036235925	0.948535287771684	0.942344865564697	0.930676239796042	0.923202853842574	0.94167064625669	0.942333173943238	0.953372831580601	0.89767640986592	0.958231617705718	0.929931484320674	0.93394609099839	0.957114006265174	0.929429250164794	0.903761882985395	0.93655973117395
cg12159166	0.957207210390732	0.952588789467091	0.945676866557711	0.943863495526164	0.950564336021099	0.947279754449224	0.956529246188092	0.949767712335645	0.954078956714908	0.947067479800235	0.948498752459416	0.956233581443369	0.952726816546975	0.943476174655248	0.950954579414673	0.939219975294204	0.951744894289246	0.947644964631922	0.951658365161961	0.925967172219824	0.950970711418474	0.947785670948344	0.938665494409203	0.944072607625709	0.942234324717316	0.945790798093162	0.953032522809072	0.94298341065369	0.946053313354961	0.951712181390644	0.947922709605467	0.945415615303757	0.938206343665836	0.947173921050107	0.943890698545264	0.954650126690183	0.951813271837075	0.924373029970085	0.94759874195875	0.942252806495915	0.931276619072887	0.952843252801687	0.94777334705231	0.948406396642032	0.961380941907797	0.957110002527776	0.954076689268463	0.940286276787029	0.942939275999425	0.961175614933383	0.952137232529962	0.956462207347159	0.953468483438113	0.95024608672984	0.949093233496568	0.949558682511265	0.960043488900698	0.957901866220813	0.951772746960276	0.958631688155229	0.962897766477763	0.937944598461239	0.94805083996029	0.945367611575026	0.957994518471109	0.958560727314055	0.941997192869072	0.956119129594219	0.943291341281688	0.945528274472897	0.956174186445588	0.946073619126846	0.920406093843856	0.941785666986357	0.939973789580419	0.919526944758568	0.962566292211906	0.935894579943858	0.955432961850114	0.952615141371069
cg12190125	NA	NA	NA	NA	NA	NA	NA	NA	NA	NA	NA	NA	NA	NA	NA	NA	NA	NA	NA	NA	NA	NA	NA	NA	NA	NA	NA	NA	NA	NA	NA	NA	NA	NA	NA	NA	NA	NA	NA	NA	NA	NA	NA	NA	NA	NA	NA	NA	NA	NA	NA	NA	NA	NA	NA	NA	NA	NA	NA	NA	NA	NA	NA	NA	NA	NA	NA	NA	NA	NA	NA	NA	NA	NA	NA	NA	NA	NA	NA	NA
cg12205645	NA	NA	NA	NA	NA	NA	NA	NA	NA	NA	NA	NA	NA	NA	NA	NA	NA	NA	NA	NA	NA	NA	NA	NA	NA	NA	NA	NA	NA	NA	NA	NA	NA	NA	NA	NA	NA	NA	NA	NA	NA	NA	NA	NA	NA	NA	NA	NA	NA	NA	NA	NA	NA	NA	NA	NA	NA	NA	NA	NA	NA	NA	NA	NA	NA	NA	NA	NA	NA	NA	NA	NA	NA	NA	NA	NA	NA	NA	NA	NA
cg12221729	NA	NA	NA	NA	NA	NA	NA	NA	NA	NA	NA	NA	NA	NA	NA	NA	NA	NA	NA	NA	NA	NA	NA	NA	NA	NA	NA	NA	NA	NA	NA	NA	NA	NA	NA	NA	NA	NA	NA	NA	NA	NA	NA	NA	NA	NA	NA	NA	NA	NA	NA	NA	NA	NA	NA	NA	NA	NA	NA	NA	NA	NA	NA	NA	NA	NA	NA	NA	NA	NA	NA	NA	NA	NA	NA	NA	NA	NA	NA	NA
cg12224855	NA	NA	NA	NA	NA	NA	NA	NA	NA	NA	NA	NA	NA	NA	NA	NA	NA	NA	NA	NA	NA	NA	NA	NA	NA	NA	NA	NA	NA	NA	NA	NA	NA	NA	NA	NA	NA	NA	NA	NA	NA	NA	NA	NA	NA	NA	NA	NA	NA	NA	NA	NA	NA	NA	NA	NA	NA	NA	NA	NA	NA	NA	NA	NA	NA	NA	NA	NA	NA	NA	NA	NA	NA	NA	NA	NA	NA	NA	NA	NA
cg12248480	NA	NA	NA	NA	NA	NA	NA	NA	NA	NA	NA	NA	NA	NA	NA	NA	NA	NA	NA	NA	NA	NA	NA	NA	NA	NA	NA	NA	NA	NA	NA	NA	NA	NA	NA	NA	NA	NA	NA	NA	NA	NA	NA	NA	NA	NA	NA	NA	NA	NA	NA	NA	NA	NA	NA	NA	NA	NA	NA	NA	NA	NA	NA	NA	NA	NA	NA	NA	NA	NA	NA	NA	NA	NA	NA	NA	NA	NA	NA	NA
cg12252868	NA	NA	NA	NA	NA	NA	NA	NA	NA	NA	NA	NA	NA	NA	NA	NA	NA	NA	NA	NA	NA	NA	NA	NA	NA	NA	NA	NA	NA	NA	NA	NA	NA	NA	NA	NA	NA	NA	NA	NA	NA	NA	NA	NA	NA	NA	NA	NA	NA	NA	NA	NA	NA	NA	NA	NA	NA	NA	NA	NA	NA	NA	NA	NA	NA	NA	NA	NA	NA	NA	NA	NA	NA	NA	NA	NA	NA	NA	NA	NA
cg12284736	NA	NA	NA	NA	NA	NA	NA	NA	NA	NA	NA	NA	NA	NA	NA	NA	NA	NA	NA	NA	NA	NA	NA	NA	NA	NA	NA	NA	NA	NA	NA	NA	NA	NA	NA	NA	NA	NA	NA	NA	NA	NA	NA	NA	NA	NA	NA	NA	NA	NA	NA	NA	NA	NA	NA	NA	NA	NA	NA	NA	NA	NA	NA	NA	NA	NA	NA	NA	NA	NA	NA	NA	NA	NA	NA	NA	NA	NA	NA	NA
cg12286403	NA	NA	NA	NA	NA	NA	NA	NA	NA	NA	NA	NA	NA	NA	NA	NA	NA	NA	NA	NA	NA	NA	NA	NA	NA	NA	NA	NA	NA	NA	NA	NA	NA	NA	NA	NA	NA	NA	NA	NA	NA	NA	NA	NA	NA	NA	NA	NA	NA	NA	NA	NA	NA	NA	NA	NA	NA	NA	NA	NA	NA	NA	NA	NA	NA	NA	NA	NA	NA	NA	NA	NA	NA	NA	NA	NA	NA	NA	NA	NA
cg12298312	NA	NA	NA	NA	NA	NA	NA	NA	NA	NA	NA	NA	NA	NA	NA	NA	NA	NA	NA	NA	NA	NA	NA	NA	NA	NA	NA	NA	NA	NA	NA	NA	NA	NA	NA	NA	NA	NA	NA	NA	NA	NA	NA	NA	NA	NA	NA	NA	NA	NA	NA	NA	NA	NA	NA	NA	NA	NA	NA	NA	NA	NA	NA	NA	NA	NA	NA	NA	NA	NA	NA	NA	NA	NA	NA	NA	NA	NA	NA	NA
cg12315011	NA	NA	NA	NA	NA	NA	NA	NA	NA	NA	NA	NA	NA	NA	NA	NA	NA	NA	NA	NA	NA	NA	NA	NA	NA	NA	NA	NA	NA	NA	NA	NA	NA	NA	NA	NA	NA	NA	NA	NA	NA	NA	NA	NA	NA	NA	NA	NA	NA	NA	NA	NA	NA	NA	NA	NA	NA	NA	NA	NA	NA	NA	NA	NA	NA	NA	NA	NA	NA	NA	NA	NA	NA	NA	NA	NA	NA	NA	NA	NA
cg12321355	0.894445105299181	0.910617399071293	0.844006286566353	0.922076807202071	0.891873330216655	0.156841232312714	0.891710766177007	0.877963845796132	0.806742288128341	0.860887046401036	0.739954011774979	0.90313784403944	0.916531932172039	0.929740605769927	0.962465261814558	0.881301978845563	0.956409226020414	0.937618167405769	0.88483712760776	0.940871387809451	0.913976847718579	0.898531561199251	0.85518107195235	0.905347694055555	0.313929430821069	0.957180464700513	0.891730463482026	0.924851845189152	0.766121601414138	0.149070503636793	0.947829260366977	0.50338311738862	0.928095595599554	0.891756777016313	0.9225725517872	0.95293978790196	0.918092224752772	0.925229873988428	0.936652601697089	0.913675321508382	0.930035699108244	0.920723757630073	0.84710589897779	0.926788699766658	0.525797827200174	0.946209648732221	0.607586750101738	0.966176672839359	0.971390243628294	0.892473047942412	0.932166615025653	0.864212704599299	0.937538054119619	0.915751450556524	0.608755862731262	0.928840743107733	0.633261659238494	0.741546200057875	0.90709152256162	0.569743625189672	0.920635091038549	0.916505255244705	0.950567300538426	0.941285789469068	0.919337331808969	0.659564948291393	0.903334048076073	0.87187761964951	0.945180309727012	0.653304155548694	0.43481394144191	0.927434186541434	0.895179998116988	0.848905374703242	0.941398950929137	0.931158788846309	0.262392425701558	0.916813653368385	0.915493848635575	0.892711206874604
cg12336935	NA	NA	NA	NA	NA	NA	NA	NA	NA	NA	NA	NA	NA	NA	NA	NA	NA	NA	NA	NA	NA	NA	NA	NA	NA	NA	NA	NA	NA	NA	NA	NA	NA	NA	NA	NA	NA	NA	NA	NA	NA	NA	NA	NA	NA	NA	NA	NA	NA	NA	NA	NA	NA	NA	NA	NA	NA	NA	NA	NA	NA	NA	NA	NA	NA	NA	NA	NA	NA	NA	NA	NA	NA	NA	NA	NA	NA	NA	NA	NA
cg12340381	NA	NA	NA	NA	NA	NA	NA	NA	NA	NA	NA	NA	NA	NA	NA	NA	NA	NA	NA	NA	NA	NA	NA	NA	NA	NA	NA	NA	NA	NA	NA	NA	NA	NA	NA	NA	NA	NA	NA	NA	NA	NA	NA	NA	NA	NA	NA	NA	NA	NA	NA	NA	NA	NA	NA	NA	NA	NA	NA	NA	NA	NA	NA	NA	NA	NA	NA	NA	NA	NA	NA	NA	NA	NA	NA	NA	NA	NA	NA	NA
cg12401953	0.958857997129257	0.960573662990831	0.946940795614552	0.944044632931045	0.94785943593619	0.905192215115164	0.942812488598753	0.939827682775038	0.956368199292606	0.945284568384002	0.959303977614139	0.926440445281795	0.921923688615764	0.940746485736672	0.951104499412067	0.930977943872277	0.952898266133767	0.94111503705308	0.949998390814138	0.933485378350939	0.935939985195897	0.948077871254956	0.932011386759953	0.954507850263501	0.938059944077982	0.950053520071011	0.925379009363054	0.912796150644655	0.957604333600351	0.939909994533396	0.936451984531521	0.933319127051779	0.930249227623424	0.898746531449048	0.942081256447588	0.952788923398101	0.92641373997977	0.88245254082664	0.936070175670095	0.940558523530795	0.90719841301155	0.938545743853327	0.960483395735291	0.950622233071736	0.949591195826465	0.92284525375386	0.94293778722693	0.946509687879051	0.935214218265087	0.953358345191935	0.940727931101942	0.956164341287507	0.950154621305973	0.947068620373483	0.954680429394616	0.946368274935904	0.950335208451942	0.952266291518143	0.948151504351622	0.928162618311339	0.956766757635504	0.91782171173826	0.942275797985727	0.938506079842738	0.954095708616054	0.946577279239338	0.898477918708052	0.939314566918695	0.952028717084452	0.944670659601009	0.939348919627244	0.953225043083067	0.940098398820255	0.93558918518513	0.928912029338856	0.91154826908105	0.957206332609821	0.918462766661061	0.926191208360084	0.955318431344337
cg12419663	NA	NA	NA	NA	NA	NA	NA	NA	NA	NA	NA	NA	NA	NA	NA	NA	NA	NA	NA	NA	NA	NA	NA	NA	NA	NA	NA	NA	NA	NA	NA	NA	NA	NA	NA	NA	NA	NA	NA	NA	NA	NA	NA	NA	NA	NA	NA	NA	NA	NA	NA	NA	NA	NA	NA	NA	NA	NA	NA	NA	NA	NA	NA	NA	NA	NA	NA	NA	NA	NA	NA	NA	NA	NA	NA	NA	NA	NA	NA	NA
cg12470218	0.138240301873185	0.105373024081042	0.156896407053824	NA	0.173752452353936	NA	0.143907308360902	0.161774694862531	NA	NA	0.164489117795386	0.28373778800082	NA	NA	0.166419470693651	NA	0.186690903748016	NA	0.148991212593837	NA	0.135252660611626	0.137625868684127	0.27991523638923	NA	0.122216499677147	NA	0.73890743628476	NA	0.133420879044795	NA	NA	NA	0.525795126146621	0.154851431989398	0.471234119421723	0.135935390383975	0.168830933068821	0.192921949592865	NA	0.138992909269521	0.278563971116257	0.362645449851652	0.127273791943005	0.208933476603297	0.149935411699456	NA	0.146623339447413	NA	NA	0.149883437171679	0.790558404152842	NA	NA	NA	0.157529374887242	0.153010567639483	0.128270909543953	0.181972793433502	NA	NA	0.146675232814694	NA	0.192299908277857	NA	0.183974834572435	0.222827250010477	0.16708466777448	0.150226773020182	NA	0.112699157971195	NA	NA	0.170574282701489	NA	NA	NA	0.119396832826884	NA	0.176589294814086	0.142610591318983
cg12475092	NA	NA	NA	NA	NA	NA	NA	NA	NA	NA	NA	NA	NA	NA	NA	NA	NA	NA	NA	NA	NA	NA	NA	NA	NA	NA	NA	NA	NA	NA	NA	NA	NA	NA	NA	NA	NA	NA	NA	NA	NA	NA	NA	NA	NA	NA	NA	NA	NA	NA	NA	NA	NA	NA	NA	NA	NA	NA	NA	NA	NA	NA	NA	NA	NA	NA	NA	NA	NA	NA	NA	NA	NA	NA	NA	NA	NA	NA	NA	NA
cg12501523	NA	NA	NA	NA	NA	NA	NA	NA	NA	NA	NA	NA	NA	NA	NA	NA	NA	NA	NA	NA	NA	NA	NA	NA	NA	NA	NA	NA	NA	NA	NA	NA	NA	NA	NA	NA	NA	NA	NA	NA	NA	NA	NA	NA	NA	NA	NA	NA	NA	NA	NA	NA	NA	NA	NA	NA	NA	NA	NA	NA	NA	NA	NA	NA	NA	NA	NA	NA	NA	NA	NA	NA	NA	NA	NA	NA	NA	NA	NA	NA
cg12514654	NA	NA	NA	NA	NA	NA	NA	NA	NA	NA	NA	NA	NA	NA	NA	NA	NA	NA	NA	NA	NA	NA	NA	NA	NA	NA	NA	NA	NA	NA	NA	NA	NA	NA	NA	NA	NA	NA	NA	NA	NA	NA	NA	NA	NA	NA	NA	NA	NA	NA	NA	NA	NA	NA	NA	NA	NA	NA	NA	NA	NA	NA	NA	NA	NA	NA	NA	NA	NA	NA	NA	NA	NA	NA	NA	NA	NA	NA	NA	NA
cg12525774	NA	NA	NA	NA	NA	NA	NA	NA	NA	NA	NA	NA	NA	NA	NA	NA	NA	NA	NA	NA	NA	NA	NA	NA	NA	NA	NA	NA	NA	NA	NA	NA	NA	NA	NA	NA	NA	NA	NA	NA	NA	NA	NA	NA	NA	NA	NA	NA	NA	NA	NA	NA	NA	NA	NA	NA	NA	NA	NA	NA	NA	NA	NA	NA	NA	NA	NA	NA	NA	NA	NA	NA	NA	NA	NA	NA	NA	NA	NA	NA
cg12566078	0.950772671311708	0.856817019175505	0.720060348249069	0.872847748596072	0.927732703071237	0.956192616179876	0.653757937449561	0.6828365605781	0.93912037530647	0.933760197472702	0.204731067705988	0.728376063046649	0.620604943796837	0.937591414278657	0.660973464782987	0.918460752889652	0.726742917174403	0.680396147124058	0.377117630320885	0.944544908090568	0.936646406053857	0.928970247861434	0.934768694492544	0.718516559086472	0.813822849173585	0.588318736193337	0.671544867121739	0.956171276965592	0.945713201295634	0.953085769783529	0.719618555797764	0.932235085554156	0.921990203581378	0.955176509865086	0.872431816119635	0.947484205051633	0.930034337392515	0.946331541012027	0.592100470176682	0.852893373495682	0.311483166748586	0.673431427288263	0.715307796776286	0.944787033768794	0.272789417870069	0.937197168695083	0.934789928501218	0.918046406651957	0.115484972272714	0.954026689323166	0.936719158676057	0.938122990601043	0.929999916926829	0.842198469498813	0.758226717041979	0.944585656589514	0.114771437878595	0.945089432148508	0.707724372331177	0.945890918104733	0.735439734615356	0.92431130730523	0.621603048012219	0.175480510675175	0.902893617379197	0.597471186465657	0.651894944286765	0.704796215161556	0.921174128368641	0.764082688399963	0.114422097719552	0.770571472236163	0.684507865482852	0.711234031023036	0.818808739303747	0.923234836048471	0.953521737662368	0.726543006043626	0.937008026630855	0.949490028595741
cg12578116	NA	NA	NA	NA	NA	NA	NA	NA	NA	NA	NA	NA	NA	NA	NA	NA	NA	NA	NA	NA	NA	NA	NA	NA	NA	NA	NA	NA	NA	NA	NA	NA	NA	NA	NA	NA	NA	NA	NA	NA	NA	NA	NA	NA	NA	NA	NA	NA	NA	NA	NA	NA	NA	NA	NA	NA	NA	NA	NA	NA	NA	NA	NA	NA	NA	NA	NA	NA	NA	NA	NA	NA	NA	NA	NA	NA	NA	NA	NA	NA
cg12647952	0.949035740076297	0.935238589890665	0.929214300163233	0.939168043275301	0.938488751344677	0.93474074541699	0.939657617965978	0.948122255380384	0.94365294378705	0.935035399540647	0.915119961358191	0.953040259279174	0.926176742809202	0.953168166442813	0.941982427944802	0.932204660457729	0.940896567954537	0.949741264949492	0.945975819252163	0.921175455758522	0.936610280653446	0.946760974730622	0.93798742813282	0.933033810981721	0.936283899501465	0.950175255928385	0.941238090281267	0.936849861320477	0.941802015033723	0.928787163565155	0.938956648322624	0.934131704674006	0.943753043248481	0.918732996493504	0.942972342654216	0.941518736920008	0.931419938395613	0.933037572085453	0.947212858859891	0.937003247954272	0.940821672889938	0.941504946833446	0.942978180750208	0.945550849322338	0.942090637461969	0.946271247764096	0.928029114437245	0.931146752432347	0.937477579592748	0.927005774417316	0.92927541033905	0.945785141835448	0.916035549537002	0.941107925695137	0.954054006566729	0.939839849718454	0.956555074323721	0.945061329424123	0.935073523725159	0.943807326156183	0.950193207383627	0.935054453634895	0.95425092445315	0.944702942387449	0.94665316127898	0.933721814684065	0.942481344376611	0.938585763534282	0.947767434307299	0.922994426309372	0.9540154728079	0.956248184193272	0.933432106765694	0.935649628080948	0.909063064471034	0.950768426663214	0.95477665789676	0.940307924935392	0.912253506343309	0.947531193519123
cg12678329	NA	NA	NA	NA	NA	NA	NA	NA	NA	NA	NA	NA	NA	NA	NA	NA	NA	NA	NA	NA	NA	NA	NA	NA	NA	NA	NA	NA	NA	NA	NA	NA	NA	NA	NA	NA	NA	NA	NA	NA	NA	NA	NA	NA	NA	NA	NA	NA	NA	NA	NA	NA	NA	NA	NA	NA	NA	NA	NA	NA	NA	NA	NA	NA	NA	NA	NA	NA	NA	NA	NA	NA	NA	NA	NA	NA	NA	NA	NA	NA
cg12705541	0.13005907994337	0.729595785945624	0.127158537409465	0.732697003782133	0.865363821876895	0.421098544266124	0.757618818234443	0.0858260300225372	0.540642238298558	0.836873519668437	0.129677462949643	0.286762385307356	0.78186057087161	0.568197071578465	0.122195907773947	0.0881812122875582	0.778459584658546	0.791260126797471	0.0668637047330631	0.1296892369391	0.50116799319064	0.19958611284142	0.141969932725655	0.911103644366999	0.708907264260479	0.369513842418553	0.338956025695024	0.130802617336627	0.0997484930264646	0.116081903059975	0.261170454940225	0.0580116677239573	0.302178381963377	0.345380994854451	0.22711281230144	0.127926927664181	0.901288560930569	0.892674726489715	0.556456353599494	0.677480268069922	0.103149197893321	0.118026907227721	0.311404825494297	0.737701751402887	0.24797408027607	0.287571869346367	0.0508312445532787	0.804400689462949	0.861698540289124	0.0908248504903142	0.863436945999437	0.0939637961996047	0.11834003826438	0.475786333263808	0.0756534702263491	0.839955279712876	0.859264196106051	0.889473040027887	0.0745749018547375	0.275382202674877	0.12296289588922	0.391409509471716	0.0757979570964653	0.0953861186441756	0.16605446269478	0.145699521447113	0.422806312816431	0.123024422247261	0.288599904182605	0.816117246877569	0.833370485059469	0.157126418830673	0.226557489278754	0.242317320851127	0.845949062046841	0.292021584996345	0.794346249636322	0.182629506163453	0.455572704018224	0.704411291778269
cg12728543	NA	NA	NA	NA	NA	NA	NA	NA	NA	NA	NA	NA	NA	NA	NA	NA	NA	NA	NA	NA	NA	NA	NA	NA	NA	NA	NA	NA	NA	NA	NA	NA	NA	NA	NA	NA	NA	NA	NA	NA	NA	NA	NA	NA	NA	NA	NA	NA	NA	NA	NA	NA	NA	NA	NA	NA	NA	NA	NA	NA	NA	NA	NA	NA	NA	NA	NA	NA	NA	NA	NA	NA	NA	NA	NA	NA	NA	NA	NA	NA
cg12752449	0.951285324330593	0.94708393861259	0.933826363558265	0.943312238712757	0.909409540331359	0.938259967195815	0.937225187456701	0.917459325123071	0.953518440122945	0.942678405283331	0.88890727017554	0.946863135955469	0.940418144067343	0.951288171304425	0.944595988655299	0.924850900757011	0.957728487049176	0.947739767085518	0.950546460801748	0.936862882438035	0.954425619019831	0.941585236635947	0.922554369228192	0.944887165430976	0.936404710151462	0.939054067604144	0.937151257650079	0.933471891860448	0.941936485435721	0.947577315324443	0.943791700839917	0.777539603635083	0.937028993682754	0.937615775083517	0.94823263331907	0.94881300521153	0.943727083733009	0.950859901476535	0.950188714247088	0.943081138407239	0.931421563721792	0.919267380964606	0.910957545723263	0.944681660061375	0.935027151603688	0.947943059117493	0.959581429311234	0.939003534141278	0.948752441153801	0.947032251416809	0.939727187854347	0.957939758160392	0.947736862046741	0.940186245246243	0.940541699530451	0.936572731264706	0.946818167061772	0.949302640481442	0.947174776832099	0.946162544081033	0.938760322219077	0.936204051585308	0.943544535457388	0.930828326755032	0.948700540252743	0.929418022204815	0.931411279048091	0.947212625739843	0.951053469480894	0.948335672823419	0.942239344884782	0.950839024142341	0.944349269655905	0.944554483048719	0.932814090110037	0.952812578342592	0.95032311510354	0.947166269593118	0.933983652000458	0.94467938863511
cg12757890	NA	NA	NA	NA	NA	NA	NA	NA	NA	NA	NA	NA	NA	NA	NA	NA	NA	NA	NA	NA	NA	NA	NA	NA	NA	NA	NA	NA	NA	NA	NA	NA	NA	NA	NA	NA	NA	NA	NA	NA	NA	NA	NA	NA	NA	NA	NA	NA	NA	NA	NA	NA	NA	NA	NA	NA	NA	NA	NA	NA	NA	NA	NA	NA	NA	NA	NA	NA	NA	NA	NA	NA	NA	NA	NA	NA	NA	NA	NA	NA
cg12765935	NA	NA	NA	NA	NA	NA	NA	NA	NA	NA	NA	NA	NA	NA	NA	NA	NA	NA	NA	NA	NA	NA	NA	NA	NA	NA	NA	NA	NA	NA	NA	NA	NA	NA	NA	NA	NA	NA	NA	NA	NA	NA	NA	NA	NA	NA	NA	NA	NA	NA	NA	NA	NA	NA	NA	NA	NA	NA	NA	NA	NA	NA	NA	NA	NA	NA	NA	NA	NA	NA	NA	NA	NA	NA	NA	NA	NA	NA	NA	NA
cg12774391	0.960588413593997	0.96860082299876	0.930073960107691	0.945800861953069	0.928679998840335	0.936448063208036	0.958539948035035	0.950665324138449	0.94198306657707	0.938076261883101	0.953254952496689	0.939272370841891	0.952278523485493	0.95143917342527	0.955471624258519	0.924744180041967	0.943721310743411	0.944747249118897	0.948950157799913	0.941127809982372	0.95893825515926	0.931803184198068	0.946987447512697	0.943277766610092	0.953760135131118	0.949610250596857	0.949096931761429	0.94836035594669	0.94565136946627	0.941856754750808	0.929855131541907	0.949415317237601	0.926466988359098	0.948141750007973	0.947780015460237	0.953470177375068	0.932500076216604	0.945238737575817	0.944995609482422	0.939879199046857	0.953418990311752	0.952864232741305	0.9564347577111	0.956548805831478	0.958166311447151	0.945054846041918	0.952523947082525	0.941107228769452	0.942738114046975	0.960619764883167	0.944522676858468	0.953516111160846	0.948384296319753	0.935237515031736	0.946623397908088	0.94898555036858	0.953293159613121	0.946529722470151	0.950852311760671	0.933831093399498	0.947547348205666	0.935191841866979	0.948058380499434	0.95565466457864	0.943204747862566	0.952088514052007	0.955971967077862	0.95571244169978	0.959857976298298	0.93970629021038	0.949300299464405	0.951211494742133	0.954629422037653	0.950282196773295	0.937080344441688	0.945152941332282	0.954473037838542	0.949556330224745	0.93154034626491	0.937534009239385
cg12794109	NA	NA	NA	NA	NA	NA	NA	NA	NA	NA	NA	NA	NA	NA	NA	NA	NA	NA	NA	NA	NA	NA	NA	NA	NA	NA	NA	NA	NA	NA	NA	NA	NA	NA	NA	NA	NA	NA	NA	NA	NA	NA	NA	NA	NA	NA	NA	NA	NA	NA	NA	NA	NA	NA	NA	NA	NA	NA	NA	NA	NA	NA	NA	NA	NA	NA	NA	NA	NA	NA	NA	NA	NA	NA	NA	NA	NA	NA	NA	NA
cg12809883	NA	NA	NA	NA	NA	NA	NA	NA	NA	NA	NA	NA	NA	NA	NA	NA	NA	NA	NA	NA	NA	NA	NA	NA	NA	NA	NA	NA	NA	NA	NA	NA	NA	NA	NA	NA	NA	NA	NA	NA	NA	NA	NA	NA	NA	NA	NA	NA	NA	NA	NA	NA	NA	NA	NA	NA	NA	NA	NA	NA	NA	NA	NA	NA	NA	NA	NA	NA	NA	NA	NA	NA	NA	NA	NA	NA	NA	NA	NA	NA
cg12874388	NA	NA	NA	NA	NA	NA	NA	NA	NA	NA	NA	NA	NA	NA	NA	NA	NA	NA	NA	NA	NA	NA	NA	NA	NA	NA	NA	NA	NA	NA	NA	NA	NA	NA	NA	NA	NA	NA	NA	NA	NA	NA	NA	NA	NA	NA	NA	NA	NA	NA	NA	NA	NA	NA	NA	NA	NA	NA	NA	NA	NA	NA	NA	NA	NA	NA	NA	NA	NA	NA	NA	NA	NA	NA	NA	NA	NA	NA	NA	NA
cg12882999	NA	NA	NA	NA	NA	NA	NA	NA	NA	NA	NA	NA	NA	NA	NA	NA	NA	NA	NA	NA	NA	NA	NA	NA	NA	NA	NA	NA	NA	NA	NA	NA	NA	NA	NA	NA	NA	NA	NA	NA	NA	NA	NA	NA	NA	NA	NA	NA	NA	NA	NA	NA	NA	NA	NA	NA	NA	NA	NA	NA	NA	NA	NA	NA	NA	NA	NA	NA	NA	NA	NA	NA	NA	NA	NA	NA	NA	NA	NA	NA
cg12934659	0.920726393825737	0.727292071308117	0.342013125066431	0.284151389388161	0.855177031203887	0.798557639457556	0.559416316009477	0.878997800685442	0.912240795094268	0.459546516158532	0.423391324406125	0.597137525047037	0.596856443439839	0.177977965252521	0.790939535694742	0.408557116224505	0.38433136987792	0.201367235410586	0.889790849241252	0.890230267007444	0.650912027026851	0.439554980087007	0.423187520427003	0.613936230954554	0.858345720232006	0.945365234852692	0.589418311692723	0.382866176869163	0.289633802978801	0.917467847802954	0.350571254637123	0.221703857645684	0.883729433213074	0.38898906241967	0.521157974477209	0.888483150989303	0.273000836327166	0.859630095522161	0.355569216892114	0.359221326855166	0.71548280593954	0.816249352100791	0.815324864962733	0.464616345997036	0.362748228970448	0.800312497695519	0.610315540617721	0.909494013093336	0.914280452118521	0.93766757195864	0.533563107706652	0.348066745273473	0.689125281514364	0.491848119818867	0.605251368781119	0.365847176329106	0.410756157203587	0.919171048238771	0.266199492124794	0.470695253179587	0.308191679385142	0.548026376899535	0.907777503448926	0.859951793611167	0.926035824610323	0.597998928134553	0.208697352731428	0.212331886933187	0.269582292240725	0.916303698484453	0.461254970873852	0.841964969546394	0.386758658902643	0.621149255429605	0.387711093059558	0.493219906303443	0.457704429252746	0.56954704622232	0.919834226742495	0.526265427816912
cg12977946	NA	NA	NA	NA	NA	NA	NA	NA	NA	NA	NA	NA	NA	NA	NA	NA	NA	NA	NA	NA	NA	NA	NA	NA	NA	NA	NA	NA	NA	NA	NA	NA	NA	NA	NA	NA	NA	NA	NA	NA	NA	NA	NA	NA	NA	NA	NA	NA	NA	NA	NA	NA	NA	NA	NA	NA	NA	NA	NA	NA	NA	NA	NA	NA	NA	NA	NA	NA	NA	NA	NA	NA	NA	NA	NA	NA	NA	NA	NA	NA
cg12980798	NA	NA	NA	NA	NA	NA	NA	NA	NA	NA	NA	NA	NA	NA	NA	NA	NA	NA	NA	NA	NA	NA	NA	NA	NA	NA	NA	NA	NA	NA	NA	NA	NA	NA	NA	NA	NA	NA	NA	NA	NA	NA	NA	NA	NA	NA	NA	NA	NA	NA	NA	NA	NA	NA	NA	NA	NA	NA	NA	NA	NA	NA	NA	NA	NA	NA	NA	NA	NA	NA	NA	NA	NA	NA	NA	NA	NA	NA	NA	NA
cg12985923	0.96505905775843	0.966721919836239	0.963956097328796	0.958809351022717	0.962342034528312	0.967627250024585	0.96794479349386	0.958259326301093	0.960108818625713	0.964038890976411	0.942943167495999	0.946930019736398	0.956013273917285	0.958196107889387	0.966251048630066	0.939788829006975	0.966771112006299	0.959682497818389	0.956798147654028	0.964723411031439	0.95877211662129	0.948514699127462	0.969259376408348	0.963955580588365	0.96187661629098	0.965808705359458	0.949833881607199	0.965245722974373	0.95682232847459	0.961108965260477	0.952793077610776	0.958947973628959	0.96668822075745	0.956958620167309	0.961627482863009	0.958531913530883	0.954149472723737	0.967512720965258	0.952689855505198	0.961367111475318	0.962660642810077	0.961389706504528	0.968571126189486	0.96683877103682	0.958188713952556	0.964266961817083	0.969100465588378	0.958424424334589	0.963534663584686	0.962461893875711	0.957152670134883	0.964776949448804	0.962437999159004	0.970957950659628	0.964727786549093	0.965931373159653	0.960450878443301	0.958983818843856	0.962139744610395	0.963415548957123	0.959034927502981	0.953374788595481	0.964079273234537	0.965008112493808	0.96466876596407	0.961768049902583	0.964258358781908	0.959422543443277	0.962685557267497	0.963980961775658	0.961445815890569	0.96230590358897	0.955403583000297	0.954441523685314	0.963363342358342	0.97007030873023	0.962783817866435	0.957223063051323	0.952887180423146	0.96921313618753
cg13003329	NA	NA	NA	NA	NA	NA	NA	NA	NA	NA	NA	NA	NA	NA	NA	NA	NA	NA	NA	NA	NA	NA	NA	NA	NA	NA	NA	NA	NA	NA	NA	NA	NA	NA	NA	NA	NA	NA	NA	NA	NA	NA	NA	NA	NA	NA	NA	NA	NA	NA	NA	NA	NA	NA	NA	NA	NA	NA	NA	NA	NA	NA	NA	NA	NA	NA	NA	NA	NA	NA	NA	NA	NA	NA	NA	NA	NA	NA	NA	NA
cg13018639	0.952797415355263	0.9584898579863	0.931164777494313	0.93182872493385	0.927393192653309	0.921260815703636	0.935400625811783	0.925935655606681	0.915546433296677	0.925003496921314	0.928525152641118	0.930110900567505	0.929459934482686	0.926892472831125	0.939051976206163	0.9337625683309	0.927279978520787	0.929245016788817	0.914335531915559	0.932693702749079	0.927322798916949	0.938110413739817	0.924743166445735	0.908959909038841	0.928182119434297	0.927535022278121	0.901736692099402	0.929909266354423	0.942888210419425	0.932915651467867	0.911477343263099	0.930344204192634	0.903493201029495	0.941496224874645	0.931125061235774	0.942146614490404	0.921431259211076	0.931646683412185	0.930920859647083	0.923314247394841	0.939513687788191	0.924945405169731	0.944414405260343	0.946002109366385	0.940960958467263	0.908864279133549	0.931805483402005	0.930595409709991	0.929644389341454	0.948453294127222	0.933493469213632	0.93886674540777	0.946141893907863	0.930586785227585	0.943157955230088	0.933663536019513	0.949427807789198	0.941863609416723	0.925418199818139	0.937982293777668	0.93234346761352	0.921127400800822	0.941216869444306	0.930658039431646	0.94171371863959	0.947546856390592	0.93760085530691	0.948199219215283	0.94266704414065	0.934613927800999	0.928716242156976	0.959285161696871	0.9276320706083	0.934023223939056	0.93784609599093	0.924965104636956	0.941266663346239	0.9343645168264	0.922663196789413	0.937966274631055
cg13022905	NA	NA	NA	NA	NA	NA	NA	NA	NA	NA	NA	NA	NA	NA	NA	NA	NA	NA	NA	NA	NA	NA	NA	NA	NA	NA	NA	NA	NA	NA	NA	NA	NA	NA	NA	NA	NA	NA	NA	NA	NA	NA	NA	NA	NA	NA	NA	NA	NA	NA	NA	NA	NA	NA	NA	NA	NA	NA	NA	NA	NA	NA	NA	NA	NA	NA	NA	NA	NA	NA	NA	NA	NA	NA	NA	NA	NA	NA	NA	NA
cg13060607	NA	NA	NA	NA	NA	NA	NA	NA	NA	NA	NA	NA	NA	NA	NA	NA	NA	NA	NA	NA	NA	NA	NA	NA	NA	NA	NA	NA	NA	NA	NA	NA	NA	NA	NA	NA	NA	NA	NA	NA	NA	NA	NA	NA	NA	NA	NA	NA	NA	NA	NA	NA	NA	NA	NA	NA	NA	NA	NA	NA	NA	NA	NA	NA	NA	NA	NA	NA	NA	NA	NA	NA	NA	NA	NA	NA	NA	NA	NA	NA
cg13082604	NA	NA	NA	NA	NA	NA	NA	NA	NA	NA	NA	NA	NA	NA	NA	NA	NA	NA	NA	NA	NA	NA	NA	NA	NA	NA	NA	NA	NA	NA	NA	NA	NA	NA	NA	NA	NA	NA	NA	NA	NA	NA	NA	NA	NA	NA	NA	NA	NA	NA	NA	NA	NA	NA	NA	NA	NA	NA	NA	NA	NA	NA	NA	NA	NA	NA	NA	NA	NA	NA	NA	NA	NA	NA	NA	NA	NA	NA	NA	NA
cg13105167	NA	NA	NA	NA	NA	NA	NA	NA	NA	NA	NA	NA	NA	NA	NA	NA	NA	NA	NA	NA	NA	NA	NA	NA	NA	NA	NA	NA	NA	NA	NA	NA	NA	NA	NA	NA	NA	NA	NA	NA	NA	NA	NA	NA	NA	NA	NA	NA	NA	NA	NA	NA	NA	NA	NA	NA	NA	NA	NA	NA	NA	NA	NA	NA	NA	NA	NA	NA	NA	NA	NA	NA	NA	NA	NA	NA	NA	NA	NA	NA
cg13155421	0.961505954499014	0.965856956938791	0.967019815897797	0.965125994161852	0.967086029166016	0.957188152897361	0.955040916181394	0.966564580091335	0.958542342918159	0.965367664273109	0.893458420556471	0.732153190000024	0.943608180146656	0.926522243635183	0.955439860461169	0.914526949285634	0.946984992152449	0.955916088598569	0.948983455746464	0.958127537913202	0.960705132226368	0.959303555162242	0.883251657184674	0.958223548472598	0.960391480722993	0.953318832730801	0.865450165220174	0.944600458284933	0.96757364543131	0.964635723560436	0.919082895779204	0.87249083352101	0.876660991604078	0.961917839762949	0.797572218540947	0.935368556031413	0.960348368048789	0.285678325654098	0.940645072104136	0.967021203508509	0.903470302907708	0.944799544862318	0.940870208544734	0.942624112509209	0.954474996299155	0.913307169832967	0.965126955245432	0.956154000662929	0.942416071516515	0.893931311599456	0.94296923222765	0.961628708311617	0.945188690471926	0.932879957700003	0.956076096389323	0.872928296489425	0.912823092987435	0.958574907081735	0.96223716899675	0.967714674535101	0.9683424656886	0.7563030012659	0.939653488713652	0.933739280289413	0.966252298180322	0.889592762876296	0.819126582022028	0.963506961873764	0.959422786604145	0.966909236932246	0.9566361046925	0.954652570664876	0.724983977057652	0.932944334646727	0.958046480095884	0.917476529445671	0.963439592731626	0.893714632571562	0.97229857609219	0.944538859044794
cg13202514	NA	NA	NA	NA	NA	NA	NA	NA	NA	NA	NA	NA	NA	NA	NA	NA	NA	NA	NA	NA	NA	NA	NA	NA	NA	NA	NA	NA	NA	NA	NA	NA	NA	NA	NA	NA	NA	NA	NA	NA	NA	NA	NA	NA	NA	NA	NA	NA	NA	NA	NA	NA	NA	NA	NA	NA	NA	NA	NA	NA	NA	NA	NA	NA	NA	NA	NA	NA	NA	NA	NA	NA	NA	NA	NA	NA	NA	NA	NA	NA
cg13225272	NA	NA	NA	NA	NA	NA	NA	NA	NA	NA	NA	NA	NA	NA	NA	NA	NA	NA	NA	NA	NA	NA	NA	NA	NA	NA	NA	NA	NA	NA	NA	NA	NA	NA	NA	NA	NA	NA	NA	NA	NA	NA	NA	NA	NA	NA	NA	NA	NA	NA	NA	NA	NA	NA	NA	NA	NA	NA	NA	NA	NA	NA	NA	NA	NA	NA	NA	NA	NA	NA	NA	NA	NA	NA	NA	NA	NA	NA	NA	NA
cg13227480	NA	NA	NA	NA	NA	NA	NA	NA	NA	NA	NA	NA	NA	NA	NA	NA	NA	NA	NA	NA	NA	NA	NA	NA	NA	NA	NA	NA	NA	NA	NA	NA	NA	NA	NA	NA	NA	NA	NA	NA	NA	NA	NA	NA	NA	NA	NA	NA	NA	NA	NA	NA	NA	NA	NA	NA	NA	NA	NA	NA	NA	NA	NA	NA	NA	NA	NA	NA	NA	NA	NA	NA	NA	NA	NA	NA	NA	NA	NA	NA
cg13234587	0.951545493993861	0.954136794823227	0.944094998468905	0.946821682627985	0.956349540290644	0.961504132522789	0.9388797058494	0.764411868542812	0.928354805637353	0.934871159153615	0.278331987503751	0.910598004426518	0.950317800409775	0.66550509701821	0.935277375547299	0.85820546287514	0.943326703775798	0.948118566985036	0.945777989908413	0.9533018565737	0.945639985133309	0.956934779805207	0.898302654308524	0.956970542169965	0.953272885516189	0.953858026462829	0.935036026969891	0.914534294872242	0.643148045674971	0.955372432120864	0.960331760963837	0.6315255326637	0.951512900234	0.949802021697791	0.929381571723437	0.954819042359027	0.525018192234771	0.936116546444819	0.952152615149751	0.910631101795067	0.417512610025569	0.943760292035521	0.482585750662772	0.942096991015121	0.57136874770388	0.948925434263023	0.906452800255844	0.957336233857794	0.287512769262835	0.956258866888424	0.961108542128914	0.926985039291422	0.943068013998005	0.947028401503178	0.935323193770348	0.954166893282726	0.957635348088784	0.953332695613506	0.95443015052827	0.946868372407598	0.712176189104998	0.928717362429714	0.953999263878614	0.954637075166397	0.68549366252805	0.913226544799695	0.951524110128206	0.711787558728129	0.953517546559723	0.879545784817381	0.962234580136018	0.960690229166805	0.740283337339097	0.929121458018712	0.9477321363174	0.937432186135844	0.966815707657581	0.904202313460394	0.963155319033724	0.543678831101519
cg13244886	NA	NA	NA	NA	NA	NA	NA	NA	NA	NA	NA	NA	NA	NA	NA	NA	NA	NA	NA	NA	NA	NA	NA	NA	NA	NA	NA	NA	NA	NA	NA	NA	NA	NA	NA	NA	NA	NA	NA	NA	NA	NA	NA	NA	NA	NA	NA	NA	NA	NA	NA	NA	NA	NA	NA	NA	NA	NA	NA	NA	NA	NA	NA	NA	NA	NA	NA	NA	NA	NA	NA	NA	NA	NA	NA	NA	NA	NA	NA	NA
cg13247922	NA	NA	NA	NA	NA	NA	NA	NA	NA	NA	NA	NA	NA	NA	NA	NA	NA	NA	NA	NA	NA	NA	NA	NA	NA	NA	NA	NA	NA	NA	NA	NA	NA	NA	NA	NA	NA	NA	NA	NA	NA	NA	NA	NA	NA	NA	NA	NA	NA	NA	NA	NA	NA	NA	NA	NA	NA	NA	NA	NA	NA	NA	NA	NA	NA	NA	NA	NA	NA	NA	NA	NA	NA	NA	NA	NA	NA	NA	NA	NA
cg13278241	NA	NA	NA	NA	NA	NA	NA	NA	NA	NA	NA	NA	NA	NA	NA	NA	NA	NA	NA	NA	NA	NA	NA	NA	NA	NA	NA	NA	NA	NA	NA	NA	NA	NA	NA	NA	NA	NA	NA	NA	NA	NA	NA	NA	NA	NA	NA	NA	NA	NA	NA	NA	NA	NA	NA	NA	NA	NA	NA	NA	NA	NA	NA	NA	NA	NA	NA	NA	NA	NA	NA	NA	NA	NA	NA	NA	NA	NA	NA	NA
cg13324357	NA	NA	NA	NA	NA	NA	NA	NA	NA	NA	NA	NA	NA	NA	NA	NA	NA	NA	NA	NA	NA	NA	NA	NA	NA	NA	NA	NA	NA	NA	NA	NA	NA	NA	NA	NA	NA	NA	NA	NA	NA	NA	NA	NA	NA	NA	NA	NA	NA	NA	NA	NA	NA	NA	NA	NA	NA	NA	NA	NA	NA	NA	NA	NA	NA	NA	NA	NA	NA	NA	NA	NA	NA	NA	NA	NA	NA	NA	NA	NA
cg13342370	NA	NA	NA	NA	NA	NA	NA	NA	NA	NA	NA	NA	NA	NA	NA	NA	NA	NA	NA	NA	NA	NA	NA	NA	NA	NA	NA	NA	NA	NA	NA	NA	NA	NA	NA	NA	NA	NA	NA	NA	NA	NA	NA	NA	NA	NA	NA	NA	NA	NA	NA	NA	NA	NA	NA	NA	NA	NA	NA	NA	NA	NA	NA	NA	NA	NA	NA	NA	NA	NA	NA	NA	NA	NA	NA	NA	NA	NA	NA	NA
cg13375629	0.897905255778976	0.91691827823383	0.897017916793828	0.899193528781261	0.904111881515771	0.916537553643269	0.782391246235324	0.914288542530185	0.909802966911317	0.906937946803886	0.839807626251271	0.823339881883623	0.872013682442809	0.888104203536374	0.885648926044901	0.792175036367083	0.907765062209609	0.890877569121555	0.794116852830351	0.899487021972083	0.904059613881121	0.902567515924683	0.87648356844455	0.913603263046471	0.883357191043917	0.926969000422049	0.787978849776942	0.882020380927578	0.907795671444138	0.846406037319823	0.883882870958282	0.690513830353712	0.871233252485185	0.881225199857419	0.856756539503879	0.910751065827642	0.91250778199374	0.54959188158367	0.901971377388331	0.904599217307498	0.798048551067907	0.839245579741567	0.881014936660851	0.888218824686541	0.875181085756294	0.846145730666874	0.871183612599061	0.745116972241026	0.908298123236558	0.900220068853832	0.878184574355801	0.867382365330213	0.908799807272599	0.86654152625686	0.88898017896775	0.93737256006597	0.895177687369952	0.907401081905079	0.663258962040038	0.929028672645595	0.930523817098269	0.872414850824724	0.892146982647218	0.895402666310726	0.909003995674852	0.865797801649817	0.882257073904148	0.883149920293394	0.899822041777767	0.899530524702092	0.896706392277652	0.856091531733218	0.840798130723659	0.874221128011844	0.886313259499126	0.821744702502314	0.885312587386629	0.799799286115069	0.881025805800157	0.929423768194891
cg13386084	NA	NA	NA	NA	NA	NA	NA	NA	NA	NA	NA	NA	NA	NA	NA	NA	NA	NA	NA	NA	NA	NA	NA	NA	NA	NA	NA	NA	NA	NA	NA	NA	NA	NA	NA	NA	NA	NA	NA	NA	NA	NA	NA	NA	NA	NA	NA	NA	NA	NA	NA	NA	NA	NA	NA	NA	NA	NA	NA	NA	NA	NA	NA	NA	NA	NA	NA	NA	NA	NA	NA	NA	NA	NA	NA	NA	NA	NA	NA	NA
cg13391607	NA	NA	NA	NA	NA	NA	NA	NA	NA	NA	NA	NA	NA	NA	NA	NA	NA	NA	NA	NA	NA	NA	NA	NA	NA	NA	NA	NA	NA	NA	NA	NA	NA	NA	NA	NA	NA	NA	NA	NA	NA	NA	NA	NA	NA	NA	NA	NA	NA	NA	NA	NA	NA	NA	NA	NA	NA	NA	NA	NA	NA	NA	NA	NA	NA	NA	NA	NA	NA	NA	NA	NA	NA	NA	NA	NA	NA	NA	NA	NA
cg13412213	0.890227203905625	0.895354891407091	0.562338779173095	0.360626424676002	0.608345471455403	0.473033203222056	0.904348486394058	0.588003144795115	0.904919294565248	0.90696730101946	0.715364043277112	0.746949147127499	0.882118108152073	0.611376949496525	0.264605265226041	0.824646644671428	0.519356468004443	0.640356731940742	0.482927865426035	0.265223853188782	0.550655628784241	0.898905504540327	0.555743587725816	0.667528362613534	0.410377013080609	0.528785890174005	0.732804851593214	0.826904857348112	0.885483509893152	0.844556676107915	0.648402918426863	0.530255529060182	0.817903511077693	0.691366337392699	0.597589827289165	0.281064786958217	0.567424678686453	0.597445994822009	0.894783190608163	0.903583843322957	0.84953132360172	0.844165909403947	0.682270052023649	0.634388802487622	0.905573545012845	0.850678021002979	0.863173800851279	0.920262732242194	0.863886075201934	0.336011682585989	0.649812530759475	0.557383931072934	0.524819839733259	0.826674576122445	0.545103411135802	0.371316091992055	0.811301223774639	0.90144185014554	0.861702291830448	0.767875059441364	0.631032854020516	0.286829891928361	0.552204336644349	0.235626333487642	0.555144263345855	0.839450470121174	0.577925093860069	0.487660259397887	0.482629199502881	0.854933138085795	0.624741864597953	0.625297481048401	0.845137792201923	0.859312352514332	0.893164440537369	0.88201857687212	0.921623778843624	0.719093235472661	0.534330900517925	0.526562541646169
cg13415320	NA	NA	NA	NA	NA	NA	NA	NA	NA	NA	NA	NA	NA	NA	NA	NA	NA	NA	NA	NA	NA	NA	NA	NA	NA	NA	NA	NA	NA	NA	NA	NA	NA	NA	NA	NA	NA	NA	NA	NA	NA	NA	NA	NA	NA	NA	NA	NA	NA	NA	NA	NA	NA	NA	NA	NA	NA	NA	NA	NA	NA	NA	NA	NA	NA	NA	NA	NA	NA	NA	NA	NA	NA	NA	NA	NA	NA	NA	NA	NA
cg13436725	NA	NA	NA	NA	NA	NA	NA	NA	NA	NA	NA	NA	NA	NA	NA	NA	NA	NA	NA	NA	NA	NA	NA	NA	NA	NA	NA	NA	NA	NA	NA	NA	NA	NA	NA	NA	NA	NA	NA	NA	NA	NA	NA	NA	NA	NA	NA	NA	NA	NA	NA	NA	NA	NA	NA	NA	NA	NA	NA	NA	NA	NA	NA	NA	NA	NA	NA	NA	NA	NA	NA	NA	NA	NA	NA	NA	NA	NA	NA	NA
cg13442045	NA	NA	NA	NA	NA	NA	NA	NA	NA	NA	NA	NA	NA	NA	NA	NA	NA	NA	NA	NA	NA	NA	NA	NA	NA	NA	NA	NA	NA	NA	NA	NA	NA	NA	NA	NA	NA	NA	NA	NA	NA	NA	NA	NA	NA	NA	NA	NA	NA	NA	NA	NA	NA	NA	NA	NA	NA	NA	NA	NA	NA	NA	NA	NA	NA	NA	NA	NA	NA	NA	NA	NA	NA	NA	NA	NA	NA	NA	NA	NA
cg13475915	NA	NA	NA	NA	NA	NA	NA	NA	NA	NA	NA	NA	NA	NA	NA	NA	NA	NA	NA	NA	NA	NA	NA	NA	NA	NA	NA	NA	NA	NA	NA	NA	NA	NA	NA	NA	NA	NA	NA	NA	NA	NA	NA	NA	NA	NA	NA	NA	NA	NA	NA	NA	NA	NA	NA	NA	NA	NA	NA	NA	NA	NA	NA	NA	NA	NA	NA	NA	NA	NA	NA	NA	NA	NA	NA	NA	NA	NA	NA	NA
cg13487422	NA	NA	NA	NA	NA	NA	NA	NA	NA	NA	NA	NA	NA	NA	NA	NA	NA	NA	NA	NA	NA	NA	NA	NA	NA	NA	NA	NA	NA	NA	NA	NA	NA	NA	NA	NA	NA	NA	NA	NA	NA	NA	NA	NA	NA	NA	NA	NA	NA	NA	NA	NA	NA	NA	NA	NA	NA	NA	NA	NA	NA	NA	NA	NA	NA	NA	NA	NA	NA	NA	NA	NA	NA	NA	NA	NA	NA	NA	NA	NA
cg13498940	NA	NA	NA	NA	NA	NA	NA	NA	NA	NA	NA	NA	NA	NA	NA	NA	NA	NA	NA	NA	NA	NA	NA	NA	NA	NA	NA	NA	NA	NA	NA	NA	NA	NA	NA	NA	NA	NA	NA	NA	NA	NA	NA	NA	NA	NA	NA	NA	NA	NA	NA	NA	NA	NA	NA	NA	NA	NA	NA	NA	NA	NA	NA	NA	NA	NA	NA	NA	NA	NA	NA	NA	NA	NA	NA	NA	NA	NA	NA	NA
cg13534903	NA	NA	NA	NA	NA	NA	NA	NA	NA	NA	NA	NA	NA	NA	NA	NA	NA	NA	NA	NA	NA	NA	NA	NA	NA	NA	NA	NA	NA	NA	NA	NA	NA	NA	NA	NA	NA	NA	NA	NA	NA	NA	NA	NA	NA	NA	NA	NA	NA	NA	NA	NA	NA	NA	NA	NA	NA	NA	NA	NA	NA	NA	NA	NA	NA	NA	NA	NA	NA	NA	NA	NA	NA	NA	NA	NA	NA	NA	NA	NA
cg13542042	NA	NA	NA	NA	NA	NA	NA	NA	NA	NA	NA	NA	NA	NA	NA	NA	NA	NA	NA	NA	NA	NA	NA	NA	NA	NA	NA	NA	NA	NA	NA	NA	NA	NA	NA	NA	NA	NA	NA	NA	NA	NA	NA	NA	NA	NA	NA	NA	NA	NA	NA	NA	NA	NA	NA	NA	NA	NA	NA	NA	NA	NA	NA	NA	NA	NA	NA	NA	NA	NA	NA	NA	NA	NA	NA	NA	NA	NA	NA	NA
cg13574050	NA	NA	NA	NA	NA	NA	NA	NA	NA	NA	NA	NA	NA	NA	NA	NA	NA	NA	NA	NA	NA	NA	NA	NA	NA	NA	NA	NA	NA	NA	NA	NA	NA	NA	NA	NA	NA	NA	NA	NA	NA	NA	NA	NA	NA	NA	NA	NA	NA	NA	NA	NA	NA	NA	NA	NA	NA	NA	NA	NA	NA	NA	NA	NA	NA	NA	NA	NA	NA	NA	NA	NA	NA	NA	NA	NA	NA	NA	NA	NA
cg13579926	NA	NA	NA	NA	NA	NA	NA	NA	NA	NA	NA	NA	NA	NA	NA	NA	NA	NA	NA	NA	NA	NA	NA	NA	NA	NA	NA	NA	NA	NA	NA	NA	NA	NA	NA	NA	NA	NA	NA	NA	NA	NA	NA	NA	NA	NA	NA	NA	NA	NA	NA	NA	NA	NA	NA	NA	NA	NA	NA	NA	NA	NA	NA	NA	NA	NA	NA	NA	NA	NA	NA	NA	NA	NA	NA	NA	NA	NA	NA	NA
cg13583523	0.492795309896268	0.953538389765881	0.564225285610284	0.705307684153573	0.543871728390172	0.524830917321486	0.923076874503507	0.117442973458336	0.734346661753951	0.935497745105747	0.142760962778252	0.393518579303614	0.632491875362804	0.408158535018725	0.512518873100454	0.747989309813698	0.0914214719045428	0.438691452151756	0.804381872736715	0.507068104908433	0.0729617052419507	0.484017722855634	0.390761600548047	0.93891182605274	0.846768666876504	0.866790314163742	0.489735049612035	0.24034422129633	0.249394159130551	0.920685211332439	0.838325993872232	0.0937330620341383	0.613977347481112	0.944047678204481	0.496969365967818	0.553364347812768	0.0769933822821489	0.684270668967462	0.211003612625712	0.411125974433322	0.126631897275434	0.502222082194724	0.40046893941992	0.413246946942794	0.616333215932822	0.195904283398447	0.0790217999726504	0.963574712144221	0.851390906115772	0.578368636791994	0.737390348663749	0.449062321242722	0.938762277234733	0.94906513503951	0.852450228409382	0.926403670476758	0.947886648595065	0.641630644674385	0.91010246926997	0.714737335170457	0.675087213269684	0.195297063235463	0.483529991045323	0.205277600929721	0.70446246071729	0.491594809404509	0.308540031244987	0.319514948280326	0.677499153996296	0.626836781545882	0.674433218562698	0.0792553096604841	0.149149908867091	0.894212987300118	0.720885872001188	0.472442995465088	0.455881674254252	0.565021401590929	0.944242011194414	0.443823691613194
cg13594837	NA	NA	NA	NA	NA	NA	NA	NA	NA	NA	NA	NA	NA	NA	NA	NA	NA	NA	NA	NA	NA	NA	NA	NA	NA	NA	NA	NA	NA	NA	NA	NA	NA	NA	NA	NA	NA	NA	NA	NA	NA	NA	NA	NA	NA	NA	NA	NA	NA	NA	NA	NA	NA	NA	NA	NA	NA	NA	NA	NA	NA	NA	NA	NA	NA	NA	NA	NA	NA	NA	NA	NA	NA	NA	NA	NA	NA	NA	NA	NA
cg13597865	NA	NA	NA	NA	NA	NA	NA	NA	NA	NA	NA	NA	NA	NA	NA	NA	NA	NA	NA	NA	NA	NA	NA	NA	NA	NA	NA	NA	NA	NA	NA	NA	NA	NA	NA	NA	NA	NA	NA	NA	NA	NA	NA	NA	NA	NA	NA	NA	NA	NA	NA	NA	NA	NA	NA	NA	NA	NA	NA	NA	NA	NA	NA	NA	NA	NA	NA	NA	NA	NA	NA	NA	NA	NA	NA	NA	NA	NA	NA	NA
cg13599051	NA	NA	NA	NA	NA	NA	NA	NA	NA	NA	NA	NA	NA	NA	NA	NA	NA	NA	NA	NA	NA	NA	NA	NA	NA	NA	NA	NA	NA	NA	NA	NA	NA	NA	NA	NA	NA	NA	NA	NA	NA	NA	NA	NA	NA	NA	NA	NA	NA	NA	NA	NA	NA	NA	NA	NA	NA	NA	NA	NA	NA	NA	NA	NA	NA	NA	NA	NA	NA	NA	NA	NA	NA	NA	NA	NA	NA	NA	NA	NA
cg13614060	0.905152568595689	0.906292199264	0.871068704379845	0.880208303090814	0.90092414369012	0.938854599914574	0.909232183811645	0.896831579131778	0.906999673597964	0.919536881101193	0.839210848883539	0.888055542554085	0.909598107554786	0.920518353208802	0.93460657471643	0.603024031319445	0.946127408339892	0.925573118104588	0.925664641857162	0.939315672194792	0.873757808278686	0.891046752264146	0.892668630668539	0.908258988066652	0.949420162313123	0.93782319229149	0.771459082200815	0.917944889392175	0.916464108211456	0.92079319690797	0.914429652078867	0.895630074211026	0.857988637561668	0.89900484828986	0.875168179667908	0.929513623738831	0.888228237883029	0.919249107101412	0.905304135609214	0.926672751298264	0.898260389808321	0.82053451880702	0.814142838647229	0.912215543439373	0.878614309883938	0.851017549558741	0.894823587572121	0.96198837597978	0.943306024437114	0.894920091732012	0.91845381187177	0.91579175816716	0.888207824106426	0.860000038896132	0.919366204696314	0.89673200085122	0.886059523241026	0.876219629980915	0.92424008744479	0.906010631055104	0.859409061582703	0.880067361119544	0.929602201286204	0.926168379273649	0.903743849500404	0.893692658168395	0.945461484200602	0.899249272083011	0.941524541934753	0.912354594834543	0.897053781055833	0.914399496866036	0.871910752481072	0.886314988583198	0.917371254812998	0.866892618868603	0.943569269520193	0.858838616786682	0.907345854968509	0.862813122774388
cg13625213	0.975058428631306	0.975462412769575	0.94571144406767	0.959180163582523	0.955080521206006	0.963036122307769	0.969548243958572	0.958981926052644	0.972322566937252	0.966168864838685	0.948031618298356	0.951734712556582	0.975595979793283	0.969577696674356	0.96855057466157	0.957558729289658	0.966095145835895	0.969936742563487	0.961648456425488	0.958609261599223	0.960350312998616	0.962983128306012	0.963440103380445	0.96666831811551	0.957390541758196	0.961418990041513	0.959696540377813	0.970029942531642	0.978272664929508	0.964666824182607	0.965307881233183	0.96089511934921	0.966933958403349	0.958233900326262	0.958293913506211	0.967957768367087	0.97042317881123	0.95653300190469	0.964543095248112	0.969415309819976	0.927608213670409	0.964089388540798	0.969332961388621	0.96227306071452	0.970498283368507	0.971542647243881	0.968632619994875	0.965087073979969	0.965062895703624	0.970971151835069	0.968997969341692	0.969184297116184	0.970464635318988	0.96586915107447	0.96738921898299	0.96140861082102	0.97109260596863	0.970837840620687	0.961580855140315	0.964944149651432	0.962116609974083	0.963042087419584	0.970550001479549	0.968788962611142	0.961799236888634	0.975299406880646	0.96819159348998	0.966010118022337	0.969033960877194	0.961681684211975	0.95980659877074	0.972068622589725	0.917762432842085	0.968908760821259	0.954442717684524	0.948560728189134	0.968160438409655	0.962308347086305	0.967493414418176	0.971793509825566
cg13642800	NA	NA	NA	NA	NA	NA	NA	NA	NA	NA	NA	NA	NA	NA	NA	NA	NA	NA	NA	NA	NA	NA	NA	NA	NA	NA	NA	NA	NA	NA	NA	NA	NA	NA	NA	NA	NA	NA	NA	NA	NA	NA	NA	NA	NA	NA	NA	NA	NA	NA	NA	NA	NA	NA	NA	NA	NA	NA	NA	NA	NA	NA	NA	NA	NA	NA	NA	NA	NA	NA	NA	NA	NA	NA	NA	NA	NA	NA	NA	NA
cg13644646	NA	NA	NA	NA	NA	NA	NA	NA	NA	NA	NA	NA	NA	NA	NA	NA	NA	NA	NA	NA	NA	NA	NA	NA	NA	NA	NA	NA	NA	NA	NA	NA	NA	NA	NA	NA	NA	NA	NA	NA	NA	NA	NA	NA	NA	NA	NA	NA	NA	NA	NA	NA	NA	NA	NA	NA	NA	NA	NA	NA	NA	NA	NA	NA	NA	NA	NA	NA	NA	NA	NA	NA	NA	NA	NA	NA	NA	NA	NA	NA
cg13662724	NA	NA	NA	NA	NA	NA	NA	NA	NA	NA	NA	NA	NA	NA	NA	NA	NA	NA	NA	NA	NA	NA	NA	NA	NA	NA	NA	NA	NA	NA	NA	NA	NA	NA	NA	NA	NA	NA	NA	NA	NA	NA	NA	NA	NA	NA	NA	NA	NA	NA	NA	NA	NA	NA	NA	NA	NA	NA	NA	NA	NA	NA	NA	NA	NA	NA	NA	NA	NA	NA	NA	NA	NA	NA	NA	NA	NA	NA	NA	NA
cg13714241	NA	NA	NA	NA	NA	NA	NA	NA	NA	NA	NA	NA	NA	NA	NA	NA	NA	NA	NA	NA	NA	NA	NA	NA	NA	NA	NA	NA	NA	NA	NA	NA	NA	NA	NA	NA	NA	NA	NA	NA	NA	NA	NA	NA	NA	NA	NA	NA	NA	NA	NA	NA	NA	NA	NA	NA	NA	NA	NA	NA	NA	NA	NA	NA	NA	NA	NA	NA	NA	NA	NA	NA	NA	NA	NA	NA	NA	NA	NA	NA
cg13715827	NA	NA	NA	NA	NA	NA	NA	NA	NA	NA	NA	NA	NA	NA	NA	NA	NA	NA	NA	NA	NA	NA	NA	NA	NA	NA	NA	NA	NA	NA	NA	NA	NA	NA	NA	NA	NA	NA	NA	NA	NA	NA	NA	NA	NA	NA	NA	NA	NA	NA	NA	NA	NA	NA	NA	NA	NA	NA	NA	NA	NA	NA	NA	NA	NA	NA	NA	NA	NA	NA	NA	NA	NA	NA	NA	NA	NA	NA	NA	NA
cg13716167	NA	NA	NA	NA	NA	NA	NA	NA	NA	NA	NA	NA	NA	NA	NA	NA	NA	NA	NA	NA	NA	NA	NA	NA	NA	NA	NA	NA	NA	NA	NA	NA	NA	NA	NA	NA	NA	NA	NA	NA	NA	NA	NA	NA	NA	NA	NA	NA	NA	NA	NA	NA	NA	NA	NA	NA	NA	NA	NA	NA	NA	NA	NA	NA	NA	NA	NA	NA	NA	NA	NA	NA	NA	NA	NA	NA	NA	NA	NA	NA
cg13717555	NA	NA	NA	NA	NA	NA	NA	NA	NA	NA	NA	NA	NA	NA	NA	NA	NA	NA	NA	NA	NA	NA	NA	NA	NA	NA	NA	NA	NA	NA	NA	NA	NA	NA	NA	NA	NA	NA	NA	NA	NA	NA	NA	NA	NA	NA	NA	NA	NA	NA	NA	NA	NA	NA	NA	NA	NA	NA	NA	NA	NA	NA	NA	NA	NA	NA	NA	NA	NA	NA	NA	NA	NA	NA	NA	NA	NA	NA	NA	NA
cg13754621	NA	NA	NA	NA	NA	NA	NA	NA	NA	NA	NA	NA	NA	NA	NA	NA	NA	NA	NA	NA	NA	NA	NA	NA	NA	NA	NA	NA	NA	NA	NA	NA	NA	NA	NA	NA	NA	NA	NA	NA	NA	NA	NA	NA	NA	NA	NA	NA	NA	NA	NA	NA	NA	NA	NA	NA	NA	NA	NA	NA	NA	NA	NA	NA	NA	NA	NA	NA	NA	NA	NA	NA	NA	NA	NA	NA	NA	NA	NA	NA
cg13759931	NA	NA	NA	NA	NA	NA	NA	NA	NA	NA	NA	NA	NA	NA	NA	NA	NA	NA	NA	NA	NA	NA	NA	NA	NA	NA	NA	NA	NA	NA	NA	NA	NA	NA	NA	NA	NA	NA	NA	NA	NA	NA	NA	NA	NA	NA	NA	NA	NA	NA	NA	NA	NA	NA	NA	NA	NA	NA	NA	NA	NA	NA	NA	NA	NA	NA	NA	NA	NA	NA	NA	NA	NA	NA	NA	NA	NA	NA	NA	NA
cg13781938	0.981887681253002	0.983753402911279	0.976281849096746	0.981105369821673	0.979287953616896	0.981772897472326	0.982877047431204	0.983075958267201	0.982647755879087	0.983715685891665	0.970085734558449	0.979600180039029	0.981045945712146	0.980978354502932	0.984237483238962	0.980009217149813	0.982021227492944	0.985428330569095	0.981995793305504	0.978844943565919	0.982597972838883	0.981219795554161	0.981365844035356	0.978333571738245	0.982461901735985	0.982993202497629	0.97420567405397	0.980351950073313	0.981683774508995	0.983305862754029	0.982368293235953	0.981437608869852	0.979431173807022	0.980133927426033	0.982019037722433	0.979217259948716	0.980124963458156	0.983906287099764	0.980939406792035	0.978437061343411	0.915724264802322	0.980466876923998	0.981927295874676	0.980619199376472	0.981741153463379	0.980107620327029	0.980980850916549	0.982999736660158	0.981989481789451	0.982182965943926	0.982612932672354	0.981086774535856	0.981495341356017	0.977947900326784	0.98039292519864	0.981929852878317	0.982523437611792	0.982869886468475	0.978232733103059	0.978463156842613	0.982856956582291	0.97960971357899	0.982831162366138	0.983196634985827	0.981925079298964	0.978387652198573	0.981165230773198	0.983490138820006	0.981756174421096	0.97484685635855	0.983628678099143	0.981747589470149	0.969635295998719	0.982278527346243	0.98233920114136	0.979415397657114	0.982159275082573	0.979262645240116	0.980566408711576	0.981147709199879
cg13848981	NA	NA	NA	NA	NA	NA	NA	NA	NA	NA	NA	NA	NA	NA	NA	NA	NA	NA	NA	NA	NA	NA	NA	NA	NA	NA	NA	NA	NA	NA	NA	NA	NA	NA	NA	NA	NA	NA	NA	NA	NA	NA	NA	NA	NA	NA	NA	NA	NA	NA	NA	NA	NA	NA	NA	NA	NA	NA	NA	NA	NA	NA	NA	NA	NA	NA	NA	NA	NA	NA	NA	NA	NA	NA	NA	NA	NA	NA	NA	NA
cg13873902	NA	NA	NA	NA	NA	NA	NA	NA	NA	NA	NA	NA	NA	NA	NA	NA	NA	NA	NA	NA	NA	NA	NA	NA	NA	NA	NA	NA	NA	NA	NA	NA	NA	NA	NA	NA	NA	NA	NA	NA	NA	NA	NA	NA	NA	NA	NA	NA	NA	NA	NA	NA	NA	NA	NA	NA	NA	NA	NA	NA	NA	NA	NA	NA	NA	NA	NA	NA	NA	NA	NA	NA	NA	NA	NA	NA	NA	NA	NA	NA
cg13876071	NA	NA	NA	NA	NA	NA	NA	NA	NA	NA	NA	NA	NA	NA	NA	NA	NA	NA	NA	NA	NA	NA	NA	NA	NA	NA	NA	NA	NA	NA	NA	NA	NA	NA	NA	NA	NA	NA	NA	NA	NA	NA	NA	NA	NA	NA	NA	NA	NA	NA	NA	NA	NA	NA	NA	NA	NA	NA	NA	NA	NA	NA	NA	NA	NA	NA	NA	NA	NA	NA	NA	NA	NA	NA	NA	NA	NA	NA	NA	NA
cg13877944	NA	NA	NA	NA	NA	NA	NA	NA	NA	NA	NA	NA	NA	NA	NA	NA	NA	NA	NA	NA	NA	NA	NA	NA	NA	NA	NA	NA	NA	NA	NA	NA	NA	NA	NA	NA	NA	NA	NA	NA	NA	NA	NA	NA	NA	NA	NA	NA	NA	NA	NA	NA	NA	NA	NA	NA	NA	NA	NA	NA	NA	NA	NA	NA	NA	NA	NA	NA	NA	NA	NA	NA	NA	NA	NA	NA	NA	NA	NA	NA
cg13882046	NA	NA	NA	NA	NA	NA	NA	NA	NA	NA	NA	NA	NA	NA	NA	NA	NA	NA	NA	NA	NA	NA	NA	NA	NA	NA	NA	NA	NA	NA	NA	NA	NA	NA	NA	NA	NA	NA	NA	NA	NA	NA	NA	NA	NA	NA	NA	NA	NA	NA	NA	NA	NA	NA	NA	NA	NA	NA	NA	NA	NA	NA	NA	NA	NA	NA	NA	NA	NA	NA	NA	NA	NA	NA	NA	NA	NA	NA	NA	NA
cg13947513	NA	NA	NA	NA	NA	NA	NA	NA	NA	NA	NA	NA	NA	NA	NA	NA	NA	NA	NA	NA	NA	NA	NA	NA	NA	NA	NA	NA	NA	NA	NA	NA	NA	NA	NA	NA	NA	NA	NA	NA	NA	NA	NA	NA	NA	NA	NA	NA	NA	NA	NA	NA	NA	NA	NA	NA	NA	NA	NA	NA	NA	NA	NA	NA	NA	NA	NA	NA	NA	NA	NA	NA	NA	NA	NA	NA	NA	NA	NA	NA
cg13979194	NA	NA	NA	NA	NA	NA	NA	NA	NA	NA	NA	NA	NA	NA	NA	NA	NA	NA	NA	NA	NA	NA	NA	NA	NA	NA	NA	NA	NA	NA	NA	NA	NA	NA	NA	NA	NA	NA	NA	NA	NA	NA	NA	NA	NA	NA	NA	NA	NA	NA	NA	NA	NA	NA	NA	NA	NA	NA	NA	NA	NA	NA	NA	NA	NA	NA	NA	NA	NA	NA	NA	NA	NA	NA	NA	NA	NA	NA	NA	NA
cg13980410	0.924661873191332	0.927267249966197	0.905059579840956	0.902466269320275	0.904637537179847	0.920914748083455	0.911295420791555	0.910132298301679	0.871768470504813	0.917135823888974	0.813892372042059	0.853238609341407	0.916028807453723	0.917476395011027	0.952755637285967	0.818264650767173	0.943688554409846	0.929603628348506	0.935333736837077	0.942165532118023	0.91578900665427	0.922760005582877	0.894547404137269	0.93541664745503	0.941110973632281	0.928466481617781	0.765465868549167	0.90074024850732	0.938308739211064	0.913769262919714	0.907898641008081	0.791455174175841	0.850968580234662	0.917283955807239	0.83331503549869	0.924140779663517	0.907154538959344	0.898449094103888	0.449777064271396	0.922824019398008	0.87899333310543	0.852003527046546	0.871650820197709	0.912249713006387	0.862862611272984	0.810880228428581	0.911311661019135	0.916497380703997	0.954993772967982	0.908740574939681	0.733190760840004	0.89777551080719	0.903272409993569	0.929464807317671	0.928337217791535	0.934378149761323	0.92936616418844	0.935230844241666	0.893128172636939	0.945184324459237	0.936038884738168	0.90158886226024	0.943035244565283	0.935043909119031	0.944700724764218	0.918291769021388	0.909636088643996	0.911433742953549	0.940074431348861	0.935900409686575	0.938405519507772	0.915240786307537	0.900847151726114	0.891957639919674	0.925908620565579	0.851740406808373	0.946037408368636	0.877209442542821	0.92739900571424	0.877537526844779
cg13982037	0.946290049490588	0.944869286044288	0.875320864149725	0.940779658892373	0.922710790968068	0.9306888371679	0.72831759244245	0.535598460260259	0.942980092033663	0.914109019274131	NA	0.523613252105547	0.930217841080218	0.891884602819716	0.911805035739683	0.827845991453706	0.929526508888622	0.713804115556196	0.927257579922873	0.926881550341056	0.927837046353591	0.930468404785327	0.847311247968193	0.891460914339153	0.922296890438725	0.946729426823578	0.571493798315299	0.893992830790058	0.85902775025716	0.904582016842802	0.894670216616965	0.0734386824978804	0.913268638591203	0.635985583807859	0.789379338695434	0.93344804732167	0.927408901393271	0.945488628749145	0.92563232733706	0.836211421025835	0.38343254733196	0.922458530911144	0.874119638993215	0.94011796808012	0.651359338002377	0.832887685138704	0.928760169168792	0.918375571117053	0.930307400663329	0.905370770549454	0.91384082306856	0.946411346051341	0.931693553696153	0.914012550607418	0.907096324355753	0.935908485615876	0.947327804444099	0.949199569178153	0.939273314689996	0.945841337915973	0.941716650143149	0.836033265930938	0.686963815224932	0.915549113901178	0.942178997722266	0.879918754319729	0.257495500306298	0.922441286386957	0.274331267226911	0.9485877235174	0.939964417147382	0.935386523900682	NA	0.884637322872456	0.940572802758605	0.889424359010223	0.951366347477944	0.863808538853291	0.94093119565477	0.651596417651422
cg13983495	NA	NA	NA	NA	NA	NA	NA	NA	NA	NA	NA	NA	NA	NA	NA	NA	NA	NA	NA	NA	NA	NA	NA	NA	NA	NA	NA	NA	NA	NA	NA	NA	NA	NA	NA	NA	NA	NA	NA	NA	NA	NA	NA	NA	NA	NA	NA	NA	NA	NA	NA	NA	NA	NA	NA	NA	NA	NA	NA	NA	NA	NA	NA	NA	NA	NA	NA	NA	NA	NA	NA	NA	NA	NA	NA	NA	NA	NA	NA	NA
cg14027704	NA	NA	NA	NA	NA	NA	NA	NA	NA	NA	NA	NA	NA	NA	NA	NA	NA	NA	NA	NA	NA	NA	NA	NA	NA	NA	NA	NA	NA	NA	NA	NA	NA	NA	NA	NA	NA	NA	NA	NA	NA	NA	NA	NA	NA	NA	NA	NA	NA	NA	NA	NA	NA	NA	NA	NA	NA	NA	NA	NA	NA	NA	NA	NA	NA	NA	NA	NA	NA	NA	NA	NA	NA	NA	NA	NA	NA	NA	NA	NA
cg14029959	0.439940423273958	0.2973201066733	0.364539985505677	0.312297674291931	0.483770943269755	0.520693796512278	0.170428265638414	0.250589398605036	0.428009331464078	0.355882303696381	0.255139102054013	0.436419043371694	0.585524943564109	0.426476112086115	0.361493464990181	0.456049596138695	0.238783768508542	0.397374293285283	0.291504222518124	0.591074456771004	0.596889320143184	0.648113866444221	0.583629515857234	0.486580085052927	0.580263690298961	0.332379141472719	0.530744263348469	0.406745301518131	0.491807855813948	0.90135780435513	0.437073554919889	0.109590924664398	0.493006062185735	0.346594043872752	0.553399748463884	0.397751886796285	0.387569578337256	0.401207451993641	0.710134031427111	0.432577107550018	0.513967301031879	0.714863908483014	0.395325813563592	0.519219204813891	0.254097344105629	0.472334315801867	0.23986487022976	0.535987402219463	0.40821194087235	0.505160918538429	0.656968269937305	0.414313642515228	0.683851704988515	0.380617891784841	0.327617023279816	0.497998959801788	0.754558813156846	0.490217946367808	0.294021068487123	0.31520760707671	0.82243842667594	0.355988861087554	0.530987888702984	0.517844030316064	0.427682001216146	0.485480421561537	0.389464148689751	0.288998994126954	0.326605591047193	0.60265380191203	0.316311240398877	0.251507250071413	0.367055915730742	0.365143943327397	0.368217624263033	0.429477957743563	0.798285855850952	0.575036012586497	0.563027363704722	0.443724737513934
cg14033737	NA	NA	NA	NA	NA	NA	NA	NA	NA	NA	NA	NA	NA	NA	NA	NA	NA	NA	NA	NA	NA	NA	NA	NA	NA	NA	NA	NA	NA	NA	NA	NA	NA	NA	NA	NA	NA	NA	NA	NA	NA	NA	NA	NA	NA	NA	NA	NA	NA	NA	NA	NA	NA	NA	NA	NA	NA	NA	NA	NA	NA	NA	NA	NA	NA	NA	NA	NA	NA	NA	NA	NA	NA	NA	NA	NA	NA	NA	NA	NA
cg14041094	0.944889851475681	0.953859976835416	0.938905695530891	0.606725741304153	0.950952831292826	0.947750403793107	0.945415249195043	0.895877049890623	0.953735375087003	0.958804017615738	0.53223084186672	0.800486919624059	0.663959425309997	0.936667211875672	0.933031037536748	0.854414684786283	0.953619617707448	0.953341629920262	0.727525996009439	0.966088341384471	0.727947344536469	0.889852311300602	0.876457403444835	0.963535051617701	0.776821905480657	0.737951015236773	0.881343970938332	0.90520929817909	0.751072744160705	0.938864869330256	0.845395178180249	0.923360771904335	0.915241552071028	0.841706754935464	0.682328545968818	0.943183626393904	0.962586677334786	0.967856510021502	0.667967548810414	0.93950874457513	0.475858106958264	0.954075006208294	0.93483635134102	0.920893074485483	0.934002931444009	0.919302308761305	0.880714888118699	0.95443800234836	0.758903662961731	0.95762366188254	0.941411023702088	0.959333292470154	0.94198317269956	0.956968262855339	0.957690674634068	0.953229370013168	0.847480727833676	0.934972688278108	0.899995651945338	0.925397076353535	0.9381697987452	0.886091233329095	0.688931098038786	0.941974044373469	0.954356980358307	0.935901285029948	0.695708164272096	0.962861033996213	0.947299507607847	0.950602117858044	0.958516998044481	0.749223702200754	0.855912427422382	0.902260722760083	0.580285808584333	0.88873649855936	0.900277006220697	0.684645253121277	0.900833549990237	0.956466235147255
cg14048785	NA	NA	NA	NA	NA	NA	NA	NA	NA	NA	NA	NA	NA	NA	NA	NA	NA	NA	NA	NA	NA	NA	NA	NA	NA	NA	NA	NA	NA	NA	NA	NA	NA	NA	NA	NA	NA	NA	NA	NA	NA	NA	NA	NA	NA	NA	NA	NA	NA	NA	NA	NA	NA	NA	NA	NA	NA	NA	NA	NA	NA	NA	NA	NA	NA	NA	NA	NA	NA	NA	NA	NA	NA	NA	NA	NA	NA	NA	NA	NA
cg14102569	NA	NA	NA	NA	NA	NA	NA	NA	NA	NA	NA	NA	NA	NA	NA	NA	NA	NA	NA	NA	NA	NA	NA	NA	NA	NA	NA	NA	NA	NA	NA	NA	NA	NA	NA	NA	NA	NA	NA	NA	NA	NA	NA	NA	NA	NA	NA	NA	NA	NA	NA	NA	NA	NA	NA	NA	NA	NA	NA	NA	NA	NA	NA	NA	NA	NA	NA	NA	NA	NA	NA	NA	NA	NA	NA	NA	NA	NA	NA	NA
cg14122723	NA	NA	NA	NA	NA	NA	NA	NA	NA	NA	NA	NA	NA	NA	NA	NA	NA	NA	NA	NA	NA	NA	NA	NA	NA	NA	NA	NA	NA	NA	NA	NA	NA	NA	NA	NA	NA	NA	NA	NA	NA	NA	NA	NA	NA	NA	NA	NA	NA	NA	NA	NA	NA	NA	NA	NA	NA	NA	NA	NA	NA	NA	NA	NA	NA	NA	NA	NA	NA	NA	NA	NA	NA	NA	NA	NA	NA	NA	NA	NA
cg14143323	NA	NA	NA	NA	NA	NA	NA	NA	NA	NA	NA	NA	NA	NA	NA	NA	NA	NA	NA	NA	NA	NA	NA	NA	NA	NA	NA	NA	NA	NA	NA	NA	NA	NA	NA	NA	NA	NA	NA	NA	NA	NA	NA	NA	NA	NA	NA	NA	NA	NA	NA	NA	NA	NA	NA	NA	NA	NA	NA	NA	NA	NA	NA	NA	NA	NA	NA	NA	NA	NA	NA	NA	NA	NA	NA	NA	NA	NA	NA	NA
cg14153625	NA	NA	NA	NA	NA	NA	NA	NA	NA	NA	NA	NA	NA	NA	NA	NA	NA	NA	NA	NA	NA	NA	NA	NA	NA	NA	NA	NA	NA	NA	NA	NA	NA	NA	NA	NA	NA	NA	NA	NA	NA	NA	NA	NA	NA	NA	NA	NA	NA	NA	NA	NA	NA	NA	NA	NA	NA	NA	NA	NA	NA	NA	NA	NA	NA	NA	NA	NA	NA	NA	NA	NA	NA	NA	NA	NA	NA	NA	NA	NA
cg14178937	NA	NA	NA	NA	NA	NA	NA	NA	NA	NA	NA	NA	NA	NA	NA	NA	NA	NA	NA	NA	NA	NA	NA	NA	NA	NA	NA	NA	NA	NA	NA	NA	NA	NA	NA	NA	NA	NA	NA	NA	NA	NA	NA	NA	NA	NA	NA	NA	NA	NA	NA	NA	NA	NA	NA	NA	NA	NA	NA	NA	NA	NA	NA	NA	NA	NA	NA	NA	NA	NA	NA	NA	NA	NA	NA	NA	NA	NA	NA	NA
cg14184524	0.93482525830348	0.929173202917995	0.91024111205808	0.913401710770406	0.914473649570291	0.934149969417464	0.931673465268133	0.904055365330715	0.902173230018913	0.922441499494721	0.827049560650187	0.860570065309611	0.876711636487295	0.886172839244676	0.927027500409001	0.7958656087818	0.901886658660338	0.913227768441741	0.923451225571979	0.916899008589024	0.929993747288708	0.945179628877109	0.920756185001629	0.932307721876554	0.91878392582794	0.939248324688059	0.770086419789452	0.911758133519483	0.932336068612571	0.933842272431368	0.862124357512419	0.742284818853778	0.886991920748796	0.924288119342653	0.852618552015765	0.945027591040364	0.938955454900642	0.563565048388133	0.94323056995253	0.904222936578026	0.89085018268639	0.871110687979063	0.782375346455614	0.920816195775416	0.927537294182237	0.846016598681702	0.944258493276074	0.918767415291205	0.931544234513766	0.927607189288114	0.909802219465054	0.945106767185095	0.922764762758471	0.933188556500897	0.949575488401103	0.928808461626426	0.930753907564817	0.932399059413003	0.924940043824392	0.938070093992428	0.907849600274202	0.867422340122406	0.935071476373697	0.937315038077495	0.946665070306724	0.888534564707994	0.931266999185971	0.941674591514759	0.938947374143431	0.948030003619238	0.93785089463233	0.883222208109683	0.88573992446043	0.89729731453992	0.880401962032398	0.881270556636068	0.935211965328062	0.816827652271024	0.896226724860253	0.933973548468055
cg14212012	0.0757725105180488	0.675987137675806	NA	0.112639308782181	NA	NA	0.104928939805653	0.0991689081945598	0.113708873413499	NA	0.156342216145285	NA	NA	NA	0.781491177184714	NA	NA	NA	NA	NA	NA	NA	NA	0.22356321542952	NA	NA	NA	NA	0.0991487576442465	NA	NA	NA	NA	0.314224366235436	0.221117502347806	NA	NA	0.19226271990647	NA	0.215550045957763	0.124964035103591	NA	0.0879920125725923	NA	0.0970830607097807	0.176787515215481	0.124945681960917	NA	NA	0.451531493474837	0.560066249129523	0.126493995432398	0.144657069997154	NA	0.0964165019936627	NA	0.425625883495824	NA	NA	0.505038851851032	0.111574990440408	NA	NA	NA	0.677793773180883	0.196184096516445	NA	0.0814680580915519	NA	NA	0.155855976527261	0.135125798174981	NA	NA	NA	NA	NA	NA	0.191915370959812	0.261223568657723
cg14218089	NA	NA	NA	NA	NA	NA	NA	NA	NA	NA	NA	NA	NA	NA	NA	NA	NA	NA	NA	NA	NA	NA	NA	NA	NA	NA	NA	NA	NA	NA	NA	NA	NA	NA	NA	NA	NA	NA	NA	NA	NA	NA	NA	NA	NA	NA	NA	NA	NA	NA	NA	NA	NA	NA	NA	NA	NA	NA	NA	NA	NA	NA	NA	NA	NA	NA	NA	NA	NA	NA	NA	NA	NA	NA	NA	NA	NA	NA	NA	NA
cg14220427	NA	NA	NA	NA	NA	NA	NA	NA	NA	NA	NA	NA	NA	NA	NA	NA	NA	NA	NA	NA	NA	NA	NA	NA	NA	NA	NA	NA	NA	NA	NA	NA	NA	NA	NA	NA	NA	NA	NA	NA	NA	NA	NA	NA	NA	NA	NA	NA	NA	NA	NA	NA	NA	NA	NA	NA	NA	NA	NA	NA	NA	NA	NA	NA	NA	NA	NA	NA	NA	NA	NA	NA	NA	NA	NA	NA	NA	NA	NA	NA
cg14305657	NA	NA	NA	NA	NA	NA	NA	NA	NA	NA	NA	NA	NA	NA	NA	NA	NA	NA	NA	NA	NA	NA	NA	NA	NA	NA	NA	NA	NA	NA	NA	NA	NA	NA	NA	NA	NA	NA	NA	NA	NA	NA	NA	NA	NA	NA	NA	NA	NA	NA	NA	NA	NA	NA	NA	NA	NA	NA	NA	NA	NA	NA	NA	NA	NA	NA	NA	NA	NA	NA	NA	NA	NA	NA	NA	NA	NA	NA	NA	NA
cg14310179	NA	NA	NA	NA	NA	NA	NA	NA	NA	NA	NA	NA	NA	NA	NA	NA	NA	NA	NA	NA	NA	NA	NA	NA	NA	NA	NA	NA	NA	NA	NA	NA	NA	NA	NA	NA	NA	NA	NA	NA	NA	NA	NA	NA	NA	NA	NA	NA	NA	NA	NA	NA	NA	NA	NA	NA	NA	NA	NA	NA	NA	NA	NA	NA	NA	NA	NA	NA	NA	NA	NA	NA	NA	NA	NA	NA	NA	NA	NA	NA
cg14319700	NA	NA	NA	NA	NA	NA	NA	NA	NA	NA	NA	NA	NA	NA	NA	NA	NA	NA	NA	NA	NA	NA	NA	NA	NA	NA	NA	NA	NA	NA	NA	NA	NA	NA	NA	NA	NA	NA	NA	NA	NA	NA	NA	NA	NA	NA	NA	NA	NA	NA	NA	NA	NA	NA	NA	NA	NA	NA	NA	NA	NA	NA	NA	NA	NA	NA	NA	NA	NA	NA	NA	NA	NA	NA	NA	NA	NA	NA	NA	NA
cg14347328	NA	NA	NA	NA	NA	NA	NA	NA	NA	NA	NA	NA	NA	NA	NA	NA	NA	NA	NA	NA	NA	NA	NA	NA	NA	NA	NA	NA	NA	NA	NA	NA	NA	NA	NA	NA	NA	NA	NA	NA	NA	NA	NA	NA	NA	NA	NA	NA	NA	NA	NA	NA	NA	NA	NA	NA	NA	NA	NA	NA	NA	NA	NA	NA	NA	NA	NA	NA	NA	NA	NA	NA	NA	NA	NA	NA	NA	NA	NA	NA
cg14373718	NA	NA	NA	NA	NA	NA	NA	NA	NA	NA	NA	NA	NA	NA	NA	NA	NA	NA	NA	NA	NA	NA	NA	NA	NA	NA	NA	NA	NA	NA	NA	NA	NA	NA	NA	NA	NA	NA	NA	NA	NA	NA	NA	NA	NA	NA	NA	NA	NA	NA	NA	NA	NA	NA	NA	NA	NA	NA	NA	NA	NA	NA	NA	NA	NA	NA	NA	NA	NA	NA	NA	NA	NA	NA	NA	NA	NA	NA	NA	NA
cg14390884	NA	NA	NA	NA	NA	NA	NA	NA	NA	NA	NA	NA	NA	NA	NA	NA	NA	NA	NA	NA	NA	NA	NA	NA	NA	NA	NA	NA	NA	NA	NA	NA	NA	NA	NA	NA	NA	NA	NA	NA	NA	NA	NA	NA	NA	NA	NA	NA	NA	NA	NA	NA	NA	NA	NA	NA	NA	NA	NA	NA	NA	NA	NA	NA	NA	NA	NA	NA	NA	NA	NA	NA	NA	NA	NA	NA	NA	NA	NA	NA
cg14404146	NA	NA	NA	NA	NA	NA	NA	NA	NA	NA	NA	NA	NA	NA	NA	NA	NA	NA	NA	NA	NA	NA	NA	NA	NA	NA	NA	NA	NA	NA	NA	NA	NA	NA	NA	NA	NA	NA	NA	NA	NA	NA	NA	NA	NA	NA	NA	NA	NA	NA	NA	NA	NA	NA	NA	NA	NA	NA	NA	NA	NA	NA	NA	NA	NA	NA	NA	NA	NA	NA	NA	NA	NA	NA	NA	NA	NA	NA	NA	NA
cg14430410	NA	NA	NA	NA	NA	NA	NA	NA	NA	NA	NA	NA	NA	NA	NA	NA	NA	NA	NA	NA	NA	NA	NA	NA	NA	NA	NA	NA	NA	NA	NA	NA	NA	NA	NA	NA	NA	NA	NA	NA	NA	NA	NA	NA	NA	NA	NA	NA	NA	NA	NA	NA	NA	NA	NA	NA	NA	NA	NA	NA	NA	NA	NA	NA	NA	NA	NA	NA	NA	NA	NA	NA	NA	NA	NA	NA	NA	NA	NA	NA
cg14444297	NA	NA	NA	NA	NA	NA	NA	NA	NA	NA	NA	NA	NA	NA	NA	NA	NA	NA	NA	NA	NA	NA	NA	NA	NA	NA	NA	NA	NA	NA	NA	NA	NA	NA	NA	NA	NA	NA	NA	NA	NA	NA	NA	NA	NA	NA	NA	NA	NA	NA	NA	NA	NA	NA	NA	NA	NA	NA	NA	NA	NA	NA	NA	NA	NA	NA	NA	NA	NA	NA	NA	NA	NA	NA	NA	NA	NA	NA	NA	NA
cg14558728	NA	NA	NA	NA	NA	NA	NA	NA	NA	NA	NA	NA	NA	NA	NA	NA	NA	NA	NA	NA	NA	NA	NA	NA	NA	NA	NA	NA	NA	NA	NA	NA	NA	NA	NA	NA	NA	NA	NA	NA	NA	NA	NA	NA	NA	NA	NA	NA	NA	NA	NA	NA	NA	NA	NA	NA	NA	NA	NA	NA	NA	NA	NA	NA	NA	NA	NA	NA	NA	NA	NA	NA	NA	NA	NA	NA	NA	NA	NA	NA
cg14571682	0.966585236864004	0.954795608380549	0.947592045385241	0.955940149038658	0.952595085141607	0.952588034138898	0.956016698146342	0.957417873641053	0.949917670198336	0.956369562149522	0.953201196985034	0.955424296828857	0.952763487040461	0.958990825860698	0.961528099708137	0.944928914383839	0.955834783560694	0.960420216602213	0.961749960066247	0.94961786271886	0.95935158820283	0.959843838999946	0.96005643610428	0.958180204635825	0.94517199453333	0.961018730234096	0.953470767573287	0.962612567414876	0.960341535940507	0.946482853575682	0.954866700328825	0.950676509453719	0.952677774088778	0.956617008929327	0.954730906656605	0.954821104582417	0.958590619260108	0.951295029971581	0.955346996625403	0.951373319905857	0.941267310128741	0.961505098952051	0.961322640458608	0.958491201977947	0.956512265554028	0.955511419649371	0.95461174763013	0.957589998973826	0.959918650978252	0.960177771160001	0.948186109469775	0.953882944814227	0.953777060666795	0.959312465923219	0.95777226031969	0.956313381339744	0.961887112770748	0.953177670922203	0.95957475642061	0.962876051682255	0.962216573747336	0.951098484446161	0.96415513703534	0.955436011933808	0.954258797071563	0.966791747269782	0.95625832182343	0.96660532527163	0.957447879874902	0.950555666038895	0.960967164510987	0.962314011041914	0.951844820910823	0.941613809448157	0.966598614358149	0.952740808026203	0.961668611839704	0.948295249284691	0.953215567014051	0.953231941032218
cg14595915	NA	NA	NA	NA	NA	NA	NA	NA	NA	NA	NA	NA	NA	NA	NA	NA	NA	NA	NA	NA	NA	NA	NA	NA	NA	NA	NA	NA	NA	NA	NA	NA	NA	NA	NA	NA	NA	NA	NA	NA	NA	NA	NA	NA	NA	NA	NA	NA	NA	NA	NA	NA	NA	NA	NA	NA	NA	NA	NA	NA	NA	NA	NA	NA	NA	NA	NA	NA	NA	NA	NA	NA	NA	NA	NA	NA	NA	NA	NA	NA
cg14607955	0.958649331281431	0.956025446082565	0.968154469023911	0.958830523804803	0.949214254236275	0.94890822484586	0.971210568503384	0.965660340196882	0.958005869144341	0.947884802025715	0.94682136047785	0.966047913588434	0.95601326396287	0.956962468779935	0.966028623999359	0.955453298096658	0.958345189660113	0.961813753293261	0.966691864608478	0.963291686818155	0.951666747497564	0.960883838423698	0.95242043645165	0.942988870109256	0.945645102874916	0.964856649991101	0.950964613890227	0.956465305163283	0.951096538703566	0.935097066678383	0.944100980032763	0.952397996405996	0.944810760637131	0.949260225396871	0.943984162253129	0.960021135131365	0.967527008305651	0.960374174918903	0.95563188996099	0.946636657161105	0.936860542502364	0.957825003562656	0.968711671250424	0.932113699194852	0.955229573108491	0.966270051458434	0.942413756809392	0.960344337363165	0.958262110836964	0.959269530243397	0.961669259975845	0.962559582208412	0.945816595784544	0.967158233721341	0.964967564199101	0.961603391109835	0.95486985378905	0.950031761046898	0.952382977978902	0.958102836905087	0.956283511320752	0.951382677545929	0.961676203906508	0.957034887361433	0.962728799572497	0.960793730664311	0.959602724274392	0.955852455055947	0.960897149227268	0.954685631599099	0.948912425525548	0.95198907046172	0.958476607852732	0.954798341148674	0.944346958148231	0.958480625191202	0.964134530298208	0.951147422578125	0.961541717397243	0.952590083394917
cg14615553	0.957839870454833	0.957061775878458	0.926864854445947	0.946287012265012	0.91613975565518	0.902050332331366	0.933576553910316	0.937079280200414	0.941152655849197	0.926530185904568	0.94270663810118	0.94299565848025	0.929144438331908	0.944438447745635	0.932304149311107	0.937841563986402	0.947894023811948	0.939193511845234	0.934888321637908	0.940264881525582	0.911723265780384	0.940681812292278	0.937390857903637	0.934306398410102	0.946453856690367	0.944290521415667	0.932639839638608	0.926713946625057	0.941188914293327	0.94597008559231	0.924260737043673	0.921359899281771	0.918143364863738	0.931711898922602	0.935700450970119	0.948617501753583	0.911260729540651	0.926852206341063	0.94241456622107	0.940478502442982	0.93793759787112	0.937342386424945	0.935709735250062	0.938162613135584	0.940452910477034	0.919947376118735	0.939169807896854	0.935420259009071	0.934550748816345	0.954759270597375	0.932874746972682	0.95219467582109	0.944487457250594	0.935438227875311	0.946706170684398	0.947385705130592	0.950115685700347	0.936089394354066	0.923942475521912	0.921720154492722	0.942661984199508	0.937875656272553	0.938432853904265	0.95091698742333	0.943928793984576	0.928577725833039	0.944880046294159	0.927278054691298	0.943432376919124	0.939373307426401	0.916050486371668	0.899129446120652	0.941005011131864	0.926121037737767	0.921309433427414	0.939277509376952	0.947747461476668	0.94341169354755	0.939299962647353	0.94305754223403
cg14642414	0.956283496461466	0.960820671307928	0.945941771261868	0.954207134004825	0.941090868807678	0.951284099004991	0.956151829599354	0.928052243620936	0.951381089622385	0.952529049703607	0.308361540300367	0.872333438601822	0.958924195379488	0.933815596193584	0.943696548431657	0.952071401073995	0.94448969741295	0.948338071435316	0.954669232470059	0.93559553351717	0.947372271930025	0.958235876714632	0.952697814341148	0.94513754658718	0.956249094891322	0.943254241511803	0.9373671989182	0.948574934900872	0.949424481699218	0.955065772257475	0.964238210684344	0.943762704970889	0.940679673061857	0.959031568241864	0.905838330065306	0.951837802893654	0.943810116463682	0.95838449686169	0.951293491614915	0.949444184192726	0.591977395205171	0.932336076379653	0.898622503062294	0.956724133075274	0.941607666318867	0.920318332296184	0.908726701964637	0.946542491542872	0.947274812517437	0.961131469112547	0.95856432470431	0.961597375639582	0.942149572169168	0.955922915288321	0.965145295394413	0.952448299900858	0.962136598255489	0.952703470656068	0.956826686244261	0.955930624624487	0.948338687457872	0.860504811090403	0.965554975798324	0.942181935337854	0.955730039152957	0.93409728746901	0.75925716834109	0.953723698386121	0.961409715014673	0.95130594065258	0.956572114596379	0.944261876892108	0.810807870680281	0.960284783855033	0.945826872309858	0.924427350784113	0.943983146826045	0.935305247932596	0.951946231937646	0.950937703967186
cg14650677	NA	NA	NA	NA	NA	NA	NA	NA	NA	NA	NA	NA	NA	NA	NA	NA	NA	NA	NA	NA	NA	NA	NA	NA	NA	NA	NA	NA	NA	NA	NA	NA	NA	NA	NA	NA	NA	NA	NA	NA	NA	NA	NA	NA	NA	NA	NA	NA	NA	NA	NA	NA	NA	NA	NA	NA	NA	NA	NA	NA	NA	NA	NA	NA	NA	NA	NA	NA	NA	NA	NA	NA	NA	NA	NA	NA	NA	NA	NA	NA
cg14670213	0.941975986889172	0.940413759547924	0.911415562225797	0.941022180269083	0.935376434417472	0.852945242008115	0.921307080870979	0.940294103339619	0.939771085873445	0.93616898531855	0.916823817527778	0.939862739251277	0.939351691794285	0.94182594934896	0.954952557044005	0.936164848812709	0.93992660916156	0.955411409541963	0.913611388836595	0.935042584881693	0.938897197376018	0.943361351411915	0.926708532581636	0.908094151004457	0.947185109603315	0.942203420312206	0.938647551085931	0.943153633624013	0.926358804301526	0.935313987820445	0.932194861170743	0.921188104160719	0.928313391490024	0.93392225459129	0.937235258998112	0.948482703488555	0.909430768052999	0.949742826982281	0.929998289703566	0.945027637801759	0.9359147268993	0.930218011884773	0.927455839608714	0.946711849206121	0.937917711665881	0.917781319832919	0.935898322397817	0.935747643719598	0.939368010729195	0.946794842058735	0.931054688303349	0.945686580027126	0.941480960258883	0.922448649444727	0.934344748556092	0.929892049095908	0.945070650755864	0.909874256092026	0.937112443520308	0.901777372349175	0.92911881904502	0.916845103057345	0.935527613510466	0.9501197527298	0.937548159592847	0.897780278675561	0.940725919128082	0.881412728224235	0.942884799662608	0.949746403790833	0.91633133625294	0.943793234251571	0.928554199375159	0.913664843761998	0.939810631862711	0.957798140406479	0.932906522734077	0.948465823953559	0.923882785241046	0.93278204800447
cg14673247	0.807743630578901	0.708219067987246	0.867911382075172	0.510884032065526	0.770447789013596	0.275475440091534	0.295146673767782	0.69455007518249	0.251400154766713	0.89290866421685	0.502326156676268	0.54297783267203	0.453380466471421	0.209764263304685	0.504200520784486	0.193167356223968	0.445545271389457	0.257027729923947	0.186063538447113	0.876485375775991	0.718901394546016	0.68987574047787	0.424949315919806	0.765030626607065	0.917076190032722	0.198381614596812	0.545417038572942	0.239575510067058	0.208719487942723	0.154855316626582	0.418842500817621	0.0671049621583283	0.663360244246632	0.93925714931434	0.490150416638468	0.891578967905603	0.348986522546666	0.0898241843034725	0.226633947988238	0.82752120318845	0.330166530498579	0.747392390441113	0.208178625368803	0.81470922231879	0.601226496919755	0.327698841883697	0.379547979819786	0.167621849240771	0.350930101945343	0.588113706149412	0.337570381151009	0.446536382332495	0.310867957968761	0.709534367472566	0.677368132318814	0.589399722579622	0.449747066468676	0.565815299919267	0.678489878808469	0.356865031156463	0.310901677685934	0.205109676708934	0.198834885549833	0.851826559329658	0.224837216023075	0.676853321937478	0.41260242468534	0.555274070329253	0.140831882079511	0.373863113920185	0.650433980200698	0.869791683835331	0.480015618198831	0.819974915321947	0.185372464861592	0.428112560834037	0.153886333734063	0.378211140153174	0.755289098948576	0.604928631792592
cg14677013	NA	NA	NA	NA	NA	NA	NA	NA	NA	NA	NA	NA	NA	NA	NA	NA	NA	NA	NA	NA	NA	NA	NA	NA	NA	NA	NA	NA	NA	NA	NA	NA	NA	NA	NA	NA	NA	NA	NA	NA	NA	NA	NA	NA	NA	NA	NA	NA	NA	NA	NA	NA	NA	NA	NA	NA	NA	NA	NA	NA	NA	NA	NA	NA	NA	NA	NA	NA	NA	NA	NA	NA	NA	NA	NA	NA	NA	NA	NA	NA
cg14683055	NA	NA	NA	NA	NA	NA	NA	NA	NA	NA	NA	NA	NA	NA	NA	NA	NA	NA	NA	NA	NA	NA	NA	NA	NA	NA	NA	NA	NA	NA	NA	NA	NA	NA	NA	NA	NA	NA	NA	NA	NA	NA	NA	NA	NA	NA	NA	NA	NA	NA	NA	NA	NA	NA	NA	NA	NA	NA	NA	NA	NA	NA	NA	NA	NA	NA	NA	NA	NA	NA	NA	NA	NA	NA	NA	NA	NA	NA	NA	NA
cg14706226	NA	NA	NA	NA	NA	NA	NA	NA	NA	NA	NA	NA	NA	NA	NA	NA	NA	NA	NA	NA	NA	NA	NA	NA	NA	NA	NA	NA	NA	NA	NA	NA	NA	NA	NA	NA	NA	NA	NA	NA	NA	NA	NA	NA	NA	NA	NA	NA	NA	NA	NA	NA	NA	NA	NA	NA	NA	NA	NA	NA	NA	NA	NA	NA	NA	NA	NA	NA	NA	NA	NA	NA	NA	NA	NA	NA	NA	NA	NA	NA
cg14707886	0.949272922164086	0.942295626555376	0.92822899034043	0.92977086383446	0.938440839806333	0.922085133188376	0.941711739127001	0.912486791722274	0.947431817778501	0.947760212773475	0.917050014856847	0.946366313422307	0.920076639608421	0.943564829415242	0.935603928292268	0.919706231821833	0.918041057796657	0.914571530349642	0.935860978431574	0.917656581092135	0.957801785764494	0.928906923956001	0.91581288622705	0.941170713542027	0.921346662984748	0.933237895539988	0.937896382877988	0.919547868328947	0.939782531984713	0.922591738110123	0.936389930467118	0.949789099117589	0.926880437073082	0.949265758113229	0.948335246436808	0.918874538722473	0.956884417098401	0.941612200639668	0.919086976393927	0.942119634805747	0.914436444092519	0.930430735554022	0.949633677382746	0.935406919539143	0.952517394030156	0.913709996479262	0.93925765323935	0.905398839226591	0.92792921986575	0.949921064537978	0.940543279851123	0.935011366641728	0.936550724245254	0.93962638591083	0.942166107508386	0.927189396260947	0.950554820643347	0.939445921255486	0.952192876714504	0.934886405332149	0.950372796918345	0.936064776471805	0.918436297071518	0.934655450028232	0.94051959973642	0.920676170880583	0.936104915091336	0.940827975438357	0.937240372577501	0.950958199607228	0.942775332824838	0.934702798120789	0.928805401006522	0.934765526534624	0.88957920970399	0.927093070361992	0.922477306100541	0.919617024885446	0.93742607131652	0.951840558677155
cg14715098	NA	NA	NA	NA	NA	NA	NA	NA	NA	NA	NA	NA	NA	NA	NA	NA	NA	NA	NA	NA	NA	NA	NA	NA	NA	NA	NA	NA	NA	NA	NA	NA	NA	NA	NA	NA	NA	NA	NA	NA	NA	NA	NA	NA	NA	NA	NA	NA	NA	NA	NA	NA	NA	NA	NA	NA	NA	NA	NA	NA	NA	NA	NA	NA	NA	NA	NA	NA	NA	NA	NA	NA	NA	NA	NA	NA	NA	NA	NA	NA
cg14741811	NA	NA	NA	NA	NA	NA	NA	NA	NA	NA	NA	NA	NA	NA	NA	NA	NA	NA	NA	NA	NA	NA	NA	NA	NA	NA	NA	NA	NA	NA	NA	NA	NA	NA	NA	NA	NA	NA	NA	NA	NA	NA	NA	NA	NA	NA	NA	NA	NA	NA	NA	NA	NA	NA	NA	NA	NA	NA	NA	NA	NA	NA	NA	NA	NA	NA	NA	NA	NA	NA	NA	NA	NA	NA	NA	NA	NA	NA	NA	NA
cg14756640	NA	NA	NA	NA	NA	NA	NA	NA	NA	NA	NA	NA	NA	NA	NA	NA	NA	NA	NA	NA	NA	NA	NA	NA	NA	NA	NA	NA	NA	NA	NA	NA	NA	NA	NA	NA	NA	NA	NA	NA	NA	NA	NA	NA	NA	NA	NA	NA	NA	NA	NA	NA	NA	NA	NA	NA	NA	NA	NA	NA	NA	NA	NA	NA	NA	NA	NA	NA	NA	NA	NA	NA	NA	NA	NA	NA	NA	NA	NA	NA
cg14757759	NA	NA	NA	NA	NA	NA	NA	NA	NA	NA	NA	NA	NA	NA	NA	NA	NA	NA	NA	NA	NA	NA	NA	NA	NA	NA	NA	NA	NA	NA	NA	NA	NA	NA	NA	NA	NA	NA	NA	NA	NA	NA	NA	NA	NA	NA	NA	NA	NA	NA	NA	NA	NA	NA	NA	NA	NA	NA	NA	NA	NA	NA	NA	NA	NA	NA	NA	NA	NA	NA	NA	NA	NA	NA	NA	NA	NA	NA	NA	NA
cg14773480	NA	NA	NA	NA	NA	NA	NA	NA	NA	NA	NA	NA	NA	NA	NA	NA	NA	NA	NA	NA	NA	NA	NA	NA	NA	NA	NA	NA	NA	NA	NA	NA	NA	NA	NA	NA	NA	NA	NA	NA	NA	NA	NA	NA	NA	NA	NA	NA	NA	NA	NA	NA	NA	NA	NA	NA	NA	NA	NA	NA	NA	NA	NA	NA	NA	NA	NA	NA	NA	NA	NA	NA	NA	NA	NA	NA	NA	NA	NA	NA
cg14798158	NA	NA	NA	NA	NA	NA	NA	NA	NA	NA	NA	NA	NA	NA	NA	NA	NA	NA	NA	NA	NA	NA	NA	NA	NA	NA	NA	NA	NA	NA	NA	NA	NA	NA	NA	NA	NA	NA	NA	NA	NA	NA	NA	NA	NA	NA	NA	NA	NA	NA	NA	NA	NA	NA	NA	NA	NA	NA	NA	NA	NA	NA	NA	NA	NA	NA	NA	NA	NA	NA	NA	NA	NA	NA	NA	NA	NA	NA	NA	NA
cg14835746	NA	NA	NA	NA	NA	NA	NA	NA	NA	NA	NA	NA	NA	NA	NA	NA	NA	NA	NA	NA	NA	NA	NA	NA	NA	NA	NA	NA	NA	NA	NA	NA	NA	NA	NA	NA	NA	NA	NA	NA	NA	NA	NA	NA	NA	NA	NA	NA	NA	NA	NA	NA	NA	NA	NA	NA	NA	NA	NA	NA	NA	NA	NA	NA	NA	NA	NA	NA	NA	NA	NA	NA	NA	NA	NA	NA	NA	NA	NA	NA
cg14840439	NA	NA	NA	NA	NA	NA	NA	NA	NA	NA	NA	NA	NA	NA	NA	NA	NA	NA	NA	NA	NA	NA	NA	NA	NA	NA	NA	NA	NA	NA	NA	NA	NA	NA	NA	NA	NA	NA	NA	NA	NA	NA	NA	NA	NA	NA	NA	NA	NA	NA	NA	NA	NA	NA	NA	NA	NA	NA	NA	NA	NA	NA	NA	NA	NA	NA	NA	NA	NA	NA	NA	NA	NA	NA	NA	NA	NA	NA	NA	NA
cg14841222	NA	NA	NA	NA	NA	NA	NA	NA	NA	NA	NA	NA	NA	NA	NA	NA	NA	NA	NA	NA	NA	NA	NA	NA	NA	NA	NA	NA	NA	NA	NA	NA	NA	NA	NA	NA	NA	NA	NA	NA	NA	NA	NA	NA	NA	NA	NA	NA	NA	NA	NA	NA	NA	NA	NA	NA	NA	NA	NA	NA	NA	NA	NA	NA	NA	NA	NA	NA	NA	NA	NA	NA	NA	NA	NA	NA	NA	NA	NA	NA
cg14852920	NA	NA	NA	NA	NA	NA	NA	NA	NA	NA	NA	NA	NA	NA	NA	NA	NA	NA	NA	NA	NA	NA	NA	NA	NA	NA	NA	NA	NA	NA	NA	NA	NA	NA	NA	NA	NA	NA	NA	NA	NA	NA	NA	NA	NA	NA	NA	NA	NA	NA	NA	NA	NA	NA	NA	NA	NA	NA	NA	NA	NA	NA	NA	NA	NA	NA	NA	NA	NA	NA	NA	NA	NA	NA	NA	NA	NA	NA	NA	NA
cg14857615	NA	NA	NA	NA	NA	NA	NA	NA	NA	NA	NA	NA	NA	NA	NA	NA	NA	NA	NA	NA	NA	NA	NA	NA	NA	NA	NA	NA	NA	NA	NA	NA	NA	NA	NA	NA	NA	NA	NA	NA	NA	NA	NA	NA	NA	NA	NA	NA	NA	NA	NA	NA	NA	NA	NA	NA	NA	NA	NA	NA	NA	NA	NA	NA	NA	NA	NA	NA	NA	NA	NA	NA	NA	NA	NA	NA	NA	NA	NA	NA
cg14882797	NA	NA	NA	NA	NA	NA	NA	NA	NA	NA	NA	NA	NA	NA	NA	NA	NA	NA	NA	NA	NA	NA	NA	NA	NA	NA	NA	NA	NA	NA	NA	NA	NA	NA	NA	NA	NA	NA	NA	NA	NA	NA	NA	NA	NA	NA	NA	NA	NA	NA	NA	NA	NA	NA	NA	NA	NA	NA	NA	NA	NA	NA	NA	NA	NA	NA	NA	NA	NA	NA	NA	NA	NA	NA	NA	NA	NA	NA	NA	NA
cg14959695	NA	NA	NA	NA	NA	NA	NA	NA	NA	NA	NA	NA	NA	NA	NA	NA	NA	NA	NA	NA	NA	NA	NA	NA	NA	NA	NA	NA	NA	NA	NA	NA	NA	NA	NA	NA	NA	NA	NA	NA	NA	NA	NA	NA	NA	NA	NA	NA	NA	NA	NA	NA	NA	NA	NA	NA	NA	NA	NA	NA	NA	NA	NA	NA	NA	NA	NA	NA	NA	NA	NA	NA	NA	NA	NA	NA	NA	NA	NA	NA
cg14985830	NA	NA	NA	NA	NA	NA	NA	NA	NA	NA	NA	NA	NA	NA	NA	NA	NA	NA	NA	NA	NA	NA	NA	NA	NA	NA	NA	NA	NA	NA	NA	NA	NA	NA	NA	NA	NA	NA	NA	NA	NA	NA	NA	NA	NA	NA	NA	NA	NA	NA	NA	NA	NA	NA	NA	NA	NA	NA	NA	NA	NA	NA	NA	NA	NA	NA	NA	NA	NA	NA	NA	NA	NA	NA	NA	NA	NA	NA	NA	NA
cg15007326	NA	NA	NA	NA	NA	NA	NA	NA	NA	NA	NA	NA	NA	NA	NA	NA	NA	NA	NA	NA	NA	NA	NA	NA	NA	NA	NA	NA	NA	NA	NA	NA	NA	NA	NA	NA	NA	NA	NA	NA	NA	NA	NA	NA	NA	NA	NA	NA	NA	NA	NA	NA	NA	NA	NA	NA	NA	NA	NA	NA	NA	NA	NA	NA	NA	NA	NA	NA	NA	NA	NA	NA	NA	NA	NA	NA	NA	NA	NA	NA
cg15035590	0.769259190643137	0.521885466052354	0.666848988367906	0.516052969793157	0.821219516028513	0.49253578272012	0.320698251764294	0.35629640968003	0.227039986641441	0.539569002791016	0.366903390327808	0.558786711822788	0.533268543778107	0.584076671123061	0.687142635792711	0.592841151362281	0.533157178041296	0.463913836863303	0.345499236179946	0.546953945497578	0.607390002728127	0.666206658977634	0.568042052217203	0.225667327455335	0.379184660133423	0.520648279418669	0.58065995885468	0.533298755467327	0.716424025042636	0.308971561991694	NA	0.144483000664416	0.597983131031803	0.457685056161748	0.442831938548443	0.549190973380369	0.840735198248615	0.130888101289184	0.782717797904975	0.633943054637917	0.639219986260468	0.574340598007911	0.853352537131012	0.816201719706585	0.608811485370174	0.602688750605114	0.308207728847981	0.295765960724514	NA	0.647853370521752	0.800072174958779	0.417071885295445	0.734676381200331	0.357549390653993	0.546316771795666	0.400204353855648	0.828602465842354	0.8124342341927	0.642063660616831	0.556047397611838	0.806055156654554	0.54819427932181	0.548913941316358	0.781910405018335	0.836463260183855	0.773750872040385	0.457582816439669	0.508189381735441	0.458601394872285	0.867841010461675	0.339683610158507	0.27284206948445	0.508618030266237	0.407054360286581	0.373628120795598	0.608428808108306	0.320017083060347	0.426955018323583	0.543585624854337	0.583286275011918
cg15057836	NA	NA	NA	NA	NA	NA	NA	NA	NA	NA	NA	NA	NA	NA	NA	NA	NA	NA	NA	NA	NA	NA	NA	NA	NA	NA	NA	NA	NA	NA	NA	NA	NA	NA	NA	NA	NA	NA	NA	NA	NA	NA	NA	NA	NA	NA	NA	NA	NA	NA	NA	NA	NA	NA	NA	NA	NA	NA	NA	NA	NA	NA	NA	NA	NA	NA	NA	NA	NA	NA	NA	NA	NA	NA	NA	NA	NA	NA	NA	NA
cg15067764	NA	NA	NA	NA	NA	NA	NA	NA	NA	NA	NA	NA	NA	NA	NA	NA	NA	NA	NA	NA	NA	NA	NA	NA	NA	NA	NA	NA	NA	NA	NA	NA	NA	NA	NA	NA	NA	NA	NA	NA	NA	NA	NA	NA	NA	NA	NA	NA	NA	NA	NA	NA	NA	NA	NA	NA	NA	NA	NA	NA	NA	NA	NA	NA	NA	NA	NA	NA	NA	NA	NA	NA	NA	NA	NA	NA	NA	NA	NA	NA
cg15077416	NA	NA	NA	NA	NA	NA	NA	NA	NA	NA	NA	NA	NA	NA	NA	NA	NA	NA	NA	NA	NA	NA	NA	NA	NA	NA	NA	NA	NA	NA	NA	NA	NA	NA	NA	NA	NA	NA	NA	NA	NA	NA	NA	NA	NA	NA	NA	NA	NA	NA	NA	NA	NA	NA	NA	NA	NA	NA	NA	NA	NA	NA	NA	NA	NA	NA	NA	NA	NA	NA	NA	NA	NA	NA	NA	NA	NA	NA	NA	NA
cg15112210	0.970361950043164	0.965574105808693	0.948373041860519	0.959537038617171	0.949153625587723	0.961345826678411	0.958242137048855	0.956025504837354	0.958531535035333	0.949978963714189	0.946199422402917	0.949006328794247	0.960980319534932	0.953740433151283	0.957010646905057	0.93781855943394	0.956679239293426	0.960901140960724	0.948128675332459	0.943667553930849	0.96211379990078	0.959098454091791	0.957922387684771	0.958796465300718	0.952471522673756	0.953888531158949	0.956459989746099	0.951463041488405	0.952184988944475	0.964982722208312	0.952250972814567	0.960167285576802	0.959208130465454	0.953832493905942	0.954410075073584	0.960941279847826	0.95245999150357	0.959244951420485	0.926086380286511	0.959246458162056	0.954909111364929	0.963121311719709	0.928476717461119	0.960233101472562	0.961104230565249	0.959811306776019	0.962251465234898	0.951767646093339	0.955288334384853	0.966050089228089	0.949022613279654	0.963932205937626	0.964000406606577	0.971712824577905	0.962265380814613	0.951568791451778	0.948001558583476	0.950785412741595	0.95210316584402	0.961463539392718	0.95562087780017	0.956881830865892	0.957188309707178	0.949222586356449	0.960635567162355	0.95708172735512	0.964614220198837	0.961785299953577	0.965316754758034	0.948445084292809	0.953065252130183	0.950229584428134	0.955321939601182	0.938275637864803	0.956606232751271	0.951497213602554	0.965918944576482	0.9481524032232	0.950076118647254	0.964840853534471
cg15162320	NA	NA	NA	NA	NA	NA	NA	NA	NA	NA	NA	NA	NA	NA	NA	NA	NA	NA	NA	NA	NA	NA	NA	NA	NA	NA	NA	NA	NA	NA	NA	NA	NA	NA	NA	NA	NA	NA	NA	NA	NA	NA	NA	NA	NA	NA	NA	NA	NA	NA	NA	NA	NA	NA	NA	NA	NA	NA	NA	NA	NA	NA	NA	NA	NA	NA	NA	NA	NA	NA	NA	NA	NA	NA	NA	NA	NA	NA	NA	NA
cg15172011	NA	NA	NA	NA	NA	NA	NA	NA	NA	NA	NA	NA	NA	NA	NA	NA	NA	NA	NA	NA	NA	NA	NA	NA	NA	NA	NA	NA	NA	NA	NA	NA	NA	NA	NA	NA	NA	NA	NA	NA	NA	NA	NA	NA	NA	NA	NA	NA	NA	NA	NA	NA	NA	NA	NA	NA	NA	NA	NA	NA	NA	NA	NA	NA	NA	NA	NA	NA	NA	NA	NA	NA	NA	NA	NA	NA	NA	NA	NA	NA
cg15175091	NA	NA	NA	NA	NA	NA	NA	NA	NA	NA	NA	NA	NA	NA	NA	NA	NA	NA	NA	NA	NA	NA	NA	NA	NA	NA	NA	NA	NA	NA	NA	NA	NA	NA	NA	NA	NA	NA	NA	NA	NA	NA	NA	NA	NA	NA	NA	NA	NA	NA	NA	NA	NA	NA	NA	NA	NA	NA	NA	NA	NA	NA	NA	NA	NA	NA	NA	NA	NA	NA	NA	NA	NA	NA	NA	NA	NA	NA	NA	NA
cg15263875	NA	NA	NA	NA	NA	NA	NA	NA	NA	NA	NA	NA	NA	NA	NA	NA	NA	NA	NA	NA	NA	NA	NA	NA	NA	NA	NA	NA	NA	NA	NA	NA	NA	NA	NA	NA	NA	NA	NA	NA	NA	NA	NA	NA	NA	NA	NA	NA	NA	NA	NA	NA	NA	NA	NA	NA	NA	NA	NA	NA	NA	NA	NA	NA	NA	NA	NA	NA	NA	NA	NA	NA	NA	NA	NA	NA	NA	NA	NA	NA
cg15293759	NA	NA	NA	NA	NA	NA	NA	NA	NA	NA	NA	NA	NA	NA	NA	NA	NA	NA	NA	NA	NA	NA	NA	NA	NA	NA	NA	NA	NA	NA	NA	NA	NA	NA	NA	NA	NA	NA	NA	NA	NA	NA	NA	NA	NA	NA	NA	NA	NA	NA	NA	NA	NA	NA	NA	NA	NA	NA	NA	NA	NA	NA	NA	NA	NA	NA	NA	NA	NA	NA	NA	NA	NA	NA	NA	NA	NA	NA	NA	NA
cg15323066	NA	NA	NA	NA	NA	NA	NA	NA	NA	NA	NA	NA	NA	NA	NA	NA	NA	NA	NA	NA	NA	NA	NA	NA	NA	NA	NA	NA	NA	NA	NA	NA	NA	NA	NA	NA	NA	NA	NA	NA	NA	NA	NA	NA	NA	NA	NA	NA	NA	NA	NA	NA	NA	NA	NA	NA	NA	NA	NA	NA	NA	NA	NA	NA	NA	NA	NA	NA	NA	NA	NA	NA	NA	NA	NA	NA	NA	NA	NA	NA
cg15330419	NA	NA	NA	NA	NA	NA	NA	NA	NA	NA	NA	NA	NA	NA	NA	NA	NA	NA	NA	NA	NA	NA	NA	NA	NA	NA	NA	NA	NA	NA	NA	NA	NA	NA	NA	NA	NA	NA	NA	NA	NA	NA	NA	NA	NA	NA	NA	NA	NA	NA	NA	NA	NA	NA	NA	NA	NA	NA	NA	NA	NA	NA	NA	NA	NA	NA	NA	NA	NA	NA	NA	NA	NA	NA	NA	NA	NA	NA	NA	NA
cg15347484	NA	NA	NA	NA	NA	NA	NA	NA	NA	NA	NA	NA	NA	NA	NA	NA	NA	NA	NA	NA	NA	NA	NA	NA	NA	NA	NA	NA	NA	NA	NA	NA	NA	NA	NA	NA	NA	NA	NA	NA	NA	NA	NA	NA	NA	NA	NA	NA	NA	NA	NA	NA	NA	NA	NA	NA	NA	NA	NA	NA	NA	NA	NA	NA	NA	NA	NA	NA	NA	NA	NA	NA	NA	NA	NA	NA	NA	NA	NA	NA
cg15358035	NA	NA	NA	NA	NA	NA	NA	NA	NA	NA	NA	NA	NA	NA	NA	NA	NA	NA	NA	NA	NA	NA	NA	NA	NA	NA	NA	NA	NA	NA	NA	NA	NA	NA	NA	NA	NA	NA	NA	NA	NA	NA	NA	NA	NA	NA	NA	NA	NA	NA	NA	NA	NA	NA	NA	NA	NA	NA	NA	NA	NA	NA	NA	NA	NA	NA	NA	NA	NA	NA	NA	NA	NA	NA	NA	NA	NA	NA	NA	NA
cg15412313	0.933609088021683	0.928574417134898	0.910027829543558	0.928626759317616	0.85813641017539	0.884271483590132	0.947967855833205	0.924168931836931	0.904612031876811	0.925734830914043	0.895437931181603	0.909993254088887	0.916764250343597	0.910750867893055	0.922535500168505	0.910489219086999	0.914016056652392	0.934697512002229	0.915823684527014	0.916283742057987	0.923702946600827	0.920424167013186	0.92287835656468	0.900949999517831	0.867629017253084	0.91926720047865	0.867560894366675	0.889500446501301	0.950797744283056	0.92909022595997	0.907734399796759	0.939694197832784	0.923581993242444	0.912539177741272	0.890253163019462	0.928215391795894	0.896876114160723	0.908459319509349	0.909749685064243	0.854688838045802	0.922742071862169	0.906233832059216	0.924972052568772	0.921331413175821	0.927338816632482	0.883835771665873	0.887564696553719	0.856698095325553	0.905525475052071	0.925247848204557	0.919643320486997	0.928051171607858	0.932604889466813	0.929580035290195	0.912212071841691	0.910670874481075	0.929410357304044	0.911333106330544	0.924877451905068	0.922994169148864	0.909716522298281	0.873757497090456	0.927347824511522	0.913801918148832	0.917268183531075	0.938186850789741	0.936645339616641	0.90649558321902	0.918823832724023	0.91212792597353	0.937506038277894	0.937668904902057	0.901100942940314	0.913024597850179	0.87831829770727	0.895701687338136	0.938102589066467	0.932075461514361	0.902642681467912	0.858321835572206
cg15442567	NA	NA	NA	NA	NA	NA	NA	NA	NA	NA	NA	NA	NA	NA	NA	NA	NA	NA	NA	NA	NA	NA	NA	NA	NA	NA	NA	NA	NA	NA	NA	NA	NA	NA	NA	NA	NA	NA	NA	NA	NA	NA	NA	NA	NA	NA	NA	NA	NA	NA	NA	NA	NA	NA	NA	NA	NA	NA	NA	NA	NA	NA	NA	NA	NA	NA	NA	NA	NA	NA	NA	NA	NA	NA	NA	NA	NA	NA	NA	NA
cg15535686	0.959211473431579	0.964073363755125	0.95358401126647	0.958021090853723	0.961775796616003	0.961140480902581	0.951684580940985	0.968120138570459	0.956569452172611	0.964875367003152	0.968144100494873	0.951473980114685	0.959931313632663	0.956899142934342	0.967216708042951	0.939470082292834	0.964795075998385	0.950284571879826	0.955263824442737	0.960063191501678	0.950197250865507	0.959582086416125	0.948539273415061	0.963369064566876	0.956557026914093	0.969364930981594	0.94254263239019	0.960598733223479	0.940943863927701	0.963526951261577	0.957988274276807	0.933677494769732	0.951387034529995	0.953260855416497	0.953170901043436	0.958483088988197	0.961323089148347	0.968934151750874	0.964417552177822	0.957232907167414	0.956427749218217	0.959183358655374	0.957177297077234	0.963744446918335	0.962554436636459	0.955968188351536	0.963902485916986	0.967092451320316	0.965295099513569	0.9605002367294	0.959663924893487	0.968831142589546	0.951091555157466	0.95030069828505	0.962283036926181	0.951567306649398	0.953732715389427	0.959900723421834	0.962806790878433	0.961786453681959	0.963052299183665	0.951139928890913	0.961987570655132	0.95226831976927	0.967123790851709	0.950261847027529	0.959134902364299	0.96277891349996	0.958769892739947	0.962686989691592	0.958651075405563	0.951097934444265	0.950778947242603	0.957001328770172	0.964260094496153	0.969987148105525	0.949342596633331	0.933729662367409	0.960632079656824	0.964017799221615
cg15548284	NA	NA	NA	NA	NA	NA	NA	NA	NA	NA	NA	NA	NA	NA	NA	NA	NA	NA	NA	NA	NA	NA	NA	NA	NA	NA	NA	NA	NA	NA	NA	NA	NA	NA	NA	NA	NA	NA	NA	NA	NA	NA	NA	NA	NA	NA	NA	NA	NA	NA	NA	NA	NA	NA	NA	NA	NA	NA	NA	NA	NA	NA	NA	NA	NA	NA	NA	NA	NA	NA	NA	NA	NA	NA	NA	NA	NA	NA	NA	NA
cg15553710	NA	NA	NA	NA	NA	NA	NA	NA	NA	NA	NA	NA	NA	NA	NA	NA	NA	NA	NA	NA	NA	NA	NA	NA	NA	NA	NA	NA	NA	NA	NA	NA	NA	NA	NA	NA	NA	NA	NA	NA	NA	NA	NA	NA	NA	NA	NA	NA	NA	NA	NA	NA	NA	NA	NA	NA	NA	NA	NA	NA	NA	NA	NA	NA	NA	NA	NA	NA	NA	NA	NA	NA	NA	NA	NA	NA	NA	NA	NA	NA
cg15556873	0.94375635232699	0.948421288290822	0.913696488858766	0.928837839154731	0.915180682109397	0.931534512804708	0.923287747944402	0.855494269332452	0.91972221854972	0.927012740533184	0.919921899367448	0.902737434186982	0.922505302279599	0.880619878343023	0.91885979589194	0.900766529294383	0.912921021202059	0.911335539199504	0.923043206271907	0.913788915155999	0.91115284975202	0.933124104927688	0.916569847556649	0.923203867533612	0.931315029626591	0.94094552335021	0.853329950461838	0.91482370749814	0.92548257152521	0.933389785498622	0.896933772744882	0.91815829034991	0.904070502894378	0.914535059972086	0.900703840340432	0.931055049415267	0.908897283493692	0.919242632985471	0.914203639553102	0.938439395186593	0.88915508623232	0.887471100784758	0.924573643928928	0.935945004132782	0.931951169627399	0.894135912825773	0.906491162880304	0.894114375432363	0.905865010550016	0.932715619456291	0.923963911606683	0.932105423849153	0.919951051002683	0.909688173291948	0.891771365699515	0.911522964619484	0.936541001289167	0.921686327230154	0.912684856259681	0.929271640118456	0.906646842663104	0.9060481251852	0.917079254140012	0.910942686053576	0.912924808387316	0.917647595356507	0.926300403465412	0.924786178138522	0.933848895989753	0.907816447350395	0.938208568786771	0.923245616354729	0.873244294680638	0.9160895950196	0.906838487295955	0.914328140613769	0.934508104949995	0.906452236787108	0.896744637841128	0.921746434878053
cg15560337	0.729468085942422	0.657831118769605	0.454238314524902	0.726292881913604	0.69543187124555	0.671227773725602	0.413748359038457	0.427505265628075	0.685120491567731	0.638922464659366	0.269678897731138	0.468910801751474	0.67849749879786	0.611816426865556	0.602173634994791	0.222372458057679	0.396775317471335	0.463366216963373	0.568995723575733	0.623829926428282	0.709185088624238	0.712391784800755	0.623740836186152	0.488094107778541	0.715772323351296	0.665070632450113	0.494195351891972	0.502455111777431	0.47985716017733	0.684258332825486	0.562898323963562	0.641418953820065	0.648258154735808	0.66269336666796	0.694956902894694	0.698130842884776	0.474801062120379	0.629959163883836	0.685013063935074	0.696689790806058	0.206554001297394	0.639563353587742	0.377899683130534	0.52661183522469	0.668103603436167	0.615644468734136	0.582013563574113	0.615840197872665	0.54053195485825	0.708977970371919	0.695057630940274	0.587732575988001	0.519925847665829	0.694469537929156	0.724797422223957	0.710782406583403	0.745647987312461	0.686028944058942	0.767746460915796	0.489506591362745	0.712645414286362	0.2961178395722	0.697514545415994	0.668281957490949	0.760327541182643	0.632519624788094	0.513986148053881	0.637307313317162	0.621248062326239	0.741235179669826	0.657208796616429	0.586031585051194	0.28307037844647	0.685978241342556	0.734425996785341	0.613284489572472	0.701043609680722	0.63675557686136	0.672118404198883	0.687463239418653
cg15603614	NA	NA	NA	NA	NA	NA	NA	NA	NA	NA	NA	NA	NA	NA	NA	NA	NA	NA	NA	NA	NA	NA	NA	NA	NA	NA	NA	NA	NA	NA	NA	NA	NA	NA	NA	NA	NA	NA	NA	NA	NA	NA	NA	NA	NA	NA	NA	NA	NA	NA	NA	NA	NA	NA	NA	NA	NA	NA	NA	NA	NA	NA	NA	NA	NA	NA	NA	NA	NA	NA	NA	NA	NA	NA	NA	NA	NA	NA	NA	NA
cg15604398	0.955533734450113	0.963033990286928	0.950162258925861	0.95310187983396	0.940453461374423	0.954577723629162	0.951264533825894	0.957995195549673	0.952574393848272	0.946762001286504	0.893699924418689	0.934726549635903	0.933810248755498	0.940922485764574	0.940854034480849	0.897226766079978	0.950538542224769	0.946672181312341	0.933231895744017	0.947444022623393	0.942946730845081	0.952391480635387	0.934868847593355	0.93329731800441	0.945186696496396	0.948268741853087	0.952069269501146	0.930846749129252	0.924585942448919	0.951125533551223	0.933506594105886	0.935430768086803	0.937966128251725	0.943688450907664	0.950403911822642	0.945697386782594	0.934140810180807	0.956587579655102	0.947457543885145	0.954408097064441	0.926555468397349	0.946184466609568	0.960231865965769	0.949825643744288	0.946884221571784	0.926685369974995	0.950059874617753	0.934486169188386	0.947265382951436	0.95133320921712	0.943690935466631	0.954798381271217	0.95584028126775	0.948361889036519	0.947609899070661	0.939556370231241	0.952090247018331	0.945037166257461	0.942976867111	0.944302770898071	0.954221704355492	0.936028489800106	0.949446813772956	0.943859451808428	0.949108480465041	0.952063568764769	0.898384878103929	0.944774043676027	0.948855622726586	0.941754869569611	0.941938379162306	0.947557073915262	0.936597805471795	0.946190550255648	0.931301608786137	0.944041422288669	0.954286124788636	0.922851929795268	0.924225949857653	0.948172202551738
cg15611936	NA	NA	NA	NA	NA	NA	NA	NA	NA	NA	NA	NA	NA	NA	NA	NA	NA	NA	NA	NA	NA	NA	NA	NA	NA	NA	NA	NA	NA	NA	NA	NA	NA	NA	NA	NA	NA	NA	NA	NA	NA	NA	NA	NA	NA	NA	NA	NA	NA	NA	NA	NA	NA	NA	NA	NA	NA	NA	NA	NA	NA	NA	NA	NA	NA	NA	NA	NA	NA	NA	NA	NA	NA	NA	NA	NA	NA	NA	NA	NA
cg15633618	NA	NA	NA	NA	NA	NA	NA	NA	NA	NA	NA	NA	NA	NA	NA	NA	NA	NA	NA	NA	NA	NA	NA	NA	NA	NA	NA	NA	NA	NA	NA	NA	NA	NA	NA	NA	NA	NA	NA	NA	NA	NA	NA	NA	NA	NA	NA	NA	NA	NA	NA	NA	NA	NA	NA	NA	NA	NA	NA	NA	NA	NA	NA	NA	NA	NA	NA	NA	NA	NA	NA	NA	NA	NA	NA	NA	NA	NA	NA	NA
cg15703165	NA	NA	NA	NA	NA	NA	NA	NA	NA	NA	NA	NA	NA	NA	NA	NA	NA	NA	NA	NA	NA	NA	NA	NA	NA	NA	NA	NA	NA	NA	NA	NA	NA	NA	NA	NA	NA	NA	NA	NA	NA	NA	NA	NA	NA	NA	NA	NA	NA	NA	NA	NA	NA	NA	NA	NA	NA	NA	NA	NA	NA	NA	NA	NA	NA	NA	NA	NA	NA	NA	NA	NA	NA	NA	NA	NA	NA	NA	NA	NA
cg15708382	NA	NA	NA	NA	NA	NA	NA	NA	NA	NA	NA	NA	NA	NA	NA	NA	NA	NA	NA	NA	NA	NA	NA	NA	NA	NA	NA	NA	NA	NA	NA	NA	NA	NA	NA	NA	NA	NA	NA	NA	NA	NA	NA	NA	NA	NA	NA	NA	NA	NA	NA	NA	NA	NA	NA	NA	NA	NA	NA	NA	NA	NA	NA	NA	NA	NA	NA	NA	NA	NA	NA	NA	NA	NA	NA	NA	NA	NA	NA	NA
cg15718106	NA	NA	NA	NA	NA	NA	NA	NA	NA	NA	NA	NA	NA	NA	NA	NA	NA	NA	NA	NA	NA	NA	NA	NA	NA	NA	NA	NA	NA	NA	NA	NA	NA	NA	NA	NA	NA	NA	NA	NA	NA	NA	NA	NA	NA	NA	NA	NA	NA	NA	NA	NA	NA	NA	NA	NA	NA	NA	NA	NA	NA	NA	NA	NA	NA	NA	NA	NA	NA	NA	NA	NA	NA	NA	NA	NA	NA	NA	NA	NA
cg15733632	NA	NA	NA	NA	NA	NA	NA	NA	NA	NA	NA	NA	NA	NA	NA	NA	NA	NA	NA	NA	NA	NA	NA	NA	NA	NA	NA	NA	NA	NA	NA	NA	NA	NA	NA	NA	NA	NA	NA	NA	NA	NA	NA	NA	NA	NA	NA	NA	NA	NA	NA	NA	NA	NA	NA	NA	NA	NA	NA	NA	NA	NA	NA	NA	NA	NA	NA	NA	NA	NA	NA	NA	NA	NA	NA	NA	NA	NA	NA	NA
cg15771551	NA	NA	NA	NA	NA	NA	NA	NA	NA	NA	NA	NA	NA	NA	NA	NA	NA	NA	NA	NA	NA	NA	NA	NA	NA	NA	NA	NA	NA	NA	NA	NA	NA	NA	NA	NA	NA	NA	NA	NA	NA	NA	NA	NA	NA	NA	NA	NA	NA	NA	NA	NA	NA	NA	NA	NA	NA	NA	NA	NA	NA	NA	NA	NA	NA	NA	NA	NA	NA	NA	NA	NA	NA	NA	NA	NA	NA	NA	NA	NA
cg15814092	NA	NA	NA	NA	NA	NA	NA	NA	NA	NA	NA	NA	NA	NA	NA	NA	NA	NA	NA	NA	NA	NA	NA	NA	NA	NA	NA	NA	NA	NA	NA	NA	NA	NA	NA	NA	NA	NA	NA	NA	NA	NA	NA	NA	NA	NA	NA	NA	NA	NA	NA	NA	NA	NA	NA	NA	NA	NA	NA	NA	NA	NA	NA	NA	NA	NA	NA	NA	NA	NA	NA	NA	NA	NA	NA	NA	NA	NA	NA	NA
cg15820400	0.932939206105668	0.928562847156821	0.918368766394209	0.958577968554249	0.917653924558678	0.913788795457757	0.947212800903282	0.954711110474147	0.948156413191036	0.954763010312405	0.938411815605448	0.948333012898449	0.951968847560087	0.956998135080502	0.956386765887389	0.928538796987493	0.945027042733155	0.944543473969332	0.922507168666231	0.924989827116822	0.93460784333152	0.94573275428536	0.934186750374902	0.937020825118339	0.932902408888408	0.958301409471819	0.93903684037247	0.937175934263143	0.954015127280827	0.943076905334593	0.935503397022044	0.909638220162772	0.945606266284342	0.95376686327548	0.94900868006481	0.954060967918854	0.937025271692266	0.928940353179805	0.952662311064829	0.950723611059181	0.917551642769569	0.955410477948681	0.927568457814523	0.940326656828266	0.947969403735357	0.946653917209628	0.952529180320508	0.914338599514907	0.953442817358915	0.938074459779136	0.949032963229663	0.954300051354762	0.962087189854176	0.951249662337317	0.956484949378015	0.928680995733472	0.950807259646261	0.943946248834782	0.936839178568299	0.948314024171643	0.945245514175722	0.922293198887267	0.954186454042491	0.954198572768025	0.951843638591865	0.960010896259006	0.9373565022584	0.958901546905431	0.957717926252688	0.94695301912737	0.95055197610588	0.947736083817455	0.934481942049186	0.920590115093432	0.925256545526947	0.943358808214263	0.95346993931294	0.922504184028825	0.929512595500202	0.957803676082106
cg15843977	NA	NA	NA	NA	NA	NA	NA	NA	NA	NA	NA	NA	NA	NA	NA	NA	NA	NA	NA	NA	NA	NA	NA	NA	NA	NA	NA	NA	NA	NA	NA	NA	NA	NA	NA	NA	NA	NA	NA	NA	NA	NA	NA	NA	NA	NA	NA	NA	NA	NA	NA	NA	NA	NA	NA	NA	NA	NA	NA	NA	NA	NA	NA	NA	NA	NA	NA	NA	NA	NA	NA	NA	NA	NA	NA	NA	NA	NA	NA	NA
cg15847775	NA	NA	NA	NA	NA	NA	NA	NA	NA	NA	NA	NA	NA	NA	NA	NA	NA	NA	NA	NA	NA	NA	NA	NA	NA	NA	NA	NA	NA	NA	NA	NA	NA	NA	NA	NA	NA	NA	NA	NA	NA	NA	NA	NA	NA	NA	NA	NA	NA	NA	NA	NA	NA	NA	NA	NA	NA	NA	NA	NA	NA	NA	NA	NA	NA	NA	NA	NA	NA	NA	NA	NA	NA	NA	NA	NA	NA	NA	NA	NA
cg15874144	NA	NA	NA	NA	NA	NA	NA	NA	NA	NA	NA	NA	NA	NA	NA	NA	NA	NA	NA	NA	NA	NA	NA	NA	NA	NA	NA	NA	NA	NA	NA	NA	NA	NA	NA	NA	NA	NA	NA	NA	NA	NA	NA	NA	NA	NA	NA	NA	NA	NA	NA	NA	NA	NA	NA	NA	NA	NA	NA	NA	NA	NA	NA	NA	NA	NA	NA	NA	NA	NA	NA	NA	NA	NA	NA	NA	NA	NA	NA	NA
cg15886896	NA	NA	NA	NA	NA	NA	NA	NA	NA	NA	NA	NA	NA	NA	NA	NA	NA	NA	NA	NA	NA	NA	NA	NA	NA	NA	NA	NA	NA	NA	NA	NA	NA	NA	NA	NA	NA	NA	NA	NA	NA	NA	NA	NA	NA	NA	NA	NA	NA	NA	NA	NA	NA	NA	NA	NA	NA	NA	NA	NA	NA	NA	NA	NA	NA	NA	NA	NA	NA	NA	NA	NA	NA	NA	NA	NA	NA	NA	NA	NA
cg15939182	NA	NA	NA	NA	NA	NA	NA	NA	NA	NA	NA	NA	NA	NA	NA	NA	NA	NA	NA	NA	NA	NA	NA	NA	NA	NA	NA	NA	NA	NA	NA	NA	NA	NA	NA	NA	NA	NA	NA	NA	NA	NA	NA	NA	NA	NA	NA	NA	NA	NA	NA	NA	NA	NA	NA	NA	NA	NA	NA	NA	NA	NA	NA	NA	NA	NA	NA	NA	NA	NA	NA	NA	NA	NA	NA	NA	NA	NA	NA	NA
cg15990679	NA	NA	NA	NA	NA	NA	NA	NA	NA	NA	NA	NA	NA	NA	NA	NA	NA	NA	NA	NA	NA	NA	NA	NA	NA	NA	NA	NA	NA	NA	NA	NA	NA	NA	NA	NA	NA	NA	NA	NA	NA	NA	NA	NA	NA	NA	NA	NA	NA	NA	NA	NA	NA	NA	NA	NA	NA	NA	NA	NA	NA	NA	NA	NA	NA	NA	NA	NA	NA	NA	NA	NA	NA	NA	NA	NA	NA	NA	NA	NA
cg15996647	NA	NA	NA	NA	NA	NA	NA	NA	NA	NA	NA	NA	NA	NA	NA	NA	NA	NA	NA	NA	NA	NA	NA	NA	NA	NA	NA	NA	NA	NA	NA	NA	NA	NA	NA	NA	NA	NA	NA	NA	NA	NA	NA	NA	NA	NA	NA	NA	NA	NA	NA	NA	NA	NA	NA	NA	NA	NA	NA	NA	NA	NA	NA	NA	NA	NA	NA	NA	NA	NA	NA	NA	NA	NA	NA	NA	NA	NA	NA	NA
cg16016766	NA	NA	NA	NA	NA	NA	NA	NA	NA	NA	NA	NA	NA	NA	NA	NA	NA	NA	NA	NA	NA	NA	NA	NA	NA	NA	NA	NA	NA	NA	NA	NA	NA	NA	NA	NA	NA	NA	NA	NA	NA	NA	NA	NA	NA	NA	NA	NA	NA	NA	NA	NA	NA	NA	NA	NA	NA	NA	NA	NA	NA	NA	NA	NA	NA	NA	NA	NA	NA	NA	NA	NA	NA	NA	NA	NA	NA	NA	NA	NA
cg16047049	0.966039690918549	0.969303962398212	0.971441591467068	0.971607667028519	0.968678559642422	0.968062401293515	0.969793471310057	0.9684455738754	0.977899037065419	0.970085388326606	0.967818347536589	0.97499799182847	0.965493930032666	0.977865157028503	0.976110690137332	0.972319569090037	0.976346395551037	0.976593389923456	0.975749808613873	0.962327747409456	0.96006938615773	0.961265911949349	0.972377215075477	0.974422367649213	0.971480327826537	0.973260389283668	0.959071711292125	0.95753385635957	0.965621312982484	0.970674513329661	0.971503533982707	0.966959881772393	0.965689200681428	0.970290539756738	0.978530003821756	0.968986917043749	0.968344316258397	0.962461526597243	0.976579187261868	0.967635784498524	0.97496197979782	0.973964132918374	0.958310319121243	0.964266929928568	0.967386093469112	0.965681346518256	0.966974263291568	0.95862294119203	0.974668464104051	0.968185839618565	0.976288473410924	0.972566340134957	0.975765349073655	0.974591258518223	0.977447617155161	0.971648921342417	0.964413372899999	0.964570347962507	0.974623762364792	0.970178628357208	0.976544020000135	0.967193478193152	0.977938618306363	0.97920346932664	0.977160658275802	0.976784063915296	0.969124144171225	0.978289960404032	0.970006342583134	0.972393844613251	0.975447220300532	0.975696756187984	0.971367538600164	0.962329207863746	0.968603941346647	0.974983686499402	0.972406317115531	0.975492620798115	0.965280516973833	0.975150308256474
cg16067453	NA	NA	NA	NA	NA	NA	NA	NA	NA	NA	NA	NA	NA	NA	NA	NA	NA	NA	NA	NA	NA	NA	NA	NA	NA	NA	NA	NA	NA	NA	NA	NA	NA	NA	NA	NA	NA	NA	NA	NA	NA	NA	NA	NA	NA	NA	NA	NA	NA	NA	NA	NA	NA	NA	NA	NA	NA	NA	NA	NA	NA	NA	NA	NA	NA	NA	NA	NA	NA	NA	NA	NA	NA	NA	NA	NA	NA	NA	NA	NA
cg16098957	NA	NA	NA	NA	NA	NA	NA	NA	NA	NA	NA	NA	NA	NA	NA	NA	NA	NA	NA	NA	NA	NA	NA	NA	NA	NA	NA	NA	NA	NA	NA	NA	NA	NA	NA	NA	NA	NA	NA	NA	NA	NA	NA	NA	NA	NA	NA	NA	NA	NA	NA	NA	NA	NA	NA	NA	NA	NA	NA	NA	NA	NA	NA	NA	NA	NA	NA	NA	NA	NA	NA	NA	NA	NA	NA	NA	NA	NA	NA	NA
cg16103996	NA	NA	NA	NA	NA	NA	NA	NA	NA	NA	NA	NA	NA	NA	NA	NA	NA	NA	NA	NA	NA	NA	NA	NA	NA	NA	NA	NA	NA	NA	NA	NA	NA	NA	NA	NA	NA	NA	NA	NA	NA	NA	NA	NA	NA	NA	NA	NA	NA	NA	NA	NA	NA	NA	NA	NA	NA	NA	NA	NA	NA	NA	NA	NA	NA	NA	NA	NA	NA	NA	NA	NA	NA	NA	NA	NA	NA	NA	NA	NA
cg16105080	NA	NA	NA	NA	NA	NA	NA	NA	NA	NA	NA	NA	NA	NA	NA	NA	NA	NA	NA	NA	NA	NA	NA	NA	NA	NA	NA	NA	NA	NA	NA	NA	NA	NA	NA	NA	NA	NA	NA	NA	NA	NA	NA	NA	NA	NA	NA	NA	NA	NA	NA	NA	NA	NA	NA	NA	NA	NA	NA	NA	NA	NA	NA	NA	NA	NA	NA	NA	NA	NA	NA	NA	NA	NA	NA	NA	NA	NA	NA	NA
cg16134501	NA	NA	NA	NA	NA	NA	NA	NA	NA	NA	NA	NA	NA	NA	NA	NA	NA	NA	NA	NA	NA	NA	NA	NA	NA	NA	NA	NA	NA	NA	NA	NA	NA	NA	NA	NA	NA	NA	NA	NA	NA	NA	NA	NA	NA	NA	NA	NA	NA	NA	NA	NA	NA	NA	NA	NA	NA	NA	NA	NA	NA	NA	NA	NA	NA	NA	NA	NA	NA	NA	NA	NA	NA	NA	NA	NA	NA	NA	NA	NA
cg16248160	0.901346755975206	0.909068315922965	0.825559582775952	0.925456336036902	0.941359299319915	0.904136658689852	0.922265496959409	0.90383293837865	0.952011097647249	0.930191059083074	0.386502471016695	0.497418612658029	0.92041804273817	0.866834661504579	0.829714122501162	0.652895746029099	0.529886430841067	0.854306044206546	0.826858779010458	0.949119995993821	0.952420206916617	0.927997982511084	0.727820426513187	0.946141167540762	0.888895081408645	0.938556840320864	0.814202871514671	0.886875561602868	0.928502065033178	0.904533381088688	0.781246479612042	0.158939934451486	0.921856383115734	0.952632085872528	0.792371576195791	0.499178397455497	0.942807334189278	0.901907730620207	0.954540314266675	0.927978124702121	0.863146241054419	0.851812699144104	0.813269031796339	0.909077438693997	0.770380266687856	0.816738480554379	0.894044414109402	0.906967578080329	0.910271886700077	0.820490642540178	0.940590336628395	0.95233072067891	0.835524329855603	0.956351848094039	0.933014531962139	0.947814104577249	0.939297477037532	0.954240591849267	0.799047788756836	0.947177272447831	0.946774510849757	0.852011861218154	0.903727524964967	0.926703129516571	0.962587796271536	0.910924071982228	0.838327227446416	0.906850654937455	0.887869501811831	0.874821789496858	0.688148311790809	0.455674484864024	0.877195712463715	0.890370298492426	0.885799590302453	0.9230018284756	0.94956871388426	0.728540788915395	0.936099145294057	0.835697642118875
cg16287042	NA	NA	NA	NA	NA	NA	NA	NA	NA	NA	NA	NA	NA	NA	NA	NA	NA	NA	NA	NA	NA	NA	NA	NA	NA	NA	NA	NA	NA	NA	NA	NA	NA	NA	NA	NA	NA	NA	NA	NA	NA	NA	NA	NA	NA	NA	NA	NA	NA	NA	NA	NA	NA	NA	NA	NA	NA	NA	NA	NA	NA	NA	NA	NA	NA	NA	NA	NA	NA	NA	NA	NA	NA	NA	NA	NA	NA	NA	NA	NA
cg16297530	NA	NA	NA	NA	NA	NA	NA	NA	NA	NA	NA	NA	NA	NA	NA	NA	NA	NA	NA	NA	NA	NA	NA	NA	NA	NA	NA	NA	NA	NA	NA	NA	NA	NA	NA	NA	NA	NA	NA	NA	NA	NA	NA	NA	NA	NA	NA	NA	NA	NA	NA	NA	NA	NA	NA	NA	NA	NA	NA	NA	NA	NA	NA	NA	NA	NA	NA	NA	NA	NA	NA	NA	NA	NA	NA	NA	NA	NA	NA	NA
cg16315980	NA	NA	NA	NA	NA	NA	NA	NA	NA	NA	NA	NA	NA	NA	NA	NA	NA	NA	NA	NA	NA	NA	NA	NA	NA	NA	NA	NA	NA	NA	NA	NA	NA	NA	NA	NA	NA	NA	NA	NA	NA	NA	NA	NA	NA	NA	NA	NA	NA	NA	NA	NA	NA	NA	NA	NA	NA	NA	NA	NA	NA	NA	NA	NA	NA	NA	NA	NA	NA	NA	NA	NA	NA	NA	NA	NA	NA	NA	NA	NA
cg16320398	NA	NA	NA	NA	NA	NA	NA	NA	NA	NA	NA	NA	NA	NA	NA	NA	NA	NA	NA	NA	NA	NA	NA	NA	NA	NA	NA	NA	NA	NA	NA	NA	NA	NA	NA	NA	NA	NA	NA	NA	NA	NA	NA	NA	NA	NA	NA	NA	NA	NA	NA	NA	NA	NA	NA	NA	NA	NA	NA	NA	NA	NA	NA	NA	NA	NA	NA	NA	NA	NA	NA	NA	NA	NA	NA	NA	NA	NA	NA	NA
cg16333561	0.924643804992401	0.941913709312424	0.92696294669714	0.925161639110114	0.933413298776212	0.946243689375133	0.925739203038482	0.93471885363821	0.936868805290725	0.929083006949645	0.871603963128723	0.90667181516938	0.93236783902632	0.942331266198074	0.932760932319547	0.901018491380788	0.938470165218067	0.930588363285984	0.924445022958214	0.926464216818589	0.92958104308285	0.923089708359021	0.94260716047488	0.947534141757691	0.935590210355518	0.928231091548913	0.90703882196963	0.920326441824175	0.909324245312151	0.933477486979621	0.934218470697856	0.958975860882241	0.896560571524769	0.923662186983218	0.92931941663925	0.9336116432959	0.915328116290678	0.926833271689215	0.951244107638298	0.909352657970368	0.943177972238554	0.932219947346458	0.917761632721766	0.903547467955484	0.929748690185553	0.935009639575932	0.932641863708164	0.922473362888267	0.943706270817467	0.93189704917082	0.90203469902336	0.937515480607508	0.913425211651592	0.889226589152138	0.896366949636101	0.93272564808185	0.946742876945596	0.942118976328737	0.915695266645224	0.937857031320612	0.948098681170472	0.894209904234613	0.929075308846681	0.923449208202264	0.94055932011476	0.953235960401261	0.911699178988499	0.935997109608912	0.935399050117396	0.941076386536709	0.937796957968903	0.901108390139148	0.91004502249914	0.909526308334627	0.918663451631592	0.944191792617629	0.94846922047325	0.893244826279584	0.946159573387795	0.929017386160205
cg16356630	NA	NA	NA	NA	NA	NA	NA	NA	NA	NA	NA	NA	NA	NA	NA	NA	NA	NA	NA	NA	NA	NA	NA	NA	NA	NA	NA	NA	NA	NA	NA	NA	NA	NA	NA	NA	NA	NA	NA	NA	NA	NA	NA	NA	NA	NA	NA	NA	NA	NA	NA	NA	NA	NA	NA	NA	NA	NA	NA	NA	NA	NA	NA	NA	NA	NA	NA	NA	NA	NA	NA	NA	NA	NA	NA	NA	NA	NA	NA	NA
cg16359517	NA	NA	NA	NA	NA	NA	NA	NA	NA	NA	NA	NA	NA	NA	NA	NA	NA	NA	NA	NA	NA	NA	NA	NA	NA	NA	NA	NA	NA	NA	NA	NA	NA	NA	NA	NA	NA	NA	NA	NA	NA	NA	NA	NA	NA	NA	NA	NA	NA	NA	NA	NA	NA	NA	NA	NA	NA	NA	NA	NA	NA	NA	NA	NA	NA	NA	NA	NA	NA	NA	NA	NA	NA	NA	NA	NA	NA	NA	NA	NA
cg16362587	0.921634359830932	0.947609589962938	0.93653662069149	0.948377055548193	0.933646036096825	0.949218414090428	0.93675817981564	0.928507290620845	0.952910312117392	0.932795244216878	0.928156709718225	0.950643419727038	0.955739422937721	0.966250351330446	0.928234659624198	0.947240768144141	0.932090128253432	0.959305218163674	0.943956947574734	0.932988279003448	0.943026082849252	0.938107066412724	0.932490153565406	0.949248116425705	0.938326923023623	0.953270058490153	0.962190395162553	0.934762174774461	0.919846966896172	0.955491101093396	0.954790682090019	0.939566782329356	0.936188636738457	0.922069250191262	0.923787551181897	0.936921539953232	0.927555390587349	0.941121786530018	0.956788698311015	0.962344213093663	0.932588598805744	0.939953374677525	0.933802912777045	0.939691843756101	0.914072492498634	0.939846677789192	0.947154935836536	0.953602551663328	0.949618380654635	0.904939959460937	0.947061703804714	0.937085406396777	0.953868162071885	0.952498150131569	0.948075554651416	0.93114922218215	0.924629726807287	0.92275729739301	0.935935186014615	0.955331672719816	0.943666920006726	0.928196494112453	0.947483187385435	0.939771213178699	0.918953507336292	0.915981059242362	0.94285346970441	0.938914821166829	0.953705355340427	0.933145981929323	0.940035280582208	0.967471607511925	0.933415239636126	0.929881679691245	0.965673769456232	0.933614658530373	0.940322689621135	0.947055016561726	0.934585852948342	0.929258556495688
cg16376484	0.914615258169466	0.849504427535929	0.918719545321077	0.6189491148851	0.916056409256032	0.570379427582436	0.89040423571959	0.677362209676882	0.84983517278614	0.906176344209512	0.859514272369823	0.73049606708705	0.619927535770609	0.602671076573661	0.894014286662364	0.854932723864144	0.496803290279634	0.493082137621101	0.887160184769767	0.899237041009284	0.93111052636665	0.912123283534187	0.625822312072819	0.903983732454365	0.652256754444127	0.915924864514434	0.909484823066789	0.686126870882257	0.782159430171556	0.581761978196502	0.522506241233577	0.929299824904631	0.908153812534543	0.913387447758868	0.909564079282817	0.906223558347565	0.920750483129855	0.917225363518451	0.471236231538657	0.922075654347768	0.858482678781139	0.546736588369282	0.853967213249668	0.92287028871511	0.888960068890529	0.358509399366348	0.904363749670157	0.817336428439969	0.887858681416609	0.609116623719003	0.860693760385723	0.636528177391137	0.594947333898341	0.93000005572121	0.912993992295946	0.694680887939643	0.937840767763938	0.856046129465711	0.929597904020916	0.904076529229611	0.806032441689864	0.877302069386329	0.117553546221139	0.547188016271947	0.252162920889898	0.82531766418489	0.899217175435252	0.613695610514919	0.93929640770082	0.891642991511322	0.919038437397343	0.929881012128525	0.507863671276232	0.847369443091219	0.285631202266165	0.721748229596114	0.531506759499716	0.850362832052479	0.945631469516819	0.940381294380961
cg16393125	NA	NA	NA	NA	NA	NA	NA	NA	NA	NA	NA	NA	NA	NA	NA	NA	NA	NA	NA	NA	NA	NA	NA	NA	NA	NA	NA	NA	NA	NA	NA	NA	NA	NA	NA	NA	NA	NA	NA	NA	NA	NA	NA	NA	NA	NA	NA	NA	NA	NA	NA	NA	NA	NA	NA	NA	NA	NA	NA	NA	NA	NA	NA	NA	NA	NA	NA	NA	NA	NA	NA	NA	NA	NA	NA	NA	NA	NA	NA	NA
cg16395183	NA	NA	NA	NA	NA	NA	NA	NA	NA	NA	NA	NA	NA	NA	NA	NA	NA	NA	NA	NA	NA	NA	NA	NA	NA	NA	NA	NA	NA	NA	NA	NA	NA	NA	NA	NA	NA	NA	NA	NA	NA	NA	NA	NA	NA	NA	NA	NA	NA	NA	NA	NA	NA	NA	NA	NA	NA	NA	NA	NA	NA	NA	NA	NA	NA	NA	NA	NA	NA	NA	NA	NA	NA	NA	NA	NA	NA	NA	NA	NA
cg16414691	0.885351436181363	0.869752620728282	0.857296546730447	0.456391868222434	0.82879193836587	0.711704733671309	0.837508320385451	0.887681823129911	0.360148181693012	0.884393670365905	0.631653043352094	0.714040331691705	0.559699250126101	0.73780237633113	0.674218975759068	0.573889329229486	0.794108932330237	NA	0.870523912701281	0.516145327201227	0.921834096200093	0.911902370912221	0.606917122118506	0.455334839053703	0.866075767149682	0.71848002422155	0.758281193596102	0.677426050425646	0.879285879332249	NA	NA	0.179526116753463	0.724185376636697	0.894226373028015	0.672701543688368	0.862401652983411	0.897621544403397	0.168472945534733	0.654149403885096	0.885657173464341	0.651465327852183	0.80932686135437	0.907865873830575	0.804036387539553	0.802642228364562	0.77634103795812	0.564369403835908	0.827274633658029	NA	0.762301477425555	0.891409699015702	0.882834228521952	0.567028899205448	0.740036278418206	0.656880655039793	0.877300998986952	0.709295894771657	0.863647973392808	0.544518102485769	0.827599271759993	0.896708102605796	0.639561256067954	NA	0.742603153609391	0.885154364156399	0.766898317235554	0.622022563265583	0.587528039043678	0.452402915134215	0.838834478964217	0.921189973157125	0.600327487086253	0.615759232088607	0.647469397265442	NA	0.738784882112753	0.851680507896001	0.466861601363901	0.809613750170909	0.798254146964857
cg16452272	NA	NA	NA	NA	NA	NA	NA	NA	NA	NA	NA	NA	NA	NA	NA	NA	NA	NA	NA	NA	NA	NA	NA	NA	NA	NA	NA	NA	NA	NA	NA	NA	NA	NA	NA	NA	NA	NA	NA	NA	NA	NA	NA	NA	NA	NA	NA	NA	NA	NA	NA	NA	NA	NA	NA	NA	NA	NA	NA	NA	NA	NA	NA	NA	NA	NA	NA	NA	NA	NA	NA	NA	NA	NA	NA	NA	NA	NA	NA	NA
cg16461335	0.783238656536676	0.790431028349276	0.453018064572051	0.477925672927496	0.687297077064596	0.628765336589133	0.463222133468503	0.76938026847058	0.612771569262963	0.741345112611558	0.430523171487932	0.44905026235615	0.764114139852037	0.420061937891428	0.470750693572456	0.691403500101756	0.519645196342533	0.58168176309815	0.407492032339112	0.827263387458395	0.244123387042579	0.557848604467723	0.531300014232512	0.733349662538622	0.727558324711538	0.344791581071911	0.461295076582847	0.714921177725107	0.43882082052557	0.790571197117081	0.720686011741645	0.54127140476728	0.400035020236528	0.791701118358375	0.616718108472692	0.808280408470517	0.520922178326496	0.535791275320442	0.304379564014929	0.73533325592629	0.645003802430238	0.662946882347373	0.612358282375007	0.546220518224266	0.502568401688279	0.658939279922201	0.476840647674707	0.718254781465531	0.495852227699905	0.581691461159052	0.639540105982577	0.525617906830299	0.786470576390909	0.759929127511696	0.611968048531838	0.627955640976492	0.785503826426406	0.776680388477473	0.288245221167086	0.228325770784535	0.543399481485544	0.478016324000862	0.177280820795134	0.337316977438265	0.332522046325971	0.592210659538277	0.453652479141008	0.649290371290724	0.621373065462305	0.586582625482042	0.504834075407263	0.535324920046783	0.627206521046518	0.587359899498386	0.825522069723928	0.507348787325935	0.653790938435354	0.528573670020174	0.634340676521751	0.712900747373726
cg16468183	NA	NA	NA	NA	NA	NA	NA	NA	NA	NA	NA	NA	NA	NA	NA	NA	NA	NA	NA	NA	NA	NA	NA	NA	NA	NA	NA	NA	NA	NA	NA	NA	NA	NA	NA	NA	NA	NA	NA	NA	NA	NA	NA	NA	NA	NA	NA	NA	NA	NA	NA	NA	NA	NA	NA	NA	NA	NA	NA	NA	NA	NA	NA	NA	NA	NA	NA	NA	NA	NA	NA	NA	NA	NA	NA	NA	NA	NA	NA	NA
cg16470306	NA	NA	NA	NA	NA	NA	NA	NA	NA	NA	NA	NA	NA	NA	NA	NA	NA	NA	NA	NA	NA	NA	NA	NA	NA	NA	NA	NA	NA	NA	NA	NA	NA	NA	NA	NA	NA	NA	NA	NA	NA	NA	NA	NA	NA	NA	NA	NA	NA	NA	NA	NA	NA	NA	NA	NA	NA	NA	NA	NA	NA	NA	NA	NA	NA	NA	NA	NA	NA	NA	NA	NA	NA	NA	NA	NA	NA	NA	NA	NA
cg16470963	NA	NA	NA	NA	NA	NA	NA	NA	NA	NA	NA	NA	NA	NA	NA	NA	NA	NA	NA	NA	NA	NA	NA	NA	NA	NA	NA	NA	NA	NA	NA	NA	NA	NA	NA	NA	NA	NA	NA	NA	NA	NA	NA	NA	NA	NA	NA	NA	NA	NA	NA	NA	NA	NA	NA	NA	NA	NA	NA	NA	NA	NA	NA	NA	NA	NA	NA	NA	NA	NA	NA	NA	NA	NA	NA	NA	NA	NA	NA	NA
cg16472945	NA	NA	NA	NA	NA	NA	NA	NA	NA	NA	NA	NA	NA	NA	NA	NA	NA	NA	NA	NA	NA	NA	NA	NA	NA	NA	NA	NA	NA	NA	NA	NA	NA	NA	NA	NA	NA	NA	NA	NA	NA	NA	NA	NA	NA	NA	NA	NA	NA	NA	NA	NA	NA	NA	NA	NA	NA	NA	NA	NA	NA	NA	NA	NA	NA	NA	NA	NA	NA	NA	NA	NA	NA	NA	NA	NA	NA	NA	NA	NA
cg16494843	NA	NA	NA	NA	NA	NA	NA	NA	NA	NA	NA	NA	NA	NA	NA	NA	NA	NA	NA	NA	NA	NA	NA	NA	NA	NA	NA	NA	NA	NA	NA	NA	NA	NA	NA	NA	NA	NA	NA	NA	NA	NA	NA	NA	NA	NA	NA	NA	NA	NA	NA	NA	NA	NA	NA	NA	NA	NA	NA	NA	NA	NA	NA	NA	NA	NA	NA	NA	NA	NA	NA	NA	NA	NA	NA	NA	NA	NA	NA	NA
cg16503713	NA	NA	NA	NA	NA	NA	NA	NA	NA	NA	NA	NA	NA	NA	NA	NA	NA	NA	NA	NA	NA	NA	NA	NA	NA	NA	NA	NA	NA	NA	NA	NA	NA	NA	NA	NA	NA	NA	NA	NA	NA	NA	NA	NA	NA	NA	NA	NA	NA	NA	NA	NA	NA	NA	NA	NA	NA	NA	NA	NA	NA	NA	NA	NA	NA	NA	NA	NA	NA	NA	NA	NA	NA	NA	NA	NA	NA	NA	NA	NA
cg16532362	NA	NA	NA	NA	NA	NA	NA	NA	NA	NA	NA	NA	NA	NA	NA	NA	NA	NA	NA	NA	NA	NA	NA	NA	NA	NA	NA	NA	NA	NA	NA	NA	NA	NA	NA	NA	NA	NA	NA	NA	NA	NA	NA	NA	NA	NA	NA	NA	NA	NA	NA	NA	NA	NA	NA	NA	NA	NA	NA	NA	NA	NA	NA	NA	NA	NA	NA	NA	NA	NA	NA	NA	NA	NA	NA	NA	NA	NA	NA	NA
cg16535779	NA	NA	NA	NA	NA	NA	NA	NA	NA	NA	NA	NA	NA	NA	NA	NA	NA	NA	NA	NA	NA	NA	NA	NA	NA	NA	NA	NA	NA	NA	NA	NA	NA	NA	NA	NA	NA	NA	NA	NA	NA	NA	NA	NA	NA	NA	NA	NA	NA	NA	NA	NA	NA	NA	NA	NA	NA	NA	NA	NA	NA	NA	NA	NA	NA	NA	NA	NA	NA	NA	NA	NA	NA	NA	NA	NA	NA	NA	NA	NA
cg16543943	0.908859809061812	0.908280563688775	0.896171391233665	0.891840155237425	0.899384317062624	0.881280699410339	0.867890673177957	0.899471914553575	NA	0.892616734406814	NA	0.920409647446817	0.871535184111567	0.895304601419256	0.904530695731835	0.927924043185917	0.904223218084909	0.876985252519085	0.874101275002329	NA	0.890064003807802	0.921240009222076	NA	NA	0.88514131082046	0.908106583309412	0.915290891524396	0.912027510042701	0.909936436109501	NA	0.88942361974118	NA	0.904648586920169	0.874816639676087	0.899339472167987	0.901446805683274	NA	0.897536970298418	0.916704289542247	0.885550897050014	0.924529594865681	0.934195031409508	0.897490916317716	0.904965652470782	0.898845766006071	0.89852799404618	0.926343446266341	0.923590689735749	0.875925633515918	0.926256050522996	0.920814333088324	0.888210139165878	0.935574176082786	NA	0.914345651253264	0.894890240637308	0.909206427863301	0.899846476114447	0.887857478824883	0.909701568401553	0.910983478201004	0.869250408754338	0.871805144209384	0.89960782204666	0.894919132815903	NA	0.868475723549115	0.932067040424466	0.887793847444235	0.885277295856478	0.89019590131369	0.911319826626644	0.886761612381687	0.891823885807862	0.895020642083123	0.895108742859767	0.913711755532739	0.921181271184368	0.860210150343574	0.899161313338578
cg16577356	0.903327876343654	0.898015552268264	0.908288564130194	0.90283303080142	0.921077901545926	0.930269215708204	0.915677601861142	0.882849072745963	0.800591941603607	0.879260831188563	0.862251442699206	0.829288146914567	0.799291835786031	0.850635058099928	0.858655339757302	0.838989652403603	0.912660095214015	0.90512795009867	0.91966356284306	0.939819725321841	0.906111772431827	0.881324722347731	0.886264354216071	0.920737545794412	0.939709699480428	0.908908824288454	0.677866351502546	0.866519895885996	0.937203167601391	0.923402060024912	0.894645790993138	0.897061301916304	0.822580274302281	0.926116491861078	0.788449831518336	0.92730863398903	0.892128491097842	0.910206588854377	0.906558531801611	0.908036670639709	0.877242049400789	0.843901436234876	0.880618392337913	0.909757715436283	0.91153501830828	0.809200503334515	0.91977985064007	0.93890511059761	0.859392476612429	0.83697825013381	0.920113617980982	0.920899862778165	0.894873560452049	0.891140748593184	0.924491510883628	0.932326925895184	0.908858190123974	0.914933505175761	0.919887992169407	0.927639462757707	0.914362215903229	0.868991456098525	0.921436767787808	0.87729635920996	0.9253963095476	0.869347482064442	0.906805206369716	0.908522739525413	0.899706283097854	0.933272050608836	0.872806340317397	0.725068873299138	0.907642553761624	0.85731892301368	0.910710529717274	0.817143832067096	0.91952065697939	0.836907877317054	0.913857641252523	0.914903225288051
cg16578802	NA	NA	NA	NA	NA	NA	NA	NA	NA	NA	NA	NA	NA	NA	NA	NA	NA	NA	NA	NA	NA	NA	NA	NA	NA	NA	NA	NA	NA	NA	NA	NA	NA	NA	NA	NA	NA	NA	NA	NA	NA	NA	NA	NA	NA	NA	NA	NA	NA	NA	NA	NA	NA	NA	NA	NA	NA	NA	NA	NA	NA	NA	NA	NA	NA	NA	NA	NA	NA	NA	NA	NA	NA	NA	NA	NA	NA	NA	NA	NA
cg16583381	NA	NA	NA	NA	NA	NA	NA	NA	NA	NA	NA	NA	NA	NA	NA	NA	NA	NA	NA	NA	NA	NA	NA	NA	NA	NA	NA	NA	NA	NA	NA	NA	NA	NA	NA	NA	NA	NA	NA	NA	NA	NA	NA	NA	NA	NA	NA	NA	NA	NA	NA	NA	NA	NA	NA	NA	NA	NA	NA	NA	NA	NA	NA	NA	NA	NA	NA	NA	NA	NA	NA	NA	NA	NA	NA	NA	NA	NA	NA	NA
cg16596250	NA	NA	NA	NA	NA	NA	NA	NA	NA	NA	NA	NA	NA	NA	NA	NA	NA	NA	NA	NA	NA	NA	NA	NA	NA	NA	NA	NA	NA	NA	NA	NA	NA	NA	NA	NA	NA	NA	NA	NA	NA	NA	NA	NA	NA	NA	NA	NA	NA	NA	NA	NA	NA	NA	NA	NA	NA	NA	NA	NA	NA	NA	NA	NA	NA	NA	NA	NA	NA	NA	NA	NA	NA	NA	NA	NA	NA	NA	NA	NA
cg16601146	NA	NA	NA	NA	NA	NA	NA	NA	NA	NA	NA	NA	NA	NA	NA	NA	NA	NA	NA	NA	NA	NA	NA	NA	NA	NA	NA	NA	NA	NA	NA	NA	NA	NA	NA	NA	NA	NA	NA	NA	NA	NA	NA	NA	NA	NA	NA	NA	NA	NA	NA	NA	NA	NA	NA	NA	NA	NA	NA	NA	NA	NA	NA	NA	NA	NA	NA	NA	NA	NA	NA	NA	NA	NA	NA	NA	NA	NA	NA	NA
cg16620160	NA	NA	NA	NA	NA	NA	NA	NA	NA	NA	NA	NA	NA	NA	NA	NA	NA	NA	NA	NA	NA	NA	NA	NA	NA	NA	NA	NA	NA	NA	NA	NA	NA	NA	NA	NA	NA	NA	NA	NA	NA	NA	NA	NA	NA	NA	NA	NA	NA	NA	NA	NA	NA	NA	NA	NA	NA	NA	NA	NA	NA	NA	NA	NA	NA	NA	NA	NA	NA	NA	NA	NA	NA	NA	NA	NA	NA	NA	NA	NA
cg16656411	0.528762291897795	0.0555601461927116	0.505644705009316	0.597901812535007	0.657650541949717	0.468095051874033	0.402884645381294	0.326629390230234	0.478006690618891	0.56617115236066	0.395819774282812	0.589098306858905	0.410273416474528	0.765868358039562	0.377422695756857	0.0743123843712321	0.0816257234694989	0.442958757880739	0.487349010948218	0.0712579628713315	0.526660107808289	0.530463861557829	0.137424750055484	0.345128871355164	0.83001171207399	0.859799140728214	0.0686405598135728	0.138292714701758	0.511991790442912	0.0603005954556652	0.461419015960381	0.489079123076005	0.419779822749981	0.52741993303514	0.448050117862269	0.584467054348586	0.794928017212972	0.0547748253254686	0.844479168608131	0.67254472518297	0.305609674513319	0.464911931010197	0.21538856766534	0.46008110963319	0.178436893492571	0.146412991754976	0.0483203042108458	0.482458312741261	0.496176927871788	0.553828294519432	0.685978796138373	0.171552366658599	0.448191918969114	0.132040903964716	0.421371629333544	0.785917242232831	0.705439719790022	0.851960719547374	0.105091459332403	0.0910454764038985	0.227755338483687	0.694983524708182	0.0855290646842342	0.536015949789813	0.906414558077338	0.468194227942402	0.628498287707704	0.48738276912997	0.10916211186476	0.522045210946407	0.239890703913395	0.059061545405322	0.318864498363149	0.122796539944496	0.515223231368459	0.57491909840478	0.898556092732174	0.100564507574705	0.45748268935803	0.425014534291579
cg16669485	0.108563777701015	0.509473284772239	0.096688592737015	0.0916655715292274	0.148810239566433	0.0852351878714645	0.549221040765745	0.119194859866316	0.62454794351414	0.145861552991956	0.0692216757919043	0.29772826046608	0.125902108088162	0.170544984487921	0.418583967576539	0.211680291354645	0.649750442465971	0.10824052062217	0.212691181668568	0.326841633123379	0.102315531295386	0.166839470245849	0.185405793622582	0.644862499401985	0.174127095691526	0.0880663924591671	0.698947668565325	0.11258788699998	0.102084238036125	0.111832847908372	0.147439114335066	0.098556036600895	0.379235523594054	0.221893264527692	0.371014121916895	0.137196658463196	0.0985351435155976	0.096529457703147	0.583186958225447	0.140825288515261	0.145078066173686	0.319023198221502	0.100162137082368	0.225214708087038	0.0884511727752208	0.406132914873563	0.0940409474645195	0.150559610669733	0.124702924572566	0.115328547289781	0.628473775350923	0.0621436837623679	0.747442901615934	0.205955697790906	0.0714698687558409	0.129641084595053	0.125010529829055	0.145664503054756	0.0712059983606611	0.0754265230451094	0.156941813251304	0.216508663524503	0.0704713524825598	0.210779530496882	0.179032972779053	0.255116992636291	0.532981428299936	0.0760226949040852	0.0682017551588385	0.0725214789941036	0.111398750154824	0.0954766257441651	0.22167616854184	0.229390509077261	0.0841799417066434	0.395302155318744	0.309224926590255	0.210607979689948	0.299850400015755	0.0843049002329735
cg16683981	0.928790479984026	0.94169950310501	0.8907663358956	0.919693282308973	0.89060497913217	NA	0.889060322242133	0.923450098349839	0.891772454447201	0.933320894306332	0.897833564108	0.904207306432604	0.86704980017167	NA	NA	NA	NA	NA	0.866473786311192	NA	0.887969293697183	0.890172544890435	0.863827591663431	0.885264453143425	NA	0.863770717577441	0.871038493525011	0.877455027615092	0.90805732534002	0.868820374351522	NA	0.90223094409712	NA	0.894739247405363	0.863330634634087	0.860094509059989	NA	NA	NA	0.933316148044008	0.906720588920021	0.860645459913878	0.846064854861291	NA	0.928469700746194	NA	0.938255556690666	NA	NA	0.915738034949609	NA	0.919679727347673	0.866809838706135	0.952863760771584	0.920973239438251	NA	0.90967155710221	NA	0.866877994832782	0.913673195136385	0.9339754925779	NA	NA	0.897602580792378	NA	0.89162876000557	NA	0.934618228896892	NA	0.881692980759269	0.901788076899699	NA	0.899445298522135	NA	NA	0.882411238808035	0.874037703335043	0.86898714347281	0.873273810539922	0.927367791508154
cg16710828	NA	NA	NA	NA	NA	NA	NA	NA	NA	NA	NA	NA	NA	NA	NA	NA	NA	NA	NA	NA	NA	NA	NA	NA	NA	NA	NA	NA	NA	NA	NA	NA	NA	NA	NA	NA	NA	NA	NA	NA	NA	NA	NA	NA	NA	NA	NA	NA	NA	NA	NA	NA	NA	NA	NA	NA	NA	NA	NA	NA	NA	NA	NA	NA	NA	NA	NA	NA	NA	NA	NA	NA	NA	NA	NA	NA	NA	NA	NA	NA
cg16712481	0.958355940030715	0.95391666942661	0.961447002374184	0.951885398228816	0.951624301792863	0.935982313801532	0.944551928653742	0.929488115536892	0.958699990494916	0.844843052501181	0.953673354746512	0.961612867381628	0.963048065290885	0.932367549229324	0.957591500646326	0.865485859794226	0.961768079564506	0.960290642455486	0.959566801541811	0.939988041143509	0.947972308374124	0.953973986037463	0.942504239644874	0.943584206050367	0.937676385256722	0.970513391704514	0.945817322752234	0.942734940489142	0.968159095304845	0.932049080363311	0.962230938965763	0.939165796931045	0.874676516629864	0.958235408436011	0.967062123303776	0.956785531981403	0.959434281151988	0.959819580210511	0.744346467379251	0.958832845583218	0.856348599687686	0.94457701724395	0.600463439824456	0.961405258007864	0.951299516765601	0.956597908194463	0.955755036867442	0.936505399770693	0.960418347510204	0.963707564346019	0.960616302116974	0.965275906598196	0.959497776029048	NA	0.966006214337153	0.943049201591522	0.963650109754527	0.953263698756505	0.957012285993337	0.957958294219891	0.951114209865779	0.942239804512192	0.952178537316909	0.952197374766526	0.965271938377845	0.948499543356901	0.950372727997673	0.943140820662503	0.961175227793826	0.958364990047527	0.949572406646677	0.94549831961585	0.930626837349514	0.947821735285782	0.945771714497224	0.946164032062542	0.95737605672709	0.944652166032057	0.940055424011612	0.945814469730901
cg16713069	NA	NA	NA	NA	NA	NA	NA	NA	NA	NA	NA	NA	NA	NA	NA	NA	NA	NA	NA	NA	NA	NA	NA	NA	NA	NA	NA	NA	NA	NA	NA	NA	NA	NA	NA	NA	NA	NA	NA	NA	NA	NA	NA	NA	NA	NA	NA	NA	NA	NA	NA	NA	NA	NA	NA	NA	NA	NA	NA	NA	NA	NA	NA	NA	NA	NA	NA	NA	NA	NA	NA	NA	NA	NA	NA	NA	NA	NA	NA	NA
cg16725552	NA	NA	NA	NA	NA	NA	NA	NA	NA	NA	NA	NA	NA	NA	NA	NA	NA	NA	NA	NA	NA	NA	NA	NA	NA	NA	NA	NA	NA	NA	NA	NA	NA	NA	NA	NA	NA	NA	NA	NA	NA	NA	NA	NA	NA	NA	NA	NA	NA	NA	NA	NA	NA	NA	NA	NA	NA	NA	NA	NA	NA	NA	NA	NA	NA	NA	NA	NA	NA	NA	NA	NA	NA	NA	NA	NA	NA	NA	NA	NA
cg16739054	NA	NA	NA	NA	NA	NA	NA	NA	NA	NA	NA	NA	NA	NA	NA	NA	NA	NA	NA	NA	NA	NA	NA	NA	NA	NA	NA	NA	NA	NA	NA	NA	NA	NA	NA	NA	NA	NA	NA	NA	NA	NA	NA	NA	NA	NA	NA	NA	NA	NA	NA	NA	NA	NA	NA	NA	NA	NA	NA	NA	NA	NA	NA	NA	NA	NA	NA	NA	NA	NA	NA	NA	NA	NA	NA	NA	NA	NA	NA	NA
cg16741463	NA	NA	NA	NA	NA	NA	NA	NA	NA	NA	NA	NA	NA	NA	NA	NA	NA	NA	NA	NA	NA	NA	NA	NA	NA	NA	NA	NA	NA	NA	NA	NA	NA	NA	NA	NA	NA	NA	NA	NA	NA	NA	NA	NA	NA	NA	NA	NA	NA	NA	NA	NA	NA	NA	NA	NA	NA	NA	NA	NA	NA	NA	NA	NA	NA	NA	NA	NA	NA	NA	NA	NA	NA	NA	NA	NA	NA	NA	NA	NA
cg16780032	NA	NA	NA	NA	NA	NA	NA	NA	NA	NA	NA	NA	NA	NA	NA	NA	NA	NA	NA	NA	NA	NA	NA	NA	NA	NA	NA	NA	NA	NA	NA	NA	NA	NA	NA	NA	NA	NA	NA	NA	NA	NA	NA	NA	NA	NA	NA	NA	NA	NA	NA	NA	NA	NA	NA	NA	NA	NA	NA	NA	NA	NA	NA	NA	NA	NA	NA	NA	NA	NA	NA	NA	NA	NA	NA	NA	NA	NA	NA	NA
cg16789902	NA	NA	NA	NA	NA	NA	NA	NA	NA	NA	NA	NA	NA	NA	NA	NA	NA	NA	NA	NA	NA	NA	NA	NA	NA	NA	NA	NA	NA	NA	NA	NA	NA	NA	NA	NA	NA	NA	NA	NA	NA	NA	NA	NA	NA	NA	NA	NA	NA	NA	NA	NA	NA	NA	NA	NA	NA	NA	NA	NA	NA	NA	NA	NA	NA	NA	NA	NA	NA	NA	NA	NA	NA	NA	NA	NA	NA	NA	NA	NA
cg16790676	NA	NA	NA	NA	NA	NA	NA	NA	NA	NA	NA	NA	NA	NA	NA	NA	NA	NA	NA	NA	NA	NA	NA	NA	NA	NA	NA	NA	NA	NA	NA	NA	NA	NA	NA	NA	NA	NA	NA	NA	NA	NA	NA	NA	NA	NA	NA	NA	NA	NA	NA	NA	NA	NA	NA	NA	NA	NA	NA	NA	NA	NA	NA	NA	NA	NA	NA	NA	NA	NA	NA	NA	NA	NA	NA	NA	NA	NA	NA	NA
cg16869809	0.928557823069716	0.932399073224381	0.860232510847241	0.761424773163787	0.933664026729831	0.90468878958457	0.904269038618556	0.888278869068708	0.900834462850533	0.915345848607685	0.916733790213613	0.892060356186349	0.909079925614662	0.888189774617438	0.937163302754203	0.713260872569669	0.90309653912122	0.932277798343781	0.677289583182266	0.922977477431727	0.937606816825495	0.947526272396821	0.899962969430595	0.934203564509504	0.884372728022346	0.918601685483654	0.919449545887137	0.895808186815783	0.940569714463964	0.933143662144478	0.916208669166732	0.394176920334711	0.93271762932417	0.907974054422071	0.919344045307544	0.92936322084028	0.928633862191815	0.780146466940604	0.6376247921911	0.922097269942833	0.841815828935218	0.933204009648174	0.932390462234951	0.899874947401147	0.913697066132135	0.860642329496665	0.838215115719595	0.929854696040831	0.936182779122646	0.844659367197614	0.914778990295898	0.933461757341824	0.929658172397065	0.939619561569686	0.939865790380127	0.926879644060543	0.872179109357434	0.932366396051104	0.887523277142412	0.916387836456678	0.927751867032578	0.869170742701947	0.926979299935342	0.532674407746356	0.939773876842288	0.802217795605323	0.852369264633924	0.945238658709054	0.83634823470739	0.931520475497382	0.934193915534452	0.92997870566009	0.855309396946814	0.914342736570598	0.937642370468077	0.865280108603639	0.917655512461675	0.917052352988003	0.922590981667711	0.934927883415546
cg16944496	NA	NA	NA	NA	NA	NA	NA	NA	NA	NA	NA	NA	NA	NA	NA	NA	NA	NA	NA	NA	NA	NA	NA	NA	NA	NA	NA	NA	NA	NA	NA	NA	NA	NA	NA	NA	NA	NA	NA	NA	NA	NA	NA	NA	NA	NA	NA	NA	NA	NA	NA	NA	NA	NA	NA	NA	NA	NA	NA	NA	NA	NA	NA	NA	NA	NA	NA	NA	NA	NA	NA	NA	NA	NA	NA	NA	NA	NA	NA	NA
cg16952929	NA	NA	NA	NA	NA	NA	NA	NA	NA	NA	NA	NA	NA	NA	NA	NA	NA	NA	NA	NA	NA	NA	NA	NA	NA	NA	NA	NA	NA	NA	NA	NA	NA	NA	NA	NA	NA	NA	NA	NA	NA	NA	NA	NA	NA	NA	NA	NA	NA	NA	NA	NA	NA	NA	NA	NA	NA	NA	NA	NA	NA	NA	NA	NA	NA	NA	NA	NA	NA	NA	NA	NA	NA	NA	NA	NA	NA	NA	NA	NA
cg17027033	NA	NA	NA	NA	NA	NA	NA	NA	NA	NA	NA	NA	NA	NA	NA	NA	NA	NA	NA	NA	NA	NA	NA	NA	NA	NA	NA	NA	NA	NA	NA	NA	NA	NA	NA	NA	NA	NA	NA	NA	NA	NA	NA	NA	NA	NA	NA	NA	NA	NA	NA	NA	NA	NA	NA	NA	NA	NA	NA	NA	NA	NA	NA	NA	NA	NA	NA	NA	NA	NA	NA	NA	NA	NA	NA	NA	NA	NA	NA	NA
cg17051552	NA	NA	NA	NA	NA	NA	NA	NA	NA	NA	NA	NA	NA	NA	NA	NA	NA	NA	NA	NA	NA	NA	NA	NA	NA	NA	NA	NA	NA	NA	NA	NA	NA	NA	NA	NA	NA	NA	NA	NA	NA	NA	NA	NA	NA	NA	NA	NA	NA	NA	NA	NA	NA	NA	NA	NA	NA	NA	NA	NA	NA	NA	NA	NA	NA	NA	NA	NA	NA	NA	NA	NA	NA	NA	NA	NA	NA	NA	NA	NA
cg17056317	NA	NA	NA	NA	NA	NA	NA	NA	NA	NA	NA	NA	NA	NA	NA	NA	NA	NA	NA	NA	NA	NA	NA	NA	NA	NA	NA	NA	NA	NA	NA	NA	NA	NA	NA	NA	NA	NA	NA	NA	NA	NA	NA	NA	NA	NA	NA	NA	NA	NA	NA	NA	NA	NA	NA	NA	NA	NA	NA	NA	NA	NA	NA	NA	NA	NA	NA	NA	NA	NA	NA	NA	NA	NA	NA	NA	NA	NA	NA	NA
cg17063731	NA	NA	NA	NA	NA	NA	NA	NA	NA	NA	NA	NA	NA	NA	NA	NA	NA	NA	NA	NA	NA	NA	NA	NA	NA	NA	NA	NA	NA	NA	NA	NA	NA	NA	NA	NA	NA	NA	NA	NA	NA	NA	NA	NA	NA	NA	NA	NA	NA	NA	NA	NA	NA	NA	NA	NA	NA	NA	NA	NA	NA	NA	NA	NA	NA	NA	NA	NA	NA	NA	NA	NA	NA	NA	NA	NA	NA	NA	NA	NA
cg17092860	NA	NA	NA	NA	NA	NA	NA	NA	NA	NA	NA	NA	NA	NA	NA	NA	NA	NA	NA	NA	NA	NA	NA	NA	NA	NA	NA	NA	NA	NA	NA	NA	NA	NA	NA	NA	NA	NA	NA	NA	NA	NA	NA	NA	NA	NA	NA	NA	NA	NA	NA	NA	NA	NA	NA	NA	NA	NA	NA	NA	NA	NA	NA	NA	NA	NA	NA	NA	NA	NA	NA	NA	NA	NA	NA	NA	NA	NA	NA	NA
cg17132591	NA	NA	NA	NA	NA	NA	NA	NA	NA	NA	NA	NA	NA	NA	NA	NA	NA	NA	NA	NA	NA	NA	NA	NA	NA	NA	NA	NA	NA	NA	NA	NA	NA	NA	NA	NA	NA	NA	NA	NA	NA	NA	NA	NA	NA	NA	NA	NA	NA	NA	NA	NA	NA	NA	NA	NA	NA	NA	NA	NA	NA	NA	NA	NA	NA	NA	NA	NA	NA	NA	NA	NA	NA	NA	NA	NA	NA	NA	NA	NA
cg17140133	NA	NA	NA	NA	NA	NA	NA	NA	NA	NA	NA	NA	NA	NA	NA	NA	NA	NA	NA	NA	NA	NA	NA	NA	NA	NA	NA	NA	NA	NA	NA	NA	NA	NA	NA	NA	NA	NA	NA	NA	NA	NA	NA	NA	NA	NA	NA	NA	NA	NA	NA	NA	NA	NA	NA	NA	NA	NA	NA	NA	NA	NA	NA	NA	NA	NA	NA	NA	NA	NA	NA	NA	NA	NA	NA	NA	NA	NA	NA	NA
cg17146997	NA	NA	NA	NA	NA	NA	NA	NA	NA	NA	NA	NA	NA	NA	NA	NA	NA	NA	NA	NA	NA	NA	NA	NA	NA	NA	NA	NA	NA	NA	NA	NA	NA	NA	NA	NA	NA	NA	NA	NA	NA	NA	NA	NA	NA	NA	NA	NA	NA	NA	NA	NA	NA	NA	NA	NA	NA	NA	NA	NA	NA	NA	NA	NA	NA	NA	NA	NA	NA	NA	NA	NA	NA	NA	NA	NA	NA	NA	NA	NA
cg17182464	NA	NA	NA	NA	NA	NA	NA	NA	NA	NA	NA	NA	NA	NA	NA	NA	NA	NA	NA	NA	NA	NA	NA	NA	NA	NA	NA	NA	NA	NA	NA	NA	NA	NA	NA	NA	NA	NA	NA	NA	NA	NA	NA	NA	NA	NA	NA	NA	NA	NA	NA	NA	NA	NA	NA	NA	NA	NA	NA	NA	NA	NA	NA	NA	NA	NA	NA	NA	NA	NA	NA	NA	NA	NA	NA	NA	NA	NA	NA	NA
cg17210130	NA	NA	NA	NA	NA	NA	NA	NA	NA	NA	NA	NA	NA	NA	NA	NA	NA	NA	NA	NA	NA	NA	NA	NA	NA	NA	NA	NA	NA	NA	NA	NA	NA	NA	NA	NA	NA	NA	NA	NA	NA	NA	NA	NA	NA	NA	NA	NA	NA	NA	NA	NA	NA	NA	NA	NA	NA	NA	NA	NA	NA	NA	NA	NA	NA	NA	NA	NA	NA	NA	NA	NA	NA	NA	NA	NA	NA	NA	NA	NA
cg17216266	0.956532144599112	0.960985755214363	0.924317126744549	0.957940097814966	0.925171510918508	0.943711280197997	0.937932060733152	0.899698204079135	0.948378591757608	0.938050429517306	0.77560854383452	0.935347189243143	0.951340802779885	0.919586738341355	0.940380494735421	0.884142901305004	0.946864806297938	0.954910821899721	0.948448449129323	0.942005017189794	0.933166252970587	0.92402811739579	0.936306279429934	0.936762016792598	0.916545016690829	0.92247821006211	0.875590967539416	0.903821669164235	0.92616130235431	0.930979911001765	0.940256955451886	0.934571370884784	0.929901394844811	0.935023677230324	0.918514689750997	0.94380554011283	0.917354948095883	0.943438758194677	0.919976970726796	0.92856113709932	0.922878492111392	0.928864599926785	0.922599110757943	0.933836624909447	0.928704485299187	0.925387322614738	0.936282120338662	0.924314067886961	0.949136450621788	0.943213077063442	0.931947060296323	0.955678188672877	0.939575400368796	0.937707179909787	0.958426208105738	0.927483342373157	0.955722008505639	0.951017767733018	0.932849396685218	0.946599922214766	0.955172818844453	0.929507731011235	0.944176931629662	0.944676992413082	0.950739936995038	0.95467267992842	0.944773577013059	0.943826774710376	0.947867123644117	0.947100805989206	0.943480621437772	0.953021854289007	0.924499686159554	0.912112756423577	0.938507491189005	0.946563929147709	0.955344332359831	0.93040654658363	0.935190730811147	0.952217233553986
cg17240701	NA	NA	NA	NA	NA	NA	NA	NA	NA	NA	NA	NA	NA	NA	NA	NA	NA	NA	NA	NA	NA	NA	NA	NA	NA	NA	NA	NA	NA	NA	NA	NA	NA	NA	NA	NA	NA	NA	NA	NA	NA	NA	NA	NA	NA	NA	NA	NA	NA	NA	NA	NA	NA	NA	NA	NA	NA	NA	NA	NA	NA	NA	NA	NA	NA	NA	NA	NA	NA	NA	NA	NA	NA	NA	NA	NA	NA	NA	NA	NA
cg17272549	0.94627043735716	0.953228091290309	0.924708904003772	0.938496692621368	0.937688223560244	0.941500403811274	0.931506457854599	0.940360307038209	0.945449069166375	0.921076829567497	0.940508404380684	0.93411623209467	0.93960029476894	0.928039421011027	0.938471631652654	0.934580804020167	0.933175935638215	0.943683583232854	0.934533781214788	0.93546187129509	0.950413693090168	0.938191678187802	0.939305914710324	0.938732858396621	0.946636242164235	0.941618905378337	0.840144967048851	0.936442716288772	0.947663727669496	0.94136392517325	0.93868943570168	0.935031193686696	0.913901128675006	0.93824992921067	0.911604468232606	0.938479325077058	0.934721247259304	0.927094784745235	0.926230919094005	0.943515530926864	0.946600478926687	0.918579546481441	0.941781719402747	0.944506274827459	0.941607984060589	0.924944296854653	0.940620279305856	0.920295594110106	0.934825405982495	0.955426346284281	0.940244545949276	0.943925370315948	0.943818403679876	0.927514916619071	0.944893979902912	0.916895501772846	0.94688483514154	0.929604299947027	0.917827763733504	0.942208602741561	0.938112253630295	0.932201279516521	0.946689012697166	0.937467601267234	0.928519249143567	0.943853175472231	0.947231590716279	0.944705003534083	0.951646406219066	0.925506327657171	0.94401951109959	0.944646282528716	0.948038356990556	0.934606910202984	0.931326237844258	0.924936719968663	0.947604151958826	0.935020326962366	0.927315690472353	0.937305366602487
cg17273919	NA	NA	NA	NA	NA	NA	NA	NA	NA	NA	NA	NA	NA	NA	NA	NA	NA	NA	NA	NA	NA	NA	NA	NA	NA	NA	NA	NA	NA	NA	NA	NA	NA	NA	NA	NA	NA	NA	NA	NA	NA	NA	NA	NA	NA	NA	NA	NA	NA	NA	NA	NA	NA	NA	NA	NA	NA	NA	NA	NA	NA	NA	NA	NA	NA	NA	NA	NA	NA	NA	NA	NA	NA	NA	NA	NA	NA	NA	NA	NA
cg17324339	NA	NA	NA	NA	NA	NA	NA	NA	NA	NA	NA	NA	NA	NA	NA	NA	NA	NA	NA	NA	NA	NA	NA	NA	NA	NA	NA	NA	NA	NA	NA	NA	NA	NA	NA	NA	NA	NA	NA	NA	NA	NA	NA	NA	NA	NA	NA	NA	NA	NA	NA	NA	NA	NA	NA	NA	NA	NA	NA	NA	NA	NA	NA	NA	NA	NA	NA	NA	NA	NA	NA	NA	NA	NA	NA	NA	NA	NA	NA	NA
cg17333139	NA	NA	NA	NA	NA	NA	NA	NA	NA	NA	NA	NA	NA	NA	NA	NA	NA	NA	NA	NA	NA	NA	NA	NA	NA	NA	NA	NA	NA	NA	NA	NA	NA	NA	NA	NA	NA	NA	NA	NA	NA	NA	NA	NA	NA	NA	NA	NA	NA	NA	NA	NA	NA	NA	NA	NA	NA	NA	NA	NA	NA	NA	NA	NA	NA	NA	NA	NA	NA	NA	NA	NA	NA	NA	NA	NA	NA	NA	NA	NA
cg17365377	NA	NA	NA	NA	NA	NA	NA	NA	NA	NA	NA	NA	NA	NA	NA	NA	NA	NA	NA	NA	NA	NA	NA	NA	NA	NA	NA	NA	NA	NA	NA	NA	NA	NA	NA	NA	NA	NA	NA	NA	NA	NA	NA	NA	NA	NA	NA	NA	NA	NA	NA	NA	NA	NA	NA	NA	NA	NA	NA	NA	NA	NA	NA	NA	NA	NA	NA	NA	NA	NA	NA	NA	NA	NA	NA	NA	NA	NA	NA	NA
cg17367457	NA	NA	NA	NA	NA	NA	NA	NA	NA	NA	NA	NA	NA	NA	NA	NA	NA	NA	NA	NA	NA	NA	NA	NA	NA	NA	NA	NA	NA	NA	NA	NA	NA	NA	NA	NA	NA	NA	NA	NA	NA	NA	NA	NA	NA	NA	NA	NA	NA	NA	NA	NA	NA	NA	NA	NA	NA	NA	NA	NA	NA	NA	NA	NA	NA	NA	NA	NA	NA	NA	NA	NA	NA	NA	NA	NA	NA	NA	NA	NA
cg17440987	NA	NA	NA	NA	NA	NA	NA	NA	NA	NA	NA	NA	NA	NA	NA	NA	NA	NA	NA	NA	NA	NA	NA	NA	NA	NA	NA	NA	NA	NA	NA	NA	NA	NA	NA	NA	NA	NA	NA	NA	NA	NA	NA	NA	NA	NA	NA	NA	NA	NA	NA	NA	NA	NA	NA	NA	NA	NA	NA	NA	NA	NA	NA	NA	NA	NA	NA	NA	NA	NA	NA	NA	NA	NA	NA	NA	NA	NA	NA	NA
cg17447300	NA	NA	NA	NA	NA	NA	NA	NA	NA	NA	NA	NA	NA	NA	NA	NA	NA	NA	NA	NA	NA	NA	NA	NA	NA	NA	NA	NA	NA	NA	NA	NA	NA	NA	NA	NA	NA	NA	NA	NA	NA	NA	NA	NA	NA	NA	NA	NA	NA	NA	NA	NA	NA	NA	NA	NA	NA	NA	NA	NA	NA	NA	NA	NA	NA	NA	NA	NA	NA	NA	NA	NA	NA	NA	NA	NA	NA	NA	NA	NA
cg17463277	0.867593112098174	0.837788303544206	0.849249031842995	0.846118335433833	0.892002879010369	0.88415951841252	0.80697720493186	0.410821203704121	0.841047121612751	0.815041167128556	0.499924496995096	0.613318400359018	0.900003393602288	0.85119282267518	0.878868406372932	0.84233431097621	0.910651260479081	0.874789524810044	0.836503708315285	0.886341035592566	0.803251759390877	0.843368813695841	0.837795028603347	0.884145613683012	0.892880699520559	0.882321676464806	0.756579529648866	0.876044114310846	0.855850956296441	0.883106345620064	0.904198470232785	0.53401412916829	0.821103901913203	0.872787715992317	0.778805613214522	0.847999578187062	0.837120279164703	0.845180625102943	0.848540528313029	0.833572726771443	0.7397196425254	0.841718696577643	0.781217484933573	0.865355460839825	0.589455900382945	0.79551799304227	0.715256132779477	0.896866733993107	0.882787115131029	0.890375050454191	0.889153847152193	0.85808102387508	0.870422747080562	0.868295140021757	0.871574832740706	0.862877087793217	0.885895773644934	0.897077960897362	0.899432585513081	0.871372931636379	0.849721788261538	0.759779548635282	0.905425373473097	0.884320913582653	0.890718446216294	0.813561882564625	0.791947488806172	0.774657277583844	0.886438199478004	0.87503368098792	0.855549444371433	0.80938673004143	0.726276878521624	0.863675448940882	0.860047970693462	0.813188293496763	0.863622097008407	0.798155172805545	0.891194150198054	0.838906386049049
cg17482273	NA	NA	NA	NA	NA	NA	NA	NA	NA	NA	NA	NA	NA	NA	NA	NA	NA	NA	NA	NA	NA	NA	NA	NA	NA	NA	NA	NA	NA	NA	NA	NA	NA	NA	NA	NA	NA	NA	NA	NA	NA	NA	NA	NA	NA	NA	NA	NA	NA	NA	NA	NA	NA	NA	NA	NA	NA	NA	NA	NA	NA	NA	NA	NA	NA	NA	NA	NA	NA	NA	NA	NA	NA	NA	NA	NA	NA	NA	NA	NA
cg17489282	NA	NA	NA	NA	NA	NA	NA	NA	NA	NA	NA	NA	NA	NA	NA	NA	NA	NA	NA	NA	NA	NA	NA	NA	NA	NA	NA	NA	NA	NA	NA	NA	NA	NA	NA	NA	NA	NA	NA	NA	NA	NA	NA	NA	NA	NA	NA	NA	NA	NA	NA	NA	NA	NA	NA	NA	NA	NA	NA	NA	NA	NA	NA	NA	NA	NA	NA	NA	NA	NA	NA	NA	NA	NA	NA	NA	NA	NA	NA	NA
cg17521526	NA	NA	NA	NA	NA	NA	NA	NA	NA	NA	NA	NA	NA	NA	NA	NA	NA	NA	NA	NA	NA	NA	NA	NA	NA	NA	NA	NA	NA	NA	NA	NA	NA	NA	NA	NA	NA	NA	NA	NA	NA	NA	NA	NA	NA	NA	NA	NA	NA	NA	NA	NA	NA	NA	NA	NA	NA	NA	NA	NA	NA	NA	NA	NA	NA	NA	NA	NA	NA	NA	NA	NA	NA	NA	NA	NA	NA	NA	NA	NA
cg17585181	NA	NA	NA	NA	NA	NA	NA	NA	NA	NA	NA	NA	NA	NA	NA	NA	NA	NA	NA	NA	NA	NA	NA	NA	NA	NA	NA	NA	NA	NA	NA	NA	NA	NA	NA	NA	NA	NA	NA	NA	NA	NA	NA	NA	NA	NA	NA	NA	NA	NA	NA	NA	NA	NA	NA	NA	NA	NA	NA	NA	NA	NA	NA	NA	NA	NA	NA	NA	NA	NA	NA	NA	NA	NA	NA	NA	NA	NA	NA	NA
cg17592693	NA	NA	NA	NA	NA	NA	NA	NA	NA	NA	NA	NA	NA	NA	NA	NA	NA	NA	NA	NA	NA	NA	NA	NA	NA	NA	NA	NA	NA	NA	NA	NA	NA	NA	NA	NA	NA	NA	NA	NA	NA	NA	NA	NA	NA	NA	NA	NA	NA	NA	NA	NA	NA	NA	NA	NA	NA	NA	NA	NA	NA	NA	NA	NA	NA	NA	NA	NA	NA	NA	NA	NA	NA	NA	NA	NA	NA	NA	NA	NA
cg17613911	NA	NA	NA	NA	NA	NA	NA	NA	NA	NA	NA	NA	NA	NA	NA	NA	NA	NA	NA	NA	NA	NA	NA	NA	NA	NA	NA	NA	NA	NA	NA	NA	NA	NA	NA	NA	NA	NA	NA	NA	NA	NA	NA	NA	NA	NA	NA	NA	NA	NA	NA	NA	NA	NA	NA	NA	NA	NA	NA	NA	NA	NA	NA	NA	NA	NA	NA	NA	NA	NA	NA	NA	NA	NA	NA	NA	NA	NA	NA	NA
cg17639413	0.900330868351992	0.938522828854958	0.845209959374756	0.946621878461331	0.937466383832653	0.94801293124604	0.591174956663994	0.858971531629915	0.96215006202183	0.953802066407543	0.825833594363853	0.921947568077533	0.933959740562029	0.937418040785141	0.924217978537044	0.482320916402035	0.526061426710288	0.896606622972125	0.926406693367899	0.963768889976308	0.944013549517903	0.895686402946384	0.94977810842544	0.970126109314742	0.916441981908066	0.935124059199674	0.867108158298271	0.939586662823904	0.925525856942068	0.946060020034435	0.937579298961836	0.899600453515936	0.935004430492075	0.942168961772934	0.879683204033704	0.558653841007911	0.85712224988221	0.936941928742836	0.949702904442216	0.938929371125007	0.736665493404766	0.91492602513933	0.849161672715626	0.926407252576841	0.763887328648022	0.911875397441456	0.938323988544534	0.877685371962344	0.954533108489092	0.940902184997466	0.958707804993198	0.928758945359707	0.90937888891533	0.932939484537102	0.955180319008735	0.950709573194409	0.942348018678834	0.636650890874794	0.93064720696369	0.96161983792388	0.937437165535276	0.91916296227194	0.9564476273691	0.923388904072463	0.954723653860877	0.939018711732078	0.932550443693437	0.914423215932455	0.953516750656688	0.864284640334042	0.935576974947392	0.906753819853901	0.818864300422726	0.907339521838567	0.937579816739072	0.948902530336927	0.946571253307773	0.647925346589866	0.960015091259836	0.922529153237617
cg17651095	NA	NA	NA	NA	NA	NA	NA	NA	NA	NA	NA	NA	NA	NA	NA	NA	NA	NA	NA	NA	NA	NA	NA	NA	NA	NA	NA	NA	NA	NA	NA	NA	NA	NA	NA	NA	NA	NA	NA	NA	NA	NA	NA	NA	NA	NA	NA	NA	NA	NA	NA	NA	NA	NA	NA	NA	NA	NA	NA	NA	NA	NA	NA	NA	NA	NA	NA	NA	NA	NA	NA	NA	NA	NA	NA	NA	NA	NA	NA	NA
cg17659797	0.913124502556906	0.955580286992173	0.915356075710767	0.91063409325386	0.93293214760426	0.93797978240745	0.947119912341597	0.927787237322036	0.898289278925059	0.939475554045461	0.919198703821218	0.914945970984084	0.909432812481149	0.90692532492199	0.925242598393702	0.8685406631158	0.937743878486173	0.934531867317893	0.931833423133509	0.933497790405068	0.93863056787994	0.934690343381325	0.894144215815	0.928016321023813	0.939337817881317	0.919176357058516	0.931779570489126	0.869476795085586	0.893408123738163	0.924846827845877	0.922033918817806	0.924136250779626	0.929025004443244	0.92720530083425	0.918530347820583	0.928200425988458	0.904485875896817	0.915484782333712	0.896629743510337	0.927747639360453	0.912910830537541	0.929135829301047	0.940885619894381	0.936759195434899	0.913295045170548	0.932139903656935	0.908414689879859	0.935589572214901	0.920833338646729	0.950035967005248	0.823810743468673	0.916688588660541	0.920169752782932	0.907227144975775	0.926221594336931	0.917876252426313	0.929291351373304	0.933190592557414	0.932755815672078	0.939041108749946	0.934055014417152	0.927452032007285	0.907541258962956	0.922535175889425	0.951211953971758	0.931837900934459	0.906824842404848	0.939061285329802	0.930055653203928	0.928751674981124	0.946866929695579	0.937361355251336	0.886478592950518	0.924881127615162	0.915665249075892	0.926934926311645	0.922371773222103	0.866310759063361	0.940357512450552	0.931676187735057
cg17727418	NA	NA	NA	NA	NA	NA	NA	NA	NA	NA	NA	NA	NA	NA	NA	NA	NA	NA	NA	NA	NA	NA	NA	NA	NA	NA	NA	NA	NA	NA	NA	NA	NA	NA	NA	NA	NA	NA	NA	NA	NA	NA	NA	NA	NA	NA	NA	NA	NA	NA	NA	NA	NA	NA	NA	NA	NA	NA	NA	NA	NA	NA	NA	NA	NA	NA	NA	NA	NA	NA	NA	NA	NA	NA	NA	NA	NA	NA	NA	NA
cg17732646	0.948991482273039	0.960039124302392	0.942848487167866	0.948237090764112	0.951672321809233	0.947674131168922	0.947431481574309	0.951156930364311	0.936846050793056	0.946341700082316	0.44712473622938	0.920286906328526	0.961030720454578	0.962186363390167	0.795639567352064	0.261475639376252	0.96105863836721	0.940154800441687	0.953698754188906	0.954036329931397	0.947720909521302	0.951533410163205	0.928229830226618	0.948301250821909	0.94259719082309	0.951886621245118	0.872961238524614	0.956258123677568	0.953920883130717	0.920385390816564	0.944561279224244	0.96056695310934	0.951669654716861	0.945361779186987	0.937983385396984	0.954050930025814	0.962138900598529	0.947795681880122	0.956494079348701	0.957901368147004	0.945370371690897	0.953881843086169	0.954620449544187	0.941478638702232	0.953632948770543	0.943295793025493	0.960631527791189	0.951138025158589	0.955806914796813	0.96137735408936	0.95111996833278	0.949455124968997	0.943044905454988	0.955708971035196	0.949545408935833	0.948390326060706	0.957923353583115	0.955764148656709	0.940351571674267	0.940838722809104	0.953556563400424	0.950369846635835	0.942012613067294	0.946719034842474	0.952119968404545	0.965550808926959	0.95338608276153	0.95219761674364	0.947480877608149	0.9517113940846	0.957919333699449	0.638890005776603	0.950303481517504	0.958468894953848	0.933594806865077	0.958818537953662	0.947736243837539	0.944726115210623	0.94125215234478	0.94909081002497
cg17857642	NA	NA	NA	NA	NA	NA	NA	NA	NA	NA	NA	NA	NA	NA	NA	NA	NA	NA	NA	NA	NA	NA	NA	NA	NA	NA	NA	NA	NA	NA	NA	NA	NA	NA	NA	NA	NA	NA	NA	NA	NA	NA	NA	NA	NA	NA	NA	NA	NA	NA	NA	NA	NA	NA	NA	NA	NA	NA	NA	NA	NA	NA	NA	NA	NA	NA	NA	NA	NA	NA	NA	NA	NA	NA	NA	NA	NA	NA	NA	NA
cg17862146	NA	NA	NA	NA	NA	NA	NA	NA	NA	NA	NA	NA	NA	NA	NA	NA	NA	NA	NA	NA	NA	NA	NA	NA	NA	NA	NA	NA	NA	NA	NA	NA	NA	NA	NA	NA	NA	NA	NA	NA	NA	NA	NA	NA	NA	NA	NA	NA	NA	NA	NA	NA	NA	NA	NA	NA	NA	NA	NA	NA	NA	NA	NA	NA	NA	NA	NA	NA	NA	NA	NA	NA	NA	NA	NA	NA	NA	NA	NA	NA
cg17900273	NA	NA	NA	NA	NA	NA	NA	NA	NA	NA	NA	NA	NA	NA	NA	NA	NA	NA	NA	NA	NA	NA	NA	NA	NA	NA	NA	NA	NA	NA	NA	NA	NA	NA	NA	NA	NA	NA	NA	NA	NA	NA	NA	NA	NA	NA	NA	NA	NA	NA	NA	NA	NA	NA	NA	NA	NA	NA	NA	NA	NA	NA	NA	NA	NA	NA	NA	NA	NA	NA	NA	NA	NA	NA	NA	NA	NA	NA	NA	NA
cg17917920	NA	NA	NA	NA	NA	NA	NA	NA	NA	NA	NA	NA	NA	NA	NA	NA	NA	NA	NA	NA	NA	NA	NA	NA	NA	NA	NA	NA	NA	NA	NA	NA	NA	NA	NA	NA	NA	NA	NA	NA	NA	NA	NA	NA	NA	NA	NA	NA	NA	NA	NA	NA	NA	NA	NA	NA	NA	NA	NA	NA	NA	NA	NA	NA	NA	NA	NA	NA	NA	NA	NA	NA	NA	NA	NA	NA	NA	NA	NA	NA
cg17935214	0.609601474060319	0.742985545774437	0.712793974450575	0.641242191610093	0.736555739404912	0.756883962078677	0.703964002761209	0.7293517458578	0.501721082766607	0.730598923360073	0.508196477017122	0.65914220898687	0.776277234062169	0.767329957135114	0.743456706888691	0.599812287663356	0.451763938879416	0.728808063160443	0.675475943881654	0.731971240302703	0.752054350207667	0.740087505079382	0.715380765752514	0.728638666958245	0.719982387714861	0.471207184979681	0.732310783335754	0.74412741100743	0.756963604984739	0.748858690775599	0.690582349344348	0.451360393264028	0.710606467972464	0.743332030576097	0.732495070286538	0.734375809472832	0.730988491572048	0.759810126676629	0.709041237852376	0.670930447955136	0.571162103990674	0.690304002622181	0.641418764774607	0.755249066656183	0.620770955257041	0.706384224060859	0.624685301569052	0.735783592577428	0.71471602094466	0.726799262179136	0.774324510234213	0.73520004854165	0.729424422416065	0.716116864032411	0.741486891600614	0.722355740594567	0.746268122773601	0.745305603476759	0.759106732657938	0.715193919160887	0.715420025866396	0.708829087111999	0.732648177511261	0.764497227565765	0.722177309396003	0.700565291597971	0.698773647399878	0.650070892327591	0.764781838035402	0.74767665314001	0.421792564964145	0.712536090957806	0.528239094361502	0.71237686448504	0.751443494964575	0.767027774833861	0.737892730464344	0.632758312466852	0.725531408092979	0.74125092682035
cg17947225	NA	NA	NA	NA	NA	NA	NA	NA	NA	NA	NA	NA	NA	NA	NA	NA	NA	NA	NA	NA	NA	NA	NA	NA	NA	NA	NA	NA	NA	NA	NA	NA	NA	NA	NA	NA	NA	NA	NA	NA	NA	NA	NA	NA	NA	NA	NA	NA	NA	NA	NA	NA	NA	NA	NA	NA	NA	NA	NA	NA	NA	NA	NA	NA	NA	NA	NA	NA	NA	NA	NA	NA	NA	NA	NA	NA	NA	NA	NA	NA
cg17967453	NA	NA	NA	NA	NA	NA	NA	NA	NA	NA	NA	NA	NA	NA	NA	NA	NA	NA	NA	NA	NA	NA	NA	NA	NA	NA	NA	NA	NA	NA	NA	NA	NA	NA	NA	NA	NA	NA	NA	NA	NA	NA	NA	NA	NA	NA	NA	NA	NA	NA	NA	NA	NA	NA	NA	NA	NA	NA	NA	NA	NA	NA	NA	NA	NA	NA	NA	NA	NA	NA	NA	NA	NA	NA	NA	NA	NA	NA	NA	NA
cg18030084	NA	NA	NA	NA	NA	NA	NA	NA	NA	NA	NA	NA	NA	NA	NA	NA	NA	NA	NA	NA	NA	NA	NA	NA	NA	NA	NA	NA	NA	NA	NA	NA	NA	NA	NA	NA	NA	NA	NA	NA	NA	NA	NA	NA	NA	NA	NA	NA	NA	NA	NA	NA	NA	NA	NA	NA	NA	NA	NA	NA	NA	NA	NA	NA	NA	NA	NA	NA	NA	NA	NA	NA	NA	NA	NA	NA	NA	NA	NA	NA
cg18047609	0.950472638990496	0.937431670087179	0.918440939317427	0.943014199361687	0.931340320756284	0.93920219692023	0.835938749325749	0.91141598965856	0.938996326472953	0.938701180447862	0.921306332607186	0.828054058102075	0.943670569846648	0.938755436624577	0.942649155928565	0.924715575597094	0.929108308905249	0.941518499406148	0.940876429578292	0.902996808007634	0.934747768652243	0.942800174433645	0.940078984866371	0.940934576533174	0.89688858787918	0.954712538079668	0.940921564606901	0.942303072664394	0.948640123470686	0.934062529994097	0.938570220677982	0.919190439018422	0.943743463192235	0.941533933325793	0.935763194720665	0.953005378883758	0.933511844453464	0.945878247861554	0.947873848201423	0.939830532920146	0.92405301847562	0.914971580788922	0.938631719096506	0.950026876759428	0.928593045609617	0.913604268423787	0.941500444133242	0.927397384830177	0.936117443241852	0.957150619194707	0.951005096468777	0.949941628875271	0.946226056570067	0.941348086080861	0.825354818649885	0.953982010462067	0.952162584406385	0.947787252151503	0.92941119779335	0.9373984191498	0.940024755945019	0.944595008361274	0.944076364921632	0.922362519960718	0.956201633302258	0.930005651386421	0.948200785832633	0.948886921635362	0.945090946199492	0.944915374734596	0.940493260426299	0.937508725980136	0.90479383272694	0.932133026485081	0.942484085343008	0.928928557978182	0.916278371586036	0.829532996539753	0.941487587665788	0.942558578569258
cg18067665	NA	NA	NA	NA	NA	NA	NA	NA	NA	NA	NA	NA	NA	NA	NA	NA	NA	NA	NA	NA	NA	NA	NA	NA	NA	NA	NA	NA	NA	NA	NA	NA	NA	NA	NA	NA	NA	NA	NA	NA	NA	NA	NA	NA	NA	NA	NA	NA	NA	NA	NA	NA	NA	NA	NA	NA	NA	NA	NA	NA	NA	NA	NA	NA	NA	NA	NA	NA	NA	NA	NA	NA	NA	NA	NA	NA	NA	NA	NA	NA
cg18070057	NA	NA	NA	NA	NA	NA	NA	NA	NA	NA	NA	NA	NA	NA	NA	NA	NA	NA	NA	NA	NA	NA	NA	NA	NA	NA	NA	NA	NA	NA	NA	NA	NA	NA	NA	NA	NA	NA	NA	NA	NA	NA	NA	NA	NA	NA	NA	NA	NA	NA	NA	NA	NA	NA	NA	NA	NA	NA	NA	NA	NA	NA	NA	NA	NA	NA	NA	NA	NA	NA	NA	NA	NA	NA	NA	NA	NA	NA	NA	NA
cg18086868	0.942829089401784	0.939282049801393	0.938807719308993	0.908957538218336	0.952923526095518	0.938066687321207	0.94273326063395	0.915403593479275	0.962978813558007	0.941455526667062	0.924327019575768	0.905427204541365	0.949426362984097	0.948996808999491	0.943078995171369	0.883143408290115	0.94514200097361	0.944293992531566	0.9499303039579	0.964728258948837	0.936718296812176	0.946084830333832	0.89056418210821	0.94406515730872	0.943437363406755	0.961740154573059	0.681899447859175	0.943653723388007	0.951762651691137	0.953191515284149	0.942853640246733	0.843474089895114	0.798108038079771	0.947050497543724	0.889510132614526	0.947376372550551	0.958593030109783	0.939806551871769	0.924656015223975	0.933676124555977	0.905711728042516	0.941789879538694	0.953519076057724	0.911033619695486	0.940516111439578	0.875186895558807	0.935057454687393	0.959811730231211	0.935050332520307	0.955162633968584	0.801596468099494	0.953138584919186	0.913048183828973	0.953099476783482	0.955734976013167	0.93811353178753	0.939143366650039	0.941260669215031	0.9389443007813	0.932307904792685	0.959153740636051	0.900361671773697	0.953821378155548	0.937870077917603	0.948918106518774	0.823799754389194	0.954255722272129	0.946345047111167	0.953330831045571	0.95228686713643	0.946453031044368	0.824451958650999	0.9122414698231	0.914296311697683	0.950100281084189	0.832473859352955	0.952076034143271	0.919511288908538	0.950957611741128	0.955305866966474
cg18105665	0.957225814813455	0.949681157572868	0.96071260151997	0.950048163719017	0.938309460357176	0.954144813735094	0.957203119014011	0.959740347574691	0.967611559590762	0.951187773076705	0.944525710848416	0.960556556439608	0.959668230775713	0.941922258259821	0.963032450439299	0.947786437514281	0.947228293246703	0.952621091184458	0.95446771901591	0.936038242554625	0.923384059896466	0.951757510321802	0.949961345656417	0.941867873580914	0.935313450257326	0.949698460630429	0.931883452757841	0.952906136583443	0.951141582450062	0.941669311995295	0.954749104971992	0.970470240146157	0.716153327321524	0.941272730317817	0.959383333218875	0.948828617466139	0.960152802770188	0.949899801654795	0.938487204315338	0.954638529670444	0.947570134466181	0.946381044183728	0.945308120343363	0.956330940710339	0.968603665713951	0.943914244407372	0.947860160384305	0.943170526994005	0.960219349711975	0.950760833968716	0.963633549316661	0.959665668372374	0.943889471096435	0.954827708658506	0.959870546065319	0.959430130344601	0.950346382812762	0.961838120542014	0.95743402123864	0.945858758709502	0.964398865630809	0.958875915644759	0.958773832108123	0.947233207100891	0.961161554919998	0.950205831771974	0.955714256429884	0.952952933073086	0.956879260078726	0.949443105324619	0.958131704456926	0.938550192385229	0.943885259943941	0.937626422078675	0.946673618079123	0.94660818876069	0.966499743306548	0.952610639863268	0.944124950145033	0.955848511796896
cg18140324	NA	NA	NA	NA	NA	NA	NA	NA	NA	NA	NA	NA	NA	NA	NA	NA	NA	NA	NA	NA	NA	NA	NA	NA	NA	NA	NA	NA	NA	NA	NA	NA	NA	NA	NA	NA	NA	NA	NA	NA	NA	NA	NA	NA	NA	NA	NA	NA	NA	NA	NA	NA	NA	NA	NA	NA	NA	NA	NA	NA	NA	NA	NA	NA	NA	NA	NA	NA	NA	NA	NA	NA	NA	NA	NA	NA	NA	NA	NA	NA
cg18143116	NA	NA	NA	NA	NA	NA	NA	NA	NA	NA	NA	NA	NA	NA	NA	NA	NA	NA	NA	NA	NA	NA	NA	NA	NA	NA	NA	NA	NA	NA	NA	NA	NA	NA	NA	NA	NA	NA	NA	NA	NA	NA	NA	NA	NA	NA	NA	NA	NA	NA	NA	NA	NA	NA	NA	NA	NA	NA	NA	NA	NA	NA	NA	NA	NA	NA	NA	NA	NA	NA	NA	NA	NA	NA	NA	NA	NA	NA	NA	NA
cg18183019	NA	NA	NA	NA	NA	NA	NA	NA	NA	NA	NA	NA	NA	NA	NA	NA	NA	NA	NA	NA	NA	NA	NA	NA	NA	NA	NA	NA	NA	NA	NA	NA	NA	NA	NA	NA	NA	NA	NA	NA	NA	NA	NA	NA	NA	NA	NA	NA	NA	NA	NA	NA	NA	NA	NA	NA	NA	NA	NA	NA	NA	NA	NA	NA	NA	NA	NA	NA	NA	NA	NA	NA	NA	NA	NA	NA	NA	NA	NA	NA
cg18193230	NA	NA	NA	NA	NA	NA	NA	NA	NA	NA	NA	NA	NA	NA	NA	NA	NA	NA	NA	NA	NA	NA	NA	NA	NA	NA	NA	NA	NA	NA	NA	NA	NA	NA	NA	NA	NA	NA	NA	NA	NA	NA	NA	NA	NA	NA	NA	NA	NA	NA	NA	NA	NA	NA	NA	NA	NA	NA	NA	NA	NA	NA	NA	NA	NA	NA	NA	NA	NA	NA	NA	NA	NA	NA	NA	NA	NA	NA	NA	NA
cg18221988	NA	NA	NA	NA	NA	NA	NA	NA	NA	NA	NA	NA	NA	NA	NA	NA	NA	NA	NA	NA	NA	NA	NA	NA	NA	NA	NA	NA	NA	NA	NA	NA	NA	NA	NA	NA	NA	NA	NA	NA	NA	NA	NA	NA	NA	NA	NA	NA	NA	NA	NA	NA	NA	NA	NA	NA	NA	NA	NA	NA	NA	NA	NA	NA	NA	NA	NA	NA	NA	NA	NA	NA	NA	NA	NA	NA	NA	NA	NA	NA
cg18274510	0.304215880484342	0.700397351575309	0.216697702952165	0.404912081670957	0.367142111026448	0.844069530068547	0.390469780022139	0.715169765539321	0.368960952231043	0.471693061728804	0.513184096318439	0.489390957000975	0.510035744160827	0.55186842931557	0.751832241756668	0.378803326472841	0.493881022150977	0.588896146670392	0.542837505418747	0.629199865662128	0.383265985429255	0.594682909409837	0.544558147102226	0.652593186371452	0.85919471737926	0.429902991774493	0.662037816937814	0.596986621536733	0.24813240710812	0.4564784365715	0.377139162351136	0.0971633410946863	0.552620145774512	0.510757934026473	0.731158101634954	0.759317646932146	0.488286493806054	0.159297792604662	0.545533430348755	0.510111247217857	0.375895908555395	0.633898355983976	0.361464613971648	0.666004180243972	0.154534202856974	0.52628831917371	0.246509772361439	0.307058793171263	0.632255559402584	0.328051787642416	0.760563248638239	0.392613034667032	0.251302798091635	0.511736462913199	0.234296276708703	0.657136964704014	0.271784670151678	0.662918797012986	0.725432774326226	0.816946655552908	0.262419017108988	0.402470033150285	0.785080595834823	0.466534687889161	0.424450884913658	0.496357024860197	0.444647684946334	0.23336133792072	0.687324047963539	0.344544599184098	0.827065836992997	0.873784147783599	0.374115194615217	0.747225768264974	0.685880885756559	0.609949869108128	0.750349971032629	0.341892584835659	0.319055161590851	0.352844014446183
cg18274732	NA	NA	NA	NA	NA	NA	NA	NA	NA	NA	NA	NA	NA	NA	NA	NA	NA	NA	NA	NA	NA	NA	NA	NA	NA	NA	NA	NA	NA	NA	NA	NA	NA	NA	NA	NA	NA	NA	NA	NA	NA	NA	NA	NA	NA	NA	NA	NA	NA	NA	NA	NA	NA	NA	NA	NA	NA	NA	NA	NA	NA	NA	NA	NA	NA	NA	NA	NA	NA	NA	NA	NA	NA	NA	NA	NA	NA	NA	NA	NA
cg18275339	NA	NA	NA	NA	NA	NA	NA	NA	NA	NA	NA	NA	NA	NA	NA	NA	NA	NA	NA	NA	NA	NA	NA	NA	NA	NA	NA	NA	NA	NA	NA	NA	NA	NA	NA	NA	NA	NA	NA	NA	NA	NA	NA	NA	NA	NA	NA	NA	NA	NA	NA	NA	NA	NA	NA	NA	NA	NA	NA	NA	NA	NA	NA	NA	NA	NA	NA	NA	NA	NA	NA	NA	NA	NA	NA	NA	NA	NA	NA	NA
cg18296448	NA	NA	NA	NA	NA	NA	NA	NA	NA	NA	NA	NA	NA	NA	NA	NA	NA	NA	NA	NA	NA	NA	NA	NA	NA	NA	NA	NA	NA	NA	NA	NA	NA	NA	NA	NA	NA	NA	NA	NA	NA	NA	NA	NA	NA	NA	NA	NA	NA	NA	NA	NA	NA	NA	NA	NA	NA	NA	NA	NA	NA	NA	NA	NA	NA	NA	NA	NA	NA	NA	NA	NA	NA	NA	NA	NA	NA	NA	NA	NA
cg18309935	NA	NA	NA	NA	NA	NA	NA	NA	NA	NA	NA	NA	NA	NA	NA	NA	NA	NA	NA	NA	NA	NA	NA	NA	NA	NA	NA	NA	NA	NA	NA	NA	NA	NA	NA	NA	NA	NA	NA	NA	NA	NA	NA	NA	NA	NA	NA	NA	NA	NA	NA	NA	NA	NA	NA	NA	NA	NA	NA	NA	NA	NA	NA	NA	NA	NA	NA	NA	NA	NA	NA	NA	NA	NA	NA	NA	NA	NA	NA	NA
cg18360585	NA	NA	NA	NA	NA	NA	NA	NA	NA	NA	NA	NA	NA	NA	NA	NA	NA	NA	NA	NA	NA	NA	NA	NA	NA	NA	NA	NA	NA	NA	NA	NA	NA	NA	NA	NA	NA	NA	NA	NA	NA	NA	NA	NA	NA	NA	NA	NA	NA	NA	NA	NA	NA	NA	NA	NA	NA	NA	NA	NA	NA	NA	NA	NA	NA	NA	NA	NA	NA	NA	NA	NA	NA	NA	NA	NA	NA	NA	NA	NA
cg18381729	NA	NA	NA	NA	NA	NA	NA	NA	NA	NA	NA	NA	NA	NA	NA	NA	NA	NA	NA	NA	NA	NA	NA	NA	NA	NA	NA	NA	NA	NA	NA	NA	NA	NA	NA	NA	NA	NA	NA	NA	NA	NA	NA	NA	NA	NA	NA	NA	NA	NA	NA	NA	NA	NA	NA	NA	NA	NA	NA	NA	NA	NA	NA	NA	NA	NA	NA	NA	NA	NA	NA	NA	NA	NA	NA	NA	NA	NA	NA	NA
cg18401511	NA	NA	NA	NA	NA	NA	NA	NA	NA	NA	NA	NA	NA	NA	NA	NA	NA	NA	NA	NA	NA	NA	NA	NA	NA	NA	NA	NA	NA	NA	NA	NA	NA	NA	NA	NA	NA	NA	NA	NA	NA	NA	NA	NA	NA	NA	NA	NA	NA	NA	NA	NA	NA	NA	NA	NA	NA	NA	NA	NA	NA	NA	NA	NA	NA	NA	NA	NA	NA	NA	NA	NA	NA	NA	NA	NA	NA	NA	NA	NA
cg18402433	NA	NA	NA	NA	NA	NA	NA	NA	NA	NA	NA	NA	NA	NA	NA	NA	NA	NA	NA	NA	NA	NA	NA	NA	NA	NA	NA	NA	NA	NA	NA	NA	NA	NA	NA	NA	NA	NA	NA	NA	NA	NA	NA	NA	NA	NA	NA	NA	NA	NA	NA	NA	NA	NA	NA	NA	NA	NA	NA	NA	NA	NA	NA	NA	NA	NA	NA	NA	NA	NA	NA	NA	NA	NA	NA	NA	NA	NA	NA	NA
cg18458116	NA	NA	NA	NA	NA	NA	NA	NA	NA	NA	NA	NA	NA	NA	NA	NA	NA	NA	NA	NA	NA	NA	NA	NA	NA	NA	NA	NA	NA	NA	NA	NA	NA	NA	NA	NA	NA	NA	NA	NA	NA	NA	NA	NA	NA	NA	NA	NA	NA	NA	NA	NA	NA	NA	NA	NA	NA	NA	NA	NA	NA	NA	NA	NA	NA	NA	NA	NA	NA	NA	NA	NA	NA	NA	NA	NA	NA	NA	NA	NA
cg18461093	NA	NA	NA	NA	NA	NA	NA	NA	NA	NA	NA	NA	NA	NA	NA	NA	NA	NA	NA	NA	NA	NA	NA	NA	NA	NA	NA	NA	NA	NA	NA	NA	NA	NA	NA	NA	NA	NA	NA	NA	NA	NA	NA	NA	NA	NA	NA	NA	NA	NA	NA	NA	NA	NA	NA	NA	NA	NA	NA	NA	NA	NA	NA	NA	NA	NA	NA	NA	NA	NA	NA	NA	NA	NA	NA	NA	NA	NA	NA	NA
cg18474718	NA	NA	NA	NA	NA	NA	NA	NA	NA	NA	NA	NA	NA	NA	NA	NA	NA	NA	NA	NA	NA	NA	NA	NA	NA	NA	NA	NA	NA	NA	NA	NA	NA	NA	NA	NA	NA	NA	NA	NA	NA	NA	NA	NA	NA	NA	NA	NA	NA	NA	NA	NA	NA	NA	NA	NA	NA	NA	NA	NA	NA	NA	NA	NA	NA	NA	NA	NA	NA	NA	NA	NA	NA	NA	NA	NA	NA	NA	NA	NA
cg18494563	NA	NA	NA	NA	NA	NA	NA	NA	NA	NA	NA	NA	NA	NA	NA	NA	NA	NA	NA	NA	NA	NA	NA	NA	NA	NA	NA	NA	NA	NA	NA	NA	NA	NA	NA	NA	NA	NA	NA	NA	NA	NA	NA	NA	NA	NA	NA	NA	NA	NA	NA	NA	NA	NA	NA	NA	NA	NA	NA	NA	NA	NA	NA	NA	NA	NA	NA	NA	NA	NA	NA	NA	NA	NA	NA	NA	NA	NA	NA	NA
cg18516241	NA	NA	NA	NA	NA	NA	NA	NA	NA	NA	NA	NA	NA	NA	NA	NA	NA	NA	NA	NA	NA	NA	NA	NA	NA	NA	NA	NA	NA	NA	NA	NA	NA	NA	NA	NA	NA	NA	NA	NA	NA	NA	NA	NA	NA	NA	NA	NA	NA	NA	NA	NA	NA	NA	NA	NA	NA	NA	NA	NA	NA	NA	NA	NA	NA	NA	NA	NA	NA	NA	NA	NA	NA	NA	NA	NA	NA	NA	NA	NA
cg18522822	NA	NA	NA	NA	NA	NA	NA	NA	NA	NA	NA	NA	NA	NA	NA	NA	NA	NA	NA	NA	NA	NA	NA	NA	NA	NA	NA	NA	NA	NA	NA	NA	NA	NA	NA	NA	NA	NA	NA	NA	NA	NA	NA	NA	NA	NA	NA	NA	NA	NA	NA	NA	NA	NA	NA	NA	NA	NA	NA	NA	NA	NA	NA	NA	NA	NA	NA	NA	NA	NA	NA	NA	NA	NA	NA	NA	NA	NA	NA	NA
cg18528124	NA	NA	NA	NA	NA	NA	NA	NA	NA	NA	NA	NA	NA	NA	NA	NA	NA	NA	NA	NA	NA	NA	NA	NA	NA	NA	NA	NA	NA	NA	NA	NA	NA	NA	NA	NA	NA	NA	NA	NA	NA	NA	NA	NA	NA	NA	NA	NA	NA	NA	NA	NA	NA	NA	NA	NA	NA	NA	NA	NA	NA	NA	NA	NA	NA	NA	NA	NA	NA	NA	NA	NA	NA	NA	NA	NA	NA	NA	NA	NA
cg18545561	0.873454061365102	0.891971966184353	0.859615825921312	0.894817615467061	0.887864019931073	0.84980763725212	0.861484299224403	0.872801695775151	0.896679923309856	0.887394229970776	0.878045659492333	0.878169727023852	0.88607356122158	0.913853330427519	0.887721605299855	0.812175309270127	0.884102928033474	0.872578878817842	0.849685631706526	0.932229476428503	0.914739150039229	0.87679312704831	0.889105167131549	0.916451028767268	0.895440076840939	0.860509045008655	0.885598276102063	0.913574963510579	0.857301327774256	0.857920897354945	0.891753176822843	0.865392969715173	0.880584794695386	0.884640748932554	0.895706451481007	0.857899083241702	0.907134390878916	0.896911838246118	0.830848246333368	0.905476116905553	0.832497547538705	0.844089541478098	0.851151961503128	0.913235379961148	0.864712773072618	0.852434489067934	0.864935291161422	0.865297933668449	0.876795337622645	0.887090997587174	0.897885576678739	0.884052439255045	0.877413253638064	0.876741533521239	0.891088028781518	0.837904756194777	0.903849394755307	0.860237304572876	0.840281095953976	0.839230329787458	0.720534448426175	0.895349755511064	0.899281141978908	0.890818651469315	0.882729552104697	0.899976290106519	0.871613244217697	0.894599872570159	0.912937479726191	0.900231276458252	0.871402371186042	0.887629922332479	0.84502501759895	0.851868249145341	0.898919452270231	0.92443154871001	0.88362395824306	0.893406714917231	0.893169287953813	0.887887245741339
cg18569952	NA	NA	NA	NA	NA	NA	NA	NA	NA	NA	NA	NA	NA	NA	NA	NA	NA	NA	NA	NA	NA	NA	NA	NA	NA	NA	NA	NA	NA	NA	NA	NA	NA	NA	NA	NA	NA	NA	NA	NA	NA	NA	NA	NA	NA	NA	NA	NA	NA	NA	NA	NA	NA	NA	NA	NA	NA	NA	NA	NA	NA	NA	NA	NA	NA	NA	NA	NA	NA	NA	NA	NA	NA	NA	NA	NA	NA	NA	NA	NA
cg18604215	NA	NA	NA	NA	NA	NA	NA	NA	NA	NA	NA	NA	NA	NA	NA	NA	NA	NA	NA	NA	NA	NA	NA	NA	NA	NA	NA	NA	NA	NA	NA	NA	NA	NA	NA	NA	NA	NA	NA	NA	NA	NA	NA	NA	NA	NA	NA	NA	NA	NA	NA	NA	NA	NA	NA	NA	NA	NA	NA	NA	NA	NA	NA	NA	NA	NA	NA	NA	NA	NA	NA	NA	NA	NA	NA	NA	NA	NA	NA	NA
cg18623351	NA	NA	NA	NA	NA	NA	NA	NA	NA	NA	NA	NA	NA	NA	NA	NA	NA	NA	NA	NA	NA	NA	NA	NA	NA	NA	NA	NA	NA	NA	NA	NA	NA	NA	NA	NA	NA	NA	NA	NA	NA	NA	NA	NA	NA	NA	NA	NA	NA	NA	NA	NA	NA	NA	NA	NA	NA	NA	NA	NA	NA	NA	NA	NA	NA	NA	NA	NA	NA	NA	NA	NA	NA	NA	NA	NA	NA	NA	NA	NA
cg18625258	NA	NA	NA	NA	NA	NA	NA	NA	NA	NA	NA	NA	NA	NA	NA	NA	NA	NA	NA	NA	NA	NA	NA	NA	NA	NA	NA	NA	NA	NA	NA	NA	NA	NA	NA	NA	NA	NA	NA	NA	NA	NA	NA	NA	NA	NA	NA	NA	NA	NA	NA	NA	NA	NA	NA	NA	NA	NA	NA	NA	NA	NA	NA	NA	NA	NA	NA	NA	NA	NA	NA	NA	NA	NA	NA	NA	NA	NA	NA	NA
cg18631513	NA	NA	NA	NA	NA	NA	NA	NA	NA	NA	NA	NA	NA	NA	NA	NA	NA	NA	NA	NA	NA	NA	NA	NA	NA	NA	NA	NA	NA	NA	NA	NA	NA	NA	NA	NA	NA	NA	NA	NA	NA	NA	NA	NA	NA	NA	NA	NA	NA	NA	NA	NA	NA	NA	NA	NA	NA	NA	NA	NA	NA	NA	NA	NA	NA	NA	NA	NA	NA	NA	NA	NA	NA	NA	NA	NA	NA	NA	NA	NA
cg18637291	NA	NA	NA	NA	NA	NA	NA	NA	NA	NA	NA	NA	NA	NA	NA	NA	NA	NA	NA	NA	NA	NA	NA	NA	NA	NA	NA	NA	NA	NA	NA	NA	NA	NA	NA	NA	NA	NA	NA	NA	NA	NA	NA	NA	NA	NA	NA	NA	NA	NA	NA	NA	NA	NA	NA	NA	NA	NA	NA	NA	NA	NA	NA	NA	NA	NA	NA	NA	NA	NA	NA	NA	NA	NA	NA	NA	NA	NA	NA	NA
cg18690712	NA	NA	NA	NA	NA	NA	NA	NA	NA	NA	NA	NA	NA	NA	NA	NA	NA	NA	NA	NA	NA	NA	NA	NA	NA	NA	NA	NA	NA	NA	NA	NA	NA	NA	NA	NA	NA	NA	NA	NA	NA	NA	NA	NA	NA	NA	NA	NA	NA	NA	NA	NA	NA	NA	NA	NA	NA	NA	NA	NA	NA	NA	NA	NA	NA	NA	NA	NA	NA	NA	NA	NA	NA	NA	NA	NA	NA	NA	NA	NA
cg18738114	NA	NA	NA	NA	NA	NA	NA	NA	NA	NA	NA	NA	NA	NA	NA	NA	NA	NA	NA	NA	NA	NA	NA	NA	NA	NA	NA	NA	NA	NA	NA	NA	NA	NA	NA	NA	NA	NA	NA	NA	NA	NA	NA	NA	NA	NA	NA	NA	NA	NA	NA	NA	NA	NA	NA	NA	NA	NA	NA	NA	NA	NA	NA	NA	NA	NA	NA	NA	NA	NA	NA	NA	NA	NA	NA	NA	NA	NA	NA	NA
cg18771118	NA	NA	NA	NA	NA	NA	NA	NA	NA	NA	NA	NA	NA	NA	NA	NA	NA	NA	NA	NA	NA	NA	NA	NA	NA	NA	NA	NA	NA	NA	NA	NA	NA	NA	NA	NA	NA	NA	NA	NA	NA	NA	NA	NA	NA	NA	NA	NA	NA	NA	NA	NA	NA	NA	NA	NA	NA	NA	NA	NA	NA	NA	NA	NA	NA	NA	NA	NA	NA	NA	NA	NA	NA	NA	NA	NA	NA	NA	NA	NA
cg18793886	NA	NA	NA	NA	NA	NA	NA	NA	NA	NA	NA	NA	NA	NA	NA	NA	NA	NA	NA	NA	NA	NA	NA	NA	NA	NA	NA	NA	NA	NA	NA	NA	NA	NA	NA	NA	NA	NA	NA	NA	NA	NA	NA	NA	NA	NA	NA	NA	NA	NA	NA	NA	NA	NA	NA	NA	NA	NA	NA	NA	NA	NA	NA	NA	NA	NA	NA	NA	NA	NA	NA	NA	NA	NA	NA	NA	NA	NA	NA	NA
cg18802268	0.902501672924973	0.89082155478176	0.891108866382904	0.899873809003116	0.903277565731735	0.865809674310304	0.890330636584561	0.893793139902852	0.92873402095122	0.917803225247882	0.910682683839422	0.961142231204257	0.902871582119282	0.904291058664998	0.913536729785281	0.904151742810367	0.937271524211138	0.922567153422457	0.905157832115554	0.863781246395617	0.914088913120624	0.903887587043538	0.888187424409735	0.870834027931456	0.879242242801388	0.901746720487078	0.881639293392524	0.872886912984824	0.912798619975343	0.884470744320682	0.910094293371967	0.919369468966285	0.862171384366622	0.878893439351012	0.902465626686362	0.907081740591895	0.936246412170984	0.94472293991936	0.88501400283623	0.912615069232649	0.927366156224366	0.887574286948158	0.884915117910064	0.919873827119104	0.904462142631508	0.908561866828481	0.919625433520022	0.923346724279799	0.912950365389901	0.888232948080466	0.886400651129148	0.93074580394207	0.901567892743582	0.913083082192005	0.922235332524693	0.897770490888727	0.886774665648053	0.901668327948453	0.924851649849002	0.914883729239941	0.894687772965857	0.895178045567958	0.925090939342747	0.927126185074978	0.917443976399651	0.918518718631883	0.868514218451908	0.913123870321016	0.890447467680288	0.923912801171082	0.91295169189599	0.916489175692227	0.886501742090911	0.903978191489403	0.892313104067189	0.914877385517764	0.892923498260494	0.884046781728605	0.849250256696712	0.916240580209796
cg18817246	NA	NA	NA	NA	NA	NA	NA	NA	NA	NA	NA	NA	NA	NA	NA	NA	NA	NA	NA	NA	NA	NA	NA	NA	NA	NA	NA	NA	NA	NA	NA	NA	NA	NA	NA	NA	NA	NA	NA	NA	NA	NA	NA	NA	NA	NA	NA	NA	NA	NA	NA	NA	NA	NA	NA	NA	NA	NA	NA	NA	NA	NA	NA	NA	NA	NA	NA	NA	NA	NA	NA	NA	NA	NA	NA	NA	NA	NA	NA	NA
cg18824501	NA	NA	NA	NA	NA	NA	NA	NA	NA	NA	NA	NA	NA	NA	NA	NA	NA	NA	NA	NA	NA	NA	NA	NA	NA	NA	NA	NA	NA	NA	NA	NA	NA	NA	NA	NA	NA	NA	NA	NA	NA	NA	NA	NA	NA	NA	NA	NA	NA	NA	NA	NA	NA	NA	NA	NA	NA	NA	NA	NA	NA	NA	NA	NA	NA	NA	NA	NA	NA	NA	NA	NA	NA	NA	NA	NA	NA	NA	NA	NA
cg18879198	0.877429040087006	0.896297598459949	0.849961833643552	0.858001284333101	0.868648375029089	0.84758173098191	0.866874650824667	0.821668211393736	0.876611727703063	0.880835512810382	0.792580310287778	0.80322268105607	0.87247620117837	0.840244892196515	0.863431949420917	0.777656096552203	0.863489138632698	0.87597788483282	0.884651477602759	0.85699215983188	0.863695741899976	0.878741243092743	0.85868566741315	0.896674735865448	0.879776836097032	0.896848431248414	0.739054624281952	0.845555198408077	0.861404987711733	0.860814063538437	0.857744940913681	0.85287273547521	0.802282273830861	0.892183073416963	0.783207786465639	0.851659116352702	0.892624922991288	0.846862843553472	0.876119256856628	0.861661431184691	0.746338983892695	0.790210044529695	0.841453804437072	0.889540517584679	0.889265067391187	0.753243202976846	0.885224332861916	0.881950679251227	0.851995284461895	0.896772207202942	0.879905584146756	0.857289421558403	0.860528102757605	0.862300777684686	0.891179240152106	0.868896033352484	0.900972768471284	0.875577906083026	0.897703009131747	0.891931154169766	0.874208851251519	0.814886523651025	0.886628123897278	0.869310560006681	0.888663091770188	0.858905405613174	0.873563223421458	0.838307538101056	0.871347114968436	0.881175209612218	0.8554588143805	0.857854642030141	0.802833936220912	0.854565235221398	0.87437618239085	0.793518112656647	0.868911356697117	0.823986245806579	0.903758826180786	0.839522635319529
cg18917270	NA	NA	NA	NA	NA	NA	NA	NA	NA	NA	NA	NA	NA	NA	NA	NA	NA	NA	NA	NA	NA	NA	NA	NA	NA	NA	NA	NA	NA	NA	NA	NA	NA	NA	NA	NA	NA	NA	NA	NA	NA	NA	NA	NA	NA	NA	NA	NA	NA	NA	NA	NA	NA	NA	NA	NA	NA	NA	NA	NA	NA	NA	NA	NA	NA	NA	NA	NA	NA	NA	NA	NA	NA	NA	NA	NA	NA	NA	NA	NA
cg18918365	NA	NA	NA	NA	NA	NA	NA	NA	NA	NA	NA	NA	NA	NA	NA	NA	NA	NA	NA	NA	NA	NA	NA	NA	NA	NA	NA	NA	NA	NA	NA	NA	NA	NA	NA	NA	NA	NA	NA	NA	NA	NA	NA	NA	NA	NA	NA	NA	NA	NA	NA	NA	NA	NA	NA	NA	NA	NA	NA	NA	NA	NA	NA	NA	NA	NA	NA	NA	NA	NA	NA	NA	NA	NA	NA	NA	NA	NA	NA	NA
cg18920490	NA	NA	NA	NA	NA	NA	NA	NA	NA	NA	NA	NA	NA	NA	NA	NA	NA	NA	NA	NA	NA	NA	NA	NA	NA	NA	NA	NA	NA	NA	NA	NA	NA	NA	NA	NA	NA	NA	NA	NA	NA	NA	NA	NA	NA	NA	NA	NA	NA	NA	NA	NA	NA	NA	NA	NA	NA	NA	NA	NA	NA	NA	NA	NA	NA	NA	NA	NA	NA	NA	NA	NA	NA	NA	NA	NA	NA	NA	NA	NA
cg19007523	NA	NA	NA	NA	NA	NA	NA	NA	NA	NA	NA	NA	NA	NA	NA	NA	NA	NA	NA	NA	NA	NA	NA	NA	NA	NA	NA	NA	NA	NA	NA	NA	NA	NA	NA	NA	NA	NA	NA	NA	NA	NA	NA	NA	NA	NA	NA	NA	NA	NA	NA	NA	NA	NA	NA	NA	NA	NA	NA	NA	NA	NA	NA	NA	NA	NA	NA	NA	NA	NA	NA	NA	NA	NA	NA	NA	NA	NA	NA	NA
cg19066691	NA	NA	NA	NA	NA	NA	NA	NA	NA	NA	NA	NA	NA	NA	NA	NA	NA	NA	NA	NA	NA	NA	NA	NA	NA	NA	NA	NA	NA	NA	NA	NA	NA	NA	NA	NA	NA	NA	NA	NA	NA	NA	NA	NA	NA	NA	NA	NA	NA	NA	NA	NA	NA	NA	NA	NA	NA	NA	NA	NA	NA	NA	NA	NA	NA	NA	NA	NA	NA	NA	NA	NA	NA	NA	NA	NA	NA	NA	NA	NA
cg19071460	NA	NA	NA	NA	NA	NA	NA	NA	NA	NA	NA	NA	NA	NA	NA	NA	NA	NA	NA	NA	NA	NA	NA	NA	NA	NA	NA	NA	NA	NA	NA	NA	NA	NA	NA	NA	NA	NA	NA	NA	NA	NA	NA	NA	NA	NA	NA	NA	NA	NA	NA	NA	NA	NA	NA	NA	NA	NA	NA	NA	NA	NA	NA	NA	NA	NA	NA	NA	NA	NA	NA	NA	NA	NA	NA	NA	NA	NA	NA	NA
cg19075506	NA	NA	NA	NA	NA	NA	NA	NA	NA	NA	NA	NA	NA	NA	NA	NA	NA	NA	NA	NA	NA	NA	NA	NA	NA	NA	NA	NA	NA	NA	NA	NA	NA	NA	NA	NA	NA	NA	NA	NA	NA	NA	NA	NA	NA	NA	NA	NA	NA	NA	NA	NA	NA	NA	NA	NA	NA	NA	NA	NA	NA	NA	NA	NA	NA	NA	NA	NA	NA	NA	NA	NA	NA	NA	NA	NA	NA	NA	NA	NA
cg19112359	NA	NA	NA	NA	NA	NA	NA	NA	NA	NA	NA	NA	NA	NA	NA	NA	NA	NA	NA	NA	NA	NA	NA	NA	NA	NA	NA	NA	NA	NA	NA	NA	NA	NA	NA	NA	NA	NA	NA	NA	NA	NA	NA	NA	NA	NA	NA	NA	NA	NA	NA	NA	NA	NA	NA	NA	NA	NA	NA	NA	NA	NA	NA	NA	NA	NA	NA	NA	NA	NA	NA	NA	NA	NA	NA	NA	NA	NA	NA	NA
cg19182919	NA	NA	NA	NA	NA	NA	NA	NA	NA	NA	NA	NA	NA	NA	NA	NA	NA	NA	NA	NA	NA	NA	NA	NA	NA	NA	NA	NA	NA	NA	NA	NA	NA	NA	NA	NA	NA	NA	NA	NA	NA	NA	NA	NA	NA	NA	NA	NA	NA	NA	NA	NA	NA	NA	NA	NA	NA	NA	NA	NA	NA	NA	NA	NA	NA	NA	NA	NA	NA	NA	NA	NA	NA	NA	NA	NA	NA	NA	NA	NA
cg19193943	NA	NA	NA	NA	NA	NA	NA	NA	NA	NA	NA	NA	NA	NA	NA	NA	NA	NA	NA	NA	NA	NA	NA	NA	NA	NA	NA	NA	NA	NA	NA	NA	NA	NA	NA	NA	NA	NA	NA	NA	NA	NA	NA	NA	NA	NA	NA	NA	NA	NA	NA	NA	NA	NA	NA	NA	NA	NA	NA	NA	NA	NA	NA	NA	NA	NA	NA	NA	NA	NA	NA	NA	NA	NA	NA	NA	NA	NA	NA	NA
cg19240584	NA	NA	NA	NA	NA	NA	NA	NA	NA	NA	NA	NA	NA	NA	NA	NA	NA	NA	NA	NA	NA	NA	NA	NA	NA	NA	NA	NA	NA	NA	NA	NA	NA	NA	NA	NA	NA	NA	NA	NA	NA	NA	NA	NA	NA	NA	NA	NA	NA	NA	NA	NA	NA	NA	NA	NA	NA	NA	NA	NA	NA	NA	NA	NA	NA	NA	NA	NA	NA	NA	NA	NA	NA	NA	NA	NA	NA	NA	NA	NA
cg19263575	NA	NA	NA	NA	NA	NA	NA	NA	NA	NA	NA	NA	NA	NA	NA	NA	NA	NA	NA	NA	NA	NA	NA	NA	NA	NA	NA	NA	NA	NA	NA	NA	NA	NA	NA	NA	NA	NA	NA	NA	NA	NA	NA	NA	NA	NA	NA	NA	NA	NA	NA	NA	NA	NA	NA	NA	NA	NA	NA	NA	NA	NA	NA	NA	NA	NA	NA	NA	NA	NA	NA	NA	NA	NA	NA	NA	NA	NA	NA	NA
cg19265948	NA	NA	NA	NA	NA	NA	NA	NA	NA	NA	NA	NA	NA	NA	NA	NA	NA	NA	NA	NA	NA	NA	NA	NA	NA	NA	NA	NA	NA	NA	NA	NA	NA	NA	NA	NA	NA	NA	NA	NA	NA	NA	NA	NA	NA	NA	NA	NA	NA	NA	NA	NA	NA	NA	NA	NA	NA	NA	NA	NA	NA	NA	NA	NA	NA	NA	NA	NA	NA	NA	NA	NA	NA	NA	NA	NA	NA	NA	NA	NA
cg19316897	NA	NA	NA	NA	NA	NA	NA	NA	NA	NA	NA	NA	NA	NA	NA	NA	NA	NA	NA	NA	NA	NA	NA	NA	NA	NA	NA	NA	NA	NA	NA	NA	NA	NA	NA	NA	NA	NA	NA	NA	NA	NA	NA	NA	NA	NA	NA	NA	NA	NA	NA	NA	NA	NA	NA	NA	NA	NA	NA	NA	NA	NA	NA	NA	NA	NA	NA	NA	NA	NA	NA	NA	NA	NA	NA	NA	NA	NA	NA	NA
cg19444390	NA	NA	NA	NA	NA	NA	NA	NA	NA	NA	NA	NA	NA	NA	NA	NA	NA	NA	NA	NA	NA	NA	NA	NA	NA	NA	NA	NA	NA	NA	NA	NA	NA	NA	NA	NA	NA	NA	NA	NA	NA	NA	NA	NA	NA	NA	NA	NA	NA	NA	NA	NA	NA	NA	NA	NA	NA	NA	NA	NA	NA	NA	NA	NA	NA	NA	NA	NA	NA	NA	NA	NA	NA	NA	NA	NA	NA	NA	NA	NA
cg19457121	NA	NA	NA	NA	NA	NA	NA	NA	NA	NA	NA	NA	NA	NA	NA	NA	NA	NA	NA	NA	NA	NA	NA	NA	NA	NA	NA	NA	NA	NA	NA	NA	NA	NA	NA	NA	NA	NA	NA	NA	NA	NA	NA	NA	NA	NA	NA	NA	NA	NA	NA	NA	NA	NA	NA	NA	NA	NA	NA	NA	NA	NA	NA	NA	NA	NA	NA	NA	NA	NA	NA	NA	NA	NA	NA	NA	NA	NA	NA	NA
cg19493162	NA	NA	NA	NA	NA	NA	NA	NA	NA	NA	NA	NA	NA	NA	NA	NA	NA	NA	NA	NA	NA	NA	NA	NA	NA	NA	NA	NA	NA	NA	NA	NA	NA	NA	NA	NA	NA	NA	NA	NA	NA	NA	NA	NA	NA	NA	NA	NA	NA	NA	NA	NA	NA	NA	NA	NA	NA	NA	NA	NA	NA	NA	NA	NA	NA	NA	NA	NA	NA	NA	NA	NA	NA	NA	NA	NA	NA	NA	NA	NA
cg19502207	0.794931269170523	0.646174786383312	0.703621735726189	0.313172347753446	0.879539739270472	0.1196302331639	0.204368436650708	0.886055288133585	NA	0.514661019216524	0.0888884969195502	0.36253724067369	0.681587809955242	0.956489383885947	0.814058224345535	0.112646492104222	0.691277352847819	0.523671046719955	0.309110905663041	0.0886121558009039	0.181703574922076	0.875956255208815	0.259440016148321	0.939041929805362	0.835655931255557	0.11943741945769	0.622336122826882	0.137933459409469	0.4209304426102	0.0958262786103953	0.177215616280301	NA	0.736927906275889	0.138444697445218	0.488624890127222	0.178563812316107	0.823933254825176	0.81935772405691	0.754540061013851	0.73703477242572	0.775588736635295	0.830672851840226	0.709741618970732	0.871834075233041	0.135460834656751	0.399366370729409	0.0992363095630951	0.122983645577622	0.175639567223526	0.92933983890409	0.841494644232719	0.0908777616958095	0.135289549061773	0.171176028743885	0.698903504902451	0.863668836568237	0.237358055142801	0.576284176240027	NA	0.937948947455941	0.204387975531369	0.203560475768818	0.914641381310125	0.256388618306146	0.874291274065036	0.335314277338587	0.116214601843468	0.780508227026685	0.929611368323181	0.265126219952687	0.919538205451155	0.17152518756606	0.695692536313094	0.62099838883006	NA	0.657633357778421	0.717839762540011	0.230147022012891	0.919158985634572	0.743352300136433
cg19513514	NA	NA	NA	NA	NA	NA	NA	NA	NA	NA	NA	NA	NA	NA	NA	NA	NA	NA	NA	NA	NA	NA	NA	NA	NA	NA	NA	NA	NA	NA	NA	NA	NA	NA	NA	NA	NA	NA	NA	NA	NA	NA	NA	NA	NA	NA	NA	NA	NA	NA	NA	NA	NA	NA	NA	NA	NA	NA	NA	NA	NA	NA	NA	NA	NA	NA	NA	NA	NA	NA	NA	NA	NA	NA	NA	NA	NA	NA	NA	NA
cg19521438	NA	NA	NA	NA	NA	NA	NA	NA	NA	NA	NA	NA	NA	NA	NA	NA	NA	NA	NA	NA	NA	NA	NA	NA	NA	NA	NA	NA	NA	NA	NA	NA	NA	NA	NA	NA	NA	NA	NA	NA	NA	NA	NA	NA	NA	NA	NA	NA	NA	NA	NA	NA	NA	NA	NA	NA	NA	NA	NA	NA	NA	NA	NA	NA	NA	NA	NA	NA	NA	NA	NA	NA	NA	NA	NA	NA	NA	NA	NA	NA
cg19532617	NA	NA	NA	NA	NA	NA	NA	NA	NA	NA	NA	NA	NA	NA	NA	NA	NA	NA	NA	NA	NA	NA	NA	NA	NA	NA	NA	NA	NA	NA	NA	NA	NA	NA	NA	NA	NA	NA	NA	NA	NA	NA	NA	NA	NA	NA	NA	NA	NA	NA	NA	NA	NA	NA	NA	NA	NA	NA	NA	NA	NA	NA	NA	NA	NA	NA	NA	NA	NA	NA	NA	NA	NA	NA	NA	NA	NA	NA	NA	NA
cg19563410	NA	NA	NA	NA	NA	NA	NA	NA	NA	NA	NA	NA	NA	NA	NA	NA	NA	NA	NA	NA	NA	NA	NA	NA	NA	NA	NA	NA	NA	NA	NA	NA	NA	NA	NA	NA	NA	NA	NA	NA	NA	NA	NA	NA	NA	NA	NA	NA	NA	NA	NA	NA	NA	NA	NA	NA	NA	NA	NA	NA	NA	NA	NA	NA	NA	NA	NA	NA	NA	NA	NA	NA	NA	NA	NA	NA	NA	NA	NA	NA
cg19565241	NA	NA	NA	NA	NA	NA	NA	NA	NA	NA	NA	NA	NA	NA	NA	NA	NA	NA	NA	NA	NA	NA	NA	NA	NA	NA	NA	NA	NA	NA	NA	NA	NA	NA	NA	NA	NA	NA	NA	NA	NA	NA	NA	NA	NA	NA	NA	NA	NA	NA	NA	NA	NA	NA	NA	NA	NA	NA	NA	NA	NA	NA	NA	NA	NA	NA	NA	NA	NA	NA	NA	NA	NA	NA	NA	NA	NA	NA	NA	NA
cg19605592	NA	NA	NA	NA	NA	NA	NA	NA	NA	NA	NA	NA	NA	NA	NA	NA	NA	NA	NA	NA	NA	NA	NA	NA	NA	NA	NA	NA	NA	NA	NA	NA	NA	NA	NA	NA	NA	NA	NA	NA	NA	NA	NA	NA	NA	NA	NA	NA	NA	NA	NA	NA	NA	NA	NA	NA	NA	NA	NA	NA	NA	NA	NA	NA	NA	NA	NA	NA	NA	NA	NA	NA	NA	NA	NA	NA	NA	NA	NA	NA
cg19645839	NA	NA	NA	NA	NA	NA	NA	NA	NA	NA	NA	NA	NA	NA	NA	NA	NA	NA	NA	NA	NA	NA	NA	NA	NA	NA	NA	NA	NA	NA	NA	NA	NA	NA	NA	NA	NA	NA	NA	NA	NA	NA	NA	NA	NA	NA	NA	NA	NA	NA	NA	NA	NA	NA	NA	NA	NA	NA	NA	NA	NA	NA	NA	NA	NA	NA	NA	NA	NA	NA	NA	NA	NA	NA	NA	NA	NA	NA	NA	NA
cg19655704	0.952206708208957	0.964086905164165	0.947058630398416	0.952248458882835	0.951413034793932	0.954388372910411	0.930444788744328	0.946751314847672	0.939747761227772	0.947313128015241	0.951805489488217	0.953096068363909	0.913757357853354	0.958938912121029	0.946388490785264	0.932972382856056	0.948496155837933	0.94546914297299	0.926423454701641	0.936576098235341	0.938896386234097	0.957084891539462	0.954761096379789	0.956125794055925	0.953115120115204	0.932878064464703	0.935988854763613	0.960608641833269	0.956628171713014	0.923905258155187	0.954811256951176	0.930500439313963	0.947354802358295	0.936244063998526	0.964195733824481	0.953495225674605	0.959956398129106	0.922712878348221	0.948124568354699	0.951546604924071	0.955679520156251	0.943869677425165	0.916578260034542	0.949919428892769	0.929158536801868	0.959667170098209	0.942475885813992	0.934072653677735	0.95073022569258	0.963734867383806	0.959316109591153	0.956090107683427	0.950934594396799	0.949564194606273	0.965633842624645	0.927450238012364	0.966023254005859	0.956983436074952	0.952350190281409	0.945651650790958	0.950054260156293	0.920813071004094	0.958449528677454	0.947609974471413	0.955031184277447	0.95049083893479	0.948083955521031	0.915498323424233	0.941308634707309	0.963106038760485	0.910696588109906	0.955956371236154	0.931705851141751	0.926191287048055	0.947440742964497	0.927218996748057	0.955393782813717	0.91332841071283	0.961760875576996	0.947031576191812
cg19665882	NA	NA	NA	NA	NA	NA	NA	NA	NA	NA	NA	NA	NA	NA	NA	NA	NA	NA	NA	NA	NA	NA	NA	NA	NA	NA	NA	NA	NA	NA	NA	NA	NA	NA	NA	NA	NA	NA	NA	NA	NA	NA	NA	NA	NA	NA	NA	NA	NA	NA	NA	NA	NA	NA	NA	NA	NA	NA	NA	NA	NA	NA	NA	NA	NA	NA	NA	NA	NA	NA	NA	NA	NA	NA	NA	NA	NA	NA	NA	NA
cg19674688	NA	NA	NA	NA	NA	NA	NA	NA	NA	NA	NA	NA	NA	NA	NA	NA	NA	NA	NA	NA	NA	NA	NA	NA	NA	NA	NA	NA	NA	NA	NA	NA	NA	NA	NA	NA	NA	NA	NA	NA	NA	NA	NA	NA	NA	NA	NA	NA	NA	NA	NA	NA	NA	NA	NA	NA	NA	NA	NA	NA	NA	NA	NA	NA	NA	NA	NA	NA	NA	NA	NA	NA	NA	NA	NA	NA	NA	NA	NA	NA
cg19677184	NA	NA	NA	NA	NA	NA	NA	NA	NA	NA	NA	NA	NA	NA	NA	NA	NA	NA	NA	NA	NA	NA	NA	NA	NA	NA	NA	NA	NA	NA	NA	NA	NA	NA	NA	NA	NA	NA	NA	NA	NA	NA	NA	NA	NA	NA	NA	NA	NA	NA	NA	NA	NA	NA	NA	NA	NA	NA	NA	NA	NA	NA	NA	NA	NA	NA	NA	NA	NA	NA	NA	NA	NA	NA	NA	NA	NA	NA	NA	NA
cg19677830	NA	NA	NA	NA	NA	NA	NA	NA	NA	NA	NA	NA	NA	NA	NA	NA	NA	NA	NA	NA	NA	NA	NA	NA	NA	NA	NA	NA	NA	NA	NA	NA	NA	NA	NA	NA	NA	NA	NA	NA	NA	NA	NA	NA	NA	NA	NA	NA	NA	NA	NA	NA	NA	NA	NA	NA	NA	NA	NA	NA	NA	NA	NA	NA	NA	NA	NA	NA	NA	NA	NA	NA	NA	NA	NA	NA	NA	NA	NA	NA
cg19716125	NA	NA	NA	NA	NA	NA	NA	NA	NA	NA	NA	NA	NA	NA	NA	NA	NA	NA	NA	NA	NA	NA	NA	NA	NA	NA	NA	NA	NA	NA	NA	NA	NA	NA	NA	NA	NA	NA	NA	NA	NA	NA	NA	NA	NA	NA	NA	NA	NA	NA	NA	NA	NA	NA	NA	NA	NA	NA	NA	NA	NA	NA	NA	NA	NA	NA	NA	NA	NA	NA	NA	NA	NA	NA	NA	NA	NA	NA	NA	NA
cg19718662	0.541539449203552	0.577052045606212	0.48689464124918	0.0654299981873509	0.506837359114529	0.829275485730182	0.604911033256507	0.0869799212978238	0.626009859813834	0.63145777173229	0.0761601786399975	0.254006074601747	0.584656228659132	0.500490534254231	0.104737808753997	0.11814432284829	0.373794692881091	0.775911812690818	0.0942539219753809	0.0852804565691211	0.632289580165675	0.81028959030851	0.336545200682584	0.709194221313614	0.516468164021656	0.481876041438651	0.306343274934172	0.68624473634051	0.350036346515965	0.590395183840695	0.458966513913762	0.639058250148227	0.225811028561798	0.612823078160884	0.651867739594969	0.793637783317057	0.471853987739389	0.138087855457637	0.331954972357046	0.706679596921305	0.168676027975755	0.727675215318939	0.0755468979736686	0.114089846221484	0.635964066499275	0.37955544336371	0.514848674925093	0.911464991721395	0.919747514043392	0.530512628509588	0.749124729316502	0.504234540179113	0.840285810014442	0.804623410201142	0.333683228094595	0.872928331821117	0.798543203945712	0.128988856186968	0.448455110630728	0.892568608870019	0.0877157415490834	0.109834212744641	0.681118746058082	0.546803292330782	0.942044598435802	0.575873956039408	0.104875953221057	0.176945992858656	0.449997364978475	0.188443828037501	0.301530000784636	0.229011755738589	0.114099417471674	0.584664806272718	0.495938350115844	0.499574851133842	0.941273869493738	0.200656928411836	0.604134383596336	0.456382457257773
cg19761060	NA	NA	NA	NA	NA	NA	NA	NA	NA	NA	NA	NA	NA	NA	NA	NA	NA	NA	NA	NA	NA	NA	NA	NA	NA	NA	NA	NA	NA	NA	NA	NA	NA	NA	NA	NA	NA	NA	NA	NA	NA	NA	NA	NA	NA	NA	NA	NA	NA	NA	NA	NA	NA	NA	NA	NA	NA	NA	NA	NA	NA	NA	NA	NA	NA	NA	NA	NA	NA	NA	NA	NA	NA	NA	NA	NA	NA	NA	NA	NA
cg19761271	NA	NA	NA	NA	NA	NA	NA	NA	NA	NA	NA	NA	NA	NA	NA	NA	NA	NA	NA	NA	NA	NA	NA	NA	NA	NA	NA	NA	NA	NA	NA	NA	NA	NA	NA	NA	NA	NA	NA	NA	NA	NA	NA	NA	NA	NA	NA	NA	NA	NA	NA	NA	NA	NA	NA	NA	NA	NA	NA	NA	NA	NA	NA	NA	NA	NA	NA	NA	NA	NA	NA	NA	NA	NA	NA	NA	NA	NA	NA	NA
cg19785312	NA	NA	NA	NA	NA	NA	NA	NA	NA	NA	NA	NA	NA	NA	NA	NA	NA	NA	NA	NA	NA	NA	NA	NA	NA	NA	NA	NA	NA	NA	NA	NA	NA	NA	NA	NA	NA	NA	NA	NA	NA	NA	NA	NA	NA	NA	NA	NA	NA	NA	NA	NA	NA	NA	NA	NA	NA	NA	NA	NA	NA	NA	NA	NA	NA	NA	NA	NA	NA	NA	NA	NA	NA	NA	NA	NA	NA	NA	NA	NA
cg19789336	NA	NA	NA	NA	NA	NA	NA	NA	NA	NA	NA	NA	NA	NA	NA	NA	NA	NA	NA	NA	NA	NA	NA	NA	NA	NA	NA	NA	NA	NA	NA	NA	NA	NA	NA	NA	NA	NA	NA	NA	NA	NA	NA	NA	NA	NA	NA	NA	NA	NA	NA	NA	NA	NA	NA	NA	NA	NA	NA	NA	NA	NA	NA	NA	NA	NA	NA	NA	NA	NA	NA	NA	NA	NA	NA	NA	NA	NA	NA	NA
cg19840093	NA	NA	NA	NA	NA	NA	NA	NA	NA	NA	NA	NA	NA	NA	NA	NA	NA	NA	NA	NA	NA	NA	NA	NA	NA	NA	NA	NA	NA	NA	NA	NA	NA	NA	NA	NA	NA	NA	NA	NA	NA	NA	NA	NA	NA	NA	NA	NA	NA	NA	NA	NA	NA	NA	NA	NA	NA	NA	NA	NA	NA	NA	NA	NA	NA	NA	NA	NA	NA	NA	NA	NA	NA	NA	NA	NA	NA	NA	NA	NA
cg19863964	NA	NA	NA	NA	NA	NA	NA	NA	NA	NA	NA	NA	NA	NA	NA	NA	NA	NA	NA	NA	NA	NA	NA	NA	NA	NA	NA	NA	NA	NA	NA	NA	NA	NA	NA	NA	NA	NA	NA	NA	NA	NA	NA	NA	NA	NA	NA	NA	NA	NA	NA	NA	NA	NA	NA	NA	NA	NA	NA	NA	NA	NA	NA	NA	NA	NA	NA	NA	NA	NA	NA	NA	NA	NA	NA	NA	NA	NA	NA	NA
cg19883843	NA	NA	NA	NA	NA	NA	NA	NA	NA	NA	NA	NA	NA	NA	NA	NA	NA	NA	NA	NA	NA	NA	NA	NA	NA	NA	NA	NA	NA	NA	NA	NA	NA	NA	NA	NA	NA	NA	NA	NA	NA	NA	NA	NA	NA	NA	NA	NA	NA	NA	NA	NA	NA	NA	NA	NA	NA	NA	NA	NA	NA	NA	NA	NA	NA	NA	NA	NA	NA	NA	NA	NA	NA	NA	NA	NA	NA	NA	NA	NA
cg19887883	0.94437624014035	0.936826456338427	0.919137464690545	0.911618751177501	0.918319447785801	0.944699261757349	0.935964913431065	0.947447367069317	0.939430603936777	0.943640959791247	0.860706283172557	0.859029933175515	0.939094196183508	0.954066971889103	0.751656393678039	0.829802282774159	0.954802378024896	0.949307273888314	0.949717535919761	0.96219356502044	0.921589190188114	0.94461197989016	0.941187058424607	0.922410038751348	0.940894851988567	0.961015557776593	0.925387380156885	0.946523162801165	0.93117480317034	0.937509427006198	0.95009800975755	0.940653795998127	0.950022752086992	0.836328577847305	0.956839593621167	0.94662401635795	0.932925978696252	0.947575435942491	0.932625275506184	0.93564646901508	0.750039140720688	0.953554649264424	0.943810333052011	0.945912119687212	0.923325955535302	0.940673520397831	0.933502142223597	0.683347751446913	0.933572130829072	0.941971735729907	0.950705338699607	0.943282152718558	0.936641405758029	0.93871871390024	0.93307781110446	0.929652223193712	0.948103775231499	0.932475060827973	0.93182418333096	0.94441181964234	0.924100132990868	0.917122310965229	0.952932995659274	0.668760372652596	0.938031175736511	0.933815168911245	0.885137868852851	0.933463221806274	0.958389020326553	0.930555698377121	0.944837915683593	0.956454070994661	0.813506261373528	0.939659716796302	0.921245201844028	0.939531024708742	0.953607519859568	0.920833742740472	0.830460828340455	0.946549815726247
cg19925178	NA	NA	NA	NA	NA	NA	NA	NA	NA	NA	NA	NA	NA	NA	NA	NA	NA	NA	NA	NA	NA	NA	NA	NA	NA	NA	NA	NA	NA	NA	NA	NA	NA	NA	NA	NA	NA	NA	NA	NA	NA	NA	NA	NA	NA	NA	NA	NA	NA	NA	NA	NA	NA	NA	NA	NA	NA	NA	NA	NA	NA	NA	NA	NA	NA	NA	NA	NA	NA	NA	NA	NA	NA	NA	NA	NA	NA	NA	NA	NA
cg19929302	NA	NA	NA	NA	NA	NA	NA	NA	NA	NA	NA	NA	NA	NA	NA	NA	NA	NA	NA	NA	NA	NA	NA	NA	NA	NA	NA	NA	NA	NA	NA	NA	NA	NA	NA	NA	NA	NA	NA	NA	NA	NA	NA	NA	NA	NA	NA	NA	NA	NA	NA	NA	NA	NA	NA	NA	NA	NA	NA	NA	NA	NA	NA	NA	NA	NA	NA	NA	NA	NA	NA	NA	NA	NA	NA	NA	NA	NA	NA	NA
cg19950846	NA	NA	NA	NA	NA	NA	NA	NA	NA	NA	NA	NA	NA	NA	NA	NA	NA	NA	NA	NA	NA	NA	NA	NA	NA	NA	NA	NA	NA	NA	NA	NA	NA	NA	NA	NA	NA	NA	NA	NA	NA	NA	NA	NA	NA	NA	NA	NA	NA	NA	NA	NA	NA	NA	NA	NA	NA	NA	NA	NA	NA	NA	NA	NA	NA	NA	NA	NA	NA	NA	NA	NA	NA	NA	NA	NA	NA	NA	NA	NA
cg19979222	NA	NA	NA	NA	NA	NA	NA	NA	NA	NA	NA	NA	NA	NA	NA	NA	NA	NA	NA	NA	NA	NA	NA	NA	NA	NA	NA	NA	NA	NA	NA	NA	NA	NA	NA	NA	NA	NA	NA	NA	NA	NA	NA	NA	NA	NA	NA	NA	NA	NA	NA	NA	NA	NA	NA	NA	NA	NA	NA	NA	NA	NA	NA	NA	NA	NA	NA	NA	NA	NA	NA	NA	NA	NA	NA	NA	NA	NA	NA	NA
cg19988798	NA	NA	NA	NA	NA	NA	NA	NA	NA	NA	NA	NA	NA	NA	NA	NA	NA	NA	NA	NA	NA	NA	NA	NA	NA	NA	NA	NA	NA	NA	NA	NA	NA	NA	NA	NA	NA	NA	NA	NA	NA	NA	NA	NA	NA	NA	NA	NA	NA	NA	NA	NA	NA	NA	NA	NA	NA	NA	NA	NA	NA	NA	NA	NA	NA	NA	NA	NA	NA	NA	NA	NA	NA	NA	NA	NA	NA	NA	NA	NA
cg20006652	NA	NA	NA	NA	NA	NA	NA	NA	NA	NA	NA	NA	NA	NA	NA	NA	NA	NA	NA	NA	NA	NA	NA	NA	NA	NA	NA	NA	NA	NA	NA	NA	NA	NA	NA	NA	NA	NA	NA	NA	NA	NA	NA	NA	NA	NA	NA	NA	NA	NA	NA	NA	NA	NA	NA	NA	NA	NA	NA	NA	NA	NA	NA	NA	NA	NA	NA	NA	NA	NA	NA	NA	NA	NA	NA	NA	NA	NA	NA	NA
cg20010076	NA	NA	NA	NA	NA	NA	NA	NA	NA	NA	NA	NA	NA	NA	NA	NA	NA	NA	NA	NA	NA	NA	NA	NA	NA	NA	NA	NA	NA	NA	NA	NA	NA	NA	NA	NA	NA	NA	NA	NA	NA	NA	NA	NA	NA	NA	NA	NA	NA	NA	NA	NA	NA	NA	NA	NA	NA	NA	NA	NA	NA	NA	NA	NA	NA	NA	NA	NA	NA	NA	NA	NA	NA	NA	NA	NA	NA	NA	NA	NA
cg20019560	NA	NA	NA	NA	NA	NA	NA	NA	NA	NA	NA	NA	NA	NA	NA	NA	NA	NA	NA	NA	NA	NA	NA	NA	NA	NA	NA	NA	NA	NA	NA	NA	NA	NA	NA	NA	NA	NA	NA	NA	NA	NA	NA	NA	NA	NA	NA	NA	NA	NA	NA	NA	NA	NA	NA	NA	NA	NA	NA	NA	NA	NA	NA	NA	NA	NA	NA	NA	NA	NA	NA	NA	NA	NA	NA	NA	NA	NA	NA	NA
cg20029324	NA	NA	NA	NA	NA	NA	NA	NA	NA	NA	NA	NA	NA	NA	NA	NA	NA	NA	NA	NA	NA	NA	NA	NA	NA	NA	NA	NA	NA	NA	NA	NA	NA	NA	NA	NA	NA	NA	NA	NA	NA	NA	NA	NA	NA	NA	NA	NA	NA	NA	NA	NA	NA	NA	NA	NA	NA	NA	NA	NA	NA	NA	NA	NA	NA	NA	NA	NA	NA	NA	NA	NA	NA	NA	NA	NA	NA	NA	NA	NA
cg20052431	NA	NA	NA	NA	NA	NA	NA	NA	NA	NA	NA	NA	NA	NA	NA	NA	NA	NA	NA	NA	NA	NA	NA	NA	NA	NA	NA	NA	NA	NA	NA	NA	NA	NA	NA	NA	NA	NA	NA	NA	NA	NA	NA	NA	NA	NA	NA	NA	NA	NA	NA	NA	NA	NA	NA	NA	NA	NA	NA	NA	NA	NA	NA	NA	NA	NA	NA	NA	NA	NA	NA	NA	NA	NA	NA	NA	NA	NA	NA	NA
cg20056341	NA	NA	NA	NA	NA	NA	NA	NA	NA	NA	NA	NA	NA	NA	NA	NA	NA	NA	NA	NA	NA	NA	NA	NA	NA	NA	NA	NA	NA	NA	NA	NA	NA	NA	NA	NA	NA	NA	NA	NA	NA	NA	NA	NA	NA	NA	NA	NA	NA	NA	NA	NA	NA	NA	NA	NA	NA	NA	NA	NA	NA	NA	NA	NA	NA	NA	NA	NA	NA	NA	NA	NA	NA	NA	NA	NA	NA	NA	NA	NA
cg20149922	NA	NA	NA	NA	NA	NA	NA	NA	NA	NA	NA	NA	NA	NA	NA	NA	NA	NA	NA	NA	NA	NA	NA	NA	NA	NA	NA	NA	NA	NA	NA	NA	NA	NA	NA	NA	NA	NA	NA	NA	NA	NA	NA	NA	NA	NA	NA	NA	NA	NA	NA	NA	NA	NA	NA	NA	NA	NA	NA	NA	NA	NA	NA	NA	NA	NA	NA	NA	NA	NA	NA	NA	NA	NA	NA	NA	NA	NA	NA	NA
cg20150443	NA	NA	NA	NA	NA	NA	NA	NA	NA	NA	NA	NA	NA	NA	NA	NA	NA	NA	NA	NA	NA	NA	NA	NA	NA	NA	NA	NA	NA	NA	NA	NA	NA	NA	NA	NA	NA	NA	NA	NA	NA	NA	NA	NA	NA	NA	NA	NA	NA	NA	NA	NA	NA	NA	NA	NA	NA	NA	NA	NA	NA	NA	NA	NA	NA	NA	NA	NA	NA	NA	NA	NA	NA	NA	NA	NA	NA	NA	NA	NA
cg20165732	NA	NA	NA	NA	NA	NA	NA	NA	NA	NA	NA	NA	NA	NA	NA	NA	NA	NA	NA	NA	NA	NA	NA	NA	NA	NA	NA	NA	NA	NA	NA	NA	NA	NA	NA	NA	NA	NA	NA	NA	NA	NA	NA	NA	NA	NA	NA	NA	NA	NA	NA	NA	NA	NA	NA	NA	NA	NA	NA	NA	NA	NA	NA	NA	NA	NA	NA	NA	NA	NA	NA	NA	NA	NA	NA	NA	NA	NA	NA	NA
cg20200361	NA	NA	NA	NA	NA	NA	NA	NA	NA	NA	NA	NA	NA	NA	NA	NA	NA	NA	NA	NA	NA	NA	NA	NA	NA	NA	NA	NA	NA	NA	NA	NA	NA	NA	NA	NA	NA	NA	NA	NA	NA	NA	NA	NA	NA	NA	NA	NA	NA	NA	NA	NA	NA	NA	NA	NA	NA	NA	NA	NA	NA	NA	NA	NA	NA	NA	NA	NA	NA	NA	NA	NA	NA	NA	NA	NA	NA	NA	NA	NA
cg20246277	0.94370949404147	0.938900562197773	0.93927589617305	0.923990391273941	0.942700642382098	0.914086136830063	0.933449909298943	0.901725243495415	0.928732734569644	0.938891725219069	0.315799682223517	0.647681158594886	0.928608388565526	0.879289660322639	0.801596092653844	0.876875256689303	0.935530921460024	0.91150794507586	0.94872436678898	0.890433007608152	0.933452738541692	0.932769892843447	0.814379344992692	0.919138314162077	0.951505413722094	0.856587831187613	0.824524750224248	0.903413653452225	0.945574310277089	0.907266025898222	0.896172825005051	0.596250468750098	0.896015515499187	0.928189260614555	0.81562660960057	0.928242354483871	0.946599415752926	0.960063769421143	0.879188616124866	0.950104377266919	0.823747248546719	0.871428207781771	0.915861925418709	0.932944519476106	0.867694173985022	0.823202512371957	0.930780570345412	0.950317941015156	0.941133393707061	0.940265116538454	0.91369849389532	0.867935345698277	0.503525423400905	0.951872116674168	0.914725808673493	0.951334248289457	0.928603050442247	0.930033446706259	0.950988813525963	0.960426301964583	0.92947274135039	0.73299325723632	0.516294508141848	0.916136089675492	0.948391769927482	0.960550844208364	0.647169145584559	0.887833716613416	0.917835292635033	0.948624986667279	0.94816781735931	0.906826924467531	0.481479261933485	0.922364177612822	0.911977520187516	0.926850540779902	0.943190077927346	0.814652633517106	0.921022365469204	0.904251354859759
cg20262540	NA	NA	NA	NA	NA	NA	NA	NA	NA	NA	NA	NA	NA	NA	NA	NA	NA	NA	NA	NA	NA	NA	NA	NA	NA	NA	NA	NA	NA	NA	NA	NA	NA	NA	NA	NA	NA	NA	NA	NA	NA	NA	NA	NA	NA	NA	NA	NA	NA	NA	NA	NA	NA	NA	NA	NA	NA	NA	NA	NA	NA	NA	NA	NA	NA	NA	NA	NA	NA	NA	NA	NA	NA	NA	NA	NA	NA	NA	NA	NA
cg20284705	NA	NA	NA	NA	NA	NA	NA	NA	NA	NA	NA	NA	NA	NA	NA	NA	NA	NA	NA	NA	NA	NA	NA	NA	NA	NA	NA	NA	NA	NA	NA	NA	NA	NA	NA	NA	NA	NA	NA	NA	NA	NA	NA	NA	NA	NA	NA	NA	NA	NA	NA	NA	NA	NA	NA	NA	NA	NA	NA	NA	NA	NA	NA	NA	NA	NA	NA	NA	NA	NA	NA	NA	NA	NA	NA	NA	NA	NA	NA	NA
cg20331613	NA	NA	NA	NA	NA	NA	NA	NA	NA	NA	NA	NA	NA	NA	NA	NA	NA	NA	NA	NA	NA	NA	NA	NA	NA	NA	NA	NA	NA	NA	NA	NA	NA	NA	NA	NA	NA	NA	NA	NA	NA	NA	NA	NA	NA	NA	NA	NA	NA	NA	NA	NA	NA	NA	NA	NA	NA	NA	NA	NA	NA	NA	NA	NA	NA	NA	NA	NA	NA	NA	NA	NA	NA	NA	NA	NA	NA	NA	NA	NA
cg20364241	NA	NA	NA	NA	NA	NA	NA	NA	NA	NA	NA	NA	NA	NA	NA	NA	NA	NA	NA	NA	NA	NA	NA	NA	NA	NA	NA	NA	NA	NA	NA	NA	NA	NA	NA	NA	NA	NA	NA	NA	NA	NA	NA	NA	NA	NA	NA	NA	NA	NA	NA	NA	NA	NA	NA	NA	NA	NA	NA	NA	NA	NA	NA	NA	NA	NA	NA	NA	NA	NA	NA	NA	NA	NA	NA	NA	NA	NA	NA	NA
cg20365687	0.91379454111547	0.904022339726144	0.12843086820768	0.678893806939388	0.552469750458472	0.590902096204895	0.901227058246342	0.565545214909275	0.942650299422823	0.923206935881051	0.567631356402396	0.814968096991303	0.722148741261936	0.899811327153189	0.603513650039764	0.343201360322687	0.547649713919872	0.829695936383936	0.715996630225722	0.556880560438033	0.941737659516047	0.889170282659812	0.810987577383894	0.907577169635166	0.271662120864031	0.92415348559576	0.64190378251568	0.862658517678908	0.578417535800468	0.571799152282847	0.869150909753141	0.914476571041398	0.59389253222244	0.927248961104912	0.810730019767385	0.768775474849686	0.946878617952537	0.916156279924648	0.546878543310136	0.547863909355879	0.767293421836151	0.528784805120758	0.879823031941885	0.585429100759206	0.585854710645417	0.504036387904274	0.546341288277254	0.683584467242697	0.566364971172902	0.596992734611644	0.872696821758972	0.879851231571263	0.908177968598607	0.868237951863471	0.574933429164404	0.583212097337841	0.199337445208665	0.913266397821873	0.897099138497981	0.914698087795417	0.52722256154312	0.821770238207178	0.563919320298819	0.771168395012611	0.915323736277059	0.598648525459316	0.856413625186476	0.909723224753141	0.554778263230032	0.619665452569646	0.877197776299398	0.629772331975214	0.600577694797497	0.652304610808922	0.714058000439985	0.682633101067767	0.207366245129322	0.87092101023178	0.616595387052964	0.933930719160157
cg20386784	NA	NA	NA	NA	NA	NA	NA	NA	NA	NA	NA	NA	NA	NA	NA	NA	NA	NA	NA	NA	NA	NA	NA	NA	NA	NA	NA	NA	NA	NA	NA	NA	NA	NA	NA	NA	NA	NA	NA	NA	NA	NA	NA	NA	NA	NA	NA	NA	NA	NA	NA	NA	NA	NA	NA	NA	NA	NA	NA	NA	NA	NA	NA	NA	NA	NA	NA	NA	NA	NA	NA	NA	NA	NA	NA	NA	NA	NA	NA	NA
cg20449764	NA	NA	NA	NA	NA	NA	NA	NA	NA	NA	NA	NA	NA	NA	NA	NA	NA	NA	NA	NA	NA	NA	NA	NA	NA	NA	NA	NA	NA	NA	NA	NA	NA	NA	NA	NA	NA	NA	NA	NA	NA	NA	NA	NA	NA	NA	NA	NA	NA	NA	NA	NA	NA	NA	NA	NA	NA	NA	NA	NA	NA	NA	NA	NA	NA	NA	NA	NA	NA	NA	NA	NA	NA	NA	NA	NA	NA	NA	NA	NA
cg20453820	0.12174197816759	0.356173856634904	0.143193380043665	0.296268536133332	0.0948724537470901	0.182037900797526	0.257959511114698	0.471758371648199	0.551568925307536	0.510335840545975	0.331510926793716	0.514371023140026	0.297708099385662	0.366993643746611	0.275018634965008	0.550241505591877	0.249058698498854	0.191671886826478	0.277164644666918	0.375707091071357	0.163801394162522	0.291693121207721	0.348897996801467	0.315868325786655	0.405068063234162	0.36632717905779	0.576007304201098	0.450198684374766	0.256604516296246	0.286645017424183	0.300421617276048	0.150165869235924	0.588816270074848	0.681473368381709	0.499349741350235	0.346353927455102	0.171584633216524	0.149180180339119	0.595653332912269	0.512854417181391	0.498245098880731	0.358395798488044	0.35322845842181	0.40500486342387	0.473511988461357	0.495481278099423	0.34636287679399	0.673278808224334	0.249140999563828	0.231653299936167	0.707578592541198	0.479970777124543	0.500855136021748	0.7426297639599	0.195850813493921	0.494651563729656	0.161657431399789	0.343706580106711	0.110610627315491	0.212424423646142	0.276871366267313	0.403231375330104	0.401405066521603	0.393765200346608	0.172151399124322	0.52469904677021	0.394311883736309	0.320147541807007	0.303462438246001	0.14647476900517	0.538365136166951	0.568438412925687	0.523743735916338	0.367906813655017	0.4379635612189	0.603773348289425	0.20038969778006	0.500227982307969	0.34000356598488	0.403277485139526
cg20465830	NA	NA	NA	NA	NA	NA	NA	NA	NA	NA	NA	NA	NA	NA	NA	NA	NA	NA	NA	NA	NA	NA	NA	NA	NA	NA	NA	NA	NA	NA	NA	NA	NA	NA	NA	NA	NA	NA	NA	NA	NA	NA	NA	NA	NA	NA	NA	NA	NA	NA	NA	NA	NA	NA	NA	NA	NA	NA	NA	NA	NA	NA	NA	NA	NA	NA	NA	NA	NA	NA	NA	NA	NA	NA	NA	NA	NA	NA	NA	NA
cg20492230	NA	NA	NA	NA	NA	NA	NA	NA	NA	NA	NA	NA	NA	NA	NA	NA	NA	NA	NA	NA	NA	NA	NA	NA	NA	NA	NA	NA	NA	NA	NA	NA	NA	NA	NA	NA	NA	NA	NA	NA	NA	NA	NA	NA	NA	NA	NA	NA	NA	NA	NA	NA	NA	NA	NA	NA	NA	NA	NA	NA	NA	NA	NA	NA	NA	NA	NA	NA	NA	NA	NA	NA	NA	NA	NA	NA	NA	NA	NA	NA
cg20494576	NA	NA	NA	NA	NA	NA	NA	NA	NA	NA	NA	NA	NA	NA	NA	NA	NA	NA	NA	NA	NA	NA	NA	NA	NA	NA	NA	NA	NA	NA	NA	NA	NA	NA	NA	NA	NA	NA	NA	NA	NA	NA	NA	NA	NA	NA	NA	NA	NA	NA	NA	NA	NA	NA	NA	NA	NA	NA	NA	NA	NA	NA	NA	NA	NA	NA	NA	NA	NA	NA	NA	NA	NA	NA	NA	NA	NA	NA	NA	NA
cg20494682	NA	NA	NA	NA	NA	NA	NA	NA	NA	NA	NA	NA	NA	NA	NA	NA	NA	NA	NA	NA	NA	NA	NA	NA	NA	NA	NA	NA	NA	NA	NA	NA	NA	NA	NA	NA	NA	NA	NA	NA	NA	NA	NA	NA	NA	NA	NA	NA	NA	NA	NA	NA	NA	NA	NA	NA	NA	NA	NA	NA	NA	NA	NA	NA	NA	NA	NA	NA	NA	NA	NA	NA	NA	NA	NA	NA	NA	NA	NA	NA
cg20529334	NA	NA	NA	NA	NA	NA	NA	NA	NA	NA	NA	NA	NA	NA	NA	NA	NA	NA	NA	NA	NA	NA	NA	NA	NA	NA	NA	NA	NA	NA	NA	NA	NA	NA	NA	NA	NA	NA	NA	NA	NA	NA	NA	NA	NA	NA	NA	NA	NA	NA	NA	NA	NA	NA	NA	NA	NA	NA	NA	NA	NA	NA	NA	NA	NA	NA	NA	NA	NA	NA	NA	NA	NA	NA	NA	NA	NA	NA	NA	NA
cg20602628	NA	NA	NA	NA	NA	NA	NA	NA	NA	NA	NA	NA	NA	NA	NA	NA	NA	NA	NA	NA	NA	NA	NA	NA	NA	NA	NA	NA	NA	NA	NA	NA	NA	NA	NA	NA	NA	NA	NA	NA	NA	NA	NA	NA	NA	NA	NA	NA	NA	NA	NA	NA	NA	NA	NA	NA	NA	NA	NA	NA	NA	NA	NA	NA	NA	NA	NA	NA	NA	NA	NA	NA	NA	NA	NA	NA	NA	NA	NA	NA
cg20621459	NA	NA	NA	NA	NA	NA	NA	NA	NA	NA	NA	NA	NA	NA	NA	NA	NA	NA	NA	NA	NA	NA	NA	NA	NA	NA	NA	NA	NA	NA	NA	NA	NA	NA	NA	NA	NA	NA	NA	NA	NA	NA	NA	NA	NA	NA	NA	NA	NA	NA	NA	NA	NA	NA	NA	NA	NA	NA	NA	NA	NA	NA	NA	NA	NA	NA	NA	NA	NA	NA	NA	NA	NA	NA	NA	NA	NA	NA	NA	NA
cg20637223	0.947858147469595	0.941343569208675	0.946905707085858	0.954409321267985	0.948694869754518	0.937579451810464	0.941408294495469	0.945672773383288	0.949394719239025	0.947994174748926	0.914721758443558	0.885108999260994	0.924804452201401	0.936227891465546	0.941221632527929	0.828061697214025	0.933812847523831	0.926386506275637	0.932151610199037	0.897590327362639	0.950165697209834	0.921077533786321	0.898756991920371	0.930665533607341	0.914919640522659	0.958740242156809	0.877010945037224	0.885611659514128	0.961469173264115	0.89892257416543	0.888346527377952	0.914305388993879	0.915522887677481	0.948479189563919	0.918653777992742	0.939249106535508	0.930765776472904	0.945469325031977	0.956196679867075	0.944692286712384	0.905576168826484	0.933711335057266	0.955890598473587	0.921278696111742	0.947018584689321	0.902084392607075	0.942370834776232	0.924477519843299	0.938150069096388	0.957825956026393	0.943191009944329	0.934163019742406	0.942096652426876	0.951602023667837	0.95074393534527	0.950684264124438	0.962553006581608	0.968145760742852	0.947739795295778	0.953499700559689	0.952341162916436	0.879328159425684	0.949737926495903	0.922466366543091	0.96194418005159	0.933699899282985	0.881908143261009	0.937098202472008	0.926537880958528	0.943679132269833	0.954484929188693	0.952439260218907	0.896083722858112	0.887467898731756	0.944689297464445	0.894595201798999	0.956553449624376	0.886611976094444	0.929546733523706	0.941247136779142
cg20643159	0.966489198203593	0.960801729336257	0.957378223008715	0.955487151423423	0.944095473572795	0.941014669034728	0.955353794243935	0.934638779942158	0.949377168283429	0.94839454934615	0.920473840458932	0.959067355575648	0.957432624419177	0.943336796901108	0.960508622262572	0.958574375153851	0.953295132226379	0.95166294743465	0.954286490908885	0.953408203118999	0.941126858851863	0.951751328463231	0.949341679137553	0.951021026988318	0.949051648153156	0.949886033345339	0.938491080236297	0.956385969763743	0.960884906277683	0.959880603729475	0.949452510511256	0.948075464137327	0.957794655887392	0.952480923876154	0.956978002492193	0.953523795543462	0.949862056838733	0.945266480473182	0.951154760361163	0.951055046866488	0.945947258233971	0.951500097544242	0.965528192436789	0.96116636156391	0.96021385934066	0.952726835696291	0.950761780178051	0.952497514758233	0.949416219286409	0.952092082824492	0.958741366963627	0.96223740516605	0.957614251133934	0.948988420698188	0.954959678136644	0.945456501337078	0.957560472745456	0.953263027914033	0.937609594789211	0.954536106712933	0.953240838823432	0.943280309412088	0.956047589671407	0.955667712147291	0.955362217254231	0.948963383627173	0.950427124796577	0.950120420236341	0.960068963734513	0.951716230731683	0.952844204311394	0.945068558538689	0.95215045915507	0.941902277329699	0.951684280285646	0.942277034245391	0.960594975891794	0.944169348057992	0.954379216257321	0.953163809497517
cg20664109	NA	NA	NA	NA	NA	NA	NA	NA	NA	NA	NA	NA	NA	NA	NA	NA	NA	NA	NA	NA	NA	NA	NA	NA	NA	NA	NA	NA	NA	NA	NA	NA	NA	NA	NA	NA	NA	NA	NA	NA	NA	NA	NA	NA	NA	NA	NA	NA	NA	NA	NA	NA	NA	NA	NA	NA	NA	NA	NA	NA	NA	NA	NA	NA	NA	NA	NA	NA	NA	NA	NA	NA	NA	NA	NA	NA	NA	NA	NA	NA
cg20689978	0.866915439456075	0.851621234289179	0.833185442889763	0.837862165855143	0.833223843069307	0.325163759921764	0.854476148585541	0.592486287899469	0.856903569931168	0.850298659015067	0.696352722988839	0.757607956314862	0.540526375844063	0.849291155341556	0.826602128621733	0.431560645323059	0.846236505493202	0.868123174316638	0.647126101217612	0.872885308828354	0.890531287364843	0.888505435020658	0.507164340224061	0.87372063878185	0.566633217897916	0.870850467999974	0.827683272591462	0.828820146119242	0.905918029375914	0.869725190752517	0.861330423777285	0.818854198937001	0.372773271406551	0.898330575606565	0.86036691345276	0.893301617204716	0.902806956962434	0.559893664776539	0.849066837720143	0.515304443898837	0.456130944497673	0.851755575660622	0.624623506756294	0.814055874484821	0.798071886072156	0.856295517728664	0.548080329814453	0.877136930988804	0.83846473059062	0.914877511081921	0.883645346213057	0.672516983324763	0.839689743413139	0.850361884866186	0.544352408167866	0.869871188664594	0.905937430930537	0.868724908587996	0.879165694934272	0.872023110301477	0.879918949399002	0.750395689346514	0.906621376420665	0.87813687792798	0.863813583979927	0.854442450618855	0.697288305873369	0.786905166865668	0.834218654884952	0.911953523197165	0.857536918431749	0.817419157715589	0.696725142826379	0.83254630504906	0.875578711630263	0.832847455999448	0.577775945014521	0.811031717328609	0.875369261032151	0.866649594463016
cg20706620	NA	NA	NA	NA	NA	NA	NA	NA	NA	NA	NA	NA	NA	NA	NA	NA	NA	NA	NA	NA	NA	NA	NA	NA	NA	NA	NA	NA	NA	NA	NA	NA	NA	NA	NA	NA	NA	NA	NA	NA	NA	NA	NA	NA	NA	NA	NA	NA	NA	NA	NA	NA	NA	NA	NA	NA	NA	NA	NA	NA	NA	NA	NA	NA	NA	NA	NA	NA	NA	NA	NA	NA	NA	NA	NA	NA	NA	NA	NA	NA
cg20747789	NA	NA	NA	NA	NA	NA	NA	NA	NA	NA	NA	NA	NA	NA	NA	NA	NA	NA	NA	NA	NA	NA	NA	NA	NA	NA	NA	NA	NA	NA	NA	NA	NA	NA	NA	NA	NA	NA	NA	NA	NA	NA	NA	NA	NA	NA	NA	NA	NA	NA	NA	NA	NA	NA	NA	NA	NA	NA	NA	NA	NA	NA	NA	NA	NA	NA	NA	NA	NA	NA	NA	NA	NA	NA	NA	NA	NA	NA	NA	NA
cg20756175	NA	NA	NA	NA	NA	NA	NA	NA	NA	NA	NA	NA	NA	NA	NA	NA	NA	NA	NA	NA	NA	NA	NA	NA	NA	NA	NA	NA	NA	NA	NA	NA	NA	NA	NA	NA	NA	NA	NA	NA	NA	NA	NA	NA	NA	NA	NA	NA	NA	NA	NA	NA	NA	NA	NA	NA	NA	NA	NA	NA	NA	NA	NA	NA	NA	NA	NA	NA	NA	NA	NA	NA	NA	NA	NA	NA	NA	NA	NA	NA
cg20786740	NA	NA	NA	NA	NA	NA	NA	NA	NA	NA	NA	NA	NA	NA	NA	NA	NA	NA	NA	NA	NA	NA	NA	NA	NA	NA	NA	NA	NA	NA	NA	NA	NA	NA	NA	NA	NA	NA	NA	NA	NA	NA	NA	NA	NA	NA	NA	NA	NA	NA	NA	NA	NA	NA	NA	NA	NA	NA	NA	NA	NA	NA	NA	NA	NA	NA	NA	NA	NA	NA	NA	NA	NA	NA	NA	NA	NA	NA	NA	NA
cg20803423	NA	NA	NA	NA	NA	NA	NA	NA	NA	NA	NA	NA	NA	NA	NA	NA	NA	NA	NA	NA	NA	NA	NA	NA	NA	NA	NA	NA	NA	NA	NA	NA	NA	NA	NA	NA	NA	NA	NA	NA	NA	NA	NA	NA	NA	NA	NA	NA	NA	NA	NA	NA	NA	NA	NA	NA	NA	NA	NA	NA	NA	NA	NA	NA	NA	NA	NA	NA	NA	NA	NA	NA	NA	NA	NA	NA	NA	NA	NA	NA
cg20808224	NA	NA	NA	NA	NA	NA	NA	NA	NA	NA	NA	NA	NA	NA	NA	NA	NA	NA	NA	NA	NA	NA	NA	NA	NA	NA	NA	NA	NA	NA	NA	NA	NA	NA	NA	NA	NA	NA	NA	NA	NA	NA	NA	NA	NA	NA	NA	NA	NA	NA	NA	NA	NA	NA	NA	NA	NA	NA	NA	NA	NA	NA	NA	NA	NA	NA	NA	NA	NA	NA	NA	NA	NA	NA	NA	NA	NA	NA	NA	NA
cg20823181	NA	NA	NA	NA	NA	NA	NA	NA	NA	NA	NA	NA	NA	NA	NA	NA	NA	NA	NA	NA	NA	NA	NA	NA	NA	NA	NA	NA	NA	NA	NA	NA	NA	NA	NA	NA	NA	NA	NA	NA	NA	NA	NA	NA	NA	NA	NA	NA	NA	NA	NA	NA	NA	NA	NA	NA	NA	NA	NA	NA	NA	NA	NA	NA	NA	NA	NA	NA	NA	NA	NA	NA	NA	NA	NA	NA	NA	NA	NA	NA
cg20834966	NA	NA	NA	NA	NA	NA	NA	NA	NA	NA	NA	NA	NA	NA	NA	NA	NA	NA	NA	NA	NA	NA	NA	NA	NA	NA	NA	NA	NA	NA	NA	NA	NA	NA	NA	NA	NA	NA	NA	NA	NA	NA	NA	NA	NA	NA	NA	NA	NA	NA	NA	NA	NA	NA	NA	NA	NA	NA	NA	NA	NA	NA	NA	NA	NA	NA	NA	NA	NA	NA	NA	NA	NA	NA	NA	NA	NA	NA	NA	NA
cg20836993	NA	NA	NA	NA	NA	NA	NA	NA	NA	NA	NA	NA	NA	NA	NA	NA	NA	NA	NA	NA	NA	NA	NA	NA	NA	NA	NA	NA	NA	NA	NA	NA	NA	NA	NA	NA	NA	NA	NA	NA	NA	NA	NA	NA	NA	NA	NA	NA	NA	NA	NA	NA	NA	NA	NA	NA	NA	NA	NA	NA	NA	NA	NA	NA	NA	NA	NA	NA	NA	NA	NA	NA	NA	NA	NA	NA	NA	NA	NA	NA
cg20854374	0.945436848029936	0.956213088526068	0.94327399806695	0.83783291033688	0.778889998699221	0.797439368332279	0.885398954750905	0.895533775638295	0.529192688333078	0.864359960838183	0.863270704062106	0.860705626721922	0.819239453260942	0.931082416488011	0.656265640042657	0.887633147097931	0.8385452104585	0.769361433489247	0.391924054528086	0.825516215961714	0.94592057573816	0.936581779060731	0.789248423986988	0.527144958777514	0.685609120385337	0.635308847589462	0.782223058260963	0.902545221729965	0.94741828009423	0.866578781211542	0.830129975406819	0.548796927236047	0.874469221974513	0.899368894988675	0.899980125100497	0.699655552852666	0.920504027878179	0.391680448251434	0.746918296390935	0.945975602673837	0.865635137073663	0.854506643760945	0.879178965301371	0.709890867981151	0.925135863321523	0.900182668756092	0.882691836094042	0.490032127877019	0.66972594539993	0.787646215718956	0.886096155673415	0.775039934748485	0.920575077053165	0.73246200376555	0.930218867329401	0.696975906740453	0.740320679222217	0.724014703671961	0.624038978931352	0.6646551592908	0.911463730034813	0.804047197563222	0.915003916975006	0.874527074360164	0.617866850841189	0.881993090197054	0.91331229098539	0.919156159525679	0.82776361610741	0.90879104553192	0.874477305182096	0.62516877613391	0.883434353908326	0.478736963155601	0.852614715757576	0.924016990537777	0.518686983628512	0.695568101184562	0.861703247241483	0.944474091841713
cg20919914	0.936222307747376	0.928693247077202	0.947673835521838	0.936617061242336	0.957244178168932	0.942095016608985	0.919997195705082	0.96509336370693	0.940443018597971	0.957807280744724	0.942822222847754	0.975536370984299	0.950177491234789	0.968268188964719	0.952683734725256	0.943831522926372	0.963834201734946	0.966464771675237	0.947108784414426	0.95003558294362	0.953203157780387	0.915015446780078	0.959444998566357	0.892751169861542	0.94138460383024	0.957499231556987	0.954343850910772	0.953685082566897	0.934382611238734	0.944025996621271	0.974003845328446	0.940298726868758	0.93762450600981	0.95056222860497	0.979083529409783	0.940083432055198	0.957414558097519	0.965771997451011	0.952587047042392	0.939360970402129	0.93935774499176	0.941401482035567	0.923180030419805	0.960926417114294	0.946502042650209	0.93483996394666	0.938868846579226	0.905017888178483	0.936150580508681	0.95023973402087	0.954296774548508	0.937166527817608	0.934069580724866	0.947707546921291	0.951454391961566	0.916569914859731	0.946217247382944	0.922093952959796	0.955845504426244	0.939991221954041	0.912456881999558	0.961416843628304	0.943731333253892	0.967757705884629	0.938063153451965	0.944080185726653	0.951583387381463	0.948695384294901	0.949432712913686	0.94847655312407	0.94643813295388	0.942085355175532	0.958721878442555	0.934320445438659	0.94639096526491	0.965322824083058	0.941314749689921	0.954960018067825	0.935408975338617	0.930585620710444
cg20955027	0.947562823605514	0.960338306559167	0.940365631161168	0.946517302904991	0.938270706741128	0.935850707377472	0.954816766867416	0.933803048094702	0.95335922272719	0.942173253565997	0.951314615269491	0.944157625499021	0.949224250549945	0.946333959966767	0.947888736783275	0.940766328586482	0.941893183210666	0.947007383502562	0.953692846401405	0.944730964421048	0.955439864425743	0.937081399230157	0.947338251225417	0.940350627808098	0.944208301158058	0.951451291972195	0.938395839503898	0.9556353748584	0.94977380223399	0.953584624392354	0.93012492714982	0.94793129682764	0.933560699993561	0.947348943618759	0.93920748156627	0.952036847272707	0.95920678515812	0.949437646732661	0.926314383185783	0.940882456923369	0.957282398901875	0.941727126186977	0.947841446420133	0.948183792460387	0.959332154679801	0.952047541040417	0.940882366920566	0.942088809895764	0.946434977906495	0.963754396625635	0.930627050670475	0.949914393053068	0.950040883655515	0.937308932366229	0.954957816839366	0.935889367290259	0.942171445881508	0.952844926145678	0.956254814672098	0.955353831439679	0.953361114530898	0.947967244286459	0.951802336158512	0.946999130861038	0.945078262696463	0.952457067022612	0.947291826743258	0.944575863314222	0.933754110596229	0.943452472107538	0.933223656881376	0.955525624331457	0.934627343108633	0.944230161238475	0.948363466430607	0.952758033863458	0.939785017735776	0.945987657997235	0.950170694250792	0.958762705245264
cg20970685	NA	NA	NA	NA	NA	NA	NA	NA	NA	NA	NA	NA	NA	NA	NA	NA	NA	NA	NA	NA	NA	NA	NA	NA	NA	NA	NA	NA	NA	NA	NA	NA	NA	NA	NA	NA	NA	NA	NA	NA	NA	NA	NA	NA	NA	NA	NA	NA	NA	NA	NA	NA	NA	NA	NA	NA	NA	NA	NA	NA	NA	NA	NA	NA	NA	NA	NA	NA	NA	NA	NA	NA	NA	NA	NA	NA	NA	NA	NA	NA
cg20979307	0.960437108738413	0.924347834662284	0.964022315860283	0.984204973540573	0.969697110006209	0.971306833926208	0.980407442151401	0.951098835712654	0.971789249986966	0.976940721635947	0.969642200612979	0.967905307094739	0.979546874142766	0.98518538527161	0.95002143888265	0.942625649801757	0.921968508247441	0.970887321928041	0.951098136409345	0.812369975656744	0.986020817798079	0.933581949869079	0.911199130652473	0.986931206329147	0.953847541206822	0.970936842617464	0.968459352119456	0.947028940285365	0.978666331179339	0.98448954866707	0.98061638882085	0.965240189656207	0.953630949264105	0.969420005062396	0.984074903203559	0.970344756667382	0.963092162418257	0.974389829821064	0.969376843524395	0.970848660094317	0.937662694873484	0.913338522485094	0.955278044536202	0.893676735815856	0.981524936679827	0.954802635232074	0.890528534871516	0.934465359955678	0.927292709280838	0.987352977057743	0.975592266312676	0.984641898733032	0.979402065067797	0.983958653097977	0.97161508897148	0.93385341249581	0.98704394140662	0.983126880663366	0.929869268156161	0.941815799848242	0.979749949068373	0.935850798575219	0.889451283543967	0.985496792751535	0.975455136582378	0.944618486467895	0.977594621649007	0.97232893714418	0.979668032377901	0.961582289552087	0.959535341672211	0.96238721015105	0.958596578933549	0.978064046126158	0.978825246596256	0.982475136135861	0.970392051637409	0.966720461459623	0.975896659636962	0.973703464979618
cg20994227	NA	NA	NA	NA	NA	NA	NA	NA	NA	NA	NA	NA	NA	NA	NA	NA	NA	NA	NA	NA	NA	NA	NA	NA	NA	NA	NA	NA	NA	NA	NA	NA	NA	NA	NA	NA	NA	NA	NA	NA	NA	NA	NA	NA	NA	NA	NA	NA	NA	NA	NA	NA	NA	NA	NA	NA	NA	NA	NA	NA	NA	NA	NA	NA	NA	NA	NA	NA	NA	NA	NA	NA	NA	NA	NA	NA	NA	NA	NA	NA
cg21004684	NA	NA	NA	NA	NA	NA	NA	NA	NA	NA	NA	NA	NA	NA	NA	NA	NA	NA	NA	NA	NA	NA	NA	NA	NA	NA	NA	NA	NA	NA	NA	NA	NA	NA	NA	NA	NA	NA	NA	NA	NA	NA	NA	NA	NA	NA	NA	NA	NA	NA	NA	NA	NA	NA	NA	NA	NA	NA	NA	NA	NA	NA	NA	NA	NA	NA	NA	NA	NA	NA	NA	NA	NA	NA	NA	NA	NA	NA	NA	NA
cg21046959	NA	NA	NA	NA	NA	NA	NA	NA	NA	NA	NA	NA	NA	NA	NA	NA	NA	NA	NA	NA	NA	NA	NA	NA	NA	NA	NA	NA	NA	NA	NA	NA	NA	NA	NA	NA	NA	NA	NA	NA	NA	NA	NA	NA	NA	NA	NA	NA	NA	NA	NA	NA	NA	NA	NA	NA	NA	NA	NA	NA	NA	NA	NA	NA	NA	NA	NA	NA	NA	NA	NA	NA	NA	NA	NA	NA	NA	NA	NA	NA
cg21049302	0.929002557423612	0.897969790288211	0.632182232249731	0.839441301461196	0.933320133014443	0.92562198447782	0.66903366312433	0.905873981011031	0.934012602804407	0.503250997893359	0.214195791518637	0.519574276112014	0.87360174410085	0.879937005004679	0.802410511681953	0.514891129848838	0.903566047089229	0.92470451129592	0.756573065470897	0.910902618976984	0.93959796013846	0.926510684264149	0.544212096011584	0.932565438012975	0.905464597775588	0.512194288310392	0.601372509591427	0.60841674220399	0.924914413522823	0.701671456057949	0.765185694881385	0.815691788952287	0.665237029256203	0.90585677327506	0.735434035888893	0.90235361937698	0.909782475662873	0.939254122183565	0.702204190268887	0.92019333305601	0.386529395876794	0.800793873392841	0.660018578949063	0.931844674569077	0.776622411032857	0.570360629153264	0.268280381662375	0.898424262793113	0.923953766269603	0.818778464036879	0.920762392967	0.81999447520071	0.921827135318993	0.93382888620744	0.695175413400623	0.93836370430865	0.926363002649429	0.930265485815693	0.944873024965314	0.933025046558807	0.917671908016993	0.636147454336314	0.92897130028338	0.900619210541494	0.923688076224059	0.87141116935166	0.427783646267682	0.646919043174566	0.826735560320806	0.929629156217585	0.893464931994855	0.662497275075685	0.528353419908355	0.552880512574542	0.914126689614783	0.83592038295651	0.930331391102024	0.591457927692682	0.831209814351319	0.872550236022501
cg21053644	NA	NA	NA	NA	NA	NA	NA	NA	NA	NA	NA	NA	NA	NA	NA	NA	NA	NA	NA	NA	NA	NA	NA	NA	NA	NA	NA	NA	NA	NA	NA	NA	NA	NA	NA	NA	NA	NA	NA	NA	NA	NA	NA	NA	NA	NA	NA	NA	NA	NA	NA	NA	NA	NA	NA	NA	NA	NA	NA	NA	NA	NA	NA	NA	NA	NA	NA	NA	NA	NA	NA	NA	NA	NA	NA	NA	NA	NA	NA	NA
cg21071940	NA	NA	NA	NA	NA	NA	NA	NA	NA	NA	NA	NA	NA	NA	NA	NA	NA	NA	NA	NA	NA	NA	NA	NA	NA	NA	NA	NA	NA	NA	NA	NA	NA	NA	NA	NA	NA	NA	NA	NA	NA	NA	NA	NA	NA	NA	NA	NA	NA	NA	NA	NA	NA	NA	NA	NA	NA	NA	NA	NA	NA	NA	NA	NA	NA	NA	NA	NA	NA	NA	NA	NA	NA	NA	NA	NA	NA	NA	NA	NA
cg21078247	NA	NA	NA	NA	NA	NA	NA	NA	NA	NA	NA	NA	NA	NA	NA	NA	NA	NA	NA	NA	NA	NA	NA	NA	NA	NA	NA	NA	NA	NA	NA	NA	NA	NA	NA	NA	NA	NA	NA	NA	NA	NA	NA	NA	NA	NA	NA	NA	NA	NA	NA	NA	NA	NA	NA	NA	NA	NA	NA	NA	NA	NA	NA	NA	NA	NA	NA	NA	NA	NA	NA	NA	NA	NA	NA	NA	NA	NA	NA	NA
cg21101714	NA	NA	NA	NA	NA	NA	NA	NA	NA	NA	NA	NA	NA	NA	NA	NA	NA	NA	NA	NA	NA	NA	NA	NA	NA	NA	NA	NA	NA	NA	NA	NA	NA	NA	NA	NA	NA	NA	NA	NA	NA	NA	NA	NA	NA	NA	NA	NA	NA	NA	NA	NA	NA	NA	NA	NA	NA	NA	NA	NA	NA	NA	NA	NA	NA	NA	NA	NA	NA	NA	NA	NA	NA	NA	NA	NA	NA	NA	NA	NA
cg21125095	NA	NA	NA	NA	NA	NA	NA	NA	NA	NA	NA	NA	NA	NA	NA	NA	NA	NA	NA	NA	NA	NA	NA	NA	NA	NA	NA	NA	NA	NA	NA	NA	NA	NA	NA	NA	NA	NA	NA	NA	NA	NA	NA	NA	NA	NA	NA	NA	NA	NA	NA	NA	NA	NA	NA	NA	NA	NA	NA	NA	NA	NA	NA	NA	NA	NA	NA	NA	NA	NA	NA	NA	NA	NA	NA	NA	NA	NA	NA	NA
cg21126306	NA	NA	NA	NA	NA	NA	NA	NA	NA	NA	NA	NA	NA	NA	NA	NA	NA	NA	NA	NA	NA	NA	NA	NA	NA	NA	NA	NA	NA	NA	NA	NA	NA	NA	NA	NA	NA	NA	NA	NA	NA	NA	NA	NA	NA	NA	NA	NA	NA	NA	NA	NA	NA	NA	NA	NA	NA	NA	NA	NA	NA	NA	NA	NA	NA	NA	NA	NA	NA	NA	NA	NA	NA	NA	NA	NA	NA	NA	NA	NA
cg21160516	NA	NA	NA	NA	NA	NA	NA	NA	NA	NA	NA	NA	NA	NA	NA	NA	NA	NA	NA	NA	NA	NA	NA	NA	NA	NA	NA	NA	NA	NA	NA	NA	NA	NA	NA	NA	NA	NA	NA	NA	NA	NA	NA	NA	NA	NA	NA	NA	NA	NA	NA	NA	NA	NA	NA	NA	NA	NA	NA	NA	NA	NA	NA	NA	NA	NA	NA	NA	NA	NA	NA	NA	NA	NA	NA	NA	NA	NA	NA	NA
cg21169995	NA	NA	NA	NA	NA	NA	NA	NA	NA	NA	NA	NA	NA	NA	NA	NA	NA	NA	NA	NA	NA	NA	NA	NA	NA	NA	NA	NA	NA	NA	NA	NA	NA	NA	NA	NA	NA	NA	NA	NA	NA	NA	NA	NA	NA	NA	NA	NA	NA	NA	NA	NA	NA	NA	NA	NA	NA	NA	NA	NA	NA	NA	NA	NA	NA	NA	NA	NA	NA	NA	NA	NA	NA	NA	NA	NA	NA	NA	NA	NA
cg21179412	NA	NA	NA	NA	NA	NA	NA	NA	NA	NA	NA	NA	NA	NA	NA	NA	NA	NA	NA	NA	NA	NA	NA	NA	NA	NA	NA	NA	NA	NA	NA	NA	NA	NA	NA	NA	NA	NA	NA	NA	NA	NA	NA	NA	NA	NA	NA	NA	NA	NA	NA	NA	NA	NA	NA	NA	NA	NA	NA	NA	NA	NA	NA	NA	NA	NA	NA	NA	NA	NA	NA	NA	NA	NA	NA	NA	NA	NA	NA	NA
cg21203984	NA	NA	NA	NA	NA	NA	NA	NA	NA	NA	NA	NA	NA	NA	NA	NA	NA	NA	NA	NA	NA	NA	NA	NA	NA	NA	NA	NA	NA	NA	NA	NA	NA	NA	NA	NA	NA	NA	NA	NA	NA	NA	NA	NA	NA	NA	NA	NA	NA	NA	NA	NA	NA	NA	NA	NA	NA	NA	NA	NA	NA	NA	NA	NA	NA	NA	NA	NA	NA	NA	NA	NA	NA	NA	NA	NA	NA	NA	NA	NA
cg21244845	NA	NA	NA	NA	NA	NA	NA	NA	NA	NA	NA	NA	NA	NA	NA	NA	NA	NA	NA	NA	NA	NA	NA	NA	NA	NA	NA	NA	NA	NA	NA	NA	NA	NA	NA	NA	NA	NA	NA	NA	NA	NA	NA	NA	NA	NA	NA	NA	NA	NA	NA	NA	NA	NA	NA	NA	NA	NA	NA	NA	NA	NA	NA	NA	NA	NA	NA	NA	NA	NA	NA	NA	NA	NA	NA	NA	NA	NA	NA	NA
cg21267836	NA	NA	NA	NA	NA	NA	NA	NA	NA	NA	NA	NA	NA	NA	NA	NA	NA	NA	NA	NA	NA	NA	NA	NA	NA	NA	NA	NA	NA	NA	NA	NA	NA	NA	NA	NA	NA	NA	NA	NA	NA	NA	NA	NA	NA	NA	NA	NA	NA	NA	NA	NA	NA	NA	NA	NA	NA	NA	NA	NA	NA	NA	NA	NA	NA	NA	NA	NA	NA	NA	NA	NA	NA	NA	NA	NA	NA	NA	NA	NA
cg21336434	0.484104097194361	0.605893395558976	0.510644911447398	0.699226423017443	0.85966494790398	0.902706502571143	0.468923019232826	0.119730379645486	0.874046264424221	0.443742522610671	0.0723258967573577	0.206008573883424	0.450286109096791	0.795237489004608	0.107637522363859	0.216798038459032	0.672964536049628	0.786470633897906	0.0844311544088457	0.0905659499268061	0.629068887959931	0.576697482753925	0.439837138281519	0.649349174716003	0.628098634091744	0.431201646035466	0.508662567127075	0.116923627020724	0.521038112938361	0.576371780188266	0.334347568297328	0.471371406109918	0.631382714886451	0.947151274340347	0.586493478174118	0.837899881988884	NA	0.133344128213615	0.600990113508742	0.472318686527696	0.126621724790749	0.692439254323593	0.0848896104471955	0.474516562523687	0.107505859465082	0.490697086727472	0.0950227040002891	0.908570603259862	0.805579555096478	0.864488163977913	0.77021341522855	0.565890379329635	0.92665834299943	0.756024970393166	0.283467992849498	0.738737259564381	0.826006179914574	0.520897542076615	0.914827810390413	0.539169377056422	0.332377327306036	0.131481251369103	0.6291818720092	0.546434273036691	0.730559397354596	0.375910114457982	0.109385938273535	0.0603838945263395	0.390603825979479	0.630054284052478	0.644703290013503	0.272767890272452	0.121217015165347	0.188415834289088	0.92269855628113	0.487773510283444	0.515058295297944	0.522292368468103	0.133805641001575	0.345655591973203
cg21358429	NA	NA	NA	NA	NA	NA	NA	NA	NA	NA	NA	NA	NA	NA	NA	NA	NA	NA	NA	NA	NA	NA	NA	NA	NA	NA	NA	NA	NA	NA	NA	NA	NA	NA	NA	NA	NA	NA	NA	NA	NA	NA	NA	NA	NA	NA	NA	NA	NA	NA	NA	NA	NA	NA	NA	NA	NA	NA	NA	NA	NA	NA	NA	NA	NA	NA	NA	NA	NA	NA	NA	NA	NA	NA	NA	NA	NA	NA	NA	NA
cg21397124	NA	NA	NA	NA	NA	NA	NA	NA	NA	NA	NA	NA	NA	NA	NA	NA	NA	NA	NA	NA	NA	NA	NA	NA	NA	NA	NA	NA	NA	NA	NA	NA	NA	NA	NA	NA	NA	NA	NA	NA	NA	NA	NA	NA	NA	NA	NA	NA	NA	NA	NA	NA	NA	NA	NA	NA	NA	NA	NA	NA	NA	NA	NA	NA	NA	NA	NA	NA	NA	NA	NA	NA	NA	NA	NA	NA	NA	NA	NA	NA
cg21414905	0.928973275497022	0.936487286703011	0.922232419247001	0.554400698935554	0.92898355569562	0.728292582123595	0.930068724646437	0.931038040136266	0.630303560191071	0.910532975413557	0.906254186034716	0.842314907814108	0.795940898366827	0.793177569907756	0.569155803632602	0.786894099379608	NA	NA	0.802147397891061	0.904256278987035	0.919222179171312	0.936664410887109	0.901013949841266	0.935636334956761	0.761230615521072	NA	0.827567818437834	0.900101125599366	0.840650664804822	0.882854468701162	0.811169584219793	0.136704403509983	0.887945622975153	0.928201180753291	0.834076109784905	0.701893297439031	0.914670737646523	0.930696096339199	0.66101779990694	0.924540159554864	0.86290946443812	0.892393967986323	0.926030116427417	0.818809198758852	0.905993390146853	0.869782354494294	0.594980788962187	0.685553465964005	0.874873519103604	0.612229722386787	0.597587692093023	0.925051419645025	0.880024798948996	0.932830798708428	0.939695473940717	0.742679575087917	0.935115976724684	0.850060307539179	0.300425760124764	0.835535757685042	0.74135663791869	0.905601468478268	0.700500500194544	0.893145975204367	0.773864890899708	0.921511329202548	0.904416799169363	0.875755277356806	0.682492491225309	0.918984567497692	0.889916424586413	0.761209887301636	0.927225757974886	0.892101134215495	NA	0.866635112407207	0.754283478033789	0.846019632885407	0.905968817909268	0.927612527344385
cg21429544	NA	NA	NA	NA	NA	NA	NA	NA	NA	NA	NA	NA	NA	NA	NA	NA	NA	NA	NA	NA	NA	NA	NA	NA	NA	NA	NA	NA	NA	NA	NA	NA	NA	NA	NA	NA	NA	NA	NA	NA	NA	NA	NA	NA	NA	NA	NA	NA	NA	NA	NA	NA	NA	NA	NA	NA	NA	NA	NA	NA	NA	NA	NA	NA	NA	NA	NA	NA	NA	NA	NA	NA	NA	NA	NA	NA	NA	NA	NA	NA
cg21443763	0.953013328759002	0.947123875246932	0.9309814776766	0.938072764143494	0.953528454968325	0.946821382997318	0.940276265213475	0.931784190529798	0.950649240745531	0.938438642914711	0.526486644472744	0.88134226059613	0.929247253041449	0.938992004832915	0.930752061095214	0.847453387112403	0.922901707797522	0.937396546892867	0.934579119499403	0.951512952969685	0.952068450443143	0.949537912091505	0.90743871428839	0.916415193501421	0.946533200796943	0.949210999159012	0.915060267285527	0.933410994822881	0.950950931760244	0.932869601727155	0.933954946992885	0.921902351088573	0.91915492755024	0.927910949687963	0.92087297662632	0.926829644660094	0.918465467732997	0.945461417707546	0.946857687438881	0.923166279651822	0.773538813037659	0.939724624812336	0.923825732820534	0.934637347523331	0.922431925208143	0.938529221763942	0.888301166640784	0.938703195916733	0.947480438481305	0.956601333575456	0.94858390334823	0.642201958762374	0.941327571222785	0.941461341005474	0.929444140258115	0.943909284208365	0.617635955218749	0.93501019755307	0.94227916380238	0.9426894940448	0.946561463502079	0.941172270031182	0.952741660810668	0.932709399454545	0.931930201357845	0.937626740411108	0.897848033473496	0.887897915489811	0.963841734868831	0.951097745697844	0.943367746641737	0.923914588318636	0.810080576004501	0.923458701060209	0.954592344420016	0.91609075880457	0.938169284913313	0.941585323436766	0.936398456257985	0.585444444250623
cg21469820	NA	NA	NA	NA	NA	NA	NA	NA	NA	NA	NA	NA	NA	NA	NA	NA	NA	NA	NA	NA	NA	NA	NA	NA	NA	NA	NA	NA	NA	NA	NA	NA	NA	NA	NA	NA	NA	NA	NA	NA	NA	NA	NA	NA	NA	NA	NA	NA	NA	NA	NA	NA	NA	NA	NA	NA	NA	NA	NA	NA	NA	NA	NA	NA	NA	NA	NA	NA	NA	NA	NA	NA	NA	NA	NA	NA	NA	NA	NA	NA
cg21483702	NA	NA	NA	NA	NA	NA	NA	NA	NA	NA	NA	NA	NA	NA	NA	NA	NA	NA	NA	NA	NA	NA	NA	NA	NA	NA	NA	NA	NA	NA	NA	NA	NA	NA	NA	NA	NA	NA	NA	NA	NA	NA	NA	NA	NA	NA	NA	NA	NA	NA	NA	NA	NA	NA	NA	NA	NA	NA	NA	NA	NA	NA	NA	NA	NA	NA	NA	NA	NA	NA	NA	NA	NA	NA	NA	NA	NA	NA	NA	NA
cg21502695	NA	NA	NA	NA	NA	NA	NA	NA	NA	NA	NA	NA	NA	NA	NA	NA	NA	NA	NA	NA	NA	NA	NA	NA	NA	NA	NA	NA	NA	NA	NA	NA	NA	NA	NA	NA	NA	NA	NA	NA	NA	NA	NA	NA	NA	NA	NA	NA	NA	NA	NA	NA	NA	NA	NA	NA	NA	NA	NA	NA	NA	NA	NA	NA	NA	NA	NA	NA	NA	NA	NA	NA	NA	NA	NA	NA	NA	NA	NA	NA
cg21512370	0.742454862559257	0.758404698994317	0.779974800814414	0.775890212710229	0.775396421376872	0.723086191084043	0.738746954139377	0.791628871082085	0.768296632114474	0.749970355967762	0.75654409556206	0.792801927022406	0.799214183393204	0.80683751767007	0.74791577758756	0.738096368186672	0.72594825728555	0.783895730109762	0.748671646502943	0.753605128407938	0.77229654272902	0.81241767541094	0.754535589012227	0.724457767951758	0.715384979929942	0.750834939819133	0.80647340084015	0.769902477175409	0.761129945502558	0.77933189505626	0.807690990270002	0.742990609815426	0.742097453675034	0.756729104634881	0.855948628377896	0.777199632953223	0.811425904819509	0.8103271822402	0.748702261778004	0.813920964330484	0.709660771560525	0.799046233195199	0.723797096491629	0.778848757102725	0.73507772212825	0.755031324811616	0.636092146289307	0.73318987999267	0.779630881919746	0.794217306803325	0.822689117977859	0.81461796372309	0.768698298943342	0.764980960900512	0.816170812667182	0.704922749692339	0.754454017727194	0.782444488241888	0.774784954276641	0.717084711279808	0.76853976211431	0.777151043454318	0.802607400065162	0.705645305756694	0.716735085368937	0.746356388014638	0.734487782847134	0.782764827918704	0.779618700944846	0.767603823865132	0.779505888669219	0.768238411813428	0.796142659390421	0.746591180741158	0.788573264720695	0.810842731048499	0.755929510731803	0.8045196179129	0.793797143633768	0.804655891565414
cg21532334	NA	NA	NA	NA	NA	NA	NA	NA	NA	NA	NA	NA	NA	NA	NA	NA	NA	NA	NA	NA	NA	NA	NA	NA	NA	NA	NA	NA	NA	NA	NA	NA	NA	NA	NA	NA	NA	NA	NA	NA	NA	NA	NA	NA	NA	NA	NA	NA	NA	NA	NA	NA	NA	NA	NA	NA	NA	NA	NA	NA	NA	NA	NA	NA	NA	NA	NA	NA	NA	NA	NA	NA	NA	NA	NA	NA	NA	NA	NA	NA
cg21579959	NA	NA	NA	NA	NA	NA	NA	NA	NA	NA	NA	NA	NA	NA	NA	NA	NA	NA	NA	NA	NA	NA	NA	NA	NA	NA	NA	NA	NA	NA	NA	NA	NA	NA	NA	NA	NA	NA	NA	NA	NA	NA	NA	NA	NA	NA	NA	NA	NA	NA	NA	NA	NA	NA	NA	NA	NA	NA	NA	NA	NA	NA	NA	NA	NA	NA	NA	NA	NA	NA	NA	NA	NA	NA	NA	NA	NA	NA	NA	NA
cg21583727	NA	NA	NA	NA	NA	NA	NA	NA	NA	NA	NA	NA	NA	NA	NA	NA	NA	NA	NA	NA	NA	NA	NA	NA	NA	NA	NA	NA	NA	NA	NA	NA	NA	NA	NA	NA	NA	NA	NA	NA	NA	NA	NA	NA	NA	NA	NA	NA	NA	NA	NA	NA	NA	NA	NA	NA	NA	NA	NA	NA	NA	NA	NA	NA	NA	NA	NA	NA	NA	NA	NA	NA	NA	NA	NA	NA	NA	NA	NA	NA
cg21593015	0.941210443990153	0.958298743032793	0.926531013425128	0.929752985548359	0.943905182914194	0.9406983526687	0.892950389711632	0.955032840694944	0.957021408334563	0.957606377301273	0.917074336726986	0.835013499662376	0.92776230821223	0.943544572691116	0.831229220132736	0.820958572106643	0.956629205348373	0.925545445323189	0.949074887956543	0.942024695958874	0.926401502486062	0.93410291571753	0.839261813229993	0.945847319535095	0.949409334250526	0.924459815644048	0.72465407995723	0.932373663632801	0.9568180839472	0.954696364405549	0.930417297804044	0.937643305536469	0.85815627219811	0.948446556024672	0.917220699872531	0.952312955124953	0.953531864285632	0.954932841883534	0.922649728937251	0.947815181870264	0.880839618632742	0.918722736828555	0.94516639484885	0.855416203429156	0.945626212373243	0.854836799910278	0.91856448606093	0.952867901197998	0.954818192527002	0.949158262366543	0.95628091139449	0.947878192561442	0.933928804428001	0.952189758627427	0.964251427381409	0.935066613688194	0.947340518553217	0.926540387636453	0.893182681068048	0.950966709515809	0.948232002779841	0.826359638854936	0.958995063220273	0.917274504294071	0.956732404666798	0.934858948169311	0.814529255580122	0.942317518455804	0.911281195899925	0.943248523719317	0.963270775180862	0.945765068263887	0.898617348510452	0.884695767484841	0.960975743954817	0.905147221582244	0.949315102435354	0.886133757260235	0.955627705612172	0.96157177934601
cg21606086	NA	NA	NA	NA	NA	NA	NA	NA	NA	NA	NA	NA	NA	NA	NA	NA	NA	NA	NA	NA	NA	NA	NA	NA	NA	NA	NA	NA	NA	NA	NA	NA	NA	NA	NA	NA	NA	NA	NA	NA	NA	NA	NA	NA	NA	NA	NA	NA	NA	NA	NA	NA	NA	NA	NA	NA	NA	NA	NA	NA	NA	NA	NA	NA	NA	NA	NA	NA	NA	NA	NA	NA	NA	NA	NA	NA	NA	NA	NA	NA
cg21615915	0.939692504370504	0.943365528278735	0.923100290560225	0.92672234591189	0.930802280036958	0.333975976638776	0.912168182789758	0.54375921816068	0.481105537550461	0.897010456013567	0.530895977337618	0.872088640732685	0.816898283478915	0.85083961552788	0.895436898772523	0.824752145498701	0.854715559151958	0.930460025564625	0.8857492023012	0.940254062649758	0.918629890841212	0.592960541711618	0.880541637133196	0.916443680795739	0.922074060782068	0.937634124605229	0.616273219014629	0.417155141614378	0.815271343671353	0.398378326007278	0.858958628345557	0.815135960557384	0.819383804109506	0.927911031556985	0.817040778832016	0.900585790723499	0.901877882729692	0.771842015826906	0.921070303441399	0.918230979992428	0.431689319131005	0.895200536114292	0.903059760682767	0.90156905960216	0.887503133216834	0.816385440664379	0.31062639618813	0.940462856727907	0.5585883634951	0.710448439992563	0.860360325714544	0.874774548786183	0.898791497222925	0.917020673373969	0.93460194867591	0.946146371541937	0.914135693817773	0.896928863741685	0.917896280951247	0.617514507044235	0.547694800651533	0.836087099398423	0.866401813709148	0.607517135588135	0.695813093488431	0.882939266197489	0.877429371914429	0.659997483537347	0.930199193373043	0.704748533127902	0.557147337681624	0.456539589188902	0.845663722580359	0.884919557089705	0.943066050086716	0.598144035671894	0.679987544790233	0.849377603935277	0.803766287216975	0.87010483180685
cg21618529	NA	NA	NA	NA	NA	NA	NA	NA	NA	NA	NA	NA	NA	NA	NA	NA	NA	NA	NA	NA	NA	NA	NA	NA	NA	NA	NA	NA	NA	NA	NA	NA	NA	NA	NA	NA	NA	NA	NA	NA	NA	NA	NA	NA	NA	NA	NA	NA	NA	NA	NA	NA	NA	NA	NA	NA	NA	NA	NA	NA	NA	NA	NA	NA	NA	NA	NA	NA	NA	NA	NA	NA	NA	NA	NA	NA	NA	NA	NA	NA
cg21618784	NA	NA	NA	NA	NA	NA	NA	NA	NA	NA	NA	NA	NA	NA	NA	NA	NA	NA	NA	NA	NA	NA	NA	NA	NA	NA	NA	NA	NA	NA	NA	NA	NA	NA	NA	NA	NA	NA	NA	NA	NA	NA	NA	NA	NA	NA	NA	NA	NA	NA	NA	NA	NA	NA	NA	NA	NA	NA	NA	NA	NA	NA	NA	NA	NA	NA	NA	NA	NA	NA	NA	NA	NA	NA	NA	NA	NA	NA	NA	NA
cg21647407	NA	NA	NA	NA	NA	NA	NA	NA	NA	NA	NA	NA	NA	NA	NA	NA	NA	NA	NA	NA	NA	NA	NA	NA	NA	NA	NA	NA	NA	NA	NA	NA	NA	NA	NA	NA	NA	NA	NA	NA	NA	NA	NA	NA	NA	NA	NA	NA	NA	NA	NA	NA	NA	NA	NA	NA	NA	NA	NA	NA	NA	NA	NA	NA	NA	NA	NA	NA	NA	NA	NA	NA	NA	NA	NA	NA	NA	NA	NA	NA
cg21690921	NA	NA	NA	NA	NA	NA	NA	NA	NA	NA	NA	NA	NA	NA	NA	NA	NA	NA	NA	NA	NA	NA	NA	NA	NA	NA	NA	NA	NA	NA	NA	NA	NA	NA	NA	NA	NA	NA	NA	NA	NA	NA	NA	NA	NA	NA	NA	NA	NA	NA	NA	NA	NA	NA	NA	NA	NA	NA	NA	NA	NA	NA	NA	NA	NA	NA	NA	NA	NA	NA	NA	NA	NA	NA	NA	NA	NA	NA	NA	NA
cg21694626	NA	NA	NA	NA	NA	NA	NA	NA	NA	NA	NA	NA	NA	NA	NA	NA	NA	NA	NA	NA	NA	NA	NA	NA	NA	NA	NA	NA	NA	NA	NA	NA	NA	NA	NA	NA	NA	NA	NA	NA	NA	NA	NA	NA	NA	NA	NA	NA	NA	NA	NA	NA	NA	NA	NA	NA	NA	NA	NA	NA	NA	NA	NA	NA	NA	NA	NA	NA	NA	NA	NA	NA	NA	NA	NA	NA	NA	NA	NA	NA
cg21767461	NA	NA	NA	NA	NA	NA	NA	NA	NA	NA	NA	NA	NA	NA	NA	NA	NA	NA	NA	NA	NA	NA	NA	NA	NA	NA	NA	NA	NA	NA	NA	NA	NA	NA	NA	NA	NA	NA	NA	NA	NA	NA	NA	NA	NA	NA	NA	NA	NA	NA	NA	NA	NA	NA	NA	NA	NA	NA	NA	NA	NA	NA	NA	NA	NA	NA	NA	NA	NA	NA	NA	NA	NA	NA	NA	NA	NA	NA	NA	NA
cg21797973	NA	NA	NA	NA	NA	NA	NA	NA	NA	NA	NA	NA	NA	NA	NA	NA	NA	NA	NA	NA	NA	NA	NA	NA	NA	NA	NA	NA	NA	NA	NA	NA	NA	NA	NA	NA	NA	NA	NA	NA	NA	NA	NA	NA	NA	NA	NA	NA	NA	NA	NA	NA	NA	NA	NA	NA	NA	NA	NA	NA	NA	NA	NA	NA	NA	NA	NA	NA	NA	NA	NA	NA	NA	NA	NA	NA	NA	NA	NA	NA
cg21801085	NA	NA	NA	NA	NA	NA	NA	NA	NA	NA	NA	NA	NA	NA	NA	NA	NA	NA	NA	NA	NA	NA	NA	NA	NA	NA	NA	NA	NA	NA	NA	NA	NA	NA	NA	NA	NA	NA	NA	NA	NA	NA	NA	NA	NA	NA	NA	NA	NA	NA	NA	NA	NA	NA	NA	NA	NA	NA	NA	NA	NA	NA	NA	NA	NA	NA	NA	NA	NA	NA	NA	NA	NA	NA	NA	NA	NA	NA	NA	NA
cg21803141	NA	NA	NA	NA	NA	NA	NA	NA	NA	NA	NA	NA	NA	NA	NA	NA	NA	NA	NA	NA	NA	NA	NA	NA	NA	NA	NA	NA	NA	NA	NA	NA	NA	NA	NA	NA	NA	NA	NA	NA	NA	NA	NA	NA	NA	NA	NA	NA	NA	NA	NA	NA	NA	NA	NA	NA	NA	NA	NA	NA	NA	NA	NA	NA	NA	NA	NA	NA	NA	NA	NA	NA	NA	NA	NA	NA	NA	NA	NA	NA
cg21835298	NA	NA	NA	NA	NA	NA	NA	NA	NA	NA	NA	NA	NA	NA	NA	NA	NA	NA	NA	NA	NA	NA	NA	NA	NA	NA	NA	NA	NA	NA	NA	NA	NA	NA	NA	NA	NA	NA	NA	NA	NA	NA	NA	NA	NA	NA	NA	NA	NA	NA	NA	NA	NA	NA	NA	NA	NA	NA	NA	NA	NA	NA	NA	NA	NA	NA	NA	NA	NA	NA	NA	NA	NA	NA	NA	NA	NA	NA	NA	NA
cg21840672	NA	NA	NA	NA	NA	NA	NA	NA	NA	NA	NA	NA	NA	NA	NA	NA	NA	NA	NA	NA	NA	NA	NA	NA	NA	NA	NA	NA	NA	NA	NA	NA	NA	NA	NA	NA	NA	NA	NA	NA	NA	NA	NA	NA	NA	NA	NA	NA	NA	NA	NA	NA	NA	NA	NA	NA	NA	NA	NA	NA	NA	NA	NA	NA	NA	NA	NA	NA	NA	NA	NA	NA	NA	NA	NA	NA	NA	NA	NA	NA
cg21844726	NA	NA	NA	NA	NA	NA	NA	NA	NA	NA	NA	NA	NA	NA	NA	NA	NA	NA	NA	NA	NA	NA	NA	NA	NA	NA	NA	NA	NA	NA	NA	NA	NA	NA	NA	NA	NA	NA	NA	NA	NA	NA	NA	NA	NA	NA	NA	NA	NA	NA	NA	NA	NA	NA	NA	NA	NA	NA	NA	NA	NA	NA	NA	NA	NA	NA	NA	NA	NA	NA	NA	NA	NA	NA	NA	NA	NA	NA	NA	NA
cg21934337	NA	NA	NA	NA	NA	NA	NA	NA	NA	NA	NA	NA	NA	NA	NA	NA	NA	NA	NA	NA	NA	NA	NA	NA	NA	NA	NA	NA	NA	NA	NA	NA	NA	NA	NA	NA	NA	NA	NA	NA	NA	NA	NA	NA	NA	NA	NA	NA	NA	NA	NA	NA	NA	NA	NA	NA	NA	NA	NA	NA	NA	NA	NA	NA	NA	NA	NA	NA	NA	NA	NA	NA	NA	NA	NA	NA	NA	NA	NA	NA
cg22001073	NA	NA	NA	NA	NA	NA	NA	NA	NA	NA	NA	NA	NA	NA	NA	NA	NA	NA	NA	NA	NA	NA	NA	NA	NA	NA	NA	NA	NA	NA	NA	NA	NA	NA	NA	NA	NA	NA	NA	NA	NA	NA	NA	NA	NA	NA	NA	NA	NA	NA	NA	NA	NA	NA	NA	NA	NA	NA	NA	NA	NA	NA	NA	NA	NA	NA	NA	NA	NA	NA	NA	NA	NA	NA	NA	NA	NA	NA	NA	NA
cg22042157	NA	NA	NA	NA	NA	NA	NA	NA	NA	NA	NA	NA	NA	NA	NA	NA	NA	NA	NA	NA	NA	NA	NA	NA	NA	NA	NA	NA	NA	NA	NA	NA	NA	NA	NA	NA	NA	NA	NA	NA	NA	NA	NA	NA	NA	NA	NA	NA	NA	NA	NA	NA	NA	NA	NA	NA	NA	NA	NA	NA	NA	NA	NA	NA	NA	NA	NA	NA	NA	NA	NA	NA	NA	NA	NA	NA	NA	NA	NA	NA
cg22064390	0.955742259597512	0.950172682721703	0.953089375945998	0.950137790707306	0.946930156936368	0.934450909729624	0.957348394019248	0.960092366009358	0.962396307313541	0.960433581442528	0.953563110141013	0.967131627417429	0.960506463736519	0.957715106021812	0.955968291692317	0.955747200756176	0.963219909385042	0.959192842397902	0.953862021157815	0.940105960580538	0.954541079574832	0.9454701575313	0.961602443477263	0.950151548759961	0.940504383165687	0.950892910636847	0.944525569943191	0.939306477937713	0.954443310502022	0.949512736286536	0.965820817366683	0.969880824945875	0.958613514381494	0.92859128496893	0.952440864607473	0.949384741259916	0.955003590936873	0.938260867982579	0.943648009728051	0.95524791641995	0.949336198131447	0.9650103215966	0.959293376881384	0.963421609884038	0.96077765865982	0.959609003655173	0.951364095843332	0.943286020474065	0.952124889644167	0.937708964850837	0.956521320948256	0.954067243526314	0.958538846732388	0.960516163989291	0.952114723104355	0.9423305229051	0.959803705902621	0.952033047869234	0.952419005136559	0.963920527928664	0.953318896079884	0.957831778875392	0.965063092767621	0.962295207331041	0.960764848473189	0.96782755379899	0.947240091012594	0.954193665201908	0.954682970871324	0.957660144681054	0.969876375365663	0.951957906281467	0.95132779642173	0.945715828630322	0.925901629005496	0.951060385239627	0.959025357216768	0.954374965789919	0.924030237647068	0.964057656042737
cg22073507	NA	NA	NA	NA	NA	NA	NA	NA	NA	NA	NA	NA	NA	NA	NA	NA	NA	NA	NA	NA	NA	NA	NA	NA	NA	NA	NA	NA	NA	NA	NA	NA	NA	NA	NA	NA	NA	NA	NA	NA	NA	NA	NA	NA	NA	NA	NA	NA	NA	NA	NA	NA	NA	NA	NA	NA	NA	NA	NA	NA	NA	NA	NA	NA	NA	NA	NA	NA	NA	NA	NA	NA	NA	NA	NA	NA	NA	NA	NA	NA
cg22117193	NA	NA	NA	NA	NA	NA	NA	NA	NA	NA	NA	NA	NA	NA	NA	NA	NA	NA	NA	NA	NA	NA	NA	NA	NA	NA	NA	NA	NA	NA	NA	NA	NA	NA	NA	NA	NA	NA	NA	NA	NA	NA	NA	NA	NA	NA	NA	NA	NA	NA	NA	NA	NA	NA	NA	NA	NA	NA	NA	NA	NA	NA	NA	NA	NA	NA	NA	NA	NA	NA	NA	NA	NA	NA	NA	NA	NA	NA	NA	NA
cg22127299	NA	NA	NA	NA	NA	NA	NA	NA	NA	NA	NA	NA	NA	NA	NA	NA	NA	NA	NA	NA	NA	NA	NA	NA	NA	NA	NA	NA	NA	NA	NA	NA	NA	NA	NA	NA	NA	NA	NA	NA	NA	NA	NA	NA	NA	NA	NA	NA	NA	NA	NA	NA	NA	NA	NA	NA	NA	NA	NA	NA	NA	NA	NA	NA	NA	NA	NA	NA	NA	NA	NA	NA	NA	NA	NA	NA	NA	NA	NA	NA
cg22134372	NA	NA	NA	NA	NA	NA	NA	NA	NA	NA	NA	NA	NA	NA	NA	NA	NA	NA	NA	NA	NA	NA	NA	NA	NA	NA	NA	NA	NA	NA	NA	NA	NA	NA	NA	NA	NA	NA	NA	NA	NA	NA	NA	NA	NA	NA	NA	NA	NA	NA	NA	NA	NA	NA	NA	NA	NA	NA	NA	NA	NA	NA	NA	NA	NA	NA	NA	NA	NA	NA	NA	NA	NA	NA	NA	NA	NA	NA	NA	NA
cg22149095	NA	NA	NA	NA	NA	NA	NA	NA	NA	NA	NA	NA	NA	NA	NA	NA	NA	NA	NA	NA	NA	NA	NA	NA	NA	NA	NA	NA	NA	NA	NA	NA	NA	NA	NA	NA	NA	NA	NA	NA	NA	NA	NA	NA	NA	NA	NA	NA	NA	NA	NA	NA	NA	NA	NA	NA	NA	NA	NA	NA	NA	NA	NA	NA	NA	NA	NA	NA	NA	NA	NA	NA	NA	NA	NA	NA	NA	NA	NA	NA
cg22168674	NA	NA	NA	NA	NA	NA	NA	NA	NA	NA	NA	NA	NA	NA	NA	NA	NA	NA	NA	NA	NA	NA	NA	NA	NA	NA	NA	NA	NA	NA	NA	NA	NA	NA	NA	NA	NA	NA	NA	NA	NA	NA	NA	NA	NA	NA	NA	NA	NA	NA	NA	NA	NA	NA	NA	NA	NA	NA	NA	NA	NA	NA	NA	NA	NA	NA	NA	NA	NA	NA	NA	NA	NA	NA	NA	NA	NA	NA	NA	NA
cg22170222	NA	NA	NA	NA	NA	NA	NA	NA	NA	NA	NA	NA	NA	NA	NA	NA	NA	NA	NA	NA	NA	NA	NA	NA	NA	NA	NA	NA	NA	NA	NA	NA	NA	NA	NA	NA	NA	NA	NA	NA	NA	NA	NA	NA	NA	NA	NA	NA	NA	NA	NA	NA	NA	NA	NA	NA	NA	NA	NA	NA	NA	NA	NA	NA	NA	NA	NA	NA	NA	NA	NA	NA	NA	NA	NA	NA	NA	NA	NA	NA
cg22233425	0.862663824372543	0.891224632992488	NA	NA	NA	NA	0.853543143932122	0.865693803048755	NA	0.84218927126441	NA	NA	NA	NA	0.892374972716941	NA	NA	NA	NA	NA	NA	NA	0.876095601136259	NA	NA	0.901240888257041	NA	NA	NA	NA	NA	0.853904645524934	NA	NA	NA	0.849216195493628	NA	NA	0.856650595901622	0.834812243430059	0.723217548886401	0.850225340189639	NA	NA	0.860115606107753	NA	0.841214020063199	NA	NA	0.86141281936235	0.869948403733302	NA	0.868997981132538	NA	0.884763298326102	NA	0.85533141950315	NA	NA	0.877358658425142	0.856645420961736	0.826901849046255	0.859230317353745	NA	0.87364938546235	NA	0.833789117003643	0.857180735351763	0.875605288069274	NA	0.858920277116409	NA	NA	NA	NA	NA	0.882381998183088	0.841632694868841	NA	NA
cg22246565	NA	NA	NA	NA	NA	NA	NA	NA	NA	NA	NA	NA	NA	NA	NA	NA	NA	NA	NA	NA	NA	NA	NA	NA	NA	NA	NA	NA	NA	NA	NA	NA	NA	NA	NA	NA	NA	NA	NA	NA	NA	NA	NA	NA	NA	NA	NA	NA	NA	NA	NA	NA	NA	NA	NA	NA	NA	NA	NA	NA	NA	NA	NA	NA	NA	NA	NA	NA	NA	NA	NA	NA	NA	NA	NA	NA	NA	NA	NA	NA
cg22254464	0.835018413718649	0.76305056849186	0.780926519469987	0.552249601320718	0.700096928591907	0.498566137346828	0.345815200494757	0.356878834531619	0.40251696212319	0.483335030467442	0.0903718194892774	0.290050618084295	0.515419812126372	0.743502482448088	0.455791388540428	0.193531721213475	0.719383492691028	0.437972916825335	0.509640897667361	0.0730467353820429	0.915564180565277	0.869556080179756	0.187043931406678	0.2561817782324	0.109343638504971	0.494469577741521	0.377869691324371	0.0675705142684244	0.61476631740499	0.873224366213974	0.431847966205381	0.2698434268461	0.844295626776535	0.271038985386599	0.397534087750494	0.113017494278132	0.888031472722821	0.879894566490672	0.516950196190225	0.621214200250154	0.0838799867592598	0.468603491686961	0.213982292716222	0.539247290168163	0.495609302301167	0.210777570892495	0.483582694516274	0.896967933090744	0.515065895086538	0.434563933022855	0.742402941969697	0.514760333956686	0.164165330935737	0.644151911525852	0.61500618562375	0.899299102267748	0.882134618400363	0.867271938606072	0.703260611780553	0.36676542085123	0.32366224126884	0.129825876390322	0.0784634093555346	0.738322999815404	0.139526113868225	0.758979624619935	0.102901927826457	0.436900620746605	0.732039074985177	0.918511824276838	0.707947499747806	0.365212696867431	0.0781328725753388	0.691752685186661	0.684193841843907	0.612186694777364	0.319589688362647	0.496540159618527	0.918891265966046	0.733293200249159
cg22329153	0.884134755211051	0.90150748142143	0.921754665888212	0.878275950596547	0.933721649813113	0.896267837272399	0.852535493095595	0.884240146445727	0.941760148994153	0.893350762176088	0.794886854570462	0.847495513181803	0.813943445525067	0.900475227359463	0.895422091599884	0.82514484045153	0.891679572303449	0.880090345429381	0.842674357825985	0.903182291273731	0.927551331085625	0.898391132947406	0.854850937683747	0.923420323767053	0.900475727634224	0.897749419046478	0.863177167074353	0.818107105698171	0.908298560211555	0.91429334019553	0.807197613413773	0.884575483229763	0.823926394328454	0.887276140977697	0.906688687938404	0.883976973856254	0.901296594331394	0.816238956791116	0.898988800611084	0.927257836216018	0.869860778463964	0.920760821641643	0.936062003548089	0.885462921561717	0.88812444777978	0.854507522471882	0.869312372216277	0.848725518808442	0.886216474472465	0.88009690058554	0.872416011785451	0.898432011661311	0.913826101029937	0.89481206080728	0.909815572076266	0.901828284954995	0.924406386635909	0.868781590935205	0.819673529101776	0.878389455032521	0.911769850028984	0.822226060009759	0.912473158930997	0.874664775943694	0.917230281928742	0.926830010704241	0.839312148792532	0.907743084801368	0.867589626603686	0.896245806845513	0.89546197355876	0.423161793750875	0.877458179881315	0.876616744354071	0.899041170332918	0.873011942311843	0.944761737977181	0.850963982823866	0.92157399018616	0.900214497017553
cg22378095	NA	NA	NA	NA	NA	NA	NA	NA	NA	NA	NA	NA	NA	NA	NA	NA	NA	NA	NA	NA	NA	NA	NA	NA	NA	NA	NA	NA	NA	NA	NA	NA	NA	NA	NA	NA	NA	NA	NA	NA	NA	NA	NA	NA	NA	NA	NA	NA	NA	NA	NA	NA	NA	NA	NA	NA	NA	NA	NA	NA	NA	NA	NA	NA	NA	NA	NA	NA	NA	NA	NA	NA	NA	NA	NA	NA	NA	NA	NA	NA
cg22384010	NA	NA	NA	NA	NA	NA	NA	NA	NA	NA	NA	NA	NA	NA	NA	NA	NA	NA	NA	NA	NA	NA	NA	NA	NA	NA	NA	NA	NA	NA	NA	NA	NA	NA	NA	NA	NA	NA	NA	NA	NA	NA	NA	NA	NA	NA	NA	NA	NA	NA	NA	NA	NA	NA	NA	NA	NA	NA	NA	NA	NA	NA	NA	NA	NA	NA	NA	NA	NA	NA	NA	NA	NA	NA	NA	NA	NA	NA	NA	NA
cg22386008	0.440358525930478	0.540875832508802	NA	0.633877199154215	0.304481391005319	0.862613465093862	0.147954844129634	0.164671871108862	0.200542204933815	0.692575643364091	0.136144676620552	0.293218986653635	NA	0.274375939814994	0.824866259852847	NA	0.254331852734594	0.650656097238243	0.548111453058527	0.688144904680299	0.775507717588952	0.575175199269209	0.743308827216359	0.591874764220389	0.25364306005103	0.165911530695551	0.641279965115884	0.431451642318155	0.0960492643820743	0.648330096283363	0.573069559020626	0.16287728041298	0.32257625670809	0.601797755091148	0.358508519864258	0.583614544722954	NA	0.148294479793777	NA	0.325117057362997	0.132068118035635	0.801343395115708	0.121930548455316	0.579511241233763	0.158897091191772	0.528294145387766	0.276255660860041	NA	0.291369190449945	0.156733391044917	0.809634329349362	0.277763949571721	0.537668480237082	0.797950979419097	0.188653455495798	NA	0.189216779057955	0.574565258968072	0.916569700539676	0.343868420988341	0.153861469779695	0.450424614613841	0.163171569941546	0.493133887224018	0.26330433855366	0.167377898525088	0.24294223439717	0.114441220643539	0.243460747643475	0.143651203747999	0.10972248794916	0.358388303692078	0.29494156042125	0.848251808378509	0.278736792428165	NA	0.182071343701053	0.271868212593821	0.585527788075735	0.316117785881114
cg22459078	NA	NA	NA	NA	NA	NA	NA	NA	NA	NA	NA	NA	NA	NA	NA	NA	NA	NA	NA	NA	NA	NA	NA	NA	NA	NA	NA	NA	NA	NA	NA	NA	NA	NA	NA	NA	NA	NA	NA	NA	NA	NA	NA	NA	NA	NA	NA	NA	NA	NA	NA	NA	NA	NA	NA	NA	NA	NA	NA	NA	NA	NA	NA	NA	NA	NA	NA	NA	NA	NA	NA	NA	NA	NA	NA	NA	NA	NA	NA	NA
cg22464692	0.909277372889621	0.924601641916931	0.90160935258257	0.928508026249074	0.943204678133742	0.944273252481541	0.955240356924243	0.94463230082196	0.940086658206123	0.897629794822713	0.925091705913693	0.922644670563557	0.943843933478867	0.922638243589787	0.93721244825713	0.935588587567405	0.949058640421225	0.933965556095347	0.933272726525947	0.945864887783317	0.911060873052344	0.940896705545795	0.920691310505906	0.93858483625108	0.940025294633637	0.937340259444625	0.871677696636937	0.918605105623879	0.940449242836577	0.941244624540485	0.947543847153298	0.698151989115233	0.904187823714692	0.932629145166387	0.903326673777884	0.933093066172735	0.946758932641403	0.942333925382454	0.956811365769152	0.938723618796542	0.932374267896484	0.923306469732909	0.927891417712342	0.947304122651814	0.919256965455952	0.939145850736199	0.946212377357156	0.935098530126919	0.941387508785318	0.934066003190022	0.944721701242335	0.95495996921422	0.93818936422477	0.92882694250407	0.94547671720285	0.947991211318015	0.935061618734917	0.932036894077236	0.942529865355194	0.9436800196496	0.951388023725685	0.919383639576287	0.95725685341309	0.943322560902272	0.949412250810737	0.944632541831223	0.914063779960125	0.958283773966558	0.932906676524925	0.941746756975278	0.958108095972911	0.940670979875218	0.940145642584244	0.91713535018006	0.884703407056056	0.881695116303825	0.903945985417397	0.913613232229265	0.949634409392878	0.941687028587125
cg22466850	NA	NA	NA	NA	NA	NA	NA	NA	NA	NA	NA	NA	NA	NA	NA	NA	NA	NA	NA	NA	NA	NA	NA	NA	NA	NA	NA	NA	NA	NA	NA	NA	NA	NA	NA	NA	NA	NA	NA	NA	NA	NA	NA	NA	NA	NA	NA	NA	NA	NA	NA	NA	NA	NA	NA	NA	NA	NA	NA	NA	NA	NA	NA	NA	NA	NA	NA	NA	NA	NA	NA	NA	NA	NA	NA	NA	NA	NA	NA	NA
cg22482142	NA	NA	NA	NA	NA	NA	NA	NA	NA	NA	NA	NA	NA	NA	NA	NA	NA	NA	NA	NA	NA	NA	NA	NA	NA	NA	NA	NA	NA	NA	NA	NA	NA	NA	NA	NA	NA	NA	NA	NA	NA	NA	NA	NA	NA	NA	NA	NA	NA	NA	NA	NA	NA	NA	NA	NA	NA	NA	NA	NA	NA	NA	NA	NA	NA	NA	NA	NA	NA	NA	NA	NA	NA	NA	NA	NA	NA	NA	NA	NA
cg22529427	NA	NA	NA	NA	NA	NA	NA	NA	NA	NA	NA	NA	NA	NA	NA	NA	NA	NA	NA	NA	NA	NA	NA	NA	NA	NA	NA	NA	NA	NA	NA	NA	NA	NA	NA	NA	NA	NA	NA	NA	NA	NA	NA	NA	NA	NA	NA	NA	NA	NA	NA	NA	NA	NA	NA	NA	NA	NA	NA	NA	NA	NA	NA	NA	NA	NA	NA	NA	NA	NA	NA	NA	NA	NA	NA	NA	NA	NA	NA	NA
cg22535679	NA	NA	NA	NA	NA	NA	NA	NA	NA	NA	NA	NA	NA	NA	NA	NA	NA	NA	NA	NA	NA	NA	NA	NA	NA	NA	NA	NA	NA	NA	NA	NA	NA	NA	NA	NA	NA	NA	NA	NA	NA	NA	NA	NA	NA	NA	NA	NA	NA	NA	NA	NA	NA	NA	NA	NA	NA	NA	NA	NA	NA	NA	NA	NA	NA	NA	NA	NA	NA	NA	NA	NA	NA	NA	NA	NA	NA	NA	NA	NA
cg22591006	NA	NA	NA	NA	NA	NA	NA	NA	NA	NA	NA	NA	NA	NA	NA	NA	NA	NA	NA	NA	NA	NA	NA	NA	NA	NA	NA	NA	NA	NA	NA	NA	NA	NA	NA	NA	NA	NA	NA	NA	NA	NA	NA	NA	NA	NA	NA	NA	NA	NA	NA	NA	NA	NA	NA	NA	NA	NA	NA	NA	NA	NA	NA	NA	NA	NA	NA	NA	NA	NA	NA	NA	NA	NA	NA	NA	NA	NA	NA	NA
cg22592346	NA	NA	NA	NA	NA	NA	NA	NA	NA	NA	NA	NA	NA	NA	NA	NA	NA	NA	NA	NA	NA	NA	NA	NA	NA	NA	NA	NA	NA	NA	NA	NA	NA	NA	NA	NA	NA	NA	NA	NA	NA	NA	NA	NA	NA	NA	NA	NA	NA	NA	NA	NA	NA	NA	NA	NA	NA	NA	NA	NA	NA	NA	NA	NA	NA	NA	NA	NA	NA	NA	NA	NA	NA	NA	NA	NA	NA	NA	NA	NA
cg22634105	NA	NA	NA	NA	NA	NA	NA	NA	NA	NA	NA	NA	NA	NA	NA	NA	NA	NA	NA	NA	NA	NA	NA	NA	NA	NA	NA	NA	NA	NA	NA	NA	NA	NA	NA	NA	NA	NA	NA	NA	NA	NA	NA	NA	NA	NA	NA	NA	NA	NA	NA	NA	NA	NA	NA	NA	NA	NA	NA	NA	NA	NA	NA	NA	NA	NA	NA	NA	NA	NA	NA	NA	NA	NA	NA	NA	NA	NA	NA	NA
cg22661775	NA	NA	NA	NA	NA	NA	NA	NA	NA	NA	NA	NA	NA	NA	NA	NA	NA	NA	NA	NA	NA	NA	NA	NA	NA	NA	NA	NA	NA	NA	NA	NA	NA	NA	NA	NA	NA	NA	NA	NA	NA	NA	NA	NA	NA	NA	NA	NA	NA	NA	NA	NA	NA	NA	NA	NA	NA	NA	NA	NA	NA	NA	NA	NA	NA	NA	NA	NA	NA	NA	NA	NA	NA	NA	NA	NA	NA	NA	NA	NA
cg22754489	NA	NA	NA	NA	NA	NA	NA	NA	NA	NA	NA	NA	NA	NA	NA	NA	NA	NA	NA	NA	NA	NA	NA	NA	NA	NA	NA	NA	NA	NA	NA	NA	NA	NA	NA	NA	NA	NA	NA	NA	NA	NA	NA	NA	NA	NA	NA	NA	NA	NA	NA	NA	NA	NA	NA	NA	NA	NA	NA	NA	NA	NA	NA	NA	NA	NA	NA	NA	NA	NA	NA	NA	NA	NA	NA	NA	NA	NA	NA	NA
cg22772235	NA	NA	NA	NA	NA	NA	NA	NA	NA	NA	NA	NA	NA	NA	NA	NA	NA	NA	NA	NA	NA	NA	NA	NA	NA	NA	NA	NA	NA	NA	NA	NA	NA	NA	NA	NA	NA	NA	NA	NA	NA	NA	NA	NA	NA	NA	NA	NA	NA	NA	NA	NA	NA	NA	NA	NA	NA	NA	NA	NA	NA	NA	NA	NA	NA	NA	NA	NA	NA	NA	NA	NA	NA	NA	NA	NA	NA	NA	NA	NA
cg22871659	NA	NA	NA	NA	NA	NA	NA	NA	NA	NA	NA	NA	NA	NA	NA	NA	NA	NA	NA	NA	NA	NA	NA	NA	NA	NA	NA	NA	NA	NA	NA	NA	NA	NA	NA	NA	NA	NA	NA	NA	NA	NA	NA	NA	NA	NA	NA	NA	NA	NA	NA	NA	NA	NA	NA	NA	NA	NA	NA	NA	NA	NA	NA	NA	NA	NA	NA	NA	NA	NA	NA	NA	NA	NA	NA	NA	NA	NA	NA	NA
cg22875855	NA	NA	NA	NA	NA	NA	NA	NA	NA	NA	NA	NA	NA	NA	NA	NA	NA	NA	NA	NA	NA	NA	NA	NA	NA	NA	NA	NA	NA	NA	NA	NA	NA	NA	NA	NA	NA	NA	NA	NA	NA	NA	NA	NA	NA	NA	NA	NA	NA	NA	NA	NA	NA	NA	NA	NA	NA	NA	NA	NA	NA	NA	NA	NA	NA	NA	NA	NA	NA	NA	NA	NA	NA	NA	NA	NA	NA	NA	NA	NA
cg22897634	NA	NA	NA	NA	NA	NA	NA	NA	NA	NA	NA	NA	NA	NA	NA	NA	NA	NA	NA	NA	NA	NA	NA	NA	NA	NA	NA	NA	NA	NA	NA	NA	NA	NA	NA	NA	NA	NA	NA	NA	NA	NA	NA	NA	NA	NA	NA	NA	NA	NA	NA	NA	NA	NA	NA	NA	NA	NA	NA	NA	NA	NA	NA	NA	NA	NA	NA	NA	NA	NA	NA	NA	NA	NA	NA	NA	NA	NA	NA	NA
cg22933538	NA	NA	NA	NA	NA	NA	NA	NA	NA	NA	NA	NA	NA	NA	NA	NA	NA	NA	NA	NA	NA	NA	NA	NA	NA	NA	NA	NA	NA	NA	NA	NA	NA	NA	NA	NA	NA	NA	NA	NA	NA	NA	NA	NA	NA	NA	NA	NA	NA	NA	NA	NA	NA	NA	NA	NA	NA	NA	NA	NA	NA	NA	NA	NA	NA	NA	NA	NA	NA	NA	NA	NA	NA	NA	NA	NA	NA	NA	NA	NA
cg22963191	NA	NA	NA	NA	NA	NA	NA	NA	NA	NA	NA	NA	NA	NA	NA	NA	NA	NA	NA	NA	NA	NA	NA	NA	NA	NA	NA	NA	NA	NA	NA	NA	NA	NA	NA	NA	NA	NA	NA	NA	NA	NA	NA	NA	NA	NA	NA	NA	NA	NA	NA	NA	NA	NA	NA	NA	NA	NA	NA	NA	NA	NA	NA	NA	NA	NA	NA	NA	NA	NA	NA	NA	NA	NA	NA	NA	NA	NA	NA	NA
cg22983641	NA	NA	NA	NA	NA	NA	NA	NA	NA	NA	NA	NA	NA	NA	NA	NA	NA	NA	NA	NA	NA	NA	NA	NA	NA	NA	NA	NA	NA	NA	NA	NA	NA	NA	NA	NA	NA	NA	NA	NA	NA	NA	NA	NA	NA	NA	NA	NA	NA	NA	NA	NA	NA	NA	NA	NA	NA	NA	NA	NA	NA	NA	NA	NA	NA	NA	NA	NA	NA	NA	NA	NA	NA	NA	NA	NA	NA	NA	NA	NA
cg23003872	NA	NA	NA	NA	NA	NA	NA	NA	NA	NA	NA	NA	NA	NA	NA	NA	NA	NA	NA	NA	NA	NA	NA	NA	NA	NA	NA	NA	NA	NA	NA	NA	NA	NA	NA	NA	NA	NA	NA	NA	NA	NA	NA	NA	NA	NA	NA	NA	NA	NA	NA	NA	NA	NA	NA	NA	NA	NA	NA	NA	NA	NA	NA	NA	NA	NA	NA	NA	NA	NA	NA	NA	NA	NA	NA	NA	NA	NA	NA	NA
cg23014672	NA	NA	NA	NA	NA	NA	NA	NA	NA	NA	NA	NA	NA	NA	NA	NA	NA	NA	NA	NA	NA	NA	NA	NA	NA	NA	NA	NA	NA	NA	NA	NA	NA	NA	NA	NA	NA	NA	NA	NA	NA	NA	NA	NA	NA	NA	NA	NA	NA	NA	NA	NA	NA	NA	NA	NA	NA	NA	NA	NA	NA	NA	NA	NA	NA	NA	NA	NA	NA	NA	NA	NA	NA	NA	NA	NA	NA	NA	NA	NA
cg23081488	NA	NA	NA	NA	NA	NA	NA	NA	NA	NA	NA	NA	NA	NA	NA	NA	NA	NA	NA	NA	NA	NA	NA	NA	NA	NA	NA	NA	NA	NA	NA	NA	NA	NA	NA	NA	NA	NA	NA	NA	NA	NA	NA	NA	NA	NA	NA	NA	NA	NA	NA	NA	NA	NA	NA	NA	NA	NA	NA	NA	NA	NA	NA	NA	NA	NA	NA	NA	NA	NA	NA	NA	NA	NA	NA	NA	NA	NA	NA	NA
cg23095043	NA	NA	NA	NA	NA	NA	NA	NA	NA	NA	NA	NA	NA	NA	NA	NA	NA	NA	NA	NA	NA	NA	NA	NA	NA	NA	NA	NA	NA	NA	NA	NA	NA	NA	NA	NA	NA	NA	NA	NA	NA	NA	NA	NA	NA	NA	NA	NA	NA	NA	NA	NA	NA	NA	NA	NA	NA	NA	NA	NA	NA	NA	NA	NA	NA	NA	NA	NA	NA	NA	NA	NA	NA	NA	NA	NA	NA	NA	NA	NA
cg23096272	NA	NA	NA	NA	NA	NA	NA	NA	NA	NA	NA	NA	NA	NA	NA	NA	NA	NA	NA	NA	NA	NA	NA	NA	NA	NA	NA	NA	NA	NA	NA	NA	NA	NA	NA	NA	NA	NA	NA	NA	NA	NA	NA	NA	NA	NA	NA	NA	NA	NA	NA	NA	NA	NA	NA	NA	NA	NA	NA	NA	NA	NA	NA	NA	NA	NA	NA	NA	NA	NA	NA	NA	NA	NA	NA	NA	NA	NA	NA	NA
cg23151747	NA	NA	NA	NA	NA	NA	NA	NA	NA	NA	NA	NA	NA	NA	NA	NA	NA	NA	NA	NA	NA	NA	NA	NA	NA	NA	NA	NA	NA	NA	NA	NA	NA	NA	NA	NA	NA	NA	NA	NA	NA	NA	NA	NA	NA	NA	NA	NA	NA	NA	NA	NA	NA	NA	NA	NA	NA	NA	NA	NA	NA	NA	NA	NA	NA	NA	NA	NA	NA	NA	NA	NA	NA	NA	NA	NA	NA	NA	NA	NA
cg23167863	0.938072954055934	0.945911492646163	0.950694363539886	0.942145826169833	0.927373765192058	0.94174324684535	0.957388290122498	0.931376288298636	0.919478872647897	0.945261405679036	0.959861643892608	0.947158183623294	0.948236337754806	0.94797338946093	0.941093442187391	0.897408416578481	0.957965671717374	0.948586942239428	0.951606802487145	0.941048861952301	0.955010485424048	0.924682661980557	0.947629264189701	0.938803503632803	0.955128709394718	0.940998470624454	0.891718853448037	0.929413725291458	0.936692678294524	0.962589249466973	0.958287297127722	0.934469758470954	0.958723869125048	0.962170044857798	0.943935581786129	0.930423542378424	0.940747993986812	0.951301201622607	0.93880656409158	0.950854467208817	0.950994380566641	0.918428951010453	0.940551056342518	0.906290236959533	0.936661506362903	0.943964159658111	0.948947541853382	0.961220932404615	0.952907955882533	0.94450869149192	0.944845258899433	0.953149291609872	0.937284893830466	0.953763157091407	0.94191540342278	0.949795638338851	0.943797126823969	0.944090402390382	0.957620300121319	0.929080094961376	0.950663189374578	0.961183225471848	0.933077786484819	0.925998741153249	0.96019470394989	0.961668972154336	0.953330591361589	0.931398103369015	0.966981593466197	0.965537436307018	0.945937566520412	0.940307618532232	0.945109908271331	0.95890813783295	0.967052961146949	0.937311673562024	0.939453193262471	0.923912797934326	0.944774352441257	0.956387004397428
cg23228779	NA	NA	NA	NA	NA	NA	NA	NA	NA	NA	NA	NA	NA	NA	NA	NA	NA	NA	NA	NA	NA	NA	NA	NA	NA	NA	NA	NA	NA	NA	NA	NA	NA	NA	NA	NA	NA	NA	NA	NA	NA	NA	NA	NA	NA	NA	NA	NA	NA	NA	NA	NA	NA	NA	NA	NA	NA	NA	NA	NA	NA	NA	NA	NA	NA	NA	NA	NA	NA	NA	NA	NA	NA	NA	NA	NA	NA	NA	NA	NA
cg23251678	0.955895833203756	0.946911434606291	0.959706048399023	0.961671498691658	0.953046722389527	0.952006647147922	0.960950992967883	0.942668041092807	0.955185606152208	0.954664011937347	0.963505210446709	0.960444228610453	0.95526565183298	0.960196494494791	0.962458788024252	0.951700072855205	0.944235279948718	0.952196435014716	0.956093529051276	0.946727022085899	0.961694555611158	0.961624918879263	0.961502440405871	0.954215901921788	0.960165035976848	0.962468549803929	0.961450160034549	0.953051158740969	0.956666934440051	0.961606718648187	0.96695054749844	0.956709777689203	0.957003557539722	0.953657083435908	0.957644532972967	0.952205302399942	0.961299501100098	0.965472250015048	0.952303449758947	0.955377288339198	0.955585998419282	0.963734077091852	0.956700265765084	0.961611193720425	0.964434748183653	0.957540246635393	0.958167815654507	0.961904684467121	0.957371621100473	0.959789528390908	0.961429464767421	0.953135555148936	0.947587355657364	0.954778277647068	0.961792731187756	0.967325962441908	0.959714826369803	0.959814559627911	0.958853265443305	0.96844286949982	0.954343425742828	0.951700901898047	0.959412844979631	0.960143744540381	0.963974390065444	0.96504829427552	0.961200572608065	0.948096363526937	0.957707114510009	0.965139368177426	0.967953920081362	0.942297905961615	0.968603828014148	0.958221913571278	0.958824175836246	0.93214160101022	0.958297465822592	0.956414306236325	0.960492591957931	0.966248888907869
cg23261820	NA	NA	NA	NA	NA	NA	NA	NA	NA	NA	NA	NA	NA	NA	NA	NA	NA	NA	NA	NA	NA	NA	NA	NA	NA	NA	NA	NA	NA	NA	NA	NA	NA	NA	NA	NA	NA	NA	NA	NA	NA	NA	NA	NA	NA	NA	NA	NA	NA	NA	NA	NA	NA	NA	NA	NA	NA	NA	NA	NA	NA	NA	NA	NA	NA	NA	NA	NA	NA	NA	NA	NA	NA	NA	NA	NA	NA	NA	NA	NA
cg23267554	NA	NA	NA	NA	NA	NA	NA	NA	NA	NA	NA	NA	NA	NA	NA	NA	NA	NA	NA	NA	NA	NA	NA	NA	NA	NA	NA	NA	NA	NA	NA	NA	NA	NA	NA	NA	NA	NA	NA	NA	NA	NA	NA	NA	NA	NA	NA	NA	NA	NA	NA	NA	NA	NA	NA	NA	NA	NA	NA	NA	NA	NA	NA	NA	NA	NA	NA	NA	NA	NA	NA	NA	NA	NA	NA	NA	NA	NA	NA	NA
cg23278018	0.947146183417074	0.941867805300439	0.912944714104424	0.941140819817968	0.929481980996029	0.882150925820249	0.926774876495979	0.931372487652919	0.931490709641052	0.929435297017639	0.925813613188183	0.925852101220119	0.906700815736631	0.918626379150887	0.930864543942035	0.915816581599258	0.879953073487119	0.923743364036354	0.92992299333505	0.926278332723414	0.916286122007315	0.938335873760112	0.933062810389386	0.917813086298452	0.926820494055041	0.934134655995021	0.916225003473866	0.917053113388458	0.937134014379487	0.916560651101572	0.909863260437238	0.912010751167404	0.929745866945506	0.920756894052123	0.928880857420414	0.939956784509491	0.929019833401647	0.915958431923595	0.928066783539722	0.924964273255568	0.931185016791507	0.924351792153602	0.940994243468621	0.941389387532503	0.927383990210138	0.920245806637805	0.925371096536697	0.922367585270395	0.912917026839582	0.940069846090119	0.933470552587451	0.934726978727941	0.936896842357099	0.936567500801404	0.942291971581543	0.929442965078196	0.93605261857992	0.907636655229612	0.909624178741228	0.91009621142872	0.92209750832869	0.887027864090016	0.92325228148491	0.929986037634531	0.941068156825905	0.926331976616262	0.932715003584954	0.938426598717775	0.936221196776625	0.922380652795041	0.906631651410485	0.93484428619951	0.934486818412366	0.913331334542313	0.918195089654016	0.908919695706677	0.93145916081177	0.934128116521651	0.907605318355145	0.938650723161832
cg23300865	NA	NA	NA	NA	NA	NA	NA	NA	NA	NA	NA	NA	NA	NA	NA	NA	NA	NA	NA	NA	NA	NA	NA	NA	NA	NA	NA	NA	NA	NA	NA	NA	NA	NA	NA	NA	NA	NA	NA	NA	NA	NA	NA	NA	NA	NA	NA	NA	NA	NA	NA	NA	NA	NA	NA	NA	NA	NA	NA	NA	NA	NA	NA	NA	NA	NA	NA	NA	NA	NA	NA	NA	NA	NA	NA	NA	NA	NA	NA	NA
cg23332005	0.941828823000483	0.943308017853975	0.867007996219866	0.894492633622921	0.889870420434557	0.876038640262707	0.9101679009508	0.922661042474737	0.917098346621211	0.891415206336908	0.816703206545144	0.914132120880941	0.915612071864054	0.896348163101871	0.925216907091813	0.904931471612178	0.892603106529101	0.92032044128565	0.803918173024198	0.922262249666934	0.919091031761267	0.84133622374348	0.914780145562517	0.877417384162158	0.892846944375529	0.934520207788794	0.871658685172767	0.906790330136136	0.92281820868163	0.881607613892211	0.884542678824693	0.874700995638389	0.883606757397275	0.916194197920818	0.927966775741237	0.923948517544654	0.891678502359745	0.905797426983057	0.896530764689137	0.914115622616867	0.908835864265324	0.921901979517328	0.910453434416962	0.910022377352047	0.920510028916648	0.925443595413945	0.922409811493382	0.873967525151676	0.904260972667722	0.930383482732521	0.924356936980517	0.91421848824565	0.928063782213171	0.877449166239799	0.937537825853252	0.890002420677683	0.920876178515718	0.883296110081425	0.87920866703437	0.926125575883488	0.914913485253001	0.904496674447547	0.906565619600772	0.909288965164691	0.888650772972605	0.890085709341395	0.918447891380366	0.923899637772895	0.917598391045104	0.890684397543763	0.934637495691792	0.911701184797428	0.90870185855653	0.905791827549266	0.890244212732109	0.907591607091301	0.935325763881941	0.924312967342605	0.906358748332867	0.913877093249479
cg23334804	NA	NA	NA	NA	NA	NA	NA	NA	NA	NA	NA	NA	NA	NA	NA	NA	NA	NA	NA	NA	NA	NA	NA	NA	NA	NA	NA	NA	NA	NA	NA	NA	NA	NA	NA	NA	NA	NA	NA	NA	NA	NA	NA	NA	NA	NA	NA	NA	NA	NA	NA	NA	NA	NA	NA	NA	NA	NA	NA	NA	NA	NA	NA	NA	NA	NA	NA	NA	NA	NA	NA	NA	NA	NA	NA	NA	NA	NA	NA	NA
cg23336892	NA	NA	NA	NA	NA	NA	NA	NA	NA	NA	NA	NA	NA	NA	NA	NA	NA	NA	NA	NA	NA	NA	NA	NA	NA	NA	NA	NA	NA	NA	NA	NA	NA	NA	NA	NA	NA	NA	NA	NA	NA	NA	NA	NA	NA	NA	NA	NA	NA	NA	NA	NA	NA	NA	NA	NA	NA	NA	NA	NA	NA	NA	NA	NA	NA	NA	NA	NA	NA	NA	NA	NA	NA	NA	NA	NA	NA	NA	NA	NA
cg23338752	NA	NA	NA	NA	NA	NA	NA	NA	NA	NA	NA	NA	NA	NA	NA	NA	NA	NA	NA	NA	NA	NA	NA	NA	NA	NA	NA	NA	NA	NA	NA	NA	NA	NA	NA	NA	NA	NA	NA	NA	NA	NA	NA	NA	NA	NA	NA	NA	NA	NA	NA	NA	NA	NA	NA	NA	NA	NA	NA	NA	NA	NA	NA	NA	NA	NA	NA	NA	NA	NA	NA	NA	NA	NA	NA	NA	NA	NA	NA	NA
cg23406815	NA	NA	NA	NA	NA	NA	NA	NA	NA	NA	NA	NA	NA	NA	NA	NA	NA	NA	NA	NA	NA	NA	NA	NA	NA	NA	NA	NA	NA	NA	NA	NA	NA	NA	NA	NA	NA	NA	NA	NA	NA	NA	NA	NA	NA	NA	NA	NA	NA	NA	NA	NA	NA	NA	NA	NA	NA	NA	NA	NA	NA	NA	NA	NA	NA	NA	NA	NA	NA	NA	NA	NA	NA	NA	NA	NA	NA	NA	NA	NA
cg23413074	NA	NA	NA	NA	NA	NA	NA	NA	NA	NA	NA	NA	NA	NA	NA	NA	NA	NA	NA	NA	NA	NA	NA	NA	NA	NA	NA	NA	NA	NA	NA	NA	NA	NA	NA	NA	NA	NA	NA	NA	NA	NA	NA	NA	NA	NA	NA	NA	NA	NA	NA	NA	NA	NA	NA	NA	NA	NA	NA	NA	NA	NA	NA	NA	NA	NA	NA	NA	NA	NA	NA	NA	NA	NA	NA	NA	NA	NA	NA	NA
cg23414149	NA	NA	NA	NA	NA	NA	NA	NA	NA	NA	NA	NA	NA	NA	NA	NA	NA	NA	NA	NA	NA	NA	NA	NA	NA	NA	NA	NA	NA	NA	NA	NA	NA	NA	NA	NA	NA	NA	NA	NA	NA	NA	NA	NA	NA	NA	NA	NA	NA	NA	NA	NA	NA	NA	NA	NA	NA	NA	NA	NA	NA	NA	NA	NA	NA	NA	NA	NA	NA	NA	NA	NA	NA	NA	NA	NA	NA	NA	NA	NA
cg23430295	0.96692188724078	0.969502008086985	0.965907274585241	0.968659524352573	0.952389694906473	0.962019960811006	0.968480909607813	0.964021133523685	0.966002293236811	0.969249195821136	0.967023385629693	0.962367687179165	0.972144599301014	0.973542668111487	0.962106592571257	0.868273735860745	0.963055896582877	0.970601439870635	0.958679500007761	0.964531000726636	0.968282511260252	0.960839150244804	0.970731173945566	0.955772874513972	0.968739475079455	0.966093700642447	0.962477906130119	0.87790036485658	0.967972402234404	0.955993194631327	0.966480001022453	0.967849832677278	0.963451596111912	0.960016761691176	0.968001204252455	0.970370373359987	0.968673871203213	0.967549499901828	0.965511403798717	0.964701704280211	0.959581062556178	0.970575553191742	0.963218954705417	0.964790742392825	0.961995810272143	0.969026634105843	0.963675834062522	0.965715199638971	0.966127094740121	0.96156261809465	0.964070484471084	0.970699902366745	0.957812444345717	0.965203515089928	0.972644410497692	0.968662145615615	0.969492902994257	0.971208635901411	0.966530229647738	0.966370195509636	0.970895169736737	0.963278351293838	0.697139471666498	0.964938586976777	0.968508435898304	0.955567329863133	0.964232494889834	0.914049742405623	0.964777901055954	0.969610678194844	0.968498605723909	0.97452312314803	0.95748519794403	0.960574211015504	0.957859728641157	0.971570310657699	0.973444525415153	0.947606005690972	0.967249092446588	0.968372088506929
cg23493553	0.947829437918111	0.945870171090666	0.932285146794241	0.945592529351105	0.922434494815068	0.942413118370691	0.949254111823266	0.962118446517908	0.939857497997614	0.926607810619272	0.936785023881155	0.943267210672501	0.926117985893648	0.940942242318895	0.940237285556426	0.941838226988047	0.93432929041764	0.936251316351771	0.93921744207179	0.932903304418021	0.940578211562108	0.937333841617889	0.939026961228385	0.943024373368752	0.901392565988789	0.943738384420737	0.91896473494122	0.939390473578955	0.944063506659831	0.930597944736899	0.948604403712405	0.938879250912825	0.945605475338269	0.936249345899873	0.931490345922868	0.938109134480538	0.951937793951469	0.940517402642617	0.947171417894023	0.94107476557048	0.938867347160347	0.945262410900051	0.9413415943838	0.943020325631786	0.944525841575984	0.94696019188012	0.95587825220348	0.941387459257159	0.949032632056659	0.886444043596925	0.942762762251514	0.945622656460137	0.926585066424773	0.950064736073495	0.94913162959026	0.9315187789706	0.949870464428966	0.914674465250321	0.923227173580164	0.951855605121045	0.957165161472196	0.935614875026598	0.946393358414322	0.945475107683073	0.92602688618562	0.950091297910156	0.928083245568125	0.94608493552782	0.94264141736628	0.951222963236634	0.941999830553758	0.944375271668225	0.927215804405468	0.931276651087296	0.921873060858204	0.931254430984935	0.945740614678077	0.939647149075007	0.935007869285293	0.932718999887526
cg23516370	0.597590227210321	0.889721200381663	0.133531655722429	0.940573223698651	0.800526857115899	0.929651916354709	0.919870017188526	0.154472012407559	0.665211740545819	0.905296459625303	0.153880337524856	0.474248360652017	0.925078775558163	0.539907768908014	0.860624234218901	0.669495838994389	0.835791579991779	0.522772957755568	0.0945814104671941	0.116887211885246	0.932463301525478	0.601647167979948	0.711042472996045	0.898987723345982	0.93759805157707	0.929584035784452	0.630050634717515	0.699818352777317	0.0986940156020497	0.895811032962181	0.817681846852784	0.106784610425593	0.763827018040501	0.952849273068077	0.720266380418044	0.116195268314037	0.730085399517366	0.230980486011765	0.946887879106419	0.830649869277594	0.412173699220855	0.883979373799783	0.722025822337484	0.403736920372847	0.298174000081832	0.540597230182106	0.539041738363858	0.933740077403158	0.527276277981609	0.96595901238521	0.94211382572285	0.0889315618439094	0.949711431811369	0.952029603955539	0.106527451245098	0.845142609380626	0.935098223047483	0.953321585582576	0.470697809006219	0.593627727289117	0.5057904959191	0.47098124730723	0.908076747463839	0.884247609773091	0.89300149183969	0.773218333112626	0.39061851841599	0.13080345062931	0.769484909207841	0.766622106033197	0.727784720019721	0.520718925648485	0.289144826404623	0.582141142570296	0.921013941501492	0.559323686918249	0.688803250024821	0.653758863936492	0.935405188355046	0.814478782443911
cg23531154	NA	NA	NA	NA	NA	NA	NA	NA	NA	NA	NA	NA	NA	NA	NA	NA	NA	NA	NA	NA	NA	NA	NA	NA	NA	NA	NA	NA	NA	NA	NA	NA	NA	NA	NA	NA	NA	NA	NA	NA	NA	NA	NA	NA	NA	NA	NA	NA	NA	NA	NA	NA	NA	NA	NA	NA	NA	NA	NA	NA	NA	NA	NA	NA	NA	NA	NA	NA	NA	NA	NA	NA	NA	NA	NA	NA	NA	NA	NA	NA
cg23542414	NA	NA	NA	NA	NA	NA	NA	NA	NA	NA	NA	NA	NA	NA	NA	NA	NA	NA	NA	NA	NA	NA	NA	NA	NA	NA	NA	NA	NA	NA	NA	NA	NA	NA	NA	NA	NA	NA	NA	NA	NA	NA	NA	NA	NA	NA	NA	NA	NA	NA	NA	NA	NA	NA	NA	NA	NA	NA	NA	NA	NA	NA	NA	NA	NA	NA	NA	NA	NA	NA	NA	NA	NA	NA	NA	NA	NA	NA	NA	NA
cg23545793	0.836852034829953	0.877152305460985	0.772326025060737	0.933015910600711	0.914067529897076	0.943461646035421	0.779438749821318	0.666046454689876	0.912322158690025	0.76707982317919	0.823792205838439	0.879593890200065	0.937229613758894	0.926252587390098	0.91976119801613	0.888282340786431	0.924538872402793	0.927129903553937	0.862896951104579	0.913659114551115	0.919911734619627	0.855091233717753	0.825184974074168	0.835459922754061	0.875066990184018	0.965769583984807	0.848534123887057	0.835244408176197	0.929238703433368	0.927437473492992	0.895332861021462	0.880276337976564	0.948335160302733	0.72602796214461	0.906809257228374	0.918030652751819	0.902620757485466	0.888369632062418	0.894270467224511	0.92759789994475	0.783348667923226	0.920012869909343	0.927706106467304	0.885477645871529	0.485987289817221	0.930890982078409	0.534693869858558	0.938331571817786	0.936154715823139	0.922996886680823	0.926765188792766	0.908257251092323	0.920702260540156	0.872378842323872	0.756268811494906	0.940011177483735	0.943130149955412	0.909097915321591	0.498040874295908	0.926335037158499	0.932862061533072	0.862241800875061	0.936616895736107	0.925126803907065	0.919481017860115	0.909090136916578	0.909265008565236	0.859768156386481	0.937669598569196	0.909943062957124	0.898945779855406	0.884416143152442	0.849828595389244	0.546858042661896	0.934496011876415	0.838637722054863	0.923595143692558	0.886951078919961	0.92238191604266	0.634705188078679
cg23614652	NA	NA	NA	NA	NA	NA	NA	NA	NA	NA	NA	NA	NA	NA	NA	NA	NA	NA	NA	NA	NA	NA	NA	NA	NA	NA	NA	NA	NA	NA	NA	NA	NA	NA	NA	NA	NA	NA	NA	NA	NA	NA	NA	NA	NA	NA	NA	NA	NA	NA	NA	NA	NA	NA	NA	NA	NA	NA	NA	NA	NA	NA	NA	NA	NA	NA	NA	NA	NA	NA	NA	NA	NA	NA	NA	NA	NA	NA	NA	NA
cg23642334	NA	NA	NA	NA	NA	NA	NA	NA	NA	NA	NA	NA	NA	NA	NA	NA	NA	NA	NA	NA	NA	NA	NA	NA	NA	NA	NA	NA	NA	NA	NA	NA	NA	NA	NA	NA	NA	NA	NA	NA	NA	NA	NA	NA	NA	NA	NA	NA	NA	NA	NA	NA	NA	NA	NA	NA	NA	NA	NA	NA	NA	NA	NA	NA	NA	NA	NA	NA	NA	NA	NA	NA	NA	NA	NA	NA	NA	NA	NA	NA
cg23652725	0.951277934142495	0.954213106589081	0.918931892625364	0.937883540830442	0.942024026176309	0.940450103922136	0.935824614779168	0.919042073127416	0.95728428060041	0.946288785749452	0.939593759590634	0.932924083854446	0.911086484130917	0.935414720692057	0.948657351552592	0.909358539337815	0.934133859520055	0.94961160406165	0.940643717767444	0.937169490180442	0.939145560012089	0.896318731488674	0.939167881123098	0.926239660027854	0.93102751203093	0.945407159623988	0.942211874689936	0.949451066439518	0.948421899768115	0.922407790290045	0.935323530325374	0.92446698906196	0.910680388385692	0.94048770861469	0.91553641704762	0.933307689533954	0.938505731563637	0.937426282136157	0.923823715160814	0.921441610458642	0.931400714963458	0.927368300535446	0.923923697892281	0.936660819790184	0.944113302737066	0.936332647010703	0.933646054749888	0.937664182857405	0.944382162592158	0.958102233825267	0.9359900219342	0.946647699434658	0.947696501748833	0.940044368756895	0.930758968395399	0.946668290534707	0.958570317724292	0.941756307354181	0.941595276676176	0.937224678004803	0.934824923233344	0.912199453986489	0.934133091831473	0.924092609879803	0.926723963972854	0.947203031256043	0.921168895484608	0.943053659709939	0.942970365427406	0.945277706691928	0.921713322346003	0.948422987152024	0.923162788618846	0.938044799911097	0.916009935360474	0.942479726312744	0.939234354803192	0.93801354296825	0.938895860012207	0.93895270094867
cg23685885	NA	NA	NA	NA	NA	NA	NA	NA	NA	NA	NA	NA	NA	NA	NA	NA	NA	NA	NA	NA	NA	NA	NA	NA	NA	NA	NA	NA	NA	NA	NA	NA	NA	NA	NA	NA	NA	NA	NA	NA	NA	NA	NA	NA	NA	NA	NA	NA	NA	NA	NA	NA	NA	NA	NA	NA	NA	NA	NA	NA	NA	NA	NA	NA	NA	NA	NA	NA	NA	NA	NA	NA	NA	NA	NA	NA	NA	NA	NA	NA
cg23726945	NA	NA	NA	NA	NA	NA	NA	NA	NA	NA	NA	NA	NA	NA	NA	NA	NA	NA	NA	NA	NA	NA	NA	NA	NA	NA	NA	NA	NA	NA	NA	NA	NA	NA	NA	NA	NA	NA	NA	NA	NA	NA	NA	NA	NA	NA	NA	NA	NA	NA	NA	NA	NA	NA	NA	NA	NA	NA	NA	NA	NA	NA	NA	NA	NA	NA	NA	NA	NA	NA	NA	NA	NA	NA	NA	NA	NA	NA	NA	NA
cg23816019	NA	NA	NA	NA	NA	NA	NA	NA	NA	NA	NA	NA	NA	NA	NA	NA	NA	NA	NA	NA	NA	NA	NA	NA	NA	NA	NA	NA	NA	NA	NA	NA	NA	NA	NA	NA	NA	NA	NA	NA	NA	NA	NA	NA	NA	NA	NA	NA	NA	NA	NA	NA	NA	NA	NA	NA	NA	NA	NA	NA	NA	NA	NA	NA	NA	NA	NA	NA	NA	NA	NA	NA	NA	NA	NA	NA	NA	NA	NA	NA
cg23860325	0.827637179195658	0.874471658502749	0.237027827408435	0.577533832947054	0.905666420502163	0.607789571013816	0.65221942878351	0.536092929376189	0.165596225125614	0.762250067788346	0.0606193060326119	0.427691150680073	0.10665498179283	0.436742921232009	0.449040709029349	0.146487552177042	0.0810655812300154	0.0928699439575199	0.311656934124025	0.0803443239819035	0.902692155070181	0.574901482164347	0.585637131727148	0.537980719462791	0.916302195001539	0.829612168399556	0.36630361667549	0.398619310019853	0.374832473634548	0.599041271678389	0.300448604142863	0.0653232448141951	0.675171095406437	0.784979560966818	0.499864336451466	0.617768685855702	0.612625755579499	0.518662530726959	0.887357813667999	0.719141100056184	0.0919339216149982	0.483528879712773	0.368403403936796	0.53249455366029	0.474389985261307	0.393024011942097	0.509193451789343	0.115268728139193	0.492108116592265	0.646335645967806	0.888239422029674	0.72357924086296	0.694605860082096	0.802329194326072	0.316351453207495	0.663573732534487	0.4102745535572	0.861541921837742	0.255188492753164	0.610420181304215	0.859064196606003	0.127905177324469	0.384940448065142	0.806305030635742	0.668295264913661	0.674482312333578	0.0937026152805513	0.679577810748121	0.0738778668484002	0.9289540025347	0.630703312774109	0.48519032485669	0.0747138568369584	0.588646076444187	0.640573674862039	0.502614366283621	0.61307077280921	0.169162136686368	0.60107720428589	0.735484639270748
cg23861101	NA	NA	NA	NA	NA	NA	NA	NA	NA	NA	NA	NA	NA	NA	NA	NA	NA	NA	NA	NA	NA	NA	NA	NA	NA	NA	NA	NA	NA	NA	NA	NA	NA	NA	NA	NA	NA	NA	NA	NA	NA	NA	NA	NA	NA	NA	NA	NA	NA	NA	NA	NA	NA	NA	NA	NA	NA	NA	NA	NA	NA	NA	NA	NA	NA	NA	NA	NA	NA	NA	NA	NA	NA	NA	NA	NA	NA	NA	NA	NA
cg24003649	NA	NA	NA	NA	NA	NA	NA	NA	NA	NA	NA	NA	NA	NA	NA	NA	NA	NA	NA	NA	NA	NA	NA	NA	NA	NA	NA	NA	NA	NA	NA	NA	NA	NA	NA	NA	NA	NA	NA	NA	NA	NA	NA	NA	NA	NA	NA	NA	NA	NA	NA	NA	NA	NA	NA	NA	NA	NA	NA	NA	NA	NA	NA	NA	NA	NA	NA	NA	NA	NA	NA	NA	NA	NA	NA	NA	NA	NA	NA	NA
cg24012683	0.954921572016035	0.970839604159714	0.961548972967628	0.955543645560098	0.954317450812103	0.959221974596689	0.962368417384736	0.957822330124228	0.963514122703797	0.954416820070734	0.955391700160689	0.963314918039345	0.956067583644563	0.954669271799581	0.961054149260925	0.951448870445859	0.964863301019365	0.970979090188592	0.95333228636796	0.966339976059845	0.951827855574864	0.955688834552503	0.958135115336957	0.945891689985619	0.952660694830745	0.961650232316782	0.950503831938038	0.960792821736388	0.96978373893975	0.95213378318933	0.959664993501643	0.95714943806518	0.956366298497135	0.963824126115103	0.962481484775096	0.961326907683513	0.958558100907278	0.967336541356399	0.967243512533506	0.960478779038564	0.952827042958349	0.942908642077581	0.959837423373603	0.949690491994009	0.962824448737687	0.954261827214154	0.957772756542052	0.949222008568254	0.952614477216762	0.952406147858138	0.962363537594088	0.971061853092091	0.961385207284653	0.963988421309043	0.965508126210139	0.941467675106648	0.960307367666677	0.962747414820014	0.961236855533713	0.963039104880115	0.959334582973353	0.957757459491922	0.94516956277368	0.964727408929501	0.969196398433272	0.942802085382496	0.968509232211013	0.94917688841144	0.972516818000875	0.964634163334083	0.959920025751114	0.959785538778926	0.962328952783923	0.956920348339614	0.954900878481578	0.951991250737138	0.956873647927454	0.951883708406604	0.946913915404081	0.964161438017769
cg24026092	NA	NA	NA	NA	NA	NA	NA	NA	NA	NA	NA	NA	NA	NA	NA	NA	NA	NA	NA	NA	NA	NA	NA	NA	NA	NA	NA	NA	NA	NA	NA	NA	NA	NA	NA	NA	NA	NA	NA	NA	NA	NA	NA	NA	NA	NA	NA	NA	NA	NA	NA	NA	NA	NA	NA	NA	NA	NA	NA	NA	NA	NA	NA	NA	NA	NA	NA	NA	NA	NA	NA	NA	NA	NA	NA	NA	NA	NA	NA	NA
cg24027342	0.905616876668753	0.869489588999985	0.850356058630739	0.912362792877384	0.918282678976077	0.892147962080179	0.912957323713239	0.896675063375506	0.938357870031134	0.89707103275151	0.799577004533617	0.859484732029188	0.879543109241722	0.952657506184315	0.905949703449529	0.833410990302333	0.941474949179982	0.929829680002581	0.889604957944165	0.906313101504314	0.933313277867606	0.860452960206693	0.928904514055872	0.888596936783736	0.928101867390707	0.920948490200191	0.848254821548665	0.834080381688136	0.90735780891528	0.926182961128101	0.947822439054286	0.902664258309005	0.878715734126476	0.915468359586322	0.92365267336848	0.892186125641492	0.929966194102715	0.948253848197977	0.885686749063185	0.891321352483923	0.805885198057375	0.918892246372219	0.87193434986687	0.87279315359347	0.886852831584743	0.890591557050197	0.864407746458991	0.883563583091384	0.898845946527418	0.886952845760981	0.923687746618894	0.859288092178706	0.919585458889513	0.863593750934787	0.876805410307061	0.864216163627423	0.888887781119894	0.888717178163216	0.929867291229096	0.928342373506534	0.907695946564821	0.918051545461463	0.906344266663905	0.934673842042797	0.886367995633376	0.86515919213243	0.852440776083857	0.913492838810951	0.93161291561749	0.915533999721749	0.909841226153599	0.923688915821798	0.873685853770409	0.914688283680547	0.906607099554844	0.925069774331474	0.919815980862377	0.897465240631098	0.921403342655689	0.896277962878165
cg24048209	NA	NA	NA	NA	NA	NA	NA	NA	NA	NA	NA	NA	NA	NA	NA	NA	NA	NA	NA	NA	NA	NA	NA	NA	NA	NA	NA	NA	NA	NA	NA	NA	NA	NA	NA	NA	NA	NA	NA	NA	NA	NA	NA	NA	NA	NA	NA	NA	NA	NA	NA	NA	NA	NA	NA	NA	NA	NA	NA	NA	NA	NA	NA	NA	NA	NA	NA	NA	NA	NA	NA	NA	NA	NA	NA	NA	NA	NA	NA	NA
cg24056757	0.942626092535828	0.955705171087966	0.941722813876201	0.93982531879847	0.945229550435773	0.957280835532109	0.935655101982111	0.957552172393024	0.942350489348765	0.955146663701687	0.925739119281176	0.940883175209496	0.960994506723892	0.948849133850652	0.952166545872613	0.925282132936163	0.953596808210095	0.9462641616159	0.946708833423339	0.946861713027482	0.946321446857972	0.940309093111144	0.945330295343932	0.945805389632218	0.95181339115013	0.943084975419405	0.89358163408118	0.956605256029319	0.952066369438261	0.947484088837237	0.955837724576557	0.909851118332425	0.947583558728862	0.958211091393097	0.944607856993847	0.954998816282957	0.953416778789679	0.96391839747746	0.915749820285293	0.964326590042767	0.937242316293613	0.924450551669242	0.942741865192884	0.945084470486792	0.955796920711531	0.954711625636154	0.95753093012832	0.964459461423739	0.933238282971342	0.942544111377217	0.956997516358665	0.967039147915148	0.952218211450126	0.936941002157009	0.954822951516517	0.95782144353682	0.945942881383537	0.94467481082014	0.944350198582196	0.935939332125306	0.931057905653533	0.937195735432544	0.971634168944873	0.9491006837078	0.950260757628469	0.966657889545305	0.941030039632884	0.958166541463228	0.935567325268371	0.951993888163247	0.970090806638912	0.963297213525995	0.94210569579857	0.930560069971457	0.973821133533511	0.960314572841412	0.964012303774013	0.933495441080659	0.928406206247068	0.957890810688807
cg24063594	NA	NA	NA	NA	NA	NA	NA	NA	NA	NA	NA	NA	NA	NA	NA	NA	NA	NA	NA	NA	NA	NA	NA	NA	NA	NA	NA	NA	NA	NA	NA	NA	NA	NA	NA	NA	NA	NA	NA	NA	NA	NA	NA	NA	NA	NA	NA	NA	NA	NA	NA	NA	NA	NA	NA	NA	NA	NA	NA	NA	NA	NA	NA	NA	NA	NA	NA	NA	NA	NA	NA	NA	NA	NA	NA	NA	NA	NA	NA	NA
cg24073060	NA	NA	NA	NA	NA	NA	NA	NA	NA	NA	NA	NA	NA	NA	NA	NA	NA	NA	NA	NA	NA	NA	NA	NA	NA	NA	NA	NA	NA	NA	NA	NA	NA	NA	NA	NA	NA	NA	NA	NA	NA	NA	NA	NA	NA	NA	NA	NA	NA	NA	NA	NA	NA	NA	NA	NA	NA	NA	NA	NA	NA	NA	NA	NA	NA	NA	NA	NA	NA	NA	NA	NA	NA	NA	NA	NA	NA	NA	NA	NA
cg24094412	NA	NA	NA	NA	NA	NA	NA	NA	NA	NA	NA	NA	NA	NA	NA	NA	NA	NA	NA	NA	NA	NA	NA	NA	NA	NA	NA	NA	NA	NA	NA	NA	NA	NA	NA	NA	NA	NA	NA	NA	NA	NA	NA	NA	NA	NA	NA	NA	NA	NA	NA	NA	NA	NA	NA	NA	NA	NA	NA	NA	NA	NA	NA	NA	NA	NA	NA	NA	NA	NA	NA	NA	NA	NA	NA	NA	NA	NA	NA	NA
cg24162965	NA	NA	NA	NA	NA	NA	NA	NA	NA	NA	NA	NA	NA	NA	NA	NA	NA	NA	NA	NA	NA	NA	NA	NA	NA	NA	NA	NA	NA	NA	NA	NA	NA	NA	NA	NA	NA	NA	NA	NA	NA	NA	NA	NA	NA	NA	NA	NA	NA	NA	NA	NA	NA	NA	NA	NA	NA	NA	NA	NA	NA	NA	NA	NA	NA	NA	NA	NA	NA	NA	NA	NA	NA	NA	NA	NA	NA	NA	NA	NA
cg24170212	NA	NA	NA	NA	NA	NA	NA	NA	NA	NA	NA	NA	NA	NA	NA	NA	NA	NA	NA	NA	NA	NA	NA	NA	NA	NA	NA	NA	NA	NA	NA	NA	NA	NA	NA	NA	NA	NA	NA	NA	NA	NA	NA	NA	NA	NA	NA	NA	NA	NA	NA	NA	NA	NA	NA	NA	NA	NA	NA	NA	NA	NA	NA	NA	NA	NA	NA	NA	NA	NA	NA	NA	NA	NA	NA	NA	NA	NA	NA	NA
cg24176601	0.945096548393337	0.923509559572639	0.95547079536553	0.937326191427123	0.931744485217191	0.941982717322707	0.9368459522914	0.932653271420735	0.948634304062112	0.937816086561223	0.910313797609303	0.932206171868823	0.941311121703097	0.91965596027045	0.933461080598949	0.499820712726097	0.960715079736751	0.956373505686755	0.931476934513807	0.930905675426737	0.933543953398232	0.899760735798883	0.941373252119893	0.926529940358315	0.923043721307558	0.951799773156681	0.901772829177772	0.909351188972796	0.939798846095379	0.94276726136215	0.908706674552496	0.946104009204632	0.941515556424415	0.917277803928805	0.936733252575025	0.895845386189053	0.94431119937191	0.951056164278114	0.944945420726767	0.920686482481723	0.913067883026255	0.947460800345585	0.929570054870567	0.912206248803823	0.925137345633623	0.922058366100314	0.937354697267041	0.948304072070614	0.947123688888123	0.927726073461922	0.950083735955096	0.898360052776877	0.92227180930675	0.93297931888504	0.92819596514157	0.937510150948991	0.932394515093792	0.928885515416212	0.939319069618054	0.944784724413426	0.927271803409004	0.934333738824042	0.938839775970703	0.939053604679571	0.93701919149532	0.9534939916624	0.926920555107244	0.920472735424756	0.927943902499222	0.950534086252344	0.943605107116151	0.929968268014071	0.920975801059714	0.943337600893679	0.919126516048862	0.91972369601342	0.951453191483707	0.914522593832428	0.926959736072758	0.939206899765972
cg24217980	NA	NA	NA	NA	NA	NA	NA	NA	NA	NA	NA	NA	NA	NA	NA	NA	NA	NA	NA	NA	NA	NA	NA	NA	NA	NA	NA	NA	NA	NA	NA	NA	NA	NA	NA	NA	NA	NA	NA	NA	NA	NA	NA	NA	NA	NA	NA	NA	NA	NA	NA	NA	NA	NA	NA	NA	NA	NA	NA	NA	NA	NA	NA	NA	NA	NA	NA	NA	NA	NA	NA	NA	NA	NA	NA	NA	NA	NA	NA	NA
cg24251441	0.894095408843832	0.894142458322275	0.842812861250227	0.927098053430013	0.90978390255177	0.949829773609289	0.846902739670978	0.933631109693846	0.960631374721436	0.878403478896649	0.947955695583981	0.921811147688928	0.944360809503259	0.948432183203827	0.922220110295597	0.883514653912089	0.925604452860628	0.947429883600531	0.883639183310293	0.944251069825737	0.883915670962915	0.950034435653445	0.955689767248532	0.946623996289317	0.950870156254575	0.946553722393898	0.918760703667025	0.952699867380465	0.955056756207178	0.949744752958518	0.948540569758011	0.721550303562522	0.943754417401298	0.897624722517335	0.950020807663226	0.941791055031501	0.900141076253922	0.868790772102292	0.947762039832481	0.932770938298091	0.900580242510883	0.948851648520225	0.859174450641971	0.930389472154349	0.935310662443114	0.946524467567479	0.923654801044666	0.946500799771547	0.961997163203152	0.860891169443889	0.920777954728364	0.933802135527531	0.955858989264913	0.93163926648701	0.949621648723483	0.927862558712545	0.915320912868889	0.939317480809583	0.861079240113876	0.949439512037168	0.940480556600143	0.936127010002969	0.958762209048073	0.949406132655154	0.935400361396243	0.914202031649155	0.956608535537768	0.935304435712395	0.949266417135703	0.913569403526682	0.942060620241117	0.955360059010243	0.93586376270753	0.90362935009522	0.941048843335035	0.936144231537447	0.937038563383108	0.944889041458166	0.911769499352438	0.944365254673118
cg24279701	NA	NA	NA	NA	NA	NA	NA	NA	NA	NA	NA	NA	NA	NA	NA	NA	NA	NA	NA	NA	NA	NA	NA	NA	NA	NA	NA	NA	NA	NA	NA	NA	NA	NA	NA	NA	NA	NA	NA	NA	NA	NA	NA	NA	NA	NA	NA	NA	NA	NA	NA	NA	NA	NA	NA	NA	NA	NA	NA	NA	NA	NA	NA	NA	NA	NA	NA	NA	NA	NA	NA	NA	NA	NA	NA	NA	NA	NA	NA	NA
cg24284859	0.959996596549399	0.958781461929775	0.776075269262905	0.938777765884371	0.807667426322769	0.943019703414101	0.953185531814229	0.945625051462872	0.94554638435872	0.936645696068112	0.934039889520595	0.944810036219018	0.951711240863412	0.922121163543955	0.954896331825581	0.905326342082204	0.956563722245739	0.940323839619343	0.716703789418656	0.945412985919419	0.93752088785819	0.943549020037959	0.946629204086187	0.938061428536937	0.914016194264451	0.945052214735421	0.911712280049474	0.940697680511679	0.959095453811522	0.936335247122799	0.931895389669716	0.943380594214406	0.946984797624516	0.912220460684806	0.953747301347957	0.938684095142649	0.934035362999294	0.934794440555906	0.79854641086296	0.943416383226578	0.938453700361893	0.91335091252659	0.895415208811673	0.956178385914891	0.945073322773699	0.944325543360078	0.950112603151219	0.939138545730624	0.933608151298705	0.952218146617453	0.956721458605551	0.926565923568056	0.950280129534224	0.942330838132076	0.95289316439802	0.929691196032663	0.953008623779451	0.947880168833806	0.946873411716278	0.946251762189433	0.949394587528503	0.938665961961785	0.171253892157265	0.802250126409685	0.772666824723699	0.945295253367842	0.788824281297236	0.939356161944436	0.784032306231915	0.93860723597298	0.957126217264392	0.955522560129876	0.928195431844406	0.937434375495624	0.933074038430722	0.939346313532828	0.693126892600483	0.944698854194912	0.927542818056805	0.946582011331493
cg24300962	NA	NA	NA	NA	NA	NA	NA	NA	NA	NA	NA	NA	NA	NA	NA	NA	NA	NA	NA	NA	NA	NA	NA	NA	NA	NA	NA	NA	NA	NA	NA	NA	NA	NA	NA	NA	NA	NA	NA	NA	NA	NA	NA	NA	NA	NA	NA	NA	NA	NA	NA	NA	NA	NA	NA	NA	NA	NA	NA	NA	NA	NA	NA	NA	NA	NA	NA	NA	NA	NA	NA	NA	NA	NA	NA	NA	NA	NA	NA	NA
cg24320065	NA	NA	NA	NA	NA	NA	NA	NA	NA	NA	NA	NA	NA	NA	NA	NA	NA	NA	NA	NA	NA	NA	NA	NA	NA	NA	NA	NA	NA	NA	NA	NA	NA	NA	NA	NA	NA	NA	NA	NA	NA	NA	NA	NA	NA	NA	NA	NA	NA	NA	NA	NA	NA	NA	NA	NA	NA	NA	NA	NA	NA	NA	NA	NA	NA	NA	NA	NA	NA	NA	NA	NA	NA	NA	NA	NA	NA	NA	NA	NA
cg24331317	NA	NA	NA	NA	NA	NA	NA	NA	NA	NA	NA	NA	NA	NA	NA	NA	NA	NA	NA	NA	NA	NA	NA	NA	NA	NA	NA	NA	NA	NA	NA	NA	NA	NA	NA	NA	NA	NA	NA	NA	NA	NA	NA	NA	NA	NA	NA	NA	NA	NA	NA	NA	NA	NA	NA	NA	NA	NA	NA	NA	NA	NA	NA	NA	NA	NA	NA	NA	NA	NA	NA	NA	NA	NA	NA	NA	NA	NA	NA	NA
cg24348466	NA	NA	NA	NA	NA	NA	NA	NA	NA	NA	NA	NA	NA	NA	NA	NA	NA	NA	NA	NA	NA	NA	NA	NA	NA	NA	NA	NA	NA	NA	NA	NA	NA	NA	NA	NA	NA	NA	NA	NA	NA	NA	NA	NA	NA	NA	NA	NA	NA	NA	NA	NA	NA	NA	NA	NA	NA	NA	NA	NA	NA	NA	NA	NA	NA	NA	NA	NA	NA	NA	NA	NA	NA	NA	NA	NA	NA	NA	NA	NA
cg24348786	NA	NA	NA	NA	NA	NA	NA	NA	NA	NA	NA	NA	NA	NA	NA	NA	NA	NA	NA	NA	NA	NA	NA	NA	NA	NA	NA	NA	NA	NA	NA	NA	NA	NA	NA	NA	NA	NA	NA	NA	NA	NA	NA	NA	NA	NA	NA	NA	NA	NA	NA	NA	NA	NA	NA	NA	NA	NA	NA	NA	NA	NA	NA	NA	NA	NA	NA	NA	NA	NA	NA	NA	NA	NA	NA	NA	NA	NA	NA	NA
cg24369233	NA	NA	NA	NA	NA	NA	NA	NA	NA	NA	NA	NA	NA	NA	NA	NA	NA	NA	NA	NA	NA	NA	NA	NA	NA	NA	NA	NA	NA	NA	NA	NA	NA	NA	NA	NA	NA	NA	NA	NA	NA	NA	NA	NA	NA	NA	NA	NA	NA	NA	NA	NA	NA	NA	NA	NA	NA	NA	NA	NA	NA	NA	NA	NA	NA	NA	NA	NA	NA	NA	NA	NA	NA	NA	NA	NA	NA	NA	NA	NA
cg24399529	0.0590313685433892	0.412001599749822	0.0691547854560811	0.0605127522535392	0.0656616459135395	0.195529039438564	0.0886038170110909	0.144883091642948	0.116232966335035	0.233007029371843	0.0939564657396899	0.142137243869646	0.120268100396444	0.131321118056317	0.558270955961675	0.179509134745698	0.149874039516542	0.213929490961171	0.12471823680324	0.318044308127704	0.0639859387684888	0.154017444820892	0.129677168074403	0.136696696541266	0.255828450504623	0.177312078158339	0.156124556733381	0.0984945435802259	0.0628948056151525	0.0640169767328015	0.118244272922959	0.0843854803265221	0.230409230842865	0.151260294479479	0.185396411217134	0.191670550693552	0.0821708684364063	0.110853932619226	0.205003862403692	0.113791884337023	0.202246671211146	0.293534332384829	0.126555758680909	0.115310622733089	0.0813905339160776	0.118683223496284	0.0761579296661467	0.104735395281706	0.101564254091702	0.0961118963409183	0.536517614971342	0.0770679626066091	0.101534625562948	0.183312305282014	0.0982395551749955	0.0828894262724572	0.0723849992800395	0.107626979629675	0.123569908763316	0.158291600801827	0.0652722375237898	0.167292833088181	0.227238013052265	0.249925328912372	0.201263385429478	0.179626157887413	0.202880476734989	0.059343715964218	0.283233743114062	0.0742901495031218	0.267325621219848	0.0925849251848103	0.13241463957269	0.180758515434161	0.3480939419086	0.133084440191832	0.208798057766317	0.0927956576337138	0.0991576397943146	0.091987059879287
cg24425968	NA	NA	NA	NA	NA	NA	NA	NA	NA	NA	NA	NA	NA	NA	NA	NA	NA	NA	NA	NA	NA	NA	NA	NA	NA	NA	NA	NA	NA	NA	NA	NA	NA	NA	NA	NA	NA	NA	NA	NA	NA	NA	NA	NA	NA	NA	NA	NA	NA	NA	NA	NA	NA	NA	NA	NA	NA	NA	NA	NA	NA	NA	NA	NA	NA	NA	NA	NA	NA	NA	NA	NA	NA	NA	NA	NA	NA	NA	NA	NA
cg24445752	NA	NA	NA	NA	NA	NA	NA	NA	NA	NA	NA	NA	NA	NA	NA	NA	NA	NA	NA	NA	NA	NA	NA	NA	NA	NA	NA	NA	NA	NA	NA	NA	NA	NA	NA	NA	NA	NA	NA	NA	NA	NA	NA	NA	NA	NA	NA	NA	NA	NA	NA	NA	NA	NA	NA	NA	NA	NA	NA	NA	NA	NA	NA	NA	NA	NA	NA	NA	NA	NA	NA	NA	NA	NA	NA	NA	NA	NA	NA	NA
cg24493925	NA	NA	NA	NA	NA	NA	NA	NA	NA	NA	NA	NA	NA	NA	NA	NA	NA	NA	NA	NA	NA	NA	NA	NA	NA	NA	NA	NA	NA	NA	NA	NA	NA	NA	NA	NA	NA	NA	NA	NA	NA	NA	NA	NA	NA	NA	NA	NA	NA	NA	NA	NA	NA	NA	NA	NA	NA	NA	NA	NA	NA	NA	NA	NA	NA	NA	NA	NA	NA	NA	NA	NA	NA	NA	NA	NA	NA	NA	NA	NA
cg24508547	NA	NA	NA	NA	NA	NA	NA	NA	NA	NA	NA	NA	NA	NA	NA	NA	NA	NA	NA	NA	NA	NA	NA	NA	NA	NA	NA	NA	NA	NA	NA	NA	NA	NA	NA	NA	NA	NA	NA	NA	NA	NA	NA	NA	NA	NA	NA	NA	NA	NA	NA	NA	NA	NA	NA	NA	NA	NA	NA	NA	NA	NA	NA	NA	NA	NA	NA	NA	NA	NA	NA	NA	NA	NA	NA	NA	NA	NA	NA	NA
cg24509591	NA	NA	NA	NA	NA	NA	NA	NA	NA	NA	NA	NA	NA	NA	NA	NA	NA	NA	NA	NA	NA	NA	NA	NA	NA	NA	NA	NA	NA	NA	NA	NA	NA	NA	NA	NA	NA	NA	NA	NA	NA	NA	NA	NA	NA	NA	NA	NA	NA	NA	NA	NA	NA	NA	NA	NA	NA	NA	NA	NA	NA	NA	NA	NA	NA	NA	NA	NA	NA	NA	NA	NA	NA	NA	NA	NA	NA	NA	NA	NA
cg24512770	NA	NA	NA	NA	NA	NA	NA	NA	NA	NA	NA	NA	NA	NA	NA	NA	NA	NA	NA	NA	NA	NA	NA	NA	NA	NA	NA	NA	NA	NA	NA	NA	NA	NA	NA	NA	NA	NA	NA	NA	NA	NA	NA	NA	NA	NA	NA	NA	NA	NA	NA	NA	NA	NA	NA	NA	NA	NA	NA	NA	NA	NA	NA	NA	NA	NA	NA	NA	NA	NA	NA	NA	NA	NA	NA	NA	NA	NA	NA	NA
cg24524735	NA	NA	NA	NA	NA	NA	NA	NA	NA	NA	NA	NA	NA	NA	NA	NA	NA	NA	NA	NA	NA	NA	NA	NA	NA	NA	NA	NA	NA	NA	NA	NA	NA	NA	NA	NA	NA	NA	NA	NA	NA	NA	NA	NA	NA	NA	NA	NA	NA	NA	NA	NA	NA	NA	NA	NA	NA	NA	NA	NA	NA	NA	NA	NA	NA	NA	NA	NA	NA	NA	NA	NA	NA	NA	NA	NA	NA	NA	NA	NA
cg24531568	NA	NA	NA	NA	NA	NA	NA	NA	NA	NA	NA	NA	NA	NA	NA	NA	NA	NA	NA	NA	NA	NA	NA	NA	NA	NA	NA	NA	NA	NA	NA	NA	NA	NA	NA	NA	NA	NA	NA	NA	NA	NA	NA	NA	NA	NA	NA	NA	NA	NA	NA	NA	NA	NA	NA	NA	NA	NA	NA	NA	NA	NA	NA	NA	NA	NA	NA	NA	NA	NA	NA	NA	NA	NA	NA	NA	NA	NA	NA	NA
cg24536474	NA	NA	NA	NA	NA	NA	NA	NA	NA	NA	NA	NA	NA	NA	NA	NA	NA	NA	NA	NA	NA	NA	NA	NA	NA	NA	NA	NA	NA	NA	NA	NA	NA	NA	NA	NA	NA	NA	NA	NA	NA	NA	NA	NA	NA	NA	NA	NA	NA	NA	NA	NA	NA	NA	NA	NA	NA	NA	NA	NA	NA	NA	NA	NA	NA	NA	NA	NA	NA	NA	NA	NA	NA	NA	NA	NA	NA	NA	NA	NA
cg24537973	0.893689733899078	0.900862611611218	0.855313478298325	0.860464972717692	0.826734225386773	0.410438056719202	0.810645500693833	0.820673800473869	0.912074034833944	0.881763896373501	0.815770990630583	0.727221964543931	0.711511152724101	0.8078307637302	0.888968557007663	0.808603075539676	0.847576516564401	0.516633699178797	0.722804594803043	0.892867525928987	0.831983008594004	0.86800939127751	0.668210808500131	0.931074834963285	0.78033307777181	0.90050732658666	0.725134069097508	0.874973742276508	0.927644685674541	0.920398172271223	0.506078252449942	0.589552538726844	0.825756858889723	0.902295157642812	0.585631344905434	0.889351254597436	0.856201123517986	0.351536311825082	0.777646981796729	0.897120874609287	0.862286855349584	0.83591413612459	0.836384736992679	0.865245144525635	0.860618342814343	0.779287428980061	0.877596725904283	0.82858539034888	0.618641665138595	0.910659065998087	0.791913769215901	0.821376336844953	0.914593993342304	0.914004366924447	0.916292809162859	0.890846204971099	0.926880257322254	0.879083202932599	0.743679627356115	0.718881366121645	0.879770081884655	0.670636162204234	0.505032013230511	0.837935879126133	0.681638515036017	0.873858337847147	0.555386518109857	0.938070598378124	0.896818991036031	0.789993911327734	0.837504546841153	0.529491827673237	0.725207700131688	0.83593716866653	0.912707352530211	0.823786186434739	0.70272591023169	0.651140246835429	0.935044277680125	0.888902402128437
cg24546349	0.29362703311113	0.590210072341013	0.43557849810142	0.493105119397171	0.200703303833344	0.889918353156513	0.592265290040257	0.155277394605461	0.596486351440222	0.577513469003038	0.551851247454191	0.439184060287224	0.566233257311351	0.563848809961755	0.543772387166094	0.754406706608352	0.506942944365241	0.639962586226294	0.334248129194396	0.895479598480197	0.544423286453829	0.226811935589556	0.636224480679876	0.859958142693926	0.35977429104505	0.902412680091335	0.469562105719184	0.634857118976745	0.55017626088786	0.57644078274689	0.794701407410197	0.164840412178011	0.566934463047841	0.59324693657089	0.470591801565292	0.58823900133385	0.8816212795525	0.526640365849218	0.21459919981123	0.448597029618068	0.214615099846209	0.643667337282568	0.619282142979155	0.544925710366565	0.749663049619546	0.662244940692167	0.127143846558546	0.688030856245359	0.216244868129093	0.851298976256948	0.454292135211793	0.469986528929072	0.682195768937015	0.78744523374793	0.518138054945917	0.898641313345604	0.415968098207556	0.50277390073071	0.516876485289842	0.647300444712116	0.845781331527284	0.46756340650942	0.568684487161256	0.547032801738095	0.435807225529374	0.493845817490724	0.721161034576599	0.803454172180914	0.394994920079921	0.662837538611076	0.511186537475386	0.637916263553967	0.618857284575348	0.42601986666998	0.549446478837224	0.629148780207766	0.872495275437029	0.766115603179195	0.881784379402283	0.603778077581708
cg24575638	NA	NA	NA	NA	NA	NA	NA	NA	NA	NA	NA	NA	NA	NA	NA	NA	NA	NA	NA	NA	NA	NA	NA	NA	NA	NA	NA	NA	NA	NA	NA	NA	NA	NA	NA	NA	NA	NA	NA	NA	NA	NA	NA	NA	NA	NA	NA	NA	NA	NA	NA	NA	NA	NA	NA	NA	NA	NA	NA	NA	NA	NA	NA	NA	NA	NA	NA	NA	NA	NA	NA	NA	NA	NA	NA	NA	NA	NA	NA	NA
cg24581736	NA	NA	NA	NA	NA	NA	NA	NA	NA	NA	NA	NA	NA	NA	NA	NA	NA	NA	NA	NA	NA	NA	NA	NA	NA	NA	NA	NA	NA	NA	NA	NA	NA	NA	NA	NA	NA	NA	NA	NA	NA	NA	NA	NA	NA	NA	NA	NA	NA	NA	NA	NA	NA	NA	NA	NA	NA	NA	NA	NA	NA	NA	NA	NA	NA	NA	NA	NA	NA	NA	NA	NA	NA	NA	NA	NA	NA	NA	NA	NA
cg24619998	0.92306725763688	0.942656910514926	0.909190227902878	0.924620790325967	0.924515069778073	0.912103486404988	0.934624371227768	0.928085443128628	0.93018481208383	0.932793820583409	0.932651047158502	0.877987610295982	0.937410493816476	0.907196470078539	0.954761159132865	0.910900993527183	0.927400852527203	0.938628473875864	0.922804906858051	0.925013899919758	0.909325014886354	0.897760290023725	0.920702768485197	0.91418571011848	0.915748632480901	0.920329470288208	0.824597042337884	0.944583816918292	0.945178885960972	0.91670061902965	0.943450582356882	0.914400854651513	0.917967922852137	0.926067595893334	0.874705673780559	0.919841272454027	0.934539855918807	0.940276855260491	0.93864462988605	0.923031852624495	0.905187414832382	0.879099690217521	0.88695513191823	0.902904285459178	0.936876098387936	0.880694410533248	0.932761711854296	0.961072395599271	0.923334232346109	0.938017640395012	0.906948770015982	0.933984249780907	0.922509724220227	0.936247294004709	0.952221333528048	0.914863967706744	0.926155906108114	0.933700206724094	0.94301485450575	0.926611333739593	0.94293570087259	0.905077070608132	0.937105468191054	0.930490436067042	0.941162424702417	0.92537356396632	0.945517616727156	0.919365804612718	0.954582167864776	0.940095828909452	0.915745657796466	0.922525822091308	0.921285128510099	0.920692480136746	0.938173822175968	0.862254318846681	0.932178844329533	0.910764145455873	0.958750317135602	0.93467206844619
cg24620463	NA	NA	NA	NA	NA	NA	NA	NA	NA	NA	NA	NA	NA	NA	NA	NA	NA	NA	NA	NA	NA	NA	NA	NA	NA	NA	NA	NA	NA	NA	NA	NA	NA	NA	NA	NA	NA	NA	NA	NA	NA	NA	NA	NA	NA	NA	NA	NA	NA	NA	NA	NA	NA	NA	NA	NA	NA	NA	NA	NA	NA	NA	NA	NA	NA	NA	NA	NA	NA	NA	NA	NA	NA	NA	NA	NA	NA	NA	NA	NA
cg24651708	NA	NA	NA	NA	NA	NA	NA	NA	NA	NA	NA	NA	NA	NA	NA	NA	NA	NA	NA	NA	NA	NA	NA	NA	NA	NA	NA	NA	NA	NA	NA	NA	NA	NA	NA	NA	NA	NA	NA	NA	NA	NA	NA	NA	NA	NA	NA	NA	NA	NA	NA	NA	NA	NA	NA	NA	NA	NA	NA	NA	NA	NA	NA	NA	NA	NA	NA	NA	NA	NA	NA	NA	NA	NA	NA	NA	NA	NA	NA	NA
cg24651790	NA	NA	NA	NA	NA	NA	NA	NA	NA	NA	NA	NA	NA	NA	NA	NA	NA	NA	NA	NA	NA	NA	NA	NA	NA	NA	NA	NA	NA	NA	NA	NA	NA	NA	NA	NA	NA	NA	NA	NA	NA	NA	NA	NA	NA	NA	NA	NA	NA	NA	NA	NA	NA	NA	NA	NA	NA	NA	NA	NA	NA	NA	NA	NA	NA	NA	NA	NA	NA	NA	NA	NA	NA	NA	NA	NA	NA	NA	NA	NA
cg24686187	NA	NA	NA	NA	NA	NA	NA	NA	NA	NA	NA	NA	NA	NA	NA	NA	NA	NA	NA	NA	NA	NA	NA	NA	NA	NA	NA	NA	NA	NA	NA	NA	NA	NA	NA	NA	NA	NA	NA	NA	NA	NA	NA	NA	NA	NA	NA	NA	NA	NA	NA	NA	NA	NA	NA	NA	NA	NA	NA	NA	NA	NA	NA	NA	NA	NA	NA	NA	NA	NA	NA	NA	NA	NA	NA	NA	NA	NA	NA	NA
cg24702069	0.431722996684736	0.900345239274232	0.28798418043805	0.765061136319104	0.763450451428399	0.873059625992446	0.83045681507757	0.864716888397679	0.944336905373344	0.901252670099832	0.673598103148576	0.447012590832058	0.878329257665024	0.548117224634325	0.719460106370168	0.485753542978358	0.824689904590844	0.887011857482099	0.900143048869877	0.853878217239242	0.527222067220139	0.884560844276547	0.615894490467539	0.770782287267605	0.911507788243255	0.91899638784587	0.39221381614529	0.526989158067289	0.501527335587323	0.62209878323401	0.658709392332176	0.1035847520608	0.85022354939126	0.555017402654985	0.613467331320033	0.889200949275121	0.50229057538188	0.201474074451399	0.931969566394939	0.705735017347045	0.500271771180848	0.710339092392223	0.409061944318255	0.887457996578171	0.445236066167183	0.577276355329514	0.390442702025368	0.948964909495023	0.920480687711851	0.715787921144057	0.915589922080248	0.735729341906429	0.448346189196644	0.93827861326236	0.585318598963902	0.810115351343981	0.445885105581262	0.56433123337267	0.657814943797742	0.951389176516433	0.538895832650921	0.409041379074148	0.860315419546649	0.890141440023421	0.748090877515537	0.62885135851663	0.570276457387986	0.506913962036557	0.85357917303508	0.214363987597353	0.880091368433993	0.900397996353305	0.309539187130684	0.60324937037303	0.697738751156469	0.601050214899155	0.897026242131194	0.514973954147604	0.763491217984479	0.522648466662222
cg24704082	NA	NA	NA	NA	NA	NA	NA	NA	NA	NA	NA	NA	NA	NA	NA	NA	NA	NA	NA	NA	NA	NA	NA	NA	NA	NA	NA	NA	NA	NA	NA	NA	NA	NA	NA	NA	NA	NA	NA	NA	NA	NA	NA	NA	NA	NA	NA	NA	NA	NA	NA	NA	NA	NA	NA	NA	NA	NA	NA	NA	NA	NA	NA	NA	NA	NA	NA	NA	NA	NA	NA	NA	NA	NA	NA	NA	NA	NA	NA	NA
cg24707982	NA	NA	NA	NA	NA	NA	NA	NA	NA	NA	NA	NA	NA	NA	NA	NA	NA	NA	NA	NA	NA	NA	NA	NA	NA	NA	NA	NA	NA	NA	NA	NA	NA	NA	NA	NA	NA	NA	NA	NA	NA	NA	NA	NA	NA	NA	NA	NA	NA	NA	NA	NA	NA	NA	NA	NA	NA	NA	NA	NA	NA	NA	NA	NA	NA	NA	NA	NA	NA	NA	NA	NA	NA	NA	NA	NA	NA	NA	NA	NA
cg24732062	NA	NA	NA	NA	NA	NA	NA	NA	NA	NA	NA	NA	NA	NA	NA	NA	NA	NA	NA	NA	NA	NA	NA	NA	NA	NA	NA	NA	NA	NA	NA	NA	NA	NA	NA	NA	NA	NA	NA	NA	NA	NA	NA	NA	NA	NA	NA	NA	NA	NA	NA	NA	NA	NA	NA	NA	NA	NA	NA	NA	NA	NA	NA	NA	NA	NA	NA	NA	NA	NA	NA	NA	NA	NA	NA	NA	NA	NA	NA	NA
cg24808545	NA	NA	NA	NA	NA	NA	NA	NA	NA	NA	NA	NA	NA	NA	NA	NA	NA	NA	NA	NA	NA	NA	NA	NA	NA	NA	NA	NA	NA	NA	NA	NA	NA	NA	NA	NA	NA	NA	NA	NA	NA	NA	NA	NA	NA	NA	NA	NA	NA	NA	NA	NA	NA	NA	NA	NA	NA	NA	NA	NA	NA	NA	NA	NA	NA	NA	NA	NA	NA	NA	NA	NA	NA	NA	NA	NA	NA	NA	NA	NA
cg24871371	NA	NA	NA	NA	NA	NA	NA	NA	NA	NA	NA	NA	NA	NA	NA	NA	NA	NA	NA	NA	NA	NA	NA	NA	NA	NA	NA	NA	NA	NA	NA	NA	NA	NA	NA	NA	NA	NA	NA	NA	NA	NA	NA	NA	NA	NA	NA	NA	NA	NA	NA	NA	NA	NA	NA	NA	NA	NA	NA	NA	NA	NA	NA	NA	NA	NA	NA	NA	NA	NA	NA	NA	NA	NA	NA	NA	NA	NA	NA	NA
cg24874998	0.538025282381581	0.231684382658466	0.453170292953866	0.856133736111154	0.865384945646565	0.933187290197384	0.457206622865463	0.130191538297511	0.681791410118294	0.772051516531264	0.115725899696812	0.356621644435987	0.168934664279208	0.154832095966737	0.442381343613358	0.250761821602046	0.797192595600175	0.874397381653083	0.117352608569863	0.188892635400947	0.524204433890813	0.457426023678994	0.29599180481661	0.575010209593998	0.836385082849312	0.182906024227362	0.623829155802418	0.766765394865217	0.0668747484362027	0.0654652035108961	0.465119828809072	0.0689232525198702	0.431740057004925	0.870150761960227	0.556662349821157	0.320173257006547	0.803390223879708	0.537301098878264	0.862786948321446	0.549037219221205	0.197538831240932	0.250430776026604	0.330456325478474	0.88191496055669	0.418313342259056	0.538776723694599	0.446967994872664	0.880455208513813	0.882843072433504	0.561207279795726	0.847652393371869	0.0798953376542409	0.823901221725832	0.50340933913506	0.550340340148327	0.583263424620595	0.567458061164538	0.80925311097671	0.551071889671211	0.865210171080464	0.101375482516254	0.476388867345646	0.894189735087851	0.314876778983732	0.58587744774072	0.309462671135328	0.158577116466969	0.584209266565555	0.908066710461064	0.885186981181079	0.849938642810527	0.570055800547426	0.309471582872339	0.678293622458758	0.924823710666872	0.759549070467288	0.917743876460369	0.228271754408867	0.530643324534948	0.524471350423164
cg24902362	NA	NA	NA	NA	NA	NA	NA	NA	NA	NA	NA	NA	NA	NA	NA	NA	NA	NA	NA	NA	NA	NA	NA	NA	NA	NA	NA	NA	NA	NA	NA	NA	NA	NA	NA	NA	NA	NA	NA	NA	NA	NA	NA	NA	NA	NA	NA	NA	NA	NA	NA	NA	NA	NA	NA	NA	NA	NA	NA	NA	NA	NA	NA	NA	NA	NA	NA	NA	NA	NA	NA	NA	NA	NA	NA	NA	NA	NA	NA	NA
cg24940155	0.892331519871728	0.878954381942663	0.903866443545303	0.895214789555727	0.873642033795198	0.895307914031375	0.848963904489555	0.770149937164369	0.897051595898083	0.893669640719285	0.644515711727388	0.731218099806985	0.873113247499524	0.86530998635171	0.832501452672561	0.790754620501431	0.899298817164636	0.876821347809681	0.890249703690941	0.880568568751017	0.900705831127324	0.835337143151203	0.738541216594265	0.871177679055165	0.86126845472479	0.872228743957052	0.573565427025377	0.861612200297667	0.8883879477109	0.85104913996467	0.79682112931476	0.722254124886529	0.742952563119188	0.912670328388759	0.755392007984949	0.891344177334163	0.884704003531537	0.688824193499057	0.845813665805075	0.863457620163302	0.795897687775265	0.797289887352881	0.83862187520898	0.890775363974978	0.881957929807465	0.746468723660643	0.879737154467008	0.908886905361893	0.904534474266539	0.862141356400098	0.547951144568993	0.88219140412971	0.850514594324472	0.877590372313861	0.896464508188122	0.632835418189138	0.856623300735955	0.904278647294686	0.603130179152313	0.83150895093069	0.917719832621837	0.760865595826793	0.87669706571015	0.783602874494864	0.895200085381348	0.788377235748439	0.838583450943459	0.881366893685134	0.872118023848207	0.892986952060391	0.788590577424023	0.855988297314258	0.879131962309375	0.836864375076659	0.920609804398588	0.754768297455205	0.896449274512871	0.833212732028323	0.897757685863319	0.88680330891038
cg24967487	0.869990624145595	0.916473863258545	0.84389168262987	0.884299522627043	0.265216129478972	0.189510585923217	0.215507044179361	0.579208225600734	0.210963172219603	0.890451668759608	0.0980920953915363	0.328858603628051	0.886985836069708	0.163475714702212	0.142430554710102	0.285633258419562	0.920665971103256	0.18325714020047	0.225761017437012	0.385612277018719	0.573294459972871	0.758707689129526	0.187644289439727	0.921112487310022	0.258925215820621	0.149525259274713	0.430879311725964	0.764680877333885	0.781365924582964	0.149432635254182	0.458346484217606	0.100371208195605	0.299641656047233	0.785137050567661	0.197150172419431	0.250428685469309	0.669255885550217	0.145428146540071	0.215173075371377	0.78699405431344	0.218193226757337	0.259765651348922	0.69561085351001	0.288946679294393	0.413624248160455	0.313339017432613	0.697134981446908	0.40155025418815	0.150226459397615	0.318320933993468	0.39691814433374	0.754038645560421	0.463689229759846	0.889191385700501	0.594081287120789	0.295630617919617	0.388043758764308	0.665322019526813	0.948120807715294	0.147749410373766	0.415274801912851	0.213030810154742	0.211483153965301	0.261051218682577	0.593534474409515	0.861352544232569	0.159463936675048	0.761818809655471	0.256105834141926	0.707646209196832	0.153591955593868	0.228519369099627	0.395925053416522	0.225257948724024	0.160346404091605	0.736856668206153	0.136899760241285	0.717749970363963	0.727079171397868	0.846834826271137
cg25036886	NA	NA	NA	NA	NA	NA	NA	NA	NA	NA	NA	NA	NA	NA	NA	NA	NA	NA	NA	NA	NA	NA	NA	NA	NA	NA	NA	NA	NA	NA	NA	NA	NA	NA	NA	NA	NA	NA	NA	NA	NA	NA	NA	NA	NA	NA	NA	NA	NA	NA	NA	NA	NA	NA	NA	NA	NA	NA	NA	NA	NA	NA	NA	NA	NA	NA	NA	NA	NA	NA	NA	NA	NA	NA	NA	NA	NA	NA	NA	NA
cg25039837	NA	NA	NA	NA	NA	NA	NA	NA	NA	NA	NA	NA	NA	NA	NA	NA	NA	NA	NA	NA	NA	NA	NA	NA	NA	NA	NA	NA	NA	NA	NA	NA	NA	NA	NA	NA	NA	NA	NA	NA	NA	NA	NA	NA	NA	NA	NA	NA	NA	NA	NA	NA	NA	NA	NA	NA	NA	NA	NA	NA	NA	NA	NA	NA	NA	NA	NA	NA	NA	NA	NA	NA	NA	NA	NA	NA	NA	NA	NA	NA
cg25045882	NA	NA	NA	NA	NA	NA	NA	NA	NA	NA	NA	NA	NA	NA	NA	NA	NA	NA	NA	NA	NA	NA	NA	NA	NA	NA	NA	NA	NA	NA	NA	NA	NA	NA	NA	NA	NA	NA	NA	NA	NA	NA	NA	NA	NA	NA	NA	NA	NA	NA	NA	NA	NA	NA	NA	NA	NA	NA	NA	NA	NA	NA	NA	NA	NA	NA	NA	NA	NA	NA	NA	NA	NA	NA	NA	NA	NA	NA	NA	NA
cg25047058	NA	NA	NA	NA	NA	NA	NA	NA	NA	NA	NA	NA	NA	NA	NA	NA	NA	NA	NA	NA	NA	NA	NA	NA	NA	NA	NA	NA	NA	NA	NA	NA	NA	NA	NA	NA	NA	NA	NA	NA	NA	NA	NA	NA	NA	NA	NA	NA	NA	NA	NA	NA	NA	NA	NA	NA	NA	NA	NA	NA	NA	NA	NA	NA	NA	NA	NA	NA	NA	NA	NA	NA	NA	NA	NA	NA	NA	NA	NA	NA
cg25083596	NA	NA	NA	NA	NA	NA	NA	NA	NA	NA	NA	NA	NA	NA	NA	NA	NA	NA	NA	NA	NA	NA	NA	NA	NA	NA	NA	NA	NA	NA	NA	NA	NA	NA	NA	NA	NA	NA	NA	NA	NA	NA	NA	NA	NA	NA	NA	NA	NA	NA	NA	NA	NA	NA	NA	NA	NA	NA	NA	NA	NA	NA	NA	NA	NA	NA	NA	NA	NA	NA	NA	NA	NA	NA	NA	NA	NA	NA	NA	NA
cg25192591	NA	NA	NA	NA	NA	NA	NA	NA	NA	NA	NA	NA	NA	NA	NA	NA	NA	NA	NA	NA	NA	NA	NA	NA	NA	NA	NA	NA	NA	NA	NA	NA	NA	NA	NA	NA	NA	NA	NA	NA	NA	NA	NA	NA	NA	NA	NA	NA	NA	NA	NA	NA	NA	NA	NA	NA	NA	NA	NA	NA	NA	NA	NA	NA	NA	NA	NA	NA	NA	NA	NA	NA	NA	NA	NA	NA	NA	NA	NA	NA
cg25208892	0.888550082844126	0.920728061542516	0.918672840584943	0.926836094016748	0.915138663415397	0.903634831291034	0.924652787330711	0.932244243919123	0.939900326299584	0.921124354107656	0.915377962549663	0.9027354384411	0.937421458269482	0.922146639005441	0.933353327284749	0.830319347160521	0.935545198321181	0.926621329644735	0.912695091496878	0.919092345489853	0.925100936506025	0.940102359198679	0.93050321443571	0.953764832436761	0.943296743846967	0.920553921017624	0.919599276575932	0.94196442023825	0.910987964585581	0.947367420945178	0.909646709349942	0.937845500304755	0.920773973120299	0.939174867958347	0.910547299293248	0.917731936505356	0.915290771472932	0.753938870410004	0.935737667056313	0.931752897332933	0.913851040044742	0.930040777889467	0.864715993720542	0.945178207528588	0.918373215348145	0.905044806337715	0.923963092973605	0.941703922986341	0.923959892498208	0.920314129758139	0.930589850156214	0.952375648449129	0.928510350099788	0.927625082894346	0.924514461275048	0.916324377166008	0.93141477148337	0.930899272147374	0.908382640063782	0.927582432017135	0.933299442626675	0.911243666394997	0.935761772873462	0.929426999625369	0.941634339148896	0.914632120017623	0.939984363240662	0.921619231331866	0.937245549108132	0.930149951397942	0.926461235079346	0.917497514378851	0.908706040030864	0.934431427061493	0.934378923725262	0.914621953547962	0.925186093475246	0.901099562770627	0.928421130889533	0.924047848828773
cg25209294	NA	NA	NA	NA	NA	NA	NA	NA	NA	NA	NA	NA	NA	NA	NA	NA	NA	NA	NA	NA	NA	NA	NA	NA	NA	NA	NA	NA	NA	NA	NA	NA	NA	NA	NA	NA	NA	NA	NA	NA	NA	NA	NA	NA	NA	NA	NA	NA	NA	NA	NA	NA	NA	NA	NA	NA	NA	NA	NA	NA	NA	NA	NA	NA	NA	NA	NA	NA	NA	NA	NA	NA	NA	NA	NA	NA	NA	NA	NA	NA
cg25217895	NA	NA	NA	NA	NA	NA	NA	NA	NA	NA	NA	NA	NA	NA	NA	NA	NA	NA	NA	NA	NA	NA	NA	NA	NA	NA	NA	NA	NA	NA	NA	NA	NA	NA	NA	NA	NA	NA	NA	NA	NA	NA	NA	NA	NA	NA	NA	NA	NA	NA	NA	NA	NA	NA	NA	NA	NA	NA	NA	NA	NA	NA	NA	NA	NA	NA	NA	NA	NA	NA	NA	NA	NA	NA	NA	NA	NA	NA	NA	NA
cg25245569	0.152510642238646	0.290856529780414	0.12946749931283	0.211730964875408	0.141607562530532	0.376509681977613	0.23012274875654	0.327842048098007	0.232757263723874	0.240557941529773	0.198442253749446	0.456128749012735	0.229099012977342	0.38882659297083	0.50466628167459	0.320247010069177	0.364824644113732	0.354975620662547	0.281162613147575	0.371202267334063	0.0803446414656971	0.245166521190276	0.368680628358816	0.258234115544308	0.385707397875201	0.193261699775506	0.587066190456083	0.269521251687527	0.142612491891105	0.20826970876837	0.369844105905723	0.0663102710868014	0.480603627460152	0.132318530731457	0.549965213527018	0.233157855097608	0.16290450805365	0.209977148339262	0.474441433145673	0.240074282709922	0.405635739847923	0.541287140626398	0.191457108971308	0.250612645477335	0.129697726295111	0.397206334398189	0.136707315927026	0.122995865069581	0.221481075104386	0.218950754294191	0.584899762203346	0.236600418923787	0.457939398807917	0.250495077193974	0.108856707277921	0.27486604202958	0.222358221204857	0.233995153806274	0.261304547446709	0.215677868155547	0.217871437203997	0.517187014976825	0.451864187754949	0.434170991371107	0.282530024859965	0.41842044588605	0.399105071010801	0.151417278384415	0.500527028462815	0.178691942478884	0.27511466502096	0.247941643873799	0.512181761963895	0.375106055436852	0.562667541358799	0.437539081750695	0.235334706669229	0.408656489660431	0.0875042492596249	0.0991828909023919
cg25265769	NA	NA	NA	NA	NA	NA	NA	NA	NA	NA	NA	NA	NA	NA	NA	NA	NA	NA	NA	NA	NA	NA	NA	NA	NA	NA	NA	NA	NA	NA	NA	NA	NA	NA	NA	NA	NA	NA	NA	NA	NA	NA	NA	NA	NA	NA	NA	NA	NA	NA	NA	NA	NA	NA	NA	NA	NA	NA	NA	NA	NA	NA	NA	NA	NA	NA	NA	NA	NA	NA	NA	NA	NA	NA	NA	NA	NA	NA	NA	NA
cg25348323	0.762042080413569	0.729705263509996	0.619781023644081	0.419415323559192	0.694996679735586	0.53688664535143	0.408534819401603	0.608332255747542	0.589264075738265	0.615522626591972	0.242873055549512	0.389919828321901	0.472265715841363	0.556070012038076	0.46022135160128	0.375620555703233	0.363240455680889	0.441761766316777	0.333582538837972	0.678371986043751	0.799018328312408	0.664816441092515	0.507026252815377	0.745002855138831	0.506433650192041	0.759922378545143	0.438121335741381	0.446225284187145	0.795547537779505	0.788865091467968	0.45079309297343	0.130609479216595	0.549924386064307	0.7276737707707	0.56531046269811	0.622663564380148	0.561027949119784	0.474512357339359	0.780375821397278	0.623968082662463	0.321100207010944	0.711497135632732	0.558148156449287	0.512264235732103	0.671166619133389	0.463466030836518	0.475596703066458	0.585762748558155	0.583316503392246	0.568218062490318	0.585314816737063	0.553118556446207	0.647161466556033	0.518235155767994	0.713235550032379	0.440529675695113	0.474462268811122	0.588547681827249	0.760445381611179	0.552345560549851	0.659891572631569	0.323720991800057	0.543145993574086	0.655573592153217	0.413374349206979	0.56362598834974	0.402556212363572	0.677306907624624	0.449839820695235	0.592818694172763	0.621294863729621	0.177906473376688	0.319896620240236	0.378567900961789	0.549353133462051	0.418747358709889	0.373006369089728	0.383700006753078	0.566441533188816	0.677291139306972
cg25426892	NA	NA	NA	NA	NA	NA	NA	NA	NA	NA	NA	NA	NA	NA	NA	NA	NA	NA	NA	NA	NA	NA	NA	NA	NA	NA	NA	NA	NA	NA	NA	NA	NA	NA	NA	NA	NA	NA	NA	NA	NA	NA	NA	NA	NA	NA	NA	NA	NA	NA	NA	NA	NA	NA	NA	NA	NA	NA	NA	NA	NA	NA	NA	NA	NA	NA	NA	NA	NA	NA	NA	NA	NA	NA	NA	NA	NA	NA	NA	NA
cg25456633	NA	NA	NA	NA	NA	NA	NA	NA	NA	NA	NA	NA	NA	NA	NA	NA	NA	NA	NA	NA	NA	NA	NA	NA	NA	NA	NA	NA	NA	NA	NA	NA	NA	NA	NA	NA	NA	NA	NA	NA	NA	NA	NA	NA	NA	NA	NA	NA	NA	NA	NA	NA	NA	NA	NA	NA	NA	NA	NA	NA	NA	NA	NA	NA	NA	NA	NA	NA	NA	NA	NA	NA	NA	NA	NA	NA	NA	NA	NA	NA
cg25504143	NA	NA	NA	NA	NA	NA	NA	NA	NA	NA	NA	NA	NA	NA	NA	NA	NA	NA	NA	NA	NA	NA	NA	NA	NA	NA	NA	NA	NA	NA	NA	NA	NA	NA	NA	NA	NA	NA	NA	NA	NA	NA	NA	NA	NA	NA	NA	NA	NA	NA	NA	NA	NA	NA	NA	NA	NA	NA	NA	NA	NA	NA	NA	NA	NA	NA	NA	NA	NA	NA	NA	NA	NA	NA	NA	NA	NA	NA	NA	NA
cg25540004	NA	NA	NA	NA	NA	NA	NA	NA	NA	NA	NA	NA	NA	NA	NA	NA	NA	NA	NA	NA	NA	NA	NA	NA	NA	NA	NA	NA	NA	NA	NA	NA	NA	NA	NA	NA	NA	NA	NA	NA	NA	NA	NA	NA	NA	NA	NA	NA	NA	NA	NA	NA	NA	NA	NA	NA	NA	NA	NA	NA	NA	NA	NA	NA	NA	NA	NA	NA	NA	NA	NA	NA	NA	NA	NA	NA	NA	NA	NA	NA
cg25543190	NA	NA	NA	NA	NA	NA	NA	NA	NA	NA	NA	NA	NA	NA	NA	NA	NA	NA	NA	NA	NA	NA	NA	NA	NA	NA	NA	NA	NA	NA	NA	NA	NA	NA	NA	NA	NA	NA	NA	NA	NA	NA	NA	NA	NA	NA	NA	NA	NA	NA	NA	NA	NA	NA	NA	NA	NA	NA	NA	NA	NA	NA	NA	NA	NA	NA	NA	NA	NA	NA	NA	NA	NA	NA	NA	NA	NA	NA	NA	NA
cg25550564	NA	NA	NA	NA	NA	NA	NA	NA	NA	NA	NA	NA	NA	NA	NA	NA	NA	NA	NA	NA	NA	NA	NA	NA	NA	NA	NA	NA	NA	NA	NA	NA	NA	NA	NA	NA	NA	NA	NA	NA	NA	NA	NA	NA	NA	NA	NA	NA	NA	NA	NA	NA	NA	NA	NA	NA	NA	NA	NA	NA	NA	NA	NA	NA	NA	NA	NA	NA	NA	NA	NA	NA	NA	NA	NA	NA	NA	NA	NA	NA
cg25590811	0.27147389721851	0.0871610266808719	0.128670946871169	0.619963826316822	0.116034499821796	0.829207243662183	0.189896355163114	0.569957813169952	0.573976440210602	0.125815803488252	0.225930476366932	0.406614812374516	0.217310120462249	0.585395647994502	0.375038658693195	0.589400985141142	0.153700714869989	0.369832692206377	0.642122561267814	0.511006167704316	0.584478600300841	0.0985128968913284	0.32339214386329	0.139540539349941	0.717425974185842	0.16713955316165	0.622333633640301	0.163082847731285	0.169881141205352	0.236043500161678	0.601161607835042	0.693685375876256	0.546139630769896	0.521583631335637	0.542825338650583	0.142092591833849	0.0914408565088034	0.145429232392639	0.829005379087779	0.103042322597865	0.48492124325295	0.632786531436484	0.338750882817631	0.298833694235876	0.12514200916985	0.557416387159788	0.091190301226502	NA	0.202370461029809	0.110735472873935	0.723232399691377	0.0878300872458386	0.424382057321455	0.111062776396277	0.0947730801996264	0.368474379844425	0.615349217158932	0.144424893561367	0.164594954677273	0.604902828218106	0.145408188100184	0.554976191585495	0.500491730510624	0.683877456945655	0.430412951496409	0.606419148305491	0.440699101411763	0.0782379759649334	0.772823656323916	0.252898208641811	0.589467664990952	0.371528938286438	0.591210070169799	0.303984484786961	0.70004639416758	0.530794083204122	0.539438382500484	0.514174955613347	0.499071919577074	0.0760129319612513
cg25598062	NA	NA	NA	NA	NA	NA	NA	NA	NA	NA	NA	NA	NA	NA	NA	NA	NA	NA	NA	NA	NA	NA	NA	NA	NA	NA	NA	NA	NA	NA	NA	NA	NA	NA	NA	NA	NA	NA	NA	NA	NA	NA	NA	NA	NA	NA	NA	NA	NA	NA	NA	NA	NA	NA	NA	NA	NA	NA	NA	NA	NA	NA	NA	NA	NA	NA	NA	NA	NA	NA	NA	NA	NA	NA	NA	NA	NA	NA	NA	NA
cg25605360	NA	NA	NA	NA	NA	NA	NA	NA	NA	NA	NA	NA	NA	NA	NA	NA	NA	NA	NA	NA	NA	NA	NA	NA	NA	NA	NA	NA	NA	NA	NA	NA	NA	NA	NA	NA	NA	NA	NA	NA	NA	NA	NA	NA	NA	NA	NA	NA	NA	NA	NA	NA	NA	NA	NA	NA	NA	NA	NA	NA	NA	NA	NA	NA	NA	NA	NA	NA	NA	NA	NA	NA	NA	NA	NA	NA	NA	NA	NA	NA
cg25609183	0.554923203815339	0.349411306450491	0.539586961856559	0.547063592399415	0.886080708901641	0.690654969131409	0.301763370721464	0.350155740885342	0.945400778042045	0.545076479233439	0.315593025412018	0.500393140767284	0.676316808936568	0.651687103376959	0.442835095412764	0.486228390929065	0.280410334643689	0.514104453323905	0.444281489976334	0.725343222237511	0.642862815914253	0.794543336588337	0.684043416402917	0.675221718793637	0.696995368770363	0.441766733174329	0.596247400249569	0.573174693838897	0.565672824087357	0.738882602327339	0.565226006172648	0.158391646028732	0.883347515289656	0.520855389752037	0.581425092654904	0.693522146496434	0.610243956673168	0.865306442289162	0.573639288584529	0.589532505704202	0.565252711069199	0.767362153005637	0.435642855048534	0.648432704561093	0.29458750748845	0.634338898220576	0.387098583165389	0.628805770985719	0.709407226653259	0.608652593512382	0.710239050781134	0.493373469494238	0.672754288759924	0.465072383659034	0.518220980409158	0.603390181020649	0.774593198035113	0.635339051255367	0.517314530630066	0.494176342373133	0.910972556982974	0.435956225658943	0.604733396577166	0.77531610730324	0.736724959570802	0.616106746110138	0.444704623711919	0.388985526400705	0.782564270720393	0.745059025820096	0.370612775525679	0.627488311901526	0.437183852398838	0.455016075468996	0.710023651683528	0.516604986285987	0.873159040535557	0.813291250043226	0.903966317904355	0.615581148119321
cg25616771	NA	NA	NA	NA	NA	NA	NA	NA	NA	NA	NA	NA	NA	NA	NA	NA	NA	NA	NA	NA	NA	NA	NA	NA	NA	NA	NA	NA	NA	NA	NA	NA	NA	NA	NA	NA	NA	NA	NA	NA	NA	NA	NA	NA	NA	NA	NA	NA	NA	NA	NA	NA	NA	NA	NA	NA	NA	NA	NA	NA	NA	NA	NA	NA	NA	NA	NA	NA	NA	NA	NA	NA	NA	NA	NA	NA	NA	NA	NA	NA
cg25626264	NA	NA	NA	NA	NA	NA	NA	NA	NA	NA	NA	NA	NA	NA	NA	NA	NA	NA	NA	NA	NA	NA	NA	NA	NA	NA	NA	NA	NA	NA	NA	NA	NA	NA	NA	NA	NA	NA	NA	NA	NA	NA	NA	NA	NA	NA	NA	NA	NA	NA	NA	NA	NA	NA	NA	NA	NA	NA	NA	NA	NA	NA	NA	NA	NA	NA	NA	NA	NA	NA	NA	NA	NA	NA	NA	NA	NA	NA	NA	NA
cg25631436	NA	NA	NA	NA	NA	NA	NA	NA	NA	NA	NA	NA	NA	NA	NA	NA	NA	NA	NA	NA	NA	NA	NA	NA	NA	NA	NA	NA	NA	NA	NA	NA	NA	NA	NA	NA	NA	NA	NA	NA	NA	NA	NA	NA	NA	NA	NA	NA	NA	NA	NA	NA	NA	NA	NA	NA	NA	NA	NA	NA	NA	NA	NA	NA	NA	NA	NA	NA	NA	NA	NA	NA	NA	NA	NA	NA	NA	NA	NA	NA
cg25645338	0.915033417605504	0.953511410726691	0.882631754666385	0.91285072075463	0.931910661193197	0.882976648558107	0.928625040417605	0.932048713898039	0.937547503358199	0.908758420743395	0.925679685992172	0.930728355916434	0.933766524294905	0.939643740605067	0.943811759209092	0.930333936979622	0.941671972202942	0.937130041013772	0.939702668576581	0.92154755342183	0.911439596381633	0.927515118455708	0.937164692805233	0.919359156079317	0.932231009444633	0.937898424816981	0.940051244376553	0.922013286036084	0.932464833934752	0.938364776434457	0.918817744383457	0.802204575404017	0.938459975240453	0.922894153673611	0.943559495488497	0.949678051799132	0.923195533308485	0.595895390662393	0.930489355727201	0.898335988541533	0.933940571971222	0.941442428287889	0.91412859880465	0.949131120355706	0.945119257545646	0.925384787774712	0.913019180765345	0.931351172304819	0.926451531113457	0.894004047934533	0.924815079526168	0.936198564961177	0.916371575084259	0.89288540137421	0.900492122283766	0.905627184427945	0.934486079410538	0.9178109580949	0.939229707620809	0.913918909307196	0.906503393939182	0.934543939821006	0.923714345589492	0.935269901938648	0.932927681735161	0.907773935146526	0.927805309744127	0.902268873397203	0.950767066767342	0.88943612086449	0.909810997770388	0.942943170732646	0.942040080732679	0.916526232485819	0.927997971997182	0.921025586250668	0.93406252752449	0.917004648382003	0.900396096074437	0.922118829739792
cg25658612	NA	NA	NA	NA	NA	NA	NA	NA	NA	NA	NA	NA	NA	NA	NA	NA	NA	NA	NA	NA	NA	NA	NA	NA	NA	NA	NA	NA	NA	NA	NA	NA	NA	NA	NA	NA	NA	NA	NA	NA	NA	NA	NA	NA	NA	NA	NA	NA	NA	NA	NA	NA	NA	NA	NA	NA	NA	NA	NA	NA	NA	NA	NA	NA	NA	NA	NA	NA	NA	NA	NA	NA	NA	NA	NA	NA	NA	NA	NA	NA
cg25673945	NA	NA	NA	NA	NA	NA	NA	NA	NA	NA	NA	NA	NA	NA	NA	NA	NA	NA	NA	NA	NA	NA	NA	NA	NA	NA	NA	NA	NA	NA	NA	NA	NA	NA	NA	NA	NA	NA	NA	NA	NA	NA	NA	NA	NA	NA	NA	NA	NA	NA	NA	NA	NA	NA	NA	NA	NA	NA	NA	NA	NA	NA	NA	NA	NA	NA	NA	NA	NA	NA	NA	NA	NA	NA	NA	NA	NA	NA	NA	NA
cg25728543	NA	NA	NA	NA	NA	NA	NA	NA	NA	NA	NA	NA	NA	NA	NA	NA	NA	NA	NA	NA	NA	NA	NA	NA	NA	NA	NA	NA	NA	NA	NA	NA	NA	NA	NA	NA	NA	NA	NA	NA	NA	NA	NA	NA	NA	NA	NA	NA	NA	NA	NA	NA	NA	NA	NA	NA	NA	NA	NA	NA	NA	NA	NA	NA	NA	NA	NA	NA	NA	NA	NA	NA	NA	NA	NA	NA	NA	NA	NA	NA
cg25745201	NA	NA	NA	NA	NA	NA	NA	NA	NA	NA	NA	NA	NA	NA	NA	NA	NA	NA	NA	NA	NA	NA	NA	NA	NA	NA	NA	NA	NA	NA	NA	NA	NA	NA	NA	NA	NA	NA	NA	NA	NA	NA	NA	NA	NA	NA	NA	NA	NA	NA	NA	NA	NA	NA	NA	NA	NA	NA	NA	NA	NA	NA	NA	NA	NA	NA	NA	NA	NA	NA	NA	NA	NA	NA	NA	NA	NA	NA	NA	NA
cg25765819	0.943538159338459	0.949889533604478	0.874208833233517	0.921768504318582	0.932647335434934	0.928252217794204	0.935541613561301	0.684052090874613	0.944082748901531	0.916979811629995	0.936973327470239	0.916874886802791	0.941655421755975	0.526742750326764	0.934113109480928	0.946635775266707	0.932772510598257	0.937403039884568	0.905618087314494	0.950784029437724	0.937664893186152	0.925851454029574	0.925595495464019	0.933502989042065	0.935174848333915	0.909804382782301	0.920138215881355	0.941812143667752	0.949099535757371	0.898647546814002	0.883196739834196	0.911253306187176	0.607033637564344	0.933567064201323	0.720394510614262	0.946677048390384	0.940764001751111	0.734897852751165	0.935816179127533	0.945946791132243	0.859839008268548	0.924798414550254	0.895268280927556	0.930359097632422	0.904259039387187	0.909304020729779	0.937462653507725	0.941915642379633	0.928777381760996	0.932654571269577	0.940366655406395	0.928792142177093	0.930511496264643	0.902809371059499	0.942886190209945	0.937342252371257	0.940787383889135	0.938196317443476	0.943182016601105	0.932742267267247	0.915354797700474	0.616345806049794	0.938913114588507	0.932445885536541	0.950892213108691	0.941610602068008	0.886930581330661	0.949961819946355	0.939545292013955	0.815088464790848	0.913155972967785	0.938772780959292	0.921178599228304	0.83190519663805	0.940501009602406	0.931202822734307	0.838201865100532	0.919069126775264	0.942359726652919	0.933658054882788
cg25780806	NA	NA	NA	NA	NA	NA	NA	NA	NA	NA	NA	NA	NA	NA	NA	NA	NA	NA	NA	NA	NA	NA	NA	NA	NA	NA	NA	NA	NA	NA	NA	NA	NA	NA	NA	NA	NA	NA	NA	NA	NA	NA	NA	NA	NA	NA	NA	NA	NA	NA	NA	NA	NA	NA	NA	NA	NA	NA	NA	NA	NA	NA	NA	NA	NA	NA	NA	NA	NA	NA	NA	NA	NA	NA	NA	NA	NA	NA	NA	NA
cg25824209	NA	NA	NA	NA	NA	NA	NA	NA	NA	NA	NA	NA	NA	NA	NA	NA	NA	NA	NA	NA	NA	NA	NA	NA	NA	NA	NA	NA	NA	NA	NA	NA	NA	NA	NA	NA	NA	NA	NA	NA	NA	NA	NA	NA	NA	NA	NA	NA	NA	NA	NA	NA	NA	NA	NA	NA	NA	NA	NA	NA	NA	NA	NA	NA	NA	NA	NA	NA	NA	NA	NA	NA	NA	NA	NA	NA	NA	NA	NA	NA
cg25904166	NA	NA	NA	NA	NA	NA	NA	NA	NA	NA	NA	NA	NA	NA	NA	NA	NA	NA	NA	NA	NA	NA	NA	NA	NA	NA	NA	NA	NA	NA	NA	NA	NA	NA	NA	NA	NA	NA	NA	NA	NA	NA	NA	NA	NA	NA	NA	NA	NA	NA	NA	NA	NA	NA	NA	NA	NA	NA	NA	NA	NA	NA	NA	NA	NA	NA	NA	NA	NA	NA	NA	NA	NA	NA	NA	NA	NA	NA	NA	NA
cg25949955	NA	NA	NA	NA	NA	NA	NA	NA	NA	NA	NA	NA	NA	NA	NA	NA	NA	NA	NA	NA	NA	NA	NA	NA	NA	NA	NA	NA	NA	NA	NA	NA	NA	NA	NA	NA	NA	NA	NA	NA	NA	NA	NA	NA	NA	NA	NA	NA	NA	NA	NA	NA	NA	NA	NA	NA	NA	NA	NA	NA	NA	NA	NA	NA	NA	NA	NA	NA	NA	NA	NA	NA	NA	NA	NA	NA	NA	NA	NA	NA
cg25962639	NA	NA	NA	NA	NA	NA	NA	NA	NA	NA	NA	NA	NA	NA	NA	NA	NA	NA	NA	NA	NA	NA	NA	NA	NA	NA	NA	NA	NA	NA	NA	NA	NA	NA	NA	NA	NA	NA	NA	NA	NA	NA	NA	NA	NA	NA	NA	NA	NA	NA	NA	NA	NA	NA	NA	NA	NA	NA	NA	NA	NA	NA	NA	NA	NA	NA	NA	NA	NA	NA	NA	NA	NA	NA	NA	NA	NA	NA	NA	NA
cg26007766	NA	NA	NA	NA	NA	NA	NA	NA	NA	NA	NA	NA	NA	NA	NA	NA	NA	NA	NA	NA	NA	NA	NA	NA	NA	NA	NA	NA	NA	NA	NA	NA	NA	NA	NA	NA	NA	NA	NA	NA	NA	NA	NA	NA	NA	NA	NA	NA	NA	NA	NA	NA	NA	NA	NA	NA	NA	NA	NA	NA	NA	NA	NA	NA	NA	NA	NA	NA	NA	NA	NA	NA	NA	NA	NA	NA	NA	NA	NA	NA
cg26024202	NA	NA	NA	NA	NA	NA	NA	NA	NA	NA	NA	NA	NA	NA	NA	NA	NA	NA	NA	NA	NA	NA	NA	NA	NA	NA	NA	NA	NA	NA	NA	NA	NA	NA	NA	NA	NA	NA	NA	NA	NA	NA	NA	NA	NA	NA	NA	NA	NA	NA	NA	NA	NA	NA	NA	NA	NA	NA	NA	NA	NA	NA	NA	NA	NA	NA	NA	NA	NA	NA	NA	NA	NA	NA	NA	NA	NA	NA	NA	NA
cg26070081	NA	NA	NA	NA	NA	NA	NA	NA	NA	NA	NA	NA	NA	NA	NA	NA	NA	NA	NA	NA	NA	NA	NA	NA	NA	NA	NA	NA	NA	NA	NA	NA	NA	NA	NA	NA	NA	NA	NA	NA	NA	NA	NA	NA	NA	NA	NA	NA	NA	NA	NA	NA	NA	NA	NA	NA	NA	NA	NA	NA	NA	NA	NA	NA	NA	NA	NA	NA	NA	NA	NA	NA	NA	NA	NA	NA	NA	NA	NA	NA
cg26072561	0.929453893023964	0.917492691834796	0.936063582576434	0.917962730066287	0.9486640118136	0.910559728728644	0.900136939475394	0.853176733481983	0.93449428884948	0.940186661771954	0.896040641624936	0.888900037253502	0.928826059774684	0.888942453022557	0.92851303038797	0.815170336708115	0.914999455938053	0.933463821193506	0.934098798956168	0.893743008113737	0.944321504518505	0.92766522283688	0.91915562976041	0.891115841848632	0.935623779558478	0.881720077747412	0.902267568803051	0.876902269126332	0.946508043354609	0.904206027860882	0.900531934022035	0.896190889345073	0.911675330497593	0.892023941253998	0.930382462051755	0.927400466548028	0.937761727326907	0.732995890621846	0.940174782678459	0.900766669180097	0.876331753478218	0.921929183183291	0.895250355666914	0.900373217766475	0.916401586515353	0.897058290655875	0.953657601211664	0.924751509571646	0.929372790677968	0.939027031297481	0.926657415278113	0.922698693703883	0.91960439199538	0.919462938953702	0.913443664211822	0.952585687760877	0.955129580162627	0.948114707892541	0.942700258559563	0.945889013688967	0.940301215054699	0.868615471215791	0.944896733799173	0.908823350493091	0.953522934886938	0.940692847936669	0.904563247951376	0.946386690287184	0.919339159994123	0.957726052201737	0.944119612489459	0.919727199456282	0.851451537688576	0.919881388345077	0.943860254409258	0.913930151538542	0.920531975886869	0.863480848965339	0.938862760877062	0.908278084294301
cg26075252	NA	NA	NA	NA	NA	NA	NA	NA	NA	NA	NA	NA	NA	NA	NA	NA	NA	NA	NA	NA	NA	NA	NA	NA	NA	NA	NA	NA	NA	NA	NA	NA	NA	NA	NA	NA	NA	NA	NA	NA	NA	NA	NA	NA	NA	NA	NA	NA	NA	NA	NA	NA	NA	NA	NA	NA	NA	NA	NA	NA	NA	NA	NA	NA	NA	NA	NA	NA	NA	NA	NA	NA	NA	NA	NA	NA	NA	NA	NA	NA
cg26076236	NA	NA	NA	NA	NA	NA	NA	NA	NA	NA	NA	NA	NA	NA	NA	NA	NA	NA	NA	NA	NA	NA	NA	NA	NA	NA	NA	NA	NA	NA	NA	NA	NA	NA	NA	NA	NA	NA	NA	NA	NA	NA	NA	NA	NA	NA	NA	NA	NA	NA	NA	NA	NA	NA	NA	NA	NA	NA	NA	NA	NA	NA	NA	NA	NA	NA	NA	NA	NA	NA	NA	NA	NA	NA	NA	NA	NA	NA	NA	NA
cg26089220	NA	NA	NA	NA	NA	NA	NA	NA	NA	NA	NA	NA	NA	NA	NA	NA	NA	NA	NA	NA	NA	NA	NA	NA	NA	NA	NA	NA	NA	NA	NA	NA	NA	NA	NA	NA	NA	NA	NA	NA	NA	NA	NA	NA	NA	NA	NA	NA	NA	NA	NA	NA	NA	NA	NA	NA	NA	NA	NA	NA	NA	NA	NA	NA	NA	NA	NA	NA	NA	NA	NA	NA	NA	NA	NA	NA	NA	NA	NA	NA
cg26103331	NA	NA	NA	NA	NA	NA	NA	NA	NA	NA	NA	NA	NA	NA	NA	NA	NA	NA	NA	NA	NA	NA	NA	NA	NA	NA	NA	NA	NA	NA	NA	NA	NA	NA	NA	NA	NA	NA	NA	NA	NA	NA	NA	NA	NA	NA	NA	NA	NA	NA	NA	NA	NA	NA	NA	NA	NA	NA	NA	NA	NA	NA	NA	NA	NA	NA	NA	NA	NA	NA	NA	NA	NA	NA	NA	NA	NA	NA	NA	NA
cg26105731	NA	NA	NA	NA	NA	NA	NA	NA	NA	NA	NA	NA	NA	NA	NA	NA	NA	NA	NA	NA	NA	NA	NA	NA	NA	NA	NA	NA	NA	NA	NA	NA	NA	NA	NA	NA	NA	NA	NA	NA	NA	NA	NA	NA	NA	NA	NA	NA	NA	NA	NA	NA	NA	NA	NA	NA	NA	NA	NA	NA	NA	NA	NA	NA	NA	NA	NA	NA	NA	NA	NA	NA	NA	NA	NA	NA	NA	NA	NA	NA
cg26106149	NA	NA	NA	NA	NA	NA	NA	NA	NA	NA	NA	NA	NA	NA	NA	NA	NA	NA	NA	NA	NA	NA	NA	NA	NA	NA	NA	NA	NA	NA	NA	NA	NA	NA	NA	NA	NA	NA	NA	NA	NA	NA	NA	NA	NA	NA	NA	NA	NA	NA	NA	NA	NA	NA	NA	NA	NA	NA	NA	NA	NA	NA	NA	NA	NA	NA	NA	NA	NA	NA	NA	NA	NA	NA	NA	NA	NA	NA	NA	NA
cg26131114	NA	NA	NA	NA	NA	NA	NA	NA	NA	NA	NA	NA	NA	NA	NA	NA	NA	NA	NA	NA	NA	NA	NA	NA	NA	NA	NA	NA	NA	NA	NA	NA	NA	NA	NA	NA	NA	NA	NA	NA	NA	NA	NA	NA	NA	NA	NA	NA	NA	NA	NA	NA	NA	NA	NA	NA	NA	NA	NA	NA	NA	NA	NA	NA	NA	NA	NA	NA	NA	NA	NA	NA	NA	NA	NA	NA	NA	NA	NA	NA
cg26131927	NA	NA	NA	NA	NA	NA	NA	NA	NA	NA	NA	NA	NA	NA	NA	NA	NA	NA	NA	NA	NA	NA	NA	NA	NA	NA	NA	NA	NA	NA	NA	NA	NA	NA	NA	NA	NA	NA	NA	NA	NA	NA	NA	NA	NA	NA	NA	NA	NA	NA	NA	NA	NA	NA	NA	NA	NA	NA	NA	NA	NA	NA	NA	NA	NA	NA	NA	NA	NA	NA	NA	NA	NA	NA	NA	NA	NA	NA	NA	NA
cg26133909	0.140362612324697	0.716275765014572	NA	NA	NA	NA	0.256776957831161	NA	NA	NA	NA	0.286470991747992	0.716505059328066	NA	0.60317624932793	NA	NA	NA	NA	NA	NA	NA	NA	NA	0.793852209756648	NA	0.624280304720761	NA	NA	NA	NA	NA	NA	0.73616162149198	0.383627039157184	NA	NA	NA	NA	NA	NA	NA	0.160005630673102	NA	0.178895522059149	NA	0.199527594286924	NA	NA	0.149101514027461	0.783808622054842	NA	0.201174528133027	0.842826666325618	NA	NA	0.154245791023672	NA	NA	NA	NA	NA	NA	NA	NA	NA	0.208941026901976	0.222652260439389	NA	NA	NA	NA	0.236618158322025	NA	NA	NA	0.646226340955449	NA	NA	NA
cg26139168	NA	NA	NA	NA	NA	NA	NA	NA	NA	NA	NA	NA	NA	NA	NA	NA	NA	NA	NA	NA	NA	NA	NA	NA	NA	NA	NA	NA	NA	NA	NA	NA	NA	NA	NA	NA	NA	NA	NA	NA	NA	NA	NA	NA	NA	NA	NA	NA	NA	NA	NA	NA	NA	NA	NA	NA	NA	NA	NA	NA	NA	NA	NA	NA	NA	NA	NA	NA	NA	NA	NA	NA	NA	NA	NA	NA	NA	NA	NA	NA
cg26141807	NA	NA	NA	NA	NA	NA	NA	NA	NA	NA	NA	NA	NA	NA	NA	NA	NA	NA	NA	NA	NA	NA	NA	NA	NA	NA	NA	NA	NA	NA	NA	NA	NA	NA	NA	NA	NA	NA	NA	NA	NA	NA	NA	NA	NA	NA	NA	NA	NA	NA	NA	NA	NA	NA	NA	NA	NA	NA	NA	NA	NA	NA	NA	NA	NA	NA	NA	NA	NA	NA	NA	NA	NA	NA	NA	NA	NA	NA	NA	NA
cg26143153	NA	NA	NA	NA	NA	NA	NA	NA	NA	NA	NA	NA	NA	NA	NA	NA	NA	NA	NA	NA	NA	NA	NA	NA	NA	NA	NA	NA	NA	NA	NA	NA	NA	NA	NA	NA	NA	NA	NA	NA	NA	NA	NA	NA	NA	NA	NA	NA	NA	NA	NA	NA	NA	NA	NA	NA	NA	NA	NA	NA	NA	NA	NA	NA	NA	NA	NA	NA	NA	NA	NA	NA	NA	NA	NA	NA	NA	NA	NA	NA
cg26218805	NA	NA	NA	NA	NA	NA	NA	NA	NA	NA	NA	NA	NA	NA	NA	NA	NA	NA	NA	NA	NA	NA	NA	NA	NA	NA	NA	NA	NA	NA	NA	NA	NA	NA	NA	NA	NA	NA	NA	NA	NA	NA	NA	NA	NA	NA	NA	NA	NA	NA	NA	NA	NA	NA	NA	NA	NA	NA	NA	NA	NA	NA	NA	NA	NA	NA	NA	NA	NA	NA	NA	NA	NA	NA	NA	NA	NA	NA	NA	NA
cg26243679	NA	NA	NA	NA	NA	NA	NA	NA	NA	NA	NA	NA	NA	NA	NA	NA	NA	NA	NA	NA	NA	NA	NA	NA	NA	NA	NA	NA	NA	NA	NA	NA	NA	NA	NA	NA	NA	NA	NA	NA	NA	NA	NA	NA	NA	NA	NA	NA	NA	NA	NA	NA	NA	NA	NA	NA	NA	NA	NA	NA	NA	NA	NA	NA	NA	NA	NA	NA	NA	NA	NA	NA	NA	NA	NA	NA	NA	NA	NA	NA
cg26249038	NA	NA	NA	NA	NA	NA	NA	NA	NA	NA	NA	NA	NA	NA	NA	NA	NA	NA	NA	NA	NA	NA	NA	NA	NA	NA	NA	NA	NA	NA	NA	NA	NA	NA	NA	NA	NA	NA	NA	NA	NA	NA	NA	NA	NA	NA	NA	NA	NA	NA	NA	NA	NA	NA	NA	NA	NA	NA	NA	NA	NA	NA	NA	NA	NA	NA	NA	NA	NA	NA	NA	NA	NA	NA	NA	NA	NA	NA	NA	NA
cg26256420	NA	NA	NA	NA	NA	NA	NA	NA	NA	NA	NA	NA	NA	NA	NA	NA	NA	NA	NA	NA	NA	NA	NA	NA	NA	NA	NA	NA	NA	NA	NA	NA	NA	NA	NA	NA	NA	NA	NA	NA	NA	NA	NA	NA	NA	NA	NA	NA	NA	NA	NA	NA	NA	NA	NA	NA	NA	NA	NA	NA	NA	NA	NA	NA	NA	NA	NA	NA	NA	NA	NA	NA	NA	NA	NA	NA	NA	NA	NA	NA
cg26283801	NA	NA	NA	NA	NA	NA	NA	NA	NA	NA	NA	NA	NA	NA	NA	NA	NA	NA	NA	NA	NA	NA	NA	NA	NA	NA	NA	NA	NA	NA	NA	NA	NA	NA	NA	NA	NA	NA	NA	NA	NA	NA	NA	NA	NA	NA	NA	NA	NA	NA	NA	NA	NA	NA	NA	NA	NA	NA	NA	NA	NA	NA	NA	NA	NA	NA	NA	NA	NA	NA	NA	NA	NA	NA	NA	NA	NA	NA	NA	NA
cg26316511	NA	NA	NA	NA	NA	NA	NA	NA	NA	NA	NA	NA	NA	NA	NA	NA	NA	NA	NA	NA	NA	NA	NA	NA	NA	NA	NA	NA	NA	NA	NA	NA	NA	NA	NA	NA	NA	NA	NA	NA	NA	NA	NA	NA	NA	NA	NA	NA	NA	NA	NA	NA	NA	NA	NA	NA	NA	NA	NA	NA	NA	NA	NA	NA	NA	NA	NA	NA	NA	NA	NA	NA	NA	NA	NA	NA	NA	NA	NA	NA
cg26322995	NA	NA	NA	NA	NA	NA	NA	NA	NA	NA	NA	NA	NA	NA	NA	NA	NA	NA	NA	NA	NA	NA	NA	NA	NA	NA	NA	NA	NA	NA	NA	NA	NA	NA	NA	NA	NA	NA	NA	NA	NA	NA	NA	NA	NA	NA	NA	NA	NA	NA	NA	NA	NA	NA	NA	NA	NA	NA	NA	NA	NA	NA	NA	NA	NA	NA	NA	NA	NA	NA	NA	NA	NA	NA	NA	NA	NA	NA	NA	NA
cg26341749	NA	NA	NA	NA	NA	NA	NA	NA	NA	NA	NA	NA	NA	NA	NA	NA	NA	NA	NA	NA	NA	NA	NA	NA	NA	NA	NA	NA	NA	NA	NA	NA	NA	NA	NA	NA	NA	NA	NA	NA	NA	NA	NA	NA	NA	NA	NA	NA	NA	NA	NA	NA	NA	NA	NA	NA	NA	NA	NA	NA	NA	NA	NA	NA	NA	NA	NA	NA	NA	NA	NA	NA	NA	NA	NA	NA	NA	NA	NA	NA
cg26352073	NA	NA	NA	NA	NA	NA	NA	NA	NA	NA	NA	NA	NA	NA	NA	NA	NA	NA	NA	NA	NA	NA	NA	NA	NA	NA	NA	NA	NA	NA	NA	NA	NA	NA	NA	NA	NA	NA	NA	NA	NA	NA	NA	NA	NA	NA	NA	NA	NA	NA	NA	NA	NA	NA	NA	NA	NA	NA	NA	NA	NA	NA	NA	NA	NA	NA	NA	NA	NA	NA	NA	NA	NA	NA	NA	NA	NA	NA	NA	NA
cg26424817	NA	NA	NA	NA	NA	NA	NA	NA	NA	NA	NA	NA	NA	NA	NA	NA	NA	NA	NA	NA	NA	NA	NA	NA	NA	NA	NA	NA	NA	NA	NA	NA	NA	NA	NA	NA	NA	NA	NA	NA	NA	NA	NA	NA	NA	NA	NA	NA	NA	NA	NA	NA	NA	NA	NA	NA	NA	NA	NA	NA	NA	NA	NA	NA	NA	NA	NA	NA	NA	NA	NA	NA	NA	NA	NA	NA	NA	NA	NA	NA
cg26429763	NA	NA	NA	NA	NA	NA	NA	NA	NA	NA	NA	NA	NA	NA	NA	NA	NA	NA	NA	NA	NA	NA	NA	NA	NA	NA	NA	NA	NA	NA	NA	NA	NA	NA	NA	NA	NA	NA	NA	NA	NA	NA	NA	NA	NA	NA	NA	NA	NA	NA	NA	NA	NA	NA	NA	NA	NA	NA	NA	NA	NA	NA	NA	NA	NA	NA	NA	NA	NA	NA	NA	NA	NA	NA	NA	NA	NA	NA	NA	NA
cg26442509	0.912601588737069	0.922982159728505	0.888127283083763	0.919592400813737	0.886095908670382	0.886354879492609	0.922963162296935	0.914118401475432	0.933623020609694	0.904354968508042	0.900106084281923	0.88995476247082	0.897383951731845	0.898194648200198	0.920699211997642	0.92416891256435	0.911072765671433	0.907606661979008	0.9003772904727	0.875551132660953	0.867681441313348	0.920410935937265	0.903486868847218	0.8504427615179	0.867146460918896	0.904840965935971	0.870474353503904	0.877811744372747	0.922902611974848	0.895248838922118	0.881464290126753	0.892113483612643	0.907444011807998	0.887850779840366	0.885478832814847	0.919970267862251	0.88596344597073	0.765061718432464	0.909266989279021	0.894430693329562	0.923794072922732	0.903050901557985	0.90939394059663	0.920243181903064	0.926639314720896	0.892639370893256	0.9071238704278	0.873985861548783	0.901345575699481	0.914354848906761	0.909789044431519	0.911999709637889	0.925197798409894	0.924659262013593	0.914257259326213	0.888498014618726	0.918425648498968	0.88573795554614	0.892253470587225	0.9083004934287	0.907237140041473	0.892402203627191	0.916781106424059	0.907168933406991	0.904122943348416	0.922549823182858	0.873866260358715	0.910311031619169	0.912348347107475	0.90686404230096	0.907664104777378	0.883338905033958	0.901236158631953	0.887154928624154	0.876784947465181	0.886495124037552	0.924273503092027	0.891196851577471	0.888924941183117	0.923337065820854
cg26501230	NA	NA	NA	NA	NA	NA	NA	NA	NA	NA	NA	NA	NA	NA	NA	NA	NA	NA	NA	NA	NA	NA	NA	NA	NA	NA	NA	NA	NA	NA	NA	NA	NA	NA	NA	NA	NA	NA	NA	NA	NA	NA	NA	NA	NA	NA	NA	NA	NA	NA	NA	NA	NA	NA	NA	NA	NA	NA	NA	NA	NA	NA	NA	NA	NA	NA	NA	NA	NA	NA	NA	NA	NA	NA	NA	NA	NA	NA	NA	NA
cg26523866	0.747609784286713	0.949480869748024	0.847811843835369	0.907291122640716	0.888161971914104	0.911184718103209	0.908248442073726	0.67646467683313	0.900374886260753	0.858274166897366	0.826482478490491	0.861911927961761	0.896752844660783	0.876978576536511	0.91223896392652	0.902780863210038	0.872198460455905	0.904363860099838	NA	0.891265537393481	0.887183432562049	0.900775724569714	0.881921891215225	NA	0.889017092351526	0.895894199238614	0.877977894618435	0.855740502544185	NA	0.846209361025993	NA	0.900421977886665	0.883495769539157	0.920098543861242	0.881143612607792	0.908664637232664	NA	NA	0.891881043757056	0.909556267956746	0.886997870612207	0.887304133317925	0.735670850724781	0.869057312708811	0.723573617477085	0.852719019884298	0.901005089799689	NA	0.867218664210004	0.920495489496739	0.90413910348023	0.908589798578531	0.903173650125464	0.866526075929077	0.902976957028	0.887314860661006	0.857030216588681	0.873031086349071	0.897150515147338	0.900465325153097	0.887657674795863	0.865650928568442	0.888600597609783	0.901404998591651	0.864666863059289	0.911027003926361	0.899109417773547	0.917951313072112	0.906161797843025	0.876138256367247	0.797043608115078	0.873108673340908	0.868766010528205	0.87247398208078	0.853529252881306	0.868648059886035	0.865464338869041	0.884598776402886	0.88878955245079	NA
cg26542912	NA	NA	NA	NA	NA	NA	NA	NA	NA	NA	NA	NA	NA	NA	NA	NA	NA	NA	NA	NA	NA	NA	NA	NA	NA	NA	NA	NA	NA	NA	NA	NA	NA	NA	NA	NA	NA	NA	NA	NA	NA	NA	NA	NA	NA	NA	NA	NA	NA	NA	NA	NA	NA	NA	NA	NA	NA	NA	NA	NA	NA	NA	NA	NA	NA	NA	NA	NA	NA	NA	NA	NA	NA	NA	NA	NA	NA	NA	NA	NA
cg26544028	NA	NA	NA	NA	NA	NA	NA	NA	NA	NA	NA	NA	NA	NA	NA	NA	NA	NA	NA	NA	NA	NA	NA	NA	NA	NA	NA	NA	NA	NA	NA	NA	NA	NA	NA	NA	NA	NA	NA	NA	NA	NA	NA	NA	NA	NA	NA	NA	NA	NA	NA	NA	NA	NA	NA	NA	NA	NA	NA	NA	NA	NA	NA	NA	NA	NA	NA	NA	NA	NA	NA	NA	NA	NA	NA	NA	NA	NA	NA	NA
cg26558363	NA	NA	NA	NA	NA	NA	NA	NA	NA	NA	NA	NA	NA	NA	NA	NA	NA	NA	NA	NA	NA	NA	NA	NA	NA	NA	NA	NA	NA	NA	NA	NA	NA	NA	NA	NA	NA	NA	NA	NA	NA	NA	NA	NA	NA	NA	NA	NA	NA	NA	NA	NA	NA	NA	NA	NA	NA	NA	NA	NA	NA	NA	NA	NA	NA	NA	NA	NA	NA	NA	NA	NA	NA	NA	NA	NA	NA	NA	NA	NA
cg26564072	NA	NA	NA	NA	NA	NA	NA	NA	NA	NA	NA	NA	NA	NA	NA	NA	NA	NA	NA	NA	NA	NA	NA	NA	NA	NA	NA	NA	NA	NA	NA	NA	NA	NA	NA	NA	NA	NA	NA	NA	NA	NA	NA	NA	NA	NA	NA	NA	NA	NA	NA	NA	NA	NA	NA	NA	NA	NA	NA	NA	NA	NA	NA	NA	NA	NA	NA	NA	NA	NA	NA	NA	NA	NA	NA	NA	NA	NA	NA	NA
cg26572710	0.92063930425964	0.907417221652502	0.901962802255074	0.926652941570479	0.891437909157219	0.894219421003121	0.927766572775364	0.917406928061977	0.91615390770371	0.910553833397424	0.915701379543849	0.901397999720813	0.900332825218899	0.904550041514198	0.917109997830768	0.88317016031533	0.888175898053211	0.902451792498961	0.933312547873967	0.861969357136982	0.895314855020663	0.905873147458531	0.911314252037051	0.91700568738921	0.927038795380313	0.907738568205817	0.902878333374919	0.905917674552203	0.892181800902339	0.922254302957485	0.89428582384049	0.907175828055769	0.913685181266912	0.908665940954008	0.923739971106209	0.898519532115495	0.904322470170817	0.90742520692522	0.934684301060579	0.903220735271288	0.894455482983586	0.929560037778937	0.894845433753793	0.925083022402044	0.934130040326768	0.890528225530797	0.908337789710762	0.903774803591429	0.914108182893484	0.920505610773677	0.937984978525917	0.925499852932338	0.932908123044168	0.9265259021517	0.926152724102765	0.899177401858014	0.927385079262296	0.902444501988351	0.936880341719276	0.925661658372576	0.907902219525225	0.891630669595877	0.930196828261812	0.919289279511478	0.923058048241651	0.888758456752042	0.905858922159389	0.920625891322146	0.914610777243586	0.915978137022508	0.930852595596468	0.927630212608745	0.906832692396399	0.913987682343579	0.914208195867427	0.898511525838745	0.919912705602675	0.908853314869274	0.898476697858186	0.868918583765592
cg26585590	0.952668498509727	0.960962859124932	0.938011972523226	0.943458055241922	0.923278660037931	0.901343261938769	0.929698533183041	0.948882835217274	0.938339447527	0.939634301834293	0.943535867188696	0.946939408006935	0.931907538299052	0.928666072345185	0.947999695843926	0.932120812974203	0.939526901616183	0.936764098003267	0.934964718062423	0.931650136709893	0.919257572806387	0.950144388160016	0.941385477192027	0.933818534932043	0.936578748753156	0.949468901762829	0.922510450937029	0.91161247281669	0.959186685857941	0.941780281538902	0.911884335245374	0.931357610750724	0.904691072440997	0.924386743469698	0.926848483963486	0.94914208601218	0.92860010772636	0.927170864926066	0.941541921065281	0.942512058022946	0.930992648314558	0.938029799186196	0.943814577283751	0.949003343101983	0.945940710333151	0.918433258038121	0.947082879157251	0.897402520170006	0.930117568886389	0.937563715568479	0.912654009549649	0.938811679366282	0.946458458991087	0.946198958992907	0.929910642564994	0.929415261598135	0.933438300822951	0.936345357505433	0.927963897238805	0.949401094526765	0.917850959727125	0.935577307865248	0.941113224537433	0.94203723665572	0.937421534735282	0.949545508974075	0.922378396030577	0.937978989158176	0.938670337507428	0.939790948640136	0.945838649405929	0.945125027786755	0.938586662345189	0.911278421955409	0.917032591310858	0.925209503731604	0.947783044881551	0.938712617346201	0.911429021410968	0.943170834093204
cg26592560	NA	NA	NA	NA	NA	NA	NA	NA	NA	NA	NA	NA	NA	NA	NA	NA	NA	NA	NA	NA	NA	NA	NA	NA	NA	NA	NA	NA	NA	NA	NA	NA	NA	NA	NA	NA	NA	NA	NA	NA	NA	NA	NA	NA	NA	NA	NA	NA	NA	NA	NA	NA	NA	NA	NA	NA	NA	NA	NA	NA	NA	NA	NA	NA	NA	NA	NA	NA	NA	NA	NA	NA	NA	NA	NA	NA	NA	NA	NA	NA
cg26612736	NA	NA	NA	NA	NA	NA	NA	NA	NA	NA	NA	NA	NA	NA	NA	NA	NA	NA	NA	NA	NA	NA	NA	NA	NA	NA	NA	NA	NA	NA	NA	NA	NA	NA	NA	NA	NA	NA	NA	NA	NA	NA	NA	NA	NA	NA	NA	NA	NA	NA	NA	NA	NA	NA	NA	NA	NA	NA	NA	NA	NA	NA	NA	NA	NA	NA	NA	NA	NA	NA	NA	NA	NA	NA	NA	NA	NA	NA	NA	NA
cg26620682	NA	NA	NA	NA	NA	NA	NA	NA	NA	NA	NA	NA	NA	NA	NA	NA	NA	NA	NA	NA	NA	NA	NA	NA	NA	NA	NA	NA	NA	NA	NA	NA	NA	NA	NA	NA	NA	NA	NA	NA	NA	NA	NA	NA	NA	NA	NA	NA	NA	NA	NA	NA	NA	NA	NA	NA	NA	NA	NA	NA	NA	NA	NA	NA	NA	NA	NA	NA	NA	NA	NA	NA	NA	NA	NA	NA	NA	NA	NA	NA
cg26663742	NA	NA	NA	NA	NA	NA	NA	NA	NA	NA	NA	NA	NA	NA	NA	NA	NA	NA	NA	NA	NA	NA	NA	NA	NA	NA	NA	NA	NA	NA	NA	NA	NA	NA	NA	NA	NA	NA	NA	NA	NA	NA	NA	NA	NA	NA	NA	NA	NA	NA	NA	NA	NA	NA	NA	NA	NA	NA	NA	NA	NA	NA	NA	NA	NA	NA	NA	NA	NA	NA	NA	NA	NA	NA	NA	NA	NA	NA	NA	NA
cg26664737	NA	NA	NA	NA	NA	NA	NA	NA	NA	NA	NA	NA	NA	NA	NA	NA	NA	NA	NA	NA	NA	NA	NA	NA	NA	NA	NA	NA	NA	NA	NA	NA	NA	NA	NA	NA	NA	NA	NA	NA	NA	NA	NA	NA	NA	NA	NA	NA	NA	NA	NA	NA	NA	NA	NA	NA	NA	NA	NA	NA	NA	NA	NA	NA	NA	NA	NA	NA	NA	NA	NA	NA	NA	NA	NA	NA	NA	NA	NA	NA
cg26667585	NA	NA	NA	NA	NA	NA	NA	NA	NA	NA	NA	NA	NA	NA	NA	NA	NA	NA	NA	NA	NA	NA	NA	NA	NA	NA	NA	NA	NA	NA	NA	NA	NA	NA	NA	NA	NA	NA	NA	NA	NA	NA	NA	NA	NA	NA	NA	NA	NA	NA	NA	NA	NA	NA	NA	NA	NA	NA	NA	NA	NA	NA	NA	NA	NA	NA	NA	NA	NA	NA	NA	NA	NA	NA	NA	NA	NA	NA	NA	NA
cg26675620	NA	NA	NA	NA	NA	NA	NA	NA	NA	NA	NA	NA	NA	NA	NA	NA	NA	NA	NA	NA	NA	NA	NA	NA	NA	NA	NA	NA	NA	NA	NA	NA	NA	NA	NA	NA	NA	NA	NA	NA	NA	NA	NA	NA	NA	NA	NA	NA	NA	NA	NA	NA	NA	NA	NA	NA	NA	NA	NA	NA	NA	NA	NA	NA	NA	NA	NA	NA	NA	NA	NA	NA	NA	NA	NA	NA	NA	NA	NA	NA
cg26675905	NA	NA	NA	NA	NA	NA	NA	NA	NA	NA	NA	NA	NA	NA	NA	NA	NA	NA	NA	NA	NA	NA	NA	NA	NA	NA	NA	NA	NA	NA	NA	NA	NA	NA	NA	NA	NA	NA	NA	NA	NA	NA	NA	NA	NA	NA	NA	NA	NA	NA	NA	NA	NA	NA	NA	NA	NA	NA	NA	NA	NA	NA	NA	NA	NA	NA	NA	NA	NA	NA	NA	NA	NA	NA	NA	NA	NA	NA	NA	NA
cg26707887	0.933791819584491	0.951282093546141	0.917489451575293	0.894130025584834	0.9096249859729	0.898097910357223	0.919536994592256	0.895891355333446	0.827122050327495	0.923874875577418	0.880733042673846	0.867701400806725	0.925863295164082	0.882904646897507	0.93535833830482	0.914080858788587	0.925651083323513	0.904781561824345	0.920128969322837	0.918094713486689	0.905700356070039	0.934512726840546	0.877742920699978	0.924241802320497	0.936691034846256	0.927544313756261	0.734534666425907	0.925075783384695	0.933127459494209	0.928529334577622	0.881668038199784	0.592304638518556	0.823284418768935	0.928218008002491	0.921159914964736	0.932696379365602	0.913524254095596	0.785566278329974	0.930080243250539	0.928760539160219	0.910935270785587	0.9179786633514	0.941559187244258	0.941234002457894	0.929736954859602	0.856149331413156	0.903969154366394	0.906449030360022	0.909458908399283	0.94678685322622	0.929692206927287	0.935389244797582	0.898665258789475	0.922881611699978	0.920241618195822	0.92334886952573	0.944135825467167	0.934984048323576	0.903550288022272	0.914883634965138	0.928258112481194	0.719726326700486	0.924131418216891	0.930241214382551	0.930922603798155	0.930198405696349	0.918637660352333	0.9387307463746	0.878654960328247	0.927771293910295	0.916233113922386	0.369356859178523	0.892778052890002	0.927177106432199	0.922544628667368	0.850579958331196	0.936065072162541	0.839590202349939	0.903682418609571	0.923598723447467
cg26758386	NA	NA	NA	NA	NA	NA	NA	NA	NA	NA	NA	NA	NA	NA	NA	NA	NA	NA	NA	NA	NA	NA	NA	NA	NA	NA	NA	NA	NA	NA	NA	NA	NA	NA	NA	NA	NA	NA	NA	NA	NA	NA	NA	NA	NA	NA	NA	NA	NA	NA	NA	NA	NA	NA	NA	NA	NA	NA	NA	NA	NA	NA	NA	NA	NA	NA	NA	NA	NA	NA	NA	NA	NA	NA	NA	NA	NA	NA	NA	NA
cg26763368	NA	NA	NA	NA	NA	NA	NA	NA	NA	NA	NA	NA	NA	NA	NA	NA	NA	NA	NA	NA	NA	NA	NA	NA	NA	NA	NA	NA	NA	NA	NA	NA	NA	NA	NA	NA	NA	NA	NA	NA	NA	NA	NA	NA	NA	NA	NA	NA	NA	NA	NA	NA	NA	NA	NA	NA	NA	NA	NA	NA	NA	NA	NA	NA	NA	NA	NA	NA	NA	NA	NA	NA	NA	NA	NA	NA	NA	NA	NA	NA
cg26786687	0.949997651729377	0.959055961975206	0.930680775757468	0.940843745691797	0.937687263690055	0.936862945536325	0.937262142239382	0.957610943850139	0.939328573590015	0.924162537133563	0.898990801282292	0.931411824940757	0.935274360333952	0.908645147024061	0.944588665139645	0.936963847391395	0.938436512506811	0.933229418203919	0.917329701634595	0.929743942651255	0.934793201128459	0.933836601941323	0.931002885557062	0.930504474272463	0.914876626726526	0.936962819040336	0.942733575441397	0.941894348518946	0.930855084217784	0.924870250524301	0.94103781095463	0.922881847422225	0.940766185605799	0.92933447351424	0.932896781929652	0.930458650934413	0.934105092180221	0.93700496874752	0.904354676187556	0.928103013259897	0.935656989576726	0.938116072373407	0.93957725981313	0.953345696140675	0.940601439928879	0.943297814997854	0.946875050476908	0.921471944615847	0.934248252460128	0.947567812309298	0.942223167634773	0.941904800307156	0.934106769858856	0.945643912362998	0.935642653664446	0.936178500282506	0.94013176727078	0.942806003870203	0.926970232723752	0.940773741879373	0.930174214517145	0.928438305190312	0.936505646099273	0.939649492098664	0.940191358345063	0.944740003671233	0.948561944345606	0.94669653478771	0.922952320133913	0.937742917524571	0.915669007652224	0.952902399145065	0.918586143970794	0.933457831522209	0.931103107767015	0.929644920959164	0.927632124535266	0.945235128859293	0.935840275390291	0.937136857815797
cg26797811	NA	NA	NA	NA	NA	NA	NA	NA	NA	NA	NA	NA	NA	NA	NA	NA	NA	NA	NA	NA	NA	NA	NA	NA	NA	NA	NA	NA	NA	NA	NA	NA	NA	NA	NA	NA	NA	NA	NA	NA	NA	NA	NA	NA	NA	NA	NA	NA	NA	NA	NA	NA	NA	NA	NA	NA	NA	NA	NA	NA	NA	NA	NA	NA	NA	NA	NA	NA	NA	NA	NA	NA	NA	NA	NA	NA	NA	NA	NA	NA
cg26841157	0.954610207967964	0.964367783556347	0.955355045352042	0.947694723852445	0.95668274209167	0.955443160739539	0.939583163535843	0.947413305759348	0.937855351888372	0.951534642321082	0.935169415793633	0.917061386169844	0.94752619069822	0.939161145026022	0.961596512736327	0.906049647185048	0.956297757504821	0.948252785718489	0.94345320058332	0.943672868743419	0.95411751411059	0.947737599953042	0.947730172382175	0.955537064267341	0.947137221076747	0.958334969973646	0.771779726182109	0.928142923438437	0.961317580190199	0.938523471336729	0.958917569642032	0.910292075694567	0.892332284248055	0.944524910637541	0.838055901987316	0.963873820216028	0.954889979593908	0.863399178049292	0.938842974796514	0.95019515708769	0.929941950778754	0.879067850719679	0.941665382223485	0.93086737513533	0.954046878534599	0.848100926017203	0.95843129524325	0.954938145319515	0.956220900691729	0.956085973312514	0.955691161713925	0.95676231266388	0.923385913456653	0.828738531314109	0.954089889466471	0.944148695150396	0.95113508881355	0.964832482549404	0.955306041496894	0.961286267125019	0.961456160150712	0.919499018194348	0.958597247233583	0.945095095749127	0.960721200670558	0.936143275696225	0.954954662175378	0.951816603561492	0.963108353949652	0.948443852423454	0.959726848362851	0.944889906832955	0.908575406079778	0.902716915331138	0.952479659553058	0.920782799142558	0.9587076360328	0.907014820672205	0.952294078072492	0.948191902616197
cg26846076	NA	NA	NA	NA	NA	NA	NA	NA	NA	NA	NA	NA	NA	NA	NA	NA	NA	NA	NA	NA	NA	NA	NA	NA	NA	NA	NA	NA	NA	NA	NA	NA	NA	NA	NA	NA	NA	NA	NA	NA	NA	NA	NA	NA	NA	NA	NA	NA	NA	NA	NA	NA	NA	NA	NA	NA	NA	NA	NA	NA	NA	NA	NA	NA	NA	NA	NA	NA	NA	NA	NA	NA	NA	NA	NA	NA	NA	NA	NA	NA
cg26870594	NA	NA	NA	NA	NA	NA	NA	NA	NA	NA	NA	NA	NA	NA	NA	NA	NA	NA	NA	NA	NA	NA	NA	NA	NA	NA	NA	NA	NA	NA	NA	NA	NA	NA	NA	NA	NA	NA	NA	NA	NA	NA	NA	NA	NA	NA	NA	NA	NA	NA	NA	NA	NA	NA	NA	NA	NA	NA	NA	NA	NA	NA	NA	NA	NA	NA	NA	NA	NA	NA	NA	NA	NA	NA	NA	NA	NA	NA	NA	NA
cg26872780	0.815009205222786	0.753061970552822	0.817944358521737	0.777192474453323	0.866611035987566	0.58020271780649	0.816906328671992	0.759201762679139	0.729180613231827	NA	0.21412127894176	0.262889713808226	0.465040522652151	NA	0.204686601831416	0.211845415099474	NA	0.262139389205032	0.234548635292707	0.220205194618922	0.898785043717893	0.860089127864991	0.244752570859133	0.707698245913081	0.36906029691872	0.33187921970162	0.585522257159008	0.339553572174425	0.890679428508689	0.235094479504248	NA	0.229751790659054	NA	0.621829880668107	0.676681116460813	0.569832128120752	0.858165790572485	0.871013522032647	0.689550725157555	0.748114271780362	0.176504129662743	0.325298571705807	0.748792647967606	0.429381704668006	0.862226026016056	0.456226924476118	0.659078669082591	NA	NA	0.713699846880865	0.517830406874658	0.754203454556473	0.85153191509844	0.785443600905118	0.600320429237238	NA	0.773794679312165	0.548886987889305	0.674896056648307	0.90029032431445	0.903766195792922	0.280492158793535	0.58764878045054	0.29921645573157	0.898718546817435	0.689192338645238	0.160762175285003	0.471300819735684	0.195484337736084	0.789285610325421	0.886668597434631	0.30393752458736	0.224031171912701	0.243773945391879	0.541047606975851	NA	NA	0.26907935078143	0.787080029801792	0.811641953743655
cg26897236	NA	NA	NA	NA	NA	NA	NA	NA	NA	NA	NA	NA	NA	NA	NA	NA	NA	NA	NA	NA	NA	NA	NA	NA	NA	NA	NA	NA	NA	NA	NA	NA	NA	NA	NA	NA	NA	NA	NA	NA	NA	NA	NA	NA	NA	NA	NA	NA	NA	NA	NA	NA	NA	NA	NA	NA	NA	NA	NA	NA	NA	NA	NA	NA	NA	NA	NA	NA	NA	NA	NA	NA	NA	NA	NA	NA	NA	NA	NA	NA
cg26899591	NA	NA	NA	NA	NA	NA	NA	NA	NA	NA	NA	NA	NA	NA	NA	NA	NA	NA	NA	NA	NA	NA	NA	NA	NA	NA	NA	NA	NA	NA	NA	NA	NA	NA	NA	NA	NA	NA	NA	NA	NA	NA	NA	NA	NA	NA	NA	NA	NA	NA	NA	NA	NA	NA	NA	NA	NA	NA	NA	NA	NA	NA	NA	NA	NA	NA	NA	NA	NA	NA	NA	NA	NA	NA	NA	NA	NA	NA	NA	NA
cg27026390	0.970042766445371	0.962407998366529	0.968042644336349	0.976718915254256	0.965419566909914	0.974851560493699	0.975304564197063	0.973396162496598	0.968142881790725	0.973093032373944	0.971397990281914	0.976108405656481	0.971215231939058	0.983092502570513	0.975304894551261	0.973549137613028	0.977582092545611	0.976614570443827	0.975342744203661	0.978706251076176	0.973505845013493	0.970059771642123	0.981031229383474	0.971112479903804	0.970596230092095	0.947757987603855	0.967337957068366	0.982916321924181	0.970600555946016	0.977428561839738	0.98139175967354	0.973397233346172	0.976770274825805	0.971595785964675	0.975674035759549	0.962858237574088	0.969752551328606	0.979579472854341	0.972062925748987	0.970079378026555	0.977048577096352	0.974007210386672	0.965565033478376	0.971693417586536	0.979118987163247	0.980407207904026	0.968009478931164	0.97083332889993	0.972956672391389	0.971498860790391	0.976404247077823	0.978411125097389	0.974966238730458	0.974057677073621	0.964958360164335	0.961746616552313	0.967182023389533	0.969314738164562	0.975976048833237	0.970609739249774	0.969584287423399	0.973135246061539	0.973898012399824	0.982714080269963	0.969678669847629	0.970595327361484	0.983676419556861	0.969371843550604	0.978885296417071	0.970627918007941	0.971176393621383	0.975009726116117	0.975003353150752	0.974627982100433	0.968451844006214	0.97904722198327	0.972152060614388	0.978053252945478	0.967312856985875	0.970376319471714
cg27048446	NA	NA	NA	NA	NA	NA	NA	NA	NA	NA	NA	NA	NA	NA	NA	NA	NA	NA	NA	NA	NA	NA	NA	NA	NA	NA	NA	NA	NA	NA	NA	NA	NA	NA	NA	NA	NA	NA	NA	NA	NA	NA	NA	NA	NA	NA	NA	NA	NA	NA	NA	NA	NA	NA	NA	NA	NA	NA	NA	NA	NA	NA	NA	NA	NA	NA	NA	NA	NA	NA	NA	NA	NA	NA	NA	NA	NA	NA	NA	NA
cg27054055	NA	NA	NA	NA	NA	NA	NA	NA	NA	NA	NA	NA	NA	NA	NA	NA	NA	NA	NA	NA	NA	NA	NA	NA	NA	NA	NA	NA	NA	NA	NA	NA	NA	NA	NA	NA	NA	NA	NA	NA	NA	NA	NA	NA	NA	NA	NA	NA	NA	NA	NA	NA	NA	NA	NA	NA	NA	NA	NA	NA	NA	NA	NA	NA	NA	NA	NA	NA	NA	NA	NA	NA	NA	NA	NA	NA	NA	NA	NA	NA
cg27094305	NA	NA	NA	NA	NA	NA	NA	NA	NA	NA	NA	NA	NA	NA	NA	NA	NA	NA	NA	NA	NA	NA	NA	NA	NA	NA	NA	NA	NA	NA	NA	NA	NA	NA	NA	NA	NA	NA	NA	NA	NA	NA	NA	NA	NA	NA	NA	NA	NA	NA	NA	NA	NA	NA	NA	NA	NA	NA	NA	NA	NA	NA	NA	NA	NA	NA	NA	NA	NA	NA	NA	NA	NA	NA	NA	NA	NA	NA	NA	NA
cg27095983	NA	NA	NA	NA	NA	NA	NA	NA	NA	NA	NA	NA	NA	NA	NA	NA	NA	NA	NA	NA	NA	NA	NA	NA	NA	NA	NA	NA	NA	NA	NA	NA	NA	NA	NA	NA	NA	NA	NA	NA	NA	NA	NA	NA	NA	NA	NA	NA	NA	NA	NA	NA	NA	NA	NA	NA	NA	NA	NA	NA	NA	NA	NA	NA	NA	NA	NA	NA	NA	NA	NA	NA	NA	NA	NA	NA	NA	NA	NA	NA
cg27098587	NA	NA	NA	NA	NA	NA	NA	NA	NA	NA	NA	NA	NA	NA	NA	NA	NA	NA	NA	NA	NA	NA	NA	NA	NA	NA	NA	NA	NA	NA	NA	NA	NA	NA	NA	NA	NA	NA	NA	NA	NA	NA	NA	NA	NA	NA	NA	NA	NA	NA	NA	NA	NA	NA	NA	NA	NA	NA	NA	NA	NA	NA	NA	NA	NA	NA	NA	NA	NA	NA	NA	NA	NA	NA	NA	NA	NA	NA	NA	NA
cg27111461	NA	NA	NA	NA	NA	NA	NA	NA	NA	NA	NA	NA	NA	NA	NA	NA	NA	NA	NA	NA	NA	NA	NA	NA	NA	NA	NA	NA	NA	NA	NA	NA	NA	NA	NA	NA	NA	NA	NA	NA	NA	NA	NA	NA	NA	NA	NA	NA	NA	NA	NA	NA	NA	NA	NA	NA	NA	NA	NA	NA	NA	NA	NA	NA	NA	NA	NA	NA	NA	NA	NA	NA	NA	NA	NA	NA	NA	NA	NA	NA
cg27129076	NA	NA	NA	NA	NA	NA	NA	NA	NA	NA	NA	NA	NA	NA	NA	NA	NA	NA	NA	NA	NA	NA	NA	NA	NA	NA	NA	NA	NA	NA	NA	NA	NA	NA	NA	NA	NA	NA	NA	NA	NA	NA	NA	NA	NA	NA	NA	NA	NA	NA	NA	NA	NA	NA	NA	NA	NA	NA	NA	NA	NA	NA	NA	NA	NA	NA	NA	NA	NA	NA	NA	NA	NA	NA	NA	NA	NA	NA	NA	NA
cg27147706	NA	NA	NA	NA	NA	NA	NA	NA	NA	NA	NA	NA	NA	NA	NA	NA	NA	NA	NA	NA	NA	NA	NA	NA	NA	NA	NA	NA	NA	NA	NA	NA	NA	NA	NA	NA	NA	NA	NA	NA	NA	NA	NA	NA	NA	NA	NA	NA	NA	NA	NA	NA	NA	NA	NA	NA	NA	NA	NA	NA	NA	NA	NA	NA	NA	NA	NA	NA	NA	NA	NA	NA	NA	NA	NA	NA	NA	NA	NA	NA
cg27167195	NA	NA	NA	NA	NA	NA	NA	NA	NA	NA	NA	NA	NA	NA	NA	NA	NA	NA	NA	NA	NA	NA	NA	NA	NA	NA	NA	NA	NA	NA	NA	NA	NA	NA	NA	NA	NA	NA	NA	NA	NA	NA	NA	NA	NA	NA	NA	NA	NA	NA	NA	NA	NA	NA	NA	NA	NA	NA	NA	NA	NA	NA	NA	NA	NA	NA	NA	NA	NA	NA	NA	NA	NA	NA	NA	NA	NA	NA	NA	NA
cg27184649	0.945072109347065	0.962892863641189	0.894552113743277	0.957732943945996	0.954023341254193	0.959009400072004	0.948655082381999	0.958220961308502	0.954614971093642	0.953082620019044	0.945695695767455	0.95460090852877	0.946337276158847	0.959570700907425	0.965125641553619	0.933347771096713	0.959659112502802	0.658150418358599	0.946409379791684	0.958910902061492	0.961765024283959	0.963010353913501	0.955291263747173	0.954337993388845	0.946695238968348	0.968383531365429	0.952355491198216	0.951408047432677	0.961261423979965	0.950987742697809	0.760514480082292	0.947275132730297	0.947128655910671	0.955826971388498	0.943992451100472	0.954338188135656	0.95715979402282	0.96764145296145	0.959084397936256	0.954373484938381	0.947934185624265	0.945065801355602	0.688869840632076	0.955432268430593	0.955255059296098	0.964417014447284	0.945628049551923	0.962235698189238	0.965175393134034	0.952813920817279	0.960970854610677	0.953810322035132	0.954151258520952	0.958658534865604	0.953907766059685	0.957395397206132	0.960466862141582	0.721437244317352	0.953387070157064	0.959265289703355	0.950911641906932	0.946055410217608	0.963956704206446	0.963781700860829	0.954607450757336	0.954040673560606	0.960675476803447	0.949127724985581	0.960383564786059	0.959444051699216	0.946452002181252	0.957326614753691	0.944576083359914	0.942976984238174	0.949087371038519	0.940345789882528	0.95480513105505	0.956388349021987	0.959749689633457	0.951815986131669
cg27185511	NA	NA	NA	NA	NA	NA	NA	NA	NA	NA	NA	NA	NA	NA	NA	NA	NA	NA	NA	NA	NA	NA	NA	NA	NA	NA	NA	NA	NA	NA	NA	NA	NA	NA	NA	NA	NA	NA	NA	NA	NA	NA	NA	NA	NA	NA	NA	NA	NA	NA	NA	NA	NA	NA	NA	NA	NA	NA	NA	NA	NA	NA	NA	NA	NA	NA	NA	NA	NA	NA	NA	NA	NA	NA	NA	NA	NA	NA	NA	NA
cg27192418	0.935481507910625	0.927613686861966	0.928869146196792	0.941855358681361	0.902858126802591	0.945822875897724	0.951786635420748	0.94877699486421	0.945864425015719	0.928972765578851	0.941422797527468	0.931466531411106	0.925315795326206	0.927500814272951	0.938999667663788	0.939220086921461	0.934199224194516	0.937596589123315	0.934991356285427	0.920918608748097	0.923907822941032	0.922710478761331	0.914405771697039	0.924793979008069	0.935268335965489	0.943611211413814	0.907277055536067	0.924761655339132	0.945538105519819	0.921316341224076	0.938117926937347	0.923686904374928	0.934550455953475	0.68692158765496	0.941981072355204	0.939772474140902	0.934758658331838	0.93054820420844	0.929569295960537	0.927890401919929	0.929366778243694	0.925448972681543	0.937725921998576	0.92935628881355	0.942132792656249	0.92015180814726	0.645883018482721	0.897217663055502	0.920141311128201	0.949119348844297	0.913404223294911	0.930562905228242	0.939780373412469	0.939420407233284	0.938307178728017	0.935808616546999	0.940941875156219	0.928303848968538	0.914938734995685	0.94497158134055	0.942726305918862	0.906210935789088	0.934148962174952	0.944125467306792	0.943960698768008	0.92362686024803	0.920394034536439	0.928991385573545	0.931206538909681	0.912723690376633	0.941516285633848	0.921279972821267	0.93061636766373	0.924985224420873	0.941334568772857	0.937827860619293	0.958006498778403	0.921543235080164	0.911083088936786	0.936247694010834
cg27215140	NA	NA	NA	NA	NA	NA	NA	NA	NA	NA	NA	NA	NA	NA	NA	NA	NA	NA	NA	NA	NA	NA	NA	NA	NA	NA	NA	NA	NA	NA	NA	NA	NA	NA	NA	NA	NA	NA	NA	NA	NA	NA	NA	NA	NA	NA	NA	NA	NA	NA	NA	NA	NA	NA	NA	NA	NA	NA	NA	NA	NA	NA	NA	NA	NA	NA	NA	NA	NA	NA	NA	NA	NA	NA	NA	NA	NA	NA	NA	NA
cg27224107	NA	NA	NA	NA	NA	NA	NA	NA	NA	NA	NA	NA	NA	NA	NA	NA	NA	NA	NA	NA	NA	NA	NA	NA	NA	NA	NA	NA	NA	NA	NA	NA	NA	NA	NA	NA	NA	NA	NA	NA	NA	NA	NA	NA	NA	NA	NA	NA	NA	NA	NA	NA	NA	NA	NA	NA	NA	NA	NA	NA	NA	NA	NA	NA	NA	NA	NA	NA	NA	NA	NA	NA	NA	NA	NA	NA	NA	NA	NA	NA
cg27233997	NA	NA	NA	NA	NA	NA	NA	NA	NA	NA	NA	NA	NA	NA	NA	NA	NA	NA	NA	NA	NA	NA	NA	NA	NA	NA	NA	NA	NA	NA	NA	NA	NA	NA	NA	NA	NA	NA	NA	NA	NA	NA	NA	NA	NA	NA	NA	NA	NA	NA	NA	NA	NA	NA	NA	NA	NA	NA	NA	NA	NA	NA	NA	NA	NA	NA	NA	NA	NA	NA	NA	NA	NA	NA	NA	NA	NA	NA	NA	NA
cg27235725	NA	NA	NA	NA	NA	NA	NA	NA	NA	NA	NA	NA	NA	NA	NA	NA	NA	NA	NA	NA	NA	NA	NA	NA	NA	NA	NA	NA	NA	NA	NA	NA	NA	NA	NA	NA	NA	NA	NA	NA	NA	NA	NA	NA	NA	NA	NA	NA	NA	NA	NA	NA	NA	NA	NA	NA	NA	NA	NA	NA	NA	NA	NA	NA	NA	NA	NA	NA	NA	NA	NA	NA	NA	NA	NA	NA	NA	NA	NA	NA
cg27241677	NA	NA	NA	NA	NA	NA	NA	NA	NA	NA	NA	NA	NA	NA	NA	NA	NA	NA	NA	NA	NA	NA	NA	NA	NA	NA	NA	NA	NA	NA	NA	NA	NA	NA	NA	NA	NA	NA	NA	NA	NA	NA	NA	NA	NA	NA	NA	NA	NA	NA	NA	NA	NA	NA	NA	NA	NA	NA	NA	NA	NA	NA	NA	NA	NA	NA	NA	NA	NA	NA	NA	NA	NA	NA	NA	NA	NA	NA	NA	NA
cg27276918	0.985610277323529	0.98384665191467	0.985944486577052	0.984560178367301	0.98165754306413	0.982602292489458	0.971525039646782	0.98646249337072	0.987098221666315	0.985109010389222	0.966598437055051	0.968373393510314	0.981582555574717	0.986221098097756	0.985310182862673	0.96154893278523	0.986957410363854	0.985611674257757	0.983255585654287	0.984477904793161	0.987611060057966	0.981870139549373	0.982554424478169	0.984281804290437	0.982960150704499	0.988008026390851	0.981659893583772	0.982589305669817	0.985458476037534	0.984377058006842	0.952299688695447	0.973732266691954	0.983902890930589	0.986663933146489	0.984887001125344	0.98415187403204	0.984576327251218	0.987640087346643	0.98680506123752	0.985831927841019	0.976414577966126	0.984293535895195	0.980631768221473	0.985729091115132	0.98548356021775	0.983068921244142	0.976476179306329	0.98234676150291	0.985102522534316	0.983786477561771	0.985044231715987	0.984291285880376	0.985804068027525	0.981751464503408	0.986401620927552	0.978701602662901	0.972760147383689	0.981821637984849	0.910028758733947	0.970768205782475	0.985618888555686	0.983278036160596	0.98743285978868	0.985285749110073	0.982688256663956	0.984039840727744	0.976801380448028	0.985568158224641	0.988011999528229	0.985432248894836	0.980867421373443	0.948220168357655	0.986981616834878	0.975736772720557	0.987678681398982	0.986170395238947	0.987606569190527	0.986606018448837	0.984892253784674	0.988381499852743
cg27303211	0.957243431275428	0.964114728101728	0.956691831452051	0.967843833424973	0.965118578735029	0.960238585541874	0.958946763825367	0.966042201479112	0.97323412546163	0.962371322972915	0.9503729565811	0.949929287597949	0.970582495436285	0.972031350578911	0.96605402066049	0.955977960511112	0.955434454617747	0.955248011122162	0.960753263926337	0.954901572539851	0.959101159535436	0.946174498655817	0.958557916618105	0.967051064427048	0.965812275958271	0.964838896847261	0.882187401872437	0.957358923973485	0.966018090799542	0.962120446873238	0.972593426358296	0.964315470926499	0.927381375276003	0.960516327252895	0.936381257274603	0.958492714109616	0.961814374981672	0.970798491620837	0.966050286485947	0.964255942788441	0.969449342830415	0.93550021403179	0.951491367501918	0.950688863212541	0.958701039853832	0.915804325705877	0.962061414624486	0.949067950774607	0.954113313579225	0.958385145514924	0.954515937727325	0.956612085083441	0.961700199983088	0.960387880343096	0.964491270871838	0.951503474549427	0.972500830101187	0.962425414872764	0.969183275994743	0.959359277896241	0.954799744418363	0.951272030355458	0.966043037501783	0.958478774856268	0.968915463202915	0.951978447559973	0.959789118745303	0.959598948071054	0.95073909798166	0.966885259601433	0.97232554732291	0.955414735111097	0.967914700058702	0.954708873514293	0.952826759893276	0.947990151734629	0.962790152390884	0.957961796742936	0.959703669604696	0.972714413652797
cg27360593	NA	NA	NA	NA	NA	NA	NA	NA	NA	NA	NA	NA	NA	NA	NA	NA	NA	NA	NA	NA	NA	NA	NA	NA	NA	NA	NA	NA	NA	NA	NA	NA	NA	NA	NA	NA	NA	NA	NA	NA	NA	NA	NA	NA	NA	NA	NA	NA	NA	NA	NA	NA	NA	NA	NA	NA	NA	NA	NA	NA	NA	NA	NA	NA	NA	NA	NA	NA	NA	NA	NA	NA	NA	NA	NA	NA	NA	NA	NA	NA
cg27372181	NA	NA	NA	NA	NA	NA	NA	NA	NA	NA	NA	NA	NA	NA	NA	NA	NA	NA	NA	NA	NA	NA	NA	NA	NA	NA	NA	NA	NA	NA	NA	NA	NA	NA	NA	NA	NA	NA	NA	NA	NA	NA	NA	NA	NA	NA	NA	NA	NA	NA	NA	NA	NA	NA	NA	NA	NA	NA	NA	NA	NA	NA	NA	NA	NA	NA	NA	NA	NA	NA	NA	NA	NA	NA	NA	NA	NA	NA	NA	NA
cg27378066	NA	NA	NA	NA	NA	NA	NA	NA	NA	NA	NA	NA	NA	NA	NA	NA	NA	NA	NA	NA	NA	NA	NA	NA	NA	NA	NA	NA	NA	NA	NA	NA	NA	NA	NA	NA	NA	NA	NA	NA	NA	NA	NA	NA	NA	NA	NA	NA	NA	NA	NA	NA	NA	NA	NA	NA	NA	NA	NA	NA	NA	NA	NA	NA	NA	NA	NA	NA	NA	NA	NA	NA	NA	NA	NA	NA	NA	NA	NA	NA
cg27392815	NA	NA	NA	NA	NA	NA	NA	NA	NA	NA	NA	NA	NA	NA	NA	NA	NA	NA	NA	NA	NA	NA	NA	NA	NA	NA	NA	NA	NA	NA	NA	NA	NA	NA	NA	NA	NA	NA	NA	NA	NA	NA	NA	NA	NA	NA	NA	NA	NA	NA	NA	NA	NA	NA	NA	NA	NA	NA	NA	NA	NA	NA	NA	NA	NA	NA	NA	NA	NA	NA	NA	NA	NA	NA	NA	NA	NA	NA	NA	NA
cg27399297	NA	NA	NA	NA	NA	NA	NA	NA	NA	NA	NA	NA	NA	NA	NA	NA	NA	NA	NA	NA	NA	NA	NA	NA	NA	NA	NA	NA	NA	NA	NA	NA	NA	NA	NA	NA	NA	NA	NA	NA	NA	NA	NA	NA	NA	NA	NA	NA	NA	NA	NA	NA	NA	NA	NA	NA	NA	NA	NA	NA	NA	NA	NA	NA	NA	NA	NA	NA	NA	NA	NA	NA	NA	NA	NA	NA	NA	NA	NA	NA
cg27400353	NA	NA	NA	NA	NA	NA	NA	NA	NA	NA	NA	NA	NA	NA	NA	NA	NA	NA	NA	NA	NA	NA	NA	NA	NA	NA	NA	NA	NA	NA	NA	NA	NA	NA	NA	NA	NA	NA	NA	NA	NA	NA	NA	NA	NA	NA	NA	NA	NA	NA	NA	NA	NA	NA	NA	NA	NA	NA	NA	NA	NA	NA	NA	NA	NA	NA	NA	NA	NA	NA	NA	NA	NA	NA	NA	NA	NA	NA	NA	NA
cg27413928	NA	NA	NA	NA	NA	NA	NA	NA	NA	NA	NA	NA	NA	NA	NA	NA	NA	NA	NA	NA	NA	NA	NA	NA	NA	NA	NA	NA	NA	NA	NA	NA	NA	NA	NA	NA	NA	NA	NA	NA	NA	NA	NA	NA	NA	NA	NA	NA	NA	NA	NA	NA	NA	NA	NA	NA	NA	NA	NA	NA	NA	NA	NA	NA	NA	NA	NA	NA	NA	NA	NA	NA	NA	NA	NA	NA	NA	NA	NA	NA
cg27422721	NA	NA	NA	NA	NA	NA	NA	NA	NA	NA	NA	NA	NA	NA	NA	NA	NA	NA	NA	NA	NA	NA	NA	NA	NA	NA	NA	NA	NA	NA	NA	NA	NA	NA	NA	NA	NA	NA	NA	NA	NA	NA	NA	NA	NA	NA	NA	NA	NA	NA	NA	NA	NA	NA	NA	NA	NA	NA	NA	NA	NA	NA	NA	NA	NA	NA	NA	NA	NA	NA	NA	NA	NA	NA	NA	NA	NA	NA	NA	NA
cg27436603	NA	NA	NA	NA	NA	NA	NA	NA	NA	NA	NA	NA	NA	NA	NA	NA	NA	NA	NA	NA	NA	NA	NA	NA	NA	NA	NA	NA	NA	NA	NA	NA	NA	NA	NA	NA	NA	NA	NA	NA	NA	NA	NA	NA	NA	NA	NA	NA	NA	NA	NA	NA	NA	NA	NA	NA	NA	NA	NA	NA	NA	NA	NA	NA	NA	NA	NA	NA	NA	NA	NA	NA	NA	NA	NA	NA	NA	NA	NA	NA
cg27441138	0.83001571094277	0.913647730026676	0.9070767230386	0.940246310585326	0.688145179280839	0.340411274031318	0.940038573433533	0.427692184877558	0.877433479781549	0.909026100323849	0.106610659156339	0.257367945586966	0.624341926899837	0.932698476942147	0.634425984461696	0.343683627427567	0.570159299217391	0.59299170490184	0.84541716211139	0.938859147744458	0.939181157528886	0.671564799014541	0.92950093620277	0.92952094104026	0.943404314686336	0.579457740854863	0.78190009141206	0.679944852768907	NA	0.933498140135323	0.921769037641989	0.606702499269448	0.686406980840322	0.937513280119663	0.660838725172277	0.14030670245149	0.759027526526783	0.948767860644791	0.933254056995183	0.925771051498692	0.391869370241665	0.917236128869659	0.794137571520744	0.938147035130093	0.690970662343556	0.679187168353205	0.93367617675666	0.840754414083477	0.933065184859348	0.950971822927668	0.688756094187396	0.948248008892163	0.949174130540703	0.942141370835538	0.520564522852585	0.841138763226827	0.249290759636426	0.456157680056509	0.939666455944148	0.595360264931906	0.754847857095734	0.683805372759813	0.931073719936562	0.935890151438575	0.947755874921779	0.658046420570472	0.585785492283702	0.816235963167473	0.624301660729401	0.937450177680498	0.935158822860782	0.93064920434749	0.580961649062341	0.90990921366502	0.942082233493416	0.926761043408613	0.607485686069813	0.488363590873444	0.654991942405593	0.741593849645627
cg27476881	NA	NA	NA	NA	NA	NA	NA	NA	NA	NA	NA	NA	NA	NA	NA	NA	NA	NA	NA	NA	NA	NA	NA	NA	NA	NA	NA	NA	NA	NA	NA	NA	NA	NA	NA	NA	NA	NA	NA	NA	NA	NA	NA	NA	NA	NA	NA	NA	NA	NA	NA	NA	NA	NA	NA	NA	NA	NA	NA	NA	NA	NA	NA	NA	NA	NA	NA	NA	NA	NA	NA	NA	NA	NA	NA	NA	NA	NA	NA	NA
cg27493336	NA	NA	NA	NA	NA	NA	NA	NA	NA	NA	NA	NA	NA	NA	NA	NA	NA	NA	NA	NA	NA	NA	NA	NA	NA	NA	NA	NA	NA	NA	NA	NA	NA	NA	NA	NA	NA	NA	NA	NA	NA	NA	NA	NA	NA	NA	NA	NA	NA	NA	NA	NA	NA	NA	NA	NA	NA	NA	NA	NA	NA	NA	NA	NA	NA	NA	NA	NA	NA	NA	NA	NA	NA	NA	NA	NA	NA	NA	NA	NA
cg27496179	NA	NA	NA	NA	NA	NA	NA	NA	NA	NA	NA	NA	NA	NA	NA	NA	NA	NA	NA	NA	NA	NA	NA	NA	NA	NA	NA	NA	NA	NA	NA	NA	NA	NA	NA	NA	NA	NA	NA	NA	NA	NA	NA	NA	NA	NA	NA	NA	NA	NA	NA	NA	NA	NA	NA	NA	NA	NA	NA	NA	NA	NA	NA	NA	NA	NA	NA	NA	NA	NA	NA	NA	NA	NA	NA	NA	NA	NA	NA	NA
cg27530298	NA	NA	NA	NA	NA	NA	NA	NA	NA	NA	NA	NA	NA	NA	NA	NA	NA	NA	NA	NA	NA	NA	NA	NA	NA	NA	NA	NA	NA	NA	NA	NA	NA	NA	NA	NA	NA	NA	NA	NA	NA	NA	NA	NA	NA	NA	NA	NA	NA	NA	NA	NA	NA	NA	NA	NA	NA	NA	NA	NA	NA	NA	NA	NA	NA	NA	NA	NA	NA	NA	NA	NA	NA	NA	NA	NA	NA	NA	NA	NA
cg27562595	NA	NA	NA	NA	NA	NA	NA	NA	NA	NA	NA	NA	NA	NA	NA	NA	NA	NA	NA	NA	NA	NA	NA	NA	NA	NA	NA	NA	NA	NA	NA	NA	NA	NA	NA	NA	NA	NA	NA	NA	NA	NA	NA	NA	NA	NA	NA	NA	NA	NA	NA	NA	NA	NA	NA	NA	NA	NA	NA	NA	NA	NA	NA	NA	NA	NA	NA	NA	NA	NA	NA	NA	NA	NA	NA	NA	NA	NA	NA	NA
cg27574287	0.573394959275553	0.608433696055841	0.856756729383745	0.875963051127732	0.926124961409363	0.896070261957484	0.692934965861474	0.601353754551135	0.903948238903689	0.576246969506413	0.350862647709647	0.566603648179888	0.672542297140726	0.825578395372253	0.916195075671231	0.533879694459513	0.900344870556655	0.85149341359205	0.821832746282818	0.865975035254833	0.650267950761807	0.220734297417035	0.763466625659573	0.58395911073001	0.449525708229349	0.898674205606129	0.613878192234841	0.579496079523007	0.935562896050417	0.512220275503543	0.490325203578536	0.518764686465974	0.625657123704363	0.767895967387583	0.85003241681615	0.564500182495338	0.737287099546928	0.573066550152847	0.590298514182478	0.871958497984872	0.529030635128788	0.816788136180499	0.616636114326104	0.893187192625924	0.495580865435831	0.846096237778554	0.809093627745979	0.900838788120563	0.869330089333727	0.919867120389549	0.873027452070092	0.863007132155904	0.57647850100112	0.426773137998087	0.877371358920235	0.886845099229373	0.897833908127834	0.628935532425346	0.923278600091253	0.916008513046236	0.82205172758557	0.511660248253212	0.864730129087791	0.861065227823881	0.468508236489936	0.781659741773716	0.55199531943152	0.706635267941438	0.851333556729066	0.908031366353361	0.882113673899053	0.86795880301168	0.53065067609305	0.820478169478692	0.578689152729112	0.799916295073002	0.8652246878993	0.636688370956683	0.903712570785873	0.906687961282108
cg27604672	0.641315848878961	0.784644245298892	0.319353693492679	0.871279720721919	0.662735929078114	0.56138844345441	0.423178486660675	0.59499408463562	0.257151357010262	0.758937846060656	0.115457416091693	0.546039383000427	0.419289975706533	0.629501084575905	0.464636986968582	0.533252748913429	0.482903594394971	0.217631341976403	0.264462112757183	0.237516915761312	0.458685292005879	0.52294368911994	0.445526493716728	0.718341752676164	0.30436149836837	0.155967282071153	0.354625088790385	0.663542087337715	0.139304438793641	0.196091327988662	0.752016484460922	0.295785090462643	0.294321518793043	0.809365905941929	0.498414572342268	0.681145688332149	0.22348461133646	0.683672633727032	0.141350992615047	0.688483004303023	0.253340635820507	0.511427020411638	0.336831267175321	0.499070284823305	0.277847334365411	0.434508462986504	0.16668318040848	0.704648987446862	0.10134888418351	0.471097986952857	0.445648982906906	0.344356604274874	0.858732549468981	0.825545254102555	0.554154004727589	0.727905332026045	0.303858612517936	0.300201191419935	0.143283182070689	0.800426756016906	0.521421157765552	0.249328079179034	0.494436915233766	0.44469302641965	0.539804799202235	0.59914677788031	0.662200148275048	0.757755900596247	0.386145922719263	0.448573253613106	0.174082889160515	0.120275133237914	0.467526734139789	0.69775506073733	0.873227339036816	0.598444179627526	0.645803590663361	0.496881249612024	0.831786344069066	0.549292508466161
cg27629311	NA	NA	NA	NA	NA	NA	NA	NA	NA	NA	NA	NA	NA	NA	NA	NA	NA	NA	NA	NA	NA	NA	NA	NA	NA	NA	NA	NA	NA	NA	NA	NA	NA	NA	NA	NA	NA	NA	NA	NA	NA	NA	NA	NA	NA	NA	NA	NA	NA	NA	NA	NA	NA	NA	NA	NA	NA	NA	NA	NA	NA	NA	NA	NA	NA	NA	NA	NA	NA	NA	NA	NA	NA	NA	NA	NA	NA	NA	NA	NA
ch.1.156669547F	NA	NA	NA	NA	NA	NA	NA	NA	NA	NA	NA	NA	NA	NA	NA	NA	NA	NA	NA	NA	NA	NA	NA	NA	NA	NA	NA	NA	NA	NA	NA	NA	NA	NA	NA	NA	NA	NA	NA	NA	NA	NA	NA	NA	NA	NA	NA	NA	NA	NA	NA	NA	NA	NA	NA	NA	NA	NA	NA	NA	NA	NA	NA	NA	NA	NA	NA	NA	NA	NA	NA	NA	NA	NA	NA	NA	NA	NA	NA	NA
ch.1.90405031F	NA	NA	NA	NA	NA	NA	NA	NA	NA	NA	NA	NA	NA	NA	NA	NA	NA	NA	NA	NA	NA	NA	NA	NA	NA	NA	NA	NA	NA	NA	NA	NA	NA	NA	NA	NA	NA	NA	NA	NA	NA	NA	NA	NA	NA	NA	NA	NA	NA	NA	NA	NA	NA	NA	NA	NA	NA	NA	NA	NA	NA	NA	NA	NA	NA	NA	NA	NA	NA	NA	NA	NA	NA	NA	NA	NA	NA	NA	NA	NA
ch.10.47925130F	NA	NA	NA	NA	NA	NA	NA	NA	NA	NA	NA	NA	NA	NA	NA	NA	NA	NA	NA	NA	NA	NA	NA	NA	NA	NA	NA	NA	NA	NA	NA	NA	NA	NA	NA	NA	NA	NA	NA	NA	NA	NA	NA	NA	NA	NA	NA	NA	NA	NA	NA	NA	NA	NA	NA	NA	NA	NA	NA	NA	NA	NA	NA	NA	NA	NA	NA	NA	NA	NA	NA	NA	NA	NA	NA	NA	NA	NA	NA	NA
ch.10.82591910R	NA	NA	NA	NA	NA	NA	NA	NA	NA	NA	NA	NA	NA	NA	NA	NA	NA	NA	NA	NA	NA	NA	NA	NA	NA	NA	NA	NA	NA	NA	NA	NA	NA	NA	NA	NA	NA	NA	NA	NA	NA	NA	NA	NA	NA	NA	NA	NA	NA	NA	NA	NA	NA	NA	NA	NA	NA	NA	NA	NA	NA	NA	NA	NA	NA	NA	NA	NA	NA	NA	NA	NA	NA	NA	NA	NA	NA	NA	NA	NA
ch.11.1877857R	0.19456333221203	0.0650501370948904	0.118009529663163	0.0398198126752996	0.150614565685448	0.0787036345085675	0.0915959831888661	0.0426416541723045	0.0532129704572065	0.0926357639433922	0.0890970272301546	0.104330607465861	0.0501381292927977	0.0555050120524455	0.0475371269524235	0.0552610618721562	0.0743043497683721	0.0471583060730551	0.0838150401634589	0.0526092051745355	0.102988971791657	0.106942960787023	0.0616041557235196	0.0985440402626268	0.0690853597656263	0.0595276427629281	0.0906877970791286	0.0680757328472994	0.103518119620845	0.0317844744615258	0.0662834209475711	0.0387067414198118	0.117021338084066	0.0518273834623721	0.0703419479706115	0.0642387289675778	0.117350762758983	0.0342593701531502	0.0763659195686807	0.137275675220063	0.113354805830627	0.0306519795509838	0.0738210809742892	0.0953161772850945	0.0651884580607957	0.0570209319593873	0.0480394376187916	0.0638038609284453	0.0430306007652426	0.120388395619006	0.239405576588685	0.163292728413036	0.0609777194562539	0.0946844669558875	0.0310330059655355	0.0341784726954705	0.214962977754292	0.098214987567242	0.0723040147956637	0.102810348520248	0.10601890647875	0.0530653863523218	0.0526072856503269	0.0740162894632747	0.11183814103439	0.084302502193541	0.101217387040925	0.0835840817254645	0.0840800612708488	0.191044453654402	0.0647285480471675	0.033548735096948	0.0797247565879735	0.122324430464175	0.0255833341936386	0.040226511499452	0.0296393077252892	0.0643158577347559	0.0725830685043691	0.0664937936570442
ch.11.2015773F	NA	NA	NA	NA	NA	NA	NA	NA	NA	NA	NA	NA	NA	NA	NA	NA	NA	NA	NA	NA	NA	NA	NA	NA	NA	NA	NA	NA	NA	NA	NA	NA	NA	NA	NA	NA	NA	NA	NA	NA	NA	NA	NA	NA	NA	NA	NA	NA	NA	NA	NA	NA	NA	NA	NA	NA	NA	NA	NA	NA	NA	NA	NA	NA	NA	NA	NA	NA	NA	NA	NA	NA	NA	NA	NA	NA	NA	NA	NA	NA
ch.2.154234353F	NA	NA	NA	NA	NA	NA	NA	NA	NA	NA	NA	NA	NA	NA	NA	NA	NA	NA	NA	NA	NA	NA	NA	NA	NA	NA	NA	NA	NA	NA	NA	NA	NA	NA	NA	NA	NA	NA	NA	NA	NA	NA	NA	NA	NA	NA	NA	NA	NA	NA	NA	NA	NA	NA	NA	NA	NA	NA	NA	NA	NA	NA	NA	NA	NA	NA	NA	NA	NA	NA	NA	NA	NA	NA	NA	NA	NA	NA	NA	NA
ch.3.70573422F	NA	NA	NA	NA	NA	NA	NA	NA	NA	NA	NA	NA	NA	NA	NA	NA	NA	NA	NA	NA	NA	NA	NA	NA	NA	NA	NA	NA	NA	NA	NA	NA	NA	NA	NA	NA	NA	NA	NA	NA	NA	NA	NA	NA	NA	NA	NA	NA	NA	NA	NA	NA	NA	NA	NA	NA	NA	NA	NA	NA	NA	NA	NA	NA	NA	NA	NA	NA	NA	NA	NA	NA	NA	NA	NA	NA	NA	NA	NA	NA
ch.4.109582151R	NA	NA	NA	NA	NA	NA	NA	NA	NA	NA	NA	NA	NA	NA	NA	NA	NA	NA	NA	NA	NA	NA	NA	NA	NA	NA	NA	NA	NA	NA	NA	NA	NA	NA	NA	NA	NA	NA	NA	NA	NA	NA	NA	NA	NA	NA	NA	NA	NA	NA	NA	NA	NA	NA	NA	NA	NA	NA	NA	NA	NA	NA	NA	NA	NA	NA	NA	NA	NA	NA	NA	NA	NA	NA	NA	NA	NA	NA	NA	NA
ch.4.11576235F	0.0809076791891911	0.05138688053254	0.0554626827075519	0.0602252085137101	0.0812490738748723	0.0637464714678572	0.0653843864994646	0.0796015088945839	0.0632756542608075	0.0465140626582207	0.0422908328788341	0.0888542060619007	0.0508687984308709	0.0783876852091043	0.0970458424845397	0.0914165122226996	0.0816274845811681	0.0675491237772419	0.0635647592688309	0.0624645654542037	0.0504547226378907	0.0692432902528579	0.0637278958454928	0.0456756010677404	0.0734206617723537	0.0434479063728433	0.0538693926129825	0.061559972936992	0.043471299932667	0.072055792246385	0.05838753997651	0.0686090228135398	0.0863565681920737	0.0679854569948953	0.0750741348630922	0.0487496583179848	0.0836675941170993	0.0610080211322097	0.0700425835166564	0.080270457756875	0.0690302498493677	0.0589358469355939	0.083909381915179	0.0507701252242268	0.0434353392257626	0.0528489546222635	0.0696344573815701	0.060612462125037	0.0571696995280202	0.0453548969907156	0.156113360013453	0.0694691115883306	0.0649278103098679	0.0617886044753044	0.0488379552435577	0.0609574342322732	0.075400395313803	0.0738493037514392	0.102883525385509	0.0624726866470925	0.0754945174587928	0.0394592223143543	0.0743210977507341	0.068628408958099	0.0656189117577637	0.0541852126114724	0.0517983503812484	0.0672790426150873	0.0659503525071903	0.0997249153646492	0.0640302119511799	0.0413612034232208	0.0814507400574528	0.106072789214895	0.0404545804643788	0.042021991720444	0.0503600038300252	0.0789772205699571	0.0680090688455784	0.0800229534687127
ch.4.166959540F	NA	NA	NA	NA	NA	NA	NA	NA	NA	NA	NA	NA	NA	NA	NA	NA	NA	NA	NA	NA	NA	NA	NA	NA	NA	NA	NA	NA	NA	NA	NA	NA	NA	NA	NA	NA	NA	NA	NA	NA	NA	NA	NA	NA	NA	NA	NA	NA	NA	NA	NA	NA	NA	NA	NA	NA	NA	NA	NA	NA	NA	NA	NA	NA	NA	NA	NA	NA	NA	NA	NA	NA	NA	NA	NA	NA	NA	NA	NA	NA
ch.5.30573736R	0.122747963691233	0.128100089729505	NA	NA	NA	NA	NA	NA	NA	NA	NA	NA	NA	NA	NA	NA	NA	NA	NA	NA	NA	NA	NA	NA	0.167874722425099	0.145660413419329	NA	NA	0.153907167276979	NA	NA	NA	NA	NA	NA	NA	NA	NA	NA	NA	0.112722204049046	NA	NA	NA	NA	NA	NA	NA	NA	0.179803066756501	NA	NA	NA	NA	NA	NA	NA	NA	NA	NA	NA	NA	NA	NA	NA	0.172708338412283	NA	NA	NA	NA	NA	0.149323030320205	NA	NA	NA	NA	NA	NA	NA	NA
ch.7.3333777R	0.0777673289031558	0.0473015672384987	0.0678219259509092	0.0436608980000872	0.0676337204314078	0.069686949217945	0.0714697906389702	0.0564550614132248	0.0506706706225028	0.0704755964712098	0.0387030227460619	0.0583417902299158	0.0454442305762559	0.0648338377584616	0.0450183920086929	0.0533175966867042	0.0796105170039726	0.0528577586037622	0.0674315280745421	0.0586518981321965	0.0599107313613752	0.071957367872975	0.0693224753810134	0.0875451472638743	0.054565962510838	0.0728098477049526	0.071742064566553	0.0521392032985261	0.0592694942795319	0.0470709057457517	0.0679029030228209	0.0570603861882346	0.0773366877817186	0.0783343287292652	0.0538296348442174	0.0448187828973678	0.0775498156405114	0.0555801298305047	0.0638123826146564	0.0935569868612099	0.0460355105810956	0.0551343218564046	0.0523693586719238	0.0435197146602213	0.0645377092544131	0.0579767034795946	0.0680283669620241	0.0899749019477658	0.0537615229405552	0.0481190286190108	0.298895459736114	0.0610020548235385	0.0646066086898499	0.0727309650246282	0.0993481304495355	0.0703500469667987	0.0398955952355412	0.0799048921971194	0.0513351405489416	0.0535650570822122	0.0864880168886699	0.0725273158765953	0.0395692374673662	0.0609227252878	0.0566463886157736	0.0731819675728665	0.0649010433301023	0.046887398927809	0.0591574815615256	0.0670875231200654	0.0613550477820452	0.0365043829740206	0.0578867746919677	0.138484065784673	0.0769035908413108	0.0567250689462944	0.0545868160649404	0.0623674229178434	0.0651641264766721	0.0572662503564947
ch.7.83866664R	0.0278818626448649	0.0266067934963538	0.0266698559359558	0.0248941633456056	0.0223515298039633	0.0225121778920796	0.0246450001785514	0.0210606852444835	0.0327515765131187	0.0270803609802801	0.0209644622907106	0.0233441523774805	0.026019085096643	0.0217652514712919	0.0250339866880017	0.0263887415315832	0.0274436112106253	0.0267205738653609	0.0241935353106886	0.0305507049601966	0.0295123220100293	0.0298304495146444	0.029052361343246	0.0346248613285958	0.0253859908604506	0.0244444126414562	0.0663006998390765	0.026691287079877	0.0253283231968188	0.023296251279405	0.0393198038346794	0.0265683908444958	0.0327411595003706	0.0874399254350425	0.0236061933298774	0.0254399786292689	0.0397502662462521	0.0315357238554155	0.0330090866253775	0.0312589450453431	0.0268811202057124	0.0211927786830934	0.0231674178760479	0.0254028041084397	0.0275538147480602	0.02419658594612	0.0282973078102998	0.028244545287226	0.0211045788159291	0.019366376716054	0.0376646918987635	0.0292171581049892	0.0290922312674183	0.027472785698464	0.0249914101705955	0.0265204944764445	0.0320082058072524	0.0267789388005913	0.0414632816446567	0.0278717527439682	0.0244059610982442	0.0267081107419706	0.0179553351786274	0.025595761211925	0.0320478721342915	0.032665245690722	0.0224516680495724	0.030443711159977	0.0282960401037063	0.029308716700992	0.0225931963586454	0.0235218751096481	0.0429738906833964	0.0292803444660155	0.0274114210303815	0.0207388383135407	0.0274410559947867	0.0270079214625559	0.0201776710282074	0.022653211445957
ch.8.1742370R	NA	NA	NA	NA	NA	NA	NA	NA	NA	NA	NA	NA	NA	NA	NA	NA	NA	NA	NA	NA	NA	NA	NA	NA	NA	NA	NA	NA	NA	NA	NA	NA	NA	NA	NA	NA	NA	NA	NA	NA	NA	NA	NA	NA	NA	NA	NA	NA	NA	NA	NA	NA	NA	NA	NA	NA	NA	NA	NA	NA	NA	NA	NA	NA	NA	NA	NA	NA	NA	NA	NA	NA	NA	NA	NA	NA	NA	NA	NA	NA
ch.8.91748119F	0.216464849175561	0.174418797109425	0.223350284093219	0.0438728280217605	0.166713931265557	0.0961075169562458	0.154913152280171	0.116725360234639	0.0805044991551966	0.158645965852728	0.149190557635574	0.264473936808766	0.101723009648711	0.152702911140755	0.221624342396163	0.151964509205682	0.133015770424599	0.106686042867336	0.133056427191994	0.138907576303277	0.0874983406156648	0.23739864470257	0.194754361980666	0.175332177841857	0.152660554644252	0.12753887757532	0.208139363089326	0.346944926530708	0.0916993997179199	0.0763159338928883	0.161874960263502	0.0541125493870445	0.279778290358819	0.162235408734617	0.237345419109661	0.114935734594762	0.118878562057168	0.0527021884990617	0.0523139349519762	0.193162145202754	0.234844652226735	0.106269188285609	0.12278770578409	0.192583952498177	0.10237128467191	0.149381438913042	0.156012957725256	0.0817950510390318	0.100981513728098	0.155265308939204	0.199867881709258	0.135996323797327	0.1030970021772	0.164891162906922	0.104046232171021	0.0644749249936143	0.134872054431754	0.202681155586347	0.196732263962327	0.0928481939302839	0.116487811928379	0.152604160706924	0.0901453613297933	0.176581561908024	0.106954194498211	0.0997339617927501	0.288062368723274	0.128190910280824	0.13982664785155	0.235434995062729	0.143572155027519	0.0663255838099626	0.265412114025953	0.326759899543181	0.0535491759281924	0.249029392315227	0.0697243313203879	0.133421896460325	0.0811897265826502	0.123155975521355
ch.9.106992904R	NA	NA	NA	NA	NA	NA	NA	NA	NA	NA	NA	NA	NA	NA	NA	NA	NA	NA	NA	NA	NA	NA	NA	NA	NA	NA	NA	NA	NA	NA	NA	NA	NA	NA	NA	NA	NA	NA	NA	NA	NA	NA	NA	NA	NA	NA	NA	NA	NA	NA	NA	NA	NA	NA	NA	NA	NA	NA	NA	NA	NA	NA	NA	NA	NA	NA	NA	NA	NA	NA	NA	NA	NA	NA	NA	NA	NA	NA	NA	NA
