A_CpG_ID	TCGA-W5-AA39-01A	TCGA-3X-AAVB-01A	TCGA-W5-AA2I-01A	TCGA-W5-AA38-01A	TCGA-W5-AA2G-01A	TCGA-4G-AAZO-01A	TCGA-W5-AA2X-01A	TCGA-W5-AA2Q-01A	TCGA-ZH-A8Y4-01A	TCGA-ZH-A8Y5-01A	TCGA-W5-AA2U-01A	TCGA-W5-AA34-01A	TCGA-ZH-A8Y1-01A	TCGA-ZU-A8S4-01A	TCGA-W5-AA2H-01A	TCGA-ZD-A8I3-01A	TCGA-W5-AA31-01A	TCGA-WD-A7RX-01A	TCGA-W5-AA2O-01A	TCGA-3X-AAVC-01A	TCGA-ZH-A8Y6-01A	TCGA-3X-AAVE-01A	TCGA-3X-AAVA-01A	TCGA-W5-AA2W-01A	TCGA-W5-AA2R-01A	TCGA-ZH-A8Y8-01A	TCGA-YR-A95A-01A	TCGA-ZH-A8Y2-01A	TCGA-W5-AA2T-01A	TCGA-W5-AA2Z-01A	TCGA-W5-AA30-01A	TCGA-W5-AA36-01A	TCGA-3X-AAV9-01A	TCGA-W6-AA0S-01A	TCGA-4G-AAZT-01A	TCGA-W5-AA33-01A
cg00010242	NA	NA	NA	NA	NA	NA	NA	NA	NA	NA	NA	NA	NA	NA	NA	NA	NA	NA	NA	NA	NA	NA	NA	NA	NA	NA	NA	NA	NA	NA	NA	NA	NA	NA	NA	NA
cg00044501	NA	NA	NA	NA	NA	NA	NA	NA	NA	NA	NA	NA	NA	NA	NA	NA	NA	NA	NA	NA	NA	NA	NA	NA	NA	NA	NA	NA	NA	NA	NA	NA	NA	NA	NA	NA
cg00081852	NA	NA	NA	NA	NA	NA	NA	NA	NA	NA	NA	NA	NA	NA	NA	NA	NA	NA	NA	NA	NA	NA	NA	NA	NA	NA	NA	NA	NA	NA	NA	NA	NA	NA	NA	NA
cg00090612	NA	NA	NA	NA	NA	NA	NA	NA	NA	NA	NA	NA	NA	NA	NA	NA	NA	NA	NA	NA	NA	NA	NA	NA	NA	NA	NA	NA	NA	NA	NA	NA	NA	NA	NA	NA
cg00110695	NA	NA	NA	NA	NA	NA	NA	NA	NA	NA	NA	NA	NA	NA	NA	NA	NA	NA	NA	NA	NA	NA	NA	NA	NA	NA	NA	NA	NA	NA	NA	NA	NA	NA	NA	NA
cg00114618	NA	NA	NA	NA	NA	NA	NA	NA	NA	NA	NA	NA	NA	NA	NA	NA	NA	NA	NA	NA	NA	NA	NA	NA	NA	NA	NA	NA	NA	NA	NA	NA	NA	NA	NA	NA
cg00116558	NA	NA	NA	NA	NA	NA	NA	NA	NA	NA	NA	NA	NA	NA	NA	NA	NA	NA	NA	NA	NA	NA	NA	NA	NA	NA	NA	NA	NA	NA	NA	NA	NA	NA	NA	NA
cg00178785	NA	NA	NA	NA	NA	NA	NA	NA	NA	NA	NA	NA	NA	NA	NA	NA	NA	NA	NA	NA	NA	NA	NA	NA	NA	NA	NA	NA	NA	NA	NA	NA	NA	NA	NA	NA
cg00241482	NA	NA	NA	NA	NA	NA	NA	NA	NA	NA	NA	NA	NA	NA	NA	NA	NA	NA	NA	NA	NA	NA	NA	NA	NA	NA	NA	NA	NA	NA	NA	NA	NA	NA	NA	NA
cg00247803	NA	NA	NA	NA	NA	NA	NA	NA	NA	NA	NA	NA	NA	NA	NA	NA	NA	NA	NA	NA	NA	NA	NA	NA	NA	NA	NA	NA	NA	NA	NA	NA	NA	NA	NA	NA
cg00253854	NA	NA	NA	NA	NA	NA	NA	NA	NA	NA	NA	NA	NA	NA	NA	NA	NA	NA	NA	NA	NA	NA	NA	NA	NA	NA	NA	NA	NA	NA	NA	NA	NA	NA	NA	NA
cg00264298	NA	NA	NA	NA	NA	NA	NA	NA	NA	NA	NA	NA	NA	NA	NA	NA	NA	NA	NA	NA	NA	NA	NA	NA	NA	NA	NA	NA	NA	NA	NA	NA	NA	NA	NA	NA
cg00301256	NA	NA	NA	NA	NA	NA	NA	NA	NA	NA	NA	NA	NA	NA	NA	NA	NA	NA	NA	NA	NA	NA	NA	NA	NA	NA	NA	NA	NA	NA	NA	NA	NA	NA	NA	NA
cg00314276	NA	NA	NA	NA	NA	NA	NA	NA	NA	NA	NA	NA	NA	NA	NA	NA	NA	NA	NA	NA	NA	NA	NA	NA	NA	NA	NA	NA	NA	NA	NA	NA	NA	NA	NA	NA
cg00318682	0.843947005817798	0.805125999401786	0.901618493497318	0.88047848897033	0.796176852659007	0.890092712187261	0.453601584496754	0.912679256443468	0.78351349545588	0.935497681030116	0.834187580460998	0.814810595835092	0.919759035155614	0.546276309296054	0.650456467159138	0.782961187982368	0.844913626241641	0.796740395469807	0.470534955036382	0.653566486874908	0.815425685913329	0.806897498503435	0.849837399348784	0.899176619134102	0.784784690328778	0.536416623183508	0.887655404447056	0.415340450973397	0.846012065310932	0.89821359578423	0.804791504100642	0.890686472551881	0.745099700760702	0.720558929314044	0.920311115768035	0.775521721904123
cg00336555	NA	NA	NA	NA	NA	NA	NA	NA	NA	NA	NA	NA	NA	NA	NA	NA	NA	NA	NA	NA	NA	NA	NA	NA	NA	NA	NA	NA	NA	NA	NA	NA	NA	NA	NA	NA
cg00359421	NA	NA	NA	NA	NA	NA	NA	NA	NA	NA	NA	NA	NA	NA	NA	NA	NA	NA	NA	NA	NA	NA	NA	NA	NA	NA	NA	NA	NA	NA	NA	NA	NA	NA	NA	NA
cg00379272	NA	NA	NA	NA	NA	NA	NA	NA	NA	NA	NA	NA	NA	NA	NA	NA	NA	NA	NA	NA	NA	NA	NA	NA	NA	NA	NA	NA	NA	NA	NA	NA	NA	NA	NA	NA
cg00410323	NA	NA	NA	NA	NA	NA	NA	NA	NA	NA	NA	NA	NA	NA	NA	NA	NA	NA	NA	NA	NA	NA	NA	NA	NA	NA	NA	NA	NA	NA	NA	NA	NA	NA	NA	NA
cg00422716	NA	NA	NA	NA	NA	NA	NA	NA	NA	NA	NA	NA	NA	NA	NA	NA	NA	NA	NA	NA	NA	NA	NA	NA	NA	NA	NA	NA	NA	NA	NA	NA	NA	NA	NA	NA
cg00440702	NA	NA	NA	NA	NA	NA	NA	NA	NA	NA	NA	NA	NA	NA	NA	NA	NA	NA	NA	NA	NA	NA	NA	NA	NA	NA	NA	NA	NA	NA	NA	NA	NA	NA	NA	NA
cg00480643	NA	NA	NA	NA	NA	NA	NA	NA	NA	NA	NA	NA	NA	NA	NA	NA	NA	NA	NA	NA	NA	NA	NA	NA	NA	NA	NA	NA	NA	NA	NA	NA	NA	NA	NA	NA
cg00489467	0.897038653291703	0.9526046964771	0.963721353665855	0.956269617792512	0.950244415403855	0.968909659508471	0.948405591469	0.95365816893937	0.958342035280476	0.958160398952431	0.943167025494748	0.950801225414675	0.965194031523035	0.920790217150693	0.961979763833287	0.960190361656308	0.958671937422967	0.960854993553223	0.969890487893647	0.945446667342405	0.937374567958981	0.931798654936538	0.966227960497389	0.949198107787341	0.953345939527412	0.958540615779872	0.957436924317012	0.922147391860239	0.943456752345235	0.956881076853124	0.945356653108601	0.957172070658921	0.95621535311854	0.958476931719159	0.954321298135768	0.957852945461421
cg00502041	NA	NA	NA	NA	NA	NA	NA	NA	NA	NA	NA	NA	NA	NA	NA	NA	NA	NA	NA	NA	NA	NA	NA	NA	NA	NA	NA	NA	NA	NA	NA	NA	NA	NA	NA	NA
cg00506859	NA	NA	NA	NA	NA	NA	NA	NA	NA	NA	NA	NA	NA	NA	NA	NA	NA	NA	NA	NA	NA	NA	NA	NA	NA	NA	NA	NA	NA	NA	NA	NA	NA	NA	NA	NA
cg00516867	NA	0.473943228175003	0.757383454365323	0.779307272519828	0.759412740067496	0.68457382951174	0.245237398978315	0.338102015098113	0.570850549987236	0.231837128831137	0.61769878453649	0.624743312750082	0.300102032545294	0.800990175949064	0.701038336096071	0.531959419707086	0.495202522308265	0.498227195427209	0.920671277111164	0.216339110049775	0.183338781911573	0.423362250773509	0.886393922162147	0.877456629374353	0.26910144321446	0.627932196226863	0.935406107421694	0.451885117610966	0.369768007591738	0.822313680531699	0.329654877651407	0.741222466427129	0.489787335920907	0.881779730858137	0.58458241298024	0.421756984768459
cg00531054	NA	NA	NA	NA	NA	NA	NA	NA	NA	NA	NA	NA	NA	NA	NA	NA	NA	NA	NA	NA	NA	NA	NA	NA	NA	NA	NA	NA	NA	NA	NA	NA	NA	NA	NA	NA
cg00552235	NA	NA	NA	NA	NA	NA	NA	NA	NA	NA	NA	NA	NA	NA	NA	NA	NA	NA	NA	NA	NA	NA	NA	NA	NA	NA	NA	NA	NA	NA	NA	NA	NA	NA	NA	NA
cg00589791	NA	NA	NA	NA	NA	NA	NA	NA	NA	NA	NA	NA	NA	NA	NA	NA	NA	NA	NA	NA	NA	NA	NA	NA	NA	NA	NA	NA	NA	NA	NA	NA	NA	NA	NA	NA
cg00591353	0.935968835423018	0.946765611386984	0.943057984761458	0.919810836467565	0.91729787037631	NA	NA	0.946420521506619	0.947943893816473	NA	NA	0.930556319393048	0.938236141573331	NA	0.947357648684351	0.931658356403752	0.945774841997769	0.93831445204272	NA	0.906697135430471	0.952290004945071	0.933323919116895	NA	NA	0.952570486267825	0.928848505505409	NA	0.807995821301129	NA	0.948529190844804	0.931440912564908	0.940524950950181	0.926207389445205	0.94149201390908	0.942869374848406	0.94406087513654
cg00594488	NA	NA	NA	NA	NA	NA	NA	NA	NA	NA	NA	NA	NA	NA	NA	NA	NA	NA	NA	NA	NA	NA	NA	NA	NA	NA	NA	NA	NA	NA	NA	NA	NA	NA	NA	NA
cg00687674	0.608172873193059	0.430139382137106	0.719573566257895	0.695168368467447	0.82149321749341	0.714460838551401	0.323485675492126	0.127348040316701	0.202013200185703	0.674517871006521	0.667524223963209	0.764280457673566	0.173333574125813	0.479569187168609	0.37020390206507	0.525697040622966	0.40349568307164	0.652233457380154	0.660209632094853	0.367694245078026	0.270194071828673	0.422569152831931	0.855794896263615	0.322951273669858	0.294722602246859	0.546091059163308	0.829081546591364	0.313365457282131	0.191343975189538	0.393032282495731	0.322382933125534	0.52486672906093	0.443264534615608	0.850464817954567	0.398580440505396	0.633702823830794
cg00702369	NA	NA	NA	NA	NA	NA	NA	NA	NA	NA	NA	NA	NA	NA	NA	NA	NA	NA	NA	NA	NA	NA	NA	NA	NA	NA	NA	NA	NA	NA	NA	NA	NA	NA	NA	NA
cg00727386	NA	NA	NA	NA	NA	NA	NA	NA	NA	NA	NA	NA	NA	NA	NA	NA	NA	NA	NA	NA	NA	NA	NA	NA	NA	NA	NA	NA	NA	NA	NA	NA	NA	NA	NA	NA
cg00738299	NA	NA	NA	NA	NA	NA	NA	NA	NA	NA	NA	NA	NA	NA	NA	NA	NA	NA	NA	NA	NA	NA	NA	NA	NA	NA	NA	NA	NA	NA	NA	NA	NA	NA	NA	NA
cg00795247	NA	NA	NA	NA	NA	NA	NA	NA	NA	NA	NA	NA	NA	NA	NA	NA	NA	NA	NA	NA	NA	NA	NA	NA	NA	NA	NA	NA	NA	NA	NA	NA	NA	NA	NA	NA
cg00795885	NA	NA	NA	NA	NA	NA	NA	NA	NA	NA	NA	NA	NA	NA	NA	NA	NA	NA	NA	NA	NA	NA	NA	NA	NA	NA	NA	NA	NA	NA	NA	NA	NA	NA	NA	NA
cg00809453	NA	NA	NA	NA	NA	NA	NA	NA	NA	NA	NA	NA	NA	NA	NA	NA	NA	NA	NA	NA	NA	NA	NA	NA	NA	NA	NA	NA	NA	NA	NA	NA	NA	NA	NA	NA
cg00812839	NA	NA	NA	NA	NA	NA	NA	NA	NA	NA	NA	NA	NA	NA	NA	NA	NA	NA	NA	NA	NA	NA	NA	NA	NA	NA	NA	NA	NA	NA	NA	NA	NA	NA	NA	NA
cg00834234	NA	NA	NA	NA	NA	NA	NA	NA	NA	NA	NA	NA	NA	NA	NA	NA	NA	NA	NA	NA	NA	NA	NA	NA	NA	NA	NA	NA	NA	NA	NA	NA	NA	NA	NA	NA
cg00850868	NA	NA	NA	NA	NA	NA	NA	NA	NA	NA	NA	NA	NA	NA	NA	NA	NA	NA	NA	NA	NA	NA	NA	NA	NA	NA	NA	NA	NA	NA	NA	NA	NA	NA	NA	NA
cg00894142	NA	NA	NA	NA	NA	NA	NA	NA	NA	NA	NA	NA	NA	NA	NA	NA	NA	NA	NA	NA	NA	NA	NA	NA	NA	NA	NA	NA	NA	NA	NA	NA	NA	NA	NA	NA
cg00919576	NA	NA	NA	NA	NA	NA	NA	NA	NA	NA	NA	NA	NA	NA	NA	NA	NA	NA	NA	NA	NA	NA	NA	NA	NA	NA	NA	NA	NA	NA	NA	NA	NA	NA	NA	NA
cg00954931	NA	NA	NA	NA	NA	NA	NA	NA	NA	NA	NA	NA	NA	NA	NA	NA	NA	NA	NA	NA	NA	NA	NA	NA	NA	NA	NA	NA	NA	NA	NA	NA	NA	NA	NA	NA
cg01000036	NA	NA	NA	NA	NA	NA	NA	NA	NA	NA	NA	NA	NA	NA	NA	NA	NA	NA	NA	NA	NA	NA	NA	NA	NA	NA	NA	NA	NA	NA	NA	NA	NA	NA	NA	NA
cg01009068	0.894989404087668	0.903140189356434	0.932898028371212	0.887486899694562	0.946538589074962	0.952368369015515	0.959349188353573	0.918668560415521	0.95223744753704	0.943905178344271	0.956328171693026	0.952703781370253	0.93294670176304	0.941122219308254	0.898456107969987	0.907975590284439	0.934913977253809	0.91226504838089	0.947907653131123	0.897816559508415	0.951979024920514	0.911803069282998	0.948194543481754	0.952762459875121	0.914757862135941	0.922119890146843	0.951448504410563	0.944135860347746	0.940321474001463	0.924762987950307	0.911586423050008	0.926354756539427	0.919882188423578	0.936426012569058	0.945816373147344	0.925415934488007
cg01049884	0.935963370669272	0.979179882496911	0.960192405160329	NA	0.97927080191257	0.909153152724464	0.985439801384137	0.969456479658878	0.894473937926898	0.982479171445834	0.939271531763366	0.918465475120567	0.962843050736746	0.974921217946337	NA	0.957936698334151	0.969793861019354	0.96071302839205	NA	0.975705119954688	0.978200863390757	0.958444503433118	0.974878941124407	0.929489308322158	0.970008160607132	NA	0.934827448289237	0.983316350069019	0.922265327341733	0.829515096896865	0.933433240954855	NA	0.962269039215675	0.957671989864025	0.966959911199627	NA
cg01052572	NA	NA	NA	NA	NA	NA	NA	NA	NA	NA	NA	NA	NA	NA	NA	NA	NA	NA	NA	NA	NA	NA	NA	NA	NA	NA	NA	NA	NA	NA	NA	NA	NA	NA	NA	NA
cg01080483	NA	NA	NA	NA	NA	NA	NA	NA	NA	NA	NA	NA	NA	NA	NA	NA	NA	NA	NA	NA	NA	NA	NA	NA	NA	NA	NA	NA	NA	NA	NA	NA	NA	NA	NA	NA
cg01132485	0.838746932831268	0.583281681519364	0.85333007664266	0.844510066005063	0.512239791879781	0.519201018699456	0.330568421948217	0.892920330260853	0.888647398154957	0.928661980420986	0.524054416700702	0.498936622842108	0.848358299198399	0.78139687973874	0.704968790961321	0.65806865093757	0.892207454524565	0.829006837112553	0.480786742816465	0.573539609367383	0.566376712040636	0.878672610171207	0.763439978785214	0.899623280510849	0.542042401483392	0.790031575032648	0.929529572643591	0.810522180077381	0.866271188690789	0.75989794462042	0.808050062754236	0.483003752739926	0.855471787185234	0.625116518741034	0.913256727084861	0.881823191141702
cg01135961	NA	NA	NA	NA	NA	NA	NA	NA	NA	NA	NA	NA	NA	NA	NA	NA	NA	NA	NA	NA	NA	NA	NA	NA	NA	NA	NA	NA	NA	NA	NA	NA	NA	NA	NA	NA
cg01137421	NA	NA	NA	NA	NA	NA	NA	NA	NA	NA	NA	NA	NA	NA	NA	NA	NA	NA	NA	NA	NA	NA	NA	NA	NA	NA	NA	NA	NA	NA	NA	NA	NA	NA	NA	NA
cg01154525	NA	NA	NA	NA	NA	NA	NA	NA	NA	NA	NA	NA	NA	NA	NA	NA	NA	NA	NA	NA	NA	NA	NA	NA	NA	NA	NA	NA	NA	NA	NA	NA	NA	NA	NA	NA
cg01163994	NA	0.685026613481412	0.90026328403593	0.648881098826547	0.543562505393322	0.885254352044417	0.400073745645352	0.739643467147165	0.340513610174224	0.957114634693479	0.722013309410655	0.673627879784972	0.909109651881784	0.62278084908361	0.890777334137114	0.557729089683431	0.567115723102755	0.779223796268127	0.461409378031722	0.60432761533235	0.230843147857099	0.877760121096115	0.858571790517514	0.847939432356714	0.933482424891305	0.579605566479335	0.685709794896415	0.230156877690748	0.600403298491266	0.706226251418676	0.646585249485951	0.243523972143685	0.879603461618761	0.667305334505872	0.906231164327255	0.904083181021559
cg01204669	NA	NA	NA	NA	NA	NA	NA	NA	NA	NA	NA	NA	NA	NA	NA	NA	NA	NA	NA	NA	NA	NA	NA	NA	NA	NA	NA	NA	NA	NA	NA	NA	NA	NA	NA	NA
cg01206398	NA	NA	NA	NA	NA	NA	NA	NA	NA	NA	NA	NA	NA	NA	NA	NA	NA	NA	NA	NA	NA	NA	NA	NA	NA	NA	NA	NA	NA	NA	NA	NA	NA	NA	NA	NA
cg01230154	NA	NA	NA	NA	NA	NA	NA	NA	NA	NA	NA	NA	NA	NA	NA	NA	NA	NA	NA	NA	NA	NA	NA	NA	NA	NA	NA	NA	NA	NA	NA	NA	NA	NA	NA	NA
cg01231757	NA	NA	NA	NA	NA	NA	NA	NA	NA	NA	NA	NA	NA	NA	NA	NA	NA	NA	NA	NA	NA	NA	NA	NA	NA	NA	NA	NA	NA	NA	NA	NA	NA	NA	NA	NA
cg01251118	NA	NA	NA	NA	NA	NA	NA	NA	NA	NA	NA	NA	NA	NA	NA	NA	NA	NA	NA	NA	NA	NA	NA	NA	NA	NA	NA	NA	NA	NA	NA	NA	NA	NA	NA	NA
cg01331064	NA	NA	NA	NA	NA	NA	NA	NA	NA	NA	NA	NA	NA	NA	NA	NA	NA	NA	NA	NA	NA	NA	NA	NA	NA	NA	NA	NA	NA	NA	NA	NA	NA	NA	NA	NA
cg01352656	0.2557966101935	0.0833256811355799	0.786741393934873	NA	0.0358250233108881	0.024397271498394	0.0245083137982814	0.927293659618539	0.118092116186368	0.288882976487276	0.832675816403856	0.0598828605824027	NA	0.168167692954022	0.104369154178353	0.285917694436991	NA	0.12821500481643	0.0330393144553485	0.166726357652499	0.15718906198567	0.0539047810425701	0.428930438584481	0.469813486953056	0.0883905108626467	0.0561731105550768	0.0324466206683273	0.151870886085746	0.10299919634211	0.0573385438327754	0.101852948093225	0.0249356047712281	0.0846211535872907	0.696043890421141	0.764645384300559	0.147920933429925
cg01372572	0.266048552160676	0.625815506304775	0.479158934175608	0.570448452964517	0.60712146564743	0.822148622004133	0.4097409879017	0.761664313754413	0.661588066539044	0.571695343615997	0.415030655823478	0.489190326545416	0.698178285049482	0.624233626900342	0.607080150519514	0.535106127242573	0.70850464270779	0.538100856217744	0.477599879965835	0.702997689259459	0.765325136736796	0.702419431844964	0.563117431818593	0.804679883795029	0.722776706360577	0.456702361590836	0.549993000630155	0.210609268943132	0.341710482852453	0.641214539019483	0.523570054900269	0.488354413367792	0.593163321258081	0.459456646585286	0.791936183552117	0.520869749991546
cg01389383	NA	NA	NA	NA	NA	NA	NA	NA	NA	NA	NA	NA	NA	NA	NA	NA	NA	NA	NA	NA	NA	NA	NA	NA	NA	NA	NA	NA	NA	NA	NA	NA	NA	NA	NA	NA
cg01404122	0.822698853690188	0.765809294164992	0.876307191005785	0.881102848183769	0.846329291278511	0.925391861756902	0.942496247218387	0.857859562024338	0.867672784726675	0.954108960492842	0.899600912381113	0.876650586577116	0.838037060451641	0.624659096161771	0.699173594418133	0.752183404169968	0.883424208015508	0.736956990761769	0.788191995347678	0.697347442323801	0.788397235361741	0.761934004486933	0.8791814508449	0.689900198864107	0.745228063314538	0.833136804350735	0.94029005885927	0.280663843402868	0.90306569806345	0.897844826214862	0.836203621181853	0.915403460643545	0.73752325931505	0.613081120837944	0.88397691590458	0.747819521894561
cg01449444	NA	NA	NA	NA	NA	NA	NA	NA	NA	NA	NA	NA	NA	NA	NA	NA	NA	NA	NA	NA	NA	NA	NA	NA	NA	NA	NA	NA	NA	NA	NA	NA	NA	NA	NA	NA
cg01522278	NA	NA	NA	NA	NA	NA	NA	NA	NA	NA	NA	NA	NA	NA	NA	NA	NA	NA	NA	NA	NA	NA	NA	NA	NA	NA	NA	NA	NA	NA	NA	NA	NA	NA	NA	NA
cg01579172	NA	NA	NA	NA	NA	NA	NA	NA	NA	NA	NA	NA	NA	NA	NA	NA	NA	NA	NA	NA	NA	NA	NA	NA	NA	NA	NA	NA	NA	NA	NA	NA	NA	NA	NA	NA
cg01637519	NA	NA	NA	NA	NA	NA	NA	NA	NA	NA	NA	NA	NA	NA	NA	NA	NA	NA	NA	NA	NA	NA	NA	NA	NA	NA	NA	NA	NA	NA	NA	NA	NA	NA	NA	NA
cg01638082	NA	NA	NA	NA	NA	NA	NA	NA	NA	NA	NA	NA	NA	NA	NA	NA	NA	NA	NA	NA	NA	NA	NA	NA	NA	NA	NA	NA	NA	NA	NA	NA	NA	NA	NA	NA
cg01644640	0.472463144740842	0.888152650565363	0.918361148598305	0.84322952974431	0.885855451593775	0.955126059279977	0.750005535920581	0.902450421669976	0.918609108876993	0.938160221602367	0.899649284670229	0.917232730405239	0.898074964919852	0.676553009275561	0.282472454521519	0.914362441862008	0.880099291240337	0.877044307669239	0.77474219218041	0.884779941144383	0.946716079041282	0.763277748329651	0.887505088217588	0.881224593019044	0.831557908543444	0.883689644401053	0.94015937545926	0.897141779063981	0.937438265586026	0.908059061045242	0.878738296373909	0.842891548768957	0.599028696065673	0.815803228047555	0.906164883525033	0.82959951497591
cg01659483	NA	NA	NA	NA	NA	NA	NA	NA	NA	NA	NA	NA	NA	NA	NA	NA	NA	NA	NA	NA	NA	NA	NA	NA	NA	NA	NA	NA	NA	NA	NA	NA	NA	NA	NA	NA
cg01711850	NA	NA	NA	NA	NA	NA	NA	NA	NA	NA	NA	NA	NA	NA	NA	NA	NA	NA	NA	NA	NA	NA	NA	NA	NA	NA	NA	NA	NA	NA	NA	NA	NA	NA	NA	NA
cg01729288	NA	NA	NA	NA	NA	NA	NA	NA	NA	NA	NA	NA	NA	NA	NA	NA	NA	NA	NA	NA	NA	NA	NA	NA	NA	NA	NA	NA	NA	NA	NA	NA	NA	NA	NA	NA
cg01735082	0.548669207538301	0.612532799470802	0.845378840084981	0.278557207949075	0.80028614509703	0.923072893574051	0.273383006803135	0.774755349398806	0.763781266370158	0.864778396439296	0.74097872324901	0.426021489358801	0.689590427854098	0.56624199789137	0.695598381813175	0.5382774675838	0.543808499456837	0.692611424286681	0.497354543367825	0.693289321288118	0.169493486463961	0.726154177242474	0.575191438265745	0.623041362975673	0.733754560903338	0.450003682571943	0.81108390048814	0.399269688869559	0.173981459253141	0.544355981925755	0.645118881223634	0.69073724674231	0.522609613619738	0.502214177388158	0.880920776813859	0.681803400027017
cg01774400	NA	NA	NA	NA	NA	NA	NA	NA	NA	NA	NA	NA	NA	NA	NA	NA	NA	NA	NA	NA	NA	NA	NA	NA	NA	NA	NA	NA	NA	NA	NA	NA	NA	NA	NA	NA
cg01776221	NA	NA	NA	NA	NA	NA	NA	NA	NA	NA	NA	NA	NA	NA	NA	NA	NA	NA	NA	NA	NA	NA	NA	NA	NA	NA	NA	NA	NA	NA	NA	NA	NA	NA	NA	NA
cg01796929	0.819110923066106	0.891219304812495	0.915133516399167	0.829240134133791	0.92763619617236	0.795511951190556	0.870283852640524	0.884630944719777	0.676948724275041	0.867822525719397	0.817417826383682	0.919899503192936	0.900010627096297	0.612556626599656	0.708485319093053	0.868863137395872	0.911709526452873	0.879569038061284	0.872803679730685	0.872175735311128	0.897735676331527	0.868355329201444	0.781523292004278	0.883937094831854	0.825141150822024	0.864895562822982	0.816540106860543	0.910164705967161	0.825056720664567	0.903432840661669	0.738686695207374	0.820041195248285	0.851811113933306	0.279311571387599	0.933262931226146	0.747882301257514
cg01834373	NA	NA	NA	NA	NA	NA	NA	NA	NA	NA	NA	NA	NA	NA	NA	NA	NA	NA	NA	NA	NA	NA	NA	NA	NA	NA	NA	NA	NA	NA	NA	NA	NA	NA	NA	NA
cg01836858	NA	NA	NA	NA	NA	NA	NA	NA	NA	NA	NA	NA	NA	NA	NA	NA	NA	NA	NA	NA	NA	NA	NA	NA	NA	NA	NA	NA	NA	NA	NA	NA	NA	NA	NA	NA
cg01837661	NA	NA	NA	NA	NA	NA	NA	NA	NA	NA	NA	NA	NA	NA	NA	NA	NA	NA	NA	NA	NA	NA	NA	NA	NA	NA	NA	NA	NA	NA	NA	NA	NA	NA	NA	NA
cg01864295	NA	NA	NA	NA	NA	NA	NA	NA	NA	NA	NA	NA	NA	NA	NA	NA	NA	NA	NA	NA	NA	NA	NA	NA	NA	NA	NA	NA	NA	NA	NA	NA	NA	NA	NA	NA
cg01905090	0.875520729437107	0.685038139918666	0.800145942920848	0.618764359362368	0.860164099239616	0.706456339043253	0.322361054516786	0.788743523733122	0.791698216261864	0.819202529916494	0.829893675745037	0.873238484063138	0.783355402688977	0.728183867330037	0.675813765821121	0.680242705883672	0.812173962649633	0.571770251025646	0.895825306615472	0.54873645882217	0.558087717329806	0.797178335993928	0.81862033557494	0.843110503759435	0.793717130569924	0.734964007782421	0.845500471169439	0.260724105342591	0.491068502506696	0.810706777335073	0.743260571508827	0.785257139849869	0.694313428249347	0.796855434803645	0.48910892177495	0.696091964990849
cg01909681	0.841926245779997	0.884795897809337	0.851943555766646	0.815503654519086	0.848221540855467	0.931319230951265	0.608359484849534	0.861038596055878	0.918401054005369	0.869271146880877	0.918228449905482	0.942647428312237	0.85091756869787	0.891243617216338	0.756820667742894	0.836140012705506	0.880765026385875	0.876957820956098	0.914213970216558	0.783305348950851	0.652278834900432	0.884811044810849	0.902597742480299	0.862792053291538	0.841942185583624	0.870578762180422	0.895635962641202	0.938022870177329	0.924943292116634	0.911645478478064	0.849532555764331	0.893279091113145	0.825153751294542	0.848336869693474	0.931899258181468	0.855754933605018
cg01968676	NA	NA	NA	NA	NA	NA	NA	NA	NA	NA	NA	NA	NA	NA	NA	NA	NA	NA	NA	NA	NA	NA	NA	NA	NA	NA	NA	NA	NA	NA	NA	NA	NA	NA	NA	NA
cg01970937	NA	NA	NA	NA	NA	NA	NA	NA	NA	NA	NA	NA	NA	NA	NA	NA	NA	NA	NA	NA	NA	NA	NA	NA	NA	NA	NA	NA	NA	NA	NA	NA	NA	NA	NA	NA
cg02022978	NA	NA	NA	NA	NA	NA	NA	NA	NA	NA	NA	NA	NA	NA	NA	NA	NA	NA	NA	NA	NA	NA	NA	NA	NA	NA	NA	NA	NA	NA	NA	NA	NA	NA	NA	NA
cg02032334	0.843161939787636	0.433110723997382	0.505809309676573	0.830100386348516	0.247426557587649	0.349865911266792	0.113691877902056	0.911616177060518	0.141559736169261	0.931122727493119	0.214875233648384	0.5320393287262	0.3778867099768	0.216191969504587	NA	0.328886369082967	0.421398595038103	0.203302389343191	0.0784002932811001	0.260573395397081	0.390371223886919	0.421894821701521	0.0915914327590827	0.556834242611932	0.353287441599858	0.309383485052191	0.685392172403727	0.139600460345172	0.0806090603685035	0.164076968351843	0.644991988523811	0.140748989236845	0.179526457181456	0.100598415171201	0.39215412280167	0.192998381914164
cg02043329	0.805497386419201	0.877807850920486	0.92165494052752	0.718309118932828	0.782275458160852	0.805733707908883	0.551256579533532	0.93948554409361	0.838865934229287	0.939948812263978	0.881460294405457	0.917191095834526	0.790017539063054	0.518720854725068	0.897359921035349	0.897628082735055	0.581169488253037	0.902575866986937	0.481296131717947	0.828486227564472	0.589367203643542	0.661774690005616	0.69123242359764	0.534949899140993	0.907089898533632	0.674618045479971	0.730211417365941	0.860514082822275	0.27910083767948	0.83718368792724	0.841458659108866	0.853430394434033	0.833547279637549	0.9153210542738	0.797211686018861	0.782302443146528
cg02044172	NA	NA	NA	NA	NA	NA	NA	NA	NA	NA	NA	NA	NA	NA	NA	NA	NA	NA	NA	NA	NA	NA	NA	NA	NA	NA	NA	NA	NA	NA	NA	NA	NA	NA	NA	NA
cg02046176	NA	NA	NA	NA	NA	NA	NA	NA	NA	NA	NA	NA	NA	NA	NA	NA	NA	NA	NA	NA	NA	NA	NA	NA	NA	NA	NA	NA	NA	NA	NA	NA	NA	NA	NA	NA
cg02047977	NA	NA	NA	NA	NA	NA	NA	NA	NA	NA	NA	NA	NA	NA	NA	NA	NA	NA	NA	NA	NA	NA	NA	NA	NA	NA	NA	NA	NA	NA	NA	NA	NA	NA	NA	NA
cg02071267	NA	NA	NA	NA	NA	NA	NA	NA	NA	NA	NA	NA	NA	NA	NA	NA	NA	NA	NA	NA	NA	NA	NA	NA	NA	NA	NA	NA	NA	NA	NA	NA	NA	NA	NA	NA
cg02072104	0.0623562742182613	0.0659295897100557	0.0387454576292822	0.0485858620635597	0.0487258828664862	0.0253398452146418	0.0313501064143765	0.0552084682722538	0.0707396617948759	0.0301411150220394	0.0463323869778234	0.0379214120800535	0.0423061343362515	0.037607597874612	0.135691539073532	0.0559654347566113	0.0515422700562117	0.0967958059589426	0.0302181000755972	0.0645258914907903	0.0570892204569632	0.087153315156783	0.0508616568723589	0.0340449123640358	0.122677105682494	0.065961314532958	0.0290251355732811	0.0537497299916668	0.0276480295766024	0.051191968997716	0.103521971239523	0.0667360161066437	0.129884581325514	0.0827513883346697	0.0494682654828812	0.0772430726189951
cg02074859	0.92074537818813	0.95371500256162	0.940167634669267	0.920589108585135	0.959572157059831	0.966307464672986	0.966452281363619	0.876647260234848	0.953157782452361	0.965680346377214	0.961419833347563	0.94804625465075	0.938421793787099	0.955309451576663	0.944114246465111	0.944508827115437	0.941520122966442	0.940111476129891	0.962818293015382	0.932907056001791	0.945833982439467	0.943797006988268	0.957763763209779	0.963572686659009	0.946464804670796	0.933653925193095	0.943380980004522	0.953351571128809	0.954296540813165	0.944491403977104	0.91983572732608	0.937845402816964	0.939060520632903	0.954805298634987	0.944269874400127	0.944136519087025
cg02103202	NA	NA	NA	NA	NA	NA	NA	NA	NA	NA	NA	NA	NA	NA	NA	NA	NA	NA	NA	NA	NA	NA	NA	NA	NA	NA	NA	NA	NA	NA	NA	NA	NA	NA	NA	NA
cg02125400	NA	NA	NA	NA	NA	NA	NA	NA	NA	NA	NA	NA	NA	NA	NA	NA	NA	NA	NA	NA	NA	NA	NA	NA	NA	NA	NA	NA	NA	NA	NA	NA	NA	NA	NA	NA
cg02128233	NA	NA	NA	NA	NA	NA	NA	NA	NA	NA	NA	NA	NA	NA	NA	NA	NA	NA	NA	NA	NA	NA	NA	NA	NA	NA	NA	NA	NA	NA	NA	NA	NA	NA	NA	NA
cg02132460	NA	NA	NA	NA	NA	NA	NA	NA	NA	NA	NA	NA	NA	NA	NA	NA	NA	NA	NA	NA	NA	NA	NA	NA	NA	NA	NA	NA	NA	NA	NA	NA	NA	NA	NA	NA
cg02148292	NA	NA	NA	NA	NA	NA	NA	NA	NA	NA	NA	NA	NA	NA	NA	NA	NA	NA	NA	NA	NA	NA	NA	NA	NA	NA	NA	NA	NA	NA	NA	NA	NA	NA	NA	NA
cg02154268	NA	NA	NA	NA	NA	NA	NA	NA	NA	NA	NA	NA	NA	NA	NA	NA	NA	NA	NA	NA	NA	NA	NA	NA	NA	NA	NA	NA	NA	NA	NA	NA	NA	NA	NA	NA
cg02158100	NA	NA	NA	NA	NA	NA	NA	NA	NA	NA	NA	NA	NA	NA	NA	NA	NA	NA	NA	NA	NA	NA	NA	NA	NA	NA	NA	NA	NA	NA	NA	NA	NA	NA	NA	NA
cg02190786	NA	NA	NA	NA	NA	NA	NA	NA	NA	NA	NA	NA	NA	NA	NA	NA	NA	NA	NA	NA	NA	NA	NA	NA	NA	NA	NA	NA	NA	NA	NA	NA	NA	NA	NA	NA
cg02223612	NA	NA	NA	NA	NA	NA	NA	NA	NA	NA	NA	NA	NA	NA	NA	NA	NA	NA	NA	NA	NA	NA	NA	NA	NA	NA	NA	NA	NA	NA	NA	NA	NA	NA	NA	NA
cg02231798	0.919425222503085	0.911165283909218	0.918364484164689	0.94497403091853	0.911863723754417	0.914058122757449	0.909954970352156	0.94496428715134	0.93802272300769	0.914247851260298	0.934096063798013	0.949125517169442	0.960777206874803	0.849496524646065	0.876604701650783	0.929376796139835	0.952885838442026	0.93748483087574	0.911805610024438	0.93319653814276	0.905344076612439	0.905590144137031	0.913566691629908	0.939587457885165	0.863750373009497	0.915842686733684	0.903799543547935	0.943281006633421	0.925201527744898	0.923209429394396	0.914806972157481	0.930982721333822	0.83381495521001	0.925217918060969	0.936530610926368	0.829037434986197
cg02247211	NA	NA	NA	NA	NA	NA	NA	NA	NA	NA	NA	NA	NA	NA	NA	NA	NA	NA	NA	NA	NA	NA	NA	NA	NA	NA	NA	NA	NA	NA	NA	NA	NA	NA	NA	NA
cg02253978	0.828520065245542	0.8786075593071	0.831065788871707	0.793050871268667	0.932024948747828	0.924808976897397	0.893105943565309	0.865788075342217	0.909406995707783	0.937035427666256	0.941892196405407	0.889577743353476	0.797984725870995	0.929366543883155	0.893549266134233	0.869647443804111	0.879983926323566	0.893902600243669	0.941113702320228	0.9148046890886	0.914957371022784	0.817675915689779	0.937149797391252	0.914856834986639	0.917389396508197	0.873800040890219	0.945689961863034	0.915964532645811	0.94479171956472	0.883074583362835	0.857128298059035	0.887715084260696	0.871496214314345	0.922647939779734	0.889577062000323	0.919138564455429
cg02255618	NA	NA	NA	NA	NA	NA	NA	NA	NA	NA	NA	NA	NA	NA	NA	NA	NA	NA	NA	NA	NA	NA	NA	NA	NA	NA	NA	NA	NA	NA	NA	NA	NA	NA	NA	NA
cg02269231	NA	NA	NA	NA	NA	NA	NA	NA	NA	NA	NA	NA	NA	NA	NA	NA	NA	NA	NA	NA	NA	NA	NA	NA	NA	NA	NA	NA	NA	NA	NA	NA	NA	NA	NA	NA
cg02275622	NA	NA	NA	NA	NA	NA	NA	NA	NA	NA	NA	NA	NA	NA	NA	NA	NA	NA	NA	NA	NA	NA	NA	NA	NA	NA	NA	NA	NA	NA	NA	NA	NA	NA	NA	NA
cg02280599	0.928688043018544	0.949855641750277	0.922099225623317	0.922129129643514	0.955835264756236	0.956389096007805	0.945045348176505	0.936762067479741	0.951341889792793	0.952069448493072	0.950261895052847	0.95350879742871	0.933208169007681	0.942580327066985	0.940824480167868	0.925149471077431	0.921619947958417	0.930639893671066	0.946940527351351	0.927783872784194	0.916471904146119	0.945608746486349	0.956901651558945	0.946227073246006	0.957909181422154	0.940925133746211	0.944618775546293	0.895096917513778	0.932982030800344	0.940446407085857	0.918773814583036	0.950278061031193	0.942347824594317	0.911422587581404	0.943643302654384	0.947300637291566
cg02290855	NA	NA	NA	NA	NA	NA	NA	NA	NA	NA	NA	NA	NA	NA	NA	NA	NA	NA	NA	NA	NA	NA	NA	NA	NA	NA	NA	NA	NA	NA	NA	NA	NA	NA	NA	NA
cg02302165	0.463375291433066	0.811844676046434	0.538752092778137	0.749857876951363	0.924153700499458	0.652707288949731	0.947489971697153	0.743835855421043	0.876722621359771	0.580700555589829	0.867431781852895	0.898572651269972	0.729525367312658	0.9316616455074	0.920624332040188	0.791681866614511	0.419084315747488	0.869804515156679	0.920004892708172	0.944187671954534	0.82672219953168	0.910565879690622	0.944067476166974	0.833294661875138	0.606704216019968	0.868898683031627	0.954247033156437	0.673210169591155	0.182989277023003	0.887431803395204	0.87144173394041	0.899745046650109	0.912415920742241	0.925121375930468	0.672148933722356	0.734524338409108
cg02312154	0.801831407404397	0.89450986005232	0.85988110645529	0.833862223988979	0.908519673030882	0.384137990334503	0.950167704832477	NA	0.711054336333762	0.871841496802458	0.32915553258432	0.873817284888742	NA	0.882283710542533	0.884864076701122	0.785899195087975	0.870265769091524	0.707073112721764	0.927056162213746	0.879734675743484	0.930172060811159	0.774524496325322	0.93146495281612	0.911175445133717	0.604749834119305	0.749997312222402	0.937250433530468	0.87292281990239	0.448798647308688	NA	0.822335550742092	0.870662514861765	0.849936434497809	0.923025961030326	NA	0.852989470457457
cg02341729	NA	NA	NA	NA	NA	NA	NA	NA	NA	NA	NA	NA	NA	NA	NA	NA	NA	NA	NA	NA	NA	NA	NA	NA	NA	NA	NA	NA	NA	NA	NA	NA	NA	NA	NA	NA
cg02345638	NA	NA	NA	NA	NA	NA	NA	NA	NA	NA	NA	NA	NA	NA	NA	NA	NA	NA	NA	NA	NA	NA	NA	NA	NA	NA	NA	NA	NA	NA	NA	NA	NA	NA	NA	NA
cg02348876	NA	NA	NA	NA	NA	NA	NA	NA	NA	NA	NA	NA	NA	NA	NA	NA	NA	NA	NA	NA	NA	NA	NA	NA	NA	NA	NA	NA	NA	NA	NA	NA	NA	NA	NA	NA
cg02356223	0.830123963419892	0.873736735460416	0.939998466640821	0.884161687955781	0.892514336729285	0.88273549056603	0.900007429779024	0.944550324664333	0.884149704626851	0.878859676746361	0.866084245454018	0.955162945926497	0.911802572204905	0.855898447749637	0.93927008493103	0.880910623552668	0.923614889195572	0.909894757214904	0.883769209470804	0.756646008961924	0.91472485777574	0.925880540353317	0.880930275586067	0.912148967487262	0.912550596659542	0.882261402121574	0.890905343112543	0.811690975935779	0.910195042432364	0.862293265903927	0.886396619203363	0.909434289164435	0.859632130622217	0.933575595349464	0.898128106685269	0.863182520915748
cg02397533	NA	NA	NA	NA	NA	NA	NA	NA	NA	NA	NA	NA	NA	NA	NA	NA	NA	NA	NA	NA	NA	NA	NA	NA	NA	NA	NA	NA	NA	NA	NA	NA	NA	NA	NA	NA
cg02401554	NA	NA	NA	NA	NA	NA	NA	NA	NA	NA	NA	NA	NA	NA	NA	NA	NA	NA	NA	NA	NA	NA	NA	NA	NA	NA	NA	NA	NA	NA	NA	NA	NA	NA	NA	NA
cg02443010	0.920925655155584	0.922420037015596	0.940876600957759	0.907510537898849	0.948895786091033	0.958953860504359	0.69758559813866	0.938707499759497	0.941393925278714	0.873126756696323	0.943222299298355	0.955718650716038	0.935868217635349	0.866112737012521	0.950395733546496	0.91484632027654	0.862189664352906	0.942284899256351	0.91548411933904	0.949613375670844	0.92869553685288	0.926124738298943	0.908255023282395	0.964461789465562	0.741597806657272	0.857273327113172	0.939009402269505	0.24146729490355	0.94752134401679	0.915250040316126	0.929988062486514	0.752582299541761	0.919652335408919	0.930223174749728	0.955823683644658	0.771940241732749
cg02471166	NA	NA	NA	NA	NA	NA	NA	NA	NA	NA	NA	NA	NA	NA	NA	NA	NA	NA	NA	NA	NA	NA	NA	NA	NA	NA	NA	NA	NA	NA	NA	NA	NA	NA	NA	NA
cg02516800	0.714988995017939	0.94623821422744	0.952530254143942	0.946253354065921	0.952677277372297	0.96559136196825	0.947101283573793	0.964464769035745	0.958551333768992	0.934560758314049	0.944297084744796	0.958774061760079	0.944266806674677	0.918201235341914	0.946651156157414	0.937773476087956	0.942781410095722	0.943319205395055	0.937558339565342	0.958578140684816	0.964527511433519	0.954017404542269	0.970569022607006	0.934466775998285	0.939612056932159	0.925182496097161	0.921345509633997	0.848059725986076	0.94081767349662	0.948035402247278	0.953943375025334	0.907791743454094	0.95025481014496	0.963366607205521	0.935747776529807	0.92351298689462
cg02533998	NA	NA	NA	NA	NA	NA	NA	NA	NA	NA	NA	NA	NA	NA	NA	NA	NA	NA	NA	NA	NA	NA	NA	NA	NA	NA	NA	NA	NA	NA	NA	NA	NA	NA	NA	NA
cg02612657	NA	NA	NA	NA	NA	NA	NA	NA	NA	NA	NA	NA	NA	NA	NA	NA	NA	NA	NA	NA	NA	NA	NA	NA	NA	NA	NA	NA	NA	NA	NA	NA	NA	NA	NA	NA
cg02656873	NA	NA	NA	NA	NA	NA	NA	NA	NA	NA	NA	NA	NA	NA	NA	NA	NA	NA	NA	NA	NA	NA	NA	NA	NA	NA	NA	NA	NA	NA	NA	NA	NA	NA	NA	NA
cg02658551	NA	NA	NA	NA	NA	NA	NA	NA	NA	NA	NA	NA	NA	NA	NA	NA	NA	NA	NA	NA	NA	NA	NA	NA	NA	NA	NA	NA	NA	NA	NA	NA	NA	NA	NA	NA
cg02671915	NA	NA	NA	NA	NA	NA	NA	NA	NA	NA	NA	NA	NA	NA	NA	NA	NA	NA	NA	NA	NA	NA	NA	NA	NA	NA	NA	NA	NA	NA	NA	NA	NA	NA	NA	NA
cg02693279	0.934992767072098	0.860036397290291	0.951570784725361	0.940285083839177	0.946324966475054	0.960546413770564	0.51624987715143	0.957376401708689	0.931332907900289	0.951970357934586	0.929723459600874	0.960536168496154	0.938698383574719	0.919284692262637	0.953015310705528	0.951223381323219	0.969709037854549	0.948379630895792	0.960129995709402	0.934135114471977	0.954050268062208	0.936509018990502	0.949321625358349	0.958914409998701	0.940656563331889	0.963038836414328	0.968194830778636	0.924113567779416	0.952779856271898	0.953472990652686	0.936024195691009	0.958423929538827	0.886969230449263	0.95351772423725	0.946411891584027	0.95858576383444
cg02703695	NA	NA	NA	NA	NA	NA	NA	NA	NA	NA	NA	NA	NA	NA	NA	NA	NA	NA	NA	NA	NA	NA	NA	NA	NA	NA	NA	NA	NA	NA	NA	NA	NA	NA	NA	NA
cg02724815	NA	NA	NA	NA	NA	NA	NA	NA	NA	NA	NA	NA	NA	NA	NA	NA	NA	NA	NA	NA	NA	NA	NA	NA	NA	NA	NA	NA	NA	NA	NA	NA	NA	NA	NA	NA
cg02744713	NA	NA	NA	NA	NA	NA	NA	NA	NA	NA	NA	NA	NA	NA	NA	NA	NA	NA	NA	NA	NA	NA	NA	NA	NA	NA	NA	NA	NA	NA	NA	NA	NA	NA	NA	NA
cg02750728	0.935723694301979	0.717166454313092	0.945896628796507	0.928574083539913	0.913319354570879	0.959483149103848	0.945429923177788	0.947672589822332	0.942847045800947	0.93734385498118	0.943465883367045	0.948930138289829	0.934617976166069	0.880042605885381	0.922933740191274	0.914216832783616	0.901042232825444	0.92056486153854	0.933779340121054	0.908953035137923	0.928166250459215	0.766096106378612	0.905144575899104	0.970035636385251	0.916903001425219	0.926054381948796	0.908073887761196	0.949487631931682	0.966883791349525	0.798256948460749	0.896217649992677	0.938049602815019	0.837460740086139	0.938066185759693	0.910020021367791	0.857298756034401
cg02771684	NA	NA	NA	NA	NA	NA	NA	NA	NA	NA	NA	NA	NA	NA	NA	NA	NA	NA	NA	NA	NA	NA	NA	NA	NA	NA	NA	NA	NA	NA	NA	NA	NA	NA	NA	NA
cg02772132	NA	NA	NA	NA	NA	NA	NA	NA	NA	NA	NA	NA	NA	NA	NA	NA	NA	NA	NA	NA	NA	NA	NA	NA	NA	NA	NA	NA	NA	NA	NA	NA	NA	NA	NA	NA
cg02791765	NA	NA	NA	NA	NA	NA	NA	NA	NA	NA	NA	NA	NA	NA	NA	NA	NA	NA	NA	NA	NA	NA	NA	NA	NA	NA	NA	NA	NA	NA	NA	NA	NA	NA	NA	NA
cg02824523	NA	NA	NA	NA	NA	NA	NA	NA	NA	NA	NA	NA	NA	NA	NA	NA	NA	NA	NA	NA	NA	NA	NA	NA	NA	NA	NA	NA	NA	NA	NA	NA	NA	NA	NA	NA
cg02840008	0.637339378036853	0.602240001174442	0.864837297764514	0.906919850316159	0.644559564284285	0.921610976091231	0.396056927981158	0.876139826826453	0.499913734413845	0.945745762498528	0.949786823765342	0.489225146066908	0.920223775369682	0.687433054886493	0.849378609509749	0.784694735791731	0.663569624907962	0.845124654058136	0.868494956933277	0.828290433642058	0.943613688290981	0.870033040108297	0.508751096686139	0.911622309127699	0.844095237473388	0.869791109170989	0.942954908209044	0.322989562017315	0.927977825175222	0.937373539275338	0.80900673807306	0.217143510132926	0.743689175811016	0.572912919075702	0.85660233498811	0.828381449406972
cg02862100	NA	NA	NA	NA	NA	NA	NA	NA	NA	NA	NA	NA	NA	NA	NA	NA	NA	NA	NA	NA	NA	NA	NA	NA	NA	NA	NA	NA	NA	NA	NA	NA	NA	NA	NA	NA
cg02869126	NA	NA	NA	NA	NA	NA	NA	NA	NA	NA	NA	NA	NA	NA	NA	NA	NA	NA	NA	NA	NA	NA	NA	NA	NA	NA	NA	NA	NA	NA	NA	NA	NA	NA	NA	NA
cg02873710	NA	NA	NA	NA	NA	NA	NA	NA	NA	NA	NA	NA	NA	NA	NA	NA	NA	NA	NA	NA	NA	NA	NA	NA	NA	NA	NA	NA	NA	NA	NA	NA	NA	NA	NA	NA
cg02885021	NA	NA	NA	NA	NA	NA	NA	NA	NA	NA	NA	NA	NA	NA	NA	NA	NA	NA	NA	NA	NA	NA	NA	NA	NA	NA	NA	NA	NA	NA	NA	NA	NA	NA	NA	NA
cg02899093	0.898578832850369	0.932741034171129	0.917859933276786	0.913444459258941	0.731267612366436	0.915971375926912	0.74008944157453	0.911885831307602	0.846727015182946	0.928360027166278	0.928164200607788	0.896615406267202	0.904737468081437	0.748718283702201	0.888195202079977	0.780969617408304	0.933611921503853	0.926169011017549	0.456141767262677	0.700555856787105	0.9191676824219	0.911112079061967	0.76815479210358	0.922872696311782	0.902534550499065	0.835717825305836	0.921688490003166	0.359639358220441	0.770156094729461	0.92266020270627	0.899271636803653	0.715431456301167	0.91743347332843	0.652555119325301	0.948512690578867	0.912148259715999
cg02906557	NA	NA	NA	NA	NA	NA	NA	NA	NA	NA	NA	NA	NA	NA	NA	NA	NA	NA	NA	NA	NA	NA	NA	NA	NA	NA	NA	NA	NA	NA	NA	NA	NA	NA	NA	NA
cg02965931	0.93514726485851	0.942550133528429	0.910401283278806	0.926784886953957	0.954588684402512	0.948218388934259	0.813658077186323	0.94021403581089	0.94795495851877	0.943345670475407	0.950997018935053	0.963367059912883	0.940712948273523	0.817599312887378	0.93499192568129	0.880775202779815	0.917884122772245	0.90294777358935	0.948663976481811	0.902225004492347	0.715677532271005	0.912189850972636	0.950164870538082	0.957142008455847	0.908844251421242	0.936063100061522	0.957698998431547	0.957033789826301	0.954265726503343	0.947197215556193	0.918088548926865	0.938854864290572	0.916745274681685	0.932896048749945	0.942857461110128	0.921028568241874
cg02993013	NA	NA	NA	NA	NA	NA	NA	NA	NA	NA	NA	NA	NA	NA	NA	NA	NA	NA	NA	NA	NA	NA	NA	NA	NA	NA	NA	NA	NA	NA	NA	NA	NA	NA	NA	NA
cg02998155	NA	NA	NA	NA	NA	NA	NA	NA	NA	NA	NA	NA	NA	NA	NA	NA	NA	NA	NA	NA	NA	NA	NA	NA	NA	NA	NA	NA	NA	NA	NA	NA	NA	NA	NA	NA
cg03002774	NA	NA	NA	NA	NA	NA	NA	NA	NA	NA	NA	NA	NA	NA	NA	NA	NA	NA	NA	NA	NA	NA	NA	NA	NA	NA	NA	NA	NA	NA	NA	NA	NA	NA	NA	NA
cg03006531	NA	NA	NA	NA	NA	NA	NA	NA	NA	NA	NA	NA	NA	NA	NA	NA	NA	NA	NA	NA	NA	NA	NA	NA	NA	NA	NA	NA	NA	NA	NA	NA	NA	NA	NA	NA
cg03024791	0.581910902178626	0.542939554654929	0.769493949690143	0.687209728162135	0.672494584455054	0.798707538294874	0.762661296421618	0.801190780107181	0.703427911584912	0.837655569533564	0.721546668749757	0.778794793908168	0.759871214570459	0.452119593094428	0.532487036210597	0.652451342469183	0.663260220706348	0.644442927842516	0.428050226004689	0.640553022738766	0.687977603805017	0.658541126653263	0.676614172491833	0.795752292865315	0.689960299052623	0.638218798312339	0.671894420873984	0.237016018920626	0.767899224280081	0.708662650406836	0.635290309550569	0.753070010995094	0.575670751726311	0.511995219398106	0.770431251537112	0.614327398521705
cg03132202	NA	NA	NA	NA	NA	NA	NA	NA	NA	NA	NA	NA	NA	NA	NA	NA	NA	NA	NA	NA	NA	NA	NA	NA	NA	NA	NA	NA	NA	NA	NA	NA	NA	NA	NA	NA
cg03153172	NA	NA	NA	NA	NA	NA	NA	NA	NA	NA	NA	NA	NA	NA	NA	NA	NA	NA	NA	NA	NA	NA	NA	NA	NA	NA	NA	NA	NA	NA	NA	NA	NA	NA	NA	NA
cg03185975	NA	NA	NA	NA	NA	NA	NA	NA	NA	NA	NA	NA	NA	NA	NA	NA	NA	NA	NA	NA	NA	NA	NA	NA	NA	NA	NA	NA	NA	NA	NA	NA	NA	NA	NA	NA
cg03186367	NA	NA	NA	NA	NA	NA	NA	NA	NA	NA	NA	NA	NA	NA	NA	NA	NA	NA	NA	NA	NA	NA	NA	NA	NA	NA	NA	NA	NA	NA	NA	NA	NA	NA	NA	NA
cg03189593	NA	NA	NA	NA	NA	NA	NA	NA	NA	NA	NA	NA	NA	NA	NA	NA	NA	NA	NA	NA	NA	NA	NA	NA	NA	NA	NA	NA	NA	NA	NA	NA	NA	NA	NA	NA
cg03221698	0.867738647346334	0.80534684652818	0.857844968540064	0.817635708321542	0.878475094671176	0.930964204175206	0.937721950784987	0.821114229469225	0.899496338790712	0.971959772945659	0.953505957468199	0.899312159003971	0.856158391653462	0.909626414200866	0.907664316626591	0.789936845082982	0.780995070899031	0.836766361038374	0.953374099511422	0.831041005294113	0.880784099831898	0.823490374272243	0.884782136724972	0.954887216493557	0.861721179046631	0.905889930789118	0.933380572145656	0.891577508767873	0.944009018529522	0.904154675061926	0.774976717296751	0.899619990377321	0.824240398093975	0.856733269067072	0.913213084358708	0.863150093913056
cg03233224	NA	NA	NA	NA	NA	NA	NA	NA	NA	NA	NA	NA	NA	NA	NA	NA	NA	NA	NA	NA	NA	NA	NA	NA	NA	NA	NA	NA	NA	NA	NA	NA	NA	NA	NA	NA
cg03247301	0.728049435257336	0.490375180316079	0.82887318882622	0.869717390031171	0.741227175784052	0.878294285633533	0.390410999357058	0.21274352716635	0.787052434524212	0.894443395121803	0.805399017779086	0.891637922530637	0.827361425656794	0.595134361096185	0.852309871117482	0.721349932268644	0.661524380235097	0.639225773331825	0.452353227455357	0.647435624588226	0.168190251582915	0.831888829309099	0.638759920594811	0.695900197040045	0.834427900288879	0.699930563454043	0.78027750464071	0.235424045251669	0.182676336242584	0.877701146223128	0.787319238212646	0.334600952786244	0.611258044011426	0.466259668824515	0.714861186472657	0.614481543705442
cg03272020	NA	NA	NA	NA	NA	NA	NA	NA	NA	NA	NA	NA	NA	NA	NA	NA	NA	NA	NA	NA	NA	NA	NA	NA	NA	NA	NA	NA	NA	NA	NA	NA	NA	NA	NA	NA
cg03272958	NA	NA	NA	NA	NA	NA	NA	NA	NA	NA	NA	NA	NA	NA	NA	NA	NA	NA	NA	NA	NA	NA	NA	NA	NA	NA	NA	NA	NA	NA	NA	NA	NA	NA	NA	NA
cg03280759	NA	NA	NA	NA	NA	NA	NA	NA	NA	NA	NA	NA	NA	NA	NA	NA	NA	NA	NA	NA	NA	NA	NA	NA	NA	NA	NA	NA	NA	NA	NA	NA	NA	NA	NA	NA
cg03287616	NA	NA	NA	NA	NA	NA	NA	NA	NA	NA	NA	NA	NA	NA	NA	NA	NA	NA	NA	NA	NA	NA	NA	NA	NA	NA	NA	NA	NA	NA	NA	NA	NA	NA	NA	NA
cg03305017	0.924842727210841	0.927772770054734	0.94298283469272	0.905539811069913	0.933565109780781	0.930752753230444	0.796339231465505	0.934657187698669	0.926425629412452	0.94074316524309	0.926284661103472	0.856068781036403	0.644873454492467	0.710177498660084	0.594339898634413	0.914296657547994	0.810368072614387	0.937112503039906	0.952798260589466	0.835237367850172	0.951407128173772	0.881099183762316	0.895719436355232	0.936196486978538	0.816231294998742	0.858002322971678	0.945559203487275	0.905577030079085	0.951150851643692	0.935902920266166	0.862763778207994	0.907481831672488	0.868184357215481	0.897117869016419	0.919494981039887	0.879491453906157
cg03329408	NA	NA	NA	NA	NA	NA	NA	NA	NA	NA	NA	NA	NA	NA	NA	NA	NA	NA	NA	NA	NA	NA	NA	NA	NA	NA	NA	NA	NA	NA	NA	NA	NA	NA	NA	NA
cg03335128	0.841493507707179	0.902755293920107	0.776930792609325	0.781970580501017	0.901326139715936	0.891888466582963	0.89582785058309	0.727106659407581	0.886855018356403	0.912502456292005	0.858985272150838	0.838140589301958	0.840866174006757	0.925181833805856	0.680035650231976	0.760034089769112	0.836731801466549	0.78706993805761	0.901254983502265	0.894806882330158	0.883340812565175	0.782534766439644	0.846693601769677	0.913030630388111	0.79026319155284	0.808826421603445	0.923969096911563	0.877806704338011	0.918866709666521	0.852721899763357	0.769616301756231	0.839292972242793	0.814214084911765	0.844987992698546	0.874676383347222	0.819404448187819
cg03336458	0.94881415734989	0.872458018886497	0.929829327155252	0.853880729268212	0.866591866056713	0.95096898934513	0.916155901007396	0.874844586915379	0.905074933416371	0.932424309843477	0.907648096904877	0.929705036484438	0.935118258797182	0.822007407867551	0.827089282239045	0.94850777465499	0.901769256562947	0.850544514236898	0.961167939005532	0.920531714889612	0.901349114797779	0.883449977692323	0.921574842184858	0.899530177082682	0.770027656222161	0.892858102914672	0.923691019978366	0.945465342168538	0.930261044368196	0.922328741766591	0.921561161222365	0.936301675806018	0.804540669735891	0.939925191569646	0.918315277894953	0.913084948134437
cg03342862	NA	NA	NA	NA	NA	NA	NA	NA	NA	NA	NA	NA	NA	NA	NA	NA	NA	NA	NA	NA	NA	NA	NA	NA	NA	NA	NA	NA	NA	NA	NA	NA	NA	NA	NA	NA
cg03344608	NA	NA	NA	NA	NA	NA	NA	NA	NA	NA	NA	NA	NA	NA	NA	NA	NA	NA	NA	NA	NA	NA	NA	NA	NA	NA	NA	NA	NA	NA	NA	NA	NA	NA	NA	NA
cg03370330	0.915911891455959	0.697687271657131	0.887590112868587	0.922510669566139	0.828702774172566	0.797880411932462	0.792987153999715	0.270277271860699	0.752076593445166	0.923481528010812	0.913985816467353	0.909517843956691	0.660127589823606	0.730451671269364	0.899709216593452	0.787698706159647	0.546675939572125	0.845164414771999	0.912753097671836	0.482858541028154	0.160059073527776	0.830763071536119	0.822475641270188	0.92187708496215	0.859115732468084	0.890894867899218	0.874474732563556	0.652253043605709	0.556261666032175	0.924466136864939	0.821161944176239	0.911377196534769	0.726433332320947	0.592696657034861	0.898115541416526	0.640051396913038
cg03374148	NA	0.822389120840117	0.838530283033071	NA	0.82272073987006	0.840378422470553	0.879906774170695	0.829413185399209	0.694337143672553	0.916243341726187	0.921369298367601	0.90039114727608	0.825984482854759	0.740388173127596	NA	0.855284809538541	0.712009512382578	0.841400954910534	0.883918226137277	0.525473178661965	0.408834809313446	0.826567477792769	0.419111239135643	0.92690834159315	0.80131630831332	0.789150849211199	0.914069497375039	NA	0.93123503234962	0.869427561893356	0.743655502455615	NA	0.781820767528244	NA	0.87307707697784	0.84038925059083
cg03393472	NA	NA	NA	NA	NA	NA	NA	NA	NA	NA	NA	NA	NA	NA	NA	NA	NA	NA	NA	NA	NA	NA	NA	NA	NA	NA	NA	NA	NA	NA	NA	NA	NA	NA	NA	NA
cg03400512	NA	NA	NA	NA	NA	NA	NA	NA	NA	NA	NA	NA	NA	NA	NA	NA	NA	NA	NA	NA	NA	NA	NA	NA	NA	NA	NA	NA	NA	NA	NA	NA	NA	NA	NA	NA
cg03461361	NA	NA	NA	NA	NA	NA	NA	NA	NA	NA	NA	NA	NA	NA	NA	NA	NA	NA	NA	NA	NA	NA	NA	NA	NA	NA	NA	NA	NA	NA	NA	NA	NA	NA	NA	NA
cg03474461	NA	NA	NA	NA	NA	NA	NA	NA	NA	NA	NA	NA	NA	NA	NA	NA	NA	NA	NA	NA	NA	NA	NA	NA	NA	NA	NA	NA	NA	NA	NA	NA	NA	NA	NA	NA
cg03511766	NA	NA	NA	NA	NA	NA	NA	NA	NA	NA	NA	NA	NA	NA	NA	NA	NA	NA	NA	NA	NA	NA	NA	NA	NA	NA	NA	NA	NA	NA	NA	NA	NA	NA	NA	NA
cg03516394	NA	NA	NA	NA	NA	NA	NA	NA	NA	NA	NA	NA	NA	NA	NA	NA	NA	NA	NA	NA	NA	NA	NA	NA	NA	NA	NA	NA	NA	NA	NA	NA	NA	NA	NA	NA
cg03525847	NA	NA	NA	NA	NA	NA	NA	NA	NA	NA	NA	NA	NA	NA	NA	NA	NA	NA	NA	NA	NA	NA	NA	NA	NA	NA	NA	NA	NA	NA	NA	NA	NA	NA	NA	NA
cg03526100	NA	NA	NA	NA	NA	NA	NA	NA	NA	NA	NA	NA	NA	NA	NA	NA	NA	NA	NA	NA	NA	NA	NA	NA	NA	NA	NA	NA	NA	NA	NA	NA	NA	NA	NA	NA
cg03561071	0.932328931536575	0.940040559704281	0.944124043002194	0.928740124171532	0.888014367491128	0.947292796538977	0.340853780962236	0.946611672080302	0.916909482201405	0.948806313832196	0.908675721081655	0.949582008791347	0.94191095678228	0.628720602858178	0.779020510161906	0.928912273088273	0.941688241859461	0.888542302670463	0.934334862831388	0.93126705516661	0.920404015689677	0.895548669495639	0.946891369999051	0.947225023984961	0.827034243573312	0.897044848886646	0.941530183576186	0.94737052436539	0.918375309107039	0.938478786434548	0.769439047416959	0.958043602542642	0.716511129910121	0.88786506227754	0.937008370102882	0.892600543501388
cg03567106	NA	NA	NA	NA	NA	NA	NA	NA	NA	NA	NA	NA	NA	NA	NA	NA	NA	NA	NA	NA	NA	NA	NA	NA	NA	NA	NA	NA	NA	NA	NA	NA	NA	NA	NA	NA
cg03578552	NA	NA	NA	NA	NA	NA	NA	NA	NA	NA	NA	NA	NA	NA	NA	NA	NA	NA	NA	NA	NA	NA	NA	NA	NA	NA	NA	NA	NA	NA	NA	NA	NA	NA	NA	NA
cg03606093	NA	NA	NA	NA	NA	NA	NA	NA	NA	NA	NA	NA	NA	NA	NA	NA	NA	NA	NA	NA	NA	NA	NA	NA	NA	NA	NA	NA	NA	NA	NA	NA	NA	NA	NA	NA
cg03646967	NA	NA	NA	NA	NA	NA	NA	NA	NA	NA	NA	NA	NA	NA	NA	NA	NA	NA	NA	NA	NA	NA	NA	NA	NA	NA	NA	NA	NA	NA	NA	NA	NA	NA	NA	NA
cg03659851	NA	NA	NA	NA	NA	NA	NA	NA	NA	NA	NA	NA	NA	NA	NA	NA	NA	NA	NA	NA	NA	NA	NA	NA	NA	NA	NA	NA	NA	NA	NA	NA	NA	NA	NA	NA
cg03663072	NA	NA	NA	NA	NA	NA	NA	NA	NA	NA	NA	NA	NA	NA	NA	NA	NA	NA	NA	NA	NA	NA	NA	NA	NA	NA	NA	NA	NA	NA	NA	NA	NA	NA	NA	NA
cg03667040	NA	NA	NA	NA	NA	NA	NA	NA	NA	NA	NA	NA	NA	NA	NA	NA	NA	NA	NA	NA	NA	NA	NA	NA	NA	NA	NA	NA	NA	NA	NA	NA	NA	NA	NA	NA
cg03777697	0.838094362089887	0.878593588257803	0.791878446225614	0.756469678732952	0.891263770329874	0.907999790063868	0.946525194691191	0.70310076342381	0.889559270528677	0.922804276782464	0.902447484305157	0.816372598675812	0.820280011365723	0.909351270605179	0.826141322895613	0.777766614612682	0.837165265524885	0.756675785621915	0.895269905118766	0.799030988447835	0.888789173458881	0.798818013734073	0.910271830250197	0.927501951981212	0.855951268676372	0.850403086153265	0.934791092442383	0.862822463802507	0.890400643115043	0.843102008708855	0.695101452387231	0.852009058094106	0.836624670869107	0.845151429186815	0.869088651099569	0.701822642820729
cg03796122	NA	NA	NA	NA	NA	NA	NA	NA	NA	NA	NA	NA	NA	NA	NA	NA	NA	NA	NA	NA	NA	NA	NA	NA	NA	NA	NA	NA	NA	NA	NA	NA	NA	NA	NA	NA
cg03826683	NA	NA	NA	NA	NA	NA	NA	NA	NA	NA	NA	NA	NA	NA	NA	NA	NA	NA	NA	NA	NA	NA	NA	NA	NA	NA	NA	NA	NA	NA	NA	NA	NA	NA	NA	NA
cg03833216	0.83837091592327	0.692417950225975	0.899142635126021	0.816774013597287	0.713924238777592	0.92359808367679	0.278010250289779	0.897815357830036	0.903622052522891	0.847437956823004	0.881871676274028	0.910743665784054	0.897227930596179	NA	0.662003163876872	0.51559985076668	0.892042008837983	NA	0.878823790876309	0.723202729067726	0.916685073987104	0.849673725794886	0.90354582851409	0.933731032204536	0.837590068937405	0.468326689168327	0.918800918648406	0.902355981252205	0.301229964903623	0.862749813296787	NA	0.851849044176701	0.700408577538393	0.509914985174863	0.943934413505549	0.870425505958956
cg03838823	NA	NA	NA	NA	NA	NA	NA	NA	NA	NA	NA	NA	NA	NA	NA	NA	NA	NA	NA	NA	NA	NA	NA	NA	NA	NA	NA	NA	NA	NA	NA	NA	NA	NA	NA	NA
cg03840912	0.862250621825929	0.925641128262118	0.926496749586466	0.943312136344722	0.925762863820059	0.962911422659536	0.40272034363575	0.897024766925368	0.948249070803207	0.960451480943658	0.962746514626896	0.954922099981226	0.962495644486793	0.90595314369997	0.953615663345368	0.918423826938947	0.945797031916315	0.938008097566386	0.957094911894379	0.89527849441471	0.937285998908141	0.953368160195896	0.924632368617119	0.963684860973172	0.922241009082643	0.918554975084513	0.957510460992535	0.77612334024703	0.951496431013901	0.928572569326519	0.917995036259316	0.911515095580074	0.909401577830075	0.944363079020415	0.912008397840764	0.929772857260987
cg03843092	0.335237357570719	0.395596870742218	0.706137658381846	0.466664741264504	0.407357970455831	0.66675934566494	0.32673660848878	0.604014563320903	0.288299010680312	0.231432997076763	0.544290719327842	0.191329326362556	0.879475688713888	0.497563954719216	0.522773706072514	0.379438165785457	0.444010215600026	0.288712243872326	0.295933807681487	0.214091266670698	0.124930192541273	0.570287100003243	0.610333591840049	0.864662222262261	0.606988126749579	NA	0.552187907496813	0.706613419786041	0.431542635336291	0.43726333969274	0.447410136002784	0.478021568855451	0.488076889984011	0.43166482840859	0.314813784143886	0.612066039598148
cg03859106	NA	NA	NA	NA	NA	NA	NA	NA	NA	NA	NA	NA	NA	NA	NA	NA	NA	NA	NA	NA	NA	NA	NA	NA	NA	NA	NA	NA	NA	NA	NA	NA	NA	NA	NA	NA
cg03885144	NA	NA	NA	NA	NA	NA	NA	NA	NA	NA	NA	NA	NA	NA	NA	NA	NA	NA	NA	NA	NA	NA	NA	NA	NA	NA	NA	NA	NA	NA	NA	NA	NA	NA	NA	NA
cg03890998	NA	NA	NA	NA	NA	NA	NA	NA	NA	NA	NA	NA	NA	NA	NA	NA	NA	NA	NA	NA	NA	NA	NA	NA	NA	NA	NA	NA	NA	NA	NA	NA	NA	NA	NA	NA
cg03913000	NA	NA	NA	NA	NA	NA	NA	NA	NA	NA	NA	NA	NA	NA	NA	NA	NA	NA	NA	NA	NA	NA	NA	NA	NA	NA	NA	NA	NA	NA	NA	NA	NA	NA	NA	NA
cg03933786	NA	NA	NA	NA	NA	NA	NA	NA	NA	NA	NA	NA	NA	NA	NA	NA	NA	NA	NA	NA	NA	NA	NA	NA	NA	NA	NA	NA	NA	NA	NA	NA	NA	NA	NA	NA
cg03935072	NA	NA	NA	NA	NA	NA	NA	NA	NA	NA	NA	NA	NA	NA	NA	NA	NA	NA	NA	NA	NA	NA	NA	NA	NA	NA	NA	NA	NA	NA	NA	NA	NA	NA	NA	NA
cg03996098	NA	NA	NA	NA	NA	NA	NA	NA	NA	NA	NA	NA	NA	NA	NA	NA	NA	NA	NA	NA	NA	NA	NA	NA	NA	NA	NA	NA	NA	NA	NA	NA	NA	NA	NA	NA
cg04002935	NA	NA	NA	NA	NA	NA	NA	NA	NA	NA	NA	NA	NA	NA	NA	NA	NA	NA	NA	NA	NA	NA	NA	NA	NA	NA	NA	NA	NA	NA	NA	NA	NA	NA	NA	NA
cg04006206	NA	NA	NA	NA	NA	NA	NA	NA	NA	NA	NA	NA	NA	NA	NA	NA	NA	NA	NA	NA	NA	NA	NA	NA	NA	NA	NA	NA	NA	NA	NA	NA	NA	NA	NA	NA
cg04026763	NA	NA	NA	NA	NA	NA	NA	NA	NA	NA	NA	NA	NA	NA	NA	NA	NA	NA	NA	NA	NA	NA	NA	NA	NA	NA	NA	NA	NA	NA	NA	NA	NA	NA	NA	NA
cg04031354	NA	NA	NA	NA	NA	NA	NA	NA	NA	NA	NA	NA	NA	NA	NA	NA	NA	NA	NA	NA	NA	NA	NA	NA	NA	NA	NA	NA	NA	NA	NA	NA	NA	NA	NA	NA
cg04055096	0.879171799526974	0.716191260548065	0.89676435937389	0.870088992135755	0.847298228429178	0.935619440461613	0.679848540739189	0.944759509081262	0.914584360988525	0.909049641112873	0.88197978782566	0.955149033986184	0.959202695353273	0.794327532456876	0.92009271500009	0.889850926728985	0.918733479630657	0.924215314026964	0.896367179324202	0.653236706530643	0.93477053739514	0.873052708462625	0.867364672642361	0.67226065941266	0.88899385998202	0.736095756385505	0.877882178004407	0.413598205846217	0.873980572137924	0.865383162980729	0.846475847326971	0.888328159308045	0.784064704242329	0.850005349601922	0.937901711199306	0.835390734582619
cg04062303	NA	NA	NA	NA	NA	NA	NA	NA	NA	NA	NA	NA	NA	NA	NA	NA	NA	NA	NA	NA	NA	NA	NA	NA	NA	NA	NA	NA	NA	NA	NA	NA	NA	NA	NA	NA
cg04076763	NA	NA	NA	NA	NA	NA	NA	NA	NA	NA	NA	NA	NA	NA	NA	NA	NA	NA	NA	NA	NA	NA	NA	NA	NA	NA	NA	NA	NA	NA	NA	NA	NA	NA	NA	NA
cg04100169	NA	NA	NA	NA	NA	NA	NA	NA	NA	NA	NA	NA	NA	NA	NA	NA	NA	NA	NA	NA	NA	NA	NA	NA	NA	NA	NA	NA	NA	NA	NA	NA	NA	NA	NA	NA
cg04103847	0.453519128334024	0.38644212144171	0.655516118913229	0.260655593691243	0.514132810871337	0.850459092104175	0.19257617008275	0.4189809124624	0.344868443267107	0.213137140730007	0.383758091200118	0.196046365435831	0.229998421690069	0.451779062893566	0.427953564703122	0.244368453521699	0.355255631807559	0.266230005340772	0.613717284519276	0.232841619556408	0.653922138291198	0.676825148297065	0.565391197474072	0.539959725062407	0.381987934932361	0.3406303518619	0.318133014617338	0.185653132500353	0.296326085482062	0.278151438689483	0.259309439016481	0.817376948024017	0.337267273436863	0.187747252261403	0.69398035879545	0.522084925548765
cg04114537	NA	NA	NA	NA	NA	NA	NA	NA	NA	NA	NA	NA	NA	NA	NA	NA	NA	NA	NA	NA	NA	NA	NA	NA	NA	NA	NA	NA	NA	NA	NA	NA	NA	NA	NA	NA
cg04143547	NA	NA	NA	NA	NA	NA	NA	NA	NA	NA	NA	NA	NA	NA	NA	NA	NA	NA	NA	NA	NA	NA	NA	NA	NA	NA	NA	NA	NA	NA	NA	NA	NA	NA	NA	NA
cg04167811	NA	NA	NA	NA	NA	NA	NA	NA	NA	NA	NA	NA	NA	NA	NA	NA	NA	NA	NA	NA	NA	NA	NA	NA	NA	NA	NA	NA	NA	NA	NA	NA	NA	NA	NA	NA
cg04216073	0.48579392300571	0.639330550839841	0.910535525190486	0.682939348564752	0.490506518142036	0.826491013671076	0.818302602958612	0.86041381899416	0.88959895111826	0.909025455384706	0.357462934469659	0.629017966352859	0.80496733251824	0.832457192488037	0.858086322643683	0.872751669759346	0.872635049603599	0.858033499671546	0.570475458801996	0.867860908446197	0.421204143513438	0.868071417178816	0.927927594179366	0.933495270715239	0.813041658413213	0.539107076174522	0.939947664682239	0.171695151097081	0.800356580060415	0.930441233205386	0.577053090338956	0.222278688550083	0.745696866861865	0.297250081581444	0.902809922738776	0.709882354943923
cg04223924	0.231903689271982	0.190025832312411	0.866251113532943	0.559868394177726	0.663394365205944	0.893906626124276	0.269455364916494	0.300123966272872	0.274042589179868	0.316760842725479	0.479869705997986	0.599403847387232	0.13955963365399	0.575613540496026	0.361538982347413	0.512780280428768	0.265094083381083	0.697186808425843	0.908965182795283	0.642443422955754	0.105122833261467	0.295089706147912	0.612274157572435	0.307040600300943	0.313162572846091	0.760773750521697	0.859197525840007	0.149856769446971	0.299930692175026	0.406202229192152	0.512222397132109	0.434819188709492	0.373393638039925	0.682424460332702	0.606972591715447	0.664005613657562
cg04224084	NA	NA	NA	NA	NA	NA	NA	NA	NA	NA	NA	NA	NA	NA	NA	NA	NA	NA	NA	NA	NA	NA	NA	NA	NA	NA	NA	NA	NA	NA	NA	NA	NA	NA	NA	NA
cg04240603	NA	NA	NA	NA	NA	NA	NA	NA	NA	NA	NA	NA	NA	NA	NA	NA	NA	NA	NA	NA	NA	NA	NA	NA	NA	NA	NA	NA	NA	NA	NA	NA	NA	NA	NA	NA
cg04261102	NA	NA	NA	NA	NA	NA	NA	NA	NA	NA	NA	NA	NA	NA	NA	NA	NA	NA	NA	NA	NA	NA	NA	NA	NA	NA	NA	NA	NA	NA	NA	NA	NA	NA	NA	NA
cg04273604	NA	NA	NA	NA	NA	NA	NA	NA	NA	NA	NA	NA	NA	NA	NA	NA	NA	NA	NA	NA	NA	NA	NA	NA	NA	NA	NA	NA	NA	NA	NA	NA	NA	NA	NA	NA
cg04280377	NA	NA	NA	NA	NA	NA	NA	NA	NA	NA	NA	NA	NA	NA	NA	NA	NA	NA	NA	NA	NA	NA	NA	NA	NA	NA	NA	NA	NA	NA	NA	NA	NA	NA	NA	NA
cg04285493	NA	NA	NA	NA	NA	NA	NA	NA	NA	NA	NA	NA	NA	NA	NA	NA	NA	NA	NA	NA	NA	NA	NA	NA	NA	NA	NA	NA	NA	NA	NA	NA	NA	NA	NA	NA
cg04370860	0.79448849914622	0.905029550163167	0.882619819996447	0.846313127009848	0.928667102396991	0.913375527357876	0.92775856056065	0.861823848538873	0.930590141255732	0.94171265299234	0.927276587479579	0.89396883029097	0.893926933565453	0.941738366049338	0.9024598108589	0.877705122332658	0.855448971159691	0.905963711271324	0.911642302776372	0.90399151777776	0.934843796669104	0.876756500811377	0.936862532077284	0.904157004334808	0.908798373927141	0.865484243374227	0.922140480188833	0.904309806437632	0.900859272455646	0.888116757266791	0.870615330772976	0.881798282802994	0.892538928989947	0.880680486159308	0.893060048143606	0.900975956933478
cg04379416	NA	NA	NA	NA	NA	NA	NA	NA	NA	NA	NA	NA	NA	NA	NA	NA	NA	NA	NA	NA	NA	NA	NA	NA	NA	NA	NA	NA	NA	NA	NA	NA	NA	NA	NA	NA
cg04392293	NA	NA	NA	NA	NA	NA	NA	NA	NA	NA	NA	NA	NA	NA	NA	NA	NA	NA	NA	NA	NA	NA	NA	NA	NA	NA	NA	NA	NA	NA	NA	NA	NA	NA	NA	NA
cg04407400	NA	NA	NA	NA	NA	NA	NA	NA	NA	NA	NA	NA	NA	NA	NA	NA	NA	NA	NA	NA	NA	NA	NA	NA	NA	NA	NA	NA	NA	NA	NA	NA	NA	NA	NA	NA
cg04474903	NA	NA	NA	NA	NA	NA	NA	NA	NA	NA	NA	NA	NA	NA	NA	NA	NA	NA	NA	NA	NA	NA	NA	NA	NA	NA	NA	NA	NA	NA	NA	NA	NA	NA	NA	NA
cg04477079	NA	NA	NA	NA	NA	NA	NA	NA	NA	NA	NA	NA	NA	NA	NA	NA	NA	NA	NA	NA	NA	NA	NA	NA	NA	NA	NA	NA	NA	NA	NA	NA	NA	NA	NA	NA
cg04487158	NA	NA	NA	NA	NA	NA	NA	NA	NA	NA	NA	NA	NA	NA	NA	NA	NA	NA	NA	NA	NA	NA	NA	NA	NA	NA	NA	NA	NA	NA	NA	NA	NA	NA	NA	NA
cg04498159	NA	NA	NA	NA	NA	NA	NA	NA	NA	NA	NA	NA	NA	NA	NA	NA	NA	NA	NA	NA	NA	NA	NA	NA	NA	NA	NA	NA	NA	NA	NA	NA	NA	NA	NA	NA
cg04509365	NA	NA	NA	NA	NA	NA	NA	NA	NA	NA	NA	NA	NA	NA	NA	NA	NA	NA	NA	NA	NA	NA	NA	NA	NA	NA	NA	NA	NA	NA	NA	NA	NA	NA	NA	NA
cg04577395	NA	NA	NA	NA	NA	NA	NA	NA	NA	NA	NA	NA	NA	NA	NA	NA	NA	NA	NA	NA	NA	NA	NA	NA	NA	NA	NA	NA	NA	NA	NA	NA	NA	NA	NA	NA
cg04586418	0.919488637379516	0.916097411627566	0.924466462836731	0.884531776154067	0.936073163517999	0.963685206599271	0.762031830137444	0.909921257340264	0.955692729351712	0.954400784080356	0.923846179000706	0.930445662027563	0.835511240442014	0.902907961782797	0.801552165235072	0.895871678695781	0.685855171071022	0.923896552763103	0.945498004170623	0.887735974452692	0.94816612939173	0.834096006406857	0.947579737615874	0.890180846589837	0.900305173182308	0.925573866708137	0.962866960259746	0.933920530014377	0.912494972669195	0.94493318606826	0.935785604318138	0.92239041441402	0.853488055257685	0.948935704329444	0.961003535876997	0.894027057886704
cg04611407	NA	NA	NA	NA	NA	NA	NA	NA	NA	NA	NA	NA	NA	NA	NA	NA	NA	NA	NA	NA	NA	NA	NA	NA	NA	NA	NA	NA	NA	NA	NA	NA	NA	NA	NA	NA
cg04612869	NA	NA	NA	NA	NA	NA	NA	NA	NA	NA	NA	NA	NA	NA	NA	NA	NA	NA	NA	NA	NA	NA	NA	NA	NA	NA	NA	NA	NA	NA	NA	NA	NA	NA	NA	NA
cg04613945	NA	NA	NA	NA	NA	NA	NA	NA	NA	NA	NA	NA	NA	NA	NA	NA	NA	NA	NA	NA	NA	NA	NA	NA	NA	NA	NA	NA	NA	NA	NA	NA	NA	NA	NA	NA
cg04636881	NA	NA	NA	NA	NA	NA	NA	NA	NA	NA	NA	NA	NA	NA	NA	NA	NA	NA	NA	NA	NA	NA	NA	NA	NA	NA	NA	NA	NA	NA	NA	NA	NA	NA	NA	NA
cg04675342	NA	NA	NA	NA	NA	NA	NA	NA	NA	NA	NA	NA	NA	NA	NA	NA	NA	NA	NA	NA	NA	NA	NA	NA	NA	NA	NA	NA	NA	NA	NA	NA	NA	NA	NA	NA
cg04717450	NA	NA	NA	NA	NA	NA	NA	NA	NA	NA	NA	NA	NA	NA	NA	NA	NA	NA	NA	NA	NA	NA	NA	NA	NA	NA	NA	NA	NA	NA	NA	NA	NA	NA	NA	NA
cg04730459	NA	NA	NA	NA	NA	NA	NA	NA	NA	NA	NA	NA	NA	NA	NA	NA	NA	NA	NA	NA	NA	NA	NA	NA	NA	NA	NA	NA	NA	NA	NA	NA	NA	NA	NA	NA
cg04751736	NA	NA	NA	NA	NA	NA	NA	NA	NA	NA	NA	NA	NA	NA	NA	NA	NA	NA	NA	NA	NA	NA	NA	NA	NA	NA	NA	NA	NA	NA	NA	NA	NA	NA	NA	NA
cg04757410	NA	NA	NA	NA	NA	NA	NA	NA	NA	NA	NA	NA	NA	NA	NA	NA	NA	NA	NA	NA	NA	NA	NA	NA	NA	NA	NA	NA	NA	NA	NA	NA	NA	NA	NA	NA
cg04799493	NA	NA	NA	NA	NA	NA	NA	NA	NA	NA	NA	NA	NA	NA	NA	NA	NA	NA	NA	NA	NA	NA	NA	NA	NA	NA	NA	NA	NA	NA	NA	NA	NA	NA	NA	NA
cg04826176	NA	NA	NA	NA	NA	NA	NA	NA	NA	NA	NA	NA	NA	NA	NA	NA	NA	NA	NA	NA	NA	NA	NA	NA	NA	NA	NA	NA	NA	NA	NA	NA	NA	NA	NA	NA
cg04829566	NA	NA	NA	NA	NA	NA	NA	NA	NA	NA	NA	NA	NA	NA	NA	NA	NA	NA	NA	NA	NA	NA	NA	NA	NA	NA	NA	NA	NA	NA	NA	NA	NA	NA	NA	NA
cg04831589	NA	NA	NA	NA	NA	NA	NA	NA	NA	NA	NA	NA	NA	NA	NA	NA	NA	NA	NA	NA	NA	NA	NA	NA	NA	NA	NA	NA	NA	NA	NA	NA	NA	NA	NA	NA
cg04834061	NA	NA	NA	NA	NA	NA	NA	NA	NA	NA	NA	NA	NA	NA	NA	NA	NA	NA	NA	NA	NA	NA	NA	NA	NA	NA	NA	NA	NA	NA	NA	NA	NA	NA	NA	NA
cg04860622	NA	NA	NA	NA	NA	NA	NA	NA	NA	NA	NA	NA	NA	NA	NA	NA	NA	NA	NA	NA	NA	NA	NA	NA	NA	NA	NA	NA	NA	NA	NA	NA	NA	NA	NA	NA
cg04879818	NA	NA	NA	NA	NA	NA	NA	NA	NA	NA	NA	NA	NA	NA	NA	NA	NA	NA	NA	NA	NA	NA	NA	NA	NA	NA	NA	NA	NA	NA	NA	NA	NA	NA	NA	NA
cg04884395	NA	NA	NA	NA	NA	NA	NA	NA	NA	NA	NA	NA	NA	NA	NA	NA	NA	NA	NA	NA	NA	NA	NA	NA	NA	NA	NA	NA	NA	NA	NA	NA	NA	NA	NA	NA
cg04896534	0.413070773307988	0.30090613998648	0.678479699125493	0.730198427786011	0.366008833640581	0.700224267138313	0.286490519698247	0.49729500824508	0.590327776239115	0.844003476251703	0.492258584648387	0.633359842351986	0.547594242990913	0.409502837205765	0.548714128945804	0.631685571182703	0.424888154872605	0.519775101057572	0.212546968636177	0.262938310976246	0.181271323691169	0.680281884795027	0.454234219301867	0.528608925855689	0.490397456201795	0.475626016177053	0.682722354446336	0.234110821202201	0.801273293584902	0.329508595461119	0.669434909449245	0.441666790754389	0.572846041560153	0.698526457574975	0.621516079318361	0.627942706533489
cg04908013	NA	NA	NA	NA	NA	NA	NA	NA	NA	NA	NA	NA	NA	NA	NA	NA	NA	NA	NA	NA	NA	NA	NA	NA	NA	NA	NA	NA	NA	NA	NA	NA	NA	NA	NA	NA
cg04935792	0.434068459826781	0.798798612625949	0.865712800369174	0.856401005034274	0.716154603455012	0.915102863152372	0.366030663564594	0.929451024953763	0.563206598420807	0.916781954592082	0.771275374127111	0.652968066838557	0.927456367599653	0.553258161942315	0.674269584651421	0.807957353297515	0.616321059932864	0.441160231508142	0.594305677928906	0.503672189006198	0.335895987104966	0.744483480745801	0.62613078099788	0.900370437262334	0.656886950189707	0.577294808230913	0.853517177858141	0.35803236007633	0.703816976516924	0.876121194257422	0.753656461526538	0.336794423742325	0.591592963695658	0.45633022457356	0.762724110345251	0.775739928531855
cg04941236	NA	NA	NA	NA	NA	NA	NA	NA	NA	NA	NA	NA	NA	NA	NA	NA	NA	NA	NA	NA	NA	NA	NA	NA	NA	NA	NA	NA	NA	NA	NA	NA	NA	NA	NA	NA
cg04943440	NA	NA	NA	NA	NA	NA	NA	NA	NA	NA	NA	NA	NA	NA	NA	NA	NA	NA	NA	NA	NA	NA	NA	NA	NA	NA	NA	NA	NA	NA	NA	NA	NA	NA	NA	NA
cg04943636	NA	NA	NA	NA	NA	NA	NA	NA	NA	NA	NA	NA	NA	NA	NA	NA	NA	NA	NA	NA	NA	NA	NA	NA	NA	NA	NA	NA	NA	NA	NA	NA	NA	NA	NA	NA
cg04964733	NA	NA	NA	NA	NA	NA	NA	NA	NA	NA	NA	NA	NA	NA	NA	NA	NA	NA	NA	NA	NA	NA	NA	NA	NA	NA	NA	NA	NA	NA	NA	NA	NA	NA	NA	NA
cg04978451	NA	NA	NA	NA	NA	NA	NA	NA	NA	NA	NA	NA	NA	NA	NA	NA	NA	NA	NA	NA	NA	NA	NA	NA	NA	NA	NA	NA	NA	NA	NA	NA	NA	NA	NA	NA
cg04990609	NA	NA	NA	NA	NA	NA	NA	NA	NA	NA	NA	NA	NA	NA	NA	NA	NA	NA	NA	NA	NA	NA	NA	NA	NA	NA	NA	NA	NA	NA	NA	NA	NA	NA	NA	NA
cg05019180	NA	NA	NA	NA	NA	NA	NA	NA	NA	NA	NA	NA	NA	NA	NA	NA	NA	NA	NA	NA	NA	NA	NA	NA	NA	NA	NA	NA	NA	NA	NA	NA	NA	NA	NA	NA
cg05072063	NA	NA	NA	NA	NA	NA	NA	NA	NA	NA	NA	NA	NA	NA	NA	NA	NA	NA	NA	NA	NA	NA	NA	NA	NA	NA	NA	NA	NA	NA	NA	NA	NA	NA	NA	NA
cg05088006	0.811513450167121	0.879056856947281	NA	0.832857891643649	0.830930048144758	0.886875531494225	0.791560806539522	0.835840971246104	0.897996504950832	0.877612590793477	0.874074630036907	0.760918291041539	0.865295063486059	NA	0.833553040921719	0.850367968917757	0.849864367945922	0.856656224328166	NA	0.891878156096797	0.857116515307317	0.83207860098368	0.863336946284846	0.914418034519963	0.888043999012767	NA	0.884271985499764	NA	0.891486115059848	0.85757572542303	0.820866882636707	NA	0.816774789811282	0.821351581772325	0.82547902398822	0.814507633954433
cg05093071	NA	NA	NA	NA	NA	NA	NA	NA	NA	NA	NA	NA	NA	NA	NA	NA	NA	NA	NA	NA	NA	NA	NA	NA	NA	NA	NA	NA	NA	NA	NA	NA	NA	NA	NA	NA
cg05103956	NA	NA	NA	NA	NA	NA	NA	NA	NA	NA	NA	NA	NA	NA	NA	NA	NA	NA	NA	NA	NA	NA	NA	NA	NA	NA	NA	NA	NA	NA	NA	NA	NA	NA	NA	NA
cg05227343	0.820049200557413	0.870636499351178	0.935579712153125	0.906505550673925	0.940989999071678	0.947097215090221	0.789040640134356	0.856126003503369	0.947020287038959	0.927180592393318	0.925017147678977	0.947843557976769	0.625437296843163	0.952297327606937	0.925872511945167	0.922672737634713	0.929948633576411	0.934226076117585	0.96130613816307	0.657144469705486	0.952108083658053	0.930249522192981	0.952517077021459	0.95030957707026	0.830363861823443	0.931440752497103	0.956344275745371	0.932349893129899	0.766902744143949	0.936935148107038	0.873554158925208	0.947969444550977	0.893500880870711	0.953402334146904	0.891884812640111	0.883823392640467
cg05229275	NA	NA	NA	NA	NA	NA	NA	NA	NA	NA	NA	NA	NA	NA	NA	NA	NA	NA	NA	NA	NA	NA	NA	NA	NA	NA	NA	NA	NA	NA	NA	NA	NA	NA	NA	NA
cg05269246	NA	NA	NA	NA	NA	NA	NA	NA	NA	NA	NA	NA	NA	NA	NA	NA	NA	NA	NA	NA	NA	NA	NA	NA	NA	NA	NA	NA	NA	NA	NA	NA	NA	NA	NA	NA
cg05274503	NA	NA	NA	NA	NA	NA	NA	NA	NA	NA	NA	NA	NA	NA	NA	NA	NA	NA	NA	NA	NA	NA	NA	NA	NA	NA	NA	NA	NA	NA	NA	NA	NA	NA	NA	NA
cg05277146	0.858561401301577	0.777189302732433	0.894522091584259	0.797472546075472	0.598333481874281	0.928611142495593	0.831355578076982	0.894825504015866	0.907961181682042	0.915789443810462	0.868384660023608	0.932455493696157	0.92983018410545	0.635031979407042	0.617020739045282	0.654219056448693	0.872555902017034	0.828597157916682	0.476050098876075	0.918096229795833	0.873070642151629	0.835295004090895	0.85013661750584	0.948249975031199	0.817914491915939	0.852306189522919	0.837472004343755	0.790348524967285	0.924686510181068	0.919881596137376	0.862482023602798	0.892732454012917	0.704962481767433	0.309340092633564	0.859607796966164	0.851169766009062
cg05285768	NA	NA	NA	NA	NA	NA	NA	NA	NA	NA	NA	NA	NA	NA	NA	NA	NA	NA	NA	NA	NA	NA	NA	NA	NA	NA	NA	NA	NA	NA	NA	NA	NA	NA	NA	NA
cg05294259	NA	NA	NA	NA	NA	NA	NA	NA	NA	NA	NA	NA	NA	NA	NA	NA	NA	NA	NA	NA	NA	NA	NA	NA	NA	NA	NA	NA	NA	NA	NA	NA	NA	NA	NA	NA
cg05301976	0.926252906633246	0.965468884732524	0.969488579756972	0.947113516252327	0.962838891934407	0.959864068677196	0.955080387631296	0.952894993655137	0.972086987623801	0.971734239408293	0.964961606746167	0.962192743159496	0.961989832494187	0.957909868108034	0.954823277797656	0.960310966789119	0.957636002623293	0.964558749092465	0.967529991342181	0.961885945497667	0.969212689426949	0.961385998690098	0.969529228326509	0.970034639576735	0.95981358734407	0.961463698357171	0.975212798928657	0.957964100126522	0.963470776651001	0.95811745446187	0.944796568079027	0.958523289807333	0.957250550221226	0.964222231690681	0.97093120244661	0.953230590307914
cg05305060	NA	NA	NA	NA	NA	NA	NA	NA	NA	NA	NA	NA	NA	NA	NA	NA	NA	NA	NA	NA	NA	NA	NA	NA	NA	NA	NA	NA	NA	NA	NA	NA	NA	NA	NA	NA
cg05331252	NA	NA	NA	NA	NA	NA	NA	NA	NA	NA	NA	NA	NA	NA	NA	NA	NA	NA	NA	NA	NA	NA	NA	NA	NA	NA	NA	NA	NA	NA	NA	NA	NA	NA	NA	NA
cg05345062	0.876210077053112	0.868616103582084	0.849980877005306	0.849659938843876	0.915761793304309	0.915604324549822	0.942888417577778	0.85326618032302	0.881319933789355	0.922279242994033	0.366527834163196	0.916328531172212	0.883511610387991	0.870012462610307	0.711526963037133	0.820703053768339	0.778505380642918	0.59462133611763	0.907476390488909	0.793279491621834	0.886973123817804	0.800250433402449	0.940833223875664	0.940600199028837	0.877451450378203	0.896165205409247	0.913679871679075	0.902057665383385	NA	0.921129415034163	0.819402709555593	0.916243692914406	0.802371900172291	0.915428229972527	0.908365367166961	0.856927034273642
cg05379002	NA	NA	NA	NA	NA	NA	NA	NA	NA	NA	NA	NA	NA	NA	NA	NA	NA	NA	NA	NA	NA	NA	NA	NA	NA	NA	NA	NA	NA	NA	NA	NA	NA	NA	NA	NA
cg05402641	NA	NA	NA	NA	NA	NA	NA	NA	NA	NA	NA	NA	NA	NA	NA	NA	NA	NA	NA	NA	NA	NA	NA	NA	NA	NA	NA	NA	NA	NA	NA	NA	NA	NA	NA	NA
cg05445006	NA	NA	NA	NA	NA	NA	NA	NA	NA	NA	NA	NA	NA	NA	NA	NA	NA	NA	NA	NA	NA	NA	NA	NA	NA	NA	NA	NA	NA	NA	NA	NA	NA	NA	NA	NA
cg05456482	NA	NA	NA	NA	NA	NA	NA	NA	NA	NA	NA	NA	NA	NA	NA	NA	NA	NA	NA	NA	NA	NA	NA	NA	NA	NA	NA	NA	NA	NA	NA	NA	NA	NA	NA	NA
cg05461143	0.76633671685739	0.595112534969536	0.702785957154474	0.743392128719127	0.620968597006888	0.913230745526933	0.681220343140969	0.759568917369082	0.745132908091303	0.947766909054458	0.93506499329677	0.808764940642911	0.789476200363657	0.835959626685075	0.821202284468448	0.7187118873854	0.64146153378062	0.617516597358222	0.506383210996386	0.499228968493036	0.815284451830517	0.705008098134465	0.777428466922826	0.890928316898937	0.654916324995116	0.764509064134734	0.943598894706167	0.286198665653685	0.858934033452392	0.856734739778318	0.735428447370011	0.7201220600752	0.696708832875835	0.585364211377006	0.80510093452867	0.842250590539485
cg05481217	NA	NA	NA	NA	NA	NA	NA	NA	NA	NA	NA	NA	NA	NA	NA	NA	NA	NA	NA	NA	NA	NA	NA	NA	NA	NA	NA	NA	NA	NA	NA	NA	NA	NA	NA	NA
cg05484606	NA	NA	NA	NA	NA	NA	NA	NA	NA	NA	NA	NA	NA	NA	NA	NA	NA	NA	NA	NA	NA	NA	NA	NA	NA	NA	NA	NA	NA	NA	NA	NA	NA	NA	NA	NA
cg05516061	NA	NA	NA	NA	NA	NA	NA	NA	NA	NA	NA	NA	NA	NA	NA	NA	NA	NA	NA	NA	NA	NA	NA	NA	NA	NA	NA	NA	NA	NA	NA	NA	NA	NA	NA	NA
cg05543443	NA	NA	NA	NA	NA	NA	NA	NA	NA	NA	NA	NA	NA	NA	NA	NA	NA	NA	NA	NA	NA	NA	NA	NA	NA	NA	NA	NA	NA	NA	NA	NA	NA	NA	NA	NA
cg05554543	NA	NA	NA	NA	NA	NA	NA	NA	NA	NA	NA	NA	NA	NA	NA	NA	NA	NA	NA	NA	NA	NA	NA	NA	NA	NA	NA	NA	NA	NA	NA	NA	NA	NA	NA	NA
cg05590818	0.228600549064367	0.738408607453158	0.83401940895655	0.656694319259307	0.590791567291797	0.893377211108105	0.637741085663391	0.297701851460146	0.479847041750635	0.513801239318802	0.902200544578647	0.932821588580023	0.470734369554104	0.736836680832736	0.504360250327648	0.865864714392348	0.48112946431568	0.734492391811741	0.895760294789763	0.898165155350745	0.724418354164864	0.72472531447434	0.899105498846453	0.690900204246988	0.725142258439568	0.474940698064937	0.832498944890658	0.867292302329121	0.770662734651802	0.832979613113403	0.788169090079076	0.897542089234352	0.575463930823893	0.909996220536831	0.838606978359206	0.473237974243513
cg05620791	NA	NA	NA	NA	NA	NA	NA	NA	NA	NA	NA	NA	NA	NA	NA	NA	NA	NA	NA	NA	NA	NA	NA	NA	NA	NA	NA	NA	NA	NA	NA	NA	NA	NA	NA	NA
cg05669672	NA	NA	NA	NA	NA	NA	NA	NA	NA	NA	NA	NA	NA	NA	NA	NA	NA	NA	NA	NA	NA	NA	NA	NA	NA	NA	NA	NA	NA	NA	NA	NA	NA	NA	NA	NA
cg05679686	0.865386180355683	0.91845421219886	0.941612709128061	0.873001655911841	0.816397759542496	0.90124134916407	0.622545094865492	0.931272563601948	0.670713600386671	0.906112364626684	0.949609467756224	0.927568483869775	0.757855533280371	0.721673517221823	0.907876967390824	0.881451540824781	0.836300730749737	0.859851079104409	0.86599909034846	0.787350566031232	0.876936557507348	0.892926108477444	0.908970360598554	0.854973217976167	0.871168120152335	0.913401956243256	0.893298465583338	0.876360836186837	0.860691636447204	0.910891510038678	0.892745929036634	0.872488718117175	0.857695630011817	0.956166389095414	0.909190863478277	0.843260234689834
cg05768747	0.943915980621422	0.962912215065349	0.939970505813534	0.954928574438601	0.959084126576018	0.957224766072046	0.890835671263069	0.959199629314405	0.965793838989073	0.965279393968459	0.957232923879013	0.968789037463009	0.962802410203649	0.799628099508071	0.922520654185003	0.962053587848459	0.952539803996872	0.948464969606888	0.945587879455586	0.92523795155771	0.96330153801212	0.950781441180323	0.947778290355031	0.961781351179535	0.940843421212524	0.939234952486411	0.952139498456591	0.958146313466482	0.963607345958581	0.959741630260211	0.912360577675195	0.967910624654864	0.915722828479425	0.950242451497261	0.974423027671016	0.946223729479054
cg05773164	NA	NA	NA	NA	NA	NA	NA	NA	NA	NA	NA	NA	NA	NA	NA	NA	NA	NA	NA	NA	NA	NA	NA	NA	NA	NA	NA	NA	NA	NA	NA	NA	NA	NA	NA	NA
cg05822658	0.880660352121387	0.661852228972382	0.86593095196669	0.900363568809847	0.851715074717298	0.910703502515711	0.601574452337533	0.847309479502471	0.642245083447231	0.937042188983703	0.551558885292214	0.883259266895848	0.894954570145923	0.754122562842893	0.871980155557976	0.720689383349467	0.878796430960143	0.726486336303078	0.332850853932211	0.866443068916084	0.858507102051977	0.858104471609716	0.690350744050665	0.604842814709469	0.85470012207019	0.630076959253531	0.755978698108565	0.31563206424657	0.950492648570925	0.931292896041104	0.789732746890957	0.804409152834195	0.751823409863426	0.85327244843912	0.887661915028451	0.852927548913651
cg05828992	NA	NA	NA	NA	NA	NA	NA	NA	NA	NA	NA	NA	NA	NA	NA	NA	NA	NA	NA	NA	NA	NA	NA	NA	NA	NA	NA	NA	NA	NA	NA	NA	NA	NA	NA	NA
cg05864350	0.926984260020052	0.921650501631944	0.91831922798598	0.89468748240136	0.956489428453114	0.956805456231631	0.956954229014711	0.879286172765825	0.950183898282651	0.962195319501501	0.966107873058017	0.937136226234947	0.921284588089341	0.946545034725079	0.929091291208593	0.872831934556311	0.917675420635777	0.92050595806189	0.958547876426695	0.901682966424161	0.908752492810039	0.903881064830284	0.957965092369557	0.937863250782926	0.918248578340477	0.901544045897287	0.947483537952191	0.931497746968256	0.957787126171377	0.947098024963942	0.918680606351206	0.924164215051702	0.929310938136202	0.913197676020251	0.929128225603553	0.930009823785127
cg05906717	NA	NA	NA	NA	NA	NA	NA	NA	NA	NA	NA	NA	NA	NA	NA	NA	NA	NA	NA	NA	NA	NA	NA	NA	NA	NA	NA	NA	NA	NA	NA	NA	NA	NA	NA	NA
cg05919161	NA	NA	NA	NA	NA	NA	NA	NA	NA	NA	NA	NA	NA	NA	NA	NA	NA	NA	NA	NA	NA	NA	NA	NA	NA	NA	NA	NA	NA	NA	NA	NA	NA	NA	NA	NA
cg05935774	NA	NA	NA	NA	NA	NA	NA	NA	NA	NA	NA	NA	NA	NA	NA	NA	NA	NA	NA	NA	NA	NA	NA	NA	NA	NA	NA	NA	NA	NA	NA	NA	NA	NA	NA	NA
cg05987389	NA	NA	NA	NA	NA	NA	NA	NA	NA	NA	NA	NA	NA	NA	NA	NA	NA	NA	NA	NA	NA	NA	NA	NA	NA	NA	NA	NA	NA	NA	NA	NA	NA	NA	NA	NA
cg06021910	NA	NA	NA	NA	NA	NA	NA	NA	NA	NA	NA	NA	NA	NA	NA	NA	NA	NA	NA	NA	NA	NA	NA	NA	NA	NA	NA	NA	NA	NA	NA	NA	NA	NA	NA	NA
cg06022832	0.883125180147376	0.906937729914773	0.932891976010429	0.911873729443979	0.862204840136361	0.909416725333375	0.912123069226623	0.935332935313839	0.903072876030401	0.955370554887662	0.898869217960855	0.889921974977697	0.94926385545736	0.917869015104803	0.948018819790151	0.927884221750085	0.897599298222288	0.928845084341018	0.922553074303653	0.937838142308432	0.893622543401872	0.942296994561662	0.905428524220239	0.924873962512044	0.909591858709677	0.958418999643106	0.897971157669181	0.937126684376333	0.913883287467731	0.898966778857544	0.879645854344015	0.90582225219228	0.923313664163686	0.933280161360862	0.901878329016567	0.912455933369749
cg06031526	NA	NA	NA	NA	NA	NA	NA	NA	NA	NA	NA	NA	NA	NA	NA	NA	NA	NA	NA	NA	NA	NA	NA	NA	NA	NA	NA	NA	NA	NA	NA	NA	NA	NA	NA	NA
cg06073147	NA	NA	NA	NA	NA	NA	NA	NA	NA	NA	NA	NA	NA	NA	NA	NA	NA	NA	NA	NA	NA	NA	NA	NA	NA	NA	NA	NA	NA	NA	NA	NA	NA	NA	NA	NA
cg06073550	NA	NA	NA	NA	NA	NA	NA	NA	NA	NA	NA	NA	NA	NA	NA	NA	NA	NA	NA	NA	NA	NA	NA	NA	NA	NA	NA	NA	NA	NA	NA	NA	NA	NA	NA	NA
cg06082293	NA	NA	NA	NA	NA	NA	NA	NA	NA	NA	NA	NA	NA	NA	NA	NA	NA	NA	NA	NA	NA	NA	NA	NA	NA	NA	NA	NA	NA	NA	NA	NA	NA	NA	NA	NA
cg06113303	NA	NA	NA	NA	NA	NA	NA	NA	NA	NA	NA	NA	NA	NA	NA	NA	NA	NA	NA	NA	NA	NA	NA	NA	NA	NA	NA	NA	NA	NA	NA	NA	NA	NA	NA	NA
cg06151505	NA	NA	NA	NA	NA	NA	NA	NA	NA	NA	NA	NA	NA	NA	NA	NA	NA	NA	NA	NA	NA	NA	NA	NA	NA	NA	NA	NA	NA	NA	NA	NA	NA	NA	NA	NA
cg06211041	NA	NA	NA	NA	NA	NA	NA	NA	NA	NA	NA	NA	NA	NA	NA	NA	NA	NA	NA	NA	NA	NA	NA	NA	NA	NA	NA	NA	NA	NA	NA	NA	NA	NA	NA	NA
cg06215556	NA	NA	NA	NA	NA	NA	NA	NA	NA	NA	NA	NA	NA	NA	NA	NA	NA	NA	NA	NA	NA	NA	NA	NA	NA	NA	NA	NA	NA	NA	NA	NA	NA	NA	NA	NA
cg06281205	0.916343234582507	0.918918294265054	0.943940844079034	0.934382474634123	0.942213630702309	0.960084503291192	0.900417381201407	0.891584826816747	0.949011322507072	0.956528422719199	0.900591474036905	0.937269234029246	0.917975590287537	0.95359677038833	0.933263826258234	0.932675541294443	0.94855775701895	0.953688945048168	0.957497814261136	0.889465817612371	0.938216838586501	0.930693002516932	0.943464078153668	0.951849159614734	0.934351007228299	0.941859567768072	0.962774510180919	0.922819575766302	0.913895040901638	0.947614016041638	0.931107008053581	0.939911933294078	0.938712576549771	0.932566622656407	0.944435166515702	0.931941159545132
cg06336871	NA	NA	NA	NA	NA	NA	NA	NA	NA	NA	NA	NA	NA	NA	NA	NA	NA	NA	NA	NA	NA	NA	NA	NA	NA	NA	NA	NA	NA	NA	NA	NA	NA	NA	NA	NA
cg06354953	NA	NA	NA	NA	NA	NA	NA	NA	NA	NA	NA	NA	NA	NA	NA	NA	NA	NA	NA	NA	NA	NA	NA	NA	NA	NA	NA	NA	NA	NA	NA	NA	NA	NA	NA	NA
cg06364539	0.961772577909918	0.962225200957545	0.934440952571079	0.945387887300594	0.96232941545158	0.981597007510105	0.979705907298149	0.961616471327503	0.966684643396633	0.984578373768156	0.984151739164443	0.958928638584332	0.936809276799784	0.96924441790562	0.957816310096891	0.888437312194787	0.927746871051365	0.92235924492731	0.979666872937321	0.808294656553586	0.961867682142402	0.937118971581339	0.970469857700709	0.981925650018375	0.965294930885235	0.938066127395532	0.984854350865287	0.306859911617858	0.982552395534669	0.971763355347053	0.9589691574343	0.974822993322198	0.936523802546979	0.947579513993716	0.976059395452784	0.944227824465118
cg06396309	0.834863925004928	0.865319097435098	0.881050975250947	0.843087404455934	0.788222828947068	NA	0.815386822006544	0.88524281626017	0.878536545407137	0.835615515139903	0.842673894102772	0.869533232893779	0.86451122747993	NA	0.767693099333642	0.864744482613789	0.817787606870642	0.8596922905232	NA	0.84802485987253	0.780992905108491	0.842301581592821	0.839555767513112	NA	0.878115858086185	0.776586722940319	0.853212297377768	0.823499533472726	NA	0.872946538492105	0.821763836532192	0.863993354519983	0.853832317872915	0.894216738795846	0.877529693742151	0.868464220444709
cg06438727	0.720718777743712	0.706064041081761	0.853972623715604	0.777151018479402	0.552558143556868	0.888551866291074	0.906500066301905	0.893791482891261	0.831840251515213	0.934634455194847	0.85651763281523	0.513218633239191	0.820600250377739	0.768165770914088	0.723827872096123	0.736858711488769	0.840946103183966	0.722726519093353	0.931913011712723	0.809310862034178	0.556465171042855	0.758124448320954	0.806204404015536	0.880643660502358	0.807125227703302	0.864379596116725	0.880702438210236	0.768755716044527	0.865577334805868	0.804761934000673	0.793821404697122	0.759808904921476	0.766982055370712	0.83037106991764	0.838897548676745	0.827417664138761
cg06440169	NA	NA	NA	NA	NA	NA	NA	NA	NA	NA	NA	NA	NA	NA	NA	NA	NA	NA	NA	NA	NA	NA	NA	NA	NA	NA	NA	NA	NA	NA	NA	NA	NA	NA	NA	NA
cg06442472	NA	NA	NA	NA	NA	NA	NA	NA	NA	NA	NA	NA	NA	NA	NA	NA	NA	NA	NA	NA	NA	NA	NA	NA	NA	NA	NA	NA	NA	NA	NA	NA	NA	NA	NA	NA
cg06450446	NA	NA	NA	NA	NA	NA	NA	NA	NA	NA	NA	NA	NA	NA	NA	NA	NA	NA	NA	NA	NA	NA	NA	NA	NA	NA	NA	NA	NA	NA	NA	NA	NA	NA	NA	NA
cg06455125	NA	NA	NA	NA	NA	NA	NA	NA	NA	NA	NA	NA	NA	NA	NA	NA	NA	NA	NA	NA	NA	NA	NA	NA	NA	NA	NA	NA	NA	NA	NA	NA	NA	NA	NA	NA
cg06484274	0.0677349504999302	0.360544869678363	0.221896224497157	0.095014644896498	0.0943317558245126	0.04955405311061	0.29777220722806	0.280561690550902	0.0924634108823021	0.152813184935699	0.0856823640213448	0.267334975056993	0.116912631328972	0.188760177205264	0.156055675288113	0.116005141227131	0.174772794460468	0.402572065934498	0.475854388892559	0.0454330638837767	0.083291621340404	0.146836947108702	0.519836066939465	0.0378902443839185	0.0727398923871016	0.176281866188746	0.0781961649548833	0.162333340395869	0.0723681201689028	0.230989604370316	0.157478267377992	0.0717920859784638	0.202971016006234	0.844768717037751	0.0920077796796477	0.148057206376322
cg06485995	NA	NA	NA	NA	NA	NA	NA	NA	NA	NA	NA	NA	NA	NA	NA	NA	NA	NA	NA	NA	NA	NA	NA	NA	NA	NA	NA	NA	NA	NA	NA	NA	NA	NA	NA	NA
cg06516543	0.939696140722172	0.823014144466334	0.94325454427112	NA	0.938463549692919	0.96756168347669	0.820831939688868	0.910544208933531	0.974458780276185	0.97108080261226	0.980353717018126	0.913857633979782	0.940206643898481	0.972176309763521	0.930248198812875	0.889449888169901	0.91669957705202	0.760433297242578	0.912573069035599	0.943526088534419	0.824945429596339	0.923888845579676	0.966773589775102	0.970495916812268	0.94292290381008	0.934226237190437	0.977185027764064	0.16707795908086	0.965056799881813	0.973868937766042	0.928812374019568	0.95478607731368	0.953835489776007	0.946428837686573	0.951145787852158	0.941823221207164
cg06576765	NA	NA	NA	NA	NA	NA	NA	NA	NA	NA	NA	NA	NA	NA	NA	NA	NA	NA	NA	NA	NA	NA	NA	NA	NA	NA	NA	NA	NA	NA	NA	NA	NA	NA	NA	NA
cg06577450	NA	NA	NA	NA	NA	NA	NA	NA	NA	NA	NA	NA	NA	NA	NA	NA	NA	NA	NA	NA	NA	NA	NA	NA	NA	NA	NA	NA	NA	NA	NA	NA	NA	NA	NA	NA
cg06613547	NA	NA	NA	NA	NA	NA	NA	NA	NA	NA	NA	NA	NA	NA	NA	NA	NA	NA	NA	NA	NA	NA	NA	NA	NA	NA	NA	NA	NA	NA	NA	NA	NA	NA	NA	NA
cg06631184	0.932093994657551	0.96020882423446	0.961308518330725	0.609656853950843	0.761846510173262	0.965300622315414	0.958684781368037	0.936192301433341	0.929855185071563	0.942892553165609	0.944961131614843	0.815780255219863	0.949266147325382	0.945162902912559	0.891266572808447	0.919155546968977	0.64479555521009	0.805331030777348	0.922512912444298	0.929096185745537	0.532786442550432	0.950714445717933	0.955819388727485	0.967934203089028	0.943563459533933	0.663039241191825	0.95291828735364	0.501971983521703	0.945498216504508	0.962058810618967	0.926888463357033	0.912778966555165	0.939350611134361	0.942811755464944	0.770413835188827	0.947546311377114
cg06643622	0.232366347013767	0.429070022696076	0.726145493443029	0.790574494414547	0.738044918408513	0.447953289689212	0.498827878521539	0.709198864412958	0.58020180237541	0.926795085903357	0.891535075510989	0.897583840716648	0.733330118663067	0.672566132661691	0.489219795569311	0.379186466402592	0.739604458770909	0.578794184028287	0.925176722219526	0.339436020375366	0.248916451698116	0.458525747893123	0.891559766264472	0.883234970903863	0.420013534450679	0.838532697676897	0.896062071368149	0.369336528791703	0.53797085204105	0.646884014267607	0.711294014768168	0.549867739819237	0.431338984393132	0.860154064972519	0.576996207004623	0.700420078491562
cg06655570	NA	NA	NA	NA	NA	NA	NA	NA	NA	NA	NA	NA	NA	NA	NA	NA	NA	NA	NA	NA	NA	NA	NA	NA	NA	NA	NA	NA	NA	NA	NA	NA	NA	NA	NA	NA
cg06659269	NA	NA	NA	NA	NA	NA	NA	NA	NA	NA	NA	NA	NA	NA	NA	NA	NA	NA	NA	NA	NA	NA	NA	NA	NA	NA	NA	NA	NA	NA	NA	NA	NA	NA	NA	NA
cg06659867	NA	NA	NA	NA	NA	NA	NA	NA	NA	NA	NA	NA	NA	NA	NA	NA	NA	NA	NA	NA	NA	NA	NA	NA	NA	NA	NA	NA	NA	NA	NA	NA	NA	NA	NA	NA
cg06662976	0.514561594763795	0.143004240314176	0.505390238152815	0.655410954595036	0.23594245050968	0.857929087992083	0.795314885215898	0.534034506787031	0.786430558143302	0.096252579944223	0.032576173480991	0.869259529268693	0.792538903671872	0.124602092189886	0.0405922997675607	0.717091060103008	0.579560583680664	0.423699784319415	0.0717613020273452	0.0679548865153852	0.577503645761965	0.396744210254725	0.795890753463468	0.616964695456418	0.0465215526488583	0.433842870440801	0.773898582878131	0.621449539033264	0.580029785072629	0.525552239470682	0.630603126556903	0.812580480411471	0.0744029793180892	0.375259454347557	0.339810996034393	0.41337553096245
cg06674392	NA	NA	NA	NA	NA	NA	NA	NA	NA	NA	NA	NA	NA	NA	NA	NA	NA	NA	NA	NA	NA	NA	NA	NA	NA	NA	NA	NA	NA	NA	NA	NA	NA	NA	NA	NA
cg06679649	NA	NA	NA	NA	NA	NA	NA	NA	NA	NA	NA	NA	NA	NA	NA	NA	NA	NA	NA	NA	NA	NA	NA	NA	NA	NA	NA	NA	NA	NA	NA	NA	NA	NA	NA	NA
cg06686174	NA	NA	NA	NA	NA	NA	NA	NA	NA	NA	NA	NA	NA	NA	NA	NA	NA	NA	NA	NA	NA	NA	NA	NA	NA	NA	NA	NA	NA	NA	NA	NA	NA	NA	NA	NA
cg06692606	NA	NA	NA	NA	NA	NA	NA	NA	NA	NA	NA	NA	NA	NA	NA	NA	NA	NA	NA	NA	NA	NA	NA	NA	NA	NA	NA	NA	NA	NA	NA	NA	NA	NA	NA	NA
cg06728577	NA	NA	NA	NA	NA	NA	NA	NA	NA	NA	NA	NA	NA	NA	NA	NA	NA	NA	NA	NA	NA	NA	NA	NA	NA	NA	NA	NA	NA	NA	NA	NA	NA	NA	NA	NA
cg06784187	NA	NA	NA	NA	NA	NA	NA	NA	NA	NA	NA	NA	NA	NA	NA	NA	NA	NA	NA	NA	NA	NA	NA	NA	NA	NA	NA	NA	NA	NA	NA	NA	NA	NA	NA	NA
cg06808021	NA	NA	NA	NA	NA	NA	NA	NA	NA	NA	NA	NA	NA	NA	NA	NA	NA	NA	NA	NA	NA	NA	NA	NA	NA	NA	NA	NA	NA	NA	NA	NA	NA	NA	NA	NA
cg06868034	NA	NA	NA	NA	NA	NA	NA	NA	NA	NA	NA	NA	NA	NA	NA	NA	NA	NA	NA	NA	NA	NA	NA	NA	NA	NA	NA	NA	NA	NA	NA	NA	NA	NA	NA	NA
cg06868413	NA	NA	NA	NA	NA	NA	NA	NA	NA	NA	NA	NA	NA	NA	NA	NA	NA	NA	NA	NA	NA	NA	NA	NA	NA	NA	NA	NA	NA	NA	NA	NA	NA	NA	NA	NA
cg06868699	NA	NA	NA	NA	NA	NA	NA	NA	NA	NA	NA	NA	NA	NA	NA	NA	NA	NA	NA	NA	NA	NA	NA	NA	NA	NA	NA	NA	NA	NA	NA	NA	NA	NA	NA	NA
cg06921605	NA	NA	NA	NA	NA	NA	NA	NA	NA	NA	NA	NA	NA	NA	NA	NA	NA	NA	NA	NA	NA	NA	NA	NA	NA	NA	NA	NA	NA	NA	NA	NA	NA	NA	NA	NA
cg06934003	NA	NA	NA	NA	NA	NA	NA	NA	NA	NA	NA	NA	NA	NA	NA	NA	NA	NA	NA	NA	NA	NA	NA	NA	NA	NA	NA	NA	NA	NA	NA	NA	NA	NA	NA	NA
cg06944489	NA	NA	NA	NA	NA	NA	NA	NA	NA	NA	NA	NA	NA	NA	NA	NA	NA	NA	NA	NA	NA	NA	NA	NA	NA	NA	NA	NA	NA	NA	NA	NA	NA	NA	NA	NA
cg06949017	NA	NA	NA	NA	NA	NA	NA	NA	NA	NA	NA	NA	NA	NA	NA	NA	NA	NA	NA	NA	NA	NA	NA	NA	NA	NA	NA	NA	NA	NA	NA	NA	NA	NA	NA	NA
cg06960940	NA	NA	NA	NA	NA	NA	NA	NA	NA	NA	NA	NA	NA	NA	NA	NA	NA	NA	NA	NA	NA	NA	NA	NA	NA	NA	NA	NA	NA	NA	NA	NA	NA	NA	NA	NA
cg06962373	0.571275166931921	0.499782332843858	0.756540272834039	0.65716070794162	0.706415266457571	0.755354372683723	0.259649147499923	0.785773145186846	0.793622664121315	0.835188868540073	0.706109465999632	0.806419301205122	0.788612790800676	0.646504361130223	0.602290560800001	0.610638401070075	0.492425884568312	0.615704517002804	0.768409251702832	0.480971034417526	0.769227749238562	0.642756640667244	0.786594113156337	0.795342041694501	0.645322705182443	0.533866824052459	0.632849619637785	0.314819649105174	0.781944124045038	0.771413311174193	0.6245549897003	0.8210618257919	0.548866410684052	0.392570890645523	0.583606919289437	0.618876327775157
cg06970454	NA	NA	NA	NA	NA	NA	NA	NA	NA	NA	NA	NA	NA	NA	NA	NA	NA	NA	NA	NA	NA	NA	NA	NA	NA	NA	NA	NA	NA	NA	NA	NA	NA	NA	NA	NA
cg06977264	NA	NA	NA	NA	NA	NA	NA	NA	NA	NA	NA	NA	NA	NA	NA	NA	NA	NA	NA	NA	NA	NA	NA	NA	NA	NA	NA	NA	NA	NA	NA	NA	NA	NA	NA	NA
cg06995113	NA	NA	NA	NA	NA	NA	NA	NA	NA	NA	NA	NA	NA	NA	NA	NA	NA	NA	NA	NA	NA	NA	NA	NA	NA	NA	NA	NA	NA	NA	NA	NA	NA	NA	NA	NA
cg06999653	0.634540546487428	0.706690788093937	0.776851345139093	0.746530974461081	0.794288113623682	0.847599803807041	0.750597005839342	0.69127674078334	0.788933535000394	0.895149095776999	0.817275469667455	0.74920365237405	0.75331397818628	0.737015248494656	0.716014278691622	0.732240863973444	0.497371762645945	0.687939590933305	0.88163198869056	0.647044196064967	0.425836313057435	0.773998630915363	0.850282362380292	0.827190179271222	0.740278843412157	0.834938769730984	0.855625137633712	0.763736004155184	0.845782111287431	0.866491832763947	0.673505090648377	0.841294656382516	0.791575205033759	0.774122460801054	0.834963996472019	0.713100496685594
cg07005246	NA	NA	NA	NA	NA	NA	NA	NA	NA	NA	NA	NA	NA	NA	NA	NA	NA	NA	NA	NA	NA	NA	NA	NA	NA	NA	NA	NA	NA	NA	NA	NA	NA	NA	NA	NA
cg07021678	NA	NA	NA	NA	NA	NA	NA	NA	NA	NA	NA	NA	NA	NA	NA	NA	NA	NA	NA	NA	NA	NA	NA	NA	NA	NA	NA	NA	NA	NA	NA	NA	NA	NA	NA	NA
cg07088430	NA	NA	NA	NA	NA	NA	NA	NA	NA	NA	NA	NA	NA	NA	NA	NA	NA	NA	NA	NA	NA	NA	NA	NA	NA	NA	NA	NA	NA	NA	NA	NA	NA	NA	NA	NA
cg07165120	0.35287258127786	0.900908581144201	0.938143407938188	0.922392780125308	0.810998246225487	0.961262100819585	0.730745325193463	0.936292650409746	0.917368982981763	0.931140497074442	0.906059724224988	0.94816268117248	0.948609466733117	0.858867676417322	0.918395360387899	0.875258015532266	0.885632535517347	0.909859661247943	0.868658834426142	0.876860420972067	0.780667658293924	0.913300859807316	0.958809152845226	0.924832372793874	0.916140116522157	0.760871178355432	0.906097745908658	0.950185798606419	0.884922271508649	0.901002862727476	0.887851721635889	0.81569521700549	0.871611305093316	0.953288745850364	0.959314297109997	0.784318689180308
cg07170752	0.914196799610197	0.699729088847727	0.858249559545403	0.878031175100653	0.876683832839712	0.891730795547718	0.709844096938789	0.82415162934715	0.895953591686836	0.882738177438213	0.832294592270248	0.882232841870542	0.48821866297169	0.835455135696675	0.868001771851391	0.857303000244134	0.456012502541684	0.835474867442905	0.911344953923408	0.396672846603838	0.86727418138168	0.821598359259236	0.862456731252283	0.896297827362944	0.866627781661531	0.816395401421148	0.916734375252356	0.896042298931335	0.798829288985823	0.879092152272782	0.916912584720488	0.860482702689656	0.712366039544078	0.861870022889168	0.883542611096172	0.857995797444407
cg07221511	NA	NA	NA	NA	NA	NA	NA	NA	NA	NA	NA	NA	NA	NA	NA	NA	NA	NA	NA	NA	NA	NA	NA	NA	NA	NA	NA	NA	NA	NA	NA	NA	NA	NA	NA	NA
cg07228905	0.716376607762874	0.699330911659262	0.775572502561871	0.648884404664669	0.790017145811214	0.894886974092262	0.627052409408145	0.727842391767906	0.804733181713433	0.901247121880553	0.867103782263723	0.757461126602253	0.730397570548464	0.685297909567766	0.604387487632638	0.635032592689877	0.714926288184269	0.625793639585625	0.77783309859215	0.72235312313311	0.794566324897925	0.666204036891041	0.80335702024065	0.864095762025133	0.669781326435896	0.614956050995099	0.857666560224588	0.449008983991284	0.819708453039763	0.765192232409942	0.657438429079612	0.756110365398164	0.630698672061126	0.588607453571999	0.846680608241348	0.628575005723544
cg07242196	0.975959509511484	0.977294155992927	0.9829915877316	0.977799476394733	0.976525452834037	0.981028098518817	0.762225794623695	0.982685193591537	0.985431942951887	0.985804187249916	0.989299532582903	0.979231092747741	0.983303634461669	0.987235929263816	0.977312990903754	0.977294993011064	0.972398711251455	0.980186276395736	0.986438554529426	0.473189566592841	0.985536484972819	0.97801402678786	0.990812683413721	0.988212215440426	0.984524235105144	0.978911936387764	0.985209213919389	0.984696760051127	0.984459794227194	0.979841408236921	0.980870045829608	0.980039355112386	0.979344853630582	0.987849238268974	0.982845713305755	0.979917574605953
cg07244523	NA	NA	NA	NA	NA	NA	NA	NA	NA	NA	NA	NA	NA	NA	NA	NA	NA	NA	NA	NA	NA	NA	NA	NA	NA	NA	NA	NA	NA	NA	NA	NA	NA	NA	NA	NA
cg07252846	NA	NA	NA	NA	NA	NA	NA	NA	NA	NA	NA	NA	NA	NA	NA	NA	NA	NA	NA	NA	NA	NA	NA	NA	NA	NA	NA	NA	NA	NA	NA	NA	NA	NA	NA	NA
cg07277465	NA	NA	NA	NA	NA	NA	NA	NA	NA	NA	NA	NA	NA	NA	NA	NA	NA	NA	NA	NA	NA	NA	NA	NA	NA	NA	NA	NA	NA	NA	NA	NA	NA	NA	NA	NA
cg07283015	0.940118923960037	0.94090821667433	0.963200792093154	0.927312446669771	0.937207262566114	0.960964591073779	0.737641310110111	0.939932432688874	0.920224886429983	0.943518539457496	0.949931950275791	0.906718917150343	0.945129675783422	0.747513601423383	0.951115291295868	0.946799550560817	0.87563019036877	0.95755056471686	0.929693122182097	0.872228918969861	0.729886285944465	0.916085342655625	0.958414138481712	0.9647697099935	0.961377944051307	0.843794771157343	0.959593524111547	0.835847336610158	0.934338571955121	0.93117515473366	0.921711650927412	0.95424578006437	0.892261477871428	0.933228660744266	0.964584828261971	0.934248635393361
cg07372195	0.916481059981056	0.907866877668148	0.936689218991221	0.893860409296214	0.948351476828007	0.955354410209477	0.865042998017859	0.916589594936253	0.93419263961872	0.965498175970794	0.966645863622705	0.937186356113992	0.893632939933568	0.964173550812387	0.915399915637162	0.868730537978976	0.925773587149982	0.901277693776959	0.94294329633561	0.914402318956417	0.954702486762727	0.937140577985984	0.965968196593401	0.961488290823024	0.912570153376271	0.926167755541534	0.959597693311656	0.952263974293407	0.944557589521286	0.950189016485236	0.876323490717324	0.941632731045826	0.897240574868637	0.949568860659934	0.949775224418589	0.939025580248627
cg07378405	NA	NA	NA	NA	NA	NA	NA	NA	NA	NA	NA	NA	NA	NA	NA	NA	NA	NA	NA	NA	NA	NA	NA	NA	NA	NA	NA	NA	NA	NA	NA	NA	NA	NA	NA	NA
cg07421068	NA	NA	NA	NA	NA	NA	NA	NA	NA	NA	NA	NA	NA	NA	NA	NA	NA	NA	NA	NA	NA	NA	NA	NA	NA	NA	NA	NA	NA	NA	NA	NA	NA	NA	NA	NA
cg07427559	NA	NA	NA	NA	NA	NA	NA	NA	NA	NA	NA	NA	NA	NA	NA	NA	NA	NA	NA	NA	NA	NA	NA	NA	NA	NA	NA	NA	NA	NA	NA	NA	NA	NA	NA	NA
cg07508429	0.758310644702861	0.491849559869348	0.628726306837489	0.70206173840755	0.833045124523599	0.907122053190695	0.801461174503852	0.484891096298766	0.862431601451645	0.907979666556226	0.916785495529637	0.799132616818133	0.554329400687684	0.795949829935384	0.755450782233963	0.595616632028727	0.611541374749043	0.636769730648943	0.87824159872607	0.681429279480822	0.6809666865312	0.642953958177986	0.91052389284835	0.923269193633069	0.69412543136821	0.744550944206018	0.91095582371403	0.79595730665518	0.849446613875407	0.810111478095614	0.518949168420531	0.757583790272149	0.651037763513731	0.754806738799763	0.789651944420117	0.716129013255424
cg07516965	NA	NA	NA	NA	NA	NA	NA	NA	NA	NA	NA	NA	NA	NA	NA	NA	NA	NA	NA	NA	NA	NA	NA	NA	NA	NA	NA	NA	NA	NA	NA	NA	NA	NA	NA	NA
cg07532159	NA	NA	NA	NA	NA	NA	NA	NA	NA	NA	NA	NA	NA	NA	NA	NA	NA	NA	NA	NA	NA	NA	NA	NA	NA	NA	NA	NA	NA	NA	NA	NA	NA	NA	NA	NA
cg07559427	0.908482883655431	0.915632475336253	0.955160860575659	0.935946735476005	0.96368432968368	0.963687746963745	0.884681845782984	0.938131599080823	0.945746214593317	0.955591361434806	0.957265204023668	0.968917624351202	0.956659985235011	0.932059351527974	0.95102521161063	0.946599773689012	0.933574029231386	0.950076681845089	0.947863588593734	0.941991951718927	0.958719750918799	0.954153705018229	0.945144144281497	0.960899277749124	0.948862504191853	0.943260865195983	0.969854041997537	0.604986724815673	0.926538727466024	0.956984822222357	0.89280670358361	0.93901426825293	0.945160689110237	0.948280262486907	0.961719266595637	0.9372246330096
cg07590638	NA	NA	NA	NA	NA	NA	NA	NA	NA	NA	NA	NA	NA	NA	NA	NA	NA	NA	NA	NA	NA	NA	NA	NA	NA	NA	NA	NA	NA	NA	NA	NA	NA	NA	NA	NA
cg07612889	NA	NA	NA	NA	NA	NA	NA	NA	NA	NA	NA	NA	NA	NA	NA	NA	NA	NA	NA	NA	NA	NA	NA	NA	NA	NA	NA	NA	NA	NA	NA	NA	NA	NA	NA	NA
cg07633119	NA	NA	NA	NA	NA	NA	NA	NA	NA	NA	NA	NA	NA	NA	NA	NA	NA	NA	NA	NA	NA	NA	NA	NA	NA	NA	NA	NA	NA	NA	NA	NA	NA	NA	NA	NA
cg07645858	NA	NA	NA	NA	NA	NA	NA	NA	NA	NA	NA	NA	NA	NA	NA	NA	NA	NA	NA	NA	NA	NA	NA	NA	NA	NA	NA	NA	NA	NA	NA	NA	NA	NA	NA	NA
cg07672509	NA	NA	NA	NA	NA	NA	NA	NA	NA	NA	NA	NA	NA	NA	NA	NA	NA	NA	NA	NA	NA	NA	NA	NA	NA	NA	NA	NA	NA	NA	NA	NA	NA	NA	NA	NA
cg07690202	NA	NA	NA	NA	NA	NA	NA	NA	NA	NA	NA	NA	NA	NA	NA	NA	NA	NA	NA	NA	NA	NA	NA	NA	NA	NA	NA	NA	NA	NA	NA	NA	NA	NA	NA	NA
cg07752079	NA	NA	NA	NA	NA	NA	NA	NA	NA	NA	NA	NA	NA	NA	NA	NA	NA	NA	NA	NA	NA	NA	NA	NA	NA	NA	NA	NA	NA	NA	NA	NA	NA	NA	NA	NA
cg07752596	NA	NA	NA	NA	NA	NA	NA	NA	NA	NA	NA	NA	NA	NA	NA	NA	NA	NA	NA	NA	NA	NA	NA	NA	NA	NA	NA	NA	NA	NA	NA	NA	NA	NA	NA	NA
cg07756562	NA	NA	NA	NA	NA	NA	NA	NA	NA	NA	NA	NA	NA	NA	NA	NA	NA	NA	NA	NA	NA	NA	NA	NA	NA	NA	NA	NA	NA	NA	NA	NA	NA	NA	NA	NA
cg07757454	NA	NA	NA	NA	NA	NA	NA	NA	NA	NA	NA	NA	NA	NA	NA	NA	NA	NA	NA	NA	NA	NA	NA	NA	NA	NA	NA	NA	NA	NA	NA	NA	NA	NA	NA	NA
cg07810671	NA	NA	NA	NA	NA	NA	NA	NA	NA	NA	NA	NA	NA	NA	NA	NA	NA	NA	NA	NA	NA	NA	NA	NA	NA	NA	NA	NA	NA	NA	NA	NA	NA	NA	NA	NA
cg07841357	NA	NA	NA	NA	NA	NA	NA	NA	NA	NA	NA	NA	NA	NA	NA	NA	NA	NA	NA	NA	NA	NA	NA	NA	NA	NA	NA	NA	NA	NA	NA	NA	NA	NA	NA	NA
cg07855322	NA	NA	NA	NA	NA	NA	NA	NA	NA	NA	NA	NA	NA	NA	NA	NA	NA	NA	NA	NA	NA	NA	NA	NA	NA	NA	NA	NA	NA	NA	NA	NA	NA	NA	NA	NA
cg07856387	NA	NA	NA	NA	NA	NA	NA	NA	NA	NA	NA	NA	NA	NA	NA	NA	NA	NA	NA	NA	NA	NA	NA	NA	NA	NA	NA	NA	NA	NA	NA	NA	NA	NA	NA	NA
cg07902406	NA	NA	NA	NA	NA	NA	NA	NA	NA	NA	NA	NA	NA	NA	NA	NA	NA	NA	NA	NA	NA	NA	NA	NA	NA	NA	NA	NA	NA	NA	NA	NA	NA	NA	NA	NA
cg07912810	NA	NA	NA	NA	NA	NA	NA	NA	NA	NA	NA	NA	NA	NA	NA	NA	NA	NA	NA	NA	NA	NA	NA	NA	NA	NA	NA	NA	NA	NA	NA	NA	NA	NA	NA	NA
cg07922521	0.932235364141563	0.889100385367678	0.93538140480546	0.919525501751381	0.900476500001612	0.959693537241895	0.927258248722885	0.953201554826647	0.926793482974082	0.943399205130075	0.91706018900214	0.926368227143838	0.939273826147007	0.932384252936823	0.634818558409331	0.923913083347431	0.865421677148716	0.888486670713784	0.958470046256514	0.89061094083934	0.937018575108865	0.928748359598721	0.90027630291518	0.937210670831386	0.766953805742248	0.872256797632366	0.934017263676117	0.94775769731052	0.950412350684639	0.933825138517665	0.805219675726371	0.942995829409877	0.785959648888611	0.914835103460522	0.900107728950246	0.850036956495241
cg07989373	NA	NA	NA	NA	NA	NA	NA	NA	NA	NA	NA	NA	NA	NA	NA	NA	NA	NA	NA	NA	NA	NA	NA	NA	NA	NA	NA	NA	NA	NA	NA	NA	NA	NA	NA	NA
cg07997387	NA	NA	NA	NA	NA	NA	NA	NA	NA	NA	NA	NA	NA	NA	NA	NA	NA	NA	NA	NA	NA	NA	NA	NA	NA	NA	NA	NA	NA	NA	NA	NA	NA	NA	NA	NA
cg08005007	0.856036907106054	0.838547812781928	0.836993740859233	0.861259025162774	0.810617124656013	0.88959205076861	0.723700022938434	0.84936348900173	0.909793150435515	0.879394243134315	0.847274365499773	0.880092649034763	0.841553765604474	0.870962228819191	0.912354922125595	0.89408001437096	0.811153071020824	0.837858224872625	0.869394296274592	0.80486884708077	0.806176846101627	0.835014622170012	0.888565386575053	0.824226682830803	0.885606466729669	0.809050145630707	0.892991704643773	0.679082012311554	0.87619632287712	0.82966890977006	0.835150329704677	0.825900270460505	0.861130386231738	0.822286399986502	0.873358224080173	0.876574577740191
cg08027643	NA	NA	NA	NA	NA	NA	NA	NA	NA	NA	NA	NA	NA	NA	NA	NA	NA	NA	NA	NA	NA	NA	NA	NA	NA	NA	NA	NA	NA	NA	NA	NA	NA	NA	NA	NA
cg08075677	NA	NA	NA	NA	NA	NA	NA	NA	NA	NA	NA	NA	NA	NA	NA	NA	NA	NA	NA	NA	NA	NA	NA	NA	NA	NA	NA	NA	NA	NA	NA	NA	NA	NA	NA	NA
cg08082390	0.858197364217813	0.954742762838671	0.942262563941411	0.899772480516237	0.851408788696573	0.950905191303464	0.95358600339312	0.930612200240922	0.958931049868076	0.956287275801969	0.943560000718111	0.825711630217578	0.939533704048171	0.917173188426555	0.941368765030437	0.925086918428142	0.893000644595224	0.941338407377631	0.688172342819689	0.934486972464353	0.652691854913946	0.949280466815284	0.955261693785198	0.945647943682534	0.944598780584546	0.916464626709272	0.937314376897726	0.56991883182304	0.938447071791656	0.945419779927909	0.916722999134896	0.789711054937317	0.946359041361981	0.921545932955569	0.952449555375495	0.954831997964357
cg08096684	0.938021637584112	0.483365234854706	0.955439382579659	0.951338056776668	0.948591513375137	0.97633233904041	0.379831913164896	0.966736340116665	0.965406083476747	0.978436038984526	0.978786802001371	0.951137924962422	0.95251427718782	0.971188507328608	0.965136885722086	0.962014698708153	0.530214813269576	0.921835453430651	0.962739405534812	0.58389023788549	0.465569934196291	0.949607148861893	0.981466328990467	0.964486274592249	0.957865880562722	0.949612643053187	0.977836682707198	0.4134079858842	0.977617183370722	0.590022638961404	0.95549592821501	0.970355856746924	0.672180110953717	0.96256269050164	0.972039982795777	0.959649393414809
cg08123100	NA	0.584841208178666	0.721362502642936	NA	0.689549231732294	0.86521810288653	0.696818741756933	NA	0.635491844862205	0.703723584530478	0.428411831293783	0.737574483207248	NA	0.74360728640941	0.845686788753554	0.84767453444428	0.612551273020931	0.725135813241784	0.784022932333929	0.794599680923384	0.314530981806675	0.680695697884545	0.929765788652597	0.784085998274574	NA	0.734208356552111	0.818603374151206	NA	NA	NA	0.72861824259986	NA	0.696921042288799	0.857468168950154	0.887644612952694	0.809829751932711
cg08158805	NA	NA	NA	NA	NA	NA	NA	NA	NA	NA	NA	NA	NA	NA	NA	NA	NA	NA	NA	NA	NA	NA	NA	NA	NA	NA	NA	NA	NA	NA	NA	NA	NA	NA	NA	NA
cg08170119	NA	NA	NA	NA	NA	NA	NA	NA	NA	NA	NA	NA	NA	NA	NA	NA	NA	NA	NA	NA	NA	NA	NA	NA	NA	NA	NA	NA	NA	NA	NA	NA	NA	NA	NA	NA
cg08177743	0.929203896119239	0.941145104771749	0.94152404548359	0.835756324920858	0.945859256536347	0.938553099681943	0.907045830428956	0.924549277563931	0.896635776805992	0.916767825226203	0.914509188807877	0.942496389895186	0.886069034876491	0.890541460832746	0.912283876151955	0.858070132407589	0.918668761443128	0.912162200018332	0.905508091462686	0.889666496200204	0.907746106511312	0.9407977027131	0.903895019941595	0.909457538899457	0.877346129385405	0.868674005045779	0.929211120343092	0.933600649021198	0.915404485128029	0.93437142359972	0.889469157974735	0.908270432309843	0.870510371608863	0.878013018287881	0.876098753686198	0.873596281608825
cg08222555	NA	NA	NA	NA	NA	NA	NA	NA	NA	NA	NA	NA	NA	NA	NA	NA	NA	NA	NA	NA	NA	NA	NA	NA	NA	NA	NA	NA	NA	NA	NA	NA	NA	NA	NA	NA
cg08237400	NA	NA	NA	NA	NA	NA	NA	NA	NA	NA	NA	NA	NA	NA	NA	NA	NA	NA	NA	NA	NA	NA	NA	NA	NA	NA	NA	NA	NA	NA	NA	NA	NA	NA	NA	NA
cg08254315	NA	NA	NA	NA	NA	NA	NA	NA	NA	NA	NA	NA	NA	NA	NA	NA	NA	NA	NA	NA	NA	NA	NA	NA	NA	NA	NA	NA	NA	NA	NA	NA	NA	NA	NA	NA
cg08278002	0.62793110664127	0.517675527307484	0.930247427440032	0.688890276610793	0.842782698766127	0.951641843281444	0.291111427385247	0.911777578592967	0.937090810163842	0.944800229668551	0.881871934358737	0.933181920340241	0.912645980992515	0.515814155162064	0.675999989887471	0.778037125013863	0.794590021761771	0.694804255129469	0.538734389733682	0.206230278643149	0.45140054716037	0.792463023711884	0.927465953801782	0.940658953541392	0.778347045580096	0.687123439901167	0.898392270429538	0.925929267032886	0.790079304266046	0.912956952075004	0.767757935104209	0.904886553408302	0.55302367249947	0.74781190891645	0.926161232842821	0.675027988880417
cg08338237	NA	NA	NA	NA	NA	NA	NA	NA	NA	NA	NA	NA	NA	NA	NA	NA	NA	NA	NA	NA	NA	NA	NA	NA	NA	NA	NA	NA	NA	NA	NA	NA	NA	NA	NA	NA
cg08356248	NA	NA	NA	NA	NA	NA	NA	NA	NA	NA	NA	NA	NA	NA	NA	NA	NA	NA	NA	NA	NA	NA	NA	NA	NA	NA	NA	NA	NA	NA	NA	NA	NA	NA	NA	NA
cg08371086	NA	NA	NA	NA	NA	NA	NA	NA	NA	NA	NA	NA	NA	NA	NA	NA	NA	NA	NA	NA	NA	NA	NA	NA	NA	NA	NA	NA	NA	NA	NA	NA	NA	NA	NA	NA
cg08373323	0.909911001319432	0.880203029583175	0.895005269584039	0.857376198491872	0.910973584267534	0.955413120219061	0.927550035588673	0.847233311748616	0.880881268544747	0.95932177424445	0.948039997287725	0.943058631940993	0.859376139457477	0.920422488617475	0.899239316850271	0.827870997021702	0.8184547033131	0.88287197856304	0.933143293846504	0.895661550225291	0.91468993436956	0.840494256485599	0.934548136540704	0.941135666426248	0.837398895831323	0.894693589639144	0.930427210345272	0.890867382730703	0.943133378854561	0.892585681144086	0.819170461574409	0.892709068667206	0.829744933892279	0.908567288280398	0.831147402370337	0.907530093636821
cg08454110	NA	NA	NA	NA	NA	NA	NA	NA	NA	NA	NA	NA	NA	NA	NA	NA	NA	NA	NA	NA	NA	NA	NA	NA	NA	NA	NA	NA	NA	NA	NA	NA	NA	NA	NA	NA
cg08458655	NA	NA	NA	NA	NA	NA	NA	NA	NA	NA	NA	NA	NA	NA	NA	NA	NA	NA	NA	NA	NA	NA	NA	NA	NA	NA	NA	NA	NA	NA	NA	NA	NA	NA	NA	NA
cg08488494	NA	NA	NA	NA	NA	NA	NA	NA	NA	NA	NA	NA	NA	NA	NA	NA	NA	NA	NA	NA	NA	NA	NA	NA	NA	NA	NA	NA	NA	NA	NA	NA	NA	NA	NA	NA
cg08509032	NA	NA	NA	NA	NA	NA	NA	NA	NA	NA	NA	NA	NA	NA	NA	NA	NA	NA	NA	NA	NA	NA	NA	NA	NA	NA	NA	NA	NA	NA	NA	NA	NA	NA	NA	NA
cg08547427	NA	NA	NA	NA	NA	NA	NA	NA	NA	NA	NA	NA	NA	NA	NA	NA	NA	NA	NA	NA	NA	NA	NA	NA	NA	NA	NA	NA	NA	NA	NA	NA	NA	NA	NA	NA
cg08593037	NA	NA	NA	NA	NA	NA	NA	NA	NA	NA	NA	NA	NA	NA	NA	NA	NA	NA	NA	NA	NA	NA	NA	NA	NA	NA	NA	NA	NA	NA	NA	NA	NA	NA	NA	NA
cg08596858	NA	NA	NA	NA	NA	NA	NA	NA	NA	NA	NA	NA	NA	NA	NA	NA	NA	NA	NA	NA	NA	NA	NA	NA	NA	NA	NA	NA	NA	NA	NA	NA	NA	NA	NA	NA
cg08670672	0.881878324613156	0.918820399364683	0.901061841734875	0.882119098536279	0.946291238033143	0.93425684610451	0.943937191970342	0.85361335696903	0.941022285263806	0.941894121661314	0.963251729138628	0.937627347133129	0.883597346386589	0.939401157972249	0.908312630526457	0.915799662469983	0.908726201853123	0.907425981065903	0.94464708492584	0.911823119879769	0.940757269912425	0.925041720600067	0.953073066498085	0.94427952828619	0.911998110321366	0.894449883326499	0.950590959687702	0.92771791776565	0.947070895562502	0.924362957898974	0.88270250332812	0.880276487739661	0.941321211317736	0.911166522680034	0.939276840787322	0.905554481862993
cg08694858	NA	NA	NA	NA	NA	NA	NA	NA	NA	NA	NA	NA	NA	NA	NA	NA	NA	NA	NA	NA	NA	NA	NA	NA	NA	NA	NA	NA	NA	NA	NA	NA	NA	NA	NA	NA
cg08714076	0.884204721717283	0.805329934349633	0.917024128562925	0.899396577002979	0.774198758003733	0.915789394951295	0.487034591321478	0.72655337572746	0.834603521518459	0.899560463818867	0.811869802412031	0.346718975060307	0.850105055642027	0.681283292521145	0.807478498516102	0.71879383400368	0.572868471976456	0.847684605182006	0.417928431161244	0.551250201045465	0.594004082680567	0.85444021635431	0.90380123390758	0.578648015964731	0.833110230000247	0.615856978001578	0.903577919919238	0.840788543299215	0.669628140681499	0.701028822977485	0.796878440554373	0.907443600039803	0.702227961714782	0.796639577305047	0.895555095515604	0.816294061412629
cg08773876	NA	NA	NA	NA	NA	NA	NA	NA	NA	NA	NA	NA	NA	NA	NA	NA	NA	NA	NA	NA	NA	NA	NA	NA	NA	NA	NA	NA	NA	NA	NA	NA	NA	NA	NA	NA
cg08786064	NA	NA	NA	NA	NA	NA	NA	NA	NA	NA	NA	NA	NA	NA	NA	NA	NA	NA	NA	NA	NA	NA	NA	NA	NA	NA	NA	NA	NA	NA	NA	NA	NA	NA	NA	NA
cg08789741	NA	NA	NA	NA	NA	NA	NA	NA	NA	NA	NA	NA	NA	NA	NA	NA	NA	NA	NA	NA	NA	NA	NA	NA	NA	NA	NA	NA	NA	NA	NA	NA	NA	NA	NA	NA
cg08796647	NA	NA	NA	NA	NA	NA	NA	NA	NA	NA	NA	NA	NA	NA	NA	NA	NA	NA	NA	NA	NA	NA	NA	NA	NA	NA	NA	NA	NA	NA	NA	NA	NA	NA	NA	NA
cg08804555	NA	NA	NA	NA	NA	NA	NA	NA	NA	NA	NA	NA	NA	NA	NA	NA	NA	NA	NA	NA	NA	NA	NA	NA	NA	NA	NA	NA	NA	NA	NA	NA	NA	NA	NA	NA
cg08829007	0.744955687716428	0.382366148408117	0.762134316530585	0.378980625612945	0.344121407147689	0.745881330494444	0.288135047829422	0.842776544137906	0.745234964922448	0.533374944127542	0.468557372764214	0.485243739428572	0.59277710994796	0.491346464134837	0.393315750599673	0.523013342625056	0.561142452712732	0.654839947697366	0.149124092405324	0.168736563428316	0.830652213945992	0.573128262344733	0.519014884554187	0.909259407577337	0.598726143653769	0.339965080744782	0.85724760496008	0.0625535733082392	0.106177708076744	0.644692315664513	0.572156919623242	0.122490657093849	0.438969301395168	0.313639920103663	0.798659258488022	0.49990849303163
cg08849542	NA	NA	NA	NA	NA	NA	NA	NA	NA	NA	NA	NA	NA	NA	NA	NA	NA	NA	NA	NA	NA	NA	NA	NA	NA	NA	NA	NA	NA	NA	NA	NA	NA	NA	NA	NA
cg08852035	0.899142222619248	0.921859824169903	0.892861270797183	0.892150094953541	0.948878826159176	0.940507341580384	0.955196307606428	0.91509110385464	0.949380092028627	0.940616601144646	0.934768397702841	0.949660816830466	0.896141434658936	0.910283598404254	0.878581916659128	0.916575474661946	0.938652969234307	0.921253555246435	0.913211204067024	0.889095885895662	0.918740984933819	0.915113437142059	0.937016571596359	0.939653423379373	0.895746768714963	0.894178423419512	0.937636836061557	0.915793323478442	0.931932812814334	0.923924901804008	0.892619764502952	0.939665818442667	0.924420750930339	0.891888932044735	0.927489812299448	0.909312009778999
cg08859406	NA	NA	NA	NA	NA	NA	NA	NA	NA	NA	NA	NA	NA	NA	NA	NA	NA	NA	NA	NA	NA	NA	NA	NA	NA	NA	NA	NA	NA	NA	NA	NA	NA	NA	NA	NA
cg08877035	0.0671714474133161	0.118556975700338	0.0583645934021429	0.0954322561819517	0.0353544488829005	0.0451229413522445	0.0567495665968924	0.0734451825397759	0.067543311440744	0.072413628693307	0.122591672537495	0.0616310642957524	0.0741072425830838	0.0550931879406031	0.0585168394025166	0.073095394087418	0.0552012381916621	0.0632098937561702	0.0481294824203756	0.0611181435535113	0.0556294249890173	0.049098238384989	0.304281245128294	0.0695663658808309	0.0912768195743956	0.0825541598601396	0.150016843151139	0.0624786740156543	0.137152557420219	0.0451731682235239	0.0947921697351613	0.0699386165458112	0.0447853689602618	0.063663743462045	0.0404627202350591	0.110518799844855
cg08885316	NA	NA	NA	NA	NA	NA	NA	NA	NA	NA	NA	NA	NA	NA	NA	NA	NA	NA	NA	NA	NA	NA	NA	NA	NA	NA	NA	NA	NA	NA	NA	NA	NA	NA	NA	NA
cg08897010	NA	NA	NA	NA	NA	NA	NA	NA	NA	NA	NA	NA	NA	NA	NA	NA	NA	NA	NA	NA	NA	NA	NA	NA	NA	NA	NA	NA	NA	NA	NA	NA	NA	NA	NA	NA
cg08900656	NA	NA	NA	NA	NA	NA	NA	NA	NA	NA	NA	NA	NA	NA	NA	NA	NA	NA	NA	NA	NA	NA	NA	NA	NA	NA	NA	NA	NA	NA	NA	NA	NA	NA	NA	NA
cg08919528	NA	NA	NA	NA	NA	NA	NA	NA	NA	NA	NA	NA	NA	NA	NA	NA	NA	NA	NA	NA	NA	NA	NA	NA	NA	NA	NA	NA	NA	NA	NA	NA	NA	NA	NA	NA
cg08941098	NA	0.466013795102051	0.711670577416642	0.600606259358891	0.4712417548973	0.89049443704744	0.323878971637008	NA	0.395294480447992	0.775117967137128	0.858371185915187	0.512564533460186	0.64653845830074	0.726365541453653	0.736745871761075	0.673192342244046	0.596446726906433	0.687084656773863	0.848646040268115	0.219806558853459	0.584135384251856	0.689322082884688	0.688244872476698	0.893374825345052	0.664317468525761	0.744836447965156	0.890142712579456	NA	0.839046776481247	0.778290691979947	0.571945800568607	NA	0.58182739880146	0.73329597105669	0.625395115863204	0.5674228973977
cg08979870	0.301181871307496	0.624785243881432	0.9174202295551	0.796653112457581	0.871352223981807	0.839168584446441	0.267372680823585	0.306431699609037	0.762011888913309	0.912918290121	0.486124802448401	0.350056835224313	0.556478947114671	0.792045311041764	0.873664074168835	0.608523571061994	0.538575961555797	0.624320185021059	0.292280202857418	0.626166111524885	0.434400097610372	0.902456435635108	0.792195975328419	0.932436908167791	0.873837229043793	0.515139824469225	0.862804399943889	0.855262396086868	0.24917992375788	0.82294658302244	0.623199935282979	0.157871803569686	0.688307142049895	0.486375994563294	0.928053776609124	0.876262240815213
cg08982952	NA	NA	NA	NA	NA	NA	NA	NA	NA	NA	NA	NA	NA	NA	NA	NA	NA	NA	NA	NA	NA	NA	NA	NA	NA	NA	NA	NA	NA	NA	NA	NA	NA	NA	NA	NA
cg08996709	NA	NA	NA	NA	NA	NA	NA	NA	NA	NA	NA	NA	NA	NA	NA	NA	NA	NA	NA	NA	NA	NA	NA	NA	NA	NA	NA	NA	NA	NA	NA	NA	NA	NA	NA	NA
cg09003326	NA	NA	NA	NA	NA	NA	NA	NA	NA	NA	NA	NA	NA	NA	NA	NA	NA	NA	NA	NA	NA	NA	NA	NA	NA	NA	NA	NA	NA	NA	NA	NA	NA	NA	NA	NA
cg09067990	NA	NA	NA	NA	NA	NA	NA	NA	NA	NA	NA	NA	NA	NA	NA	NA	NA	NA	NA	NA	NA	NA	NA	NA	NA	NA	NA	NA	NA	NA	NA	NA	NA	NA	NA	NA
cg09078643	NA	NA	NA	NA	NA	NA	NA	NA	NA	NA	NA	NA	NA	NA	NA	NA	NA	NA	NA	NA	NA	NA	NA	NA	NA	NA	NA	NA	NA	NA	NA	NA	NA	NA	NA	NA
cg09091110	0.904727356484641	0.90210582248299	0.917516086483751	0.94282157648712	0.933583083043385	0.926903326537767	0.948876626342447	0.935999503609716	0.928900277213512	0.907582976471796	0.924984019593869	0.929561341943079	0.953892646949423	0.922078483824175	0.942172009037146	0.922672768870708	0.937360923798812	0.934931311892389	0.943022611566374	0.929294241144934	0.921985150138424	0.944615806935593	0.940093828295162	0.920221938620962	0.938817419591423	0.948604845316133	0.923073902871752	0.912970396366005	0.940021168561037	0.960340550241366	0.924722481993189	0.946488959151545	0.938170191982033	0.914446859208491	0.90923919821106	0.908563350109352
cg09121480	NA	NA	NA	NA	NA	NA	NA	NA	NA	NA	NA	NA	NA	NA	NA	NA	NA	NA	NA	NA	NA	NA	NA	NA	NA	NA	NA	NA	NA	NA	NA	NA	NA	NA	NA	NA
cg09124018	NA	NA	NA	NA	NA	NA	NA	NA	NA	NA	NA	NA	NA	NA	NA	NA	NA	NA	NA	NA	NA	NA	NA	NA	NA	NA	NA	NA	NA	NA	NA	NA	NA	NA	NA	NA
cg09168272	NA	NA	NA	NA	NA	NA	NA	NA	NA	NA	NA	NA	NA	NA	NA	NA	NA	NA	NA	NA	NA	NA	NA	NA	NA	NA	NA	NA	NA	NA	NA	NA	NA	NA	NA	NA
cg09203382	NA	NA	NA	NA	NA	NA	NA	NA	NA	NA	NA	NA	NA	NA	NA	NA	NA	NA	NA	NA	NA	NA	NA	NA	NA	NA	NA	NA	NA	NA	NA	NA	NA	NA	NA	NA
cg09226290	NA	NA	NA	NA	NA	NA	NA	NA	NA	NA	NA	NA	NA	NA	NA	NA	NA	NA	NA	NA	NA	NA	NA	NA	NA	NA	NA	NA	NA	NA	NA	NA	NA	NA	NA	NA
cg09248887	0.331917407375451	0.627344809602786	0.778150895986652	0.842697642805072	0.51214648020686	0.875801983956845	0.83322575544444	0.83100425328847	0.793100201876829	0.902996708408581	0.365339110419139	0.609532941936973	0.854253767232838	0.879528247808683	0.721953415280203	0.668692083233166	0.612543984574858	0.634307489497728	0.434206575581935	0.664773717191891	0.825196218433212	0.763586505403385	0.764305687818515	0.926357323188698	0.713871857826319	0.701677340838767	0.888699697809276	0.337212517024555	0.887786476779469	0.788861296705752	0.727585784696655	0.225811409727163	0.753706757091477	0.495113210301054	0.874358405760786	0.612717877842596
cg09294660	NA	NA	NA	NA	NA	NA	NA	NA	NA	NA	NA	NA	NA	NA	NA	NA	NA	NA	NA	NA	NA	NA	NA	NA	NA	NA	NA	NA	NA	NA	NA	NA	NA	NA	NA	NA
cg09321430	NA	NA	NA	NA	NA	NA	NA	NA	NA	NA	NA	NA	NA	NA	NA	NA	NA	NA	NA	NA	NA	NA	NA	NA	NA	NA	NA	NA	NA	NA	NA	NA	NA	NA	NA	NA
cg09325695	NA	NA	NA	NA	NA	NA	NA	NA	NA	NA	NA	NA	NA	NA	NA	NA	NA	NA	NA	NA	NA	NA	NA	NA	NA	NA	NA	NA	NA	NA	NA	NA	NA	NA	NA	NA
cg09334541	0.78323494337331	0.575741571047921	0.86392989764075	0.715770385242099	0.578706086270625	0.936618908541276	0.748236578895229	0.820986451275231	0.727704324054205	0.951804812690973	0.922153364476435	0.260901550884684	0.853263525549441	0.803175101978407	0.862405800843394	0.873990228961627	0.661994226911024	0.755391600522829	0.451975429751323	0.8601934389236	0.732303251839807	0.83936501766815	0.505586428574374	0.947259954244113	0.891354897643084	0.891927234236858	0.947954438073108	0.172975148757916	0.929772251092296	0.918315681160162	0.834236116186899	0.209127092955863	0.814562101722141	0.628766193068635	0.857811095067691	0.841828750823772
cg09334636	0.446486646857462	0.9235726890075	0.918514235713187	0.913725759128973	0.944619342700705	0.953105180136039	0.919224667138174	0.437152254101963	0.842823439571506	0.461595282436497	0.931569184561679	0.945173164748204	0.467329436283726	0.917338099202184	0.943814616311633	0.812381514695311	0.752084275817922	0.936075917901149	0.942696333705998	0.93850101483169	0.936863740058996	0.908919470009	0.938426991093099	0.328283762144765	0.887158152632024	0.84369698311568	0.92304684235619	0.883924470170152	0.846146974155098	0.949244070128637	0.929323354520589	0.92034401648757	0.912446285390391	0.900905461156712	0.940975972267419	0.667935439640509
cg09344219	NA	NA	NA	NA	NA	NA	NA	NA	NA	NA	NA	NA	NA	NA	NA	NA	NA	NA	NA	NA	NA	NA	NA	NA	NA	NA	NA	NA	NA	NA	NA	NA	NA	NA	NA	NA
cg09344229	NA	NA	NA	NA	NA	NA	NA	NA	NA	NA	NA	NA	NA	NA	NA	NA	NA	NA	NA	NA	NA	NA	NA	NA	NA	NA	NA	NA	NA	NA	NA	NA	NA	NA	NA	NA
cg09388113	NA	NA	NA	NA	NA	NA	NA	NA	NA	NA	NA	NA	NA	NA	NA	NA	NA	NA	NA	NA	NA	NA	NA	NA	NA	NA	NA	NA	NA	NA	NA	NA	NA	NA	NA	NA
cg09406715	NA	NA	NA	NA	NA	NA	NA	NA	NA	NA	NA	NA	NA	NA	NA	NA	NA	NA	NA	NA	NA	NA	NA	NA	NA	NA	NA	NA	NA	NA	NA	NA	NA	NA	NA	NA
cg09456493	0.79503443091477	0.738942094696515	0.830924711881032	0.751996599898954	0.824270358521778	0.870250940913802	0.837789338588555	0.770049624168049	0.83546710431946	0.868985930913177	0.750108807352703	0.861567843239581	0.795921951239784	0.750328614054888	0.645220612429938	0.760362001303682	0.468026143633337	0.786615583608482	0.869496027423034	0.809286184468284	0.859680407757489	0.750003944520506	0.841974930145323	0.874036117749375	0.723909423397861	0.811237349495707	0.861540124369111	0.889021137240293	0.888542677159822	0.77489789283824	0.771336977981614	0.804220168838949	0.705013918725149	0.791505652812625	0.832933011324378	0.744690406922622
cg09459740	NA	NA	NA	NA	NA	NA	NA	NA	NA	NA	NA	NA	NA	NA	NA	NA	NA	NA	NA	NA	NA	NA	NA	NA	NA	NA	NA	NA	NA	NA	NA	NA	NA	NA	NA	NA
cg09474625	NA	NA	NA	NA	NA	NA	NA	NA	NA	NA	NA	NA	NA	NA	NA	NA	NA	NA	NA	NA	NA	NA	NA	NA	NA	NA	NA	NA	NA	NA	NA	NA	NA	NA	NA	NA
cg09492074	0.533040895236517	0.451057128201116	0.812258123635945	0.697454454701	0.660360105487405	0.857554350822394	0.166603969797314	0.517618369005118	0.671566660960642	0.551632427440526	0.799527792969227	0.839785155760005	0.699672614221915	0.331394588579608	0.554953461301775	0.653991201273264	0.517123805653706	0.460567440777358	0.487384843377423	0.406120985345912	0.851893770691722	0.655354716270127	0.806030804157667	0.851650340458372	0.705874291613622	0.530948830854858	0.720627348853161	0.677334801739303	0.371835037063923	0.800728776542782	0.763399256100327	0.630178069927322	0.535455055455641	0.797396391492082	0.829583147953074	0.537703131751283
cg09526343	NA	NA	NA	NA	NA	NA	NA	NA	NA	NA	NA	NA	NA	NA	NA	NA	NA	NA	NA	NA	NA	NA	NA	NA	NA	NA	NA	NA	NA	NA	NA	NA	NA	NA	NA	NA
cg09552983	NA	NA	NA	NA	NA	NA	NA	NA	NA	NA	NA	NA	NA	NA	NA	NA	NA	NA	NA	NA	NA	NA	NA	NA	NA	NA	NA	NA	NA	NA	NA	NA	NA	NA	NA	NA
cg09566453	NA	NA	NA	NA	NA	NA	NA	NA	NA	NA	NA	NA	NA	NA	NA	NA	NA	NA	NA	NA	NA	NA	NA	NA	NA	NA	NA	NA	NA	NA	NA	NA	NA	NA	NA	NA
cg09581201	NA	NA	NA	NA	NA	NA	NA	NA	NA	NA	NA	NA	NA	NA	NA	NA	NA	NA	NA	NA	NA	NA	NA	NA	NA	NA	NA	NA	NA	NA	NA	NA	NA	NA	NA	NA
cg09593727	NA	NA	NA	NA	NA	NA	NA	NA	NA	NA	NA	NA	NA	NA	NA	NA	NA	NA	NA	NA	NA	NA	NA	NA	NA	NA	NA	NA	NA	NA	NA	NA	NA	NA	NA	NA
cg09597666	NA	NA	NA	NA	NA	NA	NA	NA	NA	NA	NA	NA	NA	NA	NA	NA	NA	NA	NA	NA	NA	NA	NA	NA	NA	NA	NA	NA	NA	NA	NA	NA	NA	NA	NA	NA
cg09612912	NA	NA	NA	NA	NA	NA	NA	NA	NA	NA	NA	NA	NA	NA	NA	NA	NA	NA	NA	NA	NA	NA	NA	NA	NA	NA	NA	NA	NA	NA	NA	NA	NA	NA	NA	NA
cg09640135	NA	NA	NA	NA	NA	NA	NA	NA	NA	NA	NA	NA	NA	NA	NA	NA	NA	NA	NA	NA	NA	NA	NA	NA	NA	NA	NA	NA	NA	NA	NA	NA	NA	NA	NA	NA
cg09671131	NA	NA	NA	NA	NA	NA	NA	NA	NA	NA	NA	NA	NA	NA	NA	NA	NA	NA	NA	NA	NA	NA	NA	NA	NA	NA	NA	NA	NA	NA	NA	NA	NA	NA	NA	NA
cg09690215	0.451443335518485	0.253441332489214	0.729867611263879	0.609556005044256	0.686481432614723	0.780602426326121	0.218682212369549	0.277420051438468	0.411212129923997	0.547939986566435	0.616550500754338	0.790749341030348	0.352239641837145	0.29389824594388	0.344313774743066	0.599961366715934	0.412576700716243	0.603881339435417	0.532702022002662	0.302174991074649	0.153942948064784	0.438101946625861	0.644811847346183	0.239190305233686	0.609843417370576	0.483252473768339	0.746844742000633	0.461889651008195	0.299100428208542	0.481968135593061	0.409164196883136	0.619851837192683	0.336034855051163	0.367604936022859	0.662174370426973	0.436398126634226
cg09690561	NA	NA	NA	NA	NA	NA	NA	NA	NA	NA	NA	NA	NA	NA	NA	NA	NA	NA	NA	NA	NA	NA	NA	NA	NA	NA	NA	NA	NA	NA	NA	NA	NA	NA	NA	NA
cg09700327	NA	NA	NA	NA	NA	NA	NA	NA	NA	NA	NA	NA	NA	NA	NA	NA	NA	NA	NA	NA	NA	NA	NA	NA	NA	NA	NA	NA	NA	NA	NA	NA	NA	NA	NA	NA
cg09712756	0.750921962190088	0.700258334330856	0.733286614191069	0.785646827088002	0.805854392914226	0.851899622398632	0.873656792718159	0.798291871956887	0.808552039729806	0.89360146732751	0.900975307604853	0.882063095459346	0.777224399687423	0.905795404911892	0.828422683618497	0.745235612930288	0.697194238102748	0.802178941388869	0.868515893476491	0.852894645149489	0.821779100683499	0.778025822255585	0.844166786186339	0.881157314138317	0.801616449096969	0.792175299067696	0.79585358129126	0.861928584984966	0.841534893007801	0.688174206610135	0.743657580322343	0.774199886419405	0.698098817765009	0.867686285698068	0.790477827065363	0.754194110713822
cg09713269	NA	NA	NA	NA	NA	NA	NA	NA	NA	NA	NA	NA	NA	NA	NA	NA	NA	NA	NA	NA	NA	NA	NA	NA	NA	NA	NA	NA	NA	NA	NA	NA	NA	NA	NA	NA
cg09741902	NA	NA	NA	NA	NA	NA	NA	NA	NA	NA	NA	NA	NA	NA	NA	NA	NA	NA	NA	NA	NA	NA	NA	NA	NA	NA	NA	NA	NA	NA	NA	NA	NA	NA	NA	NA
cg09785516	NA	NA	NA	NA	NA	NA	NA	NA	NA	NA	NA	NA	NA	NA	NA	NA	NA	NA	NA	NA	NA	NA	NA	NA	NA	NA	NA	NA	NA	NA	NA	NA	NA	NA	NA	NA
cg09791009	NA	NA	NA	NA	NA	NA	NA	NA	NA	NA	NA	NA	NA	NA	NA	NA	NA	NA	NA	NA	NA	NA	NA	NA	NA	NA	NA	NA	NA	NA	NA	NA	NA	NA	NA	NA
cg09808196	NA	NA	NA	NA	NA	NA	NA	NA	NA	NA	NA	NA	NA	NA	NA	NA	NA	NA	NA	NA	NA	NA	NA	NA	NA	NA	NA	NA	NA	NA	NA	NA	NA	NA	NA	NA
cg09829842	NA	NA	NA	NA	NA	NA	NA	NA	NA	NA	NA	NA	NA	NA	NA	NA	NA	NA	NA	NA	NA	NA	NA	NA	NA	NA	NA	NA	NA	NA	NA	NA	NA	NA	NA	NA
cg09838962	NA	NA	NA	NA	NA	NA	NA	NA	NA	NA	NA	NA	NA	NA	NA	NA	NA	NA	NA	NA	NA	NA	NA	NA	NA	NA	NA	NA	NA	NA	NA	NA	NA	NA	NA	NA
cg09853646	NA	NA	NA	NA	NA	NA	NA	NA	NA	NA	NA	NA	NA	NA	NA	NA	NA	NA	NA	NA	NA	NA	NA	NA	NA	NA	NA	NA	NA	NA	NA	NA	NA	NA	NA	NA
cg09860935	NA	NA	NA	NA	NA	NA	NA	NA	NA	NA	NA	NA	NA	NA	NA	NA	NA	NA	NA	NA	NA	NA	NA	NA	NA	NA	NA	NA	NA	NA	NA	NA	NA	NA	NA	NA
cg09881716	0.814079637796906	0.83097379764094	0.85893472029508	0.857472700570963	0.740128340492535	0.899962619640843	0.538101694074007	0.831673144712876	0.928903177677876	0.944159887523866	0.934790102256857	0.7139343980821	0.835464254991209	0.855685348092899	0.905242438539512	0.90076543358799	0.679917458886106	0.853662610351531	0.70839559162409	0.796650058842494	0.82978450908933	0.861460300357982	0.911173424774124	0.931116736320486	0.875284849870915	0.875077394468271	0.935764712896932	0.27763571335411	0.929963944638743	0.893993467463495	0.758746754435678	0.712368311780941	0.812278265344384	0.848659144413358	0.909394918322181	0.895715274246445
cg09894096	NA	NA	NA	NA	NA	NA	NA	NA	NA	NA	NA	NA	NA	NA	NA	NA	NA	NA	NA	NA	NA	NA	NA	NA	NA	NA	NA	NA	NA	NA	NA	NA	NA	NA	NA	NA
cg09908014	NA	NA	NA	NA	NA	NA	NA	NA	NA	NA	NA	NA	NA	NA	NA	NA	NA	NA	NA	NA	NA	NA	NA	NA	NA	NA	NA	NA	NA	NA	NA	NA	NA	NA	NA	NA
cg09921719	0.910002446949386	0.871429802151682	0.900699321415622	0.938671513347093	0.944403651666578	0.950830127728106	0.960029630566459	0.913492820672652	0.956113631654341	0.956408749743237	0.928525616859582	0.926176958836267	0.905691455017113	0.929688126974473	0.893436658632721	0.931707803386502	0.899480924593812	0.929697115599659	0.954856481146514	0.937335063185058	0.944857576248404	0.895058272408669	0.954673606742737	0.955551258760589	0.945903974102266	0.915741500206887	0.944462857432855	0.898167424452154	0.950365644469515	0.9355627924541	0.933106135820291	0.933440454512735	0.91272601203695	0.944699033385989	0.923501059827818	0.936972732066296
cg09991426	NA	NA	NA	NA	NA	NA	NA	NA	NA	NA	NA	NA	NA	NA	NA	NA	NA	NA	NA	NA	NA	NA	NA	NA	NA	NA	NA	NA	NA	NA	NA	NA	NA	NA	NA	NA
cg10054980	NA	NA	NA	NA	NA	NA	NA	NA	NA	NA	NA	NA	NA	NA	NA	NA	NA	NA	NA	NA	NA	NA	NA	NA	NA	NA	NA	NA	NA	NA	NA	NA	NA	NA	NA	NA
cg10090044	NA	NA	NA	NA	NA	NA	NA	NA	NA	NA	NA	NA	NA	NA	NA	NA	NA	NA	NA	NA	NA	NA	NA	NA	NA	NA	NA	NA	NA	NA	NA	NA	NA	NA	NA	NA
cg10101533	NA	NA	NA	NA	NA	NA	NA	NA	NA	NA	NA	NA	NA	NA	NA	NA	NA	NA	NA	NA	NA	NA	NA	NA	NA	NA	NA	NA	NA	NA	NA	NA	NA	NA	NA	NA
cg10113618	NA	NA	NA	NA	NA	NA	NA	NA	NA	NA	NA	NA	NA	NA	NA	NA	NA	NA	NA	NA	NA	NA	NA	NA	NA	NA	NA	NA	NA	NA	NA	NA	NA	NA	NA	NA
cg10131227	NA	NA	NA	NA	NA	NA	NA	NA	NA	NA	NA	NA	NA	NA	NA	NA	NA	NA	NA	NA	NA	NA	NA	NA	NA	NA	NA	NA	NA	NA	NA	NA	NA	NA	NA	NA
cg10174975	NA	NA	NA	NA	NA	NA	NA	NA	NA	NA	NA	NA	NA	NA	NA	NA	NA	NA	NA	NA	NA	NA	NA	NA	NA	NA	NA	NA	NA	NA	NA	NA	NA	NA	NA	NA
cg10188698	NA	NA	NA	NA	NA	NA	NA	NA	NA	NA	NA	NA	NA	NA	NA	NA	NA	NA	NA	NA	NA	NA	NA	NA	NA	NA	NA	NA	NA	NA	NA	NA	NA	NA	NA	NA
cg10188909	NA	NA	NA	NA	NA	NA	NA	NA	NA	NA	NA	NA	NA	NA	NA	NA	NA	NA	NA	NA	NA	NA	NA	NA	NA	NA	NA	NA	NA	NA	NA	NA	NA	NA	NA	NA
cg10202675	NA	NA	NA	NA	NA	NA	NA	NA	NA	NA	NA	NA	NA	NA	NA	NA	NA	NA	NA	NA	NA	NA	NA	NA	NA	NA	NA	NA	NA	NA	NA	NA	NA	NA	NA	NA
cg10208777	0.612666625945874	0.760058630204619	0.817075138168593	0.78209597942289	0.737109271242519	0.888115757921492	0.933443837815355	0.793561974923108	0.852927730251588	0.874256225507894	0.899057669507954	0.85998494531408	0.824671893680441	0.66011419247075	0.639044765385868	0.842002974810461	0.839650425591823	0.612880337945409	0.865083306841373	0.655874945020203	0.826226655693402	0.732924583447068	0.877526926228708	0.90141685749569	0.756129254688951	0.630241194202087	0.900001824131223	NA	0.767197459278307	0.859686186368115	0.723330141328593	0.814676780494696	0.571991963149301	0.793521373796496	0.777068947433084	0.680593654536548
cg10213886	NA	NA	NA	NA	NA	NA	NA	NA	NA	NA	NA	NA	NA	NA	NA	NA	NA	NA	NA	NA	NA	NA	NA	NA	NA	NA	NA	NA	NA	NA	NA	NA	NA	NA	NA	NA
cg10223155	NA	NA	NA	NA	NA	NA	NA	NA	NA	NA	NA	NA	NA	NA	NA	NA	NA	NA	NA	NA	NA	NA	NA	NA	NA	NA	NA	NA	NA	NA	NA	NA	NA	NA	NA	NA
cg10241247	NA	NA	NA	NA	NA	NA	NA	NA	NA	NA	NA	NA	NA	NA	NA	NA	NA	NA	NA	NA	NA	NA	NA	NA	NA	NA	NA	NA	NA	NA	NA	NA	NA	NA	NA	NA
cg10266189	0.955109493377484	0.973845921767958	0.973214879843031	0.959427791031964	0.97843869881992	0.984412968490884	0.983251794046371	0.964364710355527	0.983189570853087	0.98512697917076	0.985041391953999	0.977455697483118	0.966237458373933	0.98189974900547	0.964087150823445	0.965569152487785	0.959372196610178	0.95998755393405	0.982418382955306	0.949768514501892	0.976408363990627	0.973189154365608	0.985511131401247	0.982870856151149	0.974495187712254	0.972199599472703	0.983630309880467	0.977929692755248	0.98575697907198	0.973889067088362	0.963202678794561	0.971453910745275	0.966816452882209	0.975915365570816	0.970777226315636	0.970150946183211
cg10295683	NA	NA	NA	NA	NA	NA	NA	NA	NA	NA	NA	NA	NA	NA	NA	NA	NA	NA	NA	NA	NA	NA	NA	NA	NA	NA	NA	NA	NA	NA	NA	NA	NA	NA	NA	NA
cg10304084	0.952880731344491	0.946297252782753	0.963896044343408	0.951377433806078	0.961041026190338	0.959462910491793	0.959778045824232	0.962277299392719	0.960321707042795	0.971237097873264	0.943403454844636	0.970980367855773	0.964704578205536	0.963089446078277	0.96168131231628	0.946919800129225	0.95205319983512	0.955672415543678	0.96549738489968	0.954996265087602	0.951440992179779	0.91867725376964	0.977569927676119	0.968426434885927	0.968822432209895	0.963768400357996	0.966932800591581	0.65170542179247	0.968815112183509	0.957071675298436	0.888853752695613	0.966382295425975	0.968282100762061	0.965628542816804	0.958832186224649	0.952684958424595
cg10317162	NA	NA	NA	NA	NA	NA	NA	NA	NA	NA	NA	NA	NA	NA	NA	NA	NA	NA	NA	NA	NA	NA	NA	NA	NA	NA	NA	NA	NA	NA	NA	NA	NA	NA	NA	NA
cg10346147	NA	NA	NA	NA	NA	NA	NA	NA	NA	NA	NA	NA	NA	NA	NA	NA	NA	NA	NA	NA	NA	NA	NA	NA	NA	NA	NA	NA	NA	NA	NA	NA	NA	NA	NA	NA
cg10369313	NA	NA	NA	NA	NA	NA	NA	NA	NA	NA	NA	NA	NA	NA	NA	NA	NA	NA	NA	NA	NA	NA	NA	NA	NA	NA	NA	NA	NA	NA	NA	NA	NA	NA	NA	NA
cg10369444	NA	NA	NA	NA	NA	NA	NA	NA	NA	NA	NA	NA	NA	NA	NA	NA	NA	NA	NA	NA	NA	NA	NA	NA	NA	NA	NA	NA	NA	NA	NA	NA	NA	NA	NA	NA
cg10375884	0.381842690468679	0.483510450892402	0.248195592652979	0.414980178071636	0.356194861300947	0.418274194596877	0.387001132659878	0.168539798905844	0.603211044662575	0.0869735809782547	0.41793468748282	0.491905693680803	0.220140480797895	0.666238545773615	0.851927529393365	0.242155890709027	0.355973010937583	0.472589674648477	0.274979105701393	0.325167945376205	0.344403905610255	0.597732745149803	0.797443752639166	0.709491051355307	0.453020322044161	0.588231253823061	0.263666692082542	0.271592304783969	0.0946985030838776	0.50171322183769	0.52319820283469	0.243347432123367	0.761429866196087	0.915168385761155	0.48662404383735	0.454090802821044
cg10390329	NA	NA	NA	NA	NA	NA	NA	NA	NA	NA	NA	NA	NA	NA	NA	NA	NA	NA	NA	NA	NA	NA	NA	NA	NA	NA	NA	NA	NA	NA	NA	NA	NA	NA	NA	NA
cg10515439	NA	NA	NA	NA	NA	NA	NA	NA	NA	NA	NA	NA	NA	NA	NA	NA	NA	NA	NA	NA	NA	NA	NA	NA	NA	NA	NA	NA	NA	NA	NA	NA	NA	NA	NA	NA
cg10531521	NA	NA	NA	NA	NA	NA	NA	NA	NA	NA	NA	NA	NA	NA	NA	NA	NA	NA	NA	NA	NA	NA	NA	NA	NA	NA	NA	NA	NA	NA	NA	NA	NA	NA	NA	NA
cg10533493	NA	NA	NA	NA	NA	NA	NA	NA	NA	NA	NA	NA	NA	NA	NA	NA	NA	NA	NA	NA	NA	NA	NA	NA	NA	NA	NA	NA	NA	NA	NA	NA	NA	NA	NA	NA
cg10617091	NA	0.767693425478034	0.789043225394718	NA	0.849637958012065	0.858358581692866	0.902078329076951	NA	0.879485334918054	0.883825114030653	0.905898795293723	0.851479962754009	NA	0.881637099081032	NA	0.782759755128946	0.76493027759113	0.797353665985659	0.871419151401499	NA	0.851023588676093	0.741623083252165	0.894582728529088	0.889442451527649	0.842060596970742	0.787342202178248	0.856032412184371	NA	0.872879176124343	0.803647742197783	0.782597082508229	NA	0.76061995832074	0.819172020354287	0.843150494652489	0.821128641905314
cg10635350	NA	NA	NA	NA	NA	NA	NA	NA	NA	NA	NA	NA	NA	NA	NA	NA	NA	NA	NA	NA	NA	NA	NA	NA	NA	NA	NA	NA	NA	NA	NA	NA	NA	NA	NA	NA
cg10635719	NA	NA	NA	NA	NA	NA	NA	NA	NA	NA	NA	NA	NA	NA	NA	NA	NA	NA	NA	NA	NA	NA	NA	NA	NA	NA	NA	NA	NA	NA	NA	NA	NA	NA	NA	NA
cg10677688	NA	NA	NA	NA	NA	NA	NA	NA	NA	NA	NA	NA	NA	NA	NA	NA	NA	NA	NA	NA	NA	NA	NA	NA	NA	NA	NA	NA	NA	NA	NA	NA	NA	NA	NA	NA
cg10681811	NA	NA	NA	NA	NA	NA	NA	NA	NA	NA	NA	NA	NA	NA	NA	NA	NA	NA	NA	NA	NA	NA	NA	NA	NA	NA	NA	NA	NA	NA	NA	NA	NA	NA	NA	NA
cg10747758	NA	NA	NA	NA	NA	NA	NA	NA	NA	NA	NA	NA	NA	NA	NA	NA	NA	NA	NA	NA	NA	NA	NA	NA	NA	NA	NA	NA	NA	NA	NA	NA	NA	NA	NA	NA
cg10751914	NA	NA	NA	NA	NA	NA	NA	NA	NA	NA	NA	NA	NA	NA	NA	NA	NA	NA	NA	NA	NA	NA	NA	NA	NA	NA	NA	NA	NA	NA	NA	NA	NA	NA	NA	NA
cg10759572	NA	NA	NA	NA	NA	NA	NA	NA	NA	NA	NA	NA	NA	NA	NA	NA	NA	NA	NA	NA	NA	NA	NA	NA	NA	NA	NA	NA	NA	NA	NA	NA	NA	NA	NA	NA
cg10778931	NA	NA	NA	NA	NA	NA	NA	NA	NA	NA	NA	NA	NA	NA	NA	NA	NA	NA	NA	NA	NA	NA	NA	NA	NA	NA	NA	NA	NA	NA	NA	NA	NA	NA	NA	NA
cg10800519	NA	NA	NA	NA	NA	NA	NA	NA	NA	NA	NA	NA	NA	NA	NA	NA	NA	NA	NA	NA	NA	NA	NA	NA	NA	NA	NA	NA	NA	NA	NA	NA	NA	NA	NA	NA
cg10817408	NA	NA	NA	NA	NA	NA	NA	NA	NA	NA	NA	NA	NA	NA	NA	NA	NA	NA	NA	NA	NA	NA	NA	NA	NA	NA	NA	NA	NA	NA	NA	NA	NA	NA	NA	NA
cg10839128	NA	NA	NA	NA	NA	NA	NA	NA	NA	NA	NA	NA	NA	NA	NA	NA	NA	NA	NA	NA	NA	NA	NA	NA	NA	NA	NA	NA	NA	NA	NA	NA	NA	NA	NA	NA
cg10840054	NA	NA	NA	NA	NA	NA	NA	NA	NA	NA	NA	NA	NA	NA	NA	NA	NA	NA	NA	NA	NA	NA	NA	NA	NA	NA	NA	NA	NA	NA	NA	NA	NA	NA	NA	NA
cg10840615	NA	NA	NA	NA	NA	NA	NA	NA	NA	NA	NA	NA	NA	NA	NA	NA	NA	NA	NA	NA	NA	NA	NA	NA	NA	NA	NA	NA	NA	NA	NA	NA	NA	NA	NA	NA
cg10846614	0.557193105135002	0.264709647757192	0.253084890991809	0.31377831710858	0.266449281131073	0.306473457701007	0.229979068324789	0.184289465811498	0.381459208897505	0.669933924299383	0.37039454057124	0.127618148161549	0.173755799798116	0.451359951816097	0.442124645070899	0.445077298269146	0.432537277810061	0.445262590165588	0.24522680594537	0.21094954896753	0.55711526362884	0.454884072843747	0.171505867497514	0.139127365330471	0.201243031407309	0.44741047701056	0.867093679152747	0.227177452672435	0.0820676738102919	0.483220800902498	0.429492699961	0.138956827654173	0.482601386648229	0.341267533725394	0.661331370304405	0.396589465205659
cg10867456	NA	NA	NA	NA	NA	NA	NA	NA	NA	NA	NA	NA	NA	NA	NA	NA	NA	NA	NA	NA	NA	NA	NA	NA	NA	NA	NA	NA	NA	NA	NA	NA	NA	NA	NA	NA
cg10930679	0.887726432132404	0.837156554331921	0.930504820198756	0.904032625366212	0.794591338691304	0.923421529176773	0.882739352156929	0.952588962082673	0.944265675157203	0.940280849535554	0.945432607204353	0.902796235565461	0.940822461633848	0.936653011908724	0.930618692666067	0.792698649020258	0.851572548018653	0.927514667198359	0.958633688781994	0.765431983820823	0.888574219534908	0.917378737499485	0.932121357820182	0.924225570057353	0.875361094403523	0.934869864891047	0.92930939050024	0.584715465961118	0.924338110535982	0.905646708452385	0.927108282199032	0.943108437891178	0.89359920365438	0.873739657399633	0.856463887022662	0.887423450970477
cg10932815	NA	NA	NA	NA	NA	NA	NA	NA	NA	NA	NA	NA	NA	NA	NA	NA	NA	NA	NA	NA	NA	NA	NA	NA	NA	NA	NA	NA	NA	NA	NA	NA	NA	NA	NA	NA
cg10945028	NA	NA	NA	NA	NA	NA	NA	NA	NA	NA	NA	NA	NA	NA	NA	NA	NA	NA	NA	NA	NA	NA	NA	NA	NA	NA	NA	NA	NA	NA	NA	NA	NA	NA	NA	NA
cg10959344	NA	NA	NA	NA	NA	NA	NA	NA	NA	NA	NA	NA	NA	NA	NA	NA	NA	NA	NA	NA	NA	NA	NA	NA	NA	NA	NA	NA	NA	NA	NA	NA	NA	NA	NA	NA
cg10998505	NA	NA	NA	NA	NA	NA	NA	NA	NA	NA	NA	NA	NA	NA	NA	NA	NA	NA	NA	NA	NA	NA	NA	NA	NA	NA	NA	NA	NA	NA	NA	NA	NA	NA	NA	NA
cg11047457	NA	NA	NA	NA	NA	NA	NA	NA	NA	NA	NA	NA	NA	NA	NA	NA	NA	NA	NA	NA	NA	NA	NA	NA	NA	NA	NA	NA	NA	NA	NA	NA	NA	NA	NA	NA
cg11089276	NA	NA	NA	NA	NA	NA	NA	NA	NA	NA	NA	NA	NA	NA	NA	NA	NA	NA	NA	NA	NA	NA	NA	NA	NA	NA	NA	NA	NA	NA	NA	NA	NA	NA	NA	NA
cg11122456	NA	NA	NA	NA	NA	NA	NA	NA	NA	NA	NA	NA	NA	NA	NA	NA	NA	NA	NA	NA	NA	NA	NA	NA	NA	NA	NA	NA	NA	NA	NA	NA	NA	NA	NA	NA
cg11131508	NA	NA	NA	NA	NA	NA	NA	NA	NA	NA	NA	NA	NA	NA	NA	NA	NA	NA	NA	NA	NA	NA	NA	NA	NA	NA	NA	NA	NA	NA	NA	NA	NA	NA	NA	NA
cg11135347	NA	NA	NA	NA	NA	NA	NA	NA	NA	NA	NA	NA	NA	NA	NA	NA	NA	NA	NA	NA	NA	NA	NA	NA	NA	NA	NA	NA	NA	NA	NA	NA	NA	NA	NA	NA
cg11136406	NA	NA	NA	NA	NA	NA	NA	NA	NA	NA	NA	NA	NA	NA	NA	NA	NA	NA	NA	NA	NA	NA	NA	NA	NA	NA	NA	NA	NA	NA	NA	NA	NA	NA	NA	NA
cg11137761	NA	NA	NA	NA	NA	NA	NA	NA	NA	NA	NA	NA	NA	NA	NA	NA	NA	NA	NA	NA	NA	NA	NA	NA	NA	NA	NA	NA	NA	NA	NA	NA	NA	NA	NA	NA
cg11163362	NA	NA	NA	NA	NA	NA	NA	NA	NA	NA	NA	NA	NA	NA	NA	NA	NA	NA	NA	NA	NA	NA	NA	NA	NA	NA	NA	NA	NA	NA	NA	NA	NA	NA	NA	NA
cg11165316	NA	NA	NA	NA	NA	NA	NA	NA	NA	NA	NA	NA	NA	NA	NA	NA	NA	NA	NA	NA	NA	NA	NA	NA	NA	NA	NA	NA	NA	NA	NA	NA	NA	NA	NA	NA
cg11166888	NA	NA	NA	NA	NA	NA	NA	NA	NA	NA	NA	NA	NA	NA	NA	NA	NA	NA	NA	NA	NA	NA	NA	NA	NA	NA	NA	NA	NA	NA	NA	NA	NA	NA	NA	NA
cg11205224	NA	NA	NA	NA	NA	NA	NA	NA	NA	NA	NA	NA	NA	NA	NA	NA	NA	NA	NA	NA	NA	NA	NA	NA	NA	NA	NA	NA	NA	NA	NA	NA	NA	NA	NA	NA
cg11212329	0.171884067214644	0.528681735862764	0.661864529092723	0.68019633217812	0.730967591323588	0.832632102058912	0.294878232900615	0.87577310982722	0.75251099664999	0.887585119637486	0.847331130028001	0.872322013817698	0.885665760556351	0.349080252857189	0.329033842421367	0.442337855793606	0.583806401867953	0.354197153058399	0.833820806444928	0.309801994792227	0.735517275726117	0.760476252330982	0.732522686892661	0.883634324434671	0.662043692565014	0.519743228367124	0.657622201007851	0.225954753927857	0.123386171454513	0.778823512097743	0.603240314763619	0.344615743132326	0.464196059460763	0.216701736224849	0.850528302832752	0.334698431580093
cg11231740	NA	NA	NA	NA	NA	NA	NA	NA	NA	NA	NA	NA	NA	NA	NA	NA	NA	NA	NA	NA	NA	NA	NA	NA	NA	NA	NA	NA	NA	NA	NA	NA	NA	NA	NA	NA
cg11239335	NA	NA	NA	NA	NA	NA	NA	NA	NA	NA	NA	NA	NA	NA	NA	NA	NA	NA	NA	NA	NA	NA	NA	NA	NA	NA	NA	NA	NA	NA	NA	NA	NA	NA	NA	NA
cg11248957	NA	NA	NA	NA	NA	NA	NA	NA	NA	NA	NA	NA	NA	NA	NA	NA	NA	NA	NA	NA	NA	NA	NA	NA	NA	NA	NA	NA	NA	NA	NA	NA	NA	NA	NA	NA
cg11332701	NA	NA	NA	NA	NA	NA	NA	NA	NA	NA	NA	NA	NA	NA	NA	NA	NA	NA	NA	NA	NA	NA	NA	NA	NA	NA	NA	NA	NA	NA	NA	NA	NA	NA	NA	NA
cg11333436	NA	NA	NA	NA	NA	NA	NA	NA	NA	NA	NA	NA	NA	NA	NA	NA	NA	NA	NA	NA	NA	NA	NA	NA	NA	NA	NA	NA	NA	NA	NA	NA	NA	NA	NA	NA
cg11335419	NA	NA	NA	NA	NA	NA	NA	NA	NA	NA	NA	NA	NA	NA	NA	NA	NA	NA	NA	NA	NA	NA	NA	NA	NA	NA	NA	NA	NA	NA	NA	NA	NA	NA	NA	NA
cg11343941	0.920203911901756	0.916352918376515	0.910296011993884	0.929661072356606	0.911183603119397	0.949649719219613	0.898016117506925	0.931465735966834	0.885374378033375	0.97055955503749	0.910415999146657	0.94164046640187	0.907082860859528	0.957737501141822	0.922298074165303	0.886532288906175	0.917924785363596	0.937606369669617	0.941433505920552	0.924790607260713	0.920401501781443	0.936512248275764	0.936724926887149	0.947162084574927	0.921623635334023	0.899195533268742	0.932681076904851	0.917676058247308	0.934995695172597	0.924691097277939	0.888868051531425	0.927035697108801	0.878558356312081	0.914207841082043	0.923217838177692	0.872167898553038
cg11345718	NA	NA	NA	NA	NA	NA	NA	NA	NA	NA	NA	NA	NA	NA	NA	NA	NA	NA	NA	NA	NA	NA	NA	NA	NA	NA	NA	NA	NA	NA	NA	NA	NA	NA	NA	NA
cg11359737	NA	NA	NA	NA	NA	NA	NA	NA	NA	NA	NA	NA	NA	NA	NA	NA	NA	NA	NA	NA	NA	NA	NA	NA	NA	NA	NA	NA	NA	NA	NA	NA	NA	NA	NA	NA
cg11363234	0.867363616361765	0.871751151632078	0.895923506935697	0.888242704721776	0.883693366245779	0.91592909082924	0.591899444734309	0.910953988958246	0.886358888600816	0.889043161142083	0.878884344315015	0.90514891856181	0.902428013435805	0.840926989307049	0.689613099868075	0.850034171340542	0.819482581750393	0.783516707842715	0.879971262806406	0.855115154721292	0.916142687239689	0.82511652374044	0.883719978023957	0.922250651794177	0.819451957401491	0.802218942721551	0.894092469822466	0.908396793374685	0.895253199963765	0.918843765504885	0.813881468551961	0.966143515520637	0.694331977030664	0.849703340605308	0.909492905916129	0.746946023628022
cg11380503	NA	NA	NA	NA	NA	NA	NA	NA	NA	NA	NA	NA	NA	NA	NA	NA	NA	NA	NA	NA	NA	NA	NA	NA	NA	NA	NA	NA	NA	NA	NA	NA	NA	NA	NA	NA
cg11427900	NA	NA	NA	NA	NA	NA	NA	NA	NA	NA	NA	NA	NA	NA	NA	NA	NA	NA	NA	NA	NA	NA	NA	NA	NA	NA	NA	NA	NA	NA	NA	NA	NA	NA	NA	NA
cg11429177	NA	NA	NA	NA	NA	NA	NA	NA	NA	NA	NA	NA	NA	NA	NA	NA	NA	NA	NA	NA	NA	NA	NA	NA	NA	NA	NA	NA	NA	NA	NA	NA	NA	NA	NA	NA
cg11445797	0.932350172904363	0.630302408806387	0.86123052331932	0.873490687321963	0.932824960395152	0.904285954927662	0.175072157201652	0.885318693417285	0.944523551554881	0.938130486565346	0.366545834914104	0.896755085644843	0.893456610539855	0.915529299336123	0.890185155318799	0.899458284420844	0.606040637021352	0.900075180874735	0.92299619479429	0.219757681710867	0.938322474328653	0.897841903882384	0.938569695134073	0.938037320771946	0.906465729829784	0.912719754485587	0.923020791177979	0.539724887715449	0.930062428285782	0.917849231684443	0.890882145473991	0.922985505637045	0.901051041651672	0.919489935904037	0.918306862102303	0.923095288080564
cg11451315	0.851838911880983	0.864417015889305	0.905599593237238	0.86641568469651	0.708618438865406	0.96372189664781	0.862550722561108	0.918321952090803	0.944212682959724	0.969242581651011	0.937992594362613	0.92092066856346	0.950748777416517	0.894381560455621	0.91436399592084	0.881883833733741	0.896506607365452	0.603319256020432	0.91448852420641	0.818578496995473	0.703214731584375	0.905232979157804	0.956346164726578	0.953107433278498	0.87972451832681	0.799654125406499	0.956220755745927	0.953189902388013	0.856378004330093	0.94592945593987	0.877046472759363	0.928514534509359	0.800751046494224	0.606104511742614	0.930013761372894	0.88471652184613
cg11521212	NA	NA	0.551827164859402	NA	NA	NA	NA	NA	NA	NA	NA	0.859227519796809	NA	NA	NA	0.676522002546469	NA	NA	0.788467273773099	0.771040571503564	NA	NA	NA	NA	NA	0.780096532173842	NA	NA	NA	NA	NA	0.792061867830791	0.560125007630812	NA	0.742470008900329	NA
cg11546131	0.912688434217242	0.907590750337097	0.868707325538698	0.874778764068614	0.90497484399369	0.894135437401528	0.481077222608795	0.863002826746799	0.825039020315191	0.912857722009707	0.88548959086485	0.937693799913148	0.833392209492722	0.802141252473028	0.766572823972538	0.859470468042146	0.653090155192053	0.841008691672359	0.88648977059656	0.852100350788681	0.891708347948777	0.802481282280045	0.896193309700508	0.89485504405974	0.76759957693883	0.855383498870613	0.922984314912841	0.623433249210423	0.87976483856894	0.7823287976433	0.894037337524885	0.892991678658236	0.790175392163459	0.873965726026354	0.891976333791387	0.854107518265369
cg11549871	NA	NA	NA	NA	NA	NA	NA	NA	NA	NA	NA	NA	NA	NA	NA	NA	NA	NA	NA	NA	NA	NA	NA	NA	NA	NA	NA	NA	NA	NA	NA	NA	NA	NA	NA	NA
cg11648402	NA	NA	NA	NA	NA	NA	NA	NA	NA	NA	NA	NA	NA	NA	NA	NA	NA	NA	NA	NA	NA	NA	NA	NA	NA	NA	NA	NA	NA	NA	NA	NA	NA	NA	NA	NA
cg11686069	NA	NA	NA	NA	NA	NA	NA	NA	NA	NA	NA	NA	NA	NA	NA	NA	NA	NA	NA	NA	NA	NA	NA	NA	NA	NA	NA	NA	NA	NA	NA	NA	NA	NA	NA	NA
cg11688553	0.611962560462183	0.671643072062453	0.932487293205636	0.885971165460901	0.672793907021528	0.93785267523164	0.640547112264222	0.85445036338404	0.749008523716032	0.934876513437135	0.622644716801731	0.867350338966467	0.935745316587454	0.790684832713818	0.914434516037125	0.870698965213053	0.943767386053535	0.803427628498218	0.805715399944545	0.436688379923207	0.665291719848647	0.956865613161556	0.828051031504827	0.934653173039581	0.940305518308417	0.599680912682512	0.897228760165961	0.351633169155399	0.562305805964568	0.927371471561923	0.840848361947368	0.821615293677719	0.828903747904976	0.594769511029755	0.953019051442668	0.902239712938033
cg11722990	NA	NA	NA	NA	NA	NA	NA	NA	NA	NA	NA	NA	NA	NA	NA	NA	NA	NA	NA	NA	NA	NA	NA	NA	NA	NA	NA	NA	NA	NA	NA	NA	NA	NA	NA	NA
cg11753004	NA	NA	NA	NA	NA	NA	NA	NA	NA	NA	NA	NA	NA	NA	NA	NA	NA	NA	NA	NA	NA	NA	NA	NA	NA	NA	NA	NA	NA	NA	NA	NA	NA	NA	NA	NA
cg11796578	0.919186684328245	0.927482399054623	0.900959352789438	0.865307082595583	0.896957534955281	0.956882201451318	0.925246577131386	0.929992276171596	0.939125232348623	0.932469901895166	0.925032722272369	0.897975900757596	0.920136452126823	0.918231090221011	0.899933768344322	0.910309365483568	0.885162858428056	0.804572640360652	0.39909726434227	0.867092532159852	0.893147772259606	0.927814953956952	0.944408814811513	0.939106177088373	0.919039159081583	0.749548341666989	0.954593298999443	0.225704550333554	0.200635385576162	0.919133305438487	0.901857601297549	0.938856733278729	0.802739807148932	0.866228206272404	0.915207382208195	0.924076924624807
cg11806813	NA	NA	NA	NA	NA	NA	NA	NA	NA	NA	NA	NA	NA	NA	NA	NA	NA	NA	NA	NA	NA	NA	NA	NA	NA	NA	NA	NA	NA	NA	NA	NA	NA	NA	NA	NA
cg11816434	0.899536967527395	0.850040206076237	0.948193536457325	0.875901813090077	0.886970759815491	0.963993206390562	0.873597727877096	0.952663294360732	0.900228148684286	0.915664113749885	0.892485732715283	0.920133810316325	0.905523862128907	0.742973581808224	0.906977445962655	0.937855095082836	0.879949480412655	0.92263297307081	0.914367183647238	0.904893155319075	0.928919414609668	0.889718609413859	0.914062468932805	0.903340223649887	0.906231622850984	0.931273231508101	0.874156127301617	0.945003031762148	0.757044285752831	0.913762326489034	0.888179357557287	0.92977790498894	0.879997185845778	0.877199892851327	0.894199515120078	0.843126442029623
cg11827743	0.93968449860782	0.93932336429461	0.967781764699028	0.955449661534596	0.918355963931361	0.975044646628873	0.875288219661375	0.959244300308047	0.976336322390038	0.9802493335865	0.974367961858943	0.931464654359172	0.977575157277532	0.943307965832027	0.971971175087884	0.953200394710978	0.944936828479734	0.960843332323281	0.964466155607195	0.92322656290254	0.947494349230312	0.961810254796871	0.959409516735664	0.972222907932549	0.966656172202108	0.949811897648512	0.971565311169629	0.532243755416204	0.978788504860951	0.966673260616235	0.949461742491631	0.829649281267867	0.923334074888653	0.957092666933273	0.969868077892485	0.963176731864819
cg11846226	NA	NA	NA	NA	NA	NA	NA	NA	NA	NA	NA	NA	NA	NA	NA	NA	NA	NA	NA	NA	NA	NA	NA	NA	NA	NA	NA	NA	NA	NA	NA	NA	NA	NA	NA	NA
cg11930700	NA	NA	NA	NA	NA	NA	NA	NA	NA	NA	NA	NA	NA	NA	NA	NA	NA	NA	NA	NA	NA	NA	NA	NA	NA	NA	NA	NA	NA	NA	NA	NA	NA	NA	NA	NA
cg11968166	NA	NA	NA	NA	NA	NA	NA	NA	NA	NA	NA	NA	NA	NA	NA	NA	NA	NA	NA	NA	NA	NA	NA	NA	NA	NA	NA	NA	NA	NA	NA	NA	NA	NA	NA	NA
cg12049322	NA	NA	NA	NA	NA	NA	NA	NA	NA	NA	NA	NA	NA	NA	NA	NA	NA	NA	NA	NA	NA	NA	NA	NA	NA	NA	NA	NA	NA	NA	NA	NA	NA	NA	NA	NA
cg12101572	NA	NA	NA	NA	NA	NA	NA	NA	NA	NA	NA	NA	NA	NA	NA	NA	NA	NA	NA	NA	NA	NA	NA	NA	NA	NA	NA	NA	NA	NA	NA	NA	NA	NA	NA	NA
cg12103802	NA	NA	NA	NA	NA	NA	NA	NA	NA	NA	NA	NA	NA	NA	NA	NA	NA	NA	NA	NA	NA	NA	NA	NA	NA	NA	NA	NA	NA	NA	NA	NA	NA	NA	NA	NA
cg12113981	0.626724360385983	0.447276480633371	0.806175570780288	0.809428330502833	0.562600447647745	0.853961894108776	0.837527218075298	0.599341498579612	0.907742318411523	0.904385733978427	0.923945976436749	0.368584530781706	0.767634458543054	0.657211709803369	0.572230382895316	0.660248827064005	0.50907028070296	0.52845959220147	0.147418081220978	0.420001619080101	0.125524237683181	0.69453435489249	0.884035390165845	0.88209851720619	0.718376954336612	0.418728786765328	0.725638721133849	0.132589905679324	0.248701107912322	0.85884645807761	0.420893068148669	0.814464110488488	0.510169660212216	0.850303534434672	0.834835886185341	0.590076322261746
cg12135953	0.910071781628019	0.89404961604015	0.578154169274734	0.870877118901769	0.488018043750353	0.930480741380682	0.940726949246144	0.891639085178185	0.836233081688771	0.908380079498424	0.694744850875676	0.839728253469687	0.899900560974125	0.817161713827244	0.816653177565643	0.647260698442386	0.833652975310305	0.472786363876572	0.765251574637892	0.698396817505972	0.534403041679234	0.869144110374684	0.931190553753012	0.935603336592068	0.83572862249009	0.501791651207361	0.882140620248501	0.241363867552694	0.728793055057433	0.878973952222838	0.73277990408606	0.847815733457141	0.787668741603887	0.734849826060666	0.877634950102005	0.833969394861878
cg12159166	0.887005023161886	0.7273625606073	0.765784111531254	0.762933944262377	0.868068514645449	0.924013089207944	0.894442221815813	0.723704810197432	0.931741972087328	0.937251744149129	0.909094950770764	0.898305552471593	0.848027752744534	0.945571429596162	0.886234931689454	0.860631281475339	0.775622560764013	0.8466151854867	0.908222156374571	0.909637951185315	0.899594353385943	0.901411084534685	0.927687725946476	0.90410514099983	0.852212527487038	0.851716848216644	0.875999784652913	0.929234683498701	0.881203727095852	0.811572547944105	0.745260902078711	0.916918987926382	0.79432344854751	0.878004274630847	0.880710426447168	0.877726729122111
cg12190125	NA	NA	NA	NA	NA	NA	NA	NA	NA	NA	NA	NA	NA	NA	NA	NA	NA	NA	NA	NA	NA	NA	NA	NA	NA	NA	NA	NA	NA	NA	NA	NA	NA	NA	NA	NA
cg12205645	NA	NA	NA	NA	NA	NA	NA	NA	NA	NA	NA	NA	NA	NA	NA	NA	NA	NA	NA	NA	NA	NA	NA	NA	NA	NA	NA	NA	NA	NA	NA	NA	NA	NA	NA	NA
cg12221729	NA	NA	NA	NA	NA	NA	NA	NA	NA	NA	NA	NA	NA	NA	NA	NA	NA	NA	NA	NA	NA	NA	NA	NA	NA	NA	NA	NA	NA	NA	NA	NA	NA	NA	NA	NA
cg12224855	NA	NA	NA	NA	NA	NA	NA	NA	NA	NA	NA	NA	NA	NA	NA	NA	NA	NA	NA	NA	NA	NA	NA	NA	NA	NA	NA	NA	NA	NA	NA	NA	NA	NA	NA	NA
cg12248480	NA	NA	NA	NA	NA	NA	NA	NA	NA	NA	NA	NA	NA	NA	NA	NA	NA	NA	NA	NA	NA	NA	NA	NA	NA	NA	NA	NA	NA	NA	NA	NA	NA	NA	NA	NA
cg12252868	NA	NA	NA	NA	NA	NA	NA	NA	NA	NA	NA	NA	NA	NA	NA	NA	NA	NA	NA	NA	NA	NA	NA	NA	NA	NA	NA	NA	NA	NA	NA	NA	NA	NA	NA	NA
cg12284736	NA	NA	NA	NA	NA	NA	NA	NA	NA	NA	NA	NA	NA	NA	NA	NA	NA	NA	NA	NA	NA	NA	NA	NA	NA	NA	NA	NA	NA	NA	NA	NA	NA	NA	NA	NA
cg12286403	NA	NA	NA	NA	NA	NA	NA	NA	NA	NA	NA	NA	NA	NA	NA	NA	NA	NA	NA	NA	NA	NA	NA	NA	NA	NA	NA	NA	NA	NA	NA	NA	NA	NA	NA	NA
cg12298312	NA	NA	NA	NA	NA	NA	NA	NA	NA	NA	NA	NA	NA	NA	NA	NA	NA	NA	NA	NA	NA	NA	NA	NA	NA	NA	NA	NA	NA	NA	NA	NA	NA	NA	NA	NA
cg12315011	NA	NA	NA	NA	NA	NA	NA	NA	NA	NA	NA	NA	NA	NA	NA	NA	NA	NA	NA	NA	NA	NA	NA	NA	NA	NA	NA	NA	NA	NA	NA	NA	NA	NA	NA	NA
cg12321355	0.904594579887045	0.802482948703139	0.898188272908052	0.838257448746312	0.885094027445638	0.941219448084944	0.908145409623428	0.843613006146158	0.898345107342994	0.729524942452873	0.926222587781547	0.90783717747622	0.929836464346612	0.827377413331139	0.873911695707808	0.848314971371706	0.870311742857603	0.884502059889348	0.920590384267535	0.859975917739371	0.766663084778788	0.882722194351522	0.925319750255355	0.919446867140828	0.896813212946458	0.884714054015371	0.883685298099679	0.762905178673094	0.914758836147675	0.9331833270248	0.786366677874761	0.888253715898515	0.846425433003802	0.852694244919788	0.907113128218975	0.812643555092129
cg12336935	NA	NA	NA	NA	NA	NA	NA	NA	NA	NA	NA	NA	NA	NA	NA	NA	NA	NA	NA	NA	NA	NA	NA	NA	NA	NA	NA	NA	NA	NA	NA	NA	NA	NA	NA	NA
cg12340381	NA	NA	NA	NA	NA	NA	NA	NA	NA	NA	NA	NA	NA	NA	NA	NA	NA	NA	NA	NA	NA	NA	NA	NA	NA	NA	NA	NA	NA	NA	NA	NA	NA	NA	NA	NA
cg12401953	NA	0.412798974457634	0.472321581802921	0.262293114454969	0.633590645435498	0.810724108329194	NA	0.288159043086431	0.505765929456154	0.801880501980077	0.921896964820672	0.693138372383113	0.411944638053055	0.606998605548828	0.645635829848297	NA	0.593316180343123	0.48986880764474	NA	0.667763035805955	0.569663058112142	0.516067289347015	0.915223946764986	NA	0.443623884163513	NA	0.853185231081006	NA	NA	0.722426462214815	0.37771077981872	0.79798742429985	0.408824650840789	NA	0.64433111347601	NA
cg12419663	NA	NA	NA	NA	NA	NA	NA	NA	NA	NA	NA	NA	NA	NA	NA	NA	NA	NA	NA	NA	NA	NA	NA	NA	NA	NA	NA	NA	NA	NA	NA	NA	NA	NA	NA	NA
cg12470218	0.744781463851701	0.821684833305473	0.868530319989674	0.815665663340391	0.885678237148704	0.924030362321043	0.953134494823083	0.867546772918828	0.885458283069308	0.896743898174891	0.945375155395088	0.919412301625884	0.864479550751114	0.936780286672558	0.87617486580093	0.855552866770711	0.795019893839397	0.858702080697687	0.934052614981668	0.827114186096355	0.916915373957611	0.834598860829892	0.937571875422172	0.920988365022236	0.909357507755244	0.904316519526279	0.90145023127668	0.928086394751521	0.928773700646597	0.882224362037528	0.869116488656689	0.788632550577651	0.799031325845391	0.866451488632615	0.914472113220394	0.850059130991725
cg12475092	NA	NA	NA	NA	NA	NA	NA	NA	NA	NA	NA	NA	NA	NA	NA	NA	NA	NA	NA	NA	NA	NA	NA	NA	NA	NA	NA	NA	NA	NA	NA	NA	NA	NA	NA	NA
cg12501523	NA	NA	NA	NA	NA	NA	NA	NA	NA	NA	NA	NA	NA	NA	NA	NA	NA	NA	NA	NA	NA	NA	NA	NA	NA	NA	NA	NA	NA	NA	NA	NA	NA	NA	NA	NA
cg12514654	NA	NA	NA	NA	NA	NA	NA	NA	NA	NA	NA	NA	NA	NA	NA	NA	NA	NA	NA	NA	NA	NA	NA	NA	NA	NA	NA	NA	NA	NA	NA	NA	NA	NA	NA	NA
cg12525774	NA	NA	NA	NA	NA	NA	NA	NA	NA	NA	NA	NA	NA	NA	NA	NA	NA	NA	NA	NA	NA	NA	NA	NA	NA	NA	NA	NA	NA	NA	NA	NA	NA	NA	NA	NA
cg12566078	0.792401528727717	0.788842600525782	0.927994142228008	0.886395708613154	0.759895134406186	0.934792518568177	0.934837762285515	0.780911580195741	0.910155907830821	0.92122751702582	0.928566230767886	0.660808394517407	0.919093231268876	0.661210413853232	0.903301183031556	0.891556766224628	0.779723827867001	0.916276246229326	0.552514458018837	0.905035260733577	0.888141165749305	0.864278281212363	0.913552575541342	0.253574432225602	0.93657200233325	0.66918572141867	0.915934004677312	0.565332358878491	0.724496592526485	0.331474054380072	0.914056221893839	0.924580138693943	0.684817074734899	0.778589403787327	0.908064566022993	0.789076973940884
cg12578116	NA	NA	NA	NA	NA	NA	NA	NA	NA	NA	NA	NA	NA	NA	NA	NA	NA	NA	NA	NA	NA	NA	NA	NA	NA	NA	NA	NA	NA	NA	NA	NA	NA	NA	NA	NA
cg12647952	0.786261760540591	0.772969439894929	0.739806327548871	0.799723469738119	0.83884951267807	0.916432886091999	0.662868344734439	0.686118281513027	0.833709353503599	0.940134661996874	0.950020536753452	0.807794089577473	0.731630820895084	0.919613313302429	0.844689196461399	0.7051480469611	0.735993141914192	0.674661847934216	0.93147544469466	0.850160711409713	0.831927243567585	0.784048818991678	0.928138717908162	0.93719246239238	0.817547043445061	0.873853592105952	0.937630365177782	0.920062509509493	0.872919939331062	0.863523076054702	0.72669437195588	0.848195246182764	0.747522803280634	0.747460765685915	0.855274885653196	0.806055681557078
cg12678329	NA	NA	NA	NA	NA	NA	NA	NA	NA	NA	NA	NA	NA	NA	NA	NA	NA	NA	NA	NA	NA	NA	NA	NA	NA	NA	NA	NA	NA	NA	NA	NA	NA	NA	NA	NA
cg12705541	0.31878232652283	0.245250064287255	0.606210789585623	0.546332200136265	0.295572885581398	0.37430779200162	0.280231749596633	0.631724780363274	0.339335345958737	0.917795777496991	0.397951352166216	0.154163079732183	0.382188081515471	0.420423753740794	0.31182231252876	0.445500496401187	0.255947262000005	0.450037742933932	0.14144397958084	0.275246376212218	0.125634858989778	0.353163203555519	0.174805475982595	0.728328955366393	0.51186629951164	0.602740125494347	0.255591417453608	0.147289800056208	0.661131382967137	0.516134176265294	0.56804964663005	0.119557038042892	0.453767660725621	0.342066321898227	0.346841824598772	0.677043452410886
cg12728543	NA	NA	NA	NA	NA	NA	NA	NA	NA	NA	NA	NA	NA	NA	NA	NA	NA	NA	NA	NA	NA	NA	NA	NA	NA	NA	NA	NA	NA	NA	NA	NA	NA	NA	NA	NA
cg12752449	0.899415422630637	0.75198324670761	0.796488122360882	0.798364215518032	0.900876863509056	0.929953755214402	0.944598889648368	0.796006002187657	0.845489410260557	0.938933927506469	0.914363613809975	0.857380377903002	0.837875925040102	0.905844623676484	0.890142515565915	0.81333345321473	0.448196393945967	0.879411529465079	0.80411535891056	0.882832796962971	0.852615314435962	0.819863941220889	0.907830934189672	0.901110905266656	0.862619419007086	0.858271051612902	0.919632012901449	0.862665504132062	0.878537864374525	0.872485926669681	0.823287510187965	0.86862994709184	0.833517004440481	0.828099547521331	0.869009188151047	0.858772280391496
cg12757890	NA	NA	NA	NA	NA	NA	NA	NA	NA	NA	NA	NA	NA	NA	NA	NA	NA	NA	NA	NA	NA	NA	NA	NA	NA	NA	NA	NA	NA	NA	NA	NA	NA	NA	NA	NA
cg12765935	NA	NA	NA	NA	NA	NA	NA	NA	NA	NA	NA	NA	NA	NA	NA	NA	NA	NA	NA	NA	NA	NA	NA	NA	NA	NA	NA	NA	NA	NA	NA	NA	NA	NA	NA	NA
cg12774391	0.909781584004543	0.944199726180681	0.927579984367644	0.901059846307328	0.96257810603115	0.958669816156373	0.963712472587207	0.931492982755819	0.940930280610861	0.960443081074006	0.965681449246053	0.960051810913532	0.950700230662359	0.950281922489368	0.942654432450144	0.951597309043061	0.940010702262892	0.934976755480636	0.943819902378071	0.936557503776869	0.944141225479694	0.918660387255295	0.968756970483293	0.959955364723131	0.945463619266368	0.951530369387411	0.948181990460986	0.960696914309338	0.926519167181561	0.944087064394	0.925783086017011	0.960503236976892	0.916189781524487	0.9505442145312	0.955987015994203	0.953110301136462
cg12794109	NA	NA	NA	NA	NA	NA	NA	NA	NA	NA	NA	NA	NA	NA	NA	NA	NA	NA	NA	NA	NA	NA	NA	NA	NA	NA	NA	NA	NA	NA	NA	NA	NA	NA	NA	NA
cg12809883	NA	NA	NA	NA	NA	NA	NA	NA	NA	NA	NA	NA	NA	NA	NA	NA	NA	NA	NA	NA	NA	NA	NA	NA	NA	NA	NA	NA	NA	NA	NA	NA	NA	NA	NA	NA
cg12874388	NA	NA	NA	NA	NA	NA	NA	NA	NA	NA	NA	NA	NA	NA	NA	NA	NA	NA	NA	NA	NA	NA	NA	NA	NA	NA	NA	NA	NA	NA	NA	NA	NA	NA	NA	NA
cg12882999	NA	NA	NA	NA	NA	NA	NA	NA	NA	NA	NA	NA	NA	NA	NA	NA	NA	NA	NA	NA	NA	NA	NA	NA	NA	NA	NA	NA	NA	NA	NA	NA	NA	NA	NA	NA
cg12934659	0.315877018562384	0.309509960029511	0.299874845717356	0.563303839911369	0.459609979225827	0.879811391735602	0.315243649969969	0.189159305771326	NA	0.860904206130691	0.808119948656986	0.508253828536552	0.726080707025215	0.53647297497021	0.738828859685493	0.638503744827009	0.367470531049215	0.530269419887637	0.330383146106384	0.257069675218482	0.634906341254397	0.576523242884289	0.525355220819317	0.541548108943858	0.686456288096772	0.544873956156126	0.817321219217347	0.245979841248905	0.903728835756383	0.473554347267052	0.615756358251138	0.305611588694049	0.508418159825561	NA	0.730926956043634	0.649428613176807
cg12977946	NA	NA	NA	NA	NA	NA	NA	NA	NA	NA	NA	NA	NA	NA	NA	NA	NA	NA	NA	NA	NA	NA	NA	NA	NA	NA	NA	NA	NA	NA	NA	NA	NA	NA	NA	NA
cg12980798	NA	NA	NA	NA	NA	NA	NA	NA	NA	NA	NA	NA	NA	NA	NA	NA	NA	NA	NA	NA	NA	NA	NA	NA	NA	NA	NA	NA	NA	NA	NA	NA	NA	NA	NA	NA
cg12985923	0.940417405845886	0.949761126062496	0.948035176167192	0.946878539598186	0.947407666913249	0.95999980619143	0.960187405327159	0.927995139571502	0.94958021388155	0.965988244812133	0.972704239341283	0.955537826375302	0.939167245443321	0.945992951602368	0.956476942967119	0.946132980019049	0.922276221008945	0.948426507056621	0.965083068667426	0.951989775250942	0.946112674253229	0.949188766593301	0.956311141666935	0.974210626910678	0.92346095903253	0.954439113148294	0.964877375121312	0.465878384683298	0.967972599790498	0.950053718837668	0.943928634082273	0.935583308723765	0.926229724432532	0.948570079197565	0.927259088158815	0.941849984665915
cg13003329	NA	NA	NA	NA	NA	NA	NA	NA	NA	NA	NA	NA	NA	NA	NA	NA	NA	NA	NA	NA	NA	NA	NA	NA	NA	NA	NA	NA	NA	NA	NA	NA	NA	NA	NA	NA
cg13018639	0.880342096300453	0.750238938641562	0.879476570797899	0.829728116531633	0.917923869863297	0.923690396663086	0.630862523581734	0.883986732539013	0.86666866386731	0.940113588512663	0.876798948665115	0.940013721141709	0.880175929614605	0.885732286162275	0.857137243791343	0.884525385846688	0.84934189867953	0.86318095249712	0.94510032856984	0.69665415268874	0.935358902439466	0.867757622240589	0.917563002349787	0.929187909187887	0.88234577762094	0.889235239345358	0.941363895814926	0.791189915421587	0.911689688978101	0.894538241298127	0.852983182335668	0.878560828851342	0.71234351769743	0.910433473668565	0.885683138131672	0.909360560687401
cg13022905	NA	NA	NA	NA	NA	NA	NA	NA	NA	NA	NA	NA	NA	NA	NA	NA	NA	NA	NA	NA	NA	NA	NA	NA	NA	NA	NA	NA	NA	NA	NA	NA	NA	NA	NA	NA
cg13060607	NA	NA	NA	NA	NA	NA	NA	NA	NA	NA	NA	NA	NA	NA	NA	NA	NA	NA	NA	NA	NA	NA	NA	NA	NA	NA	NA	NA	NA	NA	NA	NA	NA	NA	NA	NA
cg13082604	NA	NA	NA	NA	NA	NA	NA	NA	NA	NA	NA	NA	NA	NA	NA	NA	NA	NA	NA	NA	NA	NA	NA	NA	NA	NA	NA	NA	NA	NA	NA	NA	NA	NA	NA	NA
cg13105167	NA	NA	NA	NA	NA	NA	NA	NA	NA	NA	NA	NA	NA	NA	NA	NA	NA	NA	NA	NA	NA	NA	NA	NA	NA	NA	NA	NA	NA	NA	NA	NA	NA	NA	NA	NA
cg13155421	0.960496768964141	0.492884049895281	0.961381230633023	0.914863359739449	0.881569950273359	0.930708128691143	0.441399031218807	0.918712165288089	0.410937118967288	0.870785886424609	0.924895310061772	0.938168040378801	0.868543746005926	0.461740399886302	0.959896967388686	0.717065971008186	0.847139635179526	0.961168618623761	0.937580229007899	0.864776960189787	0.949714152200118	0.93613726900644	0.930632955647638	0.919381768191229	0.869877304747637	0.661502233790051	0.887444666200227	0.835025317032112	0.877851316097832	0.460421408241847	0.838128497432419	0.926905247928595	0.563946983383592	0.399242809446844	0.917674994703143	0.919308526828498
cg13202514	NA	NA	NA	NA	NA	NA	NA	NA	NA	NA	NA	NA	NA	NA	NA	NA	NA	NA	NA	NA	NA	NA	NA	NA	NA	NA	NA	NA	NA	NA	NA	NA	NA	NA	NA	NA
cg13225272	NA	NA	NA	NA	NA	NA	NA	NA	NA	NA	NA	NA	NA	NA	NA	NA	NA	NA	NA	NA	NA	NA	NA	NA	NA	NA	NA	NA	NA	NA	NA	NA	NA	NA	NA	NA
cg13227480	NA	NA	NA	NA	NA	NA	NA	NA	NA	NA	NA	NA	NA	NA	NA	NA	NA	NA	NA	NA	NA	NA	NA	NA	NA	NA	NA	NA	NA	NA	NA	NA	NA	NA	NA	NA
cg13234587	0.925701947531577	0.923260443207975	0.945996158477303	0.821865182017417	0.91696401420543	0.947168671645817	0.939406583856	0.947363489094291	0.890282738445464	0.951052946338808	0.917523495916141	0.94034152825988	0.947594036338051	0.923151409471796	0.939169334530615	0.826679281674063	0.91452109508413	0.930865049116979	0.605720505674307	0.932231799831949	0.85218857729515	0.941906653371985	0.915015330087333	0.953729090081969	0.912981571830483	0.925303454416678	0.949234801280986	0.949926703857886	0.918571630957568	0.935275276580811	0.899832764165047	0.636930346334722	0.942981524866153	0.673053217556262	0.955554399398087	0.950975302062451
cg13244886	NA	NA	NA	NA	NA	NA	NA	NA	NA	NA	NA	NA	NA	NA	NA	NA	NA	NA	NA	NA	NA	NA	NA	NA	NA	NA	NA	NA	NA	NA	NA	NA	NA	NA	NA	NA
cg13247922	NA	NA	NA	NA	NA	NA	NA	NA	NA	NA	NA	NA	NA	NA	NA	NA	NA	NA	NA	NA	NA	NA	NA	NA	NA	NA	NA	NA	NA	NA	NA	NA	NA	NA	NA	NA
cg13278241	NA	NA	NA	NA	NA	NA	NA	NA	NA	NA	NA	NA	NA	NA	NA	NA	NA	NA	NA	NA	NA	NA	NA	NA	NA	NA	NA	NA	NA	NA	NA	NA	NA	NA	NA	NA
cg13324357	NA	NA	NA	NA	NA	NA	NA	NA	NA	NA	NA	NA	NA	NA	NA	NA	NA	NA	NA	NA	NA	NA	NA	NA	NA	NA	NA	NA	NA	NA	NA	NA	NA	NA	NA	NA
cg13342370	NA	NA	NA	NA	NA	NA	NA	NA	NA	NA	NA	NA	NA	NA	NA	NA	NA	NA	NA	NA	NA	NA	NA	NA	NA	NA	NA	NA	NA	NA	NA	NA	NA	NA	NA	NA
cg13375629	0.897323142249825	0.808076769420766	0.888868921791988	0.607837746059873	0.692387961902482	0.888128395610853	0.807380771268719	0.911989288352115	0.827529553467934	0.903388490494226	0.640594603349716	0.88279920769444	0.863997277494121	0.72544909981383	0.702362361560149	0.69024469012672	0.895738738221583	0.63899522521558	0.38902664660564	0.693526813826532	0.898571074549103	0.761830757610029	0.844958525497195	0.857560530627989	0.795301978633852	0.612089783688569	0.872743893396475	0.495210955305426	0.53468933447624	0.881400460599864	0.736795135669973	0.83615152748675	0.788947766177615	0.598166776444603	0.869129824538118	0.731744867614147
cg13386084	NA	NA	NA	NA	NA	NA	NA	NA	NA	NA	NA	NA	NA	NA	NA	NA	NA	NA	NA	NA	NA	NA	NA	NA	NA	NA	NA	NA	NA	NA	NA	NA	NA	NA	NA	NA
cg13391607	NA	NA	NA	NA	NA	NA	NA	NA	NA	NA	NA	NA	NA	NA	NA	NA	NA	NA	NA	NA	NA	NA	NA	NA	NA	NA	NA	NA	NA	NA	NA	NA	NA	NA	NA	NA
cg13412213	0.671231502016492	0.45303197641836	0.367837158506817	0.69889582947819	0.537026116121375	0.881009624821972	0.293608449859734	0.562138788640016	0.687133659460427	0.843003717068702	0.843783049058693	0.30552800709447	0.666445342129794	0.554904687068032	0.643063900226618	0.648601685148694	0.470055055493679	0.673858561974736	0.770755708936947	0.299694581321429	0.376730760142807	0.690016794414825	0.61813791846932	0.729761678970968	0.626457329602033	0.620942713956006	0.809653371646949	0.303681270390026	0.814678112180989	0.700797940457154	0.635605605199488	0.75313388189566	0.567345844140346	0.644983158910018	0.700357438384692	0.660834942180851
cg13415320	NA	NA	NA	NA	NA	NA	NA	NA	NA	NA	NA	NA	NA	NA	NA	NA	NA	NA	NA	NA	NA	NA	NA	NA	NA	NA	NA	NA	NA	NA	NA	NA	NA	NA	NA	NA
cg13436725	NA	NA	NA	NA	NA	NA	NA	NA	NA	NA	NA	NA	NA	NA	NA	NA	NA	NA	NA	NA	NA	NA	NA	NA	NA	NA	NA	NA	NA	NA	NA	NA	NA	NA	NA	NA
cg13442045	NA	NA	NA	NA	NA	NA	NA	NA	NA	NA	NA	NA	NA	NA	NA	NA	NA	NA	NA	NA	NA	NA	NA	NA	NA	NA	NA	NA	NA	NA	NA	NA	NA	NA	NA	NA
cg13475915	NA	NA	NA	NA	NA	NA	NA	NA	NA	NA	NA	NA	NA	NA	NA	NA	NA	NA	NA	NA	NA	NA	NA	NA	NA	NA	NA	NA	NA	NA	NA	NA	NA	NA	NA	NA
cg13487422	NA	NA	NA	NA	NA	NA	NA	NA	NA	NA	NA	NA	NA	NA	NA	NA	NA	NA	NA	NA	NA	NA	NA	NA	NA	NA	NA	NA	NA	NA	NA	NA	NA	NA	NA	NA
cg13498940	NA	NA	NA	NA	NA	NA	NA	NA	NA	NA	NA	NA	NA	NA	NA	NA	NA	NA	NA	NA	NA	NA	NA	NA	NA	NA	NA	NA	NA	NA	NA	NA	NA	NA	NA	NA
cg13534903	NA	NA	NA	NA	NA	NA	NA	NA	NA	NA	NA	NA	NA	NA	NA	NA	NA	NA	NA	NA	NA	NA	NA	NA	NA	NA	NA	NA	NA	NA	NA	NA	NA	NA	NA	NA
cg13542042	NA	NA	NA	NA	NA	NA	NA	NA	NA	NA	NA	NA	NA	NA	NA	NA	NA	NA	NA	NA	NA	NA	NA	NA	NA	NA	NA	NA	NA	NA	NA	NA	NA	NA	NA	NA
cg13574050	NA	NA	NA	NA	NA	NA	NA	NA	NA	NA	NA	NA	NA	NA	NA	NA	NA	NA	NA	NA	NA	NA	NA	NA	NA	NA	NA	NA	NA	NA	NA	NA	NA	NA	NA	NA
cg13579926	NA	NA	NA	NA	NA	NA	NA	NA	NA	NA	NA	NA	NA	NA	NA	NA	NA	NA	NA	NA	NA	NA	NA	NA	NA	NA	NA	NA	NA	NA	NA	NA	NA	NA	NA	NA
cg13583523	0.785317325800246	0.445695239713715	0.799997870409903	0.385413165906413	0.459916936071786	0.455968868318387	0.255128021415667	0.83980435361095	0.679756703262055	0.939333930004433	0.428398663753658	0.227788727148798	0.2781098963784	0.50038257851937	0.469988655948723	0.435427430117685	0.31484131471029	0.375854251246972	0.224012753556127	0.314212300885283	0.283329372822659	0.645010468932989	0.803579115752476	0.852329372925511	0.491380130103077	0.468357961565468	0.865082450779178	0.150334041590495	0.155026055987023	0.588365430455518	0.645005893507425	0.463605740362453	0.488651965288559	0.282789937652561	0.854477349084632	0.63968332423088
cg13594837	NA	NA	NA	NA	NA	NA	NA	NA	NA	NA	NA	NA	NA	NA	NA	NA	NA	NA	NA	NA	NA	NA	NA	NA	NA	NA	NA	NA	NA	NA	NA	NA	NA	NA	NA	NA
cg13597865	NA	NA	NA	NA	NA	NA	NA	NA	NA	NA	NA	NA	NA	NA	NA	NA	NA	NA	NA	NA	NA	NA	NA	NA	NA	NA	NA	NA	NA	NA	NA	NA	NA	NA	NA	NA
cg13599051	NA	NA	NA	NA	NA	NA	NA	NA	NA	NA	NA	NA	NA	NA	NA	NA	NA	NA	NA	NA	NA	NA	NA	NA	NA	NA	NA	NA	NA	NA	NA	NA	NA	NA	NA	NA
cg13614060	0.607837481834827	0.763538945082996	0.877534043334162	0.728896392456696	0.81875438391955	0.744080777273232	0.826499833246436	0.92884353438063	0.843614941431569	0.893012715319996	0.571995298636526	0.899160325177095	0.931670903789598	0.688519696350806	0.834409876965017	0.73440537283702	0.813962974343852	0.511934398392376	0.662288617306849	0.822092995121514	0.515771541601863	0.839472216011048	0.745484893407575	0.866601172824507	0.77677930239354	0.874264030480735	0.860677173950147	0.408137633446582	0.859969646831565	0.880057192386252	0.756461448139257	0.694105100028051	0.619698678907718	0.776296308676426	0.82953160423457	0.772753535140621
cg13625213	0.896343373663284	0.974285961789652	0.964734431044945	0.9517093753475	0.972354750972267	0.96802908413315	0.842454164744519	0.962467269372251	0.955921002134321	0.974961208432537	0.963157048861196	0.978575316836614	0.967329271646164	0.959645992033301	0.955174175036774	0.965411183452815	0.972022128724831	0.969211921083169	0.966671293391526	0.960562009593398	0.978415333364269	0.96606423997137	0.972323361682202	0.971765445505976	0.957002496288651	0.963878267923902	0.970987471104002	0.942470848412564	0.967183126081087	0.970573921560384	0.960186123262022	0.967275383455169	0.950522055021776	0.960141347655725	0.973143556787081	0.964243372037253
cg13642800	NA	NA	NA	NA	NA	NA	NA	NA	NA	NA	NA	NA	NA	NA	NA	NA	NA	NA	NA	NA	NA	NA	NA	NA	NA	NA	NA	NA	NA	NA	NA	NA	NA	NA	NA	NA
cg13644646	NA	NA	NA	NA	NA	NA	NA	NA	NA	NA	NA	NA	NA	NA	NA	NA	NA	NA	NA	NA	NA	NA	NA	NA	NA	NA	NA	NA	NA	NA	NA	NA	NA	NA	NA	NA
cg13662724	NA	NA	NA	NA	NA	NA	NA	NA	NA	NA	NA	NA	NA	NA	NA	NA	NA	NA	NA	NA	NA	NA	NA	NA	NA	NA	NA	NA	NA	NA	NA	NA	NA	NA	NA	NA
cg13714241	NA	NA	NA	NA	NA	NA	NA	NA	NA	NA	NA	NA	NA	NA	NA	NA	NA	NA	NA	NA	NA	NA	NA	NA	NA	NA	NA	NA	NA	NA	NA	NA	NA	NA	NA	NA
cg13715827	NA	NA	NA	NA	NA	NA	NA	NA	NA	NA	NA	NA	NA	NA	NA	NA	NA	NA	NA	NA	NA	NA	NA	NA	NA	NA	NA	NA	NA	NA	NA	NA	NA	NA	NA	NA
cg13716167	NA	NA	NA	NA	NA	NA	NA	NA	NA	NA	NA	NA	NA	NA	NA	NA	NA	NA	NA	NA	NA	NA	NA	NA	NA	NA	NA	NA	NA	NA	NA	NA	NA	NA	NA	NA
cg13717555	NA	NA	NA	NA	NA	NA	NA	NA	NA	NA	NA	NA	NA	NA	NA	NA	NA	NA	NA	NA	NA	NA	NA	NA	NA	NA	NA	NA	NA	NA	NA	NA	NA	NA	NA	NA
cg13754621	NA	NA	NA	NA	NA	NA	NA	NA	NA	NA	NA	NA	NA	NA	NA	NA	NA	NA	NA	NA	NA	NA	NA	NA	NA	NA	NA	NA	NA	NA	NA	NA	NA	NA	NA	NA
cg13759931	NA	NA	NA	NA	NA	NA	NA	NA	NA	NA	NA	NA	NA	NA	NA	NA	NA	NA	NA	NA	NA	NA	NA	NA	NA	NA	NA	NA	NA	NA	NA	NA	NA	NA	NA	NA
cg13781938	0.964871765925179	0.96163313957651	0.958598032790106	0.962034444366207	0.975755403566747	0.975530166425784	0.973890117767963	0.967574663532353	0.975393678642962	0.979043824875629	0.983995858935241	0.965648650268356	0.964275236428539	0.981519281378989	0.973224314661489	0.963362497106657	0.957771729140541	0.963498281587003	0.973106980565742	0.947747594426709	0.937919716067686	0.9596683013488	0.983313881218498	0.981510434692952	0.967153826626009	0.95718410676635	0.980064503844044	0.438460227082761	0.98301616071527	0.972881918236508	0.956801469135177	0.973582955179364	0.960237270196673	0.950243687230528	0.967120795368945	0.96743338553579
cg13848981	NA	NA	NA	NA	NA	NA	NA	NA	NA	NA	NA	NA	NA	NA	NA	NA	NA	NA	NA	NA	NA	NA	NA	NA	NA	NA	NA	NA	NA	NA	NA	NA	NA	NA	NA	NA
cg13873902	NA	NA	NA	NA	NA	NA	NA	NA	NA	NA	NA	NA	NA	NA	NA	NA	NA	NA	NA	NA	NA	NA	NA	NA	NA	NA	NA	NA	NA	NA	NA	NA	NA	NA	NA	NA
cg13876071	NA	NA	NA	NA	NA	NA	NA	NA	NA	NA	NA	NA	NA	NA	NA	NA	NA	NA	NA	NA	NA	NA	NA	NA	NA	NA	NA	NA	NA	NA	NA	NA	NA	NA	NA	NA
cg13877944	NA	NA	NA	NA	NA	NA	NA	NA	NA	NA	NA	NA	NA	NA	NA	NA	NA	NA	NA	NA	NA	NA	NA	NA	NA	NA	NA	NA	NA	NA	NA	NA	NA	NA	NA	NA
cg13882046	NA	NA	NA	NA	NA	NA	NA	NA	NA	NA	NA	NA	NA	NA	NA	NA	NA	NA	NA	NA	NA	NA	NA	NA	NA	NA	NA	NA	NA	NA	NA	NA	NA	NA	NA	NA
cg13947513	NA	NA	NA	NA	NA	NA	NA	NA	NA	NA	NA	NA	NA	NA	NA	NA	NA	NA	NA	NA	NA	NA	NA	NA	NA	NA	NA	NA	NA	NA	NA	NA	NA	NA	NA	NA
cg13979194	NA	NA	NA	NA	NA	NA	NA	NA	NA	NA	NA	NA	NA	NA	NA	NA	NA	NA	NA	NA	NA	NA	NA	NA	NA	NA	NA	NA	NA	NA	NA	NA	NA	NA	NA	NA
cg13980410	0.619302370904315	0.739313686977093	0.794201880812429	0.524802391165173	0.764112184520626	0.885249897916369	0.369958906195345	0.834536755181815	0.806243401989755	0.916936175852088	0.805553713937808	0.81365272923352	0.844600981882948	0.649461246873492	0.55047189132364	0.642094805020749	0.717710420155411	0.597507224894764	0.84821139504519	0.436909991518717	0.868214193671601	0.732718941809846	0.847756479367545	0.882841789565575	0.698417660907281	0.707903122020908	0.593314298125261	0.617560582773636	0.504206763817333	0.837921990566501	0.660777925470892	0.810799791245586	0.60607352322913	0.692199692518132	0.872968789683688	0.558982553988738
cg13982037	0.89451480848428	0.294011464565667	0.748179650193513	0.372827007681799	0.459148766583214	0.181571619742192	0.224042909184059	0.231328677453372	0.275419881084003	0.748410620446035	0.272483445626159	0.307513582318594	0.16049128066958	0.462805355059098	0.717104192655295	0.233389898981338	0.38687049194279	0.607827570165498	0.256269792956053	0.618159022459749	0.130564087796449	0.428587903025267	0.663154638556945	0.373343181546234	0.312518239523701	0.522534760128379	0.788132922292344	0.211997549031358	0.169835818055042	0.262255811702867	0.38500443702147	0.2155075927697	0.571312929397736	0.243870042040467	0.229780277372758	0.748941502600972
cg13983495	NA	NA	NA	NA	NA	NA	NA	NA	NA	NA	NA	NA	NA	NA	NA	NA	NA	NA	NA	NA	NA	NA	NA	NA	NA	NA	NA	NA	NA	NA	NA	NA	NA	NA	NA	NA
cg14027704	NA	NA	NA	NA	NA	NA	NA	NA	NA	NA	NA	NA	NA	NA	NA	NA	NA	NA	NA	NA	NA	NA	NA	NA	NA	NA	NA	NA	NA	NA	NA	NA	NA	NA	NA	NA
cg14029959	0.828816076948086	0.6817260335284	0.860045583052423	0.845244516374441	0.86000307443459	0.860354180753396	0.715192317449114	0.885024587922012	0.786218524540941	0.89838143749296	0.835601674458934	0.912453803481766	0.845202291055871	0.803200046682142	0.757880685738933	0.768347137169101	0.827818490456463	0.831855945300887	0.840636547944882	0.708340984879621	0.668347408929388	0.817404586557793	0.860379472043621	0.885984463489393	0.819979729378345	0.82414608712842	0.784662329513768	0.722208304635853	0.871265638164634	0.81889635110105	0.777155075007455	0.901095478653698	0.691540637296839	0.857716173616163	0.821892716896305	0.74896903910748
cg14033737	NA	NA	NA	NA	NA	NA	NA	NA	NA	NA	NA	NA	NA	NA	NA	NA	NA	NA	NA	NA	NA	NA	NA	NA	NA	NA	NA	NA	NA	NA	NA	NA	NA	NA	NA	NA
cg14041094	0.27588226036296	0.324818001347464	0.326450003582115	0.428168650258601	0.713405696870531	0.18586837807621	0.302963746705367	0.116729030525398	0.269264526502106	0.0868570093043098	0.263286865248196	0.324557632107825	0.242820794751102	0.733288762354164	0.859535811028085	0.294219468963428	0.373097827808128	0.491544814355701	0.609843460007671	0.492545301059917	0.206188753309537	0.576609355474239	0.282200773612634	0.17626350854179	0.498904998006026	0.572527077792238	0.236102093201872	0.275953581888567	0.129517770744994	0.238938935406018	0.461226661774933	0.246977514248959	0.651908109105818	0.329409480520857	0.276571496317384	0.433255506073144
cg14048785	NA	NA	NA	NA	NA	NA	NA	NA	NA	NA	NA	NA	NA	NA	NA	NA	NA	NA	NA	NA	NA	NA	NA	NA	NA	NA	NA	NA	NA	NA	NA	NA	NA	NA	NA	NA
cg14102569	NA	NA	NA	NA	NA	NA	NA	NA	NA	NA	NA	NA	NA	NA	NA	NA	NA	NA	NA	NA	NA	NA	NA	NA	NA	NA	NA	NA	NA	NA	NA	NA	NA	NA	NA	NA
cg14122723	NA	NA	NA	NA	NA	NA	NA	NA	NA	NA	NA	NA	NA	NA	NA	NA	NA	NA	NA	NA	NA	NA	NA	NA	NA	NA	NA	NA	NA	NA	NA	NA	NA	NA	NA	NA
cg14143323	NA	NA	NA	NA	NA	NA	NA	NA	NA	NA	NA	NA	NA	NA	NA	NA	NA	NA	NA	NA	NA	NA	NA	NA	NA	NA	NA	NA	NA	NA	NA	NA	NA	NA	NA	NA
cg14153625	NA	NA	NA	NA	NA	NA	NA	NA	NA	NA	NA	NA	NA	NA	NA	NA	NA	NA	NA	NA	NA	NA	NA	NA	NA	NA	NA	NA	NA	NA	NA	NA	NA	NA	NA	NA
cg14178937	NA	NA	NA	NA	NA	NA	NA	NA	NA	NA	NA	NA	NA	NA	NA	NA	NA	NA	NA	NA	NA	NA	NA	NA	NA	NA	NA	NA	NA	NA	NA	NA	NA	NA	NA	NA
cg14184524	0.235780923500615	0.624383224756533	0.691434797494348	0.562094215472538	0.612187306732031	0.880291545954752	0.229744954473922	0.635639027472359	0.619288466711921	0.91857256748038	0.810098076401973	0.769493240120856	0.495691755396769	0.479138588138414	0.488948113132187	0.458947439364322	0.447597500333378	0.500329492947683	0.860346690663283	0.450688062748931	0.725671131502865	0.620999997156375	0.766304244435315	0.924785017841773	0.649014901243848	0.695981806668171	0.809878282138766	0.833139379945309	0.644575132731995	0.753866448354375	0.490005898012207	0.851053275693972	0.42106963344485	0.729169819730694	0.790440581373882	0.605638989914187
cg14212012	NA	0.141240574581419	0.137602504163619	NA	0.111251806259775	0.069676503905687	0.136137222562899	NA	0.133451745429091	0.0754430269913847	0.100942580222217	0.0837494715957355	NA	0.114118890664518	0.167511794713788	0.194010930033504	0.218140946753214	0.201188601679018	0.0985305970306096	0.134428653846352	0.0731681702023142	0.232553007907218	0.0924876015902239	0.439308851957833	0.261334684438509	0.210489771499758	0.0754396151748494	0.162539184316398	0.0810804721306998	0.129375641769303	0.198478458784415	NA	0.0996288755507026	0.130369259754164	0.0689305935697795	0.185327771320441
cg14218089	NA	NA	NA	NA	NA	NA	NA	NA	NA	NA	NA	NA	NA	NA	NA	NA	NA	NA	NA	NA	NA	NA	NA	NA	NA	NA	NA	NA	NA	NA	NA	NA	NA	NA	NA	NA
cg14220427	NA	NA	NA	NA	NA	NA	NA	NA	NA	NA	NA	NA	NA	NA	NA	NA	NA	NA	NA	NA	NA	NA	NA	NA	NA	NA	NA	NA	NA	NA	NA	NA	NA	NA	NA	NA
cg14305657	NA	NA	NA	NA	NA	NA	NA	NA	NA	NA	NA	NA	NA	NA	NA	NA	NA	NA	NA	NA	NA	NA	NA	NA	NA	NA	NA	NA	NA	NA	NA	NA	NA	NA	NA	NA
cg14310179	NA	NA	NA	NA	NA	NA	NA	NA	NA	NA	NA	NA	NA	NA	NA	NA	NA	NA	NA	NA	NA	NA	NA	NA	NA	NA	NA	NA	NA	NA	NA	NA	NA	NA	NA	NA
cg14319700	NA	NA	NA	NA	NA	NA	NA	NA	NA	NA	NA	NA	NA	NA	NA	NA	NA	NA	NA	NA	NA	NA	NA	NA	NA	NA	NA	NA	NA	NA	NA	NA	NA	NA	NA	NA
cg14347328	NA	NA	NA	NA	NA	NA	NA	NA	NA	NA	NA	NA	NA	NA	NA	NA	NA	NA	NA	NA	NA	NA	NA	NA	NA	NA	NA	NA	NA	NA	NA	NA	NA	NA	NA	NA
cg14373718	NA	NA	NA	NA	NA	NA	NA	NA	NA	NA	NA	NA	NA	NA	NA	NA	NA	NA	NA	NA	NA	NA	NA	NA	NA	NA	NA	NA	NA	NA	NA	NA	NA	NA	NA	NA
cg14390884	NA	NA	NA	NA	NA	NA	NA	NA	NA	NA	NA	NA	NA	NA	NA	NA	NA	NA	NA	NA	NA	NA	NA	NA	NA	NA	NA	NA	NA	NA	NA	NA	NA	NA	NA	NA
cg14404146	NA	NA	NA	NA	NA	NA	NA	NA	NA	NA	NA	NA	NA	NA	NA	NA	NA	NA	NA	NA	NA	NA	NA	NA	NA	NA	NA	NA	NA	NA	NA	NA	NA	NA	NA	NA
cg14430410	NA	NA	NA	NA	NA	NA	NA	NA	NA	NA	NA	NA	NA	NA	NA	NA	NA	NA	NA	NA	NA	NA	NA	NA	NA	NA	NA	NA	NA	NA	NA	NA	NA	NA	NA	NA
cg14444297	NA	NA	NA	NA	NA	NA	NA	NA	NA	NA	NA	NA	NA	NA	NA	NA	NA	NA	NA	NA	NA	NA	NA	NA	NA	NA	NA	NA	NA	NA	NA	NA	NA	NA	NA	NA
cg14558728	NA	NA	NA	NA	NA	NA	NA	NA	NA	NA	NA	NA	NA	NA	NA	NA	NA	NA	NA	NA	NA	NA	NA	NA	NA	NA	NA	NA	NA	NA	NA	NA	NA	NA	NA	NA
cg14571682	0.936008795529155	0.713510620277267	0.884621854454064	0.865756317670732	0.909636697748818	0.930608659783077	0.660836701098004	0.910520756163571	0.917016088532308	0.913774484098833	0.952033371461755	0.928486195808614	0.917831851867445	0.928882496949879	0.93552622307013	0.85239375242141	0.877131940329532	0.918755567061807	0.942186110527211	0.834773383698365	0.905864608424911	0.903389589333541	0.919430103135021	0.941586385978081	0.913840965633129	0.923493188604064	0.923099027331702	0.878731112812503	0.90416084393288	0.870943277113835	0.837302477543223	0.931310550682364	0.802669805700984	0.92893326124632	0.901382477356133	0.901823732251498
cg14595915	NA	NA	NA	NA	NA	NA	NA	NA	NA	NA	NA	NA	NA	NA	NA	NA	NA	NA	NA	NA	NA	NA	NA	NA	NA	NA	NA	NA	NA	NA	NA	NA	NA	NA	NA	NA
cg14607955	0.882782730628725	0.862574686666067	0.84225669954942	0.865679360946905	0.889308347505013	0.928405156750958	0.943952162679126	0.838802673676253	0.893789993358409	0.946718262209559	0.950131538011753	0.905301531106346	0.878899470513641	0.939307865223216	0.880269570546551	0.791693093846685	0.835127820574364	0.834715323755661	0.944641021698886	0.904255086204716	0.867791990108073	0.868216111936904	0.935090106293037	0.919531906598352	0.860343426705302	0.906125569382823	0.955948218015684	0.920602047065444	0.957362602744279	0.92030936108888	0.863994349144962	0.929895888383871	0.860837648618965	0.833013023306497	0.916458549203131	0.885411599983457
cg14615553	0.819311072811548	0.891984789422052	0.889513169399424	0.796308137266339	0.88180658289918	0.94827144263216	0.947287350557339	0.859274663653308	0.924720333215131	0.949044244739351	0.871566162314199	0.905703673009175	0.841286871661745	0.924455452003655	0.863603617747317	0.897960967512915	0.849122708351556	0.812020283494017	0.917257759578944	0.878753747434941	0.911599549508888	0.881010222868109	0.945404160091563	0.953465133442069	0.889364373586054	0.891653942829203	0.935880093465241	0.91076976713332	0.953728550633353	0.932179687845206	0.855541938939231	0.922825267538768	0.825828170939596	0.910479954746135	0.917646718193938	0.885644350595932
cg14642414	0.885690542971665	0.835087274666461	0.909811524196588	0.909415902848117	0.934822186434195	0.936085403435934	0.637521842434733	0.932700205720816	0.903581140743453	0.960768571182638	0.926337501170003	0.356907726171908	0.902266509137792	0.791165601761837	0.846755894554382	0.801935667980846	0.793295588882487	0.676282329178947	0.497488156022315	0.708085496220528	0.238089151353314	0.887382692234604	0.959544952293083	0.942523575581027	0.894824585845009	0.811730219804232	0.944087302329863	0.559722215341945	0.392108987986943	0.892931972755899	0.749696422550997	0.862800364019274	0.743524149957132	0.831965747039291	0.906240749764102	0.904701047245638
cg14650677	NA	NA	NA	NA	NA	NA	NA	NA	NA	NA	NA	NA	NA	NA	NA	NA	NA	NA	NA	NA	NA	NA	NA	NA	NA	NA	NA	NA	NA	NA	NA	NA	NA	NA	NA	NA
cg14670213	0.931772098160125	0.95955175384564	0.94678333774568	0.948880374055073	0.694688267269847	0.965574404147785	0.937383033757545	0.952892929833721	0.964145194449089	0.963739063446299	0.969529314315664	0.905645596940314	0.947009628558089	0.951715233171388	0.946937037136665	0.949412252140596	0.943264863118918	0.953841577196931	0.452897271931061	0.948547465336035	0.666291984704992	0.956446849791915	0.971143876253507	0.968112630996228	0.957261511907928	0.615415994883888	0.972363600951671	0.224934140670362	0.961979200122762	0.962217448060434	0.943574007781783	0.933682066270057	0.923498988539028	0.894534264617079	0.94273903902381	0.950874522589701
cg14673247	0.1843475470915	0.207314043836005	0.773742184175742	0.224077638674618	0.479349697420261	0.203606338340485	0.259725407820034	0.41298741165304	0.165485328698654	0.838077562862167	0.190955041914463	0.507859521756278	0.160159943558657	0.250239649113721	0.43736303299571	0.429763396827778	0.30846456099177	0.484043056614826	0.713759294182127	0.345160955471707	0.482240726043977	0.334634401788672	0.181129278920831	0.111815295737145	0.213488545966123	0.367384113538539	0.785582693447125	0.152494741184477	0.762483144241775	0.165638328382473	0.475156457045882	0.146294886990373	0.293644422629861	0.271559324816664	0.327888668905924	0.40608857856518
cg14677013	NA	NA	NA	NA	NA	NA	NA	NA	NA	NA	NA	NA	NA	NA	NA	NA	NA	NA	NA	NA	NA	NA	NA	NA	NA	NA	NA	NA	NA	NA	NA	NA	NA	NA	NA	NA
cg14683055	NA	NA	NA	NA	NA	NA	NA	NA	NA	NA	NA	NA	NA	NA	NA	NA	NA	NA	NA	NA	NA	NA	NA	NA	NA	NA	NA	NA	NA	NA	NA	NA	NA	NA	NA	NA
cg14706226	NA	NA	NA	NA	NA	NA	NA	NA	NA	NA	NA	NA	NA	NA	NA	NA	NA	NA	NA	NA	NA	NA	NA	NA	NA	NA	NA	NA	NA	NA	NA	NA	NA	NA	NA	NA
cg14707886	0.865627094520749	0.909709494945274	0.913423788455752	0.8700578274295	0.929565375911642	0.943679503215124	0.954357188615714	0.902676543621044	0.888851227971389	0.961369489212367	0.937290440138458	0.922913225877168	0.913842666349786	0.950944787983834	0.940821965730954	0.914692658465119	0.917551374269528	0.910711624369743	0.946401588588349	0.897918625353888	0.925369867800991	0.894452774706237	0.964909515431654	0.951549745809902	0.927924295433787	0.899806431036479	0.965509203627072	0.931036909255614	0.937412737607275	0.901559675405573	0.84022869136155	0.915206050773513	0.911864401008368	0.909235005033034	0.925245741866117	0.890258362061118
cg14715098	NA	NA	NA	NA	NA	NA	NA	NA	NA	NA	NA	NA	NA	NA	NA	NA	NA	NA	NA	NA	NA	NA	NA	NA	NA	NA	NA	NA	NA	NA	NA	NA	NA	NA	NA	NA
cg14741811	NA	NA	NA	NA	NA	NA	NA	NA	NA	NA	NA	NA	NA	NA	NA	NA	NA	NA	NA	NA	NA	NA	NA	NA	NA	NA	NA	NA	NA	NA	NA	NA	NA	NA	NA	NA
cg14756640	NA	NA	NA	NA	NA	NA	NA	NA	NA	NA	NA	NA	NA	NA	NA	NA	NA	NA	NA	NA	NA	NA	NA	NA	NA	NA	NA	NA	NA	NA	NA	NA	NA	NA	NA	NA
cg14757759	NA	NA	NA	NA	NA	NA	NA	NA	NA	NA	NA	NA	NA	NA	NA	NA	NA	NA	NA	NA	NA	NA	NA	NA	NA	NA	NA	NA	NA	NA	NA	NA	NA	NA	NA	NA
cg14773480	NA	NA	NA	NA	NA	NA	NA	NA	NA	NA	NA	NA	NA	NA	NA	NA	NA	NA	NA	NA	NA	NA	NA	NA	NA	NA	NA	NA	NA	NA	NA	NA	NA	NA	NA	NA
cg14798158	NA	NA	NA	NA	NA	NA	NA	NA	NA	NA	NA	NA	NA	NA	NA	NA	NA	NA	NA	NA	NA	NA	NA	NA	NA	NA	NA	NA	NA	NA	NA	NA	NA	NA	NA	NA
cg14835746	NA	NA	NA	NA	NA	NA	NA	NA	NA	NA	NA	NA	NA	NA	NA	NA	NA	NA	NA	NA	NA	NA	NA	NA	NA	NA	NA	NA	NA	NA	NA	NA	NA	NA	NA	NA
cg14840439	NA	NA	NA	NA	NA	NA	NA	NA	NA	NA	NA	NA	NA	NA	NA	NA	NA	NA	NA	NA	NA	NA	NA	NA	NA	NA	NA	NA	NA	NA	NA	NA	NA	NA	NA	NA
cg14841222	NA	NA	NA	NA	NA	NA	NA	NA	NA	NA	NA	NA	NA	NA	NA	NA	NA	NA	NA	NA	NA	NA	NA	NA	NA	NA	NA	NA	NA	NA	NA	NA	NA	NA	NA	NA
cg14852920	NA	NA	NA	NA	NA	NA	NA	NA	NA	NA	NA	NA	NA	NA	NA	NA	NA	NA	NA	NA	NA	NA	NA	NA	NA	NA	NA	NA	NA	NA	NA	NA	NA	NA	NA	NA
cg14857615	NA	NA	NA	NA	NA	NA	NA	NA	NA	NA	NA	NA	NA	NA	NA	NA	NA	NA	NA	NA	NA	NA	NA	NA	NA	NA	NA	NA	NA	NA	NA	NA	NA	NA	NA	NA
cg14882797	NA	NA	NA	NA	NA	NA	NA	NA	NA	NA	NA	NA	NA	NA	NA	NA	NA	NA	NA	NA	NA	NA	NA	NA	NA	NA	NA	NA	NA	NA	NA	NA	NA	NA	NA	NA
cg14959695	NA	NA	NA	NA	NA	NA	NA	NA	NA	NA	NA	NA	NA	NA	NA	NA	NA	NA	NA	NA	NA	NA	NA	NA	NA	NA	NA	NA	NA	NA	NA	NA	NA	NA	NA	NA
cg14985830	NA	NA	NA	NA	NA	NA	NA	NA	NA	NA	NA	NA	NA	NA	NA	NA	NA	NA	NA	NA	NA	NA	NA	NA	NA	NA	NA	NA	NA	NA	NA	NA	NA	NA	NA	NA
cg15007326	NA	NA	NA	NA	NA	NA	NA	NA	NA	NA	NA	NA	NA	NA	NA	NA	NA	NA	NA	NA	NA	NA	NA	NA	NA	NA	NA	NA	NA	NA	NA	NA	NA	NA	NA	NA
cg15035590	0.812370477114665	0.801237524542683	0.534785969525912	0.664412902656731	0.922094968665098	0.941529027486691	0.855082662775946	0.141601844407372	0.898667855700143	0.842600947635141	0.494947813856448	0.85692164547483	0.301660006018603	0.922137366472582	0.602958678338033	0.810799068403347	0.543521160967549	0.655935091101267	0.933389267925327	0.79287862308104	0.886149754730643	0.664197369481408	0.932134489162403	0.941290897534983	0.688933304365926	0.720339929307147	0.958062559950765	0.769875550630721	0.390938464540894	0.805194013460108	0.705558852427097	0.842027952015002	0.744204334602356	0.907308963380741	0.878371063544483	0.70534973904547
cg15057836	NA	NA	NA	NA	NA	NA	NA	NA	NA	NA	NA	NA	NA	NA	NA	NA	NA	NA	NA	NA	NA	NA	NA	NA	NA	NA	NA	NA	NA	NA	NA	NA	NA	NA	NA	NA
cg15067764	NA	NA	NA	NA	NA	NA	NA	NA	NA	NA	NA	NA	NA	NA	NA	NA	NA	NA	NA	NA	NA	NA	NA	NA	NA	NA	NA	NA	NA	NA	NA	NA	NA	NA	NA	NA
cg15077416	NA	NA	NA	NA	NA	NA	NA	NA	NA	NA	NA	NA	NA	NA	NA	NA	NA	NA	NA	NA	NA	NA	NA	NA	NA	NA	NA	NA	NA	NA	NA	NA	NA	NA	NA	NA
cg15112210	NA	0.954273616728417	0.943974856371271	0.913283553487233	0.937951107485724	0.958854457609184	0.9640682437515	0.936997919285758	0.948355632730819	0.969593722180385	0.952712360077387	0.95122562215436	0.817892050150158	0.944067896321552	0.941567421860578	0.892029725573146	0.930729249294767	0.775997955110289	0.932196344555946	0.943555843967275	0.918238836134585	0.930156875416144	0.936780006805048	0.944209805009418	0.918927153149738	0.937491685620201	0.752156989149611	0.285018777681723	0.950725591506501	0.944780249433238	0.922871711161246	0.953093996427445	0.943007338979044	0.925313786805197	0.950190963964361	0.930689054184171
cg15162320	NA	NA	NA	NA	NA	NA	NA	NA	NA	NA	NA	NA	NA	NA	NA	NA	NA	NA	NA	NA	NA	NA	NA	NA	NA	NA	NA	NA	NA	NA	NA	NA	NA	NA	NA	NA
cg15172011	NA	NA	NA	NA	NA	NA	NA	NA	NA	NA	NA	NA	NA	NA	NA	NA	NA	NA	NA	NA	NA	NA	NA	NA	NA	NA	NA	NA	NA	NA	NA	NA	NA	NA	NA	NA
cg15175091	NA	NA	NA	NA	NA	NA	NA	NA	NA	NA	NA	NA	NA	NA	NA	NA	NA	NA	NA	NA	NA	NA	NA	NA	NA	NA	NA	NA	NA	NA	NA	NA	NA	NA	NA	NA
cg15263875	NA	NA	NA	NA	NA	NA	NA	NA	NA	NA	NA	NA	NA	NA	NA	NA	NA	NA	NA	NA	NA	NA	NA	NA	NA	NA	NA	NA	NA	NA	NA	NA	NA	NA	NA	NA
cg15293759	NA	NA	NA	NA	NA	NA	NA	NA	NA	NA	NA	NA	NA	NA	NA	NA	NA	NA	NA	NA	NA	NA	NA	NA	NA	NA	NA	NA	NA	NA	NA	NA	NA	NA	NA	NA
cg15323066	NA	NA	NA	NA	NA	NA	NA	NA	NA	NA	NA	NA	NA	NA	NA	NA	NA	NA	NA	NA	NA	NA	NA	NA	NA	NA	NA	NA	NA	NA	NA	NA	NA	NA	NA	NA
cg15330419	NA	NA	NA	NA	NA	NA	NA	NA	NA	NA	NA	NA	NA	NA	NA	NA	NA	NA	NA	NA	NA	NA	NA	NA	NA	NA	NA	NA	NA	NA	NA	NA	NA	NA	NA	NA
cg15347484	NA	NA	NA	NA	NA	NA	NA	NA	NA	NA	NA	NA	NA	NA	NA	NA	NA	NA	NA	NA	NA	NA	NA	NA	NA	NA	NA	NA	NA	NA	NA	NA	NA	NA	NA	NA
cg15358035	NA	NA	NA	NA	NA	NA	NA	NA	NA	NA	NA	NA	NA	NA	NA	NA	NA	NA	NA	NA	NA	NA	NA	NA	NA	NA	NA	NA	NA	NA	NA	NA	NA	NA	NA	NA
cg15412313	0.595030843712194	0.463474092168529	0.497136026999893	0.350544102620549	0.626500955972309	0.791557036000753	0.885016228020907	0.394313198453364	0.665128550439255	0.777254242665524	0.900895701325575	0.579015850138124	0.518188348964998	0.815631672096864	0.4801411879911	0.373555136602678	0.432219777605193	0.531141204202341	0.824048186311221	0.556306811544298	0.638544647328237	0.450363209032813	0.874608511512484	0.876891789053583	0.507273451208329	0.741844218774975	0.872005172590944	0.750016097548784	0.771163159913798	0.63042541055592	0.352718558051971	0.687487010345397	0.485483491884406	0.441060085851482	0.542871700340007	0.414995614637735
cg15442567	NA	NA	NA	NA	NA	NA	NA	NA	NA	NA	NA	NA	NA	NA	NA	NA	NA	NA	NA	NA	NA	NA	NA	NA	NA	NA	NA	NA	NA	NA	NA	NA	NA	NA	NA	NA
cg15535686	0.961340090457068	0.964110657574604	0.964331560795671	0.961551514797007	0.974385287683717	0.966994104486611	0.950088349819883	0.961881053953498	0.965565394963474	0.941564077611805	0.969460297696184	0.971259087621284	0.966544536772506	0.962745626707482	0.961459916127378	0.964620209286513	0.962692315066933	0.967871444250559	0.964246946588444	0.962932537397299	0.959106744544831	0.969976011583639	0.972101702762282	0.952543642771412	0.967368076502341	0.950784045027796	0.959068063209456	0.966338615856302	0.969447592933328	0.966818575738394	0.95499775272863	0.972793138657403	0.970485675991386	0.963106930338935	0.970511657765509	0.96213978271531
cg15548284	NA	NA	NA	NA	NA	NA	NA	NA	NA	NA	NA	NA	NA	NA	NA	NA	NA	NA	NA	NA	NA	NA	NA	NA	NA	NA	NA	NA	NA	NA	NA	NA	NA	NA	NA	NA
cg15553710	NA	NA	NA	NA	NA	NA	NA	NA	NA	NA	NA	NA	NA	NA	NA	NA	NA	NA	NA	NA	NA	NA	NA	NA	NA	NA	NA	NA	NA	NA	NA	NA	NA	NA	NA	NA
cg15556873	0.870886910137613	0.748072469281897	0.873939173736365	0.761304911982851	0.905664371708768	0.89296320621948	0.370840857414229	0.889084555806911	0.910004400468688	0.948680555144082	0.864938688831132	0.859123715824103	0.853830542320196	0.718090996050287	0.760579653429789	0.779095102731149	0.8025705677933	0.784854425732562	0.889502679389909	0.539402143720623	0.465240668357049	0.756132404899578	0.886765313743313	0.933571446023394	0.791881021796002	0.505066410814165	0.934110180868918	0.907533954218991	0.804488293974213	0.915910600729851	0.400911643417001	0.927698268730903	0.544083785665534	0.68087933921988	0.933232512624343	0.887232631125036
cg15560337	0.217127985000951	0.489973948525371	0.655932312491488	0.492371448271353	0.735507016930841	0.178859776840919	0.261987542787648	0.156428670285787	0.462709869509061	0.126023568732801	0.244012429059853	0.476194942547289	0.231066489139335	0.504229038772474	0.645868166498572	0.349261504572076	0.342963656250666	0.411141388127921	0.751979220177629	0.309813164200827	0.1839615407174	0.413173183698071	0.62788035530803	0.355473242551054	0.357135901826666	0.37259345294556	0.698910181857869	0.324752189660309	0.403676068754872	0.305762476643353	0.363042989113562	0.694967529019867	0.574530546162399	0.725193782218441	0.509114259225529	0.516331912093808
cg15603614	NA	NA	NA	NA	NA	NA	NA	NA	NA	NA	NA	NA	NA	NA	NA	NA	NA	NA	NA	NA	NA	NA	NA	NA	NA	NA	NA	NA	NA	NA	NA	NA	NA	NA	NA	NA
cg15604398	0.923745044921442	0.685898774471359	0.92523034746128	0.890894821308474	0.933331428997058	0.945335948928498	0.431977715824824	0.925291636580692	0.953209861601802	0.968113403212594	0.938281338903949	0.945177254098437	0.798674328295263	0.928508679277059	0.941561507551217	0.821178831644503	0.918828823426394	0.884984129399017	0.953812537755272	0.593868316427508	0.433664206701867	0.920091651304986	0.9498827551402	0.94544724286892	0.950241344357872	0.935072947089376	0.949486448804105	0.941659678088918	0.95972766933666	0.945317934396706	0.926904982185104	0.925463387815889	0.908554342486369	0.937742688836025	0.937979106069195	0.940971431172169
cg15611936	NA	NA	NA	NA	NA	NA	NA	NA	NA	NA	NA	NA	NA	NA	NA	NA	NA	NA	NA	NA	NA	NA	NA	NA	NA	NA	NA	NA	NA	NA	NA	NA	NA	NA	NA	NA
cg15633618	NA	NA	NA	NA	NA	NA	NA	NA	NA	NA	NA	NA	NA	NA	NA	NA	NA	NA	NA	NA	NA	NA	NA	NA	NA	NA	NA	NA	NA	NA	NA	NA	NA	NA	NA	NA
cg15703165	NA	NA	NA	NA	NA	NA	NA	NA	NA	NA	NA	NA	NA	NA	NA	NA	NA	NA	NA	NA	NA	NA	NA	NA	NA	NA	NA	NA	NA	NA	NA	NA	NA	NA	NA	NA
cg15708382	NA	NA	NA	NA	NA	NA	NA	NA	NA	NA	NA	NA	NA	NA	NA	NA	NA	NA	NA	NA	NA	NA	NA	NA	NA	NA	NA	NA	NA	NA	NA	NA	NA	NA	NA	NA
cg15718106	NA	NA	NA	NA	NA	NA	NA	NA	NA	NA	NA	NA	NA	NA	NA	NA	NA	NA	NA	NA	NA	NA	NA	NA	NA	NA	NA	NA	NA	NA	NA	NA	NA	NA	NA	NA
cg15733632	NA	NA	NA	NA	NA	NA	NA	NA	NA	NA	NA	NA	NA	NA	NA	NA	NA	NA	NA	NA	NA	NA	NA	NA	NA	NA	NA	NA	NA	NA	NA	NA	NA	NA	NA	NA
cg15771551	NA	NA	NA	NA	NA	NA	NA	NA	NA	NA	NA	NA	NA	NA	NA	NA	NA	NA	NA	NA	NA	NA	NA	NA	NA	NA	NA	NA	NA	NA	NA	NA	NA	NA	NA	NA
cg15814092	NA	NA	NA	NA	NA	NA	NA	NA	NA	NA	NA	NA	NA	NA	NA	NA	NA	NA	NA	NA	NA	NA	NA	NA	NA	NA	NA	NA	NA	NA	NA	NA	NA	NA	NA	NA
cg15820400	0.906395559305284	0.890183603604351	0.895545054656759	0.903954982081212	0.886731730138503	0.916664026908099	0.679887772056053	0.905685666824551	0.843487496208528	0.901080648154486	0.904654763071764	0.911645228045858	0.86644266665528	0.888716381071041	0.926268019714587	0.872165027712751	0.802441143371022	0.870966210836131	0.927123936060974	0.827949132918357	0.875755241121802	0.875224726856266	0.910854166789045	0.950029696820498	0.89104892502613	0.943262851561699	0.957719340713375	0.897968793241023	0.92285618814021	0.92767115535043	0.871592494492208	0.878591171829311	0.788405645350589	0.911240475089371	0.900841811043915	0.887225438080418
cg15843977	NA	NA	NA	NA	NA	NA	NA	NA	NA	NA	NA	NA	NA	NA	NA	NA	NA	NA	NA	NA	NA	NA	NA	NA	NA	NA	NA	NA	NA	NA	NA	NA	NA	NA	NA	NA
cg15847775	NA	NA	NA	NA	NA	NA	NA	NA	NA	NA	NA	NA	NA	NA	NA	NA	NA	NA	NA	NA	NA	NA	NA	NA	NA	NA	NA	NA	NA	NA	NA	NA	NA	NA	NA	NA
cg15874144	NA	NA	NA	NA	NA	NA	NA	NA	NA	NA	NA	NA	NA	NA	NA	NA	NA	NA	NA	NA	NA	NA	NA	NA	NA	NA	NA	NA	NA	NA	NA	NA	NA	NA	NA	NA
cg15886896	NA	NA	NA	NA	NA	NA	NA	NA	NA	NA	NA	NA	NA	NA	NA	NA	NA	NA	NA	NA	NA	NA	NA	NA	NA	NA	NA	NA	NA	NA	NA	NA	NA	NA	NA	NA
cg15939182	NA	NA	NA	NA	NA	NA	NA	NA	NA	NA	NA	NA	NA	NA	NA	NA	NA	NA	NA	NA	NA	NA	NA	NA	NA	NA	NA	NA	NA	NA	NA	NA	NA	NA	NA	NA
cg15990679	NA	NA	NA	NA	NA	NA	NA	NA	NA	NA	NA	NA	NA	NA	NA	NA	NA	NA	NA	NA	NA	NA	NA	NA	NA	NA	NA	NA	NA	NA	NA	NA	NA	NA	NA	NA
cg15996647	NA	NA	NA	NA	NA	NA	NA	NA	NA	NA	NA	NA	NA	NA	NA	NA	NA	NA	NA	NA	NA	NA	NA	NA	NA	NA	NA	NA	NA	NA	NA	NA	NA	NA	NA	NA
cg16016766	NA	NA	NA	NA	NA	NA	NA	NA	NA	NA	NA	NA	NA	NA	NA	NA	NA	NA	NA	NA	NA	NA	NA	NA	NA	NA	NA	NA	NA	NA	NA	NA	NA	NA	NA	NA
cg16047049	0.954092224664062	0.968979199033558	0.97387230988896	0.959619432206592	0.954534167392171	0.980693860570875	0.985170962370509	0.964333833621063	0.976764039105165	0.980134123861365	0.978295899419373	0.967613523308974	0.948600783323486	0.978637097125285	0.967239274599963	0.955322112990735	0.961790307844593	0.964152314298559	0.976919214501325	0.974281085317587	0.977672940018998	0.957834871351514	0.984514283029444	0.967387098480413	0.97800840686511	0.969367377657991	0.977313336204517	0.981118482166898	0.977104070261299	0.968523339852445	0.96768325806954	0.980213253067838	0.949999137609802	0.975381529826777	0.964133863902259	0.969685439313541
cg16067453	NA	NA	NA	NA	NA	NA	NA	NA	NA	NA	NA	NA	NA	NA	NA	NA	NA	NA	NA	NA	NA	NA	NA	NA	NA	NA	NA	NA	NA	NA	NA	NA	NA	NA	NA	NA
cg16098957	NA	NA	NA	NA	NA	NA	NA	NA	NA	NA	NA	NA	NA	NA	NA	NA	NA	NA	NA	NA	NA	NA	NA	NA	NA	NA	NA	NA	NA	NA	NA	NA	NA	NA	NA	NA
cg16103996	NA	NA	NA	NA	NA	NA	NA	NA	NA	NA	NA	NA	NA	NA	NA	NA	NA	NA	NA	NA	NA	NA	NA	NA	NA	NA	NA	NA	NA	NA	NA	NA	NA	NA	NA	NA
cg16105080	NA	NA	NA	NA	NA	NA	NA	NA	NA	NA	NA	NA	NA	NA	NA	NA	NA	NA	NA	NA	NA	NA	NA	NA	NA	NA	NA	NA	NA	NA	NA	NA	NA	NA	NA	NA
cg16134501	NA	NA	NA	NA	NA	NA	NA	NA	NA	NA	NA	NA	NA	NA	NA	NA	NA	NA	NA	NA	NA	NA	NA	NA	NA	NA	NA	NA	NA	NA	NA	NA	NA	NA	NA	NA
cg16248160	0.91973936048515	0.929041667914739	0.923461580906234	0.944643779820131	0.871449492237306	0.957696735909262	0.811926051038058	0.958074741086731	0.890645646642672	0.947927102354262	0.857173111134429	0.525867214297696	0.965918096975188	0.771471747292741	0.862156680254948	0.812261725425663	0.933420562979731	0.852522926526012	0.897569975796527	0.766621974294806	0.949125153518515	0.907790099194616	0.806284274904165	0.932703827814078	0.853503576870649	0.834667376236478	0.883808183739279	0.352899847074023	0.294128541477379	0.946285552557303	0.835164646308388	0.62464381567538	0.867296879775452	0.612890820666629	0.901236985432609	0.778844488707891
cg16287042	NA	NA	NA	NA	NA	NA	NA	NA	NA	NA	NA	NA	NA	NA	NA	NA	NA	NA	NA	NA	NA	NA	NA	NA	NA	NA	NA	NA	NA	NA	NA	NA	NA	NA	NA	NA
cg16297530	NA	NA	NA	NA	NA	NA	NA	NA	NA	NA	NA	NA	NA	NA	NA	NA	NA	NA	NA	NA	NA	NA	NA	NA	NA	NA	NA	NA	NA	NA	NA	NA	NA	NA	NA	NA
cg16315980	NA	NA	NA	NA	NA	NA	NA	NA	NA	NA	NA	NA	NA	NA	NA	NA	NA	NA	NA	NA	NA	NA	NA	NA	NA	NA	NA	NA	NA	NA	NA	NA	NA	NA	NA	NA
cg16320398	NA	NA	NA	NA	NA	NA	NA	NA	NA	NA	NA	NA	NA	NA	NA	NA	NA	NA	NA	NA	NA	NA	NA	NA	NA	NA	NA	NA	NA	NA	NA	NA	NA	NA	NA	NA
cg16333561	0.904617596393817	0.889034595565603	0.937719245607876	0.940412963849434	0.902530094324263	0.907600646937447	0.900658029828615	0.913346970914089	0.887786788922582	0.90219562673829	0.911630197569393	0.931669278686374	0.903485773978944	0.927502387931657	0.922064871996688	0.867350506226262	0.892162744013179	0.902833965819998	0.890897005749532	0.868708976062373	0.834206022724985	0.882868855727801	0.919189866442403	0.931476327498993	0.879484818669872	0.906833956902193	0.897966140252036	0.870489387082285	0.912262341496909	0.923720263108042	0.867384218223354	0.94765800367375	0.901573239733962	0.643744199271394	0.907925092505023	0.870351115612101
cg16356630	NA	NA	NA	NA	NA	NA	NA	NA	NA	NA	NA	NA	NA	NA	NA	NA	NA	NA	NA	NA	NA	NA	NA	NA	NA	NA	NA	NA	NA	NA	NA	NA	NA	NA	NA	NA
cg16359517	NA	NA	NA	NA	NA	NA	NA	NA	NA	NA	NA	NA	NA	NA	NA	NA	NA	NA	NA	NA	NA	NA	NA	NA	NA	NA	NA	NA	NA	NA	NA	NA	NA	NA	NA	NA
cg16362587	0.955745246768119	0.949582445322293	0.92702177056898	0.937172085045558	0.953029849444273	0.964694325651776	0.947360267916592	0.961112265386287	0.951133838986576	0.958627948556127	0.96364736064027	0.942040576647285	0.953576039679558	0.93848746600353	0.928104974048768	0.956437051485964	0.897282415864729	0.944027733272603	0.94882392753605	0.964653265331149	0.925846060624855	0.963125687021029	0.93717445258079	0.966249704778962	0.953303019222532	0.940093973100333	0.944859878864999	0.939641142739704	0.940372002454799	0.913654415966352	0.93204508709572	0.956046157961428	0.940643595465381	0.930194631144657	0.967251077652887	0.955425890842968
cg16376484	0.37369069592373	0.761360175483005	0.887040151627205	0.852540588944481	0.517438902411904	0.809013482249877	0.727562903939384	0.872846684483665	0.819524554534375	0.849112628641975	0.843985591972171	0.601036044358707	0.80751315943373	0.782265351969168	0.850304941076696	0.544166260509681	0.569632722855957	0.835988052987605	0.862810275458614	0.572424914989923	0.428656638888655	0.862563801466602	0.660704255026643	0.897705059739994	0.757029586728254	0.631665294258629	0.807674577504141	0.332427454641287	0.718226756765411	0.797597433975571	0.781208053709989	0.730612195099743	0.782718277282326	0.796502236965962	0.870530787396035	0.77912327974544
cg16393125	NA	NA	NA	NA	NA	NA	NA	NA	NA	NA	NA	NA	NA	NA	NA	NA	NA	NA	NA	NA	NA	NA	NA	NA	NA	NA	NA	NA	NA	NA	NA	NA	NA	NA	NA	NA
cg16395183	NA	NA	NA	NA	NA	NA	NA	NA	NA	NA	NA	NA	NA	NA	NA	NA	NA	NA	NA	NA	NA	NA	NA	NA	NA	NA	NA	NA	NA	NA	NA	NA	NA	NA	NA	NA
cg16414691	0.912847777922265	0.394011378557967	0.872701249507669	0.754143160897539	0.808185506573068	0.726217711188276	0.304084551452972	0.876288478627724	0.402358698289457	0.834784960676665	0.856107262227874	0.857259807063965	0.844183657010964	0.66062645269183	0.868499719024879	0.816826331279657	0.807046423307684	0.770122517545945	0.765249296971643	0.236971837141608	0.591924829451204	0.840062617838982	0.830491055657397	0.886116928683746	0.834212560276512	0.888375743547217	0.891542805295307	0.901396171102533	0.861714912299104	0.742011718733341	0.776525862695413	0.832992726784576	0.609374751101593	0.708079357102477	0.771745921164686	0.777680545406947
cg16452272	NA	NA	NA	NA	NA	NA	NA	NA	NA	NA	NA	NA	NA	NA	NA	NA	NA	NA	NA	NA	NA	NA	NA	NA	NA	NA	NA	NA	NA	NA	NA	NA	NA	NA	NA	NA
cg16461335	0.738110020060872	0.476308007952489	0.754977896808746	0.688500151380673	0.770812428695807	0.793005844799368	0.541653656303885	0.736428464735248	0.75615581299913	0.792302875457938	0.704759713297095	0.655024261550376	0.542656808181595	0.679734818738578	0.709348257019767	0.679257932755207	0.643920588181183	0.725229635435332	0.417175479688922	0.579531049285056	0.574159582185365	0.752317117891086	0.772851797028848	0.788246018759636	0.741449413243961	0.675255924717001	0.761243344115951	0.665536893244929	0.684446595527523	0.719238419208931	0.666252093198922	0.738229006704679	0.612107852498498	0.737658743567784	0.765442825143823	0.729006696634356
cg16468183	NA	NA	NA	NA	NA	NA	NA	NA	NA	NA	NA	NA	NA	NA	NA	NA	NA	NA	NA	NA	NA	NA	NA	NA	NA	NA	NA	NA	NA	NA	NA	NA	NA	NA	NA	NA
cg16470306	NA	NA	NA	NA	NA	NA	NA	NA	NA	NA	NA	NA	NA	NA	NA	NA	NA	NA	NA	NA	NA	NA	NA	NA	NA	NA	NA	NA	NA	NA	NA	NA	NA	NA	NA	NA
cg16470963	NA	NA	NA	NA	NA	NA	NA	NA	NA	NA	NA	NA	NA	NA	NA	NA	NA	NA	NA	NA	NA	NA	NA	NA	NA	NA	NA	NA	NA	NA	NA	NA	NA	NA	NA	NA
cg16472945	NA	NA	NA	NA	NA	NA	NA	NA	NA	NA	NA	NA	NA	NA	NA	NA	NA	NA	NA	NA	NA	NA	NA	NA	NA	NA	NA	NA	NA	NA	NA	NA	NA	NA	NA	NA
cg16494843	NA	NA	NA	NA	NA	NA	NA	NA	NA	NA	NA	NA	NA	NA	NA	NA	NA	NA	NA	NA	NA	NA	NA	NA	NA	NA	NA	NA	NA	NA	NA	NA	NA	NA	NA	NA
cg16503713	NA	NA	NA	NA	NA	NA	NA	NA	NA	NA	NA	NA	NA	NA	NA	NA	NA	NA	NA	NA	NA	NA	NA	NA	NA	NA	NA	NA	NA	NA	NA	NA	NA	NA	NA	NA
cg16532362	NA	NA	NA	NA	NA	NA	NA	NA	NA	NA	NA	NA	NA	NA	NA	NA	NA	NA	NA	NA	NA	NA	NA	NA	NA	NA	NA	NA	NA	NA	NA	NA	NA	NA	NA	NA
cg16535779	NA	NA	NA	NA	NA	NA	NA	NA	NA	NA	NA	NA	NA	NA	NA	NA	NA	NA	NA	NA	NA	NA	NA	NA	NA	NA	NA	NA	NA	NA	NA	NA	NA	NA	NA	NA
cg16543943	0.869107500012861	0.937241276272572	0.908783181530242	0.86428168796581	0.924899161104918	0.917802329521885	0.939685269276094	0.860326384558187	0.908436395472003	0.924673517885623	0.930027903180312	0.924364546767606	0.834503130845563	0.933720693628861	0.886980599984606	0.884693797341495	0.902130450683624	0.908674100702195	0.926490888796481	0.92695443888734	0.930559058763785	0.912578024893346	0.936448741926892	0.911496547974731	0.906880670817154	0.898618425599305	0.920228938981224	0.922021232029373	0.909684785958739	0.872202068705379	0.877534015225231	0.917765693863921	0.908600056743824	0.93180674330463	0.929184793546527	0.877866591833388
cg16577356	0.396871836560227	0.462727771402963	0.332249244254697	0.139357867840105	0.430354661685263	0.486599721068778	0.178953328974111	0.447480354758576	0.141212587945725	0.126993074396386	0.143663047293844	0.485528468880449	0.165911656160051	0.243684669339801	NA	0.410182215121189	0.290808583224519	0.503183515662468	0.300204619575215	0.120595313286468	0.5653633547148	0.230282993010415	0.336445028898001	0.0753577083828038	0.220934344047989	0.273841378130668	0.794482739506245	0.184591564676255	0.364963903414771	0.325227402472568	0.426986009688988	0.589377679330035	0.243056280238197	0.174663026556767	0.517143611809705	0.447118740229582
cg16578802	NA	NA	NA	NA	NA	NA	NA	NA	NA	NA	NA	NA	NA	NA	NA	NA	NA	NA	NA	NA	NA	NA	NA	NA	NA	NA	NA	NA	NA	NA	NA	NA	NA	NA	NA	NA
cg16583381	NA	NA	NA	NA	NA	NA	NA	NA	NA	NA	NA	NA	NA	NA	NA	NA	NA	NA	NA	NA	NA	NA	NA	NA	NA	NA	NA	NA	NA	NA	NA	NA	NA	NA	NA	NA
cg16596250	NA	NA	NA	NA	NA	NA	NA	NA	NA	NA	NA	NA	NA	NA	NA	NA	NA	NA	NA	NA	NA	NA	NA	NA	NA	NA	NA	NA	NA	NA	NA	NA	NA	NA	NA	NA
cg16601146	NA	NA	NA	NA	NA	NA	NA	NA	NA	NA	NA	NA	NA	NA	NA	NA	NA	NA	NA	NA	NA	NA	NA	NA	NA	NA	NA	NA	NA	NA	NA	NA	NA	NA	NA	NA
cg16620160	NA	NA	NA	NA	NA	NA	NA	NA	NA	NA	NA	NA	NA	NA	NA	NA	NA	NA	NA	NA	NA	NA	NA	NA	NA	NA	NA	NA	NA	NA	NA	NA	NA	NA	NA	NA
cg16656411	0.443224504632294	0.178429638930469	0.754515864012956	0.53554212952523	0.250129379507321	0.79499247919451	0.717116785070914	0.457474886430752	0.742718303176503	0.264392950625514	0.138974549167815	0.819207209384791	0.717027704176656	0.283574640233373	0.0568544316219886	0.646198438230703	0.480878602225937	0.423706382012244	0.141688716064678	0.52328451126162	0.197372158887124	0.433356002427232	0.750653700638714	0.564730012178994	0.127640541633437	0.37833945125489	0.690649338768157	0.625544947945633	0.501685398524862	0.471663531707161	0.562123918148977	0.802544717342396	0.164119955418739	0.625362853804986	0.515483376636509	0.371244152659776
cg16669485	0.920642366655442	0.518394285204183	0.952739404072289	0.92436415443874	0.926130152412836	0.954287474758854	0.669444888650492	0.891486931894269	0.965582232763284	0.957700049094625	0.937139216262657	0.966515251579266	0.943562747180584	0.876508912635634	0.934649321660684	0.935434731620743	0.881603216364484	0.935101350383647	0.951163543586147	0.942308152329886	0.949435375443155	0.948559338274885	0.955045126911703	0.963511071472453	0.929637757407283	0.934035562005025	0.956414593771454	0.945777445284177	0.94739674019598	0.927686525068859	0.933968432429653	0.940913764768314	0.930589504501218	0.901115680450953	0.954132010937276	0.930009823785127
cg16683981	NA	NA	NA	NA	0.843801648525681	0.852572528200955	0.912708752016732	NA	0.927998469067162	0.902342304687178	0.9142392995204	0.887208990738936	NA	0.846888423680814	NA	NA	NA	NA	NA	NA	NA	NA	0.927707818886646	0.897450846603945	0.850160394361745	NA	0.90197454701681	0.873584972984611	0.916608487217421	NA	NA	NA	NA	NA	0.866047077399587	NA
cg16710828	NA	NA	NA	NA	NA	NA	NA	NA	NA	NA	NA	NA	NA	NA	NA	NA	NA	NA	NA	NA	NA	NA	NA	NA	NA	NA	NA	NA	NA	NA	NA	NA	NA	NA	NA	NA
cg16712481	0.927454314291379	0.817148130258512	0.831528856023164	0.886381698523076	0.530107914695998	0.95885169359047	0.939477979820804	0.829835826749639	0.909324978882854	0.948816347061517	0.968679097045095	0.87036140044693	0.862640921538133	0.882920093330698	0.953422472948256	0.831656337443126	0.860778304642965	0.822485550335024	0.523452170580211	0.847481287779378	0.666114010539549	0.829779183276729	0.871972127960361	0.958880924943786	0.864365438170859	0.544771698569258	0.949451608642516	0.339186075333105	0.951955374538904	0.895787631970615	0.826233830497639	0.668980264447353	0.860076194127308	0.597665456185652	0.919092083547264	0.913855918239551
cg16713069	NA	NA	NA	NA	NA	NA	NA	NA	NA	NA	NA	NA	NA	NA	NA	NA	NA	NA	NA	NA	NA	NA	NA	NA	NA	NA	NA	NA	NA	NA	NA	NA	NA	NA	NA	NA
cg16725552	NA	NA	NA	NA	NA	NA	NA	NA	NA	NA	NA	NA	NA	NA	NA	NA	NA	NA	NA	NA	NA	NA	NA	NA	NA	NA	NA	NA	NA	NA	NA	NA	NA	NA	NA	NA
cg16739054	NA	NA	NA	NA	NA	NA	NA	NA	NA	NA	NA	NA	NA	NA	NA	NA	NA	NA	NA	NA	NA	NA	NA	NA	NA	NA	NA	NA	NA	NA	NA	NA	NA	NA	NA	NA
cg16741463	NA	NA	NA	NA	NA	NA	NA	NA	NA	NA	NA	NA	NA	NA	NA	NA	NA	NA	NA	NA	NA	NA	NA	NA	NA	NA	NA	NA	NA	NA	NA	NA	NA	NA	NA	NA
cg16780032	NA	NA	NA	NA	NA	NA	NA	NA	NA	NA	NA	NA	NA	NA	NA	NA	NA	NA	NA	NA	NA	NA	NA	NA	NA	NA	NA	NA	NA	NA	NA	NA	NA	NA	NA	NA
cg16789902	NA	NA	NA	NA	NA	NA	NA	NA	NA	NA	NA	NA	NA	NA	NA	NA	NA	NA	NA	NA	NA	NA	NA	NA	NA	NA	NA	NA	NA	NA	NA	NA	NA	NA	NA	NA
cg16790676	NA	NA	NA	NA	NA	NA	NA	NA	NA	NA	NA	NA	NA	NA	NA	NA	NA	NA	NA	NA	NA	NA	NA	NA	NA	NA	NA	NA	NA	NA	NA	NA	NA	NA	NA	NA
cg16869809	0.477818300392777	0.428668943510072	0.653608607135428	0.499557795716948	0.571332084426971	0.585415830693481	0.671515224032963	0.163404620150584	0.227189410109647	0.224601568258056	0.485263482029054	0.443297862492745	0.420826684504924	0.550886356093362	0.673449013475467	0.453670099553561	0.469766409939591	0.690294046939386	0.281412483594545	0.71661521179457	0.742194643008048	0.501929907997773	0.428392305501023	0.429899313241242	0.359776865769761	0.525903955947607	0.488174351157324	0.346112563655799	0.259431439343045	0.438296310627723	0.429982121589896	0.339667701209244	0.611462385936027	0.317413437320095	0.704409282238161	0.847668450768407
cg16944496	NA	NA	NA	NA	NA	NA	NA	NA	NA	NA	NA	NA	NA	NA	NA	NA	NA	NA	NA	NA	NA	NA	NA	NA	NA	NA	NA	NA	NA	NA	NA	NA	NA	NA	NA	NA
cg16952929	NA	NA	NA	NA	NA	NA	NA	NA	NA	NA	NA	NA	NA	NA	NA	NA	NA	NA	NA	NA	NA	NA	NA	NA	NA	NA	NA	NA	NA	NA	NA	NA	NA	NA	NA	NA
cg17027033	NA	NA	NA	NA	NA	NA	NA	NA	NA	NA	NA	NA	NA	NA	NA	NA	NA	NA	NA	NA	NA	NA	NA	NA	NA	NA	NA	NA	NA	NA	NA	NA	NA	NA	NA	NA
cg17051552	NA	NA	NA	NA	NA	NA	NA	NA	NA	NA	NA	NA	NA	NA	NA	NA	NA	NA	NA	NA	NA	NA	NA	NA	NA	NA	NA	NA	NA	NA	NA	NA	NA	NA	NA	NA
cg17056317	NA	NA	NA	NA	NA	NA	NA	NA	NA	NA	NA	NA	NA	NA	NA	NA	NA	NA	NA	NA	NA	NA	NA	NA	NA	NA	NA	NA	NA	NA	NA	NA	NA	NA	NA	NA
cg17063731	NA	NA	NA	NA	NA	NA	NA	NA	NA	NA	NA	NA	NA	NA	NA	NA	NA	NA	NA	NA	NA	NA	NA	NA	NA	NA	NA	NA	NA	NA	NA	NA	NA	NA	NA	NA
cg17092860	NA	NA	NA	NA	NA	NA	NA	NA	NA	NA	NA	NA	NA	NA	NA	NA	NA	NA	NA	NA	NA	NA	NA	NA	NA	NA	NA	NA	NA	NA	NA	NA	NA	NA	NA	NA
cg17132591	NA	NA	NA	NA	NA	NA	NA	NA	NA	NA	NA	NA	NA	NA	NA	NA	NA	NA	NA	NA	NA	NA	NA	NA	NA	NA	NA	NA	NA	NA	NA	NA	NA	NA	NA	NA
cg17140133	NA	NA	NA	NA	NA	NA	NA	NA	NA	NA	NA	NA	NA	NA	NA	NA	NA	NA	NA	NA	NA	NA	NA	NA	NA	NA	NA	NA	NA	NA	NA	NA	NA	NA	NA	NA
cg17146997	NA	NA	NA	NA	NA	NA	NA	NA	NA	NA	NA	NA	NA	NA	NA	NA	NA	NA	NA	NA	NA	NA	NA	NA	NA	NA	NA	NA	NA	NA	NA	NA	NA	NA	NA	NA
cg17182464	NA	NA	NA	NA	NA	NA	NA	NA	NA	NA	NA	NA	NA	NA	NA	NA	NA	NA	NA	NA	NA	NA	NA	NA	NA	NA	NA	NA	NA	NA	NA	NA	NA	NA	NA	NA
cg17210130	NA	NA	NA	NA	NA	NA	NA	NA	NA	NA	NA	NA	NA	NA	NA	NA	NA	NA	NA	NA	NA	NA	NA	NA	NA	NA	NA	NA	NA	NA	NA	NA	NA	NA	NA	NA
cg17216266	0.870097229684975	0.840611554293201	0.81336220046822	0.773640061367556	0.889795374632823	0.937007380248078	0.863565184386998	0.858726281878392	0.83475869201921	0.946172984290092	0.911729346827817	0.873822901995148	0.871742260158399	0.843110172484056	0.622652484644747	0.603980357572631	0.783451003221152	0.790093001033568	0.943957907776174	0.731194415872743	0.854259136007345	0.706636199727898	0.922945776316996	0.913988437454302	0.757327725911723	0.833060664942975	0.92181063809274	0.803507161642275	0.942523030607568	0.891650955775174	0.737065105372881	0.876939849113075	0.740141629988881	0.809133453574626	0.872705977026883	0.87843017070378
cg17240701	NA	NA	NA	NA	NA	NA	NA	NA	NA	NA	NA	NA	NA	NA	NA	NA	NA	NA	NA	NA	NA	NA	NA	NA	NA	NA	NA	NA	NA	NA	NA	NA	NA	NA	NA	NA
cg17272549	0.924430598892751	0.75106831541912	0.933365899944221	0.923993526735692	0.939613416470529	0.949010324667835	0.881460564114211	0.929440517316954	0.914151477220361	0.962904508259332	0.884483487124214	0.944140241756838	0.927688203531315	0.587030576061131	0.505749974027223	0.913662514923021	0.875627309053098	0.903591540164289	0.939662224704365	0.891064446181506	0.948868492283083	0.859341088135584	0.924885989921858	0.949270491919384	0.821842713101697	0.852233809976952	0.930087276822483	0.95359900839336	0.954046280367403	0.923369706932227	0.88234259692377	0.93458649233923	0.675877768609957	0.94642257943258	0.939552968987215	0.88832666465194
cg17273919	NA	NA	NA	NA	NA	NA	NA	NA	NA	NA	NA	NA	NA	NA	NA	NA	NA	NA	NA	NA	NA	NA	NA	NA	NA	NA	NA	NA	NA	NA	NA	NA	NA	NA	NA	NA
cg17324339	NA	NA	NA	NA	NA	NA	NA	NA	NA	NA	NA	NA	NA	NA	NA	NA	NA	NA	NA	NA	NA	NA	NA	NA	NA	NA	NA	NA	NA	NA	NA	NA	NA	NA	NA	NA
cg17333139	NA	NA	NA	NA	NA	NA	NA	NA	NA	NA	NA	NA	NA	NA	NA	NA	NA	NA	NA	NA	NA	NA	NA	NA	NA	NA	NA	NA	NA	NA	NA	NA	NA	NA	NA	NA
cg17365377	NA	NA	NA	NA	NA	NA	NA	NA	NA	NA	NA	NA	NA	NA	NA	NA	NA	NA	NA	NA	NA	NA	NA	NA	NA	NA	NA	NA	NA	NA	NA	NA	NA	NA	NA	NA
cg17367457	NA	NA	NA	NA	NA	NA	NA	NA	NA	NA	NA	NA	NA	NA	NA	NA	NA	NA	NA	NA	NA	NA	NA	NA	NA	NA	NA	NA	NA	NA	NA	NA	NA	NA	NA	NA
cg17440987	NA	NA	NA	NA	NA	NA	NA	NA	NA	NA	NA	NA	NA	NA	NA	NA	NA	NA	NA	NA	NA	NA	NA	NA	NA	NA	NA	NA	NA	NA	NA	NA	NA	NA	NA	NA
cg17447300	NA	NA	NA	NA	NA	NA	NA	NA	NA	NA	NA	NA	NA	NA	NA	NA	NA	NA	NA	NA	NA	NA	NA	NA	NA	NA	NA	NA	NA	NA	NA	NA	NA	NA	NA	NA
cg17463277	0.396953332738161	0.554271157869296	0.258924949131704	0.34712205390204	0.458470144380376	0.458642296528169	0.298009857950667	0.849161485023114	0.494566672930652	0.870681761985096	0.28716471210436	0.220942936234295	0.25137263296469	0.662905144956252	0.662726256156561	0.656518881171001	0.352983384884879	0.40360998197139	0.303236396197122	0.498553713446187	0.234241590948037	0.47453028350427	0.572831023410498	0.884793672136527	0.355175555332748	0.441896505501111	0.492137370635616	0.289319460809816	0.230055520660221	0.324588882705347	0.453459681166902	0.260679367256859	0.588043971667502	0.349216506511366	0.380793970923898	0.694875001071786
cg17482273	NA	NA	NA	NA	NA	NA	NA	NA	NA	NA	NA	NA	NA	NA	NA	NA	NA	NA	NA	NA	NA	NA	NA	NA	NA	NA	NA	NA	NA	NA	NA	NA	NA	NA	NA	NA
cg17489282	NA	NA	NA	NA	NA	NA	NA	NA	NA	NA	NA	NA	NA	NA	NA	NA	NA	NA	NA	NA	NA	NA	NA	NA	NA	NA	NA	NA	NA	NA	NA	NA	NA	NA	NA	NA
cg17521526	NA	NA	NA	NA	NA	NA	NA	NA	NA	NA	NA	NA	NA	NA	NA	NA	NA	NA	NA	NA	NA	NA	NA	NA	NA	NA	NA	NA	NA	NA	NA	NA	NA	NA	NA	NA
cg17585181	NA	NA	NA	NA	NA	NA	NA	NA	NA	NA	NA	NA	NA	NA	NA	NA	NA	NA	NA	NA	NA	NA	NA	NA	NA	NA	NA	NA	NA	NA	NA	NA	NA	NA	NA	NA
cg17592693	NA	NA	NA	NA	NA	NA	NA	NA	NA	NA	NA	NA	NA	NA	NA	NA	NA	NA	NA	NA	NA	NA	NA	NA	NA	NA	NA	NA	NA	NA	NA	NA	NA	NA	NA	NA
cg17613911	NA	NA	NA	NA	NA	NA	NA	NA	NA	NA	NA	NA	NA	NA	NA	NA	NA	NA	NA	NA	NA	NA	NA	NA	NA	NA	NA	NA	NA	NA	NA	NA	NA	NA	NA	NA
cg17639413	0.547312439449058	0.746229611310585	0.951199194125703	0.924304702644718	0.889093528505434	0.918222351757917	0.376415719681069	0.964393641837955	0.894496430642025	0.964360450964478	0.881493958236408	0.928612863231359	0.833237658503482	0.846607099441014	0.873723113146182	0.758400846605776	0.904259892402832	0.884005563662821	0.877237125595026	0.585203855087717	0.603054762066164	0.917723094693008	0.920115855125966	0.894748595351206	0.885426936526729	0.860954535594275	0.916972628484051	0.886847908044939	0.871275685337182	0.910847401550259	0.794669908631703	0.659931197952829	0.783051637522834	0.919819336939409	0.79913740380482	0.850735510529924
cg17651095	NA	NA	NA	NA	NA	NA	NA	NA	NA	NA	NA	NA	NA	NA	NA	NA	NA	NA	NA	NA	NA	NA	NA	NA	NA	NA	NA	NA	NA	NA	NA	NA	NA	NA	NA	NA
cg17659797	0.907193850112475	0.805680796726268	0.906554532585646	0.864555675060954	0.923396058960343	0.946872309948727	0.40785033684305	0.840523139802592	0.85639670188254	0.847507692125025	0.934866624623494	0.850443476413496	0.911044986543497	0.893799867816495	0.914751243708239	0.850442731592378	0.838313877429568	0.926983112830815	0.558184815077213	0.76002181664121	0.895739315845182	0.900063638488979	0.875003352715868	0.897276907167699	0.899843700498033	0.868261019058989	0.833426959928513	0.547927696882317	0.904925050271707	0.907382014391791	0.884243881544012	0.754149539920946	0.893277650118419	0.823648924014493	0.885976698006255	0.865821892442085
cg17727418	NA	NA	NA	NA	NA	NA	NA	NA	NA	NA	NA	NA	NA	NA	NA	NA	NA	NA	NA	NA	NA	NA	NA	NA	NA	NA	NA	NA	NA	NA	NA	NA	NA	NA	NA	NA
cg17732646	0.927752593933252	0.918352929740682	0.902120556471313	0.912835419221773	0.931516103996344	0.971018067235609	0.304789215649126	0.904946200194995	0.92938903284143	0.957047862738032	0.590722958134918	0.938742525328237	0.920902789735349	0.94734110342629	0.910303675320373	0.85835714030697	0.930936509058942	0.929722101146211	0.245034076800423	0.805034637911959	0.929006648398815	0.935043878263098	0.942728078102102	0.949909175153814	0.918583106858279	0.949467549576067	0.934301052700089	0.944667605849643	0.66228491702055	0.940682823157764	0.579486563683077	0.91612530238003	0.740616701054908	0.638282667941976	0.958182229422834	0.934969031642755
cg17857642	NA	NA	NA	NA	NA	NA	NA	NA	NA	NA	NA	NA	NA	NA	NA	NA	NA	NA	NA	NA	NA	NA	NA	NA	NA	NA	NA	NA	NA	NA	NA	NA	NA	NA	NA	NA
cg17862146	NA	NA	NA	NA	NA	NA	NA	NA	NA	NA	NA	NA	NA	NA	NA	NA	NA	NA	NA	NA	NA	NA	NA	NA	NA	NA	NA	NA	NA	NA	NA	NA	NA	NA	NA	NA
cg17900273	NA	NA	NA	NA	NA	NA	NA	NA	NA	NA	NA	NA	NA	NA	NA	NA	NA	NA	NA	NA	NA	NA	NA	NA	NA	NA	NA	NA	NA	NA	NA	NA	NA	NA	NA	NA
cg17917920	NA	NA	NA	NA	NA	NA	NA	NA	NA	NA	NA	NA	NA	NA	NA	NA	NA	NA	NA	NA	NA	NA	NA	NA	NA	NA	NA	NA	NA	NA	NA	NA	NA	NA	NA	NA
cg17935214	0.546952957242666	0.674050346513405	0.611014506161045	0.542683596879123	0.566561076081489	0.860357957322095	0.773425249015703	0.857975877804779	0.689981726533141	0.752686014384683	0.67834699243366	0.839732173629098	0.881381456530584	0.661246302945838	0.789287002115873	0.693613426134574	0.85422253083741	0.523666960404786	0.544227143776527	0.586262357144976	0.824807272320809	0.829128364054431	0.652478912018442	0.878184359984258	0.792441369516201	0.505677483260939	0.857169116716328	0.350756973588046	0.781012280869502	0.837283953333229	0.682417051943393	0.861447852190785	0.738233201224547	0.778466583970735	0.845803270823839	0.760740764406096
cg17947225	NA	NA	NA	NA	NA	NA	NA	NA	NA	NA	NA	NA	NA	NA	NA	NA	NA	NA	NA	NA	NA	NA	NA	NA	NA	NA	NA	NA	NA	NA	NA	NA	NA	NA	NA	NA
cg17967453	NA	NA	NA	NA	NA	NA	NA	NA	NA	NA	NA	NA	NA	NA	NA	NA	NA	NA	NA	NA	NA	NA	NA	NA	NA	NA	NA	NA	NA	NA	NA	NA	NA	NA	NA	NA
cg18030084	NA	NA	NA	NA	NA	NA	NA	NA	NA	NA	NA	NA	NA	NA	NA	NA	NA	NA	NA	NA	NA	NA	NA	NA	NA	NA	NA	NA	NA	NA	NA	NA	NA	NA	NA	NA
cg18047609	NA	0.521535530397394	0.823024661656313	0.844594158916145	0.8674295754571	0.924542440867751	0.586964997236072	0.830927044934151	0.73994909485461	0.92470433582078	0.949837403621307	0.809663686279205	0.854473661974004	0.62656488285442	0.742372672024912	0.777484664590342	0.750439301389215	0.838173466734809	0.880084458174185	0.755619303313843	0.782031566733661	0.698903960786881	0.949475216659292	0.935338634235424	0.707172544728987	0.693848636737382	0.929964385583038	0.608060105500699	0.878873534435311	0.746458210572661	0.73276248416401	0.81678984351214	0.752264953431521	0.822268868968459	0.884128999378662	0.827973840334008
cg18067665	NA	NA	NA	NA	NA	NA	NA	NA	NA	NA	NA	NA	NA	NA	NA	NA	NA	NA	NA	NA	NA	NA	NA	NA	NA	NA	NA	NA	NA	NA	NA	NA	NA	NA	NA	NA
cg18070057	NA	NA	NA	NA	NA	NA	NA	NA	NA	NA	NA	NA	NA	NA	NA	NA	NA	NA	NA	NA	NA	NA	NA	NA	NA	NA	NA	NA	NA	NA	NA	NA	NA	NA	NA	NA
cg18086868	0.800496355943148	0.538040255251691	0.83857269165592	0.781901586312678	0.670086079530798	0.887599212154482	0.305749958195823	0.6850647727799	0.760143146329768	0.45459773700644	0.799847623584185	0.841388544422419	0.859964303480796	0.38609976788979	0.475974837952921	0.531590330116748	0.585382232813512	0.631730976854628	0.514932430107103	0.722470100864436	0.714018240081861	0.698276343385913	0.773589767005006	0.513015005132251	0.715116865694293	0.474249334852328	0.806768567027083	0.11571800019165	0.714570427098024	0.253380109877896	0.631449506236828	0.862542608358336	0.479896907858549	0.800329207173073	0.789671139175881	0.548525266216883
cg18105665	0.908100154017557	0.860196958747149	0.87776792037569	0.817544907340673	0.898263662389668	0.948569542234198	0.404175577722688	0.837960105244319	0.89918728538773	0.948218159493575	0.941292235665676	0.896196940615275	0.88951498210736	0.901396934318515	0.881820255994178	0.823591497191441	0.859562999602484	0.887538542305408	0.964242465452687	0.871249700584802	0.250069659971201	0.902743494267266	0.927129292126693	0.944999011384563	0.887847801612609	0.906261574866969	0.929638935121401	0.484104659196305	0.928237684194465	0.900884309163529	0.868755255941843	0.883062442554669	0.869425769206592	0.904044998482314	0.929437272178041	0.84158575205534
cg18140324	NA	NA	NA	NA	NA	NA	NA	NA	NA	NA	NA	NA	NA	NA	NA	NA	NA	NA	NA	NA	NA	NA	NA	NA	NA	NA	NA	NA	NA	NA	NA	NA	NA	NA	NA	NA
cg18143116	NA	NA	NA	NA	NA	NA	NA	NA	NA	NA	NA	NA	NA	NA	NA	NA	NA	NA	NA	NA	NA	NA	NA	NA	NA	NA	NA	NA	NA	NA	NA	NA	NA	NA	NA	NA
cg18183019	NA	NA	NA	NA	NA	NA	NA	NA	NA	NA	NA	NA	NA	NA	NA	NA	NA	NA	NA	NA	NA	NA	NA	NA	NA	NA	NA	NA	NA	NA	NA	NA	NA	NA	NA	NA
cg18193230	NA	NA	NA	NA	NA	NA	NA	NA	NA	NA	NA	NA	NA	NA	NA	NA	NA	NA	NA	NA	NA	NA	NA	NA	NA	NA	NA	NA	NA	NA	NA	NA	NA	NA	NA	NA
cg18221988	NA	NA	NA	NA	NA	NA	NA	NA	NA	NA	NA	NA	NA	NA	NA	NA	NA	NA	NA	NA	NA	NA	NA	NA	NA	NA	NA	NA	NA	NA	NA	NA	NA	NA	NA	NA
cg18274510	0.21575624925873	0.701051366274351	0.885455063835282	0.536997907862762	0.699595891027024	0.903651961413974	0.714023077120893	0.162338099552339	0.525373055193863	0.159802008238373	0.729537391395853	0.839112695344304	0.336246625184677	0.698860918537387	0.870708178169078	0.798557593273057	0.377614253588741	0.791069202554946	0.80073887138479	0.820550249070784	0.292301714078408	0.600898499235555	0.858872112078511	0.294653048552934	0.436586757040112	0.715873289601384	0.835682749327013	0.814270548754534	0.458205459777844	0.521933466111332	0.698155120085251	0.865507083298677	0.805001314195484	0.843094083546234	0.844269445352908	0.728472223664078
cg18274732	NA	NA	NA	NA	NA	NA	NA	NA	NA	NA	NA	NA	NA	NA	NA	NA	NA	NA	NA	NA	NA	NA	NA	NA	NA	NA	NA	NA	NA	NA	NA	NA	NA	NA	NA	NA
cg18275339	NA	NA	NA	NA	NA	NA	NA	NA	NA	NA	NA	NA	NA	NA	NA	NA	NA	NA	NA	NA	NA	NA	NA	NA	NA	NA	NA	NA	NA	NA	NA	NA	NA	NA	NA	NA
cg18296448	NA	NA	NA	NA	NA	NA	NA	NA	NA	NA	NA	NA	NA	NA	NA	NA	NA	NA	NA	NA	NA	NA	NA	NA	NA	NA	NA	NA	NA	NA	NA	NA	NA	NA	NA	NA
cg18309935	NA	NA	NA	NA	NA	NA	NA	NA	NA	NA	NA	NA	NA	NA	NA	NA	NA	NA	NA	NA	NA	NA	NA	NA	NA	NA	NA	NA	NA	NA	NA	NA	NA	NA	NA	NA
cg18360585	NA	NA	NA	NA	NA	NA	NA	NA	NA	NA	NA	NA	NA	NA	NA	NA	NA	NA	NA	NA	NA	NA	NA	NA	NA	NA	NA	NA	NA	NA	NA	NA	NA	NA	NA	NA
cg18381729	NA	NA	NA	NA	NA	NA	NA	NA	NA	NA	NA	NA	NA	NA	NA	NA	NA	NA	NA	NA	NA	NA	NA	NA	NA	NA	NA	NA	NA	NA	NA	NA	NA	NA	NA	NA
cg18401511	NA	NA	NA	NA	NA	NA	NA	NA	NA	NA	NA	NA	NA	NA	NA	NA	NA	NA	NA	NA	NA	NA	NA	NA	NA	NA	NA	NA	NA	NA	NA	NA	NA	NA	NA	NA
cg18402433	NA	NA	NA	NA	NA	NA	NA	NA	NA	NA	NA	NA	NA	NA	NA	NA	NA	NA	NA	NA	NA	NA	NA	NA	NA	NA	NA	NA	NA	NA	NA	NA	NA	NA	NA	NA
cg18458116	NA	NA	NA	NA	NA	NA	NA	NA	NA	NA	NA	NA	NA	NA	NA	NA	NA	NA	NA	NA	NA	NA	NA	NA	NA	NA	NA	NA	NA	NA	NA	NA	NA	NA	NA	NA
cg18461093	NA	NA	NA	NA	NA	NA	NA	NA	NA	NA	NA	NA	NA	NA	NA	NA	NA	NA	NA	NA	NA	NA	NA	NA	NA	NA	NA	NA	NA	NA	NA	NA	NA	NA	NA	NA
cg18474718	NA	NA	NA	NA	NA	NA	NA	NA	NA	NA	NA	NA	NA	NA	NA	NA	NA	NA	NA	NA	NA	NA	NA	NA	NA	NA	NA	NA	NA	NA	NA	NA	NA	NA	NA	NA
cg18494563	NA	NA	NA	NA	NA	NA	NA	NA	NA	NA	NA	NA	NA	NA	NA	NA	NA	NA	NA	NA	NA	NA	NA	NA	NA	NA	NA	NA	NA	NA	NA	NA	NA	NA	NA	NA
cg18516241	NA	NA	NA	NA	NA	NA	NA	NA	NA	NA	NA	NA	NA	NA	NA	NA	NA	NA	NA	NA	NA	NA	NA	NA	NA	NA	NA	NA	NA	NA	NA	NA	NA	NA	NA	NA
cg18522822	NA	NA	NA	NA	NA	NA	NA	NA	NA	NA	NA	NA	NA	NA	NA	NA	NA	NA	NA	NA	NA	NA	NA	NA	NA	NA	NA	NA	NA	NA	NA	NA	NA	NA	NA	NA
cg18528124	NA	NA	NA	NA	NA	NA	NA	NA	NA	NA	NA	NA	NA	NA	NA	NA	NA	NA	NA	NA	NA	NA	NA	NA	NA	NA	NA	NA	NA	NA	NA	NA	NA	NA	NA	NA
cg18545561	0.891752781731739	0.931719500072528	0.93431257587336	0.924688706688967	0.834659663172897	0.916833220071576	0.894093032175509	0.931730740809577	0.841145130904026	0.917412125649469	0.917815882996644	0.779687440410545	0.936721262969583	0.888350628290712	0.925517634998641	0.92950139709737	0.917822853600712	0.898745981511971	0.801059911387547	0.899580821832651	0.711817568537499	0.931729015999844	0.817333718809479	0.926028934036774	0.942352137571696	0.921567165049685	0.902686019190794	0.614940298711168	0.903548273769158	0.918642171669663	0.865369626774473	0.816120611468094	0.830424302109831	0.874215097731428	0.916275605811785	0.847774742320624
cg18569952	NA	NA	NA	NA	NA	NA	NA	NA	NA	NA	NA	NA	NA	NA	NA	NA	NA	NA	NA	NA	NA	NA	NA	NA	NA	NA	NA	NA	NA	NA	NA	NA	NA	NA	NA	NA
cg18604215	NA	NA	NA	NA	NA	NA	NA	NA	NA	NA	NA	NA	NA	NA	NA	NA	NA	NA	NA	NA	NA	NA	NA	NA	NA	NA	NA	NA	NA	NA	NA	NA	NA	NA	NA	NA
cg18623351	NA	NA	NA	NA	NA	NA	NA	NA	NA	NA	NA	NA	NA	NA	NA	NA	NA	NA	NA	NA	NA	NA	NA	NA	NA	NA	NA	NA	NA	NA	NA	NA	NA	NA	NA	NA
cg18625258	NA	NA	NA	NA	NA	NA	NA	NA	NA	NA	NA	NA	NA	NA	NA	NA	NA	NA	NA	NA	NA	NA	NA	NA	NA	NA	NA	NA	NA	NA	NA	NA	NA	NA	NA	NA
cg18631513	NA	NA	NA	NA	NA	NA	NA	NA	NA	NA	NA	NA	NA	NA	NA	NA	NA	NA	NA	NA	NA	NA	NA	NA	NA	NA	NA	NA	NA	NA	NA	NA	NA	NA	NA	NA
cg18637291	NA	NA	NA	NA	NA	NA	NA	NA	NA	NA	NA	NA	NA	NA	NA	NA	NA	NA	NA	NA	NA	NA	NA	NA	NA	NA	NA	NA	NA	NA	NA	NA	NA	NA	NA	NA
cg18690712	NA	NA	NA	NA	NA	NA	NA	NA	NA	NA	NA	NA	NA	NA	NA	NA	NA	NA	NA	NA	NA	NA	NA	NA	NA	NA	NA	NA	NA	NA	NA	NA	NA	NA	NA	NA
cg18738114	NA	NA	NA	NA	NA	NA	NA	NA	NA	NA	NA	NA	NA	NA	NA	NA	NA	NA	NA	NA	NA	NA	NA	NA	NA	NA	NA	NA	NA	NA	NA	NA	NA	NA	NA	NA
cg18771118	NA	NA	NA	NA	NA	NA	NA	NA	NA	NA	NA	NA	NA	NA	NA	NA	NA	NA	NA	NA	NA	NA	NA	NA	NA	NA	NA	NA	NA	NA	NA	NA	NA	NA	NA	NA
cg18793886	NA	NA	NA	NA	NA	NA	NA	NA	NA	NA	NA	NA	NA	NA	NA	NA	NA	NA	NA	NA	NA	NA	NA	NA	NA	NA	NA	NA	NA	NA	NA	NA	NA	NA	NA	NA
cg18802268	0.853177150800151	0.794643741315441	0.76073602162512	0.762471615583591	0.821651951947214	0.893576504065534	0.927493863130712	0.757590800322576	0.848567137070199	0.904675228044498	0.88301296205733	0.787844342072128	0.776747524035424	0.852943734579872	0.724428894817431	0.736541600949933	0.782046646202337	0.803317924223336	0.902276426335712	0.811387000818472	0.78081189657704	0.758490050297014	0.889369864872495	0.896460774596576	0.746928026996004	0.73150208766429	0.903843906251736	0.822766076441528	0.873879918646089	0.823079231863892	0.72007389328643	0.833830763659396	0.719621798064756	0.767022646428975	0.825779766592269	0.746899311752562
cg18817246	NA	NA	NA	NA	NA	NA	NA	NA	NA	NA	NA	NA	NA	NA	NA	NA	NA	NA	NA	NA	NA	NA	NA	NA	NA	NA	NA	NA	NA	NA	NA	NA	NA	NA	NA	NA
cg18824501	NA	NA	NA	NA	NA	NA	NA	NA	NA	NA	NA	NA	NA	NA	NA	NA	NA	NA	NA	NA	NA	NA	NA	NA	NA	NA	NA	NA	NA	NA	NA	NA	NA	NA	NA	NA
cg18879198	0.783464832222582	0.759200570062001	0.797645631714185	0.761841373334976	0.784919328162747	0.851071498942888	0.585736707692057	0.773811797187583	0.686134685808606	0.867230240295179	0.79201193715726	0.829007670184188	0.816973218541515	0.595621890174954	0.596489586575542	0.715917824862746	0.758445810929029	0.698332300560238	0.84639242708475	0.543171470004069	0.506203195767886	0.686913047412079	0.811299338054842	0.83788966125954	0.683017075442178	0.74392260856969	0.825292836649072	0.798142949447102	0.855974227336245	0.789871893753264	0.704067047407427	0.810026283339359	0.636098074809315	0.728271366226618	0.807124780813012	0.691801553003337
cg18917270	NA	NA	NA	NA	NA	NA	NA	NA	NA	NA	NA	NA	NA	NA	NA	NA	NA	NA	NA	NA	NA	NA	NA	NA	NA	NA	NA	NA	NA	NA	NA	NA	NA	NA	NA	NA
cg18918365	NA	NA	NA	NA	NA	NA	NA	NA	NA	NA	NA	NA	NA	NA	NA	NA	NA	NA	NA	NA	NA	NA	NA	NA	NA	NA	NA	NA	NA	NA	NA	NA	NA	NA	NA	NA
cg18920490	NA	NA	NA	NA	NA	NA	NA	NA	NA	NA	NA	NA	NA	NA	NA	NA	NA	NA	NA	NA	NA	NA	NA	NA	NA	NA	NA	NA	NA	NA	NA	NA	NA	NA	NA	NA
cg19007523	NA	NA	NA	NA	NA	NA	NA	NA	NA	NA	NA	NA	NA	NA	NA	NA	NA	NA	NA	NA	NA	NA	NA	NA	NA	NA	NA	NA	NA	NA	NA	NA	NA	NA	NA	NA
cg19066691	NA	NA	NA	NA	NA	NA	NA	NA	NA	NA	NA	NA	NA	NA	NA	NA	NA	NA	NA	NA	NA	NA	NA	NA	NA	NA	NA	NA	NA	NA	NA	NA	NA	NA	NA	NA
cg19071460	NA	NA	NA	NA	NA	NA	NA	NA	NA	NA	NA	NA	NA	NA	NA	NA	NA	NA	NA	NA	NA	NA	NA	NA	NA	NA	NA	NA	NA	NA	NA	NA	NA	NA	NA	NA
cg19075506	NA	NA	NA	NA	NA	NA	NA	NA	NA	NA	NA	NA	NA	NA	NA	NA	NA	NA	NA	NA	NA	NA	NA	NA	NA	NA	NA	NA	NA	NA	NA	NA	NA	NA	NA	NA
cg19112359	NA	NA	NA	NA	NA	NA	NA	NA	NA	NA	NA	NA	NA	NA	NA	NA	NA	NA	NA	NA	NA	NA	NA	NA	NA	NA	NA	NA	NA	NA	NA	NA	NA	NA	NA	NA
cg19182919	NA	NA	NA	NA	NA	NA	NA	NA	NA	NA	NA	NA	NA	NA	NA	NA	NA	NA	NA	NA	NA	NA	NA	NA	NA	NA	NA	NA	NA	NA	NA	NA	NA	NA	NA	NA
cg19193943	NA	NA	NA	NA	NA	NA	NA	NA	NA	NA	NA	NA	NA	NA	NA	NA	NA	NA	NA	NA	NA	NA	NA	NA	NA	NA	NA	NA	NA	NA	NA	NA	NA	NA	NA	NA
cg19240584	NA	NA	NA	NA	NA	NA	NA	NA	NA	NA	NA	NA	NA	NA	NA	NA	NA	NA	NA	NA	NA	NA	NA	NA	NA	NA	NA	NA	NA	NA	NA	NA	NA	NA	NA	NA
cg19263575	NA	NA	NA	NA	NA	NA	NA	NA	NA	NA	NA	NA	NA	NA	NA	NA	NA	NA	NA	NA	NA	NA	NA	NA	NA	NA	NA	NA	NA	NA	NA	NA	NA	NA	NA	NA
cg19265948	NA	NA	NA	NA	NA	NA	NA	NA	NA	NA	NA	NA	NA	NA	NA	NA	NA	NA	NA	NA	NA	NA	NA	NA	NA	NA	NA	NA	NA	NA	NA	NA	NA	NA	NA	NA
cg19316897	NA	NA	NA	NA	NA	NA	NA	NA	NA	NA	NA	NA	NA	NA	NA	NA	NA	NA	NA	NA	NA	NA	NA	NA	NA	NA	NA	NA	NA	NA	NA	NA	NA	NA	NA	NA
cg19444390	NA	NA	NA	NA	NA	NA	NA	NA	NA	NA	NA	NA	NA	NA	NA	NA	NA	NA	NA	NA	NA	NA	NA	NA	NA	NA	NA	NA	NA	NA	NA	NA	NA	NA	NA	NA
cg19457121	NA	NA	NA	NA	NA	NA	NA	NA	NA	NA	NA	NA	NA	NA	NA	NA	NA	NA	NA	NA	NA	NA	NA	NA	NA	NA	NA	NA	NA	NA	NA	NA	NA	NA	NA	NA
cg19493162	NA	NA	NA	NA	NA	NA	NA	NA	NA	NA	NA	NA	NA	NA	NA	NA	NA	NA	NA	NA	NA	NA	NA	NA	NA	NA	NA	NA	NA	NA	NA	NA	NA	NA	NA	NA
cg19502207	0.170479743608757	0.240980101037776	0.0898763328548937	0.438086733345635	0.548766794648647	0.213747908471157	0.602697745140378	0.114511700021746	0.355588204158111	0.91447315607645	0.964688214314055	0.238706965224152	0.362997870094098	0.855110234016644	0.893178226905988	0.896715600824368	0.452328865699342	0.73062796823181	0.430577959027473	0.537258980160057	0.349157980957018	0.848395516476437	0.483429149747563	0.153818214892632	0.815520484905462	0.732915382691638	0.246331867652002	0.287068241240305	0.153906669389117	0.287748889641266	0.812878290815834	NA	0.769738485938158	NA	0.270682391834738	0.678088447135071
cg19513514	NA	NA	NA	NA	NA	NA	NA	NA	NA	NA	NA	NA	NA	NA	NA	NA	NA	NA	NA	NA	NA	NA	NA	NA	NA	NA	NA	NA	NA	NA	NA	NA	NA	NA	NA	NA
cg19521438	NA	NA	NA	NA	NA	NA	NA	NA	NA	NA	NA	NA	NA	NA	NA	NA	NA	NA	NA	NA	NA	NA	NA	NA	NA	NA	NA	NA	NA	NA	NA	NA	NA	NA	NA	NA
cg19532617	NA	NA	NA	NA	NA	NA	NA	NA	NA	NA	NA	NA	NA	NA	NA	NA	NA	NA	NA	NA	NA	NA	NA	NA	NA	NA	NA	NA	NA	NA	NA	NA	NA	NA	NA	NA
cg19563410	NA	NA	NA	NA	NA	NA	NA	NA	NA	NA	NA	NA	NA	NA	NA	NA	NA	NA	NA	NA	NA	NA	NA	NA	NA	NA	NA	NA	NA	NA	NA	NA	NA	NA	NA	NA
cg19565241	NA	NA	NA	NA	NA	NA	NA	NA	NA	NA	NA	NA	NA	NA	NA	NA	NA	NA	NA	NA	NA	NA	NA	NA	NA	NA	NA	NA	NA	NA	NA	NA	NA	NA	NA	NA
cg19605592	NA	NA	NA	NA	NA	NA	NA	NA	NA	NA	NA	NA	NA	NA	NA	NA	NA	NA	NA	NA	NA	NA	NA	NA	NA	NA	NA	NA	NA	NA	NA	NA	NA	NA	NA	NA
cg19645839	NA	NA	NA	NA	NA	NA	NA	NA	NA	NA	NA	NA	NA	NA	NA	NA	NA	NA	NA	NA	NA	NA	NA	NA	NA	NA	NA	NA	NA	NA	NA	NA	NA	NA	NA	NA
cg19655704	0.865842633421937	0.921161628636424	0.950807106860136	0.942683378292864	0.927186580268231	0.950045968755466	0.958540061122428	0.945999585724582	0.956886613915641	0.956179793415622	0.93946444300063	0.937188900562968	0.949337572226805	0.935266695569154	0.960474175562303	0.94677726058668	0.925887154735276	0.957374937832877	0.939577197539098	0.958967117834794	0.950872116624583	0.949655818993239	0.949903851163728	0.962977882272465	0.950472000180849	0.92818058917486	0.943786185131596	0.932595372321778	0.953960755453815	0.941631024323004	0.928403438115289	0.952524047934854	0.934858563544307	0.933045946937877	0.937492836836298	0.939510018120859
cg19665882	NA	NA	NA	NA	NA	NA	NA	NA	NA	NA	NA	NA	NA	NA	NA	NA	NA	NA	NA	NA	NA	NA	NA	NA	NA	NA	NA	NA	NA	NA	NA	NA	NA	NA	NA	NA
cg19674688	NA	NA	NA	NA	NA	NA	NA	NA	NA	NA	NA	NA	NA	NA	NA	NA	NA	NA	NA	NA	NA	NA	NA	NA	NA	NA	NA	NA	NA	NA	NA	NA	NA	NA	NA	NA
cg19677184	NA	NA	NA	NA	NA	NA	NA	NA	NA	NA	NA	NA	NA	NA	NA	NA	NA	NA	NA	NA	NA	NA	NA	NA	NA	NA	NA	NA	NA	NA	NA	NA	NA	NA	NA	NA
cg19677830	NA	NA	NA	NA	NA	NA	NA	NA	NA	NA	NA	NA	NA	NA	NA	NA	NA	NA	NA	NA	NA	NA	NA	NA	NA	NA	NA	NA	NA	NA	NA	NA	NA	NA	NA	NA
cg19716125	NA	NA	NA	NA	NA	NA	NA	NA	NA	NA	NA	NA	NA	NA	NA	NA	NA	NA	NA	NA	NA	NA	NA	NA	NA	NA	NA	NA	NA	NA	NA	NA	NA	NA	NA	NA
cg19718662	0.895449027262084	0.322921795783342	0.832835925365674	0.479267488949266	0.319845378241748	0.918456840313918	0.238661856376111	0.491452507914879	0.759286019693777	0.83915483110099	0.782285997309766	0.615105548952767	0.738598394216793	0.479078336181042	0.489468712854656	0.413802811697256	0.53578890436767	0.533289491516489	0.44101795940555	0.169719984958287	0.120700969572609	0.663362944372547	0.83172188751748	0.860884932246635	0.6913034264374	0.517488583027346	0.880503551437244	0.773841063929822	0.766233317866998	0.755319764023832	0.622453663990527	0.856323594911813	0.436559947243605	0.605319061914194	0.842683261584994	0.659941514621097
cg19761060	NA	NA	NA	NA	NA	NA	NA	NA	NA	NA	NA	NA	NA	NA	NA	NA	NA	NA	NA	NA	NA	NA	NA	NA	NA	NA	NA	NA	NA	NA	NA	NA	NA	NA	NA	NA
cg19761271	NA	NA	NA	NA	NA	NA	NA	NA	NA	NA	NA	NA	NA	NA	NA	NA	NA	NA	NA	NA	NA	NA	NA	NA	NA	NA	NA	NA	NA	NA	NA	NA	NA	NA	NA	NA
cg19785312	NA	NA	NA	NA	NA	NA	NA	NA	NA	NA	NA	NA	NA	NA	NA	NA	NA	NA	NA	NA	NA	NA	NA	NA	NA	NA	NA	NA	NA	NA	NA	NA	NA	NA	NA	NA
cg19789336	NA	NA	NA	NA	NA	NA	NA	NA	NA	NA	NA	NA	NA	NA	NA	NA	NA	NA	NA	NA	NA	NA	NA	NA	NA	NA	NA	NA	NA	NA	NA	NA	NA	NA	NA	NA
cg19840093	NA	NA	NA	NA	NA	NA	NA	NA	NA	NA	NA	NA	NA	NA	NA	NA	NA	NA	NA	NA	NA	NA	NA	NA	NA	NA	NA	NA	NA	NA	NA	NA	NA	NA	NA	NA
cg19863964	NA	NA	NA	NA	NA	NA	NA	NA	NA	NA	NA	NA	NA	NA	NA	NA	NA	NA	NA	NA	NA	NA	NA	NA	NA	NA	NA	NA	NA	NA	NA	NA	NA	NA	NA	NA
cg19883843	NA	NA	NA	NA	NA	NA	NA	NA	NA	NA	NA	NA	NA	NA	NA	NA	NA	NA	NA	NA	NA	NA	NA	NA	NA	NA	NA	NA	NA	NA	NA	NA	NA	NA	NA	NA
cg19887883	NA	NA	0.597003548914641	NA	NA	0.867345296203484	0.80341649429873	NA	0.589032394286823	0.904507553977494	0.824770300755518	0.790593455905219	0.642153372800837	0.832842123473402	NA	NA	0.60552667877363	0.573007215435896	NA	0.697368829487476	0.576348258579853	0.623435038563986	0.630478859559176	0.883792420620853	0.63247327286148	NA	0.891703528148352	NA	0.860323304182672	NA	NA	NA	0.62361787119711	NA	0.481484146174993	0.587430071208064
cg19925178	NA	NA	NA	NA	NA	NA	NA	NA	NA	NA	NA	NA	NA	NA	NA	NA	NA	NA	NA	NA	NA	NA	NA	NA	NA	NA	NA	NA	NA	NA	NA	NA	NA	NA	NA	NA
cg19929302	NA	NA	NA	NA	NA	NA	NA	NA	NA	NA	NA	NA	NA	NA	NA	NA	NA	NA	NA	NA	NA	NA	NA	NA	NA	NA	NA	NA	NA	NA	NA	NA	NA	NA	NA	NA
cg19950846	NA	NA	NA	NA	NA	NA	NA	NA	NA	NA	NA	NA	NA	NA	NA	NA	NA	NA	NA	NA	NA	NA	NA	NA	NA	NA	NA	NA	NA	NA	NA	NA	NA	NA	NA	NA
cg19979222	NA	NA	NA	NA	NA	NA	NA	NA	NA	NA	NA	NA	NA	NA	NA	NA	NA	NA	NA	NA	NA	NA	NA	NA	NA	NA	NA	NA	NA	NA	NA	NA	NA	NA	NA	NA
cg19988798	NA	NA	NA	NA	NA	NA	NA	NA	NA	NA	NA	NA	NA	NA	NA	NA	NA	NA	NA	NA	NA	NA	NA	NA	NA	NA	NA	NA	NA	NA	NA	NA	NA	NA	NA	NA
cg20006652	NA	NA	NA	NA	NA	NA	NA	NA	NA	NA	NA	NA	NA	NA	NA	NA	NA	NA	NA	NA	NA	NA	NA	NA	NA	NA	NA	NA	NA	NA	NA	NA	NA	NA	NA	NA
cg20010076	NA	NA	NA	NA	NA	NA	NA	NA	NA	NA	NA	NA	NA	NA	NA	NA	NA	NA	NA	NA	NA	NA	NA	NA	NA	NA	NA	NA	NA	NA	NA	NA	NA	NA	NA	NA
cg20019560	NA	NA	NA	NA	NA	NA	NA	NA	NA	NA	NA	NA	NA	NA	NA	NA	NA	NA	NA	NA	NA	NA	NA	NA	NA	NA	NA	NA	NA	NA	NA	NA	NA	NA	NA	NA
cg20029324	NA	NA	NA	NA	NA	NA	NA	NA	NA	NA	NA	NA	NA	NA	NA	NA	NA	NA	NA	NA	NA	NA	NA	NA	NA	NA	NA	NA	NA	NA	NA	NA	NA	NA	NA	NA
cg20052431	NA	NA	NA	NA	NA	NA	NA	NA	NA	NA	NA	NA	NA	NA	NA	NA	NA	NA	NA	NA	NA	NA	NA	NA	NA	NA	NA	NA	NA	NA	NA	NA	NA	NA	NA	NA
cg20056341	NA	NA	NA	NA	NA	NA	NA	NA	NA	NA	NA	NA	NA	NA	NA	NA	NA	NA	NA	NA	NA	NA	NA	NA	NA	NA	NA	NA	NA	NA	NA	NA	NA	NA	NA	NA
cg20149922	NA	NA	NA	NA	NA	NA	NA	NA	NA	NA	NA	NA	NA	NA	NA	NA	NA	NA	NA	NA	NA	NA	NA	NA	NA	NA	NA	NA	NA	NA	NA	NA	NA	NA	NA	NA
cg20150443	NA	NA	NA	NA	NA	NA	NA	NA	NA	NA	NA	NA	NA	NA	NA	NA	NA	NA	NA	NA	NA	NA	NA	NA	NA	NA	NA	NA	NA	NA	NA	NA	NA	NA	NA	NA
cg20165732	NA	NA	NA	NA	NA	NA	NA	NA	NA	NA	NA	NA	NA	NA	NA	NA	NA	NA	NA	NA	NA	NA	NA	NA	NA	NA	NA	NA	NA	NA	NA	NA	NA	NA	NA	NA
cg20200361	NA	NA	NA	NA	NA	NA	NA	NA	NA	NA	NA	NA	NA	NA	NA	NA	NA	NA	NA	NA	NA	NA	NA	NA	NA	NA	NA	NA	NA	NA	NA	NA	NA	NA	NA	NA
cg20246277	0.669738452605665	0.712849469856529	0.537288994074277	0.621212427093168	0.494285926423786	0.565931056674343	0.565085086584868	0.71806923557107	0.448314367807984	0.878465351835871	0.285998452746519	0.435538062697182	0.829322588567917	0.609135017700774	0.747480213295431	0.374087778061566	0.556961721858868	0.474951705350491	0.473590725493245	0.664719428518639	0.860333145573162	0.812601780442722	0.742066182044286	0.640189648432751	0.580489557279148	0.476697274283164	0.8044670940555	0.25133783347554	0.175448788355179	0.535444373566176	0.475504566518866	0.247826795254171	0.668155065455997	0.535531245309942	0.562406626954779	0.766927773763342
cg20262540	NA	NA	NA	NA	NA	NA	NA	NA	NA	NA	NA	NA	NA	NA	NA	NA	NA	NA	NA	NA	NA	NA	NA	NA	NA	NA	NA	NA	NA	NA	NA	NA	NA	NA	NA	NA
cg20284705	NA	NA	NA	NA	NA	NA	NA	NA	NA	NA	NA	NA	NA	NA	NA	NA	NA	NA	NA	NA	NA	NA	NA	NA	NA	NA	NA	NA	NA	NA	NA	NA	NA	NA	NA	NA
cg20331613	NA	NA	NA	NA	NA	NA	NA	NA	NA	NA	NA	NA	NA	NA	NA	NA	NA	NA	NA	NA	NA	NA	NA	NA	NA	NA	NA	NA	NA	NA	NA	NA	NA	NA	NA	NA
cg20364241	NA	NA	NA	NA	NA	NA	NA	NA	NA	NA	NA	NA	NA	NA	NA	NA	NA	NA	NA	NA	NA	NA	NA	NA	NA	NA	NA	NA	NA	NA	NA	NA	NA	NA	NA	NA
cg20365687	0.555271327874957	0.751438565414315	0.792840143161267	0.730300402997904	0.785153766489575	0.56943874613672	0.530038016990875	0.838084692029566	0.501787407314631	0.349135725128207	0.841365633993007	0.846496402319031	0.770536717764129	0.603339661452252	0.733515705100854	0.712820626177927	0.539605153448944	0.722730317241944	0.314442312288729	0.645221085668962	0.812437308481908	0.712703095231742	0.838191328486375	0.853491021164998	0.77424755047812	0.753652870864577	0.82384941028833	0.609059277606894	0.265377620970205	0.469955745772576	0.744117762207584	0.829163455361179	0.670503504461061	0.582626100999144	0.506708571859449	0.692710990622199
cg20386784	NA	NA	NA	NA	NA	NA	NA	NA	NA	NA	NA	NA	NA	NA	NA	NA	NA	NA	NA	NA	NA	NA	NA	NA	NA	NA	NA	NA	NA	NA	NA	NA	NA	NA	NA	NA
cg20449764	NA	NA	NA	NA	NA	NA	NA	NA	NA	NA	NA	NA	NA	NA	NA	NA	NA	NA	NA	NA	NA	NA	NA	NA	NA	NA	NA	NA	NA	NA	NA	NA	NA	NA	NA	NA
cg20453820	0.704529684329671	0.438240120939591	0.578645662938799	0.448634933565319	0.499809354601999	0.619427794979884	0.815470846685309	0.189556969285748	0.725200499085475	0.633630470154473	0.73259493490957	0.613121434735118	0.217354410926627	0.670835879894334	0.641073104721234	0.539051930353249	0.546294902058935	0.524089194405649	0.845632459116221	0.255473993216606	0.418374113419092	0.515083349058197	0.84532433306423	0.376009764605974	0.559768081385118	0.392459076984032	0.786820152510597	0.204149616982485	0.740218625669843	0.728864533440287	0.425443037076489	0.760292565204826	0.494720945294621	0.619704553113963	0.574380373927356	0.564246694278629
cg20465830	NA	NA	NA	NA	NA	NA	NA	NA	NA	NA	NA	NA	NA	NA	NA	NA	NA	NA	NA	NA	NA	NA	NA	NA	NA	NA	NA	NA	NA	NA	NA	NA	NA	NA	NA	NA
cg20492230	NA	NA	NA	NA	NA	NA	NA	NA	NA	NA	NA	NA	NA	NA	NA	NA	NA	NA	NA	NA	NA	NA	NA	NA	NA	NA	NA	NA	NA	NA	NA	NA	NA	NA	NA	NA
cg20494576	NA	NA	NA	NA	NA	NA	NA	NA	NA	NA	NA	NA	NA	NA	NA	NA	NA	NA	NA	NA	NA	NA	NA	NA	NA	NA	NA	NA	NA	NA	NA	NA	NA	NA	NA	NA
cg20494682	NA	NA	NA	NA	NA	NA	NA	NA	NA	NA	NA	NA	NA	NA	NA	NA	NA	NA	NA	NA	NA	NA	NA	NA	NA	NA	NA	NA	NA	NA	NA	NA	NA	NA	NA	NA
cg20529334	NA	NA	NA	NA	NA	NA	NA	NA	NA	NA	NA	NA	NA	NA	NA	NA	NA	NA	NA	NA	NA	NA	NA	NA	NA	NA	NA	NA	NA	NA	NA	NA	NA	NA	NA	NA
cg20602628	NA	NA	NA	NA	NA	NA	NA	NA	NA	NA	NA	NA	NA	NA	NA	NA	NA	NA	NA	NA	NA	NA	NA	NA	NA	NA	NA	NA	NA	NA	NA	NA	NA	NA	NA	NA
cg20621459	NA	NA	NA	NA	NA	NA	NA	NA	NA	NA	NA	NA	NA	NA	NA	NA	NA	NA	NA	NA	NA	NA	NA	NA	NA	NA	NA	NA	NA	NA	NA	NA	NA	NA	NA	NA
cg20637223	0.859324501568649	0.730432796875325	0.755108275807778	0.651612777403494	0.844522985744368	0.861220632507456	0.841240674759956	0.640714908747694	0.801376510744253	0.90008252407068	0.909050486241905	0.832420877425897	0.764153090909019	0.8596564766225	0.72905815798406	0.723169161152026	0.75517388128242	0.713585852438163	0.945158781642717	0.841363284516059	0.771679451343666	0.768217450434564	0.939224721005149	0.922897734897983	0.758800407198625	0.860540359608084	0.905408813302936	0.873560614032828	0.916217122727791	0.837623276423054	0.714811370921424	0.827961963223286	0.763538108261307	0.80410378010977	0.872474540038705	0.743582490529768
cg20643159	0.696996477517307	0.848753881134138	0.843731444498105	0.858145652670837	0.847149148212513	0.956568984202326	0.941782719416944	0.731232851984031	0.830638185809082	0.948350879337706	0.947826983521469	0.911300833084594	0.894531730472546	0.816727167864827	0.834258718561238	0.656563159891273	0.805309132562808	0.81861105836908	0.768269112032941	0.899065626492534	0.73144597813849	0.842041981300345	0.945726074889165	0.941207192602967	0.856486891928125	0.64888797673005	0.949961587450565	0.373955979935288	0.923925018329897	0.857926018425017	0.810303985339505	0.72914046880386	0.823267861519835	0.892639847035268	0.891116959064452	0.703987020650544
cg20664109	NA	NA	NA	NA	NA	NA	NA	NA	NA	NA	NA	NA	NA	NA	NA	NA	NA	NA	NA	NA	NA	NA	NA	NA	NA	NA	NA	NA	NA	NA	NA	NA	NA	NA	NA	NA
cg20689978	0.299315978511882	0.780366629603126	0.654909584334097	0.84459847792129	0.617035616529945	0.919165069850715	0.449760225150778	0.810337797983797	0.841068722111374	0.881820580773534	0.842452862817302	0.822069808256921	0.822012332432352	0.812655825959816	0.875829456746293	0.746229673630157	0.574612227940033	0.699279350442896	0.553847721308108	0.371575900270458	0.804911341402323	0.806834809237265	0.786439891775756	0.927513286644882	0.794156284626524	0.586244394209815	0.900863669929952	0.216693143178004	0.865365747018532	0.847246614981852	0.695043646606783	0.500206843429849	0.688783875661905	0.712596290500288	0.905666963208866	0.775678784205142
cg20706620	NA	NA	NA	NA	NA	NA	NA	NA	NA	NA	NA	NA	NA	NA	NA	NA	NA	NA	NA	NA	NA	NA	NA	NA	NA	NA	NA	NA	NA	NA	NA	NA	NA	NA	NA	NA
cg20747789	NA	NA	NA	NA	NA	NA	NA	NA	NA	NA	NA	NA	NA	NA	NA	NA	NA	NA	NA	NA	NA	NA	NA	NA	NA	NA	NA	NA	NA	NA	NA	NA	NA	NA	NA	NA
cg20756175	NA	NA	NA	NA	NA	NA	NA	NA	NA	NA	NA	NA	NA	NA	NA	NA	NA	NA	NA	NA	NA	NA	NA	NA	NA	NA	NA	NA	NA	NA	NA	NA	NA	NA	NA	NA
cg20786740	NA	NA	NA	NA	NA	NA	NA	NA	NA	NA	NA	NA	NA	NA	NA	NA	NA	NA	NA	NA	NA	NA	NA	NA	NA	NA	NA	NA	NA	NA	NA	NA	NA	NA	NA	NA
cg20803423	NA	NA	NA	NA	NA	NA	NA	NA	NA	NA	NA	NA	NA	NA	NA	NA	NA	NA	NA	NA	NA	NA	NA	NA	NA	NA	NA	NA	NA	NA	NA	NA	NA	NA	NA	NA
cg20808224	NA	NA	NA	NA	NA	NA	NA	NA	NA	NA	NA	NA	NA	NA	NA	NA	NA	NA	NA	NA	NA	NA	NA	NA	NA	NA	NA	NA	NA	NA	NA	NA	NA	NA	NA	NA
cg20823181	NA	NA	NA	NA	NA	NA	NA	NA	NA	NA	NA	NA	NA	NA	NA	NA	NA	NA	NA	NA	NA	NA	NA	NA	NA	NA	NA	NA	NA	NA	NA	NA	NA	NA	NA	NA
cg20834966	NA	NA	NA	NA	NA	NA	NA	NA	NA	NA	NA	NA	NA	NA	NA	NA	NA	NA	NA	NA	NA	NA	NA	NA	NA	NA	NA	NA	NA	NA	NA	NA	NA	NA	NA	NA
cg20836993	NA	NA	NA	NA	NA	NA	NA	NA	NA	NA	NA	NA	NA	NA	NA	NA	NA	NA	NA	NA	NA	NA	NA	NA	NA	NA	NA	NA	NA	NA	NA	NA	NA	NA	NA	NA
cg20854374	0.928984837336324	0.834779317834944	0.917952023791053	0.832324086882604	0.889108983673886	0.944184359978734	0.899755359772758	0.400862464773018	0.895998982090667	NA	0.940687654178413	0.911835968216214	0.758052405864059	0.925737852025608	0.857325606994913	0.88179764844344	0.811307161826817	0.614239301518971	0.915548211170896	0.794322685268387	0.890598488156439	0.824451540155094	0.932759435887835	0.933757789521608	0.866000481858632	0.784549215733222	0.926715725384404	0.930595359091022	0.954348846821063	0.896190262344833	0.767198389187289	0.921466649575204	0.854273250820079	0.898113643871355	0.929887143273712	0.766491023623975
cg20919914	0.950924100843563	0.953636250557168	0.942924271044928	0.957272766851846	0.956291990142429	0.955014380430235	0.949254544247704	0.899494985338951	0.961959854880538	0.976897524578282	0.964949241018098	0.956865623819464	0.962176571457735	0.973415436793394	0.958726495209273	0.936064011802791	0.952558676705595	0.963540839773542	0.965097788595501	0.953086468226551	0.947772465330916	0.956080081089768	0.977664139893406	0.97240417876953	0.96695238950422	0.910735338337018	0.971024174469107	0.733633619821497	0.968761971431587	0.946248613212266	0.955694711121562	0.941372360042415	0.955163217907062	0.954043935386288	0.959747609893817	0.962444306083747
cg20955027	0.907100835138401	0.539056207915091	0.873685812967277	0.921607140902798	0.875475825595249	0.93361118947953	0.346007520201908	0.870223283580483	0.886779397769064	0.958346233162579	0.914781546089039	0.911097883003482	0.882330056661856	0.904672652155039	0.89421367172903	0.841638574423205	0.871802034419305	0.886129505549301	0.926128263371314	0.363025166692805	0.575357799364181	0.884199531776156	0.916287912472286	0.943657364435212	0.858777569143212	0.888688831796608	0.947958285440966	0.906649069209476	0.938880668114128	0.920142414292481	0.856560043341189	0.914361462225561	0.70778930671489	0.854441989554359	0.920545804167279	0.800651501714871
cg20970685	NA	NA	NA	NA	NA	NA	NA	NA	NA	NA	NA	NA	NA	NA	NA	NA	NA	NA	NA	NA	NA	NA	NA	NA	NA	NA	NA	NA	NA	NA	NA	NA	NA	NA	NA	NA
cg20979307	0.912618968840229	0.939408407476442	0.976164581228181	0.975083559103399	0.964722086748266	0.984105277006336	0.830689824942065	0.952025194062205	0.953197738674037	0.983713993557665	0.984109855244914	0.965058466689911	0.977716223169799	0.972541806539849	0.980164212948047	0.972049000999749	0.952820892686477	0.977252811444378	0.928755405119855	0.831634473386786	0.945775589197977	0.982377100716046	0.892278523624809	0.974570698655092	0.980771307117769	0.936620698035403	0.970991539407022	0.618560984780617	0.979839503823348	0.955740079903773	0.968218399818026	0.86357349963259	0.960891314835018	0.98034312034373	0.976363901629527	0.973722280541137
cg20994227	NA	NA	NA	NA	NA	NA	NA	NA	NA	NA	NA	NA	NA	NA	NA	NA	NA	NA	NA	NA	NA	NA	NA	NA	NA	NA	NA	NA	NA	NA	NA	NA	NA	NA	NA	NA
cg21004684	NA	NA	NA	NA	NA	NA	NA	NA	NA	NA	NA	NA	NA	NA	NA	NA	NA	NA	NA	NA	NA	NA	NA	NA	NA	NA	NA	NA	NA	NA	NA	NA	NA	NA	NA	NA
cg21046959	NA	NA	NA	NA	NA	NA	NA	NA	NA	NA	NA	NA	NA	NA	NA	NA	NA	NA	NA	NA	NA	NA	NA	NA	NA	NA	NA	NA	NA	NA	NA	NA	NA	NA	NA	NA
cg21049302	0.818182487788694	0.623816730243169	0.72082074783875	0.802753240458247	0.777175316814408	0.856471167000732	0.303399212820138	0.712243326599543	0.881006119189311	0.949928491569702	0.904157204451341	0.835209175205222	0.818125985434169	0.612034462659056	0.471203086167555	0.638690891225235	0.673611789635577	0.565436080119254	0.886114899891352	0.800763955556922	0.789782904777601	0.619611251033911	0.865885051653995	0.915012233789576	0.745599398493752	0.705154650386797	0.877943023539908	0.793220751853873	0.710159842653767	0.847035147735353	0.589951666761019	0.90725716201457	0.494569250961309	0.735672067746051	0.871442374991586	0.713806832397125
cg21053644	NA	NA	NA	NA	NA	NA	NA	NA	NA	NA	NA	NA	NA	NA	NA	NA	NA	NA	NA	NA	NA	NA	NA	NA	NA	NA	NA	NA	NA	NA	NA	NA	NA	NA	NA	NA
cg21071940	NA	NA	NA	NA	NA	NA	NA	NA	NA	NA	NA	NA	NA	NA	NA	NA	NA	NA	NA	NA	NA	NA	NA	NA	NA	NA	NA	NA	NA	NA	NA	NA	NA	NA	NA	NA
cg21078247	NA	NA	NA	NA	NA	NA	NA	NA	NA	NA	NA	NA	NA	NA	NA	NA	NA	NA	NA	NA	NA	NA	NA	NA	NA	NA	NA	NA	NA	NA	NA	NA	NA	NA	NA	NA
cg21101714	NA	NA	NA	NA	NA	NA	NA	NA	NA	NA	NA	NA	NA	NA	NA	NA	NA	NA	NA	NA	NA	NA	NA	NA	NA	NA	NA	NA	NA	NA	NA	NA	NA	NA	NA	NA
cg21125095	NA	NA	NA	NA	NA	NA	NA	NA	NA	NA	NA	NA	NA	NA	NA	NA	NA	NA	NA	NA	NA	NA	NA	NA	NA	NA	NA	NA	NA	NA	NA	NA	NA	NA	NA	NA
cg21126306	NA	NA	NA	NA	NA	NA	NA	NA	NA	NA	NA	NA	NA	NA	NA	NA	NA	NA	NA	NA	NA	NA	NA	NA	NA	NA	NA	NA	NA	NA	NA	NA	NA	NA	NA	NA
cg21160516	NA	NA	NA	NA	NA	NA	NA	NA	NA	NA	NA	NA	NA	NA	NA	NA	NA	NA	NA	NA	NA	NA	NA	NA	NA	NA	NA	NA	NA	NA	NA	NA	NA	NA	NA	NA
cg21169995	NA	NA	NA	NA	NA	NA	NA	NA	NA	NA	NA	NA	NA	NA	NA	NA	NA	NA	NA	NA	NA	NA	NA	NA	NA	NA	NA	NA	NA	NA	NA	NA	NA	NA	NA	NA
cg21179412	NA	NA	NA	NA	NA	NA	NA	NA	NA	NA	NA	NA	NA	NA	NA	NA	NA	NA	NA	NA	NA	NA	NA	NA	NA	NA	NA	NA	NA	NA	NA	NA	NA	NA	NA	NA
cg21203984	NA	NA	NA	NA	NA	NA	NA	NA	NA	NA	NA	NA	NA	NA	NA	NA	NA	NA	NA	NA	NA	NA	NA	NA	NA	NA	NA	NA	NA	NA	NA	NA	NA	NA	NA	NA
cg21244845	NA	NA	NA	NA	NA	NA	NA	NA	NA	NA	NA	NA	NA	NA	NA	NA	NA	NA	NA	NA	NA	NA	NA	NA	NA	NA	NA	NA	NA	NA	NA	NA	NA	NA	NA	NA
cg21267836	NA	NA	NA	NA	NA	NA	NA	NA	NA	NA	NA	NA	NA	NA	NA	NA	NA	NA	NA	NA	NA	NA	NA	NA	NA	NA	NA	NA	NA	NA	NA	NA	NA	NA	NA	NA
cg21336434	0.415339048687279	0.580479654222442	0.958388833832672	0.925025464355839	0.310692802085467	0.938202417353792	0.245083939812251	0.602820562210769	0.665673585458064	0.942106216119402	0.5475034374734	0.463428024824535	0.911589992118615	0.62131551507461	0.767480510960106	0.802946281806588	0.460687494950345	0.448806630237561	0.202722738910181	0.318295204063239	0.35556497024856	0.839832842063524	0.902308850976708	0.924840421208008	0.881565481160806	0.479392041897533	0.935942626952596	0.182255753847717	0.857041701380111	0.882055625014829	0.902058217457695	0.801625261716173	0.656099928853469	0.207663973300712	0.88301739365133	0.867164060751148
cg21358429	NA	NA	NA	NA	NA	NA	NA	NA	NA	NA	NA	NA	NA	NA	NA	NA	NA	NA	NA	NA	NA	NA	NA	NA	NA	NA	NA	NA	NA	NA	NA	NA	NA	NA	NA	NA
cg21397124	NA	NA	NA	NA	NA	NA	NA	NA	NA	NA	NA	NA	NA	NA	NA	NA	NA	NA	NA	NA	NA	NA	NA	NA	NA	NA	NA	NA	NA	NA	NA	NA	NA	NA	NA	NA
cg21414905	0.839504836074187	0.345618824946141	0.572093231707204	0.681141762086872	0.67465959470158	0.886731705339586	0.756026424011282	0.523345949323732	0.771515305581059	0.786837670205654	0.906397242559348	0.797681688283948	0.652777421904236	0.608837540530157	NA	0.552322839732705	0.547237306830426	0.509076035125359	0.782913646299635	0.428061016745011	0.544154760806005	0.601859526303925	0.920292456625521	0.913301449897087	0.677059033584131	0.572596624237144	0.862256597264009	0.736318573232933	0.889285860845641	0.739142626952338	0.524661444364258	0.820541948009181	0.403392657651864	0.487571117692211	0.717282572121927	0.398103908978977
cg21429544	NA	NA	NA	NA	NA	NA	NA	NA	NA	NA	NA	NA	NA	NA	NA	NA	NA	NA	NA	NA	NA	NA	NA	NA	NA	NA	NA	NA	NA	NA	NA	NA	NA	NA	NA	NA
cg21443763	0.89796977257985	0.916657215569745	0.841684625983546	0.923248889459647	0.840550376644658	0.94142187144495	0.672908265691129	0.907559865464122	0.913760859702026	0.955265786380837	0.945385825898854	0.911531574147393	0.919664834866053	0.789089265900489	0.932118783809354	0.887427825807809	0.805981544448819	0.837810059740664	0.4396103414787	0.90630596362535	0.89817765626351	0.924452216043096	0.788638914345329	0.958567360583557	0.916182506007344	0.819864714071052	0.939383421457952	0.232589687067603	0.916873286633553	0.939695155124698	0.783577443996602	0.508291849704373	0.813495811664477	0.912818909999956	0.773846412113156	0.891509312499133
cg21469820	NA	NA	NA	NA	NA	NA	NA	NA	NA	NA	NA	NA	NA	NA	NA	NA	NA	NA	NA	NA	NA	NA	NA	NA	NA	NA	NA	NA	NA	NA	NA	NA	NA	NA	NA	NA
cg21483702	NA	NA	NA	NA	NA	NA	NA	NA	NA	NA	NA	NA	NA	NA	NA	NA	NA	NA	NA	NA	NA	NA	NA	NA	NA	NA	NA	NA	NA	NA	NA	NA	NA	NA	NA	NA
cg21502695	NA	NA	NA	NA	NA	NA	NA	NA	NA	NA	NA	NA	NA	NA	NA	NA	NA	NA	NA	NA	NA	NA	NA	NA	NA	NA	NA	NA	NA	NA	NA	NA	NA	NA	NA	NA
cg21512370	0.619592540722513	0.667725482303036	0.589549412518692	0.603007537590342	0.775041937080071	0.876001723453159	0.83246014380331	0.578835903706792	0.618551778034859	0.812997487466417	0.834352632358923	0.637191836118201	0.640809928273168	0.889684683019593	0.650368068788567	0.639309047296745	0.631808506147747	0.644461209671526	0.787725126810804	0.702909147121017	0.662293061541829	0.64632654997106	0.87321824097437	0.846968741386185	0.562177142060578	0.609189533735537	0.809488159068585	0.609874968425955	0.881424253308532	0.569251758136258	0.625070963804064	0.659810309299209	0.664798109065987	0.660894714656011	0.748379429219093	0.665667617465011
cg21532334	NA	NA	NA	NA	NA	NA	NA	NA	NA	NA	NA	NA	NA	NA	NA	NA	NA	NA	NA	NA	NA	NA	NA	NA	NA	NA	NA	NA	NA	NA	NA	NA	NA	NA	NA	NA
cg21579959	NA	NA	NA	NA	NA	NA	NA	NA	NA	NA	NA	NA	NA	NA	NA	NA	NA	NA	NA	NA	NA	NA	NA	NA	NA	NA	NA	NA	NA	NA	NA	NA	NA	NA	NA	NA
cg21583727	NA	NA	NA	NA	NA	NA	NA	NA	NA	NA	NA	NA	NA	NA	NA	NA	NA	NA	NA	NA	NA	NA	NA	NA	NA	NA	NA	NA	NA	NA	NA	NA	NA	NA	NA	NA
cg21593015	0.660323574408698	0.765923988913219	0.801030769873003	0.734477189322329	0.812027472694811	0.889999530283264	0.577595243610741	0.233755548500633	0.789838803778954	0.90469117707801	0.827457969302127	0.875359369208367	0.735320928914385	0.743485610099418	0.747796841561107	0.766343409597662	0.495789724964575	0.751813206629897	0.690202064583758	0.586996980019363	0.78576236018704	0.760041481291158	0.865192481374894	0.875373824071734	0.644839683775729	0.800981246333675	0.809665392336875	0.854884702824177	0.862599680238243	0.710100389814442	0.664996699794733	0.814890203533171	0.562657821676833	0.794990259896839	0.856822629551791	0.731901337957595
cg21606086	NA	NA	NA	NA	NA	NA	NA	NA	NA	NA	NA	NA	NA	NA	NA	NA	NA	NA	NA	NA	NA	NA	NA	NA	NA	NA	NA	NA	NA	NA	NA	NA	NA	NA	NA	NA
cg21615915	0.881477959721684	0.35830781242846	0.587205052325937	0.288753127243219	0.267366770748181	0.200073895402485	0.263967958659779	0.779268859067085	0.682764580783413	0.914289765893453	0.358366597994372	0.315476794954241	0.527938477170173	0.398914295956075	0.390106648394783	0.35647656789515	0.295851517246876	0.41500872691845	0.19337066192199	0.2782519362596	0.496794901570801	0.618510277956803	0.779294580499312	0.927441003708673	0.706930617300253	0.283436337844182	0.812565760638915	0.18433623021299	0.846590155590701	0.429137649946605	0.424610153234322	0.649529736789592	0.472815017355889	0.210874513018549	0.584179712350076	0.582307475990967
cg21618529	NA	NA	NA	NA	NA	NA	NA	NA	NA	NA	NA	NA	NA	NA	NA	NA	NA	NA	NA	NA	NA	NA	NA	NA	NA	NA	NA	NA	NA	NA	NA	NA	NA	NA	NA	NA
cg21618784	NA	NA	NA	NA	NA	NA	NA	NA	NA	NA	NA	NA	NA	NA	NA	NA	NA	NA	NA	NA	NA	NA	NA	NA	NA	NA	NA	NA	NA	NA	NA	NA	NA	NA	NA	NA
cg21647407	NA	NA	NA	NA	NA	NA	NA	NA	NA	NA	NA	NA	NA	NA	NA	NA	NA	NA	NA	NA	NA	NA	NA	NA	NA	NA	NA	NA	NA	NA	NA	NA	NA	NA	NA	NA
cg21690921	NA	NA	NA	NA	NA	NA	NA	NA	NA	NA	NA	NA	NA	NA	NA	NA	NA	NA	NA	NA	NA	NA	NA	NA	NA	NA	NA	NA	NA	NA	NA	NA	NA	NA	NA	NA
cg21694626	NA	NA	NA	NA	NA	NA	NA	NA	NA	NA	NA	NA	NA	NA	NA	NA	NA	NA	NA	NA	NA	NA	NA	NA	NA	NA	NA	NA	NA	NA	NA	NA	NA	NA	NA	NA
cg21767461	NA	NA	NA	NA	NA	NA	NA	NA	NA	NA	NA	NA	NA	NA	NA	NA	NA	NA	NA	NA	NA	NA	NA	NA	NA	NA	NA	NA	NA	NA	NA	NA	NA	NA	NA	NA
cg21797973	NA	NA	NA	NA	NA	NA	NA	NA	NA	NA	NA	NA	NA	NA	NA	NA	NA	NA	NA	NA	NA	NA	NA	NA	NA	NA	NA	NA	NA	NA	NA	NA	NA	NA	NA	NA
cg21801085	NA	NA	NA	NA	NA	NA	NA	NA	NA	NA	NA	NA	NA	NA	NA	NA	NA	NA	NA	NA	NA	NA	NA	NA	NA	NA	NA	NA	NA	NA	NA	NA	NA	NA	NA	NA
cg21803141	NA	NA	NA	NA	NA	NA	NA	NA	NA	NA	NA	NA	NA	NA	NA	NA	NA	NA	NA	NA	NA	NA	NA	NA	NA	NA	NA	NA	NA	NA	NA	NA	NA	NA	NA	NA
cg21835298	NA	NA	NA	NA	NA	NA	NA	NA	NA	NA	NA	NA	NA	NA	NA	NA	NA	NA	NA	NA	NA	NA	NA	NA	NA	NA	NA	NA	NA	NA	NA	NA	NA	NA	NA	NA
cg21840672	NA	NA	NA	NA	NA	NA	NA	NA	NA	NA	NA	NA	NA	NA	NA	NA	NA	NA	NA	NA	NA	NA	NA	NA	NA	NA	NA	NA	NA	NA	NA	NA	NA	NA	NA	NA
cg21844726	NA	NA	NA	NA	NA	NA	NA	NA	NA	NA	NA	NA	NA	NA	NA	NA	NA	NA	NA	NA	NA	NA	NA	NA	NA	NA	NA	NA	NA	NA	NA	NA	NA	NA	NA	NA
cg21934337	NA	NA	NA	NA	NA	NA	NA	NA	NA	NA	NA	NA	NA	NA	NA	NA	NA	NA	NA	NA	NA	NA	NA	NA	NA	NA	NA	NA	NA	NA	NA	NA	NA	NA	NA	NA
cg22001073	NA	NA	NA	NA	NA	NA	NA	NA	NA	NA	NA	NA	NA	NA	NA	NA	NA	NA	NA	NA	NA	NA	NA	NA	NA	NA	NA	NA	NA	NA	NA	NA	NA	NA	NA	NA
cg22042157	NA	NA	NA	NA	NA	NA	NA	NA	NA	NA	NA	NA	NA	NA	NA	NA	NA	NA	NA	NA	NA	NA	NA	NA	NA	NA	NA	NA	NA	NA	NA	NA	NA	NA	NA	NA
cg22064390	0.914448756355347	0.771342865656125	0.807434983802791	0.840185380130737	0.873713777111135	0.924497769075906	0.952768372996904	0.83284095277759	0.860511411025239	0.94339360556245	0.960376991446584	0.854898706378317	0.813005562475912	0.911380602126322	0.883620607215771	0.753645128182399	0.765800728793751	0.775137300082889	0.935141856037763	0.829448666134274	0.886286072942913	0.7864338156543	0.943991160554837	0.959083421781159	0.855162069234431	0.874189713481651	0.93203326857897	0.924118835106475	0.953194939116417	0.8625574877425	0.786477386541407	0.935444739677089	0.796878017812485	0.884889211769974	0.866197911987559	0.787399031921318
cg22073507	NA	NA	NA	NA	NA	NA	NA	NA	NA	NA	NA	NA	NA	NA	NA	NA	NA	NA	NA	NA	NA	NA	NA	NA	NA	NA	NA	NA	NA	NA	NA	NA	NA	NA	NA	NA
cg22117193	NA	NA	NA	NA	NA	NA	NA	NA	NA	NA	NA	NA	NA	NA	NA	NA	NA	NA	NA	NA	NA	NA	NA	NA	NA	NA	NA	NA	NA	NA	NA	NA	NA	NA	NA	NA
cg22127299	NA	NA	NA	NA	NA	NA	NA	NA	NA	NA	NA	NA	NA	NA	NA	NA	NA	NA	NA	NA	NA	NA	NA	NA	NA	NA	NA	NA	NA	NA	NA	NA	NA	NA	NA	NA
cg22134372	NA	NA	NA	NA	NA	NA	NA	NA	NA	NA	NA	NA	NA	NA	NA	NA	NA	NA	NA	NA	NA	NA	NA	NA	NA	NA	NA	NA	NA	NA	NA	NA	NA	NA	NA	NA
cg22149095	NA	NA	NA	NA	NA	NA	NA	NA	NA	NA	NA	NA	NA	NA	NA	NA	NA	NA	NA	NA	NA	NA	NA	NA	NA	NA	NA	NA	NA	NA	NA	NA	NA	NA	NA	NA
cg22168674	NA	NA	NA	NA	NA	NA	NA	NA	NA	NA	NA	NA	NA	NA	NA	NA	NA	NA	NA	NA	NA	NA	NA	NA	NA	NA	NA	NA	NA	NA	NA	NA	NA	NA	NA	NA
cg22170222	NA	NA	NA	NA	NA	NA	NA	NA	NA	NA	NA	NA	NA	NA	NA	NA	NA	NA	NA	NA	NA	NA	NA	NA	NA	NA	NA	NA	NA	NA	NA	NA	NA	NA	NA	NA
cg22233425	NA	0.519246279632244	0.380722957289045	NA	0.500715239147085	0.757536496053105	NA	0.343124761449473	0.552113330518511	0.815074277817753	0.787659047872582	0.574584646592528	0.603828371746416	NA	NA	0.337569445591553	0.343630943636803	0.365045156026094	NA	0.42107600934669	0.389716965175725	0.429820296358299	0.798679092365927	NA	0.491309067126134	NA	0.863915964053999	NA	0.801186120632386	NA	NA	NA	0.38574666278362	0.558958661992716	0.683827650582465	0.624475806310343
cg22246565	NA	NA	NA	NA	NA	NA	NA	NA	NA	NA	NA	NA	NA	NA	NA	NA	NA	NA	NA	NA	NA	NA	NA	NA	NA	NA	NA	NA	NA	NA	NA	NA	NA	NA	NA	NA
cg22254464	0.193822272827984	0.451822127925238	0.6469532180675	0.640605656071984	0.484421674102853	0.85160313058481	0.409268631610883	0.698214030738346	0.300751675418105	0.858151693725688	0.76581696750111	0.712996031251658	0.655006347618565	0.483624718111533	0.533879544505093	0.595344013289272	0.560252222247081	0.535194999412757	0.394758269079225	0.469130838207102	0.253633601034286	0.558788921333823	0.500164240345134	0.6413325053819	0.593428280084383	0.671213498734078	0.806361320460266	0.612813748392359	0.79739616975294	0.668058358429359	0.477488907263362	0.742663686923788	0.388259274917596	0.208627299248342	0.728865466193785	0.596325415861973
cg22329153	0.917430775816424	0.870367083881915	0.926333188390802	0.925678334922574	0.889385585508155	0.948095518377923	0.862288793458798	0.958030123660679	0.92933918290679	0.932038967608798	0.928011202180033	0.923126588142912	0.942618523317373	0.906314759531773	0.918462088366301	0.911651024356875	0.910615827982256	0.932189617865192	0.933658217841337	0.87758579427542	0.899544484762949	0.881074669927895	0.950017463743779	0.929177598019059	0.939042789731395	0.913174349023779	0.923287990341756	0.917870302135366	0.921773334046436	0.927237796443537	0.9150436021453	0.941879362296458	0.848079522802776	0.928118798433769	0.922675343601607	0.927457279064006
cg22378095	NA	NA	NA	NA	NA	NA	NA	NA	NA	NA	NA	NA	NA	NA	NA	NA	NA	NA	NA	NA	NA	NA	NA	NA	NA	NA	NA	NA	NA	NA	NA	NA	NA	NA	NA	NA
cg22384010	NA	NA	NA	NA	NA	NA	NA	NA	NA	NA	NA	NA	NA	NA	NA	NA	NA	NA	NA	NA	NA	NA	NA	NA	NA	NA	NA	NA	NA	NA	NA	NA	NA	NA	NA	NA
cg22386008	0.206514210349506	0.15700391032618	0.463936294233114	0.169733909029211	0.188251226294952	0.625075070002976	0.288963110586555	0.334061700700699	0.273455149855442	0.511177016942271	0.200796462472903	0.269120060990422	0.222549306530734	0.42490409883103	0.301252494867729	0.157490408202495	0.249119619680331	0.207230399223518	0.137946018837537	0.478581789837741	0.122883786205105	0.304967381772672	0.40911370863231	0.589674657830242	0.429998970502155	0.244033901179334	0.72228108191865	0.161865771091197	0.118278085007015	0.289146919155264	0.31986737937272	0.153829717417117	0.321819680005779	0.106701128129734	0.272922716072466	0.181565365371563
cg22459078	NA	NA	NA	NA	NA	NA	NA	NA	NA	NA	NA	NA	NA	NA	NA	NA	NA	NA	NA	NA	NA	NA	NA	NA	NA	NA	NA	NA	NA	NA	NA	NA	NA	NA	NA	NA
cg22464692	0.884046261040646	0.828100658451064	0.844066865151572	0.878358975624573	0.887989990192714	0.915565600095833	0.94124842326014	0.905056786376713	0.878620594347288	0.938593681224618	0.899645755272375	0.869350123891834	0.887278575911782	0.850872132003043	0.831203576876702	0.748708533556118	0.757527979374726	0.832193017153605	0.94609488498623	0.857407138939044	0.887689551874872	0.843360772422696	0.909354555676318	0.915479338981526	0.788355747277126	0.889257393642217	0.912985602379467	0.884144461092071	0.81237708012079	0.914748504887343	0.836841287368465	0.883549532012935	0.832978215117224	0.911072183142584	0.924577589849137	0.794927165610898
cg22466850	NA	NA	NA	NA	NA	NA	NA	NA	NA	NA	NA	NA	NA	NA	NA	NA	NA	NA	NA	NA	NA	NA	NA	NA	NA	NA	NA	NA	NA	NA	NA	NA	NA	NA	NA	NA
cg22482142	NA	NA	NA	NA	NA	NA	NA	NA	NA	NA	NA	NA	NA	NA	NA	NA	NA	NA	NA	NA	NA	NA	NA	NA	NA	NA	NA	NA	NA	NA	NA	NA	NA	NA	NA	NA
cg22529427	NA	NA	NA	NA	NA	NA	NA	NA	NA	NA	NA	NA	NA	NA	NA	NA	NA	NA	NA	NA	NA	NA	NA	NA	NA	NA	NA	NA	NA	NA	NA	NA	NA	NA	NA	NA
cg22535679	NA	NA	NA	NA	NA	NA	NA	NA	NA	NA	NA	NA	NA	NA	NA	NA	NA	NA	NA	NA	NA	NA	NA	NA	NA	NA	NA	NA	NA	NA	NA	NA	NA	NA	NA	NA
cg22591006	NA	NA	NA	NA	NA	NA	NA	NA	NA	NA	NA	NA	NA	NA	NA	NA	NA	NA	NA	NA	NA	NA	NA	NA	NA	NA	NA	NA	NA	NA	NA	NA	NA	NA	NA	NA
cg22592346	NA	NA	NA	NA	NA	NA	NA	NA	NA	NA	NA	NA	NA	NA	NA	NA	NA	NA	NA	NA	NA	NA	NA	NA	NA	NA	NA	NA	NA	NA	NA	NA	NA	NA	NA	NA
cg22634105	NA	NA	NA	NA	NA	NA	NA	NA	NA	NA	NA	NA	NA	NA	NA	NA	NA	NA	NA	NA	NA	NA	NA	NA	NA	NA	NA	NA	NA	NA	NA	NA	NA	NA	NA	NA
cg22661775	NA	NA	NA	NA	NA	NA	NA	NA	NA	NA	NA	NA	NA	NA	NA	NA	NA	NA	NA	NA	NA	NA	NA	NA	NA	NA	NA	NA	NA	NA	NA	NA	NA	NA	NA	NA
cg22754489	NA	NA	NA	NA	NA	NA	NA	NA	NA	NA	NA	NA	NA	NA	NA	NA	NA	NA	NA	NA	NA	NA	NA	NA	NA	NA	NA	NA	NA	NA	NA	NA	NA	NA	NA	NA
cg22772235	NA	NA	NA	NA	NA	NA	NA	NA	NA	NA	NA	NA	NA	NA	NA	NA	NA	NA	NA	NA	NA	NA	NA	NA	NA	NA	NA	NA	NA	NA	NA	NA	NA	NA	NA	NA
cg22871659	NA	NA	NA	NA	NA	NA	NA	NA	NA	NA	NA	NA	NA	NA	NA	NA	NA	NA	NA	NA	NA	NA	NA	NA	NA	NA	NA	NA	NA	NA	NA	NA	NA	NA	NA	NA
cg22875855	NA	NA	NA	NA	NA	NA	NA	NA	NA	NA	NA	NA	NA	NA	NA	NA	NA	NA	NA	NA	NA	NA	NA	NA	NA	NA	NA	NA	NA	NA	NA	NA	NA	NA	NA	NA
cg22897634	NA	NA	NA	NA	NA	NA	NA	NA	NA	NA	NA	NA	NA	NA	NA	NA	NA	NA	NA	NA	NA	NA	NA	NA	NA	NA	NA	NA	NA	NA	NA	NA	NA	NA	NA	NA
cg22933538	NA	NA	NA	NA	NA	NA	NA	NA	NA	NA	NA	NA	NA	NA	NA	NA	NA	NA	NA	NA	NA	NA	NA	NA	NA	NA	NA	NA	NA	NA	NA	NA	NA	NA	NA	NA
cg22963191	NA	NA	NA	NA	NA	NA	NA	NA	NA	NA	NA	NA	NA	NA	NA	NA	NA	NA	NA	NA	NA	NA	NA	NA	NA	NA	NA	NA	NA	NA	NA	NA	NA	NA	NA	NA
cg22983641	NA	NA	NA	NA	NA	NA	NA	NA	NA	NA	NA	NA	NA	NA	NA	NA	NA	NA	NA	NA	NA	NA	NA	NA	NA	NA	NA	NA	NA	NA	NA	NA	NA	NA	NA	NA
cg23003872	NA	NA	NA	NA	NA	NA	NA	NA	NA	NA	NA	NA	NA	NA	NA	NA	NA	NA	NA	NA	NA	NA	NA	NA	NA	NA	NA	NA	NA	NA	NA	NA	NA	NA	NA	NA
cg23014672	NA	NA	NA	NA	NA	NA	NA	NA	NA	NA	NA	NA	NA	NA	NA	NA	NA	NA	NA	NA	NA	NA	NA	NA	NA	NA	NA	NA	NA	NA	NA	NA	NA	NA	NA	NA
cg23081488	NA	NA	NA	NA	NA	NA	NA	NA	NA	NA	NA	NA	NA	NA	NA	NA	NA	NA	NA	NA	NA	NA	NA	NA	NA	NA	NA	NA	NA	NA	NA	NA	NA	NA	NA	NA
cg23095043	NA	NA	NA	NA	NA	NA	NA	NA	NA	NA	NA	NA	NA	NA	NA	NA	NA	NA	NA	NA	NA	NA	NA	NA	NA	NA	NA	NA	NA	NA	NA	NA	NA	NA	NA	NA
cg23096272	NA	NA	NA	NA	NA	NA	NA	NA	NA	NA	NA	NA	NA	NA	NA	NA	NA	NA	NA	NA	NA	NA	NA	NA	NA	NA	NA	NA	NA	NA	NA	NA	NA	NA	NA	NA
cg23151747	NA	NA	NA	NA	NA	NA	NA	NA	NA	NA	NA	NA	NA	NA	NA	NA	NA	NA	NA	NA	NA	NA	NA	NA	NA	NA	NA	NA	NA	NA	NA	NA	NA	NA	NA	NA
cg23167863	0.939362319624517	0.927554798081938	0.91728670348255	0.935303152349736	0.965797744744207	0.919108313587832	0.96031108589676	0.919707099749659	0.907094986816199	0.951899907528213	0.929427579641594	0.932837660365499	0.905380255230014	0.935887695354593	0.938301381587918	0.889050209327011	0.930006877666149	0.910744408556006	0.924547115652822	0.919641014105215	0.899677286268445	0.924226409401635	0.889268246769818	0.961405874485214	0.946284780797022	0.897600734694554	0.966499106032622	0.902421884316608	0.946944726172393	0.950505848601524	0.907958872057659	0.927648952071992	0.877107847142225	0.896313942746716	0.948003200259443	0.902918003941403
cg23228779	NA	NA	NA	NA	NA	NA	NA	NA	NA	NA	NA	NA	NA	NA	NA	NA	NA	NA	NA	NA	NA	NA	NA	NA	NA	NA	NA	NA	NA	NA	NA	NA	NA	NA	NA	NA
cg23251678	0.93577077711513	0.93400501523462	0.931626181900304	0.948481154571361	0.920685962520737	0.950346118645665	0.942946010857747	0.956190266941435	0.937732662237524	0.924070029039899	0.945743886658073	0.926951246953373	0.89932817323748	0.943963064906822	0.96507110974067	0.945894410624508	0.926149368181472	0.941744938791861	0.949995827263262	0.947914668156251	0.928436530772205	0.9593965367871	0.949120013616126	0.922330600751744	0.912769135743214	0.957428911238639	0.962922193977316	0.936571277144355	0.944210493352669	0.938966326601163	0.936415264277563	0.925970396997745	0.935529207867347	0.945038150725958	0.924653851455065	0.93445748764288
cg23261820	NA	NA	NA	NA	NA	NA	NA	NA	NA	NA	NA	NA	NA	NA	NA	NA	NA	NA	NA	NA	NA	NA	NA	NA	NA	NA	NA	NA	NA	NA	NA	NA	NA	NA	NA	NA
cg23267554	NA	NA	NA	NA	NA	NA	NA	NA	NA	NA	NA	NA	NA	NA	NA	NA	NA	NA	NA	NA	NA	NA	NA	NA	NA	NA	NA	NA	NA	NA	NA	NA	NA	NA	NA	NA
cg23278018	0.8592787676529	0.787292885896111	0.86686617265505	0.777693485339899	0.908239520755078	0.905481205169604	0.828350037166442	0.81394038668865	0.941320587681809	0.929307596379901	0.909455942889532	0.915628647465514	0.841201578829347	0.913303128560439	0.795629771441126	0.868694334419839	0.85743112127755	0.858641188331896	0.918105281388973	0.817990777311148	0.868097285080627	0.77149885225892	0.927281533137869	0.914723910051213	0.85561091285317	0.862500049471876	0.936254332059749	0.905629740313213	0.938122802708215	0.888862472362182	0.755536093617934	0.874670130279571	0.681547156920136	0.878366977834293	0.894082353190272	0.776826535048156
cg23300865	NA	NA	NA	NA	NA	NA	NA	NA	NA	NA	NA	NA	NA	NA	NA	NA	NA	NA	NA	NA	NA	NA	NA	NA	NA	NA	NA	NA	NA	NA	NA	NA	NA	NA	NA	NA
cg23332005	0.913460249114346	0.923187134235558	0.909238096491706	0.894223814304197	0.935136327848306	0.925353278890061	0.951954142152332	0.926947849257292	0.921881693205037	0.949967819051965	0.930306117813569	0.93818108286448	0.907605546053981	0.920427931707496	0.910994031053227	0.880024541111543	0.893578408078954	0.867151889099816	0.907745721005471	0.886060551752686	0.883689656734002	0.917371126222209	0.941294682648434	0.939935799368	0.928714830444514	0.923715539867439	0.927832508698394	0.388431502318851	0.919853765402569	0.933252333142832	0.898576519767864	0.635289034068157	0.903752986626446	0.899920507167971	0.934132864174118	0.920542630694226
cg23334804	NA	NA	NA	NA	NA	NA	NA	NA	NA	NA	NA	NA	NA	NA	NA	NA	NA	NA	NA	NA	NA	NA	NA	NA	NA	NA	NA	NA	NA	NA	NA	NA	NA	NA	NA	NA
cg23336892	NA	NA	NA	NA	NA	NA	NA	NA	NA	NA	NA	NA	NA	NA	NA	NA	NA	NA	NA	NA	NA	NA	NA	NA	NA	NA	NA	NA	NA	NA	NA	NA	NA	NA	NA	NA
cg23338752	NA	NA	NA	NA	NA	NA	NA	NA	NA	NA	NA	NA	NA	NA	NA	NA	NA	NA	NA	NA	NA	NA	NA	NA	NA	NA	NA	NA	NA	NA	NA	NA	NA	NA	NA	NA
cg23406815	NA	NA	NA	NA	NA	NA	NA	NA	NA	NA	NA	NA	NA	NA	NA	NA	NA	NA	NA	NA	NA	NA	NA	NA	NA	NA	NA	NA	NA	NA	NA	NA	NA	NA	NA	NA
cg23413074	NA	NA	NA	NA	NA	NA	NA	NA	NA	NA	NA	NA	NA	NA	NA	NA	NA	NA	NA	NA	NA	NA	NA	NA	NA	NA	NA	NA	NA	NA	NA	NA	NA	NA	NA	NA
cg23414149	NA	NA	NA	NA	NA	NA	NA	NA	NA	NA	NA	NA	NA	NA	NA	NA	NA	NA	NA	NA	NA	NA	NA	NA	NA	NA	NA	NA	NA	NA	NA	NA	NA	NA	NA	NA
cg23430295	0.398352833081826	0.941462680383025	0.959017146137157	0.945295148442851	0.966925926052024	0.952765889213439	0.971837902093904	0.923424382773101	0.42360146254631	0.961690929371722	0.978442642143362	0.929300816030983	0.957209687746888	0.969461226208855	0.965820800808714	0.942888544587222	0.369003417491567	0.94958664563257	0.962294820986465	0.959859573356171	0.962588026773906	0.95151245034127	0.959426719687704	0.965451635294247	0.95144446118589	0.900418068528769	0.94478167516822	0.291447863015174	0.97281527998884	0.960809559597246	0.945478548682383	0.971626323842074	0.954293060458082	0.958579306984736	0.964818676529227	0.961066071486086
cg23493553	0.866931448999158	0.832695831378862	0.788131650685937	0.748827392632623	0.895159990255677	0.930065751503599	0.911916687403092	0.766591791466587	0.903764008791178	0.947165954052616	0.91651117070715	0.852741702140355	0.91505832820883	0.932230886108682	0.884066068301708	0.8024629803413	0.823162263184755	0.785335037269115	0.92551855015171	0.800433788259342	0.839441635749168	0.836433758125223	0.92273731880589	0.928819731104703	0.841273533284363	0.873042162377008	0.929613710070885	0.919105385056902	0.905196321287862	0.91520980191612	0.679292144499272	0.864843335338705	0.836052313136675	0.821813238676766	0.869059743958662	0.796969923088273
cg23516370	0.851426142229992	0.48540574216763	0.77174455987935	0.631101456476617	0.786839423892793	0.911699751363091	0.698570413197444	0.740705808106494	0.809862218554105	0.922904130971961	0.872974571310854	0.799461837956892	0.752202126976871	0.717832751501953	0.580344732069948	0.490756729729358	0.673325917923356	0.520562182952718	0.447292644599681	0.638268778186534	0.674850509792623	0.686888439515837	0.86514006299919	0.951551919417762	0.729715711882105	0.793197212222276	0.921498844718346	0.243017586920956	0.392252911398878	0.829345436100014	0.615131965154636	0.88556170608601	0.542749959643873	0.734069552367828	0.853672720719435	0.662179438778998
cg23531154	NA	NA	NA	NA	NA	NA	NA	NA	NA	NA	NA	NA	NA	NA	NA	NA	NA	NA	NA	NA	NA	NA	NA	NA	NA	NA	NA	NA	NA	NA	NA	NA	NA	NA	NA	NA
cg23542414	NA	NA	NA	NA	NA	NA	NA	NA	NA	NA	NA	NA	NA	NA	NA	NA	NA	NA	NA	NA	NA	NA	NA	NA	NA	NA	NA	NA	NA	NA	NA	NA	NA	NA	NA	NA
cg23545793	0.839283300948137	0.713502981307886	0.743755455475494	0.707235902345782	0.885785185067227	0.858616404080785	0.868014969756651	0.770502468993577	0.762427309930621	0.84192284853663	0.868359711455324	0.819823759307693	0.754900645814354	0.894849135045244	0.714441569257876	0.694985589624898	0.467834402784742	0.742729036320764	0.882569823064973	0.825054215057932	0.735074719645674	0.750883560374355	0.853532371074301	0.852447354754739	0.743286276804141	0.808181432406531	0.867627255701462	0.877516361225997	0.856381747516201	0.754575177299355	0.664661256733225	0.829034494020342	0.632179061639984	0.792039082768619	0.884291463451559	0.733489064182079
cg23614652	NA	NA	NA	NA	NA	NA	NA	NA	NA	NA	NA	NA	NA	NA	NA	NA	NA	NA	NA	NA	NA	NA	NA	NA	NA	NA	NA	NA	NA	NA	NA	NA	NA	NA	NA	NA
cg23642334	NA	NA	NA	NA	NA	NA	NA	NA	NA	NA	NA	NA	NA	NA	NA	NA	NA	NA	NA	NA	NA	NA	NA	NA	NA	NA	NA	NA	NA	NA	NA	NA	NA	NA	NA	NA
cg23652725	0.885875487277618	0.83609708141354	0.779844118776085	0.748525724385016	0.842742165294059	0.933681777259202	0.937249679979486	0.859390521416745	0.882102966773103	0.93230064337807	0.929610829559256	0.886113337967777	0.798799097886962	0.950554562764744	0.837904460206246	0.819556926413364	0.842935246868704	0.840956213937441	0.928152322514237	0.900726243323597	0.861771230796313	0.860205684799766	0.911629094219448	0.923672073538167	0.8854395148403	0.928481346031664	0.884407501535826	0.872535647105701	0.933987968427509	0.884713967031794	0.761943806373774	0.890866747677478	0.881331390480973	0.872026500601052	0.813046074172547	0.842143202328194
cg23685885	NA	NA	NA	NA	NA	NA	NA	NA	NA	NA	NA	NA	NA	NA	NA	NA	NA	NA	NA	NA	NA	NA	NA	NA	NA	NA	NA	NA	NA	NA	NA	NA	NA	NA	NA	NA
cg23726945	NA	NA	NA	NA	NA	NA	NA	NA	NA	NA	NA	NA	NA	NA	NA	NA	NA	NA	NA	NA	NA	NA	NA	NA	NA	NA	NA	NA	NA	NA	NA	NA	NA	NA	NA	NA
cg23816019	NA	NA	NA	NA	NA	NA	NA	NA	NA	NA	NA	NA	NA	NA	NA	NA	NA	NA	NA	NA	NA	NA	NA	NA	NA	NA	NA	NA	NA	NA	NA	NA	NA	NA	NA	NA
cg23860325	0.370725650493831	0.35457017110118	0.754409964265264	0.328094330817908	0.271516458701859	0.803284183885027	0.170499106525202	0.174791430838337	0.43534684903937	0.743924490077047	0.281080771202159	0.154688611696208	0.638953371854667	0.446014935340907	0.373956652745756	0.393731247388191	0.287535697252234	0.32552752872842	0.153165380999295	0.262495557354645	0.197227587508804	0.514404426704398	0.620262019639284	0.896112333732377	0.520451320799831	0.34806217459573	0.791779751066387	0.139306299487286	0.134983236948184	0.741520131797716	0.57470584850948	0.365804719734491	0.445499818141252	0.1583594056072	0.745365197891717	0.573131562940948
cg23861101	NA	NA	NA	NA	NA	NA	NA	NA	NA	NA	NA	NA	NA	NA	NA	NA	NA	NA	NA	NA	NA	NA	NA	NA	NA	NA	NA	NA	NA	NA	NA	NA	NA	NA	NA	NA
cg24003649	NA	NA	NA	NA	NA	NA	NA	NA	NA	NA	NA	NA	NA	NA	NA	NA	NA	NA	NA	NA	NA	NA	NA	NA	NA	NA	NA	NA	NA	NA	NA	NA	NA	NA	NA	NA
cg24012683	0.880403918452425	0.633420913949499	0.85808687110324	0.820156763856218	0.916538505597059	0.954926603279813	0.95859851651843	0.847534464628319	0.901980910135088	0.957479651015253	0.967434567731236	0.888893169103206	0.879977188570039	0.922241888501695	0.926693412564164	0.841930460952554	0.744855035172071	0.891069091364539	0.924836233888455	0.914155403584313	0.934021778073108	0.854191707883595	0.940172243770317	0.965984586903423	0.847799585696026	0.858770557323617	0.959507109031889	0.926335943953924	0.950544005361136	0.917801789682517	0.856494005693916	0.918664809417574	0.905951459915753	0.864204572202995	0.872521017858115	0.836698804433617
cg24026092	NA	NA	NA	NA	NA	NA	NA	NA	NA	NA	NA	NA	NA	NA	NA	NA	NA	NA	NA	NA	NA	NA	NA	NA	NA	NA	NA	NA	NA	NA	NA	NA	NA	NA	NA	NA
cg24027342	0.638661380117178	0.721790482973986	0.846447466559478	0.809334633392719	0.706054742725141	0.916762085390221	0.771395764143322	0.742227601614448	0.845692402590227	0.900410714073069	0.936801226526825	0.803841929281614	0.842593489393609	0.881291147329042	0.783700496453421	0.885729904463897	0.784119156374105	0.863011845978226	0.882803910316802	0.753745858811928	0.797732579886168	0.822085074205863	0.934474930075064	0.951623738264839	0.803521925177115	0.698105373634229	0.923003380948356	0.599021773851771	0.923897650895028	0.722095407827597	0.82045951742878	0.686515154261152	0.732921815998414	0.822479364577259	0.706838867148943	0.871605973393981
cg24048209	NA	NA	NA	NA	NA	NA	NA	NA	NA	NA	NA	NA	NA	NA	NA	NA	NA	NA	NA	NA	NA	NA	NA	NA	NA	NA	NA	NA	NA	NA	NA	NA	NA	NA	NA	NA
cg24056757	0.962869115704023	0.949779394060285	0.966292473310965	0.950665865571545	0.961697245940628	0.93066007866954	0.573020830742475	0.933865825050388	0.895677869084332	0.9225196268918	0.913802607714426	0.970977945422757	0.891277643056962	0.927295879601474	0.969675553889936	0.960954893893286	0.959988769291494	0.966514013529833	0.94275986318495	0.908736092454587	0.948000112014416	0.930566246915243	0.724546046225796	0.970837704861591	0.958361392992552	0.940812963457818	0.93934688912923	0.409520892572935	0.956110500869167	0.95521424734251	0.94972922109428	0.853042760816215	0.919156079769163	0.902112184789538	0.913141956581339	0.962350123657928
cg24063594	NA	NA	NA	NA	NA	NA	NA	NA	NA	NA	NA	NA	NA	NA	NA	NA	NA	NA	NA	NA	NA	NA	NA	NA	NA	NA	NA	NA	NA	NA	NA	NA	NA	NA	NA	NA
cg24073060	NA	NA	NA	NA	NA	NA	NA	NA	NA	NA	NA	NA	NA	NA	NA	NA	NA	NA	NA	NA	NA	NA	NA	NA	NA	NA	NA	NA	NA	NA	NA	NA	NA	NA	NA	NA
cg24094412	NA	NA	NA	NA	NA	NA	NA	NA	NA	NA	NA	NA	NA	NA	NA	NA	NA	NA	NA	NA	NA	NA	NA	NA	NA	NA	NA	NA	NA	NA	NA	NA	NA	NA	NA	NA
cg24162965	NA	NA	NA	NA	NA	NA	NA	NA	NA	NA	NA	NA	NA	NA	NA	NA	NA	NA	NA	NA	NA	NA	NA	NA	NA	NA	NA	NA	NA	NA	NA	NA	NA	NA	NA	NA
cg24170212	NA	NA	NA	NA	NA	NA	NA	NA	NA	NA	NA	NA	NA	NA	NA	NA	NA	NA	NA	NA	NA	NA	NA	NA	NA	NA	NA	NA	NA	NA	NA	NA	NA	NA	NA	NA
cg24176601	0.914707320289383	0.874823987052719	0.895211468413489	0.765499835022302	0.89682301350491	0.879580703624322	0.922356276902955	0.845062638177731	0.868090626370121	0.928575138365215	0.90244891609955	0.890631979360814	0.869466645617837	0.894718776238136	0.886086342278844	0.787326600187197	0.87433944885084	0.803916472918688	0.89860302700727	0.829391718537911	0.872582404363655	0.875211097270575	0.904242011252274	0.94137059168174	0.826729963262686	0.888017274693239	0.885742331614589	0.927256683965089	0.888272030516554	0.883587729728148	0.834723590740974	0.874494790475639	0.85041736014322	0.875080927426247	0.86816949421752	0.803707567358836
cg24217980	NA	NA	NA	NA	NA	NA	NA	NA	NA	NA	NA	NA	NA	NA	NA	NA	NA	NA	NA	NA	NA	NA	NA	NA	NA	NA	NA	NA	NA	NA	NA	NA	NA	NA	NA	NA
cg24251441	0.906169868659952	0.850606351233079	0.949072375784316	0.946156936674275	0.918609087847947	0.932141012445761	0.903139237959792	0.948317209160746	0.948555593426343	0.896887218222387	0.907697068816101	0.970154044578462	0.914904391352016	0.909857920264111	0.936566103924245	0.915809024013417	0.856018477390782	0.944801920688803	0.953395858569064	0.91741856420461	0.928008960252899	0.926419849488728	0.882835172834548	0.639213441054771	0.935177200411066	0.882550939104059	0.883700619236478	0.93253764332933	0.887206499813068	0.887672957167321	0.834025180954374	0.925132187633843	0.827402536698931	0.948552028229246	0.970881469344886	0.857526449509205
cg24279701	NA	NA	NA	NA	NA	NA	NA	NA	NA	NA	NA	NA	NA	NA	NA	NA	NA	NA	NA	NA	NA	NA	NA	NA	NA	NA	NA	NA	NA	NA	NA	NA	NA	NA	NA	NA
cg24284859	NA	0.777358107458979	0.684013397591787	NA	0.776727142494858	0.885101948677538	0.924542307153386	NA	0.846695244611288	0.865693348141574	0.898382881554192	0.822155832582043	0.755920442310383	0.880139230056655	NA	0.670913827276279	0.745956711577185	0.701528930482556	NA	NA	0.830534100389909	0.783539176547471	0.914169917644419	0.896571202685148	0.797459087716273	NA	0.868772940657497	NA	NA	NA	NA	NA	0.773553894074017	0.789689982623382	NA	0.739521440431094
cg24300962	NA	NA	NA	NA	NA	NA	NA	NA	NA	NA	NA	NA	NA	NA	NA	NA	NA	NA	NA	NA	NA	NA	NA	NA	NA	NA	NA	NA	NA	NA	NA	NA	NA	NA	NA	NA
cg24320065	NA	NA	NA	NA	NA	NA	NA	NA	NA	NA	NA	NA	NA	NA	NA	NA	NA	NA	NA	NA	NA	NA	NA	NA	NA	NA	NA	NA	NA	NA	NA	NA	NA	NA	NA	NA
cg24331317	NA	NA	NA	NA	NA	NA	NA	NA	NA	NA	NA	NA	NA	NA	NA	NA	NA	NA	NA	NA	NA	NA	NA	NA	NA	NA	NA	NA	NA	NA	NA	NA	NA	NA	NA	NA
cg24348466	NA	NA	NA	NA	NA	NA	NA	NA	NA	NA	NA	NA	NA	NA	NA	NA	NA	NA	NA	NA	NA	NA	NA	NA	NA	NA	NA	NA	NA	NA	NA	NA	NA	NA	NA	NA
cg24348786	NA	NA	NA	NA	NA	NA	NA	NA	NA	NA	NA	NA	NA	NA	NA	NA	NA	NA	NA	NA	NA	NA	NA	NA	NA	NA	NA	NA	NA	NA	NA	NA	NA	NA	NA	NA
cg24369233	NA	NA	NA	NA	NA	NA	NA	NA	NA	NA	NA	NA	NA	NA	NA	NA	NA	NA	NA	NA	NA	NA	NA	NA	NA	NA	NA	NA	NA	NA	NA	NA	NA	NA	NA	NA
cg24399529	0.730501006074166	0.233902701215288	0.562197530790707	0.460266052153334	0.699923708135441	0.464520529392288	0.174607770892586	0.14779562298288	0.0914089353774545	0.500792673260196	0.162653085479882	0.794691050083371	0.154216124231489	0.293303288243169	0.265113703178704	0.329741872960122	0.371620079544814	0.45741464250549	0.47879631365321	0.118536345117211	0.111275209295039	0.322177135548257	0.841218213852341	0.307947779220797	0.261253498798681	0.462450792380318	0.834666965015764	0.136505139466563	0.0829392284326662	0.177542318987471	0.21889653059348	0.19708953858588	0.335084291299847	0.86670090359109	0.231796781487663	0.423757703516205
cg24425968	NA	NA	NA	NA	NA	NA	NA	NA	NA	NA	NA	NA	NA	NA	NA	NA	NA	NA	NA	NA	NA	NA	NA	NA	NA	NA	NA	NA	NA	NA	NA	NA	NA	NA	NA	NA
cg24445752	NA	NA	NA	NA	NA	NA	NA	NA	NA	NA	NA	NA	NA	NA	NA	NA	NA	NA	NA	NA	NA	NA	NA	NA	NA	NA	NA	NA	NA	NA	NA	NA	NA	NA	NA	NA
cg24493925	NA	NA	NA	NA	NA	NA	NA	NA	NA	NA	NA	NA	NA	NA	NA	NA	NA	NA	NA	NA	NA	NA	NA	NA	NA	NA	NA	NA	NA	NA	NA	NA	NA	NA	NA	NA
cg24508547	NA	NA	NA	NA	NA	NA	NA	NA	NA	NA	NA	NA	NA	NA	NA	NA	NA	NA	NA	NA	NA	NA	NA	NA	NA	NA	NA	NA	NA	NA	NA	NA	NA	NA	NA	NA
cg24509591	NA	NA	NA	NA	NA	NA	NA	NA	NA	NA	NA	NA	NA	NA	NA	NA	NA	NA	NA	NA	NA	NA	NA	NA	NA	NA	NA	NA	NA	NA	NA	NA	NA	NA	NA	NA
cg24512770	NA	NA	NA	NA	NA	NA	NA	NA	NA	NA	NA	NA	NA	NA	NA	NA	NA	NA	NA	NA	NA	NA	NA	NA	NA	NA	NA	NA	NA	NA	NA	NA	NA	NA	NA	NA
cg24524735	NA	NA	NA	NA	NA	NA	NA	NA	NA	NA	NA	NA	NA	NA	NA	NA	NA	NA	NA	NA	NA	NA	NA	NA	NA	NA	NA	NA	NA	NA	NA	NA	NA	NA	NA	NA
cg24531568	NA	NA	NA	NA	NA	NA	NA	NA	NA	NA	NA	NA	NA	NA	NA	NA	NA	NA	NA	NA	NA	NA	NA	NA	NA	NA	NA	NA	NA	NA	NA	NA	NA	NA	NA	NA
cg24536474	NA	NA	NA	NA	NA	NA	NA	NA	NA	NA	NA	NA	NA	NA	NA	NA	NA	NA	NA	NA	NA	NA	NA	NA	NA	NA	NA	NA	NA	NA	NA	NA	NA	NA	NA	NA
cg24537973	0.716815729571692	0.632813265438984	0.826903557500229	0.586173432952671	0.527709014844346	0.903516715564065	0.366038352156192	0.768066648241091	0.815676023453249	0.888864898160258	0.572008876004064	0.496268904804619	0.778264039845603	0.630088295259434	0.669515820585894	0.686739031227324	0.641898527291429	0.740965351109577	0.818498968419174	0.387621137231552	0.827687171860627	0.746341184588839	0.844586174336843	0.916790050962016	0.736227682960546	0.495194565312963	0.803957745155489	0.283968347747193	0.656991559005137	0.816262357932867	0.647383082587845	0.718310997502483	0.60994847519423	0.696773264979756	0.819537100856108	0.732775321321434
cg24546349	0.53449856914605	0.551893263938123	0.792942835809351	0.611235289517094	0.636058512684414	0.856832929121884	0.315635209802783	0.814632185884702	0.750818571749286	0.835747685013437	0.779857805878604	0.738052644887034	0.748179642478747	0.35694923159358	0.577139720102113	0.701542196303007	0.484331530501772	0.650403049503844	0.804051016212503	0.610287148285666	0.540598872396817	0.671381638056511	0.745277080873587	0.834118121079491	0.678325346069161	0.605165188257877	0.802453974325705	0.479470078611139	0.721319734325781	0.769635331577984	0.664736269330783	0.742696821236596	0.562766496018831	0.581567433222291	0.796849113523116	0.664385737989008
cg24575638	NA	NA	NA	NA	NA	NA	NA	NA	NA	NA	NA	NA	NA	NA	NA	NA	NA	NA	NA	NA	NA	NA	NA	NA	NA	NA	NA	NA	NA	NA	NA	NA	NA	NA	NA	NA
cg24581736	NA	NA	NA	NA	NA	NA	NA	NA	NA	NA	NA	NA	NA	NA	NA	NA	NA	NA	NA	NA	NA	NA	NA	NA	NA	NA	NA	NA	NA	NA	NA	NA	NA	NA	NA	NA
cg24619998	0.88552232668577	0.812975713343314	0.855059468394207	0.813062946399653	0.898441993120908	0.911245197447905	0.870786617382557	0.846007500926724	0.857558324752406	0.934485675721965	0.880862308284333	0.888498295756101	0.872986157407825	0.796746943227346	0.768879278331851	0.771457902366079	0.872162999996692	0.821439608131956	0.906455695382721	0.83225429559883	0.906026301643114	0.810031317136745	0.87857197437113	0.921607596045416	0.774091371567489	0.895260095481522	0.915989455532679	0.905400816689125	0.889032915179646	0.876003379231828	0.793274357025139	0.896135826952035	0.794277992597976	0.873341170390862	0.90888773705677	0.786612983259383
cg24620463	NA	NA	NA	NA	NA	NA	NA	NA	NA	NA	NA	NA	NA	NA	NA	NA	NA	NA	NA	NA	NA	NA	NA	NA	NA	NA	NA	NA	NA	NA	NA	NA	NA	NA	NA	NA
cg24651708	NA	NA	NA	NA	NA	NA	NA	NA	NA	NA	NA	NA	NA	NA	NA	NA	NA	NA	NA	NA	NA	NA	NA	NA	NA	NA	NA	NA	NA	NA	NA	NA	NA	NA	NA	NA
cg24651790	NA	NA	NA	NA	NA	NA	NA	NA	NA	NA	NA	NA	NA	NA	NA	NA	NA	NA	NA	NA	NA	NA	NA	NA	NA	NA	NA	NA	NA	NA	NA	NA	NA	NA	NA	NA
cg24686187	NA	NA	NA	NA	NA	NA	NA	NA	NA	NA	NA	NA	NA	NA	NA	NA	NA	NA	NA	NA	NA	NA	NA	NA	NA	NA	NA	NA	NA	NA	NA	NA	NA	NA	NA	NA
cg24702069	0.845596943373497	0.149547109735244	0.600832620469857	0.482959650602342	0.673490054390242	0.781080886692564	0.612317863879126	0.11732574674633	0.148029996943596	0.890067369315138	0.589452464984802	0.602688990236822	0.163090008379109	0.172834709784434	0.31956285766098	0.549829097088595	0.546144244180815	0.312816753390639	0.750029279773986	0.218136298516132	0.150214841314647	0.264774181396151	0.800594973796573	0.646955246516434	0.211968884931593	0.386752258136846	0.910039483845605	0.52599211886715	0.787153281504937	0.528544918006664	0.384348707902704	0.722294694968665	0.302587873064328	0.592274558358513	0.8009385644207	0.486120167230444
cg24704082	NA	NA	NA	NA	NA	NA	NA	NA	NA	NA	NA	NA	NA	NA	NA	NA	NA	NA	NA	NA	NA	NA	NA	NA	NA	NA	NA	NA	NA	NA	NA	NA	NA	NA	NA	NA
cg24707982	NA	NA	NA	NA	NA	NA	NA	NA	NA	NA	NA	NA	NA	NA	NA	NA	NA	NA	NA	NA	NA	NA	NA	NA	NA	NA	NA	NA	NA	NA	NA	NA	NA	NA	NA	NA
cg24732062	NA	NA	NA	NA	NA	NA	NA	NA	NA	NA	NA	NA	NA	NA	NA	NA	NA	NA	NA	NA	NA	NA	NA	NA	NA	NA	NA	NA	NA	NA	NA	NA	NA	NA	NA	NA
cg24808545	NA	NA	NA	NA	NA	NA	NA	NA	NA	NA	NA	NA	NA	NA	NA	NA	NA	NA	NA	NA	NA	NA	NA	NA	NA	NA	NA	NA	NA	NA	NA	NA	NA	NA	NA	NA
cg24871371	NA	NA	NA	NA	NA	NA	NA	NA	NA	NA	NA	NA	NA	NA	NA	NA	NA	NA	NA	NA	NA	NA	NA	NA	NA	NA	NA	NA	NA	NA	NA	NA	NA	NA	NA	NA
cg24874998	0.24381840214239	0.405714225152142	0.848301054904077	0.599292468215724	0.398042316420017	0.71922866209797	0.205273541820211	0.532822766474593	0.369179074883709	0.906765603466181	0.528340053692262	0.185832900182877	0.454829148060701	0.455629623277593	0.467983426580586	0.355854101012272	0.304672169554284	0.299284860870659	0.204499888470115	0.205344375926553	0.264294037015185	0.441757274324349	0.336956366807883	0.88909690242324	0.530209843963443	0.420740974820227	0.854285205899342	0.270135281128584	0.176920183901613	0.788988847941834	0.542018538208816	0.29593973009543	0.446199207577058	0.251937276738553	0.863035379603614	0.440118356705446
cg24902362	NA	NA	NA	NA	NA	NA	NA	NA	NA	NA	NA	NA	NA	NA	NA	NA	NA	NA	NA	NA	NA	NA	NA	NA	NA	NA	NA	NA	NA	NA	NA	NA	NA	NA	NA	NA
cg24940155	0.726183061710258	0.370083366012318	0.645792012694707	0.530433833919069	0.615763811992274	0.127528096476884	0.316100647006492	0.248633648500934	0.21105740030755	0.490100963863593	0.663521740389105	0.3517489819116	0.56648606884348	0.595806233419332	0.537730223983241	0.457399355219859	0.598573171571979	0.632760848390376	0.757375866641653	0.529137820041523	0.452130045337246	0.443003320396517	0.745742092789608	0.483291714168193	0.369639792709736	0.619746076678473	0.772894184037538	0.264142751176028	0.721711276054017	0.319328446262368	0.52990099927325	0.479727435743627	0.491184455518431	0.629808082968425	0.757013461984088	0.435786595365869
cg24967487	0.25426471161199	0.474824934986729	0.711153632572356	0.404623540750493	0.310011319111591	0.560138893012129	0.552692041873448	0.804661272244967	0.519779231544256	0.584528888191572	0.21953190109676	0.525740011228121	0.294782384542993	0.333829517229194	0.434454928045625	0.56901336306928	0.475077769391824	0.374431084239092	0.129904991373744	0.401322745900554	0.165012901698074	0.444079670422804	0.606762094735511	0.509009370850466	0.539361525061481	0.356737063567872	0.520110837035258	0.218619523911176	0.200128217547895	0.241492930717955	0.377671021100924	0.223299609001529	0.372344335098233	0.269697370863462	0.343062916755686	0.588017174255001
cg25036886	NA	NA	NA	NA	NA	NA	NA	NA	NA	NA	NA	NA	NA	NA	NA	NA	NA	NA	NA	NA	NA	NA	NA	NA	NA	NA	NA	NA	NA	NA	NA	NA	NA	NA	NA	NA
cg25039837	NA	NA	NA	NA	NA	NA	NA	NA	NA	NA	NA	NA	NA	NA	NA	NA	NA	NA	NA	NA	NA	NA	NA	NA	NA	NA	NA	NA	NA	NA	NA	NA	NA	NA	NA	NA
cg25045882	NA	NA	NA	NA	NA	NA	NA	NA	NA	NA	NA	NA	NA	NA	NA	NA	NA	NA	NA	NA	NA	NA	NA	NA	NA	NA	NA	NA	NA	NA	NA	NA	NA	NA	NA	NA
cg25047058	NA	NA	NA	NA	NA	NA	NA	NA	NA	NA	NA	NA	NA	NA	NA	NA	NA	NA	NA	NA	NA	NA	NA	NA	NA	NA	NA	NA	NA	NA	NA	NA	NA	NA	NA	NA
cg25083596	NA	NA	NA	NA	NA	NA	NA	NA	NA	NA	NA	NA	NA	NA	NA	NA	NA	NA	NA	NA	NA	NA	NA	NA	NA	NA	NA	NA	NA	NA	NA	NA	NA	NA	NA	NA
cg25192591	NA	NA	NA	NA	NA	NA	NA	NA	NA	NA	NA	NA	NA	NA	NA	NA	NA	NA	NA	NA	NA	NA	NA	NA	NA	NA	NA	NA	NA	NA	NA	NA	NA	NA	NA	NA
cg25208892	0.878242178990118	0.943922936538151	0.887137137285178	0.946352912208758	0.925674173668743	0.886592223843267	0.876651706508372	0.877909273766196	0.878381289428033	0.8732712189168	0.934353935818921	0.921553892094096	0.917648357409821	0.890819138767965	0.905443209920157	0.900931012548492	0.933343533910364	0.955681633094977	0.923924770276919	0.89297580187862	0.944803315648558	0.952023181144993	0.883519759940936	0.867552012896139	0.911270279861644	0.901874181823483	0.91676143970564	0.940632129272581	0.878649418772697	0.936947090323648	0.857453416362143	0.965417533341632	0.907752733765016	0.921400245807633	0.921410903414427	0.885912081450673
cg25209294	NA	NA	NA	NA	NA	NA	NA	NA	NA	NA	NA	NA	NA	NA	NA	NA	NA	NA	NA	NA	NA	NA	NA	NA	NA	NA	NA	NA	NA	NA	NA	NA	NA	NA	NA	NA
cg25217895	NA	NA	NA	NA	NA	NA	NA	NA	NA	NA	NA	NA	NA	NA	NA	NA	NA	NA	NA	NA	NA	NA	NA	NA	NA	NA	NA	NA	NA	NA	NA	NA	NA	NA	NA	NA
cg25245569	0.942014372888111	0.912638331692893	0.915472899155441	0.928113933266127	0.948535911646903	0.974327324416777	0.887692893920902	0.849213956714449	0.931562821630183	0.954587374377671	0.95724495270431	0.932391723891391	0.89202296152148	0.952662045994287	0.92490868513347	0.870957922902223	0.699207127638393	0.90512379266975	0.967861278933397	0.922217988207897	0.931141440849319	0.885955246897257	0.954968270306194	0.974119503932981	0.926683017969084	0.935030561420907	0.963877073525413	0.780665913472792	0.790833296373885	0.955452668981044	0.876426992340598	0.954860260328107	0.855330437239441	0.937655187957063	0.965356316180361	0.93695865280336
cg25265769	NA	NA	NA	NA	NA	NA	NA	NA	NA	NA	NA	NA	NA	NA	NA	NA	NA	NA	NA	NA	NA	NA	NA	NA	NA	NA	NA	NA	NA	NA	NA	NA	NA	NA	NA	NA
cg25348323	0.535787963791693	0.376075316322278	0.559917869572129	0.479938047209645	0.77897965104389	0.64241081863385	0.258205769201466	0.731627824170115	0.703262169252354	0.518458606626544	0.547224338341497	0.251312332272855	0.764583148259122	0.624733395700024	0.639696516991239	0.669978093100556	0.699351812905434	0.671679405536349	0.809228448612258	0.525714798359205	0.542028968363213	0.696540713916717	0.583713341498877	0.841543725645437	0.729785838875336	0.529640187462158	0.795247046192768	0.248025181509733	0.169080799631884	0.734263296207854	0.616247937091816	0.499206013077658	0.541661132587288	0.482485236091896	0.657333728740175	0.550192935361813
cg25426892	NA	NA	NA	NA	NA	NA	NA	NA	NA	NA	NA	NA	NA	NA	NA	NA	NA	NA	NA	NA	NA	NA	NA	NA	NA	NA	NA	NA	NA	NA	NA	NA	NA	NA	NA	NA
cg25456633	NA	NA	NA	NA	NA	NA	NA	NA	NA	NA	NA	NA	NA	NA	NA	NA	NA	NA	NA	NA	NA	NA	NA	NA	NA	NA	NA	NA	NA	NA	NA	NA	NA	NA	NA	NA
cg25504143	NA	NA	NA	NA	NA	NA	NA	NA	NA	NA	NA	NA	NA	NA	NA	NA	NA	NA	NA	NA	NA	NA	NA	NA	NA	NA	NA	NA	NA	NA	NA	NA	NA	NA	NA	NA
cg25540004	NA	NA	NA	NA	NA	NA	NA	NA	NA	NA	NA	NA	NA	NA	NA	NA	NA	NA	NA	NA	NA	NA	NA	NA	NA	NA	NA	NA	NA	NA	NA	NA	NA	NA	NA	NA
cg25543190	NA	NA	NA	NA	NA	NA	NA	NA	NA	NA	NA	NA	NA	NA	NA	NA	NA	NA	NA	NA	NA	NA	NA	NA	NA	NA	NA	NA	NA	NA	NA	NA	NA	NA	NA	NA
cg25550564	NA	NA	NA	NA	NA	NA	NA	NA	NA	NA	NA	NA	NA	NA	NA	NA	NA	NA	NA	NA	NA	NA	NA	NA	NA	NA	NA	NA	NA	NA	NA	NA	NA	NA	NA	NA
cg25590811	0.363717705709148	0.748900267708384	0.916077466779914	0.861988913835179	0.590187566424462	0.911825270912629	0.384333905451304	0.627686746144903	0.867846137041501	0.405845498511994	0.688401430981059	0.623169265553151	0.632292830179323	0.886826407456222	0.882676777975055	0.786116143656097	0.423163741253789	0.927401754704327	0.942685862160364	0.778299056462967	0.888416829103294	0.817006041582949	0.928285936598714	0.593181697281743	0.836935382688633	0.75870097787755	0.939185605290618	0.450003528713084	0.284924995129917	0.773170639832345	0.618359210576687	0.917836702701711	0.842739472893165	0.944246503951076	0.766009133338926	0.914906009216088
cg25598062	NA	NA	NA	NA	NA	NA	NA	NA	NA	NA	NA	NA	NA	NA	NA	NA	NA	NA	NA	NA	NA	NA	NA	NA	NA	NA	NA	NA	NA	NA	NA	NA	NA	NA	NA	NA
cg25605360	NA	NA	NA	NA	NA	NA	NA	NA	NA	NA	NA	NA	NA	NA	NA	NA	NA	NA	NA	NA	NA	NA	NA	NA	NA	NA	NA	NA	NA	NA	NA	NA	NA	NA	NA	NA
cg25609183	0.830131301210025	0.912953721065984	0.974551336409967	0.964412943918292	0.925062005297831	0.948844896950445	0.939144678986242	0.979480872198427	0.944816833811432	0.972485649184325	0.933100420013971	0.982423361378214	0.97498706837428	0.862401870932257	0.909601037955375	0.962725396875918	0.943690595882347	0.924700714727896	0.946806920788781	0.709359468735533	0.913666505035133	0.935989143983049	0.939411661860449	0.98046294748474	0.925004630393522	0.937474227316609	0.8951561113427	0.846512918570218	0.978598092933596	0.931711961288601	0.888618543526396	0.966670016548045	0.842621402690303	0.970926013896927	0.950028642999449	0.907535792976772
cg25616771	NA	NA	NA	NA	NA	NA	NA	NA	NA	NA	NA	NA	NA	NA	NA	NA	NA	NA	NA	NA	NA	NA	NA	NA	NA	NA	NA	NA	NA	NA	NA	NA	NA	NA	NA	NA
cg25626264	NA	NA	NA	NA	NA	NA	NA	NA	NA	NA	NA	NA	NA	NA	NA	NA	NA	NA	NA	NA	NA	NA	NA	NA	NA	NA	NA	NA	NA	NA	NA	NA	NA	NA	NA	NA
cg25631436	NA	NA	NA	NA	NA	NA	NA	NA	NA	NA	NA	NA	NA	NA	NA	NA	NA	NA	NA	NA	NA	NA	NA	NA	NA	NA	NA	NA	NA	NA	NA	NA	NA	NA	NA	NA
cg25645338	0.860205634724095	0.850705896318371	0.781828696108138	0.820844948484577	0.905142597525479	0.943837335892458	0.923208428564476	0.639631918311048	0.917830757140402	0.953353097029992	0.950038445879785	0.84246116688606	0.849815044828282	0.892512052199355	0.80922967185747	0.748412383136772	0.792813224550334	0.72745774982665	0.932539430278668	0.876951331761626	0.759035116806841	0.811964730770369	0.945812315721379	0.955745849138169	0.796907991678313	0.897144363152455	0.950078662848034	0.875593029695816	0.92856031812169	0.916653070066626	0.751741950558903	0.873979093335378	0.85853868848193	0.748410118789639	0.858299574276286	0.867519686733508
cg25658612	NA	NA	NA	NA	NA	NA	NA	NA	NA	NA	NA	NA	NA	NA	NA	NA	NA	NA	NA	NA	NA	NA	NA	NA	NA	NA	NA	NA	NA	NA	NA	NA	NA	NA	NA	NA
cg25673945	NA	NA	NA	NA	NA	NA	NA	NA	NA	NA	NA	NA	NA	NA	NA	NA	NA	NA	NA	NA	NA	NA	NA	NA	NA	NA	NA	NA	NA	NA	NA	NA	NA	NA	NA	NA
cg25728543	NA	NA	NA	NA	NA	NA	NA	NA	NA	NA	NA	NA	NA	NA	NA	NA	NA	NA	NA	NA	NA	NA	NA	NA	NA	NA	NA	NA	NA	NA	NA	NA	NA	NA	NA	NA
cg25745201	NA	NA	NA	NA	NA	NA	NA	NA	NA	NA	NA	NA	NA	NA	NA	NA	NA	NA	NA	NA	NA	NA	NA	NA	NA	NA	NA	NA	NA	NA	NA	NA	NA	NA	NA	NA
cg25765819	0.903439206892656	0.863178954681631	0.891128521431659	0.765110705418997	0.881393625406669	0.908693247288077	0.928384745515483	0.880873575215513	0.902878347817797	0.914629710959171	0.895857544682799	0.877418347416486	0.901217457493663	0.889235507502172	0.905962781271476	0.795131145873361	0.884923287772631	0.864043732513449	0.915240698022356	0.40581755735807	0.358189155984067	0.870881576775524	0.92293403545203	0.904461240641503	0.894945758131768	0.868318359373877	0.896539320910316	0.686528041485367	0.902941922201215	0.889308081251772	0.838477494972587	0.889826375442001	0.876217828875101	0.877134312515021	0.91667540205457	0.90192026994434
cg25780806	NA	NA	NA	NA	NA	NA	NA	NA	NA	NA	NA	NA	NA	NA	NA	NA	NA	NA	NA	NA	NA	NA	NA	NA	NA	NA	NA	NA	NA	NA	NA	NA	NA	NA	NA	NA
cg25824209	NA	NA	NA	NA	NA	NA	NA	NA	NA	NA	NA	NA	NA	NA	NA	NA	NA	NA	NA	NA	NA	NA	NA	NA	NA	NA	NA	NA	NA	NA	NA	NA	NA	NA	NA	NA
cg25904166	NA	NA	NA	NA	NA	NA	NA	NA	NA	NA	NA	NA	NA	NA	NA	NA	NA	NA	NA	NA	NA	NA	NA	NA	NA	NA	NA	NA	NA	NA	NA	NA	NA	NA	NA	NA
cg25949955	NA	NA	NA	NA	NA	NA	NA	NA	NA	NA	NA	NA	NA	NA	NA	NA	NA	NA	NA	NA	NA	NA	NA	NA	NA	NA	NA	NA	NA	NA	NA	NA	NA	NA	NA	NA
cg25962639	NA	NA	NA	NA	NA	NA	NA	NA	NA	NA	NA	NA	NA	NA	NA	NA	NA	NA	NA	NA	NA	NA	NA	NA	NA	NA	NA	NA	NA	NA	NA	NA	NA	NA	NA	NA
cg26007766	NA	NA	NA	NA	NA	NA	NA	NA	NA	NA	NA	NA	NA	NA	NA	NA	NA	NA	NA	NA	NA	NA	NA	NA	NA	NA	NA	NA	NA	NA	NA	NA	NA	NA	NA	NA
cg26024202	NA	NA	NA	NA	NA	NA	NA	NA	NA	NA	NA	NA	NA	NA	NA	NA	NA	NA	NA	NA	NA	NA	NA	NA	NA	NA	NA	NA	NA	NA	NA	NA	NA	NA	NA	NA
cg26070081	NA	NA	NA	NA	NA	NA	NA	NA	NA	NA	NA	NA	NA	NA	NA	NA	NA	NA	NA	NA	NA	NA	NA	NA	NA	NA	NA	NA	NA	NA	NA	NA	NA	NA	NA	NA
cg26072561	0.824544156426076	0.762247400735431	0.890183299203418	0.921457854109629	0.911782612557514	0.921857116144642	0.854299023930623	0.856860360082756	0.881042040496928	0.879801730378229	0.890134421148587	0.928922195566789	0.860987099747615	0.89416521537744	0.874043188030141	0.805362897368452	0.806030122124266	0.693439320831878	0.92966344904877	0.867511358137607	0.880007007420947	0.863316751072122	0.901463783106869	0.935718689045626	0.856742455804211	0.853079930930473	0.904563594677383	0.906270937348992	0.865926686930282	0.883231368181147	0.83329485502254	0.882973649261895	0.830646143470302	0.828725541728916	0.882093509552691	0.846551979313164
cg26075252	NA	NA	NA	NA	NA	NA	NA	NA	NA	NA	NA	NA	NA	NA	NA	NA	NA	NA	NA	NA	NA	NA	NA	NA	NA	NA	NA	NA	NA	NA	NA	NA	NA	NA	NA	NA
cg26076236	NA	NA	NA	NA	NA	NA	NA	NA	NA	NA	NA	NA	NA	NA	NA	NA	NA	NA	NA	NA	NA	NA	NA	NA	NA	NA	NA	NA	NA	NA	NA	NA	NA	NA	NA	NA
cg26089220	NA	NA	NA	NA	NA	NA	NA	NA	NA	NA	NA	NA	NA	NA	NA	NA	NA	NA	NA	NA	NA	NA	NA	NA	NA	NA	NA	NA	NA	NA	NA	NA	NA	NA	NA	NA
cg26103331	NA	NA	NA	NA	NA	NA	NA	NA	NA	NA	NA	NA	NA	NA	NA	NA	NA	NA	NA	NA	NA	NA	NA	NA	NA	NA	NA	NA	NA	NA	NA	NA	NA	NA	NA	NA
cg26105731	NA	NA	NA	NA	NA	NA	NA	NA	NA	NA	NA	NA	NA	NA	NA	NA	NA	NA	NA	NA	NA	NA	NA	NA	NA	NA	NA	NA	NA	NA	NA	NA	NA	NA	NA	NA
cg26106149	NA	NA	NA	NA	NA	NA	NA	NA	NA	NA	NA	NA	NA	NA	NA	NA	NA	NA	NA	NA	NA	NA	NA	NA	NA	NA	NA	NA	NA	NA	NA	NA	NA	NA	NA	NA
cg26131114	NA	NA	NA	NA	NA	NA	NA	NA	NA	NA	NA	NA	NA	NA	NA	NA	NA	NA	NA	NA	NA	NA	NA	NA	NA	NA	NA	NA	NA	NA	NA	NA	NA	NA	NA	NA
cg26131927	NA	NA	NA	NA	NA	NA	NA	NA	NA	NA	NA	NA	NA	NA	NA	NA	NA	NA	NA	NA	NA	NA	NA	NA	NA	NA	NA	NA	NA	NA	NA	NA	NA	NA	NA	NA
cg26133909	NA	0.632116545425792	0.673590961969916	0.214723602851223	0.773685706118613	0.923047964376211	0.650741930290246	0.130843880916256	0.341895597776161	0.133539901646115	0.332276882470686	0.690468769183875	0.208203151740699	0.841834662582794	0.808703702541952	0.379704575923801	0.279295111922223	0.411066054806033	0.869698890541852	0.492958919484526	0.27706016851388	0.596931199903192	0.883372548415178	0.392403473651479	0.530138035186207	0.559256158164159	0.923177037859913	NA	0.316363778491497	0.256274712661629	0.351898994020043	0.678078050844289	0.586355428126687	0.747996266192563	0.731792254281912	0.610357654536601
cg26139168	NA	NA	NA	NA	NA	NA	NA	NA	NA	NA	NA	NA	NA	NA	NA	NA	NA	NA	NA	NA	NA	NA	NA	NA	NA	NA	NA	NA	NA	NA	NA	NA	NA	NA	NA	NA
cg26141807	NA	NA	NA	NA	NA	NA	NA	NA	NA	NA	NA	NA	NA	NA	NA	NA	NA	NA	NA	NA	NA	NA	NA	NA	NA	NA	NA	NA	NA	NA	NA	NA	NA	NA	NA	NA
cg26143153	NA	NA	NA	NA	NA	NA	NA	NA	NA	NA	NA	NA	NA	NA	NA	NA	NA	NA	NA	NA	NA	NA	NA	NA	NA	NA	NA	NA	NA	NA	NA	NA	NA	NA	NA	NA
cg26218805	NA	NA	NA	NA	NA	NA	NA	NA	NA	NA	NA	NA	NA	NA	NA	NA	NA	NA	NA	NA	NA	NA	NA	NA	NA	NA	NA	NA	NA	NA	NA	NA	NA	NA	NA	NA
cg26243679	NA	NA	NA	NA	NA	NA	NA	NA	NA	NA	NA	NA	NA	NA	NA	NA	NA	NA	NA	NA	NA	NA	NA	NA	NA	NA	NA	NA	NA	NA	NA	NA	NA	NA	NA	NA
cg26249038	NA	NA	NA	NA	NA	NA	NA	NA	NA	NA	NA	NA	NA	NA	NA	NA	NA	NA	NA	NA	NA	NA	NA	NA	NA	NA	NA	NA	NA	NA	NA	NA	NA	NA	NA	NA
cg26256420	NA	NA	NA	NA	NA	NA	NA	NA	NA	NA	NA	NA	NA	NA	NA	NA	NA	NA	NA	NA	NA	NA	NA	NA	NA	NA	NA	NA	NA	NA	NA	NA	NA	NA	NA	NA
cg26283801	NA	NA	NA	NA	NA	NA	NA	NA	NA	NA	NA	NA	NA	NA	NA	NA	NA	NA	NA	NA	NA	NA	NA	NA	NA	NA	NA	NA	NA	NA	NA	NA	NA	NA	NA	NA
cg26316511	NA	NA	NA	NA	NA	NA	NA	NA	NA	NA	NA	NA	NA	NA	NA	NA	NA	NA	NA	NA	NA	NA	NA	NA	NA	NA	NA	NA	NA	NA	NA	NA	NA	NA	NA	NA
cg26322995	NA	NA	NA	NA	NA	NA	NA	NA	NA	NA	NA	NA	NA	NA	NA	NA	NA	NA	NA	NA	NA	NA	NA	NA	NA	NA	NA	NA	NA	NA	NA	NA	NA	NA	NA	NA
cg26341749	NA	NA	NA	NA	NA	NA	NA	NA	NA	NA	NA	NA	NA	NA	NA	NA	NA	NA	NA	NA	NA	NA	NA	NA	NA	NA	NA	NA	NA	NA	NA	NA	NA	NA	NA	NA
cg26352073	NA	NA	NA	NA	NA	NA	NA	NA	NA	NA	NA	NA	NA	NA	NA	NA	NA	NA	NA	NA	NA	NA	NA	NA	NA	NA	NA	NA	NA	NA	NA	NA	NA	NA	NA	NA
cg26424817	NA	NA	NA	NA	NA	NA	NA	NA	NA	NA	NA	NA	NA	NA	NA	NA	NA	NA	NA	NA	NA	NA	NA	NA	NA	NA	NA	NA	NA	NA	NA	NA	NA	NA	NA	NA
cg26429763	NA	NA	NA	NA	NA	NA	NA	NA	NA	NA	NA	NA	NA	NA	NA	NA	NA	NA	NA	NA	NA	NA	NA	NA	NA	NA	NA	NA	NA	NA	NA	NA	NA	NA	NA	NA
cg26442509	NA	0.497939799980923	0.466184119714927	0.410628061805111	0.610524712404802	0.86564930602329	0.629186247478483	0.299193651900393	0.58908431213252	0.906538220703373	0.90352873666921	0.541137598458527	0.479539560616134	0.812577907681624	0.473698379477279	0.475126921744537	0.448813689941394	0.469005019668147	0.850312833728423	0.554757102965053	0.523476935756185	0.460134811010089	0.814216968334451	0.878539734124943	0.551669094450183	0.679823222464565	0.910627754019762	0.518207755711093	0.898969308846153	0.603602662467487	0.485131325340718	0.721504712303239	0.451730129307291	0.57852929548791	0.7108519897022	0.431479729428656
cg26501230	NA	NA	NA	NA	NA	NA	NA	NA	NA	NA	NA	NA	NA	NA	NA	NA	NA	NA	NA	NA	NA	NA	NA	NA	NA	NA	NA	NA	NA	NA	NA	NA	NA	NA	NA	NA
cg26523866	0.829186419824045	0.671817612303009	0.752729740331887	0.769408065079212	0.812964949286852	0.914114540237395	0.845959530157763	0.445226807302421	0.886410065856447	0.883285623034802	0.909955831388305	0.882993745144249	0.834993727183708	0.835043287853519	0.807419257305426	0.803413436736172	0.566429608649913	0.611165273177415	0.88324458884902	0.827692973297635	0.506193189241432	0.807165787972056	0.931770797777614	0.953067676654668	0.804760810724897	0.855747734216165	0.91706225180284	0.879011121904399	0.869720584528964	0.853278053357413	0.594966490648718	0.863918217550627	0.70233150436984	0.829764520460368	0.855071582814612	0.882124807614056
cg26542912	NA	NA	NA	NA	NA	NA	NA	NA	NA	NA	NA	NA	NA	NA	NA	NA	NA	NA	NA	NA	NA	NA	NA	NA	NA	NA	NA	NA	NA	NA	NA	NA	NA	NA	NA	NA
cg26544028	NA	NA	NA	NA	NA	NA	NA	NA	NA	NA	NA	NA	NA	NA	NA	NA	NA	NA	NA	NA	NA	NA	NA	NA	NA	NA	NA	NA	NA	NA	NA	NA	NA	NA	NA	NA
cg26558363	NA	NA	NA	NA	NA	NA	NA	NA	NA	NA	NA	NA	NA	NA	NA	NA	NA	NA	NA	NA	NA	NA	NA	NA	NA	NA	NA	NA	NA	NA	NA	NA	NA	NA	NA	NA
cg26564072	NA	NA	NA	NA	NA	NA	NA	NA	NA	NA	NA	NA	NA	NA	NA	NA	NA	NA	NA	NA	NA	NA	NA	NA	NA	NA	NA	NA	NA	NA	NA	NA	NA	NA	NA	NA
cg26572710	0.901691634877028	0.92051599708986	0.928774514573689	0.849750598142895	0.92149191537729	0.924953592874008	0.935183076439933	NA	0.945501638497365	0.936383876661778	0.956042133393835	0.914824624469696	0.857310474647049	0.919694847285701	0.886927276424938	NA	0.891590063664252	0.901846398177368	0.900688018839379	0.906707182536494	0.931379142844883	0.8861189225373	0.92874944534047	0.936026680793011	0.919084175412922	0.897279202549619	0.918299207060995	0.939550541529008	0.921599671064709	0.918540743376748	0.904407331913065	0.919333705935511	0.86147762302132	0.889933010359283	0.907834379189376	0.903124143890463
cg26585590	0.861570120782593	0.629499624620746	0.658755082776689	0.637478315997495	0.849000167020499	0.906199238523649	0.890226861203588	0.572846605840832	0.862969775423245	0.92150140642085	0.924437102540007	0.703366783726163	0.665417001943382	0.891961289587919	0.64006184793257	0.554706201860854	0.598035866028995	0.500353539606551	0.911221038438841	0.701632405816325	0.721409526970932	0.642291507915398	0.900839638850856	0.911238920961043	0.6612656386028	0.567183936411654	0.923753916082851	0.773662290955075	0.907011566568337	0.790712275062692	0.639110413478531	0.865075446630793	0.651365120927458	0.70137209904856	0.831642933852753	0.631422794631721
cg26592560	NA	NA	NA	NA	NA	NA	NA	NA	NA	NA	NA	NA	NA	NA	NA	NA	NA	NA	NA	NA	NA	NA	NA	NA	NA	NA	NA	NA	NA	NA	NA	NA	NA	NA	NA	NA
cg26612736	NA	NA	NA	NA	NA	NA	NA	NA	NA	NA	NA	NA	NA	NA	NA	NA	NA	NA	NA	NA	NA	NA	NA	NA	NA	NA	NA	NA	NA	NA	NA	NA	NA	NA	NA	NA
cg26620682	NA	NA	NA	NA	NA	NA	NA	NA	NA	NA	NA	NA	NA	NA	NA	NA	NA	NA	NA	NA	NA	NA	NA	NA	NA	NA	NA	NA	NA	NA	NA	NA	NA	NA	NA	NA
cg26663742	NA	NA	NA	NA	NA	NA	NA	NA	NA	NA	NA	NA	NA	NA	NA	NA	NA	NA	NA	NA	NA	NA	NA	NA	NA	NA	NA	NA	NA	NA	NA	NA	NA	NA	NA	NA
cg26664737	NA	NA	NA	NA	NA	NA	NA	NA	NA	NA	NA	NA	NA	NA	NA	NA	NA	NA	NA	NA	NA	NA	NA	NA	NA	NA	NA	NA	NA	NA	NA	NA	NA	NA	NA	NA
cg26667585	NA	NA	NA	NA	NA	NA	NA	NA	NA	NA	NA	NA	NA	NA	NA	NA	NA	NA	NA	NA	NA	NA	NA	NA	NA	NA	NA	NA	NA	NA	NA	NA	NA	NA	NA	NA
cg26675620	NA	NA	NA	NA	NA	NA	NA	NA	NA	NA	NA	NA	NA	NA	NA	NA	NA	NA	NA	NA	NA	NA	NA	NA	NA	NA	NA	NA	NA	NA	NA	NA	NA	NA	NA	NA
cg26675905	NA	NA	NA	NA	NA	NA	NA	NA	NA	NA	NA	NA	NA	NA	NA	NA	NA	NA	NA	NA	NA	NA	NA	NA	NA	NA	NA	NA	NA	NA	NA	NA	NA	NA	NA	NA
cg26707887	0.582951753934291	0.58864033638382	0.823398573758234	0.605529223986207	0.706573171284872	0.894388752514771	0.791270377970548	0.78079871775605	0.797517243442687	0.929353372560547	0.906174891817906	0.89937027155638	0.816314963084083	0.73830940191535	0.767216610792436	0.697620857682163	0.728759504014952	0.61816716084061	0.847679784696833	0.647004036367425	0.373991152144875	0.601946010577014	0.92136444960859	0.929513564203905	0.744059857920903	0.852485119332075	0.720517154287002	0.777122406413149	0.717396349805482	0.895999382860328	0.562871908316202	0.853822990436465	0.650354542158584	0.783793065636909	0.780291892412089	0.507317542188976
cg26758386	NA	NA	NA	NA	NA	NA	NA	NA	NA	NA	NA	NA	NA	NA	NA	NA	NA	NA	NA	NA	NA	NA	NA	NA	NA	NA	NA	NA	NA	NA	NA	NA	NA	NA	NA	NA
cg26763368	NA	NA	NA	NA	NA	NA	NA	NA	NA	NA	NA	NA	NA	NA	NA	NA	NA	NA	NA	NA	NA	NA	NA	NA	NA	NA	NA	NA	NA	NA	NA	NA	NA	NA	NA	NA
cg26786687	0.869511883846534	0.832688883426323	0.75649284653464	0.823600417806407	0.927036599663332	0.930151205310634	0.922008768467611	0.803264951540928	0.890161041072748	0.950902601986476	0.937520859496501	0.847759564197539	0.84751723916513	0.95161137494627	0.846306085992858	0.755943114034221	0.795177224697191	0.751522324914334	0.92659881849145	0.826947378108259	0.866101186511745	0.808143548403757	0.950662026419846	0.941283678333777	0.808732322166711	0.916565799069241	0.947068759242637	0.922489529565672	0.942212484649413	0.89687237544313	0.849826885068273	0.887620077215522	0.913584023061694	0.907234593428307	0.908396823562181	0.843510456501697
cg26797811	NA	NA	NA	NA	NA	NA	NA	NA	NA	NA	NA	NA	NA	NA	NA	NA	NA	NA	NA	NA	NA	NA	NA	NA	NA	NA	NA	NA	NA	NA	NA	NA	NA	NA	NA	NA
cg26841157	0.875996952647921	0.641581333786453	0.721074833487193	0.592986753010353	0.863961735420684	0.907230286883275	0.867986661529438	0.763874632410445	0.807609783059109	0.943094294670357	0.92692078121482	0.834467154830071	0.748233827941686	0.693106538410928	0.477886571807236	0.638612134016188	0.747957609831801	0.571184937497865	0.904326714139593	0.598172276684734	0.87985065277879	0.577631434176803	0.917921662253816	0.910327632199474	0.619003326822761	0.718159354216425	0.919388502822438	0.908577472940436	0.911227116700682	0.851743555904979	0.566126800160983	0.845437219864282	0.55525229122865	0.725369266883997	0.805338479803042	0.658101537616615
cg26846076	NA	NA	NA	NA	NA	NA	NA	NA	NA	NA	NA	NA	NA	NA	NA	NA	NA	NA	NA	NA	NA	NA	NA	NA	NA	NA	NA	NA	NA	NA	NA	NA	NA	NA	NA	NA
cg26870594	NA	NA	NA	NA	NA	NA	NA	NA	NA	NA	NA	NA	NA	NA	NA	NA	NA	NA	NA	NA	NA	NA	NA	NA	NA	NA	NA	NA	NA	NA	NA	NA	NA	NA	NA	NA
cg26872780	0.733815262422272	0.410383051596914	0.849319520318948	0.722104054582095	0.888901971244907	0.830456473620604	0.179825603844467	0.544502131679896	0.893385273767676	0.885447679744535	0.896418334604756	0.648045892947804	0.362399740585133	0.776473081155063	0.86365419658907	0.674046274519047	0.669208223195647	0.817964870148636	0.908149501106862	0.619258227949411	0.171456988552919	0.792190277538222	0.886877482814271	0.915775316939748	0.707959174316483	0.82218040650832	0.916692879249119	0.758246739592804	0.586848971930323	0.808461111984788	0.648947355973476	0.86754648995459	0.66374583509962	0.817421752017714	0.868857674961768	0.760539435887835
cg26897236	NA	NA	NA	NA	NA	NA	NA	NA	NA	NA	NA	NA	NA	NA	NA	NA	NA	NA	NA	NA	NA	NA	NA	NA	NA	NA	NA	NA	NA	NA	NA	NA	NA	NA	NA	NA
cg26899591	NA	NA	NA	NA	NA	NA	NA	NA	NA	NA	NA	NA	NA	NA	NA	NA	NA	NA	NA	NA	NA	NA	NA	NA	NA	NA	NA	NA	NA	NA	NA	NA	NA	NA	NA	NA
cg27026390	0.966719660014742	0.977734281687157	0.97056063479205	0.959671336278745	0.825325162942762	0.971114003648408	0.883477602459381	0.967325263720758	0.97464403283153	0.987920347986652	0.97740588300117	0.966680406196559	0.966679786935321	0.960451867726543	0.971605939582595	0.963325470819869	0.957708990696394	0.96195833496699	0.953352521921182	0.906667010854902	0.974796760318043	0.96908925863939	0.961314503310149	0.980791468377776	0.971887763518465	0.963439293168804	0.97556026756718	0.236305780514135	0.982466488934869	0.977250632756599	0.963875164776086	0.511545213097736	0.963484180183387	0.946057319416549	0.97947629263793	0.970909516246953
cg27048446	NA	NA	NA	NA	NA	NA	NA	NA	NA	NA	NA	NA	NA	NA	NA	NA	NA	NA	NA	NA	NA	NA	NA	NA	NA	NA	NA	NA	NA	NA	NA	NA	NA	NA	NA	NA
cg27054055	NA	NA	NA	NA	NA	NA	NA	NA	NA	NA	NA	NA	NA	NA	NA	NA	NA	NA	NA	NA	NA	NA	NA	NA	NA	NA	NA	NA	NA	NA	NA	NA	NA	NA	NA	NA
cg27094305	NA	NA	NA	NA	NA	NA	NA	NA	NA	NA	NA	NA	NA	NA	NA	NA	NA	NA	NA	NA	NA	NA	NA	NA	NA	NA	NA	NA	NA	NA	NA	NA	NA	NA	NA	NA
cg27095983	NA	NA	NA	NA	NA	NA	NA	NA	NA	NA	NA	NA	NA	NA	NA	NA	NA	NA	NA	NA	NA	NA	NA	NA	NA	NA	NA	NA	NA	NA	NA	NA	NA	NA	NA	NA
cg27098587	NA	NA	NA	NA	NA	NA	NA	NA	NA	NA	NA	NA	NA	NA	NA	NA	NA	NA	NA	NA	NA	NA	NA	NA	NA	NA	NA	NA	NA	NA	NA	NA	NA	NA	NA	NA
cg27111461	NA	NA	NA	NA	NA	NA	NA	NA	NA	NA	NA	NA	NA	NA	NA	NA	NA	NA	NA	NA	NA	NA	NA	NA	NA	NA	NA	NA	NA	NA	NA	NA	NA	NA	NA	NA
cg27129076	NA	NA	NA	NA	NA	NA	NA	NA	NA	NA	NA	NA	NA	NA	NA	NA	NA	NA	NA	NA	NA	NA	NA	NA	NA	NA	NA	NA	NA	NA	NA	NA	NA	NA	NA	NA
cg27147706	NA	NA	NA	NA	NA	NA	NA	NA	NA	NA	NA	NA	NA	NA	NA	NA	NA	NA	NA	NA	NA	NA	NA	NA	NA	NA	NA	NA	NA	NA	NA	NA	NA	NA	NA	NA
cg27167195	NA	NA	NA	NA	NA	NA	NA	NA	NA	NA	NA	NA	NA	NA	NA	NA	NA	NA	NA	NA	NA	NA	NA	NA	NA	NA	NA	NA	NA	NA	NA	NA	NA	NA	NA	NA
cg27184649	0.933349853092976	0.884408397454099	0.912788093851607	0.918186682140212	0.930567274783812	0.954209536283688	0.888582463147227	0.913911544850707	0.908509342517821	0.93116999531807	0.954943682177262	0.910809821916924	0.930180472999943	0.886703490643327	0.941262027419351	0.893780403600647	0.86860267324359	0.873850688694761	0.945167919860227	0.878087150058502	0.901664018166492	0.893693101378625	0.951585134617077	0.944116271192835	0.941232358405669	0.897929984728301	0.964717178530763	0.954586509338602	0.937707876507118	0.933824386033163	0.842927833068111	0.928463728111134	0.912236031802502	0.89383503494356	0.948702140790638	0.91613041991598
cg27185511	NA	NA	NA	NA	NA	NA	NA	NA	NA	NA	NA	NA	NA	NA	NA	NA	NA	NA	NA	NA	NA	NA	NA	NA	NA	NA	NA	NA	NA	NA	NA	NA	NA	NA	NA	NA
cg27192418	0.829875429375795	0.688049466438114	0.626140428717411	0.508902356511635	0.508539900416342	0.837510094005277	0.674480864404181	0.647176070682376	0.801262310953889	0.816474971214182	0.895686644506345	0.737309299108576	0.827837075782376	0.871196993059754	0.838634439590213	0.496514365811475	0.697356797646467	0.572585931013382	0.775139654774751	0.706447116800627	0.823110299574718	0.665707662955844	0.907921063419494	0.905173145227644	0.724110483194731	0.682227316662257	0.908002287976614	0.441566069814622	0.847165522225563	0.792941972144995	0.577564399639556	0.598444119978904	0.543759765901113	0.602693062450316	0.871399037467894	0.622670637309472
cg27215140	NA	NA	NA	NA	NA	NA	NA	NA	NA	NA	NA	NA	NA	NA	NA	NA	NA	NA	NA	NA	NA	NA	NA	NA	NA	NA	NA	NA	NA	NA	NA	NA	NA	NA	NA	NA
cg27224107	NA	NA	NA	NA	NA	NA	NA	NA	NA	NA	NA	NA	NA	NA	NA	NA	NA	NA	NA	NA	NA	NA	NA	NA	NA	NA	NA	NA	NA	NA	NA	NA	NA	NA	NA	NA
cg27233997	NA	NA	NA	NA	NA	NA	NA	NA	NA	NA	NA	NA	NA	NA	NA	NA	NA	NA	NA	NA	NA	NA	NA	NA	NA	NA	NA	NA	NA	NA	NA	NA	NA	NA	NA	NA
cg27235725	NA	NA	NA	NA	NA	NA	NA	NA	NA	NA	NA	NA	NA	NA	NA	NA	NA	NA	NA	NA	NA	NA	NA	NA	NA	NA	NA	NA	NA	NA	NA	NA	NA	NA	NA	NA
cg27241677	NA	NA	NA	NA	NA	NA	NA	NA	NA	NA	NA	NA	NA	NA	NA	NA	NA	NA	NA	NA	NA	NA	NA	NA	NA	NA	NA	NA	NA	NA	NA	NA	NA	NA	NA	NA
cg27276918	0.976575919291886	0.984207618483685	0.983879436462761	0.977581291362417	0.988872419283	0.98776112984802	0.981137027802341	0.986258386777286	0.989149777278156	0.99118008887079	0.991945203081811	0.98642425006266	0.98587390786653	0.987994846205848	0.985326155335369	0.9813783758308	0.984249679712983	0.986261562395492	0.990071849069722	0.98594582398566	0.980288992974408	0.983321597498483	0.990334982204116	0.987246414514825	0.985290041358719	0.983434559062952	0.988981428515278	0.985780503734149	0.991443793923648	0.987337711333742	0.981187757865812	0.986710427645153	0.981978710720168	0.987476500203996	0.988040468723019	0.98078177566823
cg27303211	0.937862904449062	0.961895215743733	0.94866969829629	0.923216528609525	0.95898385238274	0.956230794757258	0.955091687368143	0.968934645236908	0.905670457531777	0.945486997550377	0.948607007434411	0.969693569452915	0.955421179956549	0.952909369479163	0.807361545925344	0.951767915707409	0.937321239934056	0.909344094670572	0.91449973876891	0.542757766675794	0.401354361028277	0.896748208247115	0.953759657125578	0.938751304655952	0.87994101580183	0.921047864830739	0.958240486369938	0.960647997987574	0.960372744547049	0.948570797191779	0.933566558248879	0.968662052406752	0.804735750816961	0.964512729302393	0.95085668630252	0.915677070307544
cg27360593	NA	NA	NA	NA	NA	NA	NA	NA	NA	NA	NA	NA	NA	NA	NA	NA	NA	NA	NA	NA	NA	NA	NA	NA	NA	NA	NA	NA	NA	NA	NA	NA	NA	NA	NA	NA
cg27372181	NA	NA	NA	NA	NA	NA	NA	NA	NA	NA	NA	NA	NA	NA	NA	NA	NA	NA	NA	NA	NA	NA	NA	NA	NA	NA	NA	NA	NA	NA	NA	NA	NA	NA	NA	NA
cg27378066	NA	NA	NA	NA	NA	NA	NA	NA	NA	NA	NA	NA	NA	NA	NA	NA	NA	NA	NA	NA	NA	NA	NA	NA	NA	NA	NA	NA	NA	NA	NA	NA	NA	NA	NA	NA
cg27392815	NA	NA	NA	NA	NA	NA	NA	NA	NA	NA	NA	NA	NA	NA	NA	NA	NA	NA	NA	NA	NA	NA	NA	NA	NA	NA	NA	NA	NA	NA	NA	NA	NA	NA	NA	NA
cg27399297	NA	NA	NA	NA	NA	NA	NA	NA	NA	NA	NA	NA	NA	NA	NA	NA	NA	NA	NA	NA	NA	NA	NA	NA	NA	NA	NA	NA	NA	NA	NA	NA	NA	NA	NA	NA
cg27400353	NA	NA	NA	NA	NA	NA	NA	NA	NA	NA	NA	NA	NA	NA	NA	NA	NA	NA	NA	NA	NA	NA	NA	NA	NA	NA	NA	NA	NA	NA	NA	NA	NA	NA	NA	NA
cg27413928	NA	NA	NA	NA	NA	NA	NA	NA	NA	NA	NA	NA	NA	NA	NA	NA	NA	NA	NA	NA	NA	NA	NA	NA	NA	NA	NA	NA	NA	NA	NA	NA	NA	NA	NA	NA
cg27422721	NA	NA	NA	NA	NA	NA	NA	NA	NA	NA	NA	NA	NA	NA	NA	NA	NA	NA	NA	NA	NA	NA	NA	NA	NA	NA	NA	NA	NA	NA	NA	NA	NA	NA	NA	NA
cg27436603	NA	NA	NA	NA	NA	NA	NA	NA	NA	NA	NA	NA	NA	NA	NA	NA	NA	NA	NA	NA	NA	NA	NA	NA	NA	NA	NA	NA	NA	NA	NA	NA	NA	NA	NA	NA
cg27441138	0.918635565785038	0.810650206016159	0.928167778161839	0.900466018636788	0.879318667984798	0.925382624852458	0.351731346214852	0.930798824643576	0.838375173206057	0.193887531243464	0.941324692467737	0.723620106961537	0.704043688237571	0.660122265374951	0.78972749680954	0.902750400998038	0.857107057725101	0.918991156977377	0.774431908623368	0.777943532049819	0.936050696613597	0.856837900514125	0.885641826512806	0.940354491949174	0.923728272957273	0.817834130066936	0.641354902120743	0.146631549519631	0.941066967010507	0.713668670532706	0.901385791709611	0.622901294931338	0.812159795125169	0.269820097649839	0.922080540024134	0.900873207429209
cg27476881	NA	NA	NA	NA	NA	NA	NA	NA	NA	NA	NA	NA	NA	NA	NA	NA	NA	NA	NA	NA	NA	NA	NA	NA	NA	NA	NA	NA	NA	NA	NA	NA	NA	NA	NA	NA
cg27493336	NA	NA	NA	NA	NA	NA	NA	NA	NA	NA	NA	NA	NA	NA	NA	NA	NA	NA	NA	NA	NA	NA	NA	NA	NA	NA	NA	NA	NA	NA	NA	NA	NA	NA	NA	NA
cg27496179	NA	NA	NA	NA	NA	NA	NA	NA	NA	NA	NA	NA	NA	NA	NA	NA	NA	NA	NA	NA	NA	NA	NA	NA	NA	NA	NA	NA	NA	NA	NA	NA	NA	NA	NA	NA
cg27530298	NA	NA	NA	NA	NA	NA	NA	NA	NA	NA	NA	NA	NA	NA	NA	NA	NA	NA	NA	NA	NA	NA	NA	NA	NA	NA	NA	NA	NA	NA	NA	NA	NA	NA	NA	NA
cg27562595	NA	NA	NA	NA	NA	NA	NA	NA	NA	NA	NA	NA	NA	NA	NA	NA	NA	NA	NA	NA	NA	NA	NA	NA	NA	NA	NA	NA	NA	NA	NA	NA	NA	NA	NA	NA
cg27574287	0.633986737161354	0.856602463729912	0.837442233285673	0.635877424495905	0.490954021819598	0.619594916634912	0.353604662502262	0.689609032760491	0.496076345965153	0.892715381928329	0.868185222729767	0.764231825239232	0.940930087084621	0.586833460616127	0.876177145083297	0.783426447900954	0.61534201541328	0.584097711606747	0.346210012645128	0.574827240206852	0.582931315678863	0.727317040984651	0.429435683217833	0.923980833929027	0.881216926441243	0.525148610766219	0.866556332634556	0.290137229678537	0.554531362215574	0.582190905223873	0.692203240378256	0.232598363926283	0.745605206884938	0.662950517345869	0.53995054439388	0.867665675062347
cg27604672	0.221817794461036	0.282078715592942	0.413063051275293	0.293991036378841	0.247601536437935	0.322397160103686	0.27931143982517	0.608756305965807	0.59724248860425	0.523898162739491	0.275153944150583	0.176084919026944	0.630891618115758	0.349316666596336	0.450862188505797	0.252562199006373	0.293810414967168	0.319962759984089	0.214474569905895	0.241957159613662	0.146356844799717	0.517574260517558	0.747592360206367	0.805373520508476	0.602456514456181	0.292192898406525	0.435450361866241	0.621747409391474	0.190921320790148	0.382651281462905	0.279193931048825	0.413969624217467	0.351886667508593	0.232129702050655	0.379268924623401	0.50921204488625
cg27629311	NA	NA	NA	NA	NA	NA	NA	NA	NA	NA	NA	NA	NA	NA	NA	NA	NA	NA	NA	NA	NA	NA	NA	NA	NA	NA	NA	NA	NA	NA	NA	NA	NA	NA	NA	NA
ch.1.156669547F	NA	NA	NA	NA	NA	NA	NA	NA	NA	NA	NA	NA	NA	NA	NA	NA	NA	NA	NA	NA	NA	NA	NA	NA	NA	NA	NA	NA	NA	NA	NA	NA	NA	NA	NA	NA
ch.1.90405031F	NA	NA	NA	NA	NA	NA	NA	NA	NA	NA	NA	NA	NA	NA	NA	NA	NA	NA	NA	NA	NA	NA	NA	NA	NA	NA	NA	NA	NA	NA	NA	NA	NA	NA	NA	NA
ch.10.47925130F	NA	NA	NA	NA	NA	NA	NA	NA	NA	NA	NA	NA	NA	NA	NA	NA	NA	NA	NA	NA	NA	NA	NA	NA	NA	NA	NA	NA	NA	NA	NA	NA	NA	NA	NA	NA
ch.10.82591910R	NA	NA	NA	NA	NA	NA	NA	NA	NA	NA	NA	NA	NA	NA	NA	NA	NA	NA	NA	NA	NA	NA	NA	NA	NA	NA	NA	NA	NA	NA	NA	NA	NA	NA	NA	NA
ch.11.1877857R	0.0337336662706707	0.0486841691570253	0.0479930583253791	0.0524364970631871	0.036535237799946	0.0387697078949102	0.0274127471539076	0.04638273909891	0.0391031617698273	0.0244541207638321	0.0200356680490673	0.043715416481154	0.0369506359881621	0.025634993666079	0.0266689557631488	0.07274063951939	0.0528481821173019	0.0264764240963425	0.0298198935314266	0.0511657259486765	0.0360085527960136	0.0311555029391744	0.0194968058953342	0.0233737379663699	0.0421461629205469	0.046096631360022	0.0310910960995364	0.0442699203602333	0.0279130719172029	0.0378758664318805	0.0467237593229697	0.0324133119683041	0.0324488412286677	0.0393253027172649	0.0491355885670383	0.0345803420996118
ch.11.2015773F	NA	NA	NA	NA	NA	NA	NA	NA	NA	NA	NA	NA	NA	NA	NA	NA	NA	NA	NA	NA	NA	NA	NA	NA	NA	NA	NA	NA	NA	NA	NA	NA	NA	NA	NA	NA
ch.2.154234353F	NA	NA	NA	NA	NA	NA	NA	NA	NA	NA	NA	NA	NA	NA	NA	NA	NA	NA	NA	NA	NA	NA	NA	NA	NA	NA	NA	NA	NA	NA	NA	NA	NA	NA	NA	NA
ch.3.70573422F	NA	NA	NA	NA	NA	NA	NA	NA	NA	NA	NA	NA	NA	NA	NA	NA	NA	NA	NA	NA	NA	NA	NA	NA	NA	NA	NA	NA	NA	NA	NA	NA	NA	NA	NA	NA
ch.4.109582151R	NA	NA	NA	NA	NA	NA	NA	NA	NA	NA	NA	NA	NA	NA	NA	NA	NA	NA	NA	NA	NA	NA	NA	NA	NA	NA	NA	NA	NA	NA	NA	NA	NA	NA	NA	NA
ch.4.11576235F	0.0846128254232955	0.0704435998866722	0.0607784298844078	0.0671469213498507	0.0448676091290202	0.0492467556909112	0.0387136217522681	0.0624938262162032	0.0758561928424095	0.023024833591975	0.0508159422010091	0.0545254858096932	0.0648292262900867	0.0447383514660581	0.0365097545454591	0.0637739692915573	0.0518537316064003	0.0558439193484016	0.0336291805467344	0.0679478303227518	0.0709640151059508	0.0606785151933595	0.0329011190105268	0.0328869783390739	0.0580003961772901	0.0480916959781642	0.0423031691450621	0.0580878429396137	0.0348522197527621	0.0701882657901725	0.070267040291335	0.0514788458681469	0.040224473175489	0.073761266797677	0.0915763481140145	0.0530054359920648
ch.4.166959540F	NA	NA	NA	NA	NA	NA	NA	NA	NA	NA	NA	NA	NA	NA	NA	NA	NA	NA	NA	NA	NA	NA	NA	NA	NA	NA	NA	NA	NA	NA	NA	NA	NA	NA	NA	NA
ch.5.30573736R	0.107567249237227	0.0823931533419621	0.152278006471784	0.10125142767434	0.0934680845588732	0.0970799878009437	0.0592309430735736	0.111485132941432	0.0843047429598429	0.0836345838918977	0.0708218255020921	0.10926583435239	0.142952121641128	0.123139155910816	0.134948978444435	0.0881891727299147	0.168920543206828	0.109899266869481	0.122600785480687	0.0924164131109834	0.111337558029229	0.10035950959426	0.0688971811269954	0.0670576710138436	0.11687003196401	0.107759571436457	0.08474430417424	0.102137859199243	0.0863924571986341	0.0987068634908061	0.0781739939904722	0.091827930197442	0.110619702456247	0.0792194719990533	0.147681933461761	0.0680647548983863
ch.7.3333777R	0.0543549091889761	0.0606883481657291	0.0462276223988615	0.107537031711383	0.040985141459482	0.0356531653913698	0.0302282808217649	0.0573708411168301	0.0373344007469237	0.040518371346171	0.0418572919877647	0.0513914857990061	0.0426603057361573	0.0327270043004265	0.0489450879010766	0.0658206806303468	0.0713180463135857	0.055040780412513	0.0327787311683108	0.0538984887053631	0.0515962402128123	0.0432597867938238	0.0341122068592902	0.0264249574164641	0.0459168995822399	0.0470061610375912	0.0260601908197203	0.0446568351073989	0.0331494062501549	0.043570608594935	0.0693348637158388	0.0624161290029167	0.0466490634413262	0.0431248475934786	0.0625836675433314	0.0537339179660995
ch.7.83866664R	0.029359624760795	0.0330444740186059	0.0364739300857761	0.0382969873830952	0.0252367284587358	0.020665284235239	0.0179175166471821	0.0295033118782403	0.034896648902	0.0176480653057991	0.0182921501285288	0.028771718744501	0.0260024179253989	0.0232897224174394	0.0213597415523715	0.0376785010452343	0.0245395345698858	0.024796239244084	0.020747139393739	0.0336138236507316	0.0311700867705811	0.0218805428657647	0.0208944272258586	0.0140310360965471	0.0217867270314411	0.0323772805127496	0.0241672090290631	0.0260362257400255	0.0197762653168292	0.0261551935537555	0.0362960374336091	0.025711660012275	0.024690764411416	0.0264340552890403	0.0270634396972248	0.0361850649018153
ch.8.1742370R	NA	NA	NA	NA	NA	NA	NA	NA	NA	NA	NA	NA	NA	NA	NA	NA	NA	NA	NA	NA	NA	NA	NA	NA	NA	NA	NA	NA	NA	NA	NA	NA	NA	NA	NA	NA
ch.8.91748119F	0.0543476297038208	0.0532144784580749	0.041761518986532	0.0608413386772667	0.0355266056621744	0.0376412288034236	0.030511801488901	0.0468609010823998	0.0635245934012762	0.0458416258284633	0.0347990409921019	0.0498439480200582	0.0494002869192593	0.0358504302064352	0.0381293387859546	0.0488692886603123	0.0649508881227553	0.0388160938554896	0.0234915631684654	0.0697885378707401	0.0459851236221044	0.0444568177644595	0.0436678618283109	0.0328113016291224	0.0464995373498476	0.0630942639302824	0.0418741064821685	0.0572321745322389	0.0282478207693755	0.0380299057054749	0.0771512510321103	0.0340350904179091	0.0387445298021585	0.0507906528137749	0.0493176402408949	0.0713412855571238
ch.9.106992904R	NA	NA	NA	NA	NA	NA	NA	NA	NA	NA	NA	NA	NA	NA	NA	NA	NA	NA	NA	NA	NA	NA	NA	NA	NA	NA	NA	NA	NA	NA	NA	NA	NA	NA	NA	NA
