A_CpG_ID	TCGA-N5-A4RV-01A	TCGA-NA-A5I1-01A	TCGA-ND-A4WA-01A	TCGA-N5-A4RO-01A	TCGA-ND-A4WF-01A	TCGA-N6-A4VD-01A	TCGA-N8-A4PQ-01A	TCGA-N5-A4RN-01A	TCGA-N7-A59B-01A	TCGA-N5-A4RU-01A	TCGA-N7-A4Y5-01A	TCGA-N5-A4RS-01A	TCGA-N5-A4RJ-01A	TCGA-N9-A4Q3-01A	TCGA-N8-A4PN-01A	TCGA-N8-A4PI-01A	TCGA-QN-A5NN-01A	TCGA-N8-A4PM-01A	TCGA-NA-A4R1-01A	TCGA-N6-A4VG-01A	TCGA-NF-A5CP-01A	TCGA-N8-A4PP-01A	TCGA-N5-A4RF-01A	TCGA-N5-A4RM-01A	TCGA-N5-A4RT-01A	TCGA-QM-A5NM-01A	TCGA-NA-A4QW-01A	TCGA-ND-A4W6-01A	TCGA-ND-A4WC-01A	TCGA-N9-A4Q7-01A	TCGA-N8-A56S-01A	TCGA-NG-A4VU-01A	TCGA-N5-A59F-01A	TCGA-N9-A4Q8-01A	TCGA-N5-A4R8-01A	TCGA-N7-A4Y8-01A	TCGA-N5-A59E-01A	TCGA-NF-A4WU-01A	TCGA-N9-A4Q1-01A	TCGA-N5-A4RD-01A	TCGA-NF-A4X2-01A	TCGA-N8-A4PO-01A	TCGA-N5-A4RA-01A	TCGA-N6-A4VE-01A	TCGA-NF-A4WX-01A	TCGA-N9-A4PZ-01A	TCGA-NA-A4QX-01A	TCGA-NG-A4VW-01A	TCGA-N6-A4VF-01A	TCGA-N8-A4PL-01A	TCGA-N6-A4V9-01A	TCGA-NA-A4R0-01A	TCGA-N7-A4Y0-01A	TCGA-NA-A4QV-01A	TCGA-N6-A4VC-01A	TCGA-NA-A4QY-01A	TCGA-N9-A4Q4-01A
cg00010242	NA	NA	NA	NA	NA	NA	NA	NA	NA	NA	NA	NA	NA	NA	NA	NA	NA	NA	NA	NA	NA	NA	NA	NA	NA	NA	NA	NA	NA	NA	NA	NA	NA	NA	NA	NA	NA	NA	NA	NA	NA	NA	NA	NA	NA	NA	NA	NA	NA	NA	NA	NA	NA	NA	NA	NA	NA
cg00044501	NA	NA	NA	NA	NA	NA	NA	NA	NA	NA	NA	NA	NA	NA	NA	NA	NA	NA	NA	NA	NA	NA	NA	NA	NA	NA	NA	NA	NA	NA	NA	NA	NA	NA	NA	NA	NA	NA	NA	NA	NA	NA	NA	NA	NA	NA	NA	NA	NA	NA	NA	NA	NA	NA	NA	NA	NA
cg00081852	NA	NA	NA	NA	NA	NA	NA	NA	NA	NA	NA	NA	NA	NA	NA	NA	NA	NA	NA	NA	NA	NA	NA	NA	NA	NA	NA	NA	NA	NA	NA	NA	NA	NA	NA	NA	NA	NA	NA	NA	NA	NA	NA	NA	NA	NA	NA	NA	NA	NA	NA	NA	NA	NA	NA	NA	NA
cg00090612	NA	NA	NA	NA	NA	NA	NA	NA	NA	NA	NA	NA	NA	NA	NA	NA	NA	NA	NA	NA	NA	NA	NA	NA	NA	NA	NA	NA	NA	NA	NA	NA	NA	NA	NA	NA	NA	NA	NA	NA	NA	NA	NA	NA	NA	NA	NA	NA	NA	NA	NA	NA	NA	NA	NA	NA	NA
cg00110695	NA	NA	NA	NA	NA	NA	NA	NA	NA	NA	NA	NA	NA	NA	NA	NA	NA	NA	NA	NA	NA	NA	NA	NA	NA	NA	NA	NA	NA	NA	NA	NA	NA	NA	NA	NA	NA	NA	NA	NA	NA	NA	NA	NA	NA	NA	NA	NA	NA	NA	NA	NA	NA	NA	NA	NA	NA
cg00114618	NA	NA	NA	NA	NA	NA	NA	NA	NA	NA	NA	NA	NA	NA	NA	NA	NA	NA	NA	NA	NA	NA	NA	NA	NA	NA	NA	NA	NA	NA	NA	NA	NA	NA	NA	NA	NA	NA	NA	NA	NA	NA	NA	NA	NA	NA	NA	NA	NA	NA	NA	NA	NA	NA	NA	NA	NA
cg00116558	NA	NA	NA	NA	NA	NA	NA	NA	NA	NA	NA	NA	NA	NA	NA	NA	NA	NA	NA	NA	NA	NA	NA	NA	NA	NA	NA	NA	NA	NA	NA	NA	NA	NA	NA	NA	NA	NA	NA	NA	NA	NA	NA	NA	NA	NA	NA	NA	NA	NA	NA	NA	NA	NA	NA	NA	NA
cg00178785	NA	NA	NA	NA	NA	NA	NA	NA	NA	NA	NA	NA	NA	NA	NA	NA	NA	NA	NA	NA	NA	NA	NA	NA	NA	NA	NA	NA	NA	NA	NA	NA	NA	NA	NA	NA	NA	NA	NA	NA	NA	NA	NA	NA	NA	NA	NA	NA	NA	NA	NA	NA	NA	NA	NA	NA	NA
cg00241482	NA	NA	NA	NA	NA	NA	NA	NA	NA	NA	NA	NA	NA	NA	NA	NA	NA	NA	NA	NA	NA	NA	NA	NA	NA	NA	NA	NA	NA	NA	NA	NA	NA	NA	NA	NA	NA	NA	NA	NA	NA	NA	NA	NA	NA	NA	NA	NA	NA	NA	NA	NA	NA	NA	NA	NA	NA
cg00247803	NA	NA	NA	NA	NA	NA	NA	NA	NA	NA	NA	NA	NA	NA	NA	NA	NA	NA	NA	NA	NA	NA	NA	NA	NA	NA	NA	NA	NA	NA	NA	NA	NA	NA	NA	NA	NA	NA	NA	NA	NA	NA	NA	NA	NA	NA	NA	NA	NA	NA	NA	NA	NA	NA	NA	NA	NA
cg00253854	NA	NA	NA	NA	NA	NA	NA	NA	NA	NA	NA	NA	NA	NA	NA	NA	NA	NA	NA	NA	NA	NA	NA	NA	NA	NA	NA	NA	NA	NA	NA	NA	NA	NA	NA	NA	NA	NA	NA	NA	NA	NA	NA	NA	NA	NA	NA	NA	NA	NA	NA	NA	NA	NA	NA	NA	NA
cg00264298	NA	NA	NA	NA	NA	NA	NA	NA	NA	NA	NA	NA	NA	NA	NA	NA	NA	NA	NA	NA	NA	NA	NA	NA	NA	NA	NA	NA	NA	NA	NA	NA	NA	NA	NA	NA	NA	NA	NA	NA	NA	NA	NA	NA	NA	NA	NA	NA	NA	NA	NA	NA	NA	NA	NA	NA	NA
cg00301256	NA	NA	NA	NA	NA	NA	NA	NA	NA	NA	NA	NA	NA	NA	NA	NA	NA	NA	NA	NA	NA	NA	NA	NA	NA	NA	NA	NA	NA	NA	NA	NA	NA	NA	NA	NA	NA	NA	NA	NA	NA	NA	NA	NA	NA	NA	NA	NA	NA	NA	NA	NA	NA	NA	NA	NA	NA
cg00314276	NA	NA	NA	NA	NA	NA	NA	NA	NA	NA	NA	NA	NA	NA	NA	NA	NA	NA	NA	NA	NA	NA	NA	NA	NA	NA	NA	NA	NA	NA	NA	NA	NA	NA	NA	NA	NA	NA	NA	NA	NA	NA	NA	NA	NA	NA	NA	NA	NA	NA	NA	NA	NA	NA	NA	NA	NA
cg00318682	0.779855422014186	0.632926936973511	0.888074256501931	0.498526897938249	0.612266133502602	0.585639866158408	0.57009704090934	0.280696782868887	0.896036962943235	0.430693198019052	0.741045043268111	0.70852332026808	0.655289572221951	0.781008760865381	0.752253891666422	0.752970306254997	0.647860921189627	0.760789808806196	0.515739939043096	0.890185828191189	0.820345619825691	0.802309842225052	0.420222170509567	0.711199783159494	0.474360878496644	0.650203886340699	0.714123658135165	0.65871552059823	0.890645314151271	0.863099792089987	0.795229700089373	0.727645284365051	0.76328661019466	0.844016697376823	0.515117388959476	0.868412485221728	0.542012843011534	0.909404833080829	0.787629918310184	0.516498538531948	0.42423768138447	0.754211050803695	0.749307113301272	0.602158184458732	0.703404137458405	0.712006499192483	0.596051234470675	0.9111888032425	0.652190462347559	0.877330373407719	0.643652523179532	0.7712346992718	0.19737211164728	0.787512025416852	0.875209240803135	0.763164999577655	0.559994485908633
cg00336555	NA	NA	NA	NA	NA	NA	NA	NA	NA	NA	NA	NA	NA	NA	NA	NA	NA	NA	NA	NA	NA	NA	NA	NA	NA	NA	NA	NA	NA	NA	NA	NA	NA	NA	NA	NA	NA	NA	NA	NA	NA	NA	NA	NA	NA	NA	NA	NA	NA	NA	NA	NA	NA	NA	NA	NA	NA
cg00359421	NA	NA	NA	NA	NA	NA	NA	NA	NA	NA	NA	NA	NA	NA	NA	NA	NA	NA	NA	NA	NA	NA	NA	NA	NA	NA	NA	NA	NA	NA	NA	NA	NA	NA	NA	NA	NA	NA	NA	NA	NA	NA	NA	NA	NA	NA	NA	NA	NA	NA	NA	NA	NA	NA	NA	NA	NA
cg00379272	NA	NA	NA	NA	NA	NA	NA	NA	NA	NA	NA	NA	NA	NA	NA	NA	NA	NA	NA	NA	NA	NA	NA	NA	NA	NA	NA	NA	NA	NA	NA	NA	NA	NA	NA	NA	NA	NA	NA	NA	NA	NA	NA	NA	NA	NA	NA	NA	NA	NA	NA	NA	NA	NA	NA	NA	NA
cg00410323	NA	NA	NA	NA	NA	NA	NA	NA	NA	NA	NA	NA	NA	NA	NA	NA	NA	NA	NA	NA	NA	NA	NA	NA	NA	NA	NA	NA	NA	NA	NA	NA	NA	NA	NA	NA	NA	NA	NA	NA	NA	NA	NA	NA	NA	NA	NA	NA	NA	NA	NA	NA	NA	NA	NA	NA	NA
cg00422716	NA	NA	NA	NA	NA	NA	NA	NA	NA	NA	NA	NA	NA	NA	NA	NA	NA	NA	NA	NA	NA	NA	NA	NA	NA	NA	NA	NA	NA	NA	NA	NA	NA	NA	NA	NA	NA	NA	NA	NA	NA	NA	NA	NA	NA	NA	NA	NA	NA	NA	NA	NA	NA	NA	NA	NA	NA
cg00440702	NA	NA	NA	NA	NA	NA	NA	NA	NA	NA	NA	NA	NA	NA	NA	NA	NA	NA	NA	NA	NA	NA	NA	NA	NA	NA	NA	NA	NA	NA	NA	NA	NA	NA	NA	NA	NA	NA	NA	NA	NA	NA	NA	NA	NA	NA	NA	NA	NA	NA	NA	NA	NA	NA	NA	NA	NA
cg00480643	NA	NA	NA	NA	NA	NA	NA	NA	NA	NA	NA	NA	NA	NA	NA	NA	NA	NA	NA	NA	NA	NA	NA	NA	NA	NA	NA	NA	NA	NA	NA	NA	NA	NA	NA	NA	NA	NA	NA	NA	NA	NA	NA	NA	NA	NA	NA	NA	NA	NA	NA	NA	NA	NA	NA	NA	NA
cg00489467	0.87797431931463	0.94592595165641	0.958233599060032	0.86173869052688	0.927488661097175	0.943709822001504	0.944521236490008	0.953513104047033	0.972862110005731	0.961226679388982	0.969562355163101	0.943793909977898	0.940307017504137	0.95454801724875	0.971556239680011	0.940580218237155	0.95717612659788	0.929921454559051	0.813644066472467	0.95848233564621	0.919092319106793	0.959786337401279	0.948096633285183	0.958796209999033	0.924116290914717	0.961393935861339	0.95005819064052	0.936604523022195	0.951176763828247	0.936664888062078	0.967560648781177	0.941385399802997	0.902727885044854	0.963216257775376	0.937262687864294	0.950819305637978	0.873855243643387	0.964056970917227	0.938231207659112	0.928008498367875	0.962442728798719	0.963173182100912	0.901726713085754	0.958791417118003	0.952653199417078	0.960987572675583	0.964747878289832	0.947529867359209	0.928589470161959	0.96216514556924	0.900746566569284	0.945778869075749	0.611874335204933	0.952670730179453	0.936791154119422	0.962020766656624	0.927756085349257
cg00502041	NA	NA	NA	NA	NA	NA	NA	NA	NA	NA	NA	NA	NA	NA	NA	NA	NA	NA	NA	NA	NA	NA	NA	NA	NA	NA	NA	NA	NA	NA	NA	NA	NA	NA	NA	NA	NA	NA	NA	NA	NA	NA	NA	NA	NA	NA	NA	NA	NA	NA	NA	NA	NA	NA	NA	NA	NA
cg00506859	NA	NA	NA	NA	NA	NA	NA	NA	NA	NA	NA	NA	NA	NA	NA	NA	NA	NA	NA	NA	NA	NA	NA	NA	NA	NA	NA	NA	NA	NA	NA	NA	NA	NA	NA	NA	NA	NA	NA	NA	NA	NA	NA	NA	NA	NA	NA	NA	NA	NA	NA	NA	NA	NA	NA	NA	NA
cg00516867	0.202313990600566	0.224743417246404	0.688655444271577	0.125164070878058	0.0781807046311321	0.344392500308374	0.352719401158068	0.128661816815691	0.801651592536053	0.25462315940388	0.383055165270304	0.485772641193634	0.293480513708141	0.349294318398202	0.470003962034819	0.437271021020905	0.165642214115212	0.194362922826781	0.30012205406939	0.780050625184411	0.472355292843673	0.557986895330586	0.309554879039331	0.23698460476658	0.231275128695702	0.479524582306175	0.544720764027983	0.554250276278597	0.827412913147457	0.407112764070579	0.510560068456933	0.374430954638828	0.225438980043375	0.157422992224048	0.236873871292375	0.2078044040766	0.297911216070388	0.653010364034234	0.747444659440052	0.291564071511372	0.283036610775055	0.374830468291732	0.653031736965862	0.388115739015415	0.238673887433746	0.436082910994998	0.328029903778745	0.760098315420466	0.337282854201838	0.534391036372848	0.760490864648503	0.515835024122639	0.189837824292119	0.279560816725053	0.702381499880235	0.391733879268617	0.192769536897756
cg00531054	NA	NA	NA	NA	NA	NA	NA	NA	NA	NA	NA	NA	NA	NA	NA	NA	NA	NA	NA	NA	NA	NA	NA	NA	NA	NA	NA	NA	NA	NA	NA	NA	NA	NA	NA	NA	NA	NA	NA	NA	NA	NA	NA	NA	NA	NA	NA	NA	NA	NA	NA	NA	NA	NA	NA	NA	NA
cg00552235	NA	NA	NA	NA	NA	NA	NA	NA	NA	NA	NA	NA	NA	NA	NA	NA	NA	NA	NA	NA	NA	NA	NA	NA	NA	NA	NA	NA	NA	NA	NA	NA	NA	NA	NA	NA	NA	NA	NA	NA	NA	NA	NA	NA	NA	NA	NA	NA	NA	NA	NA	NA	NA	NA	NA	NA	NA
cg00589791	NA	NA	NA	NA	NA	NA	NA	NA	NA	NA	NA	NA	NA	NA	NA	NA	NA	NA	NA	NA	NA	NA	NA	NA	NA	NA	NA	NA	NA	NA	NA	NA	NA	NA	NA	NA	NA	NA	NA	NA	NA	NA	NA	NA	NA	NA	NA	NA	NA	NA	NA	NA	NA	NA	NA	NA	NA
cg00591353	0.836461769769784	0.882273500164129	0.901209451727816	NA	NA	0.887649388204175	0.868723675194842	0.801053825710461	NA	0.872805536372327	0.889258495416454	0.89331630679086	0.866809913098734	0.860996478326764	NA	0.828330195236131	NA	NA	0.860147068373654	NA	NA	0.881017440240902	NA	0.852660618898278	NA	NA	0.855870452206111	NA	NA	0.840688927372639	NA	0.884180453019089	NA	0.824114056676404	NA	NA	NA	NA	NA	0.799312007198723	NA	0.877125954395808	NA	NA	0.894401984789233	0.856160356766773	0.847477151686822	0.889942990565656	0.904616181694024	0.874672418300759	NA	0.862821084120506	0.843004083402164	0.855739616898823	NA	0.852060933898841	NA
cg00594488	NA	NA	NA	NA	NA	NA	NA	NA	NA	NA	NA	NA	NA	NA	NA	NA	NA	NA	NA	NA	NA	NA	NA	NA	NA	NA	NA	NA	NA	NA	NA	NA	NA	NA	NA	NA	NA	NA	NA	NA	NA	NA	NA	NA	NA	NA	NA	NA	NA	NA	NA	NA	NA	NA	NA	NA	NA
cg00687674	0.361607152614844	0.15077326256807	0.268871331409335	0.190851325998161	0.296451402536124	0.104733926080126	0.390015598321334	0.123254105868614	0.0918227741921769	0.298426514832033	0.627044616808143	0.191248137093235	0.333907961194962	0.116167631054425	0.450406618937	0.0845035634330026	0.222083593121687	0.145764037634624	0.655468579143342	0.244717144726992	0.392404792681129	0.233119976411733	0.0828900747253829	0.155646965925581	0.090948769629123	0.0752290963029481	0.609413342882921	0.31629360918036	0.207307805537503	0.315871646534978	0.237434178579635	0.42112179627753	0.17840998505283	0.133410597675507	0.123148663893998	0.0601933242643095	0.122336057118574	0.237069521616362	0.348562493000653	0.0877732725671159	0.203701484677207	0.153517364212415	0.496882885861295	0.130557802068859	0.390496510282822	0.0761495537847778	0.509718693979692	0.39037755948143	0.231509487890765	0.0961592174584078	0.0702067370925277	0.30019568661923	0.174803061243171	0.164070425112559	0.136973852981401	0.323922203801675	0.441997251131508
cg00702369	NA	NA	NA	NA	NA	NA	NA	NA	NA	NA	NA	NA	NA	NA	NA	NA	NA	NA	NA	NA	NA	NA	NA	NA	NA	NA	NA	NA	NA	NA	NA	NA	NA	NA	NA	NA	NA	NA	NA	NA	NA	NA	NA	NA	NA	NA	NA	NA	NA	NA	NA	NA	NA	NA	NA	NA	NA
cg00727386	NA	NA	NA	NA	NA	NA	NA	NA	NA	NA	NA	NA	NA	NA	NA	NA	NA	NA	NA	NA	NA	NA	NA	NA	NA	NA	NA	NA	NA	NA	NA	NA	NA	NA	NA	NA	NA	NA	NA	NA	NA	NA	NA	NA	NA	NA	NA	NA	NA	NA	NA	NA	NA	NA	NA	NA	NA
cg00738299	NA	NA	NA	NA	NA	NA	NA	NA	NA	NA	NA	NA	NA	NA	NA	NA	NA	NA	NA	NA	NA	NA	NA	NA	NA	NA	NA	NA	NA	NA	NA	NA	NA	NA	NA	NA	NA	NA	NA	NA	NA	NA	NA	NA	NA	NA	NA	NA	NA	NA	NA	NA	NA	NA	NA	NA	NA
cg00795247	NA	NA	NA	NA	NA	NA	NA	NA	NA	NA	NA	NA	NA	NA	NA	NA	NA	NA	NA	NA	NA	NA	NA	NA	NA	NA	NA	NA	NA	NA	NA	NA	NA	NA	NA	NA	NA	NA	NA	NA	NA	NA	NA	NA	NA	NA	NA	NA	NA	NA	NA	NA	NA	NA	NA	NA	NA
cg00795885	NA	NA	NA	NA	NA	NA	NA	NA	NA	NA	NA	NA	NA	NA	NA	NA	NA	NA	NA	NA	NA	NA	NA	NA	NA	NA	NA	NA	NA	NA	NA	NA	NA	NA	NA	NA	NA	NA	NA	NA	NA	NA	NA	NA	NA	NA	NA	NA	NA	NA	NA	NA	NA	NA	NA	NA	NA
cg00809453	NA	NA	NA	NA	NA	NA	NA	NA	NA	NA	NA	NA	NA	NA	NA	NA	NA	NA	NA	NA	NA	NA	NA	NA	NA	NA	NA	NA	NA	NA	NA	NA	NA	NA	NA	NA	NA	NA	NA	NA	NA	NA	NA	NA	NA	NA	NA	NA	NA	NA	NA	NA	NA	NA	NA	NA	NA
cg00812839	NA	NA	NA	NA	NA	NA	NA	NA	NA	NA	NA	NA	NA	NA	NA	NA	NA	NA	NA	NA	NA	NA	NA	NA	NA	NA	NA	NA	NA	NA	NA	NA	NA	NA	NA	NA	NA	NA	NA	NA	NA	NA	NA	NA	NA	NA	NA	NA	NA	NA	NA	NA	NA	NA	NA	NA	NA
cg00834234	NA	NA	NA	NA	NA	NA	NA	NA	NA	NA	NA	NA	NA	NA	NA	NA	NA	NA	NA	NA	NA	NA	NA	NA	NA	NA	NA	NA	NA	NA	NA	NA	NA	NA	NA	NA	NA	NA	NA	NA	NA	NA	NA	NA	NA	NA	NA	NA	NA	NA	NA	NA	NA	NA	NA	NA	NA
cg00850868	NA	NA	NA	NA	NA	NA	NA	NA	NA	NA	NA	NA	NA	NA	NA	NA	NA	NA	NA	NA	NA	NA	NA	NA	NA	NA	NA	NA	NA	NA	NA	NA	NA	NA	NA	NA	NA	NA	NA	NA	NA	NA	NA	NA	NA	NA	NA	NA	NA	NA	NA	NA	NA	NA	NA	NA	NA
cg00894142	NA	NA	NA	NA	NA	NA	NA	NA	NA	NA	NA	NA	NA	NA	NA	NA	NA	NA	NA	NA	NA	NA	NA	NA	NA	NA	NA	NA	NA	NA	NA	NA	NA	NA	NA	NA	NA	NA	NA	NA	NA	NA	NA	NA	NA	NA	NA	NA	NA	NA	NA	NA	NA	NA	NA	NA	NA
cg00919576	NA	NA	NA	NA	NA	NA	NA	NA	NA	NA	NA	NA	NA	NA	NA	NA	NA	NA	NA	NA	NA	NA	NA	NA	NA	NA	NA	NA	NA	NA	NA	NA	NA	NA	NA	NA	NA	NA	NA	NA	NA	NA	NA	NA	NA	NA	NA	NA	NA	NA	NA	NA	NA	NA	NA	NA	NA
cg00954931	NA	NA	NA	NA	NA	NA	NA	NA	NA	NA	NA	NA	NA	NA	NA	NA	NA	NA	NA	NA	NA	NA	NA	NA	NA	NA	NA	NA	NA	NA	NA	NA	NA	NA	NA	NA	NA	NA	NA	NA	NA	NA	NA	NA	NA	NA	NA	NA	NA	NA	NA	NA	NA	NA	NA	NA	NA
cg01000036	NA	NA	NA	NA	NA	NA	NA	NA	NA	NA	NA	NA	NA	NA	NA	NA	NA	NA	NA	NA	NA	NA	NA	NA	NA	NA	NA	NA	NA	NA	NA	NA	NA	NA	NA	NA	NA	NA	NA	NA	NA	NA	NA	NA	NA	NA	NA	NA	NA	NA	NA	NA	NA	NA	NA	NA	NA
cg01009068	0.930445418381134	0.951639056099201	0.94699795234024	0.927453762173239	0.90897985886074	0.948320918924729	0.936201305751914	0.910381096211825	0.93720317740666	0.919797426330537	0.960542351880977	0.954692578037511	0.947355086607285	0.948275406817283	0.932494683431885	0.938149054901563	0.932921117567101	0.927947265897314	0.908087203308146	0.941874194223641	0.942862688348563	0.93289253970781	0.915936480314099	0.934225077556989	0.919060035428696	0.926187517039903	0.923606065210107	0.901765394643007	0.913131496203502	0.916819709820515	0.934374758790571	0.936258601765268	0.89852993708317	0.941440268845942	0.937604273224462	0.936142759496984	0.905011072938052	0.944131216115544	0.942292801188717	0.933685790527189	0.913788754220612	0.94409777664723	0.949661004919928	0.927471026399666	0.942509552916004	0.921036056435714	0.929323997634399	0.93194491867422	0.927442392322783	0.939931829017088	0.941101020858085	0.924758262565634	NA	0.947502128135456	0.937345170411798	0.931524148131117	0.943410288175957
cg01049884	0.940484292659602	0.984159112822765	0.897144472768847	0.981871618938007	0.979287299791671	0.953075363372627	0.971121780775174	0.966409440798189	0.945618948865021	0.983288514460252	0.983941555030454	0.974083781894708	0.963994704038248	0.946833466120708	0.983410020463837	0.979059773788286	0.967210329147995	0.979355575538044	0.971217592520871	0.977118000650215	0.965153922668196	0.96192912218975	0.966040136524268	0.978559111293541	0.974133619474437	0.941920598599161	0.946285371858163	0.982538122942465	0.93598369894206	0.972228066180802	0.930116911788003	0.971641949318332	0.98040749762104	0.964517701830745	0.980493692666229	0.977615413897243	0.981787841138581	0.947145864303099	0.979158211284812	0.971051913545971	0.955039741852029	0.98350084710707	0.983797609101094	0.976296569325841	0.956983364484427	0.978263372051414	0.976015006874359	0.948456046480573	0.953346711217988	0.95812754515001	0.928422216941366	0.982660509978292	0.981769357783338	0.978648403238187	0.961942506018254	0.972825683921325	0.983905076992384
cg01052572	NA	NA	NA	NA	NA	NA	NA	NA	NA	NA	NA	NA	NA	NA	NA	NA	NA	NA	NA	NA	NA	NA	NA	NA	NA	NA	NA	NA	NA	NA	NA	NA	NA	NA	NA	NA	NA	NA	NA	NA	NA	NA	NA	NA	NA	NA	NA	NA	NA	NA	NA	NA	NA	NA	NA	NA	NA
cg01080483	NA	NA	NA	NA	NA	NA	NA	NA	NA	NA	NA	NA	NA	NA	NA	NA	NA	NA	NA	NA	NA	NA	NA	NA	NA	NA	NA	NA	NA	NA	NA	NA	NA	NA	NA	NA	NA	NA	NA	NA	NA	NA	NA	NA	NA	NA	NA	NA	NA	NA	NA	NA	NA	NA	NA	NA	NA
cg01132485	0.463680873221446	0.915153797036288	0.369867888371689	0.878089041907884	0.70871087211605	0.652680323358188	0.85641768807931	0.366432158880161	0.539318135600254	0.681599614429345	0.881012136420072	0.883985904721195	0.865974077864727	0.704239465226814	0.924518995793788	0.90013735150151	0.878597702045392	0.849672708699055	0.608572765650981	0.899537955393572	0.657640264620812	0.779000443562714	0.403864551113756	0.811216713491311	0.897028045592323	0.472536546895739	0.86302161661763	0.821778391390586	0.713701821017889	0.589322456714194	0.680761620861154	0.824025711121897	0.81919627683263	0.870086978524855	0.621658662982246	0.907417098910874	0.897728229953853	0.780532093823176	0.845971245820886	0.334549971495726	0.688381564943794	0.678371934978899	0.859263253859196	0.601246157377486	0.88516525088371	0.556432833676357	0.516205793689378	0.728435508106342	0.742958653582306	0.887920187765244	0.900385574104396	0.674721864036402	0.248156589488315	0.895820528618762	0.553102325693635	0.701668179074835	0.212985210972448
cg01135961	NA	NA	NA	NA	NA	NA	NA	NA	NA	NA	NA	NA	NA	NA	NA	NA	NA	NA	NA	NA	NA	NA	NA	NA	NA	NA	NA	NA	NA	NA	NA	NA	NA	NA	NA	NA	NA	NA	NA	NA	NA	NA	NA	NA	NA	NA	NA	NA	NA	NA	NA	NA	NA	NA	NA	NA	NA
cg01137421	NA	NA	NA	NA	NA	NA	NA	NA	NA	NA	NA	NA	NA	NA	NA	NA	NA	NA	NA	NA	NA	NA	NA	NA	NA	NA	NA	NA	NA	NA	NA	NA	NA	NA	NA	NA	NA	NA	NA	NA	NA	NA	NA	NA	NA	NA	NA	NA	NA	NA	NA	NA	NA	NA	NA	NA	NA
cg01154525	NA	NA	NA	NA	NA	NA	NA	NA	NA	NA	NA	NA	NA	NA	NA	NA	NA	NA	NA	NA	NA	NA	NA	NA	NA	NA	NA	NA	NA	NA	NA	NA	NA	NA	NA	NA	NA	NA	NA	NA	NA	NA	NA	NA	NA	NA	NA	NA	NA	NA	NA	NA	NA	NA	NA	NA	NA
cg01163994	0.468454372477678	0.944416066888812	0.846148265250272	0.714958001547074	0.768854916680869	0.887070138022029	0.833981466174648	0.153508318550941	0.854974148376167	0.367860853773264	0.956360000222763	0.934722082613547	0.899898446754225	0.9277538581717	0.900037806212651	0.408289900456932	0.518749972916083	0.908989961652745	0.457307934031387	0.935828690117295	0.922605737682013	0.843206594433105	0.929363831157211	0.895195529885604	0.798599147821952	0.655305535404631	0.854269380862126	0.838554001096874	0.902623999733615	0.874870324583207	0.866768469516418	0.844912964086682	0.822798014245918	0.90177982444111	0.909324081896273	0.47112647978541	0.729365195225791	0.928478728093524	0.869519965608551	0.329007903867417	0.418398367691376	0.862617111825995	0.766151107556434	0.759615041581608	0.935592212244231	0.562032970164204	0.727894363413903	0.939481955005434	0.927099102239816	0.92175597279743	0.913655001407814	0.90123504651621	0.157363397132704	0.904104142803813	0.893826120582293	0.934897113833333	0.4056558291871
cg01204669	NA	NA	NA	NA	NA	NA	NA	NA	NA	NA	NA	NA	NA	NA	NA	NA	NA	NA	NA	NA	NA	NA	NA	NA	NA	NA	NA	NA	NA	NA	NA	NA	NA	NA	NA	NA	NA	NA	NA	NA	NA	NA	NA	NA	NA	NA	NA	NA	NA	NA	NA	NA	NA	NA	NA	NA	NA
cg01206398	NA	NA	NA	NA	NA	NA	NA	NA	NA	NA	NA	NA	NA	NA	NA	NA	NA	NA	NA	NA	NA	NA	NA	NA	NA	NA	NA	NA	NA	NA	NA	NA	NA	NA	NA	NA	NA	NA	NA	NA	NA	NA	NA	NA	NA	NA	NA	NA	NA	NA	NA	NA	NA	NA	NA	NA	NA
cg01230154	NA	NA	NA	NA	NA	NA	NA	NA	NA	NA	NA	NA	NA	NA	NA	NA	NA	NA	NA	NA	NA	NA	NA	NA	NA	NA	NA	NA	NA	NA	NA	NA	NA	NA	NA	NA	NA	NA	NA	NA	NA	NA	NA	NA	NA	NA	NA	NA	NA	NA	NA	NA	NA	NA	NA	NA	NA
cg01231757	NA	NA	NA	NA	NA	NA	NA	NA	NA	NA	NA	NA	NA	NA	NA	NA	NA	NA	NA	NA	NA	NA	NA	NA	NA	NA	NA	NA	NA	NA	NA	NA	NA	NA	NA	NA	NA	NA	NA	NA	NA	NA	NA	NA	NA	NA	NA	NA	NA	NA	NA	NA	NA	NA	NA	NA	NA
cg01251118	NA	NA	NA	NA	NA	NA	NA	NA	NA	NA	NA	NA	NA	NA	NA	NA	NA	NA	NA	NA	NA	NA	NA	NA	NA	NA	NA	NA	NA	NA	NA	NA	NA	NA	NA	NA	NA	NA	NA	NA	NA	NA	NA	NA	NA	NA	NA	NA	NA	NA	NA	NA	NA	NA	NA	NA	NA
cg01331064	NA	NA	NA	NA	NA	NA	NA	NA	NA	NA	NA	NA	NA	NA	NA	NA	NA	NA	NA	NA	NA	NA	NA	NA	NA	NA	NA	NA	NA	NA	NA	NA	NA	NA	NA	NA	NA	NA	NA	NA	NA	NA	NA	NA	NA	NA	NA	NA	NA	NA	NA	NA	NA	NA	NA	NA	NA
cg01352656	0.0405050420988878	0.0294724280473486	0.0295753647943279	0.0221849541104512	0.0274820067184716	0.0401698495784751	0.0293559865467437	0.0327161121486673	0.0241843842597386	0.0249260701816845	0.0306730879491119	0.0237295903396224	0.0215413536519061	0.0288367024648241	0.0224722129852313	0.0364208609295786	0.0315138362436736	0.0493972487980056	0.252251296925334	0.0295371603201669	0.0294390838582461	0.18711795234962	0.0426636589052345	0.03030257500265	0.0375411365463928	0.874412224164964	0.0290150932582105	0.0631431549125383	0.0648666131349066	0.0771338059684033	0.0684034441683513	0.016265687131916	0.0464011904530007	0.760602351645066	0.0436862747984581	0.237791364311607	0.038690258386372	0.0292437843665939	0.0276323428500059	0.0361222621940671	0.152238289215554	0.34366942184345	0.048984767581389	0.0757403918708838	0.0287071590089246	0.766423907242572	0.0224631743641281	0.0762306175381444	0.108382655947654	0.0219618533674455	0.0396483072176292	0.0385738489709268	0.0515075648713222	0.0236253309647958	0.0315190330144144	0.161924190785765	0.0262237872811543
cg01372572	0.557297043821113	0.684709858700052	0.761252662310025	0.662196924138768	0.176787587396305	0.332310387944286	0.690815668814124	0.52652425990182	0.862025086062722	0.441499187643053	0.809616236611149	0.677214789199256	0.585589119979799	0.690343924628905	0.753906070734055	0.505556951081025	0.643788601816619	0.679514426918615	0.454724838249694	0.726975288058956	0.742034959430826	0.515214492746453	0.293697960641062	0.581419972311188	0.377502718200142	0.400030627744215	0.750227940049394	0.669402702061685	0.762654781968268	0.48910845587739	0.68229118260463	0.261047902363768	0.555525966696903	0.671663431787694	0.494497474022593	0.825860215618033	0.577792284719665	0.744627474215381	0.69533189535696	0.540468333102566	0.29986636191533	0.833425227761567	0.686316413217138	0.727058844575388	0.794988989989381	0.543382612443494	0.720566976278299	0.716930702224211	0.693260162715065	0.79517021756593	0.565612365093047	0.517021375901094	0.348311118114546	0.793370334116418	0.760899389699315	0.726224650966776	0.150311494788904
cg01389383	NA	NA	NA	NA	NA	NA	NA	NA	NA	NA	NA	NA	NA	NA	NA	NA	NA	NA	NA	NA	NA	NA	NA	NA	NA	NA	NA	NA	NA	NA	NA	NA	NA	NA	NA	NA	NA	NA	NA	NA	NA	NA	NA	NA	NA	NA	NA	NA	NA	NA	NA	NA	NA	NA	NA	NA	NA
cg01404122	0.524073368601945	0.865424353748327	0.897210358223303	0.6820654921843	0.420924474245785	0.865738831374096	0.60485689619541	0.367233378032355	0.94617615248114	0.399005080494265	0.784920766173345	0.68400740678154	0.773989505699624	0.902323293575277	0.866500727571195	0.671412061392345	0.304432078214996	0.78923653031661	0.783268426346173	0.824823785275627	0.873846928188769	0.790202295919499	0.716463446090205	0.716768339162007	0.365259326842527	0.820226722967334	0.861246282336903	0.723517684006286	0.770619850095311	0.817405911455253	0.788750851163522	0.892682877285075	0.695238195489961	0.894199658252077	0.365123817799417	0.413661182450159	0.431131051874612	0.928335952265779	0.868434590534478	0.485319007101045	0.237115057289361	0.841166312831925	0.852101641676861	0.760035773039788	0.89639827769413	0.651523793750717	0.667716279634698	0.771369119477017	0.67062577110065	0.691842692355338	0.684667713377558	0.820213974049371	0.162949640264082	0.315093023325397	0.866415079929269	0.886979322916004	0.614995524103411
cg01449444	NA	NA	NA	NA	NA	NA	NA	NA	NA	NA	NA	NA	NA	NA	NA	NA	NA	NA	NA	NA	NA	NA	NA	NA	NA	NA	NA	NA	NA	NA	NA	NA	NA	NA	NA	NA	NA	NA	NA	NA	NA	NA	NA	NA	NA	NA	NA	NA	NA	NA	NA	NA	NA	NA	NA	NA	NA
cg01522278	NA	NA	NA	NA	NA	NA	NA	NA	NA	NA	NA	NA	NA	NA	NA	NA	NA	NA	NA	NA	NA	NA	NA	NA	NA	NA	NA	NA	NA	NA	NA	NA	NA	NA	NA	NA	NA	NA	NA	NA	NA	NA	NA	NA	NA	NA	NA	NA	NA	NA	NA	NA	NA	NA	NA	NA	NA
cg01579172	NA	NA	NA	NA	NA	NA	NA	NA	NA	NA	NA	NA	NA	NA	NA	NA	NA	NA	NA	NA	NA	NA	NA	NA	NA	NA	NA	NA	NA	NA	NA	NA	NA	NA	NA	NA	NA	NA	NA	NA	NA	NA	NA	NA	NA	NA	NA	NA	NA	NA	NA	NA	NA	NA	NA	NA	NA
cg01637519	NA	NA	NA	NA	NA	NA	NA	NA	NA	NA	NA	NA	NA	NA	NA	NA	NA	NA	NA	NA	NA	NA	NA	NA	NA	NA	NA	NA	NA	NA	NA	NA	NA	NA	NA	NA	NA	NA	NA	NA	NA	NA	NA	NA	NA	NA	NA	NA	NA	NA	NA	NA	NA	NA	NA	NA	NA
cg01638082	NA	NA	NA	NA	NA	NA	NA	NA	NA	NA	NA	NA	NA	NA	NA	NA	NA	NA	NA	NA	NA	NA	NA	NA	NA	NA	NA	NA	NA	NA	NA	NA	NA	NA	NA	NA	NA	NA	NA	NA	NA	NA	NA	NA	NA	NA	NA	NA	NA	NA	NA	NA	NA	NA	NA	NA	NA
cg01644640	0.907066093258171	0.321486558082322	0.448298396751552	0.51873381722825	0.878099270108942	0.923820081095053	0.657065191105802	0.485426726158822	0.91927525738559	0.794806052950225	0.913665932300653	0.489651416737012	0.635602934470243	0.459001164165173	0.790564865535996	0.791549374894531	0.825073274253145	0.393705214978039	0.702836056719416	0.794776052315387	0.879700547004927	0.732723573941834	0.77637847789647	0.916722336325337	0.73421184295457	0.901826262495021	0.724250799319652	0.720972827605227	0.839052819601649	0.693299263795249	0.587136728358442	0.86866801931564	0.510521495387736	0.435865878958398	0.506009706133079	0.900343431253505	0.502352994750304	0.404193866427513	0.67455861527643	0.717789680533367	0.464651592275743	0.688520432358697	0.709844510410281	0.271882322644379	0.742653980537857	0.886628831325071	0.851203140212183	0.901300773890506	0.703422228594655	0.867970571273842	0.871979480185098	0.8669424351295	0.13572885756864	0.890679853224329	0.12132574550933	0.76098223160627	0.579863492627053
cg01659483	NA	NA	NA	NA	NA	NA	NA	NA	NA	NA	NA	NA	NA	NA	NA	NA	NA	NA	NA	NA	NA	NA	NA	NA	NA	NA	NA	NA	NA	NA	NA	NA	NA	NA	NA	NA	NA	NA	NA	NA	NA	NA	NA	NA	NA	NA	NA	NA	NA	NA	NA	NA	NA	NA	NA	NA	NA
cg01711850	NA	NA	NA	NA	NA	NA	NA	NA	NA	NA	NA	NA	NA	NA	NA	NA	NA	NA	NA	NA	NA	NA	NA	NA	NA	NA	NA	NA	NA	NA	NA	NA	NA	NA	NA	NA	NA	NA	NA	NA	NA	NA	NA	NA	NA	NA	NA	NA	NA	NA	NA	NA	NA	NA	NA	NA	NA
cg01729288	NA	NA	NA	NA	NA	NA	NA	NA	NA	NA	NA	NA	NA	NA	NA	NA	NA	NA	NA	NA	NA	NA	NA	NA	NA	NA	NA	NA	NA	NA	NA	NA	NA	NA	NA	NA	NA	NA	NA	NA	NA	NA	NA	NA	NA	NA	NA	NA	NA	NA	NA	NA	NA	NA	NA	NA	NA
cg01735082	0.710687645801072	0.411446311143202	0.440243847664606	0.291501065782589	0.438461368901629	0.729856146226925	0.287297331842226	0.260212125524088	0.833451159298244	0.416650540115472	0.435645443795688	0.437915760258729	0.376074305573308	0.430057036543987	0.242382721808994	0.554185226187108	0.244215919396376	0.525548875968414	0.302236174433354	0.368951305536615	0.541244106988172	0.401252784419263	0.302077364777543	0.445656261889686	0.145072644286513	0.882096693955397	0.216911072730646	0.427738750855263	0.850033117831518	0.408601692824231	0.389927327262179	0.414739141492024	0.342805810970724	0.536706613673807	0.130128171457924	0.0719713852500598	0.173430258136609	0.634707381995	0.301369572738987	0.175022562552686	0.612103459549695	0.617745779599114	0.406790493199054	0.395687365234627	0.470806528268677	0.559772024325725	0.233362714215022	0.741488197501604	0.662444699326116	0.503452842483444	0.559778361944565	0.55575116992991	0.168447512187788	0.540312382618577	0.226262473438561	0.569058485371326	0.297068147777465
cg01774400	NA	NA	NA	NA	NA	NA	NA	NA	NA	NA	NA	NA	NA	NA	NA	NA	NA	NA	NA	NA	NA	NA	NA	NA	NA	NA	NA	NA	NA	NA	NA	NA	NA	NA	NA	NA	NA	NA	NA	NA	NA	NA	NA	NA	NA	NA	NA	NA	NA	NA	NA	NA	NA	NA	NA	NA	NA
cg01776221	NA	NA	NA	NA	NA	NA	NA	NA	NA	NA	NA	NA	NA	NA	NA	NA	NA	NA	NA	NA	NA	NA	NA	NA	NA	NA	NA	NA	NA	NA	NA	NA	NA	NA	NA	NA	NA	NA	NA	NA	NA	NA	NA	NA	NA	NA	NA	NA	NA	NA	NA	NA	NA	NA	NA	NA	NA
cg01796929	0.426073306797694	0.809237631427514	0.882698869493703	0.286853235570293	0.761288598658956	0.932124439576576	0.825836600059307	0.816380128705545	0.815293820539995	0.667458219359883	0.588915746215136	0.927348295332627	0.848918093977596	0.867765965839292	0.798721408659676	0.735217779121464	0.776415254140206	0.746186014265244	0.756083814815586	0.844830301532424	0.858908752495936	0.823836143252579	0.880501538462025	0.6642670779636	0.695420604661205	0.796336338380879	0.853864878606581	0.810233370299742	0.72448480770844	0.738813528272594	0.738347213124898	0.731907220047641	0.788889557030963	0.901212080329765	0.782694438772774	0.726742192339234	0.643110721319996	0.820020914598149	0.5655064454937	0.640460853026539	0.562005123502639	0.896986617657597	0.810013174808255	0.877278799816393	0.906153288445127	0.885946295020406	0.782559464747851	0.930110695583338	0.845816494948823	0.896772516060696	0.847834663892274	0.618873345220105	0.1855510941775	0.878318150012597	0.890595010870245	0.902693378093971	0.575030491310684
cg01834373	NA	NA	NA	NA	NA	NA	NA	NA	NA	NA	NA	NA	NA	NA	NA	NA	NA	NA	NA	NA	NA	NA	NA	NA	NA	NA	NA	NA	NA	NA	NA	NA	NA	NA	NA	NA	NA	NA	NA	NA	NA	NA	NA	NA	NA	NA	NA	NA	NA	NA	NA	NA	NA	NA	NA	NA	NA
cg01836858	NA	NA	NA	NA	NA	NA	NA	NA	NA	NA	NA	NA	NA	NA	NA	NA	NA	NA	NA	NA	NA	NA	NA	NA	NA	NA	NA	NA	NA	NA	NA	NA	NA	NA	NA	NA	NA	NA	NA	NA	NA	NA	NA	NA	NA	NA	NA	NA	NA	NA	NA	NA	NA	NA	NA	NA	NA
cg01837661	NA	NA	NA	NA	NA	NA	NA	NA	NA	NA	NA	NA	NA	NA	NA	NA	NA	NA	NA	NA	NA	NA	NA	NA	NA	NA	NA	NA	NA	NA	NA	NA	NA	NA	NA	NA	NA	NA	NA	NA	NA	NA	NA	NA	NA	NA	NA	NA	NA	NA	NA	NA	NA	NA	NA	NA	NA
cg01864295	NA	NA	NA	NA	NA	NA	NA	NA	NA	NA	NA	NA	NA	NA	NA	NA	NA	NA	NA	NA	NA	NA	NA	NA	NA	NA	NA	NA	NA	NA	NA	NA	NA	NA	NA	NA	NA	NA	NA	NA	NA	NA	NA	NA	NA	NA	NA	NA	NA	NA	NA	NA	NA	NA	NA	NA	NA
cg01905090	0.520869263885722	0.796500025974558	0.888182460158245	0.308593201407033	0.605342537501555	0.697969238290946	0.799537756488717	0.41108482469636	0.898867046492239	0.80062887808732	0.820876028776608	0.824327903286464	0.650910172494342	0.806399651442808	0.632599745394662	0.55113805280632	0.611408088393837	0.439102990595113	0.643687137072357	0.777752447846318	0.695708276368983	0.67512898177482	0.620162928132378	0.617121492465562	0.461916447446208	0.846967832781127	0.358978728771472	0.542935352159614	0.79106679586825	0.738358503498993	0.784038113640267	0.455044741030807	0.4082793089666	0.832372128207556	0.706420922286406	0.745109450665618	0.28829983861268	0.855140789947044	0.433121550741603	0.405705810537324	0.587013706179614	0.871050157000709	0.77085501097828	0.317832884591128	0.76048975672288	0.767345302257365	0.654739676904672	0.757361239334095	0.722321738823054	0.915145449642962	0.748893758243151	0.536584416348575	0.738253412909601	0.837819232641443	0.56539920263879	0.771824530974446	0.264224036634951
cg01909681	0.87492141299749	0.803595947087712	0.907244195428828	0.810182418745412	0.82924852464481	0.789077798349183	0.862240721323552	NA	0.321301652589319	0.892914720965809	0.93359060680337	0.905347861331304	0.848069359006077	0.846242938903183	0.876022793783568	0.856545142606482	0.822639560528327	0.844670623965294	0.709385072356629	0.900692235237385	0.785045907207028	0.913555985387087	0.808395858276051	0.85243652438489	0.809586422599585	NA	0.873840893395547	0.859479221122441	0.876013085549805	0.841859612482683	0.864299411611638	0.87779484866931	0.834889056837502	0.876361190977783	0.908222409847433	0.856217707455908	0.759535046234823	0.915254980357583	0.885944745648549	0.752618761677974	0.612914476959196	0.621012597704475	0.913492016241874	0.779455477875466	0.896876785160391	0.811740629462389	0.889532146792568	0.817633937429176	0.788921293526098	0.90939194653524	NA	0.789699682509743	NA	0.907888728742418	0.884561329854301	0.848212347497535	0.881150296495031
cg01968676	NA	NA	NA	NA	NA	NA	NA	NA	NA	NA	NA	NA	NA	NA	NA	NA	NA	NA	NA	NA	NA	NA	NA	NA	NA	NA	NA	NA	NA	NA	NA	NA	NA	NA	NA	NA	NA	NA	NA	NA	NA	NA	NA	NA	NA	NA	NA	NA	NA	NA	NA	NA	NA	NA	NA	NA	NA
cg01970937	NA	NA	NA	NA	NA	NA	NA	NA	NA	NA	NA	NA	NA	NA	NA	NA	NA	NA	NA	NA	NA	NA	NA	NA	NA	NA	NA	NA	NA	NA	NA	NA	NA	NA	NA	NA	NA	NA	NA	NA	NA	NA	NA	NA	NA	NA	NA	NA	NA	NA	NA	NA	NA	NA	NA	NA	NA
cg02022978	NA	NA	NA	NA	NA	NA	NA	NA	NA	NA	NA	NA	NA	NA	NA	NA	NA	NA	NA	NA	NA	NA	NA	NA	NA	NA	NA	NA	NA	NA	NA	NA	NA	NA	NA	NA	NA	NA	NA	NA	NA	NA	NA	NA	NA	NA	NA	NA	NA	NA	NA	NA	NA	NA	NA	NA	NA
cg02032334	0.0634404633100251	0.514881031214567	0.612870091646553	0.178891408498211	0.101151831520523	0.632987956157457	0.34508940954509	0.0853750135104503	0.529945242030594	0.147906473021519	0.16438588878788	0.442921791855688	0.315043586338759	0.505196796435179	0.492831432476627	0.343917046836343	0.333763530748521	0.376569718042286	0.0876053940759702	0.733937768661717	0.414826061330561	0.407499401163491	0.205104250235636	0.361891006645688	0.211152588069035	0.489531865815896	0.242742380157009	0.375574509767153	0.321622808247837	0.11184452054448	0.546883344974052	0.518966303939248	0.300414916284723	0.454003006202872	0.141340031617827	0.200360839109279	0.120682491283667	0.68292783745972	0.227744557417729	0.128933550800302	0.126678010738895	0.477154115958012	0.348003081562487	0.435404666172616	0.589202961320123	0.32399069717465	0.322316016624859	0.619098806595229	0.515260011573806	0.487790900244967	0.0919390995550943	0.377720785002772	0.0637424779545809	0.789603467422831	0.483101054049557	0.456707085442467	0.150584015398991
cg02043329	0.555892272759367	0.711420238278616	0.625549400342457	0.694268811020063	0.672286060239216	0.806427433016449	0.475523437576842	0.355035237091578	0.906369174645306	0.545763598038949	0.38463789094397	0.647575705727848	0.633468292887332	0.74504566134922	0.624102492028202	0.82364744037333	0.435378021893247	0.770649647835164	0.454797618759058	0.828059953004455	0.698854720365834	0.674385184450002	0.823919675323418	0.647256136204551	0.595039771167309	0.926016601270688	0.260240725289353	0.468598174962981	0.916840383125137	0.889653845095347	0.666209601712526	0.453468271543463	0.535624160604564	0.938159145188548	0.51925210562141	0.750084471249163	0.437260257104477	0.769515280704982	0.892277034500752	0.487234029164437	0.881577569829723	0.871910863155285	0.552848370677836	0.845640571555005	0.708676566091754	0.522268841427155	0.770596487712675	0.489912943295647	0.887158991882649	0.873812622196093	0.752380928370417	0.802782506295059	0.168248647387042	0.855487377897061	0.696989376176055	0.578259909545436	0.528725697784095
cg02044172	NA	NA	NA	NA	NA	NA	NA	NA	NA	NA	NA	NA	NA	NA	NA	NA	NA	NA	NA	NA	NA	NA	NA	NA	NA	NA	NA	NA	NA	NA	NA	NA	NA	NA	NA	NA	NA	NA	NA	NA	NA	NA	NA	NA	NA	NA	NA	NA	NA	NA	NA	NA	NA	NA	NA	NA	NA
cg02046176	NA	NA	NA	NA	NA	NA	NA	NA	NA	NA	NA	NA	NA	NA	NA	NA	NA	NA	NA	NA	NA	NA	NA	NA	NA	NA	NA	NA	NA	NA	NA	NA	NA	NA	NA	NA	NA	NA	NA	NA	NA	NA	NA	NA	NA	NA	NA	NA	NA	NA	NA	NA	NA	NA	NA	NA	NA
cg02047977	NA	NA	NA	NA	NA	NA	NA	NA	NA	NA	NA	NA	NA	NA	NA	NA	NA	NA	NA	NA	NA	NA	NA	NA	NA	NA	NA	NA	NA	NA	NA	NA	NA	NA	NA	NA	NA	NA	NA	NA	NA	NA	NA	NA	NA	NA	NA	NA	NA	NA	NA	NA	NA	NA	NA	NA	NA
cg02071267	NA	NA	NA	NA	NA	NA	NA	NA	NA	NA	NA	NA	NA	NA	NA	NA	NA	NA	NA	NA	NA	NA	NA	NA	NA	NA	NA	NA	NA	NA	NA	NA	NA	NA	NA	NA	NA	NA	NA	NA	NA	NA	NA	NA	NA	NA	NA	NA	NA	NA	NA	NA	NA	NA	NA	NA	NA
cg02072104	0.0558782613136561	0.0571257079495138	0.0592985122907286	0.0881484897750098	0.0614713665485859	0.151897223973489	0.102473678949423	0.0529832542844241	0.911022735001629	0.0788312608819546	0.0825272461216947	0.0767626613446153	0.0587962647417927	0.0588136315126334	0.0650733834283632	0.070475713831965	0.0596733021573972	0.0644519602630674	0.080444288570155	0.0675376510045641	0.0546459215229178	0.0853794085790706	0.0771377507660465	0.336398431287741	0.0617346142613272	0.0396317000266035	0.0753026890718777	0.324516015574301	0.0553286209464205	0.0738728405030737	0.0605045301274156	0.186374827279341	0.0668605115611533	0.0605428600394603	0.0808189249570512	0.0718013664486788	0.0607435648869022	0.0569434103190188	0.0877675988633982	0.0591837625759842	0.0757300470915514	0.0823421683349684	0.0683813575376289	0.0843644205623396	0.0766336595436443	0.0783507974479774	0.0779793171028123	0.0580212085578791	0.0721612628151071	0.0777050975072579	0.0475507198272872	0.0957733257752324	0.060996847325654	0.0773352034151663	0.0509731244156874	0.186275914586411	0.0741120114820785
cg02074859	0.941219353412905	0.945062901254001	0.946794206365775	0.944108008771315	0.955236233894422	0.958701439634309	0.938725869793101	0.937150850972394	0.937163503821456	0.942288330431388	0.943397155960833	0.956788489096781	0.956261044405207	0.950949770224597	0.941764615957428	0.946531460870266	0.952412178599364	0.925665507563926	0.941081297779003	0.941689351442465	0.952481992928687	0.935726153289226	0.937200961775041	0.955410580907598	0.913582173516918	0.936739810597927	0.950922364207061	0.932328133284517	0.935079110870152	0.943739096035256	0.940301489434443	0.947848230735678	0.93412272773809	0.942147165264324	0.938475026250681	0.934229510752364	0.925970846632588	0.941027785385995	0.927396014873157	0.943942586090142	0.927016421289971	0.925019026534921	0.937031766750695	0.957440263014019	0.940204600846346	0.923489830365393	0.925617768666292	0.946216884525905	0.94970179920888	0.943893947234284	0.946966036009877	0.947210677531251	0.948628971736606	0.943510582790895	0.946898393688903	0.949499039852349	0.926084511539399
cg02103202	NA	NA	NA	NA	NA	NA	NA	NA	NA	NA	NA	NA	NA	NA	NA	NA	NA	NA	NA	NA	NA	NA	NA	NA	NA	NA	NA	NA	NA	NA	NA	NA	NA	NA	NA	NA	NA	NA	NA	NA	NA	NA	NA	NA	NA	NA	NA	NA	NA	NA	NA	NA	NA	NA	NA	NA	NA
cg02125400	NA	NA	NA	NA	NA	NA	NA	NA	NA	NA	NA	NA	NA	NA	NA	NA	NA	NA	NA	NA	NA	NA	NA	NA	NA	NA	NA	NA	NA	NA	NA	NA	NA	NA	NA	NA	NA	NA	NA	NA	NA	NA	NA	NA	NA	NA	NA	NA	NA	NA	NA	NA	NA	NA	NA	NA	NA
cg02128233	NA	NA	NA	NA	NA	NA	NA	NA	NA	NA	NA	NA	NA	NA	NA	NA	NA	NA	NA	NA	NA	NA	NA	NA	NA	NA	NA	NA	NA	NA	NA	NA	NA	NA	NA	NA	NA	NA	NA	NA	NA	NA	NA	NA	NA	NA	NA	NA	NA	NA	NA	NA	NA	NA	NA	NA	NA
cg02132460	NA	NA	NA	NA	NA	NA	NA	NA	NA	NA	NA	NA	NA	NA	NA	NA	NA	NA	NA	NA	NA	NA	NA	NA	NA	NA	NA	NA	NA	NA	NA	NA	NA	NA	NA	NA	NA	NA	NA	NA	NA	NA	NA	NA	NA	NA	NA	NA	NA	NA	NA	NA	NA	NA	NA	NA	NA
cg02148292	NA	NA	NA	NA	NA	NA	NA	NA	NA	NA	NA	NA	NA	NA	NA	NA	NA	NA	NA	NA	NA	NA	NA	NA	NA	NA	NA	NA	NA	NA	NA	NA	NA	NA	NA	NA	NA	NA	NA	NA	NA	NA	NA	NA	NA	NA	NA	NA	NA	NA	NA	NA	NA	NA	NA	NA	NA
cg02154268	NA	NA	NA	NA	NA	NA	NA	NA	NA	NA	NA	NA	NA	NA	NA	NA	NA	NA	NA	NA	NA	NA	NA	NA	NA	NA	NA	NA	NA	NA	NA	NA	NA	NA	NA	NA	NA	NA	NA	NA	NA	NA	NA	NA	NA	NA	NA	NA	NA	NA	NA	NA	NA	NA	NA	NA	NA
cg02158100	NA	NA	NA	NA	NA	NA	NA	NA	NA	NA	NA	NA	NA	NA	NA	NA	NA	NA	NA	NA	NA	NA	NA	NA	NA	NA	NA	NA	NA	NA	NA	NA	NA	NA	NA	NA	NA	NA	NA	NA	NA	NA	NA	NA	NA	NA	NA	NA	NA	NA	NA	NA	NA	NA	NA	NA	NA
cg02190786	NA	NA	NA	NA	NA	NA	NA	NA	NA	NA	NA	NA	NA	NA	NA	NA	NA	NA	NA	NA	NA	NA	NA	NA	NA	NA	NA	NA	NA	NA	NA	NA	NA	NA	NA	NA	NA	NA	NA	NA	NA	NA	NA	NA	NA	NA	NA	NA	NA	NA	NA	NA	NA	NA	NA	NA	NA
cg02223612	NA	NA	NA	NA	NA	NA	NA	NA	NA	NA	NA	NA	NA	NA	NA	NA	NA	NA	NA	NA	NA	NA	NA	NA	NA	NA	NA	NA	NA	NA	NA	NA	NA	NA	NA	NA	NA	NA	NA	NA	NA	NA	NA	NA	NA	NA	NA	NA	NA	NA	NA	NA	NA	NA	NA	NA	NA
cg02231798	0.923865355302001	0.897310784222717	0.915284291278803	0.878795066577918	0.944097246993217	0.910559674860712	0.92011266380262	0.925696060489207	0.941008140741954	0.93561718942037	0.909379109542473	0.900152042434618	0.918805019803081	0.909639325309855	0.934107918816266	0.915241571946737	0.936900370051217	0.883833840677776	0.920290436019211	0.926314464108515	0.920712206846085	0.928584742705813	0.888662396385766	0.90167812147421	0.890243635030247	0.852340679382127	0.885734876797155	0.933600112662909	0.913581368308806	0.856863108786211	0.927328495835311	0.936774922459544	0.493346502089436	0.909557672808869	0.924612349119463	0.882138504185786	0.893607728958155	0.909834474513128	0.907014512898399	0.869332620877648	0.925284515099644	0.947695304670444	0.915293918184036	0.859792313097323	0.936619622079215	0.93522885967301	0.758367550594675	0.897478433250153	0.903028328024186	0.937461162235303	0.920381013013202	0.889270561795164	0.925833327730859	0.861135653765256	0.915771380212481	0.93877913081283	0.753653335494529
cg02247211	NA	NA	NA	NA	NA	NA	NA	NA	NA	NA	NA	NA	NA	NA	NA	NA	NA	NA	NA	NA	NA	NA	NA	NA	NA	NA	NA	NA	NA	NA	NA	NA	NA	NA	NA	NA	NA	NA	NA	NA	NA	NA	NA	NA	NA	NA	NA	NA	NA	NA	NA	NA	NA	NA	NA	NA	NA
cg02253978	0.791345417613469	0.9116170383446	0.926236533448236	0.897074777870925	0.818272031921825	0.906112515195196	0.879648507533945	0.91840892477527	0.884665625186717	0.898180890979848	0.898111178042243	0.936848767110428	0.766262520502259	0.901356735780435	0.900048141745816	0.940093020058987	0.908353776400383	0.882259865637994	0.928558248922729	0.913314275055686	0.892369127090324	0.903848208177289	0.837240968060789	0.901137243540562	0.907189599000674	0.863951045307832	0.902129440048563	0.882362619397443	0.892509810344291	0.870719818271207	0.937977232267108	0.871549259472398	0.862783940376962	0.840689864194295	0.907372646065754	0.759579561868946	0.903103665847265	0.924866512264818	0.919433454779733	0.898442333796367	0.86970620152789	0.872316611978632	0.889192464873155	0.892321211270421	0.93586668403763	0.916172829864384	0.922554179458839	0.936984102044591	0.890315959584474	0.908622579746098	0.844607113452179	0.868707811286616	0.728913216312867	0.935505169176651	0.886571126020567	0.884259911325754	0.902964704580528
cg02255618	NA	NA	NA	NA	NA	NA	NA	NA	NA	NA	NA	NA	NA	NA	NA	NA	NA	NA	NA	NA	NA	NA	NA	NA	NA	NA	NA	NA	NA	NA	NA	NA	NA	NA	NA	NA	NA	NA	NA	NA	NA	NA	NA	NA	NA	NA	NA	NA	NA	NA	NA	NA	NA	NA	NA	NA	NA
cg02269231	NA	NA	NA	NA	NA	NA	NA	NA	NA	NA	NA	NA	NA	NA	NA	NA	NA	NA	NA	NA	NA	NA	NA	NA	NA	NA	NA	NA	NA	NA	NA	NA	NA	NA	NA	NA	NA	NA	NA	NA	NA	NA	NA	NA	NA	NA	NA	NA	NA	NA	NA	NA	NA	NA	NA	NA	NA
cg02275622	NA	NA	NA	NA	NA	NA	NA	NA	NA	NA	NA	NA	NA	NA	NA	NA	NA	NA	NA	NA	NA	NA	NA	NA	NA	NA	NA	NA	NA	NA	NA	NA	NA	NA	NA	NA	NA	NA	NA	NA	NA	NA	NA	NA	NA	NA	NA	NA	NA	NA	NA	NA	NA	NA	NA	NA	NA
cg02280599	0.923930793825986	0.920277633351261	0.89744953197122	0.113694001252853	0.939700696668736	0.93817575423453	0.933640167794488	0.77887154072896	0.931931765450097	0.947104082801289	0.949559407959813	0.946428359635656	0.930344539061582	0.942078178397223	0.94871530785693	0.944589675237784	0.849763030039486	0.92732803787188	0.917616470667665	0.925816250930131	0.922225582814219	0.849203114876222	0.862707593642596	0.90056807314301	0.863823810914293	0.931356301280824	0.918052610537497	0.935066980162866	0.934326358754797	0.926428642001007	0.914713514883819	0.936833541276115	0.864807309538623	0.944467302992585	0.937391138318287	0.928258449071116	0.925215534193232	0.941494208953221	0.120705649862147	0.799075119788509	0.781986532668464	0.94984534939388	0.934721971107949	0.950489003102355	0.944746906005398	0.924109675922871	0.854873856371781	0.936937382305768	0.938696805959869	0.921074418856582	0.867679990507163	0.880349426727882	0.56011213258503	0.937157506593677	0.931638803365281	0.574506459018663	0.921619345791365
cg02290855	NA	NA	NA	NA	NA	NA	NA	NA	NA	NA	NA	NA	NA	NA	NA	NA	NA	NA	NA	NA	NA	NA	NA	NA	NA	NA	NA	NA	NA	NA	NA	NA	NA	NA	NA	NA	NA	NA	NA	NA	NA	NA	NA	NA	NA	NA	NA	NA	NA	NA	NA	NA	NA	NA	NA	NA	NA
cg02302165	0.904887683934875	0.921207459467496	0.93285958248901	0.810866764743396	0.772528699686431	0.613217884880053	0.917853586239268	0.894551050010109	0.901127041056465	0.761605607517564	0.947791027738789	0.950600587512446	0.827425990683218	0.879754018916568	0.919096693308905	0.946480739190708	0.940553697540371	0.919411642531311	0.489229896350068	0.936545392751586	0.925174270559734	0.91854633939195	0.838532384345101	0.933913828139054	0.838004959459454	0.854220271369904	0.922319218017899	0.892505228206434	0.936664484979153	0.944745864544254	0.874113830209277	0.949874760172637	0.918682831908849	0.917464883841498	0.65879555578194	0.465928490260654	0.572231324662503	0.838652227938106	0.822842894361752	0.788329447279376	0.890969925169151	0.903066391559072	0.930235692430572	0.896725136133859	0.943980309900135	0.899808148730822	0.88730878238616	0.953237427778525	0.915302851823793	0.91993391402925	0.918018486219866	0.946441677854705	0.901431403218773	0.930600320117861	0.84003323047649	0.926172448785799	0.874762092852298
cg02312154	0.918805865090682	0.928569781057131	0.943304271624679	0.921101358812888	NA	0.929931192847285	0.886228461198236	0.920820043462022	0.926240063460345	0.936865310749419	0.943619972980305	0.949961200181668	0.942199785018882	0.941965179180284	0.929352183822243	0.935448644034281	0.834546629350958	0.917362708048094	0.925607240797383	0.920261087873434	0.919219842928761	0.936394005740474	0.900623301208922	0.92209236593702	0.909931463627066	0.902250589476303	0.931015153678523	0.927678958761977	0.909603117585778	0.896306938882406	0.935909232209462	0.926372832971062	0.933591504902101	0.900321431151031	0.934592903267614	0.921275369329552	0.946971069083009	0.943973670260903	0.933480077453008	0.927910505053907	0.918373397875908	0.931328843294596	0.933378647570471	0.914677892340551	0.955837101689064	0.918867407995477	0.928316751052262	0.909188487775021	0.920050092787522	0.920274304584012	0.946787647720201	0.920439999063355	0.918911903177387	0.933466816801139	0.931803526159769	0.940696619557929	0.938892290242352
cg02341729	NA	NA	NA	NA	NA	NA	NA	NA	NA	NA	NA	NA	NA	NA	NA	NA	NA	NA	NA	NA	NA	NA	NA	NA	NA	NA	NA	NA	NA	NA	NA	NA	NA	NA	NA	NA	NA	NA	NA	NA	NA	NA	NA	NA	NA	NA	NA	NA	NA	NA	NA	NA	NA	NA	NA	NA	NA
cg02345638	NA	NA	NA	NA	NA	NA	NA	NA	NA	NA	NA	NA	NA	NA	NA	NA	NA	NA	NA	NA	NA	NA	NA	NA	NA	NA	NA	NA	NA	NA	NA	NA	NA	NA	NA	NA	NA	NA	NA	NA	NA	NA	NA	NA	NA	NA	NA	NA	NA	NA	NA	NA	NA	NA	NA	NA	NA
cg02348876	NA	NA	NA	NA	NA	NA	NA	NA	NA	NA	NA	NA	NA	NA	NA	NA	NA	NA	NA	NA	NA	NA	NA	NA	NA	NA	NA	NA	NA	NA	NA	NA	NA	NA	NA	NA	NA	NA	NA	NA	NA	NA	NA	NA	NA	NA	NA	NA	NA	NA	NA	NA	NA	NA	NA	NA	NA
cg02356223	0.894314164572098	0.888690045652139	0.913547250285074	0.784628011631506	0.736811935504015	0.88245751488497	0.80421578739714	0.77008484193918	0.936385267805646	0.81638145708968	0.862791400259175	0.856189496114055	0.767237344417372	0.901287746297824	0.920965719868329	0.879186122191527	0.811279043149042	0.796378886531066	0.799426345964407	0.928526995622102	0.776680505723087	0.922075882556373	0.827230657993726	0.869926452360993	0.730290422912733	0.909204807970241	0.736594096910945	0.847966042410611	0.89515774536208	0.727564737303056	0.891697602585192	0.842915463777411	0.764835969612723	0.875462887771896	0.615794829187275	0.806566835321839	0.698081745191542	0.936052631334445	0.872919155945638	0.832304156005424	0.899683856758145	0.919867934457753	0.854153165479285	0.911695224387585	0.892093349766085	0.887229831018136	0.894679826707552	0.935006197104285	0.818788487546315	0.930369217168821	0.765727393521389	0.879252880290595	0.539430568896231	0.887781677205526	0.922957245670016	0.884009621180359	0.817329287109147
cg02397533	NA	NA	NA	NA	NA	NA	NA	NA	NA	NA	NA	NA	NA	NA	NA	NA	NA	NA	NA	NA	NA	NA	NA	NA	NA	NA	NA	NA	NA	NA	NA	NA	NA	NA	NA	NA	NA	NA	NA	NA	NA	NA	NA	NA	NA	NA	NA	NA	NA	NA	NA	NA	NA	NA	NA	NA	NA
cg02401554	NA	NA	NA	NA	NA	NA	NA	NA	NA	NA	NA	NA	NA	NA	NA	NA	NA	NA	NA	NA	NA	NA	NA	NA	NA	NA	NA	NA	NA	NA	NA	NA	NA	NA	NA	NA	NA	NA	NA	NA	NA	NA	NA	NA	NA	NA	NA	NA	NA	NA	NA	NA	NA	NA	NA	NA	NA
cg02443010	0.939299781190967	0.949480317975945	0.916202026628796	0.669131911161011	0.882584694002102	0.676690686731652	0.953943963369929	0.606200554695413	0.858747947848583	0.687452441429476	0.939339344982428	0.945052263260233	0.670149517352343	0.932510751709246	0.946620251187565	0.66172255295045	0.847773991749484	0.903136686539741	0.695399446675056	0.959550487994327	0.834562330585365	0.76810978881246	0.922129967506055	0.946301128680575	0.902735054157407	0.764290371610324	0.927575220739368	0.937169835867149	0.951856525032563	0.954015259220128	0.919118951236178	0.814024967187915	0.897230101101017	0.919779627706689	0.914854511884167	0.940356579725009	0.861820284169583	0.939610716309763	0.946223919567413	0.949046626641924	0.775798108782134	0.933002988784862	0.938110356717526	0.862714013262887	0.953510027724045	0.915620113088459	0.888216629476335	0.954006994813525	0.677867147132748	0.939751401544276	0.888040206655405	0.844302404542543	0.199135857045281	0.769437494579989	0.935304975789935	0.73670513109847	0.882452485760331
cg02471166	NA	NA	NA	NA	NA	NA	NA	NA	NA	NA	NA	NA	NA	NA	NA	NA	NA	NA	NA	NA	NA	NA	NA	NA	NA	NA	NA	NA	NA	NA	NA	NA	NA	NA	NA	NA	NA	NA	NA	NA	NA	NA	NA	NA	NA	NA	NA	NA	NA	NA	NA	NA	NA	NA	NA	NA	NA
cg02516800	0.263425642636414	0.823463049385042	0.589996246276306	0.258277762548344	0.276802145415716	0.270788765478496	0.800269564515232	0.901525579001526	0.708016581609031	0.472841132532862	0.170671426330494	0.41955612153903	0.420590854169894	0.744530961944746	0.757470810417848	0.814853233819131	0.742890334070154	0.604913135460384	0.171737073067433	0.741979941683928	0.65034386163658	0.857828638271555	0.73317450958302	0.439235956498468	0.31025965764022	0.929472728356684	0.547076369558788	0.760988608413844	0.942547642697521	0.861922695080044	0.313821852319604	0.62766789318891	0.50862023720777	0.953929698669249	0.526862869676594	0.497944560870863	0.448089657550633	0.957307159939927	0.249601164535661	0.337207654390849	0.715063468771814	0.948041669648458	0.522891939403341	0.549381282907299	0.920812426833423	0.858535553283573	0.369472735364996	0.929543193091061	0.853883938936907	0.935165442524737	0.339722258036884	0.755484032504161	0.637055012665321	0.854603416661349	0.305656745820974	0.593800972676251	0.0936556806614491
cg02533998	NA	NA	NA	NA	NA	NA	NA	NA	NA	NA	NA	NA	NA	NA	NA	NA	NA	NA	NA	NA	NA	NA	NA	NA	NA	NA	NA	NA	NA	NA	NA	NA	NA	NA	NA	NA	NA	NA	NA	NA	NA	NA	NA	NA	NA	NA	NA	NA	NA	NA	NA	NA	NA	NA	NA	NA	NA
cg02612657	NA	NA	NA	NA	NA	NA	NA	NA	NA	NA	NA	NA	NA	NA	NA	NA	NA	NA	NA	NA	NA	NA	NA	NA	NA	NA	NA	NA	NA	NA	NA	NA	NA	NA	NA	NA	NA	NA	NA	NA	NA	NA	NA	NA	NA	NA	NA	NA	NA	NA	NA	NA	NA	NA	NA	NA	NA
cg02656873	NA	NA	NA	NA	NA	NA	NA	NA	NA	NA	NA	NA	NA	NA	NA	NA	NA	NA	NA	NA	NA	NA	NA	NA	NA	NA	NA	NA	NA	NA	NA	NA	NA	NA	NA	NA	NA	NA	NA	NA	NA	NA	NA	NA	NA	NA	NA	NA	NA	NA	NA	NA	NA	NA	NA	NA	NA
cg02658551	NA	NA	NA	NA	NA	NA	NA	NA	NA	NA	NA	NA	NA	NA	NA	NA	NA	NA	NA	NA	NA	NA	NA	NA	NA	NA	NA	NA	NA	NA	NA	NA	NA	NA	NA	NA	NA	NA	NA	NA	NA	NA	NA	NA	NA	NA	NA	NA	NA	NA	NA	NA	NA	NA	NA	NA	NA
cg02671915	NA	NA	NA	NA	NA	NA	NA	NA	NA	NA	NA	NA	NA	NA	NA	NA	NA	NA	NA	NA	NA	NA	NA	NA	NA	NA	NA	NA	NA	NA	NA	NA	NA	NA	NA	NA	NA	NA	NA	NA	NA	NA	NA	NA	NA	NA	NA	NA	NA	NA	NA	NA	NA	NA	NA	NA	NA
cg02693279	0.896573361358615	0.526869113897736	0.822571590663857	0.365172609713181	0.89993573438716	0.858219090541539	0.914883099154146	0.943392561624372	0.826343609495824	0.914760619397489	0.957782927127073	0.688406709863095	0.87602841625993	0.80701559309506	0.940821426654642	0.781731481233813	0.910154092954391	0.92236736846205	0.961175541748727	0.952315700927194	0.950910213713474	0.908876677038423	0.879332751612171	0.946271813692169	0.671667808528901	0.95000338172524	0.785445360525931	0.896309232113664	0.711490817491606	0.917359276889507	0.820089033752932	0.955482074814127	0.896887672080847	0.941891644385559	0.585750661450038	0.388779415116016	0.65900578941178	0.691534754647736	0.880644512967437	0.809669059402542	0.938165573235937	0.8319053771828	0.946890953268169	0.766571957139924	0.858279676704514	0.831197243256311	0.948850695688155	0.912107639041589	0.900591882532071	0.929087346793795	0.883380110206273	0.925312566775253	0.923260939731993	0.775282681273625	0.720825063249376	0.925920899790911	0.85854277190809
cg02703695	NA	NA	NA	NA	NA	NA	NA	NA	NA	NA	NA	NA	NA	NA	NA	NA	NA	NA	NA	NA	NA	NA	NA	NA	NA	NA	NA	NA	NA	NA	NA	NA	NA	NA	NA	NA	NA	NA	NA	NA	NA	NA	NA	NA	NA	NA	NA	NA	NA	NA	NA	NA	NA	NA	NA	NA	NA
cg02724815	NA	NA	NA	NA	NA	NA	NA	NA	NA	NA	NA	NA	NA	NA	NA	NA	NA	NA	NA	NA	NA	NA	NA	NA	NA	NA	NA	NA	NA	NA	NA	NA	NA	NA	NA	NA	NA	NA	NA	NA	NA	NA	NA	NA	NA	NA	NA	NA	NA	NA	NA	NA	NA	NA	NA	NA	NA
cg02744713	NA	NA	NA	NA	NA	NA	NA	NA	NA	NA	NA	NA	NA	NA	NA	NA	NA	NA	NA	NA	NA	NA	NA	NA	NA	NA	NA	NA	NA	NA	NA	NA	NA	NA	NA	NA	NA	NA	NA	NA	NA	NA	NA	NA	NA	NA	NA	NA	NA	NA	NA	NA	NA	NA	NA	NA	NA
cg02750728	0.667460181781549	0.624924959879398	0.88869124874232	0.42594077376928	0.479386227489158	0.715582564625459	0.629881744876501	0.874276061607496	0.954500008578123	0.51542852110283	0.249518763407246	0.454393384979546	0.882751798488472	0.666562513536003	0.881667655675215	0.856628361440587	0.648264733503498	0.456655186566265	0.384654632331659	0.881388498408362	0.696138485599022	0.912460161113279	0.770335425573479	0.83866604892303	0.620546881030794	0.94098199668835	0.358990749872605	0.734916527346016	0.921307158170679	0.927311671105058	0.510533092583911	0.931282643944674	0.630031173852216	0.931164779431887	0.546945030010959	0.662260981173215	0.449967330426765	0.881751956705135	0.856123781757019	0.695589285632649	0.675594435327185	0.919651602293159	0.655815886902154	0.702423530038478	0.805835189330145	0.849637599974862	0.763817034411274	0.890041470741634	0.928474656564706	0.890002610795115	0.739168760230708	0.715537168402116	0.58324132963308	0.820152990776058	0.658255152684206	0.932481222599973	0.738353129155053
cg02771684	NA	NA	NA	NA	NA	NA	NA	NA	NA	NA	NA	NA	NA	NA	NA	NA	NA	NA	NA	NA	NA	NA	NA	NA	NA	NA	NA	NA	NA	NA	NA	NA	NA	NA	NA	NA	NA	NA	NA	NA	NA	NA	NA	NA	NA	NA	NA	NA	NA	NA	NA	NA	NA	NA	NA	NA	NA
cg02772132	NA	NA	NA	NA	NA	NA	NA	NA	NA	NA	NA	NA	NA	NA	NA	NA	NA	NA	NA	NA	NA	NA	NA	NA	NA	NA	NA	NA	NA	NA	NA	NA	NA	NA	NA	NA	NA	NA	NA	NA	NA	NA	NA	NA	NA	NA	NA	NA	NA	NA	NA	NA	NA	NA	NA	NA	NA
cg02791765	NA	NA	NA	NA	NA	NA	NA	NA	NA	NA	NA	NA	NA	NA	NA	NA	NA	NA	NA	NA	NA	NA	NA	NA	NA	NA	NA	NA	NA	NA	NA	NA	NA	NA	NA	NA	NA	NA	NA	NA	NA	NA	NA	NA	NA	NA	NA	NA	NA	NA	NA	NA	NA	NA	NA	NA	NA
cg02824523	NA	NA	NA	NA	NA	NA	NA	NA	NA	NA	NA	NA	NA	NA	NA	NA	NA	NA	NA	NA	NA	NA	NA	NA	NA	NA	NA	NA	NA	NA	NA	NA	NA	NA	NA	NA	NA	NA	NA	NA	NA	NA	NA	NA	NA	NA	NA	NA	NA	NA	NA	NA	NA	NA	NA	NA	NA
cg02840008	0.108371899091505	0.882286011349458	0.75852988160639	0.71558580824727	0.609507805346808	0.230865638702623	0.303219585076469	0.12217546345269	0.867173600813007	0.29555218819405	0.159052556221095	0.897156057358433	0.338145548280715	0.880973011407647	0.145381616791981	0.261652756908384	0.46549346465845	0.163627905281543	0.295234713243309	0.463923376041992	0.569247526260271	0.758930951383722	0.188416375774035	0.729418283394737	0.525449771843627	0.313470768944891	0.202766353915568	0.714513738326721	0.65463177958508	0.4966094922155	0.36113565986249	NA	0.326044079986371	0.934194044358414	0.119618908736599	0.316983399948926	0.326922595066831	0.949474227248	0.163017493126254	0.386831842514446	0.200912301998858	0.87768930659309	0.239297902201457	0.463971989268808	0.100003781340232	0.180661206962206	0.304180094674937	0.912375330165101	0.422405488577699	0.156200110729006	0.149719117798331	0.658527211235447	0.293040850729728	0.846969727814181	0.939478653178053	0.243818732814344	0.110383945394832
cg02862100	NA	NA	NA	NA	NA	NA	NA	NA	NA	NA	NA	NA	NA	NA	NA	NA	NA	NA	NA	NA	NA	NA	NA	NA	NA	NA	NA	NA	NA	NA	NA	NA	NA	NA	NA	NA	NA	NA	NA	NA	NA	NA	NA	NA	NA	NA	NA	NA	NA	NA	NA	NA	NA	NA	NA	NA	NA
cg02869126	NA	NA	NA	NA	NA	NA	NA	NA	NA	NA	NA	NA	NA	NA	NA	NA	NA	NA	NA	NA	NA	NA	NA	NA	NA	NA	NA	NA	NA	NA	NA	NA	NA	NA	NA	NA	NA	NA	NA	NA	NA	NA	NA	NA	NA	NA	NA	NA	NA	NA	NA	NA	NA	NA	NA	NA	NA
cg02873710	NA	NA	NA	NA	NA	NA	NA	NA	NA	NA	NA	NA	NA	NA	NA	NA	NA	NA	NA	NA	NA	NA	NA	NA	NA	NA	NA	NA	NA	NA	NA	NA	NA	NA	NA	NA	NA	NA	NA	NA	NA	NA	NA	NA	NA	NA	NA	NA	NA	NA	NA	NA	NA	NA	NA	NA	NA
cg02885021	NA	NA	NA	NA	NA	NA	NA	NA	NA	NA	NA	NA	NA	NA	NA	NA	NA	NA	NA	NA	NA	NA	NA	NA	NA	NA	NA	NA	NA	NA	NA	NA	NA	NA	NA	NA	NA	NA	NA	NA	NA	NA	NA	NA	NA	NA	NA	NA	NA	NA	NA	NA	NA	NA	NA	NA	NA
cg02899093	0.187139847926531	0.78789094728907	0.796347923131758	0.75152628287242	0.840918220842067	0.283008952609766	0.677970318163211	0.306130688276549	0.449018583803772	0.344115738344702	0.409932840279362	0.830520556526665	0.279495818691308	0.73758945995947	0.141428020323543	0.207100269988492	0.72910385450392	0.255976161875434	0.896908493749281	0.694442090397283	0.446631096492216	0.44094282809004	0.22125045838305	0.816677889064772	0.606244257438558	0.412686325235907	0.859105155961669	0.858499474273259	0.913053552373195	0.459358352088136	0.7677628699849	0.207616248121771	0.482794589683483	0.503339292018803	0.175894500479168	0.822767420452455	0.682594412308272	0.932048531706668	0.155421365048628	0.644637016777953	0.38196116473398	0.711381779882464	0.406498894095571	0.445466736537866	0.722367892511625	0.447737362415359	0.709127052308024	0.695684794767771	0.523884250211869	0.870578484501137	0.792940057922256	0.588143738350901	0.402595690598807	0.281535433175867	0.898273076880852	0.276689742990288	0.18541084903163
cg02906557	NA	NA	NA	NA	NA	NA	NA	NA	NA	NA	NA	NA	NA	NA	NA	NA	NA	NA	NA	NA	NA	NA	NA	NA	NA	NA	NA	NA	NA	NA	NA	NA	NA	NA	NA	NA	NA	NA	NA	NA	NA	NA	NA	NA	NA	NA	NA	NA	NA	NA	NA	NA	NA	NA	NA	NA	NA
cg02965931	0.380145500816381	0.940096501124596	0.940379070197096	0.70369024326794	0.55527479465044	0.90040072780044	0.890387759278264	0.38735440791022	0.941424357244838	0.82614804817723	0.872865980500921	0.462088037283896	0.837206438832681	0.952910408925064	0.672608429936382	0.955633811374066	0.675484728350494	0.900395437508999	0.709119139953174	0.933942929162453	0.461867849482389	0.924401076756465	0.936616954554425	0.822903635342798	0.664013509196431	0.555715626668457	0.809392705283171	0.856275966720305	0.925548322703068	0.922921452547783	0.710916603654467	0.928496779968581	0.857225051745294	0.948308715636257	0.85642052335674	0.479387547416688	0.588093275412637	0.571942597568655	0.753349266232262	0.776879071786792	0.535640403140829	0.855643742746336	0.877648594850594	0.938329080291219	0.952339802884218	0.464319965656135	0.649289674578544	0.941949582990165	0.914950058812126	0.938298098718014	0.860274725708441	0.695980573084889	0.698014455080032	0.904840113598551	0.904299223434808	0.85631203141383	0.854974926547107
cg02993013	NA	NA	NA	NA	NA	NA	NA	NA	NA	NA	NA	NA	NA	NA	NA	NA	NA	NA	NA	NA	NA	NA	NA	NA	NA	NA	NA	NA	NA	NA	NA	NA	NA	NA	NA	NA	NA	NA	NA	NA	NA	NA	NA	NA	NA	NA	NA	NA	NA	NA	NA	NA	NA	NA	NA	NA	NA
cg02998155	NA	NA	NA	NA	NA	NA	NA	NA	NA	NA	NA	NA	NA	NA	NA	NA	NA	NA	NA	NA	NA	NA	NA	NA	NA	NA	NA	NA	NA	NA	NA	NA	NA	NA	NA	NA	NA	NA	NA	NA	NA	NA	NA	NA	NA	NA	NA	NA	NA	NA	NA	NA	NA	NA	NA	NA	NA
cg03002774	NA	NA	NA	NA	NA	NA	NA	NA	NA	NA	NA	NA	NA	NA	NA	NA	NA	NA	NA	NA	NA	NA	NA	NA	NA	NA	NA	NA	NA	NA	NA	NA	NA	NA	NA	NA	NA	NA	NA	NA	NA	NA	NA	NA	NA	NA	NA	NA	NA	NA	NA	NA	NA	NA	NA	NA	NA
cg03006531	NA	NA	NA	NA	NA	NA	NA	NA	NA	NA	NA	NA	NA	NA	NA	NA	NA	NA	NA	NA	NA	NA	NA	NA	NA	NA	NA	NA	NA	NA	NA	NA	NA	NA	NA	NA	NA	NA	NA	NA	NA	NA	NA	NA	NA	NA	NA	NA	NA	NA	NA	NA	NA	NA	NA	NA	NA
cg03024791	0.739024200999127	0.62501548827435	0.73989145234458	0.368218135917223	0.549299463341798	0.670549153111362	0.636519755112241	0.760955060303596	0.849853798577656	0.536303132772322	0.807478603259619	0.733714722627433	0.549300801462176	0.706049001728375	0.731337906392748	0.414201845572582	0.48920598741389	0.667213625646089	0.371886173839659	0.779041221134385	0.61177053487685	0.567235292914513	0.620883569984258	0.52820141565988	0.364512298556212	0.763512284138355	0.745012929301093	0.60647367813735	0.743248566765599	0.634826318692446	0.720093286788094	0.618002567299084	0.622984708957559	0.756507971724967	0.305385461947374	0.337911999452327	0.471572873565638	0.732651382231862	0.700673386225543	0.428942058126833	0.320876479592454	0.589345865099608	0.774541692123959	0.415985382618001	0.755371675275889	0.666664097687497	0.68432542065256	0.649425939555639	0.531784806776454	0.702615031564038	0.589227797550248	0.594175878370519	0.104113104594421	0.622640095088018	0.764428194981581	0.709691682374239	0.60124144404961
cg03132202	NA	NA	NA	NA	NA	NA	NA	NA	NA	NA	NA	NA	NA	NA	NA	NA	NA	NA	NA	NA	NA	NA	NA	NA	NA	NA	NA	NA	NA	NA	NA	NA	NA	NA	NA	NA	NA	NA	NA	NA	NA	NA	NA	NA	NA	NA	NA	NA	NA	NA	NA	NA	NA	NA	NA	NA	NA
cg03153172	NA	NA	NA	NA	NA	NA	NA	NA	NA	NA	NA	NA	NA	NA	NA	NA	NA	NA	NA	NA	NA	NA	NA	NA	NA	NA	NA	NA	NA	NA	NA	NA	NA	NA	NA	NA	NA	NA	NA	NA	NA	NA	NA	NA	NA	NA	NA	NA	NA	NA	NA	NA	NA	NA	NA	NA	NA
cg03185975	NA	NA	NA	NA	NA	NA	NA	NA	NA	NA	NA	NA	NA	NA	NA	NA	NA	NA	NA	NA	NA	NA	NA	NA	NA	NA	NA	NA	NA	NA	NA	NA	NA	NA	NA	NA	NA	NA	NA	NA	NA	NA	NA	NA	NA	NA	NA	NA	NA	NA	NA	NA	NA	NA	NA	NA	NA
cg03186367	NA	NA	NA	NA	NA	NA	NA	NA	NA	NA	NA	NA	NA	NA	NA	NA	NA	NA	NA	NA	NA	NA	NA	NA	NA	NA	NA	NA	NA	NA	NA	NA	NA	NA	NA	NA	NA	NA	NA	NA	NA	NA	NA	NA	NA	NA	NA	NA	NA	NA	NA	NA	NA	NA	NA	NA	NA
cg03189593	NA	NA	NA	NA	NA	NA	NA	NA	NA	NA	NA	NA	NA	NA	NA	NA	NA	NA	NA	NA	NA	NA	NA	NA	NA	NA	NA	NA	NA	NA	NA	NA	NA	NA	NA	NA	NA	NA	NA	NA	NA	NA	NA	NA	NA	NA	NA	NA	NA	NA	NA	NA	NA	NA	NA	NA	NA
cg03221698	0.748255062453863	0.882920855115075	0.887505460354134	0.80324126724243	0.835537554513939	0.896306918209583	0.853065390603679	0.853205551248478	0.878390400327677	0.865122685130362	0.911783600106837	0.897972209878988	0.878987006262639	0.843585706348748	0.859425323708802	0.9070143782013	0.845309809610402	0.790609507226731	0.592479849234136	0.935682080293177	0.885771066018848	0.913362999419767	0.877138409976798	0.934373987172495	0.752590559566405	0.875564151297385	0.644371574167119	0.859706096584128	0.898118424118956	0.886435140728357	0.903891598745115	0.895867412445994	0.859449459130581	0.873140834736652	0.620463868334892	0.801985392047362	0.801883437372883	0.838777561735964	0.849088203443676	0.902510889112173	0.849590547705883	0.889682608008299	0.881767973156656	0.841880517090777	0.900899032066457	0.905572988744956	0.827737645126522	0.917857177049594	0.897485140083801	0.915347758451795	0.820450776676984	0.881574937966716	0.907225389017119	0.920702371455347	0.898887638388445	0.881527512683634	0.738602208344261
cg03233224	NA	NA	NA	NA	NA	NA	NA	NA	NA	NA	NA	NA	NA	NA	NA	NA	NA	NA	NA	NA	NA	NA	NA	NA	NA	NA	NA	NA	NA	NA	NA	NA	NA	NA	NA	NA	NA	NA	NA	NA	NA	NA	NA	NA	NA	NA	NA	NA	NA	NA	NA	NA	NA	NA	NA	NA	NA
cg03247301	0.123172459287251	0.756351091651322	0.709338703775877	0.215224278813909	0.550256838518785	0.743820169468338	0.567172630310318	0.584667807391533	0.686948842081506	0.433199039065697	0.675327253803473	0.614142626853047	0.599404298184487	0.706776817007063	0.38702484780659	0.278467915886873	0.645887880171333	0.40649831548071	0.389089929182634	0.889442840015469	0.270778543380159	0.694236570996743	0.604302763473269	0.430206893039784	0.447019727906699	0.884194864895312	0.375168429536394	0.591097463472545	0.557920150879233	0.672189107664983	0.464832159463065	0.76336983141531	0.373334703385575	0.89874587821665	0.390841737094461	0.726434159972817	0.309325344666732	0.8620097400543	0.42634087621597	0.544460974012219	0.4913534974813	0.915093886364298	0.587218632916497	0.665729320396211	0.881850246518845	0.899580871714483	0.758025838199989	0.875029673198278	0.815436629999941	0.765082086769547	0.648416046051346	0.618056612644496	0.186647233729159	0.788681029629652	0.548678182983562	0.742604685188245	0.298298707354344
cg03272020	NA	NA	NA	NA	NA	NA	NA	NA	NA	NA	NA	NA	NA	NA	NA	NA	NA	NA	NA	NA	NA	NA	NA	NA	NA	NA	NA	NA	NA	NA	NA	NA	NA	NA	NA	NA	NA	NA	NA	NA	NA	NA	NA	NA	NA	NA	NA	NA	NA	NA	NA	NA	NA	NA	NA	NA	NA
cg03272958	NA	NA	NA	NA	NA	NA	NA	NA	NA	NA	NA	NA	NA	NA	NA	NA	NA	NA	NA	NA	NA	NA	NA	NA	NA	NA	NA	NA	NA	NA	NA	NA	NA	NA	NA	NA	NA	NA	NA	NA	NA	NA	NA	NA	NA	NA	NA	NA	NA	NA	NA	NA	NA	NA	NA	NA	NA
cg03280759	NA	NA	NA	NA	NA	NA	NA	NA	NA	NA	NA	NA	NA	NA	NA	NA	NA	NA	NA	NA	NA	NA	NA	NA	NA	NA	NA	NA	NA	NA	NA	NA	NA	NA	NA	NA	NA	NA	NA	NA	NA	NA	NA	NA	NA	NA	NA	NA	NA	NA	NA	NA	NA	NA	NA	NA	NA
cg03287616	NA	NA	NA	NA	NA	NA	NA	NA	NA	NA	NA	NA	NA	NA	NA	NA	NA	NA	NA	NA	NA	NA	NA	NA	NA	NA	NA	NA	NA	NA	NA	NA	NA	NA	NA	NA	NA	NA	NA	NA	NA	NA	NA	NA	NA	NA	NA	NA	NA	NA	NA	NA	NA	NA	NA	NA	NA
cg03305017	0.832547237736193	0.759419701720284	0.941323806651239	0.700477341060589	0.47620046150708	0.649431428025787	0.703321971707871	0.615169317940897	0.925096139082988	0.781087447418828	0.943673139636852	0.888094914391599	0.891720904144205	0.910798480335152	0.765803888678873	0.714193655070977	0.561347030952279	0.807405685054781	0.803948599773572	0.932500525042687	0.849442874469021	0.586218350770852	0.875320171588318	0.867690989851697	0.510853439431911	0.854832533110206	0.649805762244636	0.671218332887182	0.901229052033296	0.705973665808455	0.753810048899065	0.582256931787535	0.741278833500502	0.840322315826527	0.776447542657189	0.850446000455903	0.515819699840586	0.676289340970723	0.896207621933138	0.532368616229283	0.647659471324731	0.929681017552137	0.895139854957134	0.525428182067159	0.90401529946409	0.774852313658038	0.861406187214879	0.427245714097859	0.836714813730477	0.933616121502744	0.888444689304277	0.810259300894528	0.162250752384124	0.890352064675371	0.843614149127101	0.66366589050692	0.632644393806317
cg03329408	NA	NA	NA	NA	NA	NA	NA	NA	NA	NA	NA	NA	NA	NA	NA	NA	NA	NA	NA	NA	NA	NA	NA	NA	NA	NA	NA	NA	NA	NA	NA	NA	NA	NA	NA	NA	NA	NA	NA	NA	NA	NA	NA	NA	NA	NA	NA	NA	NA	NA	NA	NA	NA	NA	NA	NA	NA
cg03335128	0.913095770328267	0.915556148219792	0.749392688253648	0.849121184386255	0.896810607390071	0.864204644407383	0.814052579340942	0.867685536849644	0.855990372622412	0.869907456267275	0.844991231190524	0.455670119103315	0.895122615180851	0.778268965610095	0.863692504418248	0.92691201349577	0.922778109343045	0.670718869786263	0.9243133576856	0.84813175254866	0.844880181081554	0.824677897887724	0.905163129602826	0.78644416137403	0.849067766980544	0.821248665059476	0.824796703577457	0.869619382056643	0.868171133908474	0.861762701239875	0.88251119873043	0.890544404523877	0.896984381530949	0.787767096203404	0.660922335671478	0.251870669893217	0.752081381149518	0.480728713356412	0.837652661611226	0.80811410759324	0.864795720476236	0.850369669864263	0.819901675981477	0.876576265498193	0.884227250978518	0.855336250879974	0.768241808436001	0.875179295939245	0.865592999300097	0.890654693644857	0.736686966379837	0.843445335795887	0.921072317281568	0.880804370725437	0.48700200707723	0.918305394398084	0.83528535371781
cg03336458	0.600203116445988	0.953239460949762	0.952264780059066	0.938333103194959	0.681292957940691	0.944209497482437	0.849685394737583	0.943485159212636	0.958959001342223	0.590934862933737	0.949584025213666	0.914089795190505	0.893210034263286	0.964629057594497	0.874381051611612	0.946273432102582	0.787525819327483	0.929878700894644	0.908748636263874	0.949429899729675	0.873552660485584	0.884419456911008	0.936045648281191	0.681363363407601	0.927266414391546	0.962239387603961	0.610436344070638	0.829898665607035	0.825869937235274	0.851365338105726	0.918879944892212	0.954863835418183	0.938470686456995	0.960974315768792	0.658482434237944	0.912359986622373	0.730742092018292	0.925722530653007	0.896026228724123	0.887978013073901	0.942921780701855	0.94001750404754	0.837307534469013	0.956423529575486	0.94642604956521	0.941274303219991	0.796761300694842	0.875253913569494	0.92965038399515	0.956270682649397	0.92026441289733	0.885280491014014	0.918834088040606	0.954745107894759	0.947760126581209	0.946982204720672	0.921633578904128
cg03342862	NA	NA	NA	NA	NA	NA	NA	NA	NA	NA	NA	NA	NA	NA	NA	NA	NA	NA	NA	NA	NA	NA	NA	NA	NA	NA	NA	NA	NA	NA	NA	NA	NA	NA	NA	NA	NA	NA	NA	NA	NA	NA	NA	NA	NA	NA	NA	NA	NA	NA	NA	NA	NA	NA	NA	NA	NA
cg03344608	NA	NA	NA	NA	NA	NA	NA	NA	NA	NA	NA	NA	NA	NA	NA	NA	NA	NA	NA	NA	NA	NA	NA	NA	NA	NA	NA	NA	NA	NA	NA	NA	NA	NA	NA	NA	NA	NA	NA	NA	NA	NA	NA	NA	NA	NA	NA	NA	NA	NA	NA	NA	NA	NA	NA	NA	NA
cg03370330	0.782189682589598	0.704833672249106	0.700547486651765	0.695804874870167	0.744665823006428	0.53108908545086	0.59393709461868	0.715035000131236	0.910173648438505	0.860942874254613	0.823849237405419	0.707581537243027	0.636892618760564	0.808208707123125	0.691151492487368	0.717780699834111	0.665974815806807	0.831753748955025	0.110862711038388	0.826872217997455	0.851616671733151	0.76796879903166	0.80615015473908	0.58162442864092	0.625011424917687	0.800253451042165	0.395640670720761	0.738116538534329	0.911256156004188	0.883704915146079	0.636434673183421	0.442728297064277	0.568095832829365	0.739819390339081	0.355544818786248	0.716951964217593	0.570662462187521	0.914521673495652	0.672691000933048	0.5718655296256	0.53710264541605	0.835075880967601	0.843643540017734	0.892786743377905	0.771295819886289	0.692165570937824	0.771538516538344	0.808540497122639	0.674674894457505	0.858258479072916	0.454192099855022	0.684856831747282	0.154205237164406	0.741709229578277	0.781813197387553	0.629741240631221	0.628027548510946
cg03374148	0.718850339133302	0.573763849852365	0.779037759652104	0.186556956011713	0.190299478922101	0.373322612125542	0.366492645703347	0.650264282720216	0.801186864735982	0.35503266601636	0.228124632711956	0.373423436825964	0.678372650978733	0.847515846250588	0.465929600771368	0.385662205855254	0.345937851596898	0.316697732526411	0.141443985281619	0.868299950718065	NA	0.814088691069062	0.834566565631525	0.202633511592063	0.168216799515079	0.83710628252048	0.4117893271198	NA	0.856557357425086	0.531100486281891	0.804903945434407	0.191725276871675	NA	0.856361682323229	0.118507688273627	NA	0.171127652629514	0.814767276293731	0.568183883580763	0.383180325103267	0.214401762016731	0.813275092517252	0.427125938350246	0.794366453591428	0.843027402615593	0.586804161257841	0.560371613874273	0.896475422030513	0.518965518082222	0.660741531637677	0.148898106963905	NA	0.161572657815606	0.800256982473163	0.839067313599963	0.638558054131032	0.162218160209232
cg03393472	NA	NA	NA	NA	NA	NA	NA	NA	NA	NA	NA	NA	NA	NA	NA	NA	NA	NA	NA	NA	NA	NA	NA	NA	NA	NA	NA	NA	NA	NA	NA	NA	NA	NA	NA	NA	NA	NA	NA	NA	NA	NA	NA	NA	NA	NA	NA	NA	NA	NA	NA	NA	NA	NA	NA	NA	NA
cg03400512	NA	NA	NA	NA	NA	NA	NA	NA	NA	NA	NA	NA	NA	NA	NA	NA	NA	NA	NA	NA	NA	NA	NA	NA	NA	NA	NA	NA	NA	NA	NA	NA	NA	NA	NA	NA	NA	NA	NA	NA	NA	NA	NA	NA	NA	NA	NA	NA	NA	NA	NA	NA	NA	NA	NA	NA	NA
cg03461361	NA	NA	NA	NA	NA	NA	NA	NA	NA	NA	NA	NA	NA	NA	NA	NA	NA	NA	NA	NA	NA	NA	NA	NA	NA	NA	NA	NA	NA	NA	NA	NA	NA	NA	NA	NA	NA	NA	NA	NA	NA	NA	NA	NA	NA	NA	NA	NA	NA	NA	NA	NA	NA	NA	NA	NA	NA
cg03474461	NA	NA	NA	NA	NA	NA	NA	NA	NA	NA	NA	NA	NA	NA	NA	NA	NA	NA	NA	NA	NA	NA	NA	NA	NA	NA	NA	NA	NA	NA	NA	NA	NA	NA	NA	NA	NA	NA	NA	NA	NA	NA	NA	NA	NA	NA	NA	NA	NA	NA	NA	NA	NA	NA	NA	NA	NA
cg03511766	NA	NA	NA	NA	NA	NA	NA	NA	NA	NA	NA	NA	NA	NA	NA	NA	NA	NA	NA	NA	NA	NA	NA	NA	NA	NA	NA	NA	NA	NA	NA	NA	NA	NA	NA	NA	NA	NA	NA	NA	NA	NA	NA	NA	NA	NA	NA	NA	NA	NA	NA	NA	NA	NA	NA	NA	NA
cg03516394	NA	NA	NA	NA	NA	NA	NA	NA	NA	NA	NA	NA	NA	NA	NA	NA	NA	NA	NA	NA	NA	NA	NA	NA	NA	NA	NA	NA	NA	NA	NA	NA	NA	NA	NA	NA	NA	NA	NA	NA	NA	NA	NA	NA	NA	NA	NA	NA	NA	NA	NA	NA	NA	NA	NA	NA	NA
cg03525847	NA	NA	NA	NA	NA	NA	NA	NA	NA	NA	NA	NA	NA	NA	NA	NA	NA	NA	NA	NA	NA	NA	NA	NA	NA	NA	NA	NA	NA	NA	NA	NA	NA	NA	NA	NA	NA	NA	NA	NA	NA	NA	NA	NA	NA	NA	NA	NA	NA	NA	NA	NA	NA	NA	NA	NA	NA
cg03526100	NA	NA	NA	NA	NA	NA	NA	NA	NA	NA	NA	NA	NA	NA	NA	NA	NA	NA	NA	NA	NA	NA	NA	NA	NA	NA	NA	NA	NA	NA	NA	NA	NA	NA	NA	NA	NA	NA	NA	NA	NA	NA	NA	NA	NA	NA	NA	NA	NA	NA	NA	NA	NA	NA	NA	NA	NA
cg03561071	0.940097201518624	0.940415051344564	0.470402180399512	0.902856819785028	0.950877624771768	0.948081649371831	0.929729329704418	0.124977752267536	0.348644926838882	0.945965918843331	0.946500602573582	0.940531621659122	0.936811309741131	0.124154936619972	0.928117920399275	0.917045536571778	0.812933504977713	0.842984368554116	0.165906140351617	0.94412910680772	0.893351226200969	0.947167528758305	0.52215090790369	0.861236478589933	0.911244597648346	0.615443706049393	0.904783570196296	0.898486546818822	0.928890393892807	0.869790477888936	0.936497887354203	0.77119972268388	0.874694580021631	0.926472680465616	0.907100403310439	0.943058682305356	0.852844279768978	0.961870983859363	0.928068334866826	0.178509409834134	0.314819554298703	0.954990077565678	0.93115504063322	0.862247111440902	0.957886517132673	0.928676435667031	0.953953560271648	0.902095276803985	0.586076743738272	0.9407987828225	0.953005647084174	0.825161455854406	0.144877777712523	0.938875253610993	0.932398567403839	0.954869259912443	0.875759962186149
cg03567106	NA	NA	NA	NA	NA	NA	NA	NA	NA	NA	NA	NA	NA	NA	NA	NA	NA	NA	NA	NA	NA	NA	NA	NA	NA	NA	NA	NA	NA	NA	NA	NA	NA	NA	NA	NA	NA	NA	NA	NA	NA	NA	NA	NA	NA	NA	NA	NA	NA	NA	NA	NA	NA	NA	NA	NA	NA
cg03578552	NA	NA	NA	NA	NA	NA	NA	NA	NA	NA	NA	NA	NA	NA	NA	NA	NA	NA	NA	NA	NA	NA	NA	NA	NA	NA	NA	NA	NA	NA	NA	NA	NA	NA	NA	NA	NA	NA	NA	NA	NA	NA	NA	NA	NA	NA	NA	NA	NA	NA	NA	NA	NA	NA	NA	NA	NA
cg03606093	NA	NA	NA	NA	NA	NA	NA	NA	NA	NA	NA	NA	NA	NA	NA	NA	NA	NA	NA	NA	NA	NA	NA	NA	NA	NA	NA	NA	NA	NA	NA	NA	NA	NA	NA	NA	NA	NA	NA	NA	NA	NA	NA	NA	NA	NA	NA	NA	NA	NA	NA	NA	NA	NA	NA	NA	NA
cg03646967	NA	NA	NA	NA	NA	NA	NA	NA	NA	NA	NA	NA	NA	NA	NA	NA	NA	NA	NA	NA	NA	NA	NA	NA	NA	NA	NA	NA	NA	NA	NA	NA	NA	NA	NA	NA	NA	NA	NA	NA	NA	NA	NA	NA	NA	NA	NA	NA	NA	NA	NA	NA	NA	NA	NA	NA	NA
cg03659851	NA	NA	NA	NA	NA	NA	NA	NA	NA	NA	NA	NA	NA	NA	NA	NA	NA	NA	NA	NA	NA	NA	NA	NA	NA	NA	NA	NA	NA	NA	NA	NA	NA	NA	NA	NA	NA	NA	NA	NA	NA	NA	NA	NA	NA	NA	NA	NA	NA	NA	NA	NA	NA	NA	NA	NA	NA
cg03663072	NA	NA	NA	NA	NA	NA	NA	NA	NA	NA	NA	NA	NA	NA	NA	NA	NA	NA	NA	NA	NA	NA	NA	NA	NA	NA	NA	NA	NA	NA	NA	NA	NA	NA	NA	NA	NA	NA	NA	NA	NA	NA	NA	NA	NA	NA	NA	NA	NA	NA	NA	NA	NA	NA	NA	NA	NA
cg03667040	NA	NA	NA	NA	NA	NA	NA	NA	NA	NA	NA	NA	NA	NA	NA	NA	NA	NA	NA	NA	NA	NA	NA	NA	NA	NA	NA	NA	NA	NA	NA	NA	NA	NA	NA	NA	NA	NA	NA	NA	NA	NA	NA	NA	NA	NA	NA	NA	NA	NA	NA	NA	NA	NA	NA	NA	NA
cg03777697	0.922491242808602	0.9281132850086	0.924972457621028	0.89877659706247	0.88963880519028	0.925996855294434	0.912857696289888	0.863673443410343	0.881266136088366	0.890432908600422	0.945399751431572	0.941194219012636	0.917013933484388	0.916946491493604	0.926897692302968	0.924718886546026	0.920945768736506	0.857462753294046	0.867131864067851	0.918137194555249	0.893297030843574	0.903291562417572	0.85391004382758	0.88168682257369	0.910583911126676	0.866111210160383	0.90335056326185	0.90520713015575	0.894593461125304	0.891478238541705	0.906021860543372	0.931629321155274	0.893947705756447	0.919557099339505	0.896325800830544	0.871896910164402	0.900823329304577	0.870299965886796	0.880149691246696	0.90802376059924	0.854854005474154	0.894119030334961	0.905487580610818	0.892500445519318	0.935333591951465	0.878267570767248	0.877764341996466	0.84866820607087	0.888148626169821	0.91725663029442	0.918925333790915	0.903718070263292	0.873641040653951	0.890521564913203	0.903917056660395	0.934117897000674	0.915367975928471
cg03796122	NA	NA	NA	NA	NA	NA	NA	NA	NA	NA	NA	NA	NA	NA	NA	NA	NA	NA	NA	NA	NA	NA	NA	NA	NA	NA	NA	NA	NA	NA	NA	NA	NA	NA	NA	NA	NA	NA	NA	NA	NA	NA	NA	NA	NA	NA	NA	NA	NA	NA	NA	NA	NA	NA	NA	NA	NA
cg03826683	NA	NA	NA	NA	NA	NA	NA	NA	NA	NA	NA	NA	NA	NA	NA	NA	NA	NA	NA	NA	NA	NA	NA	NA	NA	NA	NA	NA	NA	NA	NA	NA	NA	NA	NA	NA	NA	NA	NA	NA	NA	NA	NA	NA	NA	NA	NA	NA	NA	NA	NA	NA	NA	NA	NA	NA	NA
cg03833216	0.183071269913222	0.871289947487454	0.415174218253559	NA	NA	0.24174710799825	0.890540530319976	NA	0.907231038375906	0.826086943423215	0.0975367425270054	0.91625395380557	NA	NA	0.855866699958865	NA	NA	0.803761271171397	0.826794798044655	NA	NA	NA	NA	0.800676739746113	NA	NA	NA	0.836278755483591	NA	0.797841876043355	0.819389525838076	NA	NA	0.833498531263739	0.893020538456313	NA	NA	0.872047162497484	0.129823773234845	NA	NA	0.842574997325409	0.870118644584359	0.0922910335075964	0.919387368276271	0.794100754127642	NA	0.88559584955044	NA	0.903377200203005	0.358157231542691	NA	NA	NA	NA	NA	0.24008676694387
cg03838823	NA	NA	NA	NA	NA	NA	NA	NA	NA	NA	NA	NA	NA	NA	NA	NA	NA	NA	NA	NA	NA	NA	NA	NA	NA	NA	NA	NA	NA	NA	NA	NA	NA	NA	NA	NA	NA	NA	NA	NA	NA	NA	NA	NA	NA	NA	NA	NA	NA	NA	NA	NA	NA	NA	NA	NA	NA
cg03840912	0.572472792670268	0.468250627740123	0.894713970594626	0.214235904797226	0.339996078731466	0.680960227052675	0.872334572963999	0.484086623101732	0.956164197852284	0.614307411532839	0.893229910610399	0.802513313081776	0.811838224149558	0.209128768664608	0.651830248376802	0.80063526065155	0.647994116015392	0.867757093964238	0.737385115993525	0.883553928032812	0.915291587504213	0.897302734090081	0.693125795899856	0.57718121571726	0.155256353850448	0.941097198033468	0.415966219636982	0.746325313469164	0.855142874969495	0.915717186398781	0.632106058228393	0.882821090522126	0.41315487288685	0.883078225271793	0.484681047521166	0.948988118921519	0.267980781983287	0.946613364446944	0.246667588647416	0.664800152164541	0.661295290724886	0.877251578687611	0.583929924656167	0.473422231444139	0.930925398731266	0.935370857943869	0.574109744105487	0.924194360684066	0.925932593675004	0.950833902806763	0.645244769035595	0.543301881986631	0.835448846382707	0.770408252743938	0.521080605420448	0.9121990279541	0.687065639048939
cg03843092	0.896344441432292	0.907953356118568	0.936726341263508	0.606856260820176	0.486568229210292	0.257921616022297	0.871585976066603	0.0631068667103265	0.0918347575587021	0.554809063822278	0.403496956587469	0.632616713539802	0.270325236783873	0.737089733229433	0.391933015798744	0.747915859299717	0.194875036659406	0.761489770836504	0.105416248691079	0.790093685034842	0.638611600006787	0.831057872933923	0.866700521194812	0.455381525348319	0.0794124276900769	0.122502694243215	0.230629351785862	0.677495138698724	0.893158442092411	0.786093770535512	0.750512111008979	0.922960442963174	0.252882228451138	0.907050612249526	0.636587699378556	0.745064018801687	0.570263712621224	0.928749934346575	0.151849924926485	0.213782512106685	0.151794036573041	0.65755833777131	0.627060891199929	0.81742394572275	0.776854464683774	0.514508068524259	0.724474180358952	0.855339831140759	0.558951083104395	0.870620911009699	0.792956869903172	0.702404699168051	0.15250998728453	0.886733337809438	0.842279161027097	0.389465733054206	0.178927715045944
cg03859106	NA	NA	NA	NA	NA	NA	NA	NA	NA	NA	NA	NA	NA	NA	NA	NA	NA	NA	NA	NA	NA	NA	NA	NA	NA	NA	NA	NA	NA	NA	NA	NA	NA	NA	NA	NA	NA	NA	NA	NA	NA	NA	NA	NA	NA	NA	NA	NA	NA	NA	NA	NA	NA	NA	NA	NA	NA
cg03885144	NA	NA	NA	NA	NA	NA	NA	NA	NA	NA	NA	NA	NA	NA	NA	NA	NA	NA	NA	NA	NA	NA	NA	NA	NA	NA	NA	NA	NA	NA	NA	NA	NA	NA	NA	NA	NA	NA	NA	NA	NA	NA	NA	NA	NA	NA	NA	NA	NA	NA	NA	NA	NA	NA	NA	NA	NA
cg03890998	NA	NA	NA	NA	NA	NA	NA	NA	NA	NA	NA	NA	NA	NA	NA	NA	NA	NA	NA	NA	NA	NA	NA	NA	NA	NA	NA	NA	NA	NA	NA	NA	NA	NA	NA	NA	NA	NA	NA	NA	NA	NA	NA	NA	NA	NA	NA	NA	NA	NA	NA	NA	NA	NA	NA	NA	NA
cg03913000	NA	NA	NA	NA	NA	NA	NA	NA	NA	NA	NA	NA	NA	NA	NA	NA	NA	NA	NA	NA	NA	NA	NA	NA	NA	NA	NA	NA	NA	NA	NA	NA	NA	NA	NA	NA	NA	NA	NA	NA	NA	NA	NA	NA	NA	NA	NA	NA	NA	NA	NA	NA	NA	NA	NA	NA	NA
cg03933786	NA	NA	NA	NA	NA	NA	NA	NA	NA	NA	NA	NA	NA	NA	NA	NA	NA	NA	NA	NA	NA	NA	NA	NA	NA	NA	NA	NA	NA	NA	NA	NA	NA	NA	NA	NA	NA	NA	NA	NA	NA	NA	NA	NA	NA	NA	NA	NA	NA	NA	NA	NA	NA	NA	NA	NA	NA
cg03935072	NA	NA	NA	NA	NA	NA	NA	NA	NA	NA	NA	NA	NA	NA	NA	NA	NA	NA	NA	NA	NA	NA	NA	NA	NA	NA	NA	NA	NA	NA	NA	NA	NA	NA	NA	NA	NA	NA	NA	NA	NA	NA	NA	NA	NA	NA	NA	NA	NA	NA	NA	NA	NA	NA	NA	NA	NA
cg03996098	NA	NA	NA	NA	NA	NA	NA	NA	NA	NA	NA	NA	NA	NA	NA	NA	NA	NA	NA	NA	NA	NA	NA	NA	NA	NA	NA	NA	NA	NA	NA	NA	NA	NA	NA	NA	NA	NA	NA	NA	NA	NA	NA	NA	NA	NA	NA	NA	NA	NA	NA	NA	NA	NA	NA	NA	NA
cg04002935	NA	NA	NA	NA	NA	NA	NA	NA	NA	NA	NA	NA	NA	NA	NA	NA	NA	NA	NA	NA	NA	NA	NA	NA	NA	NA	NA	NA	NA	NA	NA	NA	NA	NA	NA	NA	NA	NA	NA	NA	NA	NA	NA	NA	NA	NA	NA	NA	NA	NA	NA	NA	NA	NA	NA	NA	NA
cg04006206	NA	NA	NA	NA	NA	NA	NA	NA	NA	NA	NA	NA	NA	NA	NA	NA	NA	NA	NA	NA	NA	NA	NA	NA	NA	NA	NA	NA	NA	NA	NA	NA	NA	NA	NA	NA	NA	NA	NA	NA	NA	NA	NA	NA	NA	NA	NA	NA	NA	NA	NA	NA	NA	NA	NA	NA	NA
cg04026763	NA	NA	NA	NA	NA	NA	NA	NA	NA	NA	NA	NA	NA	NA	NA	NA	NA	NA	NA	NA	NA	NA	NA	NA	NA	NA	NA	NA	NA	NA	NA	NA	NA	NA	NA	NA	NA	NA	NA	NA	NA	NA	NA	NA	NA	NA	NA	NA	NA	NA	NA	NA	NA	NA	NA	NA	NA
cg04031354	NA	NA	NA	NA	NA	NA	NA	NA	NA	NA	NA	NA	NA	NA	NA	NA	NA	NA	NA	NA	NA	NA	NA	NA	NA	NA	NA	NA	NA	NA	NA	NA	NA	NA	NA	NA	NA	NA	NA	NA	NA	NA	NA	NA	NA	NA	NA	NA	NA	NA	NA	NA	NA	NA	NA	NA	NA
cg04055096	0.79700744965431	0.686666002625407	0.559922476926326	0.517316000316989	0.563985827353415	0.675112460714955	0.888141280711191	0.763185257514921	0.919606527765021	0.602794053936494	0.730155330578426	0.446172414422983	0.789495577603855	0.832823237193272	0.747552908883717	0.73831555854102	0.783544955481069	0.581580210474959	0.75823184553282	0.852354076128359	0.882397588172257	0.806646309072712	0.801793695779656	0.714347475121852	0.644359808299726	0.716153275937115	0.772041527409411	0.865137368273585	0.765158838621012	0.926361480446602	0.589020632281836	0.514265143869042	0.634187638391004	0.839344923120679	0.840430033373543	0.519803952385848	0.663139947935457	0.589876868660132	0.824246616867204	0.386997152758607	0.676647438126042	0.883458463608165	0.827880577222975	0.85068693558409	0.780627455559434	0.563115571578014	0.743331547050568	0.824456500074178	0.762502589494927	0.908022476160559	0.70907745552859	0.840653687683567	0.317121857547657	0.452987668316193	0.572268044630037	0.765317412329463	0.834198038726264
cg04062303	NA	NA	NA	NA	NA	NA	NA	NA	NA	NA	NA	NA	NA	NA	NA	NA	NA	NA	NA	NA	NA	NA	NA	NA	NA	NA	NA	NA	NA	NA	NA	NA	NA	NA	NA	NA	NA	NA	NA	NA	NA	NA	NA	NA	NA	NA	NA	NA	NA	NA	NA	NA	NA	NA	NA	NA	NA
cg04076763	NA	NA	NA	NA	NA	NA	NA	NA	NA	NA	NA	NA	NA	NA	NA	NA	NA	NA	NA	NA	NA	NA	NA	NA	NA	NA	NA	NA	NA	NA	NA	NA	NA	NA	NA	NA	NA	NA	NA	NA	NA	NA	NA	NA	NA	NA	NA	NA	NA	NA	NA	NA	NA	NA	NA	NA	NA
cg04100169	NA	NA	NA	NA	NA	NA	NA	NA	NA	NA	NA	NA	NA	NA	NA	NA	NA	NA	NA	NA	NA	NA	NA	NA	NA	NA	NA	NA	NA	NA	NA	NA	NA	NA	NA	NA	NA	NA	NA	NA	NA	NA	NA	NA	NA	NA	NA	NA	NA	NA	NA	NA	NA	NA	NA	NA	NA
cg04103847	0.0534076266241799	0.586182561422463	0.729873459615532	0.263023130080877	0.460694110157023	0.41452617807447	0.542279645730979	0.0620744535824405	0.823530785372049	0.220513002570609	0.0747922723397301	0.74530766114059	0.106416925359829	0.118053339023498	0.584609567867534	0.221102794855304	0.584105525470299	0.142277440932682	0.0449991006352162	0.756119818238192	0.427897755727155	0.331310382753164	0.141903409948856	0.311375642922408	0.0823348465076501	0.88253228272488	0.33140898139937	0.582084508163456	0.281674800321139	0.47534379713126	0.52610600459455	0.141758441396298	0.252042463071457	0.903334907444834	0.50336472141027	0.0825113069955318	0.371826322454369	0.850925294946571	0.0526819895234949	0.156373864386461	0.120245448192009	0.929640870221071	0.490286754612614	0.134473133897784	0.782347217571691	0.86125755613024	0.204139820170495	0.56876535710343	0.354441183314562	0.827331412656189	0.853353693125096	0.483497939408841	0.101121443028729	0.456209447763402	0.496139102429468	0.168845786548539	0.136722849535157
cg04114537	NA	NA	NA	NA	NA	NA	NA	NA	NA	NA	NA	NA	NA	NA	NA	NA	NA	NA	NA	NA	NA	NA	NA	NA	NA	NA	NA	NA	NA	NA	NA	NA	NA	NA	NA	NA	NA	NA	NA	NA	NA	NA	NA	NA	NA	NA	NA	NA	NA	NA	NA	NA	NA	NA	NA	NA	NA
cg04143547	NA	NA	NA	NA	NA	NA	NA	NA	NA	NA	NA	NA	NA	NA	NA	NA	NA	NA	NA	NA	NA	NA	NA	NA	NA	NA	NA	NA	NA	NA	NA	NA	NA	NA	NA	NA	NA	NA	NA	NA	NA	NA	NA	NA	NA	NA	NA	NA	NA	NA	NA	NA	NA	NA	NA	NA	NA
cg04167811	NA	NA	NA	NA	NA	NA	NA	NA	NA	NA	NA	NA	NA	NA	NA	NA	NA	NA	NA	NA	NA	NA	NA	NA	NA	NA	NA	NA	NA	NA	NA	NA	NA	NA	NA	NA	NA	NA	NA	NA	NA	NA	NA	NA	NA	NA	NA	NA	NA	NA	NA	NA	NA	NA	NA	NA	NA
cg04216073	0.917788229571685	0.787545100837247	0.894709569900154	0.819716487919401	0.849442045816976	0.469174639306484	0.867723863414042	NA	0.907758387904429	0.899352819434713	0.911243851437878	0.902831252736989	0.869709763347917	0.91885392139832	0.888714006558015	0.295515329872484	0.579562282634161	0.705818390647985	0.609536847719195	0.91228718545146	0.719859154778088	0.905347687197603	0.836264676329913	0.846902987080113	NA	0.497132258225695	0.888900094362506	0.834269879491163	0.888264889932154	0.866827637683607	0.833444722819591	0.743021476408742	NA	0.907822157842436	0.670328747766229	0.832549256959731	0.769987724714296	0.914627812559821	0.848034379884962	0.837432089539694	NA	0.632961096371561	0.873863731807968	0.536955999353736	0.92319522274646	0.521506179955637	0.892209785159192	0.809075899123575	0.554279626842282	0.91639146798889	0.727473545195121	0.829882188083773	0.193975762783581	0.732091056263077	0.91698123744617	0.885597966419794	0.851225321313923
cg04223924	0.261057824927078	0.263570751199886	0.770206988634352	0.089283681434914	0.188159297965639	0.299970956990512	0.342413205822205	0.698445807854342	0.866949557715274	0.172049249569225	0.151328545601784	0.0908566921375783	0.278909238338232	0.146183697837457	0.237538653588391	0.304476313886231	0.164917318773944	0.229465138211893	0.729845868110021	0.632600012513575	0.471019886314671	0.247040435610343	0.175365777766668	0.309427693820786	0.19019906698598	0.512968807663948	0.0982592097339196	0.403851389230829	0.752923799914536	0.476000082450413	0.166766590262872	0.187117586363004	0.231310514364087	0.168252735789809	0.209214723077701	0.0733167917947112	0.123604894222138	0.270078585561046	0.117814014039022	0.0873351837796693	0.317664407886706	0.771800829929715	0.151785287695994	0.711182641045325	0.171974726792972	0.328448665722154	0.184287644853088	0.398887215352243	0.376003280773332	0.558255166837247	0.137744840677286	0.382205087013752	0.31880942256884	0.309286752800041	0.103614482782511	0.414124699531002	0.109392930063605
cg04224084	NA	NA	NA	NA	NA	NA	NA	NA	NA	NA	NA	NA	NA	NA	NA	NA	NA	NA	NA	NA	NA	NA	NA	NA	NA	NA	NA	NA	NA	NA	NA	NA	NA	NA	NA	NA	NA	NA	NA	NA	NA	NA	NA	NA	NA	NA	NA	NA	NA	NA	NA	NA	NA	NA	NA	NA	NA
cg04240603	NA	NA	NA	NA	NA	NA	NA	NA	NA	NA	NA	NA	NA	NA	NA	NA	NA	NA	NA	NA	NA	NA	NA	NA	NA	NA	NA	NA	NA	NA	NA	NA	NA	NA	NA	NA	NA	NA	NA	NA	NA	NA	NA	NA	NA	NA	NA	NA	NA	NA	NA	NA	NA	NA	NA	NA	NA
cg04261102	NA	NA	NA	NA	NA	NA	NA	NA	NA	NA	NA	NA	NA	NA	NA	NA	NA	NA	NA	NA	NA	NA	NA	NA	NA	NA	NA	NA	NA	NA	NA	NA	NA	NA	NA	NA	NA	NA	NA	NA	NA	NA	NA	NA	NA	NA	NA	NA	NA	NA	NA	NA	NA	NA	NA	NA	NA
cg04273604	NA	NA	NA	NA	NA	NA	NA	NA	NA	NA	NA	NA	NA	NA	NA	NA	NA	NA	NA	NA	NA	NA	NA	NA	NA	NA	NA	NA	NA	NA	NA	NA	NA	NA	NA	NA	NA	NA	NA	NA	NA	NA	NA	NA	NA	NA	NA	NA	NA	NA	NA	NA	NA	NA	NA	NA	NA
cg04280377	NA	NA	NA	NA	NA	NA	NA	NA	NA	NA	NA	NA	NA	NA	NA	NA	NA	NA	NA	NA	NA	NA	NA	NA	NA	NA	NA	NA	NA	NA	NA	NA	NA	NA	NA	NA	NA	NA	NA	NA	NA	NA	NA	NA	NA	NA	NA	NA	NA	NA	NA	NA	NA	NA	NA	NA	NA
cg04285493	NA	NA	NA	NA	NA	NA	NA	NA	NA	NA	NA	NA	NA	NA	NA	NA	NA	NA	NA	NA	NA	NA	NA	NA	NA	NA	NA	NA	NA	NA	NA	NA	NA	NA	NA	NA	NA	NA	NA	NA	NA	NA	NA	NA	NA	NA	NA	NA	NA	NA	NA	NA	NA	NA	NA	NA	NA
cg04370860	0.930830916669561	0.904950847699666	0.922115904824868	0.90998916212018	0.931109068526683	0.931496339981313	0.919331303967998	0.917287125729695	0.891409433854466	0.944610343884872	0.945560336914815	0.579160748815157	0.91310302140486	0.649921314626602	0.924696307528497	0.94173857424408	0.925963127576749	0.849005441186939	0.900929960102008	0.885251042587803	0.866324088382748	0.896579017895552	0.910271951122797	0.924631783505091	0.928105339131186	0.882055736201683	0.914686261899575	0.913922939614741	0.909181446450222	0.90850966039598	0.841667324258314	0.921027471986368	0.877273767978453	0.923826641602868	0.927378699981291	0.891442427274341	0.878109464221188	0.916704162293019	0.891533426878606	0.87516848479078	0.934596904380052	0.924328801594227	0.9224627148877	0.916823660774551	0.775491480485652	0.926853001186881	0.933623380211111	0.922476314069053	0.922136665893008	0.889944305041168	0.883700156556317	0.920033316793577	0.90248422874466	0.930893346479967	0.690652517367	0.867231788363379	0.895629282390663
cg04379416	NA	NA	NA	NA	NA	NA	NA	NA	NA	NA	NA	NA	NA	NA	NA	NA	NA	NA	NA	NA	NA	NA	NA	NA	NA	NA	NA	NA	NA	NA	NA	NA	NA	NA	NA	NA	NA	NA	NA	NA	NA	NA	NA	NA	NA	NA	NA	NA	NA	NA	NA	NA	NA	NA	NA	NA	NA
cg04392293	NA	NA	NA	NA	NA	NA	NA	NA	NA	NA	NA	NA	NA	NA	NA	NA	NA	NA	NA	NA	NA	NA	NA	NA	NA	NA	NA	NA	NA	NA	NA	NA	NA	NA	NA	NA	NA	NA	NA	NA	NA	NA	NA	NA	NA	NA	NA	NA	NA	NA	NA	NA	NA	NA	NA	NA	NA
cg04407400	NA	NA	NA	NA	NA	NA	NA	NA	NA	NA	NA	NA	NA	NA	NA	NA	NA	NA	NA	NA	NA	NA	NA	NA	NA	NA	NA	NA	NA	NA	NA	NA	NA	NA	NA	NA	NA	NA	NA	NA	NA	NA	NA	NA	NA	NA	NA	NA	NA	NA	NA	NA	NA	NA	NA	NA	NA
cg04474903	NA	NA	NA	NA	NA	NA	NA	NA	NA	NA	NA	NA	NA	NA	NA	NA	NA	NA	NA	NA	NA	NA	NA	NA	NA	NA	NA	NA	NA	NA	NA	NA	NA	NA	NA	NA	NA	NA	NA	NA	NA	NA	NA	NA	NA	NA	NA	NA	NA	NA	NA	NA	NA	NA	NA	NA	NA
cg04477079	NA	NA	NA	NA	NA	NA	NA	NA	NA	NA	NA	NA	NA	NA	NA	NA	NA	NA	NA	NA	NA	NA	NA	NA	NA	NA	NA	NA	NA	NA	NA	NA	NA	NA	NA	NA	NA	NA	NA	NA	NA	NA	NA	NA	NA	NA	NA	NA	NA	NA	NA	NA	NA	NA	NA	NA	NA
cg04487158	NA	NA	NA	NA	NA	NA	NA	NA	NA	NA	NA	NA	NA	NA	NA	NA	NA	NA	NA	NA	NA	NA	NA	NA	NA	NA	NA	NA	NA	NA	NA	NA	NA	NA	NA	NA	NA	NA	NA	NA	NA	NA	NA	NA	NA	NA	NA	NA	NA	NA	NA	NA	NA	NA	NA	NA	NA
cg04498159	NA	NA	NA	NA	NA	NA	NA	NA	NA	NA	NA	NA	NA	NA	NA	NA	NA	NA	NA	NA	NA	NA	NA	NA	NA	NA	NA	NA	NA	NA	NA	NA	NA	NA	NA	NA	NA	NA	NA	NA	NA	NA	NA	NA	NA	NA	NA	NA	NA	NA	NA	NA	NA	NA	NA	NA	NA
cg04509365	NA	NA	NA	NA	NA	NA	NA	NA	NA	NA	NA	NA	NA	NA	NA	NA	NA	NA	NA	NA	NA	NA	NA	NA	NA	NA	NA	NA	NA	NA	NA	NA	NA	NA	NA	NA	NA	NA	NA	NA	NA	NA	NA	NA	NA	NA	NA	NA	NA	NA	NA	NA	NA	NA	NA	NA	NA
cg04577395	NA	NA	NA	NA	NA	NA	NA	NA	NA	NA	NA	NA	NA	NA	NA	NA	NA	NA	NA	NA	NA	NA	NA	NA	NA	NA	NA	NA	NA	NA	NA	NA	NA	NA	NA	NA	NA	NA	NA	NA	NA	NA	NA	NA	NA	NA	NA	NA	NA	NA	NA	NA	NA	NA	NA	NA	NA
cg04586418	0.85760711425726	0.834787811580853	0.875760312983755	0.736516997198078	0.789000927530546	0.954470373467327	0.898985056024562	0.841042135530549	0.937497853547665	0.91944871852489	0.925190944200658	0.810559427399491	0.808546091408401	0.83509600999663	0.903652627249217	0.930418972050717	0.837605517619404	0.838981805630067	0.677807242110132	0.937486515022227	0.878740496488328	0.858738311809598	0.884327295795013	0.937046736613909	0.693849245142453	0.899589462700415	0.884002835109466	0.800925591575761	0.9325687644043	0.908538612255844	0.675179905654698	0.822217962934545	0.893879389442257	0.882160004278549	0.777465449841195	0.891168844448873	0.609869206399882	0.928576229362995	0.813590464182898	0.802681093742284	0.927516290542228	0.939716134410845	0.788843184220878	0.838567261001534	0.937399591193477	0.922961706557671	0.932841470749354	0.897060414416746	0.870251518682228	0.917999717448482	0.824061863986041	0.84780349922101	0.8731996646531	0.853186110363718	0.736764215585011	0.867797837957835	0.80262734633924
cg04611407	NA	NA	NA	NA	NA	NA	NA	NA	NA	NA	NA	NA	NA	NA	NA	NA	NA	NA	NA	NA	NA	NA	NA	NA	NA	NA	NA	NA	NA	NA	NA	NA	NA	NA	NA	NA	NA	NA	NA	NA	NA	NA	NA	NA	NA	NA	NA	NA	NA	NA	NA	NA	NA	NA	NA	NA	NA
cg04612869	NA	NA	NA	NA	NA	NA	NA	NA	NA	NA	NA	NA	NA	NA	NA	NA	NA	NA	NA	NA	NA	NA	NA	NA	NA	NA	NA	NA	NA	NA	NA	NA	NA	NA	NA	NA	NA	NA	NA	NA	NA	NA	NA	NA	NA	NA	NA	NA	NA	NA	NA	NA	NA	NA	NA	NA	NA
cg04613945	NA	NA	NA	NA	NA	NA	NA	NA	NA	NA	NA	NA	NA	NA	NA	NA	NA	NA	NA	NA	NA	NA	NA	NA	NA	NA	NA	NA	NA	NA	NA	NA	NA	NA	NA	NA	NA	NA	NA	NA	NA	NA	NA	NA	NA	NA	NA	NA	NA	NA	NA	NA	NA	NA	NA	NA	NA
cg04636881	NA	NA	NA	NA	NA	NA	NA	NA	NA	NA	NA	NA	NA	NA	NA	NA	NA	NA	NA	NA	NA	NA	NA	NA	NA	NA	NA	NA	NA	NA	NA	NA	NA	NA	NA	NA	NA	NA	NA	NA	NA	NA	NA	NA	NA	NA	NA	NA	NA	NA	NA	NA	NA	NA	NA	NA	NA
cg04675342	NA	NA	NA	NA	NA	NA	NA	NA	NA	NA	NA	NA	NA	NA	NA	NA	NA	NA	NA	NA	NA	NA	NA	NA	NA	NA	NA	NA	NA	NA	NA	NA	NA	NA	NA	NA	NA	NA	NA	NA	NA	NA	NA	NA	NA	NA	NA	NA	NA	NA	NA	NA	NA	NA	NA	NA	NA
cg04717450	NA	NA	NA	NA	NA	NA	NA	NA	NA	NA	NA	NA	NA	NA	NA	NA	NA	NA	NA	NA	NA	NA	NA	NA	NA	NA	NA	NA	NA	NA	NA	NA	NA	NA	NA	NA	NA	NA	NA	NA	NA	NA	NA	NA	NA	NA	NA	NA	NA	NA	NA	NA	NA	NA	NA	NA	NA
cg04730459	NA	NA	NA	NA	NA	NA	NA	NA	NA	NA	NA	NA	NA	NA	NA	NA	NA	NA	NA	NA	NA	NA	NA	NA	NA	NA	NA	NA	NA	NA	NA	NA	NA	NA	NA	NA	NA	NA	NA	NA	NA	NA	NA	NA	NA	NA	NA	NA	NA	NA	NA	NA	NA	NA	NA	NA	NA
cg04751736	NA	NA	NA	NA	NA	NA	NA	NA	NA	NA	NA	NA	NA	NA	NA	NA	NA	NA	NA	NA	NA	NA	NA	NA	NA	NA	NA	NA	NA	NA	NA	NA	NA	NA	NA	NA	NA	NA	NA	NA	NA	NA	NA	NA	NA	NA	NA	NA	NA	NA	NA	NA	NA	NA	NA	NA	NA
cg04757410	NA	NA	NA	NA	NA	NA	NA	NA	NA	NA	NA	NA	NA	NA	NA	NA	NA	NA	NA	NA	NA	NA	NA	NA	NA	NA	NA	NA	NA	NA	NA	NA	NA	NA	NA	NA	NA	NA	NA	NA	NA	NA	NA	NA	NA	NA	NA	NA	NA	NA	NA	NA	NA	NA	NA	NA	NA
cg04799493	NA	NA	NA	NA	NA	NA	NA	NA	NA	NA	NA	NA	NA	NA	NA	NA	NA	NA	NA	NA	NA	NA	NA	NA	NA	NA	NA	NA	NA	NA	NA	NA	NA	NA	NA	NA	NA	NA	NA	NA	NA	NA	NA	NA	NA	NA	NA	NA	NA	NA	NA	NA	NA	NA	NA	NA	NA
cg04826176	NA	NA	NA	NA	NA	NA	NA	NA	NA	NA	NA	NA	NA	NA	NA	NA	NA	NA	NA	NA	NA	NA	NA	NA	NA	NA	NA	NA	NA	NA	NA	NA	NA	NA	NA	NA	NA	NA	NA	NA	NA	NA	NA	NA	NA	NA	NA	NA	NA	NA	NA	NA	NA	NA	NA	NA	NA
cg04829566	NA	NA	NA	NA	NA	NA	NA	NA	NA	NA	NA	NA	NA	NA	NA	NA	NA	NA	NA	NA	NA	NA	NA	NA	NA	NA	NA	NA	NA	NA	NA	NA	NA	NA	NA	NA	NA	NA	NA	NA	NA	NA	NA	NA	NA	NA	NA	NA	NA	NA	NA	NA	NA	NA	NA	NA	NA
cg04831589	NA	NA	NA	NA	NA	NA	NA	NA	NA	NA	NA	NA	NA	NA	NA	NA	NA	NA	NA	NA	NA	NA	NA	NA	NA	NA	NA	NA	NA	NA	NA	NA	NA	NA	NA	NA	NA	NA	NA	NA	NA	NA	NA	NA	NA	NA	NA	NA	NA	NA	NA	NA	NA	NA	NA	NA	NA
cg04834061	NA	NA	NA	NA	NA	NA	NA	NA	NA	NA	NA	NA	NA	NA	NA	NA	NA	NA	NA	NA	NA	NA	NA	NA	NA	NA	NA	NA	NA	NA	NA	NA	NA	NA	NA	NA	NA	NA	NA	NA	NA	NA	NA	NA	NA	NA	NA	NA	NA	NA	NA	NA	NA	NA	NA	NA	NA
cg04860622	NA	NA	NA	NA	NA	NA	NA	NA	NA	NA	NA	NA	NA	NA	NA	NA	NA	NA	NA	NA	NA	NA	NA	NA	NA	NA	NA	NA	NA	NA	NA	NA	NA	NA	NA	NA	NA	NA	NA	NA	NA	NA	NA	NA	NA	NA	NA	NA	NA	NA	NA	NA	NA	NA	NA	NA	NA
cg04879818	NA	NA	NA	NA	NA	NA	NA	NA	NA	NA	NA	NA	NA	NA	NA	NA	NA	NA	NA	NA	NA	NA	NA	NA	NA	NA	NA	NA	NA	NA	NA	NA	NA	NA	NA	NA	NA	NA	NA	NA	NA	NA	NA	NA	NA	NA	NA	NA	NA	NA	NA	NA	NA	NA	NA	NA	NA
cg04884395	NA	NA	NA	NA	NA	NA	NA	NA	NA	NA	NA	NA	NA	NA	NA	NA	NA	NA	NA	NA	NA	NA	NA	NA	NA	NA	NA	NA	NA	NA	NA	NA	NA	NA	NA	NA	NA	NA	NA	NA	NA	NA	NA	NA	NA	NA	NA	NA	NA	NA	NA	NA	NA	NA	NA	NA	NA
cg04896534	0.143563120008797	0.146053471489821	0.37849079123014	0.254483672441283	0.175653086294556	0.609229089629049	0.620338344857586	0.254602404476545	0.243889398572846	0.258412412314788	0.819221363764778	0.30251349531212	0.359642055907661	0.237119059169702	0.494020929942605	0.198271858373648	0.377659475868501	0.203005778387561	0.513743834438336	0.565314976149351	0.241215623486127	0.546558965570199	0.383184972544838	0.165826552189226	0.174822322424919	0.623639443105376	0.517946086217685	0.639753117019485	0.474938354260563	0.369533149409766	0.453176362590316	0.861188086030476	0.283112682815844	0.223439928111311	0.23226560896654	0.48374020168774	0.20425176877508	0.514605110788361	0.481804514232925	0.428649992654971	0.40474839112733	0.49875401573344	0.687290768091275	0.155810312260763	0.3902520497453	0.420617954275966	0.615838226187882	0.672020291387057	0.543791495419214	0.757286021784841	0.247273016042219	0.409426164484951	0.569234651615028	0.572381698326315	0.208387610220058	0.612257548617625	0.468664091437082
cg04908013	NA	NA	NA	NA	NA	NA	NA	NA	NA	NA	NA	NA	NA	NA	NA	NA	NA	NA	NA	NA	NA	NA	NA	NA	NA	NA	NA	NA	NA	NA	NA	NA	NA	NA	NA	NA	NA	NA	NA	NA	NA	NA	NA	NA	NA	NA	NA	NA	NA	NA	NA	NA	NA	NA	NA	NA	NA
cg04935792	0.711736310063241	0.730329104725157	0.819743695054625	0.29963701226633	0.38024023205464	0.849707261754856	0.623296185042881	0.917978792608011	0.906978486307476	0.498142225796257	0.40275390418473	0.826307867418793	0.531699591076765	0.745393510368996	0.563454624550587	0.659783610916707	0.655372073435843	0.708326314007405	0.307753549333758	0.875565655458539	0.746453241274256	0.841712756412023	0.807011403618089	0.405486095276786	0.644938184876888	0.807841275566353	0.451992805128541	0.81326665378513	0.799554598251544	0.661732585574446	0.690696973920639	0.313337354146366	0.43649565045372	0.932183322072305	0.501081254998421	0.491190471069152	0.260868493855447	0.849735148288899	0.386396186841929	0.318079232363214	0.22794410378286	0.808372921013872	0.485041854477576	0.837672549251923	0.784019519519367	0.778252226496443	0.64942859663071	0.907046024127634	0.775174081611093	0.839841853136392	0.727705219099728	0.294520379253115	0.16808673701135	0.753762566408337	0.927896871833126	0.843328658164976	0.430673998920389
cg04941236	NA	NA	NA	NA	NA	NA	NA	NA	NA	NA	NA	NA	NA	NA	NA	NA	NA	NA	NA	NA	NA	NA	NA	NA	NA	NA	NA	NA	NA	NA	NA	NA	NA	NA	NA	NA	NA	NA	NA	NA	NA	NA	NA	NA	NA	NA	NA	NA	NA	NA	NA	NA	NA	NA	NA	NA	NA
cg04943440	NA	NA	NA	NA	NA	NA	NA	NA	NA	NA	NA	NA	NA	NA	NA	NA	NA	NA	NA	NA	NA	NA	NA	NA	NA	NA	NA	NA	NA	NA	NA	NA	NA	NA	NA	NA	NA	NA	NA	NA	NA	NA	NA	NA	NA	NA	NA	NA	NA	NA	NA	NA	NA	NA	NA	NA	NA
cg04943636	NA	NA	NA	NA	NA	NA	NA	NA	NA	NA	NA	NA	NA	NA	NA	NA	NA	NA	NA	NA	NA	NA	NA	NA	NA	NA	NA	NA	NA	NA	NA	NA	NA	NA	NA	NA	NA	NA	NA	NA	NA	NA	NA	NA	NA	NA	NA	NA	NA	NA	NA	NA	NA	NA	NA	NA	NA
cg04964733	NA	NA	NA	NA	NA	NA	NA	NA	NA	NA	NA	NA	NA	NA	NA	NA	NA	NA	NA	NA	NA	NA	NA	NA	NA	NA	NA	NA	NA	NA	NA	NA	NA	NA	NA	NA	NA	NA	NA	NA	NA	NA	NA	NA	NA	NA	NA	NA	NA	NA	NA	NA	NA	NA	NA	NA	NA
cg04978451	NA	NA	NA	NA	NA	NA	NA	NA	NA	NA	NA	NA	NA	NA	NA	NA	NA	NA	NA	NA	NA	NA	NA	NA	NA	NA	NA	NA	NA	NA	NA	NA	NA	NA	NA	NA	NA	NA	NA	NA	NA	NA	NA	NA	NA	NA	NA	NA	NA	NA	NA	NA	NA	NA	NA	NA	NA
cg04990609	NA	NA	NA	NA	NA	NA	NA	NA	NA	NA	NA	NA	NA	NA	NA	NA	NA	NA	NA	NA	NA	NA	NA	NA	NA	NA	NA	NA	NA	NA	NA	NA	NA	NA	NA	NA	NA	NA	NA	NA	NA	NA	NA	NA	NA	NA	NA	NA	NA	NA	NA	NA	NA	NA	NA	NA	NA
cg05019180	NA	NA	NA	NA	NA	NA	NA	NA	NA	NA	NA	NA	NA	NA	NA	NA	NA	NA	NA	NA	NA	NA	NA	NA	NA	NA	NA	NA	NA	NA	NA	NA	NA	NA	NA	NA	NA	NA	NA	NA	NA	NA	NA	NA	NA	NA	NA	NA	NA	NA	NA	NA	NA	NA	NA	NA	NA
cg05072063	NA	NA	NA	NA	NA	NA	NA	NA	NA	NA	NA	NA	NA	NA	NA	NA	NA	NA	NA	NA	NA	NA	NA	NA	NA	NA	NA	NA	NA	NA	NA	NA	NA	NA	NA	NA	NA	NA	NA	NA	NA	NA	NA	NA	NA	NA	NA	NA	NA	NA	NA	NA	NA	NA	NA	NA	NA
cg05088006	NA	0.935381412911897	NA	0.753965926014712	0.769524774009806	0.788583982073613	0.913705005596494	NA	0.912062017526683	0.817939280740935	0.897800551061716	0.903836079363734	0.910195400211218	0.833628126542312	0.800053057964464	0.883115966186767	0.905998040435094	NA	0.880569474351339	0.902652208977004	0.866930714615379	0.865130976144993	0.817437051995246	NA	0.906362369526913	0.836839260300791	NA	0.883025186140106	0.847102929516633	0.752050008341717	0.844875079343597	0.877224615823163	0.902505719831178	0.931829927670457	0.901199884412696	NA	0.858307473305903	0.927743388390339	0.798767296754469	NA	0.449602103643712	0.895320256058751	0.905401989644218	0.863682263629769	0.912457665703886	0.836889250968363	0.729236960695104	0.927364512025113	0.841577082280269	0.898078674244201	0.911506882376027	0.900907925026198	0.881644850150298	0.909739945654142	0.866035551655046	0.839782803680248	0.907591646735812
cg05093071	NA	NA	NA	NA	NA	NA	NA	NA	NA	NA	NA	NA	NA	NA	NA	NA	NA	NA	NA	NA	NA	NA	NA	NA	NA	NA	NA	NA	NA	NA	NA	NA	NA	NA	NA	NA	NA	NA	NA	NA	NA	NA	NA	NA	NA	NA	NA	NA	NA	NA	NA	NA	NA	NA	NA	NA	NA
cg05103956	NA	NA	NA	NA	NA	NA	NA	NA	NA	NA	NA	NA	NA	NA	NA	NA	NA	NA	NA	NA	NA	NA	NA	NA	NA	NA	NA	NA	NA	NA	NA	NA	NA	NA	NA	NA	NA	NA	NA	NA	NA	NA	NA	NA	NA	NA	NA	NA	NA	NA	NA	NA	NA	NA	NA	NA	NA
cg05227343	0.899025407867166	0.721989400281491	0.880973802136495	0.783555575864722	0.877630220273218	0.933954190678288	0.610685076057085	0.738313219927011	0.945737355504504	0.787592834559932	0.747396396387887	0.950884824591335	0.805423645378878	0.886102392489843	0.732040897711638	0.938685756542786	0.429253807312758	0.80938580382114	0.819688458910213	0.938126127327158	0.877326199622001	0.904047047167207	0.94415989815972	0.754927010473282	0.843127985129006	0.863035296047203	0.615214078040626	0.748777144837133	0.947126186643774	0.942751724913356	0.886206289677005	0.898274767875626	0.710642409844291	0.935275380361463	0.619550608645035	0.908621022418597	0.591165658082482	0.948229694753376	0.766024589737697	NA	0.923783749119545	0.934016937756466	0.685543600611124	0.869531873405213	0.940025824027085	0.92243847579603	0.905096406781502	0.930177212444043	0.850605255982281	0.908862735502763	0.877151291199755	0.954319724034949	0.451947759525693	0.944972617342579	0.911416212974447	0.867824630229824	0.809589720377579
cg05229275	NA	NA	NA	NA	NA	NA	NA	NA	NA	NA	NA	NA	NA	NA	NA	NA	NA	NA	NA	NA	NA	NA	NA	NA	NA	NA	NA	NA	NA	NA	NA	NA	NA	NA	NA	NA	NA	NA	NA	NA	NA	NA	NA	NA	NA	NA	NA	NA	NA	NA	NA	NA	NA	NA	NA	NA	NA
cg05269246	NA	NA	NA	NA	NA	NA	NA	NA	NA	NA	NA	NA	NA	NA	NA	NA	NA	NA	NA	NA	NA	NA	NA	NA	NA	NA	NA	NA	NA	NA	NA	NA	NA	NA	NA	NA	NA	NA	NA	NA	NA	NA	NA	NA	NA	NA	NA	NA	NA	NA	NA	NA	NA	NA	NA	NA	NA
cg05274503	NA	NA	NA	NA	NA	NA	NA	NA	NA	NA	NA	NA	NA	NA	NA	NA	NA	NA	NA	NA	NA	NA	NA	NA	NA	NA	NA	NA	NA	NA	NA	NA	NA	NA	NA	NA	NA	NA	NA	NA	NA	NA	NA	NA	NA	NA	NA	NA	NA	NA	NA	NA	NA	NA	NA	NA	NA
cg05277146	0.884098610671104	0.94506735544313	0.841558601467666	0.910050340196733	0.864475962576728	0.915374348800338	0.89503332542488	0.866165227267364	0.923951027125005	0.814198896127035	0.701279374935471	0.898287169710698	0.847523371160059	0.899757168804888	0.91903097986927	0.850374754320789	0.765781889754401	0.806335271341352	0.186035382686862	0.947038940040165	0.19529999054581	0.931931208096049	0.897524981804339	0.596487746614721	0.899973231782615	0.906303851228646	0.793684060724445	0.834751289465024	0.357264508383973	0.892257182900146	0.878034495238847	0.393433711634275	NA	0.936819510746603	0.861982824716512	0.927221584312057	0.864401459745636	0.940503290777177	0.843491848940069	0.902588868568507	0.783600623494325	0.902692258885694	0.848728713946184	0.87313956982959	0.944308616837204	0.910740516351111	0.887763618313863	0.909595436029407	0.878542074812242	0.933940305921746	0.921862940485441	0.811136374899772	0.182943265397181	0.934102424013867	0.913583650229975	0.90967817395842	0.785319726640042
cg05285768	NA	NA	NA	NA	NA	NA	NA	NA	NA	NA	NA	NA	NA	NA	NA	NA	NA	NA	NA	NA	NA	NA	NA	NA	NA	NA	NA	NA	NA	NA	NA	NA	NA	NA	NA	NA	NA	NA	NA	NA	NA	NA	NA	NA	NA	NA	NA	NA	NA	NA	NA	NA	NA	NA	NA	NA	NA
cg05294259	NA	NA	NA	NA	NA	NA	NA	NA	NA	NA	NA	NA	NA	NA	NA	NA	NA	NA	NA	NA	NA	NA	NA	NA	NA	NA	NA	NA	NA	NA	NA	NA	NA	NA	NA	NA	NA	NA	NA	NA	NA	NA	NA	NA	NA	NA	NA	NA	NA	NA	NA	NA	NA	NA	NA	NA	NA
cg05301976	0.96214482131105	0.965777904193057	0.955788054936556	0.95202715911223	0.95844483807426	0.95827657140619	0.957434803184183	0.963708143283842	0.951915912337706	0.952938221837783	0.968084010026244	0.969013889891461	0.965147906333118	0.969664619646953	0.962040237572547	0.96690416456092	0.948886815277728	0.955710735470004	0.966644041253568	0.96376259887721	0.950622957582123	0.913379519471042	0.956121516599783	0.958849297486603	0.951696442169902	0.957182429606917	0.94867192685349	0.939640903451053	0.96463965343036	0.95419543139609	0.95131559980844	0.966994778633202	0.96401022923589	0.955243490446543	0.957487105465989	0.951418838727846	0.95989115179144	0.953830668700775	0.958874539310421	0.946651894408702	0.967015032261842	0.962402724671814	0.95571621883437	0.9662000978545	0.967687741578141	0.959882023629129	0.966086954909057	0.89821545258461	0.964493305965991	0.956307347607055	0.959368926105228	0.964951199936369	0.957859429300002	0.961425052297834	0.947328021724321	0.949275745861668	0.968446121267693
cg05305060	NA	NA	NA	NA	NA	NA	NA	NA	NA	NA	NA	NA	NA	NA	NA	NA	NA	NA	NA	NA	NA	NA	NA	NA	NA	NA	NA	NA	NA	NA	NA	NA	NA	NA	NA	NA	NA	NA	NA	NA	NA	NA	NA	NA	NA	NA	NA	NA	NA	NA	NA	NA	NA	NA	NA	NA	NA
cg05331252	NA	NA	NA	NA	NA	NA	NA	NA	NA	NA	NA	NA	NA	NA	NA	NA	NA	NA	NA	NA	NA	NA	NA	NA	NA	NA	NA	NA	NA	NA	NA	NA	NA	NA	NA	NA	NA	NA	NA	NA	NA	NA	NA	NA	NA	NA	NA	NA	NA	NA	NA	NA	NA	NA	NA	NA	NA
cg05345062	0.910864377832192	0.91501690878152	0.86028151536213	0.276173414996358	0.885271668390385	0.919261869133787	0.901150337707669	0.137331819535549	0.919748896692007	0.861030080496551	0.875478955175043	0.90855413493818	0.822504150266334	0.920511188128254	0.823118198356772	0.900369818739487	0.884301025776159	0.879054548236128	NA	0.902367208525453	0.864835433987169	0.896547166216067	0.887686189059917	0.467466591333812	0.676981659045094	0.826524331194301	0.896416273857332	0.883492948811746	0.893309106636985	0.877378140880214	0.888909247626101	0.790336756062967	0.416761640440158	0.901225455191594	0.895128751755064	0.87190340812933	0.882858297630578	0.878954514922993	0.202598152239091	0.192071402560847	0.50081484215254	0.839704744428676	0.852793227122006	0.869676144504782	0.930368093915877	0.85824268394702	0.803089143223654	0.90781681827993	0.898271145327443	0.899624693972176	0.670620394619131	0.66403246705841	0.185924554955365	0.255588001152116	0.891606852493332	0.397989471839649	0.864410723791877
cg05379002	NA	NA	NA	NA	NA	NA	NA	NA	NA	NA	NA	NA	NA	NA	NA	NA	NA	NA	NA	NA	NA	NA	NA	NA	NA	NA	NA	NA	NA	NA	NA	NA	NA	NA	NA	NA	NA	NA	NA	NA	NA	NA	NA	NA	NA	NA	NA	NA	NA	NA	NA	NA	NA	NA	NA	NA	NA
cg05402641	NA	NA	NA	NA	NA	NA	NA	NA	NA	NA	NA	NA	NA	NA	NA	NA	NA	NA	NA	NA	NA	NA	NA	NA	NA	NA	NA	NA	NA	NA	NA	NA	NA	NA	NA	NA	NA	NA	NA	NA	NA	NA	NA	NA	NA	NA	NA	NA	NA	NA	NA	NA	NA	NA	NA	NA	NA
cg05445006	NA	NA	NA	NA	NA	NA	NA	NA	NA	NA	NA	NA	NA	NA	NA	NA	NA	NA	NA	NA	NA	NA	NA	NA	NA	NA	NA	NA	NA	NA	NA	NA	NA	NA	NA	NA	NA	NA	NA	NA	NA	NA	NA	NA	NA	NA	NA	NA	NA	NA	NA	NA	NA	NA	NA	NA	NA
cg05456482	NA	NA	NA	NA	NA	NA	NA	NA	NA	NA	NA	NA	NA	NA	NA	NA	NA	NA	NA	NA	NA	NA	NA	NA	NA	NA	NA	NA	NA	NA	NA	NA	NA	NA	NA	NA	NA	NA	NA	NA	NA	NA	NA	NA	NA	NA	NA	NA	NA	NA	NA	NA	NA	NA	NA	NA	NA
cg05461143	0.498541788044392	0.83236487415856	0.748355955709727	0.340098940479366	0.439619771659174	0.910262947758679	0.784386024583937	0.893818001384335	0.836517418913543	0.604175674576582	0.723220376154297	0.764230856512452	0.504643404049008	0.854551744391713	0.583460333955473	0.915716405810524	0.649987007713439	0.666456524934579	0.572442089111129	0.774207586422239	0.844731237025177	0.895155282782224	0.638242147541829	0.806340111597213	0.338356765909116	0.895646816945308	0.683905613877287	0.732216512743404	0.64899725629749	0.736706458921958	0.718942958576018	0.195824342406353	0.537651183836122	0.351159148214387	0.527900490373876	0.836078029044898	0.331059288501009	0.732446360458012	0.19478191766609	0.627256532871001	0.351629004375904	0.614298160802539	0.77100781901948	0.744955003228095	0.799407488420157	0.857504703668498	0.659562621204107	0.942173465118375	0.929759267050298	0.813078954866556	0.424272504183222	0.830117407855185	0.338338725093443	0.934597198497451	NA	0.873806583228629	0.444658485464261
cg05481217	NA	NA	NA	NA	NA	NA	NA	NA	NA	NA	NA	NA	NA	NA	NA	NA	NA	NA	NA	NA	NA	NA	NA	NA	NA	NA	NA	NA	NA	NA	NA	NA	NA	NA	NA	NA	NA	NA	NA	NA	NA	NA	NA	NA	NA	NA	NA	NA	NA	NA	NA	NA	NA	NA	NA	NA	NA
cg05484606	NA	NA	NA	NA	NA	NA	NA	NA	NA	NA	NA	NA	NA	NA	NA	NA	NA	NA	NA	NA	NA	NA	NA	NA	NA	NA	NA	NA	NA	NA	NA	NA	NA	NA	NA	NA	NA	NA	NA	NA	NA	NA	NA	NA	NA	NA	NA	NA	NA	NA	NA	NA	NA	NA	NA	NA	NA
cg05516061	NA	NA	NA	NA	NA	NA	NA	NA	NA	NA	NA	NA	NA	NA	NA	NA	NA	NA	NA	NA	NA	NA	NA	NA	NA	NA	NA	NA	NA	NA	NA	NA	NA	NA	NA	NA	NA	NA	NA	NA	NA	NA	NA	NA	NA	NA	NA	NA	NA	NA	NA	NA	NA	NA	NA	NA	NA
cg05543443	NA	NA	NA	NA	NA	NA	NA	NA	NA	NA	NA	NA	NA	NA	NA	NA	NA	NA	NA	NA	NA	NA	NA	NA	NA	NA	NA	NA	NA	NA	NA	NA	NA	NA	NA	NA	NA	NA	NA	NA	NA	NA	NA	NA	NA	NA	NA	NA	NA	NA	NA	NA	NA	NA	NA	NA	NA
cg05554543	NA	NA	NA	NA	NA	NA	NA	NA	NA	NA	NA	NA	NA	NA	NA	NA	NA	NA	NA	NA	NA	NA	NA	NA	NA	NA	NA	NA	NA	NA	NA	NA	NA	NA	NA	NA	NA	NA	NA	NA	NA	NA	NA	NA	NA	NA	NA	NA	NA	NA	NA	NA	NA	NA	NA	NA	NA
cg05590818	0.937672481984762	0.883437586151406	0.918940146215613	0.716266885377313	0.730318334479647	0.903371345637956	0.734626550736775	0.916283752596635	0.914450773909641	0.843174090753316	0.9288899521714	0.617257404896812	0.528494547884716	0.847803344864495	0.775009414285065	0.818437362589609	0.70906777013009	0.898421734481117	0.89720565611246	0.905176907494597	0.57146315018667	0.78162286399638	0.848465743545248	0.860252283343793	0.504945993922556	0.80890862956717	0.847887431002143	0.748170548503864	0.89516992054734	0.876850749219901	0.563769980087437	0.899399512541606	0.770914628848877	0.861887161078558	0.867827885750117	0.489782397959937	0.688096292299178	0.412345131022216	0.650510684296241	0.571265582423837	0.918292408363239	0.913245663596772	0.932812140807944	0.925543238464962	0.823901816894951	0.697233914633526	0.787878075971135	0.332146433545635	0.569126122289378	0.941608006440359	0.894811201083435	0.703158964847748	0.86113752325772	0.803773386689812	0.696292473868508	0.909756746681849	0.93323656503865
cg05620791	NA	NA	NA	NA	NA	NA	NA	NA	NA	NA	NA	NA	NA	NA	NA	NA	NA	NA	NA	NA	NA	NA	NA	NA	NA	NA	NA	NA	NA	NA	NA	NA	NA	NA	NA	NA	NA	NA	NA	NA	NA	NA	NA	NA	NA	NA	NA	NA	NA	NA	NA	NA	NA	NA	NA	NA	NA
cg05669672	NA	NA	NA	NA	NA	NA	NA	NA	NA	NA	NA	NA	NA	NA	NA	NA	NA	NA	NA	NA	NA	NA	NA	NA	NA	NA	NA	NA	NA	NA	NA	NA	NA	NA	NA	NA	NA	NA	NA	NA	NA	NA	NA	NA	NA	NA	NA	NA	NA	NA	NA	NA	NA	NA	NA	NA	NA
cg05679686	0.812803994087288	0.861803466380322	0.93294744956205	0.744296753373274	0.694598553600308	0.831547475297768	0.741800798072024	0.848325385991672	0.925922029080989	0.700629463525277	0.893258199101449	0.857008200764134	0.855671050142988	0.815431514204453	0.867026609280806	0.902284897801429	0.751645410232172	0.767306965840158	0.844366558684943	0.827057330551175	0.76549110383271	0.859450826186136	0.887323981132883	0.817235640826445	0.799427428431801	0.925627438975715	0.737601778678042	0.862824850529798	0.900066428936303	0.866690614532406	0.755252206934663	0.866343989316973	0.752962635193651	0.927842027936471	0.428229785438203	0.711575783408134	0.501729999934419	0.881785072379047	0.817582190872008	0.693665072747357	0.831959363065224	0.92854849633011	0.835757201471958	0.833557053412329	0.862481272760515	0.864523057923924	0.614378140491023	0.876164936498107	0.878375242836185	0.837854948857051	0.833037876092735	0.899364914156066	0.852170774184467	0.900783604947192	0.866953922421713	0.867733418912367	0.797338694680554
cg05768747	0.598953349156579	0.957944106085044	0.95818575783191	0.954960654125483	0.735170113289308	0.930148844111424	0.951250862554842	0.778196253030515	0.967121793946646	0.855694084604101	0.953273501633093	0.948196724188333	0.942970616050371	0.943046960104685	0.959318607945376	0.948393497347595	0.941834583776527	0.912709406552174	0.38245976868016	0.949037586691372	0.841335855063426	0.954711762282047	0.937859026021709	0.930587841091013	0.931317671586487	0.941685242921203	0.957211367536553	0.947560770700189	0.949781900098633	0.931160773880151	0.943607216720175	0.959786827319075	0.936679916455203	0.957199900623954	0.924190910956926	0.949087473169002	0.950141941715302	0.943389828098529	0.93176887248384	0.78570299018031	0.963012237552081	0.964015406255487	0.960056464541495	0.938431634292057	0.967133904481092	0.95047840825251	0.954305373139361	0.943689092958262	0.930179713502575	0.943567669322575	0.95461370195878	0.947424915896845	0.644927862298959	0.951352708979506	0.954470939967866	0.954126153229853	0.955135681215853
cg05773164	NA	NA	NA	NA	NA	NA	NA	NA	NA	NA	NA	NA	NA	NA	NA	NA	NA	NA	NA	NA	NA	NA	NA	NA	NA	NA	NA	NA	NA	NA	NA	NA	NA	NA	NA	NA	NA	NA	NA	NA	NA	NA	NA	NA	NA	NA	NA	NA	NA	NA	NA	NA	NA	NA	NA	NA	NA
cg05822658	0.453581344922189	0.66087025582109	0.761496666129332	0.644529631334175	0.639361652842902	0.268463685830275	0.505510731610925	0.35603992788256	0.823070892362521	0.636285364857155	0.784640691871163	0.634948939419684	0.804157270034605	0.705668037812378	0.524645723625765	0.329245082917545	0.525888804324552	0.228580155355024	0.576227947063674	0.824601787185546	0.37343125688927	0.849308478300839	0.395933356738848	0.847287242647981	0.569369012362738	0.624186081817624	0.487247681036911	0.533993584036003	0.716674335138655	0.623320816259627	0.387806611780901	0.650138716461654	0.593902891332304	0.761708678042576	0.330552995034482	0.88054410490589	0.406279543160482	0.889994522919901	0.687191260171743	0.401097311785873	0.259648835932229	0.618561404774873	0.754543910434145	0.563584344622154	0.830692210753986	0.790944026768678	0.684718421678979	0.9262472791918	0.882514303221416	0.861396067312303	0.517560217561053	0.622144151841824	0.385487911094408	0.739695525125913	0.7195301103281	0.818897118102126	0.69367022376818
cg05828992	NA	NA	NA	NA	NA	NA	NA	NA	NA	NA	NA	NA	NA	NA	NA	NA	NA	NA	NA	NA	NA	NA	NA	NA	NA	NA	NA	NA	NA	NA	NA	NA	NA	NA	NA	NA	NA	NA	NA	NA	NA	NA	NA	NA	NA	NA	NA	NA	NA	NA	NA	NA	NA	NA	NA	NA	NA
cg05864350	0.923049811767306	0.959908125976959	0.953968498954666	0.947984493904262	0.942113838595936	0.961470070202899	0.931142321274018	0.910894946884266	0.941317615460492	0.936638144031537	0.955055069851104	0.9558536906016	0.925561670071958	0.943027934326562	0.940252947631852	0.956329881282273	0.95324189131343	0.942013168073815	0.951216534670005	0.934009321556386	0.936340738018947	0.954877381378057	0.928819075233454	0.949727011886924	0.944807132393019	0.921247927687255	0.947978289468306	0.913271608857714	0.936171525501362	0.948131513918564	0.954462476021169	0.959244357545892	0.929843073007749	0.940701862126251	0.934537097693013	0.892334078356267	0.940936613288475	0.935499063488208	0.936036005856094	0.942908279929296	0.904498731086181	0.949329469529718	0.930375805304959	0.945067197116173	0.953059171276128	0.945750883563891	0.920183106035789	0.952713805487301	0.946815183736201	0.927957341160911	0.93957509530179	0.937122250241003	0.95598626978485	0.961611404979686	0.936531332203006	0.938475771750079	0.939936322129916
cg05906717	NA	NA	NA	NA	NA	NA	NA	NA	NA	NA	NA	NA	NA	NA	NA	NA	NA	NA	NA	NA	NA	NA	NA	NA	NA	NA	NA	NA	NA	NA	NA	NA	NA	NA	NA	NA	NA	NA	NA	NA	NA	NA	NA	NA	NA	NA	NA	NA	NA	NA	NA	NA	NA	NA	NA	NA	NA
cg05919161	NA	NA	NA	NA	NA	NA	NA	NA	NA	NA	NA	NA	NA	NA	NA	NA	NA	NA	NA	NA	NA	NA	NA	NA	NA	NA	NA	NA	NA	NA	NA	NA	NA	NA	NA	NA	NA	NA	NA	NA	NA	NA	NA	NA	NA	NA	NA	NA	NA	NA	NA	NA	NA	NA	NA	NA	NA
cg05935774	NA	NA	NA	NA	NA	NA	NA	NA	NA	NA	NA	NA	NA	NA	NA	NA	NA	NA	NA	NA	NA	NA	NA	NA	NA	NA	NA	NA	NA	NA	NA	NA	NA	NA	NA	NA	NA	NA	NA	NA	NA	NA	NA	NA	NA	NA	NA	NA	NA	NA	NA	NA	NA	NA	NA	NA	NA
cg05987389	NA	NA	NA	NA	NA	NA	NA	NA	NA	NA	NA	NA	NA	NA	NA	NA	NA	NA	NA	NA	NA	NA	NA	NA	NA	NA	NA	NA	NA	NA	NA	NA	NA	NA	NA	NA	NA	NA	NA	NA	NA	NA	NA	NA	NA	NA	NA	NA	NA	NA	NA	NA	NA	NA	NA	NA	NA
cg06021910	NA	NA	NA	NA	NA	NA	NA	NA	NA	NA	NA	NA	NA	NA	NA	NA	NA	NA	NA	NA	NA	NA	NA	NA	NA	NA	NA	NA	NA	NA	NA	NA	NA	NA	NA	NA	NA	NA	NA	NA	NA	NA	NA	NA	NA	NA	NA	NA	NA	NA	NA	NA	NA	NA	NA	NA	NA
cg06022832	0.932131140989442	0.908598324572008	0.927815282602081	0.840195946490451	0.837338089554818	0.925617811093182	0.815804246867761	0.915043135700966	0.91878047010115	0.881521555456711	0.894875322463616	0.900789540376679	0.907788149880554	0.911675212411575	0.92645498728398	0.943233666710682	0.924066594326099	0.833336380260255	0.907790353709605	0.938000457220093	0.914997440417085	0.913357969646343	0.904518021132631	0.892041509348748	0.819893842620061	0.911128895928424	0.871231956055706	0.901772547923862	0.930599928869162	0.914798231721993	0.889572564168855	0.891071623306489	0.935572407064104	0.932643539357925	0.597946634845496	0.317900876573751	0.72880087437014	0.927822781148556	0.878542526398342	0.641126094894016	0.946998876913565	0.914076714453934	0.946570459686587	0.923647843773675	0.924817948546781	0.92761228882242	0.858944525721077	0.951533285645592	0.937313054304267	0.843612313540857	0.84014678178627	0.957917907523514	0.958501946419226	0.878831873389899	0.916462288442459	0.929770447425218	0.845952838855404
cg06031526	NA	NA	NA	NA	NA	NA	NA	NA	NA	NA	NA	NA	NA	NA	NA	NA	NA	NA	NA	NA	NA	NA	NA	NA	NA	NA	NA	NA	NA	NA	NA	NA	NA	NA	NA	NA	NA	NA	NA	NA	NA	NA	NA	NA	NA	NA	NA	NA	NA	NA	NA	NA	NA	NA	NA	NA	NA
cg06073147	NA	NA	NA	NA	NA	NA	NA	NA	NA	NA	NA	NA	NA	NA	NA	NA	NA	NA	NA	NA	NA	NA	NA	NA	NA	NA	NA	NA	NA	NA	NA	NA	NA	NA	NA	NA	NA	NA	NA	NA	NA	NA	NA	NA	NA	NA	NA	NA	NA	NA	NA	NA	NA	NA	NA	NA	NA
cg06073550	NA	NA	NA	NA	NA	NA	NA	NA	NA	NA	NA	NA	NA	NA	NA	NA	NA	NA	NA	NA	NA	NA	NA	NA	NA	NA	NA	NA	NA	NA	NA	NA	NA	NA	NA	NA	NA	NA	NA	NA	NA	NA	NA	NA	NA	NA	NA	NA	NA	NA	NA	NA	NA	NA	NA	NA	NA
cg06082293	NA	NA	NA	NA	NA	NA	NA	NA	NA	NA	NA	NA	NA	NA	NA	NA	NA	NA	NA	NA	NA	NA	NA	NA	NA	NA	NA	NA	NA	NA	NA	NA	NA	NA	NA	NA	NA	NA	NA	NA	NA	NA	NA	NA	NA	NA	NA	NA	NA	NA	NA	NA	NA	NA	NA	NA	NA
cg06113303	NA	NA	NA	NA	NA	NA	NA	NA	NA	NA	NA	NA	NA	NA	NA	NA	NA	NA	NA	NA	NA	NA	NA	NA	NA	NA	NA	NA	NA	NA	NA	NA	NA	NA	NA	NA	NA	NA	NA	NA	NA	NA	NA	NA	NA	NA	NA	NA	NA	NA	NA	NA	NA	NA	NA	NA	NA
cg06151505	NA	NA	NA	NA	NA	NA	NA	NA	NA	NA	NA	NA	NA	NA	NA	NA	NA	NA	NA	NA	NA	NA	NA	NA	NA	NA	NA	NA	NA	NA	NA	NA	NA	NA	NA	NA	NA	NA	NA	NA	NA	NA	NA	NA	NA	NA	NA	NA	NA	NA	NA	NA	NA	NA	NA	NA	NA
cg06211041	NA	NA	NA	NA	NA	NA	NA	NA	NA	NA	NA	NA	NA	NA	NA	NA	NA	NA	NA	NA	NA	NA	NA	NA	NA	NA	NA	NA	NA	NA	NA	NA	NA	NA	NA	NA	NA	NA	NA	NA	NA	NA	NA	NA	NA	NA	NA	NA	NA	NA	NA	NA	NA	NA	NA	NA	NA
cg06215556	NA	NA	NA	NA	NA	NA	NA	NA	NA	NA	NA	NA	NA	NA	NA	NA	NA	NA	NA	NA	NA	NA	NA	NA	NA	NA	NA	NA	NA	NA	NA	NA	NA	NA	NA	NA	NA	NA	NA	NA	NA	NA	NA	NA	NA	NA	NA	NA	NA	NA	NA	NA	NA	NA	NA	NA	NA
cg06281205	0.944072544399534	0.919798498877421	0.944722143623865	0.940113514001138	0.938825431509009	0.949812483180567	0.934247747876456	0.939928186133013	0.953385468086368	0.923441596409818	0.9000193490091	0.909614049650903	0.93932449731795	0.944863024401195	0.932274865955568	0.945903625371646	0.936557526700339	0.928661985647384	0.928779440086659	0.963629883471772	0.949562499128157	0.944271258933059	0.942556745286961	0.929891497125335	0.860960853982707	0.931946404128975	0.810476221641375	0.92734482325025	0.945840854236329	0.942431514672705	0.931423669215982	0.916721358317223	0.886569246983552	0.93029653746263	0.862761804419674	0.928992923361818	0.830995572154873	0.934977849702715	0.897649546571886	0.916232452836589	0.93656568895906	0.935755042562847	0.953129779950951	0.94345921825483	0.95020761147924	0.935323938760952	0.90874740143747	0.950575638243968	0.945942615747113	0.940896846937253	0.933118771455603	0.938431247636475	0.939320513786269	0.906937715648124	0.931733554490583	0.939180131253823	0.915090599296328
cg06336871	NA	NA	NA	NA	NA	NA	NA	NA	NA	NA	NA	NA	NA	NA	NA	NA	NA	NA	NA	NA	NA	NA	NA	NA	NA	NA	NA	NA	NA	NA	NA	NA	NA	NA	NA	NA	NA	NA	NA	NA	NA	NA	NA	NA	NA	NA	NA	NA	NA	NA	NA	NA	NA	NA	NA	NA	NA
cg06354953	NA	NA	NA	NA	NA	NA	NA	NA	NA	NA	NA	NA	NA	NA	NA	NA	NA	NA	NA	NA	NA	NA	NA	NA	NA	NA	NA	NA	NA	NA	NA	NA	NA	NA	NA	NA	NA	NA	NA	NA	NA	NA	NA	NA	NA	NA	NA	NA	NA	NA	NA	NA	NA	NA	NA	NA	NA
cg06364539	0.798071012389822	0.492130180260412	0.941974320373283	0.319491384195882	0.166816380355124	0.907016515102624	0.502627776406136	0.906107990017961	0.925380178790633	0.434961360234867	0.457380267895157	0.912786236768449	0.800989016953724	0.964273402900726	0.643879741023709	0.679983627254186	0.347795506875083	0.817598387653324	0.357438674198556	0.954590582514702	0.953755379290623	0.961651240559277	0.815242524034808	0.441070102417923	0.493920621218145	0.853882261317089	0.327338853234928	0.682168136865992	0.901592252452906	0.950738764471825	0.655163117347574	0.273664003846074	0.52882735221351	0.891315566137898	0.520224452347492	0.645309540417615	0.621826150120688	0.939206745569415	0.186242230513783	0.272758811834503	0.400716919706266	0.793747209697292	0.79474528244928	0.840225425222755	0.910921178294609	0.218250291741511	0.767058474718828	0.906074908691845	0.703536812441146	0.788271014938989	0.741532802911602	0.707076452398895	0.798498071719749	0.897170443850528	0.964337969937015	0.894778046695253	0.894328429364457
cg06396309	0.80113144543408	0.800172926789483	0.846737541869825	NA	0.813446186813249	0.769670436256273	0.840558416775762	NA	NA	0.820141011529183	0.900137899401573	0.885564884382747	0.841682904544782	0.848164507506812	0.846507601118878	NA	NA	NA	NA	0.876624440932509	NA	0.887961154715895	0.852832919256242	0.857024307416751	NA	0.812934337386404	0.815317489578139	0.7926207129079	0.808330944370935	0.844134684220502	0.853081588988321	0.84416612615368	NA	0.837199479726063	0.885559413611941	0.8453860549381	NA	NA	0.575858327081098	NA	NA	0.831004507016487	0.845650976113083	0.696134589370725	0.906358106868689	NA	NA	0.834520035775564	0.847117919229313	0.863522464180503	0.726432266182769	0.849154243992444	NA	0.79475350319606	0.878387786726005	0.843451656537075	NA
cg06438727	0.433346010635953	0.898764679770866	0.831041641433644	0.924373087933422	0.723158857393472	0.553358228302095	0.882185470955491	0.872076062681925	0.866776831454295	0.669068122259573	0.581771144427343	0.853390228323913	0.79145368567796	0.849682277917237	0.911139659149511	0.800696557082408	0.839784067665227	0.84122062334724	0.611043400424481	0.926330460393394	0.603562587711026	0.857245054093198	0.496672303429968	0.765199169111581	0.563695766983797	0.648978611673162	0.811643174533106	0.784395578519375	0.687940649066046	0.629690400343461	0.623971799763022	0.907026496976537	0.859530577203892	0.872625598314365	0.497167833868792	0.761639504722816	0.784536065720111	0.75481845062481	0.876181025613686	0.585273097510103	0.562186256499212	0.625355698943652	0.618021419575896	0.842520559707356	0.948735631483143	0.613700976245089	0.557929256516148	0.829084030893377	0.723151446078923	0.921798201120328	0.80962835040289	0.673666945980954	0.765917611080652	0.878396377444631	0.630154799552487	0.802266422395564	0.429920140066708
cg06440169	NA	NA	NA	NA	NA	NA	NA	NA	NA	NA	NA	NA	NA	NA	NA	NA	NA	NA	NA	NA	NA	NA	NA	NA	NA	NA	NA	NA	NA	NA	NA	NA	NA	NA	NA	NA	NA	NA	NA	NA	NA	NA	NA	NA	NA	NA	NA	NA	NA	NA	NA	NA	NA	NA	NA	NA	NA
cg06442472	NA	NA	NA	NA	NA	NA	NA	NA	NA	NA	NA	NA	NA	NA	NA	NA	NA	NA	NA	NA	NA	NA	NA	NA	NA	NA	NA	NA	NA	NA	NA	NA	NA	NA	NA	NA	NA	NA	NA	NA	NA	NA	NA	NA	NA	NA	NA	NA	NA	NA	NA	NA	NA	NA	NA	NA	NA
cg06450446	NA	NA	NA	NA	NA	NA	NA	NA	NA	NA	NA	NA	NA	NA	NA	NA	NA	NA	NA	NA	NA	NA	NA	NA	NA	NA	NA	NA	NA	NA	NA	NA	NA	NA	NA	NA	NA	NA	NA	NA	NA	NA	NA	NA	NA	NA	NA	NA	NA	NA	NA	NA	NA	NA	NA	NA	NA
cg06455125	NA	NA	NA	NA	NA	NA	NA	NA	NA	NA	NA	NA	NA	NA	NA	NA	NA	NA	NA	NA	NA	NA	NA	NA	NA	NA	NA	NA	NA	NA	NA	NA	NA	NA	NA	NA	NA	NA	NA	NA	NA	NA	NA	NA	NA	NA	NA	NA	NA	NA	NA	NA	NA	NA	NA	NA	NA
cg06484274	0.062200168137496	0.579325482254159	0.751062800257145	0.0967445343912743	0.0604363528761617	0.549680820616896	0.438090032810181	0.799484010201212	0.717423691575277	0.161935944949832	0.202492132494665	0.642107691184284	0.474616047339648	0.844016125465142	0.165466817596016	0.859126418679451	0.276954998361736	0.63239010765367	0.303131766337999	0.886749820762798	0.272241095549537	0.550170005794794	0.539614647754648	0.234795433919232	0.0633228597585416	0.599056892486891	0.307562149336537	0.441047505706212	0.250807653431169	0.0383113759771022	0.422282707812899	0.431360250515768	0.495094139303231	0.641900839691024	0.0631899280298895	0.043592774921287	0.0565161431909896	0.130956098216314	0.192764076190465	0.120700322281173	0.0747041228009007	0.540667216371941	0.137949487206815	0.63946312210732	0.892643037094355	0.143442009137101	0.11097971461203	0.124976745040281	0.361815025882423	0.911022100152307	0.356338608735133	0.280238328356468	0.843563004096458	0.25347408953736	0.745572771913932	0.801077438643353	0.207658048842628
cg06485995	NA	NA	NA	NA	NA	NA	NA	NA	NA	NA	NA	NA	NA	NA	NA	NA	NA	NA	NA	NA	NA	NA	NA	NA	NA	NA	NA	NA	NA	NA	NA	NA	NA	NA	NA	NA	NA	NA	NA	NA	NA	NA	NA	NA	NA	NA	NA	NA	NA	NA	NA	NA	NA	NA	NA	NA	NA
cg06516543	0.959196959152981	0.96363504367973	0.959235213273712	0.912814820243351	0.956837089473277	0.903184650803433	0.958510920908373	0.932377334689362	0.963300471121655	0.951551974147981	0.106214967623595	0.967502206832414	0.827371781144733	0.956252273359564	0.951169989716549	0.896896919392029	0.976625481761476	0.934347908873799	0.957190228388365	0.885735732724181	0.921339367654895	0.969315302692875	0.848141562874409	0.959216383386342	0.947131685246997	0.930336785737819	0.966622740978007	0.954567806304591	0.945062696996963	0.944191216360788	0.945111757546169	0.959639884897859	0.902835488586364	0.954452993908948	0.95825658191662	0.894709445353427	0.944081950939271	0.844372080015205	0.836560386454578	0.841345712994264	0.864834265236669	0.939050955555392	0.934849479854329	0.970369403902552	0.95045679479307	0.95664584684198	0.50313563277815	0.95139129282815	0.955463307700375	0.956889527710479	0.958734786241586	0.942500486868999	0.945005553508641	0.973093378669195	0.965988494605141	0.830051855600379	0.84071708071615
cg06576765	NA	NA	NA	NA	NA	NA	NA	NA	NA	NA	NA	NA	NA	NA	NA	NA	NA	NA	NA	NA	NA	NA	NA	NA	NA	NA	NA	NA	NA	NA	NA	NA	NA	NA	NA	NA	NA	NA	NA	NA	NA	NA	NA	NA	NA	NA	NA	NA	NA	NA	NA	NA	NA	NA	NA	NA	NA
cg06577450	NA	NA	NA	NA	NA	NA	NA	NA	NA	NA	NA	NA	NA	NA	NA	NA	NA	NA	NA	NA	NA	NA	NA	NA	NA	NA	NA	NA	NA	NA	NA	NA	NA	NA	NA	NA	NA	NA	NA	NA	NA	NA	NA	NA	NA	NA	NA	NA	NA	NA	NA	NA	NA	NA	NA	NA	NA
cg06613547	NA	NA	NA	NA	NA	NA	NA	NA	NA	NA	NA	NA	NA	NA	NA	NA	NA	NA	NA	NA	NA	NA	NA	NA	NA	NA	NA	NA	NA	NA	NA	NA	NA	NA	NA	NA	NA	NA	NA	NA	NA	NA	NA	NA	NA	NA	NA	NA	NA	NA	NA	NA	NA	NA	NA	NA	NA
cg06631184	0.940242533289577	0.745103018324284	0.955731270467547	0.873676760595438	0.818769900050452	0.88402699001217	0.592260846171083	0.947424014065101	0.912472098910927	0.689856031396414	0.14650954332299	0.88399308561436	0.926672167769827	0.952272492707657	0.489963679855531	0.425463805454674	0.727470455775896	0.845184204080688	0.516724417590197	0.949611955209021	0.839223148279416	0.883254307240391	0.61405194517618	0.423942105189496	0.772595079428582	0.573504511731826	0.24424521682343	0.730847577926598	0.952385570823251	0.951966001759928	0.833621160337603	0.171065548517089	0.837551549137099	0.959120902095019	0.43726170472703	0.917843909686507	0.69725453278629	0.95834338717391	0.257385219111867	0.323208628554321	0.963242874492428	0.880138453436954	0.272576899728127	0.904923408550361	0.951406102799358	0.906659628008838	0.430762016160833	0.959451944799712	0.826217146952658	0.880948598574446	0.877723989836756	0.926632516355616	0.684601729011171	0.859586901754655	0.965233996040073	0.826543036841426	0.521242714419366
cg06643622	0.541326144401137	0.802792969097792	0.743774229118701	0.185652726623534	0.502956301830251	0.303402729832422	0.56808129713236	0.622121783367779	0.775143758460927	0.609204338788831	0.148086670728795	0.589075884514471	0.520162682369972	0.894714183289537	0.422690978347443	0.395811022768905	0.381964688193186	0.683159277554387	0.0593961074132162	0.873383103282534	0.573218178848295	0.766977423606242	0.879062736436237	0.621134710317164	0.390493656719998	0.215067215657519	0.184347136795621	0.6081438593282	0.886189874309239	0.754678214952004	0.733005482598793	0.194278466528535	0.548935223990817	0.831187960230558	0.33446710581843	0.130651910154877	0.285886871068652	0.791736577986737	0.276593749927518	0.293457912620971	0.184712170926943	0.40661315404039	0.331370399065307	0.521835132275881	0.784146253603179	0.719500166613331	0.217375309281852	0.801058516907046	0.75604563134244	0.865328818579852	0.541550446491461	0.754056052760176	0.243304033612455	0.82293306584788	0.770485732864766	0.705713169941165	0.514651045607521
cg06655570	NA	NA	NA	NA	NA	NA	NA	NA	NA	NA	NA	NA	NA	NA	NA	NA	NA	NA	NA	NA	NA	NA	NA	NA	NA	NA	NA	NA	NA	NA	NA	NA	NA	NA	NA	NA	NA	NA	NA	NA	NA	NA	NA	NA	NA	NA	NA	NA	NA	NA	NA	NA	NA	NA	NA	NA	NA
cg06659269	NA	NA	NA	NA	NA	NA	NA	NA	NA	NA	NA	NA	NA	NA	NA	NA	NA	NA	NA	NA	NA	NA	NA	NA	NA	NA	NA	NA	NA	NA	NA	NA	NA	NA	NA	NA	NA	NA	NA	NA	NA	NA	NA	NA	NA	NA	NA	NA	NA	NA	NA	NA	NA	NA	NA	NA	NA
cg06659867	NA	NA	NA	NA	NA	NA	NA	NA	NA	NA	NA	NA	NA	NA	NA	NA	NA	NA	NA	NA	NA	NA	NA	NA	NA	NA	NA	NA	NA	NA	NA	NA	NA	NA	NA	NA	NA	NA	NA	NA	NA	NA	NA	NA	NA	NA	NA	NA	NA	NA	NA	NA	NA	NA	NA	NA	NA
cg06662976	0.0539546351776367	0.0568864115603156	0.0411534196164853	0.0361685735787957	0.0519346275639456	0.0375377955373789	0.0430031053693911	0.839474348039109	0.0415302291300403	0.119016775816265	0.038389509961935	0.703095498662724	0.0501107320810777	0.06707301262263	0.0463112837548438	0.047541733356341	0.0364638764538888	0.0558138189903955	0.0517956930017407	0.144250905030268	0.0380448018774817	0.0697166720848869	0.151385586143559	0.150256551397289	0.256172281883791	0.0588315715975546	0.0486127155691746	0.0968904927141956	0.0631052465975008	0.043187039306608	0.0522990275355663	0.0431220433814274	0.222702657984835	0.168274603933511	0.037907893029809	0.049721938077366	0.138224246742103	0.268213964540723	0.0372842940034533	0.497855592998817	0.0488784428496963	0.040073981792215	0.048053665559565	0.0650444309431829	0.0423454379709483	0.0699582500345759	0.0655169956676003	0.0460225127629531	0.0395871312771946	0.0379675569095673	0.0624072146295166	0.0808272000680705	0.037173069945049	0.0454275182356327	0.415369783190481	0.0448758391417382	0.174188335733775
cg06674392	NA	NA	NA	NA	NA	NA	NA	NA	NA	NA	NA	NA	NA	NA	NA	NA	NA	NA	NA	NA	NA	NA	NA	NA	NA	NA	NA	NA	NA	NA	NA	NA	NA	NA	NA	NA	NA	NA	NA	NA	NA	NA	NA	NA	NA	NA	NA	NA	NA	NA	NA	NA	NA	NA	NA	NA	NA
cg06679649	NA	NA	NA	NA	NA	NA	NA	NA	NA	NA	NA	NA	NA	NA	NA	NA	NA	NA	NA	NA	NA	NA	NA	NA	NA	NA	NA	NA	NA	NA	NA	NA	NA	NA	NA	NA	NA	NA	NA	NA	NA	NA	NA	NA	NA	NA	NA	NA	NA	NA	NA	NA	NA	NA	NA	NA	NA
cg06686174	NA	NA	NA	NA	NA	NA	NA	NA	NA	NA	NA	NA	NA	NA	NA	NA	NA	NA	NA	NA	NA	NA	NA	NA	NA	NA	NA	NA	NA	NA	NA	NA	NA	NA	NA	NA	NA	NA	NA	NA	NA	NA	NA	NA	NA	NA	NA	NA	NA	NA	NA	NA	NA	NA	NA	NA	NA
cg06692606	NA	NA	NA	NA	NA	NA	NA	NA	NA	NA	NA	NA	NA	NA	NA	NA	NA	NA	NA	NA	NA	NA	NA	NA	NA	NA	NA	NA	NA	NA	NA	NA	NA	NA	NA	NA	NA	NA	NA	NA	NA	NA	NA	NA	NA	NA	NA	NA	NA	NA	NA	NA	NA	NA	NA	NA	NA
cg06728577	NA	NA	NA	NA	NA	NA	NA	NA	NA	NA	NA	NA	NA	NA	NA	NA	NA	NA	NA	NA	NA	NA	NA	NA	NA	NA	NA	NA	NA	NA	NA	NA	NA	NA	NA	NA	NA	NA	NA	NA	NA	NA	NA	NA	NA	NA	NA	NA	NA	NA	NA	NA	NA	NA	NA	NA	NA
cg06784187	NA	NA	NA	NA	NA	NA	NA	NA	NA	NA	NA	NA	NA	NA	NA	NA	NA	NA	NA	NA	NA	NA	NA	NA	NA	NA	NA	NA	NA	NA	NA	NA	NA	NA	NA	NA	NA	NA	NA	NA	NA	NA	NA	NA	NA	NA	NA	NA	NA	NA	NA	NA	NA	NA	NA	NA	NA
cg06808021	NA	NA	NA	NA	NA	NA	NA	NA	NA	NA	NA	NA	NA	NA	NA	NA	NA	NA	NA	NA	NA	NA	NA	NA	NA	NA	NA	NA	NA	NA	NA	NA	NA	NA	NA	NA	NA	NA	NA	NA	NA	NA	NA	NA	NA	NA	NA	NA	NA	NA	NA	NA	NA	NA	NA	NA	NA
cg06868034	NA	NA	NA	NA	NA	NA	NA	NA	NA	NA	NA	NA	NA	NA	NA	NA	NA	NA	NA	NA	NA	NA	NA	NA	NA	NA	NA	NA	NA	NA	NA	NA	NA	NA	NA	NA	NA	NA	NA	NA	NA	NA	NA	NA	NA	NA	NA	NA	NA	NA	NA	NA	NA	NA	NA	NA	NA
cg06868413	NA	NA	NA	NA	NA	NA	NA	NA	NA	NA	NA	NA	NA	NA	NA	NA	NA	NA	NA	NA	NA	NA	NA	NA	NA	NA	NA	NA	NA	NA	NA	NA	NA	NA	NA	NA	NA	NA	NA	NA	NA	NA	NA	NA	NA	NA	NA	NA	NA	NA	NA	NA	NA	NA	NA	NA	NA
cg06868699	NA	NA	NA	NA	NA	NA	NA	NA	NA	NA	NA	NA	NA	NA	NA	NA	NA	NA	NA	NA	NA	NA	NA	NA	NA	NA	NA	NA	NA	NA	NA	NA	NA	NA	NA	NA	NA	NA	NA	NA	NA	NA	NA	NA	NA	NA	NA	NA	NA	NA	NA	NA	NA	NA	NA	NA	NA
cg06921605	NA	NA	NA	NA	NA	NA	NA	NA	NA	NA	NA	NA	NA	NA	NA	NA	NA	NA	NA	NA	NA	NA	NA	NA	NA	NA	NA	NA	NA	NA	NA	NA	NA	NA	NA	NA	NA	NA	NA	NA	NA	NA	NA	NA	NA	NA	NA	NA	NA	NA	NA	NA	NA	NA	NA	NA	NA
cg06934003	NA	NA	NA	NA	NA	NA	NA	NA	NA	NA	NA	NA	NA	NA	NA	NA	NA	NA	NA	NA	NA	NA	NA	NA	NA	NA	NA	NA	NA	NA	NA	NA	NA	NA	NA	NA	NA	NA	NA	NA	NA	NA	NA	NA	NA	NA	NA	NA	NA	NA	NA	NA	NA	NA	NA	NA	NA
cg06944489	NA	NA	NA	NA	NA	NA	NA	NA	NA	NA	NA	NA	NA	NA	NA	NA	NA	NA	NA	NA	NA	NA	NA	NA	NA	NA	NA	NA	NA	NA	NA	NA	NA	NA	NA	NA	NA	NA	NA	NA	NA	NA	NA	NA	NA	NA	NA	NA	NA	NA	NA	NA	NA	NA	NA	NA	NA
cg06949017	NA	NA	NA	NA	NA	NA	NA	NA	NA	NA	NA	NA	NA	NA	NA	NA	NA	NA	NA	NA	NA	NA	NA	NA	NA	NA	NA	NA	NA	NA	NA	NA	NA	NA	NA	NA	NA	NA	NA	NA	NA	NA	NA	NA	NA	NA	NA	NA	NA	NA	NA	NA	NA	NA	NA	NA	NA
cg06960940	NA	NA	NA	NA	NA	NA	NA	NA	NA	NA	NA	NA	NA	NA	NA	NA	NA	NA	NA	NA	NA	NA	NA	NA	NA	NA	NA	NA	NA	NA	NA	NA	NA	NA	NA	NA	NA	NA	NA	NA	NA	NA	NA	NA	NA	NA	NA	NA	NA	NA	NA	NA	NA	NA	NA	NA	NA
cg06962373	0.686528028148132	0.791400971020966	0.72693559852315	0.73919422682664	0.746782748246818	0.620931184359339	0.70245159728537	0.180343059372891	0.748697545191364	0.719571800340999	0.747425308143481	0.772353364306138	0.698567291185374	0.678710074216068	0.769830920092935	0.633217140698706	0.692686774939911	0.699828588477293	0.400873520619893	0.781030503168521	0.547871714021307	0.767651753766024	0.742265427136841	0.671389717020532	0.654868141972688	0.835966064237731	0.745122359787073	0.685755848201953	0.756364907899081	0.656023601534498	0.765817859124872	0.64633424133073	0.246496570401971	0.692761250340811	0.740586326539676	0.775892243516957	0.611272309145151	0.739760994910806	0.731469297603815	0.636706599228449	0.428201063101537	0.718948299036798	0.751034425427827	0.754447388708418	0.783466183303279	0.72046979573292	0.792835825135327	0.693325967405394	0.680850112204101	0.730407681245874	0.756403259651015	0.662876214730101	0.209783083316877	0.722599296153119	0.757397875561926	0.554682767735251	0.676913924501555
cg06970454	NA	NA	NA	NA	NA	NA	NA	NA	NA	NA	NA	NA	NA	NA	NA	NA	NA	NA	NA	NA	NA	NA	NA	NA	NA	NA	NA	NA	NA	NA	NA	NA	NA	NA	NA	NA	NA	NA	NA	NA	NA	NA	NA	NA	NA	NA	NA	NA	NA	NA	NA	NA	NA	NA	NA	NA	NA
cg06977264	NA	NA	NA	NA	NA	NA	NA	NA	NA	NA	NA	NA	NA	NA	NA	NA	NA	NA	NA	NA	NA	NA	NA	NA	NA	NA	NA	NA	NA	NA	NA	NA	NA	NA	NA	NA	NA	NA	NA	NA	NA	NA	NA	NA	NA	NA	NA	NA	NA	NA	NA	NA	NA	NA	NA	NA	NA
cg06995113	NA	NA	NA	NA	NA	NA	NA	NA	NA	NA	NA	NA	NA	NA	NA	NA	NA	NA	NA	NA	NA	NA	NA	NA	NA	NA	NA	NA	NA	NA	NA	NA	NA	NA	NA	NA	NA	NA	NA	NA	NA	NA	NA	NA	NA	NA	NA	NA	NA	NA	NA	NA	NA	NA	NA	NA	NA
cg06999653	0.740407187822463	0.644172648069347	0.889031695771583	0.512277435456257	0.864485085956023	0.890103254807632	0.703170991558535	0.241087136086379	0.872441748045798	0.858048896283508	0.852932856212606	0.870260289029748	0.734846330909395	0.836149829700276	0.793177849015249	0.870830913184992	0.729822482976763	0.811335944082092	0.542131846693984	0.823819046217788	0.877063949376657	0.816574710997081	0.820689357207383	0.852911548713615	0.700066023900316	0.553493629138608	0.666747980305082	0.808083158767161	0.847680318466188	0.839392886187429	0.837355664872741	0.762175014400796	0.746406475573637	0.878383519306586	0.678192257491745	0.749743548580017	0.595530381842163	0.777255898385133	0.689554699424004	0.300011694445409	0.390471557542774	0.796242655039814	0.767670602101145	0.847370237179747	0.897571120440328	0.744972956560606	0.653565447785672	0.831212556738575	0.88744614936766	0.843761959666879	0.777506375197358	0.796772915919551	0.906140899924644	0.714085248900385	0.915426057742477	0.708498524458552	0.165048096264467
cg07005246	NA	NA	NA	NA	NA	NA	NA	NA	NA	NA	NA	NA	NA	NA	NA	NA	NA	NA	NA	NA	NA	NA	NA	NA	NA	NA	NA	NA	NA	NA	NA	NA	NA	NA	NA	NA	NA	NA	NA	NA	NA	NA	NA	NA	NA	NA	NA	NA	NA	NA	NA	NA	NA	NA	NA	NA	NA
cg07021678	NA	NA	NA	NA	NA	NA	NA	NA	NA	NA	NA	NA	NA	NA	NA	NA	NA	NA	NA	NA	NA	NA	NA	NA	NA	NA	NA	NA	NA	NA	NA	NA	NA	NA	NA	NA	NA	NA	NA	NA	NA	NA	NA	NA	NA	NA	NA	NA	NA	NA	NA	NA	NA	NA	NA	NA	NA
cg07088430	NA	NA	NA	NA	NA	NA	NA	NA	NA	NA	NA	NA	NA	NA	NA	NA	NA	NA	NA	NA	NA	NA	NA	NA	NA	NA	NA	NA	NA	NA	NA	NA	NA	NA	NA	NA	NA	NA	NA	NA	NA	NA	NA	NA	NA	NA	NA	NA	NA	NA	NA	NA	NA	NA	NA	NA	NA
cg07165120	0.932655680303782	0.866998838783649	0.80855542859776	0.615362603790518	0.881005212506317	0.270662114245004	0.92301541574831	0.895328625639696	0.961224743284469	0.771924562196828	0.795394713616562	0.85060999125195	0.870009868554522	0.818866490715573	0.699294840136215	0.674541921893144	0.932977844764265	0.814632765008984	0.636215750724347	0.960149035002842	0.869961035539861	0.89820700794993	0.729606791901174	0.937073470095126	0.785176552427727	0.926898280044869	0.634360995734578	0.881726036884504	0.89447611384745	0.907713710219537	0.815925252753325	0.94743036477095	0.865160048312805	0.874506818362023	0.808699843108977	0.942958246493095	0.693485939839356	0.939426684702873	0.789601697823468	0.826856254747153	0.949620116415954	0.695349442471234	0.809815100050306	0.667403515242769	0.860010360118618	0.938767279345057	0.765004413823143	0.945397350520565	0.735166314320435	0.946133703012765	0.90296389552191	0.904901212916316	0.185222487140489	0.948461647081559	0.800754093253045	0.92672834966474	0.859977347141114
cg07170752	0.772571244594291	0.612642548284633	0.837149188523597	0.556784368856051	0.583505353066652	0.80799665788266	0.852318263577973	0.760966655367424	0.806219323606645	0.905399747597802	0.817730826627644	0.848072418992184	0.796778591046179	0.791829543210715	0.77499553397587	0.874796173936057	0.752756865199053	0.836204808779906	0.730251504807952	0.916599467934197	0.754726780218219	0.864221779164106	0.691974470150855	0.678044000107206	0.620114647413239	0.764065305994846	0.744757685839954	0.747139830039388	0.858302597450096	0.793293594479277	0.755552739733489	0.309277386128163	0.536517347029171	0.807638314646388	0.444382923145328	0.840074665213866	0.675347573962292	0.799034835405638	0.744493543081951	0.428133339889899	0.63582238658594	0.866714837425134	0.694953435681216	0.731007944673148	0.864253974081042	0.519870081669202	0.77609975444939	0.806910242821826	0.750093311645786	0.922139463354146	0.761029361789809	0.795852280987864	0.615388926068304	0.826578428376474	0.79972531372053	0.811304969575309	0.756110592565165
cg07221511	NA	NA	NA	NA	NA	NA	NA	NA	NA	NA	NA	NA	NA	NA	NA	NA	NA	NA	NA	NA	NA	NA	NA	NA	NA	NA	NA	NA	NA	NA	NA	NA	NA	NA	NA	NA	NA	NA	NA	NA	NA	NA	NA	NA	NA	NA	NA	NA	NA	NA	NA	NA	NA	NA	NA	NA	NA
cg07228905	0.6716876609295	0.86857302763203	0.874205427113414	0.491549734444997	0.520637233737477	0.719392240229104	0.686414384521786	0.561868430915732	0.797924307908353	0.344589089251507	0.429575997437875	0.851204170783028	0.676179158668815	0.892050120328379	0.723120432221629	0.632100950915142	0.795309592992733	0.707982020149932	0.543590342569049	0.844924092742251	0.825916783907816	0.734084435761179	0.688095466335287	0.548423257148426	0.619062287498665	0.808960633250617	0.623776880414663	0.704370338990732	0.720399023890646	0.498548575052648	0.799577780749732	0.351848511800252	0.759725884277716	0.79163361003251	0.495910188298603	0.702517340849162	0.501374107402874	0.794623157268361	0.589919124617972	0.759063379185023	0.349008835550866	0.805175811568042	0.591853894469123	0.810296450367891	0.888075460998095	0.744615754521464	0.601163604557547	0.826299977575595	0.702958915949291	0.796467233862972	0.643750766915789	0.758536819879456	0.195210289076951	0.82581191129255	0.829407083730132	0.816975557910905	0.442196343662347
cg07242196	0.977603101476675	0.981385260127212	0.979837198133485	0.980934632794589	0.930752166778011	0.977307474633644	0.976209298930327	0.973327606397975	0.985518310041048	0.963344128661245	0.983441706829342	0.98274525885423	0.976222063827556	0.981891509845162	0.954756712064949	0.985649922851142	0.980291782757554	0.973322021641101	0.947409454983489	0.985929672143598	0.809908289672849	0.977804069064812	0.97976766478072	0.981665990471703	0.919757404189283	0.983228546475991	0.634615273352743	0.973695070424447	0.970332527628006	0.984219086747505	0.984246986628953	0.983431628379976	0.964710105955109	0.981199257834453	0.974398261343997	0.978214824711002	0.957148466492834	0.9866112664668	0.944986683794836	0.973557646747521	0.978524409508346	0.980490525988843	0.969157521820106	0.978577176348881	0.985684146124477	0.977935452144434	0.979822171196023	0.979024102725952	0.972503710269406	0.981655970572289	0.96238992381871	0.984988359445935	0.886698095433572	0.934401414927904	0.961048492524881	0.980281238194816	0.980180097989278
cg07244523	NA	NA	NA	NA	NA	NA	NA	NA	NA	NA	NA	NA	NA	NA	NA	NA	NA	NA	NA	NA	NA	NA	NA	NA	NA	NA	NA	NA	NA	NA	NA	NA	NA	NA	NA	NA	NA	NA	NA	NA	NA	NA	NA	NA	NA	NA	NA	NA	NA	NA	NA	NA	NA	NA	NA	NA	NA
cg07252846	NA	NA	NA	NA	NA	NA	NA	NA	NA	NA	NA	NA	NA	NA	NA	NA	NA	NA	NA	NA	NA	NA	NA	NA	NA	NA	NA	NA	NA	NA	NA	NA	NA	NA	NA	NA	NA	NA	NA	NA	NA	NA	NA	NA	NA	NA	NA	NA	NA	NA	NA	NA	NA	NA	NA	NA	NA
cg07277465	NA	NA	NA	NA	NA	NA	NA	NA	NA	NA	NA	NA	NA	NA	NA	NA	NA	NA	NA	NA	NA	NA	NA	NA	NA	NA	NA	NA	NA	NA	NA	NA	NA	NA	NA	NA	NA	NA	NA	NA	NA	NA	NA	NA	NA	NA	NA	NA	NA	NA	NA	NA	NA	NA	NA	NA	NA
cg07283015	0.95305425737481	0.936094410065504	0.968476050540485	0.902313988492393	0.887135801299371	0.791911039864646	0.898802668739401	0.925486651329804	0.935967234172212	0.91837213965048	0.949591138093217	0.951420839174874	0.964767942893756	0.946829201181238	0.949964570329598	0.802201634860752	0.851130886207723	0.874135950794523	0.945029254211136	0.95005509677466	0.904179886586942	0.659327152832711	0.956333260952968	0.93798182084834	0.876189812230971	0.941407379139466	0.928082578501374	0.827027574118032	0.947640206214147	0.885537907782066	0.940648482987099	0.96397645431494	0.851445569107095	0.951560196721673	0.741332532664268	0.963148127551823	0.778746395416826	0.804394552574702	0.955586963766065	0.913348464802432	0.940478068583956	0.964398292898544	0.869711013180047	0.949161412393002	0.959358586902037	0.814090019110244	0.939686092733714	0.483428676885591	0.904337228481552	0.946550411976791	0.918572061480948	0.850155287802245	0.912188258143737	0.949112218751078	0.930312659277775	0.924725848886928	0.942591183199037
cg07372195	0.95386012680424	0.744965315161816	0.952242384643996	0.932027925671715	0.944613271862259	0.921858015702006	0.918264277297324	0.875211669605127	0.942271894880647	0.956583093651694	0.927636412528511	0.899355280707551	0.864504152676303	0.905175919465813	0.936481774254076	0.937906729660561	0.900560388689728	0.901320246412195	0.903121367241889	0.948326542046463	0.713940862664044	0.947900859521011	0.933872001359618	0.941016525633491	0.773058664674964	0.819840211173506	0.889003022063596	0.923696915095713	0.940913108647321	0.939196276758777	0.934998984248416	0.933635402462912	0.918839016602345	0.926001435133631	0.715240361902583	0.772859221564792	0.755915930017967	0.876050942340507	0.908350656377044	0.487763899374168	0.904822628453778	0.713068374127565	0.931991651130776	0.699889255409968	0.957819187695748	0.616631692154513	0.858560564552652	0.919644719476675	0.799673943316773	0.950653452148311	0.943868150560864	0.949408577842054	0.83192325166226	0.730878894480085	0.905310422251048	0.915188006270071	0.935038329330975
cg07378405	NA	NA	NA	NA	NA	NA	NA	NA	NA	NA	NA	NA	NA	NA	NA	NA	NA	NA	NA	NA	NA	NA	NA	NA	NA	NA	NA	NA	NA	NA	NA	NA	NA	NA	NA	NA	NA	NA	NA	NA	NA	NA	NA	NA	NA	NA	NA	NA	NA	NA	NA	NA	NA	NA	NA	NA	NA
cg07421068	NA	NA	NA	NA	NA	NA	NA	NA	NA	NA	NA	NA	NA	NA	NA	NA	NA	NA	NA	NA	NA	NA	NA	NA	NA	NA	NA	NA	NA	NA	NA	NA	NA	NA	NA	NA	NA	NA	NA	NA	NA	NA	NA	NA	NA	NA	NA	NA	NA	NA	NA	NA	NA	NA	NA	NA	NA
cg07427559	NA	NA	NA	NA	NA	NA	NA	NA	NA	NA	NA	NA	NA	NA	NA	NA	NA	NA	NA	NA	NA	NA	NA	NA	NA	NA	NA	NA	NA	NA	NA	NA	NA	NA	NA	NA	NA	NA	NA	NA	NA	NA	NA	NA	NA	NA	NA	NA	NA	NA	NA	NA	NA	NA	NA	NA	NA
cg07508429	0.859317957922251	0.794978742848756	0.870591427373822	0.664894144908035	0.847611009613421	0.837660622317182	0.63011433146715	0.801083174381082	0.824643590043708	0.784613574242903	0.564264761933464	0.824167333696827	0.795083160887925	0.824929020797868	0.692208993060919	0.927068782959101	0.788206568952004	0.756321505524223	0.854990244773257	0.779395923295977	0.662524929573832	0.846813556989812	0.720335591286143	0.630577435093176	0.623024873085046	0.788190270284851	0.648987370969477	0.748407338334821	0.810489097721063	0.836962845865245	0.784097487880064	0.576279515443369	0.657304623507815	0.842355668191604	0.386495758160674	0.427874473746627	0.661667558798621	0.806811214756967	NA	0.529244746673602	0.641637895481998	0.725498402537943	0.706940635122408	0.692916629900035	0.848198282615551	0.67362407954573	0.326374385619855	0.857370503560687	0.816119890634584	0.722329366951213	0.693667454788685	0.682280203933926	0.402149179608377	0.749248156071439	0.868859625606326	0.862272642692358	0.776953960329858
cg07516965	NA	NA	NA	NA	NA	NA	NA	NA	NA	NA	NA	NA	NA	NA	NA	NA	NA	NA	NA	NA	NA	NA	NA	NA	NA	NA	NA	NA	NA	NA	NA	NA	NA	NA	NA	NA	NA	NA	NA	NA	NA	NA	NA	NA	NA	NA	NA	NA	NA	NA	NA	NA	NA	NA	NA	NA	NA
cg07532159	NA	NA	NA	NA	NA	NA	NA	NA	NA	NA	NA	NA	NA	NA	NA	NA	NA	NA	NA	NA	NA	NA	NA	NA	NA	NA	NA	NA	NA	NA	NA	NA	NA	NA	NA	NA	NA	NA	NA	NA	NA	NA	NA	NA	NA	NA	NA	NA	NA	NA	NA	NA	NA	NA	NA	NA	NA
cg07559427	0.87211531217233	0.810954874166659	0.905397940907294	0.646196225709719	0.851356219162173	0.930794093963682	0.94728553336367	0.948075876020324	0.944970131906323	0.907318824595767	0.951162828384829	0.94535700880151	0.927640235809312	0.811913347241615	0.80449744559862	0.92763761474724	0.693668455810851	0.907019157759873	0.87766976110687	0.949741533816674	0.915975166312697	0.938039472333565	0.93973399760467	0.946578651059572	0.686453433593879	0.946561858378985	0.914857797640491	0.948478021199717	0.92623099265386	0.63415669152993	0.694098563104648	0.906916883398223	0.613167919637536	0.953941525655949	0.886622047747518	0.862772719356116	0.801267254204386	0.956653543085651	0.705679252396593	0.903790295917119	0.945315330888381	0.936177605239595	0.891073129613292	0.864213990441645	0.913044312354787	0.939544054445087	0.94917890460772	0.942220012210207	0.940984620823799	0.943186341243065	0.943818287744732	0.953403715141936	0.922566517446136	0.949107994955713	0.933220337559793	0.948546899904757	0.859563176629438
cg07590638	NA	NA	NA	NA	NA	NA	NA	NA	NA	NA	NA	NA	NA	NA	NA	NA	NA	NA	NA	NA	NA	NA	NA	NA	NA	NA	NA	NA	NA	NA	NA	NA	NA	NA	NA	NA	NA	NA	NA	NA	NA	NA	NA	NA	NA	NA	NA	NA	NA	NA	NA	NA	NA	NA	NA	NA	NA
cg07612889	NA	NA	NA	NA	NA	NA	NA	NA	NA	NA	NA	NA	NA	NA	NA	NA	NA	NA	NA	NA	NA	NA	NA	NA	NA	NA	NA	NA	NA	NA	NA	NA	NA	NA	NA	NA	NA	NA	NA	NA	NA	NA	NA	NA	NA	NA	NA	NA	NA	NA	NA	NA	NA	NA	NA	NA	NA
cg07633119	NA	NA	NA	NA	NA	NA	NA	NA	NA	NA	NA	NA	NA	NA	NA	NA	NA	NA	NA	NA	NA	NA	NA	NA	NA	NA	NA	NA	NA	NA	NA	NA	NA	NA	NA	NA	NA	NA	NA	NA	NA	NA	NA	NA	NA	NA	NA	NA	NA	NA	NA	NA	NA	NA	NA	NA	NA
cg07645858	NA	NA	NA	NA	NA	NA	NA	NA	NA	NA	NA	NA	NA	NA	NA	NA	NA	NA	NA	NA	NA	NA	NA	NA	NA	NA	NA	NA	NA	NA	NA	NA	NA	NA	NA	NA	NA	NA	NA	NA	NA	NA	NA	NA	NA	NA	NA	NA	NA	NA	NA	NA	NA	NA	NA	NA	NA
cg07672509	NA	NA	NA	NA	NA	NA	NA	NA	NA	NA	NA	NA	NA	NA	NA	NA	NA	NA	NA	NA	NA	NA	NA	NA	NA	NA	NA	NA	NA	NA	NA	NA	NA	NA	NA	NA	NA	NA	NA	NA	NA	NA	NA	NA	NA	NA	NA	NA	NA	NA	NA	NA	NA	NA	NA	NA	NA
cg07690202	NA	NA	NA	NA	NA	NA	NA	NA	NA	NA	NA	NA	NA	NA	NA	NA	NA	NA	NA	NA	NA	NA	NA	NA	NA	NA	NA	NA	NA	NA	NA	NA	NA	NA	NA	NA	NA	NA	NA	NA	NA	NA	NA	NA	NA	NA	NA	NA	NA	NA	NA	NA	NA	NA	NA	NA	NA
cg07752079	NA	NA	NA	NA	NA	NA	NA	NA	NA	NA	NA	NA	NA	NA	NA	NA	NA	NA	NA	NA	NA	NA	NA	NA	NA	NA	NA	NA	NA	NA	NA	NA	NA	NA	NA	NA	NA	NA	NA	NA	NA	NA	NA	NA	NA	NA	NA	NA	NA	NA	NA	NA	NA	NA	NA	NA	NA
cg07752596	NA	NA	NA	NA	NA	NA	NA	NA	NA	NA	NA	NA	NA	NA	NA	NA	NA	NA	NA	NA	NA	NA	NA	NA	NA	NA	NA	NA	NA	NA	NA	NA	NA	NA	NA	NA	NA	NA	NA	NA	NA	NA	NA	NA	NA	NA	NA	NA	NA	NA	NA	NA	NA	NA	NA	NA	NA
cg07756562	NA	NA	NA	NA	NA	NA	NA	NA	NA	NA	NA	NA	NA	NA	NA	NA	NA	NA	NA	NA	NA	NA	NA	NA	NA	NA	NA	NA	NA	NA	NA	NA	NA	NA	NA	NA	NA	NA	NA	NA	NA	NA	NA	NA	NA	NA	NA	NA	NA	NA	NA	NA	NA	NA	NA	NA	NA
cg07757454	NA	NA	NA	NA	NA	NA	NA	NA	NA	NA	NA	NA	NA	NA	NA	NA	NA	NA	NA	NA	NA	NA	NA	NA	NA	NA	NA	NA	NA	NA	NA	NA	NA	NA	NA	NA	NA	NA	NA	NA	NA	NA	NA	NA	NA	NA	NA	NA	NA	NA	NA	NA	NA	NA	NA	NA	NA
cg07810671	NA	NA	NA	NA	NA	NA	NA	NA	NA	NA	NA	NA	NA	NA	NA	NA	NA	NA	NA	NA	NA	NA	NA	NA	NA	NA	NA	NA	NA	NA	NA	NA	NA	NA	NA	NA	NA	NA	NA	NA	NA	NA	NA	NA	NA	NA	NA	NA	NA	NA	NA	NA	NA	NA	NA	NA	NA
cg07841357	NA	NA	NA	NA	NA	NA	NA	NA	NA	NA	NA	NA	NA	NA	NA	NA	NA	NA	NA	NA	NA	NA	NA	NA	NA	NA	NA	NA	NA	NA	NA	NA	NA	NA	NA	NA	NA	NA	NA	NA	NA	NA	NA	NA	NA	NA	NA	NA	NA	NA	NA	NA	NA	NA	NA	NA	NA
cg07855322	NA	NA	NA	NA	NA	NA	NA	NA	NA	NA	NA	NA	NA	NA	NA	NA	NA	NA	NA	NA	NA	NA	NA	NA	NA	NA	NA	NA	NA	NA	NA	NA	NA	NA	NA	NA	NA	NA	NA	NA	NA	NA	NA	NA	NA	NA	NA	NA	NA	NA	NA	NA	NA	NA	NA	NA	NA
cg07856387	NA	NA	NA	NA	NA	NA	NA	NA	NA	NA	NA	NA	NA	NA	NA	NA	NA	NA	NA	NA	NA	NA	NA	NA	NA	NA	NA	NA	NA	NA	NA	NA	NA	NA	NA	NA	NA	NA	NA	NA	NA	NA	NA	NA	NA	NA	NA	NA	NA	NA	NA	NA	NA	NA	NA	NA	NA
cg07902406	NA	NA	NA	NA	NA	NA	NA	NA	NA	NA	NA	NA	NA	NA	NA	NA	NA	NA	NA	NA	NA	NA	NA	NA	NA	NA	NA	NA	NA	NA	NA	NA	NA	NA	NA	NA	NA	NA	NA	NA	NA	NA	NA	NA	NA	NA	NA	NA	NA	NA	NA	NA	NA	NA	NA	NA	NA
cg07912810	NA	NA	NA	NA	NA	NA	NA	NA	NA	NA	NA	NA	NA	NA	NA	NA	NA	NA	NA	NA	NA	NA	NA	NA	NA	NA	NA	NA	NA	NA	NA	NA	NA	NA	NA	NA	NA	NA	NA	NA	NA	NA	NA	NA	NA	NA	NA	NA	NA	NA	NA	NA	NA	NA	NA	NA	NA
cg07922521	0.869095038923451	0.887553685411373	0.959683919143004	0.813346689623797	0.914943446561066	0.948501696812988	0.831156549728006	0.932072762319648	0.952484488648267	0.911507178478311	0.896937101943581	0.944435819772637	0.878071018079309	0.920337432648549	0.868226630585211	0.927190189309688	0.835503364222279	0.884620922766861	0.866983151393042	0.948824375039131	0.937806996656524	0.873060253476634	0.923753547345091	0.707355477411732	0.908927868677904	0.894123356171816	0.820031673205754	0.853009476443602	0.934126698036329	0.822414344523572	0.852279241944428	0.699739163434173	0.809354475827896	0.945314358820043	0.685417277194632	0.848100746791927	0.816693411307239	0.940166695926129	0.877807359759917	0.792938768623309	0.883518373600093	0.929211969439613	0.896377653676289	0.88624194193106	0.955005089071104	0.931247398658865	0.571601289543643	0.928567065234885	0.889686201724297	0.918592440060136	0.874294276825234	0.824077682471773	0.630011521084922	0.919560827791738	0.950569276070014	0.929033307127267	0.921850471389065
cg07989373	NA	NA	NA	NA	NA	NA	NA	NA	NA	NA	NA	NA	NA	NA	NA	NA	NA	NA	NA	NA	NA	NA	NA	NA	NA	NA	NA	NA	NA	NA	NA	NA	NA	NA	NA	NA	NA	NA	NA	NA	NA	NA	NA	NA	NA	NA	NA	NA	NA	NA	NA	NA	NA	NA	NA	NA	NA
cg07997387	NA	NA	NA	NA	NA	NA	NA	NA	NA	NA	NA	NA	NA	NA	NA	NA	NA	NA	NA	NA	NA	NA	NA	NA	NA	NA	NA	NA	NA	NA	NA	NA	NA	NA	NA	NA	NA	NA	NA	NA	NA	NA	NA	NA	NA	NA	NA	NA	NA	NA	NA	NA	NA	NA	NA	NA	NA
cg08005007	0.752910675896466	0.678652672527033	0.713816776931951	0.656058184980485	0.637838031667734	0.65747272468891	0.674347179433829	0.696633780278082	0.861430608074561	0.697550815938945	0.685309835576027	0.730483347462486	0.738001580714063	0.667616410678992	0.650424613957839	0.643547569260932	0.640102964974352	0.661259281796628	0.84605604260299	0.70158740497246	0.690384621614511	0.732142385860691	0.740197887022459	0.724879883928376	0.599399359605273	0.862634381273399	0.729199929649562	0.74516321499567	0.786725963445974	0.687723574467328	0.672259713330677	0.761073446332718	0.661761545937104	0.775118673330147	0.622854147921597	0.716878846887442	0.634590980131523	0.796812074721721	0.62039358450649	0.652094468873094	0.696973907826509	0.914300690638243	0.741358255667871	0.650644018170253	0.751805167678214	0.716796590888093	0.678970251269723	0.851192530016563	0.74021000995192	0.809906456860585	0.724783827864233	0.736324806371762	0.74140617047656	0.785635967563362	0.692021899040651	0.710087190118215	0.642419306732972
cg08027643	NA	NA	NA	NA	NA	NA	NA	NA	NA	NA	NA	NA	NA	NA	NA	NA	NA	NA	NA	NA	NA	NA	NA	NA	NA	NA	NA	NA	NA	NA	NA	NA	NA	NA	NA	NA	NA	NA	NA	NA	NA	NA	NA	NA	NA	NA	NA	NA	NA	NA	NA	NA	NA	NA	NA	NA	NA
cg08075677	NA	NA	NA	NA	NA	NA	NA	NA	NA	NA	NA	NA	NA	NA	NA	NA	NA	NA	NA	NA	NA	NA	NA	NA	NA	NA	NA	NA	NA	NA	NA	NA	NA	NA	NA	NA	NA	NA	NA	NA	NA	NA	NA	NA	NA	NA	NA	NA	NA	NA	NA	NA	NA	NA	NA	NA	NA
cg08082390	0.938686992880217	0.957007160315817	0.952913764207526	0.902782175509183	0.94983942249174	0.936427648997696	0.893546272287333	0.341352654359459	0.927036536193619	0.757002100026078	0.955929426261179	0.948643401692657	0.676954526231688	0.721050858507365	0.945663206348868	0.348979416186919	0.893309428653693	0.937396038828069	0.241051238251096	0.938000052146126	0.565073298722913	0.770306248901932	0.576272173718812	0.701593149879385	0.130429641547939	0.832273706684597	0.94100046175874	0.931572343876758	0.949497254811452	0.88440149349363	0.928550454463121	0.939160942126832	0.757668411998121	0.94795833610869	0.943768322215587	0.885116603038653	0.930502212646789	0.947077140033346	0.924461229488735	NA	0.645284704528095	0.94476050585145	0.923992190684275	0.629936345055849	0.941586239586621	0.55836681062964	0.936104288549568	0.950352329573712	0.813496648010996	0.927793369854819	0.90560829977887	0.926560801064586	0.9387140987106	0.821679381756388	0.51367840455132	0.847100903354802	0.859941557341205
cg08096684	0.665770641677668	0.745149725615179	0.882984664810013	0.250452640314921	0.32709354433127	0.67143488558999	0.571813712303862	0.438967442879194	0.900200265455676	0.316423426414981	0.754639710011701	0.699484567130861	0.702129771844632	0.73619846190205	0.207671120404399	0.717372652664192	0.280776181325884	0.555315250128627	0.79093481496962	0.343766822839226	0.34179887520011	0.522255697853143	0.326496793207461	0.231074845722281	0.24254830110628	0.43629246585648	0.306188742166249	0.489767831873662	0.61943451999215	0.595733043826452	0.454479804683409	0.749978097955643	0.312298104842209	0.265263131106397	0.197004736541882	0.410215458264192	0.273261351762927	0.85952940515931	0.242845165759113	0.756333246410564	0.258032095335375	0.602982999387094	0.502259246634467	0.518985203997317	0.954475129232064	0.56041430522482	0.337018038179657	0.69622918845954	0.661954923290972	0.965253976109205	0.49793439078401	0.714184428218457	0.961321617645859	0.33277342184467	0.434399317888554	0.721440803494948	0.277366606004535
cg08123100	0.343675690437221	0.446471316184161	0.912427806201996	0.307182733880697	NA	0.409793110789912	0.885103999721793	0.900298751303468	0.90164563457232	0.599211340057299	0.935007479682302	0.86544512830515	0.866527602121464	0.735805721160369	0.872569399709267	0.781276676845932	0.709932560705432	0.839984894190243	0.866239315608395	0.909251027776627	0.393870321763076	0.904196489777854	0.855819712229859	0.571699271542871	NA	NA	0.875012084218265	0.842491133568451	0.876282211276753	0.885708985807332	0.817658548392533	0.859601838308542	NA	0.745892363852727	0.526726939135628	0.823781299140632	0.837984135888808	0.759298219473745	0.812455695549691	NA	0.595219620711338	0.69036434073921	0.891210269718853	0.592686800519965	0.854914930615034	0.798093839545031	0.826285683834344	0.854936447474009	0.775416973911158	0.923308767576655	0.881359282144208	0.863373581516769	0.46639750306093	0.873037571580684	0.871762500926845	0.908024821204079	0.857746240887814
cg08158805	NA	NA	NA	NA	NA	NA	NA	NA	NA	NA	NA	NA	NA	NA	NA	NA	NA	NA	NA	NA	NA	NA	NA	NA	NA	NA	NA	NA	NA	NA	NA	NA	NA	NA	NA	NA	NA	NA	NA	NA	NA	NA	NA	NA	NA	NA	NA	NA	NA	NA	NA	NA	NA	NA	NA	NA	NA
cg08170119	NA	NA	NA	NA	NA	NA	NA	NA	NA	NA	NA	NA	NA	NA	NA	NA	NA	NA	NA	NA	NA	NA	NA	NA	NA	NA	NA	NA	NA	NA	NA	NA	NA	NA	NA	NA	NA	NA	NA	NA	NA	NA	NA	NA	NA	NA	NA	NA	NA	NA	NA	NA	NA	NA	NA	NA	NA
cg08177743	0.893563939729552	0.907846077818939	0.955462470879081	0.832566721141759	0.72881860428536	0.943770147495724	0.872679706912112	0.957392217408108	0.927035880720776	0.911208741723892	0.790989796192808	0.935129723435585	0.926827096987551	0.956632840900499	0.90367199310256	0.94217868441736	0.787913635376907	0.81256339764127	0.435552304804661	0.940707226660751	0.85108984697984	0.936530258452326	0.907885757821095	0.80382601823457	0.86993026285363	0.950539251586557	0.688956716595982	0.840448198561776	0.949535605603204	0.897463339023899	0.94657272614692	0.84982694091619	0.862413832278074	0.923680084569451	0.852539104848332	0.781771845112615	0.756554790504198	0.947083009459448	0.865417386947171	0.690861663286815	0.86908874797277	0.95142533797879	0.844608309268516	0.898736996600745	0.961699001472898	0.900525968331129	0.908858004704815	0.918400546180566	0.789007394940452	0.944507905397444	0.67444017524567	0.936243265519475	0.475923407985715	0.85525108698586	0.951819982733118	0.920383334552293	0.833062642672267
cg08222555	NA	NA	NA	NA	NA	NA	NA	NA	NA	NA	NA	NA	NA	NA	NA	NA	NA	NA	NA	NA	NA	NA	NA	NA	NA	NA	NA	NA	NA	NA	NA	NA	NA	NA	NA	NA	NA	NA	NA	NA	NA	NA	NA	NA	NA	NA	NA	NA	NA	NA	NA	NA	NA	NA	NA	NA	NA
cg08237400	NA	NA	NA	NA	NA	NA	NA	NA	NA	NA	NA	NA	NA	NA	NA	NA	NA	NA	NA	NA	NA	NA	NA	NA	NA	NA	NA	NA	NA	NA	NA	NA	NA	NA	NA	NA	NA	NA	NA	NA	NA	NA	NA	NA	NA	NA	NA	NA	NA	NA	NA	NA	NA	NA	NA	NA	NA
cg08254315	NA	NA	NA	NA	NA	NA	NA	NA	NA	NA	NA	NA	NA	NA	NA	NA	NA	NA	NA	NA	NA	NA	NA	NA	NA	NA	NA	NA	NA	NA	NA	NA	NA	NA	NA	NA	NA	NA	NA	NA	NA	NA	NA	NA	NA	NA	NA	NA	NA	NA	NA	NA	NA	NA	NA	NA	NA
cg08278002	0.90411793920399	0.912931392040873	0.0621311142354197	0.809377321664336	0.478912706841138	0.173643347330093	0.704697738435209	0.0598458801087385	0.937587763030185	0.604732870231387	0.930960025378664	0.937544058129385	0.104088959042363	0.0698433541922276	0.900978680950127	0.941189824044227	0.359932111643432	0.199638773362336	0.0430031962565598	0.818722961385112	0.288517454685955	0.528310355566807	0.175716320736177	0.882002459618432	0.331032932406027	0.449062881113427	0.876729766518802	0.765699670684565	0.880474205693704	0.718895893772737	0.928206290667695	0.417484276990211	0.293921057531926	0.722934706048454	0.850891145449307	0.818118813126605	0.620541280036677	0.914674917669185	0.116611887873844	0.364573436610986	0.0960636450003995	0.894629958294083	0.903095228800751	0.920148987219251	0.937683310766549	0.672310724775713	0.721306956222134	0.9186129005455	0.910306508937761	0.90012526828779	0.868715686127491	0.626818903164309	0.0900032098348894	0.387567066002427	0.178539482187248	0.800331996455505	0.876417724041706
cg08338237	NA	NA	NA	NA	NA	NA	NA	NA	NA	NA	NA	NA	NA	NA	NA	NA	NA	NA	NA	NA	NA	NA	NA	NA	NA	NA	NA	NA	NA	NA	NA	NA	NA	NA	NA	NA	NA	NA	NA	NA	NA	NA	NA	NA	NA	NA	NA	NA	NA	NA	NA	NA	NA	NA	NA	NA	NA
cg08356248	NA	NA	NA	NA	NA	NA	NA	NA	NA	NA	NA	NA	NA	NA	NA	NA	NA	NA	NA	NA	NA	NA	NA	NA	NA	NA	NA	NA	NA	NA	NA	NA	NA	NA	NA	NA	NA	NA	NA	NA	NA	NA	NA	NA	NA	NA	NA	NA	NA	NA	NA	NA	NA	NA	NA	NA	NA
cg08371086	NA	NA	NA	NA	NA	NA	NA	NA	NA	NA	NA	NA	NA	NA	NA	NA	NA	NA	NA	NA	NA	NA	NA	NA	NA	NA	NA	NA	NA	NA	NA	NA	NA	NA	NA	NA	NA	NA	NA	NA	NA	NA	NA	NA	NA	NA	NA	NA	NA	NA	NA	NA	NA	NA	NA	NA	NA
cg08373323	0.91203127385108	0.905456904530103	0.867965979347339	0.885869484371636	0.784195696474839	0.943734270678414	0.840940464769325	0.490270578357194	0.936981728845658	0.840717022295825	0.912475107170376	0.769928744530544	0.844799578790644	0.592115151506415	0.877441791919816	0.958025495341302	0.936562766507282	0.792603140410321	0.835060445402426	0.778879747970525	0.859114301056307	0.938935775320139	0.878368363585704	0.783847610823227	0.735255017808156	0.907601845061968	0.618557382497511	0.855601261489027	0.922026667744892	0.841042568740628	0.780490202861279	0.751906299994874	0.704126023168333	0.914772419841388	0.620214429720603	0.309068341061058	0.772425455483648	0.914636425494147	0.850346400904273	0.823504249404426	0.892123810496047	0.926422159884521	0.912251144359877	0.917138825772743	0.926227630191183	0.930287488689804	0.624095950849334	0.9315646666507	0.919511916374092	0.869547048513436	0.804703566636688	0.924969009453297	0.936309822357821	0.908625388870975	0.756223144046959	0.921981256350685	0.615247115881175
cg08454110	NA	NA	NA	NA	NA	NA	NA	NA	NA	NA	NA	NA	NA	NA	NA	NA	NA	NA	NA	NA	NA	NA	NA	NA	NA	NA	NA	NA	NA	NA	NA	NA	NA	NA	NA	NA	NA	NA	NA	NA	NA	NA	NA	NA	NA	NA	NA	NA	NA	NA	NA	NA	NA	NA	NA	NA	NA
cg08458655	NA	NA	NA	NA	NA	NA	NA	NA	NA	NA	NA	NA	NA	NA	NA	NA	NA	NA	NA	NA	NA	NA	NA	NA	NA	NA	NA	NA	NA	NA	NA	NA	NA	NA	NA	NA	NA	NA	NA	NA	NA	NA	NA	NA	NA	NA	NA	NA	NA	NA	NA	NA	NA	NA	NA	NA	NA
cg08488494	NA	NA	NA	NA	NA	NA	NA	NA	NA	NA	NA	NA	NA	NA	NA	NA	NA	NA	NA	NA	NA	NA	NA	NA	NA	NA	NA	NA	NA	NA	NA	NA	NA	NA	NA	NA	NA	NA	NA	NA	NA	NA	NA	NA	NA	NA	NA	NA	NA	NA	NA	NA	NA	NA	NA	NA	NA
cg08509032	NA	NA	NA	NA	NA	NA	NA	NA	NA	NA	NA	NA	NA	NA	NA	NA	NA	NA	NA	NA	NA	NA	NA	NA	NA	NA	NA	NA	NA	NA	NA	NA	NA	NA	NA	NA	NA	NA	NA	NA	NA	NA	NA	NA	NA	NA	NA	NA	NA	NA	NA	NA	NA	NA	NA	NA	NA
cg08547427	NA	NA	NA	NA	NA	NA	NA	NA	NA	NA	NA	NA	NA	NA	NA	NA	NA	NA	NA	NA	NA	NA	NA	NA	NA	NA	NA	NA	NA	NA	NA	NA	NA	NA	NA	NA	NA	NA	NA	NA	NA	NA	NA	NA	NA	NA	NA	NA	NA	NA	NA	NA	NA	NA	NA	NA	NA
cg08593037	NA	NA	NA	NA	NA	NA	NA	NA	NA	NA	NA	NA	NA	NA	NA	NA	NA	NA	NA	NA	NA	NA	NA	NA	NA	NA	NA	NA	NA	NA	NA	NA	NA	NA	NA	NA	NA	NA	NA	NA	NA	NA	NA	NA	NA	NA	NA	NA	NA	NA	NA	NA	NA	NA	NA	NA	NA
cg08596858	NA	NA	NA	NA	NA	NA	NA	NA	NA	NA	NA	NA	NA	NA	NA	NA	NA	NA	NA	NA	NA	NA	NA	NA	NA	NA	NA	NA	NA	NA	NA	NA	NA	NA	NA	NA	NA	NA	NA	NA	NA	NA	NA	NA	NA	NA	NA	NA	NA	NA	NA	NA	NA	NA	NA	NA	NA
cg08670672	0.90542877382574	0.925693944312243	0.899988556426374	0.879126942545666	0.919744076882226	0.868343742015111	0.883426594059047	0.883971218918904	0.935777873071101	0.913513023903585	0.923328339961385	0.920651808772206	0.905111251981617	0.925332993362897	0.916986584926448	0.934321645679966	0.845664673350836	0.892012159920478	0.759769757546119	0.939606383502657	0.905858936896326	0.94374359621236	0.915338882056892	0.919939612711177	0.892337443825387	0.890526000882862	0.896587350453107	0.901692879821525	0.923834534517233	0.918262404989981	0.937646469513431	0.823522002543072	0.858862656638102	0.856797223823434	0.908601765391166	0.89388143552903	0.889084927045902	0.915702618834087	0.907442396569072	0.919803559249558	0.883479396238255	0.894800104694692	0.931108611107181	0.706077984451219	0.923495981348317	0.911322147677069	0.90685704575317	0.932926283426793	0.902019818878338	0.906570380276448	0.907609497572773	0.894405355305251	0.718240136197007	0.903543141986661	0.916482148625329	0.904185553578156	0.864195326776936
cg08694858	NA	NA	NA	NA	NA	NA	NA	NA	NA	NA	NA	NA	NA	NA	NA	NA	NA	NA	NA	NA	NA	NA	NA	NA	NA	NA	NA	NA	NA	NA	NA	NA	NA	NA	NA	NA	NA	NA	NA	NA	NA	NA	NA	NA	NA	NA	NA	NA	NA	NA	NA	NA	NA	NA	NA	NA	NA
cg08714076	0.138181296805032	0.597060171168376	0.70253833336299	0.224993275870212	0.564754188151527	0.83151217670398	0.731599946187449	0.145340745750102	0.441687415113692	0.905654318662042	0.826706817520181	0.748303569372922	0.209460686940688	0.162265560603535	0.798250005993248	0.310428668391099	0.363009712205898	0.678379955330423	0.788904358802307	0.844416434470269	0.451653274800973	0.579667388500245	0.874499504534769	0.67097026494152	0.497772506441533	0.879513854026762	0.599395381324634	0.813614901816159	0.552917832635857	0.815784861248803	0.840482219644003	0.623190027199244	0.27977435117494	0.902029626730693	0.660674545382495	0.57634931167183	0.46313308827641	0.93043235292023	0.307741949089933	0.180505514118413	0.317877908994593	0.750764764945925	0.847234204715997	0.208140385455236	0.895377552430321	0.875106648636136	0.871102968831195	0.837745647706719	0.591155739823829	0.865844678652314	0.489239443665691	0.712407840442465	0.546966609946367	0.808514749062323	0.254528856750003	0.599153046244215	0.147306354450261
cg08773876	NA	NA	NA	NA	NA	NA	NA	NA	NA	NA	NA	NA	NA	NA	NA	NA	NA	NA	NA	NA	NA	NA	NA	NA	NA	NA	NA	NA	NA	NA	NA	NA	NA	NA	NA	NA	NA	NA	NA	NA	NA	NA	NA	NA	NA	NA	NA	NA	NA	NA	NA	NA	NA	NA	NA	NA	NA
cg08786064	NA	NA	NA	NA	NA	NA	NA	NA	NA	NA	NA	NA	NA	NA	NA	NA	NA	NA	NA	NA	NA	NA	NA	NA	NA	NA	NA	NA	NA	NA	NA	NA	NA	NA	NA	NA	NA	NA	NA	NA	NA	NA	NA	NA	NA	NA	NA	NA	NA	NA	NA	NA	NA	NA	NA	NA	NA
cg08789741	NA	NA	NA	NA	NA	NA	NA	NA	NA	NA	NA	NA	NA	NA	NA	NA	NA	NA	NA	NA	NA	NA	NA	NA	NA	NA	NA	NA	NA	NA	NA	NA	NA	NA	NA	NA	NA	NA	NA	NA	NA	NA	NA	NA	NA	NA	NA	NA	NA	NA	NA	NA	NA	NA	NA	NA	NA
cg08796647	NA	NA	NA	NA	NA	NA	NA	NA	NA	NA	NA	NA	NA	NA	NA	NA	NA	NA	NA	NA	NA	NA	NA	NA	NA	NA	NA	NA	NA	NA	NA	NA	NA	NA	NA	NA	NA	NA	NA	NA	NA	NA	NA	NA	NA	NA	NA	NA	NA	NA	NA	NA	NA	NA	NA	NA	NA
cg08804555	NA	NA	NA	NA	NA	NA	NA	NA	NA	NA	NA	NA	NA	NA	NA	NA	NA	NA	NA	NA	NA	NA	NA	NA	NA	NA	NA	NA	NA	NA	NA	NA	NA	NA	NA	NA	NA	NA	NA	NA	NA	NA	NA	NA	NA	NA	NA	NA	NA	NA	NA	NA	NA	NA	NA	NA	NA
cg08829007	0.324095035589357	0.745079160994535	0.776534765731247	0.415264227881701	0.831240009978282	0.111365671221562	0.738987508610236	0.0832638626457699	0.321775766897547	0.126591372845404	0.0812118569907546	0.859049929523355	0.141274179996676	0.823565674807801	0.809745939277309	0.173577719141334	0.24379702775819	0.464966462754356	0.0920012495542318	0.717388878302852	0.14716537350459	0.157959455705375	0.292629694483204	0.702081118146173	0.562895636308924	0.203237978875042	0.811375554171915	0.532254108937049	0.302317544100512	0.289786584984465	0.757091972112509	0.0800831448305628	0.283300507221528	0.48495590560427	0.512205334194805	0.490715803296228	0.409975099060847	0.771957580231027	0.25266875964295	0.524364623270673	0.108115574232495	0.871081529773313	0.759623864776746	0.460391572130358	0.864051507196894	0.630109445509946	0.243111407111006	0.596203135849912	0.381491516042798	0.866082367076156	0.474746087350861	0.317523529939658	0.0770246585907127	0.249667812841108	0.719712259229934	0.205959724129499	0.102777730083088
cg08849542	NA	NA	NA	NA	NA	NA	NA	NA	NA	NA	NA	NA	NA	NA	NA	NA	NA	NA	NA	NA	NA	NA	NA	NA	NA	NA	NA	NA	NA	NA	NA	NA	NA	NA	NA	NA	NA	NA	NA	NA	NA	NA	NA	NA	NA	NA	NA	NA	NA	NA	NA	NA	NA	NA	NA	NA	NA
cg08852035	0.910493693610777	0.933537782572837	0.903724903381042	0.664609415195721	0.866337611034718	0.916179464463403	0.8321300285492	0.87168819008965	0.858267672496785	0.845856545629062	0.916026027576814	0.908057118902122	0.886227470552535	0.861872948437834	0.899643589244348	0.882048143175275	0.727749447289297	0.846339806010633	NA	0.918393435517914	0.850903903126551	0.918037028583748	0.924778636974177	0.898470250722667	0.741336348531876	NA	0.892572805591823	0.757168483012667	0.934094250293744	0.937834316944302	0.910277462265282	0.855814646607454	0.890673098233376	0.915795890260988	0.660635549528819	0.898844435164034	0.748938084136613	0.930307852316226	0.918316789789656	0.828726446094925	0.880248627511043	0.916638120225305	0.901444051501134	0.845121192938131	0.935297256400935	0.942608519329088	0.927626887891356	0.916658082821638	0.90631189488058	0.914178916568815	0.833555828198786	0.870005292080059	0.826919989833923	0.878384166002077	0.923456866206784	0.900060738222781	0.893899803917118
cg08859406	NA	NA	NA	NA	NA	NA	NA	NA	NA	NA	NA	NA	NA	NA	NA	NA	NA	NA	NA	NA	NA	NA	NA	NA	NA	NA	NA	NA	NA	NA	NA	NA	NA	NA	NA	NA	NA	NA	NA	NA	NA	NA	NA	NA	NA	NA	NA	NA	NA	NA	NA	NA	NA	NA	NA	NA	NA
cg08877035	0.0443208785563896	0.337252947289619	0.0430380053322331	0.125422155139748	0.072165268119643	0.0566591371827183	0.0578943796588614	0.0390832175230789	0.542965116923246	0.0535530492754631	0.0418890870650492	0.0477572191457516	0.0549131282096901	0.0712252173204055	0.0712626179621142	0.0576076726648356	0.0717626160577384	0.0644337391493416	0.310935909604903	0.0544180835143716	0.0704447095373686	0.0529964260026039	0.591687436406459	0.071195381060199	0.0363577299618105	0.0701033438709725	0.0797662040342131	0.0615557940903343	0.626028114113372	0.433588491241345	0.0583107530010906	0.0573014285991383	0.0724082186020805	0.0710481986716199	0.0665800506626431	0.418576322389758	0.0613231374574761	0.0554826260783891	0.0775341641725876	0.0489297878548163	0.0679202858572773	0.22218346756676	0.0679979602894962	0.054765817291752	0.0498049303277187	0.707893339066283	0.0551744010260621	0.0490413876300156	0.05211422701396	0.0556346569244474	0.496651018909386	0.244362964115579	0.0512676025965309	0.0749135837772042	0.0347369539872295	0.0614065777530728	0.392454694788982
cg08885316	NA	NA	NA	NA	NA	NA	NA	NA	NA	NA	NA	NA	NA	NA	NA	NA	NA	NA	NA	NA	NA	NA	NA	NA	NA	NA	NA	NA	NA	NA	NA	NA	NA	NA	NA	NA	NA	NA	NA	NA	NA	NA	NA	NA	NA	NA	NA	NA	NA	NA	NA	NA	NA	NA	NA	NA	NA
cg08897010	NA	NA	NA	NA	NA	NA	NA	NA	NA	NA	NA	NA	NA	NA	NA	NA	NA	NA	NA	NA	NA	NA	NA	NA	NA	NA	NA	NA	NA	NA	NA	NA	NA	NA	NA	NA	NA	NA	NA	NA	NA	NA	NA	NA	NA	NA	NA	NA	NA	NA	NA	NA	NA	NA	NA	NA	NA
cg08900656	NA	NA	NA	NA	NA	NA	NA	NA	NA	NA	NA	NA	NA	NA	NA	NA	NA	NA	NA	NA	NA	NA	NA	NA	NA	NA	NA	NA	NA	NA	NA	NA	NA	NA	NA	NA	NA	NA	NA	NA	NA	NA	NA	NA	NA	NA	NA	NA	NA	NA	NA	NA	NA	NA	NA	NA	NA
cg08919528	NA	NA	NA	NA	NA	NA	NA	NA	NA	NA	NA	NA	NA	NA	NA	NA	NA	NA	NA	NA	NA	NA	NA	NA	NA	NA	NA	NA	NA	NA	NA	NA	NA	NA	NA	NA	NA	NA	NA	NA	NA	NA	NA	NA	NA	NA	NA	NA	NA	NA	NA	NA	NA	NA	NA	NA	NA
cg08941098	0.766425510790587	0.749882809073797	0.852492774194947	NA	NA	0.401647325507432	0.758346187380731	0.237303606380625	0.772523896447643	NA	NA	0.762333878047083	NA	0.732470830722042	NA	0.818594306551485	NA	0.309639737323479	0.494819770556194	0.759394601625619	0.800108522116527	0.693985883388025	NA	NA	NA	0.454761242906997	NA	0.694737290509711	0.701133251458676	0.634661913000893	0.852386743738186	0.83453689579846	NA	NA	NA	NA	NA	0.784735267014162	0.428882487740087	NA	0.284107226859871	0.71401745444591	0.689361855972597	0.803086586305485	0.786175022063712	0.642093715679326	0.37880195305739	0.851311787746844	0.845458678631365	NA	NA	NA	NA	0.756481504739015	NA	0.663765393839547	NA
cg08979870	0.664627888188036	0.869456553869999	0.909928358137025	0.8986462962396	0.93363347283251	0.934303854834691	0.807258965021791	0.941198868049115	0.954022578441599	0.930824833976505	0.948116197945076	0.92478686191245	0.849516163276654	0.937130849379084	0.918995063417227	0.816356377627583	0.721322497986347	0.881823830233172	0.926514390615356	0.901609435776971	0.558564141534764	0.927336280834301	0.940277435473886	0.892242189066067	0.913478904606825	0.943610502499202	0.4181395279445	0.888049530880599	0.934983180249625	0.887505371777205	0.848186671363072	0.823981121114543	0.392107424251463	0.929767547673763	0.757083188208989	0.924735725906959	0.814416459931596	0.949926452956799	0.899257997819107	0.782252943283267	0.929746022121114	0.933926157464735	0.681938061938242	0.950066630714703	0.946336429054723	0.910934969902376	0.797784858540995	0.904287368007302	0.918169663521524	0.922128323831367	0.879688293276522	0.927179896706633	0.508498519243165	0.942549041098183	0.889473433787134	0.342751417664341	0.854018695990964
cg08982952	NA	NA	NA	NA	NA	NA	NA	NA	NA	NA	NA	NA	NA	NA	NA	NA	NA	NA	NA	NA	NA	NA	NA	NA	NA	NA	NA	NA	NA	NA	NA	NA	NA	NA	NA	NA	NA	NA	NA	NA	NA	NA	NA	NA	NA	NA	NA	NA	NA	NA	NA	NA	NA	NA	NA	NA	NA
cg08996709	NA	NA	NA	NA	NA	NA	NA	NA	NA	NA	NA	NA	NA	NA	NA	NA	NA	NA	NA	NA	NA	NA	NA	NA	NA	NA	NA	NA	NA	NA	NA	NA	NA	NA	NA	NA	NA	NA	NA	NA	NA	NA	NA	NA	NA	NA	NA	NA	NA	NA	NA	NA	NA	NA	NA	NA	NA
cg09003326	NA	NA	NA	NA	NA	NA	NA	NA	NA	NA	NA	NA	NA	NA	NA	NA	NA	NA	NA	NA	NA	NA	NA	NA	NA	NA	NA	NA	NA	NA	NA	NA	NA	NA	NA	NA	NA	NA	NA	NA	NA	NA	NA	NA	NA	NA	NA	NA	NA	NA	NA	NA	NA	NA	NA	NA	NA
cg09067990	NA	NA	NA	NA	NA	NA	NA	NA	NA	NA	NA	NA	NA	NA	NA	NA	NA	NA	NA	NA	NA	NA	NA	NA	NA	NA	NA	NA	NA	NA	NA	NA	NA	NA	NA	NA	NA	NA	NA	NA	NA	NA	NA	NA	NA	NA	NA	NA	NA	NA	NA	NA	NA	NA	NA	NA	NA
cg09078643	NA	NA	NA	NA	NA	NA	NA	NA	NA	NA	NA	NA	NA	NA	NA	NA	NA	NA	NA	NA	NA	NA	NA	NA	NA	NA	NA	NA	NA	NA	NA	NA	NA	NA	NA	NA	NA	NA	NA	NA	NA	NA	NA	NA	NA	NA	NA	NA	NA	NA	NA	NA	NA	NA	NA	NA	NA
cg09091110	0.642269700484627	0.927612399710733	0.935661978814076	0.894810268703227	0.708280148003158	0.897492482310128	0.947216541817287	0.941221362161371	0.953007610028879	0.895868568737038	0.940228993974223	0.913288635316869	0.905825519273543	0.919327064653806	0.929021294949371	0.953521645084666	0.922050207583246	0.904282929576782	0.941027813235433	0.917328126892935	0.922143917659526	0.937698809805209	0.953960024972262	0.841282291906165	0.888679240596719	0.927720999798115	0.855281785995227	0.926928523023327	0.914939430826896	0.953376096367235	0.913230455469311	0.935221061174738	0.884913896059023	0.925380698939704	0.884337397956597	0.900849716321867	0.813311601881365	0.939231777198106	0.901168777335106	0.728547930757932	0.934828682817538	0.958430355387857	0.955097225878814	0.90750044321907	0.910861786302472	0.921355117977844	0.879872726475279	0.932567228082482	0.938387273171996	0.920184873151134	0.8265628319189	0.939411882630873	0.932747647396017	0.925421321925478	0.942019777937968	0.953726457428204	0.942376669165209
cg09121480	NA	NA	NA	NA	NA	NA	NA	NA	NA	NA	NA	NA	NA	NA	NA	NA	NA	NA	NA	NA	NA	NA	NA	NA	NA	NA	NA	NA	NA	NA	NA	NA	NA	NA	NA	NA	NA	NA	NA	NA	NA	NA	NA	NA	NA	NA	NA	NA	NA	NA	NA	NA	NA	NA	NA	NA	NA
cg09124018	NA	NA	NA	NA	NA	NA	NA	NA	NA	NA	NA	NA	NA	NA	NA	NA	NA	NA	NA	NA	NA	NA	NA	NA	NA	NA	NA	NA	NA	NA	NA	NA	NA	NA	NA	NA	NA	NA	NA	NA	NA	NA	NA	NA	NA	NA	NA	NA	NA	NA	NA	NA	NA	NA	NA	NA	NA
cg09168272	NA	NA	NA	NA	NA	NA	NA	NA	NA	NA	NA	NA	NA	NA	NA	NA	NA	NA	NA	NA	NA	NA	NA	NA	NA	NA	NA	NA	NA	NA	NA	NA	NA	NA	NA	NA	NA	NA	NA	NA	NA	NA	NA	NA	NA	NA	NA	NA	NA	NA	NA	NA	NA	NA	NA	NA	NA
cg09203382	NA	NA	NA	NA	NA	NA	NA	NA	NA	NA	NA	NA	NA	NA	NA	NA	NA	NA	NA	NA	NA	NA	NA	NA	NA	NA	NA	NA	NA	NA	NA	NA	NA	NA	NA	NA	NA	NA	NA	NA	NA	NA	NA	NA	NA	NA	NA	NA	NA	NA	NA	NA	NA	NA	NA	NA	NA
cg09226290	NA	NA	NA	NA	NA	NA	NA	NA	NA	NA	NA	NA	NA	NA	NA	NA	NA	NA	NA	NA	NA	NA	NA	NA	NA	NA	NA	NA	NA	NA	NA	NA	NA	NA	NA	NA	NA	NA	NA	NA	NA	NA	NA	NA	NA	NA	NA	NA	NA	NA	NA	NA	NA	NA	NA	NA	NA
cg09248887	0.170804246331584	0.872007541307266	0.503997208571082	0.118415782773242	0.818495303586819	0.78853203677527	0.778102879764635	0.102721903016442	0.924989297622356	0.795464762684323	0.381560995559423	0.510255994642115	0.413986725003792	0.325910319993169	0.751465452468809	0.388775332935819	0.316619889974817	0.700503294125181	0.0667158068952099	0.86301644444426	0.671959170922819	0.491514124862091	0.747078896157781	0.714521608325013	0.721915959726065	0.916924212176258	0.578334335506078	0.816499940894258	0.767551841845672	0.536395942548837	0.844820005599569	0.597453243943316	0.374197585598488	0.709572634930904	0.450919844282433	0.551197267060897	0.527019598936185	0.918777160153153	0.118404364297985	0.491317242859752	0.493862826073274	0.54464355480262	0.675236328010492	0.813203231358234	0.861443568382831	0.831845750352604	0.52439761037577	0.870480098832883	0.762075936401777	0.854801496240829	0.664458645002456	0.827309904072905	0.209995990306755	0.306809156121228	0.605393559967611	0.491032808242321	0.111252810705644
cg09294660	NA	NA	NA	NA	NA	NA	NA	NA	NA	NA	NA	NA	NA	NA	NA	NA	NA	NA	NA	NA	NA	NA	NA	NA	NA	NA	NA	NA	NA	NA	NA	NA	NA	NA	NA	NA	NA	NA	NA	NA	NA	NA	NA	NA	NA	NA	NA	NA	NA	NA	NA	NA	NA	NA	NA	NA	NA
cg09321430	NA	NA	NA	NA	NA	NA	NA	NA	NA	NA	NA	NA	NA	NA	NA	NA	NA	NA	NA	NA	NA	NA	NA	NA	NA	NA	NA	NA	NA	NA	NA	NA	NA	NA	NA	NA	NA	NA	NA	NA	NA	NA	NA	NA	NA	NA	NA	NA	NA	NA	NA	NA	NA	NA	NA	NA	NA
cg09325695	NA	NA	NA	NA	NA	NA	NA	NA	NA	NA	NA	NA	NA	NA	NA	NA	NA	NA	NA	NA	NA	NA	NA	NA	NA	NA	NA	NA	NA	NA	NA	NA	NA	NA	NA	NA	NA	NA	NA	NA	NA	NA	NA	NA	NA	NA	NA	NA	NA	NA	NA	NA	NA	NA	NA	NA	NA
cg09334541	0.246200480902072	0.840763392392855	0.838963744289658	0.278609894235952	0.699468904556626	0.513322941423209	0.779851191597556	0.415648033166844	0.529587626143403	0.668251775053505	0.84189932545661	0.88269958283394	0.861599771805199	0.915577920458248	0.909854063356474	0.737655618444095	0.572737099982342	0.781016643147831	0.36412934418464	0.925069608862296	0.320595307525231	0.872126941694822	0.285993855094584	0.860662287290474	0.4105209587774	0.700315705768216	0.669584930579316	0.652765612355276	0.826314079898045	0.861127245355951	0.729289574733554	0.682108938153405	0.485398187620426	0.899865603413518	0.564965833246285	0.900152582453101	0.445634171150594	0.915172180011728	0.753815694165396	0.276519079094993	0.338879374702402	0.881107415053944	0.709501745789579	0.702362393294635	0.883621429418327	0.398441865632603	0.518852889739922	0.843481038447704	0.928259265897238	0.894858104123075	0.909015972498283	0.866091682818121	0.193909165350667	0.895508496668861	0.902258364494135	0.877989567840053	0.621820418899576
cg09334636	0.846326381348201	0.907448879265588	0.957507908895621	0.943901600961219	0.851005975739454	0.946523929017405	0.919935592477116	0.95145685806238	0.872625710726268	0.90651185376611	0.952574302548502	0.694445956217813	0.947374257961731	0.932803360958761	0.903452551188174	0.393793250676744	0.919856746141677	0.56165063297211	0.94070314415096	0.929063357362876	0.928369946725258	0.954627736077013	0.932322411086787	0.935724247598947	0.752580895044844	0.941512396991663	0.642810010776117	0.9299721489869	0.736307136119076	0.948191264108194	0.921615727684789	0.942359841616536	0.837618925035892	0.877334243368047	0.948712548232498	0.948707129705557	0.934722718397068	0.9314384852541	0.814862516844747	0.544169451382671	0.80650937432395	0.945260127131008	0.92420416073732	0.725520226615595	0.957034106957257	0.731216802968257	0.912714286764623	0.932095250405579	0.929601886462662	0.94641037160095	0.924782728058407	0.934222480629594	0.942970431275757	0.945177584570315	0.450312746810064	0.95553612709291	0.931657785158065
cg09344219	NA	NA	NA	NA	NA	NA	NA	NA	NA	NA	NA	NA	NA	NA	NA	NA	NA	NA	NA	NA	NA	NA	NA	NA	NA	NA	NA	NA	NA	NA	NA	NA	NA	NA	NA	NA	NA	NA	NA	NA	NA	NA	NA	NA	NA	NA	NA	NA	NA	NA	NA	NA	NA	NA	NA	NA	NA
cg09344229	NA	NA	NA	NA	NA	NA	NA	NA	NA	NA	NA	NA	NA	NA	NA	NA	NA	NA	NA	NA	NA	NA	NA	NA	NA	NA	NA	NA	NA	NA	NA	NA	NA	NA	NA	NA	NA	NA	NA	NA	NA	NA	NA	NA	NA	NA	NA	NA	NA	NA	NA	NA	NA	NA	NA	NA	NA
cg09388113	NA	NA	NA	NA	NA	NA	NA	NA	NA	NA	NA	NA	NA	NA	NA	NA	NA	NA	NA	NA	NA	NA	NA	NA	NA	NA	NA	NA	NA	NA	NA	NA	NA	NA	NA	NA	NA	NA	NA	NA	NA	NA	NA	NA	NA	NA	NA	NA	NA	NA	NA	NA	NA	NA	NA	NA	NA
cg09406715	NA	NA	NA	NA	NA	NA	NA	NA	NA	NA	NA	NA	NA	NA	NA	NA	NA	NA	NA	NA	NA	NA	NA	NA	NA	NA	NA	NA	NA	NA	NA	NA	NA	NA	NA	NA	NA	NA	NA	NA	NA	NA	NA	NA	NA	NA	NA	NA	NA	NA	NA	NA	NA	NA	NA	NA	NA
cg09456493	0.343331221874474	0.698519222628949	0.835044860054	0.384775768641607	0.23063892748922	0.808042607456239	0.416014723039141	0.281201047816248	0.819157997430689	0.431625626347176	0.273859894182309	0.827867515546608	0.66574368180515	0.809868751310861	0.202178900004626	0.57952958520299	0.799407055292978	0.446613518391106	0.708523453932159	0.735974892308505	0.699430161433149	0.647900735660763	0.258843790392959	0.73863194703634	0.514046952992653	0.557727840415611	0.205006618331342	0.590376380732882	0.756333168476166	0.742396049964081	0.428536445980728	0.197589432622302	0.636207761727945	0.817090578008285	0.295828789839707	0.364914819678131	0.408898057698373	0.801098768078687	0.202367035132742	0.354233492161742	0.577762357310673	0.714697496769633	0.361419979672584	0.480405818736924	0.80830110346448	0.714876786236538	0.319130396944603	0.664066959965051	0.593438298565298	0.822022566969913	0.675656084721628	0.590255912835294	0.57042783304642	0.796092455989769	0.762038141238164	0.776586083441129	0.383002088896575
cg09459740	NA	NA	NA	NA	NA	NA	NA	NA	NA	NA	NA	NA	NA	NA	NA	NA	NA	NA	NA	NA	NA	NA	NA	NA	NA	NA	NA	NA	NA	NA	NA	NA	NA	NA	NA	NA	NA	NA	NA	NA	NA	NA	NA	NA	NA	NA	NA	NA	NA	NA	NA	NA	NA	NA	NA	NA	NA
cg09474625	NA	NA	NA	NA	NA	NA	NA	NA	NA	NA	NA	NA	NA	NA	NA	NA	NA	NA	NA	NA	NA	NA	NA	NA	NA	NA	NA	NA	NA	NA	NA	NA	NA	NA	NA	NA	NA	NA	NA	NA	NA	NA	NA	NA	NA	NA	NA	NA	NA	NA	NA	NA	NA	NA	NA	NA	NA
cg09492074	0.911185545061772	0.800641569681077	0.826289534881426	0.545521478851721	0.757755123726913	0.492786757256542	0.72578667433649	0.873488889773021	0.701138263925314	0.495848817263159	0.603140476960243	0.686609245616611	0.569519834330215	0.711448696202657	0.685857895562697	0.557542000699689	0.647072133960783	0.647781288989063	0.768917485430074	0.727443287304192	0.519726396949306	0.345959053971099	0.619377458144915	0.847424626905305	0.728559444173059	0.661487121624404	0.436721750749138	0.649547442665221	0.853780252748185	0.633235976905698	0.529838470762762	0.729780237621188	0.463599218488236	0.766662260343616	0.573216442100951	0.790804941302569	0.361949713135768	0.564859248576581	0.736339567695698	0.727570578770247	0.424728099403326	0.708014573996234	0.522257233763604	0.686490459147901	0.863485083301096	0.879992061099618	0.519669678933038	0.435575564397557	0.643171073227934	0.849871548073791	0.577695511933897	0.460471996953971	0.345375591712782	0.811637220581361	0.338320603180984	0.678001320480784	0.709574891006983
cg09526343	NA	NA	NA	NA	NA	NA	NA	NA	NA	NA	NA	NA	NA	NA	NA	NA	NA	NA	NA	NA	NA	NA	NA	NA	NA	NA	NA	NA	NA	NA	NA	NA	NA	NA	NA	NA	NA	NA	NA	NA	NA	NA	NA	NA	NA	NA	NA	NA	NA	NA	NA	NA	NA	NA	NA	NA	NA
cg09552983	NA	NA	NA	NA	NA	NA	NA	NA	NA	NA	NA	NA	NA	NA	NA	NA	NA	NA	NA	NA	NA	NA	NA	NA	NA	NA	NA	NA	NA	NA	NA	NA	NA	NA	NA	NA	NA	NA	NA	NA	NA	NA	NA	NA	NA	NA	NA	NA	NA	NA	NA	NA	NA	NA	NA	NA	NA
cg09566453	NA	NA	NA	NA	NA	NA	NA	NA	NA	NA	NA	NA	NA	NA	NA	NA	NA	NA	NA	NA	NA	NA	NA	NA	NA	NA	NA	NA	NA	NA	NA	NA	NA	NA	NA	NA	NA	NA	NA	NA	NA	NA	NA	NA	NA	NA	NA	NA	NA	NA	NA	NA	NA	NA	NA	NA	NA
cg09581201	NA	NA	NA	NA	NA	NA	NA	NA	NA	NA	NA	NA	NA	NA	NA	NA	NA	NA	NA	NA	NA	NA	NA	NA	NA	NA	NA	NA	NA	NA	NA	NA	NA	NA	NA	NA	NA	NA	NA	NA	NA	NA	NA	NA	NA	NA	NA	NA	NA	NA	NA	NA	NA	NA	NA	NA	NA
cg09593727	NA	NA	NA	NA	NA	NA	NA	NA	NA	NA	NA	NA	NA	NA	NA	NA	NA	NA	NA	NA	NA	NA	NA	NA	NA	NA	NA	NA	NA	NA	NA	NA	NA	NA	NA	NA	NA	NA	NA	NA	NA	NA	NA	NA	NA	NA	NA	NA	NA	NA	NA	NA	NA	NA	NA	NA	NA
cg09597666	NA	NA	NA	NA	NA	NA	NA	NA	NA	NA	NA	NA	NA	NA	NA	NA	NA	NA	NA	NA	NA	NA	NA	NA	NA	NA	NA	NA	NA	NA	NA	NA	NA	NA	NA	NA	NA	NA	NA	NA	NA	NA	NA	NA	NA	NA	NA	NA	NA	NA	NA	NA	NA	NA	NA	NA	NA
cg09612912	NA	NA	NA	NA	NA	NA	NA	NA	NA	NA	NA	NA	NA	NA	NA	NA	NA	NA	NA	NA	NA	NA	NA	NA	NA	NA	NA	NA	NA	NA	NA	NA	NA	NA	NA	NA	NA	NA	NA	NA	NA	NA	NA	NA	NA	NA	NA	NA	NA	NA	NA	NA	NA	NA	NA	NA	NA
cg09640135	NA	NA	NA	NA	NA	NA	NA	NA	NA	NA	NA	NA	NA	NA	NA	NA	NA	NA	NA	NA	NA	NA	NA	NA	NA	NA	NA	NA	NA	NA	NA	NA	NA	NA	NA	NA	NA	NA	NA	NA	NA	NA	NA	NA	NA	NA	NA	NA	NA	NA	NA	NA	NA	NA	NA	NA	NA
cg09671131	NA	NA	NA	NA	NA	NA	NA	NA	NA	NA	NA	NA	NA	NA	NA	NA	NA	NA	NA	NA	NA	NA	NA	NA	NA	NA	NA	NA	NA	NA	NA	NA	NA	NA	NA	NA	NA	NA	NA	NA	NA	NA	NA	NA	NA	NA	NA	NA	NA	NA	NA	NA	NA	NA	NA	NA	NA
cg09690215	0.167597191296956	0.180345795839728	0.552497677329513	0.12603021325644	0.168179249368572	0.185672696536215	0.361425999411211	0.109369172268237	0.145020196222531	0.237886423509629	0.411527484489881	0.311955385415388	0.448629277510922	0.339232653864524	0.377998972873048	0.151165152963372	0.213220671543099	0.222741023924064	0.18886421291628	0.428877678311329	0.404418977406636	0.420889327314754	0.342538284597981	0.217330345495642	0.101353683783751	0.067059906050209	0.37761118816807	0.484950839623286	0.42351457991843	0.333638037385341	0.319304926115681	0.248577404549815	0.300612484377936	0.14443428883186	0.217144985635971	0.324910580123728	0.210368713827779	0.549456092848856	0.391801844220068	0.23780336322687	0.167755687257977	0.0862906705963672	0.262118123714491	0.127358219269533	0.413748372478296	0.182852138782687	0.329176603203334	0.558210618899269	0.268061237697263	0.457073709667812	0.142283948482885	0.263346110206838	0.105787766844142	0.185848888990785	0.600915168897425	0.481872495313772	0.403906384876645
cg09690561	NA	NA	NA	NA	NA	NA	NA	NA	NA	NA	NA	NA	NA	NA	NA	NA	NA	NA	NA	NA	NA	NA	NA	NA	NA	NA	NA	NA	NA	NA	NA	NA	NA	NA	NA	NA	NA	NA	NA	NA	NA	NA	NA	NA	NA	NA	NA	NA	NA	NA	NA	NA	NA	NA	NA	NA	NA
cg09700327	NA	NA	NA	NA	NA	NA	NA	NA	NA	NA	NA	NA	NA	NA	NA	NA	NA	NA	NA	NA	NA	NA	NA	NA	NA	NA	NA	NA	NA	NA	NA	NA	NA	NA	NA	NA	NA	NA	NA	NA	NA	NA	NA	NA	NA	NA	NA	NA	NA	NA	NA	NA	NA	NA	NA	NA	NA
cg09712756	0.311581215359823	0.36900330498253	0.87282362608565	0.505207232206915	0.441120616048449	0.754575034071679	0.4831206608709	0.776809665924652	0.904702657418175	0.491913000584719	0.248357719866625	0.316038191431547	0.437580556646404	0.324933961164771	0.142296672768569	0.60241406281223	0.867776318831318	0.614766342523282	0.531114768272733	0.376824830040361	0.896959376816283	0.610386095305045	0.265410813430223	0.756662940773338	0.598084093836588	0.826322782926921	0.166899777567665	0.522739178480025	0.833391804159652	0.838387284038345	0.27118211644376	0.167710853611683	0.514068551247318	0.400788717373815	0.254022932608727	0.641071894814968	0.463069699071952	0.861972956886009	0.185004480095573	0.315039725338365	0.867641095405452	0.842514554932251	0.239763212554712	0.856487488508509	0.531273217842715	0.75390668816368	0.268103800570984	0.931064443111658	0.714069388976138	0.522861236067326	0.481498371007895	0.718563503922	0.914782966122445	0.773434321438155	0.354801871621106	0.424102712272736	0.27837751354901
cg09713269	NA	NA	NA	NA	NA	NA	NA	NA	NA	NA	NA	NA	NA	NA	NA	NA	NA	NA	NA	NA	NA	NA	NA	NA	NA	NA	NA	NA	NA	NA	NA	NA	NA	NA	NA	NA	NA	NA	NA	NA	NA	NA	NA	NA	NA	NA	NA	NA	NA	NA	NA	NA	NA	NA	NA	NA	NA
cg09741902	NA	NA	NA	NA	NA	NA	NA	NA	NA	NA	NA	NA	NA	NA	NA	NA	NA	NA	NA	NA	NA	NA	NA	NA	NA	NA	NA	NA	NA	NA	NA	NA	NA	NA	NA	NA	NA	NA	NA	NA	NA	NA	NA	NA	NA	NA	NA	NA	NA	NA	NA	NA	NA	NA	NA	NA	NA
cg09785516	NA	NA	NA	NA	NA	NA	NA	NA	NA	NA	NA	NA	NA	NA	NA	NA	NA	NA	NA	NA	NA	NA	NA	NA	NA	NA	NA	NA	NA	NA	NA	NA	NA	NA	NA	NA	NA	NA	NA	NA	NA	NA	NA	NA	NA	NA	NA	NA	NA	NA	NA	NA	NA	NA	NA	NA	NA
cg09791009	NA	NA	NA	NA	NA	NA	NA	NA	NA	NA	NA	NA	NA	NA	NA	NA	NA	NA	NA	NA	NA	NA	NA	NA	NA	NA	NA	NA	NA	NA	NA	NA	NA	NA	NA	NA	NA	NA	NA	NA	NA	NA	NA	NA	NA	NA	NA	NA	NA	NA	NA	NA	NA	NA	NA	NA	NA
cg09808196	NA	NA	NA	NA	NA	NA	NA	NA	NA	NA	NA	NA	NA	NA	NA	NA	NA	NA	NA	NA	NA	NA	NA	NA	NA	NA	NA	NA	NA	NA	NA	NA	NA	NA	NA	NA	NA	NA	NA	NA	NA	NA	NA	NA	NA	NA	NA	NA	NA	NA	NA	NA	NA	NA	NA	NA	NA
cg09829842	NA	NA	NA	NA	NA	NA	NA	NA	NA	NA	NA	NA	NA	NA	NA	NA	NA	NA	NA	NA	NA	NA	NA	NA	NA	NA	NA	NA	NA	NA	NA	NA	NA	NA	NA	NA	NA	NA	NA	NA	NA	NA	NA	NA	NA	NA	NA	NA	NA	NA	NA	NA	NA	NA	NA	NA	NA
cg09838962	NA	NA	NA	NA	NA	NA	NA	NA	NA	NA	NA	NA	NA	NA	NA	NA	NA	NA	NA	NA	NA	NA	NA	NA	NA	NA	NA	NA	NA	NA	NA	NA	NA	NA	NA	NA	NA	NA	NA	NA	NA	NA	NA	NA	NA	NA	NA	NA	NA	NA	NA	NA	NA	NA	NA	NA	NA
cg09853646	NA	NA	NA	NA	NA	NA	NA	NA	NA	NA	NA	NA	NA	NA	NA	NA	NA	NA	NA	NA	NA	NA	NA	NA	NA	NA	NA	NA	NA	NA	NA	NA	NA	NA	NA	NA	NA	NA	NA	NA	NA	NA	NA	NA	NA	NA	NA	NA	NA	NA	NA	NA	NA	NA	NA	NA	NA
cg09860935	NA	NA	NA	NA	NA	NA	NA	NA	NA	NA	NA	NA	NA	NA	NA	NA	NA	NA	NA	NA	NA	NA	NA	NA	NA	NA	NA	NA	NA	NA	NA	NA	NA	NA	NA	NA	NA	NA	NA	NA	NA	NA	NA	NA	NA	NA	NA	NA	NA	NA	NA	NA	NA	NA	NA	NA	NA
cg09881716	0.523302625649586	0.932838564698008	0.794373278969485	0.42177365142208	0.828344412869938	0.575804877131808	0.882143258418674	NA	0.918315875169674	0.842683932407592	0.470013305207194	0.879063105533898	0.863678051192978	0.706159277364899	0.895959186778669	0.816232816288695	0.518246441471484	0.542464853095022	0.81070396263165	0.925537388356771	0.590476632146403	0.881914879820316	0.853940454974673	0.765333701059377	0.363984818369089	0.790042495063014	0.600417084768257	0.806656304708742	0.876440231460064	0.87519697351729	0.849141753702306	0.858013645688321	0.676893478322075	0.903625208895077	0.803231912038611	0.571120255167167	0.678623043374097	0.918171811791075	0.250957173558455	0.521527670470779	0.623504201393424	0.916563183359624	0.837841627351636	0.847730796515353	0.901510922894042	0.90012396292938	0.476047647613763	0.890917652707187	0.901010374812173	0.888008907030774	0.832643689409875	0.830787648519384	0.856369407618583	0.903745370294279	NA	0.857096556767844	0.596156416789332
cg09894096	NA	NA	NA	NA	NA	NA	NA	NA	NA	NA	NA	NA	NA	NA	NA	NA	NA	NA	NA	NA	NA	NA	NA	NA	NA	NA	NA	NA	NA	NA	NA	NA	NA	NA	NA	NA	NA	NA	NA	NA	NA	NA	NA	NA	NA	NA	NA	NA	NA	NA	NA	NA	NA	NA	NA	NA	NA
cg09908014	NA	NA	NA	NA	NA	NA	NA	NA	NA	NA	NA	NA	NA	NA	NA	NA	NA	NA	NA	NA	NA	NA	NA	NA	NA	NA	NA	NA	NA	NA	NA	NA	NA	NA	NA	NA	NA	NA	NA	NA	NA	NA	NA	NA	NA	NA	NA	NA	NA	NA	NA	NA	NA	NA	NA	NA	NA
cg09921719	0.497195319633256	0.826079998506056	0.811945101653998	0.739577553729503	0.494096292116883	0.861291845980194	0.736432704788375	0.82871633861941	0.9424338576537	0.723987555966984	0.824895213567178	0.614163866783359	0.796490738196317	0.835740928108055	0.848669092116108	0.900136722724437	0.866945048535193	0.844207294729932	0.904564903710355	0.845968519605245	0.916371066440811	0.806889966020852	0.79267630018259	0.606063679576212	0.861104244510395	0.921245829363904	0.712292749807531	0.839145671675789	0.933613810509865	0.905628660359886	0.739923141273055	0.835583361521826	0.726989640474955	0.936848701870316	0.678655080210875	0.84705243059398	0.737770912645255	0.865654799941905	0.844788908956809	0.452964488483626	0.727036175211582	0.89297863898597	0.743134277215421	0.902171888583119	0.8144466191616	0.729584475167287	0.821972715020232	0.949195637220995	0.914295365648651	0.792645936613687	0.623423390584706	0.875931316409835	0.841754440784486	0.847686191353382	0.712967163780174	0.802923172487318	0.763858787932115
cg09991426	NA	NA	NA	NA	NA	NA	NA	NA	NA	NA	NA	NA	NA	NA	NA	NA	NA	NA	NA	NA	NA	NA	NA	NA	NA	NA	NA	NA	NA	NA	NA	NA	NA	NA	NA	NA	NA	NA	NA	NA	NA	NA	NA	NA	NA	NA	NA	NA	NA	NA	NA	NA	NA	NA	NA	NA	NA
cg10054980	NA	NA	NA	NA	NA	NA	NA	NA	NA	NA	NA	NA	NA	NA	NA	NA	NA	NA	NA	NA	NA	NA	NA	NA	NA	NA	NA	NA	NA	NA	NA	NA	NA	NA	NA	NA	NA	NA	NA	NA	NA	NA	NA	NA	NA	NA	NA	NA	NA	NA	NA	NA	NA	NA	NA	NA	NA
cg10090044	NA	NA	NA	NA	NA	NA	NA	NA	NA	NA	NA	NA	NA	NA	NA	NA	NA	NA	NA	NA	NA	NA	NA	NA	NA	NA	NA	NA	NA	NA	NA	NA	NA	NA	NA	NA	NA	NA	NA	NA	NA	NA	NA	NA	NA	NA	NA	NA	NA	NA	NA	NA	NA	NA	NA	NA	NA
cg10101533	NA	NA	NA	NA	NA	NA	NA	NA	NA	NA	NA	NA	NA	NA	NA	NA	NA	NA	NA	NA	NA	NA	NA	NA	NA	NA	NA	NA	NA	NA	NA	NA	NA	NA	NA	NA	NA	NA	NA	NA	NA	NA	NA	NA	NA	NA	NA	NA	NA	NA	NA	NA	NA	NA	NA	NA	NA
cg10113618	NA	NA	NA	NA	NA	NA	NA	NA	NA	NA	NA	NA	NA	NA	NA	NA	NA	NA	NA	NA	NA	NA	NA	NA	NA	NA	NA	NA	NA	NA	NA	NA	NA	NA	NA	NA	NA	NA	NA	NA	NA	NA	NA	NA	NA	NA	NA	NA	NA	NA	NA	NA	NA	NA	NA	NA	NA
cg10131227	NA	NA	NA	NA	NA	NA	NA	NA	NA	NA	NA	NA	NA	NA	NA	NA	NA	NA	NA	NA	NA	NA	NA	NA	NA	NA	NA	NA	NA	NA	NA	NA	NA	NA	NA	NA	NA	NA	NA	NA	NA	NA	NA	NA	NA	NA	NA	NA	NA	NA	NA	NA	NA	NA	NA	NA	NA
cg10174975	NA	NA	NA	NA	NA	NA	NA	NA	NA	NA	NA	NA	NA	NA	NA	NA	NA	NA	NA	NA	NA	NA	NA	NA	NA	NA	NA	NA	NA	NA	NA	NA	NA	NA	NA	NA	NA	NA	NA	NA	NA	NA	NA	NA	NA	NA	NA	NA	NA	NA	NA	NA	NA	NA	NA	NA	NA
cg10188698	NA	NA	NA	NA	NA	NA	NA	NA	NA	NA	NA	NA	NA	NA	NA	NA	NA	NA	NA	NA	NA	NA	NA	NA	NA	NA	NA	NA	NA	NA	NA	NA	NA	NA	NA	NA	NA	NA	NA	NA	NA	NA	NA	NA	NA	NA	NA	NA	NA	NA	NA	NA	NA	NA	NA	NA	NA
cg10188909	NA	NA	NA	NA	NA	NA	NA	NA	NA	NA	NA	NA	NA	NA	NA	NA	NA	NA	NA	NA	NA	NA	NA	NA	NA	NA	NA	NA	NA	NA	NA	NA	NA	NA	NA	NA	NA	NA	NA	NA	NA	NA	NA	NA	NA	NA	NA	NA	NA	NA	NA	NA	NA	NA	NA	NA	NA
cg10202675	NA	NA	NA	NA	NA	NA	NA	NA	NA	NA	NA	NA	NA	NA	NA	NA	NA	NA	NA	NA	NA	NA	NA	NA	NA	NA	NA	NA	NA	NA	NA	NA	NA	NA	NA	NA	NA	NA	NA	NA	NA	NA	NA	NA	NA	NA	NA	NA	NA	NA	NA	NA	NA	NA	NA	NA	NA
cg10208777	0.869483120265923	0.877975278559026	0.843319563021855	NA	0.773971865270224	0.846625166929104	0.720294672244487	NA	0.928952357483177	NA	0.903366464060169	0.755577819727796	0.862948278301499	0.899202605362372	0.838789726826968	0.763698026386112	0.559603584906293	0.855053620688127	0.264428047049423	0.878786245352071	0.815228805279899	0.876750877088345	0.88727825452538	0.309650334559059	0.557081407558683	0.882678371440875	0.709358029309446	0.864067542584413	0.766939930111674	0.690592637423847	0.685067932102817	0.910109742972306	0.795480570644774	NA	0.422411979841227	0.796200052692366	0.610680699655544	0.927989000990396	0.807998146584021	0.613848084705851	0.689073032687525	NA	0.761265486112079	0.79495696188676	0.943549740859636	0.781085296714273	0.671627571095099	0.87096492959797	0.838920243296252	0.918217733387013	0.819304151154234	0.794544923994838	0.0881152129821063	0.823430811963519	NA	0.868342343525786	0.881040265957682
cg10213886	NA	NA	NA	NA	NA	NA	NA	NA	NA	NA	NA	NA	NA	NA	NA	NA	NA	NA	NA	NA	NA	NA	NA	NA	NA	NA	NA	NA	NA	NA	NA	NA	NA	NA	NA	NA	NA	NA	NA	NA	NA	NA	NA	NA	NA	NA	NA	NA	NA	NA	NA	NA	NA	NA	NA	NA	NA
cg10223155	NA	NA	NA	NA	NA	NA	NA	NA	NA	NA	NA	NA	NA	NA	NA	NA	NA	NA	NA	NA	NA	NA	NA	NA	NA	NA	NA	NA	NA	NA	NA	NA	NA	NA	NA	NA	NA	NA	NA	NA	NA	NA	NA	NA	NA	NA	NA	NA	NA	NA	NA	NA	NA	NA	NA	NA	NA
cg10241247	NA	NA	NA	NA	NA	NA	NA	NA	NA	NA	NA	NA	NA	NA	NA	NA	NA	NA	NA	NA	NA	NA	NA	NA	NA	NA	NA	NA	NA	NA	NA	NA	NA	NA	NA	NA	NA	NA	NA	NA	NA	NA	NA	NA	NA	NA	NA	NA	NA	NA	NA	NA	NA	NA	NA	NA	NA
cg10266189	0.977959655790124	0.972291921011201	0.974360490984566	0.973783932288747	0.978323935539285	0.976836995058796	0.975420859374592	0.957802691924019	0.980913068577173	0.975247910212089	0.969249505712549	0.973728896172978	0.972097848454597	0.981218291010228	0.964063084975836	0.980041239555094	0.97003593049475	0.966918538743604	0.94348098231134	0.978457849495784	0.977678059921794	0.966651453804206	0.973642825359876	0.973595149997338	0.970484980801448	0.976347546799235	0.88012929608792	0.966451948347568	0.974391668853922	0.978515948577794	0.96997209623538	0.964794845151786	0.975883102844595	0.976135657089954	0.844108009528586	0.975480115186654	0.96267180718577	0.979552807475428	0.973952491625087	0.974944527852667	0.974709542023747	0.969475665872792	0.97365730739551	0.978600514756245	0.976740796581028	0.97083157496757	0.965345933076273	0.974297756598476	0.977725274262831	0.973483850341271	0.97618156134095	0.9813343583465	0.972208518614186	0.982755761647141	0.972783436211958	0.973825091033929	0.969834122064799
cg10295683	NA	NA	NA	NA	NA	NA	NA	NA	NA	NA	NA	NA	NA	NA	NA	NA	NA	NA	NA	NA	NA	NA	NA	NA	NA	NA	NA	NA	NA	NA	NA	NA	NA	NA	NA	NA	NA	NA	NA	NA	NA	NA	NA	NA	NA	NA	NA	NA	NA	NA	NA	NA	NA	NA	NA	NA	NA
cg10304084	0.962517452880756	0.943378908932495	0.960116160368219	0.957746892879516	0.955569971864702	0.973019108794383	0.959936946285143	0.94937978907917	0.973226504590548	0.961133575402832	0.965072978921507	0.967365801992875	0.967957511021375	0.969645499698929	0.966817191128773	0.966830689231711	0.950071762480338	0.943755979431104	0.967152352571325	0.963994337438197	0.964444010975673	0.959045839715093	0.953856300748869	0.968348593918924	0.967711263852963	0.958746236325504	0.948670658027638	0.961474705148381	0.950131456932157	0.964503784800744	0.95802604349123	0.97250107808811	0.942729611449604	0.964926041892691	0.957361943911842	0.948233940346564	0.93750108811064	0.95560896345109	0.957336231991827	0.957901361706015	0.960700829374099	0.962270632441368	0.954944632073917	0.963238436074639	0.966450923782672	0.965290130166371	0.964119665353379	0.961924118499335	0.963944828978688	0.949351431334398	0.96775701345565	0.964699934822653	0.96007829500926	0.958134236324027	0.959794740544947	0.963171994265464	0.962566972515935
cg10317162	NA	NA	NA	NA	NA	NA	NA	NA	NA	NA	NA	NA	NA	NA	NA	NA	NA	NA	NA	NA	NA	NA	NA	NA	NA	NA	NA	NA	NA	NA	NA	NA	NA	NA	NA	NA	NA	NA	NA	NA	NA	NA	NA	NA	NA	NA	NA	NA	NA	NA	NA	NA	NA	NA	NA	NA	NA
cg10346147	NA	NA	NA	NA	NA	NA	NA	NA	NA	NA	NA	NA	NA	NA	NA	NA	NA	NA	NA	NA	NA	NA	NA	NA	NA	NA	NA	NA	NA	NA	NA	NA	NA	NA	NA	NA	NA	NA	NA	NA	NA	NA	NA	NA	NA	NA	NA	NA	NA	NA	NA	NA	NA	NA	NA	NA	NA
cg10369313	NA	NA	NA	NA	NA	NA	NA	NA	NA	NA	NA	NA	NA	NA	NA	NA	NA	NA	NA	NA	NA	NA	NA	NA	NA	NA	NA	NA	NA	NA	NA	NA	NA	NA	NA	NA	NA	NA	NA	NA	NA	NA	NA	NA	NA	NA	NA	NA	NA	NA	NA	NA	NA	NA	NA	NA	NA
cg10369444	NA	NA	NA	NA	NA	NA	NA	NA	NA	NA	NA	NA	NA	NA	NA	NA	NA	NA	NA	NA	NA	NA	NA	NA	NA	NA	NA	NA	NA	NA	NA	NA	NA	NA	NA	NA	NA	NA	NA	NA	NA	NA	NA	NA	NA	NA	NA	NA	NA	NA	NA	NA	NA	NA	NA	NA	NA
cg10375884	0.839263228854219	0.341225950459498	0.657164688344223	0.475261163762413	0.463961787211369	0.305380486990139	0.658519694778275	0.521904257163688	0.411487936040199	0.674178976279926	0.806478532091	0.41065422341186	0.342093671880629	0.224193639290497	0.460624908185725	0.405906462251565	0.483880075120982	0.451172419931867	0.613115944274377	0.523896743960679	0.529111023526935	0.779299801069316	0.633905722055536	0.732079305951188	0.374372831473539	0.400738489256586	0.553354526497019	0.618436135931429	0.697722019049656	0.654728955907007	0.530697120426415	0.581962098205109	0.39915796336026	0.133883230740138	0.454240066506861	0.259181687568377	0.408978469099478	0.572441290227492	0.592063440586803	0.738433155823094	0.224211146027472	0.315846102766071	0.777732814127595	0.276927149785813	0.524560418397825	0.625339912240886	0.512658287580087	0.711362677296371	0.537581027976924	0.681914492038964	0.544665977332116	0.776794276587252	0.252515021534244	0.609475292465844	0.291106667694348	0.458476207279019	0.67606564177003
cg10390329	NA	NA	NA	NA	NA	NA	NA	NA	NA	NA	NA	NA	NA	NA	NA	NA	NA	NA	NA	NA	NA	NA	NA	NA	NA	NA	NA	NA	NA	NA	NA	NA	NA	NA	NA	NA	NA	NA	NA	NA	NA	NA	NA	NA	NA	NA	NA	NA	NA	NA	NA	NA	NA	NA	NA	NA	NA
cg10515439	NA	NA	NA	NA	NA	NA	NA	NA	NA	NA	NA	NA	NA	NA	NA	NA	NA	NA	NA	NA	NA	NA	NA	NA	NA	NA	NA	NA	NA	NA	NA	NA	NA	NA	NA	NA	NA	NA	NA	NA	NA	NA	NA	NA	NA	NA	NA	NA	NA	NA	NA	NA	NA	NA	NA	NA	NA
cg10531521	NA	NA	NA	NA	NA	NA	NA	NA	NA	NA	NA	NA	NA	NA	NA	NA	NA	NA	NA	NA	NA	NA	NA	NA	NA	NA	NA	NA	NA	NA	NA	NA	NA	NA	NA	NA	NA	NA	NA	NA	NA	NA	NA	NA	NA	NA	NA	NA	NA	NA	NA	NA	NA	NA	NA	NA	NA
cg10533493	NA	NA	NA	NA	NA	NA	NA	NA	NA	NA	NA	NA	NA	NA	NA	NA	NA	NA	NA	NA	NA	NA	NA	NA	NA	NA	NA	NA	NA	NA	NA	NA	NA	NA	NA	NA	NA	NA	NA	NA	NA	NA	NA	NA	NA	NA	NA	NA	NA	NA	NA	NA	NA	NA	NA	NA	NA
cg10617091	NA	0.890427523498052	0.829864796355424	0.876636570522714	NA	0.874508333739068	NA	0.869812826266145	NA	NA	0.846049977101453	0.83353983871367	0.853074480730995	0.890325567836431	0.872915904124363	0.888260276168596	0.848255890865049	0.862032744066047	0.932923558396087	NA	0.837329047969936	0.874398525763634	NA	NA	0.901565680822711	NA	0.854897198162879	0.824906316411598	0.818831068107864	NA	0.825986551427679	NA	NA	0.823113183235979	0.854659396645589	0.829930681041585	NA	0.813842527752717	0.841176586151558	0.848306952659931	0.800002302467335	0.899394864967324	0.833567402062377	0.830740662396482	0.856886033813914	0.868558435779242	0.849003578518308	0.850935548789412	0.810141548225106	0.814670154486898	0.802209359366862	0.933188982312521	NA	NA	0.820479467775632	NA	0.843575239347884
cg10635350	NA	NA	NA	NA	NA	NA	NA	NA	NA	NA	NA	NA	NA	NA	NA	NA	NA	NA	NA	NA	NA	NA	NA	NA	NA	NA	NA	NA	NA	NA	NA	NA	NA	NA	NA	NA	NA	NA	NA	NA	NA	NA	NA	NA	NA	NA	NA	NA	NA	NA	NA	NA	NA	NA	NA	NA	NA
cg10635719	NA	NA	NA	NA	NA	NA	NA	NA	NA	NA	NA	NA	NA	NA	NA	NA	NA	NA	NA	NA	NA	NA	NA	NA	NA	NA	NA	NA	NA	NA	NA	NA	NA	NA	NA	NA	NA	NA	NA	NA	NA	NA	NA	NA	NA	NA	NA	NA	NA	NA	NA	NA	NA	NA	NA	NA	NA
cg10677688	NA	NA	NA	NA	NA	NA	NA	NA	NA	NA	NA	NA	NA	NA	NA	NA	NA	NA	NA	NA	NA	NA	NA	NA	NA	NA	NA	NA	NA	NA	NA	NA	NA	NA	NA	NA	NA	NA	NA	NA	NA	NA	NA	NA	NA	NA	NA	NA	NA	NA	NA	NA	NA	NA	NA	NA	NA
cg10681811	NA	NA	NA	NA	NA	NA	NA	NA	NA	NA	NA	NA	NA	NA	NA	NA	NA	NA	NA	NA	NA	NA	NA	NA	NA	NA	NA	NA	NA	NA	NA	NA	NA	NA	NA	NA	NA	NA	NA	NA	NA	NA	NA	NA	NA	NA	NA	NA	NA	NA	NA	NA	NA	NA	NA	NA	NA
cg10747758	NA	NA	NA	NA	NA	NA	NA	NA	NA	NA	NA	NA	NA	NA	NA	NA	NA	NA	NA	NA	NA	NA	NA	NA	NA	NA	NA	NA	NA	NA	NA	NA	NA	NA	NA	NA	NA	NA	NA	NA	NA	NA	NA	NA	NA	NA	NA	NA	NA	NA	NA	NA	NA	NA	NA	NA	NA
cg10751914	NA	NA	NA	NA	NA	NA	NA	NA	NA	NA	NA	NA	NA	NA	NA	NA	NA	NA	NA	NA	NA	NA	NA	NA	NA	NA	NA	NA	NA	NA	NA	NA	NA	NA	NA	NA	NA	NA	NA	NA	NA	NA	NA	NA	NA	NA	NA	NA	NA	NA	NA	NA	NA	NA	NA	NA	NA
cg10759572	NA	NA	NA	NA	NA	NA	NA	NA	NA	NA	NA	NA	NA	NA	NA	NA	NA	NA	NA	NA	NA	NA	NA	NA	NA	NA	NA	NA	NA	NA	NA	NA	NA	NA	NA	NA	NA	NA	NA	NA	NA	NA	NA	NA	NA	NA	NA	NA	NA	NA	NA	NA	NA	NA	NA	NA	NA
cg10778931	NA	NA	NA	NA	NA	NA	NA	NA	NA	NA	NA	NA	NA	NA	NA	NA	NA	NA	NA	NA	NA	NA	NA	NA	NA	NA	NA	NA	NA	NA	NA	NA	NA	NA	NA	NA	NA	NA	NA	NA	NA	NA	NA	NA	NA	NA	NA	NA	NA	NA	NA	NA	NA	NA	NA	NA	NA
cg10800519	NA	NA	NA	NA	NA	NA	NA	NA	NA	NA	NA	NA	NA	NA	NA	NA	NA	NA	NA	NA	NA	NA	NA	NA	NA	NA	NA	NA	NA	NA	NA	NA	NA	NA	NA	NA	NA	NA	NA	NA	NA	NA	NA	NA	NA	NA	NA	NA	NA	NA	NA	NA	NA	NA	NA	NA	NA
cg10817408	NA	NA	NA	NA	NA	NA	NA	NA	NA	NA	NA	NA	NA	NA	NA	NA	NA	NA	NA	NA	NA	NA	NA	NA	NA	NA	NA	NA	NA	NA	NA	NA	NA	NA	NA	NA	NA	NA	NA	NA	NA	NA	NA	NA	NA	NA	NA	NA	NA	NA	NA	NA	NA	NA	NA	NA	NA
cg10839128	NA	NA	NA	NA	NA	NA	NA	NA	NA	NA	NA	NA	NA	NA	NA	NA	NA	NA	NA	NA	NA	NA	NA	NA	NA	NA	NA	NA	NA	NA	NA	NA	NA	NA	NA	NA	NA	NA	NA	NA	NA	NA	NA	NA	NA	NA	NA	NA	NA	NA	NA	NA	NA	NA	NA	NA	NA
cg10840054	NA	NA	NA	NA	NA	NA	NA	NA	NA	NA	NA	NA	NA	NA	NA	NA	NA	NA	NA	NA	NA	NA	NA	NA	NA	NA	NA	NA	NA	NA	NA	NA	NA	NA	NA	NA	NA	NA	NA	NA	NA	NA	NA	NA	NA	NA	NA	NA	NA	NA	NA	NA	NA	NA	NA	NA	NA
cg10840615	NA	NA	NA	NA	NA	NA	NA	NA	NA	NA	NA	NA	NA	NA	NA	NA	NA	NA	NA	NA	NA	NA	NA	NA	NA	NA	NA	NA	NA	NA	NA	NA	NA	NA	NA	NA	NA	NA	NA	NA	NA	NA	NA	NA	NA	NA	NA	NA	NA	NA	NA	NA	NA	NA	NA	NA	NA
cg10846614	0.180888175993586	0.285257402162278	0.258890823850835	0.129082676036528	0.167616547553663	0.16790880010151	0.311450573797399	0.0730862901389129	0.416830400663577	0.115470640707341	0.403819947191939	0.384360595605963	0.207988036193705	0.315616777632312	0.623885265662401	0.259926635267543	0.250764730561108	0.208837593622369	0.0738592249199134	0.582956411642538	0.206566795167981	0.390323662212428	0.232647238635188	0.280906854359663	0.34107533133764	0.0860894350120227	0.464360588268151	0.406215538301358	0.175308511483472	0.22881295168793	0.286017414014447	0.505975351495598	0.279693998220293	0.358548649751481	0.144188910156932	0.414296396307696	0.257361719635936	0.491270843789278	0.529512917566912	0.122025344228379	0.11837067528829	0.338931422108012	0.39300483645469	0.382925083028575	0.51836452646511	0.335576037725644	0.216362408392787	0.38481870215393	0.191201352150835	0.539237787109795	0.236819548334601	0.238967822157424	0.0842653788767707	0.606285007617713	0.171781828544951	0.208805864544213	0.235694094406252
cg10867456	NA	NA	NA	NA	NA	NA	NA	NA	NA	NA	NA	NA	NA	NA	NA	NA	NA	NA	NA	NA	NA	NA	NA	NA	NA	NA	NA	NA	NA	NA	NA	NA	NA	NA	NA	NA	NA	NA	NA	NA	NA	NA	NA	NA	NA	NA	NA	NA	NA	NA	NA	NA	NA	NA	NA	NA	NA
cg10930679	0.598753119762204	0.86119928730902	0.854940380225585	0.504423708122119	0.909332611773431	0.919311018835756	0.884493611725157	0.158924846796992	0.543545597123641	0.893827924858766	0.416137905532053	0.808529729547678	0.912255970548689	0.891871460949567	0.907906041627205	0.786864497042726	0.648772853890435	0.730721567161288	0.52646002363602	0.954386491775266	0.735183634188046	0.895757010418837	0.860555874082592	0.681749470865971	0.849025785081603	0.51207522321913	0.900762473008797	0.883292488037357	0.882075202075679	0.912102217397808	0.884790481136365	0.868412227023735	0.563100624297549	0.818495495023439	0.792027949025411	0.378405485597522	0.756167486212908	0.906641813033803	0.795598490398041	0.822860619015195	0.233641195484908	0.787397792701636	0.846803285590669	0.602941945057156	0.953869433023812	0.605007793412291	0.679571575479301	0.865935020688195	0.78867502249983	0.937511010772389	0.57017566585918	0.896153456303794	0.353381163458942	0.751654915342402	0.925352011679458	0.921257574615316	0.426190863951147
cg10932815	NA	NA	NA	NA	NA	NA	NA	NA	NA	NA	NA	NA	NA	NA	NA	NA	NA	NA	NA	NA	NA	NA	NA	NA	NA	NA	NA	NA	NA	NA	NA	NA	NA	NA	NA	NA	NA	NA	NA	NA	NA	NA	NA	NA	NA	NA	NA	NA	NA	NA	NA	NA	NA	NA	NA	NA	NA
cg10945028	NA	NA	NA	NA	NA	NA	NA	NA	NA	NA	NA	NA	NA	NA	NA	NA	NA	NA	NA	NA	NA	NA	NA	NA	NA	NA	NA	NA	NA	NA	NA	NA	NA	NA	NA	NA	NA	NA	NA	NA	NA	NA	NA	NA	NA	NA	NA	NA	NA	NA	NA	NA	NA	NA	NA	NA	NA
cg10959344	NA	NA	NA	NA	NA	NA	NA	NA	NA	NA	NA	NA	NA	NA	NA	NA	NA	NA	NA	NA	NA	NA	NA	NA	NA	NA	NA	NA	NA	NA	NA	NA	NA	NA	NA	NA	NA	NA	NA	NA	NA	NA	NA	NA	NA	NA	NA	NA	NA	NA	NA	NA	NA	NA	NA	NA	NA
cg10998505	NA	NA	NA	NA	NA	NA	NA	NA	NA	NA	NA	NA	NA	NA	NA	NA	NA	NA	NA	NA	NA	NA	NA	NA	NA	NA	NA	NA	NA	NA	NA	NA	NA	NA	NA	NA	NA	NA	NA	NA	NA	NA	NA	NA	NA	NA	NA	NA	NA	NA	NA	NA	NA	NA	NA	NA	NA
cg11047457	NA	NA	NA	NA	NA	NA	NA	NA	NA	NA	NA	NA	NA	NA	NA	NA	NA	NA	NA	NA	NA	NA	NA	NA	NA	NA	NA	NA	NA	NA	NA	NA	NA	NA	NA	NA	NA	NA	NA	NA	NA	NA	NA	NA	NA	NA	NA	NA	NA	NA	NA	NA	NA	NA	NA	NA	NA
cg11089276	NA	NA	NA	NA	NA	NA	NA	NA	NA	NA	NA	NA	NA	NA	NA	NA	NA	NA	NA	NA	NA	NA	NA	NA	NA	NA	NA	NA	NA	NA	NA	NA	NA	NA	NA	NA	NA	NA	NA	NA	NA	NA	NA	NA	NA	NA	NA	NA	NA	NA	NA	NA	NA	NA	NA	NA	NA
cg11122456	NA	NA	NA	NA	NA	NA	NA	NA	NA	NA	NA	NA	NA	NA	NA	NA	NA	NA	NA	NA	NA	NA	NA	NA	NA	NA	NA	NA	NA	NA	NA	NA	NA	NA	NA	NA	NA	NA	NA	NA	NA	NA	NA	NA	NA	NA	NA	NA	NA	NA	NA	NA	NA	NA	NA	NA	NA
cg11131508	NA	NA	NA	NA	NA	NA	NA	NA	NA	NA	NA	NA	NA	NA	NA	NA	NA	NA	NA	NA	NA	NA	NA	NA	NA	NA	NA	NA	NA	NA	NA	NA	NA	NA	NA	NA	NA	NA	NA	NA	NA	NA	NA	NA	NA	NA	NA	NA	NA	NA	NA	NA	NA	NA	NA	NA	NA
cg11135347	NA	NA	NA	NA	NA	NA	NA	NA	NA	NA	NA	NA	NA	NA	NA	NA	NA	NA	NA	NA	NA	NA	NA	NA	NA	NA	NA	NA	NA	NA	NA	NA	NA	NA	NA	NA	NA	NA	NA	NA	NA	NA	NA	NA	NA	NA	NA	NA	NA	NA	NA	NA	NA	NA	NA	NA	NA
cg11136406	NA	NA	NA	NA	NA	NA	NA	NA	NA	NA	NA	NA	NA	NA	NA	NA	NA	NA	NA	NA	NA	NA	NA	NA	NA	NA	NA	NA	NA	NA	NA	NA	NA	NA	NA	NA	NA	NA	NA	NA	NA	NA	NA	NA	NA	NA	NA	NA	NA	NA	NA	NA	NA	NA	NA	NA	NA
cg11137761	NA	NA	NA	NA	NA	NA	NA	NA	NA	NA	NA	NA	NA	NA	NA	NA	NA	NA	NA	NA	NA	NA	NA	NA	NA	NA	NA	NA	NA	NA	NA	NA	NA	NA	NA	NA	NA	NA	NA	NA	NA	NA	NA	NA	NA	NA	NA	NA	NA	NA	NA	NA	NA	NA	NA	NA	NA
cg11163362	NA	NA	NA	NA	NA	NA	NA	NA	NA	NA	NA	NA	NA	NA	NA	NA	NA	NA	NA	NA	NA	NA	NA	NA	NA	NA	NA	NA	NA	NA	NA	NA	NA	NA	NA	NA	NA	NA	NA	NA	NA	NA	NA	NA	NA	NA	NA	NA	NA	NA	NA	NA	NA	NA	NA	NA	NA
cg11165316	NA	NA	NA	NA	NA	NA	NA	NA	NA	NA	NA	NA	NA	NA	NA	NA	NA	NA	NA	NA	NA	NA	NA	NA	NA	NA	NA	NA	NA	NA	NA	NA	NA	NA	NA	NA	NA	NA	NA	NA	NA	NA	NA	NA	NA	NA	NA	NA	NA	NA	NA	NA	NA	NA	NA	NA	NA
cg11166888	NA	NA	NA	NA	NA	NA	NA	NA	NA	NA	NA	NA	NA	NA	NA	NA	NA	NA	NA	NA	NA	NA	NA	NA	NA	NA	NA	NA	NA	NA	NA	NA	NA	NA	NA	NA	NA	NA	NA	NA	NA	NA	NA	NA	NA	NA	NA	NA	NA	NA	NA	NA	NA	NA	NA	NA	NA
cg11205224	NA	NA	NA	NA	NA	NA	NA	NA	NA	NA	NA	NA	NA	NA	NA	NA	NA	NA	NA	NA	NA	NA	NA	NA	NA	NA	NA	NA	NA	NA	NA	NA	NA	NA	NA	NA	NA	NA	NA	NA	NA	NA	NA	NA	NA	NA	NA	NA	NA	NA	NA	NA	NA	NA	NA	NA	NA
cg11212329	0.320747275873791	0.783481272953951	0.933112686314393	0.242372860459647	0.70127890713552	0.54797828236832	0.49109618126611	0.142857478295613	0.403382097951263	0.399764193686151	0.298861067177855	0.881290495800722	0.488882871025711	0.668545795288102	0.413249068564779	0.470237632901907	0.476501654517572	0.735921659187504	0.129987320086745	0.876248692112954	0.641007402619754	0.604514852545324	0.284723210050407	0.706985141771734	0.648181725042062	0.911572486394881	0.298426300350597	0.579484558121982	0.19615804511031	0.279849821625555	0.720763739458168	0.335298753279216	0.695535717037498	0.881975576152024	0.474641707715342	0.546194230113579	0.360986878237515	0.831243476579265	0.461592260228257	0.50763233794524	0.136004074963798	0.889555565242137	0.617473759335789	0.844401581456288	0.921375595577136	0.860274054667567	0.466709509437227	0.749493026438532	0.622462531076198	0.921662491120391	0.740195059939397	0.572964084549352	0.20216446052026	0.873703969147522	0.855504229442212	0.742225735902947	0.724414211901415
cg11231740	NA	NA	NA	NA	NA	NA	NA	NA	NA	NA	NA	NA	NA	NA	NA	NA	NA	NA	NA	NA	NA	NA	NA	NA	NA	NA	NA	NA	NA	NA	NA	NA	NA	NA	NA	NA	NA	NA	NA	NA	NA	NA	NA	NA	NA	NA	NA	NA	NA	NA	NA	NA	NA	NA	NA	NA	NA
cg11239335	NA	NA	NA	NA	NA	NA	NA	NA	NA	NA	NA	NA	NA	NA	NA	NA	NA	NA	NA	NA	NA	NA	NA	NA	NA	NA	NA	NA	NA	NA	NA	NA	NA	NA	NA	NA	NA	NA	NA	NA	NA	NA	NA	NA	NA	NA	NA	NA	NA	NA	NA	NA	NA	NA	NA	NA	NA
cg11248957	NA	NA	NA	NA	NA	NA	NA	NA	NA	NA	NA	NA	NA	NA	NA	NA	NA	NA	NA	NA	NA	NA	NA	NA	NA	NA	NA	NA	NA	NA	NA	NA	NA	NA	NA	NA	NA	NA	NA	NA	NA	NA	NA	NA	NA	NA	NA	NA	NA	NA	NA	NA	NA	NA	NA	NA	NA
cg11332701	NA	NA	NA	NA	NA	NA	NA	NA	NA	NA	NA	NA	NA	NA	NA	NA	NA	NA	NA	NA	NA	NA	NA	NA	NA	NA	NA	NA	NA	NA	NA	NA	NA	NA	NA	NA	NA	NA	NA	NA	NA	NA	NA	NA	NA	NA	NA	NA	NA	NA	NA	NA	NA	NA	NA	NA	NA
cg11333436	NA	NA	NA	NA	NA	NA	NA	NA	NA	NA	NA	NA	NA	NA	NA	NA	NA	NA	NA	NA	NA	NA	NA	NA	NA	NA	NA	NA	NA	NA	NA	NA	NA	NA	NA	NA	NA	NA	NA	NA	NA	NA	NA	NA	NA	NA	NA	NA	NA	NA	NA	NA	NA	NA	NA	NA	NA
cg11335419	NA	NA	NA	NA	NA	NA	NA	NA	NA	NA	NA	NA	NA	NA	NA	NA	NA	NA	NA	NA	NA	NA	NA	NA	NA	NA	NA	NA	NA	NA	NA	NA	NA	NA	NA	NA	NA	NA	NA	NA	NA	NA	NA	NA	NA	NA	NA	NA	NA	NA	NA	NA	NA	NA	NA	NA	NA
cg11343941	0.944675935425841	0.932131680437061	0.948241102057989	0.908415657990238	0.926681013192381	0.935894538379104	0.927999940735796	0.939631466905498	0.938811009626377	0.934389470704529	0.905425129779321	0.708449998798849	0.918096557601161	0.886286998050979	0.946082040924027	0.944346444431982	0.873871606481269	0.894844540418013	0.810839237984052	0.953700845575984	0.941477642509554	0.912760167816761	0.945455967311763	0.945125844691356	0.825413486503512	0.958440732734756	0.813819754097168	0.911492321137641	0.953374178520896	0.959672111687914	0.906303488094272	0.904795951476551	0.897483251449629	0.945917877275907	0.897158087947399	0.948496521917837	0.770181899219645	0.938653357306929	0.939575473117839	0.903288870070927	0.942829341999293	0.92603098118533	0.950336439173311	0.942960485061146	0.932387314731239	0.943808072421998	0.957414579750248	0.957464623179952	0.948479910506638	0.941079149363833	0.899426450117203	0.937174755891998	0.95683241180654	0.960065649582585	0.787065214969829	0.923046251010176	0.847336248081389
cg11345718	NA	NA	NA	NA	NA	NA	NA	NA	NA	NA	NA	NA	NA	NA	NA	NA	NA	NA	NA	NA	NA	NA	NA	NA	NA	NA	NA	NA	NA	NA	NA	NA	NA	NA	NA	NA	NA	NA	NA	NA	NA	NA	NA	NA	NA	NA	NA	NA	NA	NA	NA	NA	NA	NA	NA	NA	NA
cg11359737	NA	NA	NA	NA	NA	NA	NA	NA	NA	NA	NA	NA	NA	NA	NA	NA	NA	NA	NA	NA	NA	NA	NA	NA	NA	NA	NA	NA	NA	NA	NA	NA	NA	NA	NA	NA	NA	NA	NA	NA	NA	NA	NA	NA	NA	NA	NA	NA	NA	NA	NA	NA	NA	NA	NA	NA	NA
cg11363234	0.573244307539085	0.625761629110239	0.892643776739097	0.718181353221721	0.821164215882943	0.620467413314558	0.717974164355735	0.859250270963309	0.894551831666003	0.794509832814372	0.884130942535385	0.538968629573154	0.649304404810773	0.846025013437509	0.798286371248003	0.851903877491733	0.664820227935531	0.611222754309066	0.480834779142727	0.860607643387864	0.612035267983301	0.735373840497175	0.773682137668401	0.730510928260807	0.479294903787695	0.718116208901425	0.720681307540328	0.768669833206126	0.854593208366797	0.770758520009507	0.638582685778404	0.696954320440698	0.705505623668078	0.709368452256978	0.338064342278032	0.531035127520055	0.568957088608963	0.600904898760279	0.67423476979869	0.656465867603788	0.492751884234993	0.765862787806913	0.823299037389883	0.586967616866542	0.844277933553456	0.603612389524458	0.786811940371202	0.498364440597857	0.67879536155306	0.883746643755867	0.791331780256882	0.7784124846985	0.508719548654602	0.836697419923665	0.592506633649012	0.83204139751751	0.570958177155909
cg11380503	NA	NA	NA	NA	NA	NA	NA	NA	NA	NA	NA	NA	NA	NA	NA	NA	NA	NA	NA	NA	NA	NA	NA	NA	NA	NA	NA	NA	NA	NA	NA	NA	NA	NA	NA	NA	NA	NA	NA	NA	NA	NA	NA	NA	NA	NA	NA	NA	NA	NA	NA	NA	NA	NA	NA	NA	NA
cg11427900	NA	NA	NA	NA	NA	NA	NA	NA	NA	NA	NA	NA	NA	NA	NA	NA	NA	NA	NA	NA	NA	NA	NA	NA	NA	NA	NA	NA	NA	NA	NA	NA	NA	NA	NA	NA	NA	NA	NA	NA	NA	NA	NA	NA	NA	NA	NA	NA	NA	NA	NA	NA	NA	NA	NA	NA	NA
cg11429177	NA	NA	NA	NA	NA	NA	NA	NA	NA	NA	NA	NA	NA	NA	NA	NA	NA	NA	NA	NA	NA	NA	NA	NA	NA	NA	NA	NA	NA	NA	NA	NA	NA	NA	NA	NA	NA	NA	NA	NA	NA	NA	NA	NA	NA	NA	NA	NA	NA	NA	NA	NA	NA	NA	NA	NA	NA
cg11445797	0.596346297435585	0.429478813571898	0.936308294814676	0.11702023232134	0.192103345482084	0.933483721886309	0.680759041381113	0.925675562326491	0.916650004606089	0.928495443044622	0.946273055816428	0.278965087837563	0.573667455435027	0.50560285085956	0.524246981228198	0.217858681470208	0.135689636725743	0.618445120287098	0.901054304186853	0.932810582542677	0.932501281369572	0.922994286454535	0.758190290271675	0.943377783825399	0.0947047217640159	0.939391034409893	0.83439174145648	0.83825211289598	0.381417592967124	0.340991125605069	0.126901081123968	0.935779078241782	0.258865008995151	0.883725278830553	0.382988136578657	0.923615084438586	0.234394564475184	0.936572345721173	0.622045164533669	0.839058803827792	0.410261678329309	0.800640464768326	0.924655968602328	0.273568562689364	0.940428219140278	0.655894351595003	0.931068879644926	0.863990918484323	0.933518670964637	0.928083407130202	0.820322049140466	0.639853863633691	0.925928107196934	0.663899644725761	0.793883128034635	0.941064210694897	0.710304724283142
cg11451315	0.942687098926279	0.951197580468351	0.946790556116937	0.931423711147093	0.952660006727611	0.805480167625352	0.938041123364655	0.665895698389754	0.76388137455401	0.931511928486904	0.941887554357063	0.944691664018932	0.909591405047641	0.948161758055962	0.947893836262167	0.650975712459556	0.499889557651686	0.824151344165626	0.674006951439088	0.915126933507071	0.662451565614576	0.497162464019676	0.263476578248949	0.914015710634348	0.73453502915912	0.292996555455706	0.9323259058636	0.91312544688037	0.720134555622047	0.869491859818185	0.940915527723213	0.946660705191554	0.720088691689373	0.905849060359547	0.898710916546121	0.914906901853414	0.894884873588007	0.94745375382598	0.604432788613246	0.806801077457412	0.169477009524021	0.757687491697697	0.938529745970425	0.839200042017453	0.927994738288487	0.700940914470525	0.898167366976225	0.672644830444732	0.618032297874525	0.943777715406066	0.929198666713876	0.844482864516513	0.852887051448634	0.465419961795124	0.934528037301517	0.947729018259071	0.728119665147556
cg11521212	NA	0.915548254027498	0.808340846166943	NA	NA	0.896584752626068	0.694156922224783	0.118349385622768	0.814554701966116	NA	0.865484992750662	0.759120681970974	0.827207400343016	0.867271085952348	0.833121802681145	0.880361541972231	0.76222797954864	0.665986451968754	0.154479139770495	0.881373297278132	0.795625346053615	0.763711872254061	0.766050931387693	NA	0.586577878232408	0.836784545425561	NA	NA	0.779627775672232	0.747749086607342	NA	0.714905953439672	NA	0.886643184051804	NA	0.749370017034246	NA	0.854376188719464	0.755094216598502	0.720939332835983	0.243088009389558	NA	NA	0.845519993215999	0.884020933725131	0.84952902090751	0.403403571689705	0.883087537099861	0.853285835595799	0.878548054898265	0.711581879548487	0.83584183865687	NA	0.826770317434362	NA	0.846882722382237	NA
cg11546131	0.718573139350043	0.758283725002573	0.830050266117439	0.807588763068268	0.727368918230146	0.595639281348907	0.7553496203587	0.814332312461112	0.813931449778195	0.858257981880481	0.89157074055046	0.819474031383819	0.774361240192197	0.860170108930418	0.827331251813857	0.610794434430534	0.735302758823104	0.73021806451366	0.709709121424366	0.852182605558176	0.750959411957859	0.721795954346649	0.892204451724416	0.836289040148858	0.686225723310624	0.879133452850047	0.690821226607012	0.831539499804995	0.828324562674978	0.742454093053942	0.813039931787179	0.724283289405673	0.75525784917822	0.817816641857936	0.722088131785758	0.88924502256861	0.720440189529623	0.892900469921752	0.807627242300256	0.712071823174032	0.815940303623639	0.76098095077274	0.85877648828717	0.705452155340396	0.873479191070816	0.722778906507315	0.775211529857521	0.860333265157993	0.658069497597598	0.908567240721519	0.782546436172634	0.778826747677337	0.625287222380495	0.768919505775041	0.81081116519976	0.883361017177343	0.818316763397012
cg11549871	NA	NA	NA	NA	NA	NA	NA	NA	NA	NA	NA	NA	NA	NA	NA	NA	NA	NA	NA	NA	NA	NA	NA	NA	NA	NA	NA	NA	NA	NA	NA	NA	NA	NA	NA	NA	NA	NA	NA	NA	NA	NA	NA	NA	NA	NA	NA	NA	NA	NA	NA	NA	NA	NA	NA	NA	NA
cg11648402	NA	NA	NA	NA	NA	NA	NA	NA	NA	NA	NA	NA	NA	NA	NA	NA	NA	NA	NA	NA	NA	NA	NA	NA	NA	NA	NA	NA	NA	NA	NA	NA	NA	NA	NA	NA	NA	NA	NA	NA	NA	NA	NA	NA	NA	NA	NA	NA	NA	NA	NA	NA	NA	NA	NA	NA	NA
cg11686069	NA	NA	NA	NA	NA	NA	NA	NA	NA	NA	NA	NA	NA	NA	NA	NA	NA	NA	NA	NA	NA	NA	NA	NA	NA	NA	NA	NA	NA	NA	NA	NA	NA	NA	NA	NA	NA	NA	NA	NA	NA	NA	NA	NA	NA	NA	NA	NA	NA	NA	NA	NA	NA	NA	NA	NA	NA
cg11688553	0.648298563176153	0.783095178854768	0.814818359758992	0.858545533916104	0.842096179334984	0.322762928255789	0.578013232542433	0.575258467885295	0.890737155810323	0.658812127135468	0.843822717197305	0.725748033823896	0.816346042061371	0.849876814735781	0.552286155653685	0.421364889681639	0.670326885117336	0.238695941376509	0.608887706463823	0.85124997618907	0.388849101834928	0.916208145618593	0.72162728753255	0.781774036031213	0.740197261523282	0.813943452391228	0.607350122148065	0.656909785399378	0.893206449528434	0.654830688264425	0.421963751271701	0.715478598918394	0.671295828969248	0.916593126001602	0.47854004795913	0.902406382839727	0.510722786781392	0.943840670238616	0.815516891418908	0.504310660502218	0.323521946433436	0.742911086034976	0.819709747256439	0.809690448211556	0.845618621257425	0.864900278174704	0.741358320446897	0.93361907504681	0.917953532934364	0.906238820000479	0.704588530525412	0.636063338698536	0.444253587415785	0.836078633211793	0.856004777022926	0.881077323094497	0.832217886327562
cg11722990	NA	NA	NA	NA	NA	NA	NA	NA	NA	NA	NA	NA	NA	NA	NA	NA	NA	NA	NA	NA	NA	NA	NA	NA	NA	NA	NA	NA	NA	NA	NA	NA	NA	NA	NA	NA	NA	NA	NA	NA	NA	NA	NA	NA	NA	NA	NA	NA	NA	NA	NA	NA	NA	NA	NA	NA	NA
cg11753004	NA	NA	NA	NA	NA	NA	NA	NA	NA	NA	NA	NA	NA	NA	NA	NA	NA	NA	NA	NA	NA	NA	NA	NA	NA	NA	NA	NA	NA	NA	NA	NA	NA	NA	NA	NA	NA	NA	NA	NA	NA	NA	NA	NA	NA	NA	NA	NA	NA	NA	NA	NA	NA	NA	NA	NA	NA
cg11796578	0.754495385739252	0.942853443843334	0.942178697607907	0.897834206060358	0.914591158602435	0.896794540133908	0.919241139148482	0.224806737535601	0.938791698336845	0.921797681732084	0.901304791074309	0.934538258212894	0.937113344403463	0.76469387541499	0.920890556860498	0.930802745954915	0.828694934329625	0.90140778650284	0.804860007931834	0.919103130292427	0.909497910193208	0.92303995564907	0.905598217784293	0.876277918745075	0.880534682746059	NA	0.921710208608938	0.907707402400547	0.897079640871872	0.906971659102227	0.925704198853076	0.916422495347439	0.673349918796648	0.93541905991349	0.903517658814051	0.929970945725376	0.909852664949322	0.903529211485563	0.875744947723067	0.5574032241418	NA	0.883003296710827	0.917957037902153	0.922463506687957	0.946489731415145	0.910249823693843	0.872361848183325	0.915823866116207	0.881837079379758	0.934051428463315	0.912912452832989	0.907830812923661	0.914519754223481	0.91823223857051	0.909791919209746	0.942304006208198	0.855692855299917
cg11806813	NA	NA	NA	NA	NA	NA	NA	NA	NA	NA	NA	NA	NA	NA	NA	NA	NA	NA	NA	NA	NA	NA	NA	NA	NA	NA	NA	NA	NA	NA	NA	NA	NA	NA	NA	NA	NA	NA	NA	NA	NA	NA	NA	NA	NA	NA	NA	NA	NA	NA	NA	NA	NA	NA	NA	NA	NA
cg11816434	0.684054077763472	0.787385735052269	0.873078499210133	0.811639818489949	0.855488479034374	0.70135090732019	0.801681140529527	0.429153716137395	0.858162812578439	0.810304325150161	0.871526445275641	0.905640628433543	0.634694418514701	0.893043966416713	0.790164236405323	0.521551517378379	0.728032974898991	0.673308856400727	0.848072430975962	0.89322398211217	0.509963707302393	0.692113320254659	0.747456165750966	0.715689605168934	0.799033991705531	0.572578990905357	0.470183597195479	0.850758292035631	0.832478197821731	0.563707214816398	0.809118030515854	0.665358458853851	0.642266476525518	0.868245742025895	0.748920471574468	0.739567298571315	0.794289683079215	0.932005757774462	0.292564919694782	0.663526781964882	0.527423202612436	0.824086270879991	0.8279997788522	0.642781986902522	0.88481223596731	0.797700278949048	0.818548288506433	0.834876013642316	0.517859052745949	0.901836378046066	0.845607040987003	0.695363516663903	0.541748763068385	0.751530366278315	0.906378980207798	0.893091236743333	0.728281306905227
cg11827743	0.552325112174829	0.561302864804458	0.511056726579771	0.547505836378248	0.483789545647533	0.928694412117901	0.467392451386783	0.56074065714165	0.977054638119712	0.746510436918465	0.471212416404574	0.548988861140875	0.778503005385545	0.631705070931466	0.553819635464227	0.489938146012906	0.403131728048872	0.570487042414203	0.944221866235553	0.777887015863062	0.421683796609523	0.915235842769382	0.943027860675936	0.575393224182919	0.505152665158035	0.971502648331524	0.750059352925582	0.651322949104379	0.499490123460079	0.723329906945311	0.543628824161192	0.579572940263949	0.826743275931624	0.700082790831969	0.481226401923329	0.767762066858219	0.50024611887014	0.808189782359517	0.560393528569493	0.533639435343371	0.598254917114509	0.970456221440402	0.856016959031337	0.536231814645245	0.968213017398395	0.957815612336765	0.68116494828522	0.734594103092699	0.745122265976383	0.967236661329141	0.945677213638927	0.747120932650197	0.925855913936091	0.876260976654305	0.735137533261167	0.797953498041905	0.432306507526283
cg11846226	NA	NA	NA	NA	NA	NA	NA	NA	NA	NA	NA	NA	NA	NA	NA	NA	NA	NA	NA	NA	NA	NA	NA	NA	NA	NA	NA	NA	NA	NA	NA	NA	NA	NA	NA	NA	NA	NA	NA	NA	NA	NA	NA	NA	NA	NA	NA	NA	NA	NA	NA	NA	NA	NA	NA	NA	NA
cg11930700	NA	NA	NA	NA	NA	NA	NA	NA	NA	NA	NA	NA	NA	NA	NA	NA	NA	NA	NA	NA	NA	NA	NA	NA	NA	NA	NA	NA	NA	NA	NA	NA	NA	NA	NA	NA	NA	NA	NA	NA	NA	NA	NA	NA	NA	NA	NA	NA	NA	NA	NA	NA	NA	NA	NA	NA	NA
cg11968166	NA	NA	NA	NA	NA	NA	NA	NA	NA	NA	NA	NA	NA	NA	NA	NA	NA	NA	NA	NA	NA	NA	NA	NA	NA	NA	NA	NA	NA	NA	NA	NA	NA	NA	NA	NA	NA	NA	NA	NA	NA	NA	NA	NA	NA	NA	NA	NA	NA	NA	NA	NA	NA	NA	NA	NA	NA
cg12049322	NA	NA	NA	NA	NA	NA	NA	NA	NA	NA	NA	NA	NA	NA	NA	NA	NA	NA	NA	NA	NA	NA	NA	NA	NA	NA	NA	NA	NA	NA	NA	NA	NA	NA	NA	NA	NA	NA	NA	NA	NA	NA	NA	NA	NA	NA	NA	NA	NA	NA	NA	NA	NA	NA	NA	NA	NA
cg12101572	NA	NA	NA	NA	NA	NA	NA	NA	NA	NA	NA	NA	NA	NA	NA	NA	NA	NA	NA	NA	NA	NA	NA	NA	NA	NA	NA	NA	NA	NA	NA	NA	NA	NA	NA	NA	NA	NA	NA	NA	NA	NA	NA	NA	NA	NA	NA	NA	NA	NA	NA	NA	NA	NA	NA	NA	NA
cg12103802	NA	NA	NA	NA	NA	NA	NA	NA	NA	NA	NA	NA	NA	NA	NA	NA	NA	NA	NA	NA	NA	NA	NA	NA	NA	NA	NA	NA	NA	NA	NA	NA	NA	NA	NA	NA	NA	NA	NA	NA	NA	NA	NA	NA	NA	NA	NA	NA	NA	NA	NA	NA	NA	NA	NA	NA	NA
cg12113981	0.922109705832468	0.927054290189687	0.924526884342766	0.909009410645723	0.909131004618513	0.684309344704997	0.880974581176447	0.896331247744009	0.485089592628901	0.881576421485475	0.923266034438736	0.924377624019776	0.842746977922126	0.920497812776207	0.890942842574363	0.196806311778043	0.855030038322455	0.789243374516869	0.835178284339714	0.838326456791451	0.301576218368463	0.904067463939759	0.14078309670225	0.85005893411667	0.821577026672665	0.133859228282044	0.860023043704981	0.781236714698086	0.344173775741083	0.830411351154313	0.901504659308854	0.168185397488285	0.73463597668727	0.514815704548801	0.858643088231409	0.721278735222111	0.824100223970413	0.913738186307508	0.807463799944458	0.704892014720968	0.284057741682141	0.767852763365231	0.913045552471953	0.876698340020355	0.911470332532057	0.88249431751148	0.839974299577953	0.89667736449825	0.337434552009512	0.91931546417641	0.886209607465707	0.643054239871169	0.628015024081028	0.886535256162317	0.904129632975538	0.890694185742174	0.17864248108847
cg12135953	0.914751446074928	0.926472308701351	0.928829860426428	0.88052682118568	0.930275201071219	0.957985506979135	0.809867329353769	0.926534496595037	0.927103052104556	0.835595949084362	0.857602869315835	0.905135131519637	0.92268985815565	0.944933180049718	0.93010125137075	0.923718546996679	0.868550574889265	0.927389620671574	0.652024293611211	0.942664000370444	0.854795326148161	0.882174329710732	0.921803411183714	0.924524706616791	0.890631645210227	0.928288249482991	0.728960047133894	0.88926493747118	0.680553328115679	0.931409314152205	0.910975436595155	0.928737171202342	0.733147137066671	0.901618458046987	0.921658972491094	0.864735692310373	0.753419285383949	0.93890842865806	0.843485370813299	0.831841596901627	0.885257337275156	0.946252458722934	0.887492595254451	0.916316965266035	0.93349468157025	0.929833118657327	0.927164032496644	0.93510423323002	0.939440296600349	0.92849606710016	0.887904458605612	0.928545958340716	0.776010465595062	0.813863633766498	0.922701218490814	0.925367867386587	0.807632278828807
cg12159166	0.929840410142118	0.935600023095999	0.94904278539613	0.922753803761312	0.935499490608988	0.951957555292371	0.929312728011134	0.93335004127323	0.9506880895261	0.949777267287231	0.944824791682266	0.953367329845668	0.927790087339719	0.964108976415073	0.931565657118764	0.945769617758787	0.917291750626242	0.876936846426483	0.898119242316465	0.939975032175359	0.854412420202942	0.950363720556156	0.899621983505478	0.922473917080826	0.925742940413188	0.907798962055866	0.894178932127794	0.881857368610252	0.909274822216874	0.944344505882813	0.947405976556708	0.912149555909222	0.92300560873487	0.938868085868876	0.891193292025191	0.912847696848189	0.924084196188558	0.944215043642216	0.93082155947669	0.93968585845825	0.882097495762048	0.939697742872881	0.909944950080276	0.95039907340198	0.957018491780124	0.913630009258392	0.907943176130074	0.922873024629671	0.853839163023966	0.893703287016388	0.908205929686074	0.92100858433526	0.940494184501034	0.935762180654444	0.941443281996308	0.916853523926416	0.940259620427593
cg12190125	NA	NA	NA	NA	NA	NA	NA	NA	NA	NA	NA	NA	NA	NA	NA	NA	NA	NA	NA	NA	NA	NA	NA	NA	NA	NA	NA	NA	NA	NA	NA	NA	NA	NA	NA	NA	NA	NA	NA	NA	NA	NA	NA	NA	NA	NA	NA	NA	NA	NA	NA	NA	NA	NA	NA	NA	NA
cg12205645	NA	NA	NA	NA	NA	NA	NA	NA	NA	NA	NA	NA	NA	NA	NA	NA	NA	NA	NA	NA	NA	NA	NA	NA	NA	NA	NA	NA	NA	NA	NA	NA	NA	NA	NA	NA	NA	NA	NA	NA	NA	NA	NA	NA	NA	NA	NA	NA	NA	NA	NA	NA	NA	NA	NA	NA	NA
cg12221729	NA	NA	NA	NA	NA	NA	NA	NA	NA	NA	NA	NA	NA	NA	NA	NA	NA	NA	NA	NA	NA	NA	NA	NA	NA	NA	NA	NA	NA	NA	NA	NA	NA	NA	NA	NA	NA	NA	NA	NA	NA	NA	NA	NA	NA	NA	NA	NA	NA	NA	NA	NA	NA	NA	NA	NA	NA
cg12224855	NA	NA	NA	NA	NA	NA	NA	NA	NA	NA	NA	NA	NA	NA	NA	NA	NA	NA	NA	NA	NA	NA	NA	NA	NA	NA	NA	NA	NA	NA	NA	NA	NA	NA	NA	NA	NA	NA	NA	NA	NA	NA	NA	NA	NA	NA	NA	NA	NA	NA	NA	NA	NA	NA	NA	NA	NA
cg12248480	NA	NA	NA	NA	NA	NA	NA	NA	NA	NA	NA	NA	NA	NA	NA	NA	NA	NA	NA	NA	NA	NA	NA	NA	NA	NA	NA	NA	NA	NA	NA	NA	NA	NA	NA	NA	NA	NA	NA	NA	NA	NA	NA	NA	NA	NA	NA	NA	NA	NA	NA	NA	NA	NA	NA	NA	NA
cg12252868	NA	NA	NA	NA	NA	NA	NA	NA	NA	NA	NA	NA	NA	NA	NA	NA	NA	NA	NA	NA	NA	NA	NA	NA	NA	NA	NA	NA	NA	NA	NA	NA	NA	NA	NA	NA	NA	NA	NA	NA	NA	NA	NA	NA	NA	NA	NA	NA	NA	NA	NA	NA	NA	NA	NA	NA	NA
cg12284736	NA	NA	NA	NA	NA	NA	NA	NA	NA	NA	NA	NA	NA	NA	NA	NA	NA	NA	NA	NA	NA	NA	NA	NA	NA	NA	NA	NA	NA	NA	NA	NA	NA	NA	NA	NA	NA	NA	NA	NA	NA	NA	NA	NA	NA	NA	NA	NA	NA	NA	NA	NA	NA	NA	NA	NA	NA
cg12286403	NA	NA	NA	NA	NA	NA	NA	NA	NA	NA	NA	NA	NA	NA	NA	NA	NA	NA	NA	NA	NA	NA	NA	NA	NA	NA	NA	NA	NA	NA	NA	NA	NA	NA	NA	NA	NA	NA	NA	NA	NA	NA	NA	NA	NA	NA	NA	NA	NA	NA	NA	NA	NA	NA	NA	NA	NA
cg12298312	NA	NA	NA	NA	NA	NA	NA	NA	NA	NA	NA	NA	NA	NA	NA	NA	NA	NA	NA	NA	NA	NA	NA	NA	NA	NA	NA	NA	NA	NA	NA	NA	NA	NA	NA	NA	NA	NA	NA	NA	NA	NA	NA	NA	NA	NA	NA	NA	NA	NA	NA	NA	NA	NA	NA	NA	NA
cg12315011	NA	NA	NA	NA	NA	NA	NA	NA	NA	NA	NA	NA	NA	NA	NA	NA	NA	NA	NA	NA	NA	NA	NA	NA	NA	NA	NA	NA	NA	NA	NA	NA	NA	NA	NA	NA	NA	NA	NA	NA	NA	NA	NA	NA	NA	NA	NA	NA	NA	NA	NA	NA	NA	NA	NA	NA	NA
cg12321355	0.83577185409138	0.81681744710061	0.869660647170167	0.574372508069465	0.760950591595222	0.852672465473608	0.821211155969469	0.863040589293971	0.921034042196215	0.736715379373639	0.601473935910499	0.897071431543689	0.839695576976343	0.797147524554427	0.807166147206048	0.760530105131842	0.673266306230625	0.757532309707411	0.473609208412927	0.88124539462711	0.864133691937332	0.889706822098999	0.839549103811409	0.726232998327216	0.677925721167768	0.891863041962617	0.720869999272946	0.828995182786946	0.889890690761312	0.859564395227145	0.823930331086955	0.693764954866278	0.839698201153055	0.850894828167034	0.692694084427272	0.79116648084755	0.630805057574982	0.886687346581776	0.726516998449723	0.776902139908622	0.83687178717109	0.887977481354168	0.852180184906799	0.856961037771258	0.904666927976189	0.830247712748714	0.812691804425421	0.848951782617015	0.853748311821799	0.873816866845049	0.902560351537697	0.86559143191033	0.523419862789967	0.888240916700436	0.888916457453989	0.824105055820491	0.848693996754432
cg12336935	NA	NA	NA	NA	NA	NA	NA	NA	NA	NA	NA	NA	NA	NA	NA	NA	NA	NA	NA	NA	NA	NA	NA	NA	NA	NA	NA	NA	NA	NA	NA	NA	NA	NA	NA	NA	NA	NA	NA	NA	NA	NA	NA	NA	NA	NA	NA	NA	NA	NA	NA	NA	NA	NA	NA	NA	NA
cg12340381	NA	NA	NA	NA	NA	NA	NA	NA	NA	NA	NA	NA	NA	NA	NA	NA	NA	NA	NA	NA	NA	NA	NA	NA	NA	NA	NA	NA	NA	NA	NA	NA	NA	NA	NA	NA	NA	NA	NA	NA	NA	NA	NA	NA	NA	NA	NA	NA	NA	NA	NA	NA	NA	NA	NA	NA	NA
cg12401953	0.915986324656453	0.856657351177607	0.921540558557463	0.857283734665088	0.86062403433349	0.834846089902209	0.812671322173768	0.242111133490793	0.296841536364914	0.444097111683427	0.743289710634905	0.900990940173395	0.737135665170306	0.90825830329516	0.761674315638144	0.693445584255126	0.387909539626608	0.730051942492602	0.218242274058066	0.885335056161148	0.652945857528541	0.843814090757399	0.630698208546407	0.884524626203804	0.433238744810389	0.725991721193953	0.633100271518714	0.814328881674891	0.566448349489769	0.441420296776528	0.815964718169035	0.786836664133943	0.749621945082695	0.84170724465534	0.767475103627995	0.783205648083433	0.800941128961961	0.750812024579352	0.78623169129021	0.883340858505462	0.217519997176616	0.817433428931364	0.629530068265977	0.774899473998855	0.901517197445976	0.601343961430208	0.658906809424757	0.880913125806572	0.567095986195217	0.875099039211581	0.796796656120546	0.572652101709667	0.36842782297451	0.570454048013039	0.889916536406656	0.89580365649395	0.844169008780834
cg12419663	NA	NA	NA	NA	NA	NA	NA	NA	NA	NA	NA	NA	NA	NA	NA	NA	NA	NA	NA	NA	NA	NA	NA	NA	NA	NA	NA	NA	NA	NA	NA	NA	NA	NA	NA	NA	NA	NA	NA	NA	NA	NA	NA	NA	NA	NA	NA	NA	NA	NA	NA	NA	NA	NA	NA	NA	NA
cg12470218	0.58093523975982	0.894186440171914	0.927659134614511	0.910275200424396	0.452409985278989	0.82239480349451	0.860870542903772	NA	0.155781356861248	0.870319188261049	0.92604642177047	0.87039754758937	0.644773464964829	0.828566165833785	NA	0.946808405708011	NA	0.903756878840603	0.810968402329562	0.879765148758227	0.702872224739985	0.91897245955804	0.73572379336918	0.895580640958817	NA	0.783747623348983	0.813371390885612	0.809531110512995	0.906042218913738	0.638676955784222	0.879304305028468	0.91757805935399	0.842374242213948	0.83883077630977	0.399408737350328	0.890115506657994	NA	0.894508600028929	0.696357055705208	NA	0.827104598299957	0.814250919852187	0.889010464449977	0.841655515007809	0.922301599179697	0.665615932825481	0.810371351940596	0.900811711589977	0.705486434356212	0.793372222437283	0.847769628856418	0.875189393548665	0.924054070181404	0.848753044245334	0.833998010607825	0.906087237107772	0.890828125071513
cg12475092	NA	NA	NA	NA	NA	NA	NA	NA	NA	NA	NA	NA	NA	NA	NA	NA	NA	NA	NA	NA	NA	NA	NA	NA	NA	NA	NA	NA	NA	NA	NA	NA	NA	NA	NA	NA	NA	NA	NA	NA	NA	NA	NA	NA	NA	NA	NA	NA	NA	NA	NA	NA	NA	NA	NA	NA	NA
cg12501523	NA	NA	NA	NA	NA	NA	NA	NA	NA	NA	NA	NA	NA	NA	NA	NA	NA	NA	NA	NA	NA	NA	NA	NA	NA	NA	NA	NA	NA	NA	NA	NA	NA	NA	NA	NA	NA	NA	NA	NA	NA	NA	NA	NA	NA	NA	NA	NA	NA	NA	NA	NA	NA	NA	NA	NA	NA
cg12514654	NA	NA	NA	NA	NA	NA	NA	NA	NA	NA	NA	NA	NA	NA	NA	NA	NA	NA	NA	NA	NA	NA	NA	NA	NA	NA	NA	NA	NA	NA	NA	NA	NA	NA	NA	NA	NA	NA	NA	NA	NA	NA	NA	NA	NA	NA	NA	NA	NA	NA	NA	NA	NA	NA	NA	NA	NA
cg12525774	NA	NA	NA	NA	NA	NA	NA	NA	NA	NA	NA	NA	NA	NA	NA	NA	NA	NA	NA	NA	NA	NA	NA	NA	NA	NA	NA	NA	NA	NA	NA	NA	NA	NA	NA	NA	NA	NA	NA	NA	NA	NA	NA	NA	NA	NA	NA	NA	NA	NA	NA	NA	NA	NA	NA	NA	NA
cg12566078	0.944048131098887	0.955477653397453	0.922323367858918	0.16170727887268	0.917340322047342	0.683561709377733	0.879446769151369	0.314248102769573	0.954583440619593	0.921302608038038	0.950009413902679	0.189049759834952	0.945271224462956	0.50936597578348	0.0861271650785221	0.240287316328446	0.80637800355496	0.905921513202227	0.185248446357319	0.570366346199842	0.851438788822033	0.852047391065635	0.906136246532743	0.920182849245609	0.399690695440135	0.938144267419829	0.88523445155404	0.815878938055671	0.924675675428848	0.897596923967318	0.896243805601703	0.869342832419875	0.366015035680516	0.940131141045994	0.648786741346701	0.657955221170244	0.210109298883507	0.579234529657535	0.111920313524119	0.211852772306253	0.395121630485117	0.686051570960782	0.787677956082272	0.365820423024779	0.827424670240559	0.359389872793772	0.556678117558471	0.870898388998351	0.917159934478022	0.855205213068377	0.935379241718569	0.758087823661312	0.939182247585521	0.735226803520144	0.941246870909619	0.909522651073425	0.892639696343855
cg12578116	NA	NA	NA	NA	NA	NA	NA	NA	NA	NA	NA	NA	NA	NA	NA	NA	NA	NA	NA	NA	NA	NA	NA	NA	NA	NA	NA	NA	NA	NA	NA	NA	NA	NA	NA	NA	NA	NA	NA	NA	NA	NA	NA	NA	NA	NA	NA	NA	NA	NA	NA	NA	NA	NA	NA	NA	NA
cg12647952	0.913576946613346	0.600896511393227	0.91367107978797	0.797298680500651	0.906118338925294	0.704805289290896	0.839206411969666	0.811215132950685	0.496211600872328	0.796550861893977	0.891154333309015	0.511589494715083	0.870447594605333	0.850595398936669	0.826752923218898	0.223634569483145	0.557495963161513	0.417103589395392	0.919542718177247	0.822818404403507	0.680544620174073	0.671552117569808	0.772978354451	0.597390548405546	0.616675298538111	0.139620418872578	0.838930256643315	0.798588548476243	0.871228818402344	0.869794219921387	0.844319745139167	0.906057908450307	0.517562701288532	0.243920268627276	0.570621340359897	0.398849289496393	0.742068510501086	0.798399559909107	0.828474707645634	0.770819241817143	0.79663030412701	0.325161930524411	0.806309403688909	0.507177773350788	0.865263331157189	0.605502148259033	0.765678206192684	0.728073454497091	0.750960201163566	0.84986075458598	0.817608807193261	0.698655399097351	0.916539604211198	0.355136564852865	0.687184590540657	0.905030519270909	0.917478526526
cg12678329	NA	NA	NA	NA	NA	NA	NA	NA	NA	NA	NA	NA	NA	NA	NA	NA	NA	NA	NA	NA	NA	NA	NA	NA	NA	NA	NA	NA	NA	NA	NA	NA	NA	NA	NA	NA	NA	NA	NA	NA	NA	NA	NA	NA	NA	NA	NA	NA	NA	NA	NA	NA	NA	NA	NA	NA	NA
cg12705541	0.11132635848681	0.398044302034557	0.0672822615767088	0.25406547388703	0.0946849954987095	0.371534894763024	0.464397302238565	0.0742302125270358	0.411807628397933	0.123981220902478	0.164324098645142	0.591751872187005	0.106557268717943	0.483918719298702	0.383476882646642	0.784463880404425	0.122867746696224	0.708396747497883	0.327593836356242	0.653672244901165	0.184832843623563	0.591123301598145	0.0744908960291025	0.178419353311141	0.202714803621041	0.344592215278025	0.162073840827753	0.346444452637591	0.335870482328656	0.22003571509688	0.172635673329827	0.34762258381152	0.217513291405053	0.532775078972129	0.214297898032967	0.267650207111705	0.349028420697717	0.333821203575679	0.295079338646578	0.253679198151013	0.389869431018415	0.502132022208089	0.527101239013209	0.40985605041338	0.859406581970856	0.324284530971034	0.127441316894822	0.604423489389971	0.611452043981175	0.172641058206091	0.0959272751385173	0.327016689069335	0.205947114419951	0.87121489249877	0.117610294788838	0.160327814917709	0.112915154931742
cg12728543	NA	NA	NA	NA	NA	NA	NA	NA	NA	NA	NA	NA	NA	NA	NA	NA	NA	NA	NA	NA	NA	NA	NA	NA	NA	NA	NA	NA	NA	NA	NA	NA	NA	NA	NA	NA	NA	NA	NA	NA	NA	NA	NA	NA	NA	NA	NA	NA	NA	NA	NA	NA	NA	NA	NA	NA	NA
cg12752449	0.686033953212497	0.872007287536971	0.887820510640429	0.935296785797698	0.937284951823582	0.903866834912086	0.911329990448669	0.929605758795782	0.921826952092033	0.934424737480414	0.907927612857729	0.912111866259071	0.875054904841605	0.896989399587119	0.925487506986737	0.945554655968632	0.939168032307389	0.807743651026077	0.921317188883272	0.898924245918579	0.875793521494687	0.907736921012556	0.920388366029511	0.888580847746876	0.921813516256525	0.696376733932369	0.905242847244215	0.894482897200614	0.876599102398536	0.895721136921071	0.917640233416986	0.914627501933753	0.788391961123358	0.862453609641128	0.855399962683059	0.86436584819057	0.844693707345137	0.872729403931394	0.891168930439759	0.63343921780716	0.851239508424337	0.80149338061065	0.891066631985411	0.892456928860583	0.933773962050325	0.891784221923369	0.836553045362195	0.920304877059323	0.863411450607006	0.912948643558271	0.883984318800402	0.882820552598279	0.780477951435611	0.808499930471699	0.858629300329805	0.895761006803173	0.835055307848746
cg12757890	NA	NA	NA	NA	NA	NA	NA	NA	NA	NA	NA	NA	NA	NA	NA	NA	NA	NA	NA	NA	NA	NA	NA	NA	NA	NA	NA	NA	NA	NA	NA	NA	NA	NA	NA	NA	NA	NA	NA	NA	NA	NA	NA	NA	NA	NA	NA	NA	NA	NA	NA	NA	NA	NA	NA	NA	NA
cg12765935	NA	NA	NA	NA	NA	NA	NA	NA	NA	NA	NA	NA	NA	NA	NA	NA	NA	NA	NA	NA	NA	NA	NA	NA	NA	NA	NA	NA	NA	NA	NA	NA	NA	NA	NA	NA	NA	NA	NA	NA	NA	NA	NA	NA	NA	NA	NA	NA	NA	NA	NA	NA	NA	NA	NA	NA	NA
cg12774391	0.945063634869118	0.944288750464228	0.954555189478586	0.939848145729288	0.935246801041337	0.954341545911556	0.951519330876833	0.910361048196548	0.944435294092204	0.951383528833629	0.956063203876818	0.953114431802285	0.952073816401438	0.957433605961248	0.937476319995019	0.951595091783027	0.927894617625452	0.945305237606505	0.93385868145008	0.930128176599248	0.94287883430496	0.957391351931407	0.906020979444771	0.942755015076994	0.939631755703813	0.936697661374759	0.920027810153109	0.92032950891413	0.932361901669619	0.927759951311549	0.912326702530266	0.937439875322007	0.917778050645583	0.949987328344522	0.940359104524763	0.894229450957356	0.926228026475057	0.928012659226347	0.961469079796761	0.930742717711191	0.913572936657979	0.944233957803429	0.921690442296766	0.957177858344279	0.942754694825433	0.910722908833329	0.948554023865609	0.953563016104703	0.935617189449286	0.924747636412555	0.929612110187331	0.931821058475434	0.935997188754365	0.9532863051964	0.926542117972157	0.952395266386664	0.947366599761712
cg12794109	NA	NA	NA	NA	NA	NA	NA	NA	NA	NA	NA	NA	NA	NA	NA	NA	NA	NA	NA	NA	NA	NA	NA	NA	NA	NA	NA	NA	NA	NA	NA	NA	NA	NA	NA	NA	NA	NA	NA	NA	NA	NA	NA	NA	NA	NA	NA	NA	NA	NA	NA	NA	NA	NA	NA	NA	NA
cg12809883	NA	NA	NA	NA	NA	NA	NA	NA	NA	NA	NA	NA	NA	NA	NA	NA	NA	NA	NA	NA	NA	NA	NA	NA	NA	NA	NA	NA	NA	NA	NA	NA	NA	NA	NA	NA	NA	NA	NA	NA	NA	NA	NA	NA	NA	NA	NA	NA	NA	NA	NA	NA	NA	NA	NA	NA	NA
cg12874388	NA	NA	NA	NA	NA	NA	NA	NA	NA	NA	NA	NA	NA	NA	NA	NA	NA	NA	NA	NA	NA	NA	NA	NA	NA	NA	NA	NA	NA	NA	NA	NA	NA	NA	NA	NA	NA	NA	NA	NA	NA	NA	NA	NA	NA	NA	NA	NA	NA	NA	NA	NA	NA	NA	NA	NA	NA
cg12882999	NA	NA	NA	NA	NA	NA	NA	NA	NA	NA	NA	NA	NA	NA	NA	NA	NA	NA	NA	NA	NA	NA	NA	NA	NA	NA	NA	NA	NA	NA	NA	NA	NA	NA	NA	NA	NA	NA	NA	NA	NA	NA	NA	NA	NA	NA	NA	NA	NA	NA	NA	NA	NA	NA	NA	NA	NA
cg12934659	0.122096614271257	0.176406771411482	0.499456715037787	0.217344693348333	0.1965894565239	0.754459673182531	0.255414267245544	0.16460675216246	0.822904187648975	0.313127183864094	0.592366964321622	0.259303039401806	0.209450528558147	0.318984780460358	0.140283809338529	0.203605319123515	0.167044731065169	0.367548930595265	0.581135402631322	0.285277857621669	0.769547448940247	0.621246937380042	0.437039798757984	0.441993175067811	0.194780185367269	0.444550181856125	0.182615446408204	0.7655820819118	0.329231811457597	0.449714442247577	0.206563981467406	0.719221751215177	0.303631989269445	0.266245898171705	0.18128218605387	0.320611913294351	0.155537551102066	0.725703329477561	0.191970132878515	0.630305379431896	0.257471918940876	0.642413556442741	0.532133620527463	0.215154619596211	0.424481150577724	0.492242551211915	0.201985775105838	0.817884210374373	0.593682117698764	0.674686342748356	0.410925682354268	0.40235811121147	0.361648515952147	0.527514007388733	0.283752478500631	0.763200860482347	0.269028042685064
cg12977946	NA	NA	NA	NA	NA	NA	NA	NA	NA	NA	NA	NA	NA	NA	NA	NA	NA	NA	NA	NA	NA	NA	NA	NA	NA	NA	NA	NA	NA	NA	NA	NA	NA	NA	NA	NA	NA	NA	NA	NA	NA	NA	NA	NA	NA	NA	NA	NA	NA	NA	NA	NA	NA	NA	NA	NA	NA
cg12980798	NA	NA	NA	NA	NA	NA	NA	NA	NA	NA	NA	NA	NA	NA	NA	NA	NA	NA	NA	NA	NA	NA	NA	NA	NA	NA	NA	NA	NA	NA	NA	NA	NA	NA	NA	NA	NA	NA	NA	NA	NA	NA	NA	NA	NA	NA	NA	NA	NA	NA	NA	NA	NA	NA	NA	NA	NA
cg12985923	0.909525279816243	0.452491536988745	0.961242103675952	0.59093583738116	0.472767819602461	0.30064988886149	0.478693762679963	0.879770549586301	0.958332646877083	0.798221271301907	0.527265087350789	0.954621735162699	0.887950353702376	0.93123896016999	0.249526932871102	0.488721871746901	0.742468498797269	0.239322032272523	0.833424389965488	0.942877273754751	0.714216840399559	0.811125646352286	0.721415511361169	0.830489179018985	0.425021563367527	0.944643761908212	0.904214076587715	0.82155126407379	0.938597986155835	0.558024496578802	0.733569985088238	0.548713442753992	0.737185211363982	0.752015972097038	0.35426403841981	0.747570242795597	0.656645185814201	0.950427327062164	0.928978451452412	0.550297159056699	0.821370632927027	0.948589587217238	0.670966515886122	0.824170818642239	0.902933495880805	0.890332676000039	0.942025749774132	0.919089705842749	0.735984516632844	0.912374316725538	0.923578053683047	0.922629191565841	0.830528809477224	0.91973987021108	0.306999854694497	0.709929464639404	0.523056446951689
cg13003329	NA	NA	NA	NA	NA	NA	NA	NA	NA	NA	NA	NA	NA	NA	NA	NA	NA	NA	NA	NA	NA	NA	NA	NA	NA	NA	NA	NA	NA	NA	NA	NA	NA	NA	NA	NA	NA	NA	NA	NA	NA	NA	NA	NA	NA	NA	NA	NA	NA	NA	NA	NA	NA	NA	NA	NA	NA
cg13018639	0.906499956767054	0.908785552231175	0.914017493183152	0.761042330787296	0.864150435652068	0.932879095019756	0.853358330833075	0.916996731066339	0.817543068174955	0.886309851470338	0.145879911460465	0.880402223461149	NA	0.913235952090212	NA	0.924046130431651	0.845803798463525	0.887357956537472	0.611490442988821	0.905926694696623	0.717539014573357	0.923702362836813	0.862981062642296	0.862583812435038	0.675606088420304	0.907557546848383	0.670431279632299	0.829108812232453	0.901319406273236	0.830280877155798	0.873539913972604	0.848750869107469	NA	0.878912858044525	0.670197665524306	0.839773628857951	NA	0.90370856217371	NA	0.825011262725541	0.320243665683197	0.937026735273777	0.853657853340057	0.889494405091776	0.94076446148754	0.713604771119937	0.694789265291495	0.931555151486906	0.850513169646074	0.89726825363208	0.646517495817082	0.72030515116173	0.736610879797013	0.925154975012707	0.884518371196068	0.943012874399013	NA
cg13022905	NA	NA	NA	NA	NA	NA	NA	NA	NA	NA	NA	NA	NA	NA	NA	NA	NA	NA	NA	NA	NA	NA	NA	NA	NA	NA	NA	NA	NA	NA	NA	NA	NA	NA	NA	NA	NA	NA	NA	NA	NA	NA	NA	NA	NA	NA	NA	NA	NA	NA	NA	NA	NA	NA	NA	NA	NA
cg13060607	NA	NA	NA	NA	NA	NA	NA	NA	NA	NA	NA	NA	NA	NA	NA	NA	NA	NA	NA	NA	NA	NA	NA	NA	NA	NA	NA	NA	NA	NA	NA	NA	NA	NA	NA	NA	NA	NA	NA	NA	NA	NA	NA	NA	NA	NA	NA	NA	NA	NA	NA	NA	NA	NA	NA	NA	NA
cg13082604	NA	NA	NA	NA	NA	NA	NA	NA	NA	NA	NA	NA	NA	NA	NA	NA	NA	NA	NA	NA	NA	NA	NA	NA	NA	NA	NA	NA	NA	NA	NA	NA	NA	NA	NA	NA	NA	NA	NA	NA	NA	NA	NA	NA	NA	NA	NA	NA	NA	NA	NA	NA	NA	NA	NA	NA	NA
cg13105167	NA	NA	NA	NA	NA	NA	NA	NA	NA	NA	NA	NA	NA	NA	NA	NA	NA	NA	NA	NA	NA	NA	NA	NA	NA	NA	NA	NA	NA	NA	NA	NA	NA	NA	NA	NA	NA	NA	NA	NA	NA	NA	NA	NA	NA	NA	NA	NA	NA	NA	NA	NA	NA	NA	NA	NA	NA
cg13155421	0.955190660753612	0.873990925383983	0.957691338895956	0.89132752301348	0.803099186221973	0.922816387936121	0.87826820901143	0.89770394603209	0.806685480767782	0.840505589328796	0.942769122886753	0.848299499591147	0.893306255968779	0.926096085283164	0.924704373149975	0.792682728522305	0.574398250695926	0.92387034123029	0.489282239130959	0.913177543387999	0.594174709428066	0.867080781583426	0.836654684000558	0.825374436613775	0.728745600568017	0.940697427814582	0.89710547165276	0.707978916407572	0.85109894355722	0.893463814455274	0.888026495490401	0.954710444844546	0.768430990151379	0.824987305725187	0.861174560057488	0.949286981107348	0.742346055171007	0.958719760169916	0.895129821221054	0.762268741902463	0.467081031961048	0.953098564812877	0.753903317396884	0.78998211058225	0.963709673177734	0.575383738624321	0.888571585719831	0.902224112155023	0.605367578902453	0.937752640721797	0.810725615517035	0.629680691679488	0.225247078923959	0.883519865128997	0.829199281940918	0.830772297229196	0.766325601798047
cg13202514	NA	NA	NA	NA	NA	NA	NA	NA	NA	NA	NA	NA	NA	NA	NA	NA	NA	NA	NA	NA	NA	NA	NA	NA	NA	NA	NA	NA	NA	NA	NA	NA	NA	NA	NA	NA	NA	NA	NA	NA	NA	NA	NA	NA	NA	NA	NA	NA	NA	NA	NA	NA	NA	NA	NA	NA	NA
cg13225272	NA	NA	NA	NA	NA	NA	NA	NA	NA	NA	NA	NA	NA	NA	NA	NA	NA	NA	NA	NA	NA	NA	NA	NA	NA	NA	NA	NA	NA	NA	NA	NA	NA	NA	NA	NA	NA	NA	NA	NA	NA	NA	NA	NA	NA	NA	NA	NA	NA	NA	NA	NA	NA	NA	NA	NA	NA
cg13227480	NA	NA	NA	NA	NA	NA	NA	NA	NA	NA	NA	NA	NA	NA	NA	NA	NA	NA	NA	NA	NA	NA	NA	NA	NA	NA	NA	NA	NA	NA	NA	NA	NA	NA	NA	NA	NA	NA	NA	NA	NA	NA	NA	NA	NA	NA	NA	NA	NA	NA	NA	NA	NA	NA	NA	NA	NA
cg13234587	0.949916284390946	0.93483872378552	0.921362742134457	0.898567186436495	0.778585962639919	0.941437504987343	0.932317343791162	0.18721249206896	0.935022843900366	0.501336475525706	0.878360892129726	0.952962411876217	0.920060848200119	0.931655061244198	0.927674335197762	0.918481639655637	0.906366102662686	0.858822001257483	0.24046910870527	0.918697380034037	0.935969944650047	0.943445765782194	0.936114818943869	0.871915372218999	0.840914074747546	0.955105285720719	0.935164653411866	0.904811176843753	0.952803202806527	0.93853617619016	0.943325735223401	0.750893157785586	0.844036445325752	0.958466477485531	0.916206715255829	0.928921363739241	0.86664602556142	0.942472165258618	0.889258844734452	0.337568452255459	0.934202701131252	0.920837904770765	0.848216829174095	0.918063111506423	0.938534856420343	0.91691059035509	0.922478638169797	0.92992042905522	0.910433342142595	0.934511758016047	0.940517909627096	0.958470418318879	0.226587325659951	0.940541970221805	0.937422230002193	0.951804240679888	0.907515949752825
cg13244886	NA	NA	NA	NA	NA	NA	NA	NA	NA	NA	NA	NA	NA	NA	NA	NA	NA	NA	NA	NA	NA	NA	NA	NA	NA	NA	NA	NA	NA	NA	NA	NA	NA	NA	NA	NA	NA	NA	NA	NA	NA	NA	NA	NA	NA	NA	NA	NA	NA	NA	NA	NA	NA	NA	NA	NA	NA
cg13247922	NA	NA	NA	NA	NA	NA	NA	NA	NA	NA	NA	NA	NA	NA	NA	NA	NA	NA	NA	NA	NA	NA	NA	NA	NA	NA	NA	NA	NA	NA	NA	NA	NA	NA	NA	NA	NA	NA	NA	NA	NA	NA	NA	NA	NA	NA	NA	NA	NA	NA	NA	NA	NA	NA	NA	NA	NA
cg13278241	NA	NA	NA	NA	NA	NA	NA	NA	NA	NA	NA	NA	NA	NA	NA	NA	NA	NA	NA	NA	NA	NA	NA	NA	NA	NA	NA	NA	NA	NA	NA	NA	NA	NA	NA	NA	NA	NA	NA	NA	NA	NA	NA	NA	NA	NA	NA	NA	NA	NA	NA	NA	NA	NA	NA	NA	NA
cg13324357	NA	NA	NA	NA	NA	NA	NA	NA	NA	NA	NA	NA	NA	NA	NA	NA	NA	NA	NA	NA	NA	NA	NA	NA	NA	NA	NA	NA	NA	NA	NA	NA	NA	NA	NA	NA	NA	NA	NA	NA	NA	NA	NA	NA	NA	NA	NA	NA	NA	NA	NA	NA	NA	NA	NA	NA	NA
cg13342370	NA	NA	NA	NA	NA	NA	NA	NA	NA	NA	NA	NA	NA	NA	NA	NA	NA	NA	NA	NA	NA	NA	NA	NA	NA	NA	NA	NA	NA	NA	NA	NA	NA	NA	NA	NA	NA	NA	NA	NA	NA	NA	NA	NA	NA	NA	NA	NA	NA	NA	NA	NA	NA	NA	NA	NA	NA
cg13375629	0.79393955894327	0.712152127934319	0.770187027764628	0.693729693084895	0.60634433362623	0.864387696984117	0.516622158433581	0.698972158404312	0.877981855785458	0.724370449797569	0.716983392671875	0.432667794291054	0.638867037840399	0.607078396885142	0.654421443007029	0.799287451185267	0.830089295278929	0.602589889765658	0.329763740715546	0.466061042736955	0.848931452729913	0.807922435920514	0.604314237559396	0.749869280219918	0.589410625362101	0.823668914932655	0.326963118660488	0.612847253407027	0.847289682501289	0.512689420676003	0.503093304537664	0.770555154928915	0.562442362748198	0.856120567218188	0.428807003328732	0.737931192013467	0.571252208693926	0.894695476561676	0.612118936117725	0.653183538483504	0.498248183775839	0.853282527626115	0.60903598947368	0.667460692715634	0.858526569554202	0.859170064110121	0.39474798603738	0.87681722257281	0.851012929846692	0.682036646221808	0.472567669583462	0.764035432598628	0.197472530020681	0.794520741711018	0.52189575054468	0.717128705334791	0.582691305867822
cg13386084	NA	NA	NA	NA	NA	NA	NA	NA	NA	NA	NA	NA	NA	NA	NA	NA	NA	NA	NA	NA	NA	NA	NA	NA	NA	NA	NA	NA	NA	NA	NA	NA	NA	NA	NA	NA	NA	NA	NA	NA	NA	NA	NA	NA	NA	NA	NA	NA	NA	NA	NA	NA	NA	NA	NA	NA	NA
cg13391607	NA	NA	NA	NA	NA	NA	NA	NA	NA	NA	NA	NA	NA	NA	NA	NA	NA	NA	NA	NA	NA	NA	NA	NA	NA	NA	NA	NA	NA	NA	NA	NA	NA	NA	NA	NA	NA	NA	NA	NA	NA	NA	NA	NA	NA	NA	NA	NA	NA	NA	NA	NA	NA	NA	NA	NA	NA
cg13412213	0.208243696825367	0.254222366896825	0.820190198465947	0.700839184581174	0.212899292497111	0.76318639136337	0.768130885483747	0.373442796706014	0.87605539555838	0.679263227113655	0.880255350828548	0.231885152188645	0.808048528562813	0.849550166170469	0.402739239484765	0.439942382682168	0.278452887740121	0.262808343045841	0.840347485253188	0.465768178799703	0.737180922491144	0.734610550791714	0.357257596989161	0.807136499643808	0.17303762880856	0.845925112055476	0.81885684469377	0.752755217958752	0.696692517331953	0.584626738756347	0.746110859381039	0.882329164217523	0.353120400030738	0.470469669983835	0.212649023892316	0.617929717635592	0.253727388318415	0.36959394580637	0.382458081131665	0.845777441229866	0.73614258623239	0.849633216558895	0.816398969305228	0.209341277439928	0.28000029124604	0.868809863321701	0.841323833567804	0.565153637189052	0.681615478741659	0.584402693575505	0.777458709039541	0.634764943080413	0.855267919318961	0.773637989092032	0.630758353156543	0.897621132982525	0.686497898628382
cg13415320	NA	NA	NA	NA	NA	NA	NA	NA	NA	NA	NA	NA	NA	NA	NA	NA	NA	NA	NA	NA	NA	NA	NA	NA	NA	NA	NA	NA	NA	NA	NA	NA	NA	NA	NA	NA	NA	NA	NA	NA	NA	NA	NA	NA	NA	NA	NA	NA	NA	NA	NA	NA	NA	NA	NA	NA	NA
cg13436725	NA	NA	NA	NA	NA	NA	NA	NA	NA	NA	NA	NA	NA	NA	NA	NA	NA	NA	NA	NA	NA	NA	NA	NA	NA	NA	NA	NA	NA	NA	NA	NA	NA	NA	NA	NA	NA	NA	NA	NA	NA	NA	NA	NA	NA	NA	NA	NA	NA	NA	NA	NA	NA	NA	NA	NA	NA
cg13442045	NA	NA	NA	NA	NA	NA	NA	NA	NA	NA	NA	NA	NA	NA	NA	NA	NA	NA	NA	NA	NA	NA	NA	NA	NA	NA	NA	NA	NA	NA	NA	NA	NA	NA	NA	NA	NA	NA	NA	NA	NA	NA	NA	NA	NA	NA	NA	NA	NA	NA	NA	NA	NA	NA	NA	NA	NA
cg13475915	NA	NA	NA	NA	NA	NA	NA	NA	NA	NA	NA	NA	NA	NA	NA	NA	NA	NA	NA	NA	NA	NA	NA	NA	NA	NA	NA	NA	NA	NA	NA	NA	NA	NA	NA	NA	NA	NA	NA	NA	NA	NA	NA	NA	NA	NA	NA	NA	NA	NA	NA	NA	NA	NA	NA	NA	NA
cg13487422	NA	NA	NA	NA	NA	NA	NA	NA	NA	NA	NA	NA	NA	NA	NA	NA	NA	NA	NA	NA	NA	NA	NA	NA	NA	NA	NA	NA	NA	NA	NA	NA	NA	NA	NA	NA	NA	NA	NA	NA	NA	NA	NA	NA	NA	NA	NA	NA	NA	NA	NA	NA	NA	NA	NA	NA	NA
cg13498940	NA	NA	NA	NA	NA	NA	NA	NA	NA	NA	NA	NA	NA	NA	NA	NA	NA	NA	NA	NA	NA	NA	NA	NA	NA	NA	NA	NA	NA	NA	NA	NA	NA	NA	NA	NA	NA	NA	NA	NA	NA	NA	NA	NA	NA	NA	NA	NA	NA	NA	NA	NA	NA	NA	NA	NA	NA
cg13534903	NA	NA	NA	NA	NA	NA	NA	NA	NA	NA	NA	NA	NA	NA	NA	NA	NA	NA	NA	NA	NA	NA	NA	NA	NA	NA	NA	NA	NA	NA	NA	NA	NA	NA	NA	NA	NA	NA	NA	NA	NA	NA	NA	NA	NA	NA	NA	NA	NA	NA	NA	NA	NA	NA	NA	NA	NA
cg13542042	NA	NA	NA	NA	NA	NA	NA	NA	NA	NA	NA	NA	NA	NA	NA	NA	NA	NA	NA	NA	NA	NA	NA	NA	NA	NA	NA	NA	NA	NA	NA	NA	NA	NA	NA	NA	NA	NA	NA	NA	NA	NA	NA	NA	NA	NA	NA	NA	NA	NA	NA	NA	NA	NA	NA	NA	NA
cg13574050	NA	NA	NA	NA	NA	NA	NA	NA	NA	NA	NA	NA	NA	NA	NA	NA	NA	NA	NA	NA	NA	NA	NA	NA	NA	NA	NA	NA	NA	NA	NA	NA	NA	NA	NA	NA	NA	NA	NA	NA	NA	NA	NA	NA	NA	NA	NA	NA	NA	NA	NA	NA	NA	NA	NA	NA	NA
cg13579926	NA	NA	NA	NA	NA	NA	NA	NA	NA	NA	NA	NA	NA	NA	NA	NA	NA	NA	NA	NA	NA	NA	NA	NA	NA	NA	NA	NA	NA	NA	NA	NA	NA	NA	NA	NA	NA	NA	NA	NA	NA	NA	NA	NA	NA	NA	NA	NA	NA	NA	NA	NA	NA	NA	NA	NA	NA
cg13583523	0.152067806573894	0.910925386337259	0.315550061103647	0.158707211228389	0.669156743221622	0.426849437787318	0.792360345636455	0.113527225305825	0.839080142425862	0.774757036095498	0.0790800509462784	0.892102987995952	0.575257937510338	0.148745374626181	0.867953603649639	0.469789392741927	0.25849054207308	0.168165456989475	0.168007941136888	0.832790442535909	0.41337163693715	0.635727327783986	0.850553416723156	0.545178175218611	0.658180637406216	0.092680717284627	0.224316925342094	0.587327455468502	0.34815674485129	0.776123839734212	0.795285114316689	0.20868155640124	0.226727727246028	0.894321050346391	0.834656212497407	0.125816893419464	0.646630786567156	0.863300512808511	0.0995364595052464	0.546140360473659	0.177329497816696	0.765536498264736	0.631228667787364	0.578739164198129	0.889428223669496	0.775408445115219	0.234815436405421	0.880935192004589	0.571261299939122	0.913519049936298	0.523565393947526	0.448894786778456	0.222625101972164	0.745882626744182	0.599727876629485	0.677935394559644	0.407546376833924
cg13594837	NA	NA	NA	NA	NA	NA	NA	NA	NA	NA	NA	NA	NA	NA	NA	NA	NA	NA	NA	NA	NA	NA	NA	NA	NA	NA	NA	NA	NA	NA	NA	NA	NA	NA	NA	NA	NA	NA	NA	NA	NA	NA	NA	NA	NA	NA	NA	NA	NA	NA	NA	NA	NA	NA	NA	NA	NA
cg13597865	NA	NA	NA	NA	NA	NA	NA	NA	NA	NA	NA	NA	NA	NA	NA	NA	NA	NA	NA	NA	NA	NA	NA	NA	NA	NA	NA	NA	NA	NA	NA	NA	NA	NA	NA	NA	NA	NA	NA	NA	NA	NA	NA	NA	NA	NA	NA	NA	NA	NA	NA	NA	NA	NA	NA	NA	NA
cg13599051	NA	NA	NA	NA	NA	NA	NA	NA	NA	NA	NA	NA	NA	NA	NA	NA	NA	NA	NA	NA	NA	NA	NA	NA	NA	NA	NA	NA	NA	NA	NA	NA	NA	NA	NA	NA	NA	NA	NA	NA	NA	NA	NA	NA	NA	NA	NA	NA	NA	NA	NA	NA	NA	NA	NA	NA	NA
cg13614060	0.379002387828833	0.806156210323475	0.621306514724006	0.607085193199924	0.655749579408621	0.755856512410921	0.784194773939892	0.296250338457703	0.843130581147332	0.707418506391071	0.734465344872912	0.490243019202173	0.701398508451443	0.814328582739082	0.792511611776635	0.682086795946618	0.788449666965598	0.729969885859106	0.157918831156249	0.825510858890583	0.561130582259136	0.686551168903618	0.743421700129627	0.37174433635923	0.64134289546545	0.90109841436424	0.727942257720463	0.775483563188358	0.578625632432707	0.726398631127574	0.819044682414058	0.74886083745669	0.33900897475412	0.854948789407747	0.572057659144972	0.79182854579926	0.710229586591775	0.900469031903659	0.617615524018922	0.674451501195567	0.67411431746065	0.881740202178131	0.773676231677801	0.814454903651046	0.64223196842329	0.741916090243672	0.368542173342002	0.855276448271857	0.770910388441304	0.836335514317885	0.645178520823181	0.544215555116813	0.238462521546416	0.661684764827551	0.722997140715212	0.475819891213941	0.471042487541064
cg13625213	0.963147193342684	0.95961748661907	0.961772429665516	0.962660845236082	0.960461559021699	0.945102587324921	0.963303105914457	0.957646494075409	0.963987156059963	0.969321982757412	0.963942511168515	0.8349092800164	0.956582604794379	0.960173756177201	0.955999982465591	0.743095035410293	0.956683130668376	0.967446697800953	0.736953200805056	0.962555315622201	0.960715436745917	0.971616680492354	0.965971972030696	0.93424656851758	0.90514116699933	0.959950544771644	0.958293231579029	0.950267375724627	0.954431974789865	0.966987919232804	0.962197858919917	0.941263988726559	0.965918704063945	0.965521533558496	0.953632150541999	0.960110751927773	0.9553927055877	0.970653161173626	0.958839083280852	0.73734273636802	0.941454198740481	0.970162568389954	0.940613832956472	0.954783899521932	0.965901388840533	0.944824051192514	0.955156188693115	0.967889680353657	0.92380807516841	0.971750481999339	0.953512675865377	0.972837942339704	0.655887070449094	0.953090649739589	0.947064817146199	0.968320300051906	0.904006744068288
cg13642800	NA	NA	NA	NA	NA	NA	NA	NA	NA	NA	NA	NA	NA	NA	NA	NA	NA	NA	NA	NA	NA	NA	NA	NA	NA	NA	NA	NA	NA	NA	NA	NA	NA	NA	NA	NA	NA	NA	NA	NA	NA	NA	NA	NA	NA	NA	NA	NA	NA	NA	NA	NA	NA	NA	NA	NA	NA
cg13644646	NA	NA	NA	NA	NA	NA	NA	NA	NA	NA	NA	NA	NA	NA	NA	NA	NA	NA	NA	NA	NA	NA	NA	NA	NA	NA	NA	NA	NA	NA	NA	NA	NA	NA	NA	NA	NA	NA	NA	NA	NA	NA	NA	NA	NA	NA	NA	NA	NA	NA	NA	NA	NA	NA	NA	NA	NA
cg13662724	NA	NA	NA	NA	NA	NA	NA	NA	NA	NA	NA	NA	NA	NA	NA	NA	NA	NA	NA	NA	NA	NA	NA	NA	NA	NA	NA	NA	NA	NA	NA	NA	NA	NA	NA	NA	NA	NA	NA	NA	NA	NA	NA	NA	NA	NA	NA	NA	NA	NA	NA	NA	NA	NA	NA	NA	NA
cg13714241	NA	NA	NA	NA	NA	NA	NA	NA	NA	NA	NA	NA	NA	NA	NA	NA	NA	NA	NA	NA	NA	NA	NA	NA	NA	NA	NA	NA	NA	NA	NA	NA	NA	NA	NA	NA	NA	NA	NA	NA	NA	NA	NA	NA	NA	NA	NA	NA	NA	NA	NA	NA	NA	NA	NA	NA	NA
cg13715827	NA	NA	NA	NA	NA	NA	NA	NA	NA	NA	NA	NA	NA	NA	NA	NA	NA	NA	NA	NA	NA	NA	NA	NA	NA	NA	NA	NA	NA	NA	NA	NA	NA	NA	NA	NA	NA	NA	NA	NA	NA	NA	NA	NA	NA	NA	NA	NA	NA	NA	NA	NA	NA	NA	NA	NA	NA
cg13716167	NA	NA	NA	NA	NA	NA	NA	NA	NA	NA	NA	NA	NA	NA	NA	NA	NA	NA	NA	NA	NA	NA	NA	NA	NA	NA	NA	NA	NA	NA	NA	NA	NA	NA	NA	NA	NA	NA	NA	NA	NA	NA	NA	NA	NA	NA	NA	NA	NA	NA	NA	NA	NA	NA	NA	NA	NA
cg13717555	NA	NA	NA	NA	NA	NA	NA	NA	NA	NA	NA	NA	NA	NA	NA	NA	NA	NA	NA	NA	NA	NA	NA	NA	NA	NA	NA	NA	NA	NA	NA	NA	NA	NA	NA	NA	NA	NA	NA	NA	NA	NA	NA	NA	NA	NA	NA	NA	NA	NA	NA	NA	NA	NA	NA	NA	NA
cg13754621	NA	NA	NA	NA	NA	NA	NA	NA	NA	NA	NA	NA	NA	NA	NA	NA	NA	NA	NA	NA	NA	NA	NA	NA	NA	NA	NA	NA	NA	NA	NA	NA	NA	NA	NA	NA	NA	NA	NA	NA	NA	NA	NA	NA	NA	NA	NA	NA	NA	NA	NA	NA	NA	NA	NA	NA	NA
cg13759931	NA	NA	NA	NA	NA	NA	NA	NA	NA	NA	NA	NA	NA	NA	NA	NA	NA	NA	NA	NA	NA	NA	NA	NA	NA	NA	NA	NA	NA	NA	NA	NA	NA	NA	NA	NA	NA	NA	NA	NA	NA	NA	NA	NA	NA	NA	NA	NA	NA	NA	NA	NA	NA	NA	NA	NA	NA
cg13781938	0.962894810970443	0.965167294271132	0.973124568504877	0.961541607863411	0.876825876116029	0.95300138099961	0.965543406948212	0.940923245471552	0.97086786619771	0.935616958129095	0.975482487615917	0.974895773769591	0.94160468819484	0.96892175138726	0.889686377855658	0.698161999848415	0.943363186665326	0.861482983918925	0.965673232226517	0.975328006587814	0.47607861501284	0.960281837211662	0.963548214667954	0.968454215703985	0.748819009832464	0.964854923886084	0.967377398052052	0.971461301567461	0.964178626337445	0.926652827191857	0.973951922491505	0.977265474183845	0.959899160414785	0.917213706530185	0.972879087096292	0.97694216940178	0.971965806889684	0.978755319127141	0.779019540218174	0.577163391735634	0.915316480930622	0.960865410314122	0.967267941295389	0.974405432853329	0.978847411538447	0.963771291042897	0.970146137298746	0.970002406602577	0.947633310743163	0.97166859506927	0.959114259434066	0.97280703054661	0.972054466222568	0.962046094237994	0.686206255167826	0.970077907859681	0.45982550093124
cg13848981	NA	NA	NA	NA	NA	NA	NA	NA	NA	NA	NA	NA	NA	NA	NA	NA	NA	NA	NA	NA	NA	NA	NA	NA	NA	NA	NA	NA	NA	NA	NA	NA	NA	NA	NA	NA	NA	NA	NA	NA	NA	NA	NA	NA	NA	NA	NA	NA	NA	NA	NA	NA	NA	NA	NA	NA	NA
cg13873902	NA	NA	NA	NA	NA	NA	NA	NA	NA	NA	NA	NA	NA	NA	NA	NA	NA	NA	NA	NA	NA	NA	NA	NA	NA	NA	NA	NA	NA	NA	NA	NA	NA	NA	NA	NA	NA	NA	NA	NA	NA	NA	NA	NA	NA	NA	NA	NA	NA	NA	NA	NA	NA	NA	NA	NA	NA
cg13876071	NA	NA	NA	NA	NA	NA	NA	NA	NA	NA	NA	NA	NA	NA	NA	NA	NA	NA	NA	NA	NA	NA	NA	NA	NA	NA	NA	NA	NA	NA	NA	NA	NA	NA	NA	NA	NA	NA	NA	NA	NA	NA	NA	NA	NA	NA	NA	NA	NA	NA	NA	NA	NA	NA	NA	NA	NA
cg13877944	NA	NA	NA	NA	NA	NA	NA	NA	NA	NA	NA	NA	NA	NA	NA	NA	NA	NA	NA	NA	NA	NA	NA	NA	NA	NA	NA	NA	NA	NA	NA	NA	NA	NA	NA	NA	NA	NA	NA	NA	NA	NA	NA	NA	NA	NA	NA	NA	NA	NA	NA	NA	NA	NA	NA	NA	NA
cg13882046	NA	NA	NA	NA	NA	NA	NA	NA	NA	NA	NA	NA	NA	NA	NA	NA	NA	NA	NA	NA	NA	NA	NA	NA	NA	NA	NA	NA	NA	NA	NA	NA	NA	NA	NA	NA	NA	NA	NA	NA	NA	NA	NA	NA	NA	NA	NA	NA	NA	NA	NA	NA	NA	NA	NA	NA	NA
cg13947513	NA	NA	NA	NA	NA	NA	NA	NA	NA	NA	NA	NA	NA	NA	NA	NA	NA	NA	NA	NA	NA	NA	NA	NA	NA	NA	NA	NA	NA	NA	NA	NA	NA	NA	NA	NA	NA	NA	NA	NA	NA	NA	NA	NA	NA	NA	NA	NA	NA	NA	NA	NA	NA	NA	NA	NA	NA
cg13979194	NA	NA	NA	NA	NA	NA	NA	NA	NA	NA	NA	NA	NA	NA	NA	NA	NA	NA	NA	NA	NA	NA	NA	NA	NA	NA	NA	NA	NA	NA	NA	NA	NA	NA	NA	NA	NA	NA	NA	NA	NA	NA	NA	NA	NA	NA	NA	NA	NA	NA	NA	NA	NA	NA	NA	NA	NA
cg13980410	0.11352062520898	0.782774776108864	0.820863907943133	0.752066280138273	0.70826627979532	0.761806140412997	0.625257991843084	0.151001154350897	0.217043193286075	0.190258166544749	0.587434545180032	0.811921847706857	0.339086941332942	0.738622748953936	0.456922083075667	0.51774785609224	0.697945715489582	0.589399480639682	0.138776352825645	0.768049003299586	0.717369118228012	0.671729144821311	0.489979907358606	0.559721967301676	0.552796343812643	0.624368640741902	0.54928386932502	0.65923846780178	0.30023202989971	0.68730059121987	0.665973265236622	0.136956335371845	0.321076694610694	0.808203433420139	0.574649731621105	0.11645206306566	0.507438301126544	0.76038749490001	0.570172150894299	0.369022298977269	0.403145757225995	0.440064989026766	0.568119373576117	0.664055522537285	0.877029013258818	0.696624289518909	0.353602637653413	0.618975879849369	0.753519007830606	0.84250691336484	0.665090470968498	0.486400198884038	0.117100060489195	0.408618731993043	0.844010614280127	0.840659867332797	0.426451754340092
cg13982037	0.0673765036961356	0.254875076061358	0.598550788944188	0.14889368557563	0.0671886040336562	0.662006581951455	0.328222506711816	0.193967543080547	0.226408632055025	0.187921852846762	0.0509699570763172	0.353333114554497	0.146424377310192	0.327470435842161	0.0798913869383364	0.135905428661427	0.200989476735743	0.728088514985642	0.0523632480575435	0.604553507977707	0.135014951628805	0.472688541597297	0.162690886726635	0.0693643314633642	0.111436978279632	0.0728545836894594	0.10020311989302	0.388052088432482	0.401065621628779	0.309048514315871	0.424540678314209	0.0660650465480376	0.260444966346201	0.402290774694723	0.127950035694435	0.171979166344824	0.0802309115812123	0.586852583025411	0.0646521101171641	0.11125093800785	0.134785352722378	0.46990176578211	0.163913127952796	0.330592412290962	0.406786781769474	0.222933689561156	0.145387544154205	0.745920850902375	0.341622780019975	0.625100730126872	0.0820277673300971	0.357058169637457	0.110491009687266	0.112497821820763	0.605846245418458	0.393296107353222	0.110232092557062
cg13983495	NA	NA	NA	NA	NA	NA	NA	NA	NA	NA	NA	NA	NA	NA	NA	NA	NA	NA	NA	NA	NA	NA	NA	NA	NA	NA	NA	NA	NA	NA	NA	NA	NA	NA	NA	NA	NA	NA	NA	NA	NA	NA	NA	NA	NA	NA	NA	NA	NA	NA	NA	NA	NA	NA	NA	NA	NA
cg14027704	NA	NA	NA	NA	NA	NA	NA	NA	NA	NA	NA	NA	NA	NA	NA	NA	NA	NA	NA	NA	NA	NA	NA	NA	NA	NA	NA	NA	NA	NA	NA	NA	NA	NA	NA	NA	NA	NA	NA	NA	NA	NA	NA	NA	NA	NA	NA	NA	NA	NA	NA	NA	NA	NA	NA	NA	NA
cg14029959	0.479209058900341	0.563379346663911	0.698300093535162	0.650954626720263	0.721931205705156	0.303081406153997	0.697764282285876	0.701015575251683	0.219629447866968	0.281152948186084	0.805292127880368	0.433442581767918	0.657277397637327	0.316909903964123	0.631834101243274	0.311305452324127	0.468810549297674	0.358933698269458	0.824667479171612	0.750492510265042	0.825052952200916	0.356019329812804	0.290224738411548	0.771332192841512	0.645110263123632	0.196605301501699	0.656241928285667	0.451159854359837	0.857806501193471	0.676274566799344	0.442409849668576	0.464936972315013	0.384311017299439	0.223536710580355	0.386194263310928	0.847513304059457	0.636392052121456	0.752298018511712	0.862902626249692	0.854247489671523	0.376727953421253	0.490949651223381	0.785459246778402	0.42870475942555	0.596367858099228	0.813669408228979	0.585079921014533	0.525539985282901	0.343996368959255	0.676676100740899	0.415383371675255	0.689744845271885	0.392866703557279	0.34452958929496	0.408093474173185	0.613026598132593	0.842506451807723
cg14033737	NA	NA	NA	NA	NA	NA	NA	NA	NA	NA	NA	NA	NA	NA	NA	NA	NA	NA	NA	NA	NA	NA	NA	NA	NA	NA	NA	NA	NA	NA	NA	NA	NA	NA	NA	NA	NA	NA	NA	NA	NA	NA	NA	NA	NA	NA	NA	NA	NA	NA	NA	NA	NA	NA	NA	NA	NA
cg14041094	0.920381513531241	0.841230939467489	0.940434444166484	0.71761358425286	0.79408635517906	0.67970703760923	0.672425548538644	0.898487408536902	0.91996099343377	0.666526707462749	0.775512374371353	0.708861884493293	0.392859790120344	0.867512812127497	0.849320527769656	0.932266397405134	0.690114500156279	0.808650325322825	0.294123149800406	0.66119641190248	0.667450122027098	0.859573560142031	0.884032055514996	0.755158195137814	0.775948034049909	0.494649794760336	0.483518414084968	0.795119493869431	0.766210518424561	0.649413634352617	0.370782527477379	0.885037967074576	0.470747833110598	0.929383821687442	0.642829780668265	0.857372465160975	0.51083781570478	0.947049025478595	0.760749210197955	0.480016570643708	0.641867485664192	0.791910588924461	0.815498830873829	0.944326310904136	0.938594301158688	0.475800970321067	0.604715438334567	0.8758537456946	0.925854867903725	0.841986800667899	0.773177853439089	0.550548050626459	0.660126630045156	0.897138960428834	0.77842026647926	0.569832422452928	0.815367823443445
cg14048785	NA	NA	NA	NA	NA	NA	NA	NA	NA	NA	NA	NA	NA	NA	NA	NA	NA	NA	NA	NA	NA	NA	NA	NA	NA	NA	NA	NA	NA	NA	NA	NA	NA	NA	NA	NA	NA	NA	NA	NA	NA	NA	NA	NA	NA	NA	NA	NA	NA	NA	NA	NA	NA	NA	NA	NA	NA
cg14102569	NA	NA	NA	NA	NA	NA	NA	NA	NA	NA	NA	NA	NA	NA	NA	NA	NA	NA	NA	NA	NA	NA	NA	NA	NA	NA	NA	NA	NA	NA	NA	NA	NA	NA	NA	NA	NA	NA	NA	NA	NA	NA	NA	NA	NA	NA	NA	NA	NA	NA	NA	NA	NA	NA	NA	NA	NA
cg14122723	NA	NA	NA	NA	NA	NA	NA	NA	NA	NA	NA	NA	NA	NA	NA	NA	NA	NA	NA	NA	NA	NA	NA	NA	NA	NA	NA	NA	NA	NA	NA	NA	NA	NA	NA	NA	NA	NA	NA	NA	NA	NA	NA	NA	NA	NA	NA	NA	NA	NA	NA	NA	NA	NA	NA	NA	NA
cg14143323	NA	NA	NA	NA	NA	NA	NA	NA	NA	NA	NA	NA	NA	NA	NA	NA	NA	NA	NA	NA	NA	NA	NA	NA	NA	NA	NA	NA	NA	NA	NA	NA	NA	NA	NA	NA	NA	NA	NA	NA	NA	NA	NA	NA	NA	NA	NA	NA	NA	NA	NA	NA	NA	NA	NA	NA	NA
cg14153625	NA	NA	NA	NA	NA	NA	NA	NA	NA	NA	NA	NA	NA	NA	NA	NA	NA	NA	NA	NA	NA	NA	NA	NA	NA	NA	NA	NA	NA	NA	NA	NA	NA	NA	NA	NA	NA	NA	NA	NA	NA	NA	NA	NA	NA	NA	NA	NA	NA	NA	NA	NA	NA	NA	NA	NA	NA
cg14178937	NA	NA	NA	NA	NA	NA	NA	NA	NA	NA	NA	NA	NA	NA	NA	NA	NA	NA	NA	NA	NA	NA	NA	NA	NA	NA	NA	NA	NA	NA	NA	NA	NA	NA	NA	NA	NA	NA	NA	NA	NA	NA	NA	NA	NA	NA	NA	NA	NA	NA	NA	NA	NA	NA	NA	NA	NA
cg14184524	0.728377937534357	0.676097770223998	0.205229663316379	0.272888588454325	0.44095419202102	0.265841623697743	0.468409645771394	0.16583873957204	0.190297198103514	0.604683577735696	0.164912697439368	0.0855815651418522	0.296559348588679	0.192537985914617	0.419456882348419	0.621272842133892	0.43252060590877	0.190258049548125	0.131193769741524	0.273226886048417	0.239111074532561	0.624235951193581	0.585281850847194	0.315931437965218	0.216778466305795	0.180808394855437	0.414724254183284	0.622592104448876	0.817460030538772	0.267223345222077	NA	0.442026124806842	0.28449915430777	0.180495358356455	0.332643475825407	0.224417047805166	0.159468397917559	0.530107601394636	0.522506547536886	0.184198058542245	0.155450317319763	0.635030670496701	0.739608958229282	0.439732991038653	0.669026940687158	0.345705349187626	0.2697454659199	0.672826720487983	0.690809141763952	0.373907132464259	0.266507951619179	0.315953814829037	0.1313339058473	0.237223695582067	0.233585101071396	0.470747610225842	0.627855575637112
cg14212012	0.102102516637519	0.384886903575016	0.149044362425729	0.0879280575136724	NA	0.103033671781926	0.185081413712819	0.159441573839083	0.795889605945207	0.229761007673925	0.207071016776335	NA	0.131858989870548	NA	0.122502446033774	0.0843431839847398	0.0907822070145213	0.120110517289218	0.0905746297218852	0.817120386910419	0.121425209973033	NA	NA	0.213015841942367	NA	NA	NA	NA	0.563281463492304	0.339871634084151	0.209789525604293	0.13449343453214	0.172971771911857	0.171624549788534	0.419279862661021	0.227046780425883	0.146081620910496	NA	0.110897238461784	NA	0.156052505351358	0.805560620595477	0.205935571501624	0.103713129734693	0.244717886157958	0.207719450990915	NA	0.322457340810008	0.210326905623701	NA	NA	0.172783874309785	0.16014866908129	NA	NA	NA	NA
cg14218089	NA	NA	NA	NA	NA	NA	NA	NA	NA	NA	NA	NA	NA	NA	NA	NA	NA	NA	NA	NA	NA	NA	NA	NA	NA	NA	NA	NA	NA	NA	NA	NA	NA	NA	NA	NA	NA	NA	NA	NA	NA	NA	NA	NA	NA	NA	NA	NA	NA	NA	NA	NA	NA	NA	NA	NA	NA
cg14220427	NA	NA	NA	NA	NA	NA	NA	NA	NA	NA	NA	NA	NA	NA	NA	NA	NA	NA	NA	NA	NA	NA	NA	NA	NA	NA	NA	NA	NA	NA	NA	NA	NA	NA	NA	NA	NA	NA	NA	NA	NA	NA	NA	NA	NA	NA	NA	NA	NA	NA	NA	NA	NA	NA	NA	NA	NA
cg14305657	NA	NA	NA	NA	NA	NA	NA	NA	NA	NA	NA	NA	NA	NA	NA	NA	NA	NA	NA	NA	NA	NA	NA	NA	NA	NA	NA	NA	NA	NA	NA	NA	NA	NA	NA	NA	NA	NA	NA	NA	NA	NA	NA	NA	NA	NA	NA	NA	NA	NA	NA	NA	NA	NA	NA	NA	NA
cg14310179	NA	NA	NA	NA	NA	NA	NA	NA	NA	NA	NA	NA	NA	NA	NA	NA	NA	NA	NA	NA	NA	NA	NA	NA	NA	NA	NA	NA	NA	NA	NA	NA	NA	NA	NA	NA	NA	NA	NA	NA	NA	NA	NA	NA	NA	NA	NA	NA	NA	NA	NA	NA	NA	NA	NA	NA	NA
cg14319700	NA	NA	NA	NA	NA	NA	NA	NA	NA	NA	NA	NA	NA	NA	NA	NA	NA	NA	NA	NA	NA	NA	NA	NA	NA	NA	NA	NA	NA	NA	NA	NA	NA	NA	NA	NA	NA	NA	NA	NA	NA	NA	NA	NA	NA	NA	NA	NA	NA	NA	NA	NA	NA	NA	NA	NA	NA
cg14347328	NA	NA	NA	NA	NA	NA	NA	NA	NA	NA	NA	NA	NA	NA	NA	NA	NA	NA	NA	NA	NA	NA	NA	NA	NA	NA	NA	NA	NA	NA	NA	NA	NA	NA	NA	NA	NA	NA	NA	NA	NA	NA	NA	NA	NA	NA	NA	NA	NA	NA	NA	NA	NA	NA	NA	NA	NA
cg14373718	NA	NA	NA	NA	NA	NA	NA	NA	NA	NA	NA	NA	NA	NA	NA	NA	NA	NA	NA	NA	NA	NA	NA	NA	NA	NA	NA	NA	NA	NA	NA	NA	NA	NA	NA	NA	NA	NA	NA	NA	NA	NA	NA	NA	NA	NA	NA	NA	NA	NA	NA	NA	NA	NA	NA	NA	NA
cg14390884	NA	NA	NA	NA	NA	NA	NA	NA	NA	NA	NA	NA	NA	NA	NA	NA	NA	NA	NA	NA	NA	NA	NA	NA	NA	NA	NA	NA	NA	NA	NA	NA	NA	NA	NA	NA	NA	NA	NA	NA	NA	NA	NA	NA	NA	NA	NA	NA	NA	NA	NA	NA	NA	NA	NA	NA	NA
cg14404146	NA	NA	NA	NA	NA	NA	NA	NA	NA	NA	NA	NA	NA	NA	NA	NA	NA	NA	NA	NA	NA	NA	NA	NA	NA	NA	NA	NA	NA	NA	NA	NA	NA	NA	NA	NA	NA	NA	NA	NA	NA	NA	NA	NA	NA	NA	NA	NA	NA	NA	NA	NA	NA	NA	NA	NA	NA
cg14430410	NA	NA	NA	NA	NA	NA	NA	NA	NA	NA	NA	NA	NA	NA	NA	NA	NA	NA	NA	NA	NA	NA	NA	NA	NA	NA	NA	NA	NA	NA	NA	NA	NA	NA	NA	NA	NA	NA	NA	NA	NA	NA	NA	NA	NA	NA	NA	NA	NA	NA	NA	NA	NA	NA	NA	NA	NA
cg14444297	NA	NA	NA	NA	NA	NA	NA	NA	NA	NA	NA	NA	NA	NA	NA	NA	NA	NA	NA	NA	NA	NA	NA	NA	NA	NA	NA	NA	NA	NA	NA	NA	NA	NA	NA	NA	NA	NA	NA	NA	NA	NA	NA	NA	NA	NA	NA	NA	NA	NA	NA	NA	NA	NA	NA	NA	NA
cg14558728	NA	NA	NA	NA	NA	NA	NA	NA	NA	NA	NA	NA	NA	NA	NA	NA	NA	NA	NA	NA	NA	NA	NA	NA	NA	NA	NA	NA	NA	NA	NA	NA	NA	NA	NA	NA	NA	NA	NA	NA	NA	NA	NA	NA	NA	NA	NA	NA	NA	NA	NA	NA	NA	NA	NA	NA	NA
cg14571682	0.868661767843187	0.937579223440676	0.931728516363107	0.792304295746487	0.855815885829005	0.9418192695014	0.91782184844414	0.923730048588201	0.948119433706607	0.865358969919583	0.838179114280383	0.811691638874672	0.84814561440245	0.915314907454148	0.857470361339105	0.94471482997238	0.90645619113682	0.860011630374713	0.858352373244009	0.951382157565047	0.942206240295464	0.957916603344118	0.915004004323186	0.858529113260394	0.819513326880613	0.95781688153116	0.641023401077291	0.884643984719387	0.950300244519442	0.92964333838647	0.925126883587883	0.82728009507683	0.895679862990535	0.940126075859773	0.745653395502354	0.863169134095327	0.850317221739178	0.95162118620641	0.730953983432753	0.816049470286337	0.928445661561535	0.940585920794982	0.922506136049564	0.934566452526892	0.925659559242067	0.939909663589184	0.902817671628703	0.945410976662469	0.846085049723086	0.948952954516069	0.609714245729329	0.932916148692342	0.936453138839981	0.954861955137187	0.92995372936677	0.88536280366006	0.822461300513094
cg14595915	NA	NA	NA	NA	NA	NA	NA	NA	NA	NA	NA	NA	NA	NA	NA	NA	NA	NA	NA	NA	NA	NA	NA	NA	NA	NA	NA	NA	NA	NA	NA	NA	NA	NA	NA	NA	NA	NA	NA	NA	NA	NA	NA	NA	NA	NA	NA	NA	NA	NA	NA	NA	NA	NA	NA	NA	NA
cg14607955	0.91379875965893	0.846030858672684	0.935161308413648	0.891988312711297	0.924020350573166	0.920475211833488	0.89259809594129	0.916003484181329	0.939635517294456	0.931567843920659	0.933441515590018	0.912290603291192	0.939086213885622	0.949922776701102	0.893469947758562	0.950296148210202	0.951717171573255	0.849082532218611	0.956085327872117	0.939066371271278	0.946910527241455	0.938630735299838	0.90322264372421	0.926546913229734	0.895395095091892	0.928127039387574	0.938496606986637	0.900831045020893	0.930011411715169	0.920061678121663	0.936144945121462	0.953269861736131	0.896655101361671	0.911937063644556	0.75169258334681	0.906034741406069	0.888587439435653	0.908518391931108	0.898169487261696	0.941594070943972	0.863676762630529	0.939158484613294	0.895942267120528	0.899877239816609	0.945280234502271	0.900891048793853	0.852251257699263	0.925383717566818	0.944756881377348	0.912757661664912	0.920633797434415	0.915778765778101	0.958460358995257	0.942332284884775	0.936057610595847	0.924137172596069	0.921450676121799
cg14615553	NA	0.914113438484766	0.882080346272432	0.871805574437129	NA	0.930310974535899	0.917597953765788	NA	NA	0.285936371863471	0.926543898475338	0.891422225131461	0.778604083065374	0.915602621262147	0.869927974472918	0.928441013129476	0.303148050721323	0.572135561907766	0.113024130768888	0.924669064521553	0.760893361971697	0.840295989389515	0.83164469684296	NA	0.682024533846651	0.252527974143006	0.894985605492336	0.852470188388123	0.905601558681448	0.79727128693397	0.872451845124165	NA	0.769893749974187	0.904381589590095	0.791007918193073	NA	NA	0.876051720468294	0.901807014060391	0.780450456816855	NA	0.70199649967579	0.907565776443984	0.874719786681748	0.943009096216608	0.71976457002474	0.883479659652701	0.778830100407406	NA	0.865185976773052	NA	0.812037746862681	NA	0.586741471205494	0.929524613992838	0.912683150207943	0.912874807816266
cg14642414	0.87255028454547	0.965173816212071	0.912491844595307	0.279777377734632	0.799666021639071	0.897014310806502	0.935329494101037	0.224380332758635	0.20973647194189	0.929540228968814	0.516089512073922	0.938340794474551	0.593351943364509	0.382635439770721	0.941408793026994	0.961406638838859	0.686285545244937	0.840970419966516	0.469248654599155	0.953442317770098	0.711526082356451	0.677079153545413	0.941684029756288	0.804481490187658	0.89545794342987	0.929824357029351	0.67053603285552	0.856117085477634	0.738485533462828	0.909530441394563	0.93131606042621	0.881954024334672	0.562207558690955	0.948326415343774	0.832793990726988	0.94493430472847	0.768015169753565	0.945285342564582	0.309111410568585	0.845758349986168	0.595918174609669	0.956040296532105	0.928164737011089	0.919129078621211	0.955493126441121	0.956744010295353	0.942669603222917	0.938992457095655	0.849299663806354	0.944540388910256	0.95947668295618	0.768800075998265	0.62008207027667	0.950583908807455	0.302731968353174	0.947818464343497	0.533346047255989
cg14650677	NA	NA	NA	NA	NA	NA	NA	NA	NA	NA	NA	NA	NA	NA	NA	NA	NA	NA	NA	NA	NA	NA	NA	NA	NA	NA	NA	NA	NA	NA	NA	NA	NA	NA	NA	NA	NA	NA	NA	NA	NA	NA	NA	NA	NA	NA	NA	NA	NA	NA	NA	NA	NA	NA	NA	NA	NA
cg14670213	0.913140168718113	0.942886863501769	0.751761924346626	0.140090386163639	0.932867152381652	0.929973715851361	0.874584023901584	NA	0.953520291341171	0.873407595436886	0.0930640904590518	0.647692306515638	NA	0.839797881465779	NA	0.235370411950236	0.849815608024368	0.3787944737582	0.861248324577065	NA	0.342117689164769	0.920270089045541	0.929607851372539	0.943042331353843	0.326328887850499	0.941327003253871	0.821983572543055	0.927616996175055	0.92815608771828	0.917177129568573	0.225191356471743	0.930103617541941	0.693545402617523	0.928451830997601	0.618044776757644	0.938499314165227	0.321529970936506	0.951805644887933	0.206720486579281	0.174310447634116	0.873958517164869	0.933263314490615	0.911802743088347	0.417804041306224	0.946512044854378	0.91918441727544	0.199335454567253	0.954096265001996	0.943285617933959	0.926901437129335	0.944198100364141	0.939610195968882	0.934621881467032	0.940530458362342	0.94641589497855	0.931309275872161	0.847397652743477
cg14673247	0.232906780488913	0.446593835832831	0.520268112627499	0.13940601080658	0.518141862205367	0.264664631972989	0.638237615607354	0.141108622642149	0.175863416449728	0.451406146053388	0.561353570646439	0.589728423717433	0.449363383970537	0.552137664266399	0.156182902224566	0.0895013394986374	0.137039776677453	0.21975077707029	0.108867743632862	0.628054625955422	0.357483375307371	0.443470405262684	0.196761707815047	0.494809278111927	0.200220705618861	0.121173908967634	0.133131419326987	0.392703761548617	0.207548911405465	0.377190770832849	0.334951047014471	0.496677553587382	0.0902568759526204	0.691150039886168	0.269163912360029	0.827654311363974	0.330309225452828	0.889173041131532	0.290542880861439	0.422141653610909	0.125092371196525	0.261453302017361	0.444002094471861	0.145339272410304	0.820733290355967	0.297951292766898	0.389524691416106	0.42991991212251	0.387021391393964	0.881397833641273	0.311981870885506	0.266439763118833	0.163708921618595	0.404183595703747	0.623361288222063	0.777009827074821	0.45907627545221
cg14677013	NA	NA	NA	NA	NA	NA	NA	NA	NA	NA	NA	NA	NA	NA	NA	NA	NA	NA	NA	NA	NA	NA	NA	NA	NA	NA	NA	NA	NA	NA	NA	NA	NA	NA	NA	NA	NA	NA	NA	NA	NA	NA	NA	NA	NA	NA	NA	NA	NA	NA	NA	NA	NA	NA	NA	NA	NA
cg14683055	NA	NA	NA	NA	NA	NA	NA	NA	NA	NA	NA	NA	NA	NA	NA	NA	NA	NA	NA	NA	NA	NA	NA	NA	NA	NA	NA	NA	NA	NA	NA	NA	NA	NA	NA	NA	NA	NA	NA	NA	NA	NA	NA	NA	NA	NA	NA	NA	NA	NA	NA	NA	NA	NA	NA	NA	NA
cg14706226	NA	NA	NA	NA	NA	NA	NA	NA	NA	NA	NA	NA	NA	NA	NA	NA	NA	NA	NA	NA	NA	NA	NA	NA	NA	NA	NA	NA	NA	NA	NA	NA	NA	NA	NA	NA	NA	NA	NA	NA	NA	NA	NA	NA	NA	NA	NA	NA	NA	NA	NA	NA	NA	NA	NA	NA	NA
cg14707886	0.947918637531782	0.933456756337368	0.925848294145014	0.933555737455763	0.943184864614969	0.927013943687907	0.939231042077089	0.948938123494344	0.935896301880609	0.938254443700104	0.938678261776763	0.954211294084009	0.95138938219809	0.933573356073476	0.962062120987798	0.94445506727894	0.950632063628414	0.93196811662844	0.922242268971292	0.951843007783363	0.940289229606078	0.948303685373271	0.926310777394115	0.947358850604009	0.937036986721836	0.921689271529996	0.935685425834743	0.93707736759809	0.937543226663058	0.936754622493612	0.955839606813721	0.956652782713788	0.935253601281962	0.945725713133231	0.913883039273412	0.935476439714964	0.943215324109578	0.93737845861487	0.943527421059068	0.931204795097519	0.945919653534615	0.931116148322808	0.926357421249363	0.940312139149747	0.940506707946205	0.93788419909095	0.909414935963153	0.95214857291936	0.951947215171246	0.948285499405015	0.929775749199494	0.935044778359503	0.950153089549681	0.920741615492986	0.953494626244203	0.952245116670341	0.958275756460149
cg14715098	NA	NA	NA	NA	NA	NA	NA	NA	NA	NA	NA	NA	NA	NA	NA	NA	NA	NA	NA	NA	NA	NA	NA	NA	NA	NA	NA	NA	NA	NA	NA	NA	NA	NA	NA	NA	NA	NA	NA	NA	NA	NA	NA	NA	NA	NA	NA	NA	NA	NA	NA	NA	NA	NA	NA	NA	NA
cg14741811	NA	NA	NA	NA	NA	NA	NA	NA	NA	NA	NA	NA	NA	NA	NA	NA	NA	NA	NA	NA	NA	NA	NA	NA	NA	NA	NA	NA	NA	NA	NA	NA	NA	NA	NA	NA	NA	NA	NA	NA	NA	NA	NA	NA	NA	NA	NA	NA	NA	NA	NA	NA	NA	NA	NA	NA	NA
cg14756640	NA	NA	NA	NA	NA	NA	NA	NA	NA	NA	NA	NA	NA	NA	NA	NA	NA	NA	NA	NA	NA	NA	NA	NA	NA	NA	NA	NA	NA	NA	NA	NA	NA	NA	NA	NA	NA	NA	NA	NA	NA	NA	NA	NA	NA	NA	NA	NA	NA	NA	NA	NA	NA	NA	NA	NA	NA
cg14757759	NA	NA	NA	NA	NA	NA	NA	NA	NA	NA	NA	NA	NA	NA	NA	NA	NA	NA	NA	NA	NA	NA	NA	NA	NA	NA	NA	NA	NA	NA	NA	NA	NA	NA	NA	NA	NA	NA	NA	NA	NA	NA	NA	NA	NA	NA	NA	NA	NA	NA	NA	NA	NA	NA	NA	NA	NA
cg14773480	NA	NA	NA	NA	NA	NA	NA	NA	NA	NA	NA	NA	NA	NA	NA	NA	NA	NA	NA	NA	NA	NA	NA	NA	NA	NA	NA	NA	NA	NA	NA	NA	NA	NA	NA	NA	NA	NA	NA	NA	NA	NA	NA	NA	NA	NA	NA	NA	NA	NA	NA	NA	NA	NA	NA	NA	NA
cg14798158	NA	NA	NA	NA	NA	NA	NA	NA	NA	NA	NA	NA	NA	NA	NA	NA	NA	NA	NA	NA	NA	NA	NA	NA	NA	NA	NA	NA	NA	NA	NA	NA	NA	NA	NA	NA	NA	NA	NA	NA	NA	NA	NA	NA	NA	NA	NA	NA	NA	NA	NA	NA	NA	NA	NA	NA	NA
cg14835746	NA	NA	NA	NA	NA	NA	NA	NA	NA	NA	NA	NA	NA	NA	NA	NA	NA	NA	NA	NA	NA	NA	NA	NA	NA	NA	NA	NA	NA	NA	NA	NA	NA	NA	NA	NA	NA	NA	NA	NA	NA	NA	NA	NA	NA	NA	NA	NA	NA	NA	NA	NA	NA	NA	NA	NA	NA
cg14840439	NA	NA	NA	NA	NA	NA	NA	NA	NA	NA	NA	NA	NA	NA	NA	NA	NA	NA	NA	NA	NA	NA	NA	NA	NA	NA	NA	NA	NA	NA	NA	NA	NA	NA	NA	NA	NA	NA	NA	NA	NA	NA	NA	NA	NA	NA	NA	NA	NA	NA	NA	NA	NA	NA	NA	NA	NA
cg14841222	NA	NA	NA	NA	NA	NA	NA	NA	NA	NA	NA	NA	NA	NA	NA	NA	NA	NA	NA	NA	NA	NA	NA	NA	NA	NA	NA	NA	NA	NA	NA	NA	NA	NA	NA	NA	NA	NA	NA	NA	NA	NA	NA	NA	NA	NA	NA	NA	NA	NA	NA	NA	NA	NA	NA	NA	NA
cg14852920	NA	NA	NA	NA	NA	NA	NA	NA	NA	NA	NA	NA	NA	NA	NA	NA	NA	NA	NA	NA	NA	NA	NA	NA	NA	NA	NA	NA	NA	NA	NA	NA	NA	NA	NA	NA	NA	NA	NA	NA	NA	NA	NA	NA	NA	NA	NA	NA	NA	NA	NA	NA	NA	NA	NA	NA	NA
cg14857615	NA	NA	NA	NA	NA	NA	NA	NA	NA	NA	NA	NA	NA	NA	NA	NA	NA	NA	NA	NA	NA	NA	NA	NA	NA	NA	NA	NA	NA	NA	NA	NA	NA	NA	NA	NA	NA	NA	NA	NA	NA	NA	NA	NA	NA	NA	NA	NA	NA	NA	NA	NA	NA	NA	NA	NA	NA
cg14882797	NA	NA	NA	NA	NA	NA	NA	NA	NA	NA	NA	NA	NA	NA	NA	NA	NA	NA	NA	NA	NA	NA	NA	NA	NA	NA	NA	NA	NA	NA	NA	NA	NA	NA	NA	NA	NA	NA	NA	NA	NA	NA	NA	NA	NA	NA	NA	NA	NA	NA	NA	NA	NA	NA	NA	NA	NA
cg14959695	NA	NA	NA	NA	NA	NA	NA	NA	NA	NA	NA	NA	NA	NA	NA	NA	NA	NA	NA	NA	NA	NA	NA	NA	NA	NA	NA	NA	NA	NA	NA	NA	NA	NA	NA	NA	NA	NA	NA	NA	NA	NA	NA	NA	NA	NA	NA	NA	NA	NA	NA	NA	NA	NA	NA	NA	NA
cg14985830	NA	NA	NA	NA	NA	NA	NA	NA	NA	NA	NA	NA	NA	NA	NA	NA	NA	NA	NA	NA	NA	NA	NA	NA	NA	NA	NA	NA	NA	NA	NA	NA	NA	NA	NA	NA	NA	NA	NA	NA	NA	NA	NA	NA	NA	NA	NA	NA	NA	NA	NA	NA	NA	NA	NA	NA	NA
cg15007326	NA	NA	NA	NA	NA	NA	NA	NA	NA	NA	NA	NA	NA	NA	NA	NA	NA	NA	NA	NA	NA	NA	NA	NA	NA	NA	NA	NA	NA	NA	NA	NA	NA	NA	NA	NA	NA	NA	NA	NA	NA	NA	NA	NA	NA	NA	NA	NA	NA	NA	NA	NA	NA	NA	NA	NA	NA
cg15035590	0.892717398579363	0.95441440147309	0.930373134118902	0.924389296649147	0.891790822335231	0.413767871044449	0.788669387930567	0.884774978056122	0.800970100965573	0.945518507499549	0.868103544574696	0.932785612172892	0.936647205158734	0.884404440552302	0.862870629997137	0.882489708183831	0.642073128346984	0.883773916964099	0.921393153955265	0.886118574182594	0.778668201773729	0.928593560809811	0.912045093945304	0.918236020362019	0.891709039265925	0.762698034243131	0.336238891534953	0.857718871335594	0.919236598316928	0.891488604184553	0.904010004009134	0.541439305065314	0.756736484753232	0.655244398206254	0.735359768229371	0.896812069229855	0.91067088432316	0.872364167687023	0.493408397775842	0.904103473358061	0.849233313834294	0.681177632924719	0.715286491307365	0.772354523485444	0.947404767081764	0.844458647446876	0.883621729773992	0.67501232886527	0.715466100863568	0.893861931278578	0.896313224709643	0.893091230768341	0.925773348600904	0.915466437705949	0.446657927058104	0.926370420637944	0.832263536788399
cg15057836	NA	NA	NA	NA	NA	NA	NA	NA	NA	NA	NA	NA	NA	NA	NA	NA	NA	NA	NA	NA	NA	NA	NA	NA	NA	NA	NA	NA	NA	NA	NA	NA	NA	NA	NA	NA	NA	NA	NA	NA	NA	NA	NA	NA	NA	NA	NA	NA	NA	NA	NA	NA	NA	NA	NA	NA	NA
cg15067764	NA	NA	NA	NA	NA	NA	NA	NA	NA	NA	NA	NA	NA	NA	NA	NA	NA	NA	NA	NA	NA	NA	NA	NA	NA	NA	NA	NA	NA	NA	NA	NA	NA	NA	NA	NA	NA	NA	NA	NA	NA	NA	NA	NA	NA	NA	NA	NA	NA	NA	NA	NA	NA	NA	NA	NA	NA
cg15077416	NA	NA	NA	NA	NA	NA	NA	NA	NA	NA	NA	NA	NA	NA	NA	NA	NA	NA	NA	NA	NA	NA	NA	NA	NA	NA	NA	NA	NA	NA	NA	NA	NA	NA	NA	NA	NA	NA	NA	NA	NA	NA	NA	NA	NA	NA	NA	NA	NA	NA	NA	NA	NA	NA	NA	NA	NA
cg15112210	0.940579402680592	0.957547820562439	0.953152333151692	0.669199922592056	0.945249143032204	0.952818404269879	0.947720200414006	0.829078979111698	0.956489860288148	0.943936739800068	0.952381799059213	0.940892172912282	0.944503287134878	0.943119765873559	0.939004823811917	0.960846163477963	0.903347278352779	0.934513339526753	0.890824330296961	0.956896726464334	0.942301810766401	0.950695459612693	0.942918550192201	0.926047913844469	0.910682100341312	0.93014166936447	0.948702562789088	0.935889766172477	0.951069877447822	0.945713076027524	0.945749003409719	0.947987515477952	0.925731324309152	0.954985226056392	0.895437908571405	0.954951046569482	0.931778165260936	0.955361461985379	0.93312023697257	0.934338745079279	0.882894981048404	0.941640752616657	0.928596629032133	0.951402549696759	0.959362217587501	0.967028227644035	0.915483965193685	0.945747795581266	0.95638164047385	0.94798828715521	0.950147608692938	0.956188509711644	0.947506523387434	0.951595587911986	0.943017317162999	0.950807347596846	0.933046259867056
cg15162320	NA	NA	NA	NA	NA	NA	NA	NA	NA	NA	NA	NA	NA	NA	NA	NA	NA	NA	NA	NA	NA	NA	NA	NA	NA	NA	NA	NA	NA	NA	NA	NA	NA	NA	NA	NA	NA	NA	NA	NA	NA	NA	NA	NA	NA	NA	NA	NA	NA	NA	NA	NA	NA	NA	NA	NA	NA
cg15172011	NA	NA	NA	NA	NA	NA	NA	NA	NA	NA	NA	NA	NA	NA	NA	NA	NA	NA	NA	NA	NA	NA	NA	NA	NA	NA	NA	NA	NA	NA	NA	NA	NA	NA	NA	NA	NA	NA	NA	NA	NA	NA	NA	NA	NA	NA	NA	NA	NA	NA	NA	NA	NA	NA	NA	NA	NA
cg15175091	NA	NA	NA	NA	NA	NA	NA	NA	NA	NA	NA	NA	NA	NA	NA	NA	NA	NA	NA	NA	NA	NA	NA	NA	NA	NA	NA	NA	NA	NA	NA	NA	NA	NA	NA	NA	NA	NA	NA	NA	NA	NA	NA	NA	NA	NA	NA	NA	NA	NA	NA	NA	NA	NA	NA	NA	NA
cg15263875	NA	NA	NA	NA	NA	NA	NA	NA	NA	NA	NA	NA	NA	NA	NA	NA	NA	NA	NA	NA	NA	NA	NA	NA	NA	NA	NA	NA	NA	NA	NA	NA	NA	NA	NA	NA	NA	NA	NA	NA	NA	NA	NA	NA	NA	NA	NA	NA	NA	NA	NA	NA	NA	NA	NA	NA	NA
cg15293759	NA	NA	NA	NA	NA	NA	NA	NA	NA	NA	NA	NA	NA	NA	NA	NA	NA	NA	NA	NA	NA	NA	NA	NA	NA	NA	NA	NA	NA	NA	NA	NA	NA	NA	NA	NA	NA	NA	NA	NA	NA	NA	NA	NA	NA	NA	NA	NA	NA	NA	NA	NA	NA	NA	NA	NA	NA
cg15323066	NA	NA	NA	NA	NA	NA	NA	NA	NA	NA	NA	NA	NA	NA	NA	NA	NA	NA	NA	NA	NA	NA	NA	NA	NA	NA	NA	NA	NA	NA	NA	NA	NA	NA	NA	NA	NA	NA	NA	NA	NA	NA	NA	NA	NA	NA	NA	NA	NA	NA	NA	NA	NA	NA	NA	NA	NA
cg15330419	NA	NA	NA	NA	NA	NA	NA	NA	NA	NA	NA	NA	NA	NA	NA	NA	NA	NA	NA	NA	NA	NA	NA	NA	NA	NA	NA	NA	NA	NA	NA	NA	NA	NA	NA	NA	NA	NA	NA	NA	NA	NA	NA	NA	NA	NA	NA	NA	NA	NA	NA	NA	NA	NA	NA	NA	NA
cg15347484	NA	NA	NA	NA	NA	NA	NA	NA	NA	NA	NA	NA	NA	NA	NA	NA	NA	NA	NA	NA	NA	NA	NA	NA	NA	NA	NA	NA	NA	NA	NA	NA	NA	NA	NA	NA	NA	NA	NA	NA	NA	NA	NA	NA	NA	NA	NA	NA	NA	NA	NA	NA	NA	NA	NA	NA	NA
cg15358035	NA	NA	NA	NA	NA	NA	NA	NA	NA	NA	NA	NA	NA	NA	NA	NA	NA	NA	NA	NA	NA	NA	NA	NA	NA	NA	NA	NA	NA	NA	NA	NA	NA	NA	NA	NA	NA	NA	NA	NA	NA	NA	NA	NA	NA	NA	NA	NA	NA	NA	NA	NA	NA	NA	NA	NA	NA
cg15412313	0.789978470128095	0.884552720081918	0.841795230762193	0.772632010827261	0.864855680797187	0.849539021070025	0.717870837970591	0.754646329801393	0.627010769204567	0.807031944899204	0.857305388135325	0.842047072595017	0.769885907108363	0.811292563518405	0.779421676639197	0.907571450754323	0.88996624791838	0.716968905672973	0.7885228098304	0.799856987178537	0.826856943305093	0.804879007969409	0.632071750796109	0.870195214758723	0.673792882575525	0.657763467306555	0.861630367456132	0.628108809406026	0.716417519413438	0.755382601206127	0.905670064342292	0.765842308741669	0.480768567260067	0.667914503980332	0.566288149781685	0.691833785290478	0.769018834771546	0.635061254155444	0.667520431050824	0.864973365806821	0.466422467258523	0.611683743118825	0.717712866867461	0.841587881153324	0.851137615311285	0.680044230036727	0.732122039029753	0.834673847260563	0.852707154824278	0.69880391405152	0.627565315270933	0.702659988492164	0.844079768838071	0.819742631927064	0.851200246595274	0.823897158599001	0.848913987489589
cg15442567	NA	NA	NA	NA	NA	NA	NA	NA	NA	NA	NA	NA	NA	NA	NA	NA	NA	NA	NA	NA	NA	NA	NA	NA	NA	NA	NA	NA	NA	NA	NA	NA	NA	NA	NA	NA	NA	NA	NA	NA	NA	NA	NA	NA	NA	NA	NA	NA	NA	NA	NA	NA	NA	NA	NA	NA	NA
cg15535686	0.950987309362971	0.963685814160557	0.948572530267048	0.95041269012548	0.886398891415421	0.927897462743129	0.901245971976063	0.938721298610773	0.96322697082487	0.951493534233456	0.952858147438616	0.949243334063536	0.954490096129029	0.952896605668009	0.932999050377742	0.935618075708527	0.922412610609977	0.883078338045391	0.804885567498999	0.9542605345908	0.960094904172179	0.963901462769782	0.962763600654428	0.935118280559053	0.884070887339237	0.957255556746411	0.823023948845117	0.946832553723442	0.953630734474633	0.957639193632523	0.94450895233228	0.940153091308155	0.879085735574613	0.958005494874649	0.782477879384563	0.969252838729731	0.816770146680467	0.969779925899417	0.93406628052101	0.949308108499148	0.951929310488018	0.967063329178055	0.969036075839283	0.892507841646968	0.953265809084329	0.951109376009245	0.89676660098861	0.942482238664871	0.951504676444513	0.953794001625341	0.921915129524989	0.969156652382693	0.932372385940079	0.961613352609836	0.956206340796156	0.924144525567687	0.928491761866169
cg15548284	NA	NA	NA	NA	NA	NA	NA	NA	NA	NA	NA	NA	NA	NA	NA	NA	NA	NA	NA	NA	NA	NA	NA	NA	NA	NA	NA	NA	NA	NA	NA	NA	NA	NA	NA	NA	NA	NA	NA	NA	NA	NA	NA	NA	NA	NA	NA	NA	NA	NA	NA	NA	NA	NA	NA	NA	NA
cg15553710	NA	NA	NA	NA	NA	NA	NA	NA	NA	NA	NA	NA	NA	NA	NA	NA	NA	NA	NA	NA	NA	NA	NA	NA	NA	NA	NA	NA	NA	NA	NA	NA	NA	NA	NA	NA	NA	NA	NA	NA	NA	NA	NA	NA	NA	NA	NA	NA	NA	NA	NA	NA	NA	NA	NA	NA	NA
cg15556873	0.157909157730234	0.909817289899478	0.406777865824814	0.799787966664176	0.812091045465403	0.324530903704682	0.869670405300691	0.160275506192436	0.183722336111685	0.725172968141261	0.910305792996094	0.646497652747847	0.141895392641781	0.253639126946947	0.801851719170074	0.824966015439331	NA	0.681811777663933	0.148882528931697	0.807839583406267	0.177011522780319	0.87758895104229	0.854957879665236	NA	0.829061479189623	0.204936530585515	0.879848218084155	0.837081756988314	0.877201373924623	0.805106237238937	0.831098647476568	0.831574625378633	0.327353820143308	0.768264180721353	0.764784805715966	0.687098338033049	0.443897282048712	0.8958512141865	0.689477026868371	0.255171813284368	NA	0.909510295824732	0.853044305024831	0.802110684025858	0.920309889942436	0.878958521134878	0.870670955113009	0.819804716164913	0.861164001558769	0.901185397974417	0.470886696924334	0.687761043138315	NA	0.876573590683217	0.11753675353629	0.873422999887901	0.38569367701146
cg15560337	0.0907520237892061	0.491903989762728	0.609827451901112	0.149889102140038	0.365671283006456	0.511281812367825	0.403714874279226	0.0666747851308683	0.124199786402208	0.291158743268743	0.136359430998354	0.472675002349707	0.233103815845254	0.644641942444787	0.44299806200954	0.455199508700939	0.280987536613687	0.424108002853199	0.237902067254441	0.628658286163879	0.273112709464728	0.522967087482853	0.552999271688484	0.330918939325941	0.286052743059277	0.115626253053905	0.40861942577324	0.487086763736573	0.473242630658284	0.440960758754639	0.521656068199719	0.128006538823155	0.270527601687564	0.245453093999128	0.231241918698277	0.202311174482559	0.262827200227552	0.598855648770279	0.119233397317345	0.203738832996328	0.286672309968824	0.380616802749265	0.396286908158924	0.214328469710625	0.656772079086693	0.608820735404927	0.23226682240395	0.658357436569116	0.574833571799384	0.631837190591227	0.323891366656898	0.459657971716186	0.15429580533975	0.274733343338442	0.445619565229384	0.604565360041708	0.0916433399292332
cg15603614	NA	NA	NA	NA	NA	NA	NA	NA	NA	NA	NA	NA	NA	NA	NA	NA	NA	NA	NA	NA	NA	NA	NA	NA	NA	NA	NA	NA	NA	NA	NA	NA	NA	NA	NA	NA	NA	NA	NA	NA	NA	NA	NA	NA	NA	NA	NA	NA	NA	NA	NA	NA	NA	NA	NA	NA	NA
cg15604398	0.887575063977673	0.937975134251725	0.250971522182846	0.880962130280118	0.840966456078157	0.217567794460826	0.894975697247492	0.269381339100444	0.609199404584938	0.373407256922392	0.0862730504475377	0.937741696340625	0.348208657143202	0.909948417274218	0.858416963019932	0.201665691292757	0.401507939652796	0.572163282612589	0.154809595174164	0.85822334948866	0.571539190044374	0.586776232350914	0.197166957159214	0.557760022188004	0.85684680101954	0.147851049038131	0.81738949567357	0.873732452560802	0.559626285326891	0.905515443916364	0.908907710653643	NA	0.302211846912311	0.619651332658465	0.744740384311156	0.0846436392421521	0.872746760648501	0.932175942714505	0.794785858177571	0.851632631801478	0.87174406929598	0.272441868847468	0.621125994941855	0.833437895357227	0.932214702364737	0.939763690883467	0.750738812112271	0.736631408601327	0.630465794564144	0.919963066755194	0.285400062341986	0.682215611180307	0.920245988648134	0.276538530006216	0.917540599508017	0.190048330454031	0.377531418177849
cg15611936	NA	NA	NA	NA	NA	NA	NA	NA	NA	NA	NA	NA	NA	NA	NA	NA	NA	NA	NA	NA	NA	NA	NA	NA	NA	NA	NA	NA	NA	NA	NA	NA	NA	NA	NA	NA	NA	NA	NA	NA	NA	NA	NA	NA	NA	NA	NA	NA	NA	NA	NA	NA	NA	NA	NA	NA	NA
cg15633618	NA	NA	NA	NA	NA	NA	NA	NA	NA	NA	NA	NA	NA	NA	NA	NA	NA	NA	NA	NA	NA	NA	NA	NA	NA	NA	NA	NA	NA	NA	NA	NA	NA	NA	NA	NA	NA	NA	NA	NA	NA	NA	NA	NA	NA	NA	NA	NA	NA	NA	NA	NA	NA	NA	NA	NA	NA
cg15703165	NA	NA	NA	NA	NA	NA	NA	NA	NA	NA	NA	NA	NA	NA	NA	NA	NA	NA	NA	NA	NA	NA	NA	NA	NA	NA	NA	NA	NA	NA	NA	NA	NA	NA	NA	NA	NA	NA	NA	NA	NA	NA	NA	NA	NA	NA	NA	NA	NA	NA	NA	NA	NA	NA	NA	NA	NA
cg15708382	NA	NA	NA	NA	NA	NA	NA	NA	NA	NA	NA	NA	NA	NA	NA	NA	NA	NA	NA	NA	NA	NA	NA	NA	NA	NA	NA	NA	NA	NA	NA	NA	NA	NA	NA	NA	NA	NA	NA	NA	NA	NA	NA	NA	NA	NA	NA	NA	NA	NA	NA	NA	NA	NA	NA	NA	NA
cg15718106	NA	NA	NA	NA	NA	NA	NA	NA	NA	NA	NA	NA	NA	NA	NA	NA	NA	NA	NA	NA	NA	NA	NA	NA	NA	NA	NA	NA	NA	NA	NA	NA	NA	NA	NA	NA	NA	NA	NA	NA	NA	NA	NA	NA	NA	NA	NA	NA	NA	NA	NA	NA	NA	NA	NA	NA	NA
cg15733632	NA	NA	NA	NA	NA	NA	NA	NA	NA	NA	NA	NA	NA	NA	NA	NA	NA	NA	NA	NA	NA	NA	NA	NA	NA	NA	NA	NA	NA	NA	NA	NA	NA	NA	NA	NA	NA	NA	NA	NA	NA	NA	NA	NA	NA	NA	NA	NA	NA	NA	NA	NA	NA	NA	NA	NA	NA
cg15771551	NA	NA	NA	NA	NA	NA	NA	NA	NA	NA	NA	NA	NA	NA	NA	NA	NA	NA	NA	NA	NA	NA	NA	NA	NA	NA	NA	NA	NA	NA	NA	NA	NA	NA	NA	NA	NA	NA	NA	NA	NA	NA	NA	NA	NA	NA	NA	NA	NA	NA	NA	NA	NA	NA	NA	NA	NA
cg15814092	NA	NA	NA	NA	NA	NA	NA	NA	NA	NA	NA	NA	NA	NA	NA	NA	NA	NA	NA	NA	NA	NA	NA	NA	NA	NA	NA	NA	NA	NA	NA	NA	NA	NA	NA	NA	NA	NA	NA	NA	NA	NA	NA	NA	NA	NA	NA	NA	NA	NA	NA	NA	NA	NA	NA	NA	NA
cg15820400	0.636926560932094	0.820687075941516	0.930868363803849	0.858296022986834	0.919363834946792	0.843897325998646	0.776656831605742	0.819095951646543	0.895963625201188	0.909774702952375	0.839489627011314	0.772285941378942	0.814973649011939	0.889551441012598	0.851782675528544	0.939250051767445	0.660294939305013	0.754046742181781	0.402491598791859	0.922004705241499	0.850744427134318	0.895358121884741	0.883220137140088	0.870935877698602	0.707474139442761	0.89215569363642	0.646925745533883	0.861194687666584	0.916777797948548	0.930667881976608	0.783133444041949	0.914229326367942	0.741085851442017	0.872635416555567	0.697728673382068	0.81558822562645	0.538139618673754	0.920303936551182	0.807551155661602	0.838281061901211	0.850810515082422	0.894947162354918	0.896236609767505	0.699788951931304	0.910775943518781	0.752536284673758	0.683417456137509	0.811544974780298	0.904711920975895	0.874849634342727	0.844850847375979	0.862787978006107	0.810572914672408	0.934476906931149	0.570307666200029	0.85893445047166	0.923176481583111
cg15843977	NA	NA	NA	NA	NA	NA	NA	NA	NA	NA	NA	NA	NA	NA	NA	NA	NA	NA	NA	NA	NA	NA	NA	NA	NA	NA	NA	NA	NA	NA	NA	NA	NA	NA	NA	NA	NA	NA	NA	NA	NA	NA	NA	NA	NA	NA	NA	NA	NA	NA	NA	NA	NA	NA	NA	NA	NA
cg15847775	NA	NA	NA	NA	NA	NA	NA	NA	NA	NA	NA	NA	NA	NA	NA	NA	NA	NA	NA	NA	NA	NA	NA	NA	NA	NA	NA	NA	NA	NA	NA	NA	NA	NA	NA	NA	NA	NA	NA	NA	NA	NA	NA	NA	NA	NA	NA	NA	NA	NA	NA	NA	NA	NA	NA	NA	NA
cg15874144	NA	NA	NA	NA	NA	NA	NA	NA	NA	NA	NA	NA	NA	NA	NA	NA	NA	NA	NA	NA	NA	NA	NA	NA	NA	NA	NA	NA	NA	NA	NA	NA	NA	NA	NA	NA	NA	NA	NA	NA	NA	NA	NA	NA	NA	NA	NA	NA	NA	NA	NA	NA	NA	NA	NA	NA	NA
cg15886896	NA	NA	NA	NA	NA	NA	NA	NA	NA	NA	NA	NA	NA	NA	NA	NA	NA	NA	NA	NA	NA	NA	NA	NA	NA	NA	NA	NA	NA	NA	NA	NA	NA	NA	NA	NA	NA	NA	NA	NA	NA	NA	NA	NA	NA	NA	NA	NA	NA	NA	NA	NA	NA	NA	NA	NA	NA
cg15939182	NA	NA	NA	NA	NA	NA	NA	NA	NA	NA	NA	NA	NA	NA	NA	NA	NA	NA	NA	NA	NA	NA	NA	NA	NA	NA	NA	NA	NA	NA	NA	NA	NA	NA	NA	NA	NA	NA	NA	NA	NA	NA	NA	NA	NA	NA	NA	NA	NA	NA	NA	NA	NA	NA	NA	NA	NA
cg15990679	NA	NA	NA	NA	NA	NA	NA	NA	NA	NA	NA	NA	NA	NA	NA	NA	NA	NA	NA	NA	NA	NA	NA	NA	NA	NA	NA	NA	NA	NA	NA	NA	NA	NA	NA	NA	NA	NA	NA	NA	NA	NA	NA	NA	NA	NA	NA	NA	NA	NA	NA	NA	NA	NA	NA	NA	NA
cg15996647	NA	NA	NA	NA	NA	NA	NA	NA	NA	NA	NA	NA	NA	NA	NA	NA	NA	NA	NA	NA	NA	NA	NA	NA	NA	NA	NA	NA	NA	NA	NA	NA	NA	NA	NA	NA	NA	NA	NA	NA	NA	NA	NA	NA	NA	NA	NA	NA	NA	NA	NA	NA	NA	NA	NA	NA	NA
cg16016766	NA	NA	NA	NA	NA	NA	NA	NA	NA	NA	NA	NA	NA	NA	NA	NA	NA	NA	NA	NA	NA	NA	NA	NA	NA	NA	NA	NA	NA	NA	NA	NA	NA	NA	NA	NA	NA	NA	NA	NA	NA	NA	NA	NA	NA	NA	NA	NA	NA	NA	NA	NA	NA	NA	NA	NA	NA
cg16047049	0.0297844785505713	0.953329910202388	0.965376218139546	0.949375212982317	0.0754500816699856	0.965641729234191	0.894067883324862	0.967303536342433	0.972694952017312	0.216559186256932	0.943551866838081	0.383035652927546	0.931816002537594	0.92177788420688	0.960316295527951	0.974144469547121	0.972405202027375	0.961098030268349	0.971544319871073	0.966526435706357	0.95567915544236	0.965455958797218	0.897212413197224	0.337425527326887	0.960847457480247	0.974174528154449	0.674234418767278	0.917498397844083	0.956357296926731	0.969377833094225	0.836407884840122	0.968191464158447	0.864761375882934	0.950383673311401	0.559157787347746	0.894483985155661	0.604322129273817	0.962325433613876	0.937877977697727	0.886517882498235	0.970026023957524	0.973756758479765	0.757223391861631	0.967778924272065	0.960238992543427	0.965522030127318	0.747056025928306	0.956443790777172	0.971255291795256	0.919193370298293	0.377343445727127	0.764740892688809	0.962997875552425	0.965775032603327	0.962939490053713	0.97525994061692	0.864081102121468
cg16067453	NA	NA	NA	NA	NA	NA	NA	NA	NA	NA	NA	NA	NA	NA	NA	NA	NA	NA	NA	NA	NA	NA	NA	NA	NA	NA	NA	NA	NA	NA	NA	NA	NA	NA	NA	NA	NA	NA	NA	NA	NA	NA	NA	NA	NA	NA	NA	NA	NA	NA	NA	NA	NA	NA	NA	NA	NA
cg16098957	NA	NA	NA	NA	NA	NA	NA	NA	NA	NA	NA	NA	NA	NA	NA	NA	NA	NA	NA	NA	NA	NA	NA	NA	NA	NA	NA	NA	NA	NA	NA	NA	NA	NA	NA	NA	NA	NA	NA	NA	NA	NA	NA	NA	NA	NA	NA	NA	NA	NA	NA	NA	NA	NA	NA	NA	NA
cg16103996	NA	NA	NA	NA	NA	NA	NA	NA	NA	NA	NA	NA	NA	NA	NA	NA	NA	NA	NA	NA	NA	NA	NA	NA	NA	NA	NA	NA	NA	NA	NA	NA	NA	NA	NA	NA	NA	NA	NA	NA	NA	NA	NA	NA	NA	NA	NA	NA	NA	NA	NA	NA	NA	NA	NA	NA	NA
cg16105080	NA	NA	NA	NA	NA	NA	NA	NA	NA	NA	NA	NA	NA	NA	NA	NA	NA	NA	NA	NA	NA	NA	NA	NA	NA	NA	NA	NA	NA	NA	NA	NA	NA	NA	NA	NA	NA	NA	NA	NA	NA	NA	NA	NA	NA	NA	NA	NA	NA	NA	NA	NA	NA	NA	NA	NA	NA
cg16134501	NA	NA	NA	NA	NA	NA	NA	NA	NA	NA	NA	NA	NA	NA	NA	NA	NA	NA	NA	NA	NA	NA	NA	NA	NA	NA	NA	NA	NA	NA	NA	NA	NA	NA	NA	NA	NA	NA	NA	NA	NA	NA	NA	NA	NA	NA	NA	NA	NA	NA	NA	NA	NA	NA	NA	NA	NA
cg16248160	0.514145231802593	0.804221622707347	0.929842885872016	0.833873619785538	0.801107096022562	0.328165059515284	0.81229324568718	0.547091195824907	0.66829148295189	0.255360190192037	0.844432508451046	0.8668939689291	0.785769818961115	0.909935465991919	0.847745502166102	0.47716588428862	0.847116437295086	0.776814263222801	0.648358284694505	0.842479883783093	0.681202194775809	0.544572271482033	0.769248218690394	0.683625598977588	0.73454148905286	0.551724514186451	0.701922306966052	0.850687776185496	0.642363540951142	0.462520050572249	0.826683555194068	0.571327166278248	0.814508781559105	0.898789481094902	0.588267260970959	0.90475963707681	0.611324285882008	0.939864202780702	0.79164450974033	0.699662602913371	0.421290857776277	0.733400644730237	0.744801435078028	0.600458681418832	0.906037822823312	0.634054463799682	0.821250402717276	0.885587436692479	0.565319998142066	0.886370094814128	0.722745480798205	0.559969441020185	0.152714145549231	0.933827574198502	0.927771208376037	0.679673461657155	0.760864034616474
cg16287042	NA	NA	NA	NA	NA	NA	NA	NA	NA	NA	NA	NA	NA	NA	NA	NA	NA	NA	NA	NA	NA	NA	NA	NA	NA	NA	NA	NA	NA	NA	NA	NA	NA	NA	NA	NA	NA	NA	NA	NA	NA	NA	NA	NA	NA	NA	NA	NA	NA	NA	NA	NA	NA	NA	NA	NA	NA
cg16297530	NA	NA	NA	NA	NA	NA	NA	NA	NA	NA	NA	NA	NA	NA	NA	NA	NA	NA	NA	NA	NA	NA	NA	NA	NA	NA	NA	NA	NA	NA	NA	NA	NA	NA	NA	NA	NA	NA	NA	NA	NA	NA	NA	NA	NA	NA	NA	NA	NA	NA	NA	NA	NA	NA	NA	NA	NA
cg16315980	NA	NA	NA	NA	NA	NA	NA	NA	NA	NA	NA	NA	NA	NA	NA	NA	NA	NA	NA	NA	NA	NA	NA	NA	NA	NA	NA	NA	NA	NA	NA	NA	NA	NA	NA	NA	NA	NA	NA	NA	NA	NA	NA	NA	NA	NA	NA	NA	NA	NA	NA	NA	NA	NA	NA	NA	NA
cg16320398	NA	NA	NA	NA	NA	NA	NA	NA	NA	NA	NA	NA	NA	NA	NA	NA	NA	NA	NA	NA	NA	NA	NA	NA	NA	NA	NA	NA	NA	NA	NA	NA	NA	NA	NA	NA	NA	NA	NA	NA	NA	NA	NA	NA	NA	NA	NA	NA	NA	NA	NA	NA	NA	NA	NA	NA	NA
cg16333561	0.911658871049109	0.882223797810784	0.92672781817192	0.867140477710418	0.853325468431213	0.743428444946304	0.882142914003253	0.865671796319366	0.90537066132616	0.909425214665229	0.920104696783765	0.917692478990631	0.896196905135488	0.897031770339729	0.940758529749073	0.755313521674255	0.624390318397853	0.870475332588058	0.788442247564944	0.867008621477516	0.451389992873824	0.940663517428554	0.883971336142376	0.880134873344658	0.847341088784274	0.622870042575095	0.832506943078656	0.870702630787964	0.927840807043484	0.927121591401679	0.874970627846248	0.891045518894693	0.363302282394721	0.890869659904268	0.820682740189831	0.386085722661986	0.80202467748485	0.933736194245404	0.540225248934795	0.59548678048777	0.711547121985165	0.89706152712495	0.892412054008179	0.744704866715201	0.945542063292534	0.844144253428279	0.831177347838612	0.881993477772236	0.906353605146842	0.896681643973927	0.869019216434684	0.900529876975538	0.921419245696976	0.87658626803231	0.910387759921126	0.843495605703109	0.162131280082497
cg16356630	NA	NA	NA	NA	NA	NA	NA	NA	NA	NA	NA	NA	NA	NA	NA	NA	NA	NA	NA	NA	NA	NA	NA	NA	NA	NA	NA	NA	NA	NA	NA	NA	NA	NA	NA	NA	NA	NA	NA	NA	NA	NA	NA	NA	NA	NA	NA	NA	NA	NA	NA	NA	NA	NA	NA	NA	NA
cg16359517	NA	NA	NA	NA	NA	NA	NA	NA	NA	NA	NA	NA	NA	NA	NA	NA	NA	NA	NA	NA	NA	NA	NA	NA	NA	NA	NA	NA	NA	NA	NA	NA	NA	NA	NA	NA	NA	NA	NA	NA	NA	NA	NA	NA	NA	NA	NA	NA	NA	NA	NA	NA	NA	NA	NA	NA	NA
cg16362587	0.918971214036191	0.934388409732605	0.935305392278477	0.916019475466645	0.921782874637083	0.939831865222426	0.910732125049493	0.91563502746705	0.913496412011822	0.92989794466383	0.9266233561882	0.847062699366725	0.912392934246845	0.944163255534824	0.897703426417496	0.918719041770144	0.93983436595619	0.919494763059563	0.933347657086614	0.933687911775682	0.933110799581903	0.918717439708133	0.904088582324639	0.919260409621147	0.905724250308418	0.90660590808385	0.926260858474983	0.91808917703743	0.928010927197567	0.916960820520653	0.84039159395689	0.932243643229441	0.910844515141755	0.943310610602615	0.930497229284859	0.911459411429834	0.908128709633994	0.946686012839711	0.9486980517542	0.948989520425539	0.943168941968173	0.952708858545908	0.897253601179838	0.947299459651697	0.945245676955184	0.927678106526869	0.922451035300213	0.929757309898472	0.927266658330255	0.90612118310532	0.946259862752003	0.911820984396836	0.936835136914507	0.928590868070499	0.895633353361474	0.91096278148492	0.915295329297721
cg16376484	0.90634868588591	0.915221775311343	0.887675815308349	0.835971843919346	0.916424405578022	0.779843712978983	0.917326770373166	0.88525389896399	0.900241706935162	0.906108041104322	0.874150108329627	0.840963322532338	0.904426684906906	0.857426542715674	0.946683613646518	0.829103594378581	0.895932576737933	0.866840882129639	0.84772344125034	0.917647745565521	0.817754754241111	0.904382829621581	0.901992185205799	0.872791295414522	0.891895877605574	0.924382194869354	0.812375969782077	0.913243837196578	0.92736908667448	0.841586194764093	0.758074407222814	0.920199024007288	0.840627890866174	0.863624272184484	0.849093441485742	0.89325324143866	0.76591403269552	0.909284034703959	0.846737364132342	0.705088978378767	0.898618570870104	0.897956740897447	0.902901970680063	0.87814143703516	0.882498014242471	0.899731264670265	0.906736355099251	0.946180799161118	0.907546889616523	0.908031960587363	0.822609328479864	0.737821683530523	0.912717023213161	0.913609439947352	0.850743815696456	0.938204065393472	0.854063096936253
cg16393125	NA	NA	NA	NA	NA	NA	NA	NA	NA	NA	NA	NA	NA	NA	NA	NA	NA	NA	NA	NA	NA	NA	NA	NA	NA	NA	NA	NA	NA	NA	NA	NA	NA	NA	NA	NA	NA	NA	NA	NA	NA	NA	NA	NA	NA	NA	NA	NA	NA	NA	NA	NA	NA	NA	NA	NA	NA
cg16395183	NA	NA	NA	NA	NA	NA	NA	NA	NA	NA	NA	NA	NA	NA	NA	NA	NA	NA	NA	NA	NA	NA	NA	NA	NA	NA	NA	NA	NA	NA	NA	NA	NA	NA	NA	NA	NA	NA	NA	NA	NA	NA	NA	NA	NA	NA	NA	NA	NA	NA	NA	NA	NA	NA	NA	NA	NA
cg16414691	0.833151492321542	0.81928714561375	0.888322981936824	0.860931050199966	0.791775140221589	0.619201452836006	0.64690285378306	0.904459045541927	0.796499950621102	0.78978800630943	0.874887887759288	0.72061241194986	0.822402425111854	0.714173746165045	0.923388268408849	0.858462447617008	0.435498216074576	0.841148761999518	0.56978350448166	0.636594227272152	0.809684575430223	0.738338152688548	0.869004537084978	0.728007171071207	0.850072755299973	0.658006684901516	0.784631503487217	0.773128050905665	0.825522331773629	0.806121927463676	0.791413442065266	0.79988437833059	0.72851196399469	0.874815761673757	0.64479718415574	0.844293512952015	0.590353431303061	0.845340263744092	0.847347961133421	0.892117531772497	0.384008008664654	0.523200733493013	0.885093737934314	0.880603737690689	0.838570353802888	0.632706777039507	0.711050279679684	0.847102482328197	0.726726428299428	0.825926757756543	0.748784644193594	0.744931813836768	0.404712438280827	0.855058470818743	0.754878618809625	0.869775968704157	0.886541434930241
cg16452272	NA	NA	NA	NA	NA	NA	NA	NA	NA	NA	NA	NA	NA	NA	NA	NA	NA	NA	NA	NA	NA	NA	NA	NA	NA	NA	NA	NA	NA	NA	NA	NA	NA	NA	NA	NA	NA	NA	NA	NA	NA	NA	NA	NA	NA	NA	NA	NA	NA	NA	NA	NA	NA	NA	NA	NA	NA
cg16461335	0.804695169854179	0.721550326164773	0.831796855805073	0.587341063038874	0.777053450674517	0.725317393754223	0.831510772765976	0.162180430481069	0.338080946149594	0.721052694509193	0.805668405788392	0.771313830702856	0.643394750783507	0.721904626253469	0.732570733436686	0.616373521140554	0.610306701352214	0.656971946215749	0.580024734172207	0.766783594272204	0.699384521475751	0.656546235844975	0.611715302747471	0.655335914170058	0.549363661241217	0.392149022698925	0.816565236854961	0.741360642226258	0.773581080290908	0.757430178479184	0.776748172741739	0.799337830702758	0.508817863240875	0.735788364374786	0.725992100133336	0.732964814084144	0.704565658142694	0.7619116827135	0.729304223036117	0.732751310501487	0.464357242916267	0.562607938741999	0.810561255883868	0.555509637454737	0.790280865105933	0.737747449791868	0.776536926387766	0.586038853491216	0.467968012040796	0.785090506310109	0.790342177585373	0.640111847548129	0.389248590922779	0.743048122864496	0.799057847629417	0.658070888436475	0.766830523427601
cg16468183	NA	NA	NA	NA	NA	NA	NA	NA	NA	NA	NA	NA	NA	NA	NA	NA	NA	NA	NA	NA	NA	NA	NA	NA	NA	NA	NA	NA	NA	NA	NA	NA	NA	NA	NA	NA	NA	NA	NA	NA	NA	NA	NA	NA	NA	NA	NA	NA	NA	NA	NA	NA	NA	NA	NA	NA	NA
cg16470306	NA	NA	NA	NA	NA	NA	NA	NA	NA	NA	NA	NA	NA	NA	NA	NA	NA	NA	NA	NA	NA	NA	NA	NA	NA	NA	NA	NA	NA	NA	NA	NA	NA	NA	NA	NA	NA	NA	NA	NA	NA	NA	NA	NA	NA	NA	NA	NA	NA	NA	NA	NA	NA	NA	NA	NA	NA
cg16470963	NA	NA	NA	NA	NA	NA	NA	NA	NA	NA	NA	NA	NA	NA	NA	NA	NA	NA	NA	NA	NA	NA	NA	NA	NA	NA	NA	NA	NA	NA	NA	NA	NA	NA	NA	NA	NA	NA	NA	NA	NA	NA	NA	NA	NA	NA	NA	NA	NA	NA	NA	NA	NA	NA	NA	NA	NA
cg16472945	NA	NA	NA	NA	NA	NA	NA	NA	NA	NA	NA	NA	NA	NA	NA	NA	NA	NA	NA	NA	NA	NA	NA	NA	NA	NA	NA	NA	NA	NA	NA	NA	NA	NA	NA	NA	NA	NA	NA	NA	NA	NA	NA	NA	NA	NA	NA	NA	NA	NA	NA	NA	NA	NA	NA	NA	NA
cg16494843	NA	NA	NA	NA	NA	NA	NA	NA	NA	NA	NA	NA	NA	NA	NA	NA	NA	NA	NA	NA	NA	NA	NA	NA	NA	NA	NA	NA	NA	NA	NA	NA	NA	NA	NA	NA	NA	NA	NA	NA	NA	NA	NA	NA	NA	NA	NA	NA	NA	NA	NA	NA	NA	NA	NA	NA	NA
cg16503713	NA	NA	NA	NA	NA	NA	NA	NA	NA	NA	NA	NA	NA	NA	NA	NA	NA	NA	NA	NA	NA	NA	NA	NA	NA	NA	NA	NA	NA	NA	NA	NA	NA	NA	NA	NA	NA	NA	NA	NA	NA	NA	NA	NA	NA	NA	NA	NA	NA	NA	NA	NA	NA	NA	NA	NA	NA
cg16532362	NA	NA	NA	NA	NA	NA	NA	NA	NA	NA	NA	NA	NA	NA	NA	NA	NA	NA	NA	NA	NA	NA	NA	NA	NA	NA	NA	NA	NA	NA	NA	NA	NA	NA	NA	NA	NA	NA	NA	NA	NA	NA	NA	NA	NA	NA	NA	NA	NA	NA	NA	NA	NA	NA	NA	NA	NA
cg16535779	NA	NA	NA	NA	NA	NA	NA	NA	NA	NA	NA	NA	NA	NA	NA	NA	NA	NA	NA	NA	NA	NA	NA	NA	NA	NA	NA	NA	NA	NA	NA	NA	NA	NA	NA	NA	NA	NA	NA	NA	NA	NA	NA	NA	NA	NA	NA	NA	NA	NA	NA	NA	NA	NA	NA	NA	NA
cg16543943	0.88706631860614	0.915519395963764	0.924706177376136	0.933339146815536	0.904946836892482	0.945636253405507	0.914502023572667	0.881280943327245	0.873846037765408	0.924817449946536	0.925734070808695	0.924936942255725	0.915768952825503	0.920313502304682	0.879454722607887	0.91908162324101	0.902304439343707	0.922809280384142	0.928350648661325	0.917331584563446	0.920415592750278	0.904699855251899	0.924191426212816	0.9340383155034	0.922300198567644	0.896222801124584	0.826138874477821	0.937279277657476	0.903041490600892	0.879402605937127	0.9375681623475	0.906312609520127	0.944460902092449	0.884902320182513	0.877419920169523	0.893350372777325	0.959312713291357	0.923301578405063	0.93962087400035	0.938680220411631	0.905836768554929	0.881899652090224	0.91284827004632	0.934818426566531	0.928125742593545	0.915479580766735	0.946951385794372	0.900914125268464	0.894039701897842	0.894326850068655	0.874318819029962	0.871270356575234	0.914662608786941	0.862446714436387	0.905056040676151	0.899011124300601	0.923360018032457
cg16577356	0.481106876967672	0.828492524239473	0.880409249994769	0.283258949107607	0.284622387209694	0.847042404234968	0.803019669219575	0.813786454513178	0.877369932047792	0.442552527893649	0.893802113358585	0.435166141593986	0.645834523360048	0.762064961330239	0.861396745572345	0.303220717961318	0.644287544036321	0.600491022208229	0.603322615327736	0.774111019466323	0.751489722229149	0.609374794938385	0.686610305948856	0.785600966528771	0.44766336678997	0.8824546400095	0.763959677729042	0.620591980758227	0.215076625637063	0.388800922831759	0.796150491644623	0.84758848314807	0.469876613343988	0.701052511857782	0.625952901094428	0.801827835780608	0.589428831650949	0.480983416339122	0.771751878714871	0.55571303478591	0.610581430383606	0.894344097733017	0.78765602853145	0.799637694190126	0.873396251458882	0.810437690592132	0.755193419680941	0.506268971637565	0.757736240399169	0.876941530702988	0.725717962048777	0.622238542861174	0.650990953857206	0.800685985149156	0.301960045463924	0.838249740419398	0.834578061782724
cg16578802	NA	NA	NA	NA	NA	NA	NA	NA	NA	NA	NA	NA	NA	NA	NA	NA	NA	NA	NA	NA	NA	NA	NA	NA	NA	NA	NA	NA	NA	NA	NA	NA	NA	NA	NA	NA	NA	NA	NA	NA	NA	NA	NA	NA	NA	NA	NA	NA	NA	NA	NA	NA	NA	NA	NA	NA	NA
cg16583381	NA	NA	NA	NA	NA	NA	NA	NA	NA	NA	NA	NA	NA	NA	NA	NA	NA	NA	NA	NA	NA	NA	NA	NA	NA	NA	NA	NA	NA	NA	NA	NA	NA	NA	NA	NA	NA	NA	NA	NA	NA	NA	NA	NA	NA	NA	NA	NA	NA	NA	NA	NA	NA	NA	NA	NA	NA
cg16596250	NA	NA	NA	NA	NA	NA	NA	NA	NA	NA	NA	NA	NA	NA	NA	NA	NA	NA	NA	NA	NA	NA	NA	NA	NA	NA	NA	NA	NA	NA	NA	NA	NA	NA	NA	NA	NA	NA	NA	NA	NA	NA	NA	NA	NA	NA	NA	NA	NA	NA	NA	NA	NA	NA	NA	NA	NA
cg16601146	NA	NA	NA	NA	NA	NA	NA	NA	NA	NA	NA	NA	NA	NA	NA	NA	NA	NA	NA	NA	NA	NA	NA	NA	NA	NA	NA	NA	NA	NA	NA	NA	NA	NA	NA	NA	NA	NA	NA	NA	NA	NA	NA	NA	NA	NA	NA	NA	NA	NA	NA	NA	NA	NA	NA	NA	NA
cg16620160	NA	NA	NA	NA	NA	NA	NA	NA	NA	NA	NA	NA	NA	NA	NA	NA	NA	NA	NA	NA	NA	NA	NA	NA	NA	NA	NA	NA	NA	NA	NA	NA	NA	NA	NA	NA	NA	NA	NA	NA	NA	NA	NA	NA	NA	NA	NA	NA	NA	NA	NA	NA	NA	NA	NA	NA	NA
cg16656411	0.0543229394318686	0.0388247321504284	0.0378865607520662	0.0495689250111129	0.0356956893734598	0.037744670959302	0.0617203591640601	0.898730720113416	0.181331898157171	0.177740702777125	0.0363330709484657	0.86728238321348	0.167157143703064	0.0843049578146923	0.0352839612554806	0.0520478604753368	0.0589844051262767	0.0438980770991644	0.0840826167472288	0.177538044170354	0.0503668914132731	0.0702780266920885	0.29184905099843	0.332009999863512	0.501854676253447	0.0495934170637709	0.0623473862964692	0.161471223263259	0.12005021165088	0.0843093767719221	0.107095808436714	0.044284754544092	0.369395976882615	0.419479669201427	0.0408948915958073	0.041023342107324	0.251847293301471	0.412833761861651	0.0598178023585184	0.691445476145076	0.0511411390303236	0.0426741501996708	0.109753956126972	0.0749365361978271	0.0445474550686665	0.0781696359209021	0.291667418766329	0.0380323751200422	0.052955878342339	0.0668732728668797	0.0606077432999964	0.26004151724588	0.0394363985050521	0.100611752608011	0.642017508770581	0.0919109153713509	0.519117758849041
cg16669485	0.714362064366535	0.676761475200368	0.780954017388171	0.900488122647953	0.914702163284781	0.703755930603066	0.91038487973245	0.885982456324504	0.12094389588317	0.58984168893665	0.641023316866126	0.623942528515768	0.663673795285731	0.798210233047935	0.934432405895865	0.867989807619624	0.418083206712645	0.599636735961075	0.283467524433577	0.577300785824415	0.82199939816165	0.701925429635284	0.938479716481783	0.609076260630477	0.856152317052951	0.193104072351029	0.808659005072958	0.913366875291711	0.920195086230274	0.60940831868917	0.842948517500061	0.862605141362781	0.532894796829447	0.29985711520059	0.935958954660191	0.605433036045213	0.885693367048369	0.931044766589394	0.927230778193782	0.830104971034839	0.179475239776919	0.126821876295376	0.939033761509333	0.324384785938164	0.866130250450336	0.536721554960027	0.420110663065815	0.692156453254922	0.761473947665017	0.876283616059416	0.7483535877618	0.850416558905658	0.946685069783826	0.447106766372059	0.59928129819214	0.81757961961187	0.930233444153529
cg16683981	NA	NA	0.843538153889718	NA	NA	NA	NA	NA	NA	NA	NA	NA	0.821820824127848	NA	NA	NA	0.838982173187493	NA	NA	NA	NA	NA	NA	0.883304272311958	0.847210130289633	NA	NA	NA	NA	NA	NA	0.857165964639965	NA	0.863260939743156	NA	NA	NA	NA	NA	NA	0.850736610318321	0.885059531556492	NA	0.900355101991745	0.878575946354841	0.812100389418239	NA	NA	NA	NA	NA	NA	NA	NA	NA	NA	NA
cg16710828	NA	NA	NA	NA	NA	NA	NA	NA	NA	NA	NA	NA	NA	NA	NA	NA	NA	NA	NA	NA	NA	NA	NA	NA	NA	NA	NA	NA	NA	NA	NA	NA	NA	NA	NA	NA	NA	NA	NA	NA	NA	NA	NA	NA	NA	NA	NA	NA	NA	NA	NA	NA	NA	NA	NA	NA	NA
cg16712481	0.690777591665403	0.940441096935486	0.864346774493363	0.245163857157472	0.178077905584012	0.297139794626738	0.515039379548725	0.346161601849314	0.918616886846053	0.787573243221502	0.160903987276454	0.886430986116432	0.858686753379276	0.851878240507745	0.230988360786728	0.314128358296611	0.854660157291666	0.254055309494075	0.788747247623373	0.570294986192474	0.504439641607223	0.657588505894912	0.282104504409217	0.64292993919531	0.180500641723237	0.884427165494314	0.302680750758191	0.617993459028542	0.914211044532795	0.562458399129584	0.66969812987011	0.593713181864256	0.632250374977662	0.922428745695426	0.228279646980727	0.766764314580671	0.365440707938556	0.884286291077424	0.336969640929583	0.316314998155221	0.542519681402471	0.89447933979096	0.871093079490339	0.402452775271462	0.946777330704527	0.920302765516032	0.310817716300464	0.944331196036553	0.707090542476629	NA	0.925456171252568	0.827013359735563	0.644304324705084	0.833593885072638	0.434344507967764	0.498310234060718	0.187996854718901
cg16713069	NA	NA	NA	NA	NA	NA	NA	NA	NA	NA	NA	NA	NA	NA	NA	NA	NA	NA	NA	NA	NA	NA	NA	NA	NA	NA	NA	NA	NA	NA	NA	NA	NA	NA	NA	NA	NA	NA	NA	NA	NA	NA	NA	NA	NA	NA	NA	NA	NA	NA	NA	NA	NA	NA	NA	NA	NA
cg16725552	NA	NA	NA	NA	NA	NA	NA	NA	NA	NA	NA	NA	NA	NA	NA	NA	NA	NA	NA	NA	NA	NA	NA	NA	NA	NA	NA	NA	NA	NA	NA	NA	NA	NA	NA	NA	NA	NA	NA	NA	NA	NA	NA	NA	NA	NA	NA	NA	NA	NA	NA	NA	NA	NA	NA	NA	NA
cg16739054	NA	NA	NA	NA	NA	NA	NA	NA	NA	NA	NA	NA	NA	NA	NA	NA	NA	NA	NA	NA	NA	NA	NA	NA	NA	NA	NA	NA	NA	NA	NA	NA	NA	NA	NA	NA	NA	NA	NA	NA	NA	NA	NA	NA	NA	NA	NA	NA	NA	NA	NA	NA	NA	NA	NA	NA	NA
cg16741463	NA	NA	NA	NA	NA	NA	NA	NA	NA	NA	NA	NA	NA	NA	NA	NA	NA	NA	NA	NA	NA	NA	NA	NA	NA	NA	NA	NA	NA	NA	NA	NA	NA	NA	NA	NA	NA	NA	NA	NA	NA	NA	NA	NA	NA	NA	NA	NA	NA	NA	NA	NA	NA	NA	NA	NA	NA
cg16780032	NA	NA	NA	NA	NA	NA	NA	NA	NA	NA	NA	NA	NA	NA	NA	NA	NA	NA	NA	NA	NA	NA	NA	NA	NA	NA	NA	NA	NA	NA	NA	NA	NA	NA	NA	NA	NA	NA	NA	NA	NA	NA	NA	NA	NA	NA	NA	NA	NA	NA	NA	NA	NA	NA	NA	NA	NA
cg16789902	NA	NA	NA	NA	NA	NA	NA	NA	NA	NA	NA	NA	NA	NA	NA	NA	NA	NA	NA	NA	NA	NA	NA	NA	NA	NA	NA	NA	NA	NA	NA	NA	NA	NA	NA	NA	NA	NA	NA	NA	NA	NA	NA	NA	NA	NA	NA	NA	NA	NA	NA	NA	NA	NA	NA	NA	NA
cg16790676	NA	NA	NA	NA	NA	NA	NA	NA	NA	NA	NA	NA	NA	NA	NA	NA	NA	NA	NA	NA	NA	NA	NA	NA	NA	NA	NA	NA	NA	NA	NA	NA	NA	NA	NA	NA	NA	NA	NA	NA	NA	NA	NA	NA	NA	NA	NA	NA	NA	NA	NA	NA	NA	NA	NA	NA	NA
cg16869809	0.388397227471585	0.851405252293273	0.572955548571614	0.820597212974872	0.367853435530651	0.490739252237731	0.802838142409124	0.890165433917865	0.478483953360435	0.559682342888119	0.547507920404059	0.65796432864309	0.882285407779321	0.782986969275583	0.900629365261677	0.490092608303383	0.610888768106244	0.533887092829059	0.816967429780093	0.857348029000631	0.646106939238087	0.82600004171154	0.453392282689276	0.834458075586442	0.639031196323135	0.701702772949356	0.843718806347558	0.778433287731417	0.318805253230274	0.602332201666477	0.597067792540563	0.870619548449482	0.691402648084116	0.806073932061905	0.525310873183938	0.877666095597412	0.805194292612083	0.713716456833462	0.854647448701808	0.531867541834069	0.343096759089958	0.664803218059467	0.763052840873616	0.686228428617596	0.902406882420775	0.462021393437242	0.551405878033242	0.72966086125552	0.654594456529626	0.864192618314716	0.789169537405535	0.524384505556606	0.238117639977257	0.861356326350813	0.497745013124988	0.685519881101794	0.404279848750404
cg16944496	NA	NA	NA	NA	NA	NA	NA	NA	NA	NA	NA	NA	NA	NA	NA	NA	NA	NA	NA	NA	NA	NA	NA	NA	NA	NA	NA	NA	NA	NA	NA	NA	NA	NA	NA	NA	NA	NA	NA	NA	NA	NA	NA	NA	NA	NA	NA	NA	NA	NA	NA	NA	NA	NA	NA	NA	NA
cg16952929	NA	NA	NA	NA	NA	NA	NA	NA	NA	NA	NA	NA	NA	NA	NA	NA	NA	NA	NA	NA	NA	NA	NA	NA	NA	NA	NA	NA	NA	NA	NA	NA	NA	NA	NA	NA	NA	NA	NA	NA	NA	NA	NA	NA	NA	NA	NA	NA	NA	NA	NA	NA	NA	NA	NA	NA	NA
cg17027033	NA	NA	NA	NA	NA	NA	NA	NA	NA	NA	NA	NA	NA	NA	NA	NA	NA	NA	NA	NA	NA	NA	NA	NA	NA	NA	NA	NA	NA	NA	NA	NA	NA	NA	NA	NA	NA	NA	NA	NA	NA	NA	NA	NA	NA	NA	NA	NA	NA	NA	NA	NA	NA	NA	NA	NA	NA
cg17051552	NA	NA	NA	NA	NA	NA	NA	NA	NA	NA	NA	NA	NA	NA	NA	NA	NA	NA	NA	NA	NA	NA	NA	NA	NA	NA	NA	NA	NA	NA	NA	NA	NA	NA	NA	NA	NA	NA	NA	NA	NA	NA	NA	NA	NA	NA	NA	NA	NA	NA	NA	NA	NA	NA	NA	NA	NA
cg17056317	NA	NA	NA	NA	NA	NA	NA	NA	NA	NA	NA	NA	NA	NA	NA	NA	NA	NA	NA	NA	NA	NA	NA	NA	NA	NA	NA	NA	NA	NA	NA	NA	NA	NA	NA	NA	NA	NA	NA	NA	NA	NA	NA	NA	NA	NA	NA	NA	NA	NA	NA	NA	NA	NA	NA	NA	NA
cg17063731	NA	NA	NA	NA	NA	NA	NA	NA	NA	NA	NA	NA	NA	NA	NA	NA	NA	NA	NA	NA	NA	NA	NA	NA	NA	NA	NA	NA	NA	NA	NA	NA	NA	NA	NA	NA	NA	NA	NA	NA	NA	NA	NA	NA	NA	NA	NA	NA	NA	NA	NA	NA	NA	NA	NA	NA	NA
cg17092860	NA	NA	NA	NA	NA	NA	NA	NA	NA	NA	NA	NA	NA	NA	NA	NA	NA	NA	NA	NA	NA	NA	NA	NA	NA	NA	NA	NA	NA	NA	NA	NA	NA	NA	NA	NA	NA	NA	NA	NA	NA	NA	NA	NA	NA	NA	NA	NA	NA	NA	NA	NA	NA	NA	NA	NA	NA
cg17132591	NA	NA	NA	NA	NA	NA	NA	NA	NA	NA	NA	NA	NA	NA	NA	NA	NA	NA	NA	NA	NA	NA	NA	NA	NA	NA	NA	NA	NA	NA	NA	NA	NA	NA	NA	NA	NA	NA	NA	NA	NA	NA	NA	NA	NA	NA	NA	NA	NA	NA	NA	NA	NA	NA	NA	NA	NA
cg17140133	NA	NA	NA	NA	NA	NA	NA	NA	NA	NA	NA	NA	NA	NA	NA	NA	NA	NA	NA	NA	NA	NA	NA	NA	NA	NA	NA	NA	NA	NA	NA	NA	NA	NA	NA	NA	NA	NA	NA	NA	NA	NA	NA	NA	NA	NA	NA	NA	NA	NA	NA	NA	NA	NA	NA	NA	NA
cg17146997	NA	NA	NA	NA	NA	NA	NA	NA	NA	NA	NA	NA	NA	NA	NA	NA	NA	NA	NA	NA	NA	NA	NA	NA	NA	NA	NA	NA	NA	NA	NA	NA	NA	NA	NA	NA	NA	NA	NA	NA	NA	NA	NA	NA	NA	NA	NA	NA	NA	NA	NA	NA	NA	NA	NA	NA	NA
cg17182464	NA	NA	NA	NA	NA	NA	NA	NA	NA	NA	NA	NA	NA	NA	NA	NA	NA	NA	NA	NA	NA	NA	NA	NA	NA	NA	NA	NA	NA	NA	NA	NA	NA	NA	NA	NA	NA	NA	NA	NA	NA	NA	NA	NA	NA	NA	NA	NA	NA	NA	NA	NA	NA	NA	NA	NA	NA
cg17210130	NA	NA	NA	NA	NA	NA	NA	NA	NA	NA	NA	NA	NA	NA	NA	NA	NA	NA	NA	NA	NA	NA	NA	NA	NA	NA	NA	NA	NA	NA	NA	NA	NA	NA	NA	NA	NA	NA	NA	NA	NA	NA	NA	NA	NA	NA	NA	NA	NA	NA	NA	NA	NA	NA	NA	NA	NA
cg17216266	0.840554152227355	0.913197326325455	0.904195994656476	0.828227310381046	0.863133708175748	0.91189036828459	0.822438560112279	0.903690468681336	0.89083030863559	0.88795897647161	0.926072705337815	0.787627182096069	0.859574124608221	0.875447553586191	0.855372596855268	0.920052161485643	0.812475824935632	0.758906001979851	0.504447121113009	0.884359904815526	0.873787700554863	0.62672598159913	0.842974107994056	0.838150784516511	0.772348869305093	0.906460212903244	0.725777304308579	0.839927117759845	0.821751047590242	0.797436407093855	0.915770496874865	0.924660461977516	0.568824793777095	0.88789029095777	0.786877576455915	0.833586430999259	0.573570320900739	0.8421328986839	0.876333582460465	0.684558572424847	0.827174954027589	0.921648496963877	0.880504789927022	0.842998063188707	0.93036107026271	0.841677662113646	0.71767046078935	0.909542899664234	0.924623264431825	0.913463429318468	0.834402657987616	0.875628301407825	0.714536180578711	0.927397743263462	0.902138945739037	0.873347816664238	0.866913048010352
cg17240701	NA	NA	NA	NA	NA	NA	NA	NA	NA	NA	NA	NA	NA	NA	NA	NA	NA	NA	NA	NA	NA	NA	NA	NA	NA	NA	NA	NA	NA	NA	NA	NA	NA	NA	NA	NA	NA	NA	NA	NA	NA	NA	NA	NA	NA	NA	NA	NA	NA	NA	NA	NA	NA	NA	NA	NA	NA
cg17272549	0.691787403590832	0.92239983464292	0.949177670150089	0.225545386049481	0.479555442198584	0.83012968132204	0.847505149856391	0.892052371065805	0.937372338994003	0.760037843730272	0.92460056335226	0.871539008587211	0.920182310623041	0.892469288244642	0.920917570672101	0.926306921638935	0.850960775752082	0.904110332819912	0.928824162456927	0.937567610574318	0.886217414945703	0.797826571231083	0.913058453953373	0.739340464123362	0.390275743420021	0.887470076921868	0.868301166243353	0.809781076159378	0.908219772098199	0.86159850486292	0.913419030697856	0.921537005263056	0.919915856593576	0.949326418372374	0.423726743555842	0.690026163789715	0.548857283032782	0.875149064144216	0.837693454146165	0.31414748271059	0.802480395325368	0.94943833336272	0.917054388270981	0.479952232886415	0.939411350252871	0.852136561231195	0.858597404391704	0.715146814234181	0.764774620934063	0.95122180372602	0.905869225380121	0.757769058426381	0.356354386323612	0.874872415313626	0.869733164540438	0.944501727569953	0.883844057558036
cg17273919	NA	NA	NA	NA	NA	NA	NA	NA	NA	NA	NA	NA	NA	NA	NA	NA	NA	NA	NA	NA	NA	NA	NA	NA	NA	NA	NA	NA	NA	NA	NA	NA	NA	NA	NA	NA	NA	NA	NA	NA	NA	NA	NA	NA	NA	NA	NA	NA	NA	NA	NA	NA	NA	NA	NA	NA	NA
cg17324339	NA	NA	NA	NA	NA	NA	NA	NA	NA	NA	NA	NA	NA	NA	NA	NA	NA	NA	NA	NA	NA	NA	NA	NA	NA	NA	NA	NA	NA	NA	NA	NA	NA	NA	NA	NA	NA	NA	NA	NA	NA	NA	NA	NA	NA	NA	NA	NA	NA	NA	NA	NA	NA	NA	NA	NA	NA
cg17333139	NA	NA	NA	NA	NA	NA	NA	NA	NA	NA	NA	NA	NA	NA	NA	NA	NA	NA	NA	NA	NA	NA	NA	NA	NA	NA	NA	NA	NA	NA	NA	NA	NA	NA	NA	NA	NA	NA	NA	NA	NA	NA	NA	NA	NA	NA	NA	NA	NA	NA	NA	NA	NA	NA	NA	NA	NA
cg17365377	NA	NA	NA	NA	NA	NA	NA	NA	NA	NA	NA	NA	NA	NA	NA	NA	NA	NA	NA	NA	NA	NA	NA	NA	NA	NA	NA	NA	NA	NA	NA	NA	NA	NA	NA	NA	NA	NA	NA	NA	NA	NA	NA	NA	NA	NA	NA	NA	NA	NA	NA	NA	NA	NA	NA	NA	NA
cg17367457	NA	NA	NA	NA	NA	NA	NA	NA	NA	NA	NA	NA	NA	NA	NA	NA	NA	NA	NA	NA	NA	NA	NA	NA	NA	NA	NA	NA	NA	NA	NA	NA	NA	NA	NA	NA	NA	NA	NA	NA	NA	NA	NA	NA	NA	NA	NA	NA	NA	NA	NA	NA	NA	NA	NA	NA	NA
cg17440987	NA	NA	NA	NA	NA	NA	NA	NA	NA	NA	NA	NA	NA	NA	NA	NA	NA	NA	NA	NA	NA	NA	NA	NA	NA	NA	NA	NA	NA	NA	NA	NA	NA	NA	NA	NA	NA	NA	NA	NA	NA	NA	NA	NA	NA	NA	NA	NA	NA	NA	NA	NA	NA	NA	NA	NA	NA
cg17447300	NA	NA	NA	NA	NA	NA	NA	NA	NA	NA	NA	NA	NA	NA	NA	NA	NA	NA	NA	NA	NA	NA	NA	NA	NA	NA	NA	NA	NA	NA	NA	NA	NA	NA	NA	NA	NA	NA	NA	NA	NA	NA	NA	NA	NA	NA	NA	NA	NA	NA	NA	NA	NA	NA	NA	NA	NA
cg17463277	0.155733776970471	0.851155851937785	0.477945536945523	0.156264682696188	0.718038618855327	0.465356260507868	0.685717532708642	0.300668660123337	0.27978738858084	0.653221535343464	0.313366662968642	0.860056844850188	0.199408835610352	0.614074386196483	0.131425746171368	0.221323643578091	0.523292775261282	0.636420676535874	0.593742412027933	0.761862447970744	0.247787158620471	0.388164662405192	0.23034330320417	0.524454189949747	0.7005198179906	0.29443730114753	0.465043919277908	0.74161834139925	0.365671140874351	0.508611867213897	0.644319985106067	0.45052785801381	0.27457085504426	0.826754584111204	0.777756329485875	0.390422102716673	0.652288675242977	0.862504460283774	0.157900665667676	0.496068909658494	0.189272301639713	0.671040738636318	0.566647340753155	0.775105939222948	0.765741803127448	0.712673764830593	0.404121210012897	0.86903595136813	0.579427136903881	0.845829689718959	0.496282060241981	0.586464435586567	0.360691333774658	0.775963634733957	0.215119176214717	0.499542095002508	0.275182393956548
cg17482273	NA	NA	NA	NA	NA	NA	NA	NA	NA	NA	NA	NA	NA	NA	NA	NA	NA	NA	NA	NA	NA	NA	NA	NA	NA	NA	NA	NA	NA	NA	NA	NA	NA	NA	NA	NA	NA	NA	NA	NA	NA	NA	NA	NA	NA	NA	NA	NA	NA	NA	NA	NA	NA	NA	NA	NA	NA
cg17489282	NA	NA	NA	NA	NA	NA	NA	NA	NA	NA	NA	NA	NA	NA	NA	NA	NA	NA	NA	NA	NA	NA	NA	NA	NA	NA	NA	NA	NA	NA	NA	NA	NA	NA	NA	NA	NA	NA	NA	NA	NA	NA	NA	NA	NA	NA	NA	NA	NA	NA	NA	NA	NA	NA	NA	NA	NA
cg17521526	NA	NA	NA	NA	NA	NA	NA	NA	NA	NA	NA	NA	NA	NA	NA	NA	NA	NA	NA	NA	NA	NA	NA	NA	NA	NA	NA	NA	NA	NA	NA	NA	NA	NA	NA	NA	NA	NA	NA	NA	NA	NA	NA	NA	NA	NA	NA	NA	NA	NA	NA	NA	NA	NA	NA	NA	NA
cg17585181	NA	NA	NA	NA	NA	NA	NA	NA	NA	NA	NA	NA	NA	NA	NA	NA	NA	NA	NA	NA	NA	NA	NA	NA	NA	NA	NA	NA	NA	NA	NA	NA	NA	NA	NA	NA	NA	NA	NA	NA	NA	NA	NA	NA	NA	NA	NA	NA	NA	NA	NA	NA	NA	NA	NA	NA	NA
cg17592693	NA	NA	NA	NA	NA	NA	NA	NA	NA	NA	NA	NA	NA	NA	NA	NA	NA	NA	NA	NA	NA	NA	NA	NA	NA	NA	NA	NA	NA	NA	NA	NA	NA	NA	NA	NA	NA	NA	NA	NA	NA	NA	NA	NA	NA	NA	NA	NA	NA	NA	NA	NA	NA	NA	NA	NA	NA
cg17613911	NA	NA	NA	NA	NA	NA	NA	NA	NA	NA	NA	NA	NA	NA	NA	NA	NA	NA	NA	NA	NA	NA	NA	NA	NA	NA	NA	NA	NA	NA	NA	NA	NA	NA	NA	NA	NA	NA	NA	NA	NA	NA	NA	NA	NA	NA	NA	NA	NA	NA	NA	NA	NA	NA	NA	NA	NA
cg17639413	0.893142468275517	0.750599563457143	0.538197198890885	0.515518669565155	0.922624517795753	0.626054199648271	0.647330320383043	0.834468212048193	0.911774939168704	0.894702665997081	0.489287707269815	0.922314046905429	0.620893938003408	0.222520516195767	0.885894226287454	0.614617063174103	0.527465916159098	0.818378879331871	0.300928388190539	0.941236359592316	0.469481526417926	0.844173842780329	0.694601592329275	0.640903563532364	0.678931474738267	0.388096030869476	0.819896486013836	0.814831299003832	0.922891411425298	0.879782032061206	0.801107750368918	0.865100216915755	0.433858327284322	0.953504449572515	0.726858363839565	0.662814151267407	0.640617548717174	0.914187031619909	0.33797861311701	0.444512100824508	0.185478757420769	0.861864601977545	0.575509804852605	0.284443005667516	0.91812368748803	0.8743412283358	0.684782584911274	0.865819890570699	0.292856409392127	0.932017821271668	0.803670491714784	0.84674104826113	0.524033915030558	0.949174895307485	0.939323764346872	0.894575605427308	0.714312376323163
cg17651095	NA	NA	NA	NA	NA	NA	NA	NA	NA	NA	NA	NA	NA	NA	NA	NA	NA	NA	NA	NA	NA	NA	NA	NA	NA	NA	NA	NA	NA	NA	NA	NA	NA	NA	NA	NA	NA	NA	NA	NA	NA	NA	NA	NA	NA	NA	NA	NA	NA	NA	NA	NA	NA	NA	NA	NA	NA
cg17659797	0.819721784256994	0.77715222265713	0.876434075134993	0.637585444770005	0.825914853418619	0.799646205173767	0.847707011249603	0.836905564715481	0.882287016842748	0.804911941504301	0.847569458738369	0.904588378724954	0.871375849226919	0.808507643425226	0.883214296471995	0.817881520658116	0.822870550549211	0.845247047375875	0.885343066746509	0.898405525497602	0.889928300844465	0.908828249991374	0.926801219833527	0.85880891632888	0.608122416663398	0.872577135326883	0.81574295988524	0.84567578678154	0.896977643658063	0.651595543683058	0.822300972836603	0.922588017316309	0.66474721493994	0.894082160322686	0.675972288305437	0.748867828781634	0.677519432077193	0.939404414208306	0.79956637451174	0.764747614402666	0.808245906858225	0.881191353138966	0.929031547484122	0.717088347221504	0.937205603634451	0.902693096327998	0.93676124436422	0.904038833377836	0.899407481694382	0.922704300851825	0.78314099600132	0.912727430946379	0.895184461295747	0.926545792491754	0.789524605908137	0.9227793588163	0.745105846365074
cg17727418	NA	NA	NA	NA	NA	NA	NA	NA	NA	NA	NA	NA	NA	NA	NA	NA	NA	NA	NA	NA	NA	NA	NA	NA	NA	NA	NA	NA	NA	NA	NA	NA	NA	NA	NA	NA	NA	NA	NA	NA	NA	NA	NA	NA	NA	NA	NA	NA	NA	NA	NA	NA	NA	NA	NA	NA	NA
cg17732646	0.943355803120391	0.945899003415595	0.945632953151239	0.932884806343192	0.934324438214033	0.954532014648084	0.940534646446056	0.901223925386384	0.953342482877314	0.955176878734842	0.954066550398693	0.942248383591311	0.95122057462589	0.951619654748779	0.951514671494293	0.944750415697442	0.947437203349863	0.913523360900738	0.92932296232204	0.954597957733446	0.929942105601598	0.62615331863661	0.926678991902312	0.94563342553324	0.929268410274198	0.931976605077393	0.94270045743025	0.921439197911884	0.940061980096567	0.921107089142712	0.939308401332601	0.927888643901535	0.914189936098683	0.941671529260077	0.929643496174188	0.93572909247921	0.925178505274443	0.925463584079206	0.929942894935306	0.926358144528608	0.91036887078028	0.929623316020575	0.945830663989423	0.929870756451146	0.946617657084477	0.949204752773013	0.932462472476462	0.955125628451552	0.949112043189385	0.941983803556367	0.646878742202831	0.952608535145789	0.945367865372143	0.950439206863741	0.949515301324613	0.946215917836815	0.946291973375347
cg17857642	NA	NA	NA	NA	NA	NA	NA	NA	NA	NA	NA	NA	NA	NA	NA	NA	NA	NA	NA	NA	NA	NA	NA	NA	NA	NA	NA	NA	NA	NA	NA	NA	NA	NA	NA	NA	NA	NA	NA	NA	NA	NA	NA	NA	NA	NA	NA	NA	NA	NA	NA	NA	NA	NA	NA	NA	NA
cg17862146	NA	NA	NA	NA	NA	NA	NA	NA	NA	NA	NA	NA	NA	NA	NA	NA	NA	NA	NA	NA	NA	NA	NA	NA	NA	NA	NA	NA	NA	NA	NA	NA	NA	NA	NA	NA	NA	NA	NA	NA	NA	NA	NA	NA	NA	NA	NA	NA	NA	NA	NA	NA	NA	NA	NA	NA	NA
cg17900273	NA	NA	NA	NA	NA	NA	NA	NA	NA	NA	NA	NA	NA	NA	NA	NA	NA	NA	NA	NA	NA	NA	NA	NA	NA	NA	NA	NA	NA	NA	NA	NA	NA	NA	NA	NA	NA	NA	NA	NA	NA	NA	NA	NA	NA	NA	NA	NA	NA	NA	NA	NA	NA	NA	NA	NA	NA
cg17917920	NA	NA	NA	NA	NA	NA	NA	NA	NA	NA	NA	NA	NA	NA	NA	NA	NA	NA	NA	NA	NA	NA	NA	NA	NA	NA	NA	NA	NA	NA	NA	NA	NA	NA	NA	NA	NA	NA	NA	NA	NA	NA	NA	NA	NA	NA	NA	NA	NA	NA	NA	NA	NA	NA	NA	NA	NA
cg17935214	0.14306299926166	0.288229759259324	0.164489004631494	0.524704955633068	0.544555574067996	0.256524588289515	0.339665617709746	0.162090510611901	0.650364900208072	0.345416961012152	0.183790287857675	0.780280805072468	0.549873368902457	0.744936914162622	0.28194440471753	0.275796364135582	0.758467340325424	0.192837436715641	0.567176309337197	0.194838272262384	0.395920690341069	0.463486359879526	0.206720324173091	0.253547891121058	0.297215104661071	0.582953415584634	0.275004659829668	0.51092024910703	0.430550839586357	0.504872740847042	0.581802843642731	0.22299489257913	0.537443588102053	0.778085143229472	0.190629102397254	0.174942173563021	0.318147518298657	0.832604353503351	0.198511811114218	0.311388757205123	0.333892521666895	0.641631097582394	0.249089072964726	0.144076483779927	0.260384068996668	0.26502386581797	0.384822783029998	0.774976277727747	0.361174967627467	0.778898959862485	0.647354476535959	0.653736884857601	0.76763761542226	0.529423386579384	0.833904860861479	0.71818516462609	0.194966342683274
cg17947225	NA	NA	NA	NA	NA	NA	NA	NA	NA	NA	NA	NA	NA	NA	NA	NA	NA	NA	NA	NA	NA	NA	NA	NA	NA	NA	NA	NA	NA	NA	NA	NA	NA	NA	NA	NA	NA	NA	NA	NA	NA	NA	NA	NA	NA	NA	NA	NA	NA	NA	NA	NA	NA	NA	NA	NA	NA
cg17967453	NA	NA	NA	NA	NA	NA	NA	NA	NA	NA	NA	NA	NA	NA	NA	NA	NA	NA	NA	NA	NA	NA	NA	NA	NA	NA	NA	NA	NA	NA	NA	NA	NA	NA	NA	NA	NA	NA	NA	NA	NA	NA	NA	NA	NA	NA	NA	NA	NA	NA	NA	NA	NA	NA	NA	NA	NA
cg18030084	NA	NA	NA	NA	NA	NA	NA	NA	NA	NA	NA	NA	NA	NA	NA	NA	NA	NA	NA	NA	NA	NA	NA	NA	NA	NA	NA	NA	NA	NA	NA	NA	NA	NA	NA	NA	NA	NA	NA	NA	NA	NA	NA	NA	NA	NA	NA	NA	NA	NA	NA	NA	NA	NA	NA	NA	NA
cg18047609	0.872420767848591	0.895867397421019	0.907565132786652	0.52434791768485	0.673596057078964	0.859747355474597	0.758167042058728	0.913617073825638	0.740520631539627	0.915079390196594	0.876998199504165	0.857840996867254	0.824709963860597	0.91145330917061	0.683894713317122	0.646368243213956	0.832601712760411	0.77215581824042	0.275713265680761	0.901738357836684	0.886039841507109	0.892309072353097	0.862349860384178	0.827110625017063	0.518935286759204	0.72961178024494	0.692110146793405	0.82599207506738	0.813320068424317	0.834845016778389	0.815292659012475	0.665143491901655	0.811412397176327	0.873041216012851	0.855245145575527	0.743937904168955	0.586990176661322	0.915102165924226	0.855488493786884	0.642261103282023	0.664048542806287	0.865352907715834	0.883239384904909	0.919532020521159	0.933926515013827	0.709540234487897	0.843210753626134	0.926731163184276	0.898475469787359	0.904396728078758	0.621241583632954	0.688772563244913	0.672507676814743	0.907211304145977	0.914473379894588	0.887779728642509	0.713806043176255
cg18067665	NA	NA	NA	NA	NA	NA	NA	NA	NA	NA	NA	NA	NA	NA	NA	NA	NA	NA	NA	NA	NA	NA	NA	NA	NA	NA	NA	NA	NA	NA	NA	NA	NA	NA	NA	NA	NA	NA	NA	NA	NA	NA	NA	NA	NA	NA	NA	NA	NA	NA	NA	NA	NA	NA	NA	NA	NA
cg18070057	NA	NA	NA	NA	NA	NA	NA	NA	NA	NA	NA	NA	NA	NA	NA	NA	NA	NA	NA	NA	NA	NA	NA	NA	NA	NA	NA	NA	NA	NA	NA	NA	NA	NA	NA	NA	NA	NA	NA	NA	NA	NA	NA	NA	NA	NA	NA	NA	NA	NA	NA	NA	NA	NA	NA	NA	NA
cg18086868	0.0920767308093544	0.759674075786592	0.453961559516033	0.246927812778937	0.119069052351486	0.151771530839407	0.41953716480875	0.122077560545115	0.0980475411166558	0.173489319079482	0.321657598900348	0.136798770392937	0.230136221889208	0.398640451558233	0.287804833491204	0.264506130843012	0.187109556931816	0.15269993426448	0.0510763734775019	0.279606965877713	0.22002337786817	0.403791658596061	0.515474670887936	0.257882489274579	0.161207114169631	0.112028542995676	0.259985534518508	0.468310944676408	0.636288345410643	0.610948503466683	0.380811812311882	0.156233803128546	0.2302353167561	0.232397720603502	0.415238208889639	0.190539021778128	0.182117176175092	0.412756122673488	0.429065494575435	0.217322619179987	0.108881046658766	0.18847085387926	0.488493279478695	0.212896406913844	0.771592684284617	0.154617862902111	0.258553847556282	0.342778645662448	0.211410027884628	0.297860702549637	0.478861188471329	0.355998333632353	0.0774895907782489	0.172803181420316	0.178597302645629	0.537375200581998	0.52877730885337
cg18105665	0.919612534791093	0.921172914822158	0.942694123570968	0.586337902621335	0.714714454038209	0.363381890924397	0.826903376203271	0.930293224170534	0.569001989317632	0.790709241602976	0.911746511109636	0.82624301674304	0.907698520673813	0.951267404152983	0.935622153773151	0.820806515825259	0.533310602757597	0.73826903151002	0.913693019338306	0.918888368496009	0.924080502046007	0.935755193214375	0.885819553539712	0.446099683545866	0.754470577991589	0.426785135709544	0.905901832303702	0.843656774252054	0.89145918149522	0.938717093940162	0.884440270417339	0.713239481145982	0.807407594076041	0.78859708348141	0.547322983205218	0.847681667263537	0.711566262474125	0.923671506968228	0.929639641338478	0.864141381981517	0.249647463852098	0.791127459788673	0.854030394949083	0.910509692411029	0.964395528491016	0.670858395218651	0.88353748362477	0.698306499109943	0.677960140063957	0.936809102430977	0.429835154825819	0.894665861988271	0.92387417353031	0.727046047596735	0.927421157525318	0.906664269529063	0.88291579928545
cg18140324	NA	NA	NA	NA	NA	NA	NA	NA	NA	NA	NA	NA	NA	NA	NA	NA	NA	NA	NA	NA	NA	NA	NA	NA	NA	NA	NA	NA	NA	NA	NA	NA	NA	NA	NA	NA	NA	NA	NA	NA	NA	NA	NA	NA	NA	NA	NA	NA	NA	NA	NA	NA	NA	NA	NA	NA	NA
cg18143116	NA	NA	NA	NA	NA	NA	NA	NA	NA	NA	NA	NA	NA	NA	NA	NA	NA	NA	NA	NA	NA	NA	NA	NA	NA	NA	NA	NA	NA	NA	NA	NA	NA	NA	NA	NA	NA	NA	NA	NA	NA	NA	NA	NA	NA	NA	NA	NA	NA	NA	NA	NA	NA	NA	NA	NA	NA
cg18183019	NA	NA	NA	NA	NA	NA	NA	NA	NA	NA	NA	NA	NA	NA	NA	NA	NA	NA	NA	NA	NA	NA	NA	NA	NA	NA	NA	NA	NA	NA	NA	NA	NA	NA	NA	NA	NA	NA	NA	NA	NA	NA	NA	NA	NA	NA	NA	NA	NA	NA	NA	NA	NA	NA	NA	NA	NA
cg18193230	NA	NA	NA	NA	NA	NA	NA	NA	NA	NA	NA	NA	NA	NA	NA	NA	NA	NA	NA	NA	NA	NA	NA	NA	NA	NA	NA	NA	NA	NA	NA	NA	NA	NA	NA	NA	NA	NA	NA	NA	NA	NA	NA	NA	NA	NA	NA	NA	NA	NA	NA	NA	NA	NA	NA	NA	NA
cg18221988	NA	NA	NA	NA	NA	NA	NA	NA	NA	NA	NA	NA	NA	NA	NA	NA	NA	NA	NA	NA	NA	NA	NA	NA	NA	NA	NA	NA	NA	NA	NA	NA	NA	NA	NA	NA	NA	NA	NA	NA	NA	NA	NA	NA	NA	NA	NA	NA	NA	NA	NA	NA	NA	NA	NA	NA	NA
cg18274510	0.782983927404065	0.332640288545824	0.758649017732359	0.697431166771455	0.626564549439257	0.437004160948457	0.619245172143278	0.310729116473407	0.345040261427723	0.496874949079065	0.622475891242584	0.43703549188415	0.829009635374952	0.69870646802514	0.573639558239987	0.239067998096211	0.461168830637947	0.330747170871056	0.919766133392893	0.619505292658913	0.668779056518413	0.570136232838171	0.83292258405149	0.428909761317404	0.48139180383706	0.47726749913533	0.537715330373139	0.821031152886688	0.873217409998206	0.784242276888565	0.379628966507238	0.492772796089325	0.655170495388061	0.842144494662375	0.419386755899145	0.857536926360593	0.631720174482395	0.926601394730828	0.505833822501021	0.291487890577638	0.661839473139484	0.425077660602896	0.438604539619642	0.289105896368431	0.662424626521705	0.400494390982368	0.543837458094345	0.575986495690959	0.68560603047847	0.483663100035534	0.585220815359495	0.600810907444144	0.913274035422723	0.354551468917918	0.827563582209514	0.834689262961033	0.609249899926247
cg18274732	NA	NA	NA	NA	NA	NA	NA	NA	NA	NA	NA	NA	NA	NA	NA	NA	NA	NA	NA	NA	NA	NA	NA	NA	NA	NA	NA	NA	NA	NA	NA	NA	NA	NA	NA	NA	NA	NA	NA	NA	NA	NA	NA	NA	NA	NA	NA	NA	NA	NA	NA	NA	NA	NA	NA	NA	NA
cg18275339	NA	NA	NA	NA	NA	NA	NA	NA	NA	NA	NA	NA	NA	NA	NA	NA	NA	NA	NA	NA	NA	NA	NA	NA	NA	NA	NA	NA	NA	NA	NA	NA	NA	NA	NA	NA	NA	NA	NA	NA	NA	NA	NA	NA	NA	NA	NA	NA	NA	NA	NA	NA	NA	NA	NA	NA	NA
cg18296448	NA	NA	NA	NA	NA	NA	NA	NA	NA	NA	NA	NA	NA	NA	NA	NA	NA	NA	NA	NA	NA	NA	NA	NA	NA	NA	NA	NA	NA	NA	NA	NA	NA	NA	NA	NA	NA	NA	NA	NA	NA	NA	NA	NA	NA	NA	NA	NA	NA	NA	NA	NA	NA	NA	NA	NA	NA
cg18309935	NA	NA	NA	NA	NA	NA	NA	NA	NA	NA	NA	NA	NA	NA	NA	NA	NA	NA	NA	NA	NA	NA	NA	NA	NA	NA	NA	NA	NA	NA	NA	NA	NA	NA	NA	NA	NA	NA	NA	NA	NA	NA	NA	NA	NA	NA	NA	NA	NA	NA	NA	NA	NA	NA	NA	NA	NA
cg18360585	NA	NA	NA	NA	NA	NA	NA	NA	NA	NA	NA	NA	NA	NA	NA	NA	NA	NA	NA	NA	NA	NA	NA	NA	NA	NA	NA	NA	NA	NA	NA	NA	NA	NA	NA	NA	NA	NA	NA	NA	NA	NA	NA	NA	NA	NA	NA	NA	NA	NA	NA	NA	NA	NA	NA	NA	NA
cg18381729	NA	NA	NA	NA	NA	NA	NA	NA	NA	NA	NA	NA	NA	NA	NA	NA	NA	NA	NA	NA	NA	NA	NA	NA	NA	NA	NA	NA	NA	NA	NA	NA	NA	NA	NA	NA	NA	NA	NA	NA	NA	NA	NA	NA	NA	NA	NA	NA	NA	NA	NA	NA	NA	NA	NA	NA	NA
cg18401511	NA	NA	NA	NA	NA	NA	NA	NA	NA	NA	NA	NA	NA	NA	NA	NA	NA	NA	NA	NA	NA	NA	NA	NA	NA	NA	NA	NA	NA	NA	NA	NA	NA	NA	NA	NA	NA	NA	NA	NA	NA	NA	NA	NA	NA	NA	NA	NA	NA	NA	NA	NA	NA	NA	NA	NA	NA
cg18402433	NA	NA	NA	NA	NA	NA	NA	NA	NA	NA	NA	NA	NA	NA	NA	NA	NA	NA	NA	NA	NA	NA	NA	NA	NA	NA	NA	NA	NA	NA	NA	NA	NA	NA	NA	NA	NA	NA	NA	NA	NA	NA	NA	NA	NA	NA	NA	NA	NA	NA	NA	NA	NA	NA	NA	NA	NA
cg18458116	NA	NA	NA	NA	NA	NA	NA	NA	NA	NA	NA	NA	NA	NA	NA	NA	NA	NA	NA	NA	NA	NA	NA	NA	NA	NA	NA	NA	NA	NA	NA	NA	NA	NA	NA	NA	NA	NA	NA	NA	NA	NA	NA	NA	NA	NA	NA	NA	NA	NA	NA	NA	NA	NA	NA	NA	NA
cg18461093	NA	NA	NA	NA	NA	NA	NA	NA	NA	NA	NA	NA	NA	NA	NA	NA	NA	NA	NA	NA	NA	NA	NA	NA	NA	NA	NA	NA	NA	NA	NA	NA	NA	NA	NA	NA	NA	NA	NA	NA	NA	NA	NA	NA	NA	NA	NA	NA	NA	NA	NA	NA	NA	NA	NA	NA	NA
cg18474718	NA	NA	NA	NA	NA	NA	NA	NA	NA	NA	NA	NA	NA	NA	NA	NA	NA	NA	NA	NA	NA	NA	NA	NA	NA	NA	NA	NA	NA	NA	NA	NA	NA	NA	NA	NA	NA	NA	NA	NA	NA	NA	NA	NA	NA	NA	NA	NA	NA	NA	NA	NA	NA	NA	NA	NA	NA
cg18494563	NA	NA	NA	NA	NA	NA	NA	NA	NA	NA	NA	NA	NA	NA	NA	NA	NA	NA	NA	NA	NA	NA	NA	NA	NA	NA	NA	NA	NA	NA	NA	NA	NA	NA	NA	NA	NA	NA	NA	NA	NA	NA	NA	NA	NA	NA	NA	NA	NA	NA	NA	NA	NA	NA	NA	NA	NA
cg18516241	NA	NA	NA	NA	NA	NA	NA	NA	NA	NA	NA	NA	NA	NA	NA	NA	NA	NA	NA	NA	NA	NA	NA	NA	NA	NA	NA	NA	NA	NA	NA	NA	NA	NA	NA	NA	NA	NA	NA	NA	NA	NA	NA	NA	NA	NA	NA	NA	NA	NA	NA	NA	NA	NA	NA	NA	NA
cg18522822	NA	NA	NA	NA	NA	NA	NA	NA	NA	NA	NA	NA	NA	NA	NA	NA	NA	NA	NA	NA	NA	NA	NA	NA	NA	NA	NA	NA	NA	NA	NA	NA	NA	NA	NA	NA	NA	NA	NA	NA	NA	NA	NA	NA	NA	NA	NA	NA	NA	NA	NA	NA	NA	NA	NA	NA	NA
cg18528124	NA	NA	NA	NA	NA	NA	NA	NA	NA	NA	NA	NA	NA	NA	NA	NA	NA	NA	NA	NA	NA	NA	NA	NA	NA	NA	NA	NA	NA	NA	NA	NA	NA	NA	NA	NA	NA	NA	NA	NA	NA	NA	NA	NA	NA	NA	NA	NA	NA	NA	NA	NA	NA	NA	NA	NA	NA
cg18545561	0.68022336720347	0.858169054953961	0.756123635179269	0.79276870616933	0.80364970175763	0.877214469619948	0.72568529499162	0.387917543024876	0.918369191265105	0.835158186343813	0.846911850444083	0.722814601152269	0.794542317157288	0.857578275506051	0.816179231565756	0.846039170582286	0.854420294234153	0.88009746390401	0.577110256146321	0.862991878703526	0.702353242974503	0.790268358022326	0.907737485405172	0.463037366360863	0.71864524551207	0.907020453751314	0.812058989585339	0.85831238479893	0.748809366705407	0.87599717048263	0.828751032810511	0.68781464767025	0.483238020997326	0.816337495803929	0.815380750736467	0.858729677177115	0.804896851107063	0.886812570419462	0.82889014161035	0.735929480485717	0.811946111706129	0.862601384874573	0.806444861615115	0.848296472435066	0.797056761515025	0.821931240891592	0.407387215432524	0.904160671189829	0.844604117901006	0.876077333141156	0.762862156943725	0.716425945018305	0.844968127449252	0.830452421205697	0.885784162836985	0.612756233983404	0.569541607562442
cg18569952	NA	NA	NA	NA	NA	NA	NA	NA	NA	NA	NA	NA	NA	NA	NA	NA	NA	NA	NA	NA	NA	NA	NA	NA	NA	NA	NA	NA	NA	NA	NA	NA	NA	NA	NA	NA	NA	NA	NA	NA	NA	NA	NA	NA	NA	NA	NA	NA	NA	NA	NA	NA	NA	NA	NA	NA	NA
cg18604215	NA	NA	NA	NA	NA	NA	NA	NA	NA	NA	NA	NA	NA	NA	NA	NA	NA	NA	NA	NA	NA	NA	NA	NA	NA	NA	NA	NA	NA	NA	NA	NA	NA	NA	NA	NA	NA	NA	NA	NA	NA	NA	NA	NA	NA	NA	NA	NA	NA	NA	NA	NA	NA	NA	NA	NA	NA
cg18623351	NA	NA	NA	NA	NA	NA	NA	NA	NA	NA	NA	NA	NA	NA	NA	NA	NA	NA	NA	NA	NA	NA	NA	NA	NA	NA	NA	NA	NA	NA	NA	NA	NA	NA	NA	NA	NA	NA	NA	NA	NA	NA	NA	NA	NA	NA	NA	NA	NA	NA	NA	NA	NA	NA	NA	NA	NA
cg18625258	NA	NA	NA	NA	NA	NA	NA	NA	NA	NA	NA	NA	NA	NA	NA	NA	NA	NA	NA	NA	NA	NA	NA	NA	NA	NA	NA	NA	NA	NA	NA	NA	NA	NA	NA	NA	NA	NA	NA	NA	NA	NA	NA	NA	NA	NA	NA	NA	NA	NA	NA	NA	NA	NA	NA	NA	NA
cg18631513	NA	NA	NA	NA	NA	NA	NA	NA	NA	NA	NA	NA	NA	NA	NA	NA	NA	NA	NA	NA	NA	NA	NA	NA	NA	NA	NA	NA	NA	NA	NA	NA	NA	NA	NA	NA	NA	NA	NA	NA	NA	NA	NA	NA	NA	NA	NA	NA	NA	NA	NA	NA	NA	NA	NA	NA	NA
cg18637291	NA	NA	NA	NA	NA	NA	NA	NA	NA	NA	NA	NA	NA	NA	NA	NA	NA	NA	NA	NA	NA	NA	NA	NA	NA	NA	NA	NA	NA	NA	NA	NA	NA	NA	NA	NA	NA	NA	NA	NA	NA	NA	NA	NA	NA	NA	NA	NA	NA	NA	NA	NA	NA	NA	NA	NA	NA
cg18690712	NA	NA	NA	NA	NA	NA	NA	NA	NA	NA	NA	NA	NA	NA	NA	NA	NA	NA	NA	NA	NA	NA	NA	NA	NA	NA	NA	NA	NA	NA	NA	NA	NA	NA	NA	NA	NA	NA	NA	NA	NA	NA	NA	NA	NA	NA	NA	NA	NA	NA	NA	NA	NA	NA	NA	NA	NA
cg18738114	NA	NA	NA	NA	NA	NA	NA	NA	NA	NA	NA	NA	NA	NA	NA	NA	NA	NA	NA	NA	NA	NA	NA	NA	NA	NA	NA	NA	NA	NA	NA	NA	NA	NA	NA	NA	NA	NA	NA	NA	NA	NA	NA	NA	NA	NA	NA	NA	NA	NA	NA	NA	NA	NA	NA	NA	NA
cg18771118	NA	NA	NA	NA	NA	NA	NA	NA	NA	NA	NA	NA	NA	NA	NA	NA	NA	NA	NA	NA	NA	NA	NA	NA	NA	NA	NA	NA	NA	NA	NA	NA	NA	NA	NA	NA	NA	NA	NA	NA	NA	NA	NA	NA	NA	NA	NA	NA	NA	NA	NA	NA	NA	NA	NA	NA	NA
cg18793886	NA	NA	NA	NA	NA	NA	NA	NA	NA	NA	NA	NA	NA	NA	NA	NA	NA	NA	NA	NA	NA	NA	NA	NA	NA	NA	NA	NA	NA	NA	NA	NA	NA	NA	NA	NA	NA	NA	NA	NA	NA	NA	NA	NA	NA	NA	NA	NA	NA	NA	NA	NA	NA	NA	NA	NA	NA
cg18802268	0.875961003674581	0.891215255919756	0.919229371440973	0.846262547589655	0.792561628562921	0.888797195754455	0.847325984396262	0.880436086898965	0.86156984670708	0.847127944228985	0.895669708017274	0.875440025067046	0.861139977435587	0.887305502293433	0.865022501243987	0.905339471476392	0.891886806676797	0.808177159390164	0.762974890996068	0.869568876469516	0.883335821952953	0.833799674507146	0.815193838644329	0.895020727473564	0.854859691289211	0.846208384122653	0.908806567771704	0.820823716088845	0.818869871570201	0.836262414194432	0.897966597620606	0.85334378188824	0.814095789949817	0.835207288628434	0.853229666001953	0.819338840967781	0.838157758363025	0.845507420585075	0.853222726361787	0.681235046341162	0.573201387651785	0.843729870769962	0.843945473855687	0.850980354087399	0.871972250088829	0.823284339826867	0.829595126371784	0.846240521974817	0.861970921565693	0.836397578811906	0.73437806246358	0.865229364051676	0.822692140359608	0.919672758395499	0.891318397103069	0.8609106788888	0.878068910039096
cg18817246	NA	NA	NA	NA	NA	NA	NA	NA	NA	NA	NA	NA	NA	NA	NA	NA	NA	NA	NA	NA	NA	NA	NA	NA	NA	NA	NA	NA	NA	NA	NA	NA	NA	NA	NA	NA	NA	NA	NA	NA	NA	NA	NA	NA	NA	NA	NA	NA	NA	NA	NA	NA	NA	NA	NA	NA	NA
cg18824501	NA	NA	NA	NA	NA	NA	NA	NA	NA	NA	NA	NA	NA	NA	NA	NA	NA	NA	NA	NA	NA	NA	NA	NA	NA	NA	NA	NA	NA	NA	NA	NA	NA	NA	NA	NA	NA	NA	NA	NA	NA	NA	NA	NA	NA	NA	NA	NA	NA	NA	NA	NA	NA	NA	NA	NA	NA
cg18879198	0.335599070350136	0.805496979491243	0.819884288248084	0.652007637388687	0.797893510764175	0.743397865113083	0.785688723088656	0.140166796539415	0.848613685085755	0.771163041800934	0.836551935639487	0.788933398561919	0.758410744580949	0.833518530799752	0.825841895379551	0.355363829849014	0.66679855468266	0.76739139879919	0.396363118237222	0.831493744916805	0.697190499526098	0.811319406798868	0.805857461195306	0.622085731097941	0.763941139370979	0.81343130220707	0.79456488957491	0.744139195351	0.80628710763919	0.698140785269871	0.773272090243389	0.788875476022429	0.631749591830393	0.834547114544211	0.652321471835325	0.685462122112058	0.678292592422537	0.794527226102739	0.729289413357586	0.642177965147598	0.640770676769468	0.812053377113731	0.755273750049733	0.701032465040197	0.84621614945005	0.823727331759141	0.790019842152701	0.784468755677479	0.690630803949596	0.821275092667807	0.710294581861538	0.538554262049693	0.521291539604942	0.774798980706012	0.841194730322113	0.790349238852991	0.798110098389354
cg18917270	NA	NA	NA	NA	NA	NA	NA	NA	NA	NA	NA	NA	NA	NA	NA	NA	NA	NA	NA	NA	NA	NA	NA	NA	NA	NA	NA	NA	NA	NA	NA	NA	NA	NA	NA	NA	NA	NA	NA	NA	NA	NA	NA	NA	NA	NA	NA	NA	NA	NA	NA	NA	NA	NA	NA	NA	NA
cg18918365	NA	NA	NA	NA	NA	NA	NA	NA	NA	NA	NA	NA	NA	NA	NA	NA	NA	NA	NA	NA	NA	NA	NA	NA	NA	NA	NA	NA	NA	NA	NA	NA	NA	NA	NA	NA	NA	NA	NA	NA	NA	NA	NA	NA	NA	NA	NA	NA	NA	NA	NA	NA	NA	NA	NA	NA	NA
cg18920490	NA	NA	NA	NA	NA	NA	NA	NA	NA	NA	NA	NA	NA	NA	NA	NA	NA	NA	NA	NA	NA	NA	NA	NA	NA	NA	NA	NA	NA	NA	NA	NA	NA	NA	NA	NA	NA	NA	NA	NA	NA	NA	NA	NA	NA	NA	NA	NA	NA	NA	NA	NA	NA	NA	NA	NA	NA
cg19007523	NA	NA	NA	NA	NA	NA	NA	NA	NA	NA	NA	NA	NA	NA	NA	NA	NA	NA	NA	NA	NA	NA	NA	NA	NA	NA	NA	NA	NA	NA	NA	NA	NA	NA	NA	NA	NA	NA	NA	NA	NA	NA	NA	NA	NA	NA	NA	NA	NA	NA	NA	NA	NA	NA	NA	NA	NA
cg19066691	NA	NA	NA	NA	NA	NA	NA	NA	NA	NA	NA	NA	NA	NA	NA	NA	NA	NA	NA	NA	NA	NA	NA	NA	NA	NA	NA	NA	NA	NA	NA	NA	NA	NA	NA	NA	NA	NA	NA	NA	NA	NA	NA	NA	NA	NA	NA	NA	NA	NA	NA	NA	NA	NA	NA	NA	NA
cg19071460	NA	NA	NA	NA	NA	NA	NA	NA	NA	NA	NA	NA	NA	NA	NA	NA	NA	NA	NA	NA	NA	NA	NA	NA	NA	NA	NA	NA	NA	NA	NA	NA	NA	NA	NA	NA	NA	NA	NA	NA	NA	NA	NA	NA	NA	NA	NA	NA	NA	NA	NA	NA	NA	NA	NA	NA	NA
cg19075506	NA	NA	NA	NA	NA	NA	NA	NA	NA	NA	NA	NA	NA	NA	NA	NA	NA	NA	NA	NA	NA	NA	NA	NA	NA	NA	NA	NA	NA	NA	NA	NA	NA	NA	NA	NA	NA	NA	NA	NA	NA	NA	NA	NA	NA	NA	NA	NA	NA	NA	NA	NA	NA	NA	NA	NA	NA
cg19112359	NA	NA	NA	NA	NA	NA	NA	NA	NA	NA	NA	NA	NA	NA	NA	NA	NA	NA	NA	NA	NA	NA	NA	NA	NA	NA	NA	NA	NA	NA	NA	NA	NA	NA	NA	NA	NA	NA	NA	NA	NA	NA	NA	NA	NA	NA	NA	NA	NA	NA	NA	NA	NA	NA	NA	NA	NA
cg19182919	NA	NA	NA	NA	NA	NA	NA	NA	NA	NA	NA	NA	NA	NA	NA	NA	NA	NA	NA	NA	NA	NA	NA	NA	NA	NA	NA	NA	NA	NA	NA	NA	NA	NA	NA	NA	NA	NA	NA	NA	NA	NA	NA	NA	NA	NA	NA	NA	NA	NA	NA	NA	NA	NA	NA	NA	NA
cg19193943	NA	NA	NA	NA	NA	NA	NA	NA	NA	NA	NA	NA	NA	NA	NA	NA	NA	NA	NA	NA	NA	NA	NA	NA	NA	NA	NA	NA	NA	NA	NA	NA	NA	NA	NA	NA	NA	NA	NA	NA	NA	NA	NA	NA	NA	NA	NA	NA	NA	NA	NA	NA	NA	NA	NA	NA	NA
cg19240584	NA	NA	NA	NA	NA	NA	NA	NA	NA	NA	NA	NA	NA	NA	NA	NA	NA	NA	NA	NA	NA	NA	NA	NA	NA	NA	NA	NA	NA	NA	NA	NA	NA	NA	NA	NA	NA	NA	NA	NA	NA	NA	NA	NA	NA	NA	NA	NA	NA	NA	NA	NA	NA	NA	NA	NA	NA
cg19263575	NA	NA	NA	NA	NA	NA	NA	NA	NA	NA	NA	NA	NA	NA	NA	NA	NA	NA	NA	NA	NA	NA	NA	NA	NA	NA	NA	NA	NA	NA	NA	NA	NA	NA	NA	NA	NA	NA	NA	NA	NA	NA	NA	NA	NA	NA	NA	NA	NA	NA	NA	NA	NA	NA	NA	NA	NA
cg19265948	NA	NA	NA	NA	NA	NA	NA	NA	NA	NA	NA	NA	NA	NA	NA	NA	NA	NA	NA	NA	NA	NA	NA	NA	NA	NA	NA	NA	NA	NA	NA	NA	NA	NA	NA	NA	NA	NA	NA	NA	NA	NA	NA	NA	NA	NA	NA	NA	NA	NA	NA	NA	NA	NA	NA	NA	NA
cg19316897	NA	NA	NA	NA	NA	NA	NA	NA	NA	NA	NA	NA	NA	NA	NA	NA	NA	NA	NA	NA	NA	NA	NA	NA	NA	NA	NA	NA	NA	NA	NA	NA	NA	NA	NA	NA	NA	NA	NA	NA	NA	NA	NA	NA	NA	NA	NA	NA	NA	NA	NA	NA	NA	NA	NA	NA	NA
cg19444390	NA	NA	NA	NA	NA	NA	NA	NA	NA	NA	NA	NA	NA	NA	NA	NA	NA	NA	NA	NA	NA	NA	NA	NA	NA	NA	NA	NA	NA	NA	NA	NA	NA	NA	NA	NA	NA	NA	NA	NA	NA	NA	NA	NA	NA	NA	NA	NA	NA	NA	NA	NA	NA	NA	NA	NA	NA
cg19457121	NA	NA	NA	NA	NA	NA	NA	NA	NA	NA	NA	NA	NA	NA	NA	NA	NA	NA	NA	NA	NA	NA	NA	NA	NA	NA	NA	NA	NA	NA	NA	NA	NA	NA	NA	NA	NA	NA	NA	NA	NA	NA	NA	NA	NA	NA	NA	NA	NA	NA	NA	NA	NA	NA	NA	NA	NA
cg19493162	NA	NA	NA	NA	NA	NA	NA	NA	NA	NA	NA	NA	NA	NA	NA	NA	NA	NA	NA	NA	NA	NA	NA	NA	NA	NA	NA	NA	NA	NA	NA	NA	NA	NA	NA	NA	NA	NA	NA	NA	NA	NA	NA	NA	NA	NA	NA	NA	NA	NA	NA	NA	NA	NA	NA	NA	NA
cg19502207	0.910562681036679	0.183593271674008	0.815097679316454	NA	0.231073736766918	0.299954521953532	0.425244962936942	0.868169443831014	NA	0.285933431706501	0.182553763384804	0.142631483446941	NA	0.667519149817778	0.317103223847353	0.338653698385804	0.652102337999996	0.152360454610368	0.121207434646405	NA	0.504339616963288	0.765794785282263	0.137398941014844	NA	NA	NA	0.79801863908552	0.960823056042743	0.430701076314686	0.836006534896239	NA	NA	NA	0.131897547355034	NA	0.16108761356885	NA	0.686995202743709	NA	NA	0.908105332321819	0.834766288860456	0.799157374013674	0.72206905876525	0.213271094797792	NA	0.243104239564761	0.894370319899985	0.567504458395794	0.852723984277872	NA	0.66045055798035	0.212411580375817	0.93935851810069	NA	0.243926738818748	0.759711840347218
cg19513514	NA	NA	NA	NA	NA	NA	NA	NA	NA	NA	NA	NA	NA	NA	NA	NA	NA	NA	NA	NA	NA	NA	NA	NA	NA	NA	NA	NA	NA	NA	NA	NA	NA	NA	NA	NA	NA	NA	NA	NA	NA	NA	NA	NA	NA	NA	NA	NA	NA	NA	NA	NA	NA	NA	NA	NA	NA
cg19521438	NA	NA	NA	NA	NA	NA	NA	NA	NA	NA	NA	NA	NA	NA	NA	NA	NA	NA	NA	NA	NA	NA	NA	NA	NA	NA	NA	NA	NA	NA	NA	NA	NA	NA	NA	NA	NA	NA	NA	NA	NA	NA	NA	NA	NA	NA	NA	NA	NA	NA	NA	NA	NA	NA	NA	NA	NA
cg19532617	NA	NA	NA	NA	NA	NA	NA	NA	NA	NA	NA	NA	NA	NA	NA	NA	NA	NA	NA	NA	NA	NA	NA	NA	NA	NA	NA	NA	NA	NA	NA	NA	NA	NA	NA	NA	NA	NA	NA	NA	NA	NA	NA	NA	NA	NA	NA	NA	NA	NA	NA	NA	NA	NA	NA	NA	NA
cg19563410	NA	NA	NA	NA	NA	NA	NA	NA	NA	NA	NA	NA	NA	NA	NA	NA	NA	NA	NA	NA	NA	NA	NA	NA	NA	NA	NA	NA	NA	NA	NA	NA	NA	NA	NA	NA	NA	NA	NA	NA	NA	NA	NA	NA	NA	NA	NA	NA	NA	NA	NA	NA	NA	NA	NA	NA	NA
cg19565241	NA	NA	NA	NA	NA	NA	NA	NA	NA	NA	NA	NA	NA	NA	NA	NA	NA	NA	NA	NA	NA	NA	NA	NA	NA	NA	NA	NA	NA	NA	NA	NA	NA	NA	NA	NA	NA	NA	NA	NA	NA	NA	NA	NA	NA	NA	NA	NA	NA	NA	NA	NA	NA	NA	NA	NA	NA
cg19605592	NA	NA	NA	NA	NA	NA	NA	NA	NA	NA	NA	NA	NA	NA	NA	NA	NA	NA	NA	NA	NA	NA	NA	NA	NA	NA	NA	NA	NA	NA	NA	NA	NA	NA	NA	NA	NA	NA	NA	NA	NA	NA	NA	NA	NA	NA	NA	NA	NA	NA	NA	NA	NA	NA	NA	NA	NA
cg19645839	NA	NA	NA	NA	NA	NA	NA	NA	NA	NA	NA	NA	NA	NA	NA	NA	NA	NA	NA	NA	NA	NA	NA	NA	NA	NA	NA	NA	NA	NA	NA	NA	NA	NA	NA	NA	NA	NA	NA	NA	NA	NA	NA	NA	NA	NA	NA	NA	NA	NA	NA	NA	NA	NA	NA	NA	NA
cg19655704	0.946857189592973	0.929525711577174	0.943943937738629	0.925056010329192	0.946291894655687	0.941124937784469	0.900723734786484	0.940428514103552	0.9227452427115	0.954676335044303	0.855325925263969	0.951671525034262	0.933479331906598	0.912224200493243	0.935611669526718	0.931501405078688	0.937838184342331	0.916876297132935	0.943204284046252	0.912380378254191	0.824139993285731	0.950138257483281	0.937270944124103	0.947853189221858	0.912672120863934	0.937132425018184	0.630373298290438	0.933515501122577	0.934299958718056	0.88735169350082	0.942926707258638	0.834992104427968	0.922119545248638	0.941699519566806	0.938987587769551	0.957660025570026	0.959671035326352	0.930138463743389	0.71551106424508	0.913064523852387	0.947426591322711	0.937836248871543	0.821914914852198	0.919282095650169	0.936356299008838	0.954641644390211	0.917139026068162	0.957601960680653	0.897669288063554	0.939652987709849	0.949887084223763	0.932778966216798	0.875026851031309	0.937177251829823	0.948498438207547	0.951014572838938	0.868000568148423
cg19665882	NA	NA	NA	NA	NA	NA	NA	NA	NA	NA	NA	NA	NA	NA	NA	NA	NA	NA	NA	NA	NA	NA	NA	NA	NA	NA	NA	NA	NA	NA	NA	NA	NA	NA	NA	NA	NA	NA	NA	NA	NA	NA	NA	NA	NA	NA	NA	NA	NA	NA	NA	NA	NA	NA	NA	NA	NA
cg19674688	NA	NA	NA	NA	NA	NA	NA	NA	NA	NA	NA	NA	NA	NA	NA	NA	NA	NA	NA	NA	NA	NA	NA	NA	NA	NA	NA	NA	NA	NA	NA	NA	NA	NA	NA	NA	NA	NA	NA	NA	NA	NA	NA	NA	NA	NA	NA	NA	NA	NA	NA	NA	NA	NA	NA	NA	NA
cg19677184	NA	NA	NA	NA	NA	NA	NA	NA	NA	NA	NA	NA	NA	NA	NA	NA	NA	NA	NA	NA	NA	NA	NA	NA	NA	NA	NA	NA	NA	NA	NA	NA	NA	NA	NA	NA	NA	NA	NA	NA	NA	NA	NA	NA	NA	NA	NA	NA	NA	NA	NA	NA	NA	NA	NA	NA	NA
cg19677830	NA	NA	NA	NA	NA	NA	NA	NA	NA	NA	NA	NA	NA	NA	NA	NA	NA	NA	NA	NA	NA	NA	NA	NA	NA	NA	NA	NA	NA	NA	NA	NA	NA	NA	NA	NA	NA	NA	NA	NA	NA	NA	NA	NA	NA	NA	NA	NA	NA	NA	NA	NA	NA	NA	NA	NA	NA
cg19716125	NA	NA	NA	NA	NA	NA	NA	NA	NA	NA	NA	NA	NA	NA	NA	NA	NA	NA	NA	NA	NA	NA	NA	NA	NA	NA	NA	NA	NA	NA	NA	NA	NA	NA	NA	NA	NA	NA	NA	NA	NA	NA	NA	NA	NA	NA	NA	NA	NA	NA	NA	NA	NA	NA	NA	NA	NA
cg19718662	0.0791728550358618	0.714268346623672	0.0664904699272908	0.320738944035973	0.864227864498276	0.425592529027783	0.8117545648995	0.406346186635138	0.0862482954566738	0.724621191856688	0.582554322747562	0.754961047211808	0.167319262143712	0.0698778934424142	0.897047814189165	0.90553425217057	0.260388741646942	0.660163694644564	0.171553275104288	0.744498937365066	0.350544974057025	0.445017040050363	0.10374046598776	0.377383971260432	0.388577117353955	0.0969719733201474	0.294602024886429	0.450260148681965	0.273102522157144	0.361256214622418	0.681863521392702	0.0799723058005917	0.128787956903868	0.153052173667234	0.564023703517546	0.615215608072138	0.439190413000023	0.773843203928877	0.0928627279502198	0.232687581145159	0.10437949562371	0.113102952439105	0.780852720326173	0.14335832408997	0.799515017834063	0.497381970389258	0.357554137368603	0.750550541327276	0.745508118353184	0.774370908725208	0.0898006687468275	0.393497147813558	0.161181690417258	0.791944693276204	0.256734125909242	0.458383853557144	0.851079472246855
cg19761060	NA	NA	NA	NA	NA	NA	NA	NA	NA	NA	NA	NA	NA	NA	NA	NA	NA	NA	NA	NA	NA	NA	NA	NA	NA	NA	NA	NA	NA	NA	NA	NA	NA	NA	NA	NA	NA	NA	NA	NA	NA	NA	NA	NA	NA	NA	NA	NA	NA	NA	NA	NA	NA	NA	NA	NA	NA
cg19761271	NA	NA	NA	NA	NA	NA	NA	NA	NA	NA	NA	NA	NA	NA	NA	NA	NA	NA	NA	NA	NA	NA	NA	NA	NA	NA	NA	NA	NA	NA	NA	NA	NA	NA	NA	NA	NA	NA	NA	NA	NA	NA	NA	NA	NA	NA	NA	NA	NA	NA	NA	NA	NA	NA	NA	NA	NA
cg19785312	NA	NA	NA	NA	NA	NA	NA	NA	NA	NA	NA	NA	NA	NA	NA	NA	NA	NA	NA	NA	NA	NA	NA	NA	NA	NA	NA	NA	NA	NA	NA	NA	NA	NA	NA	NA	NA	NA	NA	NA	NA	NA	NA	NA	NA	NA	NA	NA	NA	NA	NA	NA	NA	NA	NA	NA	NA
cg19789336	NA	NA	NA	NA	NA	NA	NA	NA	NA	NA	NA	NA	NA	NA	NA	NA	NA	NA	NA	NA	NA	NA	NA	NA	NA	NA	NA	NA	NA	NA	NA	NA	NA	NA	NA	NA	NA	NA	NA	NA	NA	NA	NA	NA	NA	NA	NA	NA	NA	NA	NA	NA	NA	NA	NA	NA	NA
cg19840093	NA	NA	NA	NA	NA	NA	NA	NA	NA	NA	NA	NA	NA	NA	NA	NA	NA	NA	NA	NA	NA	NA	NA	NA	NA	NA	NA	NA	NA	NA	NA	NA	NA	NA	NA	NA	NA	NA	NA	NA	NA	NA	NA	NA	NA	NA	NA	NA	NA	NA	NA	NA	NA	NA	NA	NA	NA
cg19863964	NA	NA	NA	NA	NA	NA	NA	NA	NA	NA	NA	NA	NA	NA	NA	NA	NA	NA	NA	NA	NA	NA	NA	NA	NA	NA	NA	NA	NA	NA	NA	NA	NA	NA	NA	NA	NA	NA	NA	NA	NA	NA	NA	NA	NA	NA	NA	NA	NA	NA	NA	NA	NA	NA	NA	NA	NA
cg19883843	NA	NA	NA	NA	NA	NA	NA	NA	NA	NA	NA	NA	NA	NA	NA	NA	NA	NA	NA	NA	NA	NA	NA	NA	NA	NA	NA	NA	NA	NA	NA	NA	NA	NA	NA	NA	NA	NA	NA	NA	NA	NA	NA	NA	NA	NA	NA	NA	NA	NA	NA	NA	NA	NA	NA	NA	NA
cg19887883	0.244640588033636	0.923113208278121	0.844041858020206	0.362626881511386	0.821903524724227	0.859362721446553	0.907239789306176	0.348147009643816	0.860562580992687	0.854631804855469	0.897906761199508	0.934176658398642	0.920481046795016	0.923595588368619	0.87890585410884	0.865880406398111	0.897913216175339	0.821873043416891	0.884579687772524	0.910759661381978	0.271643720353376	0.889354830483621	0.783725313548991	0.924766857558621	0.427777780796372	0.881454270351333	0.899648917733549	0.854519069352723	0.750183690805483	0.8779733430341	0.896968323506756	0.887710243317281	0.801732796424099	0.933449743699968	0.850810041464995	0.881173783312418	0.816642836492978	0.873144247301202	0.829071277411966	0.627594899866709	0.417118977692122	0.836794412173193	0.769186527116039	0.888247977059273	0.933373815201495	0.488012687090496	0.634127832633829	0.908360121936709	0.923662113325985	0.904443934582358	0.8936110739564	0.886000303098873	0.543745294529966	0.905587035261436	0.883150205014527	0.93256508296665	0.871628582354484
cg19925178	NA	NA	NA	NA	NA	NA	NA	NA	NA	NA	NA	NA	NA	NA	NA	NA	NA	NA	NA	NA	NA	NA	NA	NA	NA	NA	NA	NA	NA	NA	NA	NA	NA	NA	NA	NA	NA	NA	NA	NA	NA	NA	NA	NA	NA	NA	NA	NA	NA	NA	NA	NA	NA	NA	NA	NA	NA
cg19929302	NA	NA	NA	NA	NA	NA	NA	NA	NA	NA	NA	NA	NA	NA	NA	NA	NA	NA	NA	NA	NA	NA	NA	NA	NA	NA	NA	NA	NA	NA	NA	NA	NA	NA	NA	NA	NA	NA	NA	NA	NA	NA	NA	NA	NA	NA	NA	NA	NA	NA	NA	NA	NA	NA	NA	NA	NA
cg19950846	NA	NA	NA	NA	NA	NA	NA	NA	NA	NA	NA	NA	NA	NA	NA	NA	NA	NA	NA	NA	NA	NA	NA	NA	NA	NA	NA	NA	NA	NA	NA	NA	NA	NA	NA	NA	NA	NA	NA	NA	NA	NA	NA	NA	NA	NA	NA	NA	NA	NA	NA	NA	NA	NA	NA	NA	NA
cg19979222	NA	NA	NA	NA	NA	NA	NA	NA	NA	NA	NA	NA	NA	NA	NA	NA	NA	NA	NA	NA	NA	NA	NA	NA	NA	NA	NA	NA	NA	NA	NA	NA	NA	NA	NA	NA	NA	NA	NA	NA	NA	NA	NA	NA	NA	NA	NA	NA	NA	NA	NA	NA	NA	NA	NA	NA	NA
cg19988798	NA	NA	NA	NA	NA	NA	NA	NA	NA	NA	NA	NA	NA	NA	NA	NA	NA	NA	NA	NA	NA	NA	NA	NA	NA	NA	NA	NA	NA	NA	NA	NA	NA	NA	NA	NA	NA	NA	NA	NA	NA	NA	NA	NA	NA	NA	NA	NA	NA	NA	NA	NA	NA	NA	NA	NA	NA
cg20006652	NA	NA	NA	NA	NA	NA	NA	NA	NA	NA	NA	NA	NA	NA	NA	NA	NA	NA	NA	NA	NA	NA	NA	NA	NA	NA	NA	NA	NA	NA	NA	NA	NA	NA	NA	NA	NA	NA	NA	NA	NA	NA	NA	NA	NA	NA	NA	NA	NA	NA	NA	NA	NA	NA	NA	NA	NA
cg20010076	NA	NA	NA	NA	NA	NA	NA	NA	NA	NA	NA	NA	NA	NA	NA	NA	NA	NA	NA	NA	NA	NA	NA	NA	NA	NA	NA	NA	NA	NA	NA	NA	NA	NA	NA	NA	NA	NA	NA	NA	NA	NA	NA	NA	NA	NA	NA	NA	NA	NA	NA	NA	NA	NA	NA	NA	NA
cg20019560	NA	NA	NA	NA	NA	NA	NA	NA	NA	NA	NA	NA	NA	NA	NA	NA	NA	NA	NA	NA	NA	NA	NA	NA	NA	NA	NA	NA	NA	NA	NA	NA	NA	NA	NA	NA	NA	NA	NA	NA	NA	NA	NA	NA	NA	NA	NA	NA	NA	NA	NA	NA	NA	NA	NA	NA	NA
cg20029324	NA	NA	NA	NA	NA	NA	NA	NA	NA	NA	NA	NA	NA	NA	NA	NA	NA	NA	NA	NA	NA	NA	NA	NA	NA	NA	NA	NA	NA	NA	NA	NA	NA	NA	NA	NA	NA	NA	NA	NA	NA	NA	NA	NA	NA	NA	NA	NA	NA	NA	NA	NA	NA	NA	NA	NA	NA
cg20052431	NA	NA	NA	NA	NA	NA	NA	NA	NA	NA	NA	NA	NA	NA	NA	NA	NA	NA	NA	NA	NA	NA	NA	NA	NA	NA	NA	NA	NA	NA	NA	NA	NA	NA	NA	NA	NA	NA	NA	NA	NA	NA	NA	NA	NA	NA	NA	NA	NA	NA	NA	NA	NA	NA	NA	NA	NA
cg20056341	NA	NA	NA	NA	NA	NA	NA	NA	NA	NA	NA	NA	NA	NA	NA	NA	NA	NA	NA	NA	NA	NA	NA	NA	NA	NA	NA	NA	NA	NA	NA	NA	NA	NA	NA	NA	NA	NA	NA	NA	NA	NA	NA	NA	NA	NA	NA	NA	NA	NA	NA	NA	NA	NA	NA	NA	NA
cg20149922	NA	NA	NA	NA	NA	NA	NA	NA	NA	NA	NA	NA	NA	NA	NA	NA	NA	NA	NA	NA	NA	NA	NA	NA	NA	NA	NA	NA	NA	NA	NA	NA	NA	NA	NA	NA	NA	NA	NA	NA	NA	NA	NA	NA	NA	NA	NA	NA	NA	NA	NA	NA	NA	NA	NA	NA	NA
cg20150443	NA	NA	NA	NA	NA	NA	NA	NA	NA	NA	NA	NA	NA	NA	NA	NA	NA	NA	NA	NA	NA	NA	NA	NA	NA	NA	NA	NA	NA	NA	NA	NA	NA	NA	NA	NA	NA	NA	NA	NA	NA	NA	NA	NA	NA	NA	NA	NA	NA	NA	NA	NA	NA	NA	NA	NA	NA
cg20165732	NA	NA	NA	NA	NA	NA	NA	NA	NA	NA	NA	NA	NA	NA	NA	NA	NA	NA	NA	NA	NA	NA	NA	NA	NA	NA	NA	NA	NA	NA	NA	NA	NA	NA	NA	NA	NA	NA	NA	NA	NA	NA	NA	NA	NA	NA	NA	NA	NA	NA	NA	NA	NA	NA	NA	NA	NA
cg20200361	NA	NA	NA	NA	NA	NA	NA	NA	NA	NA	NA	NA	NA	NA	NA	NA	NA	NA	NA	NA	NA	NA	NA	NA	NA	NA	NA	NA	NA	NA	NA	NA	NA	NA	NA	NA	NA	NA	NA	NA	NA	NA	NA	NA	NA	NA	NA	NA	NA	NA	NA	NA	NA	NA	NA	NA	NA
cg20246277	0.914645277986305	0.927476204473621	0.931850847061998	0.843398879487398	0.902201988879897	0.848887761749516	0.879716225310099	0.922697036318477	0.811387741579781	0.689854034016027	0.891383324236945	0.879456897266718	0.583201060541993	0.87835019717599	0.932251544698804	0.924071236069301	0.859910345156225	0.867692841950443	0.621208997551955	0.904402477821657	0.867646916427938	0.909116408180042	0.189802065275478	0.73021261900825	0.784345991524327	0.348045243864598	0.921924751641135	0.894940458343094	0.592559814454002	0.427160675252978	0.921380387659731	0.925358119772031	0.726013142235131	0.913710710613259	0.810323864291078	0.893073213474651	0.811780390072222	0.892761950514504	0.877015178242362	0.872850613333682	0.460541628089798	0.885794947192095	0.891741605565489	0.897886898890153	0.914122821572508	0.753404266652998	0.895515207356631	0.892434507771692	0.900742376465842	0.881288549415574	0.908314251830429	0.835500169011313	0.203054456174862	0.951499774959464	0.811277623492783	0.918725364922708	0.908964792830978
cg20262540	NA	NA	NA	NA	NA	NA	NA	NA	NA	NA	NA	NA	NA	NA	NA	NA	NA	NA	NA	NA	NA	NA	NA	NA	NA	NA	NA	NA	NA	NA	NA	NA	NA	NA	NA	NA	NA	NA	NA	NA	NA	NA	NA	NA	NA	NA	NA	NA	NA	NA	NA	NA	NA	NA	NA	NA	NA
cg20284705	NA	NA	NA	NA	NA	NA	NA	NA	NA	NA	NA	NA	NA	NA	NA	NA	NA	NA	NA	NA	NA	NA	NA	NA	NA	NA	NA	NA	NA	NA	NA	NA	NA	NA	NA	NA	NA	NA	NA	NA	NA	NA	NA	NA	NA	NA	NA	NA	NA	NA	NA	NA	NA	NA	NA	NA	NA
cg20331613	NA	NA	NA	NA	NA	NA	NA	NA	NA	NA	NA	NA	NA	NA	NA	NA	NA	NA	NA	NA	NA	NA	NA	NA	NA	NA	NA	NA	NA	NA	NA	NA	NA	NA	NA	NA	NA	NA	NA	NA	NA	NA	NA	NA	NA	NA	NA	NA	NA	NA	NA	NA	NA	NA	NA	NA	NA
cg20364241	NA	NA	NA	NA	NA	NA	NA	NA	NA	NA	NA	NA	NA	NA	NA	NA	NA	NA	NA	NA	NA	NA	NA	NA	NA	NA	NA	NA	NA	NA	NA	NA	NA	NA	NA	NA	NA	NA	NA	NA	NA	NA	NA	NA	NA	NA	NA	NA	NA	NA	NA	NA	NA	NA	NA	NA	NA
cg20365687	0.57390278866139	0.525254678031189	0.352716348150067	0.274739741491613	0.355333819171433	0.716434769517985	0.418603959451842	0.223825806924325	0.833694843440201	0.425163959378267	0.456609209027057	0.369968375227012	0.330369669147007	0.435323753019095	0.424945138742811	0.404540160683396	0.334063116808282	0.363283500368811	0.23950345034646	0.628436306430567	0.653051441861157	0.385125852262428	0.607602414049436	0.530263669981609	0.469561359167116	0.815453949429778	0.381430782815901	0.414644235313361	0.744096536169594	0.747871203985885	0.428987589716197	0.444488731845989	0.232093314794868	0.594633943289173	0.298635625418651	0.393238302372166	0.250210620562883	0.633892254550807	0.449757428106265	0.330778882274054	0.486106616423593	0.72529215363781	0.593919128737118	0.382631934135072	0.580434565722364	0.489391002094353	0.438248365397753	0.664679479195528	0.692706868086234	0.555037138474146	0.54054965327348	0.608935328121016	0.530213175181029	0.556121378193251	0.428852456736334	0.379128901250732	0.515828129557116
cg20386784	NA	NA	NA	NA	NA	NA	NA	NA	NA	NA	NA	NA	NA	NA	NA	NA	NA	NA	NA	NA	NA	NA	NA	NA	NA	NA	NA	NA	NA	NA	NA	NA	NA	NA	NA	NA	NA	NA	NA	NA	NA	NA	NA	NA	NA	NA	NA	NA	NA	NA	NA	NA	NA	NA	NA	NA	NA
cg20449764	NA	NA	NA	NA	NA	NA	NA	NA	NA	NA	NA	NA	NA	NA	NA	NA	NA	NA	NA	NA	NA	NA	NA	NA	NA	NA	NA	NA	NA	NA	NA	NA	NA	NA	NA	NA	NA	NA	NA	NA	NA	NA	NA	NA	NA	NA	NA	NA	NA	NA	NA	NA	NA	NA	NA	NA	NA
cg20453820	0.509342166054022	0.288920118705202	0.396589106862461	0.326262063941835	0.282887972441522	0.241012289804757	0.466996411837712	0.0945519224993457	0.0910661402932717	0.268115648503355	0.508771872622841	0.301164543131544	0.545862345084817	0.534855669530066	0.720492183599611	0.261699297483339	0.183796385998648	0.346467372304493	0.565363744295711	0.657685642188422	0.392597886645581	0.671556704407455	0.19949244785324	0.243920904851948	0.112995188954771	0.101267749437747	0.719607694840898	0.634157537471083	0.525981023525073	0.763786334097731	0.557667726600304	0.526688268612385	0.41298882616606	0.122593703623469	0.319957871099467	0.431388117730721	0.386261446675427	0.37595236232664	0.649494788734401	0.253233120464298	0.151058410777448	0.124812505491181	0.669479190012313	0.241023390647572	0.644021359651762	0.0921454175981235	0.501487112184144	0.646124824255445	0.28272929903983	0.48256589208751	0.408399022678033	0.411981886090457	0.633252678259515	0.314958911178878	0.275979779559582	0.666673148066826	0.549518993502177
cg20465830	NA	NA	NA	NA	NA	NA	NA	NA	NA	NA	NA	NA	NA	NA	NA	NA	NA	NA	NA	NA	NA	NA	NA	NA	NA	NA	NA	NA	NA	NA	NA	NA	NA	NA	NA	NA	NA	NA	NA	NA	NA	NA	NA	NA	NA	NA	NA	NA	NA	NA	NA	NA	NA	NA	NA	NA	NA
cg20492230	NA	NA	NA	NA	NA	NA	NA	NA	NA	NA	NA	NA	NA	NA	NA	NA	NA	NA	NA	NA	NA	NA	NA	NA	NA	NA	NA	NA	NA	NA	NA	NA	NA	NA	NA	NA	NA	NA	NA	NA	NA	NA	NA	NA	NA	NA	NA	NA	NA	NA	NA	NA	NA	NA	NA	NA	NA
cg20494576	NA	NA	NA	NA	NA	NA	NA	NA	NA	NA	NA	NA	NA	NA	NA	NA	NA	NA	NA	NA	NA	NA	NA	NA	NA	NA	NA	NA	NA	NA	NA	NA	NA	NA	NA	NA	NA	NA	NA	NA	NA	NA	NA	NA	NA	NA	NA	NA	NA	NA	NA	NA	NA	NA	NA	NA	NA
cg20494682	NA	NA	NA	NA	NA	NA	NA	NA	NA	NA	NA	NA	NA	NA	NA	NA	NA	NA	NA	NA	NA	NA	NA	NA	NA	NA	NA	NA	NA	NA	NA	NA	NA	NA	NA	NA	NA	NA	NA	NA	NA	NA	NA	NA	NA	NA	NA	NA	NA	NA	NA	NA	NA	NA	NA	NA	NA
cg20529334	NA	NA	NA	NA	NA	NA	NA	NA	NA	NA	NA	NA	NA	NA	NA	NA	NA	NA	NA	NA	NA	NA	NA	NA	NA	NA	NA	NA	NA	NA	NA	NA	NA	NA	NA	NA	NA	NA	NA	NA	NA	NA	NA	NA	NA	NA	NA	NA	NA	NA	NA	NA	NA	NA	NA	NA	NA
cg20602628	NA	NA	NA	NA	NA	NA	NA	NA	NA	NA	NA	NA	NA	NA	NA	NA	NA	NA	NA	NA	NA	NA	NA	NA	NA	NA	NA	NA	NA	NA	NA	NA	NA	NA	NA	NA	NA	NA	NA	NA	NA	NA	NA	NA	NA	NA	NA	NA	NA	NA	NA	NA	NA	NA	NA	NA	NA
cg20621459	NA	NA	NA	NA	NA	NA	NA	NA	NA	NA	NA	NA	NA	NA	NA	NA	NA	NA	NA	NA	NA	NA	NA	NA	NA	NA	NA	NA	NA	NA	NA	NA	NA	NA	NA	NA	NA	NA	NA	NA	NA	NA	NA	NA	NA	NA	NA	NA	NA	NA	NA	NA	NA	NA	NA	NA	NA
cg20637223	0.86433895932402	0.778674199844374	0.703829115398496	0.89222572882023	0.797070602342407	0.718592309603966	0.755965228346144	0.819303000506136	0.839704908516473	0.725071238530221	0.918938446808275	0.789612109333914	0.793720476251687	0.932761076042861	0.923113569317164	0.916170021990857	0.677723911136818	0.647929746947206	0.838687719892068	0.867856009293265	0.852938062782217	0.879660185641286	0.839242357102043	0.731167976012833	0.82792773748911	0.700078072375233	0.865654004545835	0.820646862932573	0.88510450385752	0.839460344189145	0.877663418886884	0.897449387016698	0.709907768324956	0.797352474689891	0.80308810875222	0.751338343497659	0.686563735524311	0.860970187127014	0.821074966053129	0.776385972056567	0.591118649972502	0.85090024395785	0.875270174220356	0.627028112515827	0.858753723305478	0.332787153132076	0.757973099805711	0.823676846148961	0.821812413290047	0.896614718589171	0.474558623964227	0.793782757754226	0.754357776193203	0.854359100922516	0.906746129291033	0.820355756638775	0.860007463946673
cg20643159	0.937893495574405	0.928458508250432	0.945719349186277	0.918492722647882	0.937897591986419	0.951664162623059	0.926950403215692	0.812744762190515	0.938299595316757	0.94756585814231	0.938202799467234	0.883222062463288	0.943317380197066	0.908614909809512	0.903369950708342	0.954443832654403	0.93408009820129	0.898910799078123	0.517353020866413	0.951783801080362	0.919628630170315	0.927659899403729	0.918688843804205	0.951766205171896	0.891997484593901	0.913337073558121	0.862528616881651	0.838310459352183	0.931844258553464	0.9039680840416	0.915462552872383	0.929001482081543	0.896364238557923	0.938002270693283	0.916027244994943	0.909825186487874	0.774021554123699	0.929990808750558	0.907416184799589	0.924477796934792	0.83823554167594	0.936396843860042	0.909533903389431	0.930461338313136	0.941938151709818	0.933119909361968	0.89259372240981	0.924764825069052	0.94337741012565	0.932695672787813	0.88397704715323	0.944573332177195	0.326861212783897	0.941059734565894	0.934753815308178	0.915989208259407	0.91485425855453
cg20664109	NA	NA	NA	NA	NA	NA	NA	NA	NA	NA	NA	NA	NA	NA	NA	NA	NA	NA	NA	NA	NA	NA	NA	NA	NA	NA	NA	NA	NA	NA	NA	NA	NA	NA	NA	NA	NA	NA	NA	NA	NA	NA	NA	NA	NA	NA	NA	NA	NA	NA	NA	NA	NA	NA	NA	NA	NA
cg20689978	0.727418817135862	0.753938214194343	0.838020923891779	0.432721447872672	0.810744213465997	0.87409035817837	0.822554580618186	0.865453828383419	0.850829092612254	0.834032571894984	0.886365114138169	0.81717849778725	0.781759335547609	0.420186976195352	0.787752482844352	0.754627527411442	0.304605152912513	0.741408290071126	0.793995522872331	0.909844949602521	0.473406839957681	0.833715790232371	0.862856830613893	0.859346913919502	0.605111704220983	0.866927347124692	0.493674922219748	0.826167100105387	0.855759557271883	0.500236725559159	0.561222198930654	0.868096862490772	0.325961627760546	0.841745602949697	0.436330744611332	0.481114588817452	0.61724459096587	0.879020303592569	0.654180374311106	0.728675214602768	0.708855709688682	0.864699601944006	0.844782616354798	0.685054412582832	0.851605878003509	0.854772788723786	0.782000017759482	0.868284161840472	0.832020940462082	0.826924968817156	0.801618219464959	0.818346510198245	0.675005779682583	0.874760603308684	0.870147661741351	0.835613896878269	0.812727708525846
cg20706620	NA	NA	NA	NA	NA	NA	NA	NA	NA	NA	NA	NA	NA	NA	NA	NA	NA	NA	NA	NA	NA	NA	NA	NA	NA	NA	NA	NA	NA	NA	NA	NA	NA	NA	NA	NA	NA	NA	NA	NA	NA	NA	NA	NA	NA	NA	NA	NA	NA	NA	NA	NA	NA	NA	NA	NA	NA
cg20747789	NA	NA	NA	NA	NA	NA	NA	NA	NA	NA	NA	NA	NA	NA	NA	NA	NA	NA	NA	NA	NA	NA	NA	NA	NA	NA	NA	NA	NA	NA	NA	NA	NA	NA	NA	NA	NA	NA	NA	NA	NA	NA	NA	NA	NA	NA	NA	NA	NA	NA	NA	NA	NA	NA	NA	NA	NA
cg20756175	NA	NA	NA	NA	NA	NA	NA	NA	NA	NA	NA	NA	NA	NA	NA	NA	NA	NA	NA	NA	NA	NA	NA	NA	NA	NA	NA	NA	NA	NA	NA	NA	NA	NA	NA	NA	NA	NA	NA	NA	NA	NA	NA	NA	NA	NA	NA	NA	NA	NA	NA	NA	NA	NA	NA	NA	NA
cg20786740	NA	NA	NA	NA	NA	NA	NA	NA	NA	NA	NA	NA	NA	NA	NA	NA	NA	NA	NA	NA	NA	NA	NA	NA	NA	NA	NA	NA	NA	NA	NA	NA	NA	NA	NA	NA	NA	NA	NA	NA	NA	NA	NA	NA	NA	NA	NA	NA	NA	NA	NA	NA	NA	NA	NA	NA	NA
cg20803423	NA	NA	NA	NA	NA	NA	NA	NA	NA	NA	NA	NA	NA	NA	NA	NA	NA	NA	NA	NA	NA	NA	NA	NA	NA	NA	NA	NA	NA	NA	NA	NA	NA	NA	NA	NA	NA	NA	NA	NA	NA	NA	NA	NA	NA	NA	NA	NA	NA	NA	NA	NA	NA	NA	NA	NA	NA
cg20808224	NA	NA	NA	NA	NA	NA	NA	NA	NA	NA	NA	NA	NA	NA	NA	NA	NA	NA	NA	NA	NA	NA	NA	NA	NA	NA	NA	NA	NA	NA	NA	NA	NA	NA	NA	NA	NA	NA	NA	NA	NA	NA	NA	NA	NA	NA	NA	NA	NA	NA	NA	NA	NA	NA	NA	NA	NA
cg20823181	NA	NA	NA	NA	NA	NA	NA	NA	NA	NA	NA	NA	NA	NA	NA	NA	NA	NA	NA	NA	NA	NA	NA	NA	NA	NA	NA	NA	NA	NA	NA	NA	NA	NA	NA	NA	NA	NA	NA	NA	NA	NA	NA	NA	NA	NA	NA	NA	NA	NA	NA	NA	NA	NA	NA	NA	NA
cg20834966	NA	NA	NA	NA	NA	NA	NA	NA	NA	NA	NA	NA	NA	NA	NA	NA	NA	NA	NA	NA	NA	NA	NA	NA	NA	NA	NA	NA	NA	NA	NA	NA	NA	NA	NA	NA	NA	NA	NA	NA	NA	NA	NA	NA	NA	NA	NA	NA	NA	NA	NA	NA	NA	NA	NA	NA	NA
cg20836993	NA	NA	NA	NA	NA	NA	NA	NA	NA	NA	NA	NA	NA	NA	NA	NA	NA	NA	NA	NA	NA	NA	NA	NA	NA	NA	NA	NA	NA	NA	NA	NA	NA	NA	NA	NA	NA	NA	NA	NA	NA	NA	NA	NA	NA	NA	NA	NA	NA	NA	NA	NA	NA	NA	NA	NA	NA
cg20854374	0.229735091742165	0.925106586516092	0.572176192899307	0.210247312549272	0.104283056311478	0.491525130199134	0.8440275805194	0.487662156301088	0.44553268538912	0.402536306868497	0.297156809071398	0.892380458236751	0.259310754285981	0.866379068762001	0.895941444738374	0.860152364391548	0.51929080230705	0.533185365884387	0.536176888528065	0.938120451032221	0.394494762081598	0.513048033135015	0.455306758567834	0.293857413231657	0.296803502388432	0.631933002021514	0.642236465381064	0.766630027102624	0.753021341481689	0.466166509881568	0.804725785888719	0.495643095546651	0.519497071450807	0.841248972315443	0.148044041592386	0.313424711962881	0.509231481939933	0.917790646100049	0.245028034720077	0.553537626988897	0.181082448201904	0.342132823383639	0.617760404208223	0.571550390522651	0.949591214238599	0.569996642577917	0.273656306188426	0.867238904853664	0.500518533464969	0.886225057655442	0.312333053324874	0.775519289426818	0.218942811474705	0.466911403396123	0.44294159614476	0.343315773691034	0.134751944117429
cg20919914	0.944289053377168	0.933890551501818	0.918882412452816	0.941684089653825	0.955541842371416	0.943428480267548	0.931561062316395	0.929285694948113	0.963625020798671	0.94681500267817	0.952908829892745	0.935328908632792	0.914835055678867	0.953745657426149	0.829077010602332	0.934179376892831	0.93651584154426	0.929998028595118	0.956809998814386	0.94976263849261	0.870402342316574	0.940679020109621	0.946723779909535	0.951393082747511	0.829703065109819	0.963614587415174	0.924187160411008	0.954508965432975	0.938952128691382	0.946405386860103	0.953098804355755	0.942658382770072	0.880417394995438	0.933664530898169	0.947245023783658	0.95774773172566	0.944911676774674	0.969787828741112	0.867520935887565	0.948780740932482	0.914480771552975	0.967603073277632	0.954292617138545	0.941953611663156	0.920866867004564	0.951938650084874	0.936894620395759	0.955833402848017	0.923118688443768	0.944164165587083	0.960176637646758	0.957853846229608	0.957042440656991	0.947271525600958	0.958564743012203	0.964420822154928	0.933430633620617
cg20955027	0.136630039598863	0.504746739712105	0.871002940070533	0.227207799911681	0.332018727300257	0.946741747722425	0.795277073877572	0.840126029770751	0.931561301463167	0.508818033355544	0.767434212843048	0.686748400307846	0.523685270372935	0.212287815768106	0.471055203375242	0.567449279630999	0.650567851387767	0.537967532259399	0.608320920674288	0.788710061493351	0.930798843990095	0.887056773818532	0.922406280723451	0.756757218323101	0.429839594294679	0.903293496944627	0.554585232275252	0.829010457189518	0.908113816407673	0.665786118550917	0.301932066669912	0.920129481367106	0.328794095960446	0.913873849294504	0.543514184554688	0.903418895879157	0.272236219502074	0.863565393841813	0.184094457036885	0.382193480554075	0.809237521867736	0.942895292561082	0.768741650316088	0.456333424597526	0.929570379155166	0.903912240807526	0.501757519715768	0.939458737687321	0.935410088727547	0.92591603078304	0.695473371402165	0.654947155322762	0.807746591659317	0.747394573070962	0.418407413320595	0.902306974756893	0.535783576844029
cg20970685	NA	NA	NA	NA	NA	NA	NA	NA	NA	NA	NA	NA	NA	NA	NA	NA	NA	NA	NA	NA	NA	NA	NA	NA	NA	NA	NA	NA	NA	NA	NA	NA	NA	NA	NA	NA	NA	NA	NA	NA	NA	NA	NA	NA	NA	NA	NA	NA	NA	NA	NA	NA	NA	NA	NA	NA	NA
cg20979307	0.920929823858883	0.758539748845552	0.953599625360606	0.713135354483534	0.74176206458303	0.745821990394994	0.840407324300234	0.63782700131462	0.980017811923606	0.84695517191924	0.821490482385919	0.859255813757808	0.829423760042437	0.601069786559592	0.582738292013418	0.6333073952454	0.730538520452956	0.564192969821861	0.958286023902937	0.904304869017066	0.709563579988963	0.800527096653497	0.905541081974234	0.821233500174265	0.515254371154155	0.974195895805227	0.590632966318307	0.911985176715412	0.828374174426768	0.736030986870924	0.656533432237368	0.915471996251533	0.64227919351492	0.874089634500356	0.531756843230657	0.914961121833324	0.564483184439363	0.98326083136986	0.539674062831347	0.64909402671282	0.737539342989414	0.983868173803761	0.905494161066382	0.871027927928164	0.933182492207011	0.725222906139429	0.524731638535094	0.85604856750367	0.77062243267791	0.95931680677873	0.881928707066682	0.884638171537726	0.863840075249924	0.822964215965447	0.776153454408674	0.949635529655789	0.59500572871352
cg20994227	NA	NA	NA	NA	NA	NA	NA	NA	NA	NA	NA	NA	NA	NA	NA	NA	NA	NA	NA	NA	NA	NA	NA	NA	NA	NA	NA	NA	NA	NA	NA	NA	NA	NA	NA	NA	NA	NA	NA	NA	NA	NA	NA	NA	NA	NA	NA	NA	NA	NA	NA	NA	NA	NA	NA	NA	NA
cg21004684	NA	NA	NA	NA	NA	NA	NA	NA	NA	NA	NA	NA	NA	NA	NA	NA	NA	NA	NA	NA	NA	NA	NA	NA	NA	NA	NA	NA	NA	NA	NA	NA	NA	NA	NA	NA	NA	NA	NA	NA	NA	NA	NA	NA	NA	NA	NA	NA	NA	NA	NA	NA	NA	NA	NA	NA	NA
cg21046959	NA	NA	NA	NA	NA	NA	NA	NA	NA	NA	NA	NA	NA	NA	NA	NA	NA	NA	NA	NA	NA	NA	NA	NA	NA	NA	NA	NA	NA	NA	NA	NA	NA	NA	NA	NA	NA	NA	NA	NA	NA	NA	NA	NA	NA	NA	NA	NA	NA	NA	NA	NA	NA	NA	NA	NA	NA
cg21049302	0.89200869255762	0.874246070790802	0.833873643294134	0.849378382797238	0.881670587681478	0.780540929878575	0.796993058977586	0.838404978437231	0.520745937612009	0.857092469348257	0.878159881700317	0.849222684134061	0.527179796884902	0.824522240423837	0.501165296673918	0.672688038787352	0.7963833595203	0.74325638987487	0.348558189916098	0.851609390786505	0.853759320412508	0.792463367282055	0.627119659219403	0.842697751417632	0.793959747192447	0.513675386886115	0.652907252754216	0.740662204699042	0.793422324390627	0.540218813675548	0.73759579269427	0.787523950851083	0.631048041576831	0.880684241776943	0.682608499171774	0.581347784484165	0.756984375115459	0.873045078311488	0.489521219656318	0.748956104658153	0.526980785040921	0.635056766444798	0.853964396072176	0.891462949692015	0.912330177168993	0.78677725408241	0.710381684091302	0.892956938177418	0.545512848821439	0.927460989853463	0.829553855866329	0.660017077419707	0.268184577654916	0.894739381801733	0.876907906271831	0.755431532447404	0.749297916468381
cg21053644	NA	NA	NA	NA	NA	NA	NA	NA	NA	NA	NA	NA	NA	NA	NA	NA	NA	NA	NA	NA	NA	NA	NA	NA	NA	NA	NA	NA	NA	NA	NA	NA	NA	NA	NA	NA	NA	NA	NA	NA	NA	NA	NA	NA	NA	NA	NA	NA	NA	NA	NA	NA	NA	NA	NA	NA	NA
cg21071940	NA	NA	NA	NA	NA	NA	NA	NA	NA	NA	NA	NA	NA	NA	NA	NA	NA	NA	NA	NA	NA	NA	NA	NA	NA	NA	NA	NA	NA	NA	NA	NA	NA	NA	NA	NA	NA	NA	NA	NA	NA	NA	NA	NA	NA	NA	NA	NA	NA	NA	NA	NA	NA	NA	NA	NA	NA
cg21078247	NA	NA	NA	NA	NA	NA	NA	NA	NA	NA	NA	NA	NA	NA	NA	NA	NA	NA	NA	NA	NA	NA	NA	NA	NA	NA	NA	NA	NA	NA	NA	NA	NA	NA	NA	NA	NA	NA	NA	NA	NA	NA	NA	NA	NA	NA	NA	NA	NA	NA	NA	NA	NA	NA	NA	NA	NA
cg21101714	NA	NA	NA	NA	NA	NA	NA	NA	NA	NA	NA	NA	NA	NA	NA	NA	NA	NA	NA	NA	NA	NA	NA	NA	NA	NA	NA	NA	NA	NA	NA	NA	NA	NA	NA	NA	NA	NA	NA	NA	NA	NA	NA	NA	NA	NA	NA	NA	NA	NA	NA	NA	NA	NA	NA	NA	NA
cg21125095	NA	NA	NA	NA	NA	NA	NA	NA	NA	NA	NA	NA	NA	NA	NA	NA	NA	NA	NA	NA	NA	NA	NA	NA	NA	NA	NA	NA	NA	NA	NA	NA	NA	NA	NA	NA	NA	NA	NA	NA	NA	NA	NA	NA	NA	NA	NA	NA	NA	NA	NA	NA	NA	NA	NA	NA	NA
cg21126306	NA	NA	NA	NA	NA	NA	NA	NA	NA	NA	NA	NA	NA	NA	NA	NA	NA	NA	NA	NA	NA	NA	NA	NA	NA	NA	NA	NA	NA	NA	NA	NA	NA	NA	NA	NA	NA	NA	NA	NA	NA	NA	NA	NA	NA	NA	NA	NA	NA	NA	NA	NA	NA	NA	NA	NA	NA
cg21160516	NA	NA	NA	NA	NA	NA	NA	NA	NA	NA	NA	NA	NA	NA	NA	NA	NA	NA	NA	NA	NA	NA	NA	NA	NA	NA	NA	NA	NA	NA	NA	NA	NA	NA	NA	NA	NA	NA	NA	NA	NA	NA	NA	NA	NA	NA	NA	NA	NA	NA	NA	NA	NA	NA	NA	NA	NA
cg21169995	NA	NA	NA	NA	NA	NA	NA	NA	NA	NA	NA	NA	NA	NA	NA	NA	NA	NA	NA	NA	NA	NA	NA	NA	NA	NA	NA	NA	NA	NA	NA	NA	NA	NA	NA	NA	NA	NA	NA	NA	NA	NA	NA	NA	NA	NA	NA	NA	NA	NA	NA	NA	NA	NA	NA	NA	NA
cg21179412	NA	NA	NA	NA	NA	NA	NA	NA	NA	NA	NA	NA	NA	NA	NA	NA	NA	NA	NA	NA	NA	NA	NA	NA	NA	NA	NA	NA	NA	NA	NA	NA	NA	NA	NA	NA	NA	NA	NA	NA	NA	NA	NA	NA	NA	NA	NA	NA	NA	NA	NA	NA	NA	NA	NA	NA	NA
cg21203984	NA	NA	NA	NA	NA	NA	NA	NA	NA	NA	NA	NA	NA	NA	NA	NA	NA	NA	NA	NA	NA	NA	NA	NA	NA	NA	NA	NA	NA	NA	NA	NA	NA	NA	NA	NA	NA	NA	NA	NA	NA	NA	NA	NA	NA	NA	NA	NA	NA	NA	NA	NA	NA	NA	NA	NA	NA
cg21244845	NA	NA	NA	NA	NA	NA	NA	NA	NA	NA	NA	NA	NA	NA	NA	NA	NA	NA	NA	NA	NA	NA	NA	NA	NA	NA	NA	NA	NA	NA	NA	NA	NA	NA	NA	NA	NA	NA	NA	NA	NA	NA	NA	NA	NA	NA	NA	NA	NA	NA	NA	NA	NA	NA	NA	NA	NA
cg21267836	NA	NA	NA	NA	NA	NA	NA	NA	NA	NA	NA	NA	NA	NA	NA	NA	NA	NA	NA	NA	NA	NA	NA	NA	NA	NA	NA	NA	NA	NA	NA	NA	NA	NA	NA	NA	NA	NA	NA	NA	NA	NA	NA	NA	NA	NA	NA	NA	NA	NA	NA	NA	NA	NA	NA	NA	NA
cg21336434	0.0865597685686908	0.941735472500537	0.0717698240103553	0.0819632808356373	0.778276475890555	0.200248700300927	0.743088955466641	0.0709622154133216	0.0892460366156814	0.792722171092518	0.278541444615224	0.92689987663968	0.145676276072988	0.117309678028733	0.928174863539051	0.38365826151292	0.295092758754445	0.226183373835814	0.166232908742075	0.859953928132052	0.29630834622207	0.424312733700299	0.117295864951716	0.469480910197474	0.121291740061144	0.117576832148123	0.390567169773968	0.221148332432815	0.321435183304344	0.344607438121805	0.833274775537636	0.0911787438492448	0.413910516862338	0.373461552775545	0.712688717338719	0.0744747120385628	0.592867924155939	0.937343580583476	0.124968328980889	0.151520645794809	0.109958181560647	0.304167264239507	0.942139441216085	0.0787268877356149	0.952972743288687	0.415778235395748	0.471544663918005	0.878841305585282	0.888018086918912	0.935605817528832	0.0729716375617854	0.51104192384112	0.164486952447719	0.948680857565109	0.24607969576334	0.680783333586992	0.0882864037608225
cg21358429	NA	NA	NA	NA	NA	NA	NA	NA	NA	NA	NA	NA	NA	NA	NA	NA	NA	NA	NA	NA	NA	NA	NA	NA	NA	NA	NA	NA	NA	NA	NA	NA	NA	NA	NA	NA	NA	NA	NA	NA	NA	NA	NA	NA	NA	NA	NA	NA	NA	NA	NA	NA	NA	NA	NA	NA	NA
cg21397124	NA	NA	NA	NA	NA	NA	NA	NA	NA	NA	NA	NA	NA	NA	NA	NA	NA	NA	NA	NA	NA	NA	NA	NA	NA	NA	NA	NA	NA	NA	NA	NA	NA	NA	NA	NA	NA	NA	NA	NA	NA	NA	NA	NA	NA	NA	NA	NA	NA	NA	NA	NA	NA	NA	NA	NA	NA
cg21414905	0.727018156911197	0.828060161756977	0.904952066276768	0.699005885986788	0.885278866758809	0.878884221799427	0.550110951349582	0.131950467189416	0.847828074957175	0.807294974209873	0.766274170222107	0.279689266235468	0.617008582556263	0.741214432381904	0.787364473987907	0.901934299315934	0.208739597722034	0.663575954885147	0.630636870846166	0.838676295305882	0.607582613591041	0.669322668237573	0.75086030185249	0.585863584185402	0.174227955171577	0.84049883984098	0.582525139173889	0.597534300728089	0.700736063983359	0.766371473025753	0.594789741525935	0.884435845159077	0.536764645660201	0.162266445378685	0.254156977577813	0.17164621288856	0.230706210349153	0.665854501372261	0.797715414440491	0.834278287452652	0.671088893647322	0.724154014675671	0.765094265994914	0.257815719214237	0.917242850726181	0.606461338936744	0.534367263184775	0.688054018194781	0.797913731430688	0.814734717577269	0.561935012634032	0.464233651915628	0.791823871172075	0.467102754570669	0.747328081343687	0.789305319825162	0.775072836919669
cg21429544	NA	NA	NA	NA	NA	NA	NA	NA	NA	NA	NA	NA	NA	NA	NA	NA	NA	NA	NA	NA	NA	NA	NA	NA	NA	NA	NA	NA	NA	NA	NA	NA	NA	NA	NA	NA	NA	NA	NA	NA	NA	NA	NA	NA	NA	NA	NA	NA	NA	NA	NA	NA	NA	NA	NA	NA	NA
cg21443763	0.79754284109174	0.952949544792239	0.93422864516932	0.657169477999628	0.704629532732777	0.94931271788092	0.899623693959777	0.912028754175656	0.954978645428877	0.917960866109209	0.925011884964328	0.942980050088921	0.904171544034353	0.945728159461443	0.918951147692492	0.941085276493373	0.90825282076621	0.807333969344301	0.863503224451611	0.931803741092474	0.926395767151709	0.908450166728255	0.904358660791263	0.630322277810357	0.875586163926136	0.93131449222494	0.940619757507967	0.920806256966374	0.916692020909412	0.930945072762161	0.933709242058987	0.793067974515768	0.66626686994216	0.929004704541787	0.895903475401047	0.753078939153849	0.876816312546608	0.955416644192376	0.917395427581539	0.462340190259088	0.68762235214231	0.953802943601457	0.903652310716275	0.945756170147363	0.923332797059264	0.911943968474816	0.932966135792573	0.943860512580839	0.933516078895542	0.93314026808198	0.918166428267002	0.865984372539847	0.595536002365435	0.941231550674661	0.9533753810875	0.935337089639854	0.926910516641194
cg21469820	NA	NA	NA	NA	NA	NA	NA	NA	NA	NA	NA	NA	NA	NA	NA	NA	NA	NA	NA	NA	NA	NA	NA	NA	NA	NA	NA	NA	NA	NA	NA	NA	NA	NA	NA	NA	NA	NA	NA	NA	NA	NA	NA	NA	NA	NA	NA	NA	NA	NA	NA	NA	NA	NA	NA	NA	NA
cg21483702	NA	NA	NA	NA	NA	NA	NA	NA	NA	NA	NA	NA	NA	NA	NA	NA	NA	NA	NA	NA	NA	NA	NA	NA	NA	NA	NA	NA	NA	NA	NA	NA	NA	NA	NA	NA	NA	NA	NA	NA	NA	NA	NA	NA	NA	NA	NA	NA	NA	NA	NA	NA	NA	NA	NA	NA	NA
cg21502695	NA	NA	NA	NA	NA	NA	NA	NA	NA	NA	NA	NA	NA	NA	NA	NA	NA	NA	NA	NA	NA	NA	NA	NA	NA	NA	NA	NA	NA	NA	NA	NA	NA	NA	NA	NA	NA	NA	NA	NA	NA	NA	NA	NA	NA	NA	NA	NA	NA	NA	NA	NA	NA	NA	NA	NA	NA
cg21512370	0.795300636437537	0.815520669414265	0.746872150733044	0.763419086741851	0.787757139821299	0.796471213117813	0.843593511433033	0.781720941184361	0.783697851020708	0.78414047524246	0.769184031297941	0.744024672303584	0.733283034423437	0.846589572530482	0.842113045661196	0.790651188684176	0.811007525779986	0.846500619991852	0.728798672150246	0.8431402995799	0.79152932122539	0.782192942904697	0.754859907015002	0.796072428889731	0.711007492823521	0.809217470709401	0.692710413812755	0.847548869469126	0.806008586836682	0.73951054179205	0.810122797489279	0.817240473026905	0.821743181361994	0.577569638261051	0.845161522419288	0.852046434547422	0.823902723017187	0.813708509325469	0.771711024993032	0.776485342769825	0.831146078927771	0.771567284841906	0.782846076525022	0.769464908496314	0.773754106858677	0.828031964573943	0.81221434399792	0.853334113963127	0.678303343241596	0.753554307506731	0.756883326187754	0.85856516552982	0.692614075340382	0.749825923560546	0.85667543700702	0.777270026556869	0.806618466422214
cg21532334	NA	NA	NA	NA	NA	NA	NA	NA	NA	NA	NA	NA	NA	NA	NA	NA	NA	NA	NA	NA	NA	NA	NA	NA	NA	NA	NA	NA	NA	NA	NA	NA	NA	NA	NA	NA	NA	NA	NA	NA	NA	NA	NA	NA	NA	NA	NA	NA	NA	NA	NA	NA	NA	NA	NA	NA	NA
cg21579959	NA	NA	NA	NA	NA	NA	NA	NA	NA	NA	NA	NA	NA	NA	NA	NA	NA	NA	NA	NA	NA	NA	NA	NA	NA	NA	NA	NA	NA	NA	NA	NA	NA	NA	NA	NA	NA	NA	NA	NA	NA	NA	NA	NA	NA	NA	NA	NA	NA	NA	NA	NA	NA	NA	NA	NA	NA
cg21583727	NA	NA	NA	NA	NA	NA	NA	NA	NA	NA	NA	NA	NA	NA	NA	NA	NA	NA	NA	NA	NA	NA	NA	NA	NA	NA	NA	NA	NA	NA	NA	NA	NA	NA	NA	NA	NA	NA	NA	NA	NA	NA	NA	NA	NA	NA	NA	NA	NA	NA	NA	NA	NA	NA	NA	NA	NA
cg21593015	0.406046811692724	0.663390872005808	0.80929151756375	0.195409497976809	0.937298791551612	0.887358513228534	0.644180310567573	0.746654074941031	0.810277126966665	0.824600922129894	0.288157949377457	0.788007353670281	0.656624182263734	0.814111660621177	0.550681773045167	0.695855489457301	0.758907795026402	0.342818738898161	0.740860123003491	0.865466382466939	0.738706732447704	0.555856561776894	0.861446804155288	0.512458737148584	0.183718595811583	0.870494321182937	0.227225628102049	0.760036085762419	0.842851770139365	0.791457336532784	0.574559241334244	0.694190100276067	0.549124236618722	0.681504664695012	0.153904880710839	0.0883259091501045	0.429642847629165	0.765924483533043	0.363413516221324	0.313222167267969	0.54792838806725	0.508628467531621	0.726353248449188	0.358456401555278	0.698877866468524	0.840876428080572	0.481409952582639	0.853813981980591	0.647882588935703	0.847973178596507	0.714707121161323	0.82086549518118	0.232280378372773	0.757918300913763	0.853569475932698	0.872704965233864	0.441260402276161
cg21606086	NA	NA	NA	NA	NA	NA	NA	NA	NA	NA	NA	NA	NA	NA	NA	NA	NA	NA	NA	NA	NA	NA	NA	NA	NA	NA	NA	NA	NA	NA	NA	NA	NA	NA	NA	NA	NA	NA	NA	NA	NA	NA	NA	NA	NA	NA	NA	NA	NA	NA	NA	NA	NA	NA	NA	NA	NA
cg21615915	0.893322023434335	0.841716004606995	0.861457405459583	0.164044311518357	0.878651488326868	0.877733283595816	0.729810812094677	0.0722174824244752	0.889815234982701	0.857379330874441	0.734871239497932	0.883491661493138	0.746028222032285	0.845829234671733	0.877536200606322	0.828323618497094	0.286010034154202	0.738637363747864	0.245176927570225	0.847671560724237	0.618090993449735	0.638526766190113	0.863362297970323	0.444516023367221	0.796681604745494	0.888011741596354	0.540014791032091	0.76004375917294	0.799130771307643	0.733053966992507	0.800793336281244	0.616097972253852	0.506030963208402	0.86680024387412	0.559784116786616	0.0894368297919612	0.395379667072837	0.788299035572093	0.781236809465938	0.317649538037626	0.591354648134279	0.735835187304655	0.778244316633784	0.657452029372076	0.933642869181948	0.855886839863307	0.582602977884366	0.592097798105754	0.659680790618572	0.890042718743964	0.636618505571891	0.68966174212116	0.472213657098455	0.853444640124685	0.800714967777574	0.761956844498517	0.821845785240934
cg21618529	NA	NA	NA	NA	NA	NA	NA	NA	NA	NA	NA	NA	NA	NA	NA	NA	NA	NA	NA	NA	NA	NA	NA	NA	NA	NA	NA	NA	NA	NA	NA	NA	NA	NA	NA	NA	NA	NA	NA	NA	NA	NA	NA	NA	NA	NA	NA	NA	NA	NA	NA	NA	NA	NA	NA	NA	NA
cg21618784	NA	NA	NA	NA	NA	NA	NA	NA	NA	NA	NA	NA	NA	NA	NA	NA	NA	NA	NA	NA	NA	NA	NA	NA	NA	NA	NA	NA	NA	NA	NA	NA	NA	NA	NA	NA	NA	NA	NA	NA	NA	NA	NA	NA	NA	NA	NA	NA	NA	NA	NA	NA	NA	NA	NA	NA	NA
cg21647407	NA	NA	NA	NA	NA	NA	NA	NA	NA	NA	NA	NA	NA	NA	NA	NA	NA	NA	NA	NA	NA	NA	NA	NA	NA	NA	NA	NA	NA	NA	NA	NA	NA	NA	NA	NA	NA	NA	NA	NA	NA	NA	NA	NA	NA	NA	NA	NA	NA	NA	NA	NA	NA	NA	NA	NA	NA
cg21690921	NA	NA	NA	NA	NA	NA	NA	NA	NA	NA	NA	NA	NA	NA	NA	NA	NA	NA	NA	NA	NA	NA	NA	NA	NA	NA	NA	NA	NA	NA	NA	NA	NA	NA	NA	NA	NA	NA	NA	NA	NA	NA	NA	NA	NA	NA	NA	NA	NA	NA	NA	NA	NA	NA	NA	NA	NA
cg21694626	NA	NA	NA	NA	NA	NA	NA	NA	NA	NA	NA	NA	NA	NA	NA	NA	NA	NA	NA	NA	NA	NA	NA	NA	NA	NA	NA	NA	NA	NA	NA	NA	NA	NA	NA	NA	NA	NA	NA	NA	NA	NA	NA	NA	NA	NA	NA	NA	NA	NA	NA	NA	NA	NA	NA	NA	NA
cg21767461	NA	NA	NA	NA	NA	NA	NA	NA	NA	NA	NA	NA	NA	NA	NA	NA	NA	NA	NA	NA	NA	NA	NA	NA	NA	NA	NA	NA	NA	NA	NA	NA	NA	NA	NA	NA	NA	NA	NA	NA	NA	NA	NA	NA	NA	NA	NA	NA	NA	NA	NA	NA	NA	NA	NA	NA	NA
cg21797973	NA	NA	NA	NA	NA	NA	NA	NA	NA	NA	NA	NA	NA	NA	NA	NA	NA	NA	NA	NA	NA	NA	NA	NA	NA	NA	NA	NA	NA	NA	NA	NA	NA	NA	NA	NA	NA	NA	NA	NA	NA	NA	NA	NA	NA	NA	NA	NA	NA	NA	NA	NA	NA	NA	NA	NA	NA
cg21801085	NA	NA	NA	NA	NA	NA	NA	NA	NA	NA	NA	NA	NA	NA	NA	NA	NA	NA	NA	NA	NA	NA	NA	NA	NA	NA	NA	NA	NA	NA	NA	NA	NA	NA	NA	NA	NA	NA	NA	NA	NA	NA	NA	NA	NA	NA	NA	NA	NA	NA	NA	NA	NA	NA	NA	NA	NA
cg21803141	NA	NA	NA	NA	NA	NA	NA	NA	NA	NA	NA	NA	NA	NA	NA	NA	NA	NA	NA	NA	NA	NA	NA	NA	NA	NA	NA	NA	NA	NA	NA	NA	NA	NA	NA	NA	NA	NA	NA	NA	NA	NA	NA	NA	NA	NA	NA	NA	NA	NA	NA	NA	NA	NA	NA	NA	NA
cg21835298	NA	NA	NA	NA	NA	NA	NA	NA	NA	NA	NA	NA	NA	NA	NA	NA	NA	NA	NA	NA	NA	NA	NA	NA	NA	NA	NA	NA	NA	NA	NA	NA	NA	NA	NA	NA	NA	NA	NA	NA	NA	NA	NA	NA	NA	NA	NA	NA	NA	NA	NA	NA	NA	NA	NA	NA	NA
cg21840672	NA	NA	NA	NA	NA	NA	NA	NA	NA	NA	NA	NA	NA	NA	NA	NA	NA	NA	NA	NA	NA	NA	NA	NA	NA	NA	NA	NA	NA	NA	NA	NA	NA	NA	NA	NA	NA	NA	NA	NA	NA	NA	NA	NA	NA	NA	NA	NA	NA	NA	NA	NA	NA	NA	NA	NA	NA
cg21844726	NA	NA	NA	NA	NA	NA	NA	NA	NA	NA	NA	NA	NA	NA	NA	NA	NA	NA	NA	NA	NA	NA	NA	NA	NA	NA	NA	NA	NA	NA	NA	NA	NA	NA	NA	NA	NA	NA	NA	NA	NA	NA	NA	NA	NA	NA	NA	NA	NA	NA	NA	NA	NA	NA	NA	NA	NA
cg21934337	NA	NA	NA	NA	NA	NA	NA	NA	NA	NA	NA	NA	NA	NA	NA	NA	NA	NA	NA	NA	NA	NA	NA	NA	NA	NA	NA	NA	NA	NA	NA	NA	NA	NA	NA	NA	NA	NA	NA	NA	NA	NA	NA	NA	NA	NA	NA	NA	NA	NA	NA	NA	NA	NA	NA	NA	NA
cg22001073	NA	NA	NA	NA	NA	NA	NA	NA	NA	NA	NA	NA	NA	NA	NA	NA	NA	NA	NA	NA	NA	NA	NA	NA	NA	NA	NA	NA	NA	NA	NA	NA	NA	NA	NA	NA	NA	NA	NA	NA	NA	NA	NA	NA	NA	NA	NA	NA	NA	NA	NA	NA	NA	NA	NA	NA	NA
cg22042157	NA	NA	NA	NA	NA	NA	NA	NA	NA	NA	NA	NA	NA	NA	NA	NA	NA	NA	NA	NA	NA	NA	NA	NA	NA	NA	NA	NA	NA	NA	NA	NA	NA	NA	NA	NA	NA	NA	NA	NA	NA	NA	NA	NA	NA	NA	NA	NA	NA	NA	NA	NA	NA	NA	NA	NA	NA
cg22064390	0.0992341821516152	0.939191374383039	0.941262193246349	0.854343658083602	0.220184780367768	0.937282897638551	0.779727263147711	0.868896950233316	0.926737215292605	0.31449698534867	0.917305562754877	0.539511978472191	0.91334601815119	0.926104676663852	0.896533962943651	0.941398353422765	0.9445434405123	0.881270179003185	0.931438369714264	0.93644817867122	0.908724556504194	0.924779487691016	0.835666824768723	0.475362166361708	0.88120845344876	0.881599869734807	0.810873720386408	0.843393149464695	0.870510005521209	0.924822870149002	0.8984357538669	0.919111723537127	0.796306624736467	0.902939367399923	0.500956672501603	0.793067146158467	0.596628447963929	0.885295840264807	0.895039852176752	0.880956045003685	0.831894981871764	0.912614941593977	0.742497398148177	0.925513892819612	0.93252989793894	0.888471649145616	0.752049023517278	0.929688534152268	0.953181145337144	0.901953658632891	0.617309273923974	0.853257528735176	0.942542000616755	0.941951260045821	0.914180773443349	0.867994700216658	0.68063665798173
cg22073507	NA	NA	NA	NA	NA	NA	NA	NA	NA	NA	NA	NA	NA	NA	NA	NA	NA	NA	NA	NA	NA	NA	NA	NA	NA	NA	NA	NA	NA	NA	NA	NA	NA	NA	NA	NA	NA	NA	NA	NA	NA	NA	NA	NA	NA	NA	NA	NA	NA	NA	NA	NA	NA	NA	NA	NA	NA
cg22117193	NA	NA	NA	NA	NA	NA	NA	NA	NA	NA	NA	NA	NA	NA	NA	NA	NA	NA	NA	NA	NA	NA	NA	NA	NA	NA	NA	NA	NA	NA	NA	NA	NA	NA	NA	NA	NA	NA	NA	NA	NA	NA	NA	NA	NA	NA	NA	NA	NA	NA	NA	NA	NA	NA	NA	NA	NA
cg22127299	NA	NA	NA	NA	NA	NA	NA	NA	NA	NA	NA	NA	NA	NA	NA	NA	NA	NA	NA	NA	NA	NA	NA	NA	NA	NA	NA	NA	NA	NA	NA	NA	NA	NA	NA	NA	NA	NA	NA	NA	NA	NA	NA	NA	NA	NA	NA	NA	NA	NA	NA	NA	NA	NA	NA	NA	NA
cg22134372	NA	NA	NA	NA	NA	NA	NA	NA	NA	NA	NA	NA	NA	NA	NA	NA	NA	NA	NA	NA	NA	NA	NA	NA	NA	NA	NA	NA	NA	NA	NA	NA	NA	NA	NA	NA	NA	NA	NA	NA	NA	NA	NA	NA	NA	NA	NA	NA	NA	NA	NA	NA	NA	NA	NA	NA	NA
cg22149095	NA	NA	NA	NA	NA	NA	NA	NA	NA	NA	NA	NA	NA	NA	NA	NA	NA	NA	NA	NA	NA	NA	NA	NA	NA	NA	NA	NA	NA	NA	NA	NA	NA	NA	NA	NA	NA	NA	NA	NA	NA	NA	NA	NA	NA	NA	NA	NA	NA	NA	NA	NA	NA	NA	NA	NA	NA
cg22168674	NA	NA	NA	NA	NA	NA	NA	NA	NA	NA	NA	NA	NA	NA	NA	NA	NA	NA	NA	NA	NA	NA	NA	NA	NA	NA	NA	NA	NA	NA	NA	NA	NA	NA	NA	NA	NA	NA	NA	NA	NA	NA	NA	NA	NA	NA	NA	NA	NA	NA	NA	NA	NA	NA	NA	NA	NA
cg22170222	NA	NA	NA	NA	NA	NA	NA	NA	NA	NA	NA	NA	NA	NA	NA	NA	NA	NA	NA	NA	NA	NA	NA	NA	NA	NA	NA	NA	NA	NA	NA	NA	NA	NA	NA	NA	NA	NA	NA	NA	NA	NA	NA	NA	NA	NA	NA	NA	NA	NA	NA	NA	NA	NA	NA	NA	NA
cg22233425	NA	0.8163149294739	NA	NA	NA	0.79138875575475	NA	NA	NA	0.771734179657406	0.863256914935958	0.814553445400762	NA	0.876270113826472	NA	0.868056536149553	NA	NA	NA	0.790198759784037	NA	0.738953365202723	NA	NA	0.783366192480948	NA	NA	NA	NA	NA	NA	NA	NA	0.754932839196576	NA	NA	0.762718603500364	0.622199973229258	NA	NA	NA	NA	NA	0.772869299482492	0.824503278451558	NA	0.481204183216908	0.777924043533211	NA	0.71891510199898	0.641421390514092	NA	NA	NA	NA	NA	NA
cg22246565	NA	NA	NA	NA	NA	NA	NA	NA	NA	NA	NA	NA	NA	NA	NA	NA	NA	NA	NA	NA	NA	NA	NA	NA	NA	NA	NA	NA	NA	NA	NA	NA	NA	NA	NA	NA	NA	NA	NA	NA	NA	NA	NA	NA	NA	NA	NA	NA	NA	NA	NA	NA	NA	NA	NA	NA	NA
cg22254464	0.180817595253059	0.565109666086525	0.533024480308938	0.330445094759459	0.0843219788075999	0.181229571756249	0.507208313859482	0.0722039864343146	0.46273393532877	0.365115853959362	0.50363059295004	0.615883066255231	0.335828103837752	0.629433501359547	0.322986368089884	0.165883576751858	0.215411898997401	0.491780758006227	0.51054117311774	0.661665222850326	0.346773840466776	0.562845408832024	0.438394655304699	0.387633308126294	0.329551978982837	0.118783341874345	0.454272024131494	0.54614654333845	0.670780692505673	0.462923914765645	0.395742472730732	0.101410970708611	0.222668623190762	0.610343569734137	0.219961976808612	0.137343449651105	0.277908428084788	0.756484171307361	0.0763999147664996	0.161369460248768	0.101901137960018	0.346802764697482	0.533575120406094	0.428060295754784	0.609363375171594	0.287145011246196	0.480488198071269	0.618894677989234	0.240496440220912	0.741343076879148	0.411764540886314	0.398218927247462	0.285217112073781	0.306855594875313	0.563682221522315	0.549264653249164	0.409419950869211
cg22329153	0.774507694188077	0.8002664423218	0.83438439298036	0.766284140068429	0.804225474322522	0.86061770010228	0.745420087733922	0.758991275291743	0.932087166898181	0.713049573243249	0.748192618158129	0.288054999485414	0.859741453095642	0.737232496122076	0.802047265720862	0.89768687219851	0.853225528188023	0.788227274796064	0.724056112227487	0.92929601030234	0.874793189395656	0.902098921705001	0.815458519121499	0.884815768193293	0.902970299386425	0.899822577717538	0.333488014592721	0.849978704388429	0.871496641676302	0.889980412609468	0.579669737143932	0.804851275645992	0.731991087633414	0.894612068449101	0.473674027025678	0.842819025723145	0.680518612565971	0.892891950230932	0.69960442004421	0.911078060305843	0.888945665833819	0.914935033294137	0.857141715102382	0.869243595989253	0.82877522547651	0.91395272623357	0.799399896594323	0.882808830041048	0.857319721810655	0.875046969015657	0.779884015473633	0.874258803137531	0.793047780456869	0.845388694668507	0.786680239789988	0.812034710163491	0.768856342117211
cg22378095	NA	NA	NA	NA	NA	NA	NA	NA	NA	NA	NA	NA	NA	NA	NA	NA	NA	NA	NA	NA	NA	NA	NA	NA	NA	NA	NA	NA	NA	NA	NA	NA	NA	NA	NA	NA	NA	NA	NA	NA	NA	NA	NA	NA	NA	NA	NA	NA	NA	NA	NA	NA	NA	NA	NA	NA	NA
cg22384010	NA	NA	NA	NA	NA	NA	NA	NA	NA	NA	NA	NA	NA	NA	NA	NA	NA	NA	NA	NA	NA	NA	NA	NA	NA	NA	NA	NA	NA	NA	NA	NA	NA	NA	NA	NA	NA	NA	NA	NA	NA	NA	NA	NA	NA	NA	NA	NA	NA	NA	NA	NA	NA	NA	NA	NA	NA
cg22386008	0.319172095774585	0.333759215408437	0.51450195930952	0.742680360052122	0.702827765677753	0.703873431365453	0.395302591753196	0.49887421776443	0.125174621706399	0.472413322993428	0.118468107788362	0.54517053151236	0.550513434623099	0.833439105621573	0.456582852559702	0.435101374206851	0.316320898266889	0.526488225486299	0.691979439903106	0.788772437029155	0.217627185021193	0.740413708321084	0.199791861817472	0.525510695804213	NA	0.238947005091936	0.536093228334249	0.474737398637442	0.352317650299233	0.61737187741659	NA	0.0904586423168402	0.259405941485604	0.212074776280257	0.288570157738309	0.513757331759539	0.445091208002091	0.621659517978442	0.24127720721142	0.488372081181946	0.16487316601646	0.678351303806625	0.36392442876484	0.385221385355918	0.581414331790608	0.511414939811448	0.539493958559528	0.776262668521235	0.524902780368411	0.563952047793268	0.257479087019466	0.499019059443732	0.144321949454556	0.83668726710127	0.646892440017308	0.736748645624268	0.25446711431825
cg22459078	NA	NA	NA	NA	NA	NA	NA	NA	NA	NA	NA	NA	NA	NA	NA	NA	NA	NA	NA	NA	NA	NA	NA	NA	NA	NA	NA	NA	NA	NA	NA	NA	NA	NA	NA	NA	NA	NA	NA	NA	NA	NA	NA	NA	NA	NA	NA	NA	NA	NA	NA	NA	NA	NA	NA	NA	NA
cg22464692	0.759246021787078	0.875513104570453	0.867254711773734	0.682446436037148	0.8575846950598	0.483447969766276	0.88404131966272	0.872168825380135	0.845669744786303	0.723442149357487	0.927048440897686	0.801310202586884	0.68174314852276	0.766175309352018	0.870842055022735	0.748126572942519	0.644558344787178	0.845535568777512	0.699606793917609	0.869838513099347	0.838793047961251	0.833013317349879	0.827888732631318	0.807539260708166	0.800145603005121	0.793327624436437	0.774719329433803	0.855712704202057	0.756232287208486	0.827745838949875	0.866628615296341	0.91252952120958	0.748437284591078	0.856992491448981	0.804829572668554	0.691125357478674	0.647530230492509	0.868829801030748	0.852882864146503	0.57963987477787	0.637846660232658	0.901261551290299	0.86217781849651	0.869645243820887	0.795535929229415	0.868826291561425	0.785399151805705	0.825778065010318	0.751301280653357	0.823926990699437	0.595349325833593	0.769368018177984	0.84631160725743	0.644358596589875	0.876826498792838	0.850807768047446	0.91602734896301
cg22466850	NA	NA	NA	NA	NA	NA	NA	NA	NA	NA	NA	NA	NA	NA	NA	NA	NA	NA	NA	NA	NA	NA	NA	NA	NA	NA	NA	NA	NA	NA	NA	NA	NA	NA	NA	NA	NA	NA	NA	NA	NA	NA	NA	NA	NA	NA	NA	NA	NA	NA	NA	NA	NA	NA	NA	NA	NA
cg22482142	NA	NA	NA	NA	NA	NA	NA	NA	NA	NA	NA	NA	NA	NA	NA	NA	NA	NA	NA	NA	NA	NA	NA	NA	NA	NA	NA	NA	NA	NA	NA	NA	NA	NA	NA	NA	NA	NA	NA	NA	NA	NA	NA	NA	NA	NA	NA	NA	NA	NA	NA	NA	NA	NA	NA	NA	NA
cg22529427	NA	NA	NA	NA	NA	NA	NA	NA	NA	NA	NA	NA	NA	NA	NA	NA	NA	NA	NA	NA	NA	NA	NA	NA	NA	NA	NA	NA	NA	NA	NA	NA	NA	NA	NA	NA	NA	NA	NA	NA	NA	NA	NA	NA	NA	NA	NA	NA	NA	NA	NA	NA	NA	NA	NA	NA	NA
cg22535679	NA	NA	NA	NA	NA	NA	NA	NA	NA	NA	NA	NA	NA	NA	NA	NA	NA	NA	NA	NA	NA	NA	NA	NA	NA	NA	NA	NA	NA	NA	NA	NA	NA	NA	NA	NA	NA	NA	NA	NA	NA	NA	NA	NA	NA	NA	NA	NA	NA	NA	NA	NA	NA	NA	NA	NA	NA
cg22591006	NA	NA	NA	NA	NA	NA	NA	NA	NA	NA	NA	NA	NA	NA	NA	NA	NA	NA	NA	NA	NA	NA	NA	NA	NA	NA	NA	NA	NA	NA	NA	NA	NA	NA	NA	NA	NA	NA	NA	NA	NA	NA	NA	NA	NA	NA	NA	NA	NA	NA	NA	NA	NA	NA	NA	NA	NA
cg22592346	NA	NA	NA	NA	NA	NA	NA	NA	NA	NA	NA	NA	NA	NA	NA	NA	NA	NA	NA	NA	NA	NA	NA	NA	NA	NA	NA	NA	NA	NA	NA	NA	NA	NA	NA	NA	NA	NA	NA	NA	NA	NA	NA	NA	NA	NA	NA	NA	NA	NA	NA	NA	NA	NA	NA	NA	NA
cg22634105	NA	NA	NA	NA	NA	NA	NA	NA	NA	NA	NA	NA	NA	NA	NA	NA	NA	NA	NA	NA	NA	NA	NA	NA	NA	NA	NA	NA	NA	NA	NA	NA	NA	NA	NA	NA	NA	NA	NA	NA	NA	NA	NA	NA	NA	NA	NA	NA	NA	NA	NA	NA	NA	NA	NA	NA	NA
cg22661775	NA	NA	NA	NA	NA	NA	NA	NA	NA	NA	NA	NA	NA	NA	NA	NA	NA	NA	NA	NA	NA	NA	NA	NA	NA	NA	NA	NA	NA	NA	NA	NA	NA	NA	NA	NA	NA	NA	NA	NA	NA	NA	NA	NA	NA	NA	NA	NA	NA	NA	NA	NA	NA	NA	NA	NA	NA
cg22754489	NA	NA	NA	NA	NA	NA	NA	NA	NA	NA	NA	NA	NA	NA	NA	NA	NA	NA	NA	NA	NA	NA	NA	NA	NA	NA	NA	NA	NA	NA	NA	NA	NA	NA	NA	NA	NA	NA	NA	NA	NA	NA	NA	NA	NA	NA	NA	NA	NA	NA	NA	NA	NA	NA	NA	NA	NA
cg22772235	NA	NA	NA	NA	NA	NA	NA	NA	NA	NA	NA	NA	NA	NA	NA	NA	NA	NA	NA	NA	NA	NA	NA	NA	NA	NA	NA	NA	NA	NA	NA	NA	NA	NA	NA	NA	NA	NA	NA	NA	NA	NA	NA	NA	NA	NA	NA	NA	NA	NA	NA	NA	NA	NA	NA	NA	NA
cg22871659	NA	NA	NA	NA	NA	NA	NA	NA	NA	NA	NA	NA	NA	NA	NA	NA	NA	NA	NA	NA	NA	NA	NA	NA	NA	NA	NA	NA	NA	NA	NA	NA	NA	NA	NA	NA	NA	NA	NA	NA	NA	NA	NA	NA	NA	NA	NA	NA	NA	NA	NA	NA	NA	NA	NA	NA	NA
cg22875855	NA	NA	NA	NA	NA	NA	NA	NA	NA	NA	NA	NA	NA	NA	NA	NA	NA	NA	NA	NA	NA	NA	NA	NA	NA	NA	NA	NA	NA	NA	NA	NA	NA	NA	NA	NA	NA	NA	NA	NA	NA	NA	NA	NA	NA	NA	NA	NA	NA	NA	NA	NA	NA	NA	NA	NA	NA
cg22897634	NA	NA	NA	NA	NA	NA	NA	NA	NA	NA	NA	NA	NA	NA	NA	NA	NA	NA	NA	NA	NA	NA	NA	NA	NA	NA	NA	NA	NA	NA	NA	NA	NA	NA	NA	NA	NA	NA	NA	NA	NA	NA	NA	NA	NA	NA	NA	NA	NA	NA	NA	NA	NA	NA	NA	NA	NA
cg22933538	NA	NA	NA	NA	NA	NA	NA	NA	NA	NA	NA	NA	NA	NA	NA	NA	NA	NA	NA	NA	NA	NA	NA	NA	NA	NA	NA	NA	NA	NA	NA	NA	NA	NA	NA	NA	NA	NA	NA	NA	NA	NA	NA	NA	NA	NA	NA	NA	NA	NA	NA	NA	NA	NA	NA	NA	NA
cg22963191	NA	NA	NA	NA	NA	NA	NA	NA	NA	NA	NA	NA	NA	NA	NA	NA	NA	NA	NA	NA	NA	NA	NA	NA	NA	NA	NA	NA	NA	NA	NA	NA	NA	NA	NA	NA	NA	NA	NA	NA	NA	NA	NA	NA	NA	NA	NA	NA	NA	NA	NA	NA	NA	NA	NA	NA	NA
cg22983641	NA	NA	NA	NA	NA	NA	NA	NA	NA	NA	NA	NA	NA	NA	NA	NA	NA	NA	NA	NA	NA	NA	NA	NA	NA	NA	NA	NA	NA	NA	NA	NA	NA	NA	NA	NA	NA	NA	NA	NA	NA	NA	NA	NA	NA	NA	NA	NA	NA	NA	NA	NA	NA	NA	NA	NA	NA
cg23003872	NA	NA	NA	NA	NA	NA	NA	NA	NA	NA	NA	NA	NA	NA	NA	NA	NA	NA	NA	NA	NA	NA	NA	NA	NA	NA	NA	NA	NA	NA	NA	NA	NA	NA	NA	NA	NA	NA	NA	NA	NA	NA	NA	NA	NA	NA	NA	NA	NA	NA	NA	NA	NA	NA	NA	NA	NA
cg23014672	NA	NA	NA	NA	NA	NA	NA	NA	NA	NA	NA	NA	NA	NA	NA	NA	NA	NA	NA	NA	NA	NA	NA	NA	NA	NA	NA	NA	NA	NA	NA	NA	NA	NA	NA	NA	NA	NA	NA	NA	NA	NA	NA	NA	NA	NA	NA	NA	NA	NA	NA	NA	NA	NA	NA	NA	NA
cg23081488	NA	NA	NA	NA	NA	NA	NA	NA	NA	NA	NA	NA	NA	NA	NA	NA	NA	NA	NA	NA	NA	NA	NA	NA	NA	NA	NA	NA	NA	NA	NA	NA	NA	NA	NA	NA	NA	NA	NA	NA	NA	NA	NA	NA	NA	NA	NA	NA	NA	NA	NA	NA	NA	NA	NA	NA	NA
cg23095043	NA	NA	NA	NA	NA	NA	NA	NA	NA	NA	NA	NA	NA	NA	NA	NA	NA	NA	NA	NA	NA	NA	NA	NA	NA	NA	NA	NA	NA	NA	NA	NA	NA	NA	NA	NA	NA	NA	NA	NA	NA	NA	NA	NA	NA	NA	NA	NA	NA	NA	NA	NA	NA	NA	NA	NA	NA
cg23096272	NA	NA	NA	NA	NA	NA	NA	NA	NA	NA	NA	NA	NA	NA	NA	NA	NA	NA	NA	NA	NA	NA	NA	NA	NA	NA	NA	NA	NA	NA	NA	NA	NA	NA	NA	NA	NA	NA	NA	NA	NA	NA	NA	NA	NA	NA	NA	NA	NA	NA	NA	NA	NA	NA	NA	NA	NA
cg23151747	NA	NA	NA	NA	NA	NA	NA	NA	NA	NA	NA	NA	NA	NA	NA	NA	NA	NA	NA	NA	NA	NA	NA	NA	NA	NA	NA	NA	NA	NA	NA	NA	NA	NA	NA	NA	NA	NA	NA	NA	NA	NA	NA	NA	NA	NA	NA	NA	NA	NA	NA	NA	NA	NA	NA	NA	NA
cg23167863	0.960173723208887	0.931272575079903	0.953449383781177	0.915899138241821	0.908687738925572	0.927974438645762	0.909996052179313	0.9576808012914	0.922204963906674	0.905885812516872	0.957954843105333	0.890871515904847	0.93591289910136	0.959709630305767	0.944636921380476	0.930172890420098	0.948187616514496	0.924031526896549	0.917630816307937	0.933267897658944	0.939836668248962	0.892683064305744	0.94945277419646	0.895390477713846	0.914296809210047	0.926297758557641	0.878061482092125	0.887711355018446	0.932145655639812	0.857237165393081	0.947905559411716	0.950211564433182	0.904458407315129	0.910629110236043	0.951591096154844	0.914671419225267	0.930835137108546	0.923475411640759	0.88555244785743	0.943236615482772	0.947137979981159	0.935883065970006	0.892451868873808	0.938180957230828	0.920060157339397	0.921356690515412	0.93393379352068	0.930935494396467	0.928126657689445	0.910820255716462	0.947120771034837	0.943741549426203	0.593727044221999	0.947040531177214	0.959536048888429	0.922252820349884	0.885148982758709
cg23228779	NA	NA	NA	NA	NA	NA	NA	NA	NA	NA	NA	NA	NA	NA	NA	NA	NA	NA	NA	NA	NA	NA	NA	NA	NA	NA	NA	NA	NA	NA	NA	NA	NA	NA	NA	NA	NA	NA	NA	NA	NA	NA	NA	NA	NA	NA	NA	NA	NA	NA	NA	NA	NA	NA	NA	NA	NA
cg23251678	0.917671284600641	0.969022417162783	0.944078730458558	0.937544407692419	0.964184767960521	0.948951976862783	0.931467790027886	0.953817711179156	0.93858969472033	0.956963368121765	0.948793698742515	0.96321505682779	0.944425193016098	0.950233112109201	0.937268677911937	0.964972410642905	0.949582724982872	0.926172098450423	0.942949818011531	0.954342328445126	0.944849378560767	0.966323321046082	0.959579728995213	0.954280403859592	0.920433124546878	0.945470821052615	0.936487755231999	0.940991708716652	0.94450316988643	0.930155691763746	0.959218397102078	0.956188518461461	0.9389069988182	0.946970219921357	0.927757706496017	0.961275657345046	0.956889033614596	0.941352170240284	0.952846301336013	0.944331154006883	0.946433701702588	0.953621783269311	0.952219713965725	0.939514151071104	0.946626266500073	0.95113315491851	0.951483970941259	0.935866306105773	0.948092466416783	0.931831217357316	0.915207949067951	0.957882676426526	0.957219872180261	0.945502613016387	0.9362185945859	0.940331830368178	0.941636199857986
cg23261820	NA	NA	NA	NA	NA	NA	NA	NA	NA	NA	NA	NA	NA	NA	NA	NA	NA	NA	NA	NA	NA	NA	NA	NA	NA	NA	NA	NA	NA	NA	NA	NA	NA	NA	NA	NA	NA	NA	NA	NA	NA	NA	NA	NA	NA	NA	NA	NA	NA	NA	NA	NA	NA	NA	NA	NA	NA
cg23267554	NA	NA	NA	NA	NA	NA	NA	NA	NA	NA	NA	NA	NA	NA	NA	NA	NA	NA	NA	NA	NA	NA	NA	NA	NA	NA	NA	NA	NA	NA	NA	NA	NA	NA	NA	NA	NA	NA	NA	NA	NA	NA	NA	NA	NA	NA	NA	NA	NA	NA	NA	NA	NA	NA	NA	NA	NA
cg23278018	0.724777009260737	0.538163774889418	0.914583943476566	0.568530133096691	0.689738908211207	0.863404291973304	0.830213440813676	NA	NA	NA	0.888505917852122	0.243308944282448	0.608727551975443	NA	0.851369645906576	0.895103933062364	0.2742577950392	0.464272414053483	0.825364607243918	NA	0.87465294582029	0.803341384777614	0.852977721220731	0.890927055479065	0.72344757037349	0.803383117791258	0.761971609285828	0.863824338980713	0.868161129637144	0.665928454695395	NA	0.892432241164028	0.394349128046848	NA	0.813492102457192	NA	NA	0.853667807827905	0.872618054302528	0.861556417588909	0.844824329613425	0.840253807850078	0.862271946573115	0.303004719803964	0.873430157540408	0.860033490188722	0.825938772680477	0.911883143555833	0.904260233540677	0.849358523779901	0.65462391212426	NA	0.827835870603132	0.822681077138401	NA	0.739175504016085	0.837300938116588
cg23300865	NA	NA	NA	NA	NA	NA	NA	NA	NA	NA	NA	NA	NA	NA	NA	NA	NA	NA	NA	NA	NA	NA	NA	NA	NA	NA	NA	NA	NA	NA	NA	NA	NA	NA	NA	NA	NA	NA	NA	NA	NA	NA	NA	NA	NA	NA	NA	NA	NA	NA	NA	NA	NA	NA	NA	NA	NA
cg23332005	0.899420435847596	0.939675026836261	0.931916950241048	0.847376896828255	0.638842334065811	0.421114236348703	0.315419584253938	0.86827048014772	0.935024007561853	0.901344273611252	0.753698358202875	0.931065380780773	0.914287068986967	0.915297731166653	0.770607863088622	0.204891234328941	0.899128258871477	0.254729105124757	0.902465725616647	0.921408327574407	0.699481629295753	0.923732915167184	0.885869458236238	0.911422827892678	0.151033357648429	0.884585199547516	0.855534846488373	0.828432563899538	0.895590499320406	0.555968132634525	0.919334061905243	0.928504234283701	0.864944997448742	0.926865346505397	0.274148770846092	0.915970572785294	0.790768106836162	0.918490601277652	0.361077292501731	0.361985640424676	0.733910559427267	0.934918160391537	0.905345075972662	0.768662508856553	0.93845308032055	0.875176658090906	0.850012169945251	0.927497078102831	0.877689073078064	0.940015486468906	0.888586540029303	0.93232160161434	0.79422153354336	0.849785715409071	0.660090891778162	0.801276633428711	0.229934084012548
cg23334804	NA	NA	NA	NA	NA	NA	NA	NA	NA	NA	NA	NA	NA	NA	NA	NA	NA	NA	NA	NA	NA	NA	NA	NA	NA	NA	NA	NA	NA	NA	NA	NA	NA	NA	NA	NA	NA	NA	NA	NA	NA	NA	NA	NA	NA	NA	NA	NA	NA	NA	NA	NA	NA	NA	NA	NA	NA
cg23336892	NA	NA	NA	NA	NA	NA	NA	NA	NA	NA	NA	NA	NA	NA	NA	NA	NA	NA	NA	NA	NA	NA	NA	NA	NA	NA	NA	NA	NA	NA	NA	NA	NA	NA	NA	NA	NA	NA	NA	NA	NA	NA	NA	NA	NA	NA	NA	NA	NA	NA	NA	NA	NA	NA	NA	NA	NA
cg23338752	NA	NA	NA	NA	NA	NA	NA	NA	NA	NA	NA	NA	NA	NA	NA	NA	NA	NA	NA	NA	NA	NA	NA	NA	NA	NA	NA	NA	NA	NA	NA	NA	NA	NA	NA	NA	NA	NA	NA	NA	NA	NA	NA	NA	NA	NA	NA	NA	NA	NA	NA	NA	NA	NA	NA	NA	NA
cg23406815	NA	NA	NA	NA	NA	NA	NA	NA	NA	NA	NA	NA	NA	NA	NA	NA	NA	NA	NA	NA	NA	NA	NA	NA	NA	NA	NA	NA	NA	NA	NA	NA	NA	NA	NA	NA	NA	NA	NA	NA	NA	NA	NA	NA	NA	NA	NA	NA	NA	NA	NA	NA	NA	NA	NA	NA	NA
cg23413074	NA	NA	NA	NA	NA	NA	NA	NA	NA	NA	NA	NA	NA	NA	NA	NA	NA	NA	NA	NA	NA	NA	NA	NA	NA	NA	NA	NA	NA	NA	NA	NA	NA	NA	NA	NA	NA	NA	NA	NA	NA	NA	NA	NA	NA	NA	NA	NA	NA	NA	NA	NA	NA	NA	NA	NA	NA
cg23414149	NA	NA	NA	NA	NA	NA	NA	NA	NA	NA	NA	NA	NA	NA	NA	NA	NA	NA	NA	NA	NA	NA	NA	NA	NA	NA	NA	NA	NA	NA	NA	NA	NA	NA	NA	NA	NA	NA	NA	NA	NA	NA	NA	NA	NA	NA	NA	NA	NA	NA	NA	NA	NA	NA	NA	NA	NA
cg23430295	0.317872885087335	0.419606281354794	0.407669317200202	0.323114432726797	0.32386744806384	0.38949997635064	0.460290982780349	0.287654093034192	0.89420458715219	0.426464461696401	0.464315445409369	0.341037062468817	0.438837273843607	0.384026313911827	0.415657365807256	0.514717250009356	0.353436623470498	0.364628898858042	0.29711022901448	0.645311742361926	0.416510813916095	0.816558201756718	0.292546411430326	0.432433606155772	0.458354399856365	0.92927942450501	0.395912698680925	0.525249669140882	0.638795360130288	0.480306566266998	0.367661619944476	0.895095721232797	0.481430695064232	0.549497019952062	0.424825020842775	0.300273673297837	0.423649554661186	0.767845618385395	0.338831025420234	0.338248878273293	0.939273872651319	0.432218449628732	0.74084298949858	0.396683599204569	0.558156891187181	0.613409727988763	0.398789695368874	0.960787553424488	0.430574589581809	0.957041858607216	0.544138701240216	0.572456595698278	0.935828845584382	0.419585605723284	0.381455908081835	0.958587376310235	0.358171146735955
cg23493553	0.916250529153426	0.935849395565815	0.87516767804392	0.848181438500799	0.856655211912043	0.910395315553148	0.898832614466417	0.902952041913452	0.847907182126318	0.89919041099164	0.902764484248036	0.891297877590184	0.902974244970254	0.88394935843357	0.89523042451916	0.919241454140233	0.895008365587577	0.835604240407356	0.590789793756176	0.880740459521987	0.899561420493541	0.874682785651682	0.84387821399203	0.88294591370265	0.827603998758727	0.875214712523944	0.903070693461787	0.889202135614043	0.911396407969308	0.90405964265283	0.908072972582641	0.912133586842866	0.858775171854967	0.916619316299292	0.829595890495885	0.832126565543416	0.807967032552995	0.85366167127755	0.853838795149899	0.87614056184746	0.835178848932201	0.891329298683215	0.857109150148328	0.864324853334605	0.912256011761677	0.871232594027114	0.854790711474197	0.878517534517903	0.928259759335659	0.834030147175637	0.877030390868759	0.923742550382457	0.924392073221104	0.91171768864438	0.899111682882203	0.908201311603991	0.904492432116763
cg23516370	0.140815119044944	0.885575411691523	0.139143246255432	0.152783094922861	0.927211170583982	0.713434713717758	0.715651306634782	0.101350992721538	0.342729569266274	0.731630817215479	0.131893056700827	0.890067296209609	0.678650757430226	0.248637110144585	0.888945392779238	0.522976678338655	0.674914021723965	0.229576084417145	0.401859322196909	0.828007908572186	0.719516167736132	0.453940331867464	0.49609800266332	0.768257878681792	0.416875781692086	0.60299093513415	0.262263828718418	0.514814747254356	0.553871118004891	0.340720265292115	0.867896782077341	0.222683541455563	0.333763292684157	0.610242089753861	0.717889339146853	0.290353131701932	0.780629746548932	0.756914723649422	0.159121053809785	0.245151930148061	0.475575958930941	0.555202097133341	0.719474850485109	0.818923199385043	0.932984158331802	0.520622302052822	0.323235666209553	0.787657114105209	0.725144750198684	0.893671833827153	0.167005045806257	0.598277742755202	0.388595556589099	0.863645510449145	0.267336709529875	0.848591979616027	0.774562744368416
cg23531154	NA	NA	NA	NA	NA	NA	NA	NA	NA	NA	NA	NA	NA	NA	NA	NA	NA	NA	NA	NA	NA	NA	NA	NA	NA	NA	NA	NA	NA	NA	NA	NA	NA	NA	NA	NA	NA	NA	NA	NA	NA	NA	NA	NA	NA	NA	NA	NA	NA	NA	NA	NA	NA	NA	NA	NA	NA
cg23542414	NA	NA	NA	NA	NA	NA	NA	NA	NA	NA	NA	NA	NA	NA	NA	NA	NA	NA	NA	NA	NA	NA	NA	NA	NA	NA	NA	NA	NA	NA	NA	NA	NA	NA	NA	NA	NA	NA	NA	NA	NA	NA	NA	NA	NA	NA	NA	NA	NA	NA	NA	NA	NA	NA	NA	NA	NA
cg23545793	0.916213017844706	0.780648842376962	0.910845831009998	0.823358749044572	0.694822339417597	0.868368933963162	0.782108937865684	0.271072865640014	0.910979783454997	0.858115619304174	0.913982051937005	0.796421050296138	0.593273819590353	0.883800837969226	0.808822820328231	0.848459628410999	0.726547487221245	0.748923816893349	0.830798297930273	0.785466015287879	0.767878517771145	0.906438876969251	0.82619600940924	0.912532303975408	0.814466752821827	0.871312903640398	0.742993909834209	0.808369471597299	0.843589607317042	0.804298581654794	0.76827179403692	0.877998452424029	0.668120350917548	0.838664180639984	0.737074242985607	0.487881332521593	0.720034851544155	0.860666949687849	0.752749639902018	0.771426544949799	0.834078122059344	0.866101233586016	0.838687863593288	0.874506848444584	0.826449106779761	0.878608053645138	0.728049049184507	0.895172393019852	0.665594628109559	0.877006691740752	0.787248294478912	0.812030973999406	0.657511421912711	0.667468826478014	0.823193952134946	0.849982919070733	0.820855297850612
cg23614652	NA	NA	NA	NA	NA	NA	NA	NA	NA	NA	NA	NA	NA	NA	NA	NA	NA	NA	NA	NA	NA	NA	NA	NA	NA	NA	NA	NA	NA	NA	NA	NA	NA	NA	NA	NA	NA	NA	NA	NA	NA	NA	NA	NA	NA	NA	NA	NA	NA	NA	NA	NA	NA	NA	NA	NA	NA
cg23642334	NA	NA	NA	NA	NA	NA	NA	NA	NA	NA	NA	NA	NA	NA	NA	NA	NA	NA	NA	NA	NA	NA	NA	NA	NA	NA	NA	NA	NA	NA	NA	NA	NA	NA	NA	NA	NA	NA	NA	NA	NA	NA	NA	NA	NA	NA	NA	NA	NA	NA	NA	NA	NA	NA	NA	NA	NA
cg23652725	0.791814351216225	0.823392654064503	0.934491932641266	0.747752519127651	0.861606655367425	0.885019711590863	0.852252290901572	0.870370456124699	0.913388621809158	0.861634797675705	0.887473370876821	0.914724529259389	0.913490777934779	0.929449325905759	0.819526508547158	0.930871572510814	0.866500563698238	0.861168623477081	0.879122005984951	0.907628486067784	0.916754154442533	0.929121155505525	0.907336733014919	0.90995351210618	0.822636690386145	0.847153747660316	0.826563080121702	0.883699129970315	0.891509783709932	0.898361890021647	0.931046868369715	0.80948727502158	0.794613352126438	0.890040471961709	0.714357782940065	0.845312485311315	0.801742190146458	0.89485068889708	0.842381764242638	0.769571057444485	0.802817689076461	0.889975427031418	0.834798184268312	0.745262957727631	0.898275316500082	0.879027461615879	0.850325682374577	0.924291928858636	0.887421941214414	0.920016601581094	0.825411653628677	0.887225141407893	0.856574081923329	0.805591852833016	0.923705639211313	0.899572079083556	0.788272563996078
cg23685885	NA	NA	NA	NA	NA	NA	NA	NA	NA	NA	NA	NA	NA	NA	NA	NA	NA	NA	NA	NA	NA	NA	NA	NA	NA	NA	NA	NA	NA	NA	NA	NA	NA	NA	NA	NA	NA	NA	NA	NA	NA	NA	NA	NA	NA	NA	NA	NA	NA	NA	NA	NA	NA	NA	NA	NA	NA
cg23726945	NA	NA	NA	NA	NA	NA	NA	NA	NA	NA	NA	NA	NA	NA	NA	NA	NA	NA	NA	NA	NA	NA	NA	NA	NA	NA	NA	NA	NA	NA	NA	NA	NA	NA	NA	NA	NA	NA	NA	NA	NA	NA	NA	NA	NA	NA	NA	NA	NA	NA	NA	NA	NA	NA	NA	NA	NA
cg23816019	NA	NA	NA	NA	NA	NA	NA	NA	NA	NA	NA	NA	NA	NA	NA	NA	NA	NA	NA	NA	NA	NA	NA	NA	NA	NA	NA	NA	NA	NA	NA	NA	NA	NA	NA	NA	NA	NA	NA	NA	NA	NA	NA	NA	NA	NA	NA	NA	NA	NA	NA	NA	NA	NA	NA	NA	NA
cg23860325	0.0794100058940117	0.901824879076467	0.0768423878773353	0.120635109184613	0.646420587190323	0.15043215631693	0.503520222469084	0.0689084641500507	0.105751519010919	0.702188528065126	0.23654784716362	0.778290969550814	0.0954551560976258	0.116676065911159	0.806171139335401	0.293383864513479	0.206555962478275	0.117332562113553	0.0991837741662674	0.755955767875971	0.164354136569245	0.322844058797701	0.151425226182362	0.351497429712717	0.10427210098929	0.117163947206554	0.18721460044991	0.205159939614543	0.30234319953752	0.230111399838601	0.624726047402486	0.10061751034798	0.20155759921332	0.158765798729053	0.489441084694045	0.0881758574048999	0.332360073332598	0.787732104198311	0.094951640563625	0.171350417161161	0.127144477345824	0.363267235700902	0.745935511832039	0.0782282947220324	0.859871301530077	0.285753322650859	0.291997019089638	0.705214398547746	0.743556960245679	0.81687609170356	0.0945627679985753	0.412147440558569	0.155028470663778	0.803574531530192	0.168991068763896	0.595379895335835	0.100306857431716
cg23861101	NA	NA	NA	NA	NA	NA	NA	NA	NA	NA	NA	NA	NA	NA	NA	NA	NA	NA	NA	NA	NA	NA	NA	NA	NA	NA	NA	NA	NA	NA	NA	NA	NA	NA	NA	NA	NA	NA	NA	NA	NA	NA	NA	NA	NA	NA	NA	NA	NA	NA	NA	NA	NA	NA	NA	NA	NA
cg24003649	NA	NA	NA	NA	NA	NA	NA	NA	NA	NA	NA	NA	NA	NA	NA	NA	NA	NA	NA	NA	NA	NA	NA	NA	NA	NA	NA	NA	NA	NA	NA	NA	NA	NA	NA	NA	NA	NA	NA	NA	NA	NA	NA	NA	NA	NA	NA	NA	NA	NA	NA	NA	NA	NA	NA	NA	NA
cg24012683	0.405776757299333	0.297653043429803	0.780105578230319	0.279533287891245	0.402661338485294	0.960223518532923	0.454338141558243	0.333159360411666	0.934565133510833	0.451817733845704	0.939665850693	0.390707736934825	0.800704940308364	0.588000361868654	0.146222487161605	0.267392464951125	0.234754163709361	0.424330294500352	0.966795517842479	0.700968249339701	0.476523340226644	0.942065985806318	0.589738676617021	0.352755583696768	0.231060964045583	0.874165684756899	0.649443407770074	0.827034167973383	0.568728433602209	0.615617005366331	0.435841106673496	0.938708944557365	0.512124807711128	0.246702748924634	0.320285771707267	0.913487694648371	0.542508193037074	0.911009706388597	0.299594347163596	0.641557816512226	0.716368448763372	0.923623681323715	0.694855466949437	0.691281260175494	0.871700084410193	0.437436234691323	0.439344195436926	0.577027514180447	0.609517890527881	0.93588146683152	0.913778699582193	0.606360972929982	0.948616409749597	0.876911498897681	0.893667048611872	0.938715183735553	0.898148394651578
cg24026092	NA	NA	NA	NA	NA	NA	NA	NA	NA	NA	NA	NA	NA	NA	NA	NA	NA	NA	NA	NA	NA	NA	NA	NA	NA	NA	NA	NA	NA	NA	NA	NA	NA	NA	NA	NA	NA	NA	NA	NA	NA	NA	NA	NA	NA	NA	NA	NA	NA	NA	NA	NA	NA	NA	NA	NA	NA
cg24027342	0.754548327844932	0.860349104620781	0.845794067580924	0.694812236038712	0.846996784978762	0.734126732178624	0.891833098850373	0.822498303910986	0.946813838009715	0.816001430486057	0.737784490948513	0.867616204500876	0.751167205474749	0.868141185636774	0.899884556029033	0.751878175327193	0.90943344314084	0.757056625333502	0.790406156939355	0.911566952318316	0.819480107357967	0.852260140439671	0.909829492073811	0.862403017846833	0.660710639756276	0.884649186338642	0.757506226256852	0.840737657785745	0.913883961316475	0.833860651629457	0.868799103147142	0.819314659005055	0.826309669199355	0.943183716329134	0.813824178790857	0.912427556397876	0.813679036295614	0.946892346281896	0.821884420366151	0.669165900321322	0.856024528652662	0.940790819247213	0.869684846286012	0.789038167935173	0.86083324665171	0.902489061230165	0.907587739426442	0.930931453737359	0.902037071942901	0.925874123867704	0.900010414186616	0.93170712378673	0.809564978784355	0.846344551207552	0.860000292683035	0.851530289338065	0.795546864045971
cg24048209	NA	NA	NA	NA	NA	NA	NA	NA	NA	NA	NA	NA	NA	NA	NA	NA	NA	NA	NA	NA	NA	NA	NA	NA	NA	NA	NA	NA	NA	NA	NA	NA	NA	NA	NA	NA	NA	NA	NA	NA	NA	NA	NA	NA	NA	NA	NA	NA	NA	NA	NA	NA	NA	NA	NA	NA	NA
cg24056757	0.881206030327488	0.890975689330935	0.909680128600514	0.73534023234727	0.839979715177675	0.848116031621479	0.910605855483719	0.872747169445635	0.966375814665128	0.838677829800942	0.953910157897042	0.797731191316509	0.888570929070916	0.939231652943657	0.934779861773806	0.928080914642722	0.811922387249354	0.897908281790961	0.791279815224446	0.9320219298819	0.898129742861066	0.885699220834929	0.933537310121594	0.887016970931296	0.752286577545216	0.923374219916755	0.76495921137786	0.878566300951372	0.965733610837564	0.872708133615771	0.917188643656557	0.857304306409079	0.841241926316496	0.953214227460424	0.800772704032718	0.959485803428762	0.68855663069307	0.974455752531819	0.872577063839182	0.926923071837829	0.835486337566078	0.939470595429282	0.922384134593089	0.86502598554785	0.938867390441644	0.926405088819581	0.91013340510633	0.943167051219408	0.910994273242231	0.869158146347109	0.800740467949798	0.935146086595538	0.747785620444107	0.934131842572797	0.737154716680874	0.796880471935819	0.86332688981219
cg24063594	NA	NA	NA	NA	NA	NA	NA	NA	NA	NA	NA	NA	NA	NA	NA	NA	NA	NA	NA	NA	NA	NA	NA	NA	NA	NA	NA	NA	NA	NA	NA	NA	NA	NA	NA	NA	NA	NA	NA	NA	NA	NA	NA	NA	NA	NA	NA	NA	NA	NA	NA	NA	NA	NA	NA	NA	NA
cg24073060	NA	NA	NA	NA	NA	NA	NA	NA	NA	NA	NA	NA	NA	NA	NA	NA	NA	NA	NA	NA	NA	NA	NA	NA	NA	NA	NA	NA	NA	NA	NA	NA	NA	NA	NA	NA	NA	NA	NA	NA	NA	NA	NA	NA	NA	NA	NA	NA	NA	NA	NA	NA	NA	NA	NA	NA	NA
cg24094412	NA	NA	NA	NA	NA	NA	NA	NA	NA	NA	NA	NA	NA	NA	NA	NA	NA	NA	NA	NA	NA	NA	NA	NA	NA	NA	NA	NA	NA	NA	NA	NA	NA	NA	NA	NA	NA	NA	NA	NA	NA	NA	NA	NA	NA	NA	NA	NA	NA	NA	NA	NA	NA	NA	NA	NA	NA
cg24162965	NA	NA	NA	NA	NA	NA	NA	NA	NA	NA	NA	NA	NA	NA	NA	NA	NA	NA	NA	NA	NA	NA	NA	NA	NA	NA	NA	NA	NA	NA	NA	NA	NA	NA	NA	NA	NA	NA	NA	NA	NA	NA	NA	NA	NA	NA	NA	NA	NA	NA	NA	NA	NA	NA	NA	NA	NA
cg24170212	NA	NA	NA	NA	NA	NA	NA	NA	NA	NA	NA	NA	NA	NA	NA	NA	NA	NA	NA	NA	NA	NA	NA	NA	NA	NA	NA	NA	NA	NA	NA	NA	NA	NA	NA	NA	NA	NA	NA	NA	NA	NA	NA	NA	NA	NA	NA	NA	NA	NA	NA	NA	NA	NA	NA	NA	NA
cg24176601	0.86168518087961	0.902960982974437	0.936579358472228	0.558566079154771	0.899954029568903	0.889998277313514	0.850186250431797	0.894240992965304	0.902259079724218	0.907915216761641	0.650060662082147	0.644863971035142	0.853775292826997	0.89910673753334	0.902157012803004	0.97983674685577	0.756692225965952	0.829473071221343	0.896856371501162	0.894156570059181	0.880759718077475	0.909928758569255	0.853927690704584	0.812620016937832	0.841514189379714	0.858324776057952	0.63529052384478	0.781234324070678	0.902375898323448	0.890807003102887	0.846019876704468	0.911634976549697	0.808974659589636	0.905591005139773	0.850348004211756	0.782656052173159	0.661759775335913	0.904979093676611	0.871501359459351	0.774934058929122	0.819773378315931	0.89672618529844	0.882721997338042	0.887788750193638	0.896590370058722	0.878812173788673	0.893470812133432	0.893956452297997	0.911151530681154	0.876324541267872	0.773666547532506	0.827566743912447	0.864624358022241	0.802047302159794	0.867522415473332	0.869667246543353	0.772386616505571
cg24217980	NA	NA	NA	NA	NA	NA	NA	NA	NA	NA	NA	NA	NA	NA	NA	NA	NA	NA	NA	NA	NA	NA	NA	NA	NA	NA	NA	NA	NA	NA	NA	NA	NA	NA	NA	NA	NA	NA	NA	NA	NA	NA	NA	NA	NA	NA	NA	NA	NA	NA	NA	NA	NA	NA	NA	NA	NA
cg24251441	0.940151049840512	0.846681004032836	0.926344394205113	0.89817862826529	0.798722134298131	0.938935784250429	0.911113850153823	0.936366401953674	0.966992952937458	0.883338550864228	0.863715481332725	0.870122656121141	0.765007075215181	0.715013596954723	0.915643987154089	0.940275884445728	0.922036522469017	0.794186935352215	0.814526963130744	0.9459156995866	0.92298031177718	0.952062093805553	0.904545213679047	0.864883983347617	0.775235325852264	0.94499326501201	0.622618534208416	0.919805913250318	0.93755628471965	0.939169655160251	0.86896168859549	0.933011506811559	0.871624473947516	0.950488501932643	0.589611040005373	0.882189688561277	0.752962578803771	0.946989086713455	0.793378364568545	0.838774829925908	0.942841894417072	0.956453049969946	0.815218332810844	0.789307088729955	0.913325079051237	0.87183120882158	0.876843150823266	0.946129568568686	0.904435463800855	0.920555594944398	0.819594009935253	0.885756013703444	0.484209795371671	0.935157150793788	0.923056925990861	0.877807641026658	0.824022344047442
cg24279701	NA	NA	NA	NA	NA	NA	NA	NA	NA	NA	NA	NA	NA	NA	NA	NA	NA	NA	NA	NA	NA	NA	NA	NA	NA	NA	NA	NA	NA	NA	NA	NA	NA	NA	NA	NA	NA	NA	NA	NA	NA	NA	NA	NA	NA	NA	NA	NA	NA	NA	NA	NA	NA	NA	NA	NA	NA
cg24284859	0.918382710562676	0.94091914647735	0.910448540379068	0.903259349179844	0.882477072635414	0.94136689563709	0.931978067510749	0.915626061423797	0.86828097379156	0.932635343615759	0.917047854618281	0.936424321336068	0.93561552171464	0.901885434460554	0.920630346554743	0.936654936939654	0.933177164464099	0.905125226697855	0.940149222069874	0.901871446913855	0.923057886260365	0.932416886015528	0.849251646307877	0.902117978676045	0.921124001756958	0.860503795972256	0.934093601137139	0.859078650398076	0.90727739424803	0.899651605092196	0.927705665625539	0.925539160028491	0.880293719191368	0.839156551410564	0.822977593552628	0.904738521771378	0.868666691810967	0.906951414576058	0.894941934675492	0.893413019555147	0.873164895657466	0.915523145217075	0.918468711827267	0.896639367071065	0.932601732339291	0.90977377141526	0.924692808300448	0.921698265840513	0.928122468497698	0.929711118963233	0.868776661736634	0.922082857550678	0.935571546424217	0.909008642637854	0.871273127886142	0.914512813533893	0.902728577989553
cg24300962	NA	NA	NA	NA	NA	NA	NA	NA	NA	NA	NA	NA	NA	NA	NA	NA	NA	NA	NA	NA	NA	NA	NA	NA	NA	NA	NA	NA	NA	NA	NA	NA	NA	NA	NA	NA	NA	NA	NA	NA	NA	NA	NA	NA	NA	NA	NA	NA	NA	NA	NA	NA	NA	NA	NA	NA	NA
cg24320065	NA	NA	NA	NA	NA	NA	NA	NA	NA	NA	NA	NA	NA	NA	NA	NA	NA	NA	NA	NA	NA	NA	NA	NA	NA	NA	NA	NA	NA	NA	NA	NA	NA	NA	NA	NA	NA	NA	NA	NA	NA	NA	NA	NA	NA	NA	NA	NA	NA	NA	NA	NA	NA	NA	NA	NA	NA
cg24331317	NA	NA	NA	NA	NA	NA	NA	NA	NA	NA	NA	NA	NA	NA	NA	NA	NA	NA	NA	NA	NA	NA	NA	NA	NA	NA	NA	NA	NA	NA	NA	NA	NA	NA	NA	NA	NA	NA	NA	NA	NA	NA	NA	NA	NA	NA	NA	NA	NA	NA	NA	NA	NA	NA	NA	NA	NA
cg24348466	NA	NA	NA	NA	NA	NA	NA	NA	NA	NA	NA	NA	NA	NA	NA	NA	NA	NA	NA	NA	NA	NA	NA	NA	NA	NA	NA	NA	NA	NA	NA	NA	NA	NA	NA	NA	NA	NA	NA	NA	NA	NA	NA	NA	NA	NA	NA	NA	NA	NA	NA	NA	NA	NA	NA	NA	NA
cg24348786	NA	NA	NA	NA	NA	NA	NA	NA	NA	NA	NA	NA	NA	NA	NA	NA	NA	NA	NA	NA	NA	NA	NA	NA	NA	NA	NA	NA	NA	NA	NA	NA	NA	NA	NA	NA	NA	NA	NA	NA	NA	NA	NA	NA	NA	NA	NA	NA	NA	NA	NA	NA	NA	NA	NA	NA	NA
cg24369233	NA	NA	NA	NA	NA	NA	NA	NA	NA	NA	NA	NA	NA	NA	NA	NA	NA	NA	NA	NA	NA	NA	NA	NA	NA	NA	NA	NA	NA	NA	NA	NA	NA	NA	NA	NA	NA	NA	NA	NA	NA	NA	NA	NA	NA	NA	NA	NA	NA	NA	NA	NA	NA	NA	NA	NA	NA
cg24399529	0.116516287525763	0.084770721758911	0.138423785342923	0.0918531210552669	0.0979834962910815	0.0961123928556116	0.48990754611633	0.100553930683041	0.0862639646207259	0.135223037520218	0.544827423658976	0.0929641940876733	0.228580403973752	0.0787289992398053	0.286488570565442	0.0682429356401824	0.0795776620341724	0.102899074088921	0.440370265068894	0.145737755032471	0.303068253801859	0.12304566719939	0.0913122747307507	0.153307575440311	0.0947770669551486	0.0790276310028491	0.534234947355319	0.228497525060467	0.126340161703088	0.215928827504534	0.128519203661394	0.316423298322293	0.127451071404154	0.117368156111191	0.113194914693157	0.0967751776534801	0.0638214085674721	0.146903320446459	0.318396101628629	0.0682357653294781	0.137135919339978	0.225089233683264	0.517348381550539	0.123739653406066	0.27332472587737	0.0823937704181548	0.437624764287612	0.120720293073273	0.136288946555054	0.0991791126615221	0.0894800889120286	0.232696108623556	0.0764927743057193	0.0981899245284813	0.124124710474383	0.172007847135555	0.362355954982608
cg24425968	NA	NA	NA	NA	NA	NA	NA	NA	NA	NA	NA	NA	NA	NA	NA	NA	NA	NA	NA	NA	NA	NA	NA	NA	NA	NA	NA	NA	NA	NA	NA	NA	NA	NA	NA	NA	NA	NA	NA	NA	NA	NA	NA	NA	NA	NA	NA	NA	NA	NA	NA	NA	NA	NA	NA	NA	NA
cg24445752	NA	NA	NA	NA	NA	NA	NA	NA	NA	NA	NA	NA	NA	NA	NA	NA	NA	NA	NA	NA	NA	NA	NA	NA	NA	NA	NA	NA	NA	NA	NA	NA	NA	NA	NA	NA	NA	NA	NA	NA	NA	NA	NA	NA	NA	NA	NA	NA	NA	NA	NA	NA	NA	NA	NA	NA	NA
cg24493925	NA	NA	NA	NA	NA	NA	NA	NA	NA	NA	NA	NA	NA	NA	NA	NA	NA	NA	NA	NA	NA	NA	NA	NA	NA	NA	NA	NA	NA	NA	NA	NA	NA	NA	NA	NA	NA	NA	NA	NA	NA	NA	NA	NA	NA	NA	NA	NA	NA	NA	NA	NA	NA	NA	NA	NA	NA
cg24508547	NA	NA	NA	NA	NA	NA	NA	NA	NA	NA	NA	NA	NA	NA	NA	NA	NA	NA	NA	NA	NA	NA	NA	NA	NA	NA	NA	NA	NA	NA	NA	NA	NA	NA	NA	NA	NA	NA	NA	NA	NA	NA	NA	NA	NA	NA	NA	NA	NA	NA	NA	NA	NA	NA	NA	NA	NA
cg24509591	NA	NA	NA	NA	NA	NA	NA	NA	NA	NA	NA	NA	NA	NA	NA	NA	NA	NA	NA	NA	NA	NA	NA	NA	NA	NA	NA	NA	NA	NA	NA	NA	NA	NA	NA	NA	NA	NA	NA	NA	NA	NA	NA	NA	NA	NA	NA	NA	NA	NA	NA	NA	NA	NA	NA	NA	NA
cg24512770	NA	NA	NA	NA	NA	NA	NA	NA	NA	NA	NA	NA	NA	NA	NA	NA	NA	NA	NA	NA	NA	NA	NA	NA	NA	NA	NA	NA	NA	NA	NA	NA	NA	NA	NA	NA	NA	NA	NA	NA	NA	NA	NA	NA	NA	NA	NA	NA	NA	NA	NA	NA	NA	NA	NA	NA	NA
cg24524735	NA	NA	NA	NA	NA	NA	NA	NA	NA	NA	NA	NA	NA	NA	NA	NA	NA	NA	NA	NA	NA	NA	NA	NA	NA	NA	NA	NA	NA	NA	NA	NA	NA	NA	NA	NA	NA	NA	NA	NA	NA	NA	NA	NA	NA	NA	NA	NA	NA	NA	NA	NA	NA	NA	NA	NA	NA
cg24531568	NA	NA	NA	NA	NA	NA	NA	NA	NA	NA	NA	NA	NA	NA	NA	NA	NA	NA	NA	NA	NA	NA	NA	NA	NA	NA	NA	NA	NA	NA	NA	NA	NA	NA	NA	NA	NA	NA	NA	NA	NA	NA	NA	NA	NA	NA	NA	NA	NA	NA	NA	NA	NA	NA	NA	NA	NA
cg24536474	NA	NA	NA	NA	NA	NA	NA	NA	NA	NA	NA	NA	NA	NA	NA	NA	NA	NA	NA	NA	NA	NA	NA	NA	NA	NA	NA	NA	NA	NA	NA	NA	NA	NA	NA	NA	NA	NA	NA	NA	NA	NA	NA	NA	NA	NA	NA	NA	NA	NA	NA	NA	NA	NA	NA	NA	NA
cg24537973	0.794636540725744	0.725883207730202	0.912247929580939	0.556462607002744	0.616349903088753	0.581155302610004	0.719285403835918	0.644175490829097	0.816739934519504	0.586938561613859	0.818083619203638	0.668185339336487	0.77113826982915	0.823271733516635	0.857453607848339	0.820444243349956	0.733317106697146	0.687921622378763	0.608273429637573	0.834421552600588	0.764850605987711	0.849494198211885	0.682745971166501	0.818633761286122	0.701604895679633	0.784828594033432	0.609359824597942	0.764854179272467	0.791919577837026	0.594563253194547	0.659645126341022	0.75366456177401	0.619360817054692	0.811361819647679	0.54982075911331	0.631640495023146	0.574422904692793	0.864979881893519	0.61118991063321	0.573530005207809	0.428343956591161	0.863402969495975	0.689639241809108	0.713783858258024	0.866524766396716	0.834147728139269	0.655108432272456	0.826428376019086	0.789022209068138	0.873216498305044	0.747406914119894	0.609633138004933	0.426322958279439	0.888134791384847	0.801021175873832	0.839536683516808	0.595730797754603
cg24546349	0.299830299703522	0.284554803797254	0.462858397033659	0.191755374095761	0.471334138203273	0.276089298645092	0.383909407427655	0.112330658493891	0.155868825801672	0.481861099346413	0.19451955385831	0.248326239894565	0.337270817090034	0.224443985645708	0.181664491358776	0.22244273268181	0.368504937131156	0.283759593166217	0.090840867147752	0.627780318330899	0.445039772057802	0.580902636291828	0.445465267089945	0.164664552846055	0.174548511665029	0.163661378493793	0.232093311199868	0.484380463313443	0.498964015420485	0.578958675494918	0.46399723382131	0.236928843705623	0.367242502088179	0.517117857434156	0.132662311544662	0.194928542265707	0.276943889714348	0.656482726614294	0.218873521079874	0.244119095034569	0.207031320526196	0.20565855813786	0.314075963756999	0.148962399435477	0.68450644713306	0.187248100842975	0.293918187247563	0.490453154753723	0.453267659312692	0.640133897554574	0.156625132690099	0.562376235688619	0.362429512874451	0.178946600806183	0.257693839997874	0.541366485858674	0.174757198451059
cg24575638	NA	NA	NA	NA	NA	NA	NA	NA	NA	NA	NA	NA	NA	NA	NA	NA	NA	NA	NA	NA	NA	NA	NA	NA	NA	NA	NA	NA	NA	NA	NA	NA	NA	NA	NA	NA	NA	NA	NA	NA	NA	NA	NA	NA	NA	NA	NA	NA	NA	NA	NA	NA	NA	NA	NA	NA	NA
cg24581736	NA	NA	NA	NA	NA	NA	NA	NA	NA	NA	NA	NA	NA	NA	NA	NA	NA	NA	NA	NA	NA	NA	NA	NA	NA	NA	NA	NA	NA	NA	NA	NA	NA	NA	NA	NA	NA	NA	NA	NA	NA	NA	NA	NA	NA	NA	NA	NA	NA	NA	NA	NA	NA	NA	NA	NA	NA
cg24619998	0.915766368188963	0.894987815400522	0.916466449283665	0.863943506539139	0.889257684575025	0.856297384556081	0.879025512459134	0.928616162156238	0.880146438475524	0.884071851676031	0.912177966198876	0.871776934488889	0.842929453264276	0.858809835081978	0.910131219291348	0.871672538842822	0.877229521885576	0.894686841912789	0.696135664425801	0.909959567279922	0.911171396212449	0.862993977450447	0.873971249327484	0.868818029322249	0.822665192698456	0.902723129551072	0.830623989488468	0.733444436823765	0.881555945630626	0.774802836266785	0.861813059978745	0.850721771884578	0.849100640670984	0.905782951935446	0.873068649883088	0.866151470601833	0.811131302575711	0.878776801529575	0.864947677564716	0.876764403100245	0.793298524496162	0.922717591048377	0.845294502152494	0.91095582907192	0.924442890922743	0.900277205498444	0.855762634486088	0.840958289203334	0.88405369413217	0.893871967287026	0.84378661520186	0.881249812525405	0.255238225331676	0.878407885129613	0.885009423563246	0.888651345729209	0.911660805669722
cg24620463	NA	NA	NA	NA	NA	NA	NA	NA	NA	NA	NA	NA	NA	NA	NA	NA	NA	NA	NA	NA	NA	NA	NA	NA	NA	NA	NA	NA	NA	NA	NA	NA	NA	NA	NA	NA	NA	NA	NA	NA	NA	NA	NA	NA	NA	NA	NA	NA	NA	NA	NA	NA	NA	NA	NA	NA	NA
cg24651708	NA	NA	NA	NA	NA	NA	NA	NA	NA	NA	NA	NA	NA	NA	NA	NA	NA	NA	NA	NA	NA	NA	NA	NA	NA	NA	NA	NA	NA	NA	NA	NA	NA	NA	NA	NA	NA	NA	NA	NA	NA	NA	NA	NA	NA	NA	NA	NA	NA	NA	NA	NA	NA	NA	NA	NA	NA
cg24651790	NA	NA	NA	NA	NA	NA	NA	NA	NA	NA	NA	NA	NA	NA	NA	NA	NA	NA	NA	NA	NA	NA	NA	NA	NA	NA	NA	NA	NA	NA	NA	NA	NA	NA	NA	NA	NA	NA	NA	NA	NA	NA	NA	NA	NA	NA	NA	NA	NA	NA	NA	NA	NA	NA	NA	NA	NA
cg24686187	NA	NA	NA	NA	NA	NA	NA	NA	NA	NA	NA	NA	NA	NA	NA	NA	NA	NA	NA	NA	NA	NA	NA	NA	NA	NA	NA	NA	NA	NA	NA	NA	NA	NA	NA	NA	NA	NA	NA	NA	NA	NA	NA	NA	NA	NA	NA	NA	NA	NA	NA	NA	NA	NA	NA	NA	NA
cg24702069	0.716464592568156	0.374903443036272	0.179299903889824	0.364842502780015	0.43320935024175	0.0783463340496967	0.29510475464173	0.0821505781673619	0.0482447836035565	0.555367154935479	0.0789512280414481	0.548852528435852	0.565198414020513	0.423232518897915	0.0824090406486762	0.0618651122062112	0.104240449690901	0.13349637645805	0.0705737942163466	0.62091360139449	0.154120320761655	0.149178227955002	0.12160829634191	0.358675277253428	0.103047952469787	0.065238816370813	0.235010125391428	0.203220797237481	0.338736887545598	0.255556778468853	0.538433359654575	0.0627201882576973	0.106728547928407	0.0855047218079318	0.198064144786264	0.473199652652891	0.331781604008731	0.493318612310523	0.0818619133633799	0.189051851519239	0.0965719669980232	0.0682453375887376	0.323171159127901	0.107867013291855	0.466103749969802	0.12266475388792	0.304630108053955	0.051956167528307	0.107135611953254	0.648993254061242	0.0838354499689973	0.160947900666243	0.0543327372435734	0.0818593240657285	0.805410593354334	0.0856125505605491	0.0623437814918227
cg24704082	NA	NA	NA	NA	NA	NA	NA	NA	NA	NA	NA	NA	NA	NA	NA	NA	NA	NA	NA	NA	NA	NA	NA	NA	NA	NA	NA	NA	NA	NA	NA	NA	NA	NA	NA	NA	NA	NA	NA	NA	NA	NA	NA	NA	NA	NA	NA	NA	NA	NA	NA	NA	NA	NA	NA	NA	NA
cg24707982	NA	NA	NA	NA	NA	NA	NA	NA	NA	NA	NA	NA	NA	NA	NA	NA	NA	NA	NA	NA	NA	NA	NA	NA	NA	NA	NA	NA	NA	NA	NA	NA	NA	NA	NA	NA	NA	NA	NA	NA	NA	NA	NA	NA	NA	NA	NA	NA	NA	NA	NA	NA	NA	NA	NA	NA	NA
cg24732062	NA	NA	NA	NA	NA	NA	NA	NA	NA	NA	NA	NA	NA	NA	NA	NA	NA	NA	NA	NA	NA	NA	NA	NA	NA	NA	NA	NA	NA	NA	NA	NA	NA	NA	NA	NA	NA	NA	NA	NA	NA	NA	NA	NA	NA	NA	NA	NA	NA	NA	NA	NA	NA	NA	NA	NA	NA
cg24808545	NA	NA	NA	NA	NA	NA	NA	NA	NA	NA	NA	NA	NA	NA	NA	NA	NA	NA	NA	NA	NA	NA	NA	NA	NA	NA	NA	NA	NA	NA	NA	NA	NA	NA	NA	NA	NA	NA	NA	NA	NA	NA	NA	NA	NA	NA	NA	NA	NA	NA	NA	NA	NA	NA	NA	NA	NA
cg24871371	NA	NA	NA	NA	NA	NA	NA	NA	NA	NA	NA	NA	NA	NA	NA	NA	NA	NA	NA	NA	NA	NA	NA	NA	NA	NA	NA	NA	NA	NA	NA	NA	NA	NA	NA	NA	NA	NA	NA	NA	NA	NA	NA	NA	NA	NA	NA	NA	NA	NA	NA	NA	NA	NA	NA	NA	NA
cg24874998	0.0716863355857159	0.339021611217224	0.403559190024468	0.115223252621518	0.173754186226095	0.257793991426851	0.313351559323046	0.0771378375731075	0.0958225782399256	0.349057389888136	0.0731523756542312	0.404499955330035	0.22183861732927	0.39158525290118	0.372863857626813	0.183572326844646	0.184549814378937	0.273864773908036	0.114671454448924	0.758400580144149	0.287106687583274	0.342735861779998	0.340796664033857	0.252616240706535	0.335455240822615	0.319668853881989	0.25760803111757	0.460389630366024	0.378334089495161	0.538197821370188	0.363093797672454	0.136121050105062	0.191387204784172	0.321328085492101	0.178128335968263	0.256749717085745	0.144498168092468	0.684237800600356	0.262350692150418	0.144925874319225	0.117439346535165	0.582205468420514	0.347882039180767	0.212884904862209	0.427355497037415	0.348743544635202	0.180292009940595	0.732982568200896	0.248713815083676	0.475782565756745	0.130089797214331	0.449322438021582	0.200197825825171	0.106876501395708	0.458915007899029	0.552318125916708	0.284635675931902
cg24902362	NA	NA	NA	NA	NA	NA	NA	NA	NA	NA	NA	NA	NA	NA	NA	NA	NA	NA	NA	NA	NA	NA	NA	NA	NA	NA	NA	NA	NA	NA	NA	NA	NA	NA	NA	NA	NA	NA	NA	NA	NA	NA	NA	NA	NA	NA	NA	NA	NA	NA	NA	NA	NA	NA	NA	NA	NA
cg24940155	0.127871842024783	0.487846588917488	0.551839987134663	0.638474802970726	0.202751155920224	0.721461414076583	0.578058046715367	0.647103719345523	0.157174758527075	0.329058072910446	0.281909632504011	0.22494568157092	0.642626744588717	0.52101780201494	0.476434298190039	0.508302981787188	0.390690468996447	0.556865162323105	0.480380364611145	0.579647957983018	0.349260607888355	0.366565919902286	0.310473439039901	0.157409532661173	0.395351406178903	0.238394417361412	0.509888205515627	0.515026538399593	0.454776002475127	0.365881994421062	0.330957953312162	0.434773568938207	0.339801732032879	0.56963975899016	0.335874922438841	0.43581946063323	0.469455601970319	0.405069806425589	0.534287424984785	0.245360791659006	0.178574133520303	0.628589020572763	0.431640138321236	0.53572921487719	0.72684641889972	0.410071823158202	0.362752038023957	0.653737647085316	0.606977008502207	0.575808632235461	0.475040909582764	0.359205060744768	0.15876499574237	0.768144479408919	0.35547943701921	0.656303994659507	0.595830896976176
cg24967487	0.55002621775194	0.230810717891728	0.687036568635987	0.351167909854142	0.541104417230166	0.769541102727828	0.459362010072835	0.157895807285308	0.870020505424563	0.657567503013086	0.555633779121202	0.372510027289362	0.123903399758385	0.465895364815435	0.320649982694456	0.34356445807922	0.173457238222078	0.196980769147606	0.517364163072734	0.628879517383423	0.40593511544547	0.333289090400946	0.379730945476488	0.607472548389479	0.192295797513293	0.612135570362308	0.627909520038494	0.659160367151912	0.759400368961391	0.511793545795704	0.205731528008006	0.43254224540822	0.175623136658871	0.458905593833775	0.405714299628348	0.761315467428108	0.184565140632688	0.742212968011785	0.163117170113587	0.286930777899045	0.279250144451207	0.474270625294949	0.621836046126936	0.249275691034301	0.77558349986179	0.458380763395699	0.290867031757219	0.503383804126767	0.607314756605755	0.909817442180182	0.646969949868131	0.321352883198823	0.513638127127916	0.504111983848709	0.223643530821398	0.764159034747398	0.692489652035218
cg25036886	NA	NA	NA	NA	NA	NA	NA	NA	NA	NA	NA	NA	NA	NA	NA	NA	NA	NA	NA	NA	NA	NA	NA	NA	NA	NA	NA	NA	NA	NA	NA	NA	NA	NA	NA	NA	NA	NA	NA	NA	NA	NA	NA	NA	NA	NA	NA	NA	NA	NA	NA	NA	NA	NA	NA	NA	NA
cg25039837	NA	NA	NA	NA	NA	NA	NA	NA	NA	NA	NA	NA	NA	NA	NA	NA	NA	NA	NA	NA	NA	NA	NA	NA	NA	NA	NA	NA	NA	NA	NA	NA	NA	NA	NA	NA	NA	NA	NA	NA	NA	NA	NA	NA	NA	NA	NA	NA	NA	NA	NA	NA	NA	NA	NA	NA	NA
cg25045882	NA	NA	NA	NA	NA	NA	NA	NA	NA	NA	NA	NA	NA	NA	NA	NA	NA	NA	NA	NA	NA	NA	NA	NA	NA	NA	NA	NA	NA	NA	NA	NA	NA	NA	NA	NA	NA	NA	NA	NA	NA	NA	NA	NA	NA	NA	NA	NA	NA	NA	NA	NA	NA	NA	NA	NA	NA
cg25047058	NA	NA	NA	NA	NA	NA	NA	NA	NA	NA	NA	NA	NA	NA	NA	NA	NA	NA	NA	NA	NA	NA	NA	NA	NA	NA	NA	NA	NA	NA	NA	NA	NA	NA	NA	NA	NA	NA	NA	NA	NA	NA	NA	NA	NA	NA	NA	NA	NA	NA	NA	NA	NA	NA	NA	NA	NA
cg25083596	NA	NA	NA	NA	NA	NA	NA	NA	NA	NA	NA	NA	NA	NA	NA	NA	NA	NA	NA	NA	NA	NA	NA	NA	NA	NA	NA	NA	NA	NA	NA	NA	NA	NA	NA	NA	NA	NA	NA	NA	NA	NA	NA	NA	NA	NA	NA	NA	NA	NA	NA	NA	NA	NA	NA	NA	NA
cg25192591	NA	NA	NA	NA	NA	NA	NA	NA	NA	NA	NA	NA	NA	NA	NA	NA	NA	NA	NA	NA	NA	NA	NA	NA	NA	NA	NA	NA	NA	NA	NA	NA	NA	NA	NA	NA	NA	NA	NA	NA	NA	NA	NA	NA	NA	NA	NA	NA	NA	NA	NA	NA	NA	NA	NA	NA	NA
cg25208892	0.897299103669194	0.918325525696795	0.912739223911435	0.879933338823265	0.806298124597168	0.907702040894141	0.847450071507933	0.653113497229441	0.920149169970155	0.843427354001288	0.937665225307878	0.886560398745519	0.824468947094353	0.86773118031102	0.813705185642867	0.866334915817205	0.666076042505662	0.819920246680731	0.791037774196905	0.82867857186777	0.916966592251617	0.911940798163181	0.825016539501536	0.859386376986434	0.522940991766242	0.804396036722916	0.812011838778308	0.850299292710896	0.917065267070462	0.85995106912539	0.909374492981874	0.823401969322044	0.83798821935758	0.858542763538295	0.759244537746996	0.730716238606595	0.712553204139538	0.93043238256855	0.868414821482902	0.568692287218159	0.803723340042824	0.895186035516037	0.91073598711205	0.92008036919283	0.885197546249279	0.803462009761139	0.847882072461371	0.88440214290504	0.846282378421077	0.884260032319466	0.832987738035567	0.884609586572832	0.891420648125443	0.833212311262906	0.904471809301168	0.841203332278017	0.818213218195397
cg25209294	NA	NA	NA	NA	NA	NA	NA	NA	NA	NA	NA	NA	NA	NA	NA	NA	NA	NA	NA	NA	NA	NA	NA	NA	NA	NA	NA	NA	NA	NA	NA	NA	NA	NA	NA	NA	NA	NA	NA	NA	NA	NA	NA	NA	NA	NA	NA	NA	NA	NA	NA	NA	NA	NA	NA	NA	NA
cg25217895	NA	NA	NA	NA	NA	NA	NA	NA	NA	NA	NA	NA	NA	NA	NA	NA	NA	NA	NA	NA	NA	NA	NA	NA	NA	NA	NA	NA	NA	NA	NA	NA	NA	NA	NA	NA	NA	NA	NA	NA	NA	NA	NA	NA	NA	NA	NA	NA	NA	NA	NA	NA	NA	NA	NA	NA	NA
cg25245569	0.899661589908553	0.867632925276553	0.902113784722856	0.820680526688069	0.704921904252553	0.949532633551839	0.745529454518481	0.80645037746312	0.943344610348676	0.861710617011371	0.831183445272164	0.640168759758528	0.776382014214476	0.735628720920159	0.750198987342918	0.96693010153071	0.611926838480907	0.835459082108349	0.745144183476843	0.917240554729218	0.936221567683969	0.936129139615533	0.852865708391231	0.724636813379914	0.791438850183143	0.937794065175469	0.499008530876827	0.748328589483412	0.948220655923982	0.930816187443923	0.77898286756029	0.710054676579084	0.64965831613353	0.936186932736432	0.589730736845774	0.46705172253239	0.614953808716661	0.950014096491455	0.672057461771631	0.553460818984285	0.863838330505844	0.941918446543742	0.739344708981054	0.870341776332392	0.890029515341463	0.901155856722286	0.604007148527873	0.954787271660514	0.945328077106594	0.817358563365091	0.776754361706507	0.88728503175971	0.951287794494148	0.923658547894954	0.721754830619053	0.809709720573458	0.772162547456106
cg25265769	NA	NA	NA	NA	NA	NA	NA	NA	NA	NA	NA	NA	NA	NA	NA	NA	NA	NA	NA	NA	NA	NA	NA	NA	NA	NA	NA	NA	NA	NA	NA	NA	NA	NA	NA	NA	NA	NA	NA	NA	NA	NA	NA	NA	NA	NA	NA	NA	NA	NA	NA	NA	NA	NA	NA	NA	NA
cg25348323	0.169335176102477	0.400500225606763	0.474969930222245	0.214397286193092	0.221954890966591	0.28739653746971	0.401493810989477	0.215845276600606	0.297282005691034	0.235635550607394	0.297075588924096	0.498386587340682	0.29178905633409	0.448840011051848	0.425154800447822	0.306286701767672	0.27044644354921	0.370546484043255	0.247136219071919	0.711329826018793	0.381054929939198	0.379051120661979	0.406807568860767	0.338896944199251	0.344574321100389	0.214240968593745	0.33809552295372	0.377561076622959	0.722259804725748	0.605753114385823	0.435676969463906	0.295685302842571	0.319488918192421	0.21399201356827	0.195179076912987	0.213486722397263	0.271362518526916	0.471063796669841	0.458144564006141	0.32114836461983	0.225361688401027	0.353640008169896	0.4244226703449	0.215873368967396	0.367655545204634	0.259583647650047	0.495278452080008	0.558242028591856	0.38536807388528	0.571201420059244	0.326595543996232	0.455098890588591	0.230747790049758	0.431947196790077	0.385333584690037	0.435282944485744	0.343208614600374
cg25426892	NA	NA	NA	NA	NA	NA	NA	NA	NA	NA	NA	NA	NA	NA	NA	NA	NA	NA	NA	NA	NA	NA	NA	NA	NA	NA	NA	NA	NA	NA	NA	NA	NA	NA	NA	NA	NA	NA	NA	NA	NA	NA	NA	NA	NA	NA	NA	NA	NA	NA	NA	NA	NA	NA	NA	NA	NA
cg25456633	NA	NA	NA	NA	NA	NA	NA	NA	NA	NA	NA	NA	NA	NA	NA	NA	NA	NA	NA	NA	NA	NA	NA	NA	NA	NA	NA	NA	NA	NA	NA	NA	NA	NA	NA	NA	NA	NA	NA	NA	NA	NA	NA	NA	NA	NA	NA	NA	NA	NA	NA	NA	NA	NA	NA	NA	NA
cg25504143	NA	NA	NA	NA	NA	NA	NA	NA	NA	NA	NA	NA	NA	NA	NA	NA	NA	NA	NA	NA	NA	NA	NA	NA	NA	NA	NA	NA	NA	NA	NA	NA	NA	NA	NA	NA	NA	NA	NA	NA	NA	NA	NA	NA	NA	NA	NA	NA	NA	NA	NA	NA	NA	NA	NA	NA	NA
cg25540004	NA	NA	NA	NA	NA	NA	NA	NA	NA	NA	NA	NA	NA	NA	NA	NA	NA	NA	NA	NA	NA	NA	NA	NA	NA	NA	NA	NA	NA	NA	NA	NA	NA	NA	NA	NA	NA	NA	NA	NA	NA	NA	NA	NA	NA	NA	NA	NA	NA	NA	NA	NA	NA	NA	NA	NA	NA
cg25543190	NA	NA	NA	NA	NA	NA	NA	NA	NA	NA	NA	NA	NA	NA	NA	NA	NA	NA	NA	NA	NA	NA	NA	NA	NA	NA	NA	NA	NA	NA	NA	NA	NA	NA	NA	NA	NA	NA	NA	NA	NA	NA	NA	NA	NA	NA	NA	NA	NA	NA	NA	NA	NA	NA	NA	NA	NA
cg25550564	NA	NA	NA	NA	NA	NA	NA	NA	NA	NA	NA	NA	NA	NA	NA	NA	NA	NA	NA	NA	NA	NA	NA	NA	NA	NA	NA	NA	NA	NA	NA	NA	NA	NA	NA	NA	NA	NA	NA	NA	NA	NA	NA	NA	NA	NA	NA	NA	NA	NA	NA	NA	NA	NA	NA	NA	NA
cg25590811	0.534417242048501	0.682255464296339	0.925392811613542	0.43142897459573	0.344947481241631	0.365341248236932	0.891835840401526	0.85190510354692	0.812901991699739	0.728036918643762	0.890594369396337	0.605589926309464	0.766360513667021	0.560970107114314	0.711450777519501	0.933019487579771	0.453113858007904	0.702230780729211	0.780143723131841	0.933931482116811	0.632266978718034	0.948858934757179	0.295528031273065	0.741835968351203	0.225246512833234	0.648262016743511	0.542504536803622	0.850512846689736	0.66428480886437	0.92805103533435	0.778532214593396	0.910054538319541	0.478013997267945	0.599008715932994	0.470138550484303	0.31832132533056	0.569602927486539	0.900017120402466	0.826317544007719	0.399748692256019	0.541714639613754	0.665241489518471	0.920466304360171	0.422029209135579	0.848379021580694	0.685137831926514	0.511123546773263	0.846534495463571	0.640185442478649	0.885416712625778	0.928223858276867	0.616288699026093	0.6415939658391	0.678779031652939	0.39168919588291	0.694039893543983	0.607109070559489
cg25598062	NA	NA	NA	NA	NA	NA	NA	NA	NA	NA	NA	NA	NA	NA	NA	NA	NA	NA	NA	NA	NA	NA	NA	NA	NA	NA	NA	NA	NA	NA	NA	NA	NA	NA	NA	NA	NA	NA	NA	NA	NA	NA	NA	NA	NA	NA	NA	NA	NA	NA	NA	NA	NA	NA	NA	NA	NA
cg25605360	NA	NA	NA	NA	NA	NA	NA	NA	NA	NA	NA	NA	NA	NA	NA	NA	NA	NA	NA	NA	NA	NA	NA	NA	NA	NA	NA	NA	NA	NA	NA	NA	NA	NA	NA	NA	NA	NA	NA	NA	NA	NA	NA	NA	NA	NA	NA	NA	NA	NA	NA	NA	NA	NA	NA	NA	NA
cg25609183	0.351980958903188	0.59893862344526	0.811131638459063	0.549111930232588	0.666893117569479	0.38130007209152	0.750550236635583	0.776738911762724	0.377633915919995	0.34722592166858	0.782215008161032	0.385709464815987	0.709968083053202	0.284805104072099	0.69939292844083	0.356790956817147	0.429377129515784	0.325440247847774	0.872596531579821	0.753790657237653	0.876869124720227	0.470847446183436	0.410573864224209	0.84904170697029	0.703852702820556	0.229672379512942	0.617755539838497	0.486094382320419	0.964220121454974	0.532260885798291	0.471237599296211	0.585576730968756	0.4377887928451	0.240681578345377	0.512836853101073	0.941742446992782	0.582565086632158	0.901573312672282	0.907537994930404	0.960225095119846	0.419957892628769	0.509570413847334	0.853125444575369	0.40832703527042	0.620393774633047	0.784696130303775	0.623532027588111	0.684301670555631	0.426910159529848	0.570407642073218	0.325836264423157	0.80296881289704	0.180516092603668	0.366083696743589	0.408340305693876	0.651219506423019	0.884325400967809
cg25616771	NA	NA	NA	NA	NA	NA	NA	NA	NA	NA	NA	NA	NA	NA	NA	NA	NA	NA	NA	NA	NA	NA	NA	NA	NA	NA	NA	NA	NA	NA	NA	NA	NA	NA	NA	NA	NA	NA	NA	NA	NA	NA	NA	NA	NA	NA	NA	NA	NA	NA	NA	NA	NA	NA	NA	NA	NA
cg25626264	NA	NA	NA	NA	NA	NA	NA	NA	NA	NA	NA	NA	NA	NA	NA	NA	NA	NA	NA	NA	NA	NA	NA	NA	NA	NA	NA	NA	NA	NA	NA	NA	NA	NA	NA	NA	NA	NA	NA	NA	NA	NA	NA	NA	NA	NA	NA	NA	NA	NA	NA	NA	NA	NA	NA	NA	NA
cg25631436	NA	NA	NA	NA	NA	NA	NA	NA	NA	NA	NA	NA	NA	NA	NA	NA	NA	NA	NA	NA	NA	NA	NA	NA	NA	NA	NA	NA	NA	NA	NA	NA	NA	NA	NA	NA	NA	NA	NA	NA	NA	NA	NA	NA	NA	NA	NA	NA	NA	NA	NA	NA	NA	NA	NA	NA	NA
cg25645338	0.918147826609182	0.947360347928439	0.910229660681795	0.9298579167149	0.903699470353264	0.922809283410575	0.85717265467611	0.915444862250643	0.830715981721909	0.895448632973195	0.91318361390739	0.921250511795867	0.936547895444939	0.913743358924821	0.905049631885028	0.935787919800016	0.893325209578438	0.8465731155011	0.88434714170468	0.885749704187297	0.877305118769976	0.922263208636291	0.88096139320517	0.920064446899577	0.838400599581482	0.866050247620073	0.91629990629341	0.901035977360219	0.881567601803194	0.900874660886663	0.924351685530916	0.9151468766846	0.896471065788824	0.876275648930684	0.858887729583411	0.828263771484585	0.89727792263727	0.875363011868448	0.864074931679655	0.9338428897346	0.833587581129045	0.883253829448911	0.893670588077847	0.891456699977223	0.927083491585898	0.86053741329004	0.865465718272618	0.88241383447601	0.918861190725912	0.879717702921417	0.840502423097954	0.914480912044218	0.837689841070095	0.900065129493892	0.9180738309909	0.932746421687083	0.909770505505812
cg25658612	NA	NA	NA	NA	NA	NA	NA	NA	NA	NA	NA	NA	NA	NA	NA	NA	NA	NA	NA	NA	NA	NA	NA	NA	NA	NA	NA	NA	NA	NA	NA	NA	NA	NA	NA	NA	NA	NA	NA	NA	NA	NA	NA	NA	NA	NA	NA	NA	NA	NA	NA	NA	NA	NA	NA	NA	NA
cg25673945	NA	NA	NA	NA	NA	NA	NA	NA	NA	NA	NA	NA	NA	NA	NA	NA	NA	NA	NA	NA	NA	NA	NA	NA	NA	NA	NA	NA	NA	NA	NA	NA	NA	NA	NA	NA	NA	NA	NA	NA	NA	NA	NA	NA	NA	NA	NA	NA	NA	NA	NA	NA	NA	NA	NA	NA	NA
cg25728543	NA	NA	NA	NA	NA	NA	NA	NA	NA	NA	NA	NA	NA	NA	NA	NA	NA	NA	NA	NA	NA	NA	NA	NA	NA	NA	NA	NA	NA	NA	NA	NA	NA	NA	NA	NA	NA	NA	NA	NA	NA	NA	NA	NA	NA	NA	NA	NA	NA	NA	NA	NA	NA	NA	NA	NA	NA
cg25745201	NA	NA	NA	NA	NA	NA	NA	NA	NA	NA	NA	NA	NA	NA	NA	NA	NA	NA	NA	NA	NA	NA	NA	NA	NA	NA	NA	NA	NA	NA	NA	NA	NA	NA	NA	NA	NA	NA	NA	NA	NA	NA	NA	NA	NA	NA	NA	NA	NA	NA	NA	NA	NA	NA	NA	NA	NA
cg25765819	0.912660171439412	0.892374806224088	0.928763086599859	0.411723365249659	0.888361421567444	0.926504322206471	0.934738726592184	0.870135307810236	0.915544895999315	0.918888917088208	0.638891130018811	0.897224131463402	0.914230551728006	0.906432042562609	0.91088279811778	0.892190986001225	0.838565215680479	0.899588202074305	0.857854275990081	0.924547492514913	0.929684932555983	0.928047683923159	0.915251943608783	0.894389317214169	0.82061063721028	0.886476567937909	0.86947895291892	0.914572795283669	0.920522887279058	0.899542633435896	0.938104057968273	0.785540265425078	0.89975062784039	0.948101739761829	0.920798333634931	0.914391721575152	0.899654816918981	0.91294518426032	0.855916268702983	0.709862807304042	0.518726844530212	0.929653039470154	0.874952048306817	0.898945757129662	0.927937590465716	0.919494794785858	0.873529837620442	0.897574543578144	0.917090836437282	0.933715775276123	0.871419164813126	0.930193923413471	0.796617867965784	0.885157297273511	0.924593734568366	0.925683750186737	0.913835456368641
cg25780806	NA	NA	NA	NA	NA	NA	NA	NA	NA	NA	NA	NA	NA	NA	NA	NA	NA	NA	NA	NA	NA	NA	NA	NA	NA	NA	NA	NA	NA	NA	NA	NA	NA	NA	NA	NA	NA	NA	NA	NA	NA	NA	NA	NA	NA	NA	NA	NA	NA	NA	NA	NA	NA	NA	NA	NA	NA
cg25824209	NA	NA	NA	NA	NA	NA	NA	NA	NA	NA	NA	NA	NA	NA	NA	NA	NA	NA	NA	NA	NA	NA	NA	NA	NA	NA	NA	NA	NA	NA	NA	NA	NA	NA	NA	NA	NA	NA	NA	NA	NA	NA	NA	NA	NA	NA	NA	NA	NA	NA	NA	NA	NA	NA	NA	NA	NA
cg25904166	NA	NA	NA	NA	NA	NA	NA	NA	NA	NA	NA	NA	NA	NA	NA	NA	NA	NA	NA	NA	NA	NA	NA	NA	NA	NA	NA	NA	NA	NA	NA	NA	NA	NA	NA	NA	NA	NA	NA	NA	NA	NA	NA	NA	NA	NA	NA	NA	NA	NA	NA	NA	NA	NA	NA	NA	NA
cg25949955	NA	NA	NA	NA	NA	NA	NA	NA	NA	NA	NA	NA	NA	NA	NA	NA	NA	NA	NA	NA	NA	NA	NA	NA	NA	NA	NA	NA	NA	NA	NA	NA	NA	NA	NA	NA	NA	NA	NA	NA	NA	NA	NA	NA	NA	NA	NA	NA	NA	NA	NA	NA	NA	NA	NA	NA	NA
cg25962639	NA	NA	NA	NA	NA	NA	NA	NA	NA	NA	NA	NA	NA	NA	NA	NA	NA	NA	NA	NA	NA	NA	NA	NA	NA	NA	NA	NA	NA	NA	NA	NA	NA	NA	NA	NA	NA	NA	NA	NA	NA	NA	NA	NA	NA	NA	NA	NA	NA	NA	NA	NA	NA	NA	NA	NA	NA
cg26007766	NA	NA	NA	NA	NA	NA	NA	NA	NA	NA	NA	NA	NA	NA	NA	NA	NA	NA	NA	NA	NA	NA	NA	NA	NA	NA	NA	NA	NA	NA	NA	NA	NA	NA	NA	NA	NA	NA	NA	NA	NA	NA	NA	NA	NA	NA	NA	NA	NA	NA	NA	NA	NA	NA	NA	NA	NA
cg26024202	NA	NA	NA	NA	NA	NA	NA	NA	NA	NA	NA	NA	NA	NA	NA	NA	NA	NA	NA	NA	NA	NA	NA	NA	NA	NA	NA	NA	NA	NA	NA	NA	NA	NA	NA	NA	NA	NA	NA	NA	NA	NA	NA	NA	NA	NA	NA	NA	NA	NA	NA	NA	NA	NA	NA	NA	NA
cg26070081	NA	NA	NA	NA	NA	NA	NA	NA	NA	NA	NA	NA	NA	NA	NA	NA	NA	NA	NA	NA	NA	NA	NA	NA	NA	NA	NA	NA	NA	NA	NA	NA	NA	NA	NA	NA	NA	NA	NA	NA	NA	NA	NA	NA	NA	NA	NA	NA	NA	NA	NA	NA	NA	NA	NA	NA	NA
cg26072561	0.857439332307712	0.584293506956502	0.772248730015513	0.919643175257143	0.861395834037963	0.813873541132824	0.637961422118474	0.590438879103296	0.850016336852619	0.841569111816137	0.509287850215673	0.844207217866115	0.800760830775756	0.86765708466856	0.769436396422645	0.86569457792927	0.761981183605675	0.702264544032496	0.546341268009548	0.826397639826498	0.797064091565041	0.875524766178398	0.7880421640316	0.72393846386024	0.772842852111849	0.725963514695787	0.786252483369709	0.76337299206772	0.90073373316451	0.877050497895256	0.815563786823521	0.706183729536306	0.661633899631231	0.858583082227285	0.654307800375221	0.820773715336465	0.712828280776887	0.884575978731644	0.803163388575515	0.795562105651618	0.782544655763765	0.801564778997272	0.862602267604586	0.708219883356755	0.823824248624984	0.860026038316004	0.620531831653857	0.789719856767588	0.786771371175645	0.88598099182775	0.756616040735322	0.838065012950723	0.863219496241293	0.894281156127493	0.779069191377291	0.764706348202073	0.868122976430829
cg26075252	NA	NA	NA	NA	NA	NA	NA	NA	NA	NA	NA	NA	NA	NA	NA	NA	NA	NA	NA	NA	NA	NA	NA	NA	NA	NA	NA	NA	NA	NA	NA	NA	NA	NA	NA	NA	NA	NA	NA	NA	NA	NA	NA	NA	NA	NA	NA	NA	NA	NA	NA	NA	NA	NA	NA	NA	NA
cg26076236	NA	NA	NA	NA	NA	NA	NA	NA	NA	NA	NA	NA	NA	NA	NA	NA	NA	NA	NA	NA	NA	NA	NA	NA	NA	NA	NA	NA	NA	NA	NA	NA	NA	NA	NA	NA	NA	NA	NA	NA	NA	NA	NA	NA	NA	NA	NA	NA	NA	NA	NA	NA	NA	NA	NA	NA	NA
cg26089220	NA	NA	NA	NA	NA	NA	NA	NA	NA	NA	NA	NA	NA	NA	NA	NA	NA	NA	NA	NA	NA	NA	NA	NA	NA	NA	NA	NA	NA	NA	NA	NA	NA	NA	NA	NA	NA	NA	NA	NA	NA	NA	NA	NA	NA	NA	NA	NA	NA	NA	NA	NA	NA	NA	NA	NA	NA
cg26103331	NA	NA	NA	NA	NA	NA	NA	NA	NA	NA	NA	NA	NA	NA	NA	NA	NA	NA	NA	NA	NA	NA	NA	NA	NA	NA	NA	NA	NA	NA	NA	NA	NA	NA	NA	NA	NA	NA	NA	NA	NA	NA	NA	NA	NA	NA	NA	NA	NA	NA	NA	NA	NA	NA	NA	NA	NA
cg26105731	NA	NA	NA	NA	NA	NA	NA	NA	NA	NA	NA	NA	NA	NA	NA	NA	NA	NA	NA	NA	NA	NA	NA	NA	NA	NA	NA	NA	NA	NA	NA	NA	NA	NA	NA	NA	NA	NA	NA	NA	NA	NA	NA	NA	NA	NA	NA	NA	NA	NA	NA	NA	NA	NA	NA	NA	NA
cg26106149	NA	NA	NA	NA	NA	NA	NA	NA	NA	NA	NA	NA	NA	NA	NA	NA	NA	NA	NA	NA	NA	NA	NA	NA	NA	NA	NA	NA	NA	NA	NA	NA	NA	NA	NA	NA	NA	NA	NA	NA	NA	NA	NA	NA	NA	NA	NA	NA	NA	NA	NA	NA	NA	NA	NA	NA	NA
cg26131114	NA	NA	NA	NA	NA	NA	NA	NA	NA	NA	NA	NA	NA	NA	NA	NA	NA	NA	NA	NA	NA	NA	NA	NA	NA	NA	NA	NA	NA	NA	NA	NA	NA	NA	NA	NA	NA	NA	NA	NA	NA	NA	NA	NA	NA	NA	NA	NA	NA	NA	NA	NA	NA	NA	NA	NA	NA
cg26131927	NA	NA	NA	NA	NA	NA	NA	NA	NA	NA	NA	NA	NA	NA	NA	NA	NA	NA	NA	NA	NA	NA	NA	NA	NA	NA	NA	NA	NA	NA	NA	NA	NA	NA	NA	NA	NA	NA	NA	NA	NA	NA	NA	NA	NA	NA	NA	NA	NA	NA	NA	NA	NA	NA	NA	NA	NA
cg26133909	0.870592532236275	0.904567794628685	0.907767979082994	0.883517634862387	0.871697777315038	0.681307492677032	0.822799960081054	0.752799175036075	NA	0.840709796245584	0.700042315631245	0.820291435465167	0.828552510573324	0.889408906035448	0.848148237999056	0.88247974434467	0.759961119234643	0.630689305213759	0.78165354078654	0.814924456652041	0.820953265241669	0.89554689753715	0.780485578088128	0.857867764964004	NA	0.735040736463756	0.87037526046075	0.82373480521327	0.738845157258546	0.836468733595006	0.870805697409156	NA	0.765473722217317	0.355889092564332	0.727238156981088	0.769987923150974	0.753836410796335	0.767924961931677	0.675378392712162	NA	0.721853935927915	0.608478840973773	0.705310746029173	0.645290885828792	0.909153854721868	0.6633586980232	0.853122863967198	0.766181486101819	0.887900846122801	0.832578364065678	0.673365335900547	0.727218316802977	0.671805648894519	0.904018908307424	0.793202240484609	0.860390971075804	0.811578577363735
cg26139168	NA	NA	NA	NA	NA	NA	NA	NA	NA	NA	NA	NA	NA	NA	NA	NA	NA	NA	NA	NA	NA	NA	NA	NA	NA	NA	NA	NA	NA	NA	NA	NA	NA	NA	NA	NA	NA	NA	NA	NA	NA	NA	NA	NA	NA	NA	NA	NA	NA	NA	NA	NA	NA	NA	NA	NA	NA
cg26141807	NA	NA	NA	NA	NA	NA	NA	NA	NA	NA	NA	NA	NA	NA	NA	NA	NA	NA	NA	NA	NA	NA	NA	NA	NA	NA	NA	NA	NA	NA	NA	NA	NA	NA	NA	NA	NA	NA	NA	NA	NA	NA	NA	NA	NA	NA	NA	NA	NA	NA	NA	NA	NA	NA	NA	NA	NA
cg26143153	NA	NA	NA	NA	NA	NA	NA	NA	NA	NA	NA	NA	NA	NA	NA	NA	NA	NA	NA	NA	NA	NA	NA	NA	NA	NA	NA	NA	NA	NA	NA	NA	NA	NA	NA	NA	NA	NA	NA	NA	NA	NA	NA	NA	NA	NA	NA	NA	NA	NA	NA	NA	NA	NA	NA	NA	NA
cg26218805	NA	NA	NA	NA	NA	NA	NA	NA	NA	NA	NA	NA	NA	NA	NA	NA	NA	NA	NA	NA	NA	NA	NA	NA	NA	NA	NA	NA	NA	NA	NA	NA	NA	NA	NA	NA	NA	NA	NA	NA	NA	NA	NA	NA	NA	NA	NA	NA	NA	NA	NA	NA	NA	NA	NA	NA	NA
cg26243679	NA	NA	NA	NA	NA	NA	NA	NA	NA	NA	NA	NA	NA	NA	NA	NA	NA	NA	NA	NA	NA	NA	NA	NA	NA	NA	NA	NA	NA	NA	NA	NA	NA	NA	NA	NA	NA	NA	NA	NA	NA	NA	NA	NA	NA	NA	NA	NA	NA	NA	NA	NA	NA	NA	NA	NA	NA
cg26249038	NA	NA	NA	NA	NA	NA	NA	NA	NA	NA	NA	NA	NA	NA	NA	NA	NA	NA	NA	NA	NA	NA	NA	NA	NA	NA	NA	NA	NA	NA	NA	NA	NA	NA	NA	NA	NA	NA	NA	NA	NA	NA	NA	NA	NA	NA	NA	NA	NA	NA	NA	NA	NA	NA	NA	NA	NA
cg26256420	NA	NA	NA	NA	NA	NA	NA	NA	NA	NA	NA	NA	NA	NA	NA	NA	NA	NA	NA	NA	NA	NA	NA	NA	NA	NA	NA	NA	NA	NA	NA	NA	NA	NA	NA	NA	NA	NA	NA	NA	NA	NA	NA	NA	NA	NA	NA	NA	NA	NA	NA	NA	NA	NA	NA	NA	NA
cg26283801	NA	NA	NA	NA	NA	NA	NA	NA	NA	NA	NA	NA	NA	NA	NA	NA	NA	NA	NA	NA	NA	NA	NA	NA	NA	NA	NA	NA	NA	NA	NA	NA	NA	NA	NA	NA	NA	NA	NA	NA	NA	NA	NA	NA	NA	NA	NA	NA	NA	NA	NA	NA	NA	NA	NA	NA	NA
cg26316511	NA	NA	NA	NA	NA	NA	NA	NA	NA	NA	NA	NA	NA	NA	NA	NA	NA	NA	NA	NA	NA	NA	NA	NA	NA	NA	NA	NA	NA	NA	NA	NA	NA	NA	NA	NA	NA	NA	NA	NA	NA	NA	NA	NA	NA	NA	NA	NA	NA	NA	NA	NA	NA	NA	NA	NA	NA
cg26322995	NA	NA	NA	NA	NA	NA	NA	NA	NA	NA	NA	NA	NA	NA	NA	NA	NA	NA	NA	NA	NA	NA	NA	NA	NA	NA	NA	NA	NA	NA	NA	NA	NA	NA	NA	NA	NA	NA	NA	NA	NA	NA	NA	NA	NA	NA	NA	NA	NA	NA	NA	NA	NA	NA	NA	NA	NA
cg26341749	NA	NA	NA	NA	NA	NA	NA	NA	NA	NA	NA	NA	NA	NA	NA	NA	NA	NA	NA	NA	NA	NA	NA	NA	NA	NA	NA	NA	NA	NA	NA	NA	NA	NA	NA	NA	NA	NA	NA	NA	NA	NA	NA	NA	NA	NA	NA	NA	NA	NA	NA	NA	NA	NA	NA	NA	NA
cg26352073	NA	NA	NA	NA	NA	NA	NA	NA	NA	NA	NA	NA	NA	NA	NA	NA	NA	NA	NA	NA	NA	NA	NA	NA	NA	NA	NA	NA	NA	NA	NA	NA	NA	NA	NA	NA	NA	NA	NA	NA	NA	NA	NA	NA	NA	NA	NA	NA	NA	NA	NA	NA	NA	NA	NA	NA	NA
cg26424817	NA	NA	NA	NA	NA	NA	NA	NA	NA	NA	NA	NA	NA	NA	NA	NA	NA	NA	NA	NA	NA	NA	NA	NA	NA	NA	NA	NA	NA	NA	NA	NA	NA	NA	NA	NA	NA	NA	NA	NA	NA	NA	NA	NA	NA	NA	NA	NA	NA	NA	NA	NA	NA	NA	NA	NA	NA
cg26429763	NA	NA	NA	NA	NA	NA	NA	NA	NA	NA	NA	NA	NA	NA	NA	NA	NA	NA	NA	NA	NA	NA	NA	NA	NA	NA	NA	NA	NA	NA	NA	NA	NA	NA	NA	NA	NA	NA	NA	NA	NA	NA	NA	NA	NA	NA	NA	NA	NA	NA	NA	NA	NA	NA	NA	NA	NA
cg26442509	0.677192468774083	0.864340897828517	NA	NA	0.823012772835841	0.574170221340581	0.591297278951539	0.635202217413774	0.217239272952955	0.692929134061966	NA	0.394828670695707	0.652307241331069	NA	0.668269639655234	0.780341253167938	0.749530949136886	0.314362662023877	0.623662995540966	0.698945306939804	0.643431785544907	0.553835975869267	0.627603383850665	0.82737966120969	0.67256221045935	0.275001789581902	0.624281282534255	0.648563018779869	0.666395454314908	0.700840025405615	0.698820298679947	0.742644518744817	0.276232212134586	0.314245202335554	0.436149263242802	0.503882579060098	0.536389048841402	0.596636562819202	0.509091494551067	0.680091338678335	0.491412976462158	0.561032955711875	0.607518150285701	0.697007549926274	0.778419488331688	0.645157912266217	0.572295891844351	0.658232694088655	0.786003465768525	0.556501799300397	0.462720556813463	0.486483836498204	0.267448923563087	0.818126928281027	0.461777109127237	0.740682539192405	0.798207055686815
cg26501230	NA	NA	NA	NA	NA	NA	NA	NA	NA	NA	NA	NA	NA	NA	NA	NA	NA	NA	NA	NA	NA	NA	NA	NA	NA	NA	NA	NA	NA	NA	NA	NA	NA	NA	NA	NA	NA	NA	NA	NA	NA	NA	NA	NA	NA	NA	NA	NA	NA	NA	NA	NA	NA	NA	NA	NA	NA
cg26523866	0.868104526435936	0.854318567938591	0.873296295530704	NA	NA	0.870793300089667	NA	0.797163844287361	NA	0.798653714498297	0.270717628644933	0.829950850352109	0.784723237352537	0.871577122698825	NA	NA	0.604488344748246	0.723898743502859	0.850683542478905	0.871144815989406	NA	0.842824796554741	0.803199814368293	0.79916414492684	NA	NA	NA	NA	0.79611296269371	0.860726332745236	0.849417218503033	NA	NA	0.856974337057182	0.354391041867024	0.260095120473596	NA	0.825969023617284	0.662538894441835	NA	0.384922236683761	0.728325357051756	0.727117745261709	0.822016824634272	0.904741171547265	0.786592409806735	NA	0.703103144500897	NA	0.837174829719209	0.86992135177732	NA	0.830524804312989	0.779227974113346	0.883405134501942	0.840012091339134	NA
cg26542912	NA	NA	NA	NA	NA	NA	NA	NA	NA	NA	NA	NA	NA	NA	NA	NA	NA	NA	NA	NA	NA	NA	NA	NA	NA	NA	NA	NA	NA	NA	NA	NA	NA	NA	NA	NA	NA	NA	NA	NA	NA	NA	NA	NA	NA	NA	NA	NA	NA	NA	NA	NA	NA	NA	NA	NA	NA
cg26544028	NA	NA	NA	NA	NA	NA	NA	NA	NA	NA	NA	NA	NA	NA	NA	NA	NA	NA	NA	NA	NA	NA	NA	NA	NA	NA	NA	NA	NA	NA	NA	NA	NA	NA	NA	NA	NA	NA	NA	NA	NA	NA	NA	NA	NA	NA	NA	NA	NA	NA	NA	NA	NA	NA	NA	NA	NA
cg26558363	NA	NA	NA	NA	NA	NA	NA	NA	NA	NA	NA	NA	NA	NA	NA	NA	NA	NA	NA	NA	NA	NA	NA	NA	NA	NA	NA	NA	NA	NA	NA	NA	NA	NA	NA	NA	NA	NA	NA	NA	NA	NA	NA	NA	NA	NA	NA	NA	NA	NA	NA	NA	NA	NA	NA	NA	NA
cg26564072	NA	NA	NA	NA	NA	NA	NA	NA	NA	NA	NA	NA	NA	NA	NA	NA	NA	NA	NA	NA	NA	NA	NA	NA	NA	NA	NA	NA	NA	NA	NA	NA	NA	NA	NA	NA	NA	NA	NA	NA	NA	NA	NA	NA	NA	NA	NA	NA	NA	NA	NA	NA	NA	NA	NA	NA	NA
cg26572710	0.848166859615411	0.918040557158003	0.871384079092831	0.901881745233473	0.928099949419186	0.904198484032871	0.892725224057199	0.871816670951795	0.874947944094144	0.888643615220592	0.92395925035225	0.897160063777669	0.897845365806104	0.848670263493191	NA	0.903716027720253	0.91098670639325	0.838063115559766	NA	0.877384510332416	0.838960174120893	0.898528428680063	0.865817074569885	0.886862586604471	NA	0.859313356148297	0.851217481469338	0.85784108882394	0.88355370081619	0.85951780918679	0.867489585220753	0.908169659101793	NA	0.870914756973995	0.873324694785564	NA	0.904207344036866	0.851260015111275	NA	0.779441021195869	NA	0.904028328545383	0.872263546886539	0.885950403120013	0.886740348990704	0.862143427425334	0.909587197586566	0.872028256631431	0.893306637232085	0.880126869034212	0.870800383075388	0.862469824587739	0.870597215771691	0.907592920417653	0.860433804606416	0.9137499587556	NA
cg26585590	0.901390374113012	0.936433156622926	0.938519379508141	0.924342559727745	0.629360886152237	0.91338438313436	0.651679376340225	0.457821637114314	0.851627868228113	0.826156762639154	0.664671024154224	0.934697391727104	0.866454038435833	0.9370836979177	0.471950187792839	0.939317911389695	0.918560288201504	0.856939129074172	0.905474996277108	0.863991006837533	0.893422909297484	0.85283067964661	0.83118696925499	0.921378980015718	0.695227800901044	0.769649559798773	0.287821679850954	0.67593937147543	0.806704151302226	0.873981410370619	0.874272816625923	0.750962073538311	0.783233292798421	0.820573661330509	0.684728410921896	0.732530723950801	0.852932026681599	0.850981640535445	0.507507137999343	0.811813197017966	0.641886105201678	0.829372741101889	0.37595091826034	0.810058242969356	0.935258835976088	0.691719498694424	0.422847103017371	0.911182022253463	0.913344828908147	0.861136170554238	0.674878734303318	0.897223246000305	0.90676826323432	0.827577684677918	0.932230189553167	0.900467081325014	0.554036019102821
cg26592560	NA	NA	NA	NA	NA	NA	NA	NA	NA	NA	NA	NA	NA	NA	NA	NA	NA	NA	NA	NA	NA	NA	NA	NA	NA	NA	NA	NA	NA	NA	NA	NA	NA	NA	NA	NA	NA	NA	NA	NA	NA	NA	NA	NA	NA	NA	NA	NA	NA	NA	NA	NA	NA	NA	NA	NA	NA
cg26612736	NA	NA	NA	NA	NA	NA	NA	NA	NA	NA	NA	NA	NA	NA	NA	NA	NA	NA	NA	NA	NA	NA	NA	NA	NA	NA	NA	NA	NA	NA	NA	NA	NA	NA	NA	NA	NA	NA	NA	NA	NA	NA	NA	NA	NA	NA	NA	NA	NA	NA	NA	NA	NA	NA	NA	NA	NA
cg26620682	NA	NA	NA	NA	NA	NA	NA	NA	NA	NA	NA	NA	NA	NA	NA	NA	NA	NA	NA	NA	NA	NA	NA	NA	NA	NA	NA	NA	NA	NA	NA	NA	NA	NA	NA	NA	NA	NA	NA	NA	NA	NA	NA	NA	NA	NA	NA	NA	NA	NA	NA	NA	NA	NA	NA	NA	NA
cg26663742	NA	NA	NA	NA	NA	NA	NA	NA	NA	NA	NA	NA	NA	NA	NA	NA	NA	NA	NA	NA	NA	NA	NA	NA	NA	NA	NA	NA	NA	NA	NA	NA	NA	NA	NA	NA	NA	NA	NA	NA	NA	NA	NA	NA	NA	NA	NA	NA	NA	NA	NA	NA	NA	NA	NA	NA	NA
cg26664737	NA	NA	NA	NA	NA	NA	NA	NA	NA	NA	NA	NA	NA	NA	NA	NA	NA	NA	NA	NA	NA	NA	NA	NA	NA	NA	NA	NA	NA	NA	NA	NA	NA	NA	NA	NA	NA	NA	NA	NA	NA	NA	NA	NA	NA	NA	NA	NA	NA	NA	NA	NA	NA	NA	NA	NA	NA
cg26667585	NA	NA	NA	NA	NA	NA	NA	NA	NA	NA	NA	NA	NA	NA	NA	NA	NA	NA	NA	NA	NA	NA	NA	NA	NA	NA	NA	NA	NA	NA	NA	NA	NA	NA	NA	NA	NA	NA	NA	NA	NA	NA	NA	NA	NA	NA	NA	NA	NA	NA	NA	NA	NA	NA	NA	NA	NA
cg26675620	NA	NA	NA	NA	NA	NA	NA	NA	NA	NA	NA	NA	NA	NA	NA	NA	NA	NA	NA	NA	NA	NA	NA	NA	NA	NA	NA	NA	NA	NA	NA	NA	NA	NA	NA	NA	NA	NA	NA	NA	NA	NA	NA	NA	NA	NA	NA	NA	NA	NA	NA	NA	NA	NA	NA	NA	NA
cg26675905	NA	NA	NA	NA	NA	NA	NA	NA	NA	NA	NA	NA	NA	NA	NA	NA	NA	NA	NA	NA	NA	NA	NA	NA	NA	NA	NA	NA	NA	NA	NA	NA	NA	NA	NA	NA	NA	NA	NA	NA	NA	NA	NA	NA	NA	NA	NA	NA	NA	NA	NA	NA	NA	NA	NA	NA	NA
cg26707887	0.891924904729514	0.825148251656785	0.803659302574039	0.795667553673961	0.726930450341898	0.873166862921044	0.780150145549804	0.832723055395719	0.805488205213169	0.782431846314359	0.908592257576282	0.741433211356389	0.716120273687855	0.904017730117131	0.648350168035724	0.92745092669088	0.737298756579303	0.732940397896222	NA	0.863499949736488	0.860587050316979	0.826346781344166	0.721907333071469	0.694930580605952	0.571532614128952	0.802598087468732	0.818523909902393	0.849654126087141	0.881716392544199	0.822249524258782	0.904176769681551	0.863775468365483	0.683725649361997	0.836683316262568	0.474974072565279	0.488799347265125	NA	0.818444110023055	0.644516800027452	0.640144877183086	0.57860152974396	0.796092538247312	0.830825476402484	0.6704776131564	0.915428174460744	0.722779542973419	0.558663343051055	0.905824051576287	0.697874607920662	0.867883027511135	0.833673051161842	0.771889555562628	0.538519183620972	0.933802845119361	0.838879473192376	0.909715840246326	0.720254159748286
cg26758386	NA	NA	NA	NA	NA	NA	NA	NA	NA	NA	NA	NA	NA	NA	NA	NA	NA	NA	NA	NA	NA	NA	NA	NA	NA	NA	NA	NA	NA	NA	NA	NA	NA	NA	NA	NA	NA	NA	NA	NA	NA	NA	NA	NA	NA	NA	NA	NA	NA	NA	NA	NA	NA	NA	NA	NA	NA
cg26763368	NA	NA	NA	NA	NA	NA	NA	NA	NA	NA	NA	NA	NA	NA	NA	NA	NA	NA	NA	NA	NA	NA	NA	NA	NA	NA	NA	NA	NA	NA	NA	NA	NA	NA	NA	NA	NA	NA	NA	NA	NA	NA	NA	NA	NA	NA	NA	NA	NA	NA	NA	NA	NA	NA	NA	NA	NA
cg26786687	0.889817422162392	0.94459347068753	0.938076036715413	0.897152602480529	0.85064625953449	0.934565814239446	0.904171234333219	0.93784507807685	0.911904933751223	0.929259798261291	0.928835403879643	0.940749412918648	0.925775382478298	0.933573751490024	0.921354078688054	0.922487492740325	0.927627663827772	0.919382499817949	0.88534263020214	0.935898401494132	0.91544401102274	0.923542721928055	0.86325682639031	0.909139599716635	0.882910705684807	0.917221544710426	0.906358621703061	0.878159674369768	0.911186107776389	0.910959726345083	0.93036210509031	0.862868737362289	0.892668992371744	0.918072885572451	0.877952882752874	0.912744586978269	0.92774653464044	0.880658229121181	0.925048927553289	0.613201609852445	0.806799764195363	0.917907244924535	0.900616521372848	0.918215036446353	0.936819846909414	0.937786702454705	0.897752007990869	0.939419249078565	0.940249225223109	0.921702387152187	0.908500785525929	0.901300347883032	0.908357934127875	0.938917814432827	0.929641267583527	0.912404239041707	0.885654610645806
cg26797811	NA	NA	NA	NA	NA	NA	NA	NA	NA	NA	NA	NA	NA	NA	NA	NA	NA	NA	NA	NA	NA	NA	NA	NA	NA	NA	NA	NA	NA	NA	NA	NA	NA	NA	NA	NA	NA	NA	NA	NA	NA	NA	NA	NA	NA	NA	NA	NA	NA	NA	NA	NA	NA	NA	NA	NA	NA
cg26841157	0.874879641196808	0.823503516848069	0.867394374190061	0.746188070247042	0.791965130536836	0.875805066030269	0.626825893171044	0.903462611817389	0.886103131505997	0.830282596859604	0.829987900049997	0.890216652995328	0.755760605555156	0.879969512943737	0.721829999440622	0.935504852983621	0.872982825456168	0.834628272141117	0.548473715037185	0.890252156993626	0.661956163301846	0.835569257351434	0.792596642427236	0.792041408770657	0.775911702444049	0.844396999008342	0.510083425243054	0.740668332783167	0.426287502448943	0.593174707782631	0.857256387811197	0.709308635853884	0.567795366319811	0.82526151645571	0.407358271881096	0.546954799142619	0.708430110379423	0.804648447436568	0.723044456537388	0.858723632657814	0.561100420541385	0.907403701468271	0.732730343499478	0.881254922537015	0.907311311339386	0.751758715418253	0.607899527164619	0.938314344614503	0.78646244922707	0.829821880984148	0.829518574907128	0.711732725876235	0.224889219871504	0.93807824467863	0.891881364937639	0.761355683801444	0.765924459206591
cg26846076	NA	NA	NA	NA	NA	NA	NA	NA	NA	NA	NA	NA	NA	NA	NA	NA	NA	NA	NA	NA	NA	NA	NA	NA	NA	NA	NA	NA	NA	NA	NA	NA	NA	NA	NA	NA	NA	NA	NA	NA	NA	NA	NA	NA	NA	NA	NA	NA	NA	NA	NA	NA	NA	NA	NA	NA	NA
cg26870594	NA	NA	NA	NA	NA	NA	NA	NA	NA	NA	NA	NA	NA	NA	NA	NA	NA	NA	NA	NA	NA	NA	NA	NA	NA	NA	NA	NA	NA	NA	NA	NA	NA	NA	NA	NA	NA	NA	NA	NA	NA	NA	NA	NA	NA	NA	NA	NA	NA	NA	NA	NA	NA	NA	NA	NA	NA
cg26872780	0.209409922304209	0.565250759352913	0.530302441974118	0.283133659108091	0.23520175801655	0.216524034456656	0.374312634109219	0.199078358778432	0.250472976064109	0.344502062240522	0.12005887853095	0.325009915406354	0.597993533785455	0.730376916933504	0.148758221205918	0.308369735333306	0.255145629512464	0.206028585775497	0.303425571610733	0.69006456811262	0.264786323398541	0.521216308265036	0.262321631262892	0.205274308710086	0.232302738602458	0.174341502319104	0.188345062875481	0.325634456767239	0.833036701020604	0.574989079608476	0.602918687146267	0.15308973141722	0.374429726345829	0.390768547249187	0.211955036766247	0.265115952697185	0.327932568891223	0.813188732043122	0.177626769581974	0.216397915208869	0.331717342493033	0.448712025990037	0.203172746328113	0.57941588911329	0.384810839890249	0.163905829525128	0.230504920077166	0.264130628859609	0.473586385753922	0.544014863709687	0.150116134248553	0.573635581840354	0.640484164800584	0.328993367808904	0.859774077963891	0.428096706769156	0.26059465730421
cg26897236	NA	NA	NA	NA	NA	NA	NA	NA	NA	NA	NA	NA	NA	NA	NA	NA	NA	NA	NA	NA	NA	NA	NA	NA	NA	NA	NA	NA	NA	NA	NA	NA	NA	NA	NA	NA	NA	NA	NA	NA	NA	NA	NA	NA	NA	NA	NA	NA	NA	NA	NA	NA	NA	NA	NA	NA	NA
cg26899591	NA	NA	NA	NA	NA	NA	NA	NA	NA	NA	NA	NA	NA	NA	NA	NA	NA	NA	NA	NA	NA	NA	NA	NA	NA	NA	NA	NA	NA	NA	NA	NA	NA	NA	NA	NA	NA	NA	NA	NA	NA	NA	NA	NA	NA	NA	NA	NA	NA	NA	NA	NA	NA	NA	NA	NA	NA
cg27026390	0.264058655005227	0.387421703566999	0.1117226052909	0.168049983163215	0.074334332698966	0.963455554819391	0.21334098747535	0.177275062372465	0.979472985033484	0.576238907252979	0.120674937443646	0.131508341732255	0.568324257155274	0.254942911535456	0.105414599694285	0.185208775084484	0.151559539961519	0.276480932761243	0.814069846546279	0.685419634221954	0.21496610068494	0.917917218894024	0.914331296490245	0.325694424465258	0.0573908048450927	0.97479566835609	0.618626625940593	0.572647939606678	0.300153923005821	0.490451095514052	0.212012516515752	0.326094624953271	0.825271787896059	0.574321217506848	0.0724290312741981	0.680030343409965	0.102072248653622	0.778423009616919	0.0861322445492269	0.174235950712249	0.377638644925465	0.978859294350629	0.788126419689768	0.161176593062532	0.976852537475419	0.956336632452465	0.475082252974347	0.65471163844877	0.615583369985123	0.971187348239193	0.934916701256459	0.653612845607423	0.945009292807201	0.884244724999942	0.618210196978197	0.610881406869566	0.0726692716837582
cg27048446	NA	NA	NA	NA	NA	NA	NA	NA	NA	NA	NA	NA	NA	NA	NA	NA	NA	NA	NA	NA	NA	NA	NA	NA	NA	NA	NA	NA	NA	NA	NA	NA	NA	NA	NA	NA	NA	NA	NA	NA	NA	NA	NA	NA	NA	NA	NA	NA	NA	NA	NA	NA	NA	NA	NA	NA	NA
cg27054055	NA	NA	NA	NA	NA	NA	NA	NA	NA	NA	NA	NA	NA	NA	NA	NA	NA	NA	NA	NA	NA	NA	NA	NA	NA	NA	NA	NA	NA	NA	NA	NA	NA	NA	NA	NA	NA	NA	NA	NA	NA	NA	NA	NA	NA	NA	NA	NA	NA	NA	NA	NA	NA	NA	NA	NA	NA
cg27094305	NA	NA	NA	NA	NA	NA	NA	NA	NA	NA	NA	NA	NA	NA	NA	NA	NA	NA	NA	NA	NA	NA	NA	NA	NA	NA	NA	NA	NA	NA	NA	NA	NA	NA	NA	NA	NA	NA	NA	NA	NA	NA	NA	NA	NA	NA	NA	NA	NA	NA	NA	NA	NA	NA	NA	NA	NA
cg27095983	NA	NA	NA	NA	NA	NA	NA	NA	NA	NA	NA	NA	NA	NA	NA	NA	NA	NA	NA	NA	NA	NA	NA	NA	NA	NA	NA	NA	NA	NA	NA	NA	NA	NA	NA	NA	NA	NA	NA	NA	NA	NA	NA	NA	NA	NA	NA	NA	NA	NA	NA	NA	NA	NA	NA	NA	NA
cg27098587	NA	NA	NA	NA	NA	NA	NA	NA	NA	NA	NA	NA	NA	NA	NA	NA	NA	NA	NA	NA	NA	NA	NA	NA	NA	NA	NA	NA	NA	NA	NA	NA	NA	NA	NA	NA	NA	NA	NA	NA	NA	NA	NA	NA	NA	NA	NA	NA	NA	NA	NA	NA	NA	NA	NA	NA	NA
cg27111461	NA	NA	NA	NA	NA	NA	NA	NA	NA	NA	NA	NA	NA	NA	NA	NA	NA	NA	NA	NA	NA	NA	NA	NA	NA	NA	NA	NA	NA	NA	NA	NA	NA	NA	NA	NA	NA	NA	NA	NA	NA	NA	NA	NA	NA	NA	NA	NA	NA	NA	NA	NA	NA	NA	NA	NA	NA
cg27129076	NA	NA	NA	NA	NA	NA	NA	NA	NA	NA	NA	NA	NA	NA	NA	NA	NA	NA	NA	NA	NA	NA	NA	NA	NA	NA	NA	NA	NA	NA	NA	NA	NA	NA	NA	NA	NA	NA	NA	NA	NA	NA	NA	NA	NA	NA	NA	NA	NA	NA	NA	NA	NA	NA	NA	NA	NA
cg27147706	NA	NA	NA	NA	NA	NA	NA	NA	NA	NA	NA	NA	NA	NA	NA	NA	NA	NA	NA	NA	NA	NA	NA	NA	NA	NA	NA	NA	NA	NA	NA	NA	NA	NA	NA	NA	NA	NA	NA	NA	NA	NA	NA	NA	NA	NA	NA	NA	NA	NA	NA	NA	NA	NA	NA	NA	NA
cg27167195	NA	NA	NA	NA	NA	NA	NA	NA	NA	NA	NA	NA	NA	NA	NA	NA	NA	NA	NA	NA	NA	NA	NA	NA	NA	NA	NA	NA	NA	NA	NA	NA	NA	NA	NA	NA	NA	NA	NA	NA	NA	NA	NA	NA	NA	NA	NA	NA	NA	NA	NA	NA	NA	NA	NA	NA	NA
cg27184649	0.884127324369587	0.872188731444539	0.932794762510009	0.936916408119023	0.789068732455658	0.914756028684164	0.825936467726455	0.923854066768593	0.946044051247641	0.626617959559033	0.932178323503483	0.939936723746272	0.871282782103422	0.923480693556239	0.885246394235729	0.851810032231347	0.930129910103392	0.898762053731425	0.860354095475712	0.959051841880928	0.933509005327861	0.923804832229316	0.873414257310726	0.90382759130367	0.885750783566727	0.915490701049643	0.87213535248545	0.870567227588721	0.928761384680474	0.860212092312161	0.923220040561106	0.928027883813248	0.919255652257718	0.945961103813305	0.847454534191321	0.911085327781511	0.813337667807279	0.943374426346343	0.903622234270942	0.895103876944192	0.722717655874888	0.95047070149716	0.933838351457796	0.915869729033435	0.962504550703222	0.962036894296272	0.891510280049317	0.936084231235144	0.931830403357724	0.93793276188101	0.92878904792501	0.938166952127009	0.934791846079782	0.942299942683421	0.937309556286705	0.915148103651212	0.924089654125515
cg27185511	NA	NA	NA	NA	NA	NA	NA	NA	NA	NA	NA	NA	NA	NA	NA	NA	NA	NA	NA	NA	NA	NA	NA	NA	NA	NA	NA	NA	NA	NA	NA	NA	NA	NA	NA	NA	NA	NA	NA	NA	NA	NA	NA	NA	NA	NA	NA	NA	NA	NA	NA	NA	NA	NA	NA	NA	NA
cg27192418	0.435862835528357	0.925787363494497	0.455118783981347	0.736022134580556	0.612527795186031	0.73565491953535	0.854144653461047	NA	0.862922965020601	0.787927358290392	0.922586077458684	0.933856605309446	0.917888295975931	0.790149843798695	0.753328459250513	0.90034137493372	0.919203802253929	NA	0.884697568802752	0.89743577950556	0.839789947702828	0.826019847526465	0.801882150756505	0.845305337669729	0.841820112315335	0.836192513676316	0.804547969413069	0.839005752485642	0.877991278660725	0.687635145487068	0.848543689683426	0.909927215728035	0.827774576176489	0.858457605862426	0.798938319346671	NA	0.862020183175263	0.783626849132544	0.648435871743975	0.461096645089868	0.37819310792893	0.832925532362527	0.85083548504156	0.808973588511261	0.919231516921691	0.639716036745465	0.548030324012071	0.861636634102438	0.776312030053916	0.892454722764601	0.877023793301386	0.81604591953349	0.814615775216852	0.907694806490875	0.790318876736087	0.790517875280491	0.885247033169325
cg27215140	NA	NA	NA	NA	NA	NA	NA	NA	NA	NA	NA	NA	NA	NA	NA	NA	NA	NA	NA	NA	NA	NA	NA	NA	NA	NA	NA	NA	NA	NA	NA	NA	NA	NA	NA	NA	NA	NA	NA	NA	NA	NA	NA	NA	NA	NA	NA	NA	NA	NA	NA	NA	NA	NA	NA	NA	NA
cg27224107	NA	NA	NA	NA	NA	NA	NA	NA	NA	NA	NA	NA	NA	NA	NA	NA	NA	NA	NA	NA	NA	NA	NA	NA	NA	NA	NA	NA	NA	NA	NA	NA	NA	NA	NA	NA	NA	NA	NA	NA	NA	NA	NA	NA	NA	NA	NA	NA	NA	NA	NA	NA	NA	NA	NA	NA	NA
cg27233997	NA	NA	NA	NA	NA	NA	NA	NA	NA	NA	NA	NA	NA	NA	NA	NA	NA	NA	NA	NA	NA	NA	NA	NA	NA	NA	NA	NA	NA	NA	NA	NA	NA	NA	NA	NA	NA	NA	NA	NA	NA	NA	NA	NA	NA	NA	NA	NA	NA	NA	NA	NA	NA	NA	NA	NA	NA
cg27235725	NA	NA	NA	NA	NA	NA	NA	NA	NA	NA	NA	NA	NA	NA	NA	NA	NA	NA	NA	NA	NA	NA	NA	NA	NA	NA	NA	NA	NA	NA	NA	NA	NA	NA	NA	NA	NA	NA	NA	NA	NA	NA	NA	NA	NA	NA	NA	NA	NA	NA	NA	NA	NA	NA	NA	NA	NA
cg27241677	NA	NA	NA	NA	NA	NA	NA	NA	NA	NA	NA	NA	NA	NA	NA	NA	NA	NA	NA	NA	NA	NA	NA	NA	NA	NA	NA	NA	NA	NA	NA	NA	NA	NA	NA	NA	NA	NA	NA	NA	NA	NA	NA	NA	NA	NA	NA	NA	NA	NA	NA	NA	NA	NA	NA	NA	NA
cg27276918	0.976747426630889	0.958810030423953	0.980871463082459	0.97809046739167	0.986845118080125	0.981752718466378	0.967986021515981	0.98168779774319	0.989327280620112	0.934274394811768	0.938202988789913	0.534700758822778	0.986098839984258	0.970207980687424	0.978306154784198	0.983134747146653	0.972320341674585	0.945181024881516	0.948872495929092	0.983924626130505	0.98667216558698	0.985215990755651	0.978796318953046	0.984213840309746	0.982938887934866	0.988228702866078	0.73378745384407	0.980394916608694	0.986519323619337	0.987086773872035	0.868827935632335	0.971330644328693	0.932740061929066	0.980996626658645	0.648929473073684	0.984442904476791	0.946820228254773	0.988833011498825	0.937080719171982	0.985169107117207	0.981432479201992	0.988766792573445	0.986221280803769	0.972108789513722	0.982287072059142	0.985585712680666	0.968105152085707	0.987299389843012	0.984926222190248	0.981784989426541	0.976723711529523	0.988483653059698	0.97076846722439	0.985342266347613	0.970268335509897	0.967969809762438	0.975391110418432
cg27303211	0.930109010131617	0.946375792973572	0.930552316194824	0.901072103580797	0.926736518127234	0.10018152114549	0.85321253303443	0.925053595337468	0.607587895915482	0.917138222976347	0.729103797430755	0.957171973649562	0.845812498059304	0.936140447118738	0.92864463613913	0.0830169884409657	0.770162291814397	0.86201913382279	0.0554112296448453	0.958455124478815	0.188138067533915	0.492395941324368	0.059991827590459	0.886019542383913	0.854061217493735	0.104095937625167	0.822171425683316	0.786366620492305	0.222301123267134	0.417822470368146	0.935983065241543	0.652188482630126	0.471748945637374	0.959797389264889	0.408274824641866	0.935294244985574	0.815160757261421	0.959106978130757	0.0628921768353617	0.571671976859768	0.0387235057895771	0.543613646379503	0.785986286343618	0.9408530642574	0.962610976891299	0.937637059290814	0.618518862486048	0.948350011486222	0.257708644969025	0.950353009511378	0.941508949995337	0.62048838665648	0.061228096974477	0.881926008864225	0.954663731828597	0.0854621770591526	0.815271252837544
cg27360593	NA	NA	NA	NA	NA	NA	NA	NA	NA	NA	NA	NA	NA	NA	NA	NA	NA	NA	NA	NA	NA	NA	NA	NA	NA	NA	NA	NA	NA	NA	NA	NA	NA	NA	NA	NA	NA	NA	NA	NA	NA	NA	NA	NA	NA	NA	NA	NA	NA	NA	NA	NA	NA	NA	NA	NA	NA
cg27372181	NA	NA	NA	NA	NA	NA	NA	NA	NA	NA	NA	NA	NA	NA	NA	NA	NA	NA	NA	NA	NA	NA	NA	NA	NA	NA	NA	NA	NA	NA	NA	NA	NA	NA	NA	NA	NA	NA	NA	NA	NA	NA	NA	NA	NA	NA	NA	NA	NA	NA	NA	NA	NA	NA	NA	NA	NA
cg27378066	NA	NA	NA	NA	NA	NA	NA	NA	NA	NA	NA	NA	NA	NA	NA	NA	NA	NA	NA	NA	NA	NA	NA	NA	NA	NA	NA	NA	NA	NA	NA	NA	NA	NA	NA	NA	NA	NA	NA	NA	NA	NA	NA	NA	NA	NA	NA	NA	NA	NA	NA	NA	NA	NA	NA	NA	NA
cg27392815	NA	NA	NA	NA	NA	NA	NA	NA	NA	NA	NA	NA	NA	NA	NA	NA	NA	NA	NA	NA	NA	NA	NA	NA	NA	NA	NA	NA	NA	NA	NA	NA	NA	NA	NA	NA	NA	NA	NA	NA	NA	NA	NA	NA	NA	NA	NA	NA	NA	NA	NA	NA	NA	NA	NA	NA	NA
cg27399297	NA	NA	NA	NA	NA	NA	NA	NA	NA	NA	NA	NA	NA	NA	NA	NA	NA	NA	NA	NA	NA	NA	NA	NA	NA	NA	NA	NA	NA	NA	NA	NA	NA	NA	NA	NA	NA	NA	NA	NA	NA	NA	NA	NA	NA	NA	NA	NA	NA	NA	NA	NA	NA	NA	NA	NA	NA
cg27400353	NA	NA	NA	NA	NA	NA	NA	NA	NA	NA	NA	NA	NA	NA	NA	NA	NA	NA	NA	NA	NA	NA	NA	NA	NA	NA	NA	NA	NA	NA	NA	NA	NA	NA	NA	NA	NA	NA	NA	NA	NA	NA	NA	NA	NA	NA	NA	NA	NA	NA	NA	NA	NA	NA	NA	NA	NA
cg27413928	NA	NA	NA	NA	NA	NA	NA	NA	NA	NA	NA	NA	NA	NA	NA	NA	NA	NA	NA	NA	NA	NA	NA	NA	NA	NA	NA	NA	NA	NA	NA	NA	NA	NA	NA	NA	NA	NA	NA	NA	NA	NA	NA	NA	NA	NA	NA	NA	NA	NA	NA	NA	NA	NA	NA	NA	NA
cg27422721	NA	NA	NA	NA	NA	NA	NA	NA	NA	NA	NA	NA	NA	NA	NA	NA	NA	NA	NA	NA	NA	NA	NA	NA	NA	NA	NA	NA	NA	NA	NA	NA	NA	NA	NA	NA	NA	NA	NA	NA	NA	NA	NA	NA	NA	NA	NA	NA	NA	NA	NA	NA	NA	NA	NA	NA	NA
cg27436603	NA	NA	NA	NA	NA	NA	NA	NA	NA	NA	NA	NA	NA	NA	NA	NA	NA	NA	NA	NA	NA	NA	NA	NA	NA	NA	NA	NA	NA	NA	NA	NA	NA	NA	NA	NA	NA	NA	NA	NA	NA	NA	NA	NA	NA	NA	NA	NA	NA	NA	NA	NA	NA	NA	NA	NA	NA
cg27441138	0.702053383925998	0.788404391645154	0.47674824850198	0.105253572565369	0.449373835731478	0.300120948547809	0.876971852306832	0.331129758702486	0.670050279011056	0.511059043434144	0.459057308001615	0.860122033431349	0.512035291781039	0.736878210540958	0.694380160205505	0.533181580405221	0.74376709193635	0.823594396995922	0.158672459384359	0.910690852223959	0.655453007963242	0.594535242260844	0.798844120950171	0.681053032655765	0.599598668417194	0.118916731252179	0.445460160760923	0.650256434861062	0.915534461091403	0.767136339677685	0.869669018365351	0.758071162301015	0.810904887957202	0.750583693322607	0.560702318941321	0.60352536958813	0.587068989036607	0.939579621396413	0.701952727902045	0.628228462861869	0.271554466465824	0.410297687175947	0.746461150600977	0.847620824687716	0.884708617777579	0.70633472643716	0.540371690861445	0.850298532748254	0.499078500284548	0.906895804648364	0.610380687158506	0.759337295571417	0.149095175189949	0.59751074707036	0.70649543960003	0.764183120971581	0.529635723333858
cg27476881	NA	NA	NA	NA	NA	NA	NA	NA	NA	NA	NA	NA	NA	NA	NA	NA	NA	NA	NA	NA	NA	NA	NA	NA	NA	NA	NA	NA	NA	NA	NA	NA	NA	NA	NA	NA	NA	NA	NA	NA	NA	NA	NA	NA	NA	NA	NA	NA	NA	NA	NA	NA	NA	NA	NA	NA	NA
cg27493336	NA	NA	NA	NA	NA	NA	NA	NA	NA	NA	NA	NA	NA	NA	NA	NA	NA	NA	NA	NA	NA	NA	NA	NA	NA	NA	NA	NA	NA	NA	NA	NA	NA	NA	NA	NA	NA	NA	NA	NA	NA	NA	NA	NA	NA	NA	NA	NA	NA	NA	NA	NA	NA	NA	NA	NA	NA
cg27496179	NA	NA	NA	NA	NA	NA	NA	NA	NA	NA	NA	NA	NA	NA	NA	NA	NA	NA	NA	NA	NA	NA	NA	NA	NA	NA	NA	NA	NA	NA	NA	NA	NA	NA	NA	NA	NA	NA	NA	NA	NA	NA	NA	NA	NA	NA	NA	NA	NA	NA	NA	NA	NA	NA	NA	NA	NA
cg27530298	NA	NA	NA	NA	NA	NA	NA	NA	NA	NA	NA	NA	NA	NA	NA	NA	NA	NA	NA	NA	NA	NA	NA	NA	NA	NA	NA	NA	NA	NA	NA	NA	NA	NA	NA	NA	NA	NA	NA	NA	NA	NA	NA	NA	NA	NA	NA	NA	NA	NA	NA	NA	NA	NA	NA	NA	NA
cg27562595	NA	NA	NA	NA	NA	NA	NA	NA	NA	NA	NA	NA	NA	NA	NA	NA	NA	NA	NA	NA	NA	NA	NA	NA	NA	NA	NA	NA	NA	NA	NA	NA	NA	NA	NA	NA	NA	NA	NA	NA	NA	NA	NA	NA	NA	NA	NA	NA	NA	NA	NA	NA	NA	NA	NA	NA	NA
cg27574287	0.157211430768052	0.203789116581246	0.180243735910189	0.195028642302732	0.139898447476656	0.266184918301245	0.3429166462933	0.159083056262404	0.383966291973552	0.227613341532882	0.140767514527815	0.20057139065757	0.413344640389839	0.3793610342175	0.165501537497575	0.227560891172231	0.422615119079937	0.235944221882996	0.737921041826354	0.225148064560521	0.388975254051315	0.463517481678784	0.246630071820789	0.203062571287049	0.226441600787989	0.237975357752055	0.235927900186872	0.403647267843667	0.652016016668906	0.547195547887568	0.494042641729377	0.387557109295756	0.327719820276867	0.823914253614201	0.145476004559906	0.133510350878353	0.15229440700601	0.532633766640079	0.217050336527964	0.166713796605707	0.38517749125601	0.616957993614917	0.276600208988241	0.309769716901677	0.0921109765416055	0.155401199437865	0.397604493259172	0.73312193064061	0.566376237691716	0.0945903832854894	0.137652514944005	0.75078480870218	0.298812846538978	0.212368363361177	0.167350562198084	0.26349359171491	0.113735156717504
cg27604672	0.111549902739915	0.624549677270887	0.574797810376486	0.130855328273159	0.392255867067683	0.689355461928643	0.309407956448856	0.0977033418389331	0.457048366318082	0.382337795360932	0.273403935440929	0.484789467060557	0.115017872244766	0.306010620515757	0.170822342329597	0.249769825116418	0.371448721589778	0.439499718700019	0.0611338662661444	0.60642645096992	0.308546287472378	0.37523893027677	0.553696589115938	0.267604411275222	0.233077509970546	0.178284908989839	0.179176353695804	0.433207459721424	0.613181977723419	0.677365330155357	0.432791832768336	0.344921357903825	0.258529443913528	0.624448568677683	0.225320971209477	0.181100567928128	0.21194798780272	0.407050790446149	0.0936932560811932	0.170332706532131	0.134344040606769	0.602757807221456	0.294037298498799	0.271005078316752	0.757613237991737	0.546275804497894	0.172882076501246	0.574621877744555	0.299063963764705	0.606300217074021	0.425938346054873	0.362672637577098	0.149667123674433	0.60786416721901	0.597884981408766	0.596875873997156	0.102258258105954
cg27629311	NA	NA	NA	NA	NA	NA	NA	NA	NA	NA	NA	NA	NA	NA	NA	NA	NA	NA	NA	NA	NA	NA	NA	NA	NA	NA	NA	NA	NA	NA	NA	NA	NA	NA	NA	NA	NA	NA	NA	NA	NA	NA	NA	NA	NA	NA	NA	NA	NA	NA	NA	NA	NA	NA	NA	NA	NA
ch.1.156669547F	NA	NA	NA	NA	NA	NA	NA	NA	NA	NA	NA	NA	NA	NA	NA	NA	NA	NA	NA	NA	NA	NA	NA	NA	NA	NA	NA	NA	NA	NA	NA	NA	NA	NA	NA	NA	NA	NA	NA	NA	NA	NA	NA	NA	NA	NA	NA	NA	NA	NA	NA	NA	NA	NA	NA	NA	NA
ch.1.90405031F	NA	NA	NA	NA	NA	NA	NA	NA	NA	NA	NA	NA	NA	NA	NA	NA	NA	NA	NA	NA	NA	NA	NA	NA	NA	NA	NA	NA	NA	NA	NA	NA	NA	NA	NA	NA	NA	NA	NA	NA	NA	NA	NA	NA	NA	NA	NA	NA	NA	NA	NA	NA	NA	NA	NA	NA	NA
ch.10.47925130F	NA	NA	NA	NA	NA	NA	NA	NA	NA	NA	NA	NA	NA	NA	NA	NA	NA	NA	NA	NA	NA	NA	NA	NA	NA	NA	NA	NA	NA	NA	NA	NA	NA	NA	NA	NA	NA	NA	NA	NA	NA	NA	NA	NA	NA	NA	NA	NA	NA	NA	NA	NA	NA	NA	NA	NA	NA
ch.10.82591910R	NA	NA	NA	NA	NA	NA	NA	NA	NA	NA	NA	NA	NA	NA	NA	NA	NA	NA	NA	NA	NA	NA	NA	NA	NA	NA	NA	NA	NA	NA	NA	NA	NA	NA	NA	NA	NA	NA	NA	NA	NA	NA	NA	NA	NA	NA	NA	NA	NA	NA	NA	NA	NA	NA	NA	NA	NA
ch.11.1877857R	0.0374802678768869	0.0608506214196183	0.0581697014520749	0.161749018276691	0.0351268718803214	0.048525268762201	0.0503554283750974	0.0282525260491476	0.0728769666335134	0.0430422250464349	0.0240134320582604	0.0387465916647984	0.0668454843737651	0.041155004693958	0.0926355669050459	0.0710212971143051	0.0448588136980133	0.0921384714000123	0.0227620897412107	0.0443560367402631	0.0357543803177896	0.0405468847342582	0.0905469032284718	0.0297389575793189	0.0531591158274252	0.033400295277893	0.0574090270200018	0.0298632836806674	0.0742249569986721	0.0331371542429563	0.0351365998934421	0.0379429331773467	0.039662582129887	0.0441489394282691	0.0324818425069635	0.0390903984963064	0.0424530151270386	0.0631592838056292	0.0473068637451	0.064559328460912	0.0360586396560063	0.0380094287980723	0.0429791689928719	0.0438572896762589	0.0314917790845803	0.043881889823889	0.0357753198638965	0.0320317083856933	0.0386056995341504	0.0536531474589921	0.0542526190306713	0.0418870878225391	0.0249798993518416	0.0261271301346021	0.0461981594971645	0.0403439463772935	0.050375673755846
ch.11.2015773F	NA	NA	NA	NA	NA	NA	NA	NA	NA	NA	NA	NA	NA	NA	NA	NA	NA	NA	NA	NA	NA	NA	NA	NA	NA	NA	NA	NA	NA	NA	NA	NA	NA	NA	NA	NA	NA	NA	NA	NA	NA	NA	NA	NA	NA	NA	NA	NA	NA	NA	NA	NA	NA	NA	NA	NA	NA
ch.2.154234353F	NA	NA	NA	NA	NA	NA	NA	NA	NA	NA	NA	NA	NA	NA	NA	NA	NA	NA	NA	NA	NA	NA	NA	NA	NA	NA	NA	NA	NA	NA	NA	NA	NA	NA	NA	NA	NA	NA	NA	NA	NA	NA	NA	NA	NA	NA	NA	NA	NA	NA	NA	NA	NA	NA	NA	NA	NA
ch.3.70573422F	NA	NA	NA	NA	NA	NA	NA	NA	NA	NA	NA	NA	NA	NA	NA	NA	NA	NA	NA	NA	NA	NA	NA	NA	NA	NA	NA	NA	NA	NA	NA	NA	NA	NA	NA	NA	NA	NA	NA	NA	NA	NA	NA	NA	NA	NA	NA	NA	NA	NA	NA	NA	NA	NA	NA	NA	NA
ch.4.109582151R	NA	NA	NA	NA	NA	NA	NA	NA	NA	NA	NA	NA	NA	NA	NA	NA	NA	NA	NA	NA	NA	NA	NA	NA	NA	NA	NA	NA	NA	NA	NA	NA	NA	NA	NA	NA	NA	NA	NA	NA	NA	NA	NA	NA	NA	NA	NA	NA	NA	NA	NA	NA	NA	NA	NA	NA	NA
ch.4.11576235F	0.0665067011004191	0.0728226639161391	0.0913761347833376	0.0712579216536063	0.0705533834300847	0.0397601424892446	0.0806146261462499	0.0544769159651802	0.0534258595280227	0.160955430796311	0.0574476111445922	0.0713347322066462	0.066909001077083	0.113797752610421	0.0666416069750704	0.0633812453215477	0.0692576892596067	0.0592652990434511	0.0289981137374759	0.0595372468584006	0.0496115866037478	0.0608041560608702	0.0540191403372026	0.0564471446541124	0.0773901383895044	0.0575258711270142	0.0556309235674179	0.0869940272136676	0.0433606725305152	0.0500044768371016	0.0691834747293535	0.0434434120219706	0.0662631159778496	0.054583312849385	0.0726748014357899	0.0853872086752038	0.0721918645210122	0.0831067317176377	0.0502847863261706	0.0486843051662209	0.0527522267398707	0.0647140415609515	0.0693113066058706	0.0839181114414185	0.0925430759497557	0.0550750078206799	0.061649770413633	0.0344246506184664	0.0689803009040789	0.0670277956115473	0.0482410036096258	0.0578068910151209	0.0474591337306909	0.105963649765341	0.0865693599142992	0.074690553110599	0.0695818419148064
ch.4.166959540F	NA	NA	NA	NA	NA	NA	NA	NA	NA	NA	NA	NA	NA	NA	NA	NA	NA	NA	NA	NA	NA	NA	NA	NA	NA	NA	NA	NA	NA	NA	NA	NA	NA	NA	NA	NA	NA	NA	NA	NA	NA	NA	NA	NA	NA	NA	NA	NA	NA	NA	NA	NA	NA	NA	NA	NA	NA
ch.5.30573736R	0.170506341694387	0.144169354508754	NA	0.173858743757205	NA	0.16736501146305	0.138310952256783	0.186444197887253	NA	0.163710709950206	0.0504967251862912	0.188607811187796	NA	NA	NA	NA	NA	0.175918048464284	0.129042069629238	0.150634503780557	0.143171555803979	0.16062328416951	0.179617295907569	NA	0.115362679074585	0.193290134365041	0.123104303424883	NA	0.169752817716605	0.217487627129198	NA	0.1339475922356	0.192870634516773	0.12172272547536	0.166428513805349	0.198595136533055	0.151363107785657	0.186459545614486	0.116580816035064	NA	0.208169492188142	0.132502854153279	0.174619893914747	0.0942718091370599	0.181713385993069	0.146038242839559	0.143044125778263	0.180044336075051	NA	NA	0.152296198990353	0.182764406478689	NA	NA	NA	NA	NA
ch.7.3333777R	0.043003224438683	0.0679953688365009	0.0703366841219734	0.0502967013163804	0.0433989421490644	0.0556951841154806	0.059441861293871	0.0368389918239882	0.045918949496909	0.0707183864661069	0.0509326825616076	0.0531676726369347	0.0583591095934252	0.0523932864912099	0.0489687818935537	0.0426032998076178	0.0444153820311627	0.0677216233088821	0.0367176970297695	0.049904126049416	0.0681217080398887	0.0542524875825769	0.048056246787022	0.0356027874405153	0.0556350706155989	0.0390878383583146	0.0623993769987005	0.0784872433209661	0.0814115840669496	0.0484728813497481	0.0639128670421558	0.0495306963486581	0.0665512409423129	0.0504112183220746	0.101735444551696	0.0614550817940734	0.0442885197222241	0.0572092151961279	0.0492042464776017	0.0463622928402684	0.0468919078701164	0.0400123336698624	0.0487314249993719	0.0368095966063091	0.0365879975353438	0.0529681425105355	0.0491368199968037	0.0430314569767241	0.0410972088289236	0.0600326590094837	0.0527037924947296	0.0472140729067684	0.0559335929298767	0.0750624131902762	0.0726311850009776	0.0587997533993624	0.0461028963348543
ch.7.83866664R	0.0267435084731605	0.02008210404365	0.0257756721521699	0.0251026245680039	0.0219427272249016	0.0263023985142515	0.027703426583315	0.0226295125304399	0.0304735294073094	0.0247272050564724	0.0303976901407772	0.025559988102591	0.0272997750220066	0.0417784902363784	0.0218305217902187	0.0293778634760362	0.0209712053312421	0.0290134370350571	0.0274230064397448	0.0223538587555102	0.0194374449458759	0.0255477031085394	0.0309410894655998	0.0237432438568951	0.0252400334910359	0.0318828160581313	0.0257972024782856	0.0273381059272209	0.0303472922641368	0.0271651722945689	0.0269558894575255	0.025795298086184	0.0253833175883183	0.0324650744141927	0.0257467277201936	0.0266336573671381	0.0370671162380171	0.0251338974869476	0.0290741260477895	0.0266357309553843	0.0276443350692885	0.0294195146901783	0.0349149768553142	0.0233097568762276	0.0237208964541713	0.030756157770272	0.0298483966145562	0.0282211185287298	0.0239959282323435	0.0355794286505506	0.0299547526344061	0.0221063185192428	0.0279540259599769	0.0373579249480498	0.0318497907061255	0.0286247269103584	0.0239048228465932
ch.8.1742370R	NA	NA	NA	NA	NA	NA	NA	NA	NA	NA	NA	NA	NA	NA	NA	NA	NA	NA	NA	NA	NA	NA	NA	NA	NA	NA	NA	NA	NA	NA	NA	NA	NA	NA	NA	NA	NA	NA	NA	NA	NA	NA	NA	NA	NA	NA	NA	NA	NA	NA	NA	NA	NA	NA	NA	NA	NA
ch.8.91748119F	0.0481285703043372	0.14453880293431	0.0810943603794773	0.0651685047599523	0.0491124714026177	0.0428039855328125	0.107927418340932	0.0533290546056298	0.0811074510098659	0.0743251172417667	0.129109730826241	0.069401200274443	0.0659507793740897	0.138555024685022	0.0625345030741508	0.0601716076769233	0.0943543631773617	0.0734272994740516	0.0386858431322382	0.0629892960954946	0.0663108307267976	0.0486913985403121	0.0698862039562952	0.0721117085850817	0.0599997989372313	0.0652820954641063	0.0561700232213192	0.079428799032046	0.0511809755130806	0.0362151712117381	0.0923848165465913	0.0915958981527586	0.0745543172431738	0.0781058141856533	0.0764969315908974	0.0738145539770679	0.0661933480002181	0.104318937369587	0.0515371022649946	0.0827601260709757	0.0615742452442422	0.0834247605963472	0.0865569621798958	0.104179931379783	0.0711686981030344	0.0568368443371448	0.0689350056270411	0.0500012181971014	0.0508067599820821	0.0763072309038991	0.0841205961155903	0.0608492133406677	0.0437027239686555	0.207797161017147	0.0697372210372877	0.0864392547346794	0.102857977774529
ch.9.106992904R	NA	NA	NA	NA	NA	NA	NA	NA	NA	NA	NA	NA	NA	NA	NA	NA	NA	NA	NA	NA	NA	NA	NA	NA	NA	NA	NA	NA	NA	NA	NA	NA	NA	NA	NA	NA	NA	NA	NA	NA	NA	NA	NA	NA	NA	NA	NA	NA	NA	NA	NA	NA	NA	NA	NA	NA	NA
