A_CpG_ID	TCGA-G5-6235-01A	TCGA-EI-6506-01A	TCGA-F5-6571-01A	TCGA-G5-6233-01A	TCGA-DC-6682-01A	TCGA-CI-6620-01A	TCGA-AF-2690-01A	TCGA-AG-3591-01A	TCGA-F5-6811-01A	TCGA-AG-A020-01A	TCGA-DC-6683-01A	TCGA-G5-6572-01A	TCGA-G5-6572-02A	TCGA-EF-5830-01A	TCGA-CI-6621-01A	TCGA-AF-3911-01A	TCGA-EI-6512-01A	TCGA-DC-6156-01A	TCGA-EI-7002-01A	TCGA-EI-6885-01A	TCGA-CI-6624-01C	TCGA-CI-6619-01B	TCGA-DC-6154-01A	TCGA-F5-6864-01A	TCGA-F5-6810-01A	TCGA-DT-5265-01A	TCGA-AF-6136-01A	TCGA-AF-6672-01A	TCGA-DC-6157-01A	TCGA-EI-6509-01A	TCGA-AG-4021-01A	TCGA-AG-3731-01A	TCGA-CL-5917-01A	TCGA-F5-6863-01A	TCGA-AF-A56N-01A	TCGA-DY-A1DG-01A	TCGA-DY-A1DD-01A	TCGA-AG-A02N-01A	TCGA-F5-6813-01A	TCGA-F5-6814-01A	TCGA-DY-A0XA-01A	TCGA-DC-4749-01A	TCGA-EI-7004-01A	TCGA-DY-A1H8-01A	TCGA-EI-6882-01A	TCGA-F5-6465-01A	TCGA-EI-6508-01A	TCGA-AF-2687-01A	TCGA-AG-3742-01A	TCGA-AF-2693-01A	TCGA-G5-6641-01A	TCGA-BM-6198-01A	TCGA-AG-A026-01A	TCGA-AH-6547-01A	TCGA-F5-6861-01A	TCGA-DC-6158-01A	TCGA-EI-6510-01A	TCGA-DC-5337-01A	TCGA-AG-3592-01A	TCGA-EI-6917-01A	TCGA-AH-6549-01A	TCGA-AH-6897-01A	TCGA-AH-6903-01A	TCGA-DY-A1DC-01A	TCGA-EI-6881-01A	TCGA-DC-6681-01A	TCGA-AG-A01W-01A	TCGA-AH-6544-01A	TCGA-AG-A01Y-01A	TCGA-CI-6623-01B	TCGA-CL-4957-01A	TCGA-EI-6884-01A	TCGA-CI-6622-01A	TCGA-DC-5869-01A	TCGA-EI-6507-01A	TCGA-EI-6511-01A	TCGA-AH-6644-01A	TCGA-AG-3725-01A	TCGA-DC-6155-01A	TCGA-F5-6702-01A	TCGA-CL-5918-01A	TCGA-AG-A036-01A	TCGA-EI-6513-01A	TCGA-AF-A56K-01A	TCGA-DC-6160-01A	TCGA-DY-A1DE-01A	TCGA-EI-6883-01A	TCGA-EF-5831-01A	TCGA-EI-6514-01A	TCGA-AF-4110-01A	TCGA-DC-4745-01A	TCGA-F5-6464-01A	TCGA-AG-4022-01A	TCGA-DY-A1DF-01A	TCGA-AG-3732-01A	TCGA-AH-6643-01A	TCGA-AF-6655-01A	TCGA-AF-A56L-01A	TCGA-F5-6812-01A
cg00010242	NA	NA	NA	NA	NA	NA	NA	NA	NA	NA	NA	NA	NA	NA	NA	NA	NA	NA	NA	NA	NA	NA	NA	NA	NA	NA	NA	NA	NA	NA	NA	NA	NA	NA	NA	NA	NA	NA	NA	NA	NA	NA	NA	NA	NA	NA	NA	NA	NA	NA	NA	NA	NA	NA	NA	NA	NA	NA	NA	NA	NA	NA	NA	NA	NA	NA	NA	NA	NA	NA	NA	NA	NA	NA	NA	NA	NA	NA	NA	NA	NA	NA	NA	NA	NA	NA	NA	NA	NA	NA	NA	NA	NA	NA	NA	NA	NA	NA	NA
cg00044501	NA	NA	NA	NA	NA	NA	NA	NA	NA	NA	NA	NA	NA	NA	NA	NA	NA	NA	NA	NA	NA	NA	NA	NA	NA	NA	NA	NA	NA	NA	NA	NA	NA	NA	NA	NA	NA	NA	NA	NA	NA	NA	NA	NA	NA	NA	NA	NA	NA	NA	NA	NA	NA	NA	NA	NA	NA	NA	NA	NA	NA	NA	NA	NA	NA	NA	NA	NA	NA	NA	NA	NA	NA	NA	NA	NA	NA	NA	NA	NA	NA	NA	NA	NA	NA	NA	NA	NA	NA	NA	NA	NA	NA	NA	NA	NA	NA	NA	NA
cg00081852	NA	NA	NA	NA	NA	NA	NA	NA	NA	NA	NA	NA	NA	NA	NA	NA	NA	NA	NA	NA	NA	NA	NA	NA	NA	NA	NA	NA	NA	NA	NA	NA	NA	NA	NA	NA	NA	NA	NA	NA	NA	NA	NA	NA	NA	NA	NA	NA	NA	NA	NA	NA	NA	NA	NA	NA	NA	NA	NA	NA	NA	NA	NA	NA	NA	NA	NA	NA	NA	NA	NA	NA	NA	NA	NA	NA	NA	NA	NA	NA	NA	NA	NA	NA	NA	NA	NA	NA	NA	NA	NA	NA	NA	NA	NA	NA	NA	NA	NA
cg00090612	NA	NA	NA	NA	NA	NA	NA	NA	NA	NA	NA	NA	NA	NA	NA	NA	NA	NA	NA	NA	NA	NA	NA	NA	NA	NA	NA	NA	NA	NA	NA	NA	NA	NA	NA	NA	NA	NA	NA	NA	NA	NA	NA	NA	NA	NA	NA	NA	NA	NA	NA	NA	NA	NA	NA	NA	NA	NA	NA	NA	NA	NA	NA	NA	NA	NA	NA	NA	NA	NA	NA	NA	NA	NA	NA	NA	NA	NA	NA	NA	NA	NA	NA	NA	NA	NA	NA	NA	NA	NA	NA	NA	NA	NA	NA	NA	NA	NA	NA
cg00110695	NA	NA	NA	NA	NA	NA	NA	NA	NA	NA	NA	NA	NA	NA	NA	NA	NA	NA	NA	NA	NA	NA	NA	NA	NA	NA	NA	NA	NA	NA	NA	NA	NA	NA	NA	NA	NA	NA	NA	NA	NA	NA	NA	NA	NA	NA	NA	NA	NA	NA	NA	NA	NA	NA	NA	NA	NA	NA	NA	NA	NA	NA	NA	NA	NA	NA	NA	NA	NA	NA	NA	NA	NA	NA	NA	NA	NA	NA	NA	NA	NA	NA	NA	NA	NA	NA	NA	NA	NA	NA	NA	NA	NA	NA	NA	NA	NA	NA	NA
cg00114618	NA	NA	NA	NA	NA	NA	NA	NA	NA	NA	NA	NA	NA	NA	NA	NA	NA	NA	NA	NA	NA	NA	NA	NA	NA	NA	NA	NA	NA	NA	NA	NA	NA	NA	NA	NA	NA	NA	NA	NA	NA	NA	NA	NA	NA	NA	NA	NA	NA	NA	NA	NA	NA	NA	NA	NA	NA	NA	NA	NA	NA	NA	NA	NA	NA	NA	NA	NA	NA	NA	NA	NA	NA	NA	NA	NA	NA	NA	NA	NA	NA	NA	NA	NA	NA	NA	NA	NA	NA	NA	NA	NA	NA	NA	NA	NA	NA	NA	NA
cg00116558	NA	NA	NA	NA	NA	NA	NA	NA	NA	NA	NA	NA	NA	NA	NA	NA	NA	NA	NA	NA	NA	NA	NA	NA	NA	NA	NA	NA	NA	NA	NA	NA	NA	NA	NA	NA	NA	NA	NA	NA	NA	NA	NA	NA	NA	NA	NA	NA	NA	NA	NA	NA	NA	NA	NA	NA	NA	NA	NA	NA	NA	NA	NA	NA	NA	NA	NA	NA	NA	NA	NA	NA	NA	NA	NA	NA	NA	NA	NA	NA	NA	NA	NA	NA	NA	NA	NA	NA	NA	NA	NA	NA	NA	NA	NA	NA	NA	NA	NA
cg00178785	NA	NA	NA	NA	NA	NA	NA	NA	NA	NA	NA	NA	NA	NA	NA	NA	NA	NA	NA	NA	NA	NA	NA	NA	NA	NA	NA	NA	NA	NA	NA	NA	NA	NA	NA	NA	NA	NA	NA	NA	NA	NA	NA	NA	NA	NA	NA	NA	NA	NA	NA	NA	NA	NA	NA	NA	NA	NA	NA	NA	NA	NA	NA	NA	NA	NA	NA	NA	NA	NA	NA	NA	NA	NA	NA	NA	NA	NA	NA	NA	NA	NA	NA	NA	NA	NA	NA	NA	NA	NA	NA	NA	NA	NA	NA	NA	NA	NA	NA
cg00241482	NA	NA	NA	NA	NA	NA	NA	NA	NA	NA	NA	NA	NA	NA	NA	NA	NA	NA	NA	NA	NA	NA	NA	NA	NA	NA	NA	NA	NA	NA	NA	NA	NA	NA	NA	NA	NA	NA	NA	NA	NA	NA	NA	NA	NA	NA	NA	NA	NA	NA	NA	NA	NA	NA	NA	NA	NA	NA	NA	NA	NA	NA	NA	NA	NA	NA	NA	NA	NA	NA	NA	NA	NA	NA	NA	NA	NA	NA	NA	NA	NA	NA	NA	NA	NA	NA	NA	NA	NA	NA	NA	NA	NA	NA	NA	NA	NA	NA	NA
cg00247803	NA	NA	NA	NA	NA	NA	NA	NA	NA	NA	NA	NA	NA	NA	NA	NA	NA	NA	NA	NA	NA	NA	NA	NA	NA	NA	NA	NA	NA	NA	NA	NA	NA	NA	NA	NA	NA	NA	NA	NA	NA	NA	NA	NA	NA	NA	NA	NA	NA	NA	NA	NA	NA	NA	NA	NA	NA	NA	NA	NA	NA	NA	NA	NA	NA	NA	NA	NA	NA	NA	NA	NA	NA	NA	NA	NA	NA	NA	NA	NA	NA	NA	NA	NA	NA	NA	NA	NA	NA	NA	NA	NA	NA	NA	NA	NA	NA	NA	NA
cg00253854	NA	NA	NA	NA	NA	NA	NA	NA	NA	NA	NA	NA	NA	NA	NA	NA	NA	NA	NA	NA	NA	NA	NA	NA	NA	NA	NA	NA	NA	NA	NA	NA	NA	NA	NA	NA	NA	NA	NA	NA	NA	NA	NA	NA	NA	NA	NA	NA	NA	NA	NA	NA	NA	NA	NA	NA	NA	NA	NA	NA	NA	NA	NA	NA	NA	NA	NA	NA	NA	NA	NA	NA	NA	NA	NA	NA	NA	NA	NA	NA	NA	NA	NA	NA	NA	NA	NA	NA	NA	NA	NA	NA	NA	NA	NA	NA	NA	NA	NA
cg00264298	NA	NA	NA	NA	NA	NA	NA	NA	NA	NA	NA	NA	NA	NA	NA	NA	NA	NA	NA	NA	NA	NA	NA	NA	NA	NA	NA	NA	NA	NA	NA	NA	NA	NA	NA	NA	NA	NA	NA	NA	NA	NA	NA	NA	NA	NA	NA	NA	NA	NA	NA	NA	NA	NA	NA	NA	NA	NA	NA	NA	NA	NA	NA	NA	NA	NA	NA	NA	NA	NA	NA	NA	NA	NA	NA	NA	NA	NA	NA	NA	NA	NA	NA	NA	NA	NA	NA	NA	NA	NA	NA	NA	NA	NA	NA	NA	NA	NA	NA
cg00301256	NA	NA	NA	NA	NA	NA	NA	NA	NA	NA	NA	NA	NA	NA	NA	NA	NA	NA	NA	NA	NA	NA	NA	NA	NA	NA	NA	NA	NA	NA	NA	NA	NA	NA	NA	NA	NA	NA	NA	NA	NA	NA	NA	NA	NA	NA	NA	NA	NA	NA	NA	NA	NA	NA	NA	NA	NA	NA	NA	NA	NA	NA	NA	NA	NA	NA	NA	NA	NA	NA	NA	NA	NA	NA	NA	NA	NA	NA	NA	NA	NA	NA	NA	NA	NA	NA	NA	NA	NA	NA	NA	NA	NA	NA	NA	NA	NA	NA	NA
cg00314276	NA	NA	NA	NA	NA	NA	NA	NA	NA	NA	NA	NA	NA	NA	NA	NA	NA	NA	NA	NA	NA	NA	NA	NA	NA	NA	NA	NA	NA	NA	NA	NA	NA	NA	NA	NA	NA	NA	NA	NA	NA	NA	NA	NA	NA	NA	NA	NA	NA	NA	NA	NA	NA	NA	NA	NA	NA	NA	NA	NA	NA	NA	NA	NA	NA	NA	NA	NA	NA	NA	NA	NA	NA	NA	NA	NA	NA	NA	NA	NA	NA	NA	NA	NA	NA	NA	NA	NA	NA	NA	NA	NA	NA	NA	NA	NA	NA	NA	NA
cg00318682	0.802527122079641	0.859730620323245	0.66426774787766	0.746304279955371	0.817228974812446	0.480245614498305	0.807233999814148	0.265688561295372	0.619309976839468	0.6273057662605	0.586387124071198	0.853784040329319	0.714106819199296	0.531456439161529	0.841672291182445	0.756122799431318	0.904009360443357	0.781795584609758	0.318539032685015	0.670322741446247	0.681490490483841	0.646529168679381	0.538884777183177	0.819585475220914	0.572071573215638	0.908761066249821	0.814927806942723	0.428253608707846	0.798204088638583	0.825827527444903	0.698176704814917	0.595418832949259	0.775241032499464	0.802947708928763	0.380966913768214	0.604563072314928	0.812700925355353	0.270057700084218	0.835574688570639	0.728228875902101	0.764991662391639	0.693631876437325	0.559924637559745	0.655661279864652	0.526496036614324	0.800876962283043	0.633568076295366	0.627186348504113	0.806569021273059	0.890038418315614	0.551534298090638	0.871425340821041	0.846721594581671	0.706602769068486	0.809369786448962	0.729692474741463	0.335101000577506	0.742762287773435	0.812232530736146	0.8327877554847	0.790171300282179	0.515569168578636	0.733048139970071	0.867379830634252	0.929699268060472	0.624127762865365	0.788627532840627	0.868218464148463	0.819018744116752	0.661595772541595	0.735817819740794	0.806336871215764	0.676023337514361	0.69953514257087	0.682961644694723	0.835396194298064	0.82353733998215	0.628278549538919	0.72979420335398	0.599258870234081	0.780669814160965	0.869233577335425	0.586784409701478	0.739899526455695	0.522033784790146	0.516968982134657	0.881949879174373	0.817238038040191	0.749400980218672	0.826183587605059	0.83665474958047	0.645049391802602	0.825959309396695	0.636740169295555	0.341672327581208	0.787263486796457	0.821781304699201	0.744716013252384	0.857531915151845
cg00336555	NA	NA	NA	NA	NA	NA	NA	NA	NA	NA	NA	NA	NA	NA	NA	NA	NA	NA	NA	NA	NA	NA	NA	NA	NA	NA	NA	NA	NA	NA	NA	NA	NA	NA	NA	NA	NA	NA	NA	NA	NA	NA	NA	NA	NA	NA	NA	NA	NA	NA	NA	NA	NA	NA	NA	NA	NA	NA	NA	NA	NA	NA	NA	NA	NA	NA	NA	NA	NA	NA	NA	NA	NA	NA	NA	NA	NA	NA	NA	NA	NA	NA	NA	NA	NA	NA	NA	NA	NA	NA	NA	NA	NA	NA	NA	NA	NA	NA	NA
cg00359421	NA	NA	NA	NA	NA	NA	NA	NA	NA	NA	NA	NA	NA	NA	NA	NA	NA	NA	NA	NA	NA	NA	NA	NA	NA	NA	NA	NA	NA	NA	NA	NA	NA	NA	NA	NA	NA	NA	NA	NA	NA	NA	NA	NA	NA	NA	NA	NA	NA	NA	NA	NA	NA	NA	NA	NA	NA	NA	NA	NA	NA	NA	NA	NA	NA	NA	NA	NA	NA	NA	NA	NA	NA	NA	NA	NA	NA	NA	NA	NA	NA	NA	NA	NA	NA	NA	NA	NA	NA	NA	NA	NA	NA	NA	NA	NA	NA	NA	NA
cg00379272	NA	NA	NA	NA	NA	NA	NA	NA	NA	NA	NA	NA	NA	NA	NA	NA	NA	NA	NA	NA	NA	NA	NA	NA	NA	NA	NA	NA	NA	NA	NA	NA	NA	NA	NA	NA	NA	NA	NA	NA	NA	NA	NA	NA	NA	NA	NA	NA	NA	NA	NA	NA	NA	NA	NA	NA	NA	NA	NA	NA	NA	NA	NA	NA	NA	NA	NA	NA	NA	NA	NA	NA	NA	NA	NA	NA	NA	NA	NA	NA	NA	NA	NA	NA	NA	NA	NA	NA	NA	NA	NA	NA	NA	NA	NA	NA	NA	NA	NA
cg00410323	NA	NA	NA	NA	NA	NA	NA	NA	NA	NA	NA	NA	NA	NA	NA	NA	NA	NA	NA	NA	NA	NA	NA	NA	NA	NA	NA	NA	NA	NA	NA	NA	NA	NA	NA	NA	NA	NA	NA	NA	NA	NA	NA	NA	NA	NA	NA	NA	NA	NA	NA	NA	NA	NA	NA	NA	NA	NA	NA	NA	NA	NA	NA	NA	NA	NA	NA	NA	NA	NA	NA	NA	NA	NA	NA	NA	NA	NA	NA	NA	NA	NA	NA	NA	NA	NA	NA	NA	NA	NA	NA	NA	NA	NA	NA	NA	NA	NA	NA
cg00422716	NA	NA	NA	NA	NA	NA	NA	NA	NA	NA	NA	NA	NA	NA	NA	NA	NA	NA	NA	NA	NA	NA	NA	NA	NA	NA	NA	NA	NA	NA	NA	NA	NA	NA	NA	NA	NA	NA	NA	NA	NA	NA	NA	NA	NA	NA	NA	NA	NA	NA	NA	NA	NA	NA	NA	NA	NA	NA	NA	NA	NA	NA	NA	NA	NA	NA	NA	NA	NA	NA	NA	NA	NA	NA	NA	NA	NA	NA	NA	NA	NA	NA	NA	NA	NA	NA	NA	NA	NA	NA	NA	NA	NA	NA	NA	NA	NA	NA	NA
cg00440702	NA	NA	NA	NA	NA	NA	NA	NA	NA	NA	NA	NA	NA	NA	NA	NA	NA	NA	NA	NA	NA	NA	NA	NA	NA	NA	NA	NA	NA	NA	NA	NA	NA	NA	NA	NA	NA	NA	NA	NA	NA	NA	NA	NA	NA	NA	NA	NA	NA	NA	NA	NA	NA	NA	NA	NA	NA	NA	NA	NA	NA	NA	NA	NA	NA	NA	NA	NA	NA	NA	NA	NA	NA	NA	NA	NA	NA	NA	NA	NA	NA	NA	NA	NA	NA	NA	NA	NA	NA	NA	NA	NA	NA	NA	NA	NA	NA	NA	NA
cg00480643	NA	NA	NA	NA	NA	NA	NA	NA	NA	NA	NA	NA	NA	NA	NA	NA	NA	NA	NA	NA	NA	NA	NA	NA	NA	NA	NA	NA	NA	NA	NA	NA	NA	NA	NA	NA	NA	NA	NA	NA	NA	NA	NA	NA	NA	NA	NA	NA	NA	NA	NA	NA	NA	NA	NA	NA	NA	NA	NA	NA	NA	NA	NA	NA	NA	NA	NA	NA	NA	NA	NA	NA	NA	NA	NA	NA	NA	NA	NA	NA	NA	NA	NA	NA	NA	NA	NA	NA	NA	NA	NA	NA	NA	NA	NA	NA	NA	NA	NA
cg00489467	0.921168703375325	0.959101447385592	0.949524647244158	0.832187278738294	0.941522216403586	0.904847947018081	0.950017613935261	0.932267298002521	0.847978928014431	0.911220342858284	0.930959686795584	0.956712191014832	0.944049054027033	0.697176684366405	0.933081881222345	0.898094492369856	0.950740556197047	0.955312787910851	0.970716996081518	0.956705395222141	0.942502961116799	0.901471842761076	0.937145206480823	0.938560172257278	0.717129833146577	0.92062714936236	0.915877675668658	0.943200617608134	0.966621795811617	0.942477537048475	0.939374007045093	0.833417011044896	0.960246901126279	0.9530756370378	0.963047532283096	0.966043526054458	0.966027700076136	0.870376214079317	0.935247712121084	0.933911088916751	0.943671789880238	0.947883621473589	0.9016099119086	0.94550151778139	0.813420196092622	0.779902756710436	0.883306406934853	0.935979062606634	0.965676118411042	0.931412547466265	0.945143298484996	0.936424497967548	0.960177104444649	0.927708871914383	0.961049572019933	0.940647832699806	0.935935745426456	0.917461895921717	0.959139498664538	0.965426473916613	0.878883082967279	0.921764790727883	0.958108023443555	0.967474979947492	0.956226660164243	0.931786811634602	0.94303598858775	0.958852188436061	0.922597416604521	0.717893805082691	0.92426187579485	0.964956898456935	0.922010416494782	0.681141581803189	0.962868850099181	0.912893328549959	0.945449899508892	0.924532104949199	0.95435415634352	0.932977654772187	0.93917430407988	0.938276361752839	0.759161625894602	0.930369274113142	0.930649598591793	0.802880915695102	0.965392151916082	0.967408778589823	0.946786968426018	0.924215228775662	0.926959674855397	0.93216639708347	0.950421853331713	0.961928770047388	0.827839262849287	0.959976463804147	0.935322754276204	0.954729109505033	0.946669816311605
cg00502041	NA	NA	NA	NA	NA	NA	NA	NA	NA	NA	NA	NA	NA	NA	NA	NA	NA	NA	NA	NA	NA	NA	NA	NA	NA	NA	NA	NA	NA	NA	NA	NA	NA	NA	NA	NA	NA	NA	NA	NA	NA	NA	NA	NA	NA	NA	NA	NA	NA	NA	NA	NA	NA	NA	NA	NA	NA	NA	NA	NA	NA	NA	NA	NA	NA	NA	NA	NA	NA	NA	NA	NA	NA	NA	NA	NA	NA	NA	NA	NA	NA	NA	NA	NA	NA	NA	NA	NA	NA	NA	NA	NA	NA	NA	NA	NA	NA	NA	NA
cg00506859	NA	NA	NA	NA	NA	NA	NA	NA	NA	NA	NA	NA	NA	NA	NA	NA	NA	NA	NA	NA	NA	NA	NA	NA	NA	NA	NA	NA	NA	NA	NA	NA	NA	NA	NA	NA	NA	NA	NA	NA	NA	NA	NA	NA	NA	NA	NA	NA	NA	NA	NA	NA	NA	NA	NA	NA	NA	NA	NA	NA	NA	NA	NA	NA	NA	NA	NA	NA	NA	NA	NA	NA	NA	NA	NA	NA	NA	NA	NA	NA	NA	NA	NA	NA	NA	NA	NA	NA	NA	NA	NA	NA	NA	NA	NA	NA	NA	NA	NA
cg00516867	0.428847339715497	0.480377060211432	0.194591546237861	0.406581494320154	0.44557046898697	0.305558809947798	0.451287142830936	0.177521654354827	0.350966853453299	0.21984141776148	0.368084082517768	0.886319450419586	0.673236895367202	0.137109165843315	0.672943433391008	0.219002719008544	0.269492192264391	0.362491099720641	0.13062859402656	0.263999956297331	0.537464617833528	0.333084365455577	0.105739006567201	0.463158768705665	0.198358307049318	0.24281793226495	0.212368440965953	0.373783454165761	0.135152993052663	0.313506847535259	0.211389407815915	0.48230435983756	0.171611716047468	0.170519736648328	0.258985906765034	0.128329147609625	0.0806760607316629	0.232557222029511	0.485129256521636	0.226281115837121	0.262510700500453	0.187104205669507	0.577620701301328	0.133527283947205	0.291381956738993	0.395479522637996	0.163131976837902	0.434175511222576	0.145036416169271	0.309762671394173	0.237857309673624	0.384509010679053	0.142087111010903	0.50082183279993	0.38307157959256	0.28364015330385	0.363144466901065	0.294010089848914	0.281681598919648	0.775235533363653	0.290132003388251	0.102276089783674	0.534942883429008	0.266150726057951	0.27318386614276	0.471352275484818	0.19404787339088	0.309555868967307	0.363358121104379	0.351968703841054	0.295644302663126	0.386069993583072	0.315485142445357	0.261307505630894	0.508756380333653	0.207963285373763	0.227890505823945	0.0993031624918363	0.213102043685889	0.32343122108351	0.20382842303681	0.313055031159466	0.175051574316181	0.345406707766872	0.287436127801539	0.20342926719101	0.28271051343702	0.223306184857293	0.0922587785281557	0.297574798015842	0.362157051936653	0.328532609188422	0.241364098466073	0.0652175751747544	0.230337212338887	0.232062593613553	0.351914135623697	0.62256000288449	0.299028725058875
cg00531054	NA	NA	NA	NA	NA	NA	NA	NA	NA	NA	NA	NA	NA	NA	NA	NA	NA	NA	NA	NA	NA	NA	NA	NA	NA	NA	NA	NA	NA	NA	NA	NA	NA	NA	NA	NA	NA	NA	NA	NA	NA	NA	NA	NA	NA	NA	NA	NA	NA	NA	NA	NA	NA	NA	NA	NA	NA	NA	NA	NA	NA	NA	NA	NA	NA	NA	NA	NA	NA	NA	NA	NA	NA	NA	NA	NA	NA	NA	NA	NA	NA	NA	NA	NA	NA	NA	NA	NA	NA	NA	NA	NA	NA	NA	NA	NA	NA	NA	NA
cg00552235	NA	NA	NA	NA	NA	NA	NA	NA	NA	NA	NA	NA	NA	NA	NA	NA	NA	NA	NA	NA	NA	NA	NA	NA	NA	NA	NA	NA	NA	NA	NA	NA	NA	NA	NA	NA	NA	NA	NA	NA	NA	NA	NA	NA	NA	NA	NA	NA	NA	NA	NA	NA	NA	NA	NA	NA	NA	NA	NA	NA	NA	NA	NA	NA	NA	NA	NA	NA	NA	NA	NA	NA	NA	NA	NA	NA	NA	NA	NA	NA	NA	NA	NA	NA	NA	NA	NA	NA	NA	NA	NA	NA	NA	NA	NA	NA	NA	NA	NA
cg00589791	NA	NA	NA	NA	NA	NA	NA	NA	NA	NA	NA	NA	NA	NA	NA	NA	NA	NA	NA	NA	NA	NA	NA	NA	NA	NA	NA	NA	NA	NA	NA	NA	NA	NA	NA	NA	NA	NA	NA	NA	NA	NA	NA	NA	NA	NA	NA	NA	NA	NA	NA	NA	NA	NA	NA	NA	NA	NA	NA	NA	NA	NA	NA	NA	NA	NA	NA	NA	NA	NA	NA	NA	NA	NA	NA	NA	NA	NA	NA	NA	NA	NA	NA	NA	NA	NA	NA	NA	NA	NA	NA	NA	NA	NA	NA	NA	NA	NA	NA
cg00591353	0.848928370618558	0.883385654548183	0.851632994449853	0.877939929997578	NA	NA	NA	NA	0.819525667588426	0.960266015754473	0.836485670360624	0.872796972016032	0.874603843422996	NA	NA	0.867719794360785	NA	NA	0.85365807077094	0.887992755192012	0.857037099658811	0.892893026913002	0.879912281553288	0.895492251261718	NA	0.867775097231184	0.889327378491922	0.847010635521265	0.829602837846729	NA	0.870617735807521	NA	NA	0.906835058618535	0.925076615107503	0.893618326471606	0.956995155823603	0.958416701254509	NA	0.869388326477092	0.945794300155005	NA	0.8676778098489	0.964327114612518	0.910310546636141	0.857953975103871	NA	NA	NA	0.883862440386269	NA	0.854180080178419	0.964949872160351	0.850090892749604	0.877241157675651	NA	NA	NA	NA	NA	NA	NA	0.898179691996786	0.9519817715437	0.900221559343955	0.891487141098722	0.95057068872727	NA	0.933475853351874	NA	NA	0.900703799285498	NA	NA	0.845944888763626	NA	0.867061344262546	NA	0.873619666170676	NA	0.839004602062723	0.958109624529692	NA	0.888466729325234	0.831827834280241	0.894768857578268	0.902112214570991	NA	NA	0.885970550234119	NA	NA	NA	0.92059053538827	NA	NA	0.853723891791636	0.945609552598604	0.890172798549937
cg00594488	NA	NA	NA	NA	NA	NA	NA	NA	NA	NA	NA	NA	NA	NA	NA	NA	NA	NA	NA	NA	NA	NA	NA	NA	NA	NA	NA	NA	NA	NA	NA	NA	NA	NA	NA	NA	NA	NA	NA	NA	NA	NA	NA	NA	NA	NA	NA	NA	NA	NA	NA	NA	NA	NA	NA	NA	NA	NA	NA	NA	NA	NA	NA	NA	NA	NA	NA	NA	NA	NA	NA	NA	NA	NA	NA	NA	NA	NA	NA	NA	NA	NA	NA	NA	NA	NA	NA	NA	NA	NA	NA	NA	NA	NA	NA	NA	NA	NA	NA
cg00687674	0.171105052790151	0.137101149945932	0.287711674466883	0.142894996346023	0.276101446653822	0.232902317310756	0.218439602340937	0.0999579596795194	0.292480302869424	0.300088413335015	0.236728745664704	0.133756619278069	0.478112500642886	0.212759441016859	0.26839012772537	0.139704686880912	0.192371250917318	0.244097947063624	0.158382724081756	0.271712216348006	0.264314301157408	0.331993169740916	0.14578571886371	0.191345484541868	0.218517176398292	0.297072972367356	0.162108369750776	0.230906940292568	0.207872249784025	0.0895242658660459	0.111056575647043	0.218250155987027	0.158957634912056	0.161508395213311	0.177778322216776	0.173254167642089	0.164436145765722	0.199385218947251	0.223524152506176	0.176798698925015	0.0965486994435192	0.120686326289709	0.319299507853604	0.085000666091955	0.275722056441384	0.250509363386061	0.19041370495749	0.362292167388294	0.189209195854311	0.193699058745655	0.254652320873758	0.243178406734638	0.204748100612942	0.287411172199645	0.299558596740774	0.290783543650218	0.0849302387659276	0.229995294897523	0.153938150420689	0.392861346020357	0.265267568862818	0.0957248476756191	0.171630723008243	0.306599128842544	0.115398011373771	0.315663373201638	0.11735149485702	0.248130707477429	0.195827794027803	0.296449414393775	0.110276824163013	0.238974090912794	0.171367479478201	0.257770349662468	0.596461593354212	0.23131234805968	0.241256526736297	0.102856807403597	0.244782233404476	0.388223335763377	0.17191966013491	0.213266155904485	0.0867581725904169	0.315238867380444	0.162845252676604	0.141257959626217	0.190280339956926	0.226819495955003	0.13917961772352	0.180135686331115	0.188779118941558	0.539884533968471	0.197669169019884	0.0950368750645708	0.257651675467724	0.154018367625174	0.273129763202472	0.300544462171089	0.330930616600739
cg00702369	NA	NA	NA	NA	NA	NA	NA	NA	NA	NA	NA	NA	NA	NA	NA	NA	NA	NA	NA	NA	NA	NA	NA	NA	NA	NA	NA	NA	NA	NA	NA	NA	NA	NA	NA	NA	NA	NA	NA	NA	NA	NA	NA	NA	NA	NA	NA	NA	NA	NA	NA	NA	NA	NA	NA	NA	NA	NA	NA	NA	NA	NA	NA	NA	NA	NA	NA	NA	NA	NA	NA	NA	NA	NA	NA	NA	NA	NA	NA	NA	NA	NA	NA	NA	NA	NA	NA	NA	NA	NA	NA	NA	NA	NA	NA	NA	NA	NA	NA
cg00727386	NA	NA	NA	NA	NA	NA	NA	NA	NA	NA	NA	NA	NA	NA	NA	NA	NA	NA	NA	NA	NA	NA	NA	NA	NA	NA	NA	NA	NA	NA	NA	NA	NA	NA	NA	NA	NA	NA	NA	NA	NA	NA	NA	NA	NA	NA	NA	NA	NA	NA	NA	NA	NA	NA	NA	NA	NA	NA	NA	NA	NA	NA	NA	NA	NA	NA	NA	NA	NA	NA	NA	NA	NA	NA	NA	NA	NA	NA	NA	NA	NA	NA	NA	NA	NA	NA	NA	NA	NA	NA	NA	NA	NA	NA	NA	NA	NA	NA	NA
cg00738299	NA	NA	NA	NA	NA	NA	NA	NA	NA	NA	NA	NA	NA	NA	NA	NA	NA	NA	NA	NA	NA	NA	NA	NA	NA	NA	NA	NA	NA	NA	NA	NA	NA	NA	NA	NA	NA	NA	NA	NA	NA	NA	NA	NA	NA	NA	NA	NA	NA	NA	NA	NA	NA	NA	NA	NA	NA	NA	NA	NA	NA	NA	NA	NA	NA	NA	NA	NA	NA	NA	NA	NA	NA	NA	NA	NA	NA	NA	NA	NA	NA	NA	NA	NA	NA	NA	NA	NA	NA	NA	NA	NA	NA	NA	NA	NA	NA	NA	NA
cg00795247	NA	NA	NA	NA	NA	NA	NA	NA	NA	NA	NA	NA	NA	NA	NA	NA	NA	NA	NA	NA	NA	NA	NA	NA	NA	NA	NA	NA	NA	NA	NA	NA	NA	NA	NA	NA	NA	NA	NA	NA	NA	NA	NA	NA	NA	NA	NA	NA	NA	NA	NA	NA	NA	NA	NA	NA	NA	NA	NA	NA	NA	NA	NA	NA	NA	NA	NA	NA	NA	NA	NA	NA	NA	NA	NA	NA	NA	NA	NA	NA	NA	NA	NA	NA	NA	NA	NA	NA	NA	NA	NA	NA	NA	NA	NA	NA	NA	NA	NA
cg00795885	NA	NA	NA	NA	NA	NA	NA	NA	NA	NA	NA	NA	NA	NA	NA	NA	NA	NA	NA	NA	NA	NA	NA	NA	NA	NA	NA	NA	NA	NA	NA	NA	NA	NA	NA	NA	NA	NA	NA	NA	NA	NA	NA	NA	NA	NA	NA	NA	NA	NA	NA	NA	NA	NA	NA	NA	NA	NA	NA	NA	NA	NA	NA	NA	NA	NA	NA	NA	NA	NA	NA	NA	NA	NA	NA	NA	NA	NA	NA	NA	NA	NA	NA	NA	NA	NA	NA	NA	NA	NA	NA	NA	NA	NA	NA	NA	NA	NA	NA
cg00809453	NA	NA	NA	NA	NA	NA	NA	NA	NA	NA	NA	NA	NA	NA	NA	NA	NA	NA	NA	NA	NA	NA	NA	NA	NA	NA	NA	NA	NA	NA	NA	NA	NA	NA	NA	NA	NA	NA	NA	NA	NA	NA	NA	NA	NA	NA	NA	NA	NA	NA	NA	NA	NA	NA	NA	NA	NA	NA	NA	NA	NA	NA	NA	NA	NA	NA	NA	NA	NA	NA	NA	NA	NA	NA	NA	NA	NA	NA	NA	NA	NA	NA	NA	NA	NA	NA	NA	NA	NA	NA	NA	NA	NA	NA	NA	NA	NA	NA	NA
cg00812839	NA	NA	NA	NA	NA	NA	NA	NA	NA	NA	NA	NA	NA	NA	NA	NA	NA	NA	NA	NA	NA	NA	NA	NA	NA	NA	NA	NA	NA	NA	NA	NA	NA	NA	NA	NA	NA	NA	NA	NA	NA	NA	NA	NA	NA	NA	NA	NA	NA	NA	NA	NA	NA	NA	NA	NA	NA	NA	NA	NA	NA	NA	NA	NA	NA	NA	NA	NA	NA	NA	NA	NA	NA	NA	NA	NA	NA	NA	NA	NA	NA	NA	NA	NA	NA	NA	NA	NA	NA	NA	NA	NA	NA	NA	NA	NA	NA	NA	NA
cg00834234	NA	NA	NA	NA	NA	NA	NA	NA	NA	NA	NA	NA	NA	NA	NA	NA	NA	NA	NA	NA	NA	NA	NA	NA	NA	NA	NA	NA	NA	NA	NA	NA	NA	NA	NA	NA	NA	NA	NA	NA	NA	NA	NA	NA	NA	NA	NA	NA	NA	NA	NA	NA	NA	NA	NA	NA	NA	NA	NA	NA	NA	NA	NA	NA	NA	NA	NA	NA	NA	NA	NA	NA	NA	NA	NA	NA	NA	NA	NA	NA	NA	NA	NA	NA	NA	NA	NA	NA	NA	NA	NA	NA	NA	NA	NA	NA	NA	NA	NA
cg00850868	NA	NA	NA	NA	NA	NA	NA	NA	NA	NA	NA	NA	NA	NA	NA	NA	NA	NA	NA	NA	NA	NA	NA	NA	NA	NA	NA	NA	NA	NA	NA	NA	NA	NA	NA	NA	NA	NA	NA	NA	NA	NA	NA	NA	NA	NA	NA	NA	NA	NA	NA	NA	NA	NA	NA	NA	NA	NA	NA	NA	NA	NA	NA	NA	NA	NA	NA	NA	NA	NA	NA	NA	NA	NA	NA	NA	NA	NA	NA	NA	NA	NA	NA	NA	NA	NA	NA	NA	NA	NA	NA	NA	NA	NA	NA	NA	NA	NA	NA
cg00894142	NA	NA	NA	NA	NA	NA	NA	NA	NA	NA	NA	NA	NA	NA	NA	NA	NA	NA	NA	NA	NA	NA	NA	NA	NA	NA	NA	NA	NA	NA	NA	NA	NA	NA	NA	NA	NA	NA	NA	NA	NA	NA	NA	NA	NA	NA	NA	NA	NA	NA	NA	NA	NA	NA	NA	NA	NA	NA	NA	NA	NA	NA	NA	NA	NA	NA	NA	NA	NA	NA	NA	NA	NA	NA	NA	NA	NA	NA	NA	NA	NA	NA	NA	NA	NA	NA	NA	NA	NA	NA	NA	NA	NA	NA	NA	NA	NA	NA	NA
cg00919576	NA	NA	NA	NA	NA	NA	NA	NA	NA	NA	NA	NA	NA	NA	NA	NA	NA	NA	NA	NA	NA	NA	NA	NA	NA	NA	NA	NA	NA	NA	NA	NA	NA	NA	NA	NA	NA	NA	NA	NA	NA	NA	NA	NA	NA	NA	NA	NA	NA	NA	NA	NA	NA	NA	NA	NA	NA	NA	NA	NA	NA	NA	NA	NA	NA	NA	NA	NA	NA	NA	NA	NA	NA	NA	NA	NA	NA	NA	NA	NA	NA	NA	NA	NA	NA	NA	NA	NA	NA	NA	NA	NA	NA	NA	NA	NA	NA	NA	NA
cg00954931	NA	NA	NA	NA	NA	NA	NA	NA	NA	NA	NA	NA	NA	NA	NA	NA	NA	NA	NA	NA	NA	NA	NA	NA	NA	NA	NA	NA	NA	NA	NA	NA	NA	NA	NA	NA	NA	NA	NA	NA	NA	NA	NA	NA	NA	NA	NA	NA	NA	NA	NA	NA	NA	NA	NA	NA	NA	NA	NA	NA	NA	NA	NA	NA	NA	NA	NA	NA	NA	NA	NA	NA	NA	NA	NA	NA	NA	NA	NA	NA	NA	NA	NA	NA	NA	NA	NA	NA	NA	NA	NA	NA	NA	NA	NA	NA	NA	NA	NA
cg01000036	NA	NA	NA	NA	NA	NA	NA	NA	NA	NA	NA	NA	NA	NA	NA	NA	NA	NA	NA	NA	NA	NA	NA	NA	NA	NA	NA	NA	NA	NA	NA	NA	NA	NA	NA	NA	NA	NA	NA	NA	NA	NA	NA	NA	NA	NA	NA	NA	NA	NA	NA	NA	NA	NA	NA	NA	NA	NA	NA	NA	NA	NA	NA	NA	NA	NA	NA	NA	NA	NA	NA	NA	NA	NA	NA	NA	NA	NA	NA	NA	NA	NA	NA	NA	NA	NA	NA	NA	NA	NA	NA	NA	NA	NA	NA	NA	NA	NA	NA
cg01009068	0.810541601829507	0.782601920021545	0.889431116033878	0.545780876427068	0.937309146932747	0.446721899314327	0.907160886676408	0.244893435390388	0.53025556709377	NA	0.411368365721622	0.949328128596136	0.938673039275263	0.173381606392478	0.937075933289291	0.598174027841444	0.646324026535742	0.893544540551781	0.723800407478136	0.846256350050436	0.873230371488336	0.72001099375945	0.161142786827929	0.627021856320014	0.406018745959756	0.897609266866693	0.889204610106145	0.9435667425876	0.633783359567143	0.912934858829856	0.307961843178862	0.607344287718463	0.952019168766341	0.944813237514803	NA	0.585325990399013	0.373620033194172	0.614513598814181	0.935768589966777	0.401911963427768	0.78036114583425	0.676103740848443	0.675304141187652	0.36821582434385	0.311044324529625	0.645854456108711	0.37188075688856	0.885130298808829	0.305208556446762	0.720075431753406	0.723757986874871	0.938236822382774	0.24698718687296	0.901889133894403	0.561132040278136	0.522140524512096	0.497075291404487	0.376970417897592	0.790195584831667	0.654032766141378	0.930031836404627	0.116489331393355	0.813215125819557	0.928728315102184	0.926269289499954	0.789947892019278	0.447224970924698	0.922729862190153	0.90035609476371	0.630854928284606	0.877992554377394	0.776365422252417	0.532879287013034	0.336301585629005	0.943527900079835	0.357328500565581	0.593706862866268	0.12592097033097	0.786768083264727	0.690829139576218	0.68852759695089	0.565945193248816	0.646318443058048	0.799471600280069	0.944537639584793	0.446664907295582	0.846445071184033	0.28476133389319	0.577700524242553	0.858773383375709	0.858412376323362	0.772990703471587	0.403246906599232	0.124104183406693	0.687870530315531	0.933198939281922	0.820510017912433	0.743702492527707	0.663573306184753
cg01049884	0.980024131403213	0.973981842491818	0.97934014860955	0.951098006184	0.978370698249436	0.957920576037903	0.975822289379787	0.982292618718087	0.952182718701182	0.941255092565659	0.982637519853206	0.981484690821669	0.974238079649499	0.982601446499948	0.974393829966302	0.966083124457554	0.979596216445084	0.96771821338855	0.962408154483247	0.986131562808071	0.980649678240697	0.979842565174173	0.974841086209662	0.96492933569008	0.982923964256928	0.958772220661338	0.978366958021041	0.981986708025074	0.984021981190728	0.970972781971163	0.967948302134511	0.984217236496374	0.986963578287299	0.982228666088719	0.97140620807607	0.977364926502476	0.980847746602896	0.967448865943111	0.972516738612401	0.983575250533652	0.97706596725051	0.980230773562195	0.969203988361915	0.976713782098436	0.945822669449561	0.945580323083242	0.981224732704401	0.979819517235211	0.98180080301549	0.956699022788421	0.981681889380259	0.961431519260186	0.978758056650284	0.962711046938787	0.944881905175088	0.985393171418194	0.979857568113776	0.978453363169666	0.949361373221675	0.959477012241501	0.980637945636946	0.977388439154508	0.971738571825707	0.980720207673629	0.967510465575016	0.97950008251849	0.972996357734222	0.957890359875721	0.9810975766819	0.984380207122613	0.979873430571034	0.97140757662214	0.980148285166557	0.985745178944184	0.978635729879711	0.981961286168511	0.970031726692525	0.954268311993907	0.953518939039478	0.909476996927894	0.984362302396895	0.973568051194541	0.945742842541157	0.978453641944791	0.959227778948825	0.958350555985482	0.972487771448605	0.983647797431128	0.983678192563292	0.976639860170556	0.933046053154806	0.980007229226703	0.941981774748658	0.980284113804588	0.963482226525639	0.983654966179508	0.981141205142578	0.982424097123031	0.958975954348352
cg01052572	NA	NA	NA	NA	NA	NA	NA	NA	NA	NA	NA	NA	NA	NA	NA	NA	NA	NA	NA	NA	NA	NA	NA	NA	NA	NA	NA	NA	NA	NA	NA	NA	NA	NA	NA	NA	NA	NA	NA	NA	NA	NA	NA	NA	NA	NA	NA	NA	NA	NA	NA	NA	NA	NA	NA	NA	NA	NA	NA	NA	NA	NA	NA	NA	NA	NA	NA	NA	NA	NA	NA	NA	NA	NA	NA	NA	NA	NA	NA	NA	NA	NA	NA	NA	NA	NA	NA	NA	NA	NA	NA	NA	NA	NA	NA	NA	NA	NA	NA
cg01080483	NA	NA	NA	NA	NA	NA	NA	NA	NA	NA	NA	NA	NA	NA	NA	NA	NA	NA	NA	NA	NA	NA	NA	NA	NA	NA	NA	NA	NA	NA	NA	NA	NA	NA	NA	NA	NA	NA	NA	NA	NA	NA	NA	NA	NA	NA	NA	NA	NA	NA	NA	NA	NA	NA	NA	NA	NA	NA	NA	NA	NA	NA	NA	NA	NA	NA	NA	NA	NA	NA	NA	NA	NA	NA	NA	NA	NA	NA	NA	NA	NA	NA	NA	NA	NA	NA	NA	NA	NA	NA	NA	NA	NA	NA	NA	NA	NA	NA	NA
cg01132485	0.801037071142993	0.629867209282406	0.648307247264976	0.711597229926248	0.911478551138445	0.397523660262772	0.814001017468872	0.698685220520881	0.61315022306863	0.32547958738586	0.324541762288189	0.917425469002966	0.907148482094452	0.277599309653873	0.909008940874278	0.5829845776343	0.884273780236487	0.712116936283334	0.878383294191569	0.669580763283801	0.528878505416512	0.571999782816812	0.436388638211554	0.772997836023278	0.284094891542559	0.284040992997246	0.730975451499422	0.880073858439625	0.803517570174234	0.918102574315286	0.536056529039247	0.6242411637701	0.56600875673491	0.618686434195065	0.861952880993535	0.633049328681144	0.547485664497068	0.269365504133375	0.888055872172735	0.91713488579823	0.666987127546227	0.900224589617483	0.608069001432906	0.59517750994397	0.520847867943125	0.415568922771942	0.263184552729993	0.735037292469506	0.448071097518991	0.916627786335778	0.751686487569599	0.891771617957214	0.622447936151032	0.664035811412668	0.820132491923093	0.243276867525959	0.367823934926883	0.416866165294657	0.711469525504148	0.896752876629828	0.343028512431797	0.174445359789422	0.422366679117765	0.676921346620601	NA	0.717350670148769	0.572160935176267	0.897260000504197	0.624655553258785	0.911886843728719	0.555257898987965	0.635013263170688	0.481302736457515	0.501839120208103	0.92124343095441	0.892833184690469	0.759792218825399	0.477465762822184	0.3844008244633	0.533480494153494	0.810246421127312	0.546334841490194	0.433919027678294	0.681698758588364	0.88084040803697	0.223891581811395	0.650885271394021	0.691606367465949	0.694368228446806	0.89053193823546	0.862759831668423	0.387275636340905	0.64217239315907	0.240987820792482	0.566734390242899	0.680364274841574	0.859194904654392	0.761311906633595	0.91276566989964
cg01135961	NA	NA	NA	NA	NA	NA	NA	NA	NA	NA	NA	NA	NA	NA	NA	NA	NA	NA	NA	NA	NA	NA	NA	NA	NA	NA	NA	NA	NA	NA	NA	NA	NA	NA	NA	NA	NA	NA	NA	NA	NA	NA	NA	NA	NA	NA	NA	NA	NA	NA	NA	NA	NA	NA	NA	NA	NA	NA	NA	NA	NA	NA	NA	NA	NA	NA	NA	NA	NA	NA	NA	NA	NA	NA	NA	NA	NA	NA	NA	NA	NA	NA	NA	NA	NA	NA	NA	NA	NA	NA	NA	NA	NA	NA	NA	NA	NA	NA	NA
cg01137421	NA	NA	NA	NA	NA	NA	NA	NA	NA	NA	NA	NA	NA	NA	NA	NA	NA	NA	NA	NA	NA	NA	NA	NA	NA	NA	NA	NA	NA	NA	NA	NA	NA	NA	NA	NA	NA	NA	NA	NA	NA	NA	NA	NA	NA	NA	NA	NA	NA	NA	NA	NA	NA	NA	NA	NA	NA	NA	NA	NA	NA	NA	NA	NA	NA	NA	NA	NA	NA	NA	NA	NA	NA	NA	NA	NA	NA	NA	NA	NA	NA	NA	NA	NA	NA	NA	NA	NA	NA	NA	NA	NA	NA	NA	NA	NA	NA	NA	NA
cg01154525	NA	NA	NA	NA	NA	NA	NA	NA	NA	NA	NA	NA	NA	NA	NA	NA	NA	NA	NA	NA	NA	NA	NA	NA	NA	NA	NA	NA	NA	NA	NA	NA	NA	NA	NA	NA	NA	NA	NA	NA	NA	NA	NA	NA	NA	NA	NA	NA	NA	NA	NA	NA	NA	NA	NA	NA	NA	NA	NA	NA	NA	NA	NA	NA	NA	NA	NA	NA	NA	NA	NA	NA	NA	NA	NA	NA	NA	NA	NA	NA	NA	NA	NA	NA	NA	NA	NA	NA	NA	NA	NA	NA	NA	NA	NA	NA	NA	NA	NA
cg01163994	0.720344565437986	0.666786751043525	0.53997894916287	0.427199442371806	0.785138646832696	0.608415299940212	0.817266300790041	0.314688934727002	0.82113445344859	0.92498638406116	0.478277554299006	0.957304337523362	0.883580634415007	0.355500939073131	0.91884886252389	0.917118560173119	0.807495169006469	0.444226366004277	0.612065448203128	0.254995913617489	0.584871543040724	0.428360364709997	0.142360519330565	0.740406691020634	0.318396534800067	0.794066246781185	0.813235246752592	0.549134230349556	0.540361873454768	0.917442899404708	0.166397248040102	0.532730667265948	0.338095808430054	0.948440338195344	0.785996670261841	0.928986895652818	0.191816422224752	0.426298827736066	0.714398350907353	0.393032590119803	0.880051899623061	0.953688193843855	0.636409028070462	0.941335406990879	0.202788985615229	0.744540113393403	0.294073492226717	0.489526639070498	0.711884173000795	0.924972382563404	0.368995109122246	0.942117334984519	0.773799989434315	0.764171927060832	0.929430508003476	0.460752312493369	0.312086257648361	0.374972221237005	0.804082891982067	0.837483288745348	0.351419623905586	0.503701607021546	0.493996915742613	0.293919631116093	0.934429429721385	0.935691315907255	0.370751869127534	0.898787531477052	0.293088446356173	0.7486526472215	0.801482938492621	0.734215684563443	0.77863327145637	0.736815981341801	0.91942230088019	0.938791417549578	0.338803367571973	0.61319586762722	0.763420610758739	0.579183534022946	0.477407615234972	0.730817354500253	0.18399990276801	0.884818679337557	0.713085532475801	0.31458430106452	0.706417632127933	0.868599679503282	0.741637558226368	0.924594228064281	0.236220822816427	0.79355880386427	0.345514228252054	0.190830524416649	0.764394169813789	0.36538215962996	0.881058336313803	0.914044229165245	0.934120539659327
cg01204669	NA	NA	NA	NA	NA	NA	NA	NA	NA	NA	NA	NA	NA	NA	NA	NA	NA	NA	NA	NA	NA	NA	NA	NA	NA	NA	NA	NA	NA	NA	NA	NA	NA	NA	NA	NA	NA	NA	NA	NA	NA	NA	NA	NA	NA	NA	NA	NA	NA	NA	NA	NA	NA	NA	NA	NA	NA	NA	NA	NA	NA	NA	NA	NA	NA	NA	NA	NA	NA	NA	NA	NA	NA	NA	NA	NA	NA	NA	NA	NA	NA	NA	NA	NA	NA	NA	NA	NA	NA	NA	NA	NA	NA	NA	NA	NA	NA	NA	NA
cg01206398	NA	NA	NA	NA	NA	NA	NA	NA	NA	NA	NA	NA	NA	NA	NA	NA	NA	NA	NA	NA	NA	NA	NA	NA	NA	NA	NA	NA	NA	NA	NA	NA	NA	NA	NA	NA	NA	NA	NA	NA	NA	NA	NA	NA	NA	NA	NA	NA	NA	NA	NA	NA	NA	NA	NA	NA	NA	NA	NA	NA	NA	NA	NA	NA	NA	NA	NA	NA	NA	NA	NA	NA	NA	NA	NA	NA	NA	NA	NA	NA	NA	NA	NA	NA	NA	NA	NA	NA	NA	NA	NA	NA	NA	NA	NA	NA	NA	NA	NA
cg01230154	NA	NA	NA	NA	NA	NA	NA	NA	NA	NA	NA	NA	NA	NA	NA	NA	NA	NA	NA	NA	NA	NA	NA	NA	NA	NA	NA	NA	NA	NA	NA	NA	NA	NA	NA	NA	NA	NA	NA	NA	NA	NA	NA	NA	NA	NA	NA	NA	NA	NA	NA	NA	NA	NA	NA	NA	NA	NA	NA	NA	NA	NA	NA	NA	NA	NA	NA	NA	NA	NA	NA	NA	NA	NA	NA	NA	NA	NA	NA	NA	NA	NA	NA	NA	NA	NA	NA	NA	NA	NA	NA	NA	NA	NA	NA	NA	NA	NA	NA
cg01231757	NA	NA	NA	NA	NA	NA	NA	NA	NA	NA	NA	NA	NA	NA	NA	NA	NA	NA	NA	NA	NA	NA	NA	NA	NA	NA	NA	NA	NA	NA	NA	NA	NA	NA	NA	NA	NA	NA	NA	NA	NA	NA	NA	NA	NA	NA	NA	NA	NA	NA	NA	NA	NA	NA	NA	NA	NA	NA	NA	NA	NA	NA	NA	NA	NA	NA	NA	NA	NA	NA	NA	NA	NA	NA	NA	NA	NA	NA	NA	NA	NA	NA	NA	NA	NA	NA	NA	NA	NA	NA	NA	NA	NA	NA	NA	NA	NA	NA	NA
cg01251118	NA	NA	NA	NA	NA	NA	NA	NA	NA	NA	NA	NA	NA	NA	NA	NA	NA	NA	NA	NA	NA	NA	NA	NA	NA	NA	NA	NA	NA	NA	NA	NA	NA	NA	NA	NA	NA	NA	NA	NA	NA	NA	NA	NA	NA	NA	NA	NA	NA	NA	NA	NA	NA	NA	NA	NA	NA	NA	NA	NA	NA	NA	NA	NA	NA	NA	NA	NA	NA	NA	NA	NA	NA	NA	NA	NA	NA	NA	NA	NA	NA	NA	NA	NA	NA	NA	NA	NA	NA	NA	NA	NA	NA	NA	NA	NA	NA	NA	NA
cg01331064	NA	NA	NA	NA	NA	NA	NA	NA	NA	NA	NA	NA	NA	NA	NA	NA	NA	NA	NA	NA	NA	NA	NA	NA	NA	NA	NA	NA	NA	NA	NA	NA	NA	NA	NA	NA	NA	NA	NA	NA	NA	NA	NA	NA	NA	NA	NA	NA	NA	NA	NA	NA	NA	NA	NA	NA	NA	NA	NA	NA	NA	NA	NA	NA	NA	NA	NA	NA	NA	NA	NA	NA	NA	NA	NA	NA	NA	NA	NA	NA	NA	NA	NA	NA	NA	NA	NA	NA	NA	NA	NA	NA	NA	NA	NA	NA	NA	NA	NA
cg01352656	0.0876251481100614	0.114322532328909	0.0449349079341791	0.105051157515675	0.263467683826479	0.0636298915047686	0.125365335781162	0.0196682896614954	0.0573327109709365	0.0348855072605151	0.0891225910214048	0.0365281908681177	0.0647492649804816	0.0395395120921953	0.0863665586412982	0.0251493701895757	0.0436327544341472	0.098305960736925	0.0238213193212799	0.0343794545153993	0.117197994638647	0.0369943318354368	0.0238166160666839	0.0400618544793387	0.0526292256528861	0.038208611971106	0.0484317284350013	0.163321510102444	0.0237787083189932	0.018949741887541	0.0264322103810219	0.0557835738107804	0.0242518388931746	0.028285356131713	0.0485865498080972	0.0327419443362533	0.0263230169504222	0.0697005774385035	0.047860863676944	0.0404548493612775	0.0474854457485702	0.0233913608572913	0.0655867496940083	0.0309201804953426	0.0281338549080075	0.0355595328961591	0.0270017830665164	0.0274580945861653	0.0349385904223798	0.0546101934927919	0.0482436780541334	0.286914791765104	0.0362698275983658	0.185594248715881	0.178039607408285	0.0713951163206137	0.042401996068951	0.0417171935282507	0.0177893648501435	0.399898740804832	0.1031732799487	0.0234011575171867	0.0742185236184958	0.0258067306088224	0.10494089164886	0.265124101891992	0.0466890498571058	0.447410366476773	0.0369089692015228	0.0926859019818409	0.0870944577927684	0.0371206430303487	0.0612029958635297	0.841346717540872	0.0852879741162242	0.0269041522679401	0.482200303793481	0.021336164567899	0.0462686937186985	0.111115568986848	0.0233777831439852	0.0636123574659263	0.0260581723372241	0.167132720984814	0.236255941870688	0.0491615664168299	0.862339711268037	0.049192859760869	0.025379892775681	0.0446451873369156	0.036493904998591	0.0228073498478329	0.0325628560699956	NA	0.328061199288466	0.822240380860632	0.150790111946749	0.561529179237623	0.0319602023687992
cg01372572	0.490589937417293	0.4442054127305	0.39411707041289	0.449147661786887	0.407610972641743	0.427118673971487	0.509738850150572	0.336808048353629	0.3908568096332	0.225359698243497	0.38367077621514	0.411199524586361	0.456969809599023	0.295246978548107	0.455905484908393	0.327107546838409	0.345202461458347	0.404816635307731	0.290703029937102	0.337629580107031	0.47627514041657	0.426542203059371	0.265222133651372	0.344293344168838	0.321444952258115	0.477793342328104	0.495777481887011	0.344237800854548	0.363469609175484	0.318557577391038	0.289122906599378	0.432868095892774	0.545654883359898	0.428837782758396	0.646088463325825	0.242503169175817	0.320832891411509	0.365543468577915	0.451320340719405	0.36099133294614	0.280680409398458	0.357009763789372	0.382435946516157	0.284231845001408	0.328839675657236	0.377114457128059	0.273549677093556	0.435958900277191	0.358035643009666	0.37867858145588	0.371123795585518	0.447753841023762	0.216833275000203	0.559536802945761	0.704880403468664	0.377842766323246	0.301511893832299	0.306368372303034	0.363629210969469	0.456387545163435	0.36287394757141	0.212395728828751	0.536732424172879	0.499218083672982	0.586020120727282	0.555355937484242	0.336742303254437	0.69064206990487	0.26168534366979	0.382723540365276	0.295294856525931	0.503382577922766	0.539715847205252	0.363974204458446	0.581124420524395	0.460470114990694	0.528615138459804	0.420590991219783	0.358598989096325	0.483717630387085	0.316498252633839	0.353893996359247	0.207791936935059	0.33210749092536	0.333799334581493	0.328862095078492	0.753139904563804	0.42026610186944	0.321655343294876	0.436543904152264	0.486557593761097	0.515152821114827	0.356318060612662	0.202823484257323	0.404595230481252	0.387188757744475	0.425722364614266	0.362424590809987	0.468746752983714
cg01389383	NA	NA	NA	NA	NA	NA	NA	NA	NA	NA	NA	NA	NA	NA	NA	NA	NA	NA	NA	NA	NA	NA	NA	NA	NA	NA	NA	NA	NA	NA	NA	NA	NA	NA	NA	NA	NA	NA	NA	NA	NA	NA	NA	NA	NA	NA	NA	NA	NA	NA	NA	NA	NA	NA	NA	NA	NA	NA	NA	NA	NA	NA	NA	NA	NA	NA	NA	NA	NA	NA	NA	NA	NA	NA	NA	NA	NA	NA	NA	NA	NA	NA	NA	NA	NA	NA	NA	NA	NA	NA	NA	NA	NA	NA	NA	NA	NA	NA	NA
cg01404122	0.366599797133042	0.244729373043638	0.303951086047554	0.762486063286755	0.393238753099527	0.378590700654944	0.458837998321702	0.27502873720002	0.486264941320843	0.597286250704502	0.365623936939458	0.333195358403469	0.629219795015396	0.355472253612511	0.369520859782824	0.213606335422376	0.725597584503514	0.467389531107126	0.303739009260676	0.432923627126401	0.412872416912264	0.365594619075208	0.406475077556584	0.563891766473085	0.265062194026596	0.929152490570757	0.589716142216113	0.330292973713673	0.357231898658401	0.793378346952438	0.261805026097301	0.421934853862927	0.36376776329396	0.389044565775672	0.547155883825785	0.273010907672732	0.245977382656466	0.830261413455981	0.441796489546597	0.408854733310394	0.226685549055491	0.250886325696882	0.71354769523131	0.270702167894676	0.565206243767934	0.557318769931501	0.727602117294287	0.543667074057406	0.522223222108162	0.34294637439647	0.485508445103069	0.846502300239375	0.174798206683682	0.432701013507455	0.522002106670716	0.37785624851207	0.203496420560241	0.34130925308924	0.384126945573635	0.489643331130202	0.298537887410855	0.155871868889568	0.355788083887789	0.388675940174561	0.324515306966387	0.776880863374657	0.674242620796345	0.614504695008061	0.622788510786112	0.330014679513896	0.256029118506864	0.377256807502271	0.277647077694045	0.663809833562047	0.748081430417378	0.295556747730012	0.417568720152076	0.373701767904728	0.348670486943257	0.471856066587217	0.322905268037777	0.317945354692697	0.239876742696838	0.6357223777843	0.254986034614967	0.279323169974969	0.352802071982091	0.303947073924095	0.3172867922721	0.528463884637333	0.455129201658196	0.619720044010879	0.297897142950921	0.297458114186239	0.383170491833188	0.769715947006709	0.329917198441815	0.767230335143651	0.597544439843495
cg01449444	NA	NA	NA	NA	NA	NA	NA	NA	NA	NA	NA	NA	NA	NA	NA	NA	NA	NA	NA	NA	NA	NA	NA	NA	NA	NA	NA	NA	NA	NA	NA	NA	NA	NA	NA	NA	NA	NA	NA	NA	NA	NA	NA	NA	NA	NA	NA	NA	NA	NA	NA	NA	NA	NA	NA	NA	NA	NA	NA	NA	NA	NA	NA	NA	NA	NA	NA	NA	NA	NA	NA	NA	NA	NA	NA	NA	NA	NA	NA	NA	NA	NA	NA	NA	NA	NA	NA	NA	NA	NA	NA	NA	NA	NA	NA	NA	NA	NA	NA
cg01522278	NA	NA	NA	NA	NA	NA	NA	NA	NA	NA	NA	NA	NA	NA	NA	NA	NA	NA	NA	NA	NA	NA	NA	NA	NA	NA	NA	NA	NA	NA	NA	NA	NA	NA	NA	NA	NA	NA	NA	NA	NA	NA	NA	NA	NA	NA	NA	NA	NA	NA	NA	NA	NA	NA	NA	NA	NA	NA	NA	NA	NA	NA	NA	NA	NA	NA	NA	NA	NA	NA	NA	NA	NA	NA	NA	NA	NA	NA	NA	NA	NA	NA	NA	NA	NA	NA	NA	NA	NA	NA	NA	NA	NA	NA	NA	NA	NA	NA	NA
cg01579172	NA	NA	NA	NA	NA	NA	NA	NA	NA	NA	NA	NA	NA	NA	NA	NA	NA	NA	NA	NA	NA	NA	NA	NA	NA	NA	NA	NA	NA	NA	NA	NA	NA	NA	NA	NA	NA	NA	NA	NA	NA	NA	NA	NA	NA	NA	NA	NA	NA	NA	NA	NA	NA	NA	NA	NA	NA	NA	NA	NA	NA	NA	NA	NA	NA	NA	NA	NA	NA	NA	NA	NA	NA	NA	NA	NA	NA	NA	NA	NA	NA	NA	NA	NA	NA	NA	NA	NA	NA	NA	NA	NA	NA	NA	NA	NA	NA	NA	NA
cg01637519	NA	NA	NA	NA	NA	NA	NA	NA	NA	NA	NA	NA	NA	NA	NA	NA	NA	NA	NA	NA	NA	NA	NA	NA	NA	NA	NA	NA	NA	NA	NA	NA	NA	NA	NA	NA	NA	NA	NA	NA	NA	NA	NA	NA	NA	NA	NA	NA	NA	NA	NA	NA	NA	NA	NA	NA	NA	NA	NA	NA	NA	NA	NA	NA	NA	NA	NA	NA	NA	NA	NA	NA	NA	NA	NA	NA	NA	NA	NA	NA	NA	NA	NA	NA	NA	NA	NA	NA	NA	NA	NA	NA	NA	NA	NA	NA	NA	NA	NA
cg01638082	NA	NA	NA	NA	NA	NA	NA	NA	NA	NA	NA	NA	NA	NA	NA	NA	NA	NA	NA	NA	NA	NA	NA	NA	NA	NA	NA	NA	NA	NA	NA	NA	NA	NA	NA	NA	NA	NA	NA	NA	NA	NA	NA	NA	NA	NA	NA	NA	NA	NA	NA	NA	NA	NA	NA	NA	NA	NA	NA	NA	NA	NA	NA	NA	NA	NA	NA	NA	NA	NA	NA	NA	NA	NA	NA	NA	NA	NA	NA	NA	NA	NA	NA	NA	NA	NA	NA	NA	NA	NA	NA	NA	NA	NA	NA	NA	NA	NA	NA
cg01644640	0.532090844566316	0.397441007788866	0.891835263446633	0.742700147964244	0.479186453273823	0.520974251224544	0.855960351106208	0.547282105919577	0.468489985182774	0.149629905991842	0.671374312060622	0.944167362324471	0.877707292072943	0.158749643681209	0.873233313530285	0.868275319347908	0.263302366176873	0.336870783362868	0.504215044133547	0.354300918704119	0.516981413090427	0.435599656785956	0.582643276291044	0.783103620019526	0.227485353924872	0.935420381304626	0.335188487266467	0.663511753732778	0.302379424168298	0.95899802858468	0.926982536626068	0.41073057122287	0.705345995158919	0.853235194350891	0.885825200469113	0.0792485450621312	0.928027997605061	0.159921394388535	0.87248262877744	0.260332837462	0.929309833451021	0.634194082031471	0.78897614925774	0.914155585333968	0.120065565391143	0.266578852569602	0.20794504798295	0.376555653052369	0.249518948702388	0.887712394003591	0.219357100486202	0.8724696962409	0.489152662025606	0.624173074679566	0.690761207411484	0.405912131425721	0.341376000194718	0.482454374916127	0.658872174158885	0.646640525835433	0.54679992092623	0.517203320881985	0.638176650857988	0.59165816186857	0.72514802560539	0.908330796669572	0.48347916813702	0.745078029284362	0.738368640891352	0.529517107396319	0.86632272292998	0.653557816747109	0.344442020395076	0.259482108024834	0.751710234876223	0.618688344546211	0.876145437256081	0.856821336607127	0.808700851285091	0.51524843390409	0.16463552769555	0.792048331215623	0.156306170951314	0.639787661561457	0.574703104844007	0.250806678034192	0.932625059770329	0.576881449444956	0.885395455297454	0.341135252486826	0.581674787302939	0.613829796214412	0.408359337314047	0.0829601995748105	0.792735218835234	0.795293884805378	0.880443997909325	0.688379183445404	0.6393572496291
cg01659483	NA	NA	NA	NA	NA	NA	NA	NA	NA	NA	NA	NA	NA	NA	NA	NA	NA	NA	NA	NA	NA	NA	NA	NA	NA	NA	NA	NA	NA	NA	NA	NA	NA	NA	NA	NA	NA	NA	NA	NA	NA	NA	NA	NA	NA	NA	NA	NA	NA	NA	NA	NA	NA	NA	NA	NA	NA	NA	NA	NA	NA	NA	NA	NA	NA	NA	NA	NA	NA	NA	NA	NA	NA	NA	NA	NA	NA	NA	NA	NA	NA	NA	NA	NA	NA	NA	NA	NA	NA	NA	NA	NA	NA	NA	NA	NA	NA	NA	NA
cg01711850	NA	NA	NA	NA	NA	NA	NA	NA	NA	NA	NA	NA	NA	NA	NA	NA	NA	NA	NA	NA	NA	NA	NA	NA	NA	NA	NA	NA	NA	NA	NA	NA	NA	NA	NA	NA	NA	NA	NA	NA	NA	NA	NA	NA	NA	NA	NA	NA	NA	NA	NA	NA	NA	NA	NA	NA	NA	NA	NA	NA	NA	NA	NA	NA	NA	NA	NA	NA	NA	NA	NA	NA	NA	NA	NA	NA	NA	NA	NA	NA	NA	NA	NA	NA	NA	NA	NA	NA	NA	NA	NA	NA	NA	NA	NA	NA	NA	NA	NA
cg01729288	NA	NA	NA	NA	NA	NA	NA	NA	NA	NA	NA	NA	NA	NA	NA	NA	NA	NA	NA	NA	NA	NA	NA	NA	NA	NA	NA	NA	NA	NA	NA	NA	NA	NA	NA	NA	NA	NA	NA	NA	NA	NA	NA	NA	NA	NA	NA	NA	NA	NA	NA	NA	NA	NA	NA	NA	NA	NA	NA	NA	NA	NA	NA	NA	NA	NA	NA	NA	NA	NA	NA	NA	NA	NA	NA	NA	NA	NA	NA	NA	NA	NA	NA	NA	NA	NA	NA	NA	NA	NA	NA	NA	NA	NA	NA	NA	NA	NA	NA
cg01735082	0.597135317752351	0.668937607699502	0.54429719785211	0.306602851123032	0.587674862007079	0.314798135514909	0.671841976297525	0.332524939808352	0.251780415671498	0.731042166403335	0.56183553794819	0.788747547351433	0.651274715186802	0.125995339949332	0.769256269860528	0.802968600417354	0.520862788006831	0.238888195242295	0.0799764735912804	0.356928637902314	0.568782039809083	0.378521056733403	0.578893886389013	0.703501569330383	0.234757461710314	0.3990144507123	0.440509691426076	0.489089183567236	0.608013571422232	0.828771046001903	0.361609193820296	0.412571736745805	0.394023123821578	0.414591729906641	0.576849939337728	0.668590988072229	0.0755087824401934	0.636804055964126	0.701213026543687	0.271975160534683	0.9237639877897	0.362960878113539	0.624496920757738	0.141105496544236	0.610506109738863	0.255258701889695	0.185843970940134	0.324608349395704	0.518071117778622	0.821085394444832	0.628985142066575	0.726593274100475	0.136265106896923	0.568851716281527	0.751207249693465	0.294803790268974	0.353836363112196	0.630565251434683	0.586499937059596	0.391249547688274	0.630403548646692	0.875325275132283	0.850075698240718	0.564403670816332	0.611657274870129	0.454221984405466	0.267915213121786	0.676691262874385	0.569023629320209	0.327685731539703	0.307533745432161	0.767727815126674	0.770820098928438	0.43288927489885	0.863889891472285	0.809782901683724	0.258584528600535	0.556465496522072	0.427919853522402	0.382728031753526	0.308500341134309	0.519373176685559	0.149436580141928	0.515307277584566	0.467274724369381	0.118452497021749	0.856433814263954	0.679244369111135	0.10283573070759	0.560890232290797	0.483049507560438	0.409136158283587	0.269797559545568	0.0636661573898983	0.41158102039171	0.188657210048427	0.311664999316333	0.332640602849627	0.754949015643155
cg01774400	NA	NA	NA	NA	NA	NA	NA	NA	NA	NA	NA	NA	NA	NA	NA	NA	NA	NA	NA	NA	NA	NA	NA	NA	NA	NA	NA	NA	NA	NA	NA	NA	NA	NA	NA	NA	NA	NA	NA	NA	NA	NA	NA	NA	NA	NA	NA	NA	NA	NA	NA	NA	NA	NA	NA	NA	NA	NA	NA	NA	NA	NA	NA	NA	NA	NA	NA	NA	NA	NA	NA	NA	NA	NA	NA	NA	NA	NA	NA	NA	NA	NA	NA	NA	NA	NA	NA	NA	NA	NA	NA	NA	NA	NA	NA	NA	NA	NA	NA
cg01776221	NA	NA	NA	NA	NA	NA	NA	NA	NA	NA	NA	NA	NA	NA	NA	NA	NA	NA	NA	NA	NA	NA	NA	NA	NA	NA	NA	NA	NA	NA	NA	NA	NA	NA	NA	NA	NA	NA	NA	NA	NA	NA	NA	NA	NA	NA	NA	NA	NA	NA	NA	NA	NA	NA	NA	NA	NA	NA	NA	NA	NA	NA	NA	NA	NA	NA	NA	NA	NA	NA	NA	NA	NA	NA	NA	NA	NA	NA	NA	NA	NA	NA	NA	NA	NA	NA	NA	NA	NA	NA	NA	NA	NA	NA	NA	NA	NA	NA	NA
cg01796929	0.875686716337844	0.906767809369417	0.882723862500117	0.880343711712477	0.910020894564288	0.829068361646509	0.809080524223457	0.935394102054365	0.770204056005504	0.898001399566904	0.914633848169832	0.920865323181433	0.871992961389529	0.786022943876635	0.882237393990036	0.226512201336676	0.917186646054003	0.86587483846679	0.949233037481447	0.939611368594736	0.894548234264648	0.877522840466817	0.87850056646542	0.926318030179192	0.394899257856845	0.931663143839062	0.88696808919279	0.909815144314243	0.916403955616547	0.944071234478525	0.775305214804238	0.829987259070453	0.930322887738968	0.953680692207579	0.869894211758098	0.930013880519979	0.787859524304298	0.934644323301361	0.891255628495122	0.907116456025455	0.892568881428152	0.888392146992722	0.829690914911763	0.918103851657028	0.934447191353275	0.832405798448334	0.857687687891625	0.898101666443834	0.929782186743298	0.913186154830763	0.919361094969265	0.893226878295004	0.735291297272066	0.789529147319906	0.868667752527056	0.630307968108796	0.382860892910016	0.869219445311704	0.891586997853563	0.890675370830624	0.824897783881286	0.951580594555624	0.937685819814666	0.91087529151194	0.842794979488795	0.907669752014319	0.944030294986427	0.92671040125461	0.924687314924268	0.705777817022585	0.896317547764014	0.890776266703548	0.911851788480057	0.786099618258293	0.910240233119698	0.67904350006415	0.933588123866563	0.787914080928406	0.89958096667679	0.601687228148998	0.902864319353754	0.863067487570863	0.721077007359083	0.681248349613296	0.87834798910548	0.513208576565623	0.942867177361715	0.815038309130234	0.936295630592072	0.83696059822435	0.915399386627443	0.916682867498833	0.856850859092665	0.853911843941386	0.911415411766582	0.918975518729805	0.918467533218239	0.844044643558459	0.906395154321775
cg01834373	NA	NA	NA	NA	NA	NA	NA	NA	NA	NA	NA	NA	NA	NA	NA	NA	NA	NA	NA	NA	NA	NA	NA	NA	NA	NA	NA	NA	NA	NA	NA	NA	NA	NA	NA	NA	NA	NA	NA	NA	NA	NA	NA	NA	NA	NA	NA	NA	NA	NA	NA	NA	NA	NA	NA	NA	NA	NA	NA	NA	NA	NA	NA	NA	NA	NA	NA	NA	NA	NA	NA	NA	NA	NA	NA	NA	NA	NA	NA	NA	NA	NA	NA	NA	NA	NA	NA	NA	NA	NA	NA	NA	NA	NA	NA	NA	NA	NA	NA
cg01836858	NA	NA	NA	NA	NA	NA	NA	NA	NA	NA	NA	NA	NA	NA	NA	NA	NA	NA	NA	NA	NA	NA	NA	NA	NA	NA	NA	NA	NA	NA	NA	NA	NA	NA	NA	NA	NA	NA	NA	NA	NA	NA	NA	NA	NA	NA	NA	NA	NA	NA	NA	NA	NA	NA	NA	NA	NA	NA	NA	NA	NA	NA	NA	NA	NA	NA	NA	NA	NA	NA	NA	NA	NA	NA	NA	NA	NA	NA	NA	NA	NA	NA	NA	NA	NA	NA	NA	NA	NA	NA	NA	NA	NA	NA	NA	NA	NA	NA	NA
cg01837661	NA	NA	NA	NA	NA	NA	NA	NA	NA	NA	NA	NA	NA	NA	NA	NA	NA	NA	NA	NA	NA	NA	NA	NA	NA	NA	NA	NA	NA	NA	NA	NA	NA	NA	NA	NA	NA	NA	NA	NA	NA	NA	NA	NA	NA	NA	NA	NA	NA	NA	NA	NA	NA	NA	NA	NA	NA	NA	NA	NA	NA	NA	NA	NA	NA	NA	NA	NA	NA	NA	NA	NA	NA	NA	NA	NA	NA	NA	NA	NA	NA	NA	NA	NA	NA	NA	NA	NA	NA	NA	NA	NA	NA	NA	NA	NA	NA	NA	NA
cg01864295	NA	NA	NA	NA	NA	NA	NA	NA	NA	NA	NA	NA	NA	NA	NA	NA	NA	NA	NA	NA	NA	NA	NA	NA	NA	NA	NA	NA	NA	NA	NA	NA	NA	NA	NA	NA	NA	NA	NA	NA	NA	NA	NA	NA	NA	NA	NA	NA	NA	NA	NA	NA	NA	NA	NA	NA	NA	NA	NA	NA	NA	NA	NA	NA	NA	NA	NA	NA	NA	NA	NA	NA	NA	NA	NA	NA	NA	NA	NA	NA	NA	NA	NA	NA	NA	NA	NA	NA	NA	NA	NA	NA	NA	NA	NA	NA	NA	NA	NA
cg01905090	0.565752338896333	0.615477308257922	0.840871126875447	0.428719297872981	0.368155169428295	0.424557689137258	0.595339327219576	0.629167610671005	0.65731074894893	0.336991612567297	0.34854606828401	0.840038196151218	0.774415226598905	0.224023892354977	0.608055767381144	0.799530358167483	0.526346031289734	0.422426712683864	0.844644084613034	0.570211149831887	0.493982714976481	0.465843247717561	0.524329565416448	0.567917908731341	0.28511455192305	0.756247210601037	0.847946741543617	0.3686854380516	0.592644928548739	0.24487674253419	0.454490988765313	0.714237879789368	0.711316478501447	0.297256990958873	0.64495680195055	0.379669087556546	0.314269779567568	0.497854931397917	0.80646289570577	0.320982342932002	0.291542435619991	0.812389341903067	0.45160450498959	0.81162844883478	0.826576852337671	0.76205659040446	0.258695102030569	0.38528388402293	0.522209288008371	0.568509801705681	0.37199855152292	0.584718819597424	0.860697285114893	0.686295682173237	0.730090205291812	0.471471537223335	0.484024720904674	0.29890817595188	0.811654063163356	0.763889852775008	0.258786229645668	0.162559760899674	0.848684160981645	0.585889221747413	0.587390527009219	0.565754215017232	0.613304931111094	0.805195662756053	0.266700604907504	0.822096762700217	0.664359736332511	0.533416873494479	0.579368236074853	0.526943604843466	0.805790349635425	0.391657447779984	0.509851213480522	0.173787072420776	0.536480190030528	0.465744479784851	0.286161261914252	0.357585019578104	0.202907042962917	0.626556814699483	0.42994283127188	0.343151058121783	0.535545811178007	0.501107820654815	0.483853026053696	0.750792004818476	0.279217869695892	0.783522381882697	0.333667804189797	0.147811366567412	0.568343510678597	0.342255146870985	0.537628252376636	0.635514634938932	0.805567678306341
cg01909681	0.833351801791824	0.891185169886237	0.5831961821351	0.867518688016788	0.893592371177713	0.673407268899957	0.842872389854387	0.839321576241308	0.673988275725554	0.890875783904875	0.576959880485621	0.903126641159208	0.926117060532317	0.74061608145058	0.893338660425687	0.81069855642853	0.903347177022646	0.904784371695986	0.913227822403175	0.787715798258499	0.753712369268242	0.597619551355789	NA	0.797250470284158	0.471397258930771	0.883500765370804	NA	0.904554892919674	0.843343116928559	0.84074856166508	0.910020200694509	0.567189168488331	0.924775656150423	0.875608270363963	0.854753391263682	0.860320807575768	0.900784797014691	0.849194774717355	0.865015829331391	0.525804310367234	0.895494206635672	0.825860041871976	0.685726587508089	0.90511408104879	0.796781768552876	0.843980483181661	0.893588689546528	NA	0.916086601288971	0.919527111726639	0.91718500096488	0.895077237172495	0.863956755970805	0.899456582517209	0.875717291996579	0.360186155584797	0.877639157405835	0.873027111011951	0.813510201714048	0.888550016817125	0.820140450619165	0.761588871211238	0.899185507334845	0.88308292102391	0.902647833201859	0.8730065822293	0.808766516683796	0.910052954629207	0.897754162232553	0.714702876204176	0.851726373353307	0.88765796320189	0.94058583167875	0.7351895166523	0.921071605398725	NA	0.882189360074467	0.324070536291423	0.914039959960758	0.628680007709935	0.771492454692081	0.796868064018528	0.30552838807269	NA	0.896852117765719	NA	0.917864911352106	0.857843398534273	0.781671623767301	0.877101417282972	0.880552379838472	0.836255595645899	0.869236088128922	0.730485075576514	0.331056402113171	0.920817674897876	0.763037962448324	0.873108789590413	0.924622391798037
cg01968676	NA	NA	NA	NA	NA	NA	NA	NA	NA	NA	NA	NA	NA	NA	NA	NA	NA	NA	NA	NA	NA	NA	NA	NA	NA	NA	NA	NA	NA	NA	NA	NA	NA	NA	NA	NA	NA	NA	NA	NA	NA	NA	NA	NA	NA	NA	NA	NA	NA	NA	NA	NA	NA	NA	NA	NA	NA	NA	NA	NA	NA	NA	NA	NA	NA	NA	NA	NA	NA	NA	NA	NA	NA	NA	NA	NA	NA	NA	NA	NA	NA	NA	NA	NA	NA	NA	NA	NA	NA	NA	NA	NA	NA	NA	NA	NA	NA	NA	NA
cg01970937	NA	NA	NA	NA	NA	NA	NA	NA	NA	NA	NA	NA	NA	NA	NA	NA	NA	NA	NA	NA	NA	NA	NA	NA	NA	NA	NA	NA	NA	NA	NA	NA	NA	NA	NA	NA	NA	NA	NA	NA	NA	NA	NA	NA	NA	NA	NA	NA	NA	NA	NA	NA	NA	NA	NA	NA	NA	NA	NA	NA	NA	NA	NA	NA	NA	NA	NA	NA	NA	NA	NA	NA	NA	NA	NA	NA	NA	NA	NA	NA	NA	NA	NA	NA	NA	NA	NA	NA	NA	NA	NA	NA	NA	NA	NA	NA	NA	NA	NA
cg02022978	NA	NA	NA	NA	NA	NA	NA	NA	NA	NA	NA	NA	NA	NA	NA	NA	NA	NA	NA	NA	NA	NA	NA	NA	NA	NA	NA	NA	NA	NA	NA	NA	NA	NA	NA	NA	NA	NA	NA	NA	NA	NA	NA	NA	NA	NA	NA	NA	NA	NA	NA	NA	NA	NA	NA	NA	NA	NA	NA	NA	NA	NA	NA	NA	NA	NA	NA	NA	NA	NA	NA	NA	NA	NA	NA	NA	NA	NA	NA	NA	NA	NA	NA	NA	NA	NA	NA	NA	NA	NA	NA	NA	NA	NA	NA	NA	NA	NA	NA
cg02032334	0.309820682910456	0.298718535484587	0.0704992213544291	0.119375036420313	0.144338903073282	0.168594133893915	0.12781697738125	0.0561500443599698	0.0977933338886694	0.100145343098915	0.0736186865645114	0.816194476789083	0.474005158306952	0.0612221122834129	0.563610981872159	0.133100406635019	0.161720963059072	0.112819542443688	0.107903514547636	0.117866381222698	0.252345354787292	0.199884975367639	0.0524417638894662	0.150918012464666	0.0801749973703428	0.141734640138729	0.0904360184148932	0.0876020591880621	0.0568062395849173	0.225131645739422	0.0880152610140676	0.164470302408861	0.119754549815147	0.257526062578313	0.195598694035228	0.0587206044268469	0.0757097547614729	0.0825745840417321	0.0430013213549023	0.127572225891438	0.272340426111814	0.0718082640884279	0.171648378309712	0.0866223917475639	0.0746720601234161	0.0762643663994821	0.111351633996677	0.122908764759241	0.0461998217693488	0.132251714061135	0.10433810145193	0.0952813993416092	0.0909784920749092	0.285989238352922	0.113163354739283	0.104596333613678	0.0675798852761663	0.166112671754973	0.0724752072100087	0.17915455333929	0.0950176128508726	0.0630262965116044	0.102871154683784	0.120088902716671	0.1142710252517	0.161184251718037	0.0908763278841093	0.204531719550034	0.159521308035339	0.138678061670257	0.309653387391937	0.223484685373573	0.194291857702451	0.0870032092633467	0.225348722023263	0.103802945481994	0.163301008095653	0.057633335282713	0.128230897573643	0.202880656757377	0.0800168916011258	0.141762392870824	0.097915015579158	0.119506148892591	0.125198447659801	0.0760143641737248	0.469696840013793	0.0556048618162783	0.0688268359091787	0.258599161713512	0.155870055802989	0.0971563943878283	0.133229031217487	0.0572388505688783	0.0880051520319216	0.0702182667578248	0.158764426183626	0.219568130408555	0.171938427450263
cg02043329	0.898348127162004	0.836741227795516	0.809944868188915	0.732890983223979	0.754049889332566	0.892813101288229	0.926176978436338	0.500660346204537	0.917476560426295	0.826919586792669	0.396143576623037	0.928730813594592	0.751560310938256	0.849313677858133	0.788427885763521	0.843397640202691	0.668954252226722	0.897177625581767	0.829781707294804	0.858487405538637	0.749402216836869	0.822562429589719	0.757282304040326	0.93099403416885	0.827851573082766	0.891933639520971	0.912583639661836	0.625071200454403	0.938362400124433	0.838601132891238	0.630211322672541	0.739059646125928	0.686674526190001	0.875906440413565	0.891615543861537	0.68951725808328	0.903005508620082	0.717746485622092	0.922288045900054	0.892875575668881	0.897014093536193	0.83784404741149	0.90132006175588	0.925324329772035	0.665643080191142	0.818748343711362	0.475160345694856	0.818686598770696	0.512527002424231	0.933265450326946	0.692645786870446	0.787563390243024	0.810060254189447	0.81604283248821	0.82032255850819	0.88990407532852	0.89013567716672	0.808928550338226	0.766359983026248	0.82527415334335	0.815222466699419	0.579149340948097	0.926328198602606	0.79927979223169	0.888263967923388	0.780486672171006	0.85157152917089	0.902836428313413	0.614662247498885	0.649193249965641	0.730611918970292	0.898401731422151	0.727877357719748	0.815755947227916	0.584608813652265	0.820038384443777	0.839435892390147	0.856221897294885	0.869661457555034	0.898508021534295	0.698529768479275	0.817490482294201	0.427507904383447	0.846336500522059	0.547265434997219	0.877968398187768	0.949714678352802	0.758815931209592	0.828944866683077	0.884169867574436	0.90359839446925	0.845821553229039	0.872497798321981	0.799761001205732	0.625516590455057	0.863877391976725	0.626665792262588	0.882236560058371	0.821267583789231
cg02044172	NA	NA	NA	NA	NA	NA	NA	NA	NA	NA	NA	NA	NA	NA	NA	NA	NA	NA	NA	NA	NA	NA	NA	NA	NA	NA	NA	NA	NA	NA	NA	NA	NA	NA	NA	NA	NA	NA	NA	NA	NA	NA	NA	NA	NA	NA	NA	NA	NA	NA	NA	NA	NA	NA	NA	NA	NA	NA	NA	NA	NA	NA	NA	NA	NA	NA	NA	NA	NA	NA	NA	NA	NA	NA	NA	NA	NA	NA	NA	NA	NA	NA	NA	NA	NA	NA	NA	NA	NA	NA	NA	NA	NA	NA	NA	NA	NA	NA	NA
cg02046176	NA	NA	NA	NA	NA	NA	NA	NA	NA	NA	NA	NA	NA	NA	NA	NA	NA	NA	NA	NA	NA	NA	NA	NA	NA	NA	NA	NA	NA	NA	NA	NA	NA	NA	NA	NA	NA	NA	NA	NA	NA	NA	NA	NA	NA	NA	NA	NA	NA	NA	NA	NA	NA	NA	NA	NA	NA	NA	NA	NA	NA	NA	NA	NA	NA	NA	NA	NA	NA	NA	NA	NA	NA	NA	NA	NA	NA	NA	NA	NA	NA	NA	NA	NA	NA	NA	NA	NA	NA	NA	NA	NA	NA	NA	NA	NA	NA	NA	NA
cg02047977	NA	NA	NA	NA	NA	NA	NA	NA	NA	NA	NA	NA	NA	NA	NA	NA	NA	NA	NA	NA	NA	NA	NA	NA	NA	NA	NA	NA	NA	NA	NA	NA	NA	NA	NA	NA	NA	NA	NA	NA	NA	NA	NA	NA	NA	NA	NA	NA	NA	NA	NA	NA	NA	NA	NA	NA	NA	NA	NA	NA	NA	NA	NA	NA	NA	NA	NA	NA	NA	NA	NA	NA	NA	NA	NA	NA	NA	NA	NA	NA	NA	NA	NA	NA	NA	NA	NA	NA	NA	NA	NA	NA	NA	NA	NA	NA	NA	NA	NA
cg02071267	NA	NA	NA	NA	NA	NA	NA	NA	NA	NA	NA	NA	NA	NA	NA	NA	NA	NA	NA	NA	NA	NA	NA	NA	NA	NA	NA	NA	NA	NA	NA	NA	NA	NA	NA	NA	NA	NA	NA	NA	NA	NA	NA	NA	NA	NA	NA	NA	NA	NA	NA	NA	NA	NA	NA	NA	NA	NA	NA	NA	NA	NA	NA	NA	NA	NA	NA	NA	NA	NA	NA	NA	NA	NA	NA	NA	NA	NA	NA	NA	NA	NA	NA	NA	NA	NA	NA	NA	NA	NA	NA	NA	NA	NA	NA	NA	NA	NA	NA
cg02072104	0.0620036316687946	0.0690586471775662	0.121950618888471	0.0605614012649578	0.0726332981062068	0.0516374827238979	0.060963352217914	0.0509566453487427	0.0660541535325054	0.169085046373205	0.0838883942838962	0.0846667560297515	0.0942636609951608	0.0576068687891459	0.062025288127653	0.0389318538091041	0.0581878467937312	0.111636801848125	0.0779700321803822	0.113580732032447	0.0807579131130705	0.110190409897209	0.0728233261574955	0.0664945386733697	0.0486185668673147	0.0767355888676218	0.113994687826407	0.071013745995002	0.0832274674133991	0.0333721927037666	0.0409316486639123	0.066748965761815	0.0540259680875607	0.0899470156503949	0.0633525159661349	0.108474231431427	0.0874536245657272	0.148073442004056	0.0996983300309255	0.0821980388190755	0.107270515999078	0.0403002967331432	0.0737907129112225	0.106509373953296	0.0848524554448658	0.0670463739475255	0.0452714207818371	0.0796990801866947	0.0550371459952024	0.0627273864654633	0.0819920534842895	0.0743176822512293	0.14689906168194	0.204525688009488	0.088587667303796	0.0810895787971969	0.0690347940665426	0.0590284807926897	0.0646587925721186	0.0801291531643921	0.0511925565003959	0.0722400497227393	0.0756696157797302	0.118885973200149	0.0752676501675666	0.0854194375905356	0.169442132350922	0.0660518717446295	0.166487283722867	0.0517026494992962	0.0526816192192824	0.119183362165376	0.0549114623164226	0.0468920123535742	0.0450151304790867	0.0466749784252694	0.0479440432379341	0.0570211107055304	0.0564983147262326	0.0931930186977035	0.0553862347254272	0.185082860447817	0.0407110011138005	0.0710895664894676	0.0910122256930475	0.113083037783434	0.0653426386886105	0.0698659517664964	0.0418344309308666	0.0722195201868209	0.0430388149833636	0.108431911257284	0.034557906776733	0.0797520948310763	0.0684705654891499	0.0352808713012914	0.0639927629747227	0.0727083002016237	0.104069108481567
cg02074859	0.955810395080983	0.959141296359196	0.951147163576914	0.961482535145666	0.956853675224691	0.957644545362121	0.936490782488408	0.94829949939971	0.953976423134228	0.95704917003392	0.951917048673314	0.959165275172416	0.952350946038677	0.966621304078455	0.959829960160344	0.957391413237508	0.955521373399286	0.958195022686965	0.957545091917529	0.959308857554195	0.959157183373141	0.959193873385162	0.95668923641564	0.954538538548707	0.964245849709799	0.961281027311968	0.957230248505366	0.961872009204395	0.961269550018508	0.968191782341435	0.949794188687195	0.937505056287068	0.956653410573417	0.957531732372386	0.949464012582507	0.950105979637277	0.94854899167551	0.954496033234181	0.954113606674119	0.957907661904881	0.952872489665653	0.9623298364731	0.942979794076621	0.962847953459887	0.949476732767781	0.96296911562593	0.945357495788292	0.958351280481334	0.950997279676663	0.962446489681269	0.959154426117478	0.958300983855484	0.93571243072097	0.956682919845409	0.957842887697858	0.945017746322822	0.955706124530906	0.961748554793709	0.952574166000064	0.936048440041376	0.950018238690468	0.958761875340701	0.95182086410554	0.949135208389208	0.943706379667112	0.956507920968802	0.953237733642086	0.955140080435538	0.941795327263846	0.955793694862118	0.956100009444839	0.949398530368831	0.965675125710348	0.94957775487587	0.961303390322714	0.956398579990807	0.948886783334414	0.964970138082524	0.957227391629605	0.935812364488011	0.946841557661847	0.956831256218193	0.959373220324339	0.949627975537701	0.960706157320657	0.962690671043647	0.962289317928637	0.971347636709852	0.960411286784916	0.957017359461695	0.9518248469607	0.96082928452994	0.956361525823044	0.957287317567272	0.948308347242694	0.960073101249359	0.961592338639282	0.946612231352606	0.962798198222981
cg02103202	NA	NA	NA	NA	NA	NA	NA	NA	NA	NA	NA	NA	NA	NA	NA	NA	NA	NA	NA	NA	NA	NA	NA	NA	NA	NA	NA	NA	NA	NA	NA	NA	NA	NA	NA	NA	NA	NA	NA	NA	NA	NA	NA	NA	NA	NA	NA	NA	NA	NA	NA	NA	NA	NA	NA	NA	NA	NA	NA	NA	NA	NA	NA	NA	NA	NA	NA	NA	NA	NA	NA	NA	NA	NA	NA	NA	NA	NA	NA	NA	NA	NA	NA	NA	NA	NA	NA	NA	NA	NA	NA	NA	NA	NA	NA	NA	NA	NA	NA
cg02125400	NA	NA	NA	NA	NA	NA	NA	NA	NA	NA	NA	NA	NA	NA	NA	NA	NA	NA	NA	NA	NA	NA	NA	NA	NA	NA	NA	NA	NA	NA	NA	NA	NA	NA	NA	NA	NA	NA	NA	NA	NA	NA	NA	NA	NA	NA	NA	NA	NA	NA	NA	NA	NA	NA	NA	NA	NA	NA	NA	NA	NA	NA	NA	NA	NA	NA	NA	NA	NA	NA	NA	NA	NA	NA	NA	NA	NA	NA	NA	NA	NA	NA	NA	NA	NA	NA	NA	NA	NA	NA	NA	NA	NA	NA	NA	NA	NA	NA	NA
cg02128233	NA	NA	NA	NA	NA	NA	NA	NA	NA	NA	NA	NA	NA	NA	NA	NA	NA	NA	NA	NA	NA	NA	NA	NA	NA	NA	NA	NA	NA	NA	NA	NA	NA	NA	NA	NA	NA	NA	NA	NA	NA	NA	NA	NA	NA	NA	NA	NA	NA	NA	NA	NA	NA	NA	NA	NA	NA	NA	NA	NA	NA	NA	NA	NA	NA	NA	NA	NA	NA	NA	NA	NA	NA	NA	NA	NA	NA	NA	NA	NA	NA	NA	NA	NA	NA	NA	NA	NA	NA	NA	NA	NA	NA	NA	NA	NA	NA	NA	NA
cg02132460	NA	NA	NA	NA	NA	NA	NA	NA	NA	NA	NA	NA	NA	NA	NA	NA	NA	NA	NA	NA	NA	NA	NA	NA	NA	NA	NA	NA	NA	NA	NA	NA	NA	NA	NA	NA	NA	NA	NA	NA	NA	NA	NA	NA	NA	NA	NA	NA	NA	NA	NA	NA	NA	NA	NA	NA	NA	NA	NA	NA	NA	NA	NA	NA	NA	NA	NA	NA	NA	NA	NA	NA	NA	NA	NA	NA	NA	NA	NA	NA	NA	NA	NA	NA	NA	NA	NA	NA	NA	NA	NA	NA	NA	NA	NA	NA	NA	NA	NA
cg02148292	NA	NA	NA	NA	NA	NA	NA	NA	NA	NA	NA	NA	NA	NA	NA	NA	NA	NA	NA	NA	NA	NA	NA	NA	NA	NA	NA	NA	NA	NA	NA	NA	NA	NA	NA	NA	NA	NA	NA	NA	NA	NA	NA	NA	NA	NA	NA	NA	NA	NA	NA	NA	NA	NA	NA	NA	NA	NA	NA	NA	NA	NA	NA	NA	NA	NA	NA	NA	NA	NA	NA	NA	NA	NA	NA	NA	NA	NA	NA	NA	NA	NA	NA	NA	NA	NA	NA	NA	NA	NA	NA	NA	NA	NA	NA	NA	NA	NA	NA
cg02154268	NA	NA	NA	NA	NA	NA	NA	NA	NA	NA	NA	NA	NA	NA	NA	NA	NA	NA	NA	NA	NA	NA	NA	NA	NA	NA	NA	NA	NA	NA	NA	NA	NA	NA	NA	NA	NA	NA	NA	NA	NA	NA	NA	NA	NA	NA	NA	NA	NA	NA	NA	NA	NA	NA	NA	NA	NA	NA	NA	NA	NA	NA	NA	NA	NA	NA	NA	NA	NA	NA	NA	NA	NA	NA	NA	NA	NA	NA	NA	NA	NA	NA	NA	NA	NA	NA	NA	NA	NA	NA	NA	NA	NA	NA	NA	NA	NA	NA	NA
cg02158100	NA	NA	NA	NA	NA	NA	NA	NA	NA	NA	NA	NA	NA	NA	NA	NA	NA	NA	NA	NA	NA	NA	NA	NA	NA	NA	NA	NA	NA	NA	NA	NA	NA	NA	NA	NA	NA	NA	NA	NA	NA	NA	NA	NA	NA	NA	NA	NA	NA	NA	NA	NA	NA	NA	NA	NA	NA	NA	NA	NA	NA	NA	NA	NA	NA	NA	NA	NA	NA	NA	NA	NA	NA	NA	NA	NA	NA	NA	NA	NA	NA	NA	NA	NA	NA	NA	NA	NA	NA	NA	NA	NA	NA	NA	NA	NA	NA	NA	NA
cg02190786	NA	NA	NA	NA	NA	NA	NA	NA	NA	NA	NA	NA	NA	NA	NA	NA	NA	NA	NA	NA	NA	NA	NA	NA	NA	NA	NA	NA	NA	NA	NA	NA	NA	NA	NA	NA	NA	NA	NA	NA	NA	NA	NA	NA	NA	NA	NA	NA	NA	NA	NA	NA	NA	NA	NA	NA	NA	NA	NA	NA	NA	NA	NA	NA	NA	NA	NA	NA	NA	NA	NA	NA	NA	NA	NA	NA	NA	NA	NA	NA	NA	NA	NA	NA	NA	NA	NA	NA	NA	NA	NA	NA	NA	NA	NA	NA	NA	NA	NA
cg02223612	NA	NA	NA	NA	NA	NA	NA	NA	NA	NA	NA	NA	NA	NA	NA	NA	NA	NA	NA	NA	NA	NA	NA	NA	NA	NA	NA	NA	NA	NA	NA	NA	NA	NA	NA	NA	NA	NA	NA	NA	NA	NA	NA	NA	NA	NA	NA	NA	NA	NA	NA	NA	NA	NA	NA	NA	NA	NA	NA	NA	NA	NA	NA	NA	NA	NA	NA	NA	NA	NA	NA	NA	NA	NA	NA	NA	NA	NA	NA	NA	NA	NA	NA	NA	NA	NA	NA	NA	NA	NA	NA	NA	NA	NA	NA	NA	NA	NA	NA
cg02231798	0.679833066120155	0.679188914237904	0.529259195166465	0.659649221187894	0.839795908012731	0.450632922570929	0.803471540765897	0.348582389669735	0.506831520337643	0.361794528422697	0.504040952356374	0.878850143822532	0.822972582642143	0.259747152245597	0.811954134414081	0.476542049482751	0.700923795447625	0.501957635202473	0.679815980857275	0.376721698479528	0.775390724562733	0.518556018441775	0.85742224076014	0.523677152764011	0.351568380422431	0.443226284618745	0.349407233250368	0.332206256044572	0.377320687598216	0.658217812487264	0.412949845233774	0.516863079852672	0.346704609344454	0.359835081129081	0.722156674715706	0.814743550097205	0.525654785601346	0.384743020995663	0.799689041201778	0.651151945907712	0.635925835297567	0.627515425113578	0.627497131673834	0.565371582499999	0.565374216822287	0.425196147122949	0.875795882988496	0.474431957418508	0.3138690877441	0.52415152117774	0.39873741160961	0.857150250315709	0.610384694275606	0.763809665133312	0.824895157114882	0.428028437431095	0.297049422715983	0.456322095671773	0.518500161157986	0.882556111728434	0.343834189202533	0.170441876788231	0.769542099409538	0.579870976116458	0.708035895899241	0.71009025752705	0.643858466976005	0.871599385204932	0.90844413490879	0.610168599238586	0.473359354637549	0.759859055485354	0.695337172658584	0.633924552094786	0.903513535477028	0.559911585828707	0.673947120902586	0.348991156829372	0.5268627639343	0.566732774556293	0.398594313467734	0.572161640612194	0.258015683821362	0.721408591535452	0.835628681706649	0.283195481390323	0.850477123449352	0.631509208178505	0.475114476774995	0.872678230566548	0.882832643416078	0.827271437100681	0.503846605295784	0.156072966537124	0.52474949866772	0.680612568401729	0.659422224514721	0.85964083575982	0.618014567383947
cg02247211	NA	NA	NA	NA	NA	NA	NA	NA	NA	NA	NA	NA	NA	NA	NA	NA	NA	NA	NA	NA	NA	NA	NA	NA	NA	NA	NA	NA	NA	NA	NA	NA	NA	NA	NA	NA	NA	NA	NA	NA	NA	NA	NA	NA	NA	NA	NA	NA	NA	NA	NA	NA	NA	NA	NA	NA	NA	NA	NA	NA	NA	NA	NA	NA	NA	NA	NA	NA	NA	NA	NA	NA	NA	NA	NA	NA	NA	NA	NA	NA	NA	NA	NA	NA	NA	NA	NA	NA	NA	NA	NA	NA	NA	NA	NA	NA	NA	NA	NA
cg02253978	0.937363609757974	0.928896414387697	0.943521122026594	0.936682557913318	0.925897036974868	0.948777728627146	0.892759385476819	0.927603474765465	0.884532454629596	0.843437734253255	0.943470785066297	0.93961859058044	0.944315950111292	0.926257256970031	0.944996042000812	0.942893778894877	0.930767417772987	0.91768510144176	0.914954954226121	0.940508748983555	0.942787862241343	0.92953064013773	0.914668170523972	0.930140717269575	0.869745789861613	0.93092493093431	0.955334812783383	0.954725581393864	0.935473011842926	0.947578398654731	0.945713100214292	0.946253640311446	0.945797274311212	0.944408190454271	0.915745610240822	0.938455660445724	0.936420230080135	0.90678031016172	0.923667318597206	0.778215423431317	0.922634393084134	0.932081587879542	0.919342165954625	0.934899955790821	0.942490676770724	0.939102022981535	0.94104226865806	0.925885703891302	0.955714563606038	0.914585256973783	0.944435134372806	0.932644395824619	0.894739517696071	0.949805204474232	0.924733025043213	0.928819766920129	0.932740322882149	0.88992362271267	0.918386372884447	0.903210912018087	0.934395399172291	0.90880583819782	0.91425621446745	0.929253742871386	0.932769544610921	0.930055578107418	0.929816216753058	0.923222492191838	0.88992322252533	0.954956163865982	0.936150388442585	0.927900494612001	0.939793013897288	0.905090060820835	0.941865163264879	0.921453362747629	0.93973440365635	0.913587589172157	0.896466358019466	0.930351925499042	0.954391649647051	0.916485108515285	0.939716419299441	0.92008084591783	0.949722261144314	0.894011617207115	0.917190981521493	0.93841994923419	0.941671121124051	0.926290166188342	0.920180439284678	0.910933307967303	0.921196113730427	0.935208752832472	0.864241295147682	0.931794565604545	0.926377690161862	0.920334875243492	0.934885904815592
cg02255618	NA	NA	NA	NA	NA	NA	NA	NA	NA	NA	NA	NA	NA	NA	NA	NA	NA	NA	NA	NA	NA	NA	NA	NA	NA	NA	NA	NA	NA	NA	NA	NA	NA	NA	NA	NA	NA	NA	NA	NA	NA	NA	NA	NA	NA	NA	NA	NA	NA	NA	NA	NA	NA	NA	NA	NA	NA	NA	NA	NA	NA	NA	NA	NA	NA	NA	NA	NA	NA	NA	NA	NA	NA	NA	NA	NA	NA	NA	NA	NA	NA	NA	NA	NA	NA	NA	NA	NA	NA	NA	NA	NA	NA	NA	NA	NA	NA	NA	NA
cg02269231	NA	NA	NA	NA	NA	NA	NA	NA	NA	NA	NA	NA	NA	NA	NA	NA	NA	NA	NA	NA	NA	NA	NA	NA	NA	NA	NA	NA	NA	NA	NA	NA	NA	NA	NA	NA	NA	NA	NA	NA	NA	NA	NA	NA	NA	NA	NA	NA	NA	NA	NA	NA	NA	NA	NA	NA	NA	NA	NA	NA	NA	NA	NA	NA	NA	NA	NA	NA	NA	NA	NA	NA	NA	NA	NA	NA	NA	NA	NA	NA	NA	NA	NA	NA	NA	NA	NA	NA	NA	NA	NA	NA	NA	NA	NA	NA	NA	NA	NA
cg02275622	NA	NA	NA	NA	NA	NA	NA	NA	NA	NA	NA	NA	NA	NA	NA	NA	NA	NA	NA	NA	NA	NA	NA	NA	NA	NA	NA	NA	NA	NA	NA	NA	NA	NA	NA	NA	NA	NA	NA	NA	NA	NA	NA	NA	NA	NA	NA	NA	NA	NA	NA	NA	NA	NA	NA	NA	NA	NA	NA	NA	NA	NA	NA	NA	NA	NA	NA	NA	NA	NA	NA	NA	NA	NA	NA	NA	NA	NA	NA	NA	NA	NA	NA	NA	NA	NA	NA	NA	NA	NA	NA	NA	NA	NA	NA	NA	NA	NA	NA
cg02280599	0.94010033609125	0.937070423885252	0.950955322011145	0.942748003788298	0.939655248576983	0.901903228586875	0.924004683736797	0.483932586357839	0.952730617342131	0.941056699270061	0.96133288067181	0.958063874316714	0.940357311128198	0.874665171514605	0.939756034558777	0.936866813714374	0.929682533660375	0.94551004453635	0.969320268957525	0.95929292716055	0.881317108814747	0.758511639452936	0.882103824573655	0.947257072290071	0.309616741524332	0.959436786289273	0.944292137327294	0.841067495318154	0.901652616994133	0.332174243603775	0.635913623526587	0.937312744356656	0.932459966506838	0.959484260032168	0.930132747663121	0.0920002721446364	0.950234134138766	0.932199283650896	0.946078851927022	0.93939506669426	0.949038800957837	0.969388355831771	0.915738853263368	0.954259757048219	0.949465287093752	0.935326522874128	0.800859902988473	0.56138508804848	0.947463251583474	0.949336744150877	0.5415034942149	0.925258233761936	0.85333763112528	0.940833958654983	0.944844389768579	0.814996382401931	0.937447271055982	0.957988692779134	0.949573625396657	0.939341230557243	0.950327989284719	0.966333995430699	0.953624477273153	0.953888273381384	0.932450875511696	0.937573908133621	0.949063310594334	0.943146294310027	0.907977563516275	0.939335596215683	0.938206491734054	0.933045825570512	0.961671997040458	0.902086600619824	0.943358657216129	0.920034836522396	0.958799532828941	0.939586642492876	0.943525981097491	0.909618291906828	0.946281610252421	0.801291941379081	0.229896763782241	0.920126618808408	0.933119184782259	0.783684705091261	0.957702878947092	0.959430512330632	0.942994737496855	0.947396901370006	0.944469499879496	0.933417497490386	0.938565961124354	0.238997979412459	0.938406467633455	0.939158092422826	0.938835097823812	0.935157111399285	0.942956462040642
cg02290855	NA	NA	NA	NA	NA	NA	NA	NA	NA	NA	NA	NA	NA	NA	NA	NA	NA	NA	NA	NA	NA	NA	NA	NA	NA	NA	NA	NA	NA	NA	NA	NA	NA	NA	NA	NA	NA	NA	NA	NA	NA	NA	NA	NA	NA	NA	NA	NA	NA	NA	NA	NA	NA	NA	NA	NA	NA	NA	NA	NA	NA	NA	NA	NA	NA	NA	NA	NA	NA	NA	NA	NA	NA	NA	NA	NA	NA	NA	NA	NA	NA	NA	NA	NA	NA	NA	NA	NA	NA	NA	NA	NA	NA	NA	NA	NA	NA	NA	NA
cg02302165	0.924760398465877	0.935370747776303	0.922902131082408	0.932637491776737	0.95613541375525	0.912600530824744	0.928760635514978	0.929679136028076	0.938219078823999	0.933549404892753	0.911811679210158	0.947051374195651	0.781167287903221	0.955335589179566	0.955405193590363	0.932129946609904	0.919147212229476	0.948104743896909	0.931478968992114	0.950494807740793	0.95159628087489	0.907269862983705	0.958558519380169	0.950025599706208	0.920673536033496	0.924047529732614	0.921205860716986	0.922986233741917	0.950902136779905	0.94670132859455	0.932991344483111	0.912999463012147	0.935737791781322	0.931102662377665	0.919944397128371	0.945543478612831	0.945201608453807	0.937252120059578	0.933276172682327	0.960743705581356	0.964780857938742	0.927059923836557	0.915345604635785	0.938588526988942	0.9388770258045	0.927925478145288	0.903628402365667	0.938799657116865	0.920818407252795	0.925914692598828	0.946692641131057	0.94298484506512	0.933602047194699	0.91102267521792	0.938633426971613	0.951445965344932	0.942548821130621	0.930320811068035	0.93539500821495	0.934790457908902	0.932280265442067	0.902000669865055	0.9484578939501	0.925273483713378	0.948405893194615	0.876156794126829	0.935348984772571	0.934489465346528	0.928147797035703	0.953817274153593	0.912413068213518	0.932750682087921	0.956055223578926	0.955770265965329	0.937921802105061	0.927315064886941	0.944601412372724	0.945529743673122	0.926138502588446	0.944895841727515	0.949928667182166	0.934742917448576	0.943571784360342	0.930136463211561	0.921926197901355	0.947162854944013	0.940624286662687	0.927646381495756	0.933588701017867	0.92897052492408	0.95162611772016	0.926060841240471	0.940454155901475	0.942490915821207	0.909707041388736	0.918815277516751	0.940818882953234	0.928745247579603	0.964381897680414
cg02312154	0.92772530422674	0.939012775617559	0.946887581606702	0.922801098740055	0.931799390549703	0.942200686082919	0.889446679542686	0.924683093686754	0.944431796553488	0.882038092290694	0.953820125044573	0.948899432312052	0.928865559221184	0.964663908945447	0.943969568872865	0.876836692493185	0.904481944850938	0.947374772810627	0.940683386636959	0.936721947256291	0.949137588828876	0.931120783787404	0.944846046826839	0.909614994225948	0.943244024793522	0.944280208705923	0.939972535041856	0.921721461642025	0.945609139461216	0.927150359162623	0.911608023951022	0.92091478384882	0.948401680544665	0.94461323580113	0.918258437667082	0.918163382779632	0.926459020895316	0.921678965359654	0.936726003660506	0.946911313310576	0.913339017071123	0.882274904803768	0.925504694822215	0.926278138377206	0.928695873773518	0.897867122143359	0.919156550490628	0.905727521031913	0.940702462306167	0.912099026891437	0.953479764236297	0.923806613534874	0.904363338061105	0.943490763281807	0.930330769314051	0.940177916897427	0.921981879632934	0.942599854163393	0.866100904075036	0.90872072487882	0.943276218537637	0.948928184423137	0.924799600929549	0.907568116937407	0.916469189736073	0.939269015410789	0.909785417091077	0.936629290377238	0.910917341246132	0.932861295803749	0.903737636088364	0.925294919623073	0.946880423787804	0.952964285781573	0.923498668108474	0.92545249414382	0.935409393175095	0.89797549964899	0.941133851102798	0.941889641605075	0.948958014301764	0.929042050742298	0.929035084134989	0.934157808571551	0.951085612938913	0.925853271935735	0.934421374999583	0.93390114939723	0.915293630987313	0.928565901150506	0.872741764580766	0.920353199200598	0.884732176578295	0.910294362477529	0.933968921686018	0.943772486975751	0.908088580307657	0.932574915497227	0.945888131029186
cg02341729	NA	NA	NA	NA	NA	NA	NA	NA	NA	NA	NA	NA	NA	NA	NA	NA	NA	NA	NA	NA	NA	NA	NA	NA	NA	NA	NA	NA	NA	NA	NA	NA	NA	NA	NA	NA	NA	NA	NA	NA	NA	NA	NA	NA	NA	NA	NA	NA	NA	NA	NA	NA	NA	NA	NA	NA	NA	NA	NA	NA	NA	NA	NA	NA	NA	NA	NA	NA	NA	NA	NA	NA	NA	NA	NA	NA	NA	NA	NA	NA	NA	NA	NA	NA	NA	NA	NA	NA	NA	NA	NA	NA	NA	NA	NA	NA	NA	NA	NA
cg02345638	NA	NA	NA	NA	NA	NA	NA	NA	NA	NA	NA	NA	NA	NA	NA	NA	NA	NA	NA	NA	NA	NA	NA	NA	NA	NA	NA	NA	NA	NA	NA	NA	NA	NA	NA	NA	NA	NA	NA	NA	NA	NA	NA	NA	NA	NA	NA	NA	NA	NA	NA	NA	NA	NA	NA	NA	NA	NA	NA	NA	NA	NA	NA	NA	NA	NA	NA	NA	NA	NA	NA	NA	NA	NA	NA	NA	NA	NA	NA	NA	NA	NA	NA	NA	NA	NA	NA	NA	NA	NA	NA	NA	NA	NA	NA	NA	NA	NA	NA
cg02348876	NA	NA	NA	NA	NA	NA	NA	NA	NA	NA	NA	NA	NA	NA	NA	NA	NA	NA	NA	NA	NA	NA	NA	NA	NA	NA	NA	NA	NA	NA	NA	NA	NA	NA	NA	NA	NA	NA	NA	NA	NA	NA	NA	NA	NA	NA	NA	NA	NA	NA	NA	NA	NA	NA	NA	NA	NA	NA	NA	NA	NA	NA	NA	NA	NA	NA	NA	NA	NA	NA	NA	NA	NA	NA	NA	NA	NA	NA	NA	NA	NA	NA	NA	NA	NA	NA	NA	NA	NA	NA	NA	NA	NA	NA	NA	NA	NA	NA	NA
cg02356223	0.889569266503844	0.919022656960348	0.922830043667277	0.891240296498722	0.887605729218306	0.709827936791877	0.906991186819822	0.890232814916823	0.886694737061308	0.900144522598092	0.650738359643644	0.892098491691951	0.847672616196407	0.414219572712629	0.893347478624774	0.67026474664027	0.950894334095918	0.773607677974588	0.914326976584622	0.687640887475661	0.88669127794928	0.680668745214154	0.929096718053663	0.934838707394179	0.500975202968529	0.900414575644448	0.885098276412082	0.734309714344295	0.769292544972201	0.906200586452766	0.931441282273853	0.744161665270154	0.916664716733559	0.883384606149164	0.914412798272544	0.911802658606953	0.640955719020528	0.865687586518757	0.917811771228995	0.867678797701302	0.931245144550722	0.713527635856457	0.832541822822771	0.894490466311271	0.930028750961399	0.868468824755425	0.902663952074148	0.779779726884939	0.566181953658047	0.904032118199377	0.646889979532544	0.683297209557355	0.923820908603272	0.879934104397644	0.86083937825991	0.876326390068003	0.696546520513563	0.675531661913207	0.617782789051913	0.908895818522324	0.874300869583371	0.663824636016361	0.68526661152588	0.872584025840068	0.956508034398635	0.905979824173105	0.910412736737211	0.895215450424709	0.899861427633026	0.689947319175066	0.866791276266737	0.926571280900196	0.445377788921113	0.851334076422826	0.88433495980569	0.652199921858643	0.854246063039755	0.927866652767914	0.666757527201387	0.809357236862462	0.915170542046202	0.940675307167621	0.309534091233845	0.87899348352915	0.87818580841473	0.371642808754241	0.918950145631994	0.890535936566793	0.881185600841669	0.879828800422469	0.851476452114944	0.911874081183262	0.939446117243451	0.91977773747463	0.914345816652687	0.946573325196585	0.689403971124339	0.874961660302915	0.886893626716388
cg02397533	NA	NA	NA	NA	NA	NA	NA	NA	NA	NA	NA	NA	NA	NA	NA	NA	NA	NA	NA	NA	NA	NA	NA	NA	NA	NA	NA	NA	NA	NA	NA	NA	NA	NA	NA	NA	NA	NA	NA	NA	NA	NA	NA	NA	NA	NA	NA	NA	NA	NA	NA	NA	NA	NA	NA	NA	NA	NA	NA	NA	NA	NA	NA	NA	NA	NA	NA	NA	NA	NA	NA	NA	NA	NA	NA	NA	NA	NA	NA	NA	NA	NA	NA	NA	NA	NA	NA	NA	NA	NA	NA	NA	NA	NA	NA	NA	NA	NA	NA
cg02401554	NA	NA	NA	NA	NA	NA	NA	NA	NA	NA	NA	NA	NA	NA	NA	NA	NA	NA	NA	NA	NA	NA	NA	NA	NA	NA	NA	NA	NA	NA	NA	NA	NA	NA	NA	NA	NA	NA	NA	NA	NA	NA	NA	NA	NA	NA	NA	NA	NA	NA	NA	NA	NA	NA	NA	NA	NA	NA	NA	NA	NA	NA	NA	NA	NA	NA	NA	NA	NA	NA	NA	NA	NA	NA	NA	NA	NA	NA	NA	NA	NA	NA	NA	NA	NA	NA	NA	NA	NA	NA	NA	NA	NA	NA	NA	NA	NA	NA	NA
cg02443010	0.788181822699231	0.955143954313081	0.898159298008952	0.940412735236045	0.951142130376777	0.962074966138475	0.944272260439075	0.930000951352203	0.828030552018438	0.94542868207947	0.737552692233702	0.951946202780353	0.91256813977471	0.593346035057728	0.929586942467258	0.921773902329643	0.954742589441917	0.925155760465618	0.907034972464548	0.950340638104332	0.686501270255814	0.811120125829495	0.907917776858831	0.954898721983968	0.444645814893323	0.946450533397011	0.949387504214766	0.958279558079607	0.931208533325843	0.953803129104227	0.874960431721785	0.946532189804077	0.940696820005994	0.911632932618047	0.958945420821139	0.941340425211061	0.951602721716208	0.245964560845809	0.944081936820391	0.8464230618582	0.814350532157705	0.927705733667297	0.523708543665058	0.712216994299467	0.96076736106584	0.957697719855437	0.955836393030044	0.903093340781665	0.517932429928756	0.963063112699245	0.909001696905492	0.926624789951049	0.88673918528049	0.939392045323989	0.951558530787234	0.807455142697056	0.948809874488281	0.745644028419841	0.792539629054645	0.937960551849661	0.958716257718788	0.786406712347311	0.730867020563569	0.949172384726687	0.962137107166151	0.914464517886902	0.810657340829452	0.950454942279555	0.903674503775857	0.708352015608517	0.94439211856258	0.942685346294827	0.696101978268258	0.751022893162021	0.957855326410751	0.926681670773515	0.293926486128584	0.528262978936408	0.9211242909078	0.790880597862223	0.629971805219206	0.911536462477526	0.853353818930381	0.831700306141176	0.919715642156974	0.850832687676991	0.944367791687394	0.66530857266573	0.94539701511214	0.966584131272172	0.906309997767539	0.954291361854288	0.948042859273401	0.913550494928246	0.955944483523957	0.953669347715552	0.798732149420158	0.934257934649509	0.944061288030935
cg02471166	NA	NA	NA	NA	NA	NA	NA	NA	NA	NA	NA	NA	NA	NA	NA	NA	NA	NA	NA	NA	NA	NA	NA	NA	NA	NA	NA	NA	NA	NA	NA	NA	NA	NA	NA	NA	NA	NA	NA	NA	NA	NA	NA	NA	NA	NA	NA	NA	NA	NA	NA	NA	NA	NA	NA	NA	NA	NA	NA	NA	NA	NA	NA	NA	NA	NA	NA	NA	NA	NA	NA	NA	NA	NA	NA	NA	NA	NA	NA	NA	NA	NA	NA	NA	NA	NA	NA	NA	NA	NA	NA	NA	NA	NA	NA	NA	NA	NA	NA
cg02516800	0.945376125024865	0.955957554398476	0.971071816452592	0.937825123050812	0.939665665910038	0.84576616486097	0.921161634337454	0.856908495676073	0.913445018805653	0.945482458408669	0.962736327348325	0.939915831938748	0.893117870255288	0.843506777021774	0.917337141576735	0.939564281115298	0.951652765200675	0.936455003600906	0.836369317099549	0.944508414699593	0.930423127823961	0.866311838963118	0.882284937647119	0.932148936057509	0.704981136169998	0.959159591953177	0.937804865695344	0.951411889655302	0.963065955817985	0.9376028025086	0.921173422750348	0.855170024282518	0.815316252948944	0.953980916812143	0.944855932501335	0.961026807392776	0.967871128986454	0.937664926107023	0.947400489096346	0.959013414855906	0.958338155641907	0.920656420409858	0.94390078341862	0.967759649854308	0.964826091924444	0.922450245456348	0.94392803510343	0.79828525259862	0.948110720587357	0.94364700461471	0.93592362775808	0.931944417404198	0.337731065670892	0.926850694896436	0.944641047799892	0.835762899525093	0.951370980008958	0.942553794108387	0.943215059697789	0.941648270175527	0.611822206720499	0.969384185815448	0.946718748594093	0.944423321202884	0.941441903339374	0.925694617982376	0.952103860166103	0.944786953974892	0.878136713142559	0.883500336432183	0.927035408378402	0.859115997533407	0.956919153360854	0.852193788692715	0.944228920551035	0.935201279814692	0.940708845263132	0.957831767182173	0.954076022695197	0.787738158741567	0.864476983425553	0.941410579700433	0.670161494489741	0.884899976149449	0.950404861263444	0.843415809581734	0.941101906881334	0.925645743967222	0.960671757005007	0.944891429921456	0.956501030672593	0.91956858079776	0.948962692510939	0.95496162042154	0.943281239072587	0.971366142692512	0.934805498583047	0.917031398220214	0.954890290099737
cg02533998	NA	NA	NA	NA	NA	NA	NA	NA	NA	NA	NA	NA	NA	NA	NA	NA	NA	NA	NA	NA	NA	NA	NA	NA	NA	NA	NA	NA	NA	NA	NA	NA	NA	NA	NA	NA	NA	NA	NA	NA	NA	NA	NA	NA	NA	NA	NA	NA	NA	NA	NA	NA	NA	NA	NA	NA	NA	NA	NA	NA	NA	NA	NA	NA	NA	NA	NA	NA	NA	NA	NA	NA	NA	NA	NA	NA	NA	NA	NA	NA	NA	NA	NA	NA	NA	NA	NA	NA	NA	NA	NA	NA	NA	NA	NA	NA	NA	NA	NA
cg02612657	NA	NA	NA	NA	NA	NA	NA	NA	NA	NA	NA	NA	NA	NA	NA	NA	NA	NA	NA	NA	NA	NA	NA	NA	NA	NA	NA	NA	NA	NA	NA	NA	NA	NA	NA	NA	NA	NA	NA	NA	NA	NA	NA	NA	NA	NA	NA	NA	NA	NA	NA	NA	NA	NA	NA	NA	NA	NA	NA	NA	NA	NA	NA	NA	NA	NA	NA	NA	NA	NA	NA	NA	NA	NA	NA	NA	NA	NA	NA	NA	NA	NA	NA	NA	NA	NA	NA	NA	NA	NA	NA	NA	NA	NA	NA	NA	NA	NA	NA
cg02656873	NA	NA	NA	NA	NA	NA	NA	NA	NA	NA	NA	NA	NA	NA	NA	NA	NA	NA	NA	NA	NA	NA	NA	NA	NA	NA	NA	NA	NA	NA	NA	NA	NA	NA	NA	NA	NA	NA	NA	NA	NA	NA	NA	NA	NA	NA	NA	NA	NA	NA	NA	NA	NA	NA	NA	NA	NA	NA	NA	NA	NA	NA	NA	NA	NA	NA	NA	NA	NA	NA	NA	NA	NA	NA	NA	NA	NA	NA	NA	NA	NA	NA	NA	NA	NA	NA	NA	NA	NA	NA	NA	NA	NA	NA	NA	NA	NA	NA	NA
cg02658551	NA	NA	NA	NA	NA	NA	NA	NA	NA	NA	NA	NA	NA	NA	NA	NA	NA	NA	NA	NA	NA	NA	NA	NA	NA	NA	NA	NA	NA	NA	NA	NA	NA	NA	NA	NA	NA	NA	NA	NA	NA	NA	NA	NA	NA	NA	NA	NA	NA	NA	NA	NA	NA	NA	NA	NA	NA	NA	NA	NA	NA	NA	NA	NA	NA	NA	NA	NA	NA	NA	NA	NA	NA	NA	NA	NA	NA	NA	NA	NA	NA	NA	NA	NA	NA	NA	NA	NA	NA	NA	NA	NA	NA	NA	NA	NA	NA	NA	NA
cg02671915	NA	NA	NA	NA	NA	NA	NA	NA	NA	NA	NA	NA	NA	NA	NA	NA	NA	NA	NA	NA	NA	NA	NA	NA	NA	NA	NA	NA	NA	NA	NA	NA	NA	NA	NA	NA	NA	NA	NA	NA	NA	NA	NA	NA	NA	NA	NA	NA	NA	NA	NA	NA	NA	NA	NA	NA	NA	NA	NA	NA	NA	NA	NA	NA	NA	NA	NA	NA	NA	NA	NA	NA	NA	NA	NA	NA	NA	NA	NA	NA	NA	NA	NA	NA	NA	NA	NA	NA	NA	NA	NA	NA	NA	NA	NA	NA	NA	NA	NA
cg02693279	0.403569265709562	0.392360498621482	0.488302618762801	0.597560973382503	0.671422317601189	0.565137446087841	0.554189192691336	0.190415987718151	0.477066292732015	0.214810490372831	0.581629512665619	0.525642112224226	0.74388244250901	0.698618416002051	0.72208250720029	0.353381293723046	0.834645106127276	0.568507870773705	0.464177035041224	0.670010258902466	0.502845701264196	0.728467783922003	0.722167222952717	0.664841432306882	0.465157521803382	0.688278744940446	0.369452987443463	0.293110322347153	0.414433348024231	0.591636725737825	0.431673175616067	0.583203766353531	0.463735499314002	0.466025639313889	0.567372901059933	0.67988509488352	0.510776221093097	0.370363292947455	0.573418442549609	0.551078513639073	0.425419319125845	0.436405821138524	0.626295804322728	0.880885504659235	0.291591311229797	0.643853086976133	0.347409360906555	0.702519995055615	0.684179543902761	0.502536537346747	0.334833325180819	0.596280374958881	0.302905185234997	0.574987994788522	0.531077427460028	0.570500743249335	0.323390174050457	0.396172468083472	0.385921955976072	0.629580331454554	0.630271100731313	0.539774129094534	0.302385439081469	0.490948050883378	0.29366410040879	0.544754454809909	0.413605832149386	0.45342226953496	0.646544581832618	0.378204494866084	0.503288334041627	0.448484917907234	0.417517623213399	0.685395547107017	0.944936834457007	0.550165711302482	0.453025189236162	0.228492049121571	0.410965447390173	0.665607809037589	0.556941076581223	0.389319742475126	0.48519284742512	0.666489193010317	0.490221135361236	0.486752810748078	0.477196768214077	0.402591994552993	0.618945121122297	0.749468025526304	0.320867575275603	0.893775752830384	0.532224428551009	0.298029307578119	0.489333947053463	0.719938260806684	0.577662429829956	0.653018008543879	0.501476079338666
cg02703695	NA	NA	NA	NA	NA	NA	NA	NA	NA	NA	NA	NA	NA	NA	NA	NA	NA	NA	NA	NA	NA	NA	NA	NA	NA	NA	NA	NA	NA	NA	NA	NA	NA	NA	NA	NA	NA	NA	NA	NA	NA	NA	NA	NA	NA	NA	NA	NA	NA	NA	NA	NA	NA	NA	NA	NA	NA	NA	NA	NA	NA	NA	NA	NA	NA	NA	NA	NA	NA	NA	NA	NA	NA	NA	NA	NA	NA	NA	NA	NA	NA	NA	NA	NA	NA	NA	NA	NA	NA	NA	NA	NA	NA	NA	NA	NA	NA	NA	NA
cg02724815	NA	NA	NA	NA	NA	NA	NA	NA	NA	NA	NA	NA	NA	NA	NA	NA	NA	NA	NA	NA	NA	NA	NA	NA	NA	NA	NA	NA	NA	NA	NA	NA	NA	NA	NA	NA	NA	NA	NA	NA	NA	NA	NA	NA	NA	NA	NA	NA	NA	NA	NA	NA	NA	NA	NA	NA	NA	NA	NA	NA	NA	NA	NA	NA	NA	NA	NA	NA	NA	NA	NA	NA	NA	NA	NA	NA	NA	NA	NA	NA	NA	NA	NA	NA	NA	NA	NA	NA	NA	NA	NA	NA	NA	NA	NA	NA	NA	NA	NA
cg02744713	NA	NA	NA	NA	NA	NA	NA	NA	NA	NA	NA	NA	NA	NA	NA	NA	NA	NA	NA	NA	NA	NA	NA	NA	NA	NA	NA	NA	NA	NA	NA	NA	NA	NA	NA	NA	NA	NA	NA	NA	NA	NA	NA	NA	NA	NA	NA	NA	NA	NA	NA	NA	NA	NA	NA	NA	NA	NA	NA	NA	NA	NA	NA	NA	NA	NA	NA	NA	NA	NA	NA	NA	NA	NA	NA	NA	NA	NA	NA	NA	NA	NA	NA	NA	NA	NA	NA	NA	NA	NA	NA	NA	NA	NA	NA	NA	NA	NA	NA
cg02750728	0.865613855618062	0.756862062364285	0.332102591396413	0.935722779374192	0.914016226227573	0.730696309717105	0.934988155242843	0.72137153675381	0.913892186139376	0.958675845628712	0.354404905733833	0.919867640536014	0.898788098696746	0.827327963678038	0.92509346442114	0.738681756828897	0.965303906219561	0.803391937333374	0.943567080094468	0.921424258700314	0.621508403705695	0.789567214740935	0.800973342727165	0.901150264395165	0.598279481985863	0.934399647420858	0.730240826641297	0.635426629041488	0.605238477156335	0.942601060161994	0.95776870758008	0.778185107936484	0.957725932423089	0.93592790782852	0.949078952462061	0.940158444147751	0.949817520254849	0.728508487115142	0.932231526319797	0.815172480505527	0.936051745031048	0.552793992636754	0.723163542370307	0.95157216953686	0.566220042053666	0.746970498392589	0.322771849757802	0.783284345571307	0.56032987524959	0.749965393106188	0.553778509538545	0.596103914206137	0.960399486459967	0.792075355190004	0.906482510119735	0.830875585829012	0.694774833841899	0.806876182946361	0.805795806705843	0.947979166476244	0.408675071602597	0.691793474784275	0.94508330329915	0.816634804928679	0.925296317548928	0.687207194543188	0.858900252508952	0.895089707152182	0.886742031963188	0.918368114743321	0.859259665276893	0.93170102519268	0.70404579517387	0.881889400350197	0.960790783337982	0.929197692662196	0.939114802411825	0.711999656851437	0.746374972622036	0.828000923875459	0.613243343221124	0.94909316199688	0.534559601697578	0.938462399102475	0.88891172202118	0.401012744825956	0.671878586633679	0.93910950260047	0.936490632811981	0.939940725151581	0.949253932107016	0.736200331007053	0.939231000719882	0.619432409882484	0.89645431107489	0.960567038360634	0.918510693161976	0.860733720766523	0.91732788426054
cg02771684	NA	NA	NA	NA	NA	NA	NA	NA	NA	NA	NA	NA	NA	NA	NA	NA	NA	NA	NA	NA	NA	NA	NA	NA	NA	NA	NA	NA	NA	NA	NA	NA	NA	NA	NA	NA	NA	NA	NA	NA	NA	NA	NA	NA	NA	NA	NA	NA	NA	NA	NA	NA	NA	NA	NA	NA	NA	NA	NA	NA	NA	NA	NA	NA	NA	NA	NA	NA	NA	NA	NA	NA	NA	NA	NA	NA	NA	NA	NA	NA	NA	NA	NA	NA	NA	NA	NA	NA	NA	NA	NA	NA	NA	NA	NA	NA	NA	NA	NA
cg02772132	NA	NA	NA	NA	NA	NA	NA	NA	NA	NA	NA	NA	NA	NA	NA	NA	NA	NA	NA	NA	NA	NA	NA	NA	NA	NA	NA	NA	NA	NA	NA	NA	NA	NA	NA	NA	NA	NA	NA	NA	NA	NA	NA	NA	NA	NA	NA	NA	NA	NA	NA	NA	NA	NA	NA	NA	NA	NA	NA	NA	NA	NA	NA	NA	NA	NA	NA	NA	NA	NA	NA	NA	NA	NA	NA	NA	NA	NA	NA	NA	NA	NA	NA	NA	NA	NA	NA	NA	NA	NA	NA	NA	NA	NA	NA	NA	NA	NA	NA
cg02791765	NA	NA	NA	NA	NA	NA	NA	NA	NA	NA	NA	NA	NA	NA	NA	NA	NA	NA	NA	NA	NA	NA	NA	NA	NA	NA	NA	NA	NA	NA	NA	NA	NA	NA	NA	NA	NA	NA	NA	NA	NA	NA	NA	NA	NA	NA	NA	NA	NA	NA	NA	NA	NA	NA	NA	NA	NA	NA	NA	NA	NA	NA	NA	NA	NA	NA	NA	NA	NA	NA	NA	NA	NA	NA	NA	NA	NA	NA	NA	NA	NA	NA	NA	NA	NA	NA	NA	NA	NA	NA	NA	NA	NA	NA	NA	NA	NA	NA	NA
cg02824523	NA	NA	NA	NA	NA	NA	NA	NA	NA	NA	NA	NA	NA	NA	NA	NA	NA	NA	NA	NA	NA	NA	NA	NA	NA	NA	NA	NA	NA	NA	NA	NA	NA	NA	NA	NA	NA	NA	NA	NA	NA	NA	NA	NA	NA	NA	NA	NA	NA	NA	NA	NA	NA	NA	NA	NA	NA	NA	NA	NA	NA	NA	NA	NA	NA	NA	NA	NA	NA	NA	NA	NA	NA	NA	NA	NA	NA	NA	NA	NA	NA	NA	NA	NA	NA	NA	NA	NA	NA	NA	NA	NA	NA	NA	NA	NA	NA	NA	NA
cg02840008	0.812664333966476	0.894340852496754	0.930890965671037	0.813308481318264	0.473315273824214	0.481202616583869	0.855122817699497	0.298850878369185	0.413329714585263	0.87013270605831	0.566699356174412	0.92675418816046	0.793894901081326	0.272137270244829	0.912962523428695	0.454589115102202	0.588473652420528	0.823113844706242	0.515587186864698	0.662643481645132	0.701386832321617	0.469767146384484	0.232589060095706	0.511610846728508	0.33338471976102	0.916035444947773	0.382250122914312	0.939898683563384	0.730562348139392	0.23890407209836	0.502184268442929	0.723965784552669	0.935962855602519	0.933233282633968	0.894356726139084	0.400490163324384	0.245112146388171	0.288008941553102	0.919948333180709	0.678330756522386	0.371602891364678	0.864857677476722	0.893831452909266	0.899247188765326	0.587544839678681	0.520704036291439	0.255446873839253	0.480787029601682	0.418529890918175	0.938271226738403	0.608562022373841	0.883886875357107	0.589856454606098	0.784603296085776	0.675908546094823	0.570129301758851	0.630338419897551	0.332198388128883	0.519744461237645	0.867473737596015	0.248559177037217	0.19138460369773	0.64713294969994	0.394138741468758	0.947127946954929	0.943525706935091	0.63517367904355	0.93341513413235	0.617258956741459	0.926982556057019	0.571079980485206	0.846868992729719	0.694499094103716	0.505147996849709	0.755923636469213	0.876927819531695	0.597004144942281	0.831896210863116	0.819025776627152	0.765676574656591	0.659060277005557	0.936992120603866	0.308772625282234	0.651365025012623	0.635837668816615	0.389920912313892	0.935507429702379	0.928063934685867	0.590573513086637	0.907778299711001	0.902699799221208	0.903429786589547	0.663578825589425	0.346458854024104	0.591696532192919	0.507007605385936	0.533602306293554	0.682849878123593	0.906647343117
cg02862100	NA	NA	NA	NA	NA	NA	NA	NA	NA	NA	NA	NA	NA	NA	NA	NA	NA	NA	NA	NA	NA	NA	NA	NA	NA	NA	NA	NA	NA	NA	NA	NA	NA	NA	NA	NA	NA	NA	NA	NA	NA	NA	NA	NA	NA	NA	NA	NA	NA	NA	NA	NA	NA	NA	NA	NA	NA	NA	NA	NA	NA	NA	NA	NA	NA	NA	NA	NA	NA	NA	NA	NA	NA	NA	NA	NA	NA	NA	NA	NA	NA	NA	NA	NA	NA	NA	NA	NA	NA	NA	NA	NA	NA	NA	NA	NA	NA	NA	NA
cg02869126	NA	NA	NA	NA	NA	NA	NA	NA	NA	NA	NA	NA	NA	NA	NA	NA	NA	NA	NA	NA	NA	NA	NA	NA	NA	NA	NA	NA	NA	NA	NA	NA	NA	NA	NA	NA	NA	NA	NA	NA	NA	NA	NA	NA	NA	NA	NA	NA	NA	NA	NA	NA	NA	NA	NA	NA	NA	NA	NA	NA	NA	NA	NA	NA	NA	NA	NA	NA	NA	NA	NA	NA	NA	NA	NA	NA	NA	NA	NA	NA	NA	NA	NA	NA	NA	NA	NA	NA	NA	NA	NA	NA	NA	NA	NA	NA	NA	NA	NA
cg02873710	NA	NA	NA	NA	NA	NA	NA	NA	NA	NA	NA	NA	NA	NA	NA	NA	NA	NA	NA	NA	NA	NA	NA	NA	NA	NA	NA	NA	NA	NA	NA	NA	NA	NA	NA	NA	NA	NA	NA	NA	NA	NA	NA	NA	NA	NA	NA	NA	NA	NA	NA	NA	NA	NA	NA	NA	NA	NA	NA	NA	NA	NA	NA	NA	NA	NA	NA	NA	NA	NA	NA	NA	NA	NA	NA	NA	NA	NA	NA	NA	NA	NA	NA	NA	NA	NA	NA	NA	NA	NA	NA	NA	NA	NA	NA	NA	NA	NA	NA
cg02885021	NA	NA	NA	NA	NA	NA	NA	NA	NA	NA	NA	NA	NA	NA	NA	NA	NA	NA	NA	NA	NA	NA	NA	NA	NA	NA	NA	NA	NA	NA	NA	NA	NA	NA	NA	NA	NA	NA	NA	NA	NA	NA	NA	NA	NA	NA	NA	NA	NA	NA	NA	NA	NA	NA	NA	NA	NA	NA	NA	NA	NA	NA	NA	NA	NA	NA	NA	NA	NA	NA	NA	NA	NA	NA	NA	NA	NA	NA	NA	NA	NA	NA	NA	NA	NA	NA	NA	NA	NA	NA	NA	NA	NA	NA	NA	NA	NA	NA	NA
cg02899093	0.706896073334361	0.935587250142707	0.625817741509696	0.784367075965846	0.697349287098405	0.444949630894185	0.781739573828755	0.608552635451928	0.524771376312773	0.525564189639646	0.462394640846011	0.933133282443044	0.914945100511231	0.226901309422246	0.924965570438651	0.722110998028375	0.910706366150623	0.551645691978365	0.909905257453089	0.691641852541442	0.683214332716629	0.630574762733172	0.772624764553303	0.777068902246061	0.443990495138396	0.613315651957658	0.553506751080065	0.928268999688312	0.929117859769877	0.606143516755175	0.325825993772839	0.809391211035801	0.883586774370938	0.868740951510845	0.595512086384323	0.499800187611487	0.862511837040868	0.776580948749518	0.96049318647662	0.402091313626834	0.76448992215561	0.848228560380235	0.669359863148727	0.903845796360066	0.57661655560974	0.679789734970741	0.345880003622103	0.594727253336671	0.387672722434032	0.929316101228778	0.439725448462021	0.901932222154879	0.342982379046288	0.817783633762086	0.735582923763525	0.397894988359025	0.329118529925831	0.423782186010295	0.752036962430295	0.680189067648379	0.35805594582375	0.480907158931889	0.814312256281194	0.815346674563026	0.92274196759056	0.932798861171741	0.406638114765576	0.92051641838814	0.74254109804897	0.868133227949334	0.580781347919071	0.588055630970419	0.914741458702993	0.613830947041196	0.934241273270089	0.396140452567365	0.405271554207119	0.234172640896357	0.567356513832181	0.670862224972237	0.710821696002236	0.430354003339873	0.639384847010262	0.630010669667028	0.531812623176009	0.533248352262813	0.405118553884011	0.891358381826384	0.891240884189211	0.917015054211468	0.823072357575933	0.89389649455675	0.458571183498229	0.177742577747988	0.873003444019678	0.684605205259138	0.89988174480809	0.559850045835923	0.639654528849985
cg02906557	NA	NA	NA	NA	NA	NA	NA	NA	NA	NA	NA	NA	NA	NA	NA	NA	NA	NA	NA	NA	NA	NA	NA	NA	NA	NA	NA	NA	NA	NA	NA	NA	NA	NA	NA	NA	NA	NA	NA	NA	NA	NA	NA	NA	NA	NA	NA	NA	NA	NA	NA	NA	NA	NA	NA	NA	NA	NA	NA	NA	NA	NA	NA	NA	NA	NA	NA	NA	NA	NA	NA	NA	NA	NA	NA	NA	NA	NA	NA	NA	NA	NA	NA	NA	NA	NA	NA	NA	NA	NA	NA	NA	NA	NA	NA	NA	NA	NA	NA
cg02965931	0.377518447676887	0.345931531435762	0.282324453887415	0.298645575738884	0.790766920529284	0.356653790260577	0.677471552116557	0.171196637759139	0.353089622949619	0.311804771104556	0.347654399049317	0.311019812652085	0.714872091275902	0.377116424902486	0.567250008209909	0.386027164213038	0.237346385994176	0.445329960379992	0.215798588968338	0.375891487194713	0.416480121331194	0.392802037209135	0.172029811549396	0.467074233270159	0.240718964822249	0.600520148761707	0.23908990434097	0.506154420833609	0.189956961658988	0.337277898013381	0.282750696008819	0.447300306335072	0.211682772636416	0.500528709616785	0.211188005437256	0.809890135886703	0.165285581073547	0.215304545928211	0.310581690081583	0.328942733641518	0.253045014292577	0.927319705260149	0.44306009636047	0.183476633244542	0.227115941468392	0.340822291807559	0.556490362655877	0.392057635730282	0.257335032975005	0.499132122252229	0.406024573624945	0.709774075024255	0.127068346662817	0.560883464477587	0.477053369793135	0.3469677921977	0.328372525187103	0.348612431631948	0.187696051676402	0.545716424828959	0.278987871292774	0.208750202876042	0.613256379933173	0.330250157469535	0.316730324260224	0.477469087175759	0.348330338052611	0.368917800005345	0.333997300731905	0.365258291414732	0.269981136164566	0.38220368088289	0.25012653758961	0.23660033633017	0.809792909263402	0.328706526572787	0.326447942276534	0.109481677189742	0.312226421221292	0.486524893744828	0.266985602921328	0.309825463490244	0.221795489193175	0.503480039718864	0.304358089927583	0.247775943191744	0.229079620057009	0.319439901821952	0.263536624335298	0.459899845703083	0.320735988411257	0.475541866198437	0.313938014580702	0.0869746302277646	0.362378530029367	0.830716752182592	0.564470802736135	0.308897685178879	0.477980312882234
cg02993013	NA	NA	NA	NA	NA	NA	NA	NA	NA	NA	NA	NA	NA	NA	NA	NA	NA	NA	NA	NA	NA	NA	NA	NA	NA	NA	NA	NA	NA	NA	NA	NA	NA	NA	NA	NA	NA	NA	NA	NA	NA	NA	NA	NA	NA	NA	NA	NA	NA	NA	NA	NA	NA	NA	NA	NA	NA	NA	NA	NA	NA	NA	NA	NA	NA	NA	NA	NA	NA	NA	NA	NA	NA	NA	NA	NA	NA	NA	NA	NA	NA	NA	NA	NA	NA	NA	NA	NA	NA	NA	NA	NA	NA	NA	NA	NA	NA	NA	NA
cg02998155	NA	NA	NA	NA	NA	NA	NA	NA	NA	NA	NA	NA	NA	NA	NA	NA	NA	NA	NA	NA	NA	NA	NA	NA	NA	NA	NA	NA	NA	NA	NA	NA	NA	NA	NA	NA	NA	NA	NA	NA	NA	NA	NA	NA	NA	NA	NA	NA	NA	NA	NA	NA	NA	NA	NA	NA	NA	NA	NA	NA	NA	NA	NA	NA	NA	NA	NA	NA	NA	NA	NA	NA	NA	NA	NA	NA	NA	NA	NA	NA	NA	NA	NA	NA	NA	NA	NA	NA	NA	NA	NA	NA	NA	NA	NA	NA	NA	NA	NA
cg03002774	NA	NA	NA	NA	NA	NA	NA	NA	NA	NA	NA	NA	NA	NA	NA	NA	NA	NA	NA	NA	NA	NA	NA	NA	NA	NA	NA	NA	NA	NA	NA	NA	NA	NA	NA	NA	NA	NA	NA	NA	NA	NA	NA	NA	NA	NA	NA	NA	NA	NA	NA	NA	NA	NA	NA	NA	NA	NA	NA	NA	NA	NA	NA	NA	NA	NA	NA	NA	NA	NA	NA	NA	NA	NA	NA	NA	NA	NA	NA	NA	NA	NA	NA	NA	NA	NA	NA	NA	NA	NA	NA	NA	NA	NA	NA	NA	NA	NA	NA
cg03006531	NA	NA	NA	NA	NA	NA	NA	NA	NA	NA	NA	NA	NA	NA	NA	NA	NA	NA	NA	NA	NA	NA	NA	NA	NA	NA	NA	NA	NA	NA	NA	NA	NA	NA	NA	NA	NA	NA	NA	NA	NA	NA	NA	NA	NA	NA	NA	NA	NA	NA	NA	NA	NA	NA	NA	NA	NA	NA	NA	NA	NA	NA	NA	NA	NA	NA	NA	NA	NA	NA	NA	NA	NA	NA	NA	NA	NA	NA	NA	NA	NA	NA	NA	NA	NA	NA	NA	NA	NA	NA	NA	NA	NA	NA	NA	NA	NA	NA	NA
cg03024791	0.680294431438713	0.492101739728758	0.470238017201313	0.7643770430519	0.594648218035282	0.697297735272636	0.498245129231021	0.63070633578927	0.562929368217234	0.828928288389439	0.356331129875161	0.625364307840191	0.544021935940912	0.747479550737481	0.597352692650653	0.529724920105583	0.807141170088563	0.528074666959052	0.750098441919249	0.683828148285199	0.525698463628161	0.634826262774394	0.682107691379935	0.703336448651562	0.446300765152526	0.723151862910043	0.729076407598164	0.50046664389364	0.774285018486095	0.754932156168995	0.568804387765674	0.552075088104826	0.708744437306763	0.620551129456601	0.763684258226573	0.74966707641501	0.767155520354932	0.792029962112221	0.626993529500226	0.624030384829301	0.560303489882187	0.428934537749308	0.641148666802979	0.661951141210212	0.824713994216251	0.656657427793704	0.796840964005337	0.708340401391671	0.800040893746018	0.655052871877036	0.584520751547568	0.69634426608017	0.385308502369028	0.592619999244956	0.652045124131678	0.589512960491949	0.459045594861667	0.521490520120744	0.626524405924715	0.588846928116391	0.603663225237443	0.535950369078717	0.653301557794357	0.768251622946671	0.773157443111907	0.713019351798872	0.743198218829183	0.723385935613661	0.784772476245651	0.406639773232225	0.505308033968958	0.637983620512715	0.535854339226085	0.693952917175981	0.765310357898692	0.57195705366722	0.741433613575361	0.755085028546605	0.351978968075559	0.453190573622118	0.641577777873993	0.641181187836242	0.522032832209675	0.710825500530235	0.635419533147583	0.622096762627745	0.811887731125913	0.565904189552261	0.648098344967541	0.687453802594939	0.761257340627469	0.739870386100751	0.683094556860174	0.84440954196847	0.702739364561966	0.79400583667068	0.608264079248537	0.74684992314496	0.670998687239273
cg03132202	NA	NA	NA	NA	NA	NA	NA	NA	NA	NA	NA	NA	NA	NA	NA	NA	NA	NA	NA	NA	NA	NA	NA	NA	NA	NA	NA	NA	NA	NA	NA	NA	NA	NA	NA	NA	NA	NA	NA	NA	NA	NA	NA	NA	NA	NA	NA	NA	NA	NA	NA	NA	NA	NA	NA	NA	NA	NA	NA	NA	NA	NA	NA	NA	NA	NA	NA	NA	NA	NA	NA	NA	NA	NA	NA	NA	NA	NA	NA	NA	NA	NA	NA	NA	NA	NA	NA	NA	NA	NA	NA	NA	NA	NA	NA	NA	NA	NA	NA
cg03153172	NA	NA	NA	NA	NA	NA	NA	NA	NA	NA	NA	NA	NA	NA	NA	NA	NA	NA	NA	NA	NA	NA	NA	NA	NA	NA	NA	NA	NA	NA	NA	NA	NA	NA	NA	NA	NA	NA	NA	NA	NA	NA	NA	NA	NA	NA	NA	NA	NA	NA	NA	NA	NA	NA	NA	NA	NA	NA	NA	NA	NA	NA	NA	NA	NA	NA	NA	NA	NA	NA	NA	NA	NA	NA	NA	NA	NA	NA	NA	NA	NA	NA	NA	NA	NA	NA	NA	NA	NA	NA	NA	NA	NA	NA	NA	NA	NA	NA	NA
cg03185975	NA	NA	NA	NA	NA	NA	NA	NA	NA	NA	NA	NA	NA	NA	NA	NA	NA	NA	NA	NA	NA	NA	NA	NA	NA	NA	NA	NA	NA	NA	NA	NA	NA	NA	NA	NA	NA	NA	NA	NA	NA	NA	NA	NA	NA	NA	NA	NA	NA	NA	NA	NA	NA	NA	NA	NA	NA	NA	NA	NA	NA	NA	NA	NA	NA	NA	NA	NA	NA	NA	NA	NA	NA	NA	NA	NA	NA	NA	NA	NA	NA	NA	NA	NA	NA	NA	NA	NA	NA	NA	NA	NA	NA	NA	NA	NA	NA	NA	NA
cg03186367	NA	NA	NA	NA	NA	NA	NA	NA	NA	NA	NA	NA	NA	NA	NA	NA	NA	NA	NA	NA	NA	NA	NA	NA	NA	NA	NA	NA	NA	NA	NA	NA	NA	NA	NA	NA	NA	NA	NA	NA	NA	NA	NA	NA	NA	NA	NA	NA	NA	NA	NA	NA	NA	NA	NA	NA	NA	NA	NA	NA	NA	NA	NA	NA	NA	NA	NA	NA	NA	NA	NA	NA	NA	NA	NA	NA	NA	NA	NA	NA	NA	NA	NA	NA	NA	NA	NA	NA	NA	NA	NA	NA	NA	NA	NA	NA	NA	NA	NA
cg03189593	NA	NA	NA	NA	NA	NA	NA	NA	NA	NA	NA	NA	NA	NA	NA	NA	NA	NA	NA	NA	NA	NA	NA	NA	NA	NA	NA	NA	NA	NA	NA	NA	NA	NA	NA	NA	NA	NA	NA	NA	NA	NA	NA	NA	NA	NA	NA	NA	NA	NA	NA	NA	NA	NA	NA	NA	NA	NA	NA	NA	NA	NA	NA	NA	NA	NA	NA	NA	NA	NA	NA	NA	NA	NA	NA	NA	NA	NA	NA	NA	NA	NA	NA	NA	NA	NA	NA	NA	NA	NA	NA	NA	NA	NA	NA	NA	NA	NA	NA
cg03221698	0.966526720316118	0.948560025894449	0.938381850048433	0.908830313772573	0.933848213667444	0.763797212375615	0.934306621794577	0.966093850159263	0.89831998531672	0.908032807251354	0.922399436171278	0.934986373779719	0.92294169070929	0.931638382695278	0.911719036558613	0.947323345545888	0.946373475610737	0.861186145078427	0.752818526647403	0.911621255337771	0.75829014335296	0.867478596838416	0.836687991967545	0.889901345188994	0.665510886420876	0.919449376618063	0.913951392961345	0.901512348887332	0.910571604180066	0.966186213006402	0.940489471492767	0.936498753161061	0.920278280644924	0.914849325185104	0.923639145345496	0.952128324311615	0.959249133913114	0.765715021002185	0.918085609831849	0.798322039812522	0.953507065550245	0.934592625875795	0.944394901262729	0.968987030690958	0.744022294516678	0.860061673225817	0.924597868863752	0.926018639725208	0.941497887092308	0.945179351193116	0.883195491100028	0.923973991306215	0.943235407974682	0.91423923485518	0.914123646125234	0.891376206101107	0.928544697826902	0.870908632271272	0.747645840317875	0.925316850453114	0.783635126544035	0.856084107937832	0.944359249170551	0.949833468892298	0.887139813948913	0.934791989277532	0.950922109897758	0.942959063730565	0.887250090468681	0.903572964458365	0.860228889577155	0.934288805836853	0.938356284619596	0.873871077840396	0.949726927571788	0.92808600474928	0.93645550559768	0.952215293993607	0.92503410365392	0.872870430183177	0.855239384590567	0.9592886451328	0.664203185210075	0.96267205704123	0.93924101409149	0.932922879902333	0.95189765931922	0.923893430289266	0.915857549947993	0.943214599895481	0.967311288808884	0.926979585417366	0.945083858120774	0.767996630572495	0.934781110230055	0.902005733227532	0.940637008418362	0.937238498224186	0.916283600905921
cg03233224	NA	NA	NA	NA	NA	NA	NA	NA	NA	NA	NA	NA	NA	NA	NA	NA	NA	NA	NA	NA	NA	NA	NA	NA	NA	NA	NA	NA	NA	NA	NA	NA	NA	NA	NA	NA	NA	NA	NA	NA	NA	NA	NA	NA	NA	NA	NA	NA	NA	NA	NA	NA	NA	NA	NA	NA	NA	NA	NA	NA	NA	NA	NA	NA	NA	NA	NA	NA	NA	NA	NA	NA	NA	NA	NA	NA	NA	NA	NA	NA	NA	NA	NA	NA	NA	NA	NA	NA	NA	NA	NA	NA	NA	NA	NA	NA	NA	NA	NA
cg03247301	0.506715762289181	0.862769189158565	0.627556757141278	0.837863374280286	0.591997843718464	0.621397761803408	0.626160011048442	0.436016834007813	0.555956089562529	0.49979158160702	0.853358588614121	0.85773313299427	0.67145523134443	0.19105171683091	0.737975291547209	0.644160440184354	0.323811482796351	0.716057475804265	0.220530637509772	0.405547603091089	0.524522595242222	0.562963470779042	0.16144367089214	0.822442652960898	0.310097944944892	0.49122265669924	0.545078706843238	0.525266494939955	0.405083708800496	0.517670348371975	0.38022107979127	0.818993224823975	0.798766806347438	0.857569419503321	0.873455076013713	0.112484900391233	0.181726925654539	0.907762419195353	0.57929285249909	0.299600841316539	0.883604990773938	0.633615097400822	0.554527973770476	0.549891717573584	0.230595388446258	0.517863640017516	0.261828286510854	0.371303132916252	0.571788533418833	0.57632866655141	0.370412184952577	0.650044902364531	0.405405271704958	0.654804417114697	0.800065407236983	0.471170640774279	0.478536392112191	0.513978669122739	0.860806838581016	0.622775307054866	0.79970303007726	0.640720831056475	0.858663463241491	0.327420540454198	0.496665903822307	0.422155038843812	0.663466395817058	0.670367172864993	0.580087979519659	0.654416289473311	0.497134444955029	0.618795813991307	0.591402664081702	0.283624521053459	0.89224511971197	0.555043153020199	0.841804619347435	0.188942714150692	0.585184622417637	0.632102008694635	0.323199869626105	0.503681762376981	0.214392605346626	0.546415704392514	0.571401985816058	0.312838501280575	0.535708688621478	0.846975467797755	0.55683808574665	0.890193520100943	0.580212930161097	0.530499118232857	0.782302785237151	0.404381105821956	0.56242228329776	0.768489784437112	0.843132948791519	0.499268090357117	0.56164086407128
cg03272020	NA	NA	NA	NA	NA	NA	NA	NA	NA	NA	NA	NA	NA	NA	NA	NA	NA	NA	NA	NA	NA	NA	NA	NA	NA	NA	NA	NA	NA	NA	NA	NA	NA	NA	NA	NA	NA	NA	NA	NA	NA	NA	NA	NA	NA	NA	NA	NA	NA	NA	NA	NA	NA	NA	NA	NA	NA	NA	NA	NA	NA	NA	NA	NA	NA	NA	NA	NA	NA	NA	NA	NA	NA	NA	NA	NA	NA	NA	NA	NA	NA	NA	NA	NA	NA	NA	NA	NA	NA	NA	NA	NA	NA	NA	NA	NA	NA	NA	NA
cg03272958	NA	NA	NA	NA	NA	NA	NA	NA	NA	NA	NA	NA	NA	NA	NA	NA	NA	NA	NA	NA	NA	NA	NA	NA	NA	NA	NA	NA	NA	NA	NA	NA	NA	NA	NA	NA	NA	NA	NA	NA	NA	NA	NA	NA	NA	NA	NA	NA	NA	NA	NA	NA	NA	NA	NA	NA	NA	NA	NA	NA	NA	NA	NA	NA	NA	NA	NA	NA	NA	NA	NA	NA	NA	NA	NA	NA	NA	NA	NA	NA	NA	NA	NA	NA	NA	NA	NA	NA	NA	NA	NA	NA	NA	NA	NA	NA	NA	NA	NA
cg03280759	NA	NA	NA	NA	NA	NA	NA	NA	NA	NA	NA	NA	NA	NA	NA	NA	NA	NA	NA	NA	NA	NA	NA	NA	NA	NA	NA	NA	NA	NA	NA	NA	NA	NA	NA	NA	NA	NA	NA	NA	NA	NA	NA	NA	NA	NA	NA	NA	NA	NA	NA	NA	NA	NA	NA	NA	NA	NA	NA	NA	NA	NA	NA	NA	NA	NA	NA	NA	NA	NA	NA	NA	NA	NA	NA	NA	NA	NA	NA	NA	NA	NA	NA	NA	NA	NA	NA	NA	NA	NA	NA	NA	NA	NA	NA	NA	NA	NA	NA
cg03287616	NA	NA	NA	NA	NA	NA	NA	NA	NA	NA	NA	NA	NA	NA	NA	NA	NA	NA	NA	NA	NA	NA	NA	NA	NA	NA	NA	NA	NA	NA	NA	NA	NA	NA	NA	NA	NA	NA	NA	NA	NA	NA	NA	NA	NA	NA	NA	NA	NA	NA	NA	NA	NA	NA	NA	NA	NA	NA	NA	NA	NA	NA	NA	NA	NA	NA	NA	NA	NA	NA	NA	NA	NA	NA	NA	NA	NA	NA	NA	NA	NA	NA	NA	NA	NA	NA	NA	NA	NA	NA	NA	NA	NA	NA	NA	NA	NA	NA	NA
cg03305017	0.85553786194321	0.893122401863324	0.810522526849959	0.870228687939415	0.838910373340887	0.524634261078527	0.871605230502175	0.455086812845734	0.893959727201577	0.66483862333859	0.938144318704876	0.936488599091472	0.841346581327225	0.684701329664012	0.769092668383368	0.669937798134612	0.854117445552374	0.797286686940974	0.821350521662334	0.797157646658708	0.721801121459431	0.610403745058761	0.80693545704676	0.961689861999729	0.464486380451387	0.87981731248928	0.744885148468961	0.920814149017366	0.724008610027319	0.890802383545328	0.581676789235374	0.688052658355132	0.910200459026305	0.890667218612469	0.929014361078398	0.948065898717808	0.94046147896785	0.914733925273618	0.912342788609177	0.902216742671097	0.919522105491175	0.807961726098653	0.685844804591051	0.964639585749601	0.909722605380206	0.828487416983017	0.865907570196425	0.713059677081051	0.806185238010536	0.905802444082921	0.812070421546133	0.758080225369496	0.825651171313317	0.73736007493845	0.832148930810008	0.817403335059086	0.779146169287739	0.856265045295288	0.795000654122615	0.788298114788807	0.824960727455992	0.387226720670416	0.722580484320281	0.939609833004436	0.913018198273409	0.762789498363062	0.776126991413036	0.934372194379954	0.912272579721958	0.76179238555367	0.910263402432727	0.898611493252156	0.9434516703747	0.681283592277939	0.506069987522603	0.87619544843102	0.656051006935581	0.93489100908212	0.820645118416401	0.663292320804249	0.882909331173843	0.800481013103747	0.712619175314463	0.904424682069185	0.791658718873436	0.842832052159914	0.935399546976716	0.912148656628563	0.847204437476068	0.889431539155694	0.928124273097815	0.824607936744696	0.917391926629425	0.799189738952922	0.545377843237706	0.934085813839875	0.790834018257174	0.871069845548157	0.870277668998221
cg03329408	NA	NA	NA	NA	NA	NA	NA	NA	NA	NA	NA	NA	NA	NA	NA	NA	NA	NA	NA	NA	NA	NA	NA	NA	NA	NA	NA	NA	NA	NA	NA	NA	NA	NA	NA	NA	NA	NA	NA	NA	NA	NA	NA	NA	NA	NA	NA	NA	NA	NA	NA	NA	NA	NA	NA	NA	NA	NA	NA	NA	NA	NA	NA	NA	NA	NA	NA	NA	NA	NA	NA	NA	NA	NA	NA	NA	NA	NA	NA	NA	NA	NA	NA	NA	NA	NA	NA	NA	NA	NA	NA	NA	NA	NA	NA	NA	NA	NA	NA
cg03335128	0.924943337534997	0.927800358747242	0.924089234291341	0.908646064893058	0.902039143348908	0.923851448762515	0.881380882306117	0.945187229721227	0.885771090621565	0.931567501376664	0.934161053577509	0.902789360198053	0.945039922712235	0.917565975097183	0.920234107692933	0.927403585765557	0.918653740951125	0.94400841278598	0.912553395206298	0.934291516886924	0.917347894297775	0.87617648819678	0.928992863358431	0.895621451387307	0.920646782462428	0.921595813858352	0.902147724774922	0.958818169802228	0.931155495538268	0.890197317085168	0.946217592802006	0.937321356820123	0.923276259159011	0.93335634853167	0.917280993823809	0.942031870729425	0.935070620497638	0.913785144300248	0.834127102106901	0.935171202901426	0.850935134604121	0.92263439880037	0.905331530347611	0.899740043442954	0.914389935895638	0.929776483448695	0.941854052120031	0.90431377688723	0.943433994081018	0.900318713794402	0.906097137397872	0.905565231372642	0.910340238867197	0.830869928296628	0.901102190676397	0.923392654566522	0.936351816355218	0.94926624821423	0.912753985950607	0.897812553727156	0.910443069722872	0.92286362768697	0.910837753475538	0.935953700207672	0.922795689581615	0.886886265952972	0.919830464311874	0.924936500973805	0.877800170886961	0.947730047906965	0.923292662913421	0.884361183267205	0.927054178397263	0.871311077209802	0.928784272417788	0.920657217015546	0.955769051429825	0.935145088060808	0.918882808718869	0.925830825276129	0.945735252167281	0.923938942134914	0.951352022077042	0.933278684690229	0.890685240524825	0.923094008038451	0.923942268862421	0.885033004397123	0.939794248281498	0.881360143621508	0.861104688027335	0.904468440938907	0.930993861505804	0.930986131148746	0.911969301021586	0.920852547883733	0.930090278355861	0.935361783743574	0.914378395053812
cg03336458	0.917676194904531	0.885935940407266	0.875410363261817	0.908224843209583	0.912875026927302	0.882076447214323	0.875052308682668	0.909585024906013	0.915086639901832	0.956227892206476	0.898135700483641	0.910398686759445	0.911465989034142	0.944245677740097	0.890619672764773	0.942158662659101	0.909688358997383	0.86120851858433	0.945027910739102	0.921383148517257	0.872724148668946	0.865488013201611	0.889918530763733	0.923532071078416	0.916416598148718	0.873395758470694	0.883420733157567	0.89584657047445	0.9343939246252	0.87168882223924	0.916139777903033	0.892780282275197	0.948214425290316	0.909467480034309	0.919252523296157	0.933581964646505	0.937099888695433	0.900535090304411	0.884608796796274	0.914086522618468	0.902895940765476	0.935647685525667	0.912325482263829	0.909944586177697	0.894542934057947	0.870513014597893	0.934288305108287	0.915050775653274	0.950185158205684	0.870754288572457	0.897919550774743	0.877479056678154	0.943927690643036	0.835077168094833	0.901802679153371	0.899535934955913	0.870692203526646	0.857359409986857	0.932585485511462	0.860299265863136	0.936618474797896	0.920425479196843	0.905663237391091	0.894463864710005	0.882631143077577	0.911142517695018	0.891536571004374	0.951780348189219	0.923963380434777	0.91564589848346	0.930180451973818	0.902691902554406	0.896188547193098	0.957362596799729	0.914460080430878	0.882505008038986	0.914151452765002	0.911673609800447	0.895702580142283	0.872381188182	0.951414831900687	0.883914935388988	0.909158996507955	0.889453516446528	0.843702909015162	0.951242870190068	0.90815642512608	0.921523898088237	0.941570306163367	0.867260987862956	0.960492666137145	0.833593294602267	0.888334875793539	0.960009490531391	0.851391593778798	0.918884677933177	0.955910741095373	0.891609306150634	0.883955360622105
cg03342862	NA	NA	NA	NA	NA	NA	NA	NA	NA	NA	NA	NA	NA	NA	NA	NA	NA	NA	NA	NA	NA	NA	NA	NA	NA	NA	NA	NA	NA	NA	NA	NA	NA	NA	NA	NA	NA	NA	NA	NA	NA	NA	NA	NA	NA	NA	NA	NA	NA	NA	NA	NA	NA	NA	NA	NA	NA	NA	NA	NA	NA	NA	NA	NA	NA	NA	NA	NA	NA	NA	NA	NA	NA	NA	NA	NA	NA	NA	NA	NA	NA	NA	NA	NA	NA	NA	NA	NA	NA	NA	NA	NA	NA	NA	NA	NA	NA	NA	NA
cg03344608	NA	NA	NA	NA	NA	NA	NA	NA	NA	NA	NA	NA	NA	NA	NA	NA	NA	NA	NA	NA	NA	NA	NA	NA	NA	NA	NA	NA	NA	NA	NA	NA	NA	NA	NA	NA	NA	NA	NA	NA	NA	NA	NA	NA	NA	NA	NA	NA	NA	NA	NA	NA	NA	NA	NA	NA	NA	NA	NA	NA	NA	NA	NA	NA	NA	NA	NA	NA	NA	NA	NA	NA	NA	NA	NA	NA	NA	NA	NA	NA	NA	NA	NA	NA	NA	NA	NA	NA	NA	NA	NA	NA	NA	NA	NA	NA	NA	NA	NA
cg03370330	0.507502050965042	0.637916044862662	0.300026974883598	0.423477210850855	0.347835231046064	0.399950984937491	0.764758086225077	0.237134127783603	0.357761455333224	0.441279151644939	0.297344870882401	0.656554807319128	0.72215304445033	0.190110789378357	0.701163964644673	0.547568654184978	0.250990531428152	0.353310528456969	0.909645313975289	0.28459834891777	0.452809533541053	0.441709293969212	0.145486157239613	0.547852505823993	0.261467119592039	0.76287063010492	0.266034065751239	0.24537693785907	0.207980513318697	0.412338994010789	0.247474217168819	0.456106935052065	0.160750182524913	0.205988039862286	0.576277351997629	0.0825403235851224	0.176814710079458	0.241279419685681	0.59746847933447	0.38372501135876	0.801008143574203	0.510699557376506	0.463187483973115	0.165974733438408	0.318363193976768	0.473779986156215	0.209256700810823	0.335867288838513	0.197194046505686	0.581423574147831	0.29930812412751	0.880311651474709	0.0954315115881871	0.596747933059453	0.45904744783763	0.336582520448421	0.2391153886085	0.293348804934061	0.25492386412669	0.409093789161938	0.26392136082852	0.111098669535895	0.345556323851409	0.563458252940341	0.938246889016132	0.384791458055752	0.24954623289922	0.592691530343002	0.298893912208379	0.492565518384604	0.302397854430941	0.469459115413256	0.369206346319072	0.268695821436981	0.451928114271419	0.34542849249371	0.328517054027326	0.142490212020686	0.293456586065193	0.394544183739127	0.234970587517681	0.293216257095499	0.196426874134499	0.316189979085687	0.308877914555832	0.162521131002558	0.562617565645358	0.225756924060784	0.176649817659545	0.608809202524935	0.916348520484067	0.58567348285261	0.294982329340633	0.089254060255921	0.295864256528114	0.838572507040152	0.794152861830741	0.47240499894931	0.366192713331011
cg03374148	0.813920130331984	0.875444826534021	0.870569830419175	0.562797900194776	0.699284773975634	0.868929114290568	NA	0.744462679319361	0.286225598061144	0.73340414524028	0.61543459559231	0.863980681951937	0.825948478692968	0.100946387504865	0.870066749441322	NA	0.776231417418166	0.390301132130729	0.937920618413482	0.249348612016492	0.463620504727517	0.579248976906777	0.150678070813679	0.783134578166029	0.183964718750273	0.830968756541915	0.313992311602304	0.705331902579445	0.568347236648047	0.513675690646263	0.164640046092931	0.555864252270773	0.553138982960468	0.693597016964858	0.84405756677635	0.588646769109245	0.178180595250068	0.847804792427794	0.483636732959868	0.256107291795936	0.916341811182727	0.775852966276484	0.444929611773466	0.877509141771438	0.901930425421525	0.626590843632579	0.802483379561009	NA	0.586275924421341	0.904048212707122	0.541566021959429	0.87834978138439	NA	0.691968713200148	0.800303260130059	0.316325149345778	0.505499897474209	0.273358495061527	NA	0.747805096609781	0.166024823036188	0.123280880758479	0.907545438067529	0.618526279523216	0.889963435791463	0.825218927483869	0.813750342938019	0.842732362512225	NA	0.473860448008341	0.424484930099712	0.848893840237842	0.696103659471771	0.204177307662526	0.905480891478824	0.869979900492722	0.892123593833877	NA	0.842345337894864	0.382200748910247	0.225085741961851	0.695424056878501	NA	0.701848683387262	0.393553616363755	NA	0.918644562897603	0.653323335396369	NA	0.863348196372234	0.781224458701251	0.799315434165156	NA	0.303640022798889	0.893141661312823	0.886727355443462	0.694554728466722	0.555614369078303	0.758751150023829
cg03393472	NA	NA	NA	NA	NA	NA	NA	NA	NA	NA	NA	NA	NA	NA	NA	NA	NA	NA	NA	NA	NA	NA	NA	NA	NA	NA	NA	NA	NA	NA	NA	NA	NA	NA	NA	NA	NA	NA	NA	NA	NA	NA	NA	NA	NA	NA	NA	NA	NA	NA	NA	NA	NA	NA	NA	NA	NA	NA	NA	NA	NA	NA	NA	NA	NA	NA	NA	NA	NA	NA	NA	NA	NA	NA	NA	NA	NA	NA	NA	NA	NA	NA	NA	NA	NA	NA	NA	NA	NA	NA	NA	NA	NA	NA	NA	NA	NA	NA	NA
cg03400512	NA	NA	NA	NA	NA	NA	NA	NA	NA	NA	NA	NA	NA	NA	NA	NA	NA	NA	NA	NA	NA	NA	NA	NA	NA	NA	NA	NA	NA	NA	NA	NA	NA	NA	NA	NA	NA	NA	NA	NA	NA	NA	NA	NA	NA	NA	NA	NA	NA	NA	NA	NA	NA	NA	NA	NA	NA	NA	NA	NA	NA	NA	NA	NA	NA	NA	NA	NA	NA	NA	NA	NA	NA	NA	NA	NA	NA	NA	NA	NA	NA	NA	NA	NA	NA	NA	NA	NA	NA	NA	NA	NA	NA	NA	NA	NA	NA	NA	NA
cg03461361	NA	NA	NA	NA	NA	NA	NA	NA	NA	NA	NA	NA	NA	NA	NA	NA	NA	NA	NA	NA	NA	NA	NA	NA	NA	NA	NA	NA	NA	NA	NA	NA	NA	NA	NA	NA	NA	NA	NA	NA	NA	NA	NA	NA	NA	NA	NA	NA	NA	NA	NA	NA	NA	NA	NA	NA	NA	NA	NA	NA	NA	NA	NA	NA	NA	NA	NA	NA	NA	NA	NA	NA	NA	NA	NA	NA	NA	NA	NA	NA	NA	NA	NA	NA	NA	NA	NA	NA	NA	NA	NA	NA	NA	NA	NA	NA	NA	NA	NA
cg03474461	NA	NA	NA	NA	NA	NA	NA	NA	NA	NA	NA	NA	NA	NA	NA	NA	NA	NA	NA	NA	NA	NA	NA	NA	NA	NA	NA	NA	NA	NA	NA	NA	NA	NA	NA	NA	NA	NA	NA	NA	NA	NA	NA	NA	NA	NA	NA	NA	NA	NA	NA	NA	NA	NA	NA	NA	NA	NA	NA	NA	NA	NA	NA	NA	NA	NA	NA	NA	NA	NA	NA	NA	NA	NA	NA	NA	NA	NA	NA	NA	NA	NA	NA	NA	NA	NA	NA	NA	NA	NA	NA	NA	NA	NA	NA	NA	NA	NA	NA
cg03511766	NA	NA	NA	NA	NA	NA	NA	NA	NA	NA	NA	NA	NA	NA	NA	NA	NA	NA	NA	NA	NA	NA	NA	NA	NA	NA	NA	NA	NA	NA	NA	NA	NA	NA	NA	NA	NA	NA	NA	NA	NA	NA	NA	NA	NA	NA	NA	NA	NA	NA	NA	NA	NA	NA	NA	NA	NA	NA	NA	NA	NA	NA	NA	NA	NA	NA	NA	NA	NA	NA	NA	NA	NA	NA	NA	NA	NA	NA	NA	NA	NA	NA	NA	NA	NA	NA	NA	NA	NA	NA	NA	NA	NA	NA	NA	NA	NA	NA	NA
cg03516394	NA	NA	NA	NA	NA	NA	NA	NA	NA	NA	NA	NA	NA	NA	NA	NA	NA	NA	NA	NA	NA	NA	NA	NA	NA	NA	NA	NA	NA	NA	NA	NA	NA	NA	NA	NA	NA	NA	NA	NA	NA	NA	NA	NA	NA	NA	NA	NA	NA	NA	NA	NA	NA	NA	NA	NA	NA	NA	NA	NA	NA	NA	NA	NA	NA	NA	NA	NA	NA	NA	NA	NA	NA	NA	NA	NA	NA	NA	NA	NA	NA	NA	NA	NA	NA	NA	NA	NA	NA	NA	NA	NA	NA	NA	NA	NA	NA	NA	NA
cg03525847	NA	NA	NA	NA	NA	NA	NA	NA	NA	NA	NA	NA	NA	NA	NA	NA	NA	NA	NA	NA	NA	NA	NA	NA	NA	NA	NA	NA	NA	NA	NA	NA	NA	NA	NA	NA	NA	NA	NA	NA	NA	NA	NA	NA	NA	NA	NA	NA	NA	NA	NA	NA	NA	NA	NA	NA	NA	NA	NA	NA	NA	NA	NA	NA	NA	NA	NA	NA	NA	NA	NA	NA	NA	NA	NA	NA	NA	NA	NA	NA	NA	NA	NA	NA	NA	NA	NA	NA	NA	NA	NA	NA	NA	NA	NA	NA	NA	NA	NA
cg03526100	NA	NA	NA	NA	NA	NA	NA	NA	NA	NA	NA	NA	NA	NA	NA	NA	NA	NA	NA	NA	NA	NA	NA	NA	NA	NA	NA	NA	NA	NA	NA	NA	NA	NA	NA	NA	NA	NA	NA	NA	NA	NA	NA	NA	NA	NA	NA	NA	NA	NA	NA	NA	NA	NA	NA	NA	NA	NA	NA	NA	NA	NA	NA	NA	NA	NA	NA	NA	NA	NA	NA	NA	NA	NA	NA	NA	NA	NA	NA	NA	NA	NA	NA	NA	NA	NA	NA	NA	NA	NA	NA	NA	NA	NA	NA	NA	NA	NA	NA
cg03561071	0.573510814246631	0.632472188329501	0.908191968158675	0.83289521616575	0.819705658367533	0.378836881180589	0.52857478370626	0.45789404285252	0.386229229281868	0.211809340524325	0.574431939336192	0.937742552130067	0.85329641099149	0.172852513217954	0.824150907726025	0.187411082765769	0.657190747510133	0.374211994789891	0.66620209759172	0.249122839519469	0.412682187803428	0.463420301765155	0.111521271012101	0.469208083194554	0.252974809422164	0.849332212202507	0.323249400020177	0.4260524441038	0.492451669837118	0.32037998955021	0.351252580485258	0.415499317102504	0.196729161490172	0.873033170244828	0.919230779710576	0.0908577614856914	0.155836356316864	0.888288040426229	0.899588545605417	0.532814956254653	0.417145004709068	0.627868089950655	0.467414514056172	0.932094727280665	0.258864576584242	0.331105195860231	0.208366444420876	0.349770149184944	0.58521043551038	0.921563348387846	0.287009256179991	0.884823424424389	0.343061485484288	0.66950919469765	0.57981789166575	0.373323116684154	0.234278883440945	0.311524554914627	0.519112076166197	0.790001571523957	0.347040183532274	0.129246393607477	0.336973742114577	0.894436908932992	0.526662679515107	0.86690172338639	0.320861481663815	0.933490985213744	0.180914070629624	0.597426486733901	0.581385385034029	0.766958492970191	0.895749813589808	0.29895386031905	0.937177498185529	0.53672717217447	0.800233283548212	0.129142201742551	0.52616931057062	0.478089530836507	0.321955485013135	0.450346946039065	0.175819852453121	0.637257356664468	0.413213771890544	0.172882833138698	0.925845482484972	0.394435455083948	0.234312963694116	0.521360375785892	0.930149765304967	0.814320359226833	0.303998690665611	0.151180103474171	0.603550415664715	0.367626712903088	0.926301743943252	0.445055050065442	0.872593965362418
cg03567106	NA	NA	NA	NA	NA	NA	NA	NA	NA	NA	NA	NA	NA	NA	NA	NA	NA	NA	NA	NA	NA	NA	NA	NA	NA	NA	NA	NA	NA	NA	NA	NA	NA	NA	NA	NA	NA	NA	NA	NA	NA	NA	NA	NA	NA	NA	NA	NA	NA	NA	NA	NA	NA	NA	NA	NA	NA	NA	NA	NA	NA	NA	NA	NA	NA	NA	NA	NA	NA	NA	NA	NA	NA	NA	NA	NA	NA	NA	NA	NA	NA	NA	NA	NA	NA	NA	NA	NA	NA	NA	NA	NA	NA	NA	NA	NA	NA	NA	NA
cg03578552	NA	NA	NA	NA	NA	NA	NA	NA	NA	NA	NA	NA	NA	NA	NA	NA	NA	NA	NA	NA	NA	NA	NA	NA	NA	NA	NA	NA	NA	NA	NA	NA	NA	NA	NA	NA	NA	NA	NA	NA	NA	NA	NA	NA	NA	NA	NA	NA	NA	NA	NA	NA	NA	NA	NA	NA	NA	NA	NA	NA	NA	NA	NA	NA	NA	NA	NA	NA	NA	NA	NA	NA	NA	NA	NA	NA	NA	NA	NA	NA	NA	NA	NA	NA	NA	NA	NA	NA	NA	NA	NA	NA	NA	NA	NA	NA	NA	NA	NA
cg03606093	NA	NA	NA	NA	NA	NA	NA	NA	NA	NA	NA	NA	NA	NA	NA	NA	NA	NA	NA	NA	NA	NA	NA	NA	NA	NA	NA	NA	NA	NA	NA	NA	NA	NA	NA	NA	NA	NA	NA	NA	NA	NA	NA	NA	NA	NA	NA	NA	NA	NA	NA	NA	NA	NA	NA	NA	NA	NA	NA	NA	NA	NA	NA	NA	NA	NA	NA	NA	NA	NA	NA	NA	NA	NA	NA	NA	NA	NA	NA	NA	NA	NA	NA	NA	NA	NA	NA	NA	NA	NA	NA	NA	NA	NA	NA	NA	NA	NA	NA
cg03646967	NA	NA	NA	NA	NA	NA	NA	NA	NA	NA	NA	NA	NA	NA	NA	NA	NA	NA	NA	NA	NA	NA	NA	NA	NA	NA	NA	NA	NA	NA	NA	NA	NA	NA	NA	NA	NA	NA	NA	NA	NA	NA	NA	NA	NA	NA	NA	NA	NA	NA	NA	NA	NA	NA	NA	NA	NA	NA	NA	NA	NA	NA	NA	NA	NA	NA	NA	NA	NA	NA	NA	NA	NA	NA	NA	NA	NA	NA	NA	NA	NA	NA	NA	NA	NA	NA	NA	NA	NA	NA	NA	NA	NA	NA	NA	NA	NA	NA	NA
cg03659851	NA	NA	NA	NA	NA	NA	NA	NA	NA	NA	NA	NA	NA	NA	NA	NA	NA	NA	NA	NA	NA	NA	NA	NA	NA	NA	NA	NA	NA	NA	NA	NA	NA	NA	NA	NA	NA	NA	NA	NA	NA	NA	NA	NA	NA	NA	NA	NA	NA	NA	NA	NA	NA	NA	NA	NA	NA	NA	NA	NA	NA	NA	NA	NA	NA	NA	NA	NA	NA	NA	NA	NA	NA	NA	NA	NA	NA	NA	NA	NA	NA	NA	NA	NA	NA	NA	NA	NA	NA	NA	NA	NA	NA	NA	NA	NA	NA	NA	NA
cg03663072	NA	NA	NA	NA	NA	NA	NA	NA	NA	NA	NA	NA	NA	NA	NA	NA	NA	NA	NA	NA	NA	NA	NA	NA	NA	NA	NA	NA	NA	NA	NA	NA	NA	NA	NA	NA	NA	NA	NA	NA	NA	NA	NA	NA	NA	NA	NA	NA	NA	NA	NA	NA	NA	NA	NA	NA	NA	NA	NA	NA	NA	NA	NA	NA	NA	NA	NA	NA	NA	NA	NA	NA	NA	NA	NA	NA	NA	NA	NA	NA	NA	NA	NA	NA	NA	NA	NA	NA	NA	NA	NA	NA	NA	NA	NA	NA	NA	NA	NA
cg03667040	NA	NA	NA	NA	NA	NA	NA	NA	NA	NA	NA	NA	NA	NA	NA	NA	NA	NA	NA	NA	NA	NA	NA	NA	NA	NA	NA	NA	NA	NA	NA	NA	NA	NA	NA	NA	NA	NA	NA	NA	NA	NA	NA	NA	NA	NA	NA	NA	NA	NA	NA	NA	NA	NA	NA	NA	NA	NA	NA	NA	NA	NA	NA	NA	NA	NA	NA	NA	NA	NA	NA	NA	NA	NA	NA	NA	NA	NA	NA	NA	NA	NA	NA	NA	NA	NA	NA	NA	NA	NA	NA	NA	NA	NA	NA	NA	NA	NA	NA
cg03777697	0.938019177188382	0.928800104301176	0.952698082017016	0.94740642237974	0.93988188314551	0.924572548798718	0.90120767584095	0.923297232522424	0.943171570409169	0.914433237962108	0.95765433147729	0.934361089186147	0.943813288859707	0.95325994919419	0.923265309410127	0.942845189471786	0.925604242907056	0.958231660162703	0.958534441916591	0.921613878454084	0.942685190784553	0.943141040032232	0.935660205850034	0.948292711834265	0.94695747454192	0.915257884442063	0.956915344779429	0.94953330600053	0.946198877815613	0.964744556027663	0.924015551770265	0.936061139667442	0.950846999679966	0.952450971683752	0.901778222554039	0.932570776828069	0.956952222779507	0.930727287184814	0.952889854410211	0.931818494768463	0.924493518774823	0.940961873648594	0.912862387591381	0.961899857303264	0.916934677203432	0.914341712362185	0.942815356433583	0.903570257041784	0.965556947581809	0.907876487409969	0.941883670694171	0.929680069534089	0.931637512267442	0.951256214983066	0.900530164119005	0.944673493841855	0.940897438380879	0.945212598697851	0.947020796789452	0.893429666423606	0.918097288612021	0.943585344681954	0.911445932158977	0.946600577334512	0.890247433349281	0.922092840947455	0.936018133659426	0.920482711709628	0.928419984444518	0.951692552615951	0.916890927160092	0.943815980499411	0.959799114144238	0.945725265317971	0.927126273692051	0.92087922623478	0.936094471368059	0.944617069127802	0.927133613687395	0.937796562850738	0.938232195886233	0.94590406125246	0.947371163614488	0.882275268865199	0.943831651128442	0.948376338679114	0.943466589496512	0.935675540378776	0.951675831709389	0.944207874069414	0.925514837980536	0.9217688001748	0.948715730348632	0.940000500949232	0.92956383784062	0.932960115697755	0.924909951849443	0.909353623951532	0.942973402740133
cg03796122	NA	NA	NA	NA	NA	NA	NA	NA	NA	NA	NA	NA	NA	NA	NA	NA	NA	NA	NA	NA	NA	NA	NA	NA	NA	NA	NA	NA	NA	NA	NA	NA	NA	NA	NA	NA	NA	NA	NA	NA	NA	NA	NA	NA	NA	NA	NA	NA	NA	NA	NA	NA	NA	NA	NA	NA	NA	NA	NA	NA	NA	NA	NA	NA	NA	NA	NA	NA	NA	NA	NA	NA	NA	NA	NA	NA	NA	NA	NA	NA	NA	NA	NA	NA	NA	NA	NA	NA	NA	NA	NA	NA	NA	NA	NA	NA	NA	NA	NA
cg03826683	NA	NA	NA	NA	NA	NA	NA	NA	NA	NA	NA	NA	NA	NA	NA	NA	NA	NA	NA	NA	NA	NA	NA	NA	NA	NA	NA	NA	NA	NA	NA	NA	NA	NA	NA	NA	NA	NA	NA	NA	NA	NA	NA	NA	NA	NA	NA	NA	NA	NA	NA	NA	NA	NA	NA	NA	NA	NA	NA	NA	NA	NA	NA	NA	NA	NA	NA	NA	NA	NA	NA	NA	NA	NA	NA	NA	NA	NA	NA	NA	NA	NA	NA	NA	NA	NA	NA	NA	NA	NA	NA	NA	NA	NA	NA	NA	NA	NA	NA
cg03833216	0.565618640885749	NA	0.304892609184364	0.327271317069219	NA	NA	NA	0.17390588939836	0.223354869697009	0.189898846164254	0.2980808735944	NA	0.499176808734855	0.187668966507162	0.602825321035673	0.270801447927098	0.292681122848079	0.349152513517455	0.127559792677296	0.315914372663395	0.407691642005175	0.481951107496413	0.15040050730369	0.418705312326167	0.343866526773647	NA	0.28064261484075	0.205450459573498	0.255053985776656	NA	0.236889574698879	0.421214773019278	0.203371020740801	0.268235710896134	NA	0.108495023076154	0.170033943593224	0.193602778793175	0.270634270894434	0.262424082318198	0.520329239075633	0.215086424125618	0.47602100554303	0.0794631485155324	0.269038221199481	0.324505796244416	NA	0.434831652133176	0.188578969869308	0.359286386963168	0.240460501623775	0.597620265990971	0.158276613751877	0.543729273428822	0.490060865822965	NA	0.158796489814055	0.276532620878966	0.295263549541584	NA	0.199387983289684	0.0996357165993574	0.261365060783177	0.277508237155057	NA	NA	0.24377150735276	NA	0.255810874602462	0.287102263209987	0.308104812908928	NA	0.347635245828425	0.225349408610113	0.885491503560916	0.267101518678557	NA	0.21602927389396	0.343289261319186	0.570181634713362	0.203529074573921	NA	0.161665889519615	NA	0.411199697894218	0.264269022137103	0.197265499795389	0.198794505541504	0.237659273432691	0.365380881741056	NA	0.405935111094682	NA	NA	0.243826559645775	0.227790363322848	NA	NA	NA
cg03838823	NA	NA	NA	NA	NA	NA	NA	NA	NA	NA	NA	NA	NA	NA	NA	NA	NA	NA	NA	NA	NA	NA	NA	NA	NA	NA	NA	NA	NA	NA	NA	NA	NA	NA	NA	NA	NA	NA	NA	NA	NA	NA	NA	NA	NA	NA	NA	NA	NA	NA	NA	NA	NA	NA	NA	NA	NA	NA	NA	NA	NA	NA	NA	NA	NA	NA	NA	NA	NA	NA	NA	NA	NA	NA	NA	NA	NA	NA	NA	NA	NA	NA	NA	NA	NA	NA	NA	NA	NA	NA	NA	NA	NA	NA	NA	NA	NA	NA	NA
cg03840912	0.932326016733853	0.918783447846339	0.945831305536675	0.943784514700815	0.920787647759095	0.855673596384383	0.963058455535324	0.683447505555772	0.906155706971803	0.770261534933044	0.877315394092635	0.953759096106452	0.921396751173046	0.579563658930056	0.952456720749258	0.95006715918489	0.944952478060979	0.597030947962409	0.960152728880386	0.619006527448774	0.615431403550286	0.925874549279039	0.938660720718158	0.906784191233298	0.332098800493924	0.920906454869732	0.929314469924762	0.815329879502659	0.714173166381057	0.953542162922454	0.817533283454459	0.932186788481931	0.941595211736578	0.956431965352934	0.924216017556816	0.245415563140515	0.466080413896064	0.362802749718394	0.923339356338893	0.919954527166142	0.914962999331658	0.901859454349955	0.585626661600441	0.924779927249485	0.902034834585656	0.953579598739957	0.910623881079088	0.621829932563535	0.948181736371312	0.893383688125377	0.525074581326029	0.924497394156927	0.828981900964131	0.928349215553237	0.943797983787311	0.871057970825706	0.919838506520081	0.918685705328387	0.939245826118884	0.937621699376521	0.680538340345945	0.420620654074569	0.926444115169553	0.922805843153014	0.948812752775255	0.942913993569382	0.615453689196588	0.916935170029079	0.274279672896413	0.936982418003383	0.792924595050752	0.941406302103622	0.343203288215434	0.893051707561712	0.953562880574454	0.900917620006903	0.925970688926834	0.937721754531359	0.906633616880176	0.590884762243137	0.946070223847465	0.804002352104529	0.238653167574584	0.926391227395336	0.579284428250485	0.444756316718463	0.932409054591224	0.936301619954648	0.937847849183918	0.895974202100518	0.959520251356648	0.950901860425731	0.94142011024619	0.808461234682711	0.921246396866703	0.958273748239417	0.927166372376186	0.946943916729302	0.946687122060291
cg03843092	0.513515685292655	0.662990663876729	0.284673210497778	0.256441216748835	0.309779121039919	0.407597252890056	0.804415651299857	0.104691650804649	0.350241664131521	0.264030838696786	0.299057723603945	0.273146453569411	0.450978892953775	0.238127542813618	0.662276489513256	0.247635230849236	0.320971806611083	0.397783433272103	0.479132900407209	0.515395687704325	0.357604254972874	0.371937581798396	0.569365573719175	0.602522396285861	0.336751008522352	0.36353335579442	0.393007802197407	0.211778568101212	0.771043644076012	0.902419932758705	0.28799552294098	0.369102618342541	0.323295582309795	0.261199670581759	0.244667228057945	0.930873852316464	0.606178391104224	0.174226985551097	0.379508831372939	0.776228357202449	0.26636768379788	0.223041700878048	0.395197986875512	0.648090922275549	0.210393028388051	0.387553282312879	0.574422515384854	0.472482181348052	0.218341424232292	0.297774079133475	0.580245590793821	0.321113763791685	0.738778949627243	0.451713782766188	0.385831063924483	0.319890096431055	0.153605015015278	0.340721119169206	0.265433260230675	0.392028599102559	0.250108459276035	0.0994202266957679	0.319222044455229	0.292627701069105	0.247866578360177	0.348462880212963	0.272314603686766	0.368979733315673	0.232247509378618	0.289935888867294	0.267563398190505	0.363088169441004	0.311185605669014	0.292830845967886	0.836854828928988	0.261871977627966	0.54570146617113	0.120199114242988	0.600917829863995	0.579990194260067	0.207335399485264	0.713541156987877	0.256575607846339	0.555959412865514	0.713477020861117	0.447603578664275	0.530185991611475	0.265258854953872	0.26759995865499	0.473629849647813	0.240717071242884	0.40539404878839	0.266416465965371	0.464455870685187	0.319252543732983	0.743373324928779	0.58209991833729	0.603520944850256	0.553778072386261
cg03859106	NA	NA	NA	NA	NA	NA	NA	NA	NA	NA	NA	NA	NA	NA	NA	NA	NA	NA	NA	NA	NA	NA	NA	NA	NA	NA	NA	NA	NA	NA	NA	NA	NA	NA	NA	NA	NA	NA	NA	NA	NA	NA	NA	NA	NA	NA	NA	NA	NA	NA	NA	NA	NA	NA	NA	NA	NA	NA	NA	NA	NA	NA	NA	NA	NA	NA	NA	NA	NA	NA	NA	NA	NA	NA	NA	NA	NA	NA	NA	NA	NA	NA	NA	NA	NA	NA	NA	NA	NA	NA	NA	NA	NA	NA	NA	NA	NA	NA	NA
cg03885144	NA	NA	NA	NA	NA	NA	NA	NA	NA	NA	NA	NA	NA	NA	NA	NA	NA	NA	NA	NA	NA	NA	NA	NA	NA	NA	NA	NA	NA	NA	NA	NA	NA	NA	NA	NA	NA	NA	NA	NA	NA	NA	NA	NA	NA	NA	NA	NA	NA	NA	NA	NA	NA	NA	NA	NA	NA	NA	NA	NA	NA	NA	NA	NA	NA	NA	NA	NA	NA	NA	NA	NA	NA	NA	NA	NA	NA	NA	NA	NA	NA	NA	NA	NA	NA	NA	NA	NA	NA	NA	NA	NA	NA	NA	NA	NA	NA	NA	NA
cg03890998	NA	NA	NA	NA	NA	NA	NA	NA	NA	NA	NA	NA	NA	NA	NA	NA	NA	NA	NA	NA	NA	NA	NA	NA	NA	NA	NA	NA	NA	NA	NA	NA	NA	NA	NA	NA	NA	NA	NA	NA	NA	NA	NA	NA	NA	NA	NA	NA	NA	NA	NA	NA	NA	NA	NA	NA	NA	NA	NA	NA	NA	NA	NA	NA	NA	NA	NA	NA	NA	NA	NA	NA	NA	NA	NA	NA	NA	NA	NA	NA	NA	NA	NA	NA	NA	NA	NA	NA	NA	NA	NA	NA	NA	NA	NA	NA	NA	NA	NA
cg03913000	NA	NA	NA	NA	NA	NA	NA	NA	NA	NA	NA	NA	NA	NA	NA	NA	NA	NA	NA	NA	NA	NA	NA	NA	NA	NA	NA	NA	NA	NA	NA	NA	NA	NA	NA	NA	NA	NA	NA	NA	NA	NA	NA	NA	NA	NA	NA	NA	NA	NA	NA	NA	NA	NA	NA	NA	NA	NA	NA	NA	NA	NA	NA	NA	NA	NA	NA	NA	NA	NA	NA	NA	NA	NA	NA	NA	NA	NA	NA	NA	NA	NA	NA	NA	NA	NA	NA	NA	NA	NA	NA	NA	NA	NA	NA	NA	NA	NA	NA
cg03933786	NA	NA	NA	NA	NA	NA	NA	NA	NA	NA	NA	NA	NA	NA	NA	NA	NA	NA	NA	NA	NA	NA	NA	NA	NA	NA	NA	NA	NA	NA	NA	NA	NA	NA	NA	NA	NA	NA	NA	NA	NA	NA	NA	NA	NA	NA	NA	NA	NA	NA	NA	NA	NA	NA	NA	NA	NA	NA	NA	NA	NA	NA	NA	NA	NA	NA	NA	NA	NA	NA	NA	NA	NA	NA	NA	NA	NA	NA	NA	NA	NA	NA	NA	NA	NA	NA	NA	NA	NA	NA	NA	NA	NA	NA	NA	NA	NA	NA	NA
cg03935072	NA	NA	NA	NA	NA	NA	NA	NA	NA	NA	NA	NA	NA	NA	NA	NA	NA	NA	NA	NA	NA	NA	NA	NA	NA	NA	NA	NA	NA	NA	NA	NA	NA	NA	NA	NA	NA	NA	NA	NA	NA	NA	NA	NA	NA	NA	NA	NA	NA	NA	NA	NA	NA	NA	NA	NA	NA	NA	NA	NA	NA	NA	NA	NA	NA	NA	NA	NA	NA	NA	NA	NA	NA	NA	NA	NA	NA	NA	NA	NA	NA	NA	NA	NA	NA	NA	NA	NA	NA	NA	NA	NA	NA	NA	NA	NA	NA	NA	NA
cg03996098	NA	NA	NA	NA	NA	NA	NA	NA	NA	NA	NA	NA	NA	NA	NA	NA	NA	NA	NA	NA	NA	NA	NA	NA	NA	NA	NA	NA	NA	NA	NA	NA	NA	NA	NA	NA	NA	NA	NA	NA	NA	NA	NA	NA	NA	NA	NA	NA	NA	NA	NA	NA	NA	NA	NA	NA	NA	NA	NA	NA	NA	NA	NA	NA	NA	NA	NA	NA	NA	NA	NA	NA	NA	NA	NA	NA	NA	NA	NA	NA	NA	NA	NA	NA	NA	NA	NA	NA	NA	NA	NA	NA	NA	NA	NA	NA	NA	NA	NA
cg04002935	NA	NA	NA	NA	NA	NA	NA	NA	NA	NA	NA	NA	NA	NA	NA	NA	NA	NA	NA	NA	NA	NA	NA	NA	NA	NA	NA	NA	NA	NA	NA	NA	NA	NA	NA	NA	NA	NA	NA	NA	NA	NA	NA	NA	NA	NA	NA	NA	NA	NA	NA	NA	NA	NA	NA	NA	NA	NA	NA	NA	NA	NA	NA	NA	NA	NA	NA	NA	NA	NA	NA	NA	NA	NA	NA	NA	NA	NA	NA	NA	NA	NA	NA	NA	NA	NA	NA	NA	NA	NA	NA	NA	NA	NA	NA	NA	NA	NA	NA
cg04006206	NA	NA	NA	NA	NA	NA	NA	NA	NA	NA	NA	NA	NA	NA	NA	NA	NA	NA	NA	NA	NA	NA	NA	NA	NA	NA	NA	NA	NA	NA	NA	NA	NA	NA	NA	NA	NA	NA	NA	NA	NA	NA	NA	NA	NA	NA	NA	NA	NA	NA	NA	NA	NA	NA	NA	NA	NA	NA	NA	NA	NA	NA	NA	NA	NA	NA	NA	NA	NA	NA	NA	NA	NA	NA	NA	NA	NA	NA	NA	NA	NA	NA	NA	NA	NA	NA	NA	NA	NA	NA	NA	NA	NA	NA	NA	NA	NA	NA	NA
cg04026763	NA	NA	NA	NA	NA	NA	NA	NA	NA	NA	NA	NA	NA	NA	NA	NA	NA	NA	NA	NA	NA	NA	NA	NA	NA	NA	NA	NA	NA	NA	NA	NA	NA	NA	NA	NA	NA	NA	NA	NA	NA	NA	NA	NA	NA	NA	NA	NA	NA	NA	NA	NA	NA	NA	NA	NA	NA	NA	NA	NA	NA	NA	NA	NA	NA	NA	NA	NA	NA	NA	NA	NA	NA	NA	NA	NA	NA	NA	NA	NA	NA	NA	NA	NA	NA	NA	NA	NA	NA	NA	NA	NA	NA	NA	NA	NA	NA	NA	NA
cg04031354	NA	NA	NA	NA	NA	NA	NA	NA	NA	NA	NA	NA	NA	NA	NA	NA	NA	NA	NA	NA	NA	NA	NA	NA	NA	NA	NA	NA	NA	NA	NA	NA	NA	NA	NA	NA	NA	NA	NA	NA	NA	NA	NA	NA	NA	NA	NA	NA	NA	NA	NA	NA	NA	NA	NA	NA	NA	NA	NA	NA	NA	NA	NA	NA	NA	NA	NA	NA	NA	NA	NA	NA	NA	NA	NA	NA	NA	NA	NA	NA	NA	NA	NA	NA	NA	NA	NA	NA	NA	NA	NA	NA	NA	NA	NA	NA	NA	NA	NA
cg04055096	0.723911769390736	0.865237781338832	0.604786383086838	0.65443615641527	0.661978978288236	0.689904666858991	0.5344962605685	0.500085666347372	0.43531631224975	0.84765595090127	0.706300926861053	0.795739435618309	0.847618285636691	0.503932865365356	0.722470517990124	0.452715429550293	0.712127434262209	0.762068469020391	0.548896236614077	0.523242552396952	0.771829068192755	0.614265882642618	0.561538328411042	0.536696972256745	0.669813540563522	0.481756462709419	0.712825084273031	0.660010849927698	0.629802504406875	0.629922455771415	0.651568583489479	0.578662928576606	0.560794498877628	0.706358648574366	0.658437085325913	0.555526266832442	0.298631905758112	0.877365026671915	0.776869405100054	0.689385808023206	0.773971702039585	0.734581826823482	0.85589316802471	0.789000885881523	0.382519102029737	0.8622963417436	0.7627230466341	0.679844157461504	0.630102571290819	0.788437264764496	0.671232357041363	0.830812560482431	0.828103172241749	0.785587739678283	0.844936233877846	0.603227677869029	0.734651883892701	0.759448244464961	0.493046283712376	0.81572864449001	0.767573638063811	0.278728594818527	0.561580987659666	0.503021307891633	0.553294874980901	0.775109824198196	0.581498862698383	0.794127083614472	0.750536557243123	0.808747343240415	0.574357382997541	0.785595249995316	0.727417254400657	0.717209985918791	0.75687463027786	0.863569585132968	0.795981154031575	0.612356559556661	0.798833254031129	0.598749251754665	0.527119805113028	0.64198393447557	0.65996488717	0.582797731005335	0.817370269618699	0.531964021997797	0.765983578510501	0.815754980992694	0.595263892572558	0.775144224906126	0.744077977135188	0.643510033215359	0.551048152694237	0.607603911811664	0.87083003814795	0.641286913190539	0.497602212010873	0.622995088409957	0.79190798069128
cg04062303	NA	NA	NA	NA	NA	NA	NA	NA	NA	NA	NA	NA	NA	NA	NA	NA	NA	NA	NA	NA	NA	NA	NA	NA	NA	NA	NA	NA	NA	NA	NA	NA	NA	NA	NA	NA	NA	NA	NA	NA	NA	NA	NA	NA	NA	NA	NA	NA	NA	NA	NA	NA	NA	NA	NA	NA	NA	NA	NA	NA	NA	NA	NA	NA	NA	NA	NA	NA	NA	NA	NA	NA	NA	NA	NA	NA	NA	NA	NA	NA	NA	NA	NA	NA	NA	NA	NA	NA	NA	NA	NA	NA	NA	NA	NA	NA	NA	NA	NA
cg04076763	NA	NA	NA	NA	NA	NA	NA	NA	NA	NA	NA	NA	NA	NA	NA	NA	NA	NA	NA	NA	NA	NA	NA	NA	NA	NA	NA	NA	NA	NA	NA	NA	NA	NA	NA	NA	NA	NA	NA	NA	NA	NA	NA	NA	NA	NA	NA	NA	NA	NA	NA	NA	NA	NA	NA	NA	NA	NA	NA	NA	NA	NA	NA	NA	NA	NA	NA	NA	NA	NA	NA	NA	NA	NA	NA	NA	NA	NA	NA	NA	NA	NA	NA	NA	NA	NA	NA	NA	NA	NA	NA	NA	NA	NA	NA	NA	NA	NA	NA
cg04100169	NA	NA	NA	NA	NA	NA	NA	NA	NA	NA	NA	NA	NA	NA	NA	NA	NA	NA	NA	NA	NA	NA	NA	NA	NA	NA	NA	NA	NA	NA	NA	NA	NA	NA	NA	NA	NA	NA	NA	NA	NA	NA	NA	NA	NA	NA	NA	NA	NA	NA	NA	NA	NA	NA	NA	NA	NA	NA	NA	NA	NA	NA	NA	NA	NA	NA	NA	NA	NA	NA	NA	NA	NA	NA	NA	NA	NA	NA	NA	NA	NA	NA	NA	NA	NA	NA	NA	NA	NA	NA	NA	NA	NA	NA	NA	NA	NA	NA	NA
cg04103847	0.634799630296659	0.447904272585734	0.37418583886423	0.507807503693358	0.246004279034823	0.409590262031546	0.611765522487064	0.19230207144755	0.254190677910393	0.204374465856376	0.298778335569957	0.860759191441972	0.416841259438736	0.177186533639002	0.501146365319695	0.172694433674924	0.287338692372686	0.306642300879873	0.273758570223384	0.268528028117043	0.499776807541033	0.394728705322566	0.0783652369332774	0.428663357209772	0.280153980922246	0.305824594335288	0.339564581319847	0.289337115015946	0.44516506885472	0.294504977026289	0.316179667268972	0.455836409948149	0.205440986253012	0.462060331924287	0.573420696876597	0.104108140712956	0.139573390568549	0.560541662487905	0.388812700791615	0.313302392182705	0.217333107405976	0.521772909759831	0.417521212773466	0.216943456493792	0.154645645616502	0.362916790721683	0.202980671372565	0.469468197060342	0.196122101921492	0.807826547574458	0.28486512807362	0.304192197653689	0.0684184061118137	0.613903593356656	0.389473098274512	0.296232511752733	0.129564036069603	0.242560531019531	0.443893613272832	0.601066244105155	0.248103036856912	0.152273825813244	0.398014327476494	0.247685625009323	0.408458024842607	0.402431475626966	0.323341769285961	0.604551965365112	0.138966059189927	0.402091882485321	0.257338917012256	0.514210118418254	0.360880825370452	0.275523262725928	0.583019531657445	0.226842331209654	0.302879733502158	0.149650858009531	0.281869914064639	0.458615252534017	0.194457325629391	0.286066909268235	0.232730279723241	0.296253117995604	0.411821793609539	0.232929687062672	0.18447088201049	0.261100660982156	0.312445154529952	0.416822747623729	0.723877625768895	0.39719176114641	0.262587551617213	0.112285566028488	0.282413360138275	0.226982279969027	0.341524337566587	0.330126068147043	0.469047714444298
cg04114537	NA	NA	NA	NA	NA	NA	NA	NA	NA	NA	NA	NA	NA	NA	NA	NA	NA	NA	NA	NA	NA	NA	NA	NA	NA	NA	NA	NA	NA	NA	NA	NA	NA	NA	NA	NA	NA	NA	NA	NA	NA	NA	NA	NA	NA	NA	NA	NA	NA	NA	NA	NA	NA	NA	NA	NA	NA	NA	NA	NA	NA	NA	NA	NA	NA	NA	NA	NA	NA	NA	NA	NA	NA	NA	NA	NA	NA	NA	NA	NA	NA	NA	NA	NA	NA	NA	NA	NA	NA	NA	NA	NA	NA	NA	NA	NA	NA	NA	NA
cg04143547	NA	NA	NA	NA	NA	NA	NA	NA	NA	NA	NA	NA	NA	NA	NA	NA	NA	NA	NA	NA	NA	NA	NA	NA	NA	NA	NA	NA	NA	NA	NA	NA	NA	NA	NA	NA	NA	NA	NA	NA	NA	NA	NA	NA	NA	NA	NA	NA	NA	NA	NA	NA	NA	NA	NA	NA	NA	NA	NA	NA	NA	NA	NA	NA	NA	NA	NA	NA	NA	NA	NA	NA	NA	NA	NA	NA	NA	NA	NA	NA	NA	NA	NA	NA	NA	NA	NA	NA	NA	NA	NA	NA	NA	NA	NA	NA	NA	NA	NA
cg04167811	NA	NA	NA	NA	NA	NA	NA	NA	NA	NA	NA	NA	NA	NA	NA	NA	NA	NA	NA	NA	NA	NA	NA	NA	NA	NA	NA	NA	NA	NA	NA	NA	NA	NA	NA	NA	NA	NA	NA	NA	NA	NA	NA	NA	NA	NA	NA	NA	NA	NA	NA	NA	NA	NA	NA	NA	NA	NA	NA	NA	NA	NA	NA	NA	NA	NA	NA	NA	NA	NA	NA	NA	NA	NA	NA	NA	NA	NA	NA	NA	NA	NA	NA	NA	NA	NA	NA	NA	NA	NA	NA	NA	NA	NA	NA	NA	NA	NA	NA
cg04216073	0.681646395157741	0.659998967269572	0.593054410714559	0.721734746491388	0.889357192401384	0.582958308095687	NA	NA	0.60979243214291	0.736843958854077	0.312830591308979	0.932554573434879	0.878614341873521	0.23684447324299	0.902180013810018	NA	0.347389408363508	0.591071880305666	0.784003072152723	NA	0.677876505963053	0.582203626245833	0.220188189988427	0.559757889028376	0.339496149153523	0.803523038318773	0.358950548486849	0.427205057289598	0.37576384932286	0.878340097819272	0.869411301010851	0.739595139035992	0.252426950128675	0.28822909791609	0.689057160718081	NA	0.857625693811159	NA	0.83971244707305	0.456815809943748	0.665829551547467	0.540772295482514	0.550032115393589	0.17628540869986	0.665612076823355	NA	NA	0.612736891792718	0.20970359908761	0.749899342439141	0.357827168175079	0.716355688070141	NA	0.673360857156311	0.676438295204373	0.569664850989573	0.195521263830653	0.338131875787415	NA	0.823155900558145	0.279746512396658	0.151742811986463	0.894335559409045	NA	NA	0.688083334591988	NA	0.547089004553557	NA	0.423765198107013	0.22478994862765	0.790323867857737	0.381671208856144	0.381931078212494	0.937991516800649	NA	0.828181007293351	0.261223273470528	0.635093439016725	0.69974238316651	0.317366943539173	0.676560964209049	NA	NA	0.347053624283599	0.286222369428164	0.93684238574702	0.25353295539792	0.19513018150842	NA	0.587162125216539	0.782262843910814	NA	0.171082371030985	0.890214947549533	0.658702771762956	0.902955551842141	0.438583402158641	0.551479422008827
cg04223924	0.180459977574221	0.154622856414528	0.221627121297181	0.122750430341049	0.107385253011563	0.133365436990861	0.322981239628991	0.0962667917068034	0.24812842641531	0.144436671928866	0.188738984312567	0.0735773082476021	0.166513404140219	0.125274727358214	0.181660120044769	0.125005078640172	0.297637393246565	0.325876882873328	0.0979526598055346	0.178174080443352	0.217838804432983	0.136644429539678	0.112599935335732	0.183586074507395	0.202703427194352	0.17780465765199	0.110008860884353	0.108872388339416	0.206449249018857	0.111685630491491	0.115500006656093	0.114156508031921	0.107013803083905	0.127288919373977	0.117790276138593	0.219848968394147	0.137934620746999	0.213718445386855	0.390297372024613	0.282267875282148	0.155642640119663	0.195377849540029	0.178053272167694	0.0660159671070382	0.112180697432663	0.174833782653069	0.0999124648202628	0.140857119057646	0.567848337654928	0.175959272447624	0.115786506096754	0.159349900569085	NA	0.259310796472138	0.186402682145974	0.367644511450105	0.124473207968776	0.169549506428677	0.445190669236539	0.140556207033293	0.114201325578256	0.12597426456981	0.151614192846843	0.295471854122057	0.13282122473258	0.138711615418894	0.208377001675487	0.180636584758347	NA	0.231411160682424	0.1139062594594	0.263785543218039	0.101525983625664	0.163787136873981	0.259830688187235	0.182285046898751	0.20953813571222	0.140055130450084	0.176619352909818	0.190615267462739	0.159152921843218	0.201649127054389	0.122336361566863	0.244151940723885	0.143157577574137	0.0848189512849325	0.419294128274674	0.137000836242514	0.227695851726133	0.340857929769571	0.559704818076652	0.21168834559578	0.125231362960807	0.145434112027178	0.108631874411916	0.122523007981782	0.456654302894852	0.150048644009912	0.491415084185346
cg04224084	NA	NA	NA	NA	NA	NA	NA	NA	NA	NA	NA	NA	NA	NA	NA	NA	NA	NA	NA	NA	NA	NA	NA	NA	NA	NA	NA	NA	NA	NA	NA	NA	NA	NA	NA	NA	NA	NA	NA	NA	NA	NA	NA	NA	NA	NA	NA	NA	NA	NA	NA	NA	NA	NA	NA	NA	NA	NA	NA	NA	NA	NA	NA	NA	NA	NA	NA	NA	NA	NA	NA	NA	NA	NA	NA	NA	NA	NA	NA	NA	NA	NA	NA	NA	NA	NA	NA	NA	NA	NA	NA	NA	NA	NA	NA	NA	NA	NA	NA
cg04240603	NA	NA	NA	NA	NA	NA	NA	NA	NA	NA	NA	NA	NA	NA	NA	NA	NA	NA	NA	NA	NA	NA	NA	NA	NA	NA	NA	NA	NA	NA	NA	NA	NA	NA	NA	NA	NA	NA	NA	NA	NA	NA	NA	NA	NA	NA	NA	NA	NA	NA	NA	NA	NA	NA	NA	NA	NA	NA	NA	NA	NA	NA	NA	NA	NA	NA	NA	NA	NA	NA	NA	NA	NA	NA	NA	NA	NA	NA	NA	NA	NA	NA	NA	NA	NA	NA	NA	NA	NA	NA	NA	NA	NA	NA	NA	NA	NA	NA	NA
cg04261102	NA	NA	NA	NA	NA	NA	NA	NA	NA	NA	NA	NA	NA	NA	NA	NA	NA	NA	NA	NA	NA	NA	NA	NA	NA	NA	NA	NA	NA	NA	NA	NA	NA	NA	NA	NA	NA	NA	NA	NA	NA	NA	NA	NA	NA	NA	NA	NA	NA	NA	NA	NA	NA	NA	NA	NA	NA	NA	NA	NA	NA	NA	NA	NA	NA	NA	NA	NA	NA	NA	NA	NA	NA	NA	NA	NA	NA	NA	NA	NA	NA	NA	NA	NA	NA	NA	NA	NA	NA	NA	NA	NA	NA	NA	NA	NA	NA	NA	NA
cg04273604	NA	NA	NA	NA	NA	NA	NA	NA	NA	NA	NA	NA	NA	NA	NA	NA	NA	NA	NA	NA	NA	NA	NA	NA	NA	NA	NA	NA	NA	NA	NA	NA	NA	NA	NA	NA	NA	NA	NA	NA	NA	NA	NA	NA	NA	NA	NA	NA	NA	NA	NA	NA	NA	NA	NA	NA	NA	NA	NA	NA	NA	NA	NA	NA	NA	NA	NA	NA	NA	NA	NA	NA	NA	NA	NA	NA	NA	NA	NA	NA	NA	NA	NA	NA	NA	NA	NA	NA	NA	NA	NA	NA	NA	NA	NA	NA	NA	NA	NA
cg04280377	NA	NA	NA	NA	NA	NA	NA	NA	NA	NA	NA	NA	NA	NA	NA	NA	NA	NA	NA	NA	NA	NA	NA	NA	NA	NA	NA	NA	NA	NA	NA	NA	NA	NA	NA	NA	NA	NA	NA	NA	NA	NA	NA	NA	NA	NA	NA	NA	NA	NA	NA	NA	NA	NA	NA	NA	NA	NA	NA	NA	NA	NA	NA	NA	NA	NA	NA	NA	NA	NA	NA	NA	NA	NA	NA	NA	NA	NA	NA	NA	NA	NA	NA	NA	NA	NA	NA	NA	NA	NA	NA	NA	NA	NA	NA	NA	NA	NA	NA
cg04285493	NA	NA	NA	NA	NA	NA	NA	NA	NA	NA	NA	NA	NA	NA	NA	NA	NA	NA	NA	NA	NA	NA	NA	NA	NA	NA	NA	NA	NA	NA	NA	NA	NA	NA	NA	NA	NA	NA	NA	NA	NA	NA	NA	NA	NA	NA	NA	NA	NA	NA	NA	NA	NA	NA	NA	NA	NA	NA	NA	NA	NA	NA	NA	NA	NA	NA	NA	NA	NA	NA	NA	NA	NA	NA	NA	NA	NA	NA	NA	NA	NA	NA	NA	NA	NA	NA	NA	NA	NA	NA	NA	NA	NA	NA	NA	NA	NA	NA	NA
cg04370860	0.938993076088803	0.948289942266582	0.946896038470855	0.937666400667852	0.923466500579161	0.945055343605739	0.899100101963966	0.927724982259098	0.953814077808526	0.919108521902334	0.945639272286759	0.942701122587113	0.946039911606136	0.939180204220696	0.943779024432853	0.930089294125076	0.905536807456707	0.937914079138525	0.935216769099305	0.937227995629319	0.935975887259721	0.930236494197591	0.928775992918934	0.943956171565657	0.947110014869098	0.935216660893173	0.948425823553093	0.948252664877061	0.928317440601673	0.928701805331594	0.898635544350178	0.939245152174028	0.91431672439023	0.955171839121432	0.911563819210184	0.938606546348378	0.948497176439257	0.922871887056079	0.940385023477669	0.941250348066296	0.930934600319201	0.93498597407515	0.921621975076452	0.937622810891033	0.937718203518637	0.933243071791241	0.952631487480175	0.904668528879068	0.946694694820613	0.937862584862812	0.95099262886562	0.92647721481506	0.917162405136629	0.95314528175621	0.927708311533177	0.949041995943609	0.942394435991809	0.957250364228082	0.917106757770724	0.929188759489861	0.887327667452105	0.930825652977677	0.93002538380741	0.931353948387378	0.910301388773524	0.929812159462083	0.918259055327988	0.936392528877179	0.909010788624383	0.936053395760445	0.906195825685305	0.931559906309061	0.947684384218636	0.945185487472694	0.940297931522744	0.940259171710498	0.936864141110827	0.938165839852699	0.935076644686802	0.921133040762473	0.930885702884124	0.936730452301079	0.918750385819373	0.937126916451551	0.921016949806018	0.951404948187876	0.939007939045742	0.945236411204229	0.900585475984575	0.940351251955086	0.918936088883813	0.93164796883524	0.925527758090479	0.927254473303888	0.934446577328713	0.941854996601915	0.924874387524683	0.930047361998061	0.952292629253519
cg04379416	NA	NA	NA	NA	NA	NA	NA	NA	NA	NA	NA	NA	NA	NA	NA	NA	NA	NA	NA	NA	NA	NA	NA	NA	NA	NA	NA	NA	NA	NA	NA	NA	NA	NA	NA	NA	NA	NA	NA	NA	NA	NA	NA	NA	NA	NA	NA	NA	NA	NA	NA	NA	NA	NA	NA	NA	NA	NA	NA	NA	NA	NA	NA	NA	NA	NA	NA	NA	NA	NA	NA	NA	NA	NA	NA	NA	NA	NA	NA	NA	NA	NA	NA	NA	NA	NA	NA	NA	NA	NA	NA	NA	NA	NA	NA	NA	NA	NA	NA
cg04392293	NA	NA	NA	NA	NA	NA	NA	NA	NA	NA	NA	NA	NA	NA	NA	NA	NA	NA	NA	NA	NA	NA	NA	NA	NA	NA	NA	NA	NA	NA	NA	NA	NA	NA	NA	NA	NA	NA	NA	NA	NA	NA	NA	NA	NA	NA	NA	NA	NA	NA	NA	NA	NA	NA	NA	NA	NA	NA	NA	NA	NA	NA	NA	NA	NA	NA	NA	NA	NA	NA	NA	NA	NA	NA	NA	NA	NA	NA	NA	NA	NA	NA	NA	NA	NA	NA	NA	NA	NA	NA	NA	NA	NA	NA	NA	NA	NA	NA	NA
cg04407400	NA	NA	NA	NA	NA	NA	NA	NA	NA	NA	NA	NA	NA	NA	NA	NA	NA	NA	NA	NA	NA	NA	NA	NA	NA	NA	NA	NA	NA	NA	NA	NA	NA	NA	NA	NA	NA	NA	NA	NA	NA	NA	NA	NA	NA	NA	NA	NA	NA	NA	NA	NA	NA	NA	NA	NA	NA	NA	NA	NA	NA	NA	NA	NA	NA	NA	NA	NA	NA	NA	NA	NA	NA	NA	NA	NA	NA	NA	NA	NA	NA	NA	NA	NA	NA	NA	NA	NA	NA	NA	NA	NA	NA	NA	NA	NA	NA	NA	NA
cg04474903	NA	NA	NA	NA	NA	NA	NA	NA	NA	NA	NA	NA	NA	NA	NA	NA	NA	NA	NA	NA	NA	NA	NA	NA	NA	NA	NA	NA	NA	NA	NA	NA	NA	NA	NA	NA	NA	NA	NA	NA	NA	NA	NA	NA	NA	NA	NA	NA	NA	NA	NA	NA	NA	NA	NA	NA	NA	NA	NA	NA	NA	NA	NA	NA	NA	NA	NA	NA	NA	NA	NA	NA	NA	NA	NA	NA	NA	NA	NA	NA	NA	NA	NA	NA	NA	NA	NA	NA	NA	NA	NA	NA	NA	NA	NA	NA	NA	NA	NA
cg04477079	NA	NA	NA	NA	NA	NA	NA	NA	NA	NA	NA	NA	NA	NA	NA	NA	NA	NA	NA	NA	NA	NA	NA	NA	NA	NA	NA	NA	NA	NA	NA	NA	NA	NA	NA	NA	NA	NA	NA	NA	NA	NA	NA	NA	NA	NA	NA	NA	NA	NA	NA	NA	NA	NA	NA	NA	NA	NA	NA	NA	NA	NA	NA	NA	NA	NA	NA	NA	NA	NA	NA	NA	NA	NA	NA	NA	NA	NA	NA	NA	NA	NA	NA	NA	NA	NA	NA	NA	NA	NA	NA	NA	NA	NA	NA	NA	NA	NA	NA
cg04487158	NA	NA	NA	NA	NA	NA	NA	NA	NA	NA	NA	NA	NA	NA	NA	NA	NA	NA	NA	NA	NA	NA	NA	NA	NA	NA	NA	NA	NA	NA	NA	NA	NA	NA	NA	NA	NA	NA	NA	NA	NA	NA	NA	NA	NA	NA	NA	NA	NA	NA	NA	NA	NA	NA	NA	NA	NA	NA	NA	NA	NA	NA	NA	NA	NA	NA	NA	NA	NA	NA	NA	NA	NA	NA	NA	NA	NA	NA	NA	NA	NA	NA	NA	NA	NA	NA	NA	NA	NA	NA	NA	NA	NA	NA	NA	NA	NA	NA	NA
cg04498159	NA	NA	NA	NA	NA	NA	NA	NA	NA	NA	NA	NA	NA	NA	NA	NA	NA	NA	NA	NA	NA	NA	NA	NA	NA	NA	NA	NA	NA	NA	NA	NA	NA	NA	NA	NA	NA	NA	NA	NA	NA	NA	NA	NA	NA	NA	NA	NA	NA	NA	NA	NA	NA	NA	NA	NA	NA	NA	NA	NA	NA	NA	NA	NA	NA	NA	NA	NA	NA	NA	NA	NA	NA	NA	NA	NA	NA	NA	NA	NA	NA	NA	NA	NA	NA	NA	NA	NA	NA	NA	NA	NA	NA	NA	NA	NA	NA	NA	NA
cg04509365	NA	NA	NA	NA	NA	NA	NA	NA	NA	NA	NA	NA	NA	NA	NA	NA	NA	NA	NA	NA	NA	NA	NA	NA	NA	NA	NA	NA	NA	NA	NA	NA	NA	NA	NA	NA	NA	NA	NA	NA	NA	NA	NA	NA	NA	NA	NA	NA	NA	NA	NA	NA	NA	NA	NA	NA	NA	NA	NA	NA	NA	NA	NA	NA	NA	NA	NA	NA	NA	NA	NA	NA	NA	NA	NA	NA	NA	NA	NA	NA	NA	NA	NA	NA	NA	NA	NA	NA	NA	NA	NA	NA	NA	NA	NA	NA	NA	NA	NA
cg04577395	NA	NA	NA	NA	NA	NA	NA	NA	NA	NA	NA	NA	NA	NA	NA	NA	NA	NA	NA	NA	NA	NA	NA	NA	NA	NA	NA	NA	NA	NA	NA	NA	NA	NA	NA	NA	NA	NA	NA	NA	NA	NA	NA	NA	NA	NA	NA	NA	NA	NA	NA	NA	NA	NA	NA	NA	NA	NA	NA	NA	NA	NA	NA	NA	NA	NA	NA	NA	NA	NA	NA	NA	NA	NA	NA	NA	NA	NA	NA	NA	NA	NA	NA	NA	NA	NA	NA	NA	NA	NA	NA	NA	NA	NA	NA	NA	NA	NA	NA
cg04586418	0.884444355740166	0.808001854417177	0.532986149505179	0.691025369235217	0.945406913301133	0.843786131326891	0.922392948545026	0.509755843152598	0.917376621118828	0.814122840386883	0.942113476447291	0.924175665582239	0.866290677456586	0.794465713215348	0.887158203838612	0.849476963301326	0.944226595564127	0.876636617669682	0.918049208296543	0.953938440545492	0.84006735978256	0.866145891599349	0.888073599856414	0.929609860487378	0.781419942748108	0.94512753805845	0.513670170185025	0.695130364121839	0.9198838076337	0.629221635573987	0.755343055505436	0.844776745994789	0.953190377137017	0.839538870913457	0.958298534082239	0.948972730838402	0.962293382714858	0.833433190801811	0.878555505854947	0.839278310676839	0.875637547205349	0.892775956161875	0.803696602239186	0.929988704497048	0.789467988391374	0.925452970202979	0.897731213437758	0.868998833967182	0.9249863546312	0.883366355298477	0.805337011474743	0.828093567594708	0.936655363878517	0.7990623992842	0.882368749085056	0.929802843946238	0.891932175538121	0.844012039292353	0.923680120464453	0.905313851006358	0.961929179719151	0.948090940935052	0.840499350286666	0.922653812567713	0.892781534291368	0.917852172049073	0.849519203916396	0.952231555519601	0.798254573204207	0.91693129217226	0.889060807173606	0.904475945076495	0.929428064898947	0.895403258293727	0.879572342020957	0.898655302664754	0.835330417962046	0.5894769148529	0.853852802653907	0.924863218019215	0.773510681682574	0.826260999539553	0.854357347321008	0.936404268515	0.470643357702297	0.769515446351378	0.92594023770062	0.928771498150009	0.939190279299443	0.809500423546145	0.906833898212229	0.853777679640806	0.857449885396702	0.459405528791823	0.527421597153432	0.716318694040539	0.939937811733596	0.915829018733632	0.912756452196587
cg04611407	NA	NA	NA	NA	NA	NA	NA	NA	NA	NA	NA	NA	NA	NA	NA	NA	NA	NA	NA	NA	NA	NA	NA	NA	NA	NA	NA	NA	NA	NA	NA	NA	NA	NA	NA	NA	NA	NA	NA	NA	NA	NA	NA	NA	NA	NA	NA	NA	NA	NA	NA	NA	NA	NA	NA	NA	NA	NA	NA	NA	NA	NA	NA	NA	NA	NA	NA	NA	NA	NA	NA	NA	NA	NA	NA	NA	NA	NA	NA	NA	NA	NA	NA	NA	NA	NA	NA	NA	NA	NA	NA	NA	NA	NA	NA	NA	NA	NA	NA
cg04612869	NA	NA	NA	NA	NA	NA	NA	NA	NA	NA	NA	NA	NA	NA	NA	NA	NA	NA	NA	NA	NA	NA	NA	NA	NA	NA	NA	NA	NA	NA	NA	NA	NA	NA	NA	NA	NA	NA	NA	NA	NA	NA	NA	NA	NA	NA	NA	NA	NA	NA	NA	NA	NA	NA	NA	NA	NA	NA	NA	NA	NA	NA	NA	NA	NA	NA	NA	NA	NA	NA	NA	NA	NA	NA	NA	NA	NA	NA	NA	NA	NA	NA	NA	NA	NA	NA	NA	NA	NA	NA	NA	NA	NA	NA	NA	NA	NA	NA	NA
cg04613945	NA	NA	NA	NA	NA	NA	NA	NA	NA	NA	NA	NA	NA	NA	NA	NA	NA	NA	NA	NA	NA	NA	NA	NA	NA	NA	NA	NA	NA	NA	NA	NA	NA	NA	NA	NA	NA	NA	NA	NA	NA	NA	NA	NA	NA	NA	NA	NA	NA	NA	NA	NA	NA	NA	NA	NA	NA	NA	NA	NA	NA	NA	NA	NA	NA	NA	NA	NA	NA	NA	NA	NA	NA	NA	NA	NA	NA	NA	NA	NA	NA	NA	NA	NA	NA	NA	NA	NA	NA	NA	NA	NA	NA	NA	NA	NA	NA	NA	NA
cg04636881	NA	NA	NA	NA	NA	NA	NA	NA	NA	NA	NA	NA	NA	NA	NA	NA	NA	NA	NA	NA	NA	NA	NA	NA	NA	NA	NA	NA	NA	NA	NA	NA	NA	NA	NA	NA	NA	NA	NA	NA	NA	NA	NA	NA	NA	NA	NA	NA	NA	NA	NA	NA	NA	NA	NA	NA	NA	NA	NA	NA	NA	NA	NA	NA	NA	NA	NA	NA	NA	NA	NA	NA	NA	NA	NA	NA	NA	NA	NA	NA	NA	NA	NA	NA	NA	NA	NA	NA	NA	NA	NA	NA	NA	NA	NA	NA	NA	NA	NA
cg04675342	NA	NA	NA	NA	NA	NA	NA	NA	NA	NA	NA	NA	NA	NA	NA	NA	NA	NA	NA	NA	NA	NA	NA	NA	NA	NA	NA	NA	NA	NA	NA	NA	NA	NA	NA	NA	NA	NA	NA	NA	NA	NA	NA	NA	NA	NA	NA	NA	NA	NA	NA	NA	NA	NA	NA	NA	NA	NA	NA	NA	NA	NA	NA	NA	NA	NA	NA	NA	NA	NA	NA	NA	NA	NA	NA	NA	NA	NA	NA	NA	NA	NA	NA	NA	NA	NA	NA	NA	NA	NA	NA	NA	NA	NA	NA	NA	NA	NA	NA
cg04717450	NA	NA	NA	NA	NA	NA	NA	NA	NA	NA	NA	NA	NA	NA	NA	NA	NA	NA	NA	NA	NA	NA	NA	NA	NA	NA	NA	NA	NA	NA	NA	NA	NA	NA	NA	NA	NA	NA	NA	NA	NA	NA	NA	NA	NA	NA	NA	NA	NA	NA	NA	NA	NA	NA	NA	NA	NA	NA	NA	NA	NA	NA	NA	NA	NA	NA	NA	NA	NA	NA	NA	NA	NA	NA	NA	NA	NA	NA	NA	NA	NA	NA	NA	NA	NA	NA	NA	NA	NA	NA	NA	NA	NA	NA	NA	NA	NA	NA	NA
cg04730459	NA	NA	NA	NA	NA	NA	NA	NA	NA	NA	NA	NA	NA	NA	NA	NA	NA	NA	NA	NA	NA	NA	NA	NA	NA	NA	NA	NA	NA	NA	NA	NA	NA	NA	NA	NA	NA	NA	NA	NA	NA	NA	NA	NA	NA	NA	NA	NA	NA	NA	NA	NA	NA	NA	NA	NA	NA	NA	NA	NA	NA	NA	NA	NA	NA	NA	NA	NA	NA	NA	NA	NA	NA	NA	NA	NA	NA	NA	NA	NA	NA	NA	NA	NA	NA	NA	NA	NA	NA	NA	NA	NA	NA	NA	NA	NA	NA	NA	NA
cg04751736	NA	NA	NA	NA	NA	NA	NA	NA	NA	NA	NA	NA	NA	NA	NA	NA	NA	NA	NA	NA	NA	NA	NA	NA	NA	NA	NA	NA	NA	NA	NA	NA	NA	NA	NA	NA	NA	NA	NA	NA	NA	NA	NA	NA	NA	NA	NA	NA	NA	NA	NA	NA	NA	NA	NA	NA	NA	NA	NA	NA	NA	NA	NA	NA	NA	NA	NA	NA	NA	NA	NA	NA	NA	NA	NA	NA	NA	NA	NA	NA	NA	NA	NA	NA	NA	NA	NA	NA	NA	NA	NA	NA	NA	NA	NA	NA	NA	NA	NA
cg04757410	NA	NA	NA	NA	NA	NA	NA	NA	NA	NA	NA	NA	NA	NA	NA	NA	NA	NA	NA	NA	NA	NA	NA	NA	NA	NA	NA	NA	NA	NA	NA	NA	NA	NA	NA	NA	NA	NA	NA	NA	NA	NA	NA	NA	NA	NA	NA	NA	NA	NA	NA	NA	NA	NA	NA	NA	NA	NA	NA	NA	NA	NA	NA	NA	NA	NA	NA	NA	NA	NA	NA	NA	NA	NA	NA	NA	NA	NA	NA	NA	NA	NA	NA	NA	NA	NA	NA	NA	NA	NA	NA	NA	NA	NA	NA	NA	NA	NA	NA
cg04799493	NA	NA	NA	NA	NA	NA	NA	NA	NA	NA	NA	NA	NA	NA	NA	NA	NA	NA	NA	NA	NA	NA	NA	NA	NA	NA	NA	NA	NA	NA	NA	NA	NA	NA	NA	NA	NA	NA	NA	NA	NA	NA	NA	NA	NA	NA	NA	NA	NA	NA	NA	NA	NA	NA	NA	NA	NA	NA	NA	NA	NA	NA	NA	NA	NA	NA	NA	NA	NA	NA	NA	NA	NA	NA	NA	NA	NA	NA	NA	NA	NA	NA	NA	NA	NA	NA	NA	NA	NA	NA	NA	NA	NA	NA	NA	NA	NA	NA	NA
cg04826176	NA	NA	NA	NA	NA	NA	NA	NA	NA	NA	NA	NA	NA	NA	NA	NA	NA	NA	NA	NA	NA	NA	NA	NA	NA	NA	NA	NA	NA	NA	NA	NA	NA	NA	NA	NA	NA	NA	NA	NA	NA	NA	NA	NA	NA	NA	NA	NA	NA	NA	NA	NA	NA	NA	NA	NA	NA	NA	NA	NA	NA	NA	NA	NA	NA	NA	NA	NA	NA	NA	NA	NA	NA	NA	NA	NA	NA	NA	NA	NA	NA	NA	NA	NA	NA	NA	NA	NA	NA	NA	NA	NA	NA	NA	NA	NA	NA	NA	NA
cg04829566	NA	NA	NA	NA	NA	NA	NA	NA	NA	NA	NA	NA	NA	NA	NA	NA	NA	NA	NA	NA	NA	NA	NA	NA	NA	NA	NA	NA	NA	NA	NA	NA	NA	NA	NA	NA	NA	NA	NA	NA	NA	NA	NA	NA	NA	NA	NA	NA	NA	NA	NA	NA	NA	NA	NA	NA	NA	NA	NA	NA	NA	NA	NA	NA	NA	NA	NA	NA	NA	NA	NA	NA	NA	NA	NA	NA	NA	NA	NA	NA	NA	NA	NA	NA	NA	NA	NA	NA	NA	NA	NA	NA	NA	NA	NA	NA	NA	NA	NA
cg04831589	NA	NA	NA	NA	NA	NA	NA	NA	NA	NA	NA	NA	NA	NA	NA	NA	NA	NA	NA	NA	NA	NA	NA	NA	NA	NA	NA	NA	NA	NA	NA	NA	NA	NA	NA	NA	NA	NA	NA	NA	NA	NA	NA	NA	NA	NA	NA	NA	NA	NA	NA	NA	NA	NA	NA	NA	NA	NA	NA	NA	NA	NA	NA	NA	NA	NA	NA	NA	NA	NA	NA	NA	NA	NA	NA	NA	NA	NA	NA	NA	NA	NA	NA	NA	NA	NA	NA	NA	NA	NA	NA	NA	NA	NA	NA	NA	NA	NA	NA
cg04834061	NA	NA	NA	NA	NA	NA	NA	NA	NA	NA	NA	NA	NA	NA	NA	NA	NA	NA	NA	NA	NA	NA	NA	NA	NA	NA	NA	NA	NA	NA	NA	NA	NA	NA	NA	NA	NA	NA	NA	NA	NA	NA	NA	NA	NA	NA	NA	NA	NA	NA	NA	NA	NA	NA	NA	NA	NA	NA	NA	NA	NA	NA	NA	NA	NA	NA	NA	NA	NA	NA	NA	NA	NA	NA	NA	NA	NA	NA	NA	NA	NA	NA	NA	NA	NA	NA	NA	NA	NA	NA	NA	NA	NA	NA	NA	NA	NA	NA	NA
cg04860622	NA	NA	NA	NA	NA	NA	NA	NA	NA	NA	NA	NA	NA	NA	NA	NA	NA	NA	NA	NA	NA	NA	NA	NA	NA	NA	NA	NA	NA	NA	NA	NA	NA	NA	NA	NA	NA	NA	NA	NA	NA	NA	NA	NA	NA	NA	NA	NA	NA	NA	NA	NA	NA	NA	NA	NA	NA	NA	NA	NA	NA	NA	NA	NA	NA	NA	NA	NA	NA	NA	NA	NA	NA	NA	NA	NA	NA	NA	NA	NA	NA	NA	NA	NA	NA	NA	NA	NA	NA	NA	NA	NA	NA	NA	NA	NA	NA	NA	NA
cg04879818	NA	NA	NA	NA	NA	NA	NA	NA	NA	NA	NA	NA	NA	NA	NA	NA	NA	NA	NA	NA	NA	NA	NA	NA	NA	NA	NA	NA	NA	NA	NA	NA	NA	NA	NA	NA	NA	NA	NA	NA	NA	NA	NA	NA	NA	NA	NA	NA	NA	NA	NA	NA	NA	NA	NA	NA	NA	NA	NA	NA	NA	NA	NA	NA	NA	NA	NA	NA	NA	NA	NA	NA	NA	NA	NA	NA	NA	NA	NA	NA	NA	NA	NA	NA	NA	NA	NA	NA	NA	NA	NA	NA	NA	NA	NA	NA	NA	NA	NA
cg04884395	NA	NA	NA	NA	NA	NA	NA	NA	NA	NA	NA	NA	NA	NA	NA	NA	NA	NA	NA	NA	NA	NA	NA	NA	NA	NA	NA	NA	NA	NA	NA	NA	NA	NA	NA	NA	NA	NA	NA	NA	NA	NA	NA	NA	NA	NA	NA	NA	NA	NA	NA	NA	NA	NA	NA	NA	NA	NA	NA	NA	NA	NA	NA	NA	NA	NA	NA	NA	NA	NA	NA	NA	NA	NA	NA	NA	NA	NA	NA	NA	NA	NA	NA	NA	NA	NA	NA	NA	NA	NA	NA	NA	NA	NA	NA	NA	NA	NA	NA
cg04896534	0.229712841524108	0.234842781806022	0.227680657443803	0.219298446113629	0.275157333128617	0.356675997253412	0.360023884115733	0.137621860736301	0.293079064917182	0.248188862215146	0.268902337001039	0.200649896990371	0.384351977638082	0.177637110267493	0.308141187625268	0.153210687203154	0.206166077926166	0.379437513976067	0.198946179623889	0.310228725052885	0.320289935318832	0.32419571156073	0.213990356095118	0.265143741491236	0.286660486113631	0.299063895505836	0.275623834252164	0.224059347815851	0.254005123428317	0.152923714675439	0.221083335138606	0.347930651507903	0.190869936970769	0.294010882479631	0.202103672009883	0.179025084413427	0.224489552877646	0.300843034638445	0.273764790695058	0.270136815216042	0.228713714815175	0.197504441843654	0.408049847454851	0.218320045720212	0.186532268652912	0.292005580099417	0.168249012541132	0.382575605007417	0.218912785423172	0.262732641682363	0.256613574802384	0.282044962132832	0.243707562352628	0.367861430104891	0.367466455831874	0.302128326880931	0.178541288706791	0.284056406712312	0.240708490379194	0.358576521499032	0.218228416721188	0.162905105568077	0.219519450319038	0.273495884339283	0.219943871890347	0.32026394903212	0.460476951726496	0.259441956559976	0.278534608480704	0.299346825776319	0.223474211652953	0.245861217776316	0.215936133980551	0.232536586391153	0.564460881394355	0.298523799149445	0.292372555148571	0.15414064564313	0.262290878549043	0.361480984927285	0.250553277471388	0.356615690711041	0.304844857528271	0.297246222513652	0.420936429066003	0.280133614800976	0.195988542160491	0.274945712176198	0.212527154421232	0.33093352517084	0.130440427370586	0.341987663652891	0.283462813217226	0.145279060736091	0.304478427448307	0.250385905946864	0.310454521136698	0.272560111920394	0.350464496561262
cg04908013	NA	NA	NA	NA	NA	NA	NA	NA	NA	NA	NA	NA	NA	NA	NA	NA	NA	NA	NA	NA	NA	NA	NA	NA	NA	NA	NA	NA	NA	NA	NA	NA	NA	NA	NA	NA	NA	NA	NA	NA	NA	NA	NA	NA	NA	NA	NA	NA	NA	NA	NA	NA	NA	NA	NA	NA	NA	NA	NA	NA	NA	NA	NA	NA	NA	NA	NA	NA	NA	NA	NA	NA	NA	NA	NA	NA	NA	NA	NA	NA	NA	NA	NA	NA	NA	NA	NA	NA	NA	NA	NA	NA	NA	NA	NA	NA	NA	NA	NA
cg04935792	0.590286787395783	0.865403604653116	0.786709527685724	0.58223982304914	0.591478304858186	0.540035874419451	0.608531924871317	0.247608340401243	0.469040694895306	0.204025912559533	0.509234287336928	0.620065221975728	0.689980976587197	0.169266213836945	0.805522928724003	0.244380160072599	0.276505625177157	0.456936283006128	0.5786316999455	0.483432249060163	0.674635146164971	0.430608761712499	0.316289313793847	0.74084237288086	0.315730273042915	0.447316452530406	0.281708602932986	0.250894923249969	0.251748070065634	0.290777082278302	0.535451048888521	0.605394134995431	0.457434091282027	0.824963069566663	0.340376930271631	0.357749553852781	0.554243638842654	0.437786858210572	0.839322116685293	0.370582137401464	0.828199288636243	0.81288646897989	0.443666038040694	0.573998274379711	0.257586936302967	0.57999383887517	0.37949929731114	0.431921199944681	0.206698427545257	0.869750507156219	0.426209803096594	0.787368065520095	0.408549139931694	0.653495374018838	0.453430293324454	0.338390702303021	0.568187555170393	0.287863936126389	0.469090463549461	0.41166151717903	0.208713160887838	0.555250553491471	0.371426510220017	0.856708983950616	0.895867922874661	0.758172959279778	0.515006931985477	0.606648744417106	0.588012942149354	0.502792336461743	0.639039943965272	0.743284330282265	0.674558937562384	0.274870172987652	0.903355735531237	0.825921978929362	0.577262224997682	0.15412324205177	0.307159496214851	0.45507602363409	0.47775599230291	0.662994612768992	0.156105624371833	0.700258846370661	0.720709186186636	0.30997996625523	0.856105841404898	0.702762160822132	0.421215296097591	0.647204856812465	0.86633316864326	0.558948244372913	0.786434135856038	0.122664960368114	0.386646734059791	0.428501931288482	0.756318971833012	0.601141626485062	0.746487157798031
cg04941236	NA	NA	NA	NA	NA	NA	NA	NA	NA	NA	NA	NA	NA	NA	NA	NA	NA	NA	NA	NA	NA	NA	NA	NA	NA	NA	NA	NA	NA	NA	NA	NA	NA	NA	NA	NA	NA	NA	NA	NA	NA	NA	NA	NA	NA	NA	NA	NA	NA	NA	NA	NA	NA	NA	NA	NA	NA	NA	NA	NA	NA	NA	NA	NA	NA	NA	NA	NA	NA	NA	NA	NA	NA	NA	NA	NA	NA	NA	NA	NA	NA	NA	NA	NA	NA	NA	NA	NA	NA	NA	NA	NA	NA	NA	NA	NA	NA	NA	NA
cg04943440	NA	NA	NA	NA	NA	NA	NA	NA	NA	NA	NA	NA	NA	NA	NA	NA	NA	NA	NA	NA	NA	NA	NA	NA	NA	NA	NA	NA	NA	NA	NA	NA	NA	NA	NA	NA	NA	NA	NA	NA	NA	NA	NA	NA	NA	NA	NA	NA	NA	NA	NA	NA	NA	NA	NA	NA	NA	NA	NA	NA	NA	NA	NA	NA	NA	NA	NA	NA	NA	NA	NA	NA	NA	NA	NA	NA	NA	NA	NA	NA	NA	NA	NA	NA	NA	NA	NA	NA	NA	NA	NA	NA	NA	NA	NA	NA	NA	NA	NA
cg04943636	NA	NA	NA	NA	NA	NA	NA	NA	NA	NA	NA	NA	NA	NA	NA	NA	NA	NA	NA	NA	NA	NA	NA	NA	NA	NA	NA	NA	NA	NA	NA	NA	NA	NA	NA	NA	NA	NA	NA	NA	NA	NA	NA	NA	NA	NA	NA	NA	NA	NA	NA	NA	NA	NA	NA	NA	NA	NA	NA	NA	NA	NA	NA	NA	NA	NA	NA	NA	NA	NA	NA	NA	NA	NA	NA	NA	NA	NA	NA	NA	NA	NA	NA	NA	NA	NA	NA	NA	NA	NA	NA	NA	NA	NA	NA	NA	NA	NA	NA
cg04964733	NA	NA	NA	NA	NA	NA	NA	NA	NA	NA	NA	NA	NA	NA	NA	NA	NA	NA	NA	NA	NA	NA	NA	NA	NA	NA	NA	NA	NA	NA	NA	NA	NA	NA	NA	NA	NA	NA	NA	NA	NA	NA	NA	NA	NA	NA	NA	NA	NA	NA	NA	NA	NA	NA	NA	NA	NA	NA	NA	NA	NA	NA	NA	NA	NA	NA	NA	NA	NA	NA	NA	NA	NA	NA	NA	NA	NA	NA	NA	NA	NA	NA	NA	NA	NA	NA	NA	NA	NA	NA	NA	NA	NA	NA	NA	NA	NA	NA	NA
cg04978451	NA	NA	NA	NA	NA	NA	NA	NA	NA	NA	NA	NA	NA	NA	NA	NA	NA	NA	NA	NA	NA	NA	NA	NA	NA	NA	NA	NA	NA	NA	NA	NA	NA	NA	NA	NA	NA	NA	NA	NA	NA	NA	NA	NA	NA	NA	NA	NA	NA	NA	NA	NA	NA	NA	NA	NA	NA	NA	NA	NA	NA	NA	NA	NA	NA	NA	NA	NA	NA	NA	NA	NA	NA	NA	NA	NA	NA	NA	NA	NA	NA	NA	NA	NA	NA	NA	NA	NA	NA	NA	NA	NA	NA	NA	NA	NA	NA	NA	NA
cg04990609	NA	NA	NA	NA	NA	NA	NA	NA	NA	NA	NA	NA	NA	NA	NA	NA	NA	NA	NA	NA	NA	NA	NA	NA	NA	NA	NA	NA	NA	NA	NA	NA	NA	NA	NA	NA	NA	NA	NA	NA	NA	NA	NA	NA	NA	NA	NA	NA	NA	NA	NA	NA	NA	NA	NA	NA	NA	NA	NA	NA	NA	NA	NA	NA	NA	NA	NA	NA	NA	NA	NA	NA	NA	NA	NA	NA	NA	NA	NA	NA	NA	NA	NA	NA	NA	NA	NA	NA	NA	NA	NA	NA	NA	NA	NA	NA	NA	NA	NA
cg05019180	NA	NA	NA	NA	NA	NA	NA	NA	NA	NA	NA	NA	NA	NA	NA	NA	NA	NA	NA	NA	NA	NA	NA	NA	NA	NA	NA	NA	NA	NA	NA	NA	NA	NA	NA	NA	NA	NA	NA	NA	NA	NA	NA	NA	NA	NA	NA	NA	NA	NA	NA	NA	NA	NA	NA	NA	NA	NA	NA	NA	NA	NA	NA	NA	NA	NA	NA	NA	NA	NA	NA	NA	NA	NA	NA	NA	NA	NA	NA	NA	NA	NA	NA	NA	NA	NA	NA	NA	NA	NA	NA	NA	NA	NA	NA	NA	NA	NA	NA
cg05072063	NA	NA	NA	NA	NA	NA	NA	NA	NA	NA	NA	NA	NA	NA	NA	NA	NA	NA	NA	NA	NA	NA	NA	NA	NA	NA	NA	NA	NA	NA	NA	NA	NA	NA	NA	NA	NA	NA	NA	NA	NA	NA	NA	NA	NA	NA	NA	NA	NA	NA	NA	NA	NA	NA	NA	NA	NA	NA	NA	NA	NA	NA	NA	NA	NA	NA	NA	NA	NA	NA	NA	NA	NA	NA	NA	NA	NA	NA	NA	NA	NA	NA	NA	NA	NA	NA	NA	NA	NA	NA	NA	NA	NA	NA	NA	NA	NA	NA	NA
cg05088006	0.8620113236896	0.907769903712897	0.887951683331705	0.907612573645161	0.912175779761752	0.7458623869543	0.877322442771928	0.748061006959274	0.65780288562236	0.539674547723917	NA	0.904735708015323	0.899974896992907	NA	0.917480815777318	0.869238930840539	0.84481913849986	0.805967088790593	0.919102547994352	0.694185583899279	0.772646356660414	0.833923715254475	0.526363555356013	0.852474752243255	NA	0.901542175436687	0.822112625538175	0.914587525695449	0.83539221811842	0.9165013807349	0.583039644974445	0.868550290099196	0.695401691473288	0.869077712650248	0.921201529577252	0.602848530878562	0.689275318361251	0.888803172083397	0.895696932547162	0.786673245819297	0.953752329730329	0.568189291858015	0.834447427177541	0.923232163946575	NA	0.681562752469727	NA	NA	0.499655594430367	0.877163742114457	NA	0.919070687412921	NA	0.898855001532764	0.873052458726579	0.4568937486662	0.856858015058085	NA	0.858087736292689	0.885916136387839	NA	0.213752247103614	0.860371390686755	0.918386425254757	0.910008048668432	0.852489450912385	0.871804805719646	0.871877427369496	0.79696553101393	0.872905105060463	0.715097160474925	0.900324569063753	0.915765477370987	0.86341229091165	0.907391838059752	0.915054393342193	0.914635501815438	0.590189511857814	0.866899676846627	0.787702878719603	0.85869082853811	NA	0.321874411007101	NA	NA	0.422648946334846	NA	NA	0.612552944191814	0.903442684449561	0.920819527978219	0.889947067481567	0.870631761718564	0.239610910532897	0.852644182697119	0.921223660145804	NA	0.868627920550226	0.895143718107212
cg05093071	NA	NA	NA	NA	NA	NA	NA	NA	NA	NA	NA	NA	NA	NA	NA	NA	NA	NA	NA	NA	NA	NA	NA	NA	NA	NA	NA	NA	NA	NA	NA	NA	NA	NA	NA	NA	NA	NA	NA	NA	NA	NA	NA	NA	NA	NA	NA	NA	NA	NA	NA	NA	NA	NA	NA	NA	NA	NA	NA	NA	NA	NA	NA	NA	NA	NA	NA	NA	NA	NA	NA	NA	NA	NA	NA	NA	NA	NA	NA	NA	NA	NA	NA	NA	NA	NA	NA	NA	NA	NA	NA	NA	NA	NA	NA	NA	NA	NA	NA
cg05103956	NA	NA	NA	NA	NA	NA	NA	NA	NA	NA	NA	NA	NA	NA	NA	NA	NA	NA	NA	NA	NA	NA	NA	NA	NA	NA	NA	NA	NA	NA	NA	NA	NA	NA	NA	NA	NA	NA	NA	NA	NA	NA	NA	NA	NA	NA	NA	NA	NA	NA	NA	NA	NA	NA	NA	NA	NA	NA	NA	NA	NA	NA	NA	NA	NA	NA	NA	NA	NA	NA	NA	NA	NA	NA	NA	NA	NA	NA	NA	NA	NA	NA	NA	NA	NA	NA	NA	NA	NA	NA	NA	NA	NA	NA	NA	NA	NA	NA	NA
cg05227343	0.909388962751902	0.953307747375053	0.913552610640439	0.86761748926883	0.835517554734306	0.505741115478661	0.943018608311093	0.900931693199332	0.595778390659398	0.942082268460164	0.914841917227992	0.883654741427389	0.914395527328307	0.409450850006496	0.886750730153822	0.505604323887549	0.948380436011228	0.938817810988662	0.615017222627019	0.539759508165483	0.926072139918974	0.766623784600578	0.808937128779871	0.892145138513552	0.462929836444205	0.948974844978942	0.877118823872183	0.843771607496916	0.957722879103223	0.944364682096917	0.954608772615763	0.743911256473361	0.935790628938914	0.933893693435318	0.71074963772142	0.942329561432131	0.962163539292183	0.274050664339087	0.953840216453181	0.742723910239104	0.950173603070475	0.944100550218851	0.761735695226536	0.964283837795129	0.954147600826623	0.929828191899917	0.942283592629486	0.763355737949068	0.624491908745047	0.702111257391312	0.910448577895835	0.931896197953642	0.782562472536979	0.904630468381603	0.905781561197254	0.594560528281447	0.952134074082676	0.878229563938999	0.756952105084333	0.838866097079402	0.923618145200301	0.404026320491067	0.930079625961714	0.937095377448135	0.933521766157024	0.92586713345556	0.667019616361738	0.95048059919295	0.86190040300734	0.899855966126269	0.927399498939359	0.938109134882937	0.938483619707966	0.495644246657009	0.942470811558312	0.928120931572634	0.814310145893195	0.529368302881285	0.932061483106314	0.766070549531889	0.843548896170949	0.806556105668595	0.487446644354746	0.815814552215634	0.694544689666086	0.507090327285404	0.948259377334664	0.927674701292916	0.796306757757618	0.933109969928781	0.958572321207277	0.90035791482107	0.925927027643785	0.946501537094978	0.888802977612082	0.585854671631329	0.934998332447109	0.925720804385665	0.947732193607452
cg05229275	NA	NA	NA	NA	NA	NA	NA	NA	NA	NA	NA	NA	NA	NA	NA	NA	NA	NA	NA	NA	NA	NA	NA	NA	NA	NA	NA	NA	NA	NA	NA	NA	NA	NA	NA	NA	NA	NA	NA	NA	NA	NA	NA	NA	NA	NA	NA	NA	NA	NA	NA	NA	NA	NA	NA	NA	NA	NA	NA	NA	NA	NA	NA	NA	NA	NA	NA	NA	NA	NA	NA	NA	NA	NA	NA	NA	NA	NA	NA	NA	NA	NA	NA	NA	NA	NA	NA	NA	NA	NA	NA	NA	NA	NA	NA	NA	NA	NA	NA
cg05269246	NA	NA	NA	NA	NA	NA	NA	NA	NA	NA	NA	NA	NA	NA	NA	NA	NA	NA	NA	NA	NA	NA	NA	NA	NA	NA	NA	NA	NA	NA	NA	NA	NA	NA	NA	NA	NA	NA	NA	NA	NA	NA	NA	NA	NA	NA	NA	NA	NA	NA	NA	NA	NA	NA	NA	NA	NA	NA	NA	NA	NA	NA	NA	NA	NA	NA	NA	NA	NA	NA	NA	NA	NA	NA	NA	NA	NA	NA	NA	NA	NA	NA	NA	NA	NA	NA	NA	NA	NA	NA	NA	NA	NA	NA	NA	NA	NA	NA	NA
cg05274503	NA	NA	NA	NA	NA	NA	NA	NA	NA	NA	NA	NA	NA	NA	NA	NA	NA	NA	NA	NA	NA	NA	NA	NA	NA	NA	NA	NA	NA	NA	NA	NA	NA	NA	NA	NA	NA	NA	NA	NA	NA	NA	NA	NA	NA	NA	NA	NA	NA	NA	NA	NA	NA	NA	NA	NA	NA	NA	NA	NA	NA	NA	NA	NA	NA	NA	NA	NA	NA	NA	NA	NA	NA	NA	NA	NA	NA	NA	NA	NA	NA	NA	NA	NA	NA	NA	NA	NA	NA	NA	NA	NA	NA	NA	NA	NA	NA	NA	NA
cg05277146	0.542105111060194	0.368930237281215	0.295322842615112	0.254437632797997	0.834467139898144	0.517343133162033	0.507223046755246	0.174855839311602	0.278867295510406	0.144019266676305	0.294590278944623	0.747486075594822	0.609607377175519	0.166124117039875	0.696370497259013	0.245972016135453	0.466196817118884	0.337756153137438	0.163154427960732	0.250884505249329	0.498007788906282	0.450544486979133	0.167124688602062	0.328972802322173	0.220775566092223	0.336944016671822	0.311698224750994	0.586338527248363	0.293432550704567	0.633926710139607	0.227888080801541	0.39375193896051	0.537570371750128	0.302163558028588	0.220825386354502	0.0833860642041774	0.297844603706979	0.18600085822082	0.251916695188649	0.26563786789335	0.460059172129314	0.322260701767873	0.47446353180512	0.125481621835318	0.281063058257771	0.326690731108022	0.240975507042257	0.399043212878085	0.332266521180477	0.56968675266374	0.554376587157869	0.373159019532597	0.104637564089124	0.617732821680517	0.402782826440009	0.305104376031396	0.149697101929131	0.264544363088784	0.221388995088789	0.542869033048407	0.207235639407211	0.0982909695067065	0.43845289379688	0.240581525883726	0.252520657765994	0.420503377954055	0.214769185781423	0.417275453840311	0.789583890732876	0.416479780532758	0.234139797177211	0.508030542871684	0.340475372438086	0.220414383518296	0.894122238802358	0.307190060482255	0.387711324485343	0.14207987810356	0.249379670617333	0.668554679597566	0.641135039213473	0.241874345645939	0.175467022451772	0.334276283557335	0.30924954632195	0.150391814958565	0.386975942359397	0.298463894177107	0.188609736275892	0.476349245579361	0.525001040445472	0.453188899799534	0.30968835171277	0.117809244660005	0.330230160395138	0.914833299169864	0.462981473223679	0.372264792006862	0.451763399758727
cg05285768	NA	NA	NA	NA	NA	NA	NA	NA	NA	NA	NA	NA	NA	NA	NA	NA	NA	NA	NA	NA	NA	NA	NA	NA	NA	NA	NA	NA	NA	NA	NA	NA	NA	NA	NA	NA	NA	NA	NA	NA	NA	NA	NA	NA	NA	NA	NA	NA	NA	NA	NA	NA	NA	NA	NA	NA	NA	NA	NA	NA	NA	NA	NA	NA	NA	NA	NA	NA	NA	NA	NA	NA	NA	NA	NA	NA	NA	NA	NA	NA	NA	NA	NA	NA	NA	NA	NA	NA	NA	NA	NA	NA	NA	NA	NA	NA	NA	NA	NA
cg05294259	NA	NA	NA	NA	NA	NA	NA	NA	NA	NA	NA	NA	NA	NA	NA	NA	NA	NA	NA	NA	NA	NA	NA	NA	NA	NA	NA	NA	NA	NA	NA	NA	NA	NA	NA	NA	NA	NA	NA	NA	NA	NA	NA	NA	NA	NA	NA	NA	NA	NA	NA	NA	NA	NA	NA	NA	NA	NA	NA	NA	NA	NA	NA	NA	NA	NA	NA	NA	NA	NA	NA	NA	NA	NA	NA	NA	NA	NA	NA	NA	NA	NA	NA	NA	NA	NA	NA	NA	NA	NA	NA	NA	NA	NA	NA	NA	NA	NA	NA
cg05301976	0.966711691156987	0.961548097432099	0.972019713483051	0.963727579337694	0.958734287818974	0.965306039981591	0.960692436608757	0.917300675852415	0.958827665847412	0.95388617585671	0.971010938709882	0.96925410682714	0.972253832533584	0.957580406458237	0.95953455282742	0.966307320798026	0.968511286322103	0.960189096483915	0.965254077483223	0.970973668846983	0.960482891713223	0.961200814395685	0.965122938980575	0.958742450938423	0.939075556662111	0.957858488248974	0.963861511386247	0.962542315181851	0.966370215805483	0.969789517412525	0.960892504153637	0.965623031507739	0.954599851563521	0.971463533576225	0.959242897526232	0.962397120587426	0.969256728749847	0.955631109001285	0.976532859071668	0.966948785640084	0.969532358460468	0.964367803742525	0.975015400909949	0.968130375257062	0.956611568683205	0.951353641494148	0.969927640541003	0.961525846653995	0.969776096653128	0.949931204898368	0.955572544118703	0.957274045368349	0.94476813870225	0.974394753150064	0.964955892375447	0.95749423782635	0.948882959562373	0.95890946606275	0.959160283937133	0.963817245020572	0.974735466769059	0.962334070613255	0.972513790109014	0.965638011691736	0.964450950371306	0.967452818564137	0.966245967695028	0.961196952606376	0.942022784793612	0.948172768219288	0.95001349346559	0.969981061268979	0.962006057101928	0.96199524603521	0.938046227005614	0.934391134347638	0.96477634335136	0.956216729347503	0.97157656337194	0.945489729351328	0.966726855498638	0.96584166118902	0.961046879822753	0.953984687960523	0.961761066529493	0.970078374992128	0.967416345513344	0.9708126857974	0.967328583384885	0.962215235576299	0.970235948495162	0.963913865403645	0.966576474768939	0.969723454476052	0.962960788412221	0.957353633287127	0.954738239174985	0.967757429354895	0.974726936409451
cg05305060	NA	NA	NA	NA	NA	NA	NA	NA	NA	NA	NA	NA	NA	NA	NA	NA	NA	NA	NA	NA	NA	NA	NA	NA	NA	NA	NA	NA	NA	NA	NA	NA	NA	NA	NA	NA	NA	NA	NA	NA	NA	NA	NA	NA	NA	NA	NA	NA	NA	NA	NA	NA	NA	NA	NA	NA	NA	NA	NA	NA	NA	NA	NA	NA	NA	NA	NA	NA	NA	NA	NA	NA	NA	NA	NA	NA	NA	NA	NA	NA	NA	NA	NA	NA	NA	NA	NA	NA	NA	NA	NA	NA	NA	NA	NA	NA	NA	NA	NA
cg05331252	NA	NA	NA	NA	NA	NA	NA	NA	NA	NA	NA	NA	NA	NA	NA	NA	NA	NA	NA	NA	NA	NA	NA	NA	NA	NA	NA	NA	NA	NA	NA	NA	NA	NA	NA	NA	NA	NA	NA	NA	NA	NA	NA	NA	NA	NA	NA	NA	NA	NA	NA	NA	NA	NA	NA	NA	NA	NA	NA	NA	NA	NA	NA	NA	NA	NA	NA	NA	NA	NA	NA	NA	NA	NA	NA	NA	NA	NA	NA	NA	NA	NA	NA	NA	NA	NA	NA	NA	NA	NA	NA	NA	NA	NA	NA	NA	NA	NA	NA
cg05345062	0.755571861473659	0.595646755381603	0.892249866069686	0.640469323496595	0.6211744022541	0.480731911910296	0.639744581695042	0.111929304808438	0.354103624896451	0.222723891027564	0.685279184699875	0.909372132890864	0.918068598764834	0.184846658485541	0.832136840198898	0.542129612546699	0.690649333231841	0.651400195580123	0.469031036177824	0.37889894649111	0.798130385943747	0.602198089485091	0.139906062323291	0.767305460717037	0.282137207483378	0.431495143276288	0.4863228524235	0.282663107347194	0.467848984776702	NA	0.319676209454063	0.616499535756984	0.28694956869935	0.625395010835381	NA	0.19538461691179	0.56341438624787	0.220828577704447	0.894798617733108	0.36154870863184	0.674027553506633	0.66910740729292	0.601771312304614	0.203661777833968	0.565553236683908	0.386615446144901	0.335800358633185	0.361912285351075	0.263838200900864	0.737592741738478	0.342901755260258	0.683575348288663	0.122799749036701	0.820001212781323	0.680822699200352	0.430604056782079	0.289314087597622	0.35461505998149	0.591246917057094	0.720032863856308	0.355459158533224	0.182409037395487	0.603158723140024	0.912155962924072	NA	0.577160684064868	0.329185016464405	0.638585431075383	NA	0.376010388328496	0.341661931756554	0.715027896191697	0.411191058279977	0.324422740935606	0.873540000507127	0.327776625951684	0.545902751489258	0.140616238683245	0.704969782036792	0.505283470397236	0.216363525872064	0.510971072378223	0.193953696738066	0.604007584184214	0.689796424963587	0.248713484787936	0.95610922560436	0.486421330555961	0.337382163019442	0.868878100106981	0.93691485619468	0.758375570382066	0.836356579746316	NA	0.900892138020023	NA	0.666173823260826	0.579733616915968	0.544442322632926
cg05379002	NA	NA	NA	NA	NA	NA	NA	NA	NA	NA	NA	NA	NA	NA	NA	NA	NA	NA	NA	NA	NA	NA	NA	NA	NA	NA	NA	NA	NA	NA	NA	NA	NA	NA	NA	NA	NA	NA	NA	NA	NA	NA	NA	NA	NA	NA	NA	NA	NA	NA	NA	NA	NA	NA	NA	NA	NA	NA	NA	NA	NA	NA	NA	NA	NA	NA	NA	NA	NA	NA	NA	NA	NA	NA	NA	NA	NA	NA	NA	NA	NA	NA	NA	NA	NA	NA	NA	NA	NA	NA	NA	NA	NA	NA	NA	NA	NA	NA	NA
cg05402641	NA	NA	NA	NA	NA	NA	NA	NA	NA	NA	NA	NA	NA	NA	NA	NA	NA	NA	NA	NA	NA	NA	NA	NA	NA	NA	NA	NA	NA	NA	NA	NA	NA	NA	NA	NA	NA	NA	NA	NA	NA	NA	NA	NA	NA	NA	NA	NA	NA	NA	NA	NA	NA	NA	NA	NA	NA	NA	NA	NA	NA	NA	NA	NA	NA	NA	NA	NA	NA	NA	NA	NA	NA	NA	NA	NA	NA	NA	NA	NA	NA	NA	NA	NA	NA	NA	NA	NA	NA	NA	NA	NA	NA	NA	NA	NA	NA	NA	NA
cg05445006	NA	NA	NA	NA	NA	NA	NA	NA	NA	NA	NA	NA	NA	NA	NA	NA	NA	NA	NA	NA	NA	NA	NA	NA	NA	NA	NA	NA	NA	NA	NA	NA	NA	NA	NA	NA	NA	NA	NA	NA	NA	NA	NA	NA	NA	NA	NA	NA	NA	NA	NA	NA	NA	NA	NA	NA	NA	NA	NA	NA	NA	NA	NA	NA	NA	NA	NA	NA	NA	NA	NA	NA	NA	NA	NA	NA	NA	NA	NA	NA	NA	NA	NA	NA	NA	NA	NA	NA	NA	NA	NA	NA	NA	NA	NA	NA	NA	NA	NA
cg05456482	NA	NA	NA	NA	NA	NA	NA	NA	NA	NA	NA	NA	NA	NA	NA	NA	NA	NA	NA	NA	NA	NA	NA	NA	NA	NA	NA	NA	NA	NA	NA	NA	NA	NA	NA	NA	NA	NA	NA	NA	NA	NA	NA	NA	NA	NA	NA	NA	NA	NA	NA	NA	NA	NA	NA	NA	NA	NA	NA	NA	NA	NA	NA	NA	NA	NA	NA	NA	NA	NA	NA	NA	NA	NA	NA	NA	NA	NA	NA	NA	NA	NA	NA	NA	NA	NA	NA	NA	NA	NA	NA	NA	NA	NA	NA	NA	NA	NA	NA
cg05461143	0.756340349216266	0.721019080977438	0.785453298191131	0.840314305655752	0.901573497030386	0.608486435267365	0.832577523617558	0.39825029945518	0.296505708184387	NA	0.396022503503979	0.941492389360333	0.868678747277139	0.141729926667271	0.879338243549686	0.3495581675986	0.551948918637752	0.502247195321416	0.554978073248077	0.443584427038357	0.66897168028365	0.487935693563483	0.301591189725041	0.431978257367645	0.286860845231626	0.828614902532903	0.317495344132341	0.478082715118601	0.706046391646125	0.346682735458591	0.499618512142368	0.639786155408933	0.39849113815792	0.730341657499442	NA	0.336067329950843	0.195010929749059	0.645452650891287	0.54437012315093	0.438315066430893	0.328265750535819	0.526781585468896	0.645742967789461	0.282373148284632	0.290909882915763	0.642744903326615	0.26871164393152	0.504515948453591	0.25384937360811	0.706258677037667	0.532395241308423	0.836189860173572	0.650070926734642	0.711037535338652	0.73176129295486	0.408760180649575	0.42484980261171	0.426447795505591	0.635821317134921	0.679471400352929	0.553844254259327	0.140248625765498	0.55195697842476	0.759535950151372	0.730558750238059	0.815770230046118	0.487845163066735	0.669510218149739	0.834545561520474	0.556931840106082	0.677657025132778	0.819074181379693	0.446148716710091	0.423237547469064	0.743481785865816	0.698544825886645	0.848458550062013	0.17583286811379	0.713107589066386	0.497029989937735	0.372774037376282	0.43689544905571	0.350738810921426	0.547793473252505	0.766810470049063	0.368548230386119	0.502778797608439	0.604240615830511	0.345365420158073	0.674357058642929	0.797550042498284	0.56642773375831	0.423315692236451	0.0781589652205745	0.643435964697687	0.931109852761855	0.688188756686216	0.663411842937582	0.79326568792118
cg05481217	NA	NA	NA	NA	NA	NA	NA	NA	NA	NA	NA	NA	NA	NA	NA	NA	NA	NA	NA	NA	NA	NA	NA	NA	NA	NA	NA	NA	NA	NA	NA	NA	NA	NA	NA	NA	NA	NA	NA	NA	NA	NA	NA	NA	NA	NA	NA	NA	NA	NA	NA	NA	NA	NA	NA	NA	NA	NA	NA	NA	NA	NA	NA	NA	NA	NA	NA	NA	NA	NA	NA	NA	NA	NA	NA	NA	NA	NA	NA	NA	NA	NA	NA	NA	NA	NA	NA	NA	NA	NA	NA	NA	NA	NA	NA	NA	NA	NA	NA
cg05484606	NA	NA	NA	NA	NA	NA	NA	NA	NA	NA	NA	NA	NA	NA	NA	NA	NA	NA	NA	NA	NA	NA	NA	NA	NA	NA	NA	NA	NA	NA	NA	NA	NA	NA	NA	NA	NA	NA	NA	NA	NA	NA	NA	NA	NA	NA	NA	NA	NA	NA	NA	NA	NA	NA	NA	NA	NA	NA	NA	NA	NA	NA	NA	NA	NA	NA	NA	NA	NA	NA	NA	NA	NA	NA	NA	NA	NA	NA	NA	NA	NA	NA	NA	NA	NA	NA	NA	NA	NA	NA	NA	NA	NA	NA	NA	NA	NA	NA	NA
cg05516061	NA	NA	NA	NA	NA	NA	NA	NA	NA	NA	NA	NA	NA	NA	NA	NA	NA	NA	NA	NA	NA	NA	NA	NA	NA	NA	NA	NA	NA	NA	NA	NA	NA	NA	NA	NA	NA	NA	NA	NA	NA	NA	NA	NA	NA	NA	NA	NA	NA	NA	NA	NA	NA	NA	NA	NA	NA	NA	NA	NA	NA	NA	NA	NA	NA	NA	NA	NA	NA	NA	NA	NA	NA	NA	NA	NA	NA	NA	NA	NA	NA	NA	NA	NA	NA	NA	NA	NA	NA	NA	NA	NA	NA	NA	NA	NA	NA	NA	NA
cg05543443	NA	NA	NA	NA	NA	NA	NA	NA	NA	NA	NA	NA	NA	NA	NA	NA	NA	NA	NA	NA	NA	NA	NA	NA	NA	NA	NA	NA	NA	NA	NA	NA	NA	NA	NA	NA	NA	NA	NA	NA	NA	NA	NA	NA	NA	NA	NA	NA	NA	NA	NA	NA	NA	NA	NA	NA	NA	NA	NA	NA	NA	NA	NA	NA	NA	NA	NA	NA	NA	NA	NA	NA	NA	NA	NA	NA	NA	NA	NA	NA	NA	NA	NA	NA	NA	NA	NA	NA	NA	NA	NA	NA	NA	NA	NA	NA	NA	NA	NA
cg05554543	NA	NA	NA	NA	NA	NA	NA	NA	NA	NA	NA	NA	NA	NA	NA	NA	NA	NA	NA	NA	NA	NA	NA	NA	NA	NA	NA	NA	NA	NA	NA	NA	NA	NA	NA	NA	NA	NA	NA	NA	NA	NA	NA	NA	NA	NA	NA	NA	NA	NA	NA	NA	NA	NA	NA	NA	NA	NA	NA	NA	NA	NA	NA	NA	NA	NA	NA	NA	NA	NA	NA	NA	NA	NA	NA	NA	NA	NA	NA	NA	NA	NA	NA	NA	NA	NA	NA	NA	NA	NA	NA	NA	NA	NA	NA	NA	NA	NA	NA
cg05590818	0.825047707867862	0.867285811431286	0.880254995847051	0.919126169551461	0.883412337335512	0.601987686417932	0.86482765946525	0.724615200322411	0.765335545540036	0.866742881187485	0.93201288696133	0.809928620020086	0.586875489123873	0.868154308517072	0.731728371250709	0.926671155169088	0.904233081933318	0.853609281021805	0.772582991330258	0.721398498198992	0.72649441190692	0.813791260676654	0.83317188221983	0.919866418977117	0.888445205368379	0.885772053731272	0.784744635308537	0.743660534751824	0.927027896789392	0.874247929041941	0.925196010893991	0.589354595917148	0.904626486142262	0.842554389878227	0.888971260813139	0.948068569579739	0.94610313677822	0.736943343332106	0.800099183326531	0.867923371469644	0.719289456421995	0.841992994561983	0.755838172108887	0.895930771466397	0.573079788382385	0.756982276121414	0.922875558786365	0.846109575749545	0.923708370595837	0.875347754848338	0.788496980527777	0.736345310074097	0.913406281807553	0.711875225489731	0.656241106288737	0.911031418955637	0.873898697311282	0.875644177384914	0.899980093181457	0.772229984529685	0.889168531650846	0.852994521963827	0.746610440945194	0.908708744711808	0.940227204376434	0.753646535655386	0.682698621478092	0.853692092132743	0.686796501071542	0.904626221665314	0.87459765307175	0.866328579335268	0.813000003503938	0.906605686600272	0.721710887236579	0.858467203916922	0.739924000328247	0.93856489186445	0.801193483756064	0.91471771590717	0.857820232208708	0.920951834241235	0.886117454100422	0.874506570123085	0.828165085533642	0.884612013426723	0.92390667831611	0.841789579988293	0.942954424091162	0.864288845168242	0.90421737434483	0.845221866443477	0.872467896623133	0.919653248693754	0.478908227235276	0.691318104302671	0.829593981585786	0.831359684482382	0.824720272083475
cg05620791	NA	NA	NA	NA	NA	NA	NA	NA	NA	NA	NA	NA	NA	NA	NA	NA	NA	NA	NA	NA	NA	NA	NA	NA	NA	NA	NA	NA	NA	NA	NA	NA	NA	NA	NA	NA	NA	NA	NA	NA	NA	NA	NA	NA	NA	NA	NA	NA	NA	NA	NA	NA	NA	NA	NA	NA	NA	NA	NA	NA	NA	NA	NA	NA	NA	NA	NA	NA	NA	NA	NA	NA	NA	NA	NA	NA	NA	NA	NA	NA	NA	NA	NA	NA	NA	NA	NA	NA	NA	NA	NA	NA	NA	NA	NA	NA	NA	NA	NA
cg05669672	NA	NA	NA	NA	NA	NA	NA	NA	NA	NA	NA	NA	NA	NA	NA	NA	NA	NA	NA	NA	NA	NA	NA	NA	NA	NA	NA	NA	NA	NA	NA	NA	NA	NA	NA	NA	NA	NA	NA	NA	NA	NA	NA	NA	NA	NA	NA	NA	NA	NA	NA	NA	NA	NA	NA	NA	NA	NA	NA	NA	NA	NA	NA	NA	NA	NA	NA	NA	NA	NA	NA	NA	NA	NA	NA	NA	NA	NA	NA	NA	NA	NA	NA	NA	NA	NA	NA	NA	NA	NA	NA	NA	NA	NA	NA	NA	NA	NA	NA
cg05679686	0.83930764206422	0.714674915009662	0.680596501724435	0.796294277782188	0.751571565754357	0.685991656050467	0.820286987996088	0.641145159791085	0.847173123913916	0.767683218930518	0.773844250161969	0.816101170641121	0.824083684787541	0.642927652059243	0.793073045079063	0.777027065722909	0.637748139074116	0.806130864808182	0.778964322884745	0.843140353925425	0.82797732960411	0.822159973303729	0.538772664291972	0.826976673161798	0.738496475518777	0.810496049041064	0.662202078283743	0.730937312364301	0.80495169915042	0.729190515262516	0.843450117505177	0.782985910957406	0.703193210938234	0.799231528857558	0.66501478855965	0.754760814727046	0.831477825350912	0.801849760908568	0.777649978693244	0.771765781184694	0.740840638076994	0.83332945453172	0.689123034425745	0.659023517169863	0.788891192679441	0.866827775476222	0.63601345791133	0.757843564451909	0.849931958263905	0.770611173796471	0.785045235689707	0.834784647407018	0.815162886008295	0.803109598496027	0.806279269179694	0.858391020643711	0.791899771807095	0.757118871870215	0.753594519226843	0.868316455392381	0.741523293597785	0.792981165002091	0.762948139097259	0.805279025451991	0.741456218764278	0.765010956781877	0.718088246599633	0.847570728538617	0.50754578257262	0.718243841767693	0.732130350173273	0.825626157335833	0.692224064846239	0.840270177323293	0.825526972966495	0.833780114264437	0.827615990079165	0.829118389404157	0.837402979036836	0.753419972243189	0.766245570717877	0.728285264351632	0.578788414788325	0.787365565433832	0.830923179761057	0.826890140250579	0.865106840730901	0.862092911948566	0.820061789000084	0.786998724487575	0.833793521035125	0.800971831659574	0.682004018293549	0.664463546933045	0.6185548424561	0.609442471775211	0.765949224565005	0.785818763305078	0.834495520941362
cg05768747	0.950325979222659	0.94048346423102	0.798846894407124	0.946740248243376	0.944144498216089	0.861434099758784	0.940754792519704	0.846672951367338	0.713512389775723	0.955061677560256	0.922104405735406	0.954077593925512	0.949360887857127	0.570073654279248	0.95166914500399	0.767156647029525	0.954661404982297	0.957822101591273	0.966466816177613	0.936739448989915	0.90845925906977	0.75571901692053	0.80094071746886	0.94623919555982	0.525853081333606	0.934405256380745	0.672712447227662	0.924050661248941	0.924935360601223	0.967016537438676	0.869230317078875	0.919040156137475	0.937809967524981	0.952243422801091	0.93522947497356	0.943035557539824	0.962330556826775	0.540082021938794	0.932021776417014	0.948863425093518	0.24227808905399	0.950956479884697	0.721602286111511	0.906716517349046	0.558278943194752	0.953167688828661	0.952023745225159	0.947555900526166	0.609530685660541	0.951911356394638	0.926242179089166	0.921124271942839	0.958129862381696	0.901786776111049	0.936438378323486	0.929901685342079	0.934649529691215	0.937534735783067	0.834924042364869	0.957129190537226	0.941589923606471	0.944831383000757	0.940691707345928	0.94186805758978	0.96817751993326	0.883475946115209	0.801687614180597	0.929819068810401	0.941109979443249	0.951489900185882	0.92830912372645	0.944832670873067	0.931225696437098	0.871896816769866	0.964923971855916	0.925147127799352	0.96818313905697	0.581770829397179	0.935905678917945	0.552061712764721	0.94307243084406	0.805621029511593	0.528817098559607	0.956597351543407	0.844195076208753	0.579315603622436	0.953018186363069	0.908994879385811	0.961304248910109	0.924116582196148	0.900830881618994	0.942103904807506	0.955530396430202	0.315941183716414	0.422181528741387	0.965263527395798	0.5550069369742	0.931738693604513	0.923290718063164
cg05773164	NA	NA	NA	NA	NA	NA	NA	NA	NA	NA	NA	NA	NA	NA	NA	NA	NA	NA	NA	NA	NA	NA	NA	NA	NA	NA	NA	NA	NA	NA	NA	NA	NA	NA	NA	NA	NA	NA	NA	NA	NA	NA	NA	NA	NA	NA	NA	NA	NA	NA	NA	NA	NA	NA	NA	NA	NA	NA	NA	NA	NA	NA	NA	NA	NA	NA	NA	NA	NA	NA	NA	NA	NA	NA	NA	NA	NA	NA	NA	NA	NA	NA	NA	NA	NA	NA	NA	NA	NA	NA	NA	NA	NA	NA	NA	NA	NA	NA	NA
cg05822658	0.720892853978449	0.879427024194742	0.865135798899454	0.894367585991051	0.822940485134072	0.539535185748069	0.848272660426934	0.53100293462566	0.582437901582787	0.905220459953547	0.468086718213716	0.90370691774065	0.846733556258414	0.361533531599909	0.816223288970262	0.532588758390212	0.940967691751688	0.627784233772857	0.934972476173136	0.727501474810577	0.634196853641623	0.510565856836741	0.596622464933107	0.630629328010591	0.38039591545727	0.614395379649754	0.875054942273229	0.414150461258237	0.608666460021697	0.921682367115608	0.330530751919722	0.703236044535584	0.341654400855117	0.823474440358797	0.932379064673064	0.676902393743272	0.665096099083541	0.612840881057158	0.69591746001936	0.743784869208418	0.919922111886276	0.829615294540031	0.64407539897828	0.614306342128387	0.600235567006325	0.840585171844498	0.334156876488637	0.501244084705034	0.616594302366562	0.900961732942752	0.424712222609375	0.887642062013862	0.708925046341203	0.803367900731342	0.871923227246423	0.487010229756295	0.501207725739105	0.537793400346998	0.72387473635033	0.869571244368208	0.459301803657862	0.461776683436428	0.692068999806629	0.894595013433654	0.932264453224926	0.56395915699268	0.669710085731462	0.727700792751218	0.862345011346737	0.627059079227966	0.544438939792608	0.677301501698253	0.902595296382178	0.67076215800078	0.907826575461182	0.514460686660031	0.911593428484901	0.449092083199961	0.728611426440346	0.60702799695084	0.731176382358741	0.869380957689377	0.303902273193853	0.798303593129978	0.84432045415915	0.41309415129892	0.925915651735352	0.866120424108808	0.712615527110002	0.675327317772915	0.922012068732247	0.85447288742973	0.8150609991316	0.495750325652543	0.657536493550138	0.847230754841082	0.820875223068693	0.723938974256368	0.843114548319828
cg05828992	NA	NA	NA	NA	NA	NA	NA	NA	NA	NA	NA	NA	NA	NA	NA	NA	NA	NA	NA	NA	NA	NA	NA	NA	NA	NA	NA	NA	NA	NA	NA	NA	NA	NA	NA	NA	NA	NA	NA	NA	NA	NA	NA	NA	NA	NA	NA	NA	NA	NA	NA	NA	NA	NA	NA	NA	NA	NA	NA	NA	NA	NA	NA	NA	NA	NA	NA	NA	NA	NA	NA	NA	NA	NA	NA	NA	NA	NA	NA	NA	NA	NA	NA	NA	NA	NA	NA	NA	NA	NA	NA	NA	NA	NA	NA	NA	NA	NA	NA
cg05864350	0.96749141024362	0.965329269326558	0.962466233428438	0.960382766199818	0.960886407896117	0.963813824427294	0.952718390913288	0.961611934093826	0.954162115862235	0.954197999340163	0.961376806136174	0.963532614685893	0.972466279568377	0.95302982127242	0.966173302756899	0.945625456052566	0.95611242620181	0.957602195164131	0.963292654832402	0.960217692307119	0.970844651060148	0.955407412737357	0.952487965199076	0.96051937646588	0.972593905025574	0.966316529138981	0.957431891895871	0.95405338310528	0.9632846580655	0.965808601897009	0.955797374785293	0.967629371181622	0.960849534576821	0.969198440258716	0.952860321230063	0.958155218124001	0.960188527365276	0.957389141203117	0.957187723565407	0.963623682536748	0.965944597196113	0.955412824488343	0.956844304324556	0.969460984826211	0.958031120325061	0.974506863091871	0.963904700868809	0.959191888310718	0.970685468845002	0.960417790766038	0.965031967060852	0.960856375743376	0.939636444379589	0.954174613132199	0.961055281409621	0.961181073625364	0.962375817038056	0.961586304002531	0.946677968196343	0.94879866002991	0.949364090531911	0.954530531164674	0.963677275655062	0.95836968344869	0.949315341745867	0.963078490071671	0.952853328591393	0.947945217914245	0.943956667433551	0.95817708176373	0.953264772526718	0.951699929904978	0.963665277066357	0.965482875882781	0.96128548776229	0.965199860503964	0.964679864175543	0.957526897057101	0.945554659211842	0.9424693754529	0.961925632046395	0.957761092716894	0.958256406286831	0.936866568946226	0.971000751317858	0.948976382271238	0.959316901964649	0.961099530811875	0.964170985635242	0.967264310444018	0.949684996969606	0.963588785818444	0.955545472052104	0.968729154963347	0.957632517003369	0.966983995318967	0.961373317956429	0.956223157214405	0.951203858302693
cg05906717	NA	NA	NA	NA	NA	NA	NA	NA	NA	NA	NA	NA	NA	NA	NA	NA	NA	NA	NA	NA	NA	NA	NA	NA	NA	NA	NA	NA	NA	NA	NA	NA	NA	NA	NA	NA	NA	NA	NA	NA	NA	NA	NA	NA	NA	NA	NA	NA	NA	NA	NA	NA	NA	NA	NA	NA	NA	NA	NA	NA	NA	NA	NA	NA	NA	NA	NA	NA	NA	NA	NA	NA	NA	NA	NA	NA	NA	NA	NA	NA	NA	NA	NA	NA	NA	NA	NA	NA	NA	NA	NA	NA	NA	NA	NA	NA	NA	NA	NA
cg05919161	NA	NA	NA	NA	NA	NA	NA	NA	NA	NA	NA	NA	NA	NA	NA	NA	NA	NA	NA	NA	NA	NA	NA	NA	NA	NA	NA	NA	NA	NA	NA	NA	NA	NA	NA	NA	NA	NA	NA	NA	NA	NA	NA	NA	NA	NA	NA	NA	NA	NA	NA	NA	NA	NA	NA	NA	NA	NA	NA	NA	NA	NA	NA	NA	NA	NA	NA	NA	NA	NA	NA	NA	NA	NA	NA	NA	NA	NA	NA	NA	NA	NA	NA	NA	NA	NA	NA	NA	NA	NA	NA	NA	NA	NA	NA	NA	NA	NA	NA
cg05935774	NA	NA	NA	NA	NA	NA	NA	NA	NA	NA	NA	NA	NA	NA	NA	NA	NA	NA	NA	NA	NA	NA	NA	NA	NA	NA	NA	NA	NA	NA	NA	NA	NA	NA	NA	NA	NA	NA	NA	NA	NA	NA	NA	NA	NA	NA	NA	NA	NA	NA	NA	NA	NA	NA	NA	NA	NA	NA	NA	NA	NA	NA	NA	NA	NA	NA	NA	NA	NA	NA	NA	NA	NA	NA	NA	NA	NA	NA	NA	NA	NA	NA	NA	NA	NA	NA	NA	NA	NA	NA	NA	NA	NA	NA	NA	NA	NA	NA	NA
cg05987389	NA	NA	NA	NA	NA	NA	NA	NA	NA	NA	NA	NA	NA	NA	NA	NA	NA	NA	NA	NA	NA	NA	NA	NA	NA	NA	NA	NA	NA	NA	NA	NA	NA	NA	NA	NA	NA	NA	NA	NA	NA	NA	NA	NA	NA	NA	NA	NA	NA	NA	NA	NA	NA	NA	NA	NA	NA	NA	NA	NA	NA	NA	NA	NA	NA	NA	NA	NA	NA	NA	NA	NA	NA	NA	NA	NA	NA	NA	NA	NA	NA	NA	NA	NA	NA	NA	NA	NA	NA	NA	NA	NA	NA	NA	NA	NA	NA	NA	NA
cg06021910	NA	NA	NA	NA	NA	NA	NA	NA	NA	NA	NA	NA	NA	NA	NA	NA	NA	NA	NA	NA	NA	NA	NA	NA	NA	NA	NA	NA	NA	NA	NA	NA	NA	NA	NA	NA	NA	NA	NA	NA	NA	NA	NA	NA	NA	NA	NA	NA	NA	NA	NA	NA	NA	NA	NA	NA	NA	NA	NA	NA	NA	NA	NA	NA	NA	NA	NA	NA	NA	NA	NA	NA	NA	NA	NA	NA	NA	NA	NA	NA	NA	NA	NA	NA	NA	NA	NA	NA	NA	NA	NA	NA	NA	NA	NA	NA	NA	NA	NA
cg06022832	0.953533469068941	0.938662103062229	0.90536368210628	0.936998109448747	0.952369557681119	0.918059036064311	0.939384225725923	0.927227417799879	0.934107045702379	0.95498033315009	0.950869977024769	0.936254317107208	0.878686919229013	0.933778916305379	0.949134337741209	0.894344192234084	0.947899629234991	0.919668037419807	0.950059040463511	0.952803390137963	0.92282971914491	0.924117634724283	0.916800317528656	0.944197458798013	0.938563000688756	0.93617718385455	0.949110118712689	0.946534108548548	0.934071443873852	0.930465700672804	0.928541446291712	0.905169714198791	0.930833550619246	0.937368612466679	0.949947284656068	0.910610104869696	0.934127078241743	0.947256930937765	0.949385602021162	0.9373981682776	0.928311116793766	0.933996325574535	0.937843605781668	0.941124595659664	0.953423732599566	0.935243924346193	0.919610434540334	0.951069441351587	0.931691548794087	0.951382977206891	0.90284693769685	0.921729589568538	0.950335013705069	0.934191300154037	0.913397288564842	0.93631444273698	0.934107621923747	0.939638190481229	0.943574631632772	0.963775506112513	0.933776488980457	0.90979017889625	0.929420842812853	0.932315672324025	0.944381899709203	0.945650521487251	0.919828773001291	0.956056507958444	0.953724913368353	0.941492585249351	0.924260844231073	0.956669196980942	0.946734115549258	0.939723228038641	0.949432380266666	0.914172886622204	0.931670655319524	0.954354900822608	0.912189078862003	0.909196481217045	0.916445107342649	0.957601254051149	0.911213038468994	0.940885158915003	0.891335746892281	0.935486135880617	0.958818956447341	0.962265959184389	0.947877524313994	0.921730283258591	0.955911508177604	0.94824097342719	0.954757912219443	0.935360175709275	0.954002572714527	0.956403567639169	0.937428290608264	0.947377051786257	0.955365613132026
cg06031526	NA	NA	NA	NA	NA	NA	NA	NA	NA	NA	NA	NA	NA	NA	NA	NA	NA	NA	NA	NA	NA	NA	NA	NA	NA	NA	NA	NA	NA	NA	NA	NA	NA	NA	NA	NA	NA	NA	NA	NA	NA	NA	NA	NA	NA	NA	NA	NA	NA	NA	NA	NA	NA	NA	NA	NA	NA	NA	NA	NA	NA	NA	NA	NA	NA	NA	NA	NA	NA	NA	NA	NA	NA	NA	NA	NA	NA	NA	NA	NA	NA	NA	NA	NA	NA	NA	NA	NA	NA	NA	NA	NA	NA	NA	NA	NA	NA	NA	NA
cg06073147	NA	NA	NA	NA	NA	NA	NA	NA	NA	NA	NA	NA	NA	NA	NA	NA	NA	NA	NA	NA	NA	NA	NA	NA	NA	NA	NA	NA	NA	NA	NA	NA	NA	NA	NA	NA	NA	NA	NA	NA	NA	NA	NA	NA	NA	NA	NA	NA	NA	NA	NA	NA	NA	NA	NA	NA	NA	NA	NA	NA	NA	NA	NA	NA	NA	NA	NA	NA	NA	NA	NA	NA	NA	NA	NA	NA	NA	NA	NA	NA	NA	NA	NA	NA	NA	NA	NA	NA	NA	NA	NA	NA	NA	NA	NA	NA	NA	NA	NA
cg06073550	NA	NA	NA	NA	NA	NA	NA	NA	NA	NA	NA	NA	NA	NA	NA	NA	NA	NA	NA	NA	NA	NA	NA	NA	NA	NA	NA	NA	NA	NA	NA	NA	NA	NA	NA	NA	NA	NA	NA	NA	NA	NA	NA	NA	NA	NA	NA	NA	NA	NA	NA	NA	NA	NA	NA	NA	NA	NA	NA	NA	NA	NA	NA	NA	NA	NA	NA	NA	NA	NA	NA	NA	NA	NA	NA	NA	NA	NA	NA	NA	NA	NA	NA	NA	NA	NA	NA	NA	NA	NA	NA	NA	NA	NA	NA	NA	NA	NA	NA
cg06082293	NA	NA	NA	NA	NA	NA	NA	NA	NA	NA	NA	NA	NA	NA	NA	NA	NA	NA	NA	NA	NA	NA	NA	NA	NA	NA	NA	NA	NA	NA	NA	NA	NA	NA	NA	NA	NA	NA	NA	NA	NA	NA	NA	NA	NA	NA	NA	NA	NA	NA	NA	NA	NA	NA	NA	NA	NA	NA	NA	NA	NA	NA	NA	NA	NA	NA	NA	NA	NA	NA	NA	NA	NA	NA	NA	NA	NA	NA	NA	NA	NA	NA	NA	NA	NA	NA	NA	NA	NA	NA	NA	NA	NA	NA	NA	NA	NA	NA	NA
cg06113303	NA	NA	NA	NA	NA	NA	NA	NA	NA	NA	NA	NA	NA	NA	NA	NA	NA	NA	NA	NA	NA	NA	NA	NA	NA	NA	NA	NA	NA	NA	NA	NA	NA	NA	NA	NA	NA	NA	NA	NA	NA	NA	NA	NA	NA	NA	NA	NA	NA	NA	NA	NA	NA	NA	NA	NA	NA	NA	NA	NA	NA	NA	NA	NA	NA	NA	NA	NA	NA	NA	NA	NA	NA	NA	NA	NA	NA	NA	NA	NA	NA	NA	NA	NA	NA	NA	NA	NA	NA	NA	NA	NA	NA	NA	NA	NA	NA	NA	NA
cg06151505	NA	NA	NA	NA	NA	NA	NA	NA	NA	NA	NA	NA	NA	NA	NA	NA	NA	NA	NA	NA	NA	NA	NA	NA	NA	NA	NA	NA	NA	NA	NA	NA	NA	NA	NA	NA	NA	NA	NA	NA	NA	NA	NA	NA	NA	NA	NA	NA	NA	NA	NA	NA	NA	NA	NA	NA	NA	NA	NA	NA	NA	NA	NA	NA	NA	NA	NA	NA	NA	NA	NA	NA	NA	NA	NA	NA	NA	NA	NA	NA	NA	NA	NA	NA	NA	NA	NA	NA	NA	NA	NA	NA	NA	NA	NA	NA	NA	NA	NA
cg06211041	NA	NA	NA	NA	NA	NA	NA	NA	NA	NA	NA	NA	NA	NA	NA	NA	NA	NA	NA	NA	NA	NA	NA	NA	NA	NA	NA	NA	NA	NA	NA	NA	NA	NA	NA	NA	NA	NA	NA	NA	NA	NA	NA	NA	NA	NA	NA	NA	NA	NA	NA	NA	NA	NA	NA	NA	NA	NA	NA	NA	NA	NA	NA	NA	NA	NA	NA	NA	NA	NA	NA	NA	NA	NA	NA	NA	NA	NA	NA	NA	NA	NA	NA	NA	NA	NA	NA	NA	NA	NA	NA	NA	NA	NA	NA	NA	NA	NA	NA
cg06215556	NA	NA	NA	NA	NA	NA	NA	NA	NA	NA	NA	NA	NA	NA	NA	NA	NA	NA	NA	NA	NA	NA	NA	NA	NA	NA	NA	NA	NA	NA	NA	NA	NA	NA	NA	NA	NA	NA	NA	NA	NA	NA	NA	NA	NA	NA	NA	NA	NA	NA	NA	NA	NA	NA	NA	NA	NA	NA	NA	NA	NA	NA	NA	NA	NA	NA	NA	NA	NA	NA	NA	NA	NA	NA	NA	NA	NA	NA	NA	NA	NA	NA	NA	NA	NA	NA	NA	NA	NA	NA	NA	NA	NA	NA	NA	NA	NA	NA	NA
cg06281205	0.931899154690525	0.918228947010757	0.87495016248948	0.909799659643098	0.94571490799764	0.899044580723955	0.946474575135884	0.660158125537953	0.880410761509724	0.920319630705528	0.935329107057406	0.895264150938399	0.914544645427112	0.87472060105188	0.911967051508906	0.907390188825177	0.951455034025486	0.877063767849295	0.954139953268673	0.950132364507661	0.840136606263336	0.916603839056116	0.887756060696923	0.942768276292321	0.877233746158375	0.918614129640491	0.914258922442557	0.889399141980984	0.964113528250758	0.931849849776313	0.942969814288645	0.910537206396619	0.917026552657865	0.904378918062314	0.950865546672951	0.933474808940778	0.957537432967062	0.720041167175921	0.946581792927364	0.917531107510159	0.940495879559875	0.908142284914511	0.938522592063314	0.954955919417865	0.873068340371188	0.923350006403897	0.945340659073683	0.945981200007115	0.881784822469209	0.827568005331715	0.877143445079806	0.942467680702016	0.940660545701289	0.922316762728588	0.942463606706489	0.927817724539583	0.92826993717886	0.946824162505517	0.942892304010963	0.955822164401662	0.944354435911622	0.869565803810689	0.938403674283833	0.961913721679	0.918788969446779	0.881897910036628	0.926471505603579	0.943818411607797	0.859969809606868	0.922308066098254	0.944028278776951	0.926579461351021	0.934885752968629	0.946177130431831	0.949453979708318	0.932463093035198	0.942463968223665	0.916717251020488	0.931959026735141	0.912409094451332	0.908060747641671	0.934135926638352	0.847371242590317	0.945088293934313	0.905896042279801	0.933382892716262	0.94313001883514	0.947214873146196	0.908045859073623	0.937206567054624	0.940160266383243	0.948349453804784	0.917970830287066	0.941306260390343	0.804113696105321	0.928140901779758	0.94729250730134	0.95324629155161	0.927099739373551
cg06336871	NA	NA	NA	NA	NA	NA	NA	NA	NA	NA	NA	NA	NA	NA	NA	NA	NA	NA	NA	NA	NA	NA	NA	NA	NA	NA	NA	NA	NA	NA	NA	NA	NA	NA	NA	NA	NA	NA	NA	NA	NA	NA	NA	NA	NA	NA	NA	NA	NA	NA	NA	NA	NA	NA	NA	NA	NA	NA	NA	NA	NA	NA	NA	NA	NA	NA	NA	NA	NA	NA	NA	NA	NA	NA	NA	NA	NA	NA	NA	NA	NA	NA	NA	NA	NA	NA	NA	NA	NA	NA	NA	NA	NA	NA	NA	NA	NA	NA	NA
cg06354953	NA	NA	NA	NA	NA	NA	NA	NA	NA	NA	NA	NA	NA	NA	NA	NA	NA	NA	NA	NA	NA	NA	NA	NA	NA	NA	NA	NA	NA	NA	NA	NA	NA	NA	NA	NA	NA	NA	NA	NA	NA	NA	NA	NA	NA	NA	NA	NA	NA	NA	NA	NA	NA	NA	NA	NA	NA	NA	NA	NA	NA	NA	NA	NA	NA	NA	NA	NA	NA	NA	NA	NA	NA	NA	NA	NA	NA	NA	NA	NA	NA	NA	NA	NA	NA	NA	NA	NA	NA	NA	NA	NA	NA	NA	NA	NA	NA	NA	NA
cg06364539	0.94165895284233	0.975809200097322	0.958567955648682	0.952380189312155	0.974914419439472	0.862485136679553	0.97371159446306	0.820146732009687	0.955263236978749	0.924092173231092	0.915054489353707	0.974438062471049	0.967451044384376	0.697067184947741	0.963534604017084	0.775942517754236	0.98393782264296	0.947197169878759	0.5735092677708	0.660542548617683	0.68417987395926	0.64405527056179	0.648316571242433	0.947537683923383	0.341409833191782	0.966344888372664	0.969008053030969	0.9624254887506	0.776519123615735	0.981552362602286	0.972770635122087	0.816894186133363	0.881066276273609	0.963164781444041	0.902595535582981	0.832891206291729	0.933219812464683	0.952355663421324	0.95650491131174	0.892869657628028	0.884216406329641	0.974119109855863	0.912888189658976	0.955152156147877	0.955447232938378	0.820897971986343	0.864595248554278	0.558599686218953	0.978909278160877	0.970781528629089	0.738857354423596	0.970930760903305	0.649280200147406	0.951684695229088	0.95166072662428	0.7336350513562	0.961648193783261	0.879549747640148	0.907611420242904	0.943125423725888	0.743883286129501	0.27955993312632	0.931188227581106	0.873033726755351	0.965630649542957	0.96643167820712	0.705463550704181	0.970196602560207	0.775960515906709	0.964422762137805	0.96547777463192	0.944775835189963	0.971545689646721	0.790655252370018	0.975943655244358	0.88274078810236	0.960241015630716	0.977449653861644	0.923340310713858	0.803425393749572	0.965140268400866	0.774840930971325	0.453944087479898	0.90067079557513	0.920244578858219	0.602589850907633	0.962413024118917	0.953136117725447	0.939666559697555	0.974710604539406	0.988147970881234	0.973472011964277	0.978404510268366	0.953541088514913	0.89296823545823	0.978643914290158	0.970992364030281	0.961288790898828	0.974461059953636
cg06396309	0.82652297941808	0.83883882791889	NA	0.821481102360256	0.85372905915902	NA	NA	NA	NA	0.724675645345472	0.825986440131658	0.863739735944415	0.874516497708895	0.892250892826057	0.874460539790043	NA	0.857177615831816	NA	0.866033436763746	0.561623019338039	0.78039057388692	0.841718339561951	NA	0.856155575606142	0.806645703207012	0.888778283695559	0.905314503429455	0.779787274360437	NA	NA	0.924126309068794	0.755176787689235	NA	0.892295984102007	0.812067744800576	0.775051666379856	0.744839454199408	0.774861423490399	0.843468735591818	0.841072202356806	0.893034598814699	0.880882125085926	0.821367174876607	0.924657401054149	0.894029238483662	0.840771801219367	NA	NA	0.799746445189355	0.868509882108439	0.823846874168619	0.834735702922966	0.721321481313996	0.867674036619008	0.878834375880457	NA	0.877192619754031	0.892161848309842	NA	0.890931381908865	0.811352903179699	NA	0.870536913065737	0.830703139560786	0.873107201789381	0.872222421931942	0.786891029934381	0.844304433872903	0.54142806957148	NA	0.810501661557164	0.873085193766307	0.909619044963143	NA	0.860629309022079	0.786290015266461	0.894445533251412	0.863637900196148	NA	NA	0.772987106866949	0.712384167172838	NA	0.826210629847505	0.894853828961416	0.767299712554006	0.909145823185169	NA	0.764011156478296	0.834614072340283	NA	0.837107487201383	NA	NA	NA	NA	NA	0.853291386560873	0.867185963490128
cg06438727	0.820531020989644	0.874691810615947	0.829880142719649	0.849046101838348	0.810045910578114	0.374788824024575	0.828436477458735	0.521261614409047	0.679674579147185	0.546944723292367	0.283854245840304	0.828067760657882	0.845025968627297	0.177192304906305	0.864057787054748	0.910648397092552	0.454268356089297	0.342518577711821	0.831931056242451	0.644836944794203	0.552700252367863	0.493228070759789	0.536230286217562	0.714057812082854	0.220723661389584	0.722335134348517	0.836813917752424	0.264578141720046	0.621919842566334	0.901898487809544	0.761652814926043	0.650622890355829	0.548354959618131	0.784018101782383	0.497586578318182	0.520381354727626	0.832724879236348	0.331460757525276	0.50529030977401	0.581414594478198	0.866410389439263	0.647109650681393	0.566589528173348	0.824828363255003	0.28503156377084	0.613638878381466	0.592093582253796	0.399402771805929	0.561933272059801	0.749903035310075	0.761113054876984	0.881428047034537	0.511987980768004	0.730582736509443	0.741818776260693	0.319768589643065	0.651775959123783	0.620534692970157	0.851846707627813	0.853959532041504	0.322372733268456	0.370476913381421	0.871771274750852	0.773644829318613	0.894453343948062	0.705331487131859	0.699677146141473	0.876935228508767	0.865924921758615	0.860207004401311	0.441939094787203	0.843924711915294	0.893455822669709	0.571734683156423	0.887372651771797	0.717532071655788	0.693237658255623	0.470889532922593	0.600444892419231	0.425638398440013	0.81652552799404	0.851994532339045	0.222847719923779	0.860172153839751	0.874516637363374	0.324339867478092	0.854239853552303	0.848523008461984	0.766634474253951	0.898909900132071	0.837279681560238	0.732072679456811	0.498304482987628	0.663960024193638	0.810396522521401	0.726994712989366	0.892622198820821	0.490825926621804	0.885931622028472
cg06440169	NA	NA	NA	NA	NA	NA	NA	NA	NA	NA	NA	NA	NA	NA	NA	NA	NA	NA	NA	NA	NA	NA	NA	NA	NA	NA	NA	NA	NA	NA	NA	NA	NA	NA	NA	NA	NA	NA	NA	NA	NA	NA	NA	NA	NA	NA	NA	NA	NA	NA	NA	NA	NA	NA	NA	NA	NA	NA	NA	NA	NA	NA	NA	NA	NA	NA	NA	NA	NA	NA	NA	NA	NA	NA	NA	NA	NA	NA	NA	NA	NA	NA	NA	NA	NA	NA	NA	NA	NA	NA	NA	NA	NA	NA	NA	NA	NA	NA	NA
cg06442472	NA	NA	NA	NA	NA	NA	NA	NA	NA	NA	NA	NA	NA	NA	NA	NA	NA	NA	NA	NA	NA	NA	NA	NA	NA	NA	NA	NA	NA	NA	NA	NA	NA	NA	NA	NA	NA	NA	NA	NA	NA	NA	NA	NA	NA	NA	NA	NA	NA	NA	NA	NA	NA	NA	NA	NA	NA	NA	NA	NA	NA	NA	NA	NA	NA	NA	NA	NA	NA	NA	NA	NA	NA	NA	NA	NA	NA	NA	NA	NA	NA	NA	NA	NA	NA	NA	NA	NA	NA	NA	NA	NA	NA	NA	NA	NA	NA	NA	NA
cg06450446	NA	NA	NA	NA	NA	NA	NA	NA	NA	NA	NA	NA	NA	NA	NA	NA	NA	NA	NA	NA	NA	NA	NA	NA	NA	NA	NA	NA	NA	NA	NA	NA	NA	NA	NA	NA	NA	NA	NA	NA	NA	NA	NA	NA	NA	NA	NA	NA	NA	NA	NA	NA	NA	NA	NA	NA	NA	NA	NA	NA	NA	NA	NA	NA	NA	NA	NA	NA	NA	NA	NA	NA	NA	NA	NA	NA	NA	NA	NA	NA	NA	NA	NA	NA	NA	NA	NA	NA	NA	NA	NA	NA	NA	NA	NA	NA	NA	NA	NA
cg06455125	NA	NA	NA	NA	NA	NA	NA	NA	NA	NA	NA	NA	NA	NA	NA	NA	NA	NA	NA	NA	NA	NA	NA	NA	NA	NA	NA	NA	NA	NA	NA	NA	NA	NA	NA	NA	NA	NA	NA	NA	NA	NA	NA	NA	NA	NA	NA	NA	NA	NA	NA	NA	NA	NA	NA	NA	NA	NA	NA	NA	NA	NA	NA	NA	NA	NA	NA	NA	NA	NA	NA	NA	NA	NA	NA	NA	NA	NA	NA	NA	NA	NA	NA	NA	NA	NA	NA	NA	NA	NA	NA	NA	NA	NA	NA	NA	NA	NA	NA
cg06484274	0.0844496289848016	0.0651289648091525	0.119817454914965	0.100610644148455	0.113568665272642	0.146100902915243	0.141626773263674	0.0486519753408202	0.0925689604413393	0.0827983683815523	0.157530576760051	0.204494793983878	0.132403208377779	0.0607111047587641	0.0883422264852417	0.0998371653042282	0.0564236497510537	0.156896496392966	0.097806593017195	0.0789732109568969	0.0895757031473635	0.178995990918823	0.0760923672242554	0.157611700159541	0.172796085808072	0.2699331639719	0.0917204720881231	0.0820311810695242	0.0691167248733889	0.162170709615748	0.119830459947529	0.177966943770301	0.0741798636283334	0.101574676881186	0.127889953756628	0.0461657439000996	0.0875527546284246	0.0638592376680118	0.120209477443026	0.0780411856547118	0.0541855278529489	0.0797045261457389	0.307900946249592	0.066145363820853	0.0657224741487955	0.168981651166407	0.0898564150587902	0.202592328573134	0.118568354918329	0.0935331990217353	0.112002640844945	0.0661931949334672	0.0668449124774326	0.140187490861496	0.22458886629087	0.168123942212475	0.0451803366651911	0.0503486047333297	0.0834604295393957	0.118400969814431	0.134109177230663	0.0481487726207818	0.109011330478588	0.0912061267431189	0.0505758271003198	0.238610315933892	0.0853619919541742	0.130765098718949	0.0789796310192851	0.109326471120622	0.0746300348078205	0.067587453281356	0.106375501435521	0.119680347191452	0.376499166938481	0.0510065062232537	0.162825758974502	0.0537490950344016	0.132356327415155	0.219504970365338	0.048212083072875	0.134862477504644	0.0513473220051114	0.0909257191750488	0.0726235745924222	0.0764081711480217	0.0694897867470238	0.0877463187312488	0.0618810192683353	0.0914694258747225	0.0585711350638106	0.218792029155164	0.116135918376365	0.0701602149502858	0.0795924815304056	0.0553129451802098	0.105830369359887	0.202893283962678	0.184661359148736
cg06485995	NA	NA	NA	NA	NA	NA	NA	NA	NA	NA	NA	NA	NA	NA	NA	NA	NA	NA	NA	NA	NA	NA	NA	NA	NA	NA	NA	NA	NA	NA	NA	NA	NA	NA	NA	NA	NA	NA	NA	NA	NA	NA	NA	NA	NA	NA	NA	NA	NA	NA	NA	NA	NA	NA	NA	NA	NA	NA	NA	NA	NA	NA	NA	NA	NA	NA	NA	NA	NA	NA	NA	NA	NA	NA	NA	NA	NA	NA	NA	NA	NA	NA	NA	NA	NA	NA	NA	NA	NA	NA	NA	NA	NA	NA	NA	NA	NA	NA	NA
cg06516543	0.954500910351711	0.9687483614502	0.972080723836115	0.965759203912463	0.967888206681454	0.964346044332968	0.948908336856009	0.954103838597968	0.96979469211612	0.940325323358101	0.97661783715627	0.973272776696991	0.975197735644804	0.71144789551915	0.971359687350621	0.95847988245894	0.941233971400785	0.975753744328456	0.963010473090481	0.91554783095538	0.909699158148832	0.89421620758919	0.942886378196397	0.951267603755545	0.28879180286695	0.974570989699186	0.970702501073981	NA	0.96057540421378	0.970961619362984	0.834636716537962	0.948521604556085	0.764276262307455	0.961166117968555	0.887769533869569	0.952208601848342	0.922993043082315	0.937714419304019	0.965260030517369	0.903688239458823	0.952611476306643	0.920313850060781	0.795113897172704	0.912696334756635	0.965175281600358	0.923786593388803	0.905335316320804	0.645257804485305	0.972116205193511	0.962347848122724	0.83431481131274	0.963582852577358	0.937741470779868	0.973571167966024	0.932060776026555	0.96594075744293	0.962203183171418	0.971275332869769	0.954926259960381	NA	0.935556815921142	NA	0.958250762892812	NA	0.932995586370252	0.970870768813617	0.925107619811516	0.973373536253118	NA	0.973207338540422	NA	0.950175246630197	0.927148904237472	0.948551222665658	0.971630775799361	0.965933336905905	0.968974156732542	0.94766625047532	0.977622431299404	0.943633234642299	0.96413155118643	NA	0.275053561740679	0.955939667626796	0.953331873883588	0.673852759514161	0.96501407333339	0.982194837445318	NA	0.970430784298372	0.948084861791589	0.921245402598444	0.94905482390371	0.682460178155296	0.965568996177033	0.925894005198422	0.959999195140917	0.963784777722303	0.938678237164379
cg06576765	NA	NA	NA	NA	NA	NA	NA	NA	NA	NA	NA	NA	NA	NA	NA	NA	NA	NA	NA	NA	NA	NA	NA	NA	NA	NA	NA	NA	NA	NA	NA	NA	NA	NA	NA	NA	NA	NA	NA	NA	NA	NA	NA	NA	NA	NA	NA	NA	NA	NA	NA	NA	NA	NA	NA	NA	NA	NA	NA	NA	NA	NA	NA	NA	NA	NA	NA	NA	NA	NA	NA	NA	NA	NA	NA	NA	NA	NA	NA	NA	NA	NA	NA	NA	NA	NA	NA	NA	NA	NA	NA	NA	NA	NA	NA	NA	NA	NA	NA
cg06577450	NA	NA	NA	NA	NA	NA	NA	NA	NA	NA	NA	NA	NA	NA	NA	NA	NA	NA	NA	NA	NA	NA	NA	NA	NA	NA	NA	NA	NA	NA	NA	NA	NA	NA	NA	NA	NA	NA	NA	NA	NA	NA	NA	NA	NA	NA	NA	NA	NA	NA	NA	NA	NA	NA	NA	NA	NA	NA	NA	NA	NA	NA	NA	NA	NA	NA	NA	NA	NA	NA	NA	NA	NA	NA	NA	NA	NA	NA	NA	NA	NA	NA	NA	NA	NA	NA	NA	NA	NA	NA	NA	NA	NA	NA	NA	NA	NA	NA	NA
cg06613547	NA	NA	NA	NA	NA	NA	NA	NA	NA	NA	NA	NA	NA	NA	NA	NA	NA	NA	NA	NA	NA	NA	NA	NA	NA	NA	NA	NA	NA	NA	NA	NA	NA	NA	NA	NA	NA	NA	NA	NA	NA	NA	NA	NA	NA	NA	NA	NA	NA	NA	NA	NA	NA	NA	NA	NA	NA	NA	NA	NA	NA	NA	NA	NA	NA	NA	NA	NA	NA	NA	NA	NA	NA	NA	NA	NA	NA	NA	NA	NA	NA	NA	NA	NA	NA	NA	NA	NA	NA	NA	NA	NA	NA	NA	NA	NA	NA	NA	NA
cg06631184	0.814974167524872	0.889630411229909	0.954818550662361	0.691474468983274	0.959482234677046	0.658569537488573	0.917311293603602	0.837334091308099	0.89372650054531	0.953360137164191	0.799205859521053	0.955151924278261	0.926768568760309	0.36096402035479	0.955015330399023	0.773945286801609	0.627630617408593	0.689019039522049	0.959897335487046	0.740805252212791	0.892808190187115	0.732928688913618	0.669849463954314	0.89910773863414	0.412572852920339	0.845655607109758	0.943530229050216	0.962778525166676	0.947417249948258	0.836281621252552	0.683755649189863	0.927878217716846	0.769068888886678	0.937573866876806	0.949035360490358	0.469585179190035	0.633158953621585	0.959150815281783	0.947588134510599	0.69114081191838	0.952825957805843	0.959559239154406	0.799927862131359	0.946050581914087	0.432582244943044	0.853901080653022	0.331247503703565	0.71252428211579	0.652228872362572	0.74937008920508	0.893173195933311	0.933742609775421	0.753738327500431	0.874409842683282	0.748407417099664	0.670641427776748	0.728982554071121	0.410574882277499	0.950426814107684	0.935930666153831	0.85298588692908	0.954968687793029	0.951362826872461	0.954940885692932	0.959568771495224	0.71949946363727	0.817727411748629	0.950315486464272	0.94606677060197	0.952560951725755	0.737359533522235	0.957061799090301	0.968605932549858	0.469364620029057	0.968350528888919	0.942211270924274	0.630616396747453	0.609465832432128	0.674435254071232	0.821043822332218	0.803492735848136	0.962104994995863	0.282138659857768	0.902157829511855	0.924624866673339	0.468748501381553	0.951478500519757	0.936499045275812	0.630838532346293	0.920474585449765	0.964495753724376	0.925548853705828	0.704356847533942	0.386230697429025	0.94134120483935	0.950988303639736	0.744713449833858	0.965263985901748	0.626866686586158
cg06643622	0.683372816545371	0.661912001077438	0.318586728419715	0.421289891991379	0.785287165413278	0.631125786406162	0.8121710860536	0.416750824161529	0.490288037752936	0.387226869812182	0.48438912205281	0.872836828838787	0.599946958114369	0.722645097199936	0.503480904204825	0.91364370039352	0.506650393979068	0.490402639957993	0.772505135420006	0.414731786889615	0.456982687309543	0.442318205299335	0.492469365698407	0.422825938774996	0.160465450102707	0.882408484361388	0.359861775456714	0.397953198756978	0.827487351646973	0.715716857157115	0.254647851046647	0.501168649843525	0.749753174593491	0.709971180700273	0.916126440541308	0.743681658527281	0.927472276423517	0.127425774252051	0.70885326206094	0.255580984843805	0.789006953396301	0.651278627595716	0.377690420557735	0.11194461853515	0.173392637871254	0.799903891173695	0.365193189370938	0.443854766202491	0.709176656535029	0.495378784372132	0.300195983325162	0.651584530006935	0.810209852709637	0.564385097340106	0.646032448990902	0.824222646973478	0.615326040303369	0.684293565745909	0.851436773966478	0.45342211350163	0.4736208400215	0.488259549973195	0.635228525714547	0.429820971872849	0.398203705856984	0.809517131006268	0.417174961934791	0.87661366070477	0.25557063916422	0.296405101774335	0.545073581356256	0.814919300104325	0.583379140036635	0.620000223605492	0.578675720298119	0.434975802584063	0.770932783878226	0.170126735373247	0.843385399260482	0.520240012710564	0.747371460868438	0.580395844386864	0.293063560313858	0.74673138279433	0.580034278967956	0.266863610592832	0.799851250551132	0.749812594394692	0.677010841900914	0.643523525214253	0.820256952883854	0.287300507564054	0.509360973244085	0.219325873140636	0.185228467603589	0.347856392646439	0.761812870092998	0.736388532895491	0.457353225370896
cg06655570	NA	NA	NA	NA	NA	NA	NA	NA	NA	NA	NA	NA	NA	NA	NA	NA	NA	NA	NA	NA	NA	NA	NA	NA	NA	NA	NA	NA	NA	NA	NA	NA	NA	NA	NA	NA	NA	NA	NA	NA	NA	NA	NA	NA	NA	NA	NA	NA	NA	NA	NA	NA	NA	NA	NA	NA	NA	NA	NA	NA	NA	NA	NA	NA	NA	NA	NA	NA	NA	NA	NA	NA	NA	NA	NA	NA	NA	NA	NA	NA	NA	NA	NA	NA	NA	NA	NA	NA	NA	NA	NA	NA	NA	NA	NA	NA	NA	NA	NA
cg06659269	NA	NA	NA	NA	NA	NA	NA	NA	NA	NA	NA	NA	NA	NA	NA	NA	NA	NA	NA	NA	NA	NA	NA	NA	NA	NA	NA	NA	NA	NA	NA	NA	NA	NA	NA	NA	NA	NA	NA	NA	NA	NA	NA	NA	NA	NA	NA	NA	NA	NA	NA	NA	NA	NA	NA	NA	NA	NA	NA	NA	NA	NA	NA	NA	NA	NA	NA	NA	NA	NA	NA	NA	NA	NA	NA	NA	NA	NA	NA	NA	NA	NA	NA	NA	NA	NA	NA	NA	NA	NA	NA	NA	NA	NA	NA	NA	NA	NA	NA
cg06659867	NA	NA	NA	NA	NA	NA	NA	NA	NA	NA	NA	NA	NA	NA	NA	NA	NA	NA	NA	NA	NA	NA	NA	NA	NA	NA	NA	NA	NA	NA	NA	NA	NA	NA	NA	NA	NA	NA	NA	NA	NA	NA	NA	NA	NA	NA	NA	NA	NA	NA	NA	NA	NA	NA	NA	NA	NA	NA	NA	NA	NA	NA	NA	NA	NA	NA	NA	NA	NA	NA	NA	NA	NA	NA	NA	NA	NA	NA	NA	NA	NA	NA	NA	NA	NA	NA	NA	NA	NA	NA	NA	NA	NA	NA	NA	NA	NA	NA	NA
cg06662976	0.141999854493681	0.0464733444042234	0.0506004264356841	0.0508854985832569	0.0342958927301735	0.0503543739036976	0.0390300255930675	0.0715253080820131	0.0430796674565556	0.0557503792781705	0.0342349950920697	0.0388520761425172	0.30579017463013	0.0419888489232495	0.0907594583172485	0.0464379079681698	0.0350601809769099	0.0427856133541499	0.0488972285573393	0.0479261569937639	0.212580552169563	0.0457320425383839	0.0583505556877029	0.0462377923698177	0.519261184598353	0.0500513305917097	0.0452808407333168	0.0634860163883889	0.0342051047158328	0.0618048239104358	0.202897161535355	0.148529476753272	0.048761281410424	0.050933279521745	0.0443151612634671	0.0530384912904325	0.0465140296670442	0.0444840526658017	0.0452014202650668	0.0403879156000021	0.0582889613665447	0.0427853065360935	0.0561714169793818	0.0384855113223475	0.0341444535934915	0.0387813821848565	0.0391594867643244	0.032851963913935	0.0447551330250341	0.0441724977971272	0.0409118633929179	0.0314669734715783	0.048559034439792	0.154810360435329	0.042645604044563	0.0395304415326839	0.029593979385803	0.0372140304858199	0.0362924115244247	0.0430598221941726	0.0363719070986964	0.0355771250660559	0.64635654683403	0.0431733711429439	0.0372169721483264	0.0473905905486277	0.0406554919828076	0.098657774334267	0.0675119368668557	0.0414673465645484	0.0447285901097863	0.135073063008749	0.0476803819034937	0.0573234727800836	0.0328144425664689	0.0465129328621229	0.0298545052642494	0.0336804405350873	0.0525088967514284	0.0789883357456397	0.0453624855600525	0.0462341857901473	0.0302051770238458	0.0373774913604704	0.0476370985090408	0.0602213796251271	0.0529953551645534	0.038559134478926	0.0431975730023032	0.210690813162788	0.0455161129697883	0.0466035017033644	0.0542068581982673	0.0526834047655125	0.0422639038706987	0.0348635249001328	0.0549788203303106	0.0425815162335259	0.0500330912530181
cg06674392	NA	NA	NA	NA	NA	NA	NA	NA	NA	NA	NA	NA	NA	NA	NA	NA	NA	NA	NA	NA	NA	NA	NA	NA	NA	NA	NA	NA	NA	NA	NA	NA	NA	NA	NA	NA	NA	NA	NA	NA	NA	NA	NA	NA	NA	NA	NA	NA	NA	NA	NA	NA	NA	NA	NA	NA	NA	NA	NA	NA	NA	NA	NA	NA	NA	NA	NA	NA	NA	NA	NA	NA	NA	NA	NA	NA	NA	NA	NA	NA	NA	NA	NA	NA	NA	NA	NA	NA	NA	NA	NA	NA	NA	NA	NA	NA	NA	NA	NA
cg06679649	NA	NA	NA	NA	NA	NA	NA	NA	NA	NA	NA	NA	NA	NA	NA	NA	NA	NA	NA	NA	NA	NA	NA	NA	NA	NA	NA	NA	NA	NA	NA	NA	NA	NA	NA	NA	NA	NA	NA	NA	NA	NA	NA	NA	NA	NA	NA	NA	NA	NA	NA	NA	NA	NA	NA	NA	NA	NA	NA	NA	NA	NA	NA	NA	NA	NA	NA	NA	NA	NA	NA	NA	NA	NA	NA	NA	NA	NA	NA	NA	NA	NA	NA	NA	NA	NA	NA	NA	NA	NA	NA	NA	NA	NA	NA	NA	NA	NA	NA
cg06686174	NA	NA	NA	NA	NA	NA	NA	NA	NA	NA	NA	NA	NA	NA	NA	NA	NA	NA	NA	NA	NA	NA	NA	NA	NA	NA	NA	NA	NA	NA	NA	NA	NA	NA	NA	NA	NA	NA	NA	NA	NA	NA	NA	NA	NA	NA	NA	NA	NA	NA	NA	NA	NA	NA	NA	NA	NA	NA	NA	NA	NA	NA	NA	NA	NA	NA	NA	NA	NA	NA	NA	NA	NA	NA	NA	NA	NA	NA	NA	NA	NA	NA	NA	NA	NA	NA	NA	NA	NA	NA	NA	NA	NA	NA	NA	NA	NA	NA	NA
cg06692606	NA	NA	NA	NA	NA	NA	NA	NA	NA	NA	NA	NA	NA	NA	NA	NA	NA	NA	NA	NA	NA	NA	NA	NA	NA	NA	NA	NA	NA	NA	NA	NA	NA	NA	NA	NA	NA	NA	NA	NA	NA	NA	NA	NA	NA	NA	NA	NA	NA	NA	NA	NA	NA	NA	NA	NA	NA	NA	NA	NA	NA	NA	NA	NA	NA	NA	NA	NA	NA	NA	NA	NA	NA	NA	NA	NA	NA	NA	NA	NA	NA	NA	NA	NA	NA	NA	NA	NA	NA	NA	NA	NA	NA	NA	NA	NA	NA	NA	NA
cg06728577	NA	NA	NA	NA	NA	NA	NA	NA	NA	NA	NA	NA	NA	NA	NA	NA	NA	NA	NA	NA	NA	NA	NA	NA	NA	NA	NA	NA	NA	NA	NA	NA	NA	NA	NA	NA	NA	NA	NA	NA	NA	NA	NA	NA	NA	NA	NA	NA	NA	NA	NA	NA	NA	NA	NA	NA	NA	NA	NA	NA	NA	NA	NA	NA	NA	NA	NA	NA	NA	NA	NA	NA	NA	NA	NA	NA	NA	NA	NA	NA	NA	NA	NA	NA	NA	NA	NA	NA	NA	NA	NA	NA	NA	NA	NA	NA	NA	NA	NA
cg06784187	NA	NA	NA	NA	NA	NA	NA	NA	NA	NA	NA	NA	NA	NA	NA	NA	NA	NA	NA	NA	NA	NA	NA	NA	NA	NA	NA	NA	NA	NA	NA	NA	NA	NA	NA	NA	NA	NA	NA	NA	NA	NA	NA	NA	NA	NA	NA	NA	NA	NA	NA	NA	NA	NA	NA	NA	NA	NA	NA	NA	NA	NA	NA	NA	NA	NA	NA	NA	NA	NA	NA	NA	NA	NA	NA	NA	NA	NA	NA	NA	NA	NA	NA	NA	NA	NA	NA	NA	NA	NA	NA	NA	NA	NA	NA	NA	NA	NA	NA
cg06808021	NA	NA	NA	NA	NA	NA	NA	NA	NA	NA	NA	NA	NA	NA	NA	NA	NA	NA	NA	NA	NA	NA	NA	NA	NA	NA	NA	NA	NA	NA	NA	NA	NA	NA	NA	NA	NA	NA	NA	NA	NA	NA	NA	NA	NA	NA	NA	NA	NA	NA	NA	NA	NA	NA	NA	NA	NA	NA	NA	NA	NA	NA	NA	NA	NA	NA	NA	NA	NA	NA	NA	NA	NA	NA	NA	NA	NA	NA	NA	NA	NA	NA	NA	NA	NA	NA	NA	NA	NA	NA	NA	NA	NA	NA	NA	NA	NA	NA	NA
cg06868034	NA	NA	NA	NA	NA	NA	NA	NA	NA	NA	NA	NA	NA	NA	NA	NA	NA	NA	NA	NA	NA	NA	NA	NA	NA	NA	NA	NA	NA	NA	NA	NA	NA	NA	NA	NA	NA	NA	NA	NA	NA	NA	NA	NA	NA	NA	NA	NA	NA	NA	NA	NA	NA	NA	NA	NA	NA	NA	NA	NA	NA	NA	NA	NA	NA	NA	NA	NA	NA	NA	NA	NA	NA	NA	NA	NA	NA	NA	NA	NA	NA	NA	NA	NA	NA	NA	NA	NA	NA	NA	NA	NA	NA	NA	NA	NA	NA	NA	NA
cg06868413	NA	NA	NA	NA	NA	NA	NA	NA	NA	NA	NA	NA	NA	NA	NA	NA	NA	NA	NA	NA	NA	NA	NA	NA	NA	NA	NA	NA	NA	NA	NA	NA	NA	NA	NA	NA	NA	NA	NA	NA	NA	NA	NA	NA	NA	NA	NA	NA	NA	NA	NA	NA	NA	NA	NA	NA	NA	NA	NA	NA	NA	NA	NA	NA	NA	NA	NA	NA	NA	NA	NA	NA	NA	NA	NA	NA	NA	NA	NA	NA	NA	NA	NA	NA	NA	NA	NA	NA	NA	NA	NA	NA	NA	NA	NA	NA	NA	NA	NA
cg06868699	NA	NA	NA	NA	NA	NA	NA	NA	NA	NA	NA	NA	NA	NA	NA	NA	NA	NA	NA	NA	NA	NA	NA	NA	NA	NA	NA	NA	NA	NA	NA	NA	NA	NA	NA	NA	NA	NA	NA	NA	NA	NA	NA	NA	NA	NA	NA	NA	NA	NA	NA	NA	NA	NA	NA	NA	NA	NA	NA	NA	NA	NA	NA	NA	NA	NA	NA	NA	NA	NA	NA	NA	NA	NA	NA	NA	NA	NA	NA	NA	NA	NA	NA	NA	NA	NA	NA	NA	NA	NA	NA	NA	NA	NA	NA	NA	NA	NA	NA
cg06921605	NA	NA	NA	NA	NA	NA	NA	NA	NA	NA	NA	NA	NA	NA	NA	NA	NA	NA	NA	NA	NA	NA	NA	NA	NA	NA	NA	NA	NA	NA	NA	NA	NA	NA	NA	NA	NA	NA	NA	NA	NA	NA	NA	NA	NA	NA	NA	NA	NA	NA	NA	NA	NA	NA	NA	NA	NA	NA	NA	NA	NA	NA	NA	NA	NA	NA	NA	NA	NA	NA	NA	NA	NA	NA	NA	NA	NA	NA	NA	NA	NA	NA	NA	NA	NA	NA	NA	NA	NA	NA	NA	NA	NA	NA	NA	NA	NA	NA	NA
cg06934003	NA	NA	NA	NA	NA	NA	NA	NA	NA	NA	NA	NA	NA	NA	NA	NA	NA	NA	NA	NA	NA	NA	NA	NA	NA	NA	NA	NA	NA	NA	NA	NA	NA	NA	NA	NA	NA	NA	NA	NA	NA	NA	NA	NA	NA	NA	NA	NA	NA	NA	NA	NA	NA	NA	NA	NA	NA	NA	NA	NA	NA	NA	NA	NA	NA	NA	NA	NA	NA	NA	NA	NA	NA	NA	NA	NA	NA	NA	NA	NA	NA	NA	NA	NA	NA	NA	NA	NA	NA	NA	NA	NA	NA	NA	NA	NA	NA	NA	NA
cg06944489	NA	NA	NA	NA	NA	NA	NA	NA	NA	NA	NA	NA	NA	NA	NA	NA	NA	NA	NA	NA	NA	NA	NA	NA	NA	NA	NA	NA	NA	NA	NA	NA	NA	NA	NA	NA	NA	NA	NA	NA	NA	NA	NA	NA	NA	NA	NA	NA	NA	NA	NA	NA	NA	NA	NA	NA	NA	NA	NA	NA	NA	NA	NA	NA	NA	NA	NA	NA	NA	NA	NA	NA	NA	NA	NA	NA	NA	NA	NA	NA	NA	NA	NA	NA	NA	NA	NA	NA	NA	NA	NA	NA	NA	NA	NA	NA	NA	NA	NA
cg06949017	NA	NA	NA	NA	NA	NA	NA	NA	NA	NA	NA	NA	NA	NA	NA	NA	NA	NA	NA	NA	NA	NA	NA	NA	NA	NA	NA	NA	NA	NA	NA	NA	NA	NA	NA	NA	NA	NA	NA	NA	NA	NA	NA	NA	NA	NA	NA	NA	NA	NA	NA	NA	NA	NA	NA	NA	NA	NA	NA	NA	NA	NA	NA	NA	NA	NA	NA	NA	NA	NA	NA	NA	NA	NA	NA	NA	NA	NA	NA	NA	NA	NA	NA	NA	NA	NA	NA	NA	NA	NA	NA	NA	NA	NA	NA	NA	NA	NA	NA
cg06960940	NA	NA	NA	NA	NA	NA	NA	NA	NA	NA	NA	NA	NA	NA	NA	NA	NA	NA	NA	NA	NA	NA	NA	NA	NA	NA	NA	NA	NA	NA	NA	NA	NA	NA	NA	NA	NA	NA	NA	NA	NA	NA	NA	NA	NA	NA	NA	NA	NA	NA	NA	NA	NA	NA	NA	NA	NA	NA	NA	NA	NA	NA	NA	NA	NA	NA	NA	NA	NA	NA	NA	NA	NA	NA	NA	NA	NA	NA	NA	NA	NA	NA	NA	NA	NA	NA	NA	NA	NA	NA	NA	NA	NA	NA	NA	NA	NA	NA	NA
cg06962373	0.404652283066223	0.440827657303877	0.238742466027546	0.417604456200225	0.498939758791818	0.393916103151718	0.74555793476272	0.433580154856441	0.324536647166261	0.318540502526839	0.263293690851765	0.540117135263084	0.532989939324281	0.266688201231497	0.394180452713993	0.208890394530897	0.474422902466205	0.288542219150734	0.226330557431437	0.462857803731582	0.396322829281018	0.336134790684301	0.262194532383581	0.296457075161216	0.272015688458644	0.675257033434329	0.2655555982262	0.264930895005544	0.340464475185143	0.198584601463544	0.381319216293829	0.493337801065379	0.193519460802329	0.563891077730732	0.260511014511812	0.386496777958882	0.2539669126497	0.467127349090065	0.447936903988015	0.339723292860283	0.750952436524663	0.761011311159902	0.511633388564497	0.544157910983264	0.261606001446503	0.510716186727042	0.258508910345976	0.376609268276886	0.264517114752678	0.350061186584743	0.29304611996179	0.385718360736058	0.427059610267079	0.58808247939272	0.474577259458492	0.315310515837328	0.231337627616056	0.315487805224657	0.453708667868194	0.555291444238935	0.278341085044545	0.190027458233229	0.550647652019046	0.576009224423222	0.702263028044198	0.454512970393604	0.306756193433195	0.463218580319107	0.304911950279198	0.454853567847635	0.352614685269307	0.463534522527254	0.424133756689356	0.290745436475105	0.784856249345252	0.537627200648186	0.352649386786241	0.23890020157704	0.367550038443907	0.397041361776294	0.42851204990261	0.405568069340793	0.219901066699356	0.537698111609028	0.538353955867579	0.265343921275481	0.574541722840147	0.326137104135005	0.287961376551339	0.433403831053056	0.76696772652389	0.382192135637422	0.261500264473283	0.16476475783225	0.49707520708613	0.310711247571921	0.511605370140347	0.376637579471106	0.51275970770502
cg06970454	NA	NA	NA	NA	NA	NA	NA	NA	NA	NA	NA	NA	NA	NA	NA	NA	NA	NA	NA	NA	NA	NA	NA	NA	NA	NA	NA	NA	NA	NA	NA	NA	NA	NA	NA	NA	NA	NA	NA	NA	NA	NA	NA	NA	NA	NA	NA	NA	NA	NA	NA	NA	NA	NA	NA	NA	NA	NA	NA	NA	NA	NA	NA	NA	NA	NA	NA	NA	NA	NA	NA	NA	NA	NA	NA	NA	NA	NA	NA	NA	NA	NA	NA	NA	NA	NA	NA	NA	NA	NA	NA	NA	NA	NA	NA	NA	NA	NA	NA
cg06977264	NA	NA	NA	NA	NA	NA	NA	NA	NA	NA	NA	NA	NA	NA	NA	NA	NA	NA	NA	NA	NA	NA	NA	NA	NA	NA	NA	NA	NA	NA	NA	NA	NA	NA	NA	NA	NA	NA	NA	NA	NA	NA	NA	NA	NA	NA	NA	NA	NA	NA	NA	NA	NA	NA	NA	NA	NA	NA	NA	NA	NA	NA	NA	NA	NA	NA	NA	NA	NA	NA	NA	NA	NA	NA	NA	NA	NA	NA	NA	NA	NA	NA	NA	NA	NA	NA	NA	NA	NA	NA	NA	NA	NA	NA	NA	NA	NA	NA	NA
cg06995113	NA	NA	NA	NA	NA	NA	NA	NA	NA	NA	NA	NA	NA	NA	NA	NA	NA	NA	NA	NA	NA	NA	NA	NA	NA	NA	NA	NA	NA	NA	NA	NA	NA	NA	NA	NA	NA	NA	NA	NA	NA	NA	NA	NA	NA	NA	NA	NA	NA	NA	NA	NA	NA	NA	NA	NA	NA	NA	NA	NA	NA	NA	NA	NA	NA	NA	NA	NA	NA	NA	NA	NA	NA	NA	NA	NA	NA	NA	NA	NA	NA	NA	NA	NA	NA	NA	NA	NA	NA	NA	NA	NA	NA	NA	NA	NA	NA	NA	NA
cg06999653	0.684908875893355	0.692347483413295	0.454435025502721	0.701218960710607	0.873351192648085	0.514604564017855	0.723068000179167	0.619409329081782	0.397797418814721	0.842433284264284	0.397167444595022	0.712081923111689	0.577718778769122	0.226155502989307	0.702133573202797	0.507759922751981	0.663852330352347	0.616591980543881	0.366085472056125	0.314729142829457	0.656444594855844	0.516770866571629	0.346281292884277	0.469847865422949	0.344742021414614	0.430085804889419	0.465186191381705	0.758612924941514	0.554434247863341	0.798423454200411	0.424241675586948	0.730647753364372	0.452697923629126	0.593542988334912	0.838019098110194	0.587211265042296	0.523670430553273	0.90184214534641	0.780755523336578	0.709167143150732	0.754266529663268	0.34991390045569	0.720785344016559	0.557564941471387	0.636420632977974	0.418935986742054	0.626805169153039	0.460752486474409	0.236284188713937	0.745075557668106	0.660113668593708	0.73391442375575	0.415134382675045	0.672124378527672	0.746911246802148	0.323097477078146	0.568339142521804	0.377877723723939	0.482651925883324	0.765492496900711	0.590419451365331	0.288466223796112	0.757343656692171	0.808184161233663	0.735270252471962	0.734899103726499	0.341295472882905	0.561774943641966	0.591150193669413	0.41487295306083	0.513996933036023	0.703357162799677	0.414157034896987	0.285684141845693	0.816030582037244	0.410391178680764	0.578991983216879	0.342099158471755	0.64234881129306	0.469525161143127	0.245224233840302	0.344292514956314	0.366521882033659	0.394727244440383	0.500871522242118	0.499466293143394	0.611052727996436	0.367629502979337	0.377734412372212	0.793409719421477	0.692904187191931	0.658521037898312	0.741281914114447	0.170673187229714	0.345217329888801	0.700126487986604	0.473787170051578	0.751640518884838	0.681495876485737
cg07005246	NA	NA	NA	NA	NA	NA	NA	NA	NA	NA	NA	NA	NA	NA	NA	NA	NA	NA	NA	NA	NA	NA	NA	NA	NA	NA	NA	NA	NA	NA	NA	NA	NA	NA	NA	NA	NA	NA	NA	NA	NA	NA	NA	NA	NA	NA	NA	NA	NA	NA	NA	NA	NA	NA	NA	NA	NA	NA	NA	NA	NA	NA	NA	NA	NA	NA	NA	NA	NA	NA	NA	NA	NA	NA	NA	NA	NA	NA	NA	NA	NA	NA	NA	NA	NA	NA	NA	NA	NA	NA	NA	NA	NA	NA	NA	NA	NA	NA	NA
cg07021678	NA	NA	NA	NA	NA	NA	NA	NA	NA	NA	NA	NA	NA	NA	NA	NA	NA	NA	NA	NA	NA	NA	NA	NA	NA	NA	NA	NA	NA	NA	NA	NA	NA	NA	NA	NA	NA	NA	NA	NA	NA	NA	NA	NA	NA	NA	NA	NA	NA	NA	NA	NA	NA	NA	NA	NA	NA	NA	NA	NA	NA	NA	NA	NA	NA	NA	NA	NA	NA	NA	NA	NA	NA	NA	NA	NA	NA	NA	NA	NA	NA	NA	NA	NA	NA	NA	NA	NA	NA	NA	NA	NA	NA	NA	NA	NA	NA	NA	NA
cg07088430	NA	NA	NA	NA	NA	NA	NA	NA	NA	NA	NA	NA	NA	NA	NA	NA	NA	NA	NA	NA	NA	NA	NA	NA	NA	NA	NA	NA	NA	NA	NA	NA	NA	NA	NA	NA	NA	NA	NA	NA	NA	NA	NA	NA	NA	NA	NA	NA	NA	NA	NA	NA	NA	NA	NA	NA	NA	NA	NA	NA	NA	NA	NA	NA	NA	NA	NA	NA	NA	NA	NA	NA	NA	NA	NA	NA	NA	NA	NA	NA	NA	NA	NA	NA	NA	NA	NA	NA	NA	NA	NA	NA	NA	NA	NA	NA	NA	NA	NA
cg07165120	0.956559336482519	0.917467743038516	0.860098470540217	0.900533656586292	0.908803095833577	0.699316638338558	0.944316078118559	0.688349075284675	0.913120460666992	0.907371158967737	0.875884442636767	0.949517458815582	0.69210942562596	0.860879874704005	0.915997545592383	0.960799281656941	0.908971224101999	0.906744317725137	0.946563143927312	0.936981278509511	0.835142672980532	0.869520385422806	0.901869304825733	0.930506530394919	0.74606341886114	0.923655781009052	0.777916223465457	0.734118556138721	0.951889422341213	0.850916122569863	0.957345962393106	0.877958867017389	0.925259929704261	0.906748783999186	0.925270807963	0.901025918095305	0.953771344332604	0.894311471327043	0.926049400236297	0.899959248773142	0.945438363747042	0.932005858003902	0.848791250412824	0.870387222269657	0.891810307146259	0.920423167863455	0.898344299115521	0.918752537546318	0.937783578432897	0.933146205197489	0.805708371692366	0.829431907791149	0.963670362271252	0.88510772353049	0.912756158430676	0.926922379233722	0.911991562764025	0.87217331346022	0.921723807098818	0.963504493782829	0.924115350869059	0.833492125959998	0.927742064219189	0.897064279283892	0.95459389341507	0.896161864718688	0.911068695092525	0.92785803241776	0.925451982160015	0.887319503934031	0.894854104492253	0.907324598938189	0.879067349610971	0.939378301344637	0.960104085509633	0.919284577769137	0.932619101904018	0.876188823449999	0.893537896492276	0.925484065149859	0.926369280935821	0.936540642191131	0.846917305367997	0.937065577668259	0.870245389335932	0.823064189288073	0.939857313765635	0.89355034305089	0.95068167860515	0.943072773479106	0.942109495588305	0.88099993702296	0.943760836601922	0.908354616535124	0.658016648118406	0.931788172005013	0.942190491112594	0.954390016465845	0.899317290652152
cg07170752	0.854139164979013	0.815941137826954	0.77444108508885	0.668830731241605	0.809553326700972	0.451818584701194	0.788548795952765	0.762303511692688	0.54373016897251	0.815225358269896	0.565256940683022	0.906523015039385	0.848729346125589	0.392507823866229	0.824215301068533	0.810898731194572	0.771567331632825	0.618126529649849	0.73388639834546	0.803266597679148	0.801291229043531	0.760223425847625	0.39647739245188	0.776095415829765	0.56567230896358	0.564664693847699	0.794432512294663	0.884437405022096	0.857171213065624	0.87699773366391	0.814567223383995	0.741948860247257	0.341935498930359	0.814294386642445	0.747521791672513	0.853362133242257	0.843155651810533	0.885025504798227	0.841304747109072	0.789803027922542	0.777954900806092	0.855784900273174	0.852929825733873	0.763006894710968	0.667714348317397	0.787572532321648	0.825455011211757	0.728370782796701	0.524223344392848	0.843456314160578	0.850014983313271	0.839747571816627	0.905183174386648	0.76148668500754	0.793601638527663	0.492899497064466	0.776640054720689	0.857860950718653	0.813755550328381	0.822699435807485	0.692807527078553	0.843808416610919	0.779747804967056	0.84606261763096	0.864052075035988	0.77667814295617	0.565266998552014	0.824143692768347	0.857214800442307	0.780724620151923	0.811526597163478	0.826005203964918	0.861241221061406	0.460365995161122	0.876176449392716	0.816975657801945	0.877646221241646	0.358386825803368	0.75924654199792	0.662618101320807	0.785747258651357	0.818144776528513	0.242856703874157	0.657463062145181	0.803116538904362	0.447707250792949	0.873717570938548	0.8447925293107	0.694980811036724	0.819408138395077	0.841818129244652	0.741022360139307	0.731302001423523	0.644653496799166	0.321876871337801	0.821089558022544	0.74033302351522	0.794660021903231	0.826850554610584
cg07221511	NA	NA	NA	NA	NA	NA	NA	NA	NA	NA	NA	NA	NA	NA	NA	NA	NA	NA	NA	NA	NA	NA	NA	NA	NA	NA	NA	NA	NA	NA	NA	NA	NA	NA	NA	NA	NA	NA	NA	NA	NA	NA	NA	NA	NA	NA	NA	NA	NA	NA	NA	NA	NA	NA	NA	NA	NA	NA	NA	NA	NA	NA	NA	NA	NA	NA	NA	NA	NA	NA	NA	NA	NA	NA	NA	NA	NA	NA	NA	NA	NA	NA	NA	NA	NA	NA	NA	NA	NA	NA	NA	NA	NA	NA	NA	NA	NA	NA	NA
cg07228905	0.758323543852048	0.867316521462894	0.564657279278347	0.833027233642473	0.845426305828626	0.4747085936858	0.885445609669273	0.503225565805215	0.500145162857838	0.587877485817908	0.573171773532365	0.926871335103165	0.793438176654244	0.505442722044584	0.802743663147182	0.691287529845296	0.607490846480115	0.820541583279697	0.58317913113779	0.805051003470826	0.623239396065827	0.52694654130924	0.210249173337301	0.511077273457637	0.352807324816513	0.84714685036336	0.364728375613296	0.536754178642729	0.317891454695128	0.915943165809905	0.810442950017572	0.492462713982157	0.889479999780917	0.878723851944316	0.89397260593005	0.872642318451604	0.583705922084689	0.488119195737161	0.637902075004789	0.494186576723219	0.790799711426516	0.71055896870627	0.376278829643347	0.599994919680477	0.431034553200527	0.46046807404718	0.289446412633427	0.795690635652253	0.25492434404509	0.86482635974794	0.699833343396561	0.86115402862039	0.58080484676935	0.678545706899489	0.682718681961071	0.652179432020029	0.50293253702315	0.680691669297107	0.449915598296517	0.739454778129389	0.721969163325456	0.356346868740199	0.652949764354318	0.851904463975523	0.837712368649139	0.798745467701206	0.337055467122229	0.845534522146061	0.841990983822367	0.394385183707031	0.726958186839879	0.438738944940352	0.809665753682189	0.654180656388276	0.93786640778033	0.819476690837798	0.68142129417231	0.846082605867164	0.784823718818459	0.48712846020476	0.73698550772827	0.694245035508877	0.504305614876278	0.484178505932493	0.810775853160281	0.368108985325068	0.822290322452655	0.55621957942042	0.698334848693237	0.780935853675472	0.735088072950366	0.544585695319557	0.879102243330131	0.328189038750993	0.528091842648614	0.736523303569222	0.400558678344281	0.85966166682414	0.590232376257695
cg07242196	0.989835447717228	0.982548166659019	0.98763000764429	0.981576149392782	0.985821793088323	0.960022109385012	0.986766757208123	0.99005677507102	0.988444016097973	0.917062882767199	0.983054756710309	0.987381040500877	0.987697459688303	0.987903675791545	0.986668678154874	0.984585086608759	0.986969709992996	0.988547021787933	0.988608261857549	0.983430827904529	0.981369097836167	0.98454026914502	0.983582416142399	0.986989726896353	0.98139624590415	0.986593547781974	0.984691002059522	0.960030265422118	0.989792638836916	0.663814414430252	0.986133559833142	0.731131882276324	0.984189922595667	0.985197892076686	0.980196583428821	0.96482959632299	0.973140981437508	0.932999476833821	0.984488157905438	0.987546402122302	0.975311813181243	0.991440559808112	0.739794116785094	0.980353115912623	0.985089155617204	0.986014542925491	0.974742124830404	0.983045341512062	0.989089378653097	0.988318002162441	0.986386992195601	0.989077255534259	0.945465559140352	0.990177075052242	0.984568189981621	0.987316554409967	0.988088096818923	0.989339980158841	0.990118020640356	0.976147916360291	0.982240103195297	0.988319207306115	0.984246521623815	0.97559128947716	0.989011131713214	0.982809750799755	0.946867121887513	0.9549787662001	0.886485282954756	0.982778056617841	0.987002124075953	0.985755045855032	0.986891093098218	0.985914925709475	0.988663308324485	0.987365927816443	0.987359941301822	0.988818053175437	0.989269458084502	0.983991894621718	0.9888671730352	0.954932928576837	0.974437980683298	0.984169176508822	0.987209705030819	0.982215952484021	0.983588764201158	0.988637790376006	0.984420148678711	0.983343612686339	0.984393099329151	0.987144207519406	0.98762721488275	0.899150973976142	0.980970324847098	0.990967251287322	0.986885791242799	0.97722115066152	0.985740575632073
cg07244523	NA	NA	NA	NA	NA	NA	NA	NA	NA	NA	NA	NA	NA	NA	NA	NA	NA	NA	NA	NA	NA	NA	NA	NA	NA	NA	NA	NA	NA	NA	NA	NA	NA	NA	NA	NA	NA	NA	NA	NA	NA	NA	NA	NA	NA	NA	NA	NA	NA	NA	NA	NA	NA	NA	NA	NA	NA	NA	NA	NA	NA	NA	NA	NA	NA	NA	NA	NA	NA	NA	NA	NA	NA	NA	NA	NA	NA	NA	NA	NA	NA	NA	NA	NA	NA	NA	NA	NA	NA	NA	NA	NA	NA	NA	NA	NA	NA	NA	NA
cg07252846	NA	NA	NA	NA	NA	NA	NA	NA	NA	NA	NA	NA	NA	NA	NA	NA	NA	NA	NA	NA	NA	NA	NA	NA	NA	NA	NA	NA	NA	NA	NA	NA	NA	NA	NA	NA	NA	NA	NA	NA	NA	NA	NA	NA	NA	NA	NA	NA	NA	NA	NA	NA	NA	NA	NA	NA	NA	NA	NA	NA	NA	NA	NA	NA	NA	NA	NA	NA	NA	NA	NA	NA	NA	NA	NA	NA	NA	NA	NA	NA	NA	NA	NA	NA	NA	NA	NA	NA	NA	NA	NA	NA	NA	NA	NA	NA	NA	NA	NA
cg07277465	NA	NA	NA	NA	NA	NA	NA	NA	NA	NA	NA	NA	NA	NA	NA	NA	NA	NA	NA	NA	NA	NA	NA	NA	NA	NA	NA	NA	NA	NA	NA	NA	NA	NA	NA	NA	NA	NA	NA	NA	NA	NA	NA	NA	NA	NA	NA	NA	NA	NA	NA	NA	NA	NA	NA	NA	NA	NA	NA	NA	NA	NA	NA	NA	NA	NA	NA	NA	NA	NA	NA	NA	NA	NA	NA	NA	NA	NA	NA	NA	NA	NA	NA	NA	NA	NA	NA	NA	NA	NA	NA	NA	NA	NA	NA	NA	NA	NA	NA
cg07283015	0.92700042341506	0.908704446641543	0.871504795261878	0.912790705854529	0.872073876127019	0.875040290586664	0.867389896812169	0.883299527530851	0.909160806732391	0.913849583882072	0.905177813317704	0.951200493678233	0.905489194232322	0.906900075348623	0.870524489050303	0.919165085340031	0.860161439930996	0.863254646378086	0.960733781401341	0.90220260790069	0.897510491907436	0.834323892635055	0.940660222141239	0.92660678787993	0.687532718314599	0.886909508398956	0.91881535103778	0.877624678336409	0.964151447415422	0.891856270742194	0.900864943317769	0.699945570737105	0.914890468389941	0.950334496630481	0.943785157739068	0.942493524049035	0.959594470386881	0.887264857896243	0.931886791022017	0.926426701391381	0.899423963830368	0.855393952531422	0.942171534685118	0.954596475399348	0.932709851017123	0.839199473517235	0.92865123568781	0.882236704622885	0.921206547714277	0.904951785350567	0.897846991773517	0.738437871626817	0.886428940463757	0.877522763788375	0.889798130728227	0.731269569483896	0.906511235557405	0.836709966173026	0.937402116797745	0.844295877492036	0.936435578594364	0.956619473871357	0.943553795617631	0.891288358158536	0.953434283039144	0.947210410773377	0.911931272681322	0.916511423495861	0.886346915375413	0.825304762550073	0.930666154880043	0.935596966132106	0.89975979604515	0.929424308188107	0.711251307312581	0.819672881551489	0.926061419744091	0.778926450149341	0.885640012378026	0.794707584552565	0.899037687667238	0.92484850448186	0.631923805437458	0.909516878138231	0.872468618107945	0.899244954507096	0.970371195732417	0.949800942910174	0.934379103749522	0.916931075454038	0.93254127595896	0.695513830835965	0.949049621931343	0.845262627484489	0.882514103421852	0.838353393835935	0.848779528623419	0.929372733270061	0.889966807922967
cg07372195	0.9513032128565	0.952274464140398	0.941855715676607	0.950098802416421	0.951400508929799	0.669642162354761	0.952775789404429	0.785424879184863	0.961482285089034	0.862018848374128	0.946494376490168	0.921608072887511	0.941293414928819	0.953652951438917	0.95440965017981	0.961089398355493	0.940842071179414	0.946984990096251	0.919275140148794	0.905293682165764	0.965184245716844	0.896057349980103	0.944375555851882	0.958655417652393	0.88421106074744	0.959287768035983	0.947312311502577	0.918721947104208	0.945839335359265	0.965736258218079	0.959488713617912	0.91104026942517	0.917822942389056	0.959461273976633	0.873301128219129	0.955696655609298	0.959505269935379	0.927694594190894	0.950317200513152	0.961535335401733	0.937146219703906	0.946897010523824	0.905878524725394	0.908917640561109	0.92368827864854	0.959906729763277	0.949280445327764	0.897834055423908	0.967700323291353	0.930039933904553	0.852411237461194	0.932787497993187	0.944513271921509	0.938257964084753	0.957037155385544	0.942090985442151	0.944302215378445	0.945370746908117	0.944217526323008	0.939074486728047	0.850759306936674	0.91453126516641	0.923957916303886	0.943400607398325	0.932824585603118	0.940390132066601	0.956731073704769	0.94822771651328	0.79445777329285	0.955700066325978	0.948560752791598	0.932459218283301	0.942914261646476	0.932636409134283	0.954368971504834	0.95884651954454	0.926247597527376	0.935636240316513	0.950998283388235	0.959063004927988	0.960547232914524	0.949528002078244	0.937869199097482	0.93870259005751	0.951532615084131	0.863274112053683	0.875983716574586	0.951052432236352	0.935516278029634	0.953097854151672	0.953517670239775	0.956489161201499	0.948706479203343	0.957601585451316	0.735247744118549	0.963714027022187	0.96009394858424	0.940393024049112	0.948127332849349
cg07378405	NA	NA	NA	NA	NA	NA	NA	NA	NA	NA	NA	NA	NA	NA	NA	NA	NA	NA	NA	NA	NA	NA	NA	NA	NA	NA	NA	NA	NA	NA	NA	NA	NA	NA	NA	NA	NA	NA	NA	NA	NA	NA	NA	NA	NA	NA	NA	NA	NA	NA	NA	NA	NA	NA	NA	NA	NA	NA	NA	NA	NA	NA	NA	NA	NA	NA	NA	NA	NA	NA	NA	NA	NA	NA	NA	NA	NA	NA	NA	NA	NA	NA	NA	NA	NA	NA	NA	NA	NA	NA	NA	NA	NA	NA	NA	NA	NA	NA	NA
cg07421068	NA	NA	NA	NA	NA	NA	NA	NA	NA	NA	NA	NA	NA	NA	NA	NA	NA	NA	NA	NA	NA	NA	NA	NA	NA	NA	NA	NA	NA	NA	NA	NA	NA	NA	NA	NA	NA	NA	NA	NA	NA	NA	NA	NA	NA	NA	NA	NA	NA	NA	NA	NA	NA	NA	NA	NA	NA	NA	NA	NA	NA	NA	NA	NA	NA	NA	NA	NA	NA	NA	NA	NA	NA	NA	NA	NA	NA	NA	NA	NA	NA	NA	NA	NA	NA	NA	NA	NA	NA	NA	NA	NA	NA	NA	NA	NA	NA	NA	NA
cg07427559	NA	NA	NA	NA	NA	NA	NA	NA	NA	NA	NA	NA	NA	NA	NA	NA	NA	NA	NA	NA	NA	NA	NA	NA	NA	NA	NA	NA	NA	NA	NA	NA	NA	NA	NA	NA	NA	NA	NA	NA	NA	NA	NA	NA	NA	NA	NA	NA	NA	NA	NA	NA	NA	NA	NA	NA	NA	NA	NA	NA	NA	NA	NA	NA	NA	NA	NA	NA	NA	NA	NA	NA	NA	NA	NA	NA	NA	NA	NA	NA	NA	NA	NA	NA	NA	NA	NA	NA	NA	NA	NA	NA	NA	NA	NA	NA	NA	NA	NA
cg07508429	0.905932868474807	0.908867677903381	0.884763142692964	0.912766853411144	0.904112034403442	0.880617959088022	0.892301644504039	0.873766203708429	0.877447340710512	0.883841564854033	0.810744219964472	0.900707675511106	0.914560120288427	0.914050278257009	0.888865565649286	0.944374683316958	0.94460148459676	0.92145649998012	0.924953564788132	0.924853600839432	0.828146490946158	0.851549753984522	0.811956630458904	0.839781903617307	0.768325054081121	0.899553048912724	0.889963039493837	0.869764309289486	0.941426472686746	0.90375689408658	0.930081002700536	0.858767709347681	0.923678301118381	0.914970814094177	0.871838923686529	0.927193137976199	0.936028019915785	0.888735989147048	0.870873039708817	0.858304805279659	0.894320389884931	0.920999268297912	0.85552617192172	0.949430313446759	0.693865414107577	0.741244788179826	0.744328986724614	0.818831770534574	0.946453409730197	0.914389044253665	0.911604472984971	0.832578693698722	0.906087513917752	0.89522188640334	0.842246860120256	0.885421965583313	0.920859972566448	0.91918348589659	0.934659097110745	0.821494506325432	0.860880561075027	0.78231059560229	0.909506330011715	0.919011408410133	0.708513700813396	0.898289839367152	0.868922550982997	0.898846058913891	0.90231094076996	0.917478278844275	0.897331272666219	0.887262089801654	0.922823194772429	0.880001697115281	0.892360049432282	0.900684481849975	0.878240437619965	0.927723986676329	0.890156600307643	0.740667917729348	0.908357328663302	0.932161467563942	0.555531426347075	0.909235216362558	0.916336831278093	0.87865356257484	0.831458187609463	0.914047242083587	0.880840795773258	0.925020553342608	0.948520900283062	0.898696982997801	0.923527018728569	0.890520756439272	0.914677691679692	0.913764007075116	0.918437370613803	0.915243841770604	0.936921951478403
cg07516965	NA	NA	NA	NA	NA	NA	NA	NA	NA	NA	NA	NA	NA	NA	NA	NA	NA	NA	NA	NA	NA	NA	NA	NA	NA	NA	NA	NA	NA	NA	NA	NA	NA	NA	NA	NA	NA	NA	NA	NA	NA	NA	NA	NA	NA	NA	NA	NA	NA	NA	NA	NA	NA	NA	NA	NA	NA	NA	NA	NA	NA	NA	NA	NA	NA	NA	NA	NA	NA	NA	NA	NA	NA	NA	NA	NA	NA	NA	NA	NA	NA	NA	NA	NA	NA	NA	NA	NA	NA	NA	NA	NA	NA	NA	NA	NA	NA	NA	NA
cg07532159	NA	NA	NA	NA	NA	NA	NA	NA	NA	NA	NA	NA	NA	NA	NA	NA	NA	NA	NA	NA	NA	NA	NA	NA	NA	NA	NA	NA	NA	NA	NA	NA	NA	NA	NA	NA	NA	NA	NA	NA	NA	NA	NA	NA	NA	NA	NA	NA	NA	NA	NA	NA	NA	NA	NA	NA	NA	NA	NA	NA	NA	NA	NA	NA	NA	NA	NA	NA	NA	NA	NA	NA	NA	NA	NA	NA	NA	NA	NA	NA	NA	NA	NA	NA	NA	NA	NA	NA	NA	NA	NA	NA	NA	NA	NA	NA	NA	NA	NA
cg07559427	0.93196841412457	0.931110939426691	0.955779753067069	0.930775252825131	0.958314294491158	0.882540976957763	0.947796253658534	0.964399729332033	0.912964023542286	0.749944045786809	0.924355831222763	0.906036949569022	0.935085794893087	0.502454967037433	0.936209870002968	0.951226320289453	0.951263326361785	0.760739295866111	0.926666571682369	0.498078202805192	0.904881628273019	0.740915579836349	0.936387597165185	0.880282700772039	0.436461662261891	0.925278735671838	0.935864075718275	0.942015971221942	0.934622314664367	0.364349706982923	0.71334472091881	0.792724567177622	0.819324818950368	0.916768505111648	0.94551127126302	0.188897347553887	0.894143784601984	0.928689637631683	0.939966239719881	0.871736637635276	0.920315248155334	0.92743351726849	0.904957334171989	0.95335431259038	0.9345849481301	0.828695632515746	0.40730761665429	0.562676568633017	0.953362117979563	0.946654977871025	0.849142159215203	0.922005706481122	0.903127900661102	0.945241900480162	0.947176857633307	0.877337599685356	0.887971969105376	0.924255823495786	0.910369935592918	0.953454208027306	0.938908842114787	0.586695044444641	0.937461948671354	0.901242197995984	0.972224324150794	0.942325317849958	0.914219457627435	0.942767654809266	0.31074352882595	0.941894023972732	0.926654259806865	0.927083208228141	0.93811259674473	0.84549511528433	0.946458495487198	0.899227538690467	0.954776790092851	0.917866057066058	0.936799316502823	0.921031899752885	0.947081047672986	0.761025839200516	0.381486168890518	0.945473673552531	0.719298931057524	0.727480246459559	0.959386312470961	0.963205431956319	0.93290799241015	0.926698487845844	0.970195781826829	0.943924193898678	0.932134946840446	0.875989710266816	0.934777775757442	0.92090283373832	0.92386395435204	0.960974922218164	0.94916579117629
cg07590638	NA	NA	NA	NA	NA	NA	NA	NA	NA	NA	NA	NA	NA	NA	NA	NA	NA	NA	NA	NA	NA	NA	NA	NA	NA	NA	NA	NA	NA	NA	NA	NA	NA	NA	NA	NA	NA	NA	NA	NA	NA	NA	NA	NA	NA	NA	NA	NA	NA	NA	NA	NA	NA	NA	NA	NA	NA	NA	NA	NA	NA	NA	NA	NA	NA	NA	NA	NA	NA	NA	NA	NA	NA	NA	NA	NA	NA	NA	NA	NA	NA	NA	NA	NA	NA	NA	NA	NA	NA	NA	NA	NA	NA	NA	NA	NA	NA	NA	NA
cg07612889	NA	NA	NA	NA	NA	NA	NA	NA	NA	NA	NA	NA	NA	NA	NA	NA	NA	NA	NA	NA	NA	NA	NA	NA	NA	NA	NA	NA	NA	NA	NA	NA	NA	NA	NA	NA	NA	NA	NA	NA	NA	NA	NA	NA	NA	NA	NA	NA	NA	NA	NA	NA	NA	NA	NA	NA	NA	NA	NA	NA	NA	NA	NA	NA	NA	NA	NA	NA	NA	NA	NA	NA	NA	NA	NA	NA	NA	NA	NA	NA	NA	NA	NA	NA	NA	NA	NA	NA	NA	NA	NA	NA	NA	NA	NA	NA	NA	NA	NA
cg07633119	NA	NA	NA	NA	NA	NA	NA	NA	NA	NA	NA	NA	NA	NA	NA	NA	NA	NA	NA	NA	NA	NA	NA	NA	NA	NA	NA	NA	NA	NA	NA	NA	NA	NA	NA	NA	NA	NA	NA	NA	NA	NA	NA	NA	NA	NA	NA	NA	NA	NA	NA	NA	NA	NA	NA	NA	NA	NA	NA	NA	NA	NA	NA	NA	NA	NA	NA	NA	NA	NA	NA	NA	NA	NA	NA	NA	NA	NA	NA	NA	NA	NA	NA	NA	NA	NA	NA	NA	NA	NA	NA	NA	NA	NA	NA	NA	NA	NA	NA
cg07645858	NA	NA	NA	NA	NA	NA	NA	NA	NA	NA	NA	NA	NA	NA	NA	NA	NA	NA	NA	NA	NA	NA	NA	NA	NA	NA	NA	NA	NA	NA	NA	NA	NA	NA	NA	NA	NA	NA	NA	NA	NA	NA	NA	NA	NA	NA	NA	NA	NA	NA	NA	NA	NA	NA	NA	NA	NA	NA	NA	NA	NA	NA	NA	NA	NA	NA	NA	NA	NA	NA	NA	NA	NA	NA	NA	NA	NA	NA	NA	NA	NA	NA	NA	NA	NA	NA	NA	NA	NA	NA	NA	NA	NA	NA	NA	NA	NA	NA	NA
cg07672509	NA	NA	NA	NA	NA	NA	NA	NA	NA	NA	NA	NA	NA	NA	NA	NA	NA	NA	NA	NA	NA	NA	NA	NA	NA	NA	NA	NA	NA	NA	NA	NA	NA	NA	NA	NA	NA	NA	NA	NA	NA	NA	NA	NA	NA	NA	NA	NA	NA	NA	NA	NA	NA	NA	NA	NA	NA	NA	NA	NA	NA	NA	NA	NA	NA	NA	NA	NA	NA	NA	NA	NA	NA	NA	NA	NA	NA	NA	NA	NA	NA	NA	NA	NA	NA	NA	NA	NA	NA	NA	NA	NA	NA	NA	NA	NA	NA	NA	NA
cg07690202	NA	NA	NA	NA	NA	NA	NA	NA	NA	NA	NA	NA	NA	NA	NA	NA	NA	NA	NA	NA	NA	NA	NA	NA	NA	NA	NA	NA	NA	NA	NA	NA	NA	NA	NA	NA	NA	NA	NA	NA	NA	NA	NA	NA	NA	NA	NA	NA	NA	NA	NA	NA	NA	NA	NA	NA	NA	NA	NA	NA	NA	NA	NA	NA	NA	NA	NA	NA	NA	NA	NA	NA	NA	NA	NA	NA	NA	NA	NA	NA	NA	NA	NA	NA	NA	NA	NA	NA	NA	NA	NA	NA	NA	NA	NA	NA	NA	NA	NA
cg07752079	NA	NA	NA	NA	NA	NA	NA	NA	NA	NA	NA	NA	NA	NA	NA	NA	NA	NA	NA	NA	NA	NA	NA	NA	NA	NA	NA	NA	NA	NA	NA	NA	NA	NA	NA	NA	NA	NA	NA	NA	NA	NA	NA	NA	NA	NA	NA	NA	NA	NA	NA	NA	NA	NA	NA	NA	NA	NA	NA	NA	NA	NA	NA	NA	NA	NA	NA	NA	NA	NA	NA	NA	NA	NA	NA	NA	NA	NA	NA	NA	NA	NA	NA	NA	NA	NA	NA	NA	NA	NA	NA	NA	NA	NA	NA	NA	NA	NA	NA
cg07752596	NA	NA	NA	NA	NA	NA	NA	NA	NA	NA	NA	NA	NA	NA	NA	NA	NA	NA	NA	NA	NA	NA	NA	NA	NA	NA	NA	NA	NA	NA	NA	NA	NA	NA	NA	NA	NA	NA	NA	NA	NA	NA	NA	NA	NA	NA	NA	NA	NA	NA	NA	NA	NA	NA	NA	NA	NA	NA	NA	NA	NA	NA	NA	NA	NA	NA	NA	NA	NA	NA	NA	NA	NA	NA	NA	NA	NA	NA	NA	NA	NA	NA	NA	NA	NA	NA	NA	NA	NA	NA	NA	NA	NA	NA	NA	NA	NA	NA	NA
cg07756562	NA	NA	NA	NA	NA	NA	NA	NA	NA	NA	NA	NA	NA	NA	NA	NA	NA	NA	NA	NA	NA	NA	NA	NA	NA	NA	NA	NA	NA	NA	NA	NA	NA	NA	NA	NA	NA	NA	NA	NA	NA	NA	NA	NA	NA	NA	NA	NA	NA	NA	NA	NA	NA	NA	NA	NA	NA	NA	NA	NA	NA	NA	NA	NA	NA	NA	NA	NA	NA	NA	NA	NA	NA	NA	NA	NA	NA	NA	NA	NA	NA	NA	NA	NA	NA	NA	NA	NA	NA	NA	NA	NA	NA	NA	NA	NA	NA	NA	NA
cg07757454	NA	NA	NA	NA	NA	NA	NA	NA	NA	NA	NA	NA	NA	NA	NA	NA	NA	NA	NA	NA	NA	NA	NA	NA	NA	NA	NA	NA	NA	NA	NA	NA	NA	NA	NA	NA	NA	NA	NA	NA	NA	NA	NA	NA	NA	NA	NA	NA	NA	NA	NA	NA	NA	NA	NA	NA	NA	NA	NA	NA	NA	NA	NA	NA	NA	NA	NA	NA	NA	NA	NA	NA	NA	NA	NA	NA	NA	NA	NA	NA	NA	NA	NA	NA	NA	NA	NA	NA	NA	NA	NA	NA	NA	NA	NA	NA	NA	NA	NA
cg07810671	NA	NA	NA	NA	NA	NA	NA	NA	NA	NA	NA	NA	NA	NA	NA	NA	NA	NA	NA	NA	NA	NA	NA	NA	NA	NA	NA	NA	NA	NA	NA	NA	NA	NA	NA	NA	NA	NA	NA	NA	NA	NA	NA	NA	NA	NA	NA	NA	NA	NA	NA	NA	NA	NA	NA	NA	NA	NA	NA	NA	NA	NA	NA	NA	NA	NA	NA	NA	NA	NA	NA	NA	NA	NA	NA	NA	NA	NA	NA	NA	NA	NA	NA	NA	NA	NA	NA	NA	NA	NA	NA	NA	NA	NA	NA	NA	NA	NA	NA
cg07841357	NA	NA	NA	NA	NA	NA	NA	NA	NA	NA	NA	NA	NA	NA	NA	NA	NA	NA	NA	NA	NA	NA	NA	NA	NA	NA	NA	NA	NA	NA	NA	NA	NA	NA	NA	NA	NA	NA	NA	NA	NA	NA	NA	NA	NA	NA	NA	NA	NA	NA	NA	NA	NA	NA	NA	NA	NA	NA	NA	NA	NA	NA	NA	NA	NA	NA	NA	NA	NA	NA	NA	NA	NA	NA	NA	NA	NA	NA	NA	NA	NA	NA	NA	NA	NA	NA	NA	NA	NA	NA	NA	NA	NA	NA	NA	NA	NA	NA	NA
cg07855322	NA	NA	NA	NA	NA	NA	NA	NA	NA	NA	NA	NA	NA	NA	NA	NA	NA	NA	NA	NA	NA	NA	NA	NA	NA	NA	NA	NA	NA	NA	NA	NA	NA	NA	NA	NA	NA	NA	NA	NA	NA	NA	NA	NA	NA	NA	NA	NA	NA	NA	NA	NA	NA	NA	NA	NA	NA	NA	NA	NA	NA	NA	NA	NA	NA	NA	NA	NA	NA	NA	NA	NA	NA	NA	NA	NA	NA	NA	NA	NA	NA	NA	NA	NA	NA	NA	NA	NA	NA	NA	NA	NA	NA	NA	NA	NA	NA	NA	NA
cg07856387	NA	NA	NA	NA	NA	NA	NA	NA	NA	NA	NA	NA	NA	NA	NA	NA	NA	NA	NA	NA	NA	NA	NA	NA	NA	NA	NA	NA	NA	NA	NA	NA	NA	NA	NA	NA	NA	NA	NA	NA	NA	NA	NA	NA	NA	NA	NA	NA	NA	NA	NA	NA	NA	NA	NA	NA	NA	NA	NA	NA	NA	NA	NA	NA	NA	NA	NA	NA	NA	NA	NA	NA	NA	NA	NA	NA	NA	NA	NA	NA	NA	NA	NA	NA	NA	NA	NA	NA	NA	NA	NA	NA	NA	NA	NA	NA	NA	NA	NA
cg07902406	NA	NA	NA	NA	NA	NA	NA	NA	NA	NA	NA	NA	NA	NA	NA	NA	NA	NA	NA	NA	NA	NA	NA	NA	NA	NA	NA	NA	NA	NA	NA	NA	NA	NA	NA	NA	NA	NA	NA	NA	NA	NA	NA	NA	NA	NA	NA	NA	NA	NA	NA	NA	NA	NA	NA	NA	NA	NA	NA	NA	NA	NA	NA	NA	NA	NA	NA	NA	NA	NA	NA	NA	NA	NA	NA	NA	NA	NA	NA	NA	NA	NA	NA	NA	NA	NA	NA	NA	NA	NA	NA	NA	NA	NA	NA	NA	NA	NA	NA
cg07912810	NA	NA	NA	NA	NA	NA	NA	NA	NA	NA	NA	NA	NA	NA	NA	NA	NA	NA	NA	NA	NA	NA	NA	NA	NA	NA	NA	NA	NA	NA	NA	NA	NA	NA	NA	NA	NA	NA	NA	NA	NA	NA	NA	NA	NA	NA	NA	NA	NA	NA	NA	NA	NA	NA	NA	NA	NA	NA	NA	NA	NA	NA	NA	NA	NA	NA	NA	NA	NA	NA	NA	NA	NA	NA	NA	NA	NA	NA	NA	NA	NA	NA	NA	NA	NA	NA	NA	NA	NA	NA	NA	NA	NA	NA	NA	NA	NA	NA	NA
cg07922521	0.898784202245568	0.899474294773726	0.867078644619576	0.876461989835858	0.901328228382201	0.902767353974075	0.858524194323853	0.896724393494479	0.880643759631486	0.896465849399778	0.90717484755316	0.888744332289176	0.891044479278871	0.904601279324113	0.859906856589317	0.942593001718394	0.933201417352296	0.864401091584623	0.851770116031074	0.920683573874411	0.881440270915083	0.859993486287753	0.942582567033491	0.932738093537636	0.91509906827804	0.896303714259231	0.89929128689688	0.910904410111279	0.887622683264591	0.898014181796871	0.925330066425932	0.799140712754363	0.926027377066726	0.927873118404473	0.923431917812412	0.934025930406581	0.931827399457575	0.913904714615343	0.820964112128516	0.832955822894434	0.939004292133351	0.931378757001066	0.89810186879215	0.922843564850314	0.900492270193603	0.878776588068723	0.909644623911678	0.932084517699573	0.854919191186578	0.83519723697608	0.876098166907366	0.836407635412803	0.936635265678317	0.846649163327731	0.867160005028109	0.864182172369674	0.846191238184949	0.855252123743092	0.902148675677898	0.89244254918735	0.913664183957236	0.916117526634384	0.903357537282225	0.875451683747565	0.913959328058041	0.89640511128419	0.889864813651401	0.946715837843716	0.872300172686741	0.899609588640998	0.878048787832893	0.879948080022665	0.921910487033246	0.879992569218655	0.92781198854809	0.83221246891159	0.909199742749287	0.946482823812695	0.861557691552591	0.88204929517557	0.913041093177693	0.900380449618347	0.861625405311138	0.907627517598987	0.71969339740145	0.901473104794438	0.913381892450579	0.852804649285456	0.959884763134298	0.823737663035278	0.962323794014916	0.858593172992788	0.92832802701741	0.96649607425406	0.855988501104139	0.945572355903807	0.953409123686878	0.915503682541784	0.894121838980348
cg07989373	NA	NA	NA	NA	NA	NA	NA	NA	NA	NA	NA	NA	NA	NA	NA	NA	NA	NA	NA	NA	NA	NA	NA	NA	NA	NA	NA	NA	NA	NA	NA	NA	NA	NA	NA	NA	NA	NA	NA	NA	NA	NA	NA	NA	NA	NA	NA	NA	NA	NA	NA	NA	NA	NA	NA	NA	NA	NA	NA	NA	NA	NA	NA	NA	NA	NA	NA	NA	NA	NA	NA	NA	NA	NA	NA	NA	NA	NA	NA	NA	NA	NA	NA	NA	NA	NA	NA	NA	NA	NA	NA	NA	NA	NA	NA	NA	NA	NA	NA
cg07997387	NA	NA	NA	NA	NA	NA	NA	NA	NA	NA	NA	NA	NA	NA	NA	NA	NA	NA	NA	NA	NA	NA	NA	NA	NA	NA	NA	NA	NA	NA	NA	NA	NA	NA	NA	NA	NA	NA	NA	NA	NA	NA	NA	NA	NA	NA	NA	NA	NA	NA	NA	NA	NA	NA	NA	NA	NA	NA	NA	NA	NA	NA	NA	NA	NA	NA	NA	NA	NA	NA	NA	NA	NA	NA	NA	NA	NA	NA	NA	NA	NA	NA	NA	NA	NA	NA	NA	NA	NA	NA	NA	NA	NA	NA	NA	NA	NA	NA	NA
cg08005007	0.746660150939595	0.719966641384975	0.745659598818743	0.715267090225549	0.721616754659219	0.70171367315774	0.715571767048111	0.685644062469694	0.68815128275738	0.638226490167446	0.744783112792157	0.762426619033784	0.783437407753953	0.640966168119898	0.720466934508561	0.696135936433472	0.706116113771423	0.692044556975066	0.685905958120499	0.663776596570828	0.655450547308633	0.68093673391067	0.648374378136817	0.712062483874016	0.636185141780269	0.813562113319512	0.681449184838522	0.715407426973438	0.694773768477411	0.632606889113098	0.667142588199945	0.728480088274409	0.700230291025001	0.717859601854542	0.688267495594879	0.587858168138375	0.63185351925083	0.613054128312504	0.729346379692301	0.73557546221162	0.649066126695301	0.71413038196198	0.680905677219693	0.677140412044278	0.737686857903294	0.747004654927667	0.681329458076926	0.632924787721607	0.693385250881985	0.719992125463028	0.644605294821757	0.7410033000495	0.600353606197733	0.795015259703416	0.742239472352193	0.712779335591227	0.715475646828438	0.690585766261734	0.708626443096797	0.787501076133043	0.691089563966175	0.63269601808636	0.686315828295838	0.662031414420147	0.737949956280069	0.754034102037803	0.644623513528188	0.739917900692145	0.561630398589945	0.74921646278887	0.706490257747613	0.73942694091275	0.711952317930928	0.687901313040314	0.791161524394083	0.685043531076324	0.69055294781312	0.677052596961113	0.688610101155033	0.739209925720105	0.734669710596049	0.60903163888372	0.579229230551961	0.731402290631828	0.739579396859045	0.59055261966819	0.747638535866211	0.742888866913527	0.729731417306114	0.692106126287559	0.739782436579505	0.799404208930634	0.70172747917341	0.604633407619243	0.685341390828057	0.708637305036729	0.696483399300517	0.702520748461077	0.698304750290711
cg08027643	NA	NA	NA	NA	NA	NA	NA	NA	NA	NA	NA	NA	NA	NA	NA	NA	NA	NA	NA	NA	NA	NA	NA	NA	NA	NA	NA	NA	NA	NA	NA	NA	NA	NA	NA	NA	NA	NA	NA	NA	NA	NA	NA	NA	NA	NA	NA	NA	NA	NA	NA	NA	NA	NA	NA	NA	NA	NA	NA	NA	NA	NA	NA	NA	NA	NA	NA	NA	NA	NA	NA	NA	NA	NA	NA	NA	NA	NA	NA	NA	NA	NA	NA	NA	NA	NA	NA	NA	NA	NA	NA	NA	NA	NA	NA	NA	NA	NA	NA
cg08075677	NA	NA	NA	NA	NA	NA	NA	NA	NA	NA	NA	NA	NA	NA	NA	NA	NA	NA	NA	NA	NA	NA	NA	NA	NA	NA	NA	NA	NA	NA	NA	NA	NA	NA	NA	NA	NA	NA	NA	NA	NA	NA	NA	NA	NA	NA	NA	NA	NA	NA	NA	NA	NA	NA	NA	NA	NA	NA	NA	NA	NA	NA	NA	NA	NA	NA	NA	NA	NA	NA	NA	NA	NA	NA	NA	NA	NA	NA	NA	NA	NA	NA	NA	NA	NA	NA	NA	NA	NA	NA	NA	NA	NA	NA	NA	NA	NA	NA	NA
cg08082390	0.959608539538957	0.936849992653997	0.95213896316419	0.950523371551159	0.944623357703608	0.934757607689736	0.936085115928267	0.920940483207639	0.936399162345815	0.606161566760554	0.947356855606096	0.948498781560055	0.933811365831106	0.306331526523241	0.957879956036451	0.953644482972423	0.954174913106815	0.951599640396563	0.965708433980785	0.684536305149606	0.875990157031326	0.800921070934905	0.945779271445077	0.951657831674072	0.360875043255627	0.948167251401784	0.946852668620445	0.638157612456245	0.952522358945052	0.956668063646886	0.837548860149904	0.950977830074292	0.959471716005453	0.964497104468305	0.931213477847387	0.903018896211259	0.959213329604141	0.956261292937863	0.950867162785731	0.971889919684367	0.96368699546358	0.953099447243853	0.952203167359447	0.958497073573872	0.952198612764703	0.943351439663243	0.678128628024639	0.715756102547024	0.963882615077424	0.958980210361767	0.610903676045653	0.958734630930154	0.948550817944927	0.947287555747451	0.950524561343327	0.966111035407954	0.956574149749697	0.638250251291415	0.959291387691949	0.94224110971532	0.779019397529197	0.948815343137526	0.963319804928233	0.952212210659272	0.954205051247535	0.960865754384368	0.960413279359526	0.931561631618899	0.955849039077154	0.94589875808013	0.952201825803573	0.94996758432153	0.964037442017918	0.951045577084596	0.960714682223583	0.947151090107268	0.958939412817484	0.962142359074994	0.948188488158852	0.948896111631109	0.957214139751046	0.958408750178383	0.863358173097399	0.939097644583368	0.953158327759775	0.859882394928901	0.960014094490256	0.949626717640053	0.928979060534444	0.941461736917373	0.956586886199016	0.963039295713942	0.950983570835796	0.82216332494254	0.94466262912635	0.944310949880161	0.932514472496986	0.952242884345767	0.954650804815969
cg08096684	0.498122359296181	0.45085807001899	0.335902351462601	0.464658852768997	0.467204762251029	0.469307909593532	0.682370442902437	0.193108217320672	0.40510423778141	0.560749657073369	0.365329390009293	0.975550310542857	0.962385832508657	0.244786592379415	0.679547700219525	0.292597178947193	0.267284024123105	0.516790413192881	0.327902405508591	0.418815984974427	0.525591159364952	0.548640079802959	0.305496672973703	0.419960923734329	0.39119621275888	0.385426004993399	0.394698712461385	0.295460020916806	0.278570553717776	0.21283332853233	0.229467282696327	0.425750985987228	0.255553592562234	0.922037758599791	0.439279036982186	0.340229025961694	0.425832676550131	0.578553002051722	0.966823720751307	0.440893701776621	0.443195556469919	0.32043373709512	0.487642183843415	0.964746940647415	0.357045730425572	0.382986195369412	0.28288971771694	0.467876972363237	0.28360976954463	0.965964682153466	0.360446931207851	0.333160681957461	0.524341917030333	0.739117420857232	0.738155662093618	0.43628759493879	0.38991626822769	0.354864675912833	0.278383769720442	0.498419016305949	0.317125594767783	0.323117308993224	0.40635827886211	0.430828355494703	0.969897468751066	0.433601824303691	0.750722568896122	0.405475476118129	0.65635644832074	0.683530384721735	0.28311809062135	0.492690815766152	0.388366520105988	0.350536008933442	0.499901460011103	0.338160357696677	0.382928506334737	0.2435374501656	0.306603157349027	0.742165492985263	0.28483609451064	0.641291287276305	0.311136726763468	0.808364829926573	0.473125212671032	0.499465522313808	0.340933018907556	0.314494736529357	0.342480708524831	0.415283292447237	0.349683131451477	0.426557422805229	0.291556313713911	0.337914997470354	0.414125425028565	0.333304096698874	0.389125448638901	0.433714784385625	0.534143682014341
cg08123100	NA	0.469122362538621	0.438415359200885	0.66587363910374	0.867198445634857	0.647688934209959	NA	0.334476099034026	0.510687264092337	0.640822568794968	0.403640517137179	0.642966813364472	0.596361064625441	0.194481401410353	0.83751517425375	0.173060376413868	0.555065147975322	0.806104465385614	0.411062708151454	0.692757417182053	0.592218219946313	0.489060884007274	0.3153054461206	0.775150740001244	0.438601883405304	0.899309407521252	0.37419401388142	0.471378708931875	0.466920643578175	NA	NA	0.807795514364458	0.463824837484418	0.315536543475361	0.749066006020504	0.694521765498693	0.775252145538777	0.853221996045776	0.906272509659718	0.68842731880497	0.832626003191936	NA	0.758011606211256	0.274069656333324	0.81094339219737	0.529049590955774	0.271414517910099	0.836244128052159	0.522543873760234	NA	0.559267076129841	0.808255854696496	NA	0.717054204898346	0.689579320889529	0.533651192045862	0.333940465936872	0.511098084976654	NA	0.888365059993252	0.713914176715443	0.598779410188158	0.342120178432011	0.699778213145024	NA	0.545258809006173	0.762995909134506	NA	0.848519566286788	0.636241166457719	0.338397572795138	0.547127736222791	0.424216459506728	0.463189921192752	0.932652959559023	0.818956449412064	0.561683263057803	NA	0.366527669348545	0.691854998642066	0.720100190843412	NA	NA	0.772623743544711	0.656307716765314	NA	0.891120259206949	0.412468259726915	NA	0.814212040118502	NA	0.822835706072192	0.405872236771378	0.117381211641976	NA	0.860172182901065	0.542915023208446	0.847135688573899	0.79283512871243
cg08158805	NA	NA	NA	NA	NA	NA	NA	NA	NA	NA	NA	NA	NA	NA	NA	NA	NA	NA	NA	NA	NA	NA	NA	NA	NA	NA	NA	NA	NA	NA	NA	NA	NA	NA	NA	NA	NA	NA	NA	NA	NA	NA	NA	NA	NA	NA	NA	NA	NA	NA	NA	NA	NA	NA	NA	NA	NA	NA	NA	NA	NA	NA	NA	NA	NA	NA	NA	NA	NA	NA	NA	NA	NA	NA	NA	NA	NA	NA	NA	NA	NA	NA	NA	NA	NA	NA	NA	NA	NA	NA	NA	NA	NA	NA	NA	NA	NA	NA	NA
cg08170119	NA	NA	NA	NA	NA	NA	NA	NA	NA	NA	NA	NA	NA	NA	NA	NA	NA	NA	NA	NA	NA	NA	NA	NA	NA	NA	NA	NA	NA	NA	NA	NA	NA	NA	NA	NA	NA	NA	NA	NA	NA	NA	NA	NA	NA	NA	NA	NA	NA	NA	NA	NA	NA	NA	NA	NA	NA	NA	NA	NA	NA	NA	NA	NA	NA	NA	NA	NA	NA	NA	NA	NA	NA	NA	NA	NA	NA	NA	NA	NA	NA	NA	NA	NA	NA	NA	NA	NA	NA	NA	NA	NA	NA	NA	NA	NA	NA	NA	NA
cg08177743	0.881842365022039	0.897970295149996	0.87508329482299	0.879794545114632	0.891629783981335	0.67508922624451	0.890402382209245	0.912428549334157	0.872680979894875	0.909244971372695	0.884046571133781	0.913440105537156	0.90223062448547	0.673489640879939	0.827763596269907	0.932427980657897	0.941866514062913	0.911553341862758	0.909406283269976	0.896259753305852	0.867043221853804	0.821305972778776	0.961422125817129	0.865827543905719	0.76449791513683	0.927194929919684	0.885564776127493	0.903558290951776	0.90917140091577	0.91980275268103	0.916109752054084	0.846638015696679	0.880360777643919	0.899170815210441	0.735501348455179	0.938805745848702	0.95785313135738	0.904945431735547	0.94449089899236	0.893623021566283	0.928229901658186	0.932034822630383	0.853809827153762	0.942092817072509	0.895816857268665	0.818342607890021	0.901420048983078	0.94352654853895	0.887032625761764	0.880403187722264	0.850287364561518	0.910181004884237	0.935515885052839	0.79737147240682	0.848624664253913	0.882984071686908	0.870450064288226	0.876831019804932	0.829934898905303	0.908917955740772	0.775812204437455	0.871431852967483	0.878193279853304	0.901512256882135	0.905254700523956	0.77761306002884	0.888141162086245	0.843566003906233	0.874491413504841	0.848391841827901	0.850234300445632	0.835279459622494	0.878068975333802	0.871595390082859	0.934872667312715	0.860187987155651	0.882033637538392	0.89268031911302	0.79235699016505	0.794407181991078	0.837801102180045	0.916397173182628	0.854817151435465	0.857677762764951	0.820774810646523	0.946962624691931	0.891588008891021	0.858194124453096	0.89576242742079	0.87306243617249	0.869460439205418	0.902699502935604	0.903595008737286	0.953341126596524	0.866998924786988	0.655328430436792	0.910459534794864	0.816289511433947	0.913426606745295
cg08222555	NA	NA	NA	NA	NA	NA	NA	NA	NA	NA	NA	NA	NA	NA	NA	NA	NA	NA	NA	NA	NA	NA	NA	NA	NA	NA	NA	NA	NA	NA	NA	NA	NA	NA	NA	NA	NA	NA	NA	NA	NA	NA	NA	NA	NA	NA	NA	NA	NA	NA	NA	NA	NA	NA	NA	NA	NA	NA	NA	NA	NA	NA	NA	NA	NA	NA	NA	NA	NA	NA	NA	NA	NA	NA	NA	NA	NA	NA	NA	NA	NA	NA	NA	NA	NA	NA	NA	NA	NA	NA	NA	NA	NA	NA	NA	NA	NA	NA	NA
cg08237400	NA	NA	NA	NA	NA	NA	NA	NA	NA	NA	NA	NA	NA	NA	NA	NA	NA	NA	NA	NA	NA	NA	NA	NA	NA	NA	NA	NA	NA	NA	NA	NA	NA	NA	NA	NA	NA	NA	NA	NA	NA	NA	NA	NA	NA	NA	NA	NA	NA	NA	NA	NA	NA	NA	NA	NA	NA	NA	NA	NA	NA	NA	NA	NA	NA	NA	NA	NA	NA	NA	NA	NA	NA	NA	NA	NA	NA	NA	NA	NA	NA	NA	NA	NA	NA	NA	NA	NA	NA	NA	NA	NA	NA	NA	NA	NA	NA	NA	NA
cg08254315	NA	NA	NA	NA	NA	NA	NA	NA	NA	NA	NA	NA	NA	NA	NA	NA	NA	NA	NA	NA	NA	NA	NA	NA	NA	NA	NA	NA	NA	NA	NA	NA	NA	NA	NA	NA	NA	NA	NA	NA	NA	NA	NA	NA	NA	NA	NA	NA	NA	NA	NA	NA	NA	NA	NA	NA	NA	NA	NA	NA	NA	NA	NA	NA	NA	NA	NA	NA	NA	NA	NA	NA	NA	NA	NA	NA	NA	NA	NA	NA	NA	NA	NA	NA	NA	NA	NA	NA	NA	NA	NA	NA	NA	NA	NA	NA	NA	NA	NA
cg08278002	0.554423528812355	0.490456437211452	0.23021414454516	0.335826103122491	0.403936416150792	0.376757149283335	0.386645120952007	0.119359671181558	0.394566619510444	0.145489186062603	0.236556072077311	0.759165981881787	0.534023773111736	0.149302821474129	0.41451287037571	0.195095516227487	0.207172622613583	0.321990281500478	0.335109200116627	0.2559656870574	0.446220413107315	0.44898886070149	0.0722344780110632	0.510647576018175	0.187864481988615	0.324489044604882	0.186473356661971	0.271901639512192	0.281098153247323	0.327733552362535	0.18012256416472	0.423413696056286	0.166311727428961	0.338657444751995	0.284929894651661	0.0434939423471409	0.260732593370841	0.176762954883651	0.421779306646326	0.260632507971636	0.22179042280615	0.150469445202424	0.459760380415836	0.123122175902856	0.164640884851549	0.23921204307176	0.199550780931692	0.421818723312466	0.273882738625111	0.279487931098414	0.244702895395632	0.309699438712041	0.100674330849886	0.578593465809278	0.387485338420577	0.307855381772858	0.108427811060453	0.213359877192677	0.184093182210814	0.42384366334128	0.379763510631152	0.0950014490768448	0.356224275205855	0.260230866681163	0.244241535126208	0.59883694252787	0.170830347791617	0.404127457373875	0.124459556331835	0.365179877829544	0.286738829538577	0.477130162072079	0.313006629050846	0.222986174263251	0.465675231166163	0.230688006062545	0.570066259721361	0.126423726479764	0.272661622526137	0.393126122720865	0.164306768845084	0.237144787199946	0.172488049833752	0.446161998557374	0.291372782534139	0.144595762897846	0.238297332789486	0.194092770034913	0.167091657346742	0.34224902293243	0.196415766696051	0.376302358898709	0.280290425405803	0.357276343004954	0.358827148218745	0.295213940542379	0.315409721804524	0.332272772859236	0.447517412338961
cg08338237	NA	NA	NA	NA	NA	NA	NA	NA	NA	NA	NA	NA	NA	NA	NA	NA	NA	NA	NA	NA	NA	NA	NA	NA	NA	NA	NA	NA	NA	NA	NA	NA	NA	NA	NA	NA	NA	NA	NA	NA	NA	NA	NA	NA	NA	NA	NA	NA	NA	NA	NA	NA	NA	NA	NA	NA	NA	NA	NA	NA	NA	NA	NA	NA	NA	NA	NA	NA	NA	NA	NA	NA	NA	NA	NA	NA	NA	NA	NA	NA	NA	NA	NA	NA	NA	NA	NA	NA	NA	NA	NA	NA	NA	NA	NA	NA	NA	NA	NA
cg08356248	NA	NA	NA	NA	NA	NA	NA	NA	NA	NA	NA	NA	NA	NA	NA	NA	NA	NA	NA	NA	NA	NA	NA	NA	NA	NA	NA	NA	NA	NA	NA	NA	NA	NA	NA	NA	NA	NA	NA	NA	NA	NA	NA	NA	NA	NA	NA	NA	NA	NA	NA	NA	NA	NA	NA	NA	NA	NA	NA	NA	NA	NA	NA	NA	NA	NA	NA	NA	NA	NA	NA	NA	NA	NA	NA	NA	NA	NA	NA	NA	NA	NA	NA	NA	NA	NA	NA	NA	NA	NA	NA	NA	NA	NA	NA	NA	NA	NA	NA
cg08371086	NA	NA	NA	NA	NA	NA	NA	NA	NA	NA	NA	NA	NA	NA	NA	NA	NA	NA	NA	NA	NA	NA	NA	NA	NA	NA	NA	NA	NA	NA	NA	NA	NA	NA	NA	NA	NA	NA	NA	NA	NA	NA	NA	NA	NA	NA	NA	NA	NA	NA	NA	NA	NA	NA	NA	NA	NA	NA	NA	NA	NA	NA	NA	NA	NA	NA	NA	NA	NA	NA	NA	NA	NA	NA	NA	NA	NA	NA	NA	NA	NA	NA	NA	NA	NA	NA	NA	NA	NA	NA	NA	NA	NA	NA	NA	NA	NA	NA	NA
cg08373323	0.938139255401444	0.949793280652761	0.941590005241694	0.92627167277568	0.946430133693122	0.829306796425715	0.885677554955888	0.915165098860899	0.954269154732332	0.851951904981867	0.929141891415774	0.954375384389903	0.93493135461803	0.931323252497714	0.706034965451049	0.914197530831659	0.941473140508111	0.83875098470645	0.931268420349107	0.876574259139811	0.901364410084441	0.940813504397191	0.698208784200602	0.939925621136362	0.952369597467395	0.94780170297641	0.954280312515163	0.950632487980638	0.956845182587329	0.917587358499516	0.95829265276331	0.891858264573459	0.703423286945584	0.945894691172613	0.93010612112145	0.925097231031371	0.95152509511393	0.770835131427171	0.952020683139421	0.911819826359535	0.865469394033523	0.740994829196369	0.939018998337161	0.941856583661688	0.934239350916251	0.95060242143174	0.897197549551547	0.90908158221506	0.967463268050705	0.934026831342129	0.935497005198031	0.943941339937745	0.901260302972197	0.897508643970975	0.932663123092458	0.943154430508972	0.956029990663838	0.8847374637695	0.940045888268884	0.731744186102949	0.875052591682917	0.864611139652491	0.885823792641493	0.954079561344909	0.941181865925058	0.944408915261445	0.851947392502812	0.941699804624155	0.583222832826604	0.941436660495061	0.937960311970158	0.958784521203321	0.949775916382122	0.914821399171346	0.923810162024216	0.934702379198755	0.95269565169217	0.89649689426105	0.929126894578926	0.887331213236107	0.950116970738517	0.883349172120253	0.689973531442799	0.888253215395761	0.942604854976034	0.921458880888497	0.940412753374756	0.935080564941664	0.951555161990642	0.94069011645133	0.92996915191757	0.936619543352974	0.925263790690146	0.916100692258446	0.79564792331689	0.896002329227429	0.943697981461951	0.913879748135578	0.952823452783707
cg08454110	NA	NA	NA	NA	NA	NA	NA	NA	NA	NA	NA	NA	NA	NA	NA	NA	NA	NA	NA	NA	NA	NA	NA	NA	NA	NA	NA	NA	NA	NA	NA	NA	NA	NA	NA	NA	NA	NA	NA	NA	NA	NA	NA	NA	NA	NA	NA	NA	NA	NA	NA	NA	NA	NA	NA	NA	NA	NA	NA	NA	NA	NA	NA	NA	NA	NA	NA	NA	NA	NA	NA	NA	NA	NA	NA	NA	NA	NA	NA	NA	NA	NA	NA	NA	NA	NA	NA	NA	NA	NA	NA	NA	NA	NA	NA	NA	NA	NA	NA
cg08458655	NA	NA	NA	NA	NA	NA	NA	NA	NA	NA	NA	NA	NA	NA	NA	NA	NA	NA	NA	NA	NA	NA	NA	NA	NA	NA	NA	NA	NA	NA	NA	NA	NA	NA	NA	NA	NA	NA	NA	NA	NA	NA	NA	NA	NA	NA	NA	NA	NA	NA	NA	NA	NA	NA	NA	NA	NA	NA	NA	NA	NA	NA	NA	NA	NA	NA	NA	NA	NA	NA	NA	NA	NA	NA	NA	NA	NA	NA	NA	NA	NA	NA	NA	NA	NA	NA	NA	NA	NA	NA	NA	NA	NA	NA	NA	NA	NA	NA	NA
cg08488494	NA	NA	NA	NA	NA	NA	NA	NA	NA	NA	NA	NA	NA	NA	NA	NA	NA	NA	NA	NA	NA	NA	NA	NA	NA	NA	NA	NA	NA	NA	NA	NA	NA	NA	NA	NA	NA	NA	NA	NA	NA	NA	NA	NA	NA	NA	NA	NA	NA	NA	NA	NA	NA	NA	NA	NA	NA	NA	NA	NA	NA	NA	NA	NA	NA	NA	NA	NA	NA	NA	NA	NA	NA	NA	NA	NA	NA	NA	NA	NA	NA	NA	NA	NA	NA	NA	NA	NA	NA	NA	NA	NA	NA	NA	NA	NA	NA	NA	NA
cg08509032	NA	NA	NA	NA	NA	NA	NA	NA	NA	NA	NA	NA	NA	NA	NA	NA	NA	NA	NA	NA	NA	NA	NA	NA	NA	NA	NA	NA	NA	NA	NA	NA	NA	NA	NA	NA	NA	NA	NA	NA	NA	NA	NA	NA	NA	NA	NA	NA	NA	NA	NA	NA	NA	NA	NA	NA	NA	NA	NA	NA	NA	NA	NA	NA	NA	NA	NA	NA	NA	NA	NA	NA	NA	NA	NA	NA	NA	NA	NA	NA	NA	NA	NA	NA	NA	NA	NA	NA	NA	NA	NA	NA	NA	NA	NA	NA	NA	NA	NA
cg08547427	NA	NA	NA	NA	NA	NA	NA	NA	NA	NA	NA	NA	NA	NA	NA	NA	NA	NA	NA	NA	NA	NA	NA	NA	NA	NA	NA	NA	NA	NA	NA	NA	NA	NA	NA	NA	NA	NA	NA	NA	NA	NA	NA	NA	NA	NA	NA	NA	NA	NA	NA	NA	NA	NA	NA	NA	NA	NA	NA	NA	NA	NA	NA	NA	NA	NA	NA	NA	NA	NA	NA	NA	NA	NA	NA	NA	NA	NA	NA	NA	NA	NA	NA	NA	NA	NA	NA	NA	NA	NA	NA	NA	NA	NA	NA	NA	NA	NA	NA
cg08593037	NA	NA	NA	NA	NA	NA	NA	NA	NA	NA	NA	NA	NA	NA	NA	NA	NA	NA	NA	NA	NA	NA	NA	NA	NA	NA	NA	NA	NA	NA	NA	NA	NA	NA	NA	NA	NA	NA	NA	NA	NA	NA	NA	NA	NA	NA	NA	NA	NA	NA	NA	NA	NA	NA	NA	NA	NA	NA	NA	NA	NA	NA	NA	NA	NA	NA	NA	NA	NA	NA	NA	NA	NA	NA	NA	NA	NA	NA	NA	NA	NA	NA	NA	NA	NA	NA	NA	NA	NA	NA	NA	NA	NA	NA	NA	NA	NA	NA	NA
cg08596858	NA	NA	NA	NA	NA	NA	NA	NA	NA	NA	NA	NA	NA	NA	NA	NA	NA	NA	NA	NA	NA	NA	NA	NA	NA	NA	NA	NA	NA	NA	NA	NA	NA	NA	NA	NA	NA	NA	NA	NA	NA	NA	NA	NA	NA	NA	NA	NA	NA	NA	NA	NA	NA	NA	NA	NA	NA	NA	NA	NA	NA	NA	NA	NA	NA	NA	NA	NA	NA	NA	NA	NA	NA	NA	NA	NA	NA	NA	NA	NA	NA	NA	NA	NA	NA	NA	NA	NA	NA	NA	NA	NA	NA	NA	NA	NA	NA	NA	NA
cg08670672	0.93387127603561	0.936963964065535	0.958812929397264	0.917412576427431	0.927816033599498	0.946121227518587	0.914023779822598	0.809361950759559	0.941884106898414	0.924821633740507	0.953071338476389	0.958996415951601	0.947446537170138	0.383883154280934	0.949362299500605	0.927522503945568	0.930930338828726	0.946040206087486	0.953342575478238	0.875355611116829	0.870759957985888	0.926751700779503	0.937882183285325	0.943104171219834	0.461064380715092	0.950153701325236	0.944632605931333	0.96363551433897	0.953261495572325	0.954785761081313	0.927798929427524	0.950603135211611	0.93024870567062	0.936033964144457	0.932007467990029	0.846000122638605	0.889048879511694	0.926855774716307	0.951623689576846	0.932479490346895	0.918417652249929	0.952033708434133	0.913478112497656	0.948575589826408	0.91998526980132	0.941828247267298	0.929125320978026	0.800224580298112	0.714251697860817	0.94944422927911	0.922079135663945	0.952357426264522	0.884047484183384	0.914874550276133	0.939183669757716	0.899905417708666	0.952709629700099	0.952425256757173	0.940194289625147	0.942155321078315	0.946352907127681	0.833984261680723	0.93775797571138	0.926910894319471	0.933239886948896	0.929426084258354	0.940020978446843	0.949932507736243	0.9353390231182	0.938732228910442	0.917022879427086	0.946318665177098	0.956466222048011	0.835862974612324	0.942912093344466	0.928605614757074	0.957761479997493	0.95009779765625	0.941470749035353	0.893337004353429	0.958754023371065	0.931892799040886	0.353714861656592	0.922956742380809	0.951221665653387	0.784012880287611	0.958115286983309	0.944669037510333	0.947543676534226	0.938966568185971	0.846417191457831	0.927708338891264	0.935586832065286	0.940689564957282	0.937780472816625	0.933127352622936	0.906432331992236	0.937640689877931	0.943620959514235
cg08694858	NA	NA	NA	NA	NA	NA	NA	NA	NA	NA	NA	NA	NA	NA	NA	NA	NA	NA	NA	NA	NA	NA	NA	NA	NA	NA	NA	NA	NA	NA	NA	NA	NA	NA	NA	NA	NA	NA	NA	NA	NA	NA	NA	NA	NA	NA	NA	NA	NA	NA	NA	NA	NA	NA	NA	NA	NA	NA	NA	NA	NA	NA	NA	NA	NA	NA	NA	NA	NA	NA	NA	NA	NA	NA	NA	NA	NA	NA	NA	NA	NA	NA	NA	NA	NA	NA	NA	NA	NA	NA	NA	NA	NA	NA	NA	NA	NA	NA	NA
cg08714076	0.460004643105457	0.758970058832282	0.672499994053756	0.576791069423099	0.812974099920372	0.492988420308355	0.850142906891223	0.19650061718774	0.359755429390985	0.285860065749041	0.479366502854892	0.857472448497384	0.860465342813519	0.216684029442476	0.696836026537236	0.501692628498218	0.726719974430175	0.51041908746714	0.512340928750197	0.36886629397074	0.508138204626729	0.435313485727493	0.415878156505271	0.538226315022458	0.282746250369561	0.698668673018933	0.620791301837078	0.267303708109127	0.750370360016003	0.361324985098032	0.409875616112846	0.583445898267288	0.63690459933653	0.732322294451985	0.924916907850562	0.585441357533165	0.526849768247332	0.3832929382019	0.866777452380224	0.820039522991422	0.3665727363732	0.831761185598246	0.599386300694819	0.847586721920487	0.541274302377724	0.840512747101819	0.886341081095775	0.460610765071109	0.591024812273501	0.860713364201574	0.408631130358335	0.624753201169282	0.401060289074215	0.709107801157904	0.817178043896147	0.394854503941481	0.592176130475525	0.383697628035174	0.396859910651593	0.693763444389024	0.429960868636712	0.211203035838785	0.602074483128111	0.450636113993112	0.888675751792929	0.728186130409158	0.432038749582602	0.558317101150278	0.648070012382568	0.566819419732632	0.442085017379894	0.402053979925642	0.861958424808918	0.464572511402717	0.878764724006598	0.839846287837965	0.725220875823947	0.362158960130491	0.45656208535329	0.489584181084331	0.268316935963105	0.371294697986789	0.203721715228664	0.691730136885326	0.643812768844263	0.379457526473104	0.293067792634946	0.56337138913423	0.35677814662161	0.507975414462471	0.900084217442426	0.727287904697737	0.382264821862205	0.131663942239282	0.433445285583792	0.660819934519534	0.473333305787835	0.458163074154818	0.798680355947786
cg08773876	NA	NA	NA	NA	NA	NA	NA	NA	NA	NA	NA	NA	NA	NA	NA	NA	NA	NA	NA	NA	NA	NA	NA	NA	NA	NA	NA	NA	NA	NA	NA	NA	NA	NA	NA	NA	NA	NA	NA	NA	NA	NA	NA	NA	NA	NA	NA	NA	NA	NA	NA	NA	NA	NA	NA	NA	NA	NA	NA	NA	NA	NA	NA	NA	NA	NA	NA	NA	NA	NA	NA	NA	NA	NA	NA	NA	NA	NA	NA	NA	NA	NA	NA	NA	NA	NA	NA	NA	NA	NA	NA	NA	NA	NA	NA	NA	NA	NA	NA
cg08786064	NA	NA	NA	NA	NA	NA	NA	NA	NA	NA	NA	NA	NA	NA	NA	NA	NA	NA	NA	NA	NA	NA	NA	NA	NA	NA	NA	NA	NA	NA	NA	NA	NA	NA	NA	NA	NA	NA	NA	NA	NA	NA	NA	NA	NA	NA	NA	NA	NA	NA	NA	NA	NA	NA	NA	NA	NA	NA	NA	NA	NA	NA	NA	NA	NA	NA	NA	NA	NA	NA	NA	NA	NA	NA	NA	NA	NA	NA	NA	NA	NA	NA	NA	NA	NA	NA	NA	NA	NA	NA	NA	NA	NA	NA	NA	NA	NA	NA	NA
cg08789741	NA	NA	NA	NA	NA	NA	NA	NA	NA	NA	NA	NA	NA	NA	NA	NA	NA	NA	NA	NA	NA	NA	NA	NA	NA	NA	NA	NA	NA	NA	NA	NA	NA	NA	NA	NA	NA	NA	NA	NA	NA	NA	NA	NA	NA	NA	NA	NA	NA	NA	NA	NA	NA	NA	NA	NA	NA	NA	NA	NA	NA	NA	NA	NA	NA	NA	NA	NA	NA	NA	NA	NA	NA	NA	NA	NA	NA	NA	NA	NA	NA	NA	NA	NA	NA	NA	NA	NA	NA	NA	NA	NA	NA	NA	NA	NA	NA	NA	NA
cg08796647	NA	NA	NA	NA	NA	NA	NA	NA	NA	NA	NA	NA	NA	NA	NA	NA	NA	NA	NA	NA	NA	NA	NA	NA	NA	NA	NA	NA	NA	NA	NA	NA	NA	NA	NA	NA	NA	NA	NA	NA	NA	NA	NA	NA	NA	NA	NA	NA	NA	NA	NA	NA	NA	NA	NA	NA	NA	NA	NA	NA	NA	NA	NA	NA	NA	NA	NA	NA	NA	NA	NA	NA	NA	NA	NA	NA	NA	NA	NA	NA	NA	NA	NA	NA	NA	NA	NA	NA	NA	NA	NA	NA	NA	NA	NA	NA	NA	NA	NA
cg08804555	NA	NA	NA	NA	NA	NA	NA	NA	NA	NA	NA	NA	NA	NA	NA	NA	NA	NA	NA	NA	NA	NA	NA	NA	NA	NA	NA	NA	NA	NA	NA	NA	NA	NA	NA	NA	NA	NA	NA	NA	NA	NA	NA	NA	NA	NA	NA	NA	NA	NA	NA	NA	NA	NA	NA	NA	NA	NA	NA	NA	NA	NA	NA	NA	NA	NA	NA	NA	NA	NA	NA	NA	NA	NA	NA	NA	NA	NA	NA	NA	NA	NA	NA	NA	NA	NA	NA	NA	NA	NA	NA	NA	NA	NA	NA	NA	NA	NA	NA
cg08829007	0.527331636790888	0.395438208940737	0.246802934376609	0.377922627204338	0.716788915156078	0.21944775468149	0.298864614955123	0.0713235009589863	0.247504056255811	0.281817125222677	0.281740496938555	0.296981510049929	0.493531042246918	0.0962740856174945	0.624202480979426	0.118612956196916	0.870311955553426	0.387261636270874	0.345684709776886	0.167187372097706	0.356816855898027	0.325711015023124	0.129422399680707	0.175908161915729	0.185194725664753	0.222511748011748	0.627128403906953	0.355314591414611	0.290047996536484	0.52872819297375	0.167473427407679	0.324989446950947	0.685415979731137	0.756543708503868	0.138397284040453	0.211441489098089	0.0931360862772168	0.437803245550388	0.31840444562951	0.175592951039003	0.131554997248809	0.551681524237018	0.347171938596339	0.175067899256537	0.124993152574749	0.260290034524981	0.160912382763569	0.398686501235989	0.125606668975231	0.200744490141134	0.201754842101222	0.742970704987476	0.125783834923463	0.42480409736247	0.412713553539325	0.210944183152578	0.11595909488571	0.134110151286931	0.283735943424752	0.273410344257905	0.310503245341817	0.112975139358659	0.310963614336593	0.461758663778306	0.357869429138425	0.273194652025844	0.175915834680374	0.369375350110852	0.601960032015829	0.354143038357355	0.185079436563374	0.318320211668881	0.368816564600216	0.293909076001003	0.706555157406193	0.167599582038985	0.22647786184334	0.472671406279318	0.402935482892459	0.348853552091416	0.121425187981641	0.40796805766696	0.0870127503658527	0.323247558348051	0.213595001707013	0.153265300351384	0.117349887024209	0.399117334956853	0.174130822179034	0.299023636164128	0.343591594019026	0.47498835353834	0.590680505244937	0.107898707182347	0.165147531246614	0.15760088657407	0.752564499674682	0.453998868034171	0.522623307795065
cg08849542	NA	NA	NA	NA	NA	NA	NA	NA	NA	NA	NA	NA	NA	NA	NA	NA	NA	NA	NA	NA	NA	NA	NA	NA	NA	NA	NA	NA	NA	NA	NA	NA	NA	NA	NA	NA	NA	NA	NA	NA	NA	NA	NA	NA	NA	NA	NA	NA	NA	NA	NA	NA	NA	NA	NA	NA	NA	NA	NA	NA	NA	NA	NA	NA	NA	NA	NA	NA	NA	NA	NA	NA	NA	NA	NA	NA	NA	NA	NA	NA	NA	NA	NA	NA	NA	NA	NA	NA	NA	NA	NA	NA	NA	NA	NA	NA	NA	NA	NA
cg08852035	0.922079920598515	0.924054123799553	0.934052922711846	0.808733098718272	0.900435964148356	0.927647648586453	0.865436165667604	0.925524050062468	0.812181644912679	0.924823566888114	0.936956741452672	0.942180528273668	0.936201754632314	0.935709981159452	0.908520371912266	0.772826024402005	0.933454060836066	0.923742640752603	0.681219995697559	0.901728562651423	0.903079421508655	0.894515121317782	0.691598149156788	0.901731095234695	0.615139659972963	0.935889088660837	0.862980475697508	0.94834938956157	0.77441958001511	0.94332039698789	0.885391861568964	0.710962064366822	0.915753381818489	0.934861270337684	0.909823579028899	0.912483888538032	0.930695854493165	0.930197961877586	0.94011653380798	0.744282085301883	0.926977302736712	0.932283190719531	0.943552344298845	0.951590193011167	0.928088254441986	0.826013437823942	0.839317640001086	0.915274637925322	0.953789181085553	0.905989849486385	0.910843771404193	0.939700082605252	0.909523772277036	0.90929635065778	0.924995737934903	0.914449869788127	0.924839437619255	0.9350833110235	0.922081170909875	0.909302313826845	0.835392880239769	0.926860105804409	0.86745158226086	0.886715981021474	0.925751661065161	0.910395587552147	0.551206111710788	0.910986294806074	0.902166811315211	0.875061956437727	0.898228191341262	0.923797650537573	0.924127461468314	0.9280211015565	0.941840249967815	0.890317044762235	0.827029208098968	0.844964332893231	0.91026611587198	NA	0.934685201823229	0.939417856523029	0.304107245969769	0.896417000429461	0.922593639009146	0.238011264083424	0.909740484060223	0.91102447398129	0.932230950004414	0.891470732577028	0.799191971924214	0.848758813570368	0.87795753804016	0.791038091362034	0.927772442166296	0.932232194937358	0.911976636875648	0.898882795744055	0.793312719992257
cg08859406	NA	NA	NA	NA	NA	NA	NA	NA	NA	NA	NA	NA	NA	NA	NA	NA	NA	NA	NA	NA	NA	NA	NA	NA	NA	NA	NA	NA	NA	NA	NA	NA	NA	NA	NA	NA	NA	NA	NA	NA	NA	NA	NA	NA	NA	NA	NA	NA	NA	NA	NA	NA	NA	NA	NA	NA	NA	NA	NA	NA	NA	NA	NA	NA	NA	NA	NA	NA	NA	NA	NA	NA	NA	NA	NA	NA	NA	NA	NA	NA	NA	NA	NA	NA	NA	NA	NA	NA	NA	NA	NA	NA	NA	NA	NA	NA	NA	NA	NA
cg08877035	0.0325408480761794	0.0390802471339456	0.0763727995707624	0.131484547838257	0.0507588358452639	0.0535300747548108	0.0748978445927887	0.0406818175365497	0.0673768879960729	0.0475669360995995	0.0408193073456626	0.0548966450574211	0.0593186543948478	0.0552374826739877	0.0539420216397509	0.035265860345832	0.0517178644108934	0.0501793816330788	0.0392976220231567	0.0302807586240765	0.0440352332024752	0.0521553408100931	0.0430602084144673	0.0413137817201162	0.0335752736317547	0.0756056864100227	0.0547015865828453	0.0497389397806803	0.0551631812415758	0.034255504164229	0.033181179018007	0.0425400548115373	0.0534877047263996	0.0451798678381081	0.0547940439131868	0.0376974158758487	0.0510552900064128	0.0676867632070976	0.0537473753509885	0.362558201628526	0.0377113678686449	0.0378843974827993	0.0499589345192607	0.050849713919796	0.0367255866295177	0.0434779391854266	0.0500205723147479	0.0328874960288544	0.0530091902597092	0.0442888584411351	0.0558514741272624	0.0403178148930305	0.0427352613333987	0.106201984283918	0.302217314676865	0.0460884473584234	0.0545630056515003	0.0485710829155683	0.0511764273421417	0.185402896684214	0.0454959273508247	0.0276987943710547	0.0582375181046095	0.0456602114835774	0.0541225078562178	0.0515350291425683	0.0425364597717882	0.0579607575973288	0.0467505403418875	0.063834990592841	0.0367643529964429	0.0408772137122452	0.0376063391043117	0.0547014328429642	0.0911249290775254	0.0366747125226033	0.0455022577475913	0.0367225425004899	0.0479089104724277	0.057003163548088	0.0425819197154927	0.0597439192671451	0.0331772690970967	0.0723428951386062	0.0449102357006565	0.0445844959108001	0.0400367142870584	0.0575970270336704	0.0774245017094739	0.0463856646159876	0.0408786474887831	0.0480977822356143	0.0366189016402666	0.0338237866269437	0.0727625309633443	0.0493123604966781	0.0512369286094562	0.0514683956527383	0.0575621350059579
cg08885316	NA	NA	NA	NA	NA	NA	NA	NA	NA	NA	NA	NA	NA	NA	NA	NA	NA	NA	NA	NA	NA	NA	NA	NA	NA	NA	NA	NA	NA	NA	NA	NA	NA	NA	NA	NA	NA	NA	NA	NA	NA	NA	NA	NA	NA	NA	NA	NA	NA	NA	NA	NA	NA	NA	NA	NA	NA	NA	NA	NA	NA	NA	NA	NA	NA	NA	NA	NA	NA	NA	NA	NA	NA	NA	NA	NA	NA	NA	NA	NA	NA	NA	NA	NA	NA	NA	NA	NA	NA	NA	NA	NA	NA	NA	NA	NA	NA	NA	NA
cg08897010	NA	NA	NA	NA	NA	NA	NA	NA	NA	NA	NA	NA	NA	NA	NA	NA	NA	NA	NA	NA	NA	NA	NA	NA	NA	NA	NA	NA	NA	NA	NA	NA	NA	NA	NA	NA	NA	NA	NA	NA	NA	NA	NA	NA	NA	NA	NA	NA	NA	NA	NA	NA	NA	NA	NA	NA	NA	NA	NA	NA	NA	NA	NA	NA	NA	NA	NA	NA	NA	NA	NA	NA	NA	NA	NA	NA	NA	NA	NA	NA	NA	NA	NA	NA	NA	NA	NA	NA	NA	NA	NA	NA	NA	NA	NA	NA	NA	NA	NA
cg08900656	NA	NA	NA	NA	NA	NA	NA	NA	NA	NA	NA	NA	NA	NA	NA	NA	NA	NA	NA	NA	NA	NA	NA	NA	NA	NA	NA	NA	NA	NA	NA	NA	NA	NA	NA	NA	NA	NA	NA	NA	NA	NA	NA	NA	NA	NA	NA	NA	NA	NA	NA	NA	NA	NA	NA	NA	NA	NA	NA	NA	NA	NA	NA	NA	NA	NA	NA	NA	NA	NA	NA	NA	NA	NA	NA	NA	NA	NA	NA	NA	NA	NA	NA	NA	NA	NA	NA	NA	NA	NA	NA	NA	NA	NA	NA	NA	NA	NA	NA
cg08919528	NA	NA	NA	NA	NA	NA	NA	NA	NA	NA	NA	NA	NA	NA	NA	NA	NA	NA	NA	NA	NA	NA	NA	NA	NA	NA	NA	NA	NA	NA	NA	NA	NA	NA	NA	NA	NA	NA	NA	NA	NA	NA	NA	NA	NA	NA	NA	NA	NA	NA	NA	NA	NA	NA	NA	NA	NA	NA	NA	NA	NA	NA	NA	NA	NA	NA	NA	NA	NA	NA	NA	NA	NA	NA	NA	NA	NA	NA	NA	NA	NA	NA	NA	NA	NA	NA	NA	NA	NA	NA	NA	NA	NA	NA	NA	NA	NA	NA	NA
cg08941098	0.714812305442884	0.859814931577946	0.531658155305744	0.458922452181407	NA	NA	0.861768891681955	0.140128665414407	0.24001502546188	NA	0.37218297750968	0.881656261947719	0.781399319663521	0.141374109708843	0.866375159189188	NA	0.830825431026802	0.371902984325321	0.841774479980639	0.649457111975052	0.670745707850805	0.448189422569493	0.221922841856395	0.436586842042634	0.205620077783645	0.301777689726852	0.443966993457369	0.373815809908695	0.382558189885495	0.353625217799277	0.298912004961974	0.628145616197402	0.793423100435843	0.599281453380358	NA	NA	0.299382851740639	NA	0.892303604749928	0.262468263941229	0.858685036180584	0.879648628556063	NA	NA	0.249745295331764	NA	0.204502269062147	NA	0.216813363533582	0.77650240963794	0.386631775099029	0.891422238646067	0.853448579752898	0.769828576495885	NA	0.376055940998655	0.127036584793724	0.438901367096249	0.676311141618946	NA	0.370373519097261	0.118926658021004	0.544839591352982	0.74987768248733	0.267819871721466	0.78666141744127	0.636091430505736	0.818617657991094	0.673452294544243	0.308777055274159	0.460435526700526	0.561018943849181	0.698685783339451	0.225171092651038	0.910685657554035	0.87609516689948	0.216027340084094	0.09160816249289	0.573803457270342	0.59857010660465	0.809587631302826	0.737711790031776	0.226031145520756	NA	0.65373805964265	NA	0.775446011974101	0.322227426519178	0.238283897080626	0.837219621661926	0.902402612611434	0.526505291534482	0.555998379120468	0.153157676544973	NA	0.534504570125695	NA	NA	0.88966156478888
cg08979870	0.45380327116727	0.599512830016816	0.368870759302587	0.587051354331587	0.575399330380167	0.403630308269718	0.626671688663371	0.105364413768004	0.308702245283042	0.151824457764607	0.221552116572309	0.67195631155724	0.630774136925212	0.0981119702639445	0.679262651640195	0.170696244640755	0.525711405307095	0.321954494748555	0.547692959911779	0.125584836541208	0.474948948965108	0.350851976694276	0.0921498992221804	0.253635865540305	0.239628235798006	0.469894406507415	0.427220901171244	0.180961681900683	0.33171642364491	0.118837344677395	0.126804201114036	0.505177194111867	0.282329747241547	0.58104392873477	0.215579169903143	0.212242569109797	0.0867855409745772	0.137823140697647	0.874502429081345	0.260086441565018	0.272701900446759	0.418625805421106	0.460794747914918	0.568121325776207	0.181290866259263	0.281879188342347	0.550681608906951	0.335930846797854	0.236814232436984	0.900007461033749	0.2115607686896	0.571508148315472	0.0570946028871332	0.595960766685598	0.865306924490944	0.230939841294094	0.535629347902828	0.270816351864004	0.721380356679573	0.668471891150966	0.255438605677857	0.106155228753692	0.349325218660733	0.187950090038771	0.945315908897705	0.833921957370041	0.358414991115604	0.402622173858906	0.145703642145077	0.509338450714272	0.247503624660749	0.450439164473906	0.567951898427352	0.233152253935301	0.435762340310332	0.349808296223252	0.587558245160707	0.141567459178547	0.2559263672107	0.42173950349265	0.274725825121131	0.487890352269976	0.143105185851846	0.2559100473385	0.315745858742628	0.20026537009906	0.76694981314032	0.663924375652942	0.158273966622003	0.852703442720242	0.843289077385815	0.412679843055474	0.228028306232537	0.0552255760708593	0.335180340379449	0.321288956585187	0.404128310009383	0.262049213654489	0.796829527885905
cg08982952	NA	NA	NA	NA	NA	NA	NA	NA	NA	NA	NA	NA	NA	NA	NA	NA	NA	NA	NA	NA	NA	NA	NA	NA	NA	NA	NA	NA	NA	NA	NA	NA	NA	NA	NA	NA	NA	NA	NA	NA	NA	NA	NA	NA	NA	NA	NA	NA	NA	NA	NA	NA	NA	NA	NA	NA	NA	NA	NA	NA	NA	NA	NA	NA	NA	NA	NA	NA	NA	NA	NA	NA	NA	NA	NA	NA	NA	NA	NA	NA	NA	NA	NA	NA	NA	NA	NA	NA	NA	NA	NA	NA	NA	NA	NA	NA	NA	NA	NA
cg08996709	NA	NA	NA	NA	NA	NA	NA	NA	NA	NA	NA	NA	NA	NA	NA	NA	NA	NA	NA	NA	NA	NA	NA	NA	NA	NA	NA	NA	NA	NA	NA	NA	NA	NA	NA	NA	NA	NA	NA	NA	NA	NA	NA	NA	NA	NA	NA	NA	NA	NA	NA	NA	NA	NA	NA	NA	NA	NA	NA	NA	NA	NA	NA	NA	NA	NA	NA	NA	NA	NA	NA	NA	NA	NA	NA	NA	NA	NA	NA	NA	NA	NA	NA	NA	NA	NA	NA	NA	NA	NA	NA	NA	NA	NA	NA	NA	NA	NA	NA
cg09003326	NA	NA	NA	NA	NA	NA	NA	NA	NA	NA	NA	NA	NA	NA	NA	NA	NA	NA	NA	NA	NA	NA	NA	NA	NA	NA	NA	NA	NA	NA	NA	NA	NA	NA	NA	NA	NA	NA	NA	NA	NA	NA	NA	NA	NA	NA	NA	NA	NA	NA	NA	NA	NA	NA	NA	NA	NA	NA	NA	NA	NA	NA	NA	NA	NA	NA	NA	NA	NA	NA	NA	NA	NA	NA	NA	NA	NA	NA	NA	NA	NA	NA	NA	NA	NA	NA	NA	NA	NA	NA	NA	NA	NA	NA	NA	NA	NA	NA	NA
cg09067990	NA	NA	NA	NA	NA	NA	NA	NA	NA	NA	NA	NA	NA	NA	NA	NA	NA	NA	NA	NA	NA	NA	NA	NA	NA	NA	NA	NA	NA	NA	NA	NA	NA	NA	NA	NA	NA	NA	NA	NA	NA	NA	NA	NA	NA	NA	NA	NA	NA	NA	NA	NA	NA	NA	NA	NA	NA	NA	NA	NA	NA	NA	NA	NA	NA	NA	NA	NA	NA	NA	NA	NA	NA	NA	NA	NA	NA	NA	NA	NA	NA	NA	NA	NA	NA	NA	NA	NA	NA	NA	NA	NA	NA	NA	NA	NA	NA	NA	NA
cg09078643	NA	NA	NA	NA	NA	NA	NA	NA	NA	NA	NA	NA	NA	NA	NA	NA	NA	NA	NA	NA	NA	NA	NA	NA	NA	NA	NA	NA	NA	NA	NA	NA	NA	NA	NA	NA	NA	NA	NA	NA	NA	NA	NA	NA	NA	NA	NA	NA	NA	NA	NA	NA	NA	NA	NA	NA	NA	NA	NA	NA	NA	NA	NA	NA	NA	NA	NA	NA	NA	NA	NA	NA	NA	NA	NA	NA	NA	NA	NA	NA	NA	NA	NA	NA	NA	NA	NA	NA	NA	NA	NA	NA	NA	NA	NA	NA	NA	NA	NA
cg09091110	0.936490715183811	0.957008663060697	0.955134928326377	0.945588045877354	0.946764311987657	0.933295761748705	0.942258435334915	0.940463943771443	0.942224176761996	0.9632861199611	0.947832852036267	0.951425224343472	0.923878952541791	0.911314753850562	0.925021345026727	0.941609628694517	0.935660447330647	0.921380282269569	0.951102387695595	0.956398805963555	0.92098245095631	0.941470791514877	0.939207816125519	0.938695509336178	0.936881600615549	0.904632713818545	0.936308380842098	0.951636608791421	0.94178461845653	0.921806160545291	0.907398004226803	0.911324695007938	0.929961032409824	0.933017259238081	0.950367040401476	0.945485397620949	0.95525380393972	0.954457160611755	0.945641559537326	0.95547123770898	0.909274932335558	0.929385986226325	0.926419693314129	0.935090092814315	0.956265054107565	0.937058522844811	0.896316739959826	0.943398277626388	0.953404520032684	0.936816682341172	0.934253020356119	0.915908514356148	0.966567759248768	0.914652604598201	0.935210571293335	0.931713943764043	0.942207021437286	0.945547002913998	0.946101271709167	0.939012383468485	0.933292037194887	0.944598434409485	0.944802981047977	0.958360295923882	0.944196057393735	0.943821734326528	0.953862406909227	0.923267283270062	0.951574596555454	0.939270000842649	0.906709306666542	0.950886496384452	0.958452312141281	0.945636922503348	0.951291765426434	0.919508065036345	0.915308817979403	0.920746643209018	0.927070502436027	0.945907111626577	0.954485206570573	0.952352960402217	0.919666064659547	0.952607947099122	0.929383298074076	0.927309505622697	0.955376431678477	0.943992071879266	0.935949073613478	0.923677957424257	0.968634897094994	0.932612852161992	0.932641381138406	0.950336216052712	0.893673300500313	0.94930770432041	0.941209593294856	0.932278124962625	0.910474144643628
cg09121480	NA	NA	NA	NA	NA	NA	NA	NA	NA	NA	NA	NA	NA	NA	NA	NA	NA	NA	NA	NA	NA	NA	NA	NA	NA	NA	NA	NA	NA	NA	NA	NA	NA	NA	NA	NA	NA	NA	NA	NA	NA	NA	NA	NA	NA	NA	NA	NA	NA	NA	NA	NA	NA	NA	NA	NA	NA	NA	NA	NA	NA	NA	NA	NA	NA	NA	NA	NA	NA	NA	NA	NA	NA	NA	NA	NA	NA	NA	NA	NA	NA	NA	NA	NA	NA	NA	NA	NA	NA	NA	NA	NA	NA	NA	NA	NA	NA	NA	NA
cg09124018	NA	NA	NA	NA	NA	NA	NA	NA	NA	NA	NA	NA	NA	NA	NA	NA	NA	NA	NA	NA	NA	NA	NA	NA	NA	NA	NA	NA	NA	NA	NA	NA	NA	NA	NA	NA	NA	NA	NA	NA	NA	NA	NA	NA	NA	NA	NA	NA	NA	NA	NA	NA	NA	NA	NA	NA	NA	NA	NA	NA	NA	NA	NA	NA	NA	NA	NA	NA	NA	NA	NA	NA	NA	NA	NA	NA	NA	NA	NA	NA	NA	NA	NA	NA	NA	NA	NA	NA	NA	NA	NA	NA	NA	NA	NA	NA	NA	NA	NA
cg09168272	NA	NA	NA	NA	NA	NA	NA	NA	NA	NA	NA	NA	NA	NA	NA	NA	NA	NA	NA	NA	NA	NA	NA	NA	NA	NA	NA	NA	NA	NA	NA	NA	NA	NA	NA	NA	NA	NA	NA	NA	NA	NA	NA	NA	NA	NA	NA	NA	NA	NA	NA	NA	NA	NA	NA	NA	NA	NA	NA	NA	NA	NA	NA	NA	NA	NA	NA	NA	NA	NA	NA	NA	NA	NA	NA	NA	NA	NA	NA	NA	NA	NA	NA	NA	NA	NA	NA	NA	NA	NA	NA	NA	NA	NA	NA	NA	NA	NA	NA
cg09203382	NA	NA	NA	NA	NA	NA	NA	NA	NA	NA	NA	NA	NA	NA	NA	NA	NA	NA	NA	NA	NA	NA	NA	NA	NA	NA	NA	NA	NA	NA	NA	NA	NA	NA	NA	NA	NA	NA	NA	NA	NA	NA	NA	NA	NA	NA	NA	NA	NA	NA	NA	NA	NA	NA	NA	NA	NA	NA	NA	NA	NA	NA	NA	NA	NA	NA	NA	NA	NA	NA	NA	NA	NA	NA	NA	NA	NA	NA	NA	NA	NA	NA	NA	NA	NA	NA	NA	NA	NA	NA	NA	NA	NA	NA	NA	NA	NA	NA	NA
cg09226290	NA	NA	NA	NA	NA	NA	NA	NA	NA	NA	NA	NA	NA	NA	NA	NA	NA	NA	NA	NA	NA	NA	NA	NA	NA	NA	NA	NA	NA	NA	NA	NA	NA	NA	NA	NA	NA	NA	NA	NA	NA	NA	NA	NA	NA	NA	NA	NA	NA	NA	NA	NA	NA	NA	NA	NA	NA	NA	NA	NA	NA	NA	NA	NA	NA	NA	NA	NA	NA	NA	NA	NA	NA	NA	NA	NA	NA	NA	NA	NA	NA	NA	NA	NA	NA	NA	NA	NA	NA	NA	NA	NA	NA	NA	NA	NA	NA	NA	NA
cg09248887	0.874268403503305	0.915044892803493	0.903301242235143	0.630539724403847	0.8158956922513	0.811816476774341	0.878063916419924	0.557727425578903	0.776513357506459	0.466550725297733	0.794765206735862	0.871900746753581	0.82278116344799	0.801971755281556	0.883803812880304	0.93045140418965	0.90406018828264	0.726866900287148	0.795031654391131	0.78002350224759	0.819444061920412	0.738429865412944	0.782087941378721	0.840578163599167	0.747126207246311	0.783089126723807	0.809478246539243	0.370304434392165	0.872476611083276	0.78767545477445	0.8843790122636	0.820616808621604	0.478458216124436	0.844029277377458	0.917418656325349	0.50473494688675	0.66326717083032	0.517251921291985	0.906573580797843	0.79370417239976	0.649542944121419	0.9391724540561	0.478006783902856	0.515499377467067	0.52114042467739	0.719503122286498	0.874986856232846	0.65172645825702	0.883158681302131	0.882730288990515	0.456163425576287	0.89242008237589	0.332997682453938	0.759049974715863	0.796206751709863	0.802123353397439	0.765103858968006	0.845122893094077	0.886623938971928	0.783823633335827	0.88091985875629	0.812361661488613	0.828755243083628	0.641953330929984	0.860071435599504	0.855532235823614	0.437527321463412	0.920174381884495	0.356127562010065	0.855555354410526	0.824537740882849	0.808288727036392	0.893648549107417	0.787859105076014	0.93186945902972	0.913155465163949	0.82846895949874	0.906519184581072	0.861155342228642	0.782253333651633	0.825312975130218	0.4975824081279	0.838633163400336	0.893399151470139	0.847949837591721	0.64157758835431	0.815269777456513	0.853142008252049	0.8992963550236	0.851466976997476	0.916351773659182	0.902796066948297	0.951225304265009	0.466626833994482	0.820538911621118	0.837883228598716	0.85089299565757	0.865714989153791	0.870765365756414
cg09294660	NA	NA	NA	NA	NA	NA	NA	NA	NA	NA	NA	NA	NA	NA	NA	NA	NA	NA	NA	NA	NA	NA	NA	NA	NA	NA	NA	NA	NA	NA	NA	NA	NA	NA	NA	NA	NA	NA	NA	NA	NA	NA	NA	NA	NA	NA	NA	NA	NA	NA	NA	NA	NA	NA	NA	NA	NA	NA	NA	NA	NA	NA	NA	NA	NA	NA	NA	NA	NA	NA	NA	NA	NA	NA	NA	NA	NA	NA	NA	NA	NA	NA	NA	NA	NA	NA	NA	NA	NA	NA	NA	NA	NA	NA	NA	NA	NA	NA	NA
cg09321430	NA	NA	NA	NA	NA	NA	NA	NA	NA	NA	NA	NA	NA	NA	NA	NA	NA	NA	NA	NA	NA	NA	NA	NA	NA	NA	NA	NA	NA	NA	NA	NA	NA	NA	NA	NA	NA	NA	NA	NA	NA	NA	NA	NA	NA	NA	NA	NA	NA	NA	NA	NA	NA	NA	NA	NA	NA	NA	NA	NA	NA	NA	NA	NA	NA	NA	NA	NA	NA	NA	NA	NA	NA	NA	NA	NA	NA	NA	NA	NA	NA	NA	NA	NA	NA	NA	NA	NA	NA	NA	NA	NA	NA	NA	NA	NA	NA	NA	NA
cg09325695	NA	NA	NA	NA	NA	NA	NA	NA	NA	NA	NA	NA	NA	NA	NA	NA	NA	NA	NA	NA	NA	NA	NA	NA	NA	NA	NA	NA	NA	NA	NA	NA	NA	NA	NA	NA	NA	NA	NA	NA	NA	NA	NA	NA	NA	NA	NA	NA	NA	NA	NA	NA	NA	NA	NA	NA	NA	NA	NA	NA	NA	NA	NA	NA	NA	NA	NA	NA	NA	NA	NA	NA	NA	NA	NA	NA	NA	NA	NA	NA	NA	NA	NA	NA	NA	NA	NA	NA	NA	NA	NA	NA	NA	NA	NA	NA	NA	NA	NA
cg09334541	0.812342058978969	0.807756900638042	0.89873057399957	0.923282157436478	0.915609189148289	0.477013846443411	0.885582409739878	0.661552217817434	0.540884557074469	0.863016624487619	0.661383373352912	0.946754320346854	0.912968955219966	0.363015317865855	0.945220318913911	0.872108984190468	0.919146154632854	0.748103124086173	0.947494333791052	0.39893862697915	0.570004504614114	0.406889650340322	0.401639238259424	0.550064450749625	0.313008978145186	0.896690067942855	0.859927056884522	0.309318142995187	0.684584753323718	0.457321126151372	0.351379851132441	0.596255453219491	0.403830746541189	0.9154211112819	0.922083417939239	0.740032642726657	0.584264177000979	0.871400777089345	0.650375271006978	0.6349356861995	0.547179956189606	0.621073731069921	0.793692105261363	0.933975587313342	0.922883300654707	0.867415450879034	0.923749125849338	0.408554130836729	0.66728353778836	0.932545562537148	0.424646320768859	0.924134951389224	0.194322261391877	0.789489176238673	0.783133761533394	0.348925702411302	0.696770049005344	0.424175777349438	0.737618149246932	0.841173203279241	0.48394708420945	0.182967555928974	0.791247343205843	0.925596294994419	0.915689713669717	0.866341668465697	0.893107885029242	0.935263001359836	0.55964279533493	0.760371413203643	NA	0.866358424352863	0.935630242104612	0.531904400968596	0.938180191361965	0.934798004240305	0.847956770055906	0.502644783447252	0.773079217268426	0.459179409270923	0.573245798177318	0.643275768859643	0.181468972344259	0.790620771658199	0.771684228418025	0.220812645808224	0.922035770803082	0.864775795487548	0.834869277579434	0.884388687270684	0.893767771105684	0.908879854647354	0.396908239932708	0.277022908059071	0.948985405317426	0.568438221063151	0.9144763811625	0.892982085410936	0.929800691740987
cg09334636	0.941488734810211	0.9449737148945	0.954465403785721	0.945693474735081	0.921003842919057	0.89361500991579	0.947890506827893	0.947730772752637	0.82819436124568	0.954777294988654	0.945355621060131	0.946265781674518	0.920192433731619	0.965556193558725	0.927037014178633	0.93294244561462	0.947551739151788	0.816159314975154	0.827872679013342	0.961746785885225	0.845158834131728	0.959114412914764	0.955102004226309	0.949444362333154	0.943681894560751	0.950623759721773	0.959892746229279	0.956271321814756	0.950848109131957	0.855957005422267	0.876279184036051	0.83354761271602	0.95574649976981	0.96574400512478	0.949355603345124	0.911327073425055	0.952331148032781	0.904363068101674	0.943773433209247	0.922871996252599	0.953018754482028	0.938827745031715	0.83271080224648	0.967427623001292	0.686659294053698	0.907328207291387	0.942890820275863	0.940471511639674	0.961747178178737	0.663412634657863	0.947906146812028	0.93670865563511	0.943684809037174	0.949657668904439	0.940194928956883	0.958227399060173	0.87060846990002	0.959663738490964	0.949318665487396	0.954996396744439	0.961819952811137	0.819402952023853	0.959388641265367	0.949055488341879	0.941886093744669	0.913274860290041	0.953809488050886	0.953959219949518	0.806055952967427	0.954601158459773	0.931378902338088	0.953279825772909	0.900547477046344	0.94790454959612	0.955903156645615	0.952334890330392	0.958107715695029	0.965761620908449	0.906765515263009	0.95237802230222	0.962229574311466	0.878412068377078	0.678050880277173	0.934324791419074	0.76804774916591	0.749267101861445	0.96682877883768	0.873509802376122	0.948982661158292	0.938156239490564	0.932248248266219	0.963723346640939	0.953665351472453	0.946122180234245	0.908027801979183	0.94226335091476	0.964849775878631	0.944295236304346	0.96056528425458
cg09344219	NA	NA	NA	NA	NA	NA	NA	NA	NA	NA	NA	NA	NA	NA	NA	NA	NA	NA	NA	NA	NA	NA	NA	NA	NA	NA	NA	NA	NA	NA	NA	NA	NA	NA	NA	NA	NA	NA	NA	NA	NA	NA	NA	NA	NA	NA	NA	NA	NA	NA	NA	NA	NA	NA	NA	NA	NA	NA	NA	NA	NA	NA	NA	NA	NA	NA	NA	NA	NA	NA	NA	NA	NA	NA	NA	NA	NA	NA	NA	NA	NA	NA	NA	NA	NA	NA	NA	NA	NA	NA	NA	NA	NA	NA	NA	NA	NA	NA	NA
cg09344229	NA	NA	NA	NA	NA	NA	NA	NA	NA	NA	NA	NA	NA	NA	NA	NA	NA	NA	NA	NA	NA	NA	NA	NA	NA	NA	NA	NA	NA	NA	NA	NA	NA	NA	NA	NA	NA	NA	NA	NA	NA	NA	NA	NA	NA	NA	NA	NA	NA	NA	NA	NA	NA	NA	NA	NA	NA	NA	NA	NA	NA	NA	NA	NA	NA	NA	NA	NA	NA	NA	NA	NA	NA	NA	NA	NA	NA	NA	NA	NA	NA	NA	NA	NA	NA	NA	NA	NA	NA	NA	NA	NA	NA	NA	NA	NA	NA	NA	NA
cg09388113	NA	NA	NA	NA	NA	NA	NA	NA	NA	NA	NA	NA	NA	NA	NA	NA	NA	NA	NA	NA	NA	NA	NA	NA	NA	NA	NA	NA	NA	NA	NA	NA	NA	NA	NA	NA	NA	NA	NA	NA	NA	NA	NA	NA	NA	NA	NA	NA	NA	NA	NA	NA	NA	NA	NA	NA	NA	NA	NA	NA	NA	NA	NA	NA	NA	NA	NA	NA	NA	NA	NA	NA	NA	NA	NA	NA	NA	NA	NA	NA	NA	NA	NA	NA	NA	NA	NA	NA	NA	NA	NA	NA	NA	NA	NA	NA	NA	NA	NA
cg09406715	NA	NA	NA	NA	NA	NA	NA	NA	NA	NA	NA	NA	NA	NA	NA	NA	NA	NA	NA	NA	NA	NA	NA	NA	NA	NA	NA	NA	NA	NA	NA	NA	NA	NA	NA	NA	NA	NA	NA	NA	NA	NA	NA	NA	NA	NA	NA	NA	NA	NA	NA	NA	NA	NA	NA	NA	NA	NA	NA	NA	NA	NA	NA	NA	NA	NA	NA	NA	NA	NA	NA	NA	NA	NA	NA	NA	NA	NA	NA	NA	NA	NA	NA	NA	NA	NA	NA	NA	NA	NA	NA	NA	NA	NA	NA	NA	NA	NA	NA
cg09456493	0.795486405922439	0.790524750982418	0.760820692237569	0.778115069496513	0.781313315228041	0.736069040183441	0.774483536594904	0.842097366159077	0.643540900110043	0.83666116812204	0.744028490957161	0.794236231088773	0.80970182480106	0.834091981524639	0.771582159840787	0.825358267825367	0.847554169443333	0.764168158085202	0.820383960384573	0.836864743768277	0.691910116216025	0.745174755970122	0.844295631306749	0.799212125937463	0.718871794323987	0.770746310805232	0.786467657699638	0.823856215190153	0.810066648899191	0.831916236642153	0.800783502016223	0.690913495644737	0.80310730830414	0.801295974315887	0.775427325892197	0.813569533586284	0.782985171875481	0.833947240981652	0.775249969459452	0.82727929514	0.831586499524866	0.819672912227493	0.683816550657692	0.833339881886198	0.750448765406551	0.577300442271706	0.801179214257194	0.743552480402191	0.813767851195599	0.727231543562119	0.715653758880907	0.761511628593274	0.850511069056995	0.730721398671981	0.703447090292125	0.632169571436742	0.789329307462837	0.809226479634315	0.73852369152308	0.785522518825211	0.635939806522943	0.843310803050276	0.783766203252772	0.786876508151431	0.782959425857418	0.681814192492597	0.814037046471683	0.75294192427846	0.787888879017384	0.821571269260368	0.787559660380082	0.780551618957476	0.799248473266331	0.731422311456027	0.839959373190518	0.777404220332647	0.785198785038163	0.827135181388744	0.623843469767698	0.727583616460595	0.803921776262733	0.57036158741905	0.302599346440126	0.712522479042794	0.760427465245864	0.472657437112991	0.566818730455719	0.794115477927607	0.784041851803367	0.716341744825041	0.845762394027887	0.776136523904334	0.756382599466914	0.777156481649565	0.758060873372648	0.692701520412198	0.78447904789404	0.726438222927344	0.768805515470478
cg09459740	NA	NA	NA	NA	NA	NA	NA	NA	NA	NA	NA	NA	NA	NA	NA	NA	NA	NA	NA	NA	NA	NA	NA	NA	NA	NA	NA	NA	NA	NA	NA	NA	NA	NA	NA	NA	NA	NA	NA	NA	NA	NA	NA	NA	NA	NA	NA	NA	NA	NA	NA	NA	NA	NA	NA	NA	NA	NA	NA	NA	NA	NA	NA	NA	NA	NA	NA	NA	NA	NA	NA	NA	NA	NA	NA	NA	NA	NA	NA	NA	NA	NA	NA	NA	NA	NA	NA	NA	NA	NA	NA	NA	NA	NA	NA	NA	NA	NA	NA
cg09474625	NA	NA	NA	NA	NA	NA	NA	NA	NA	NA	NA	NA	NA	NA	NA	NA	NA	NA	NA	NA	NA	NA	NA	NA	NA	NA	NA	NA	NA	NA	NA	NA	NA	NA	NA	NA	NA	NA	NA	NA	NA	NA	NA	NA	NA	NA	NA	NA	NA	NA	NA	NA	NA	NA	NA	NA	NA	NA	NA	NA	NA	NA	NA	NA	NA	NA	NA	NA	NA	NA	NA	NA	NA	NA	NA	NA	NA	NA	NA	NA	NA	NA	NA	NA	NA	NA	NA	NA	NA	NA	NA	NA	NA	NA	NA	NA	NA	NA	NA
cg09492074	0.527934070960164	0.55123952624737	0.308397281111579	0.406731633205317	0.543050002474175	0.312676862887983	0.596787047133906	0.15242647967226	0.291097280061357	0.186148995448203	0.384353752753644	0.397173439580243	0.479363634947903	0.249911937489461	0.39655248131799	0.432086631796854	0.202393667666276	0.417060129889069	0.23514799613068	0.383033681843414	0.416308101383134	0.43843897195207	0.137241100707532	0.42295170537264	0.356473043045578	0.59863163786178	0.228860311312301	0.336842017550582	0.397481841845867	0.34870006567456	0.175403469680026	0.327443774591182	0.189983719077121	0.412797274707694	0.310897656147303	0.23721445756103	0.387598146687872	0.133997102682382	0.417417303932783	0.349579191832617	0.444474156545573	0.438831544926699	0.318047656191192	0.171978856029601	0.119353623995911	0.498129306732672	0.393750571931887	0.380612795001395	0.408547844896379	0.644666540544712	0.485139144652758	0.307324501119091	0.654435191645047	0.512918464861997	0.421273601786252	0.391401571593712	0.228469312294071	0.370386110013626	0.219240811314979	0.394562664741347	0.266412259378939	0.117828952244124	0.412566270921036	0.316455315478456	0.464525612796677	0.39060541772188	0.262686580827565	0.516501268564228	0.439182507832083	0.261549993681353	0.29819224495185	0.443881255129937	0.380164379241211	0.412220602759562	0.397114437737245	0.306667911347577	0.239056708630744	0.164308467822602	0.313300026166853	0.373567636617231	0.354167462195247	0.368580344712825	0.295550280784402	0.382139905393028	0.354560154245726	0.226218072360401	0.841390204483295	0.667649441718015	0.25488199872242	0.363316893490073	0.649239962885018	0.496684862500863	0.326942314189108	0.0841253207223906	0.222101583238355	0.214165479972859	0.320006317100255	0.486415777410326	0.424268337417569
cg09526343	NA	NA	NA	NA	NA	NA	NA	NA	NA	NA	NA	NA	NA	NA	NA	NA	NA	NA	NA	NA	NA	NA	NA	NA	NA	NA	NA	NA	NA	NA	NA	NA	NA	NA	NA	NA	NA	NA	NA	NA	NA	NA	NA	NA	NA	NA	NA	NA	NA	NA	NA	NA	NA	NA	NA	NA	NA	NA	NA	NA	NA	NA	NA	NA	NA	NA	NA	NA	NA	NA	NA	NA	NA	NA	NA	NA	NA	NA	NA	NA	NA	NA	NA	NA	NA	NA	NA	NA	NA	NA	NA	NA	NA	NA	NA	NA	NA	NA	NA
cg09552983	NA	NA	NA	NA	NA	NA	NA	NA	NA	NA	NA	NA	NA	NA	NA	NA	NA	NA	NA	NA	NA	NA	NA	NA	NA	NA	NA	NA	NA	NA	NA	NA	NA	NA	NA	NA	NA	NA	NA	NA	NA	NA	NA	NA	NA	NA	NA	NA	NA	NA	NA	NA	NA	NA	NA	NA	NA	NA	NA	NA	NA	NA	NA	NA	NA	NA	NA	NA	NA	NA	NA	NA	NA	NA	NA	NA	NA	NA	NA	NA	NA	NA	NA	NA	NA	NA	NA	NA	NA	NA	NA	NA	NA	NA	NA	NA	NA	NA	NA
cg09566453	NA	NA	NA	NA	NA	NA	NA	NA	NA	NA	NA	NA	NA	NA	NA	NA	NA	NA	NA	NA	NA	NA	NA	NA	NA	NA	NA	NA	NA	NA	NA	NA	NA	NA	NA	NA	NA	NA	NA	NA	NA	NA	NA	NA	NA	NA	NA	NA	NA	NA	NA	NA	NA	NA	NA	NA	NA	NA	NA	NA	NA	NA	NA	NA	NA	NA	NA	NA	NA	NA	NA	NA	NA	NA	NA	NA	NA	NA	NA	NA	NA	NA	NA	NA	NA	NA	NA	NA	NA	NA	NA	NA	NA	NA	NA	NA	NA	NA	NA
cg09581201	NA	NA	NA	NA	NA	NA	NA	NA	NA	NA	NA	NA	NA	NA	NA	NA	NA	NA	NA	NA	NA	NA	NA	NA	NA	NA	NA	NA	NA	NA	NA	NA	NA	NA	NA	NA	NA	NA	NA	NA	NA	NA	NA	NA	NA	NA	NA	NA	NA	NA	NA	NA	NA	NA	NA	NA	NA	NA	NA	NA	NA	NA	NA	NA	NA	NA	NA	NA	NA	NA	NA	NA	NA	NA	NA	NA	NA	NA	NA	NA	NA	NA	NA	NA	NA	NA	NA	NA	NA	NA	NA	NA	NA	NA	NA	NA	NA	NA	NA
cg09593727	NA	NA	NA	NA	NA	NA	NA	NA	NA	NA	NA	NA	NA	NA	NA	NA	NA	NA	NA	NA	NA	NA	NA	NA	NA	NA	NA	NA	NA	NA	NA	NA	NA	NA	NA	NA	NA	NA	NA	NA	NA	NA	NA	NA	NA	NA	NA	NA	NA	NA	NA	NA	NA	NA	NA	NA	NA	NA	NA	NA	NA	NA	NA	NA	NA	NA	NA	NA	NA	NA	NA	NA	NA	NA	NA	NA	NA	NA	NA	NA	NA	NA	NA	NA	NA	NA	NA	NA	NA	NA	NA	NA	NA	NA	NA	NA	NA	NA	NA
cg09597666	NA	NA	NA	NA	NA	NA	NA	NA	NA	NA	NA	NA	NA	NA	NA	NA	NA	NA	NA	NA	NA	NA	NA	NA	NA	NA	NA	NA	NA	NA	NA	NA	NA	NA	NA	NA	NA	NA	NA	NA	NA	NA	NA	NA	NA	NA	NA	NA	NA	NA	NA	NA	NA	NA	NA	NA	NA	NA	NA	NA	NA	NA	NA	NA	NA	NA	NA	NA	NA	NA	NA	NA	NA	NA	NA	NA	NA	NA	NA	NA	NA	NA	NA	NA	NA	NA	NA	NA	NA	NA	NA	NA	NA	NA	NA	NA	NA	NA	NA
cg09612912	NA	NA	NA	NA	NA	NA	NA	NA	NA	NA	NA	NA	NA	NA	NA	NA	NA	NA	NA	NA	NA	NA	NA	NA	NA	NA	NA	NA	NA	NA	NA	NA	NA	NA	NA	NA	NA	NA	NA	NA	NA	NA	NA	NA	NA	NA	NA	NA	NA	NA	NA	NA	NA	NA	NA	NA	NA	NA	NA	NA	NA	NA	NA	NA	NA	NA	NA	NA	NA	NA	NA	NA	NA	NA	NA	NA	NA	NA	NA	NA	NA	NA	NA	NA	NA	NA	NA	NA	NA	NA	NA	NA	NA	NA	NA	NA	NA	NA	NA
cg09640135	NA	NA	NA	NA	NA	NA	NA	NA	NA	NA	NA	NA	NA	NA	NA	NA	NA	NA	NA	NA	NA	NA	NA	NA	NA	NA	NA	NA	NA	NA	NA	NA	NA	NA	NA	NA	NA	NA	NA	NA	NA	NA	NA	NA	NA	NA	NA	NA	NA	NA	NA	NA	NA	NA	NA	NA	NA	NA	NA	NA	NA	NA	NA	NA	NA	NA	NA	NA	NA	NA	NA	NA	NA	NA	NA	NA	NA	NA	NA	NA	NA	NA	NA	NA	NA	NA	NA	NA	NA	NA	NA	NA	NA	NA	NA	NA	NA	NA	NA
cg09671131	NA	NA	NA	NA	NA	NA	NA	NA	NA	NA	NA	NA	NA	NA	NA	NA	NA	NA	NA	NA	NA	NA	NA	NA	NA	NA	NA	NA	NA	NA	NA	NA	NA	NA	NA	NA	NA	NA	NA	NA	NA	NA	NA	NA	NA	NA	NA	NA	NA	NA	NA	NA	NA	NA	NA	NA	NA	NA	NA	NA	NA	NA	NA	NA	NA	NA	NA	NA	NA	NA	NA	NA	NA	NA	NA	NA	NA	NA	NA	NA	NA	NA	NA	NA	NA	NA	NA	NA	NA	NA	NA	NA	NA	NA	NA	NA	NA	NA	NA
cg09690215	0.241890880434963	0.246312410214632	0.282961639903713	0.151320677461353	0.252672063797361	0.184511216269957	0.313023700620446	0.0685508402474658	0.185250040216706	0.152138365087618	0.198238086980181	0.338894491966566	0.443048700414305	0.125933662094436	0.328356821026134	0.116792452792786	0.216348592601067	0.187437346023573	0.163978342883815	0.201615766504077	0.291795293523971	0.282335718932493	0.0913508789568981	0.175798850238262	0.160095830625398	0.249934461015318	0.127087276695894	0.170825977348699	0.216328954843925	0.122103286510491	0.187049044124272	0.230809807856074	0.25220453887206	0.288157869900349	0.133489076900851	0.0784562239775182	0.107776789642833	0.13692751447681	0.326154665451672	0.186299642241947	0.148521181671608	0.139625959107592	0.263452247422702	0.0929078037522578	0.164361792761815	0.19954817538704	0.131838470370636	0.264392390858626	0.171900686633222	0.173280507035283	0.16185657196638	0.260788302620721	0.0966991223630406	0.211478101989023	0.243859875227172	0.216516345221261	0.107774449289169	0.19285493535332	0.200339448872688	0.295259191226515	0.159904836341919	0.0723600533055838	0.141554334752918	0.177696264836857	0.15372449857213	0.255118779901964	0.151608408258548	0.353805168860995	0.165363718696283	0.226792407650976	0.16935024400425	0.18643676233542	0.191501339185203	0.175737960175805	0.382046795041517	0.189023676134353	0.230294128726247	0.0804731266548506	0.148968232118756	0.232842687212374	0.147975270772171	0.157051785756536	0.125776010614127	0.179269024674537	0.171079680909657	0.144296635091623	0.231157080317635	0.126550362120164	0.12755105647443	0.254349903773311	0.15801715885138	0.327853278339045	0.160456021730442	0.0826878331834607	0.176322557533583	0.192532058392261	0.25817644413773	0.213100253282734	0.250058473450472
cg09690561	NA	NA	NA	NA	NA	NA	NA	NA	NA	NA	NA	NA	NA	NA	NA	NA	NA	NA	NA	NA	NA	NA	NA	NA	NA	NA	NA	NA	NA	NA	NA	NA	NA	NA	NA	NA	NA	NA	NA	NA	NA	NA	NA	NA	NA	NA	NA	NA	NA	NA	NA	NA	NA	NA	NA	NA	NA	NA	NA	NA	NA	NA	NA	NA	NA	NA	NA	NA	NA	NA	NA	NA	NA	NA	NA	NA	NA	NA	NA	NA	NA	NA	NA	NA	NA	NA	NA	NA	NA	NA	NA	NA	NA	NA	NA	NA	NA	NA	NA
cg09700327	NA	NA	NA	NA	NA	NA	NA	NA	NA	NA	NA	NA	NA	NA	NA	NA	NA	NA	NA	NA	NA	NA	NA	NA	NA	NA	NA	NA	NA	NA	NA	NA	NA	NA	NA	NA	NA	NA	NA	NA	NA	NA	NA	NA	NA	NA	NA	NA	NA	NA	NA	NA	NA	NA	NA	NA	NA	NA	NA	NA	NA	NA	NA	NA	NA	NA	NA	NA	NA	NA	NA	NA	NA	NA	NA	NA	NA	NA	NA	NA	NA	NA	NA	NA	NA	NA	NA	NA	NA	NA	NA	NA	NA	NA	NA	NA	NA	NA	NA
cg09712756	0.876128126022576	0.87742950023375	0.856212372042229	0.88044825907437	0.925860020359324	0.827439388911697	0.891600711235301	0.814935860758573	0.861806588958917	0.496441835637749	0.885552931467727	0.83733983154225	0.779468645544434	0.552209496151452	0.839485919680434	0.598070912511196	0.942728833834371	0.774484714939406	0.915788972188735	0.922702904977078	0.85398502753417	0.522023002760483	0.901615217814768	0.864725197281516	0.361342375314995	0.869684954619724	0.848882572568683	0.697819510590211	0.936508358023318	0.89353556972483	0.578629505270081	0.819741237550351	0.815309594116806	0.903900639028424	0.786500675674287	0.864626243611118	0.904201201466792	0.538103790757068	0.924922905473121	0.829193970380509	0.890821330031211	0.919455785001073	0.491501989196128	0.913305854268842	0.631845808604016	0.641758582983329	0.381061223448838	0.786153483504052	0.888110679189887	0.859085137944805	0.547989300845354	0.934046209201044	0.765062297896981	0.804411092388372	0.819514054103744	0.445136220200489	0.92533136138401	0.823944107301569	0.880317091458366	0.880956749449242	0.875908493732988	0.701154516460849	0.639449660196668	0.839839741214317	0.820993847093546	0.785958772443346	0.816026369307227	0.828240692144684	0.899286423520019	0.849065962360886	0.852009790551705	0.830661982665724	0.878267367010831	0.817783068921028	0.930833663197045	0.831212154718174	0.727545180283584	0.910515401331641	0.844588753614216	0.855432287330672	0.908368337285201	0.741510458277633	0.500365825271152	0.883020396526114	0.863401130229322	0.896552035649009	0.934055099275025	0.884898270276813	0.915503514741895	0.871490015789179	0.851543690954877	0.871590931788352	0.857699114303387	0.47020922102688	0.900441694346073	0.95077042319963	0.877725490512488	0.833971710139047	0.897008780313079
cg09713269	NA	NA	NA	NA	NA	NA	NA	NA	NA	NA	NA	NA	NA	NA	NA	NA	NA	NA	NA	NA	NA	NA	NA	NA	NA	NA	NA	NA	NA	NA	NA	NA	NA	NA	NA	NA	NA	NA	NA	NA	NA	NA	NA	NA	NA	NA	NA	NA	NA	NA	NA	NA	NA	NA	NA	NA	NA	NA	NA	NA	NA	NA	NA	NA	NA	NA	NA	NA	NA	NA	NA	NA	NA	NA	NA	NA	NA	NA	NA	NA	NA	NA	NA	NA	NA	NA	NA	NA	NA	NA	NA	NA	NA	NA	NA	NA	NA	NA	NA
cg09741902	NA	NA	NA	NA	NA	NA	NA	NA	NA	NA	NA	NA	NA	NA	NA	NA	NA	NA	NA	NA	NA	NA	NA	NA	NA	NA	NA	NA	NA	NA	NA	NA	NA	NA	NA	NA	NA	NA	NA	NA	NA	NA	NA	NA	NA	NA	NA	NA	NA	NA	NA	NA	NA	NA	NA	NA	NA	NA	NA	NA	NA	NA	NA	NA	NA	NA	NA	NA	NA	NA	NA	NA	NA	NA	NA	NA	NA	NA	NA	NA	NA	NA	NA	NA	NA	NA	NA	NA	NA	NA	NA	NA	NA	NA	NA	NA	NA	NA	NA
cg09785516	NA	NA	NA	NA	NA	NA	NA	NA	NA	NA	NA	NA	NA	NA	NA	NA	NA	NA	NA	NA	NA	NA	NA	NA	NA	NA	NA	NA	NA	NA	NA	NA	NA	NA	NA	NA	NA	NA	NA	NA	NA	NA	NA	NA	NA	NA	NA	NA	NA	NA	NA	NA	NA	NA	NA	NA	NA	NA	NA	NA	NA	NA	NA	NA	NA	NA	NA	NA	NA	NA	NA	NA	NA	NA	NA	NA	NA	NA	NA	NA	NA	NA	NA	NA	NA	NA	NA	NA	NA	NA	NA	NA	NA	NA	NA	NA	NA	NA	NA
cg09791009	NA	NA	NA	NA	NA	NA	NA	NA	NA	NA	NA	NA	NA	NA	NA	NA	NA	NA	NA	NA	NA	NA	NA	NA	NA	NA	NA	NA	NA	NA	NA	NA	NA	NA	NA	NA	NA	NA	NA	NA	NA	NA	NA	NA	NA	NA	NA	NA	NA	NA	NA	NA	NA	NA	NA	NA	NA	NA	NA	NA	NA	NA	NA	NA	NA	NA	NA	NA	NA	NA	NA	NA	NA	NA	NA	NA	NA	NA	NA	NA	NA	NA	NA	NA	NA	NA	NA	NA	NA	NA	NA	NA	NA	NA	NA	NA	NA	NA	NA
cg09808196	NA	NA	NA	NA	NA	NA	NA	NA	NA	NA	NA	NA	NA	NA	NA	NA	NA	NA	NA	NA	NA	NA	NA	NA	NA	NA	NA	NA	NA	NA	NA	NA	NA	NA	NA	NA	NA	NA	NA	NA	NA	NA	NA	NA	NA	NA	NA	NA	NA	NA	NA	NA	NA	NA	NA	NA	NA	NA	NA	NA	NA	NA	NA	NA	NA	NA	NA	NA	NA	NA	NA	NA	NA	NA	NA	NA	NA	NA	NA	NA	NA	NA	NA	NA	NA	NA	NA	NA	NA	NA	NA	NA	NA	NA	NA	NA	NA	NA	NA
cg09829842	NA	NA	NA	NA	NA	NA	NA	NA	NA	NA	NA	NA	NA	NA	NA	NA	NA	NA	NA	NA	NA	NA	NA	NA	NA	NA	NA	NA	NA	NA	NA	NA	NA	NA	NA	NA	NA	NA	NA	NA	NA	NA	NA	NA	NA	NA	NA	NA	NA	NA	NA	NA	NA	NA	NA	NA	NA	NA	NA	NA	NA	NA	NA	NA	NA	NA	NA	NA	NA	NA	NA	NA	NA	NA	NA	NA	NA	NA	NA	NA	NA	NA	NA	NA	NA	NA	NA	NA	NA	NA	NA	NA	NA	NA	NA	NA	NA	NA	NA
cg09838962	NA	NA	NA	NA	NA	NA	NA	NA	NA	NA	NA	NA	NA	NA	NA	NA	NA	NA	NA	NA	NA	NA	NA	NA	NA	NA	NA	NA	NA	NA	NA	NA	NA	NA	NA	NA	NA	NA	NA	NA	NA	NA	NA	NA	NA	NA	NA	NA	NA	NA	NA	NA	NA	NA	NA	NA	NA	NA	NA	NA	NA	NA	NA	NA	NA	NA	NA	NA	NA	NA	NA	NA	NA	NA	NA	NA	NA	NA	NA	NA	NA	NA	NA	NA	NA	NA	NA	NA	NA	NA	NA	NA	NA	NA	NA	NA	NA	NA	NA
cg09853646	NA	NA	NA	NA	NA	NA	NA	NA	NA	NA	NA	NA	NA	NA	NA	NA	NA	NA	NA	NA	NA	NA	NA	NA	NA	NA	NA	NA	NA	NA	NA	NA	NA	NA	NA	NA	NA	NA	NA	NA	NA	NA	NA	NA	NA	NA	NA	NA	NA	NA	NA	NA	NA	NA	NA	NA	NA	NA	NA	NA	NA	NA	NA	NA	NA	NA	NA	NA	NA	NA	NA	NA	NA	NA	NA	NA	NA	NA	NA	NA	NA	NA	NA	NA	NA	NA	NA	NA	NA	NA	NA	NA	NA	NA	NA	NA	NA	NA	NA
cg09860935	NA	NA	NA	NA	NA	NA	NA	NA	NA	NA	NA	NA	NA	NA	NA	NA	NA	NA	NA	NA	NA	NA	NA	NA	NA	NA	NA	NA	NA	NA	NA	NA	NA	NA	NA	NA	NA	NA	NA	NA	NA	NA	NA	NA	NA	NA	NA	NA	NA	NA	NA	NA	NA	NA	NA	NA	NA	NA	NA	NA	NA	NA	NA	NA	NA	NA	NA	NA	NA	NA	NA	NA	NA	NA	NA	NA	NA	NA	NA	NA	NA	NA	NA	NA	NA	NA	NA	NA	NA	NA	NA	NA	NA	NA	NA	NA	NA	NA	NA
cg09881716	0.788238902958054	0.848717483245212	0.828190243572522	0.860092597476479	0.829006550834852	0.685598814496531	0.835373259138938	NA	0.529140811458441	0.70117020670532	0.696908619139902	0.909966290064434	0.919324378650426	0.404684368089576	0.921179234793882	NA	0.878807895476499	0.828043757825375	0.772715652433202	0.801207273126409	0.726336079295727	0.652884841302465	0.659711097491724	0.796340129789186	0.492640597674359	0.887508828709278	0.726911903271173	0.469086169488425	0.774223869510918	NA	0.663773177684552	0.834818756280937	0.534338910205587	0.813293530749468	0.730779542071626	0.493356493285222	0.532041539538904	0.774519158738877	0.878486490028504	0.801667969951203	0.775488082934073	NA	0.833718120427799	0.717373962051989	0.814686911084848	0.740846678625806	0.411270553109984	NA	0.800936345058879	0.880680578148284	0.691442421257035	0.872398359184092	0.660139901224859	0.919804113955106	0.907620159249694	0.587304709222616	0.768331694036661	0.707783970797755	0.830840694495289	0.904104106958654	0.51316692731826	0.718312910454687	0.85336818972431	0.66155236760245	0.860450984819027	0.884567996058017	0.717662453383613	0.909645990032791	0.607771415237804	0.75504628456866	NA	0.86943090937832	0.886775368935377	0.784276831843203	0.914478421487235	0.85237041440593	0.878217335339102	NA	0.798779099907747	0.743971152953024	0.793169566766606	0.733032170016402	0.427701159868949	0.803209360502118	0.815786328112704	0.522958225059511	0.899577045515259	0.800874881097324	0.799352503489263	0.882393127289411	NA	0.879009422389914	0.665581615503387	0.562655148489225	0.882593683450446	0.722186513230489	0.80781611422436	0.849967655765526	0.890350553954526
cg09894096	NA	NA	NA	NA	NA	NA	NA	NA	NA	NA	NA	NA	NA	NA	NA	NA	NA	NA	NA	NA	NA	NA	NA	NA	NA	NA	NA	NA	NA	NA	NA	NA	NA	NA	NA	NA	NA	NA	NA	NA	NA	NA	NA	NA	NA	NA	NA	NA	NA	NA	NA	NA	NA	NA	NA	NA	NA	NA	NA	NA	NA	NA	NA	NA	NA	NA	NA	NA	NA	NA	NA	NA	NA	NA	NA	NA	NA	NA	NA	NA	NA	NA	NA	NA	NA	NA	NA	NA	NA	NA	NA	NA	NA	NA	NA	NA	NA	NA	NA
cg09908014	NA	NA	NA	NA	NA	NA	NA	NA	NA	NA	NA	NA	NA	NA	NA	NA	NA	NA	NA	NA	NA	NA	NA	NA	NA	NA	NA	NA	NA	NA	NA	NA	NA	NA	NA	NA	NA	NA	NA	NA	NA	NA	NA	NA	NA	NA	NA	NA	NA	NA	NA	NA	NA	NA	NA	NA	NA	NA	NA	NA	NA	NA	NA	NA	NA	NA	NA	NA	NA	NA	NA	NA	NA	NA	NA	NA	NA	NA	NA	NA	NA	NA	NA	NA	NA	NA	NA	NA	NA	NA	NA	NA	NA	NA	NA	NA	NA	NA	NA
cg09921719	0.924022818928596	0.952046150457689	0.961422119936804	0.944147019862707	0.952266276830063	0.956349728482517	0.93757965591363	0.844416159937091	0.946613635020279	0.843008517358005	0.961051575068135	0.927150211957282	0.900963196457226	0.961536039911587	0.905494338935972	0.953039115538202	0.956151312116389	0.938818694655705	0.950527191559657	0.94587839590165	0.949181997415059	0.951342536520899	0.875547550597042	0.889635707548905	0.818371816318306	0.929136702547416	0.953841178128634	0.939277129197321	0.961009648359821	0.905717295893513	0.779171351802738	0.937436914299659	0.833869517309999	0.947855838084923	0.842270488983161	0.938363763948997	0.912223607904728	0.916686910364495	0.92339151846834	0.938497677894659	0.930811431041891	0.91435722463712	0.952352537014668	0.950342434144849	0.952463770743832	0.924299341315534	0.95512871552394	0.945463492297873	0.956399376874225	0.943067785173042	0.875131704699688	0.94804281991923	0.956470219913851	0.917479829137226	0.912931345288173	0.925740132061519	0.963318263791709	0.944312916545614	0.949570539659148	0.934986273453204	0.931609838004436	0.942229503557185	0.945263660243617	0.944059646219054	0.950758931512706	0.951656877419086	0.940799112083049	0.871393713702222	0.887835412660804	0.941129751992848	0.89258258020111	0.898709509050447	0.954320737900838	0.930942059817347	0.951359984580109	0.927106122599383	0.936467861791076	0.943864580605196	0.953818624956526	0.947117727254833	0.949498866627502	0.938257285595008	0.852389775794955	0.951143425360846	0.929898407712661	0.949331477747968	0.953611567607676	0.963061341032001	0.943159949649597	0.947713848482089	0.966281876164252	0.906998202241142	0.952387337976862	0.963038081100291	0.872543843168152	0.937185736365198	0.920244723724042	0.953070605334042	0.942046012885072
cg09991426	NA	NA	NA	NA	NA	NA	NA	NA	NA	NA	NA	NA	NA	NA	NA	NA	NA	NA	NA	NA	NA	NA	NA	NA	NA	NA	NA	NA	NA	NA	NA	NA	NA	NA	NA	NA	NA	NA	NA	NA	NA	NA	NA	NA	NA	NA	NA	NA	NA	NA	NA	NA	NA	NA	NA	NA	NA	NA	NA	NA	NA	NA	NA	NA	NA	NA	NA	NA	NA	NA	NA	NA	NA	NA	NA	NA	NA	NA	NA	NA	NA	NA	NA	NA	NA	NA	NA	NA	NA	NA	NA	NA	NA	NA	NA	NA	NA	NA	NA
cg10054980	NA	NA	NA	NA	NA	NA	NA	NA	NA	NA	NA	NA	NA	NA	NA	NA	NA	NA	NA	NA	NA	NA	NA	NA	NA	NA	NA	NA	NA	NA	NA	NA	NA	NA	NA	NA	NA	NA	NA	NA	NA	NA	NA	NA	NA	NA	NA	NA	NA	NA	NA	NA	NA	NA	NA	NA	NA	NA	NA	NA	NA	NA	NA	NA	NA	NA	NA	NA	NA	NA	NA	NA	NA	NA	NA	NA	NA	NA	NA	NA	NA	NA	NA	NA	NA	NA	NA	NA	NA	NA	NA	NA	NA	NA	NA	NA	NA	NA	NA
cg10090044	NA	NA	NA	NA	NA	NA	NA	NA	NA	NA	NA	NA	NA	NA	NA	NA	NA	NA	NA	NA	NA	NA	NA	NA	NA	NA	NA	NA	NA	NA	NA	NA	NA	NA	NA	NA	NA	NA	NA	NA	NA	NA	NA	NA	NA	NA	NA	NA	NA	NA	NA	NA	NA	NA	NA	NA	NA	NA	NA	NA	NA	NA	NA	NA	NA	NA	NA	NA	NA	NA	NA	NA	NA	NA	NA	NA	NA	NA	NA	NA	NA	NA	NA	NA	NA	NA	NA	NA	NA	NA	NA	NA	NA	NA	NA	NA	NA	NA	NA
cg10101533	NA	NA	NA	NA	NA	NA	NA	NA	NA	NA	NA	NA	NA	NA	NA	NA	NA	NA	NA	NA	NA	NA	NA	NA	NA	NA	NA	NA	NA	NA	NA	NA	NA	NA	NA	NA	NA	NA	NA	NA	NA	NA	NA	NA	NA	NA	NA	NA	NA	NA	NA	NA	NA	NA	NA	NA	NA	NA	NA	NA	NA	NA	NA	NA	NA	NA	NA	NA	NA	NA	NA	NA	NA	NA	NA	NA	NA	NA	NA	NA	NA	NA	NA	NA	NA	NA	NA	NA	NA	NA	NA	NA	NA	NA	NA	NA	NA	NA	NA
cg10113618	NA	NA	NA	NA	NA	NA	NA	NA	NA	NA	NA	NA	NA	NA	NA	NA	NA	NA	NA	NA	NA	NA	NA	NA	NA	NA	NA	NA	NA	NA	NA	NA	NA	NA	NA	NA	NA	NA	NA	NA	NA	NA	NA	NA	NA	NA	NA	NA	NA	NA	NA	NA	NA	NA	NA	NA	NA	NA	NA	NA	NA	NA	NA	NA	NA	NA	NA	NA	NA	NA	NA	NA	NA	NA	NA	NA	NA	NA	NA	NA	NA	NA	NA	NA	NA	NA	NA	NA	NA	NA	NA	NA	NA	NA	NA	NA	NA	NA	NA
cg10131227	NA	NA	NA	NA	NA	NA	NA	NA	NA	NA	NA	NA	NA	NA	NA	NA	NA	NA	NA	NA	NA	NA	NA	NA	NA	NA	NA	NA	NA	NA	NA	NA	NA	NA	NA	NA	NA	NA	NA	NA	NA	NA	NA	NA	NA	NA	NA	NA	NA	NA	NA	NA	NA	NA	NA	NA	NA	NA	NA	NA	NA	NA	NA	NA	NA	NA	NA	NA	NA	NA	NA	NA	NA	NA	NA	NA	NA	NA	NA	NA	NA	NA	NA	NA	NA	NA	NA	NA	NA	NA	NA	NA	NA	NA	NA	NA	NA	NA	NA
cg10174975	NA	NA	NA	NA	NA	NA	NA	NA	NA	NA	NA	NA	NA	NA	NA	NA	NA	NA	NA	NA	NA	NA	NA	NA	NA	NA	NA	NA	NA	NA	NA	NA	NA	NA	NA	NA	NA	NA	NA	NA	NA	NA	NA	NA	NA	NA	NA	NA	NA	NA	NA	NA	NA	NA	NA	NA	NA	NA	NA	NA	NA	NA	NA	NA	NA	NA	NA	NA	NA	NA	NA	NA	NA	NA	NA	NA	NA	NA	NA	NA	NA	NA	NA	NA	NA	NA	NA	NA	NA	NA	NA	NA	NA	NA	NA	NA	NA	NA	NA
cg10188698	NA	NA	NA	NA	NA	NA	NA	NA	NA	NA	NA	NA	NA	NA	NA	NA	NA	NA	NA	NA	NA	NA	NA	NA	NA	NA	NA	NA	NA	NA	NA	NA	NA	NA	NA	NA	NA	NA	NA	NA	NA	NA	NA	NA	NA	NA	NA	NA	NA	NA	NA	NA	NA	NA	NA	NA	NA	NA	NA	NA	NA	NA	NA	NA	NA	NA	NA	NA	NA	NA	NA	NA	NA	NA	NA	NA	NA	NA	NA	NA	NA	NA	NA	NA	NA	NA	NA	NA	NA	NA	NA	NA	NA	NA	NA	NA	NA	NA	NA
cg10188909	NA	NA	NA	NA	NA	NA	NA	NA	NA	NA	NA	NA	NA	NA	NA	NA	NA	NA	NA	NA	NA	NA	NA	NA	NA	NA	NA	NA	NA	NA	NA	NA	NA	NA	NA	NA	NA	NA	NA	NA	NA	NA	NA	NA	NA	NA	NA	NA	NA	NA	NA	NA	NA	NA	NA	NA	NA	NA	NA	NA	NA	NA	NA	NA	NA	NA	NA	NA	NA	NA	NA	NA	NA	NA	NA	NA	NA	NA	NA	NA	NA	NA	NA	NA	NA	NA	NA	NA	NA	NA	NA	NA	NA	NA	NA	NA	NA	NA	NA
cg10202675	NA	NA	NA	NA	NA	NA	NA	NA	NA	NA	NA	NA	NA	NA	NA	NA	NA	NA	NA	NA	NA	NA	NA	NA	NA	NA	NA	NA	NA	NA	NA	NA	NA	NA	NA	NA	NA	NA	NA	NA	NA	NA	NA	NA	NA	NA	NA	NA	NA	NA	NA	NA	NA	NA	NA	NA	NA	NA	NA	NA	NA	NA	NA	NA	NA	NA	NA	NA	NA	NA	NA	NA	NA	NA	NA	NA	NA	NA	NA	NA	NA	NA	NA	NA	NA	NA	NA	NA	NA	NA	NA	NA	NA	NA	NA	NA	NA	NA	NA
cg10208777	0.710408018331169	0.901832419670007	0.766412629944361	NA	0.808955397980111	0.70602178944459	0.76901909509927	0.864146440731081	0.230450248658784	0.861430989278355	0.627772789519991	0.909906942813313	0.764618864194482	0.150729251994097	0.784156625423704	NA	0.298521890155292	0.483154103396167	0.426999015407074	0.448788580603475	0.682600563330913	0.422080492736893	0.172339819521652	0.748246698235363	0.23137485950357	0.869372098980586	0.863822846312116	0.916323403274732	NA	0.943500518120412	NA	0.358221723269809	0.772691657792214	0.837470949642868	0.565870175403294	0.447921680324058	0.427798325115689	0.910627339989757	0.840185405141033	0.230691354712905	NA	0.826783898094228	0.527383721740768	0.140841888775305	0.406274159563201	0.211214485295731	0.094715644201602	NA	0.170343349228725	NA	0.791015068274803	0.575556913712885	NA	0.629805596523313	0.536462879723489	0.500430667098522	0.597326697606055	0.930421771875331	NA	0.869183793665546	0.625622734793559	0.921116980478025	0.393961552227253	0.851788443280932	0.855697548090859	0.837635296733106	0.485763784092027	0.292076260124205	NA	0.659411136171584	NA	0.769451975099769	0.886717319299908	0.197294175678304	0.930477229674338	0.458692680937652	NA	NA	0.710053408635819	0.29000419815533	0.151166348586797	NA	0.247811396557534	0.423039739257667	0.206583024386515	NA	0.790403344235147	0.343938477287369	0.608798165637886	0.815028160344322	0.77529113798647	NA	0.206353895203047	0.0853119463112232	0.464281934476701	0.796927015538924	NA	0.477488883523918	0.783368691315698
cg10213886	NA	NA	NA	NA	NA	NA	NA	NA	NA	NA	NA	NA	NA	NA	NA	NA	NA	NA	NA	NA	NA	NA	NA	NA	NA	NA	NA	NA	NA	NA	NA	NA	NA	NA	NA	NA	NA	NA	NA	NA	NA	NA	NA	NA	NA	NA	NA	NA	NA	NA	NA	NA	NA	NA	NA	NA	NA	NA	NA	NA	NA	NA	NA	NA	NA	NA	NA	NA	NA	NA	NA	NA	NA	NA	NA	NA	NA	NA	NA	NA	NA	NA	NA	NA	NA	NA	NA	NA	NA	NA	NA	NA	NA	NA	NA	NA	NA	NA	NA
cg10223155	NA	NA	NA	NA	NA	NA	NA	NA	NA	NA	NA	NA	NA	NA	NA	NA	NA	NA	NA	NA	NA	NA	NA	NA	NA	NA	NA	NA	NA	NA	NA	NA	NA	NA	NA	NA	NA	NA	NA	NA	NA	NA	NA	NA	NA	NA	NA	NA	NA	NA	NA	NA	NA	NA	NA	NA	NA	NA	NA	NA	NA	NA	NA	NA	NA	NA	NA	NA	NA	NA	NA	NA	NA	NA	NA	NA	NA	NA	NA	NA	NA	NA	NA	NA	NA	NA	NA	NA	NA	NA	NA	NA	NA	NA	NA	NA	NA	NA	NA
cg10241247	NA	NA	NA	NA	NA	NA	NA	NA	NA	NA	NA	NA	NA	NA	NA	NA	NA	NA	NA	NA	NA	NA	NA	NA	NA	NA	NA	NA	NA	NA	NA	NA	NA	NA	NA	NA	NA	NA	NA	NA	NA	NA	NA	NA	NA	NA	NA	NA	NA	NA	NA	NA	NA	NA	NA	NA	NA	NA	NA	NA	NA	NA	NA	NA	NA	NA	NA	NA	NA	NA	NA	NA	NA	NA	NA	NA	NA	NA	NA	NA	NA	NA	NA	NA	NA	NA	NA	NA	NA	NA	NA	NA	NA	NA	NA	NA	NA	NA	NA
cg10266189	0.956303461570483	0.979911276606331	0.976825303461848	0.984141919912136	0.976722452319518	0.986077309108147	0.97014665038044	0.96838042766229	0.980523314370465	0.976575680962524	0.951192284594281	0.980277011420833	0.97903846614062	0.978518733400464	0.9755159176452	0.972286789633576	0.97759711468536	0.982839026663349	0.982106871531089	0.978247182699029	0.983850433116636	0.976974583254629	0.979761163694274	0.980046988725095	0.984333695409787	0.981260225932322	0.981910004841258	0.982399345042587	0.983041605415357	0.976736213955023	0.982890019695196	0.978804566759579	0.968565391564286	0.977177856374486	0.962615916576523	0.965173556586214	0.971964414902671	0.973153242469707	0.978045868584012	0.978050500087897	0.979075005339713	0.983430932349486	0.983076786713614	0.982824397882985	0.974588856338816	0.978521307474463	0.9784502992269	0.949494473234373	0.980350851758338	0.983425134704896	0.975953399890562	0.978709724116309	0.968733925212742	0.982141321820832	0.976456255050735	0.975648502338353	0.977926942300399	0.985607212214137	0.968558933916893	0.974536465582837	0.972592317273229	0.981531012935733	0.978511660048576	0.972872065867054	0.967410734141769	0.970238575612435	0.979738088728419	0.973929563550436	0.966874714523891	0.975296103764495	0.976545957691389	0.976266164722892	0.982006082302201	0.975513579804498	0.976943333681655	0.973856336717178	0.982251145391523	0.974760622547234	0.981437453634804	0.985158614824166	0.919384800913199	0.977770690449968	0.923852186267388	0.972277885519598	0.9807039358562	0.975686510539742	0.976602021009391	0.982175892776507	0.972727939820218	0.976960944216547	0.975972854186455	0.977629157759221	0.963790551683029	0.974815559523966	0.707506495734801	0.984268402380846	0.978408250898878	0.972017663565087	0.978746759878452
cg10295683	NA	NA	NA	NA	NA	NA	NA	NA	NA	NA	NA	NA	NA	NA	NA	NA	NA	NA	NA	NA	NA	NA	NA	NA	NA	NA	NA	NA	NA	NA	NA	NA	NA	NA	NA	NA	NA	NA	NA	NA	NA	NA	NA	NA	NA	NA	NA	NA	NA	NA	NA	NA	NA	NA	NA	NA	NA	NA	NA	NA	NA	NA	NA	NA	NA	NA	NA	NA	NA	NA	NA	NA	NA	NA	NA	NA	NA	NA	NA	NA	NA	NA	NA	NA	NA	NA	NA	NA	NA	NA	NA	NA	NA	NA	NA	NA	NA	NA	NA
cg10304084	0.972104894243306	0.960658361442517	0.969295442642228	0.961069101276775	0.973216043722293	0.952284308430652	0.973208942874885	0.541805095609122	0.964021627766958	0.378236362691609	0.972123566600382	0.94446532048506	0.961242377219313	0.966532945166021	0.956281352601784	0.973986527723646	0.968054857648496	0.975692468905082	0.96722683790892	0.977036733849204	0.955322609637281	0.705278431947374	0.958482390704497	0.972336337175566	0.578851232283198	0.965162622404234	0.968688905359131	0.953961085135171	0.965879612826092	0.599638608147683	0.967391042711106	0.662518982582257	0.727651732083896	0.956141222027258	0.970996312087237	0.970584160767373	0.970876346812755	0.399466448563052	0.952331596051784	0.961578557726619	0.970295562184644	0.960467374261014	0.970278699703524	0.975484474582352	0.967495683837428	0.963713120916101	0.960724507038607	0.798584980348818	0.958800227663579	0.963014643685531	0.690127116662567	0.951376888442727	0.967204445703005	0.969360268731257	0.964881256313796	0.957595360811544	0.969130826041443	0.962665710751423	0.960791758950283	0.959751975349609	0.968046204919633	0.956466028199031	0.962067210443973	0.396395562136736	0.969994967645159	0.973274508771562	0.962314558955397	0.975868818753804	0.952595611601812	0.963463047926887	0.967248894814919	0.967759224612785	0.97019868757468	0.971496635619046	0.973823931273453	0.964958011161013	0.933371926594582	0.96034508594696	0.961699187857226	0.976890593674245	0.962857596423096	0.487132362170183	0.96845969121418	0.968574925477452	0.88166705365367	0.977193208577244	0.967362676239009	0.964947211769098	0.951994158835623	0.958567690989265	0.937937168959638	0.974096391884635	0.962631397161114	0.973957868336685	0.664900578047593	0.959141322491797	0.962844729937856	0.970581164877429	0.962352911841183
cg10317162	NA	NA	NA	NA	NA	NA	NA	NA	NA	NA	NA	NA	NA	NA	NA	NA	NA	NA	NA	NA	NA	NA	NA	NA	NA	NA	NA	NA	NA	NA	NA	NA	NA	NA	NA	NA	NA	NA	NA	NA	NA	NA	NA	NA	NA	NA	NA	NA	NA	NA	NA	NA	NA	NA	NA	NA	NA	NA	NA	NA	NA	NA	NA	NA	NA	NA	NA	NA	NA	NA	NA	NA	NA	NA	NA	NA	NA	NA	NA	NA	NA	NA	NA	NA	NA	NA	NA	NA	NA	NA	NA	NA	NA	NA	NA	NA	NA	NA	NA
cg10346147	NA	NA	NA	NA	NA	NA	NA	NA	NA	NA	NA	NA	NA	NA	NA	NA	NA	NA	NA	NA	NA	NA	NA	NA	NA	NA	NA	NA	NA	NA	NA	NA	NA	NA	NA	NA	NA	NA	NA	NA	NA	NA	NA	NA	NA	NA	NA	NA	NA	NA	NA	NA	NA	NA	NA	NA	NA	NA	NA	NA	NA	NA	NA	NA	NA	NA	NA	NA	NA	NA	NA	NA	NA	NA	NA	NA	NA	NA	NA	NA	NA	NA	NA	NA	NA	NA	NA	NA	NA	NA	NA	NA	NA	NA	NA	NA	NA	NA	NA
cg10369313	NA	NA	NA	NA	NA	NA	NA	NA	NA	NA	NA	NA	NA	NA	NA	NA	NA	NA	NA	NA	NA	NA	NA	NA	NA	NA	NA	NA	NA	NA	NA	NA	NA	NA	NA	NA	NA	NA	NA	NA	NA	NA	NA	NA	NA	NA	NA	NA	NA	NA	NA	NA	NA	NA	NA	NA	NA	NA	NA	NA	NA	NA	NA	NA	NA	NA	NA	NA	NA	NA	NA	NA	NA	NA	NA	NA	NA	NA	NA	NA	NA	NA	NA	NA	NA	NA	NA	NA	NA	NA	NA	NA	NA	NA	NA	NA	NA	NA	NA
cg10369444	NA	NA	NA	NA	NA	NA	NA	NA	NA	NA	NA	NA	NA	NA	NA	NA	NA	NA	NA	NA	NA	NA	NA	NA	NA	NA	NA	NA	NA	NA	NA	NA	NA	NA	NA	NA	NA	NA	NA	NA	NA	NA	NA	NA	NA	NA	NA	NA	NA	NA	NA	NA	NA	NA	NA	NA	NA	NA	NA	NA	NA	NA	NA	NA	NA	NA	NA	NA	NA	NA	NA	NA	NA	NA	NA	NA	NA	NA	NA	NA	NA	NA	NA	NA	NA	NA	NA	NA	NA	NA	NA	NA	NA	NA	NA	NA	NA	NA	NA
cg10375884	0.392558918569875	0.313930939498132	0.314831974059015	0.333503098964845	0.444999311728441	0.300918455558264	0.553775625818468	0.181209845800987	0.362632373550641	0.513168721439907	0.366806880547336	0.41152428855694	0.445887648671401	0.162602324340452	0.338104910218287	0.168300225988184	0.338231641982368	0.443959600923802	0.235210487570058	0.249723984457107	0.453620946621664	0.384373745558306	0.167784700142253	0.407419248394632	0.505094605029234	0.481934857532906	0.277832492929213	0.290858412298426	0.228653876879558	0.228945227341663	0.209304546821723	0.432780690908795	0.203349136404573	0.337421010091475	0.226805227799933	0.220149216441566	0.304108028402441	0.364148445830157	0.522135804852074	0.319552694746521	0.271750587094538	0.235403897240846	0.555512232879324	0.256269309401708	0.392062823088338	0.452870023837558	0.401146398321049	0.51784336025548	0.252402748480974	0.351478372145836	0.294325119912638	0.423928607969071	0.21427283284124	0.492249001787739	0.434211430539337	0.342633352723934	0.298918628767992	0.319152241870002	0.246053718574083	0.651030225064977	0.270735570828062	0.134764671331006	0.253515993260216	0.328922497954636	0.366514369709733	0.353607843960813	0.313312775687758	0.309780477899556	0.458278144653687	0.320632471468927	0.391817820864989	0.433348717155367	0.235200169843114	0.300633646308403	0.695495965262502	0.497608421370998	0.267651146149229	0.217558361905229	0.318424313156069	0.441559296887978	0.248551870207715	0.366831990444542	0.270574597706093	0.415046471802246	0.328442137147722	0.297978546427296	0.470673701228646	0.376407078716369	0.193834409921981	0.48837695638473	0.551786295899679	0.541398583800038	0.331536762769007	0.29559495327221	0.283784080571233	0.265227456906948	0.556726209509378	0.325889803409979	0.451878161413502
cg10390329	NA	NA	NA	NA	NA	NA	NA	NA	NA	NA	NA	NA	NA	NA	NA	NA	NA	NA	NA	NA	NA	NA	NA	NA	NA	NA	NA	NA	NA	NA	NA	NA	NA	NA	NA	NA	NA	NA	NA	NA	NA	NA	NA	NA	NA	NA	NA	NA	NA	NA	NA	NA	NA	NA	NA	NA	NA	NA	NA	NA	NA	NA	NA	NA	NA	NA	NA	NA	NA	NA	NA	NA	NA	NA	NA	NA	NA	NA	NA	NA	NA	NA	NA	NA	NA	NA	NA	NA	NA	NA	NA	NA	NA	NA	NA	NA	NA	NA	NA
cg10515439	NA	NA	NA	NA	NA	NA	NA	NA	NA	NA	NA	NA	NA	NA	NA	NA	NA	NA	NA	NA	NA	NA	NA	NA	NA	NA	NA	NA	NA	NA	NA	NA	NA	NA	NA	NA	NA	NA	NA	NA	NA	NA	NA	NA	NA	NA	NA	NA	NA	NA	NA	NA	NA	NA	NA	NA	NA	NA	NA	NA	NA	NA	NA	NA	NA	NA	NA	NA	NA	NA	NA	NA	NA	NA	NA	NA	NA	NA	NA	NA	NA	NA	NA	NA	NA	NA	NA	NA	NA	NA	NA	NA	NA	NA	NA	NA	NA	NA	NA
cg10531521	NA	NA	NA	NA	NA	NA	NA	NA	NA	NA	NA	NA	NA	NA	NA	NA	NA	NA	NA	NA	NA	NA	NA	NA	NA	NA	NA	NA	NA	NA	NA	NA	NA	NA	NA	NA	NA	NA	NA	NA	NA	NA	NA	NA	NA	NA	NA	NA	NA	NA	NA	NA	NA	NA	NA	NA	NA	NA	NA	NA	NA	NA	NA	NA	NA	NA	NA	NA	NA	NA	NA	NA	NA	NA	NA	NA	NA	NA	NA	NA	NA	NA	NA	NA	NA	NA	NA	NA	NA	NA	NA	NA	NA	NA	NA	NA	NA	NA	NA
cg10533493	NA	NA	NA	NA	NA	NA	NA	NA	NA	NA	NA	NA	NA	NA	NA	NA	NA	NA	NA	NA	NA	NA	NA	NA	NA	NA	NA	NA	NA	NA	NA	NA	NA	NA	NA	NA	NA	NA	NA	NA	NA	NA	NA	NA	NA	NA	NA	NA	NA	NA	NA	NA	NA	NA	NA	NA	NA	NA	NA	NA	NA	NA	NA	NA	NA	NA	NA	NA	NA	NA	NA	NA	NA	NA	NA	NA	NA	NA	NA	NA	NA	NA	NA	NA	NA	NA	NA	NA	NA	NA	NA	NA	NA	NA	NA	NA	NA	NA	NA
cg10617091	0.900209512518617	0.863418007233714	0.824935866270449	0.8996768347758	NA	0.897191842127964	NA	0.866742158478143	0.887709944066349	0.839765347246594	0.895464269272635	0.884734666575418	0.896552782840486	0.911886515549155	0.8856120971227	0.885684746081892	0.816870920985755	0.867977827385741	0.887148781350159	0.880774986946782	0.898756973338653	0.910469805772244	0.887592912907168	0.824833530574995	0.890837125658387	0.879812100374718	0.869025603308921	0.892839400854526	0.874181990487842	0.876527766399192	0.873002881457127	0.861177992777541	0.913501906361416	0.888753904440047	0.87491934859734	0.849483500047928	0.863359782602747	0.888182770765153	0.881448660803928	0.886129423875433	0.863684315477123	0.893701590485829	0.837399398864032	0.919405139790773	0.868260147693186	0.846335865881712	0.89993930250299	NA	0.899353065891606	0.904480934843132	0.9254097075667	0.866868511700662	0.827312840249484	0.900035311983777	0.891172816058166	0.880218065334697	0.887237393349649	0.893170714656538	0.845371345774951	0.83153603788173	0.865298660522309	0.867394134463892	0.878812510680651	0.830670614831221	NA	0.824883316643224	0.858870726496365	NA	NA	0.872353666595287	NA	0.870979160809887	0.9058982534734	NA	0.884035610776071	0.872445938824236	0.887605713959415	0.884984460168863	0.943548776268895	0.808891904298862	0.882680322368016	0.874294833220727	0.893883048327131	NA	0.907239417997301	0.879025903247336	0.875400566611685	0.864579031860391	0.866882420536128	0.866845728582101	NA	NA	0.879533863785796	NA	0.841016720728313	0.881668816257487	NA	0.857523812929708	0.875707926554718
cg10635350	NA	NA	NA	NA	NA	NA	NA	NA	NA	NA	NA	NA	NA	NA	NA	NA	NA	NA	NA	NA	NA	NA	NA	NA	NA	NA	NA	NA	NA	NA	NA	NA	NA	NA	NA	NA	NA	NA	NA	NA	NA	NA	NA	NA	NA	NA	NA	NA	NA	NA	NA	NA	NA	NA	NA	NA	NA	NA	NA	NA	NA	NA	NA	NA	NA	NA	NA	NA	NA	NA	NA	NA	NA	NA	NA	NA	NA	NA	NA	NA	NA	NA	NA	NA	NA	NA	NA	NA	NA	NA	NA	NA	NA	NA	NA	NA	NA	NA	NA
cg10635719	NA	NA	NA	NA	NA	NA	NA	NA	NA	NA	NA	NA	NA	NA	NA	NA	NA	NA	NA	NA	NA	NA	NA	NA	NA	NA	NA	NA	NA	NA	NA	NA	NA	NA	NA	NA	NA	NA	NA	NA	NA	NA	NA	NA	NA	NA	NA	NA	NA	NA	NA	NA	NA	NA	NA	NA	NA	NA	NA	NA	NA	NA	NA	NA	NA	NA	NA	NA	NA	NA	NA	NA	NA	NA	NA	NA	NA	NA	NA	NA	NA	NA	NA	NA	NA	NA	NA	NA	NA	NA	NA	NA	NA	NA	NA	NA	NA	NA	NA
cg10677688	NA	NA	NA	NA	NA	NA	NA	NA	NA	NA	NA	NA	NA	NA	NA	NA	NA	NA	NA	NA	NA	NA	NA	NA	NA	NA	NA	NA	NA	NA	NA	NA	NA	NA	NA	NA	NA	NA	NA	NA	NA	NA	NA	NA	NA	NA	NA	NA	NA	NA	NA	NA	NA	NA	NA	NA	NA	NA	NA	NA	NA	NA	NA	NA	NA	NA	NA	NA	NA	NA	NA	NA	NA	NA	NA	NA	NA	NA	NA	NA	NA	NA	NA	NA	NA	NA	NA	NA	NA	NA	NA	NA	NA	NA	NA	NA	NA	NA	NA
cg10681811	NA	NA	NA	NA	NA	NA	NA	NA	NA	NA	NA	NA	NA	NA	NA	NA	NA	NA	NA	NA	NA	NA	NA	NA	NA	NA	NA	NA	NA	NA	NA	NA	NA	NA	NA	NA	NA	NA	NA	NA	NA	NA	NA	NA	NA	NA	NA	NA	NA	NA	NA	NA	NA	NA	NA	NA	NA	NA	NA	NA	NA	NA	NA	NA	NA	NA	NA	NA	NA	NA	NA	NA	NA	NA	NA	NA	NA	NA	NA	NA	NA	NA	NA	NA	NA	NA	NA	NA	NA	NA	NA	NA	NA	NA	NA	NA	NA	NA	NA
cg10747758	NA	NA	NA	NA	NA	NA	NA	NA	NA	NA	NA	NA	NA	NA	NA	NA	NA	NA	NA	NA	NA	NA	NA	NA	NA	NA	NA	NA	NA	NA	NA	NA	NA	NA	NA	NA	NA	NA	NA	NA	NA	NA	NA	NA	NA	NA	NA	NA	NA	NA	NA	NA	NA	NA	NA	NA	NA	NA	NA	NA	NA	NA	NA	NA	NA	NA	NA	NA	NA	NA	NA	NA	NA	NA	NA	NA	NA	NA	NA	NA	NA	NA	NA	NA	NA	NA	NA	NA	NA	NA	NA	NA	NA	NA	NA	NA	NA	NA	NA
cg10751914	NA	NA	NA	NA	NA	NA	NA	NA	NA	NA	NA	NA	NA	NA	NA	NA	NA	NA	NA	NA	NA	NA	NA	NA	NA	NA	NA	NA	NA	NA	NA	NA	NA	NA	NA	NA	NA	NA	NA	NA	NA	NA	NA	NA	NA	NA	NA	NA	NA	NA	NA	NA	NA	NA	NA	NA	NA	NA	NA	NA	NA	NA	NA	NA	NA	NA	NA	NA	NA	NA	NA	NA	NA	NA	NA	NA	NA	NA	NA	NA	NA	NA	NA	NA	NA	NA	NA	NA	NA	NA	NA	NA	NA	NA	NA	NA	NA	NA	NA
cg10759572	NA	NA	NA	NA	NA	NA	NA	NA	NA	NA	NA	NA	NA	NA	NA	NA	NA	NA	NA	NA	NA	NA	NA	NA	NA	NA	NA	NA	NA	NA	NA	NA	NA	NA	NA	NA	NA	NA	NA	NA	NA	NA	NA	NA	NA	NA	NA	NA	NA	NA	NA	NA	NA	NA	NA	NA	NA	NA	NA	NA	NA	NA	NA	NA	NA	NA	NA	NA	NA	NA	NA	NA	NA	NA	NA	NA	NA	NA	NA	NA	NA	NA	NA	NA	NA	NA	NA	NA	NA	NA	NA	NA	NA	NA	NA	NA	NA	NA	NA
cg10778931	NA	NA	NA	NA	NA	NA	NA	NA	NA	NA	NA	NA	NA	NA	NA	NA	NA	NA	NA	NA	NA	NA	NA	NA	NA	NA	NA	NA	NA	NA	NA	NA	NA	NA	NA	NA	NA	NA	NA	NA	NA	NA	NA	NA	NA	NA	NA	NA	NA	NA	NA	NA	NA	NA	NA	NA	NA	NA	NA	NA	NA	NA	NA	NA	NA	NA	NA	NA	NA	NA	NA	NA	NA	NA	NA	NA	NA	NA	NA	NA	NA	NA	NA	NA	NA	NA	NA	NA	NA	NA	NA	NA	NA	NA	NA	NA	NA	NA	NA
cg10800519	NA	NA	NA	NA	NA	NA	NA	NA	NA	NA	NA	NA	NA	NA	NA	NA	NA	NA	NA	NA	NA	NA	NA	NA	NA	NA	NA	NA	NA	NA	NA	NA	NA	NA	NA	NA	NA	NA	NA	NA	NA	NA	NA	NA	NA	NA	NA	NA	NA	NA	NA	NA	NA	NA	NA	NA	NA	NA	NA	NA	NA	NA	NA	NA	NA	NA	NA	NA	NA	NA	NA	NA	NA	NA	NA	NA	NA	NA	NA	NA	NA	NA	NA	NA	NA	NA	NA	NA	NA	NA	NA	NA	NA	NA	NA	NA	NA	NA	NA
cg10817408	NA	NA	NA	NA	NA	NA	NA	NA	NA	NA	NA	NA	NA	NA	NA	NA	NA	NA	NA	NA	NA	NA	NA	NA	NA	NA	NA	NA	NA	NA	NA	NA	NA	NA	NA	NA	NA	NA	NA	NA	NA	NA	NA	NA	NA	NA	NA	NA	NA	NA	NA	NA	NA	NA	NA	NA	NA	NA	NA	NA	NA	NA	NA	NA	NA	NA	NA	NA	NA	NA	NA	NA	NA	NA	NA	NA	NA	NA	NA	NA	NA	NA	NA	NA	NA	NA	NA	NA	NA	NA	NA	NA	NA	NA	NA	NA	NA	NA	NA
cg10839128	NA	NA	NA	NA	NA	NA	NA	NA	NA	NA	NA	NA	NA	NA	NA	NA	NA	NA	NA	NA	NA	NA	NA	NA	NA	NA	NA	NA	NA	NA	NA	NA	NA	NA	NA	NA	NA	NA	NA	NA	NA	NA	NA	NA	NA	NA	NA	NA	NA	NA	NA	NA	NA	NA	NA	NA	NA	NA	NA	NA	NA	NA	NA	NA	NA	NA	NA	NA	NA	NA	NA	NA	NA	NA	NA	NA	NA	NA	NA	NA	NA	NA	NA	NA	NA	NA	NA	NA	NA	NA	NA	NA	NA	NA	NA	NA	NA	NA	NA
cg10840054	NA	NA	NA	NA	NA	NA	NA	NA	NA	NA	NA	NA	NA	NA	NA	NA	NA	NA	NA	NA	NA	NA	NA	NA	NA	NA	NA	NA	NA	NA	NA	NA	NA	NA	NA	NA	NA	NA	NA	NA	NA	NA	NA	NA	NA	NA	NA	NA	NA	NA	NA	NA	NA	NA	NA	NA	NA	NA	NA	NA	NA	NA	NA	NA	NA	NA	NA	NA	NA	NA	NA	NA	NA	NA	NA	NA	NA	NA	NA	NA	NA	NA	NA	NA	NA	NA	NA	NA	NA	NA	NA	NA	NA	NA	NA	NA	NA	NA	NA
cg10840615	NA	NA	NA	NA	NA	NA	NA	NA	NA	NA	NA	NA	NA	NA	NA	NA	NA	NA	NA	NA	NA	NA	NA	NA	NA	NA	NA	NA	NA	NA	NA	NA	NA	NA	NA	NA	NA	NA	NA	NA	NA	NA	NA	NA	NA	NA	NA	NA	NA	NA	NA	NA	NA	NA	NA	NA	NA	NA	NA	NA	NA	NA	NA	NA	NA	NA	NA	NA	NA	NA	NA	NA	NA	NA	NA	NA	NA	NA	NA	NA	NA	NA	NA	NA	NA	NA	NA	NA	NA	NA	NA	NA	NA	NA	NA	NA	NA	NA	NA
cg10846614	0.313193194618307	0.227413786237289	0.172591807563519	0.196875005619871	0.231307643305	0.228363835089134	0.241476963910066	0.111324020506522	0.205980047920319	0.108128733218058	0.155382228924522	0.202243549632626	0.486285732320132	0.14140200027185	0.578044425575617	0.179201220037863	0.298945245563726	0.197113069756973	0.110523183809714	0.190383582111832	0.290229270156191	0.398750418971457	0.0747406815302511	0.20219989621742	0.150177566618076	0.414753709728724	0.119116542600524	0.142768016260541	0.154032955454173	0.115731404880886	0.21227761195214	0.312837405758424	0.129813228960652	0.138131503469572	0.138173600428064	0.058148158307684	0.0844180981678756	0.142218237251184	0.235468475788564	0.186744033218864	0.152172342627605	0.122280846425838	0.298419773457895	0.0923182728325755	0.178892019751577	0.211261501998515	0.132786754313843	0.247380954678459	0.115663406642373	0.155512532103818	0.20620017848697	0.256384323072528	0.105507297036961	0.29264454606593	0.219160305889907	0.174986767134398	0.151494851863538	0.145035569893874	0.0976347908515292	0.356659070473855	0.179016568173115	0.0851785100110896	0.098359312893875	0.266238290659045	0.218718767701402	0.229406161106565	0.278961319086338	0.207954777969596	0.211113177215774	0.261813426805168	0.116444148221847	0.314126746301078	0.259360993496567	0.140984341946214	0.436446511211452	0.18863432721316	0.218950205358392	0.0939887048946036	0.13552862776625	0.250803215983134	0.130187395406011	0.256458513093546	0.111278028171857	0.179840771595337	0.253512878561481	0.125613092405667	0.117349818728263	0.14741735364708	0.186065480139844	0.262440914239246	0.100648315123782	0.205719506733729	0.129044733663766	0.061281738287736	0.161456677554556	0.165772555856254	0.199685245520415	0.302184350849948	0.25407108440584
cg10867456	NA	NA	NA	NA	NA	NA	NA	NA	NA	NA	NA	NA	NA	NA	NA	NA	NA	NA	NA	NA	NA	NA	NA	NA	NA	NA	NA	NA	NA	NA	NA	NA	NA	NA	NA	NA	NA	NA	NA	NA	NA	NA	NA	NA	NA	NA	NA	NA	NA	NA	NA	NA	NA	NA	NA	NA	NA	NA	NA	NA	NA	NA	NA	NA	NA	NA	NA	NA	NA	NA	NA	NA	NA	NA	NA	NA	NA	NA	NA	NA	NA	NA	NA	NA	NA	NA	NA	NA	NA	NA	NA	NA	NA	NA	NA	NA	NA	NA	NA
cg10930679	0.749217374604052	0.948829051426255	0.821535592243717	0.891734737734405	0.915587616546142	0.576091773408399	0.936353145869102	0.925588393212572	0.864766551319143	0.928108016423057	0.835479053084929	0.907595785451277	0.928171678286322	0.751487120559461	0.923569903911088	0.707423826330525	0.943269160173747	0.625821286706141	0.931654652827438	0.663862748070287	0.705368215111675	0.618547188316817	0.423379634636565	0.730916909461288	0.369924988568055	0.723181243977331	0.935796843099929	0.917092853747829	0.914993049871977	0.903613757129756	0.929183533665273	0.744156268541505	0.834826892095311	0.86375896830941	0.911477837669967	0.874276779716527	0.741938005739414	0.912034696761722	0.927718335101405	0.878076690797862	0.928478215764444	0.941049161328276	0.913691578670944	0.886347696949296	0.940055308699287	0.707151101194178	0.550586930795263	0.674747937328202	0.580655051535147	0.939923450615776	0.717772647208968	0.931867769302654	0.657313941169215	0.910113879323276	0.678742261644841	0.456993645477645	0.667821665616666	0.650712428627734	0.686893172989246	0.710441470443681	0.62592471908979	0.42071480073663	0.939688382761784	0.655638994094561	0.936269701480021	0.705785520949881	0.910061055096836	0.960242270817203	0.518615133546517	0.741068535185993	0.932610210305418	0.701592649593121	0.696231324101535	0.672378312866621	0.948663011220966	0.624990747126213	0.558572575046424	0.831333254579215	0.899941171906529	0.633293255262427	0.86295249690414	0.899480219757129	0.888509790192554	0.669671470243434	0.887178153459081	0.744169950262086	0.922042131556432	0.579298774615803	0.703986015182599	0.897656719712681	0.701241741487923	0.852795499399024	0.61323387419234	0.433264172436087	0.954287649603728	0.858805328847088	0.857594814228459	0.847079209095061	0.930604699061528
cg10932815	NA	NA	NA	NA	NA	NA	NA	NA	NA	NA	NA	NA	NA	NA	NA	NA	NA	NA	NA	NA	NA	NA	NA	NA	NA	NA	NA	NA	NA	NA	NA	NA	NA	NA	NA	NA	NA	NA	NA	NA	NA	NA	NA	NA	NA	NA	NA	NA	NA	NA	NA	NA	NA	NA	NA	NA	NA	NA	NA	NA	NA	NA	NA	NA	NA	NA	NA	NA	NA	NA	NA	NA	NA	NA	NA	NA	NA	NA	NA	NA	NA	NA	NA	NA	NA	NA	NA	NA	NA	NA	NA	NA	NA	NA	NA	NA	NA	NA	NA
cg10945028	NA	NA	NA	NA	NA	NA	NA	NA	NA	NA	NA	NA	NA	NA	NA	NA	NA	NA	NA	NA	NA	NA	NA	NA	NA	NA	NA	NA	NA	NA	NA	NA	NA	NA	NA	NA	NA	NA	NA	NA	NA	NA	NA	NA	NA	NA	NA	NA	NA	NA	NA	NA	NA	NA	NA	NA	NA	NA	NA	NA	NA	NA	NA	NA	NA	NA	NA	NA	NA	NA	NA	NA	NA	NA	NA	NA	NA	NA	NA	NA	NA	NA	NA	NA	NA	NA	NA	NA	NA	NA	NA	NA	NA	NA	NA	NA	NA	NA	NA
cg10959344	NA	NA	NA	NA	NA	NA	NA	NA	NA	NA	NA	NA	NA	NA	NA	NA	NA	NA	NA	NA	NA	NA	NA	NA	NA	NA	NA	NA	NA	NA	NA	NA	NA	NA	NA	NA	NA	NA	NA	NA	NA	NA	NA	NA	NA	NA	NA	NA	NA	NA	NA	NA	NA	NA	NA	NA	NA	NA	NA	NA	NA	NA	NA	NA	NA	NA	NA	NA	NA	NA	NA	NA	NA	NA	NA	NA	NA	NA	NA	NA	NA	NA	NA	NA	NA	NA	NA	NA	NA	NA	NA	NA	NA	NA	NA	NA	NA	NA	NA
cg10998505	NA	NA	NA	NA	NA	NA	NA	NA	NA	NA	NA	NA	NA	NA	NA	NA	NA	NA	NA	NA	NA	NA	NA	NA	NA	NA	NA	NA	NA	NA	NA	NA	NA	NA	NA	NA	NA	NA	NA	NA	NA	NA	NA	NA	NA	NA	NA	NA	NA	NA	NA	NA	NA	NA	NA	NA	NA	NA	NA	NA	NA	NA	NA	NA	NA	NA	NA	NA	NA	NA	NA	NA	NA	NA	NA	NA	NA	NA	NA	NA	NA	NA	NA	NA	NA	NA	NA	NA	NA	NA	NA	NA	NA	NA	NA	NA	NA	NA	NA
cg11047457	NA	NA	NA	NA	NA	NA	NA	NA	NA	NA	NA	NA	NA	NA	NA	NA	NA	NA	NA	NA	NA	NA	NA	NA	NA	NA	NA	NA	NA	NA	NA	NA	NA	NA	NA	NA	NA	NA	NA	NA	NA	NA	NA	NA	NA	NA	NA	NA	NA	NA	NA	NA	NA	NA	NA	NA	NA	NA	NA	NA	NA	NA	NA	NA	NA	NA	NA	NA	NA	NA	NA	NA	NA	NA	NA	NA	NA	NA	NA	NA	NA	NA	NA	NA	NA	NA	NA	NA	NA	NA	NA	NA	NA	NA	NA	NA	NA	NA	NA
cg11089276	NA	NA	NA	NA	NA	NA	NA	NA	NA	NA	NA	NA	NA	NA	NA	NA	NA	NA	NA	NA	NA	NA	NA	NA	NA	NA	NA	NA	NA	NA	NA	NA	NA	NA	NA	NA	NA	NA	NA	NA	NA	NA	NA	NA	NA	NA	NA	NA	NA	NA	NA	NA	NA	NA	NA	NA	NA	NA	NA	NA	NA	NA	NA	NA	NA	NA	NA	NA	NA	NA	NA	NA	NA	NA	NA	NA	NA	NA	NA	NA	NA	NA	NA	NA	NA	NA	NA	NA	NA	NA	NA	NA	NA	NA	NA	NA	NA	NA	NA
cg11122456	NA	NA	NA	NA	NA	NA	NA	NA	NA	NA	NA	NA	NA	NA	NA	NA	NA	NA	NA	NA	NA	NA	NA	NA	NA	NA	NA	NA	NA	NA	NA	NA	NA	NA	NA	NA	NA	NA	NA	NA	NA	NA	NA	NA	NA	NA	NA	NA	NA	NA	NA	NA	NA	NA	NA	NA	NA	NA	NA	NA	NA	NA	NA	NA	NA	NA	NA	NA	NA	NA	NA	NA	NA	NA	NA	NA	NA	NA	NA	NA	NA	NA	NA	NA	NA	NA	NA	NA	NA	NA	NA	NA	NA	NA	NA	NA	NA	NA	NA
cg11131508	NA	NA	NA	NA	NA	NA	NA	NA	NA	NA	NA	NA	NA	NA	NA	NA	NA	NA	NA	NA	NA	NA	NA	NA	NA	NA	NA	NA	NA	NA	NA	NA	NA	NA	NA	NA	NA	NA	NA	NA	NA	NA	NA	NA	NA	NA	NA	NA	NA	NA	NA	NA	NA	NA	NA	NA	NA	NA	NA	NA	NA	NA	NA	NA	NA	NA	NA	NA	NA	NA	NA	NA	NA	NA	NA	NA	NA	NA	NA	NA	NA	NA	NA	NA	NA	NA	NA	NA	NA	NA	NA	NA	NA	NA	NA	NA	NA	NA	NA
cg11135347	NA	NA	NA	NA	NA	NA	NA	NA	NA	NA	NA	NA	NA	NA	NA	NA	NA	NA	NA	NA	NA	NA	NA	NA	NA	NA	NA	NA	NA	NA	NA	NA	NA	NA	NA	NA	NA	NA	NA	NA	NA	NA	NA	NA	NA	NA	NA	NA	NA	NA	NA	NA	NA	NA	NA	NA	NA	NA	NA	NA	NA	NA	NA	NA	NA	NA	NA	NA	NA	NA	NA	NA	NA	NA	NA	NA	NA	NA	NA	NA	NA	NA	NA	NA	NA	NA	NA	NA	NA	NA	NA	NA	NA	NA	NA	NA	NA	NA	NA
cg11136406	NA	NA	NA	NA	NA	NA	NA	NA	NA	NA	NA	NA	NA	NA	NA	NA	NA	NA	NA	NA	NA	NA	NA	NA	NA	NA	NA	NA	NA	NA	NA	NA	NA	NA	NA	NA	NA	NA	NA	NA	NA	NA	NA	NA	NA	NA	NA	NA	NA	NA	NA	NA	NA	NA	NA	NA	NA	NA	NA	NA	NA	NA	NA	NA	NA	NA	NA	NA	NA	NA	NA	NA	NA	NA	NA	NA	NA	NA	NA	NA	NA	NA	NA	NA	NA	NA	NA	NA	NA	NA	NA	NA	NA	NA	NA	NA	NA	NA	NA
cg11137761	NA	NA	NA	NA	NA	NA	NA	NA	NA	NA	NA	NA	NA	NA	NA	NA	NA	NA	NA	NA	NA	NA	NA	NA	NA	NA	NA	NA	NA	NA	NA	NA	NA	NA	NA	NA	NA	NA	NA	NA	NA	NA	NA	NA	NA	NA	NA	NA	NA	NA	NA	NA	NA	NA	NA	NA	NA	NA	NA	NA	NA	NA	NA	NA	NA	NA	NA	NA	NA	NA	NA	NA	NA	NA	NA	NA	NA	NA	NA	NA	NA	NA	NA	NA	NA	NA	NA	NA	NA	NA	NA	NA	NA	NA	NA	NA	NA	NA	NA
cg11163362	NA	NA	NA	NA	NA	NA	NA	NA	NA	NA	NA	NA	NA	NA	NA	NA	NA	NA	NA	NA	NA	NA	NA	NA	NA	NA	NA	NA	NA	NA	NA	NA	NA	NA	NA	NA	NA	NA	NA	NA	NA	NA	NA	NA	NA	NA	NA	NA	NA	NA	NA	NA	NA	NA	NA	NA	NA	NA	NA	NA	NA	NA	NA	NA	NA	NA	NA	NA	NA	NA	NA	NA	NA	NA	NA	NA	NA	NA	NA	NA	NA	NA	NA	NA	NA	NA	NA	NA	NA	NA	NA	NA	NA	NA	NA	NA	NA	NA	NA
cg11165316	NA	NA	NA	NA	NA	NA	NA	NA	NA	NA	NA	NA	NA	NA	NA	NA	NA	NA	NA	NA	NA	NA	NA	NA	NA	NA	NA	NA	NA	NA	NA	NA	NA	NA	NA	NA	NA	NA	NA	NA	NA	NA	NA	NA	NA	NA	NA	NA	NA	NA	NA	NA	NA	NA	NA	NA	NA	NA	NA	NA	NA	NA	NA	NA	NA	NA	NA	NA	NA	NA	NA	NA	NA	NA	NA	NA	NA	NA	NA	NA	NA	NA	NA	NA	NA	NA	NA	NA	NA	NA	NA	NA	NA	NA	NA	NA	NA	NA	NA
cg11166888	NA	NA	NA	NA	NA	NA	NA	NA	NA	NA	NA	NA	NA	NA	NA	NA	NA	NA	NA	NA	NA	NA	NA	NA	NA	NA	NA	NA	NA	NA	NA	NA	NA	NA	NA	NA	NA	NA	NA	NA	NA	NA	NA	NA	NA	NA	NA	NA	NA	NA	NA	NA	NA	NA	NA	NA	NA	NA	NA	NA	NA	NA	NA	NA	NA	NA	NA	NA	NA	NA	NA	NA	NA	NA	NA	NA	NA	NA	NA	NA	NA	NA	NA	NA	NA	NA	NA	NA	NA	NA	NA	NA	NA	NA	NA	NA	NA	NA	NA
cg11205224	NA	NA	NA	NA	NA	NA	NA	NA	NA	NA	NA	NA	NA	NA	NA	NA	NA	NA	NA	NA	NA	NA	NA	NA	NA	NA	NA	NA	NA	NA	NA	NA	NA	NA	NA	NA	NA	NA	NA	NA	NA	NA	NA	NA	NA	NA	NA	NA	NA	NA	NA	NA	NA	NA	NA	NA	NA	NA	NA	NA	NA	NA	NA	NA	NA	NA	NA	NA	NA	NA	NA	NA	NA	NA	NA	NA	NA	NA	NA	NA	NA	NA	NA	NA	NA	NA	NA	NA	NA	NA	NA	NA	NA	NA	NA	NA	NA	NA	NA
cg11212329	0.384226116434219	0.335847343372634	0.219256695487363	0.37157217374904	0.385707729610711	0.272738480185764	0.439070193594446	0.105819111435164	0.306872390433788	0.112440850612369	0.198290885454573	0.331775101255916	0.450026697443524	0.159361498338084	0.622003817504435	0.184262254326115	0.210697694108581	0.299316248341699	0.195655493232794	0.248921912674585	0.368763691812809	0.366667327326915	0.101097611259115	0.215322067993358	0.228612110225108	0.322148976403819	0.172232348823008	0.206841945825571	0.375386936127755	0.255435765866856	0.244817649134118	0.330205027983208	0.181016921396645	0.349325434874297	0.179876964214134	0.116318543537494	0.18207103319988	0.160257223065599	0.491461871734276	0.57928622298371	0.197547073969473	0.198658254176908	0.294219391348332	0.567196522811171	0.159405539582194	0.271165960448718	0.216145882925402	0.434139866482984	0.208411346462123	0.506524085466972	0.265468356458647	0.311732469263634	0.177649406625304	0.373556516586498	0.294488084230132	0.245425319683577	0.151342527105974	0.181773435400901	0.170514544059374	0.605390656453475	0.188064869248127	0.159148154140429	0.291256548349935	0.253709418383305	0.286781406448893	0.321198869447634	0.180577854576311	0.408518372488243	0.598682790239648	0.402181076273557	0.179006459998046	0.323569622035307	0.47987605766884	0.275939439190425	0.5385207236673	0.25143644904221	0.194398340450236	0.13970375248141	0.200849106197551	0.401190490968334	0.228118208461935	0.246851768070435	0.223782323205888	0.341277924437373	0.240989527714885	0.166219891182686	0.79666909490881	0.181829706611712	0.167384095365988	0.45200103892512	0.558029716596183	0.423580359769494	0.304972453544882	0.100545900163984	0.289699106905745	0.885728292133263	0.262406089562195	0.44712395440946	0.297391251515497
cg11231740	NA	NA	NA	NA	NA	NA	NA	NA	NA	NA	NA	NA	NA	NA	NA	NA	NA	NA	NA	NA	NA	NA	NA	NA	NA	NA	NA	NA	NA	NA	NA	NA	NA	NA	NA	NA	NA	NA	NA	NA	NA	NA	NA	NA	NA	NA	NA	NA	NA	NA	NA	NA	NA	NA	NA	NA	NA	NA	NA	NA	NA	NA	NA	NA	NA	NA	NA	NA	NA	NA	NA	NA	NA	NA	NA	NA	NA	NA	NA	NA	NA	NA	NA	NA	NA	NA	NA	NA	NA	NA	NA	NA	NA	NA	NA	NA	NA	NA	NA
cg11239335	NA	NA	NA	NA	NA	NA	NA	NA	NA	NA	NA	NA	NA	NA	NA	NA	NA	NA	NA	NA	NA	NA	NA	NA	NA	NA	NA	NA	NA	NA	NA	NA	NA	NA	NA	NA	NA	NA	NA	NA	NA	NA	NA	NA	NA	NA	NA	NA	NA	NA	NA	NA	NA	NA	NA	NA	NA	NA	NA	NA	NA	NA	NA	NA	NA	NA	NA	NA	NA	NA	NA	NA	NA	NA	NA	NA	NA	NA	NA	NA	NA	NA	NA	NA	NA	NA	NA	NA	NA	NA	NA	NA	NA	NA	NA	NA	NA	NA	NA
cg11248957	NA	NA	NA	NA	NA	NA	NA	NA	NA	NA	NA	NA	NA	NA	NA	NA	NA	NA	NA	NA	NA	NA	NA	NA	NA	NA	NA	NA	NA	NA	NA	NA	NA	NA	NA	NA	NA	NA	NA	NA	NA	NA	NA	NA	NA	NA	NA	NA	NA	NA	NA	NA	NA	NA	NA	NA	NA	NA	NA	NA	NA	NA	NA	NA	NA	NA	NA	NA	NA	NA	NA	NA	NA	NA	NA	NA	NA	NA	NA	NA	NA	NA	NA	NA	NA	NA	NA	NA	NA	NA	NA	NA	NA	NA	NA	NA	NA	NA	NA
cg11332701	NA	NA	NA	NA	NA	NA	NA	NA	NA	NA	NA	NA	NA	NA	NA	NA	NA	NA	NA	NA	NA	NA	NA	NA	NA	NA	NA	NA	NA	NA	NA	NA	NA	NA	NA	NA	NA	NA	NA	NA	NA	NA	NA	NA	NA	NA	NA	NA	NA	NA	NA	NA	NA	NA	NA	NA	NA	NA	NA	NA	NA	NA	NA	NA	NA	NA	NA	NA	NA	NA	NA	NA	NA	NA	NA	NA	NA	NA	NA	NA	NA	NA	NA	NA	NA	NA	NA	NA	NA	NA	NA	NA	NA	NA	NA	NA	NA	NA	NA
cg11333436	NA	NA	NA	NA	NA	NA	NA	NA	NA	NA	NA	NA	NA	NA	NA	NA	NA	NA	NA	NA	NA	NA	NA	NA	NA	NA	NA	NA	NA	NA	NA	NA	NA	NA	NA	NA	NA	NA	NA	NA	NA	NA	NA	NA	NA	NA	NA	NA	NA	NA	NA	NA	NA	NA	NA	NA	NA	NA	NA	NA	NA	NA	NA	NA	NA	NA	NA	NA	NA	NA	NA	NA	NA	NA	NA	NA	NA	NA	NA	NA	NA	NA	NA	NA	NA	NA	NA	NA	NA	NA	NA	NA	NA	NA	NA	NA	NA	NA	NA
cg11335419	NA	NA	NA	NA	NA	NA	NA	NA	NA	NA	NA	NA	NA	NA	NA	NA	NA	NA	NA	NA	NA	NA	NA	NA	NA	NA	NA	NA	NA	NA	NA	NA	NA	NA	NA	NA	NA	NA	NA	NA	NA	NA	NA	NA	NA	NA	NA	NA	NA	NA	NA	NA	NA	NA	NA	NA	NA	NA	NA	NA	NA	NA	NA	NA	NA	NA	NA	NA	NA	NA	NA	NA	NA	NA	NA	NA	NA	NA	NA	NA	NA	NA	NA	NA	NA	NA	NA	NA	NA	NA	NA	NA	NA	NA	NA	NA	NA	NA	NA
cg11343941	0.946372160544932	0.933570519720468	0.927977034841254	0.916099205215485	0.935638905068595	0.918174334186337	0.910912209429165	0.852621427212427	0.934968655417442	0.924623729075531	0.872005051721992	0.906777587749895	0.922772832587829	0.924087180947472	0.926347320527317	0.951002744572831	0.947393262824247	0.915437699941638	0.943566846684744	0.919425619320709	0.91019791289373	0.910792538785869	0.887787747969443	0.967789661327632	0.909144320023482	0.891600459642684	0.919438282372875	0.940244890731081	0.930582623092269	0.91893855736208	0.935517972810553	0.922484219059936	0.890594073675143	0.891270455403645	0.953574719620713	0.913635394304442	0.943509027727763	0.918232711271682	0.940060588635353	0.933531563437943	0.953782024703025	0.907915862930216	0.802620668485251	0.93203237399902	0.771675400505535	0.881866659692299	0.929556998123024	0.906411834938351	0.926870048876354	0.921966070563814	0.906193668337444	0.89835487315079	0.908771538595899	0.944303364333308	0.954767929504438	0.942979259737822	0.956708756467962	0.925021586741303	0.946262427802385	0.941679686075838	0.921966245258494	0.897702596073732	0.937065002023521	0.928259608187235	0.952337748382634	0.934487096749826	0.915592137303582	0.956315099777495	0.7854325140831	0.927843571166014	0.916738599247269	0.92889127655896	0.957072041395554	0.902650606767533	0.919402415213176	0.934712160243536	0.948288666472386	0.933567265831	0.932826144194634	0.907358948906259	0.879323960839733	0.921256853887478	0.831408331285299	0.953098247119324	0.926311599219276	0.93585201740869	0.951191374977274	0.968347866099748	0.88249824272203	0.935088223562148	0.913077587117942	0.900584376868064	0.941710004029537	0.751414215692823	0.691490465526384	0.798636574806694	0.924971960988638	0.951580056223451	0.929495975704326
cg11345718	NA	NA	NA	NA	NA	NA	NA	NA	NA	NA	NA	NA	NA	NA	NA	NA	NA	NA	NA	NA	NA	NA	NA	NA	NA	NA	NA	NA	NA	NA	NA	NA	NA	NA	NA	NA	NA	NA	NA	NA	NA	NA	NA	NA	NA	NA	NA	NA	NA	NA	NA	NA	NA	NA	NA	NA	NA	NA	NA	NA	NA	NA	NA	NA	NA	NA	NA	NA	NA	NA	NA	NA	NA	NA	NA	NA	NA	NA	NA	NA	NA	NA	NA	NA	NA	NA	NA	NA	NA	NA	NA	NA	NA	NA	NA	NA	NA	NA	NA
cg11359737	NA	NA	NA	NA	NA	NA	NA	NA	NA	NA	NA	NA	NA	NA	NA	NA	NA	NA	NA	NA	NA	NA	NA	NA	NA	NA	NA	NA	NA	NA	NA	NA	NA	NA	NA	NA	NA	NA	NA	NA	NA	NA	NA	NA	NA	NA	NA	NA	NA	NA	NA	NA	NA	NA	NA	NA	NA	NA	NA	NA	NA	NA	NA	NA	NA	NA	NA	NA	NA	NA	NA	NA	NA	NA	NA	NA	NA	NA	NA	NA	NA	NA	NA	NA	NA	NA	NA	NA	NA	NA	NA	NA	NA	NA	NA	NA	NA	NA	NA
cg11363234	0.892632679670655	0.893554290502945	0.852080040881356	0.872427369067709	0.865619808305587	0.744122826854986	0.810321786199802	0.791103211017538	0.873744653865726	0.901556241182158	0.869508292518515	0.878341581908195	0.859807607256442	0.894145207652976	0.833845757450908	0.880568866924149	0.885775880992746	0.82678820779421	0.876908063060864	0.79982797169793	0.841799380510815	0.842549393635388	0.862093511473356	0.880275457524114	0.823228026855855	0.870878763055483	0.864282341106845	0.889830357478138	0.886067589511948	0.872459777201547	0.915907522948326	0.8213933513299	0.841139719136281	0.827457642674422	0.897792054064438	0.927478368129101	0.899166005232589	0.882259390067128	0.815849190866635	0.906447317821661	0.828300942455492	0.911441525004609	0.862714873471469	0.884524125131592	0.898624947525481	0.866309963757647	0.880924522313038	0.741835019376948	0.785919237688654	0.862467667555244	0.845558168575243	0.813169439206759	0.911184156341388	0.776784080863722	0.838131399077674	0.837684514203922	0.872504220627731	0.847865022590066	0.888073094168596	0.850608748189705	0.866212002015277	0.882615281735959	0.787306095764037	0.879609945739152	0.884723717278367	0.850893260197228	0.873153409816825	0.857147264047493	0.777978347103218	0.855822088097748	0.841585566195314	0.845909034097166	0.875493041286607	0.850235937887227	0.855145021313939	0.82578680272194	0.871005561782298	0.867716790305683	0.819293990960281	0.848625089918421	0.786080693259543	0.890571150558063	0.647827238768126	0.835623481580426	0.70053552087474	0.912386972563054	0.884966529430456	0.869757900560499	0.883496174090796	0.859300167701789	0.918200067749502	0.846906937885801	0.890025196388826	0.897911623651518	0.811071590649866	0.877461478185505	0.875114238301039	0.858579615646187	0.851592527742353
cg11380503	NA	NA	NA	NA	NA	NA	NA	NA	NA	NA	NA	NA	NA	NA	NA	NA	NA	NA	NA	NA	NA	NA	NA	NA	NA	NA	NA	NA	NA	NA	NA	NA	NA	NA	NA	NA	NA	NA	NA	NA	NA	NA	NA	NA	NA	NA	NA	NA	NA	NA	NA	NA	NA	NA	NA	NA	NA	NA	NA	NA	NA	NA	NA	NA	NA	NA	NA	NA	NA	NA	NA	NA	NA	NA	NA	NA	NA	NA	NA	NA	NA	NA	NA	NA	NA	NA	NA	NA	NA	NA	NA	NA	NA	NA	NA	NA	NA	NA	NA
cg11427900	NA	NA	NA	NA	NA	NA	NA	NA	NA	NA	NA	NA	NA	NA	NA	NA	NA	NA	NA	NA	NA	NA	NA	NA	NA	NA	NA	NA	NA	NA	NA	NA	NA	NA	NA	NA	NA	NA	NA	NA	NA	NA	NA	NA	NA	NA	NA	NA	NA	NA	NA	NA	NA	NA	NA	NA	NA	NA	NA	NA	NA	NA	NA	NA	NA	NA	NA	NA	NA	NA	NA	NA	NA	NA	NA	NA	NA	NA	NA	NA	NA	NA	NA	NA	NA	NA	NA	NA	NA	NA	NA	NA	NA	NA	NA	NA	NA	NA	NA
cg11429177	NA	NA	NA	NA	NA	NA	NA	NA	NA	NA	NA	NA	NA	NA	NA	NA	NA	NA	NA	NA	NA	NA	NA	NA	NA	NA	NA	NA	NA	NA	NA	NA	NA	NA	NA	NA	NA	NA	NA	NA	NA	NA	NA	NA	NA	NA	NA	NA	NA	NA	NA	NA	NA	NA	NA	NA	NA	NA	NA	NA	NA	NA	NA	NA	NA	NA	NA	NA	NA	NA	NA	NA	NA	NA	NA	NA	NA	NA	NA	NA	NA	NA	NA	NA	NA	NA	NA	NA	NA	NA	NA	NA	NA	NA	NA	NA	NA	NA	NA
cg11445797	0.22021175603428	0.172794890951529	0.204289879219013	0.155881203167724	0.259390007754822	0.315509079999448	0.256891355918052	0.0978790556474888	0.21345360462369	0.0921221993062187	0.212480605569354	0.315399304411564	0.515236545769486	0.133321655978077	0.260817429896752	0.102052079604895	0.130480430917951	0.264697735119286	0.146887802348827	0.191940974565387	0.316275352638494	0.318623887417893	0.116059002037976	0.189918764473567	0.203523951168739	0.329422256137523	0.182069980788362	0.217765579591978	0.136955448846152	0.110509505671642	0.122077134236275	0.265379074603931	0.124420313142471	0.281333990545548	0.126663775965267	0.0773065630700951	0.0971276367910123	0.149355374017003	0.234085187352447	0.201655029568778	0.157665037065809	0.11522038224185	0.241410723973786	0.116397367298854	0.118589988614509	0.250638485616278	0.153146579763839	0.220983176899522	0.177273391735525	0.18814070275268	0.218650718313779	0.210594341024021	0.0846751375903821	0.466216854251189	0.284105444229727	0.23914741978455	0.125064149956395	0.296095603091377	0.109541111162673	0.421962599148477	0.224129950337706	0.10841902367402	0.195009286579253	0.181925685655002	0.331248336737774	0.284418934840136	0.13168564613343	0.210364564906603	0.129612524292413	0.203815594630273	0.112820378241011	0.252848061101479	0.229629237880713	0.19012305094096	0.756654294965085	0.14453094991353	0.24620593459467	0.0922341129024989	0.199435742533974	0.40501001542042	0.151667144476986	0.169918368729494	0.126942262907293	0.160668089847972	0.258376562053367	0.113987571669013	0.0959303158783914	0.230801930025845	0.129737821617464	0.175982292112879	0.111447307963525	0.306606433479218	0.143004830671115	0.0907337786489437	0.198724122729157	0.147098308419621	0.207749257057674	0.190160289118089	0.283789296190877
cg11451315	0.74805664347423	0.917583220696452	0.656414856293776	0.861824105937269	0.45492246984578	0.536803820997149	0.732974030035629	0.262305313923629	0.428520455109808	0.339476363558737	0.727374577451518	0.935424060231074	0.896430822078818	0.267535903545338	0.77548016524407	0.33916858541971	0.80355403551813	0.536692799022953	0.77736739490467	0.445172539585929	0.676426705901156	0.542242762804559	0.552174532846362	0.655259452725282	0.419022553614645	0.885943626707289	0.797686317682021	0.450770907952898	0.42787767101567	0.69157415367169	0.34860873012301	0.602130722910117	0.323170649887875	0.677525692907704	0.345877730360538	0.76116293653936	0.292625215174999	0.610550092312936	0.8226854989134	0.605099204157923	0.881322992343173	0.939657501812453	0.715762038416243	0.626868945905817	0.320242934304685	0.517098608680054	0.361023052430472	0.621436666749056	0.329354008522289	0.908446536644246	0.422753986039649	0.924591907506242	0.553594524093351	0.850743179782226	0.92269526188378	0.433186544324525	0.56749173216313	0.434677076499984	0.863875755412766	0.561870585823468	0.378766896365882	0.23581328794784	0.719500686132368	0.678581889982668	0.940959494455731	0.880325872153716	0.428727184164057	0.811991953474651	0.626380319204022	0.935080226646622	0.726094053032551	0.76633483384513	0.718119114223984	0.416228063046014	0.743674878016442	0.438577665583173	0.800785929058872	0.242843975232198	0.649180629024814	0.702555471862712	0.345142920152703	0.691590036545527	0.303746590182427	0.943330892573402	0.476612447293759	0.483995752447416	0.940018406797217	0.573267887511072	0.348372075893538	0.722541400426975	0.953399637146317	0.599313779107361	0.462736604296347	0.177829202704541	0.859112924513307	0.891274649366934	0.947299770037319	0.83635240556998	0.857305419001918
cg11521212	0.804687267027042	0.86250044314455	0.795013615803927	0.806557271049514	0.912594662943055	NA	NA	NA	NA	NA	0.696723659770245	0.916846451064711	0.711873343634882	0.66942026523003	0.926986879801126	NA	0.900357951418261	0.766300783689865	0.86339778833656	0.800243155622551	0.694000490601965	0.793780923059909	0.623645969114929	0.713462506759992	0.429721351662516	0.906174135011572	NA	0.796743230540144	0.84836495111377	0.887485757012003	0.765367802671482	NA	NA	0.897370596384977	0.840972280881482	0.818791528689663	0.901391744463525	NA	0.817292031202804	0.610051756470343	0.911993536114502	0.917661316343369	0.759990161740954	0.924240860775286	0.353197406686284	0.820533181237047	NA	NA	0.92062245100114	0.862377188784124	0.6079023802734	0.896336468941142	0.902006679365914	0.79096353283024	0.856307567732153	0.728534988922131	NA	0.805973710169112	NA	0.775045431350863	NA	NA	0.886305053348434	0.888905371169318	0.846850498974056	0.826745134257121	NA	0.878679169425898	NA	NA	0.78966240316323	0.833325740571268	0.926116437433284	0.6578154566546	0.915629396864234	0.839412779295707	0.932182776529408	NA	0.831134789175742	0.629862809538637	0.874241719213748	0.829288535811128	NA	0.849442040890746	NA	0.700879758163889	0.917238291903403	NA	0.87798240542422	NA	NA	0.84768329313697	NA	NA	NA	0.873999489052306	0.790262756151291	NA	0.856362456435355
cg11546131	0.928368048719084	0.90247628047195	0.854790200235739	0.877747955445069	0.827229270542417	0.435899588896941	0.868433853178752	0.644069572157987	0.842213701289129	0.896551169365676	0.621147134691329	0.89071512602505	0.829701281070072	0.394185672809652	0.819695332992619	0.854776343837401	0.46481938890087	0.844984021253342	0.835812973273817	0.842630100470847	0.769951762026467	0.783574773098207	0.633806469092244	0.825666940726161	0.693933521082176	0.937297200809781	0.834756468511305	0.700036606204963	0.73928022050819	0.792014575236687	0.620370410172356	0.520705829175171	0.878631580773662	0.832418898463508	0.669729872229419	0.86126678122688	0.924951060064419	0.358079575585023	0.864387090729115	0.709851564061333	0.899301144722736	0.854519344197316	0.722798404230325	0.86868378898345	0.888351346057641	0.877849316322063	0.929177285205693	0.701259805050904	0.914988361235524	0.892342332520614	0.723980916716129	0.874219957371564	0.87968847123564	0.787720427666124	0.883222841323941	0.891313737686958	0.87498504423913	0.768305720756409	0.787455978810016	0.840276740221417	0.670639279366914	0.119559263766966	0.882708892196638	0.870715394207443	0.903745977377731	0.79706416203427	0.750738991101554	0.883111157048055	0.641736322061434	0.631460541260163	0.712483913099243	0.888651148349359	0.829947042358881	0.817819806185826	0.905947913254619	0.899517735879291	0.808634288290715	0.88446236082177	0.822710957823992	0.7064784471207	0.82148464491431	0.687793456220071	0.572436857939536	0.85146421902539	0.578791045903881	0.789861995572201	0.850566649404017	0.896125342740066	0.889660813218438	0.822966097353832	0.934184187857127	0.747212752418551	0.861921307865284	0.776618207577087	0.488890179441162	0.765886391723818	0.921535514489265	0.830404262982472	0.876932868372227
cg11549871	NA	NA	NA	NA	NA	NA	NA	NA	NA	NA	NA	NA	NA	NA	NA	NA	NA	NA	NA	NA	NA	NA	NA	NA	NA	NA	NA	NA	NA	NA	NA	NA	NA	NA	NA	NA	NA	NA	NA	NA	NA	NA	NA	NA	NA	NA	NA	NA	NA	NA	NA	NA	NA	NA	NA	NA	NA	NA	NA	NA	NA	NA	NA	NA	NA	NA	NA	NA	NA	NA	NA	NA	NA	NA	NA	NA	NA	NA	NA	NA	NA	NA	NA	NA	NA	NA	NA	NA	NA	NA	NA	NA	NA	NA	NA	NA	NA	NA	NA
cg11648402	NA	NA	NA	NA	NA	NA	NA	NA	NA	NA	NA	NA	NA	NA	NA	NA	NA	NA	NA	NA	NA	NA	NA	NA	NA	NA	NA	NA	NA	NA	NA	NA	NA	NA	NA	NA	NA	NA	NA	NA	NA	NA	NA	NA	NA	NA	NA	NA	NA	NA	NA	NA	NA	NA	NA	NA	NA	NA	NA	NA	NA	NA	NA	NA	NA	NA	NA	NA	NA	NA	NA	NA	NA	NA	NA	NA	NA	NA	NA	NA	NA	NA	NA	NA	NA	NA	NA	NA	NA	NA	NA	NA	NA	NA	NA	NA	NA	NA	NA
cg11686069	NA	NA	NA	NA	NA	NA	NA	NA	NA	NA	NA	NA	NA	NA	NA	NA	NA	NA	NA	NA	NA	NA	NA	NA	NA	NA	NA	NA	NA	NA	NA	NA	NA	NA	NA	NA	NA	NA	NA	NA	NA	NA	NA	NA	NA	NA	NA	NA	NA	NA	NA	NA	NA	NA	NA	NA	NA	NA	NA	NA	NA	NA	NA	NA	NA	NA	NA	NA	NA	NA	NA	NA	NA	NA	NA	NA	NA	NA	NA	NA	NA	NA	NA	NA	NA	NA	NA	NA	NA	NA	NA	NA	NA	NA	NA	NA	NA	NA	NA
cg11688553	0.746615942771082	0.784996434089631	0.496464768553559	0.742456728920682	0.452250914730084	0.543409154041799	0.915607420177599	0.527075568348479	0.443693733304368	0.360763529615091	0.69785830115639	0.921954876037938	0.863633537418827	0.364984706319826	0.912668502087207	0.683299245370292	0.943186996410832	0.5785957650856	0.314299645622384	0.824608015850416	0.701213977755066	0.547798166914652	0.532053985663017	0.530356243238158	0.4093897682782	0.82078434924421	0.662510475274958	0.511575572558863	0.763398739913227	0.339539620783739	0.382585382535446	0.70512418173434	0.337838987181293	0.70227184247629	0.621853429913247	0.301595466807784	0.597412974618461	0.627843347645059	0.877030892755215	0.533891294182592	0.590037999303315	0.810908700406312	0.48453463318436	0.906125820182308	0.331206245309837	0.509510207336459	0.366224649922559	0.571125118658935	0.320226586607012	0.737637890453332	0.43990045016272	0.638722930886141	0.812588274986437	0.831462470444384	0.913554254392027	0.437301297454395	0.616268464754683	0.421315480097947	0.709099970346392	0.938634814825836	0.370426752039348	0.50472502067062	0.694871276485689	0.78936219909543	0.88826103363573	0.828936587728151	0.472726386283769	0.737570982056542	0.784697997039361	0.593979760935632	0.407378750198393	0.895659610602603	0.89062063899678	0.613995111099822	0.920976478137359	0.872549432492356	0.91654894677981	0.492860884525726	0.61193190651092	0.569458101069813	0.327356281263243	0.405814480541759	0.336577681687306	0.596376583137547	0.897523285667142	0.415591864468777	0.931637525875146	0.685026514756349	0.426604002586127	0.689686190706223	0.932105007284638	0.873019882588857	0.531892751383149	0.251948509563475	0.479400976357671	0.860299717368035	0.838893577069577	0.735220445192794	0.761592031649648
cg11722990	NA	NA	NA	NA	NA	NA	NA	NA	NA	NA	NA	NA	NA	NA	NA	NA	NA	NA	NA	NA	NA	NA	NA	NA	NA	NA	NA	NA	NA	NA	NA	NA	NA	NA	NA	NA	NA	NA	NA	NA	NA	NA	NA	NA	NA	NA	NA	NA	NA	NA	NA	NA	NA	NA	NA	NA	NA	NA	NA	NA	NA	NA	NA	NA	NA	NA	NA	NA	NA	NA	NA	NA	NA	NA	NA	NA	NA	NA	NA	NA	NA	NA	NA	NA	NA	NA	NA	NA	NA	NA	NA	NA	NA	NA	NA	NA	NA	NA	NA
cg11753004	NA	NA	NA	NA	NA	NA	NA	NA	NA	NA	NA	NA	NA	NA	NA	NA	NA	NA	NA	NA	NA	NA	NA	NA	NA	NA	NA	NA	NA	NA	NA	NA	NA	NA	NA	NA	NA	NA	NA	NA	NA	NA	NA	NA	NA	NA	NA	NA	NA	NA	NA	NA	NA	NA	NA	NA	NA	NA	NA	NA	NA	NA	NA	NA	NA	NA	NA	NA	NA	NA	NA	NA	NA	NA	NA	NA	NA	NA	NA	NA	NA	NA	NA	NA	NA	NA	NA	NA	NA	NA	NA	NA	NA	NA	NA	NA	NA	NA	NA
cg11796578	0.750920681261693	0.900846347502937	0.769725117830261	0.877753177389429	0.933034123303215	0.756249068363757	0.929719675436209	0.630809264093035	0.715260634067919	0.455435838495418	0.613778654894895	0.949619491531701	0.900873849020354	0.363967791485547	0.926245765974896	0.713445744184944	0.936634812088726	0.909675484932627	0.937676021177401	0.932838050280469	0.897504521446027	0.883081664994292	0.706448442829231	0.9045360866916	0.298424804116099	0.915085238478513	0.73578607913408	0.574126308426048	0.922365935125447	0.883646670004529	0.311144152136197	0.801175439334827	0.941768387637158	0.91424308955452	0.51163335207794	0.627580693686696	0.83376614599726	0.93659735233192	0.959619224988995	0.945350552630364	0.721024266058975	0.714473147520776	0.71553203914473	0.739649553160318	0.236226602220891	0.930059796543228	0.596120746763659	0.860886767596541	0.22390376344016	0.9245832353143	0.620602980732284	0.933927923514315	0.935362517190375	0.8582836002734	0.739573616567098	0.588990990485752	0.909383418037839	0.567665781698233	0.704347727747609	0.927774864895408	0.725474593391465	0.120236942336039	0.939469902083948	0.875725441218187	0.935461824932874	0.94472278227865	0.592311693440237	0.932216775019807	0.895435968122348	0.620679133410524	0.825959993470938	0.597913802517682	0.888807894330243	0.801189552087609	0.952611247205615	0.935494173515201	0.59607292080942	0.785753125066451	0.854397815006081	0.691494098353802	0.561982604186556	0.85513348303153	0.655700353240428	0.911056758797153	0.799399038842437	0.646062626366118	0.659034606448447	0.910288847281773	0.718189935824403	0.775103754923498	0.837188218166951	0.871902087149574	0.949705058999073	0.673397009165718	0.658980086599211	0.835481776728276	0.731683808156876	0.926717844221955	0.852193490572534
cg11806813	NA	NA	NA	NA	NA	NA	NA	NA	NA	NA	NA	NA	NA	NA	NA	NA	NA	NA	NA	NA	NA	NA	NA	NA	NA	NA	NA	NA	NA	NA	NA	NA	NA	NA	NA	NA	NA	NA	NA	NA	NA	NA	NA	NA	NA	NA	NA	NA	NA	NA	NA	NA	NA	NA	NA	NA	NA	NA	NA	NA	NA	NA	NA	NA	NA	NA	NA	NA	NA	NA	NA	NA	NA	NA	NA	NA	NA	NA	NA	NA	NA	NA	NA	NA	NA	NA	NA	NA	NA	NA	NA	NA	NA	NA	NA	NA	NA	NA	NA
cg11816434	0.894349081446383	0.908211031689741	0.888788908241591	0.89886634075627	0.870049457339293	0.830087967052823	0.895228034615775	0.768618541147493	0.859392265751158	0.866485016493354	0.890487686232397	0.894885864187581	0.839011516305002	0.916063901911211	0.881775399277464	0.928651634455556	0.922825695594951	0.835174679400826	0.892499544330746	0.88466623762974	0.853405639557431	0.859508143935651	0.886936502056957	0.842999531512855	0.84993906049427	0.837355197611677	0.728586810234095	0.887213087418102	0.899030002969698	0.878411151620268	0.899255163805018	0.841150898669067	0.905824715938903	0.871551551580048	0.915394972192191	0.893489021144097	0.901351651810189	0.866655890070689	0.865589770104969	0.906293229205431	0.858011737160212	0.898333516724933	0.774466140979265	0.91058295088898	0.879189853508197	0.836931589836331	0.861491539848673	0.845686341966012	0.899338633435004	0.891649169206042	0.819219793442267	0.855522475020237	0.887341252322821	0.883984929747332	0.848836787152749	0.895570355627165	0.882458275961034	0.907567143901143	0.887946773367314	0.877733272559101	0.905819340877923	0.903012801121136	0.893497429185962	0.861569223921426	0.909793240895956	0.853105561836141	0.841127626047143	0.8889511745257	0.850532945580559	0.879480801927882	0.844471087500385	0.890233861709564	0.884379174670176	0.89097056934016	0.885218472309499	0.832400323097178	0.895007011764221	0.879752240510991	0.838666788643246	0.853478283609952	0.924258611036402	0.858561963185651	0.840294495637635	0.881478030504902	0.865230070198953	0.824965256402385	0.89955303783071	0.86015062908167	0.889810889881829	0.881093001515951	0.899239593730066	0.865960531183147	0.91033970705103	0.89732261600005	0.88418771586322	0.925899557236544	0.834700550597602	0.891485478894696	0.859934859219005
cg11827743	0.961466085536768	0.967374206807568	0.960217658632459	0.965109443457442	0.965498850173393	0.913733954250553	0.966806922511197	0.882169142016227	0.955615730871788	0.780477914065105	0.92502495424433	0.970377783937021	0.974742680625263	0.62586173303801	0.578078666982943	0.975126430290949	0.964180155937642	0.815057080370147	0.954314116293831	0.52120118144124	0.673958285923542	0.56450414156555	0.886333189881517	0.948782613677351	0.542208061497043	0.974923462948886	0.970140207908751	0.966008042211634	0.907810435915078	0.786833668091332	0.731810512506759	0.857139436464167	0.891529635973301	0.973766892728002	0.961083989780927	0.73712524920092	0.955592403581473	0.876866778538984	0.971186001696965	0.946367262281764	0.936062851505245	0.962096857480762	0.964452170691635	0.939000035942373	0.963480533174429	0.941562214925925	0.650874291925019	0.577403382575109	0.967593549155007	0.961993374990959	0.620293791244818	0.967279824812618	0.848634296238376	0.968631956870386	0.967851638286392	0.836021112786328	0.959793403862694	0.874567831172587	0.961097721645796	0.964449938260774	0.833988372148701	0.687549976574124	0.95871684607502	0.913093969592682	0.946743143408866	0.962803744574231	0.838441083031598	0.974348083918079	0.617185688657075	0.952829431298237	0.843609550061177	0.964841305844754	0.966478493733288	0.927876303823038	0.96807270316382	0.962331943054074	0.960207719335593	0.965631395168903	0.967932985413279	0.689610504052433	0.861252799746578	0.850036737111641	0.443277645144982	0.959830347041705	0.838144540082317	0.695922037994177	0.975777675593011	0.966160663966737	0.971015857503671	0.965688547644211	0.96270719286243	0.970282921727304	0.963270452258848	0.869202755653547	0.976386834002009	0.976497022081942	0.885303126855401	0.936655836514011	0.966977073471906
cg11846226	NA	NA	NA	NA	NA	NA	NA	NA	NA	NA	NA	NA	NA	NA	NA	NA	NA	NA	NA	NA	NA	NA	NA	NA	NA	NA	NA	NA	NA	NA	NA	NA	NA	NA	NA	NA	NA	NA	NA	NA	NA	NA	NA	NA	NA	NA	NA	NA	NA	NA	NA	NA	NA	NA	NA	NA	NA	NA	NA	NA	NA	NA	NA	NA	NA	NA	NA	NA	NA	NA	NA	NA	NA	NA	NA	NA	NA	NA	NA	NA	NA	NA	NA	NA	NA	NA	NA	NA	NA	NA	NA	NA	NA	NA	NA	NA	NA	NA	NA
cg11930700	NA	NA	NA	NA	NA	NA	NA	NA	NA	NA	NA	NA	NA	NA	NA	NA	NA	NA	NA	NA	NA	NA	NA	NA	NA	NA	NA	NA	NA	NA	NA	NA	NA	NA	NA	NA	NA	NA	NA	NA	NA	NA	NA	NA	NA	NA	NA	NA	NA	NA	NA	NA	NA	NA	NA	NA	NA	NA	NA	NA	NA	NA	NA	NA	NA	NA	NA	NA	NA	NA	NA	NA	NA	NA	NA	NA	NA	NA	NA	NA	NA	NA	NA	NA	NA	NA	NA	NA	NA	NA	NA	NA	NA	NA	NA	NA	NA	NA	NA
cg11968166	NA	NA	NA	NA	NA	NA	NA	NA	NA	NA	NA	NA	NA	NA	NA	NA	NA	NA	NA	NA	NA	NA	NA	NA	NA	NA	NA	NA	NA	NA	NA	NA	NA	NA	NA	NA	NA	NA	NA	NA	NA	NA	NA	NA	NA	NA	NA	NA	NA	NA	NA	NA	NA	NA	NA	NA	NA	NA	NA	NA	NA	NA	NA	NA	NA	NA	NA	NA	NA	NA	NA	NA	NA	NA	NA	NA	NA	NA	NA	NA	NA	NA	NA	NA	NA	NA	NA	NA	NA	NA	NA	NA	NA	NA	NA	NA	NA	NA	NA
cg12049322	NA	NA	NA	NA	NA	NA	NA	NA	NA	NA	NA	NA	NA	NA	NA	NA	NA	NA	NA	NA	NA	NA	NA	NA	NA	NA	NA	NA	NA	NA	NA	NA	NA	NA	NA	NA	NA	NA	NA	NA	NA	NA	NA	NA	NA	NA	NA	NA	NA	NA	NA	NA	NA	NA	NA	NA	NA	NA	NA	NA	NA	NA	NA	NA	NA	NA	NA	NA	NA	NA	NA	NA	NA	NA	NA	NA	NA	NA	NA	NA	NA	NA	NA	NA	NA	NA	NA	NA	NA	NA	NA	NA	NA	NA	NA	NA	NA	NA	NA
cg12101572	NA	NA	NA	NA	NA	NA	NA	NA	NA	NA	NA	NA	NA	NA	NA	NA	NA	NA	NA	NA	NA	NA	NA	NA	NA	NA	NA	NA	NA	NA	NA	NA	NA	NA	NA	NA	NA	NA	NA	NA	NA	NA	NA	NA	NA	NA	NA	NA	NA	NA	NA	NA	NA	NA	NA	NA	NA	NA	NA	NA	NA	NA	NA	NA	NA	NA	NA	NA	NA	NA	NA	NA	NA	NA	NA	NA	NA	NA	NA	NA	NA	NA	NA	NA	NA	NA	NA	NA	NA	NA	NA	NA	NA	NA	NA	NA	NA	NA	NA
cg12103802	NA	NA	NA	NA	NA	NA	NA	NA	NA	NA	NA	NA	NA	NA	NA	NA	NA	NA	NA	NA	NA	NA	NA	NA	NA	NA	NA	NA	NA	NA	NA	NA	NA	NA	NA	NA	NA	NA	NA	NA	NA	NA	NA	NA	NA	NA	NA	NA	NA	NA	NA	NA	NA	NA	NA	NA	NA	NA	NA	NA	NA	NA	NA	NA	NA	NA	NA	NA	NA	NA	NA	NA	NA	NA	NA	NA	NA	NA	NA	NA	NA	NA	NA	NA	NA	NA	NA	NA	NA	NA	NA	NA	NA	NA	NA	NA	NA	NA	NA
cg12113981	0.579784372775685	0.905257224503611	0.797696237852189	0.62503151065411	0.861201495864366	0.354177084551686	0.839492068630735	0.877443095782404	0.32830318967808	0.915185089377672	0.337227129497178	0.896414604674102	0.683754998034133	0.183026428235459	0.809974344825061	0.215506073446432	0.866776668584695	0.347799707332421	0.735572975384896	0.337622668324456	0.541687668188001	0.50760319063351	0.121355312578355	0.713474847934279	0.255993527799919	0.636290986121742	0.84162054637327	0.907797486960287	0.728989417853938	0.901108495176145	0.246703896185665	0.689478154268074	0.881251390598973	0.787301085753156	0.285011110389832	0.121386266272918	0.281022332708242	0.897156487951727	0.792281077400586	0.497045473916321	0.406394417487212	0.593195003153401	0.860387741649991	0.827801953119903	0.856943763940644	0.282541088731418	0.900246051096366	0.354160094315754	0.821370412653883	0.550273387096553	0.856992665116342	0.779015795583608	0.156822373592722	0.563173076073828	0.561719299392188	0.334400622627024	0.215479584678687	0.260099305891037	0.448410361037328	0.791422844535537	0.862544910996633	0.0957244161527828	0.732187341359932	0.793077307255198	0.368267287340457	0.896842092670383	0.751827772847849	0.515902735112653	0.891423100646461	0.503837060685081	0.635963075507928	0.588129228554694	0.343985987372389	0.308271308467205	0.934506722374696	0.496423913019376	0.722696447421017	0.277002676219141	0.45364438175972	0.438351071348247	0.267135058002938	0.61991993644915	0.132431106642993	0.344608286753059	0.585369802334832	0.15665267181545	0.852510530127105	0.243392959597397	0.201349240702425	0.878205105565087	0.523427142405467	0.86946899817816	0.48099404834597	0.106466485497286	0.849771566132934	0.428079156728583	0.587362999521399	0.367586782750985	0.573488921399586
cg12135953	0.563458313096082	0.747737006567043	0.861492235185111	0.550895423226637	0.891379309106435	0.872003029247245	0.716116571453174	0.310943363456335	0.553795623374032	0.242058654990131	0.71686167168369	0.932935235865491	0.840368383586029	0.163913111017158	0.605722716213401	0.655241918790056	0.753184139916756	0.494695782751168	0.521420867200446	0.208247898624559	0.603746582242993	0.452621649119487	0.473002140498943	0.600806489964857	0.324069509284585	0.653290191120411	0.351465788593811	0.292103587227485	0.694297444756257	0.396926856741355	0.817545439751672	0.635164679666425	0.811000228779967	0.87103171043901	0.941640552172533	0.0885041424490188	0.373779500978162	0.19178811052966	0.554483804585816	0.642436770953035	0.531300997859195	0.672047234527621	0.477872009421287	0.864950873994413	0.231407112273963	0.530392567128275	0.293492358613369	0.47563678176044	0.665556441285827	0.689376659910535	0.296379900094157	0.742864768356385	0.167496712315826	0.765040160811244	0.655089228132054	0.331980204350245	0.594701274352791	0.39599144472809	0.368143552088964	0.759688490264615	0.557740699175465	0.147815176040878	0.626851887209905	0.432238815761278	0.928709745922188	0.902870543478314	0.31016468646112	0.798304069676845	0.474881892773438	0.497846884048333	0.576949438608451	0.706020256189402	0.44904199378375	0.578091756483939	0.944372442777068	0.519994855045907	0.812253662035429	0.152279473832169	0.854470714881913	0.434536105150535	0.421515236917479	0.834237127212902	0.191515004846354	0.698619814606177	0.80191905663359	0.42280027313205	0.587473530679073	0.82821576451342	0.511477923853264	0.889983640134963	0.493684394521735	0.646794437771286	0.502255686816959	0.268735738210761	0.514151824279823	0.907326818350015	0.931718038533829	0.393978711667275	0.777725011525563
cg12159166	0.925542426612145	0.923512698823758	0.925308711372693	0.961543614160408	0.956683674697151	0.959923572150346	0.928896907584315	0.955213944573629	0.953216450413771	0.935079783418432	0.889657351484186	0.887002394724698	0.907877206223296	0.945558714341559	0.918356408571091	0.931185982006606	0.957581616266755	0.901093918020384	0.950204243625559	0.943782991336297	0.892213435117637	0.898001241077811	0.949402757489325	0.912944543232754	0.939448431047482	0.911579256004854	0.938291833749615	0.957327008120159	0.920405871754992	0.942807334174364	0.949003910370597	0.918226864480088	0.943108298768927	0.929883910625623	0.947566114464565	0.959521315334215	0.964618089614765	0.950979470931299	0.944464350540745	0.967830726673154	0.950323640334476	0.934978705473112	0.871590397275531	0.955347431341991	0.948514980096945	0.905619237050287	0.942196495176978	0.941807237256717	0.952014664337492	0.938449418524463	0.941044722691331	0.943198535119857	0.949960064184937	0.930582221034329	0.916893044227347	0.948468871412416	0.939989394553645	0.949539441247264	0.91933755569252	0.915008469072144	0.950916772979273	0.934974770348674	0.937035880348477	0.945793410722692	0.941778478232468	0.915368497571061	0.944344303666911	0.95275825902953	0.957809938999565	0.947507745019345	0.939779269535373	0.933318903695717	0.935461566001174	0.921965932680075	0.941517762233295	0.944699291769819	0.939341232315376	0.958159239501507	0.904255831286859	0.874160613652501	0.949860204846234	0.91631126902496	0.930207360106482	0.931637735127338	0.941036826638181	0.876698422496223	0.961694794192198	0.935944564106243	0.962160748065992	0.889208268494597	0.963543967497616	0.93756257574181	0.931380520827491	0.955822794768743	0.950950032774711	0.94883541971326	0.938342562683061	0.907900248401748	0.919712077491703
cg12190125	NA	NA	NA	NA	NA	NA	NA	NA	NA	NA	NA	NA	NA	NA	NA	NA	NA	NA	NA	NA	NA	NA	NA	NA	NA	NA	NA	NA	NA	NA	NA	NA	NA	NA	NA	NA	NA	NA	NA	NA	NA	NA	NA	NA	NA	NA	NA	NA	NA	NA	NA	NA	NA	NA	NA	NA	NA	NA	NA	NA	NA	NA	NA	NA	NA	NA	NA	NA	NA	NA	NA	NA	NA	NA	NA	NA	NA	NA	NA	NA	NA	NA	NA	NA	NA	NA	NA	NA	NA	NA	NA	NA	NA	NA	NA	NA	NA	NA	NA
cg12205645	NA	NA	NA	NA	NA	NA	NA	NA	NA	NA	NA	NA	NA	NA	NA	NA	NA	NA	NA	NA	NA	NA	NA	NA	NA	NA	NA	NA	NA	NA	NA	NA	NA	NA	NA	NA	NA	NA	NA	NA	NA	NA	NA	NA	NA	NA	NA	NA	NA	NA	NA	NA	NA	NA	NA	NA	NA	NA	NA	NA	NA	NA	NA	NA	NA	NA	NA	NA	NA	NA	NA	NA	NA	NA	NA	NA	NA	NA	NA	NA	NA	NA	NA	NA	NA	NA	NA	NA	NA	NA	NA	NA	NA	NA	NA	NA	NA	NA	NA
cg12221729	NA	NA	NA	NA	NA	NA	NA	NA	NA	NA	NA	NA	NA	NA	NA	NA	NA	NA	NA	NA	NA	NA	NA	NA	NA	NA	NA	NA	NA	NA	NA	NA	NA	NA	NA	NA	NA	NA	NA	NA	NA	NA	NA	NA	NA	NA	NA	NA	NA	NA	NA	NA	NA	NA	NA	NA	NA	NA	NA	NA	NA	NA	NA	NA	NA	NA	NA	NA	NA	NA	NA	NA	NA	NA	NA	NA	NA	NA	NA	NA	NA	NA	NA	NA	NA	NA	NA	NA	NA	NA	NA	NA	NA	NA	NA	NA	NA	NA	NA
cg12224855	NA	NA	NA	NA	NA	NA	NA	NA	NA	NA	NA	NA	NA	NA	NA	NA	NA	NA	NA	NA	NA	NA	NA	NA	NA	NA	NA	NA	NA	NA	NA	NA	NA	NA	NA	NA	NA	NA	NA	NA	NA	NA	NA	NA	NA	NA	NA	NA	NA	NA	NA	NA	NA	NA	NA	NA	NA	NA	NA	NA	NA	NA	NA	NA	NA	NA	NA	NA	NA	NA	NA	NA	NA	NA	NA	NA	NA	NA	NA	NA	NA	NA	NA	NA	NA	NA	NA	NA	NA	NA	NA	NA	NA	NA	NA	NA	NA	NA	NA
cg12248480	NA	NA	NA	NA	NA	NA	NA	NA	NA	NA	NA	NA	NA	NA	NA	NA	NA	NA	NA	NA	NA	NA	NA	NA	NA	NA	NA	NA	NA	NA	NA	NA	NA	NA	NA	NA	NA	NA	NA	NA	NA	NA	NA	NA	NA	NA	NA	NA	NA	NA	NA	NA	NA	NA	NA	NA	NA	NA	NA	NA	NA	NA	NA	NA	NA	NA	NA	NA	NA	NA	NA	NA	NA	NA	NA	NA	NA	NA	NA	NA	NA	NA	NA	NA	NA	NA	NA	NA	NA	NA	NA	NA	NA	NA	NA	NA	NA	NA	NA
cg12252868	NA	NA	NA	NA	NA	NA	NA	NA	NA	NA	NA	NA	NA	NA	NA	NA	NA	NA	NA	NA	NA	NA	NA	NA	NA	NA	NA	NA	NA	NA	NA	NA	NA	NA	NA	NA	NA	NA	NA	NA	NA	NA	NA	NA	NA	NA	NA	NA	NA	NA	NA	NA	NA	NA	NA	NA	NA	NA	NA	NA	NA	NA	NA	NA	NA	NA	NA	NA	NA	NA	NA	NA	NA	NA	NA	NA	NA	NA	NA	NA	NA	NA	NA	NA	NA	NA	NA	NA	NA	NA	NA	NA	NA	NA	NA	NA	NA	NA	NA
cg12284736	NA	NA	NA	NA	NA	NA	NA	NA	NA	NA	NA	NA	NA	NA	NA	NA	NA	NA	NA	NA	NA	NA	NA	NA	NA	NA	NA	NA	NA	NA	NA	NA	NA	NA	NA	NA	NA	NA	NA	NA	NA	NA	NA	NA	NA	NA	NA	NA	NA	NA	NA	NA	NA	NA	NA	NA	NA	NA	NA	NA	NA	NA	NA	NA	NA	NA	NA	NA	NA	NA	NA	NA	NA	NA	NA	NA	NA	NA	NA	NA	NA	NA	NA	NA	NA	NA	NA	NA	NA	NA	NA	NA	NA	NA	NA	NA	NA	NA	NA
cg12286403	NA	NA	NA	NA	NA	NA	NA	NA	NA	NA	NA	NA	NA	NA	NA	NA	NA	NA	NA	NA	NA	NA	NA	NA	NA	NA	NA	NA	NA	NA	NA	NA	NA	NA	NA	NA	NA	NA	NA	NA	NA	NA	NA	NA	NA	NA	NA	NA	NA	NA	NA	NA	NA	NA	NA	NA	NA	NA	NA	NA	NA	NA	NA	NA	NA	NA	NA	NA	NA	NA	NA	NA	NA	NA	NA	NA	NA	NA	NA	NA	NA	NA	NA	NA	NA	NA	NA	NA	NA	NA	NA	NA	NA	NA	NA	NA	NA	NA	NA
cg12298312	NA	NA	NA	NA	NA	NA	NA	NA	NA	NA	NA	NA	NA	NA	NA	NA	NA	NA	NA	NA	NA	NA	NA	NA	NA	NA	NA	NA	NA	NA	NA	NA	NA	NA	NA	NA	NA	NA	NA	NA	NA	NA	NA	NA	NA	NA	NA	NA	NA	NA	NA	NA	NA	NA	NA	NA	NA	NA	NA	NA	NA	NA	NA	NA	NA	NA	NA	NA	NA	NA	NA	NA	NA	NA	NA	NA	NA	NA	NA	NA	NA	NA	NA	NA	NA	NA	NA	NA	NA	NA	NA	NA	NA	NA	NA	NA	NA	NA	NA
cg12315011	NA	NA	NA	NA	NA	NA	NA	NA	NA	NA	NA	NA	NA	NA	NA	NA	NA	NA	NA	NA	NA	NA	NA	NA	NA	NA	NA	NA	NA	NA	NA	NA	NA	NA	NA	NA	NA	NA	NA	NA	NA	NA	NA	NA	NA	NA	NA	NA	NA	NA	NA	NA	NA	NA	NA	NA	NA	NA	NA	NA	NA	NA	NA	NA	NA	NA	NA	NA	NA	NA	NA	NA	NA	NA	NA	NA	NA	NA	NA	NA	NA	NA	NA	NA	NA	NA	NA	NA	NA	NA	NA	NA	NA	NA	NA	NA	NA	NA	NA
cg12321355	0.918115123295863	0.91635309099441	0.858871885792098	0.827664574304146	0.874718418335765	0.89375377131396	0.90179834236806	0.830533607475116	0.847176372923663	0.914008489345039	0.882645698139311	0.869979989054784	0.8088052746962	0.80370081604823	0.855858732571204	0.915442162125528	0.915804478642353	0.847548881568711	0.876090269945197	0.885433038675744	0.837179791274383	0.827589409604248	0.8839831855899	0.87530852806388	0.893937013883204	0.891760627509243	0.866565029881462	0.68585560405789	0.877428985315224	0.857138558218322	0.687000398939332	0.869516539111721	0.86884093482298	0.897725326724128	0.754349820336298	0.908328597008383	0.897217251544628	0.869643745298273	0.865396520988179	0.89194941166472	0.884390899671775	0.767840547598494	0.862279749126888	0.911468934927637	0.872069117949444	0.88893969477398	0.92416690703956	0.89138602731329	0.895760105194719	0.829076351292417	0.79832977791241	0.836098184209462	0.905445359208549	0.831503878671185	0.868474714308203	0.831053540311317	0.879516114971164	0.845971392575234	0.842286248468802	0.86720731135624	0.778475786148632	0.88607259566992	0.890712316653915	0.870773047195386	0.911018003346002	0.872604821397509	0.881066102840429	0.880681776688504	0.8028987584809	0.792663195923047	0.900385411232751	0.873469571883827	0.877355822743853	0.839864821648516	0.875127956495285	0.848536620470138	0.891555747982507	0.888519346397601	0.816175853108664	0.824212189485204	0.872768112955478	0.873158733556435	0.727398855194834	0.878946807081555	0.83331408163998	0.887879975691826	0.907905955475146	0.86325216240992	0.818463907909466	0.884439399336656	0.916056308859448	0.895329132478335	0.903310328509313	0.890595897844841	0.825831339656171	0.880562216739644	0.872932745986726	0.873618745680397	0.870102906232172
cg12336935	NA	NA	NA	NA	NA	NA	NA	NA	NA	NA	NA	NA	NA	NA	NA	NA	NA	NA	NA	NA	NA	NA	NA	NA	NA	NA	NA	NA	NA	NA	NA	NA	NA	NA	NA	NA	NA	NA	NA	NA	NA	NA	NA	NA	NA	NA	NA	NA	NA	NA	NA	NA	NA	NA	NA	NA	NA	NA	NA	NA	NA	NA	NA	NA	NA	NA	NA	NA	NA	NA	NA	NA	NA	NA	NA	NA	NA	NA	NA	NA	NA	NA	NA	NA	NA	NA	NA	NA	NA	NA	NA	NA	NA	NA	NA	NA	NA	NA	NA
cg12340381	NA	NA	NA	NA	NA	NA	NA	NA	NA	NA	NA	NA	NA	NA	NA	NA	NA	NA	NA	NA	NA	NA	NA	NA	NA	NA	NA	NA	NA	NA	NA	NA	NA	NA	NA	NA	NA	NA	NA	NA	NA	NA	NA	NA	NA	NA	NA	NA	NA	NA	NA	NA	NA	NA	NA	NA	NA	NA	NA	NA	NA	NA	NA	NA	NA	NA	NA	NA	NA	NA	NA	NA	NA	NA	NA	NA	NA	NA	NA	NA	NA	NA	NA	NA	NA	NA	NA	NA	NA	NA	NA	NA	NA	NA	NA	NA	NA	NA	NA
cg12401953	0.82256725770136	0.661710235909893	0.193810321608709	0.534793782954437	0.651499074303641	0.424325435029458	NA	0.12512421796601	0.211540590476753	0.124188950425213	0.339607327447018	0.748558183401823	0.768235540650752	0.218861577538098	0.782506985414952	NA	NA	0.397515877872204	0.255757879397399	0.816479391957051	0.689283477861469	0.486878285912947	0.486378079751586	0.457650677371221	0.245604965497996	0.353911705517256	0.68631386748843	0.339436445816783	0.273252840774884	0.543945377866013	NA	0.783483693955035	0.55030106028838	0.237274548733117	NA	0.117835457956856	0.127817943143095	0.194325309507674	0.675954288403371	0.337162782762621	0.552013824762779	0.568834017297792	0.357906011864236	0.195230266036472	0.152183084822039	NA	NA	NA	0.15642935753912	0.391399375553071	0.227270003778476	0.44433944344954	0.918087157947621	0.790927627203899	0.465803661943237	0.484561988268113	0.240763329301782	0.359135241039967	0.822773174298942	0.336704753055389	0.283550263663965	0.104139720633918	0.433266371343506	0.408019060761251	0.558115982561486	0.35070407506859	0.388690492983641	0.340748271808401	0.860744520616575	0.684456994955459	NA	0.528285788575319	0.453820427482949	0.251022162067505	0.574039980839995	0.670013801012508	0.299417745731333	NA	0.27346966154954	0.518948020584905	0.171104704870266	0.266181188880484	NA	0.831059917283197	0.414593839393874	0.24253077959762	0.863583464722436	0.186137816950774	0.314717425272934	0.541699315900383	NA	NA	NA	0.0741146595487372	0.821874596989579	0.634617938598221	0.467108978419571	NA	0.394566645590801
cg12419663	NA	NA	NA	NA	NA	NA	NA	NA	NA	NA	NA	NA	NA	NA	NA	NA	NA	NA	NA	NA	NA	NA	NA	NA	NA	NA	NA	NA	NA	NA	NA	NA	NA	NA	NA	NA	NA	NA	NA	NA	NA	NA	NA	NA	NA	NA	NA	NA	NA	NA	NA	NA	NA	NA	NA	NA	NA	NA	NA	NA	NA	NA	NA	NA	NA	NA	NA	NA	NA	NA	NA	NA	NA	NA	NA	NA	NA	NA	NA	NA	NA	NA	NA	NA	NA	NA	NA	NA	NA	NA	NA	NA	NA	NA	NA	NA	NA	NA	NA
cg12470218	0.772286232624452	0.850197925194889	0.907758980406637	0.89961044565184	0.912042426172133	0.891037867828894	0.862080521947199	0.601083218932795	0.898283185386949	0.936414360440523	0.912573683392673	0.867520000857155	0.906824275839378	0.939560459855126	0.78002207857439	0.915992598913149	NA	0.941593312109286	0.606107853299708	0.911878670370067	0.835668878746876	0.905559639819577	0.930669612835814	0.798159604223185	0.939834298680177	0.783284053725143	0.481966807298464	0.892439247315787	0.932585926452858	0.937232810095059	0.949960695032015	0.839509616215906	0.923093319249438	0.927938513272354	0.88322915037275	0.944803417958415	0.937645034291555	0.937968277430996	0.892550945942274	0.549832188597042	0.857923853859934	0.902621344668264	0.831735849148981	0.826339039193701	0.934601202237984	0.904682303779999	0.912291818918713	0.895796678033143	0.909555884250018	0.767722421942379	0.683299681394005	0.920690742845551	0.925055265144558	0.636354619088805	0.609649735002646	0.91553408336529	0.941913143891399	0.757266128544996	0.931459448687425	0.895982325883455	0.839096575727995	0.94066410178681	0.885532714780733	0.776750164966977	0.932068159771209	0.848469046246165	0.818053882046836	0.840539854757367	NA	0.92735604650462	0.906172831201016	0.871303817950105	0.909709497186324	0.926936739857389	0.952989611737852	0.786623509700046	0.92404390216517	0.680425102677281	0.933162921431052	0.869925038990422	0.917653635191838	0.863006435694072	0.827525170798644	NA	0.810411361649813	0.901981005295695	0.913827080357272	0.938836431670494	0.944117759879873	0.862330220463015	0.904105533990474	0.88113903709297	0.924794203492008	0.826799032480066	0.78253442895457	0.889766001426098	0.921361858600865	0.906804053688367	0.903429959097968
cg12475092	NA	NA	NA	NA	NA	NA	NA	NA	NA	NA	NA	NA	NA	NA	NA	NA	NA	NA	NA	NA	NA	NA	NA	NA	NA	NA	NA	NA	NA	NA	NA	NA	NA	NA	NA	NA	NA	NA	NA	NA	NA	NA	NA	NA	NA	NA	NA	NA	NA	NA	NA	NA	NA	NA	NA	NA	NA	NA	NA	NA	NA	NA	NA	NA	NA	NA	NA	NA	NA	NA	NA	NA	NA	NA	NA	NA	NA	NA	NA	NA	NA	NA	NA	NA	NA	NA	NA	NA	NA	NA	NA	NA	NA	NA	NA	NA	NA	NA	NA
cg12501523	NA	NA	NA	NA	NA	NA	NA	NA	NA	NA	NA	NA	NA	NA	NA	NA	NA	NA	NA	NA	NA	NA	NA	NA	NA	NA	NA	NA	NA	NA	NA	NA	NA	NA	NA	NA	NA	NA	NA	NA	NA	NA	NA	NA	NA	NA	NA	NA	NA	NA	NA	NA	NA	NA	NA	NA	NA	NA	NA	NA	NA	NA	NA	NA	NA	NA	NA	NA	NA	NA	NA	NA	NA	NA	NA	NA	NA	NA	NA	NA	NA	NA	NA	NA	NA	NA	NA	NA	NA	NA	NA	NA	NA	NA	NA	NA	NA	NA	NA
cg12514654	NA	NA	NA	NA	NA	NA	NA	NA	NA	NA	NA	NA	NA	NA	NA	NA	NA	NA	NA	NA	NA	NA	NA	NA	NA	NA	NA	NA	NA	NA	NA	NA	NA	NA	NA	NA	NA	NA	NA	NA	NA	NA	NA	NA	NA	NA	NA	NA	NA	NA	NA	NA	NA	NA	NA	NA	NA	NA	NA	NA	NA	NA	NA	NA	NA	NA	NA	NA	NA	NA	NA	NA	NA	NA	NA	NA	NA	NA	NA	NA	NA	NA	NA	NA	NA	NA	NA	NA	NA	NA	NA	NA	NA	NA	NA	NA	NA	NA	NA
cg12525774	NA	NA	NA	NA	NA	NA	NA	NA	NA	NA	NA	NA	NA	NA	NA	NA	NA	NA	NA	NA	NA	NA	NA	NA	NA	NA	NA	NA	NA	NA	NA	NA	NA	NA	NA	NA	NA	NA	NA	NA	NA	NA	NA	NA	NA	NA	NA	NA	NA	NA	NA	NA	NA	NA	NA	NA	NA	NA	NA	NA	NA	NA	NA	NA	NA	NA	NA	NA	NA	NA	NA	NA	NA	NA	NA	NA	NA	NA	NA	NA	NA	NA	NA	NA	NA	NA	NA	NA	NA	NA	NA	NA	NA	NA	NA	NA	NA	NA	NA
cg12566078	0.84849548248425	0.958037967019715	0.928424170205912	0.924178495192003	0.918018080505664	0.787797747119184	0.807596845041009	0.882674768970633	0.465575916599334	0.619189355228581	0.862154236765466	0.897140035277281	0.791595250022934	0.167303517567211	0.832281652634275	0.936692104035147	0.938931808818094	0.582418169028273	0.955721913005916	0.803539222841947	0.662988858970096	0.539690581585554	0.71804643261273	0.916840603898202	0.318315585795881	0.724874317663735	0.916626223708947	0.886073690866496	0.937258022684444	0.926497670455425	0.63015278580512	0.777807440076193	0.924447960941903	0.939695075042086	0.921403806770101	0.881365014080091	0.75857546776051	0.942964509575455	0.914112048708971	0.949835783340851	0.945210179844582	0.804959673132009	0.868476916387404	0.947983322967499	0.889334792091972	0.856865166189157	0.363070992435423	0.543454120954969	0.838926605656317	0.926999719503419	0.585527251919315	0.902273276289484	0.92354331067685	0.899294510328203	0.898141354631585	0.336365280450046	0.931386255006218	0.418659723684814	0.837606453700532	0.911322206061101	0.602932085703949	0.531797053756833	0.922775569929743	0.933549023920857	0.947355536041135	0.823826867236306	0.510262352920259	0.929133802606258	0.269172670735392	0.902822452687909	0.90346102927808	0.942607811525198	0.884967660385847	0.783438718991989	0.85897456121003	0.920363015753486	0.959319705392268	0.882194601231587	0.849704906764044	0.624669629694382	0.933722592571437	0.875015574917807	0.238053801068201	0.903501601966657	0.786684042653041	0.44977038932096	0.960640532374178	0.900975758279872	0.909406568622235	0.887402084903734	0.94852299600908	0.845844727054896	0.86889738937026	0.900745918468695	0.408859877367578	0.955265947127673	0.932704327082091	0.856142094942257	0.878405071855614
cg12578116	NA	NA	NA	NA	NA	NA	NA	NA	NA	NA	NA	NA	NA	NA	NA	NA	NA	NA	NA	NA	NA	NA	NA	NA	NA	NA	NA	NA	NA	NA	NA	NA	NA	NA	NA	NA	NA	NA	NA	NA	NA	NA	NA	NA	NA	NA	NA	NA	NA	NA	NA	NA	NA	NA	NA	NA	NA	NA	NA	NA	NA	NA	NA	NA	NA	NA	NA	NA	NA	NA	NA	NA	NA	NA	NA	NA	NA	NA	NA	NA	NA	NA	NA	NA	NA	NA	NA	NA	NA	NA	NA	NA	NA	NA	NA	NA	NA	NA	NA
cg12647952	0.958192423264985	0.918538671479051	0.762710323727245	0.926598250217877	0.864628444281428	0.687444451716855	0.93207538843217	0.863179509659991	0.906799029608751	0.89449027265566	0.944189411865994	0.91981309231627	0.943258676987836	0.837992649234874	0.935601188045115	0.942645692674866	0.953041240421559	0.640444441761174	0.932457964615211	0.49526140307114	0.727489129548923	0.938190743250282	0.926631730973616	0.927292574228719	0.852667557429929	0.944416993860627	0.952994045279455	0.943585937445705	0.947263427081177	0.95134506241378	0.378884286073354	0.953231860814363	0.774490736923061	0.637282553436998	0.912704777019729	0.943521670275688	0.946836811872917	0.934681464191068	0.849385493424206	0.881615618752302	0.925972655364339	0.682138033384881	0.909855373517222	0.948397734921058	0.90360813469376	0.932490369172754	0.907965585859573	0.938244197684154	0.794255361820821	0.950941291853347	0.817278776395673	0.851224847343253	0.920522057030643	0.950844890467153	0.921664608220568	0.901394185456219	0.896895481034159	0.909829280016109	0.925079600140419	0.89615045794275	0.936676143904665	0.915863830876942	0.867590935103595	0.741740807039721	0.90013176674256	0.841807899822547	0.907073495564202	0.948980075398006	0.917074664320066	0.894522171201853	0.936646897723109	0.675311881698095	0.762403128906522	0.934372488470412	0.948424108728981	0.923932961721304	0.922712615015579	0.937371396405343	0.603053976377718	0.835137509962258	0.687821356427265	0.887405191740168	0.939976238435723	0.955237993716859	0.867084625541506	0.713100544643737	0.929284008493809	0.677477945295135	0.955102483106988	0.935611067852556	0.942989959180201	0.947399316183893	0.946657662498531	0.370463976270273	0.732279112709196	0.687321077068166	0.945228809115519	0.922637392479226	0.935309666349574
cg12678329	NA	NA	NA	NA	NA	NA	NA	NA	NA	NA	NA	NA	NA	NA	NA	NA	NA	NA	NA	NA	NA	NA	NA	NA	NA	NA	NA	NA	NA	NA	NA	NA	NA	NA	NA	NA	NA	NA	NA	NA	NA	NA	NA	NA	NA	NA	NA	NA	NA	NA	NA	NA	NA	NA	NA	NA	NA	NA	NA	NA	NA	NA	NA	NA	NA	NA	NA	NA	NA	NA	NA	NA	NA	NA	NA	NA	NA	NA	NA	NA	NA	NA	NA	NA	NA	NA	NA	NA	NA	NA	NA	NA	NA	NA	NA	NA	NA	NA	NA
cg12705541	0.211983996868267	0.353650502965622	0.172556131024745	0.308954640856006	0.215365311324074	0.19293147617639	0.26080213553306	0.139369442629106	0.225433864266404	0.187253164157815	0.179117232085729	0.836549000797048	0.508587561569829	0.093766090298791	0.279060516441062	0.12168973792237	0.15291200689287	0.213279395339183	0.0982912916820602	0.152704079733669	0.296692907004949	0.333471121365006	0.113577584509265	0.286431907060981	0.147113110059615	0.299446934190259	0.13410556717369	0.132379689832362	0.123458560275145	0.132966318772681	0.197094434453063	0.399468964459712	0.0812018134253836	0.172057554043949	0.14363531073949	0.438291056442769	0.0742530428624311	0.29496653384081	0.214087767130085	0.194852023495442	0.114057202113929	0.109205000711861	0.358401822002532	0.104207976843951	0.181533443605476	0.195421881206563	0.119012255215734	0.138591523666006	0.115351702029659	0.742409961063846	0.234705501480032	0.302193240190419	0.208124712000237	0.369105969460312	0.310100402462672	0.163060097482042	0.0939610208727217	0.136881572670625	0.127865232911174	0.375705489929616	0.118676447402904	0.0631318311343444	0.291024977883143	0.172447600895135	0.192508274549965	0.253100433432401	0.187951421875015	0.359284152886399	0.223628317835237	0.22899406445497	0.159700448149557	0.2643850760255	0.27630538882807	0.151847981630611	0.434997189329454	0.110288469781883	0.24681479746471	0.0820019940295054	0.171729648737706	0.22275557955202	0.1641039333997	0.321777582587469	0.0987856236898367	0.176834482868626	0.259941461480518	0.110313193639075	0.127243098393553	0.169098452632123	0.131504646968273	0.333704926534322	0.10467570498979	0.260063133085447	0.13464523151623	0.0701046750310476	0.158874921093567	0.234145710287284	0.224957958765351	0.187737685993114	0.387192333983333
cg12728543	NA	NA	NA	NA	NA	NA	NA	NA	NA	NA	NA	NA	NA	NA	NA	NA	NA	NA	NA	NA	NA	NA	NA	NA	NA	NA	NA	NA	NA	NA	NA	NA	NA	NA	NA	NA	NA	NA	NA	NA	NA	NA	NA	NA	NA	NA	NA	NA	NA	NA	NA	NA	NA	NA	NA	NA	NA	NA	NA	NA	NA	NA	NA	NA	NA	NA	NA	NA	NA	NA	NA	NA	NA	NA	NA	NA	NA	NA	NA	NA	NA	NA	NA	NA	NA	NA	NA	NA	NA	NA	NA	NA	NA	NA	NA	NA	NA	NA	NA
cg12752449	0.916006365021844	0.956774250664235	0.903231670865207	0.940710223627289	0.953063081907841	0.885392343694709	0.94611055438439	0.828384468567763	0.734875232534612	0.920152013433787	0.917469891372372	0.925595664500522	0.918198361203595	0.909028502115115	0.881500000416317	0.949867851675147	0.958377013243254	0.920867123576194	0.904168505631044	0.941211217082068	0.944065498122408	0.872320423403511	0.838632452773952	0.909413611038809	0.890823154994888	0.901319710859479	0.943236833035949	0.845263076553584	0.876674100188994	0.96681016738121	0.702209419985908	0.938806878439524	0.901713325618007	0.914025976624472	0.908360196716594	0.938516873138818	0.943303300113421	0.873392739165611	0.927913778716278	0.951484944866788	0.955302201033263	0.956489138739119	0.815694775571023	0.948659081689201	0.918666742106869	0.928851561878823	0.822868324535329	0.955201696992485	0.941647091814729	0.93887826857785	0.807817926169725	0.920072743348079	0.828894622453811	0.888135944187356	0.91842413966286	0.899282713925624	0.914288197791669	0.856911922356801	0.933626487178475	0.911845409263158	0.932739855344852	0.725352561485021	0.91089457311396	0.920287108129378	0.922480760389326	0.928410491168584	0.905339806586745	0.948265704553566	0.906380475119753	0.778583458458484	0.935449033469824	0.938775705104924	0.937411683564216	0.87493598994836	0.944126180290627	0.927393332857626	0.813459959308305	0.940682071840331	0.920341798613987	0.792165187347608	0.902310743456073	0.890722704887235	0.893884662934807	0.941064233695422	0.932992686460304	0.829166559661907	0.909730023615649	0.749980386763632	0.918747201792273	0.937628181968148	0.900814812705564	0.951019870531583	0.951430028843603	0.832489850415861	0.539218365127885	0.927601215240767	0.735556711810832	0.951172651263358	0.726650409776585
cg12757890	NA	NA	NA	NA	NA	NA	NA	NA	NA	NA	NA	NA	NA	NA	NA	NA	NA	NA	NA	NA	NA	NA	NA	NA	NA	NA	NA	NA	NA	NA	NA	NA	NA	NA	NA	NA	NA	NA	NA	NA	NA	NA	NA	NA	NA	NA	NA	NA	NA	NA	NA	NA	NA	NA	NA	NA	NA	NA	NA	NA	NA	NA	NA	NA	NA	NA	NA	NA	NA	NA	NA	NA	NA	NA	NA	NA	NA	NA	NA	NA	NA	NA	NA	NA	NA	NA	NA	NA	NA	NA	NA	NA	NA	NA	NA	NA	NA	NA	NA
cg12765935	NA	NA	NA	NA	NA	NA	NA	NA	NA	NA	NA	NA	NA	NA	NA	NA	NA	NA	NA	NA	NA	NA	NA	NA	NA	NA	NA	NA	NA	NA	NA	NA	NA	NA	NA	NA	NA	NA	NA	NA	NA	NA	NA	NA	NA	NA	NA	NA	NA	NA	NA	NA	NA	NA	NA	NA	NA	NA	NA	NA	NA	NA	NA	NA	NA	NA	NA	NA	NA	NA	NA	NA	NA	NA	NA	NA	NA	NA	NA	NA	NA	NA	NA	NA	NA	NA	NA	NA	NA	NA	NA	NA	NA	NA	NA	NA	NA	NA	NA
cg12774391	0.953917852506192	0.947950083162413	0.959595991990584	0.954569463717846	0.955127504799079	0.9629675400333	0.953630459405393	0.936262066781543	0.950534784331727	0.952573579040593	0.953573239341225	0.961536555856659	0.95181065635583	0.97417468781659	0.94620071899284	0.960446131730639	0.966370384478056	0.950875222806639	0.96511184589242	0.946794326414628	0.957918860374336	0.957914523468793	0.963896882390469	0.95599504602439	0.941118175411962	0.958974410164906	0.962982988253779	0.956225166130609	0.965664682155097	0.954905635514038	0.961331418396503	0.959716007246872	0.955124334836107	0.944800585086683	0.907556056733849	0.95937545475108	0.963751800613184	0.965460966969256	0.940203551711482	0.94856990758354	0.965832881247326	0.977867967147128	0.941323178404026	0.977694064582322	0.966194160168133	0.944852202206833	0.963444892779214	0.954965629243454	0.932306004571579	0.957632197182174	0.963753172533358	0.956092427095153	0.949900780951574	0.967170026246696	0.958163115721862	0.955523753476894	0.945355787032556	0.968228508765588	0.954676347544964	0.952424337943142	0.942381139438051	0.956896420705979	0.956939728401536	0.950103164795318	0.955091556339039	0.944128563862842	0.954476055694531	0.94988748019846	0.946056865504381	0.96452901504819	0.951106740088653	0.951133670151404	0.967153679761078	0.958140306629632	0.970509575197668	0.960404204714623	0.967542121555879	0.944265002060242	0.957486800129353	0.946761817964118	0.941723508698883	0.957215200206487	0.938190502856164	0.91046949582446	0.960102157896004	0.952807672440802	0.958129106252895	0.958155383797917	0.95738169133954	0.95587401517526	0.952997227259733	0.963062948414932	0.945345628476287	0.965783664948157	0.955575383531773	0.949882403833921	0.95290270065484	0.943704338772175	0.964842683616534
cg12794109	NA	NA	NA	NA	NA	NA	NA	NA	NA	NA	NA	NA	NA	NA	NA	NA	NA	NA	NA	NA	NA	NA	NA	NA	NA	NA	NA	NA	NA	NA	NA	NA	NA	NA	NA	NA	NA	NA	NA	NA	NA	NA	NA	NA	NA	NA	NA	NA	NA	NA	NA	NA	NA	NA	NA	NA	NA	NA	NA	NA	NA	NA	NA	NA	NA	NA	NA	NA	NA	NA	NA	NA	NA	NA	NA	NA	NA	NA	NA	NA	NA	NA	NA	NA	NA	NA	NA	NA	NA	NA	NA	NA	NA	NA	NA	NA	NA	NA	NA
cg12809883	NA	NA	NA	NA	NA	NA	NA	NA	NA	NA	NA	NA	NA	NA	NA	NA	NA	NA	NA	NA	NA	NA	NA	NA	NA	NA	NA	NA	NA	NA	NA	NA	NA	NA	NA	NA	NA	NA	NA	NA	NA	NA	NA	NA	NA	NA	NA	NA	NA	NA	NA	NA	NA	NA	NA	NA	NA	NA	NA	NA	NA	NA	NA	NA	NA	NA	NA	NA	NA	NA	NA	NA	NA	NA	NA	NA	NA	NA	NA	NA	NA	NA	NA	NA	NA	NA	NA	NA	NA	NA	NA	NA	NA	NA	NA	NA	NA	NA	NA
cg12874388	NA	NA	NA	NA	NA	NA	NA	NA	NA	NA	NA	NA	NA	NA	NA	NA	NA	NA	NA	NA	NA	NA	NA	NA	NA	NA	NA	NA	NA	NA	NA	NA	NA	NA	NA	NA	NA	NA	NA	NA	NA	NA	NA	NA	NA	NA	NA	NA	NA	NA	NA	NA	NA	NA	NA	NA	NA	NA	NA	NA	NA	NA	NA	NA	NA	NA	NA	NA	NA	NA	NA	NA	NA	NA	NA	NA	NA	NA	NA	NA	NA	NA	NA	NA	NA	NA	NA	NA	NA	NA	NA	NA	NA	NA	NA	NA	NA	NA	NA
cg12882999	NA	NA	NA	NA	NA	NA	NA	NA	NA	NA	NA	NA	NA	NA	NA	NA	NA	NA	NA	NA	NA	NA	NA	NA	NA	NA	NA	NA	NA	NA	NA	NA	NA	NA	NA	NA	NA	NA	NA	NA	NA	NA	NA	NA	NA	NA	NA	NA	NA	NA	NA	NA	NA	NA	NA	NA	NA	NA	NA	NA	NA	NA	NA	NA	NA	NA	NA	NA	NA	NA	NA	NA	NA	NA	NA	NA	NA	NA	NA	NA	NA	NA	NA	NA	NA	NA	NA	NA	NA	NA	NA	NA	NA	NA	NA	NA	NA	NA	NA
cg12934659	0.201107358836181	0.248469480068922	NA	0.291870582306783	0.266326859332491	0.312910644106691	0.300016039694532	0.139885215532501	NA	0.25023374366785	0.263458390371465	0.194168253155245	0.374868606663377	0.187499321337583	0.300697771406749	0.179428646142661	0.272431817371361	0.321554583995645	0.316317070540434	0.18265112673126	0.303697548025061	0.272502428622134	0.197359203614536	0.334377537108434	0.283493783946763	0.292515420304445	0.234591985256699	0.236721671043855	0.206219550557377	0.1348758962661	NA	0.28843539758606	NA	0.211008049789577	0.222927955898299	0.362046313670719	0.222286405616514	0.205251076021112	0.400075083236501	0.361193323155456	0.273123848252988	0.246645943144616	0.322149749866837	0.272271134439783	0.246039547777251	0.29434845953804	0.198230071287869	0.752240361046688	NA	0.285339622351315	NA	0.393646272685759	0.211544295510798	0.359586481741259	0.388321951357268	0.249508670519484	0.280709208805673	NA	0.248152779630287	0.498291367225312	NA	0.246978333353754	0.240816343190461	0.257017905345332	0.231250828721164	0.311678034751783	0.311659763059401	NA	0.481545007435249	0.398429592852306	NA	0.309246221286462	0.23337695562822	0.268019474792918	0.375240598428828	0.273945902107738	0.300659809162206	0.17394858176953	0.256331510914621	0.325360403855519	0.242402852170759	0.425652076330955	0.201518594834009	0.205805690768518	0.328750418975332	0.417544061276543	0.174859861103395	0.251582398257813	0.221440296412724	0.303476008806824	NA	0.276375040420997	0.204553999856762	0.255404576710337	0.282429478388876	0.232311294638631	0.308042826829949	0.204768808617406	0.399960536110506
cg12977946	NA	NA	NA	NA	NA	NA	NA	NA	NA	NA	NA	NA	NA	NA	NA	NA	NA	NA	NA	NA	NA	NA	NA	NA	NA	NA	NA	NA	NA	NA	NA	NA	NA	NA	NA	NA	NA	NA	NA	NA	NA	NA	NA	NA	NA	NA	NA	NA	NA	NA	NA	NA	NA	NA	NA	NA	NA	NA	NA	NA	NA	NA	NA	NA	NA	NA	NA	NA	NA	NA	NA	NA	NA	NA	NA	NA	NA	NA	NA	NA	NA	NA	NA	NA	NA	NA	NA	NA	NA	NA	NA	NA	NA	NA	NA	NA	NA	NA	NA
cg12980798	NA	NA	NA	NA	NA	NA	NA	NA	NA	NA	NA	NA	NA	NA	NA	NA	NA	NA	NA	NA	NA	NA	NA	NA	NA	NA	NA	NA	NA	NA	NA	NA	NA	NA	NA	NA	NA	NA	NA	NA	NA	NA	NA	NA	NA	NA	NA	NA	NA	NA	NA	NA	NA	NA	NA	NA	NA	NA	NA	NA	NA	NA	NA	NA	NA	NA	NA	NA	NA	NA	NA	NA	NA	NA	NA	NA	NA	NA	NA	NA	NA	NA	NA	NA	NA	NA	NA	NA	NA	NA	NA	NA	NA	NA	NA	NA	NA	NA	NA
cg12985923	0.964703942573402	0.951357658943564	0.965125363009112	0.956226173542725	0.951479659733893	0.966944575163271	0.93583466726992	0.930795618431771	0.951504922099433	0.935822944819982	0.974014277835003	0.957397095700988	0.958289133844216	0.963015693625244	0.939015756175253	0.940454063141562	0.959643531735311	0.962159177533316	0.967429124131969	0.874964351055286	0.919157374759689	0.929030620042068	0.963618708201053	0.947603374695859	0.663400449478402	0.966528145358409	0.96244150812996	0.961491306165351	0.958063188704855	0.967225657093202	0.937364771114834	0.915039434509587	0.968940610659303	0.956025755850832	0.954385759965345	0.951892950323137	0.960813074541159	0.941505901290145	0.955095531404447	0.785584909335012	0.967660703757406	0.952148451417914	0.951168616961507	0.967628842084656	0.956538909375415	0.950642768556157	0.968462496553999	0.662931049269193	0.971782778178015	0.951015961905717	0.959265230789248	0.95202301972004	0.953197088275026	0.965545337093794	0.954565864182191	0.957439854285209	0.95667281354331	0.913726241924732	0.96097711754147	0.924247687779839	0.884830436626267	0.961899251250476	0.94872717840484	0.962772013785483	0.951966879975296	0.96628460803917	0.957798645191982	0.968504977363207	0.652411685478293	0.963905393138047	0.946680187956359	0.960302143927399	0.97306927369909	0.965069903222582	0.966416056172352	0.936444965049393	0.97398659083642	0.950803275188338	0.96703793343139	0.958194049099459	0.92485979101096	0.964066098971483	0.605650929189664	0.956432631842343	0.955722227662813	0.60246294867961	0.960546083427892	0.955737662857834	0.961388042366227	0.939418236972128	0.955745192442656	0.905199009239635	0.953624409686921	0.948876660053702	0.960686751324199	0.955249623076201	0.958551280272097	0.917389113121262	0.96267417816316
cg13003329	NA	NA	NA	NA	NA	NA	NA	NA	NA	NA	NA	NA	NA	NA	NA	NA	NA	NA	NA	NA	NA	NA	NA	NA	NA	NA	NA	NA	NA	NA	NA	NA	NA	NA	NA	NA	NA	NA	NA	NA	NA	NA	NA	NA	NA	NA	NA	NA	NA	NA	NA	NA	NA	NA	NA	NA	NA	NA	NA	NA	NA	NA	NA	NA	NA	NA	NA	NA	NA	NA	NA	NA	NA	NA	NA	NA	NA	NA	NA	NA	NA	NA	NA	NA	NA	NA	NA	NA	NA	NA	NA	NA	NA	NA	NA	NA	NA	NA	NA
cg13018639	0.858437249778049	0.880554427899042	0.274695316374886	0.790812346796451	0.895246104165861	0.488720400243382	0.749371218642105	NA	0.298155694105537	0.622407783806386	0.857073137942504	0.891532806886203	0.931339494462968	0.12921475966459	0.895226460244674	0.772514511164818	0.852371132106237	0.425757458940373	0.192363068646719	0.394619165730066	0.587115824011906	0.539850460120012	0.458420798413434	0.200957598981377	0.333186007755087	0.46541979863475	0.365102365714815	0.364564129655607	0.849493618524631	0.176817193014834	0.183308120932606	0.586946022423271	0.763504269401533	0.710504894143749	0.801272603316743	NA	0.116072807663284	0.192576660526386	0.851425060496027	0.551927846537464	0.74631902606362	0.899873049304315	0.304142152982399	0.917596734469678	0.287436470450274	0.343678205317303	0.400121736250144	NA	0.272966961059314	0.875525536969414	0.317571461436408	0.887238307879992	NA	0.721199713050914	0.86477335922197	0.27289305237704	0.209020926773374	0.283563283837256	0.822583722062761	0.813841086214321	0.21245109657044	0.0896109586954289	0.46043591877386	0.916415919052368	NA	0.613427625030022	0.309860431972472	0.473511471204435	0.160226038777215	0.881844621566382	0.783256725901975	0.798924638778715	0.903220290871007	0.421393778312722	0.938564770996725	0.809201821026638	0.563676923802579	0.507544633255432	0.565803929405663	0.35306476894244	0.208932781796979	0.695404852211561	0.257232348344802	0.85525697370845	0.679857606581441	NA	0.930207644098858	0.313098158529193	0.781087418306021	0.763136578676521	0.845674693361207	0.710057942978985	NA	NA	0.792851836630797	0.702847875050343	0.799531708389675	0.636728983089104	0.80480017528016
cg13022905	NA	NA	NA	NA	NA	NA	NA	NA	NA	NA	NA	NA	NA	NA	NA	NA	NA	NA	NA	NA	NA	NA	NA	NA	NA	NA	NA	NA	NA	NA	NA	NA	NA	NA	NA	NA	NA	NA	NA	NA	NA	NA	NA	NA	NA	NA	NA	NA	NA	NA	NA	NA	NA	NA	NA	NA	NA	NA	NA	NA	NA	NA	NA	NA	NA	NA	NA	NA	NA	NA	NA	NA	NA	NA	NA	NA	NA	NA	NA	NA	NA	NA	NA	NA	NA	NA	NA	NA	NA	NA	NA	NA	NA	NA	NA	NA	NA	NA	NA
cg13060607	NA	NA	NA	NA	NA	NA	NA	NA	NA	NA	NA	NA	NA	NA	NA	NA	NA	NA	NA	NA	NA	NA	NA	NA	NA	NA	NA	NA	NA	NA	NA	NA	NA	NA	NA	NA	NA	NA	NA	NA	NA	NA	NA	NA	NA	NA	NA	NA	NA	NA	NA	NA	NA	NA	NA	NA	NA	NA	NA	NA	NA	NA	NA	NA	NA	NA	NA	NA	NA	NA	NA	NA	NA	NA	NA	NA	NA	NA	NA	NA	NA	NA	NA	NA	NA	NA	NA	NA	NA	NA	NA	NA	NA	NA	NA	NA	NA	NA	NA
cg13082604	NA	NA	NA	NA	NA	NA	NA	NA	NA	NA	NA	NA	NA	NA	NA	NA	NA	NA	NA	NA	NA	NA	NA	NA	NA	NA	NA	NA	NA	NA	NA	NA	NA	NA	NA	NA	NA	NA	NA	NA	NA	NA	NA	NA	NA	NA	NA	NA	NA	NA	NA	NA	NA	NA	NA	NA	NA	NA	NA	NA	NA	NA	NA	NA	NA	NA	NA	NA	NA	NA	NA	NA	NA	NA	NA	NA	NA	NA	NA	NA	NA	NA	NA	NA	NA	NA	NA	NA	NA	NA	NA	NA	NA	NA	NA	NA	NA	NA	NA
cg13105167	NA	NA	NA	NA	NA	NA	NA	NA	NA	NA	NA	NA	NA	NA	NA	NA	NA	NA	NA	NA	NA	NA	NA	NA	NA	NA	NA	NA	NA	NA	NA	NA	NA	NA	NA	NA	NA	NA	NA	NA	NA	NA	NA	NA	NA	NA	NA	NA	NA	NA	NA	NA	NA	NA	NA	NA	NA	NA	NA	NA	NA	NA	NA	NA	NA	NA	NA	NA	NA	NA	NA	NA	NA	NA	NA	NA	NA	NA	NA	NA	NA	NA	NA	NA	NA	NA	NA	NA	NA	NA	NA	NA	NA	NA	NA	NA	NA	NA	NA
cg13155421	0.598549964035553	0.646086986138358	0.342209396008201	0.639076896299209	0.446718358962032	0.424033519953879	0.478753412293871	0.357282807086587	0.276053218514071	0.666457609033279	0.289370335069048	0.549347726616009	0.640579988152554	0.321446117207453	0.759183493376273	0.218142915565827	0.396405729547785	0.382771360978069	0.304449757555648	0.445366937427479	0.578402083139624	0.57645786349735	0.182191009116424	0.440596013383163	0.271433368057246	0.390438567956277	0.377332105108138	0.548707053027305	0.325080677196864	0.334353414074889	0.198554865100338	0.511793693981376	0.296315101637785	0.415173233307348	0.323486919149364	0.0661993680098042	0.136272008827179	0.641733944507191	0.536686574976972	0.463645962856103	0.478549076936262	0.254804770255793	0.504347372504638	0.293314731385861	0.744457902471292	0.330416921603519	0.24060280521562	0.376303334590745	0.663145204116817	0.435795310495537	0.539136092186841	0.391664892002881	0.253606425600624	0.683683325288805	0.4051348903385	0.334624490173359	0.564181886409343	0.326008242370388	0.332012522724407	0.46886118649403	0.318818284249081	0.286247556253694	0.527866780086691	0.229910393319946	0.383675841973246	0.60035486630045	0.505776781624499	0.437198650693621	0.539752273037941	0.35323681368943	0.303659260712636	0.620606101750791	0.584600019457198	0.230402058415821	0.848066549300804	0.378692345195956	0.637561436342778	0.150586919313658	0.331602579203544	0.306164877395777	0.268888419973313	0.401375421347942	0.136031986112605	0.33911192681166	0.438240648071341	0.285079828608095	0.697234146606002	0.474978748660904	0.20918952670368	0.637299262715333	0.45264409877577	0.609057295472177	0.274733369816076	0.235355098547723	0.465745518209024	0.709523517457729	0.391864832549485	0.378816205342898	0.523748044892149
cg13202514	NA	NA	NA	NA	NA	NA	NA	NA	NA	NA	NA	NA	NA	NA	NA	NA	NA	NA	NA	NA	NA	NA	NA	NA	NA	NA	NA	NA	NA	NA	NA	NA	NA	NA	NA	NA	NA	NA	NA	NA	NA	NA	NA	NA	NA	NA	NA	NA	NA	NA	NA	NA	NA	NA	NA	NA	NA	NA	NA	NA	NA	NA	NA	NA	NA	NA	NA	NA	NA	NA	NA	NA	NA	NA	NA	NA	NA	NA	NA	NA	NA	NA	NA	NA	NA	NA	NA	NA	NA	NA	NA	NA	NA	NA	NA	NA	NA	NA	NA
cg13225272	NA	NA	NA	NA	NA	NA	NA	NA	NA	NA	NA	NA	NA	NA	NA	NA	NA	NA	NA	NA	NA	NA	NA	NA	NA	NA	NA	NA	NA	NA	NA	NA	NA	NA	NA	NA	NA	NA	NA	NA	NA	NA	NA	NA	NA	NA	NA	NA	NA	NA	NA	NA	NA	NA	NA	NA	NA	NA	NA	NA	NA	NA	NA	NA	NA	NA	NA	NA	NA	NA	NA	NA	NA	NA	NA	NA	NA	NA	NA	NA	NA	NA	NA	NA	NA	NA	NA	NA	NA	NA	NA	NA	NA	NA	NA	NA	NA	NA	NA
cg13227480	NA	NA	NA	NA	NA	NA	NA	NA	NA	NA	NA	NA	NA	NA	NA	NA	NA	NA	NA	NA	NA	NA	NA	NA	NA	NA	NA	NA	NA	NA	NA	NA	NA	NA	NA	NA	NA	NA	NA	NA	NA	NA	NA	NA	NA	NA	NA	NA	NA	NA	NA	NA	NA	NA	NA	NA	NA	NA	NA	NA	NA	NA	NA	NA	NA	NA	NA	NA	NA	NA	NA	NA	NA	NA	NA	NA	NA	NA	NA	NA	NA	NA	NA	NA	NA	NA	NA	NA	NA	NA	NA	NA	NA	NA	NA	NA	NA	NA	NA
cg13234587	0.942916326725145	0.966420228194589	0.94584320340697	0.944912402061214	0.94148559736219	0.936563532867739	0.947364368492456	0.957050535608832	0.91430010514542	0.890941587837466	0.967472959322301	0.942975660512621	0.919801626300825	0.943286955330002	0.911570278542703	0.960705045531313	0.946102252921954	0.941270233022128	0.955667653418607	0.965430527595508	0.922734264236715	0.922590838006109	0.861550022338856	0.945665803436641	0.752009593054852	0.949662125018345	0.923152445546524	0.948021389115731	0.959122262513559	0.95832842571887	0.949324592786994	0.937557617213608	0.941152327347053	0.935746063664927	0.947252813452921	0.94315049096184	0.958921422109497	0.894051620401072	0.946721916155227	0.96685260840265	0.939021288407709	0.951978025680986	0.949545295864176	0.968572164757812	0.954750678885925	0.937649175625276	0.961677410984358	0.927455372495576	0.912835377924279	0.947661696765741	0.96318075274312	0.94725611794215	0.911697122243181	0.927681577259143	0.938258496581201	0.543125893463925	0.939675986756731	0.93590338045851	0.952824847518732	0.957502223659512	0.953217061424979	0.945418153324063	0.953484764010382	0.950514685639919	0.959938921481426	0.934060533923986	0.940740209862247	0.966476702172546	0.896501793751708	0.919738418989487	0.919456804873918	0.957386001690713	0.951903504013317	0.909718776069592	0.941015021483009	0.936129689255356	0.963807385168278	0.958498079633388	0.930888551407988	0.924672124002311	0.965918523754482	0.895849306831228	0.806979198900596	0.940282643649851	0.941369208827856	0.758785521233577	0.961486243537813	0.950004643355039	0.95005160761636	0.932468822623146	0.941009319678164	0.9356881775906	0.951035352529844	0.961407889529377	0.958694037463975	0.960668724697583	0.950120327185533	0.936560021437048	0.946632865965455
cg13244886	NA	NA	NA	NA	NA	NA	NA	NA	NA	NA	NA	NA	NA	NA	NA	NA	NA	NA	NA	NA	NA	NA	NA	NA	NA	NA	NA	NA	NA	NA	NA	NA	NA	NA	NA	NA	NA	NA	NA	NA	NA	NA	NA	NA	NA	NA	NA	NA	NA	NA	NA	NA	NA	NA	NA	NA	NA	NA	NA	NA	NA	NA	NA	NA	NA	NA	NA	NA	NA	NA	NA	NA	NA	NA	NA	NA	NA	NA	NA	NA	NA	NA	NA	NA	NA	NA	NA	NA	NA	NA	NA	NA	NA	NA	NA	NA	NA	NA	NA
cg13247922	NA	NA	NA	NA	NA	NA	NA	NA	NA	NA	NA	NA	NA	NA	NA	NA	NA	NA	NA	NA	NA	NA	NA	NA	NA	NA	NA	NA	NA	NA	NA	NA	NA	NA	NA	NA	NA	NA	NA	NA	NA	NA	NA	NA	NA	NA	NA	NA	NA	NA	NA	NA	NA	NA	NA	NA	NA	NA	NA	NA	NA	NA	NA	NA	NA	NA	NA	NA	NA	NA	NA	NA	NA	NA	NA	NA	NA	NA	NA	NA	NA	NA	NA	NA	NA	NA	NA	NA	NA	NA	NA	NA	NA	NA	NA	NA	NA	NA	NA
cg13278241	NA	NA	NA	NA	NA	NA	NA	NA	NA	NA	NA	NA	NA	NA	NA	NA	NA	NA	NA	NA	NA	NA	NA	NA	NA	NA	NA	NA	NA	NA	NA	NA	NA	NA	NA	NA	NA	NA	NA	NA	NA	NA	NA	NA	NA	NA	NA	NA	NA	NA	NA	NA	NA	NA	NA	NA	NA	NA	NA	NA	NA	NA	NA	NA	NA	NA	NA	NA	NA	NA	NA	NA	NA	NA	NA	NA	NA	NA	NA	NA	NA	NA	NA	NA	NA	NA	NA	NA	NA	NA	NA	NA	NA	NA	NA	NA	NA	NA	NA
cg13324357	NA	NA	NA	NA	NA	NA	NA	NA	NA	NA	NA	NA	NA	NA	NA	NA	NA	NA	NA	NA	NA	NA	NA	NA	NA	NA	NA	NA	NA	NA	NA	NA	NA	NA	NA	NA	NA	NA	NA	NA	NA	NA	NA	NA	NA	NA	NA	NA	NA	NA	NA	NA	NA	NA	NA	NA	NA	NA	NA	NA	NA	NA	NA	NA	NA	NA	NA	NA	NA	NA	NA	NA	NA	NA	NA	NA	NA	NA	NA	NA	NA	NA	NA	NA	NA	NA	NA	NA	NA	NA	NA	NA	NA	NA	NA	NA	NA	NA	NA
cg13342370	NA	NA	NA	NA	NA	NA	NA	NA	NA	NA	NA	NA	NA	NA	NA	NA	NA	NA	NA	NA	NA	NA	NA	NA	NA	NA	NA	NA	NA	NA	NA	NA	NA	NA	NA	NA	NA	NA	NA	NA	NA	NA	NA	NA	NA	NA	NA	NA	NA	NA	NA	NA	NA	NA	NA	NA	NA	NA	NA	NA	NA	NA	NA	NA	NA	NA	NA	NA	NA	NA	NA	NA	NA	NA	NA	NA	NA	NA	NA	NA	NA	NA	NA	NA	NA	NA	NA	NA	NA	NA	NA	NA	NA	NA	NA	NA	NA	NA	NA
cg13375629	0.482436290880865	0.496357632192957	0.288535477529288	0.583425128901024	0.375753473198053	0.374272403142757	0.612624036975235	0.168173969845044	0.301825706671376	0.579396733577448	0.300555335160004	0.273034223582384	0.546396291810716	0.179860676503336	0.744931480748786	0.198572182851495	0.292017179555568	0.338631793995295	0.365718257061432	0.25893856061282	0.425906218304123	0.394535225587218	0.174675454627903	0.317852286742344	0.289510658758956	0.401688935664521	0.270139841919418	0.830842003190228	0.214473614047395	0.234924365510373	0.298299661456583	0.464014963028849	0.362007330913194	0.2519689086062	0.278043219275946	0.181035334118706	0.192374640107621	0.229058772847141	0.487690874321958	0.301667731117605	0.276711994078	0.400508625070666	0.447368948241873	0.18547902762899	0.23759270891214	0.392934658748196	0.281085214914928	0.417935833957605	0.272053487799342	0.367986654830268	0.307208362111344	0.640827933006283	0.113148541734271	0.603676320238109	0.452710919314403	0.334274013460817	0.244955839258542	0.335096695896349	0.201637258477519	0.570218577210607	0.298906140256324	0.125221093935692	0.717601844014898	0.406055018751272	0.257987863227276	0.486816149435773	0.286693582905508	0.582573130755679	0.263253544896738	0.293717439955755	0.280327044925006	0.45197538640494	0.393389643276497	0.316592187988372	0.629542599554267	0.261251386651496	0.396842894595589	0.125991724388949	0.321786775910859	0.454037860973737	0.243663159752687	0.334168387722102	0.171730370772409	0.368766039956806	0.353969432910695	0.224077859908512	0.221734952956734	0.262132316917568	0.335594227451081	0.564285448077815	0.629281196587737	0.40095655965787	0.268730774254732	0.102904207429248	0.358964224447108	0.243934698084467	0.372594645809263	0.375791302394026	0.351557917235263
cg13386084	NA	NA	NA	NA	NA	NA	NA	NA	NA	NA	NA	NA	NA	NA	NA	NA	NA	NA	NA	NA	NA	NA	NA	NA	NA	NA	NA	NA	NA	NA	NA	NA	NA	NA	NA	NA	NA	NA	NA	NA	NA	NA	NA	NA	NA	NA	NA	NA	NA	NA	NA	NA	NA	NA	NA	NA	NA	NA	NA	NA	NA	NA	NA	NA	NA	NA	NA	NA	NA	NA	NA	NA	NA	NA	NA	NA	NA	NA	NA	NA	NA	NA	NA	NA	NA	NA	NA	NA	NA	NA	NA	NA	NA	NA	NA	NA	NA	NA	NA
cg13391607	NA	NA	NA	NA	NA	NA	NA	NA	NA	NA	NA	NA	NA	NA	NA	NA	NA	NA	NA	NA	NA	NA	NA	NA	NA	NA	NA	NA	NA	NA	NA	NA	NA	NA	NA	NA	NA	NA	NA	NA	NA	NA	NA	NA	NA	NA	NA	NA	NA	NA	NA	NA	NA	NA	NA	NA	NA	NA	NA	NA	NA	NA	NA	NA	NA	NA	NA	NA	NA	NA	NA	NA	NA	NA	NA	NA	NA	NA	NA	NA	NA	NA	NA	NA	NA	NA	NA	NA	NA	NA	NA	NA	NA	NA	NA	NA	NA	NA	NA
cg13412213	0.398377248258594	0.326687041654502	0.267892964634	0.386816141987896	0.436593434418255	0.319733253308065	0.46003843619363	0.197702152825329	0.312725971686587	0.309625576028353	0.372561135944533	0.751839056431962	0.541033027430176	0.284972922797593	0.351047272459916	0.261531120782051	0.222945448639918	0.615565964246599	0.225474008431328	0.338726364564273	0.459955114350175	0.397724165826574	0.232049303111074	0.342756669312467	0.358361827549083	0.430628416467632	0.414190957054968	0.344610939427684	0.325160675595018	0.23354812105191	0.300234469168712	0.466718323622874	0.222855835152861	0.244308084594212	0.246466927567395	0.191963115213668	0.185736056185113	0.258078620663595	0.572779066032891	0.429480507026331	0.318679398238263	0.314608017366839	0.384961030794664	0.205513067306051	0.246058100726009	0.438300823909884	0.283494588520679	0.467011433623632	0.267027368261482	0.519145784158482	0.305976616704396	0.484006477694001	0.450409397237323	0.560890626203625	0.374974484749473	0.357025606505872	0.303309604317166	0.325563610904616	0.288102951601907	0.52432528957149	0.308148245035712	0.190679616597619	0.337620750205771	0.322733466644929	0.248839500137209	0.349392952759667	0.331197899192408	0.348494811798316	0.32699779435392	0.354963901655438	0.345332754080882	0.331010644690068	0.328789276460467	0.28912631745802	0.722602223429094	0.379059002583607	0.338157905749395	0.210366240046656	0.325944621670895	0.422263399307966	0.251167960915423	0.358277935475259	0.348238479061712	0.408357770000641	0.454406210505594	0.330400291922728	0.545002393388566	0.358268415602947	0.62544853238619	0.402963450118737	0.248440862883721	0.437067843745307	0.333161280282584	0.169297172987881	0.31359278629118	0.246756934682364	0.418303604322141	0.432297552409602	0.386788780625786
cg13415320	NA	NA	NA	NA	NA	NA	NA	NA	NA	NA	NA	NA	NA	NA	NA	NA	NA	NA	NA	NA	NA	NA	NA	NA	NA	NA	NA	NA	NA	NA	NA	NA	NA	NA	NA	NA	NA	NA	NA	NA	NA	NA	NA	NA	NA	NA	NA	NA	NA	NA	NA	NA	NA	NA	NA	NA	NA	NA	NA	NA	NA	NA	NA	NA	NA	NA	NA	NA	NA	NA	NA	NA	NA	NA	NA	NA	NA	NA	NA	NA	NA	NA	NA	NA	NA	NA	NA	NA	NA	NA	NA	NA	NA	NA	NA	NA	NA	NA	NA
cg13436725	NA	NA	NA	NA	NA	NA	NA	NA	NA	NA	NA	NA	NA	NA	NA	NA	NA	NA	NA	NA	NA	NA	NA	NA	NA	NA	NA	NA	NA	NA	NA	NA	NA	NA	NA	NA	NA	NA	NA	NA	NA	NA	NA	NA	NA	NA	NA	NA	NA	NA	NA	NA	NA	NA	NA	NA	NA	NA	NA	NA	NA	NA	NA	NA	NA	NA	NA	NA	NA	NA	NA	NA	NA	NA	NA	NA	NA	NA	NA	NA	NA	NA	NA	NA	NA	NA	NA	NA	NA	NA	NA	NA	NA	NA	NA	NA	NA	NA	NA
cg13442045	NA	NA	NA	NA	NA	NA	NA	NA	NA	NA	NA	NA	NA	NA	NA	NA	NA	NA	NA	NA	NA	NA	NA	NA	NA	NA	NA	NA	NA	NA	NA	NA	NA	NA	NA	NA	NA	NA	NA	NA	NA	NA	NA	NA	NA	NA	NA	NA	NA	NA	NA	NA	NA	NA	NA	NA	NA	NA	NA	NA	NA	NA	NA	NA	NA	NA	NA	NA	NA	NA	NA	NA	NA	NA	NA	NA	NA	NA	NA	NA	NA	NA	NA	NA	NA	NA	NA	NA	NA	NA	NA	NA	NA	NA	NA	NA	NA	NA	NA
cg13475915	NA	NA	NA	NA	NA	NA	NA	NA	NA	NA	NA	NA	NA	NA	NA	NA	NA	NA	NA	NA	NA	NA	NA	NA	NA	NA	NA	NA	NA	NA	NA	NA	NA	NA	NA	NA	NA	NA	NA	NA	NA	NA	NA	NA	NA	NA	NA	NA	NA	NA	NA	NA	NA	NA	NA	NA	NA	NA	NA	NA	NA	NA	NA	NA	NA	NA	NA	NA	NA	NA	NA	NA	NA	NA	NA	NA	NA	NA	NA	NA	NA	NA	NA	NA	NA	NA	NA	NA	NA	NA	NA	NA	NA	NA	NA	NA	NA	NA	NA
cg13487422	NA	NA	NA	NA	NA	NA	NA	NA	NA	NA	NA	NA	NA	NA	NA	NA	NA	NA	NA	NA	NA	NA	NA	NA	NA	NA	NA	NA	NA	NA	NA	NA	NA	NA	NA	NA	NA	NA	NA	NA	NA	NA	NA	NA	NA	NA	NA	NA	NA	NA	NA	NA	NA	NA	NA	NA	NA	NA	NA	NA	NA	NA	NA	NA	NA	NA	NA	NA	NA	NA	NA	NA	NA	NA	NA	NA	NA	NA	NA	NA	NA	NA	NA	NA	NA	NA	NA	NA	NA	NA	NA	NA	NA	NA	NA	NA	NA	NA	NA
cg13498940	NA	NA	NA	NA	NA	NA	NA	NA	NA	NA	NA	NA	NA	NA	NA	NA	NA	NA	NA	NA	NA	NA	NA	NA	NA	NA	NA	NA	NA	NA	NA	NA	NA	NA	NA	NA	NA	NA	NA	NA	NA	NA	NA	NA	NA	NA	NA	NA	NA	NA	NA	NA	NA	NA	NA	NA	NA	NA	NA	NA	NA	NA	NA	NA	NA	NA	NA	NA	NA	NA	NA	NA	NA	NA	NA	NA	NA	NA	NA	NA	NA	NA	NA	NA	NA	NA	NA	NA	NA	NA	NA	NA	NA	NA	NA	NA	NA	NA	NA
cg13534903	NA	NA	NA	NA	NA	NA	NA	NA	NA	NA	NA	NA	NA	NA	NA	NA	NA	NA	NA	NA	NA	NA	NA	NA	NA	NA	NA	NA	NA	NA	NA	NA	NA	NA	NA	NA	NA	NA	NA	NA	NA	NA	NA	NA	NA	NA	NA	NA	NA	NA	NA	NA	NA	NA	NA	NA	NA	NA	NA	NA	NA	NA	NA	NA	NA	NA	NA	NA	NA	NA	NA	NA	NA	NA	NA	NA	NA	NA	NA	NA	NA	NA	NA	NA	NA	NA	NA	NA	NA	NA	NA	NA	NA	NA	NA	NA	NA	NA	NA
cg13542042	NA	NA	NA	NA	NA	NA	NA	NA	NA	NA	NA	NA	NA	NA	NA	NA	NA	NA	NA	NA	NA	NA	NA	NA	NA	NA	NA	NA	NA	NA	NA	NA	NA	NA	NA	NA	NA	NA	NA	NA	NA	NA	NA	NA	NA	NA	NA	NA	NA	NA	NA	NA	NA	NA	NA	NA	NA	NA	NA	NA	NA	NA	NA	NA	NA	NA	NA	NA	NA	NA	NA	NA	NA	NA	NA	NA	NA	NA	NA	NA	NA	NA	NA	NA	NA	NA	NA	NA	NA	NA	NA	NA	NA	NA	NA	NA	NA	NA	NA
cg13574050	NA	NA	NA	NA	NA	NA	NA	NA	NA	NA	NA	NA	NA	NA	NA	NA	NA	NA	NA	NA	NA	NA	NA	NA	NA	NA	NA	NA	NA	NA	NA	NA	NA	NA	NA	NA	NA	NA	NA	NA	NA	NA	NA	NA	NA	NA	NA	NA	NA	NA	NA	NA	NA	NA	NA	NA	NA	NA	NA	NA	NA	NA	NA	NA	NA	NA	NA	NA	NA	NA	NA	NA	NA	NA	NA	NA	NA	NA	NA	NA	NA	NA	NA	NA	NA	NA	NA	NA	NA	NA	NA	NA	NA	NA	NA	NA	NA	NA	NA
cg13579926	NA	NA	NA	NA	NA	NA	NA	NA	NA	NA	NA	NA	NA	NA	NA	NA	NA	NA	NA	NA	NA	NA	NA	NA	NA	NA	NA	NA	NA	NA	NA	NA	NA	NA	NA	NA	NA	NA	NA	NA	NA	NA	NA	NA	NA	NA	NA	NA	NA	NA	NA	NA	NA	NA	NA	NA	NA	NA	NA	NA	NA	NA	NA	NA	NA	NA	NA	NA	NA	NA	NA	NA	NA	NA	NA	NA	NA	NA	NA	NA	NA	NA	NA	NA	NA	NA	NA	NA	NA	NA	NA	NA	NA	NA	NA	NA	NA	NA	NA
cg13583523	0.405468874828134	0.376296997517141	0.266262298757241	0.325516256303869	0.320962681310889	0.350733648849167	0.454571772002892	0.113666846774453	0.290537103841226	0.202722375954621	0.310032852870442	0.27396429827989	0.458554393165635	0.174637003957016	0.438027847873938	0.245522960705626	0.305026210343388	0.331242893565438	0.211155312509041	0.383213096568857	0.39565333332877	0.37726947132205	0.178868702820684	0.363910846926692	0.331889557127106	0.360900914487827	0.226739740185768	0.204852101646599	0.204692411277085	0.215376715569625	0.389686103580082	0.423101984244265	0.329798562576894	0.230277470525959	0.203912397898969	0.11076555490731	0.13503365222796	0.184923319763805	0.312721818042963	0.253707013013985	0.219289457061706	0.264933510739391	0.469572252310442	0.175885133583755	0.192488869621981	0.401723225973893	0.211778895230209	0.41390742280592	0.23875422450598	0.325065949552229	0.306817958399995	0.412370165607311	0.141426026705637	0.431378808450657	0.379986015684616	0.303848521505195	0.299193260895826	0.260755265950897	0.207940004255692	0.456019686674811	0.226890032527094	0.118406075856104	0.269451640949005	0.331578184263557	0.186885868318323	0.375638140759951	0.414778401513395	0.367764394385271	0.200619643299406	0.386283297571576	0.283256453013618	0.400251688185661	0.298264260546769	0.282312308173236	0.536466378622938	0.268564351411167	0.313034555084943	0.144397348665615	0.259072415466448	0.408537135494949	0.224703016886854	0.347494842313427	0.211985027663151	0.300071772315546	0.312280935940473	0.223978810807445	0.160209721374403	0.200144641716506	0.199807650711294	0.328540160881893	0.24202928164169	0.439608082162633	0.307349593424757	0.133003201572391	0.215791857809819	0.185254029941579	0.380013755991562	0.336539026981315	0.402719832266118
cg13594837	NA	NA	NA	NA	NA	NA	NA	NA	NA	NA	NA	NA	NA	NA	NA	NA	NA	NA	NA	NA	NA	NA	NA	NA	NA	NA	NA	NA	NA	NA	NA	NA	NA	NA	NA	NA	NA	NA	NA	NA	NA	NA	NA	NA	NA	NA	NA	NA	NA	NA	NA	NA	NA	NA	NA	NA	NA	NA	NA	NA	NA	NA	NA	NA	NA	NA	NA	NA	NA	NA	NA	NA	NA	NA	NA	NA	NA	NA	NA	NA	NA	NA	NA	NA	NA	NA	NA	NA	NA	NA	NA	NA	NA	NA	NA	NA	NA	NA	NA
cg13597865	NA	NA	NA	NA	NA	NA	NA	NA	NA	NA	NA	NA	NA	NA	NA	NA	NA	NA	NA	NA	NA	NA	NA	NA	NA	NA	NA	NA	NA	NA	NA	NA	NA	NA	NA	NA	NA	NA	NA	NA	NA	NA	NA	NA	NA	NA	NA	NA	NA	NA	NA	NA	NA	NA	NA	NA	NA	NA	NA	NA	NA	NA	NA	NA	NA	NA	NA	NA	NA	NA	NA	NA	NA	NA	NA	NA	NA	NA	NA	NA	NA	NA	NA	NA	NA	NA	NA	NA	NA	NA	NA	NA	NA	NA	NA	NA	NA	NA	NA
cg13599051	NA	NA	NA	NA	NA	NA	NA	NA	NA	NA	NA	NA	NA	NA	NA	NA	NA	NA	NA	NA	NA	NA	NA	NA	NA	NA	NA	NA	NA	NA	NA	NA	NA	NA	NA	NA	NA	NA	NA	NA	NA	NA	NA	NA	NA	NA	NA	NA	NA	NA	NA	NA	NA	NA	NA	NA	NA	NA	NA	NA	NA	NA	NA	NA	NA	NA	NA	NA	NA	NA	NA	NA	NA	NA	NA	NA	NA	NA	NA	NA	NA	NA	NA	NA	NA	NA	NA	NA	NA	NA	NA	NA	NA	NA	NA	NA	NA	NA	NA
cg13614060	0.609084180608644	0.47366032170105	0.517737870277399	0.650410313550477	0.469469749410736	0.440044379532071	0.705293540097288	0.453294963103985	0.338587182173521	0.499087825817285	0.464686981968403	0.851772132257512	0.763954976576546	0.492041902092457	0.778117702386741	0.287495957231612	0.547906290568487	0.451560863290558	0.654031232288633	0.866936939033455	0.486409510968964	0.7669581241218	0.361540234826531	0.725956398985157	0.310279099850624	0.571694703136777	0.357682341358745	0.563996783944813	0.657858962713183	0.754898211498411	0.556485169752444	0.542113872925975	0.560231388938835	0.797638135708935	0.268846906934298	0.202068856344369	0.652330948562034	0.542602744584838	0.81863134619255	0.650659090865673	0.845615017617104	0.469248234562028	0.577332794446735	0.684398785390839	0.261674981899183	0.461245518668717	0.281311523925759	0.631016386425276	0.543327001837865	0.811043794356552	0.507771807115151	0.744633354636562	0.208687415329386	0.685551923409184	0.482433511222857	0.424167396767333	0.247738786731536	0.360791035661825	0.405536641527559	0.519692602662246	0.395397751055537	0.211243577496379	0.743001679667144	0.573287750797565	0.312355616069575	0.529269784040117	0.461037873492857	0.454036093287394	0.841084345017153	0.56071430616963	0.502909150576093	0.476003683344429	0.591120674264302	0.37813770971728	0.858122420340081	0.35896461331914	0.509385419416259	0.180386956635329	0.440690465341464	0.545014528694182	0.3420108089223	0.651214701373646	0.368584735190793	0.344299271513815	0.37359964918759	0.294523325639058	0.861979095321467	0.633690663865175	0.352217114524273	0.709949449059224	0.650630126809519	0.617247939788844	0.454136855451427	0.636304928255068	0.522830879679127	0.88774735634794	0.430295758473638	0.543318872476487	0.581952288936453
cg13625213	0.914621850020916	0.945816535580936	0.903292728201168	0.938806728601936	0.942857014774992	0.833518067461784	0.932296011310157	0.576609919082497	0.722761801349834	0.919699114900693	0.576278210048817	0.955667667936405	0.901606057136445	0.697786872176771	0.89958259847143	0.958989288798769	0.698705269489747	0.815284610980852	0.648781176373217	0.936128841620166	0.661569791598803	0.843814014651551	0.816484771612662	0.883518253302984	0.659690555921428	0.956404442318764	0.935094941685606	0.842890810191202	0.828703229650633	0.956278582904091	0.681693033455419	0.78869043895134	0.972032809927347	0.961851897843401	0.783804212591072	0.956422481886296	0.573539812193292	0.932230980178564	0.974549782900217	0.707952127419375	0.9626085553473	0.651598015098319	0.972759385345872	0.933893489174684	0.945565510950893	0.888014793271583	0.973219193742605	0.89197295300033	0.705342164557921	0.944550782594138	0.924893272697751	0.815983754274461	0.861045010919828	0.853617435820039	0.706711889919942	0.673768661360118	0.849220757578929	0.430615155721368	0.955304938733771	0.96045181202682	0.680548816393724	0.814061945252599	0.940515792725949	0.945109182073393	0.965427584559206	0.969343519709238	0.923529805154853	0.856673924266032	0.848040923759325	0.949710299323564	0.871299607539515	0.957649105933266	0.761545428621601	0.702381401126267	0.95423656549774	0.653204139052396	0.673113227990994	0.781001515475799	0.914721850377493	0.814781739075102	0.645887717062505	0.940592141487773	0.799783441654219	0.795526439981571	0.75706884104269	0.674128615297516	0.969956038213419	0.966538305022501	0.874604317568711	0.95806098217427	0.952482181360751	0.953182235039521	0.760493339414055	0.739482576442663	0.949267732269847	0.895516356238277	0.9538488509564	0.856682422523833	0.961638015673272
cg13642800	NA	NA	NA	NA	NA	NA	NA	NA	NA	NA	NA	NA	NA	NA	NA	NA	NA	NA	NA	NA	NA	NA	NA	NA	NA	NA	NA	NA	NA	NA	NA	NA	NA	NA	NA	NA	NA	NA	NA	NA	NA	NA	NA	NA	NA	NA	NA	NA	NA	NA	NA	NA	NA	NA	NA	NA	NA	NA	NA	NA	NA	NA	NA	NA	NA	NA	NA	NA	NA	NA	NA	NA	NA	NA	NA	NA	NA	NA	NA	NA	NA	NA	NA	NA	NA	NA	NA	NA	NA	NA	NA	NA	NA	NA	NA	NA	NA	NA	NA
cg13644646	NA	NA	NA	NA	NA	NA	NA	NA	NA	NA	NA	NA	NA	NA	NA	NA	NA	NA	NA	NA	NA	NA	NA	NA	NA	NA	NA	NA	NA	NA	NA	NA	NA	NA	NA	NA	NA	NA	NA	NA	NA	NA	NA	NA	NA	NA	NA	NA	NA	NA	NA	NA	NA	NA	NA	NA	NA	NA	NA	NA	NA	NA	NA	NA	NA	NA	NA	NA	NA	NA	NA	NA	NA	NA	NA	NA	NA	NA	NA	NA	NA	NA	NA	NA	NA	NA	NA	NA	NA	NA	NA	NA	NA	NA	NA	NA	NA	NA	NA
cg13662724	NA	NA	NA	NA	NA	NA	NA	NA	NA	NA	NA	NA	NA	NA	NA	NA	NA	NA	NA	NA	NA	NA	NA	NA	NA	NA	NA	NA	NA	NA	NA	NA	NA	NA	NA	NA	NA	NA	NA	NA	NA	NA	NA	NA	NA	NA	NA	NA	NA	NA	NA	NA	NA	NA	NA	NA	NA	NA	NA	NA	NA	NA	NA	NA	NA	NA	NA	NA	NA	NA	NA	NA	NA	NA	NA	NA	NA	NA	NA	NA	NA	NA	NA	NA	NA	NA	NA	NA	NA	NA	NA	NA	NA	NA	NA	NA	NA	NA	NA
cg13714241	NA	NA	NA	NA	NA	NA	NA	NA	NA	NA	NA	NA	NA	NA	NA	NA	NA	NA	NA	NA	NA	NA	NA	NA	NA	NA	NA	NA	NA	NA	NA	NA	NA	NA	NA	NA	NA	NA	NA	NA	NA	NA	NA	NA	NA	NA	NA	NA	NA	NA	NA	NA	NA	NA	NA	NA	NA	NA	NA	NA	NA	NA	NA	NA	NA	NA	NA	NA	NA	NA	NA	NA	NA	NA	NA	NA	NA	NA	NA	NA	NA	NA	NA	NA	NA	NA	NA	NA	NA	NA	NA	NA	NA	NA	NA	NA	NA	NA	NA
cg13715827	NA	NA	NA	NA	NA	NA	NA	NA	NA	NA	NA	NA	NA	NA	NA	NA	NA	NA	NA	NA	NA	NA	NA	NA	NA	NA	NA	NA	NA	NA	NA	NA	NA	NA	NA	NA	NA	NA	NA	NA	NA	NA	NA	NA	NA	NA	NA	NA	NA	NA	NA	NA	NA	NA	NA	NA	NA	NA	NA	NA	NA	NA	NA	NA	NA	NA	NA	NA	NA	NA	NA	NA	NA	NA	NA	NA	NA	NA	NA	NA	NA	NA	NA	NA	NA	NA	NA	NA	NA	NA	NA	NA	NA	NA	NA	NA	NA	NA	NA
cg13716167	NA	NA	NA	NA	NA	NA	NA	NA	NA	NA	NA	NA	NA	NA	NA	NA	NA	NA	NA	NA	NA	NA	NA	NA	NA	NA	NA	NA	NA	NA	NA	NA	NA	NA	NA	NA	NA	NA	NA	NA	NA	NA	NA	NA	NA	NA	NA	NA	NA	NA	NA	NA	NA	NA	NA	NA	NA	NA	NA	NA	NA	NA	NA	NA	NA	NA	NA	NA	NA	NA	NA	NA	NA	NA	NA	NA	NA	NA	NA	NA	NA	NA	NA	NA	NA	NA	NA	NA	NA	NA	NA	NA	NA	NA	NA	NA	NA	NA	NA
cg13717555	NA	NA	NA	NA	NA	NA	NA	NA	NA	NA	NA	NA	NA	NA	NA	NA	NA	NA	NA	NA	NA	NA	NA	NA	NA	NA	NA	NA	NA	NA	NA	NA	NA	NA	NA	NA	NA	NA	NA	NA	NA	NA	NA	NA	NA	NA	NA	NA	NA	NA	NA	NA	NA	NA	NA	NA	NA	NA	NA	NA	NA	NA	NA	NA	NA	NA	NA	NA	NA	NA	NA	NA	NA	NA	NA	NA	NA	NA	NA	NA	NA	NA	NA	NA	NA	NA	NA	NA	NA	NA	NA	NA	NA	NA	NA	NA	NA	NA	NA
cg13754621	NA	NA	NA	NA	NA	NA	NA	NA	NA	NA	NA	NA	NA	NA	NA	NA	NA	NA	NA	NA	NA	NA	NA	NA	NA	NA	NA	NA	NA	NA	NA	NA	NA	NA	NA	NA	NA	NA	NA	NA	NA	NA	NA	NA	NA	NA	NA	NA	NA	NA	NA	NA	NA	NA	NA	NA	NA	NA	NA	NA	NA	NA	NA	NA	NA	NA	NA	NA	NA	NA	NA	NA	NA	NA	NA	NA	NA	NA	NA	NA	NA	NA	NA	NA	NA	NA	NA	NA	NA	NA	NA	NA	NA	NA	NA	NA	NA	NA	NA
cg13759931	NA	NA	NA	NA	NA	NA	NA	NA	NA	NA	NA	NA	NA	NA	NA	NA	NA	NA	NA	NA	NA	NA	NA	NA	NA	NA	NA	NA	NA	NA	NA	NA	NA	NA	NA	NA	NA	NA	NA	NA	NA	NA	NA	NA	NA	NA	NA	NA	NA	NA	NA	NA	NA	NA	NA	NA	NA	NA	NA	NA	NA	NA	NA	NA	NA	NA	NA	NA	NA	NA	NA	NA	NA	NA	NA	NA	NA	NA	NA	NA	NA	NA	NA	NA	NA	NA	NA	NA	NA	NA	NA	NA	NA	NA	NA	NA	NA	NA	NA
cg13781938	0.979357671170659	0.972788972823568	0.975848293190544	0.968705717184737	0.913085587911449	0.97032009024775	0.938996639834509	0.973814666588284	0.952176980796335	0.803899424011386	0.950978993942136	0.971439060520713	0.97572088664073	0.495245205675122	0.970476471209261	0.96659084397904	0.965995702142424	0.97042458514749	0.957956033008328	0.794258562304907	0.898858034610917	0.877126219250289	0.897097383563447	0.888130594727642	0.680819856569769	0.955229559112319	0.973745305835645	0.954021756465212	0.943251457083263	0.975228132781727	0.688654490611361	0.965846453855226	0.979908004704325	0.96757566668562	0.968226506158651	0.658398692225663	0.875928252103767	0.726557255119359	0.970455430219174	0.970078354467216	0.916016884791844	0.977228797937651	0.79973906553823	0.862778401328046	0.955339687591864	0.968912618541996	0.957184917947849	0.634065182264679	0.979224132855922	0.964009106822486	0.848085584756692	0.978286799951235	0.797716824786539	0.976792443342687	0.941073620979223	0.94204608021434	0.978138382544949	0.964031049046531	0.9415099100504	0.953878915416071	0.881735135864548	0.667324839006659	0.973181831263003	0.864280200614834	0.954979340780748	0.966433307231696	0.841430041613789	0.97672494539443	0.755503580536373	0.970182041180468	0.971599308573929	0.929511986839744	0.975483781822259	0.585333928255567	0.978116463026578	0.9642066916651	0.958810348523861	0.961097841396501	0.977972089515252	0.897386718346737	0.971659666356537	0.77362489735779	0.501399612792259	0.975926940514777	0.980426078002048	0.758932652984878	0.960671117797292	0.977979586872791	0.976018419420833	0.970073664677916	0.982513396278393	0.978431936748819	0.979273274525528	0.775433142726026	0.973526578038801	0.970368118192427	0.964117177223704	0.96787423191109	0.970170293677389
cg13848981	NA	NA	NA	NA	NA	NA	NA	NA	NA	NA	NA	NA	NA	NA	NA	NA	NA	NA	NA	NA	NA	NA	NA	NA	NA	NA	NA	NA	NA	NA	NA	NA	NA	NA	NA	NA	NA	NA	NA	NA	NA	NA	NA	NA	NA	NA	NA	NA	NA	NA	NA	NA	NA	NA	NA	NA	NA	NA	NA	NA	NA	NA	NA	NA	NA	NA	NA	NA	NA	NA	NA	NA	NA	NA	NA	NA	NA	NA	NA	NA	NA	NA	NA	NA	NA	NA	NA	NA	NA	NA	NA	NA	NA	NA	NA	NA	NA	NA	NA
cg13873902	NA	NA	NA	NA	NA	NA	NA	NA	NA	NA	NA	NA	NA	NA	NA	NA	NA	NA	NA	NA	NA	NA	NA	NA	NA	NA	NA	NA	NA	NA	NA	NA	NA	NA	NA	NA	NA	NA	NA	NA	NA	NA	NA	NA	NA	NA	NA	NA	NA	NA	NA	NA	NA	NA	NA	NA	NA	NA	NA	NA	NA	NA	NA	NA	NA	NA	NA	NA	NA	NA	NA	NA	NA	NA	NA	NA	NA	NA	NA	NA	NA	NA	NA	NA	NA	NA	NA	NA	NA	NA	NA	NA	NA	NA	NA	NA	NA	NA	NA
cg13876071	NA	NA	NA	NA	NA	NA	NA	NA	NA	NA	NA	NA	NA	NA	NA	NA	NA	NA	NA	NA	NA	NA	NA	NA	NA	NA	NA	NA	NA	NA	NA	NA	NA	NA	NA	NA	NA	NA	NA	NA	NA	NA	NA	NA	NA	NA	NA	NA	NA	NA	NA	NA	NA	NA	NA	NA	NA	NA	NA	NA	NA	NA	NA	NA	NA	NA	NA	NA	NA	NA	NA	NA	NA	NA	NA	NA	NA	NA	NA	NA	NA	NA	NA	NA	NA	NA	NA	NA	NA	NA	NA	NA	NA	NA	NA	NA	NA	NA	NA
cg13877944	NA	NA	NA	NA	NA	NA	NA	NA	NA	NA	NA	NA	NA	NA	NA	NA	NA	NA	NA	NA	NA	NA	NA	NA	NA	NA	NA	NA	NA	NA	NA	NA	NA	NA	NA	NA	NA	NA	NA	NA	NA	NA	NA	NA	NA	NA	NA	NA	NA	NA	NA	NA	NA	NA	NA	NA	NA	NA	NA	NA	NA	NA	NA	NA	NA	NA	NA	NA	NA	NA	NA	NA	NA	NA	NA	NA	NA	NA	NA	NA	NA	NA	NA	NA	NA	NA	NA	NA	NA	NA	NA	NA	NA	NA	NA	NA	NA	NA	NA
cg13882046	NA	NA	NA	NA	NA	NA	NA	NA	NA	NA	NA	NA	NA	NA	NA	NA	NA	NA	NA	NA	NA	NA	NA	NA	NA	NA	NA	NA	NA	NA	NA	NA	NA	NA	NA	NA	NA	NA	NA	NA	NA	NA	NA	NA	NA	NA	NA	NA	NA	NA	NA	NA	NA	NA	NA	NA	NA	NA	NA	NA	NA	NA	NA	NA	NA	NA	NA	NA	NA	NA	NA	NA	NA	NA	NA	NA	NA	NA	NA	NA	NA	NA	NA	NA	NA	NA	NA	NA	NA	NA	NA	NA	NA	NA	NA	NA	NA	NA	NA
cg13947513	NA	NA	NA	NA	NA	NA	NA	NA	NA	NA	NA	NA	NA	NA	NA	NA	NA	NA	NA	NA	NA	NA	NA	NA	NA	NA	NA	NA	NA	NA	NA	NA	NA	NA	NA	NA	NA	NA	NA	NA	NA	NA	NA	NA	NA	NA	NA	NA	NA	NA	NA	NA	NA	NA	NA	NA	NA	NA	NA	NA	NA	NA	NA	NA	NA	NA	NA	NA	NA	NA	NA	NA	NA	NA	NA	NA	NA	NA	NA	NA	NA	NA	NA	NA	NA	NA	NA	NA	NA	NA	NA	NA	NA	NA	NA	NA	NA	NA	NA
cg13979194	NA	NA	NA	NA	NA	NA	NA	NA	NA	NA	NA	NA	NA	NA	NA	NA	NA	NA	NA	NA	NA	NA	NA	NA	NA	NA	NA	NA	NA	NA	NA	NA	NA	NA	NA	NA	NA	NA	NA	NA	NA	NA	NA	NA	NA	NA	NA	NA	NA	NA	NA	NA	NA	NA	NA	NA	NA	NA	NA	NA	NA	NA	NA	NA	NA	NA	NA	NA	NA	NA	NA	NA	NA	NA	NA	NA	NA	NA	NA	NA	NA	NA	NA	NA	NA	NA	NA	NA	NA	NA	NA	NA	NA	NA	NA	NA	NA	NA	NA
cg13980410	0.482886102090261	0.459900833697535	0.213346242074854	0.353183358726534	0.607938863225131	0.473211033858426	0.523423643598856	0.659505427833571	0.218978067790484	0.808302878530113	0.262536524397787	0.893309546494485	0.641904743368459	0.23008696560087	0.713973173955494	0.211871869142624	0.265155683752771	0.421920176292816	0.607144076436019	0.374867068548093	0.432725551904675	0.376425973968814	0.172273757107503	0.301011419607913	0.307852677338813	0.381291479141462	0.224351365288853	0.643962398851159	0.208756881097758	0.266959430231702	0.496866072121991	0.391414336288466	0.240954960998328	0.369378713590643	0.172792060345638	0.131995970175454	0.23436682567821	0.685893528234183	0.32139313829238	0.273253388543155	0.481058825564897	0.313691695733676	0.667233238708047	0.209919815747704	0.201814979806657	0.319179347057783	0.335431683879459	0.430752864032014	0.214823246871465	0.556739337257125	0.714330241143545	0.362417528124984	0.203952563325082	0.504005470635848	0.315988482897278	0.258213934858538	0.246599465544802	0.34353994363747	0.181561830562296	0.43841911551387	0.366483807572472	0.116598946335716	0.385563938813027	0.345456475629765	0.637523776270767	0.337715045380517	0.322075070521498	0.326586437548153	0.509210738348565	0.296376931623129	0.320217770677997	0.407705565239768	0.333354303068665	0.233323082136421	0.803195154857436	0.316212573573667	0.230948070034143	0.13836056726803	0.367982868178604	0.448399888209118	0.202992309440242	0.355954964309883	0.213361538617313	0.305485966901078	0.258957654029118	0.223521455272866	0.221932682701129	0.19019684619539	0.168887765333537	0.341370893473381	0.468912798483474	0.350112979510774	0.253876196266951	0.117813399070994	0.336810895807176	0.195498743071087	0.305136812159071	0.207679798182775	0.33178202164447
cg13982037	0.128528560911717	0.212010724199955	0.130913421667495	0.177016894793522	0.250226781614298	0.202349182004553	0.31981326938926	0.0651233251073136	0.132996721906879	0.201884178203876	0.149512027042681	0.0961001304810515	0.53944219003324	0.0951974086085717	0.403402261976321	0.123619526224559	0.141439732410801	0.240268206671004	0.0666805397282373	0.138122570285279	0.254055858114749	0.247612934518604	0.0745098283410217	0.190173228502682	0.0904616605678285	0.243073199387046	0.11523618313444	0.168645358882899	0.117538941271819	0.181091624256152	0.0903033610087168	0.272194196787923	0.0936859624299276	0.0944516176957813	0.123032849802957	0.0662473074726304	0.0698592029669622	0.248114083657566	0.517494319396139	0.232750065648446	0.102413288112033	0.113091779425641	0.224956636810486	0.0876171622465824	0.129088921272863	0.187953583984815	0.143972605765798	0.207922466641037	0.0921791616132774	0.324861805793028	0.244929061257675	0.293844423147603	0.0628282602413856	0.386698677903321	0.264497555616339	0.156781144753341	0.192323166589174	0.183446139166238	0.150638432839658	0.277391546227935	0.119494633322676	0.0775912624014379	0.123617081119673	0.160629108402028	0.134780940190419	0.141195625529945	0.224819040301205	0.277330527877315	0.256674005341415	0.285839974607781	0.104510848662737	0.280439795904925	0.124696093623652	0.163052727649788	0.502806313497927	0.329690646223964	0.225535213685306	0.0542447294208775	0.180097468231204	0.217141614530393	0.116182138473598	0.179488108247142	0.125845570723126	0.267973215212501	0.236062059066702	0.1096246502596	0.156478807295696	0.18818733435587	0.0863037959665978	0.258045623653616	0.161634739177076	0.322321993278699	0.14461460345052	0.0480864023186607	0.239291180019107	0.229201066197113	0.249349589590697	0.159343018501338	0.24359794178409
cg13983495	NA	NA	NA	NA	NA	NA	NA	NA	NA	NA	NA	NA	NA	NA	NA	NA	NA	NA	NA	NA	NA	NA	NA	NA	NA	NA	NA	NA	NA	NA	NA	NA	NA	NA	NA	NA	NA	NA	NA	NA	NA	NA	NA	NA	NA	NA	NA	NA	NA	NA	NA	NA	NA	NA	NA	NA	NA	NA	NA	NA	NA	NA	NA	NA	NA	NA	NA	NA	NA	NA	NA	NA	NA	NA	NA	NA	NA	NA	NA	NA	NA	NA	NA	NA	NA	NA	NA	NA	NA	NA	NA	NA	NA	NA	NA	NA	NA	NA	NA
cg14027704	NA	NA	NA	NA	NA	NA	NA	NA	NA	NA	NA	NA	NA	NA	NA	NA	NA	NA	NA	NA	NA	NA	NA	NA	NA	NA	NA	NA	NA	NA	NA	NA	NA	NA	NA	NA	NA	NA	NA	NA	NA	NA	NA	NA	NA	NA	NA	NA	NA	NA	NA	NA	NA	NA	NA	NA	NA	NA	NA	NA	NA	NA	NA	NA	NA	NA	NA	NA	NA	NA	NA	NA	NA	NA	NA	NA	NA	NA	NA	NA	NA	NA	NA	NA	NA	NA	NA	NA	NA	NA	NA	NA	NA	NA	NA	NA	NA	NA	NA
cg14029959	0.574659840719077	0.692385538714221	0.344107143557385	0.52473926614474	0.687680093558014	0.438275302338007	0.667467037047072	0.382224855752789	0.414676277419711	0.625747889031571	0.384301794899944	0.810347781877865	0.743141735127593	0.528823900579873	0.794767660192655	0.36943105610691	0.665577630889721	0.555045434536281	0.282760610792706	0.819359244351258	0.543522851495348	0.762352861297696	0.402361230357668	0.509522903295965	0.528636396397772	0.776110754928303	0.347900300933879	0.428357523801773	0.321482277633062	0.440209612118861	0.323110547137723	0.554385934073122	0.841175538742422	0.626856692828221	0.605767788440913	0.228417604530732	0.377773578980788	0.685845425632172	0.806178044563639	0.498897265860143	0.731649934511583	0.325407072167254	0.578864298580039	0.277189750043929	0.530065145175521	0.403018405816022	0.542421756488112	0.769813486384723	0.568241557196141	0.312035053357009	0.484836309231868	0.597539652358346	0.795884466044269	0.645936402905046	0.487782621022215	0.434264490149502	0.361733251561824	0.605772290086921	0.27082913412052	0.812058858034453	0.756125298084497	0.66041634635149	0.385613191299103	0.508473341858651	0.794218151035379	0.47001495148438	0.403623711826609	0.693050198954608	0.770713451872993	0.339213246656433	0.398911009778443	0.569288088366533	0.380023671426235	0.560075399765705	0.803061384437838	0.551867042113187	0.407534720224747	0.333103021384385	0.392351058956739	0.479059583990551	0.440106333253039	0.435638122647366	0.342830843962081	0.460105717447594	0.318680873946639	0.331153275950425	0.678495932200366	0.555494203649336	0.413080589426529	0.525640304441937	0.367771741208745	0.467646778331591	0.475619704576204	0.196006437490526	0.45111784607558	0.817203114181817	0.339876698122788	0.831023424645008	0.45729315124135
cg14033737	NA	NA	NA	NA	NA	NA	NA	NA	NA	NA	NA	NA	NA	NA	NA	NA	NA	NA	NA	NA	NA	NA	NA	NA	NA	NA	NA	NA	NA	NA	NA	NA	NA	NA	NA	NA	NA	NA	NA	NA	NA	NA	NA	NA	NA	NA	NA	NA	NA	NA	NA	NA	NA	NA	NA	NA	NA	NA	NA	NA	NA	NA	NA	NA	NA	NA	NA	NA	NA	NA	NA	NA	NA	NA	NA	NA	NA	NA	NA	NA	NA	NA	NA	NA	NA	NA	NA	NA	NA	NA	NA	NA	NA	NA	NA	NA	NA	NA	NA
cg14041094	0.787457396972989	0.907159189123137	0.884801141832174	0.851635564755936	0.910932270083635	0.517013956159971	0.615279617569118	0.749036073884472	0.683589264553037	0.908768408538587	0.834606393000217	0.447442204297293	0.564730196385243	0.801410068785499	0.806246940032398	0.532906493615772	0.911052264995799	0.799300263041703	0.718090998772456	0.408240518093681	0.593960995186813	0.55831923649219	0.69789846774212	0.822704515054813	0.305008776751595	0.768629945820637	0.464852665014974	0.807491573652254	0.916652509746075	0.757373913687364	0.363413938025098	0.597676117506522	0.850497423346947	0.828567123863466	0.894344636669395	0.938835232060871	0.923306198546175	0.508760531015863	0.803677745340898	0.76696116737305	0.728767427588784	0.888390053798718	0.674455590864157	0.596202313209532	0.68182317721306	0.534396434238213	0.928561649935288	0.388371711482673	0.779104718983595	0.786232712625867	0.749933759783717	0.868065405193867	0.781979227666353	0.800996933042198	0.798196327132456	0.588667962821279	0.580907170537471	0.858474427743414	0.347915723670437	0.863815872450047	0.47232112340033	0.49429786761538	0.697235000534625	0.885924929090028	0.947093666561764	0.832675395579887	0.546818396546827	0.921749364749979	0.379609192329194	0.715975739843023	0.855535234250714	0.897796118555625	0.469573745883007	0.622211424934367	0.835325944711393	0.842512727263368	0.330440717745681	0.684134722576926	0.782103142104281	0.473931081642688	0.92353780029629	0.317448970832058	0.475539515718384	0.79351503362616	0.734947671081816	0.326326403779399	0.924590314245468	0.615868642958039	0.338273632894392	0.746698631195433	0.863596043093536	0.532069064878348	0.801914609068489	0.830584873059496	0.851584521979255	0.80347532870189	0.915601529256216	0.758279387739099	0.80644108760519
cg14048785	NA	NA	NA	NA	NA	NA	NA	NA	NA	NA	NA	NA	NA	NA	NA	NA	NA	NA	NA	NA	NA	NA	NA	NA	NA	NA	NA	NA	NA	NA	NA	NA	NA	NA	NA	NA	NA	NA	NA	NA	NA	NA	NA	NA	NA	NA	NA	NA	NA	NA	NA	NA	NA	NA	NA	NA	NA	NA	NA	NA	NA	NA	NA	NA	NA	NA	NA	NA	NA	NA	NA	NA	NA	NA	NA	NA	NA	NA	NA	NA	NA	NA	NA	NA	NA	NA	NA	NA	NA	NA	NA	NA	NA	NA	NA	NA	NA	NA	NA
cg14102569	NA	NA	NA	NA	NA	NA	NA	NA	NA	NA	NA	NA	NA	NA	NA	NA	NA	NA	NA	NA	NA	NA	NA	NA	NA	NA	NA	NA	NA	NA	NA	NA	NA	NA	NA	NA	NA	NA	NA	NA	NA	NA	NA	NA	NA	NA	NA	NA	NA	NA	NA	NA	NA	NA	NA	NA	NA	NA	NA	NA	NA	NA	NA	NA	NA	NA	NA	NA	NA	NA	NA	NA	NA	NA	NA	NA	NA	NA	NA	NA	NA	NA	NA	NA	NA	NA	NA	NA	NA	NA	NA	NA	NA	NA	NA	NA	NA	NA	NA
cg14122723	NA	NA	NA	NA	NA	NA	NA	NA	NA	NA	NA	NA	NA	NA	NA	NA	NA	NA	NA	NA	NA	NA	NA	NA	NA	NA	NA	NA	NA	NA	NA	NA	NA	NA	NA	NA	NA	NA	NA	NA	NA	NA	NA	NA	NA	NA	NA	NA	NA	NA	NA	NA	NA	NA	NA	NA	NA	NA	NA	NA	NA	NA	NA	NA	NA	NA	NA	NA	NA	NA	NA	NA	NA	NA	NA	NA	NA	NA	NA	NA	NA	NA	NA	NA	NA	NA	NA	NA	NA	NA	NA	NA	NA	NA	NA	NA	NA	NA	NA
cg14143323	NA	NA	NA	NA	NA	NA	NA	NA	NA	NA	NA	NA	NA	NA	NA	NA	NA	NA	NA	NA	NA	NA	NA	NA	NA	NA	NA	NA	NA	NA	NA	NA	NA	NA	NA	NA	NA	NA	NA	NA	NA	NA	NA	NA	NA	NA	NA	NA	NA	NA	NA	NA	NA	NA	NA	NA	NA	NA	NA	NA	NA	NA	NA	NA	NA	NA	NA	NA	NA	NA	NA	NA	NA	NA	NA	NA	NA	NA	NA	NA	NA	NA	NA	NA	NA	NA	NA	NA	NA	NA	NA	NA	NA	NA	NA	NA	NA	NA	NA
cg14153625	NA	NA	NA	NA	NA	NA	NA	NA	NA	NA	NA	NA	NA	NA	NA	NA	NA	NA	NA	NA	NA	NA	NA	NA	NA	NA	NA	NA	NA	NA	NA	NA	NA	NA	NA	NA	NA	NA	NA	NA	NA	NA	NA	NA	NA	NA	NA	NA	NA	NA	NA	NA	NA	NA	NA	NA	NA	NA	NA	NA	NA	NA	NA	NA	NA	NA	NA	NA	NA	NA	NA	NA	NA	NA	NA	NA	NA	NA	NA	NA	NA	NA	NA	NA	NA	NA	NA	NA	NA	NA	NA	NA	NA	NA	NA	NA	NA	NA	NA
cg14178937	NA	NA	NA	NA	NA	NA	NA	NA	NA	NA	NA	NA	NA	NA	NA	NA	NA	NA	NA	NA	NA	NA	NA	NA	NA	NA	NA	NA	NA	NA	NA	NA	NA	NA	NA	NA	NA	NA	NA	NA	NA	NA	NA	NA	NA	NA	NA	NA	NA	NA	NA	NA	NA	NA	NA	NA	NA	NA	NA	NA	NA	NA	NA	NA	NA	NA	NA	NA	NA	NA	NA	NA	NA	NA	NA	NA	NA	NA	NA	NA	NA	NA	NA	NA	NA	NA	NA	NA	NA	NA	NA	NA	NA	NA	NA	NA	NA	NA	NA
cg14184524	0.497691640677988	0.60674048808975	0.21073495180525	0.242650175024338	0.571632920980907	0.319719974453158	0.663598937190456	0.0833656116266949	0.285631547119184	0.155678506737411	0.213757257320665	0.60396666514903	0.610931590105629	0.484209869650313	0.510455414542471	0.236489233771641	0.184171724817958	0.330872875890289	0.188450935278444	0.343439913378759	0.419811290112977	0.333303046224639	0.25295488495541	0.338976092933095	0.266484461733162	0.84673964895444	0.277825865940197	0.190728108111501	0.324620828917099	0.28701839917691	0.323025629014043	0.271155833491336	0.191869138641496	0.489897370992655	0.610445116664504	0.647175976451394	0.612755464413816	0.0810190519479441	0.571070570074304	0.439945140432197	0.471887066546038	0.385543858593351	0.57504131889672	0.154856492395011	0.749458362851917	0.557593980986651	0.544174932640703	0.453797249214769	0.518957659371632	0.542800479921458	0.30635067702166	0.691382586494419	0.575206623756325	0.359606386731174	0.557598379647483	0.407681572193625	0.296838988522451	0.570441523697763	0.412483305826229	0.719103633539981	0.29073274713144	0.229693820209162	0.471765848353962	0.359901939658701	0.542014527720105	0.417573576085787	0.515637945301327	0.697740293109316	0.45787632094664	0.378903809790665	0.231164369590131	0.4127174322905	0.317581808042969	0.264749279315491	0.555651704138343	0.511880565621496	0.474577076422233	0.146136557528556	0.465033362871374	0.465648972720172	0.490989100394904	0.285377567449788	0.12649410599773	0.649827293918452	0.499553634950635	0.195402692352224	0.781081015328213	0.621811496210568	0.312386332791175	0.395468254587852	0.839366972136233	0.329244764892656	0.300134003779005	0.356921724827749	0.18943794127907	0.457580886928025	0.42484090813894	0.684296009920087	0.730219553519815
cg14212012	0.0850122264930067	0.0730261818491076	0.0479444602035197	0.0571260472435188	0.119530704677233	0.0809956523832466	NA	0.0550743712198242	0.0769027207337228	0.101103861853749	0.0782655822033225	0.0934160658179736	0.113075716615279	0.0393302621215028	0.0758385586561925	0.101965391572381	0.136275418989378	0.0695480691621911	0.0419472013069453	0.0693292116390564	0.0824628132100502	0.063104244630597	0.0939523922488709	0.0900207078370776	0.07332296309468	0.11148170754429	0.0626180587981883	0.0467796648578925	0.0531633555507042	0.0615798174479612	0.0714444633289715	0.0849813920710852	0.0682208141942636	0.0639206633294511	NA	0.0692924707432517	0.06891232879087	0.0687243717002321	0.058278182124008	0.07967236533653	0.0585388858924314	0.0804638484183814	0.0858787960139712	0.0467836401330427	0.101378527509305	0.0905050885185382	0.0529270783069073	0.15123140732795	0.0553057388015633	0.0631245734616931	0.0592208953956386	0.159870220585507	0.0907533303230693	0.0748244994691626	0.0754970302742083	0.068557134190494	0.0685434250528859	0.0504866402208102	0.0789204566178864	0.122680005244705	0.105260917298862	0.0687258218930602	0.0826816022702731	0.0796856799670187	0.122223210764999	0.0726272456249103	NA	0.106508484361246	0.102767909595177	0.0790736323205037	0.105427153901056	0.0752275160085025	0.0545431779116935	0.0593467276716318	0.203969268193605	0.100583809514809	0.075474338743803	0.0609219143263303	0.0527261936842825	0.111174726468404	0.0776480941212137	0.0829242247224781	0.080237789173763	NA	0.0623730121167822	0.0683770171765229	0.0737467263605541	0.0456990987761751	0.0722800391443787	0.116941655362184	0.0994416711110122	0.0920108066108064	0.117812790577552	0.0720405319948713	0.103463956681976	0.063384940841686	0.084094963399558	0.134472806267648	0.0992270514976401
cg14218089	NA	NA	NA	NA	NA	NA	NA	NA	NA	NA	NA	NA	NA	NA	NA	NA	NA	NA	NA	NA	NA	NA	NA	NA	NA	NA	NA	NA	NA	NA	NA	NA	NA	NA	NA	NA	NA	NA	NA	NA	NA	NA	NA	NA	NA	NA	NA	NA	NA	NA	NA	NA	NA	NA	NA	NA	NA	NA	NA	NA	NA	NA	NA	NA	NA	NA	NA	NA	NA	NA	NA	NA	NA	NA	NA	NA	NA	NA	NA	NA	NA	NA	NA	NA	NA	NA	NA	NA	NA	NA	NA	NA	NA	NA	NA	NA	NA	NA	NA
cg14220427	NA	NA	NA	NA	NA	NA	NA	NA	NA	NA	NA	NA	NA	NA	NA	NA	NA	NA	NA	NA	NA	NA	NA	NA	NA	NA	NA	NA	NA	NA	NA	NA	NA	NA	NA	NA	NA	NA	NA	NA	NA	NA	NA	NA	NA	NA	NA	NA	NA	NA	NA	NA	NA	NA	NA	NA	NA	NA	NA	NA	NA	NA	NA	NA	NA	NA	NA	NA	NA	NA	NA	NA	NA	NA	NA	NA	NA	NA	NA	NA	NA	NA	NA	NA	NA	NA	NA	NA	NA	NA	NA	NA	NA	NA	NA	NA	NA	NA	NA
cg14305657	NA	NA	NA	NA	NA	NA	NA	NA	NA	NA	NA	NA	NA	NA	NA	NA	NA	NA	NA	NA	NA	NA	NA	NA	NA	NA	NA	NA	NA	NA	NA	NA	NA	NA	NA	NA	NA	NA	NA	NA	NA	NA	NA	NA	NA	NA	NA	NA	NA	NA	NA	NA	NA	NA	NA	NA	NA	NA	NA	NA	NA	NA	NA	NA	NA	NA	NA	NA	NA	NA	NA	NA	NA	NA	NA	NA	NA	NA	NA	NA	NA	NA	NA	NA	NA	NA	NA	NA	NA	NA	NA	NA	NA	NA	NA	NA	NA	NA	NA
cg14310179	NA	NA	NA	NA	NA	NA	NA	NA	NA	NA	NA	NA	NA	NA	NA	NA	NA	NA	NA	NA	NA	NA	NA	NA	NA	NA	NA	NA	NA	NA	NA	NA	NA	NA	NA	NA	NA	NA	NA	NA	NA	NA	NA	NA	NA	NA	NA	NA	NA	NA	NA	NA	NA	NA	NA	NA	NA	NA	NA	NA	NA	NA	NA	NA	NA	NA	NA	NA	NA	NA	NA	NA	NA	NA	NA	NA	NA	NA	NA	NA	NA	NA	NA	NA	NA	NA	NA	NA	NA	NA	NA	NA	NA	NA	NA	NA	NA	NA	NA
cg14319700	NA	NA	NA	NA	NA	NA	NA	NA	NA	NA	NA	NA	NA	NA	NA	NA	NA	NA	NA	NA	NA	NA	NA	NA	NA	NA	NA	NA	NA	NA	NA	NA	NA	NA	NA	NA	NA	NA	NA	NA	NA	NA	NA	NA	NA	NA	NA	NA	NA	NA	NA	NA	NA	NA	NA	NA	NA	NA	NA	NA	NA	NA	NA	NA	NA	NA	NA	NA	NA	NA	NA	NA	NA	NA	NA	NA	NA	NA	NA	NA	NA	NA	NA	NA	NA	NA	NA	NA	NA	NA	NA	NA	NA	NA	NA	NA	NA	NA	NA
cg14347328	NA	NA	NA	NA	NA	NA	NA	NA	NA	NA	NA	NA	NA	NA	NA	NA	NA	NA	NA	NA	NA	NA	NA	NA	NA	NA	NA	NA	NA	NA	NA	NA	NA	NA	NA	NA	NA	NA	NA	NA	NA	NA	NA	NA	NA	NA	NA	NA	NA	NA	NA	NA	NA	NA	NA	NA	NA	NA	NA	NA	NA	NA	NA	NA	NA	NA	NA	NA	NA	NA	NA	NA	NA	NA	NA	NA	NA	NA	NA	NA	NA	NA	NA	NA	NA	NA	NA	NA	NA	NA	NA	NA	NA	NA	NA	NA	NA	NA	NA
cg14373718	NA	NA	NA	NA	NA	NA	NA	NA	NA	NA	NA	NA	NA	NA	NA	NA	NA	NA	NA	NA	NA	NA	NA	NA	NA	NA	NA	NA	NA	NA	NA	NA	NA	NA	NA	NA	NA	NA	NA	NA	NA	NA	NA	NA	NA	NA	NA	NA	NA	NA	NA	NA	NA	NA	NA	NA	NA	NA	NA	NA	NA	NA	NA	NA	NA	NA	NA	NA	NA	NA	NA	NA	NA	NA	NA	NA	NA	NA	NA	NA	NA	NA	NA	NA	NA	NA	NA	NA	NA	NA	NA	NA	NA	NA	NA	NA	NA	NA	NA
cg14390884	NA	NA	NA	NA	NA	NA	NA	NA	NA	NA	NA	NA	NA	NA	NA	NA	NA	NA	NA	NA	NA	NA	NA	NA	NA	NA	NA	NA	NA	NA	NA	NA	NA	NA	NA	NA	NA	NA	NA	NA	NA	NA	NA	NA	NA	NA	NA	NA	NA	NA	NA	NA	NA	NA	NA	NA	NA	NA	NA	NA	NA	NA	NA	NA	NA	NA	NA	NA	NA	NA	NA	NA	NA	NA	NA	NA	NA	NA	NA	NA	NA	NA	NA	NA	NA	NA	NA	NA	NA	NA	NA	NA	NA	NA	NA	NA	NA	NA	NA
cg14404146	NA	NA	NA	NA	NA	NA	NA	NA	NA	NA	NA	NA	NA	NA	NA	NA	NA	NA	NA	NA	NA	NA	NA	NA	NA	NA	NA	NA	NA	NA	NA	NA	NA	NA	NA	NA	NA	NA	NA	NA	NA	NA	NA	NA	NA	NA	NA	NA	NA	NA	NA	NA	NA	NA	NA	NA	NA	NA	NA	NA	NA	NA	NA	NA	NA	NA	NA	NA	NA	NA	NA	NA	NA	NA	NA	NA	NA	NA	NA	NA	NA	NA	NA	NA	NA	NA	NA	NA	NA	NA	NA	NA	NA	NA	NA	NA	NA	NA	NA
cg14430410	NA	NA	NA	NA	NA	NA	NA	NA	NA	NA	NA	NA	NA	NA	NA	NA	NA	NA	NA	NA	NA	NA	NA	NA	NA	NA	NA	NA	NA	NA	NA	NA	NA	NA	NA	NA	NA	NA	NA	NA	NA	NA	NA	NA	NA	NA	NA	NA	NA	NA	NA	NA	NA	NA	NA	NA	NA	NA	NA	NA	NA	NA	NA	NA	NA	NA	NA	NA	NA	NA	NA	NA	NA	NA	NA	NA	NA	NA	NA	NA	NA	NA	NA	NA	NA	NA	NA	NA	NA	NA	NA	NA	NA	NA	NA	NA	NA	NA	NA
cg14444297	NA	NA	NA	NA	NA	NA	NA	NA	NA	NA	NA	NA	NA	NA	NA	NA	NA	NA	NA	NA	NA	NA	NA	NA	NA	NA	NA	NA	NA	NA	NA	NA	NA	NA	NA	NA	NA	NA	NA	NA	NA	NA	NA	NA	NA	NA	NA	NA	NA	NA	NA	NA	NA	NA	NA	NA	NA	NA	NA	NA	NA	NA	NA	NA	NA	NA	NA	NA	NA	NA	NA	NA	NA	NA	NA	NA	NA	NA	NA	NA	NA	NA	NA	NA	NA	NA	NA	NA	NA	NA	NA	NA	NA	NA	NA	NA	NA	NA	NA
cg14558728	NA	NA	NA	NA	NA	NA	NA	NA	NA	NA	NA	NA	NA	NA	NA	NA	NA	NA	NA	NA	NA	NA	NA	NA	NA	NA	NA	NA	NA	NA	NA	NA	NA	NA	NA	NA	NA	NA	NA	NA	NA	NA	NA	NA	NA	NA	NA	NA	NA	NA	NA	NA	NA	NA	NA	NA	NA	NA	NA	NA	NA	NA	NA	NA	NA	NA	NA	NA	NA	NA	NA	NA	NA	NA	NA	NA	NA	NA	NA	NA	NA	NA	NA	NA	NA	NA	NA	NA	NA	NA	NA	NA	NA	NA	NA	NA	NA	NA	NA
cg14571682	0.95964622982312	0.948768289465734	0.865961334996785	0.942830551471479	0.879091266228516	0.812662845323081	0.943339393903511	0.832665004522758	0.844208746679067	0.935868426453006	0.843158843972479	0.887963143601316	0.917463094230364	0.871058583897675	0.885387695781409	0.959323478299628	0.953760300496267	0.909397966176586	0.881656346841478	0.892483103527685	0.893642034132993	0.854990082933489	0.896947586685195	0.897637264868733	0.806444939930592	0.920371953232768	0.929471837879747	0.860533923778499	0.939622313381494	0.83241662254425	0.95387912078247	0.918709772027377	0.926398422163902	0.862807784162822	0.926175921938072	0.946430424671235	0.951520037841553	0.899385233739379	0.913756489058045	0.904655134808829	0.899399165859795	0.900139981387642	0.78555549672747	0.916606262489584	0.931213254649438	0.882019765423074	0.954073835781898	0.881697341127902	0.890277262918655	0.924389132775584	0.828824917022893	0.909172975947959	0.940607765197418	0.905838460678308	0.866317938152767	0.87012431841455	0.956778659367609	0.901832711446049	0.924030102109538	0.867469198393903	0.848887791580909	0.891168865819624	0.936953888845527	0.892379540929075	0.963792071744917	0.768620871474707	0.930382293405887	0.906275937281746	0.871770527223409	0.917844897860065	0.915965793654679	0.882855303153618	0.92388979612465	0.846619109096674	0.944946032262633	0.953812097414216	0.899097347221617	0.941028088302699	0.844098333575098	0.862516977860468	0.904433152341307	0.898960156306519	0.869075188407832	0.901593823039958	0.910042274474973	0.874743974036833	0.930611360073624	0.882232405776374	0.921734920158377	0.947035365419165	0.951654648389225	0.88003140195036	0.941740970620449	0.931821785097503	0.91485007914137	0.887053337540395	0.890440567960923	0.87202158098125	0.902304291683579
cg14595915	NA	NA	NA	NA	NA	NA	NA	NA	NA	NA	NA	NA	NA	NA	NA	NA	NA	NA	NA	NA	NA	NA	NA	NA	NA	NA	NA	NA	NA	NA	NA	NA	NA	NA	NA	NA	NA	NA	NA	NA	NA	NA	NA	NA	NA	NA	NA	NA	NA	NA	NA	NA	NA	NA	NA	NA	NA	NA	NA	NA	NA	NA	NA	NA	NA	NA	NA	NA	NA	NA	NA	NA	NA	NA	NA	NA	NA	NA	NA	NA	NA	NA	NA	NA	NA	NA	NA	NA	NA	NA	NA	NA	NA	NA	NA	NA	NA	NA	NA
cg14607955	0.958136231108553	0.960880960458308	0.901504090921064	0.9672865413838	0.920108601453373	0.895031850186981	0.965151749120427	0.918161501129015	0.942753959461017	0.946124129525781	0.950469845085706	0.955411122440605	0.947651080455589	0.92541533294296	0.922631875568775	0.957563382608747	0.971074031104096	0.95587870445333	0.936419729508472	0.951385740410335	0.958765112384987	0.946875932618982	0.950386488673148	0.904921659789075	0.905956178920056	0.936942567208116	0.901367807208643	0.922063381448371	0.943671082773347	0.954425901303925	0.965297444663306	0.934212066017683	0.951722035753052	0.929996637632793	0.957509473305863	0.957188448754672	0.969395707914345	0.954849850237543	0.935286967504177	0.961713603842594	0.937834897427725	0.955954718567832	0.951815853348731	0.939950754090739	0.951900388077905	0.974665508082731	0.962115363226484	0.962118473239818	0.933450153069631	0.940519898526066	0.942715792101712	0.956176554380903	0.961049280400737	0.911896031355752	0.936436204115377	0.94516627542849	0.943250753691152	0.920066346618218	0.964103604593426	0.952599963728596	0.959668198329815	0.913852236477228	0.941561428296599	0.942427015202714	0.955526594321282	0.948265761798341	0.960765734442366	0.936098566640582	0.947960660918263	0.949722607368127	0.953193241998489	0.94284947558908	0.939625876460128	0.955348313397811	0.964678150425904	0.943029228755206	0.947370847463955	0.891650664580362	0.936153191399063	0.952308902343185	0.941684433929125	0.948118324448141	0.952843194224525	0.954134003994433	0.923925551595711	0.939274249646488	0.948002613138644	0.937969972836041	0.970462057927198	0.954669166359116	0.946882034024948	0.959097932016708	0.964566618623203	0.950434588818437	0.880732788685281	0.948778091188445	0.953645125509478	0.948933481505401	0.937902249626183
cg14615553	0.940274672398266	0.901694044419384	0.946659202349441	0.920747464931311	0.929733221965477	0.793469301203762	0.895028467073898	0.909622178456186	0.93272524214475	0.936713688359651	0.947461357534365	0.932164997195963	0.926235396175379	0.941664235420601	0.922343452784367	0.933632888739045	0.906922098434736	0.928381273555494	0.932021265411014	0.901280332427068	0.892139627729319	0.946724807053123	0.807365363581412	0.922107791234935	0.935947175286684	0.919196812715345	0.949278886108777	0.954480990513873	0.917694704102263	0.944595895160078	0.860401515837385	0.779498675327464	0.953162696813553	0.832637490952698	0.920237757101204	0.932911281612287	0.918727801540279	0.941724384951917	0.941990341677796	0.931671483855442	0.948254940448764	0.90684292281372	0.895483971668909	0.92626357795811	0.696690090161973	0.557692072126585	0.920434860497455	0.892181398298897	0.947248150566251	0.926446232109034	0.901153454160457	0.912060669006628	0.864366770804653	0.923904447387758	0.908186658574992	0.675779940067792	0.836517718333727	0.941785191923366	0.902688806222531	0.935161825404372	0.911125735906237	0.947482002308543	0.93323611799689	0.883566009320143	0.910982511239984	0.923098242767567	0.916160211957016	0.941566482038412	0.894288709661835	0.949380410066885	0.910893026820245	0.908611526772904	0.943750606169793	0.941993023755102	0.931949487005658	0.939588553776954	0.876177096428505	0.924353099357862	0.935387356761193	0.82875472785876	0.891139877074678	0.939546207422783	0.893676075545549	0.842312288115247	0.926172589868918	0.694879478989841	0.956470631901019	0.714029618807148	0.856175476096646	0.927564798251173	0.91888351682919	0.951021098943206	0.909258676884149	0.866844735077483	0.939690750950757	0.945320951369274	0.934394102728717	0.922427825638205	0.945730463819248
cg14642414	0.554979340632212	0.719425221578528	0.795396272727975	0.543369795940327	0.543861999412755	0.484993241464585	0.590716620205198	0.322642131671517	0.338387511444063	0.34681142031205	0.474223110109016	0.931412784383176	0.840967591238948	0.28454017738606	0.893050679602773	0.184453991507859	0.775382350934463	0.548833871240429	0.616012281293564	0.422308928083925	0.482194950074988	0.439622590433166	0.284033978273076	0.511276299306348	0.299018236827951	0.842295605493308	0.328970760262597	0.262402601719673	0.486670163138845	0.718235657180872	0.299899221675946	0.867479755575899	0.585912604258145	0.581932157044725	0.27948546661795	0.170062627404303	0.578814355474719	0.606275910829365	0.721084722382589	0.594037131805494	0.912522310081421	0.275328767472019	0.641379195376523	0.899048965520525	0.572112060371656	0.629244981268713	0.426014466624179	0.480932216677531	0.257348565212202	0.466453980008441	0.350993076759483	0.906736512658068	0.375518074485638	0.797315954505415	0.889613423741621	0.372756208970999	0.342887312162071	0.366968026047356	0.749776839006332	0.552835742673444	0.292766449208216	0.134041221089287	0.432431697796978	0.27555354844498	0.91853755032568	0.487355854309711	0.680417324483342	0.814327165818903	0.367587626374818	0.490622880036163	0.601601949505685	0.726496996077339	0.586392161034582	0.44502624588334	0.920010368659345	0.695059407218043	0.54024598224051	0.129025008088604	0.566633988972534	0.438982617916017	0.439006530728362	0.331984674123762	0.212035569571757	0.485118649565301	0.610914847236202	0.296800781954306	0.838358217963628	0.322705577881367	0.774450194339042	0.895893870267433	0.893533673640989	0.774480768837378	0.739539008493728	0.139615709240999	0.866168342988298	0.565426497689487	0.892941737607314	0.523361830118375	0.749681830402415
cg14650677	NA	NA	NA	NA	NA	NA	NA	NA	NA	NA	NA	NA	NA	NA	NA	NA	NA	NA	NA	NA	NA	NA	NA	NA	NA	NA	NA	NA	NA	NA	NA	NA	NA	NA	NA	NA	NA	NA	NA	NA	NA	NA	NA	NA	NA	NA	NA	NA	NA	NA	NA	NA	NA	NA	NA	NA	NA	NA	NA	NA	NA	NA	NA	NA	NA	NA	NA	NA	NA	NA	NA	NA	NA	NA	NA	NA	NA	NA	NA	NA	NA	NA	NA	NA	NA	NA	NA	NA	NA	NA	NA	NA	NA	NA	NA	NA	NA	NA	NA
cg14670213	0.948535185034454	0.959339721331054	0.953939718813232	0.956225051322215	0.952112562938953	0.654523459448015	0.939888372483741	0.919008301524865	0.240374498029714	0.697910867051766	0.933662481060711	0.955401575824996	0.961943480665148	0.204332496777013	0.870420206970145	0.936843657126473	0.941391490776144	0.81387687116967	0.882973626682032	0.512204449155494	0.826239668369996	0.685358051931423	0.924505678376225	0.820976074134976	0.52753261162957	0.95009162258688	0.943949616948745	0.885737138561202	0.723549115131989	0.596456483415794	NA	0.906437304870327	0.22382487352169	0.942594855855289	0.21405804974272	0.268508395527894	NA	0.610460115636307	0.955155742815958	0.707785931235529	0.916394980259658	0.961416477797605	0.674447542617964	0.940826370684496	0.923525169651826	0.960063444523493	0.299706951747617	0.732228637651964	0.931274702729428	0.968935600653544	0.449538703218868	0.944531149792556	NA	0.948735387751199	0.956795793212318	0.937728103249859	0.540777457809339	0.78931105272077	0.948819682165505	0.915713475473267	0.285506103016439	0.206019818221366	0.935393455255123	NA	0.900227129305667	0.892438052034447	0.807876071535858	0.965812327613184	0.281449824878983	0.959703856130984	0.418411633624413	0.933753995875859	0.860134968064369	0.368603146673761	0.960828681803019	0.946533997807476	0.963039627423599	0.946857564633266	0.758890014293113	0.836287584644692	0.927178287223082	0.686420960936757	NA	0.858555393064911	0.955445140552477	0.402492802135464	0.95428981506229	0.942420559257979	0.950883718221216	0.96247657978091	0.957352522752223	0.960518557833621	0.853029196280108	NA	0.934488985356482	0.962689304759346	0.929668651218621	0.420262927123725	0.953287984780377
cg14673247	0.12728800802925	0.102815489809344	0.11163718434636	0.105540143513419	0.224915764206021	0.128660252147991	0.151719961972578	0.0504154355980024	0.113831590650622	0.0928833910606067	0.133667898302359	0.104533082990945	0.299278793235355	0.0720752633751486	0.234697689002808	0.0718157811176279	0.196318799295405	0.188824019277816	0.0742875071131572	0.1404044178053	0.209223617953102	0.206763909327422	0.0926558884554688	0.17112768127241	0.103790004682815	0.185214319331797	0.0903932078318052	0.0975055525703024	0.12601941035278	0.0874661952995946	0.108243193792084	0.193891799170187	0.100307774954032	0.0972760948495687	0.100582037667633	0.0622371755745203	0.070155655955751	0.133471672198422	0.302792998699092	0.159744714650063	0.109452194305165	0.101779494443969	0.201087165259486	0.0440397502923419	0.0949022483744402	0.206199916047753	0.0960151670312945	0.15842927237828	0.0830032559046169	0.124041836828285	0.116455824092759	0.313671992683598	0.1022171087027	0.201906767062919	0.161061982885373	0.131073158499346	0.0752366589172949	0.12280283381267	0.0776770376587364	0.269840446229033	0.175746757601863	0.0702166862320882	0.0991343705107144	0.145871619582401	0.143428315326246	0.148753660674815	0.156663851009168	0.137518146044782	0.132788339573605	0.211215691008094	0.0894946255517271	0.168317981939183	0.0956047267780101	0.0926273449913552	0.511213784405938	0.161503436651666	0.156350167343784	0.0567039600129611	0.0877231591848119	0.128868080676401	0.0858957214533434	0.108791200132162	0.0849649372820787	0.158078653425346	0.137591497931826	0.084272897533689	0.107618731483109	0.133905327624632	0.0552268434912226	0.127226532482038	0.06119297672191	0.137033749143954	0.114907886563647	0.0497987345642512	0.188728689549177	0.147794365936082	0.166251749122597	0.137474816608162	0.173527601394218
cg14677013	NA	NA	NA	NA	NA	NA	NA	NA	NA	NA	NA	NA	NA	NA	NA	NA	NA	NA	NA	NA	NA	NA	NA	NA	NA	NA	NA	NA	NA	NA	NA	NA	NA	NA	NA	NA	NA	NA	NA	NA	NA	NA	NA	NA	NA	NA	NA	NA	NA	NA	NA	NA	NA	NA	NA	NA	NA	NA	NA	NA	NA	NA	NA	NA	NA	NA	NA	NA	NA	NA	NA	NA	NA	NA	NA	NA	NA	NA	NA	NA	NA	NA	NA	NA	NA	NA	NA	NA	NA	NA	NA	NA	NA	NA	NA	NA	NA	NA	NA
cg14683055	NA	NA	NA	NA	NA	NA	NA	NA	NA	NA	NA	NA	NA	NA	NA	NA	NA	NA	NA	NA	NA	NA	NA	NA	NA	NA	NA	NA	NA	NA	NA	NA	NA	NA	NA	NA	NA	NA	NA	NA	NA	NA	NA	NA	NA	NA	NA	NA	NA	NA	NA	NA	NA	NA	NA	NA	NA	NA	NA	NA	NA	NA	NA	NA	NA	NA	NA	NA	NA	NA	NA	NA	NA	NA	NA	NA	NA	NA	NA	NA	NA	NA	NA	NA	NA	NA	NA	NA	NA	NA	NA	NA	NA	NA	NA	NA	NA	NA	NA
cg14706226	NA	NA	NA	NA	NA	NA	NA	NA	NA	NA	NA	NA	NA	NA	NA	NA	NA	NA	NA	NA	NA	NA	NA	NA	NA	NA	NA	NA	NA	NA	NA	NA	NA	NA	NA	NA	NA	NA	NA	NA	NA	NA	NA	NA	NA	NA	NA	NA	NA	NA	NA	NA	NA	NA	NA	NA	NA	NA	NA	NA	NA	NA	NA	NA	NA	NA	NA	NA	NA	NA	NA	NA	NA	NA	NA	NA	NA	NA	NA	NA	NA	NA	NA	NA	NA	NA	NA	NA	NA	NA	NA	NA	NA	NA	NA	NA	NA	NA	NA
cg14707886	0.937755338914567	0.942923986679705	0.950546313742102	0.953735678072841	0.95458851984532	0.953063017893478	0.912702968892625	0.932307399772703	0.947728970122199	0.90353095596387	0.960426692648923	0.94259458875875	0.941601641886129	0.311155794907816	0.935699049278232	0.941228190917933	0.903725256275472	0.938151871722602	0.94880008355419	0.952098300213124	0.9314240265896	0.953172102616553	0.948082208613927	0.964948185116209	0.965840242357133	0.952463782196451	0.950251189746083	0.932502356419833	0.950262813358881	0.953238612239563	0.949853511587332	0.95275048857664	0.928682942426729	0.953369864603558	0.951963293236302	0.944456246645806	0.940178448225955	0.901218217485977	0.904738800075501	0.960977622176066	0.911232724830099	0.922447797101647	0.947040220436096	0.908426138339367	0.940811257506002	0.949109149452219	0.90835708435282	0.944218906157965	0.938624489234961	0.954380481366333	0.936271348653139	0.923413272205505	0.908151602967477	0.917470951227335	0.917375731872319	0.94739244936195	0.935850932451861	0.872777511293255	0.942228305291459	0.946876482088321	0.952096327926172	0.9410389902863	0.939137980535145	0.940826126541298	0.952862295811511	0.94498057147906	0.896539484963247	0.930927866933817	0.880403153761442	0.958230564401333	0.922565926446099	0.936649174174597	0.958290832822912	0.936747335536353	0.938190689182681	0.907171726039692	0.941270441408195	0.916107977403066	0.95811145737545	0.959746140219958	0.941124643595739	0.89423078706798	0.95393182000836	0.921386252502263	0.930959214055659	0.914415256389536	0.947343847655595	0.942010219343941	0.938458666652622	0.934191014305119	0.919292728976038	0.951806156315546	0.944072880627063	0.930592053649251	0.955800351007106	0.956721144057813	0.947874698249266	0.936230738488728	0.958634425864784
cg14715098	NA	NA	NA	NA	NA	NA	NA	NA	NA	NA	NA	NA	NA	NA	NA	NA	NA	NA	NA	NA	NA	NA	NA	NA	NA	NA	NA	NA	NA	NA	NA	NA	NA	NA	NA	NA	NA	NA	NA	NA	NA	NA	NA	NA	NA	NA	NA	NA	NA	NA	NA	NA	NA	NA	NA	NA	NA	NA	NA	NA	NA	NA	NA	NA	NA	NA	NA	NA	NA	NA	NA	NA	NA	NA	NA	NA	NA	NA	NA	NA	NA	NA	NA	NA	NA	NA	NA	NA	NA	NA	NA	NA	NA	NA	NA	NA	NA	NA	NA
cg14741811	NA	NA	NA	NA	NA	NA	NA	NA	NA	NA	NA	NA	NA	NA	NA	NA	NA	NA	NA	NA	NA	NA	NA	NA	NA	NA	NA	NA	NA	NA	NA	NA	NA	NA	NA	NA	NA	NA	NA	NA	NA	NA	NA	NA	NA	NA	NA	NA	NA	NA	NA	NA	NA	NA	NA	NA	NA	NA	NA	NA	NA	NA	NA	NA	NA	NA	NA	NA	NA	NA	NA	NA	NA	NA	NA	NA	NA	NA	NA	NA	NA	NA	NA	NA	NA	NA	NA	NA	NA	NA	NA	NA	NA	NA	NA	NA	NA	NA	NA
cg14756640	NA	NA	NA	NA	NA	NA	NA	NA	NA	NA	NA	NA	NA	NA	NA	NA	NA	NA	NA	NA	NA	NA	NA	NA	NA	NA	NA	NA	NA	NA	NA	NA	NA	NA	NA	NA	NA	NA	NA	NA	NA	NA	NA	NA	NA	NA	NA	NA	NA	NA	NA	NA	NA	NA	NA	NA	NA	NA	NA	NA	NA	NA	NA	NA	NA	NA	NA	NA	NA	NA	NA	NA	NA	NA	NA	NA	NA	NA	NA	NA	NA	NA	NA	NA	NA	NA	NA	NA	NA	NA	NA	NA	NA	NA	NA	NA	NA	NA	NA
cg14757759	NA	NA	NA	NA	NA	NA	NA	NA	NA	NA	NA	NA	NA	NA	NA	NA	NA	NA	NA	NA	NA	NA	NA	NA	NA	NA	NA	NA	NA	NA	NA	NA	NA	NA	NA	NA	NA	NA	NA	NA	NA	NA	NA	NA	NA	NA	NA	NA	NA	NA	NA	NA	NA	NA	NA	NA	NA	NA	NA	NA	NA	NA	NA	NA	NA	NA	NA	NA	NA	NA	NA	NA	NA	NA	NA	NA	NA	NA	NA	NA	NA	NA	NA	NA	NA	NA	NA	NA	NA	NA	NA	NA	NA	NA	NA	NA	NA	NA	NA
cg14773480	NA	NA	NA	NA	NA	NA	NA	NA	NA	NA	NA	NA	NA	NA	NA	NA	NA	NA	NA	NA	NA	NA	NA	NA	NA	NA	NA	NA	NA	NA	NA	NA	NA	NA	NA	NA	NA	NA	NA	NA	NA	NA	NA	NA	NA	NA	NA	NA	NA	NA	NA	NA	NA	NA	NA	NA	NA	NA	NA	NA	NA	NA	NA	NA	NA	NA	NA	NA	NA	NA	NA	NA	NA	NA	NA	NA	NA	NA	NA	NA	NA	NA	NA	NA	NA	NA	NA	NA	NA	NA	NA	NA	NA	NA	NA	NA	NA	NA	NA
cg14798158	NA	NA	NA	NA	NA	NA	NA	NA	NA	NA	NA	NA	NA	NA	NA	NA	NA	NA	NA	NA	NA	NA	NA	NA	NA	NA	NA	NA	NA	NA	NA	NA	NA	NA	NA	NA	NA	NA	NA	NA	NA	NA	NA	NA	NA	NA	NA	NA	NA	NA	NA	NA	NA	NA	NA	NA	NA	NA	NA	NA	NA	NA	NA	NA	NA	NA	NA	NA	NA	NA	NA	NA	NA	NA	NA	NA	NA	NA	NA	NA	NA	NA	NA	NA	NA	NA	NA	NA	NA	NA	NA	NA	NA	NA	NA	NA	NA	NA	NA
cg14835746	NA	NA	NA	NA	NA	NA	NA	NA	NA	NA	NA	NA	NA	NA	NA	NA	NA	NA	NA	NA	NA	NA	NA	NA	NA	NA	NA	NA	NA	NA	NA	NA	NA	NA	NA	NA	NA	NA	NA	NA	NA	NA	NA	NA	NA	NA	NA	NA	NA	NA	NA	NA	NA	NA	NA	NA	NA	NA	NA	NA	NA	NA	NA	NA	NA	NA	NA	NA	NA	NA	NA	NA	NA	NA	NA	NA	NA	NA	NA	NA	NA	NA	NA	NA	NA	NA	NA	NA	NA	NA	NA	NA	NA	NA	NA	NA	NA	NA	NA
cg14840439	NA	NA	NA	NA	NA	NA	NA	NA	NA	NA	NA	NA	NA	NA	NA	NA	NA	NA	NA	NA	NA	NA	NA	NA	NA	NA	NA	NA	NA	NA	NA	NA	NA	NA	NA	NA	NA	NA	NA	NA	NA	NA	NA	NA	NA	NA	NA	NA	NA	NA	NA	NA	NA	NA	NA	NA	NA	NA	NA	NA	NA	NA	NA	NA	NA	NA	NA	NA	NA	NA	NA	NA	NA	NA	NA	NA	NA	NA	NA	NA	NA	NA	NA	NA	NA	NA	NA	NA	NA	NA	NA	NA	NA	NA	NA	NA	NA	NA	NA
cg14841222	NA	NA	NA	NA	NA	NA	NA	NA	NA	NA	NA	NA	NA	NA	NA	NA	NA	NA	NA	NA	NA	NA	NA	NA	NA	NA	NA	NA	NA	NA	NA	NA	NA	NA	NA	NA	NA	NA	NA	NA	NA	NA	NA	NA	NA	NA	NA	NA	NA	NA	NA	NA	NA	NA	NA	NA	NA	NA	NA	NA	NA	NA	NA	NA	NA	NA	NA	NA	NA	NA	NA	NA	NA	NA	NA	NA	NA	NA	NA	NA	NA	NA	NA	NA	NA	NA	NA	NA	NA	NA	NA	NA	NA	NA	NA	NA	NA	NA	NA
cg14852920	NA	NA	NA	NA	NA	NA	NA	NA	NA	NA	NA	NA	NA	NA	NA	NA	NA	NA	NA	NA	NA	NA	NA	NA	NA	NA	NA	NA	NA	NA	NA	NA	NA	NA	NA	NA	NA	NA	NA	NA	NA	NA	NA	NA	NA	NA	NA	NA	NA	NA	NA	NA	NA	NA	NA	NA	NA	NA	NA	NA	NA	NA	NA	NA	NA	NA	NA	NA	NA	NA	NA	NA	NA	NA	NA	NA	NA	NA	NA	NA	NA	NA	NA	NA	NA	NA	NA	NA	NA	NA	NA	NA	NA	NA	NA	NA	NA	NA	NA
cg14857615	NA	NA	NA	NA	NA	NA	NA	NA	NA	NA	NA	NA	NA	NA	NA	NA	NA	NA	NA	NA	NA	NA	NA	NA	NA	NA	NA	NA	NA	NA	NA	NA	NA	NA	NA	NA	NA	NA	NA	NA	NA	NA	NA	NA	NA	NA	NA	NA	NA	NA	NA	NA	NA	NA	NA	NA	NA	NA	NA	NA	NA	NA	NA	NA	NA	NA	NA	NA	NA	NA	NA	NA	NA	NA	NA	NA	NA	NA	NA	NA	NA	NA	NA	NA	NA	NA	NA	NA	NA	NA	NA	NA	NA	NA	NA	NA	NA	NA	NA
cg14882797	NA	NA	NA	NA	NA	NA	NA	NA	NA	NA	NA	NA	NA	NA	NA	NA	NA	NA	NA	NA	NA	NA	NA	NA	NA	NA	NA	NA	NA	NA	NA	NA	NA	NA	NA	NA	NA	NA	NA	NA	NA	NA	NA	NA	NA	NA	NA	NA	NA	NA	NA	NA	NA	NA	NA	NA	NA	NA	NA	NA	NA	NA	NA	NA	NA	NA	NA	NA	NA	NA	NA	NA	NA	NA	NA	NA	NA	NA	NA	NA	NA	NA	NA	NA	NA	NA	NA	NA	NA	NA	NA	NA	NA	NA	NA	NA	NA	NA	NA
cg14959695	NA	NA	NA	NA	NA	NA	NA	NA	NA	NA	NA	NA	NA	NA	NA	NA	NA	NA	NA	NA	NA	NA	NA	NA	NA	NA	NA	NA	NA	NA	NA	NA	NA	NA	NA	NA	NA	NA	NA	NA	NA	NA	NA	NA	NA	NA	NA	NA	NA	NA	NA	NA	NA	NA	NA	NA	NA	NA	NA	NA	NA	NA	NA	NA	NA	NA	NA	NA	NA	NA	NA	NA	NA	NA	NA	NA	NA	NA	NA	NA	NA	NA	NA	NA	NA	NA	NA	NA	NA	NA	NA	NA	NA	NA	NA	NA	NA	NA	NA
cg14985830	NA	NA	NA	NA	NA	NA	NA	NA	NA	NA	NA	NA	NA	NA	NA	NA	NA	NA	NA	NA	NA	NA	NA	NA	NA	NA	NA	NA	NA	NA	NA	NA	NA	NA	NA	NA	NA	NA	NA	NA	NA	NA	NA	NA	NA	NA	NA	NA	NA	NA	NA	NA	NA	NA	NA	NA	NA	NA	NA	NA	NA	NA	NA	NA	NA	NA	NA	NA	NA	NA	NA	NA	NA	NA	NA	NA	NA	NA	NA	NA	NA	NA	NA	NA	NA	NA	NA	NA	NA	NA	NA	NA	NA	NA	NA	NA	NA	NA	NA
cg15007326	NA	NA	NA	NA	NA	NA	NA	NA	NA	NA	NA	NA	NA	NA	NA	NA	NA	NA	NA	NA	NA	NA	NA	NA	NA	NA	NA	NA	NA	NA	NA	NA	NA	NA	NA	NA	NA	NA	NA	NA	NA	NA	NA	NA	NA	NA	NA	NA	NA	NA	NA	NA	NA	NA	NA	NA	NA	NA	NA	NA	NA	NA	NA	NA	NA	NA	NA	NA	NA	NA	NA	NA	NA	NA	NA	NA	NA	NA	NA	NA	NA	NA	NA	NA	NA	NA	NA	NA	NA	NA	NA	NA	NA	NA	NA	NA	NA	NA	NA
cg15035590	0.944075110680948	0.945374002515976	0.941350925969096	0.932501518333945	0.94853164856522	0.933333558524108	0.92204391409117	0.896169149326851	0.92619384493729	0.946271827300047	0.953013501773746	0.955598032817454	0.959215938207535	0.900521545057003	0.948523646324243	0.949006703012115	0.946629080046955	0.958173901872303	0.92006422683762	0.944971354308361	0.942844302325408	0.938432638557041	0.953077672195416	0.941334223463366	0.959831880855434	0.951566668666967	0.915589469734241	0.941412792762235	0.963466835043458	0.946753271643806	0.960623131438235	0.912078202438576	0.947750908257674	0.947475510202598	0.943610370786319	0.948968926556342	0.958184005239053	0.945422462070331	0.939164339390901	0.927191926123496	0.939130845051193	0.949358710977201	0.923020449234091	0.960010280061771	0.803731188164928	0.950949901364688	0.965020037117141	0.944137172485813	0.955900745447439	0.953478255142922	0.919465729109346	0.94763737345763	0.951871086059765	0.846265975676011	0.932907656945302	0.958748864861484	0.92183968426359	0.949375395273443	0.955825892353841	0.918485320070309	0.936932535569944	0.92304092895186	0.952205056016557	0.938647729531456	0.936271687266337	0.936507868753178	0.941523604022314	0.934840510384411	0.916114096228735	0.948935120740585	0.930437951963446	0.932996635992715	0.960666202113143	0.95624876482873	0.965008967952819	0.894568262492336	0.937358077511142	0.959006595588829	0.930830796160619	0.926507313365209	0.949553274880657	0.958556630369082	0.946933058489996	0.947030227585995	0.901482688251252	0.955120427640557	0.95175259592085	0.95083648811665	0.933896738095583	0.915441744330434	0.941644813115652	0.94821564946378	0.941286938872714	0.947183670076962	0.900661422381052	0.961302613966691	0.95254602492002	0.94364907776603	0.910542653492862
cg15057836	NA	NA	NA	NA	NA	NA	NA	NA	NA	NA	NA	NA	NA	NA	NA	NA	NA	NA	NA	NA	NA	NA	NA	NA	NA	NA	NA	NA	NA	NA	NA	NA	NA	NA	NA	NA	NA	NA	NA	NA	NA	NA	NA	NA	NA	NA	NA	NA	NA	NA	NA	NA	NA	NA	NA	NA	NA	NA	NA	NA	NA	NA	NA	NA	NA	NA	NA	NA	NA	NA	NA	NA	NA	NA	NA	NA	NA	NA	NA	NA	NA	NA	NA	NA	NA	NA	NA	NA	NA	NA	NA	NA	NA	NA	NA	NA	NA	NA	NA
cg15067764	NA	NA	NA	NA	NA	NA	NA	NA	NA	NA	NA	NA	NA	NA	NA	NA	NA	NA	NA	NA	NA	NA	NA	NA	NA	NA	NA	NA	NA	NA	NA	NA	NA	NA	NA	NA	NA	NA	NA	NA	NA	NA	NA	NA	NA	NA	NA	NA	NA	NA	NA	NA	NA	NA	NA	NA	NA	NA	NA	NA	NA	NA	NA	NA	NA	NA	NA	NA	NA	NA	NA	NA	NA	NA	NA	NA	NA	NA	NA	NA	NA	NA	NA	NA	NA	NA	NA	NA	NA	NA	NA	NA	NA	NA	NA	NA	NA	NA	NA
cg15077416	NA	NA	NA	NA	NA	NA	NA	NA	NA	NA	NA	NA	NA	NA	NA	NA	NA	NA	NA	NA	NA	NA	NA	NA	NA	NA	NA	NA	NA	NA	NA	NA	NA	NA	NA	NA	NA	NA	NA	NA	NA	NA	NA	NA	NA	NA	NA	NA	NA	NA	NA	NA	NA	NA	NA	NA	NA	NA	NA	NA	NA	NA	NA	NA	NA	NA	NA	NA	NA	NA	NA	NA	NA	NA	NA	NA	NA	NA	NA	NA	NA	NA	NA	NA	NA	NA	NA	NA	NA	NA	NA	NA	NA	NA	NA	NA	NA	NA	NA
cg15112210	0.95619142363069	0.958665648116238	0.95578710069005	0.963013747082763	0.955511906151381	0.946769341323169	0.929631675248636	0.947964486371022	0.965923713477111	0.949274611853806	0.956238870805344	0.96964535339298	0.943762285730933	0.957022445238199	0.936900090823003	0.785936835720171	0.959469830081535	0.961852738084223	0.967410928211106	0.943729699480397	0.967758116473938	0.921841142019477	0.764235085499671	0.955743951753367	0.624173451257454	0.958019549648645	0.958215498407037	0.840818001690843	0.962468258724193	0.969148512633528	0.940236158413529	0.9526485264404	0.964140366863566	0.955244854675081	0.960613125241756	0.941942248143793	0.965174273962414	0.946357165995206	0.958989842129998	0.973288488034603	0.945706719921746	0.961352801938222	0.92648758886577	0.292707707762577	0.959173583112937	0.951470339898878	0.965814351184072	0.741169821371567	0.943116865920743	0.924351010143346	0.965153548557384	0.941330141245974	0.868951168646093	0.952865289667557	0.951043004922486	0.953710285418976	0.957352835802185	0.950656734303257	0.929404279240406	0.957230966323232	0.81034563239751	0.772164173905201	0.961270112642266	0.960937734088944	0.95234151549119	0.966785338306498	0.950166307294629	0.964222621099284	0.916131413222708	0.962046209081513	0.944569079748011	0.946690565424281	0.963194046513514	0.678017742672752	0.962052939137368	0.89714592010691	0.696562147828831	0.916339138308538	0.958108593701018	0.959847397545738	0.963385988995372	0.914938837505261	0.558395090412315	0.939586072609009	0.959600143050839	0.820447323653973	0.965107449110379	0.955680003925933	0.79923004493854	0.945063165601826	0.940716847170165	0.952267033409806	0.946291015856875	0.967848168734228	0.957492413292269	0.96676029142865	0.954736350139181	0.953598441365088	0.958140357224903
cg15162320	NA	NA	NA	NA	NA	NA	NA	NA	NA	NA	NA	NA	NA	NA	NA	NA	NA	NA	NA	NA	NA	NA	NA	NA	NA	NA	NA	NA	NA	NA	NA	NA	NA	NA	NA	NA	NA	NA	NA	NA	NA	NA	NA	NA	NA	NA	NA	NA	NA	NA	NA	NA	NA	NA	NA	NA	NA	NA	NA	NA	NA	NA	NA	NA	NA	NA	NA	NA	NA	NA	NA	NA	NA	NA	NA	NA	NA	NA	NA	NA	NA	NA	NA	NA	NA	NA	NA	NA	NA	NA	NA	NA	NA	NA	NA	NA	NA	NA	NA
cg15172011	NA	NA	NA	NA	NA	NA	NA	NA	NA	NA	NA	NA	NA	NA	NA	NA	NA	NA	NA	NA	NA	NA	NA	NA	NA	NA	NA	NA	NA	NA	NA	NA	NA	NA	NA	NA	NA	NA	NA	NA	NA	NA	NA	NA	NA	NA	NA	NA	NA	NA	NA	NA	NA	NA	NA	NA	NA	NA	NA	NA	NA	NA	NA	NA	NA	NA	NA	NA	NA	NA	NA	NA	NA	NA	NA	NA	NA	NA	NA	NA	NA	NA	NA	NA	NA	NA	NA	NA	NA	NA	NA	NA	NA	NA	NA	NA	NA	NA	NA
cg15175091	NA	NA	NA	NA	NA	NA	NA	NA	NA	NA	NA	NA	NA	NA	NA	NA	NA	NA	NA	NA	NA	NA	NA	NA	NA	NA	NA	NA	NA	NA	NA	NA	NA	NA	NA	NA	NA	NA	NA	NA	NA	NA	NA	NA	NA	NA	NA	NA	NA	NA	NA	NA	NA	NA	NA	NA	NA	NA	NA	NA	NA	NA	NA	NA	NA	NA	NA	NA	NA	NA	NA	NA	NA	NA	NA	NA	NA	NA	NA	NA	NA	NA	NA	NA	NA	NA	NA	NA	NA	NA	NA	NA	NA	NA	NA	NA	NA	NA	NA
cg15263875	NA	NA	NA	NA	NA	NA	NA	NA	NA	NA	NA	NA	NA	NA	NA	NA	NA	NA	NA	NA	NA	NA	NA	NA	NA	NA	NA	NA	NA	NA	NA	NA	NA	NA	NA	NA	NA	NA	NA	NA	NA	NA	NA	NA	NA	NA	NA	NA	NA	NA	NA	NA	NA	NA	NA	NA	NA	NA	NA	NA	NA	NA	NA	NA	NA	NA	NA	NA	NA	NA	NA	NA	NA	NA	NA	NA	NA	NA	NA	NA	NA	NA	NA	NA	NA	NA	NA	NA	NA	NA	NA	NA	NA	NA	NA	NA	NA	NA	NA
cg15293759	NA	NA	NA	NA	NA	NA	NA	NA	NA	NA	NA	NA	NA	NA	NA	NA	NA	NA	NA	NA	NA	NA	NA	NA	NA	NA	NA	NA	NA	NA	NA	NA	NA	NA	NA	NA	NA	NA	NA	NA	NA	NA	NA	NA	NA	NA	NA	NA	NA	NA	NA	NA	NA	NA	NA	NA	NA	NA	NA	NA	NA	NA	NA	NA	NA	NA	NA	NA	NA	NA	NA	NA	NA	NA	NA	NA	NA	NA	NA	NA	NA	NA	NA	NA	NA	NA	NA	NA	NA	NA	NA	NA	NA	NA	NA	NA	NA	NA	NA
cg15323066	NA	NA	NA	NA	NA	NA	NA	NA	NA	NA	NA	NA	NA	NA	NA	NA	NA	NA	NA	NA	NA	NA	NA	NA	NA	NA	NA	NA	NA	NA	NA	NA	NA	NA	NA	NA	NA	NA	NA	NA	NA	NA	NA	NA	NA	NA	NA	NA	NA	NA	NA	NA	NA	NA	NA	NA	NA	NA	NA	NA	NA	NA	NA	NA	NA	NA	NA	NA	NA	NA	NA	NA	NA	NA	NA	NA	NA	NA	NA	NA	NA	NA	NA	NA	NA	NA	NA	NA	NA	NA	NA	NA	NA	NA	NA	NA	NA	NA	NA
cg15330419	NA	NA	NA	NA	NA	NA	NA	NA	NA	NA	NA	NA	NA	NA	NA	NA	NA	NA	NA	NA	NA	NA	NA	NA	NA	NA	NA	NA	NA	NA	NA	NA	NA	NA	NA	NA	NA	NA	NA	NA	NA	NA	NA	NA	NA	NA	NA	NA	NA	NA	NA	NA	NA	NA	NA	NA	NA	NA	NA	NA	NA	NA	NA	NA	NA	NA	NA	NA	NA	NA	NA	NA	NA	NA	NA	NA	NA	NA	NA	NA	NA	NA	NA	NA	NA	NA	NA	NA	NA	NA	NA	NA	NA	NA	NA	NA	NA	NA	NA
cg15347484	NA	NA	NA	NA	NA	NA	NA	NA	NA	NA	NA	NA	NA	NA	NA	NA	NA	NA	NA	NA	NA	NA	NA	NA	NA	NA	NA	NA	NA	NA	NA	NA	NA	NA	NA	NA	NA	NA	NA	NA	NA	NA	NA	NA	NA	NA	NA	NA	NA	NA	NA	NA	NA	NA	NA	NA	NA	NA	NA	NA	NA	NA	NA	NA	NA	NA	NA	NA	NA	NA	NA	NA	NA	NA	NA	NA	NA	NA	NA	NA	NA	NA	NA	NA	NA	NA	NA	NA	NA	NA	NA	NA	NA	NA	NA	NA	NA	NA	NA
cg15358035	NA	NA	NA	NA	NA	NA	NA	NA	NA	NA	NA	NA	NA	NA	NA	NA	NA	NA	NA	NA	NA	NA	NA	NA	NA	NA	NA	NA	NA	NA	NA	NA	NA	NA	NA	NA	NA	NA	NA	NA	NA	NA	NA	NA	NA	NA	NA	NA	NA	NA	NA	NA	NA	NA	NA	NA	NA	NA	NA	NA	NA	NA	NA	NA	NA	NA	NA	NA	NA	NA	NA	NA	NA	NA	NA	NA	NA	NA	NA	NA	NA	NA	NA	NA	NA	NA	NA	NA	NA	NA	NA	NA	NA	NA	NA	NA	NA	NA	NA
cg15412313	0.940939757144914	0.91571524232645	0.377652067499003	0.931527237200129	0.924720787786206	0.88906178094421	0.89819092445873	0.926952464661366	0.869662983478217	0.894196188458838	0.774145091965099	0.895709237712212	0.898841538182451	0.831821460462928	0.878175336027756	0.943699945135849	0.921908338407987	0.87959015705463	0.770190712815398	0.825177617039321	0.895329862753854	0.871991203010595	0.656921845662097	0.777321817434406	0.561403619789436	0.88782953293693	0.876099078739175	0.888115757958035	0.873692417869081	0.916429627210646	0.930979961880091	0.913606485349235	0.910631971755851	0.798408295289834	0.905806958933126	0.894483688591382	0.958545192707751	0.921627309488826	0.801762109718414	0.499312585295559	0.932862382041333	0.949352009624861	0.778008633846752	0.942396175074239	0.78528147342467	0.896214136816059	0.94773548081488	0.892756491817593	0.899005567543999	0.920504555663456	0.847315957127915	0.917210452048319	0.933152200691432	0.849442926935612	0.816627487853292	0.845103676952263	0.934636908415737	0.828441251659653	0.92809785698224	0.722760611030415	0.867187296982809	0.839337087802381	0.841294403574354	0.919406400441447	0.718340172945119	0.878038539581242	0.939095311987385	0.879591331181969	0.934910928452027	0.868830828230629	0.911059028167039	0.788030965709538	0.882398242258791	0.888765429121298	0.941949181946915	0.924360051212336	0.886972168413617	0.939495443528126	0.90154644334447	0.584541864656177	0.795160253513479	0.939884924216068	0.951528174966424	0.892076252995902	0.905562446172588	0.89773564255838	0.692768426876408	0.873805154475153	0.948022241616943	0.940951156787627	0.922898827911163	0.916923662736496	0.915586072445349	0.925564796284082	0.900771560602714	0.857375493578621	0.922462556061936	0.893333412591469	0.925116410800572
cg15442567	NA	NA	NA	NA	NA	NA	NA	NA	NA	NA	NA	NA	NA	NA	NA	NA	NA	NA	NA	NA	NA	NA	NA	NA	NA	NA	NA	NA	NA	NA	NA	NA	NA	NA	NA	NA	NA	NA	NA	NA	NA	NA	NA	NA	NA	NA	NA	NA	NA	NA	NA	NA	NA	NA	NA	NA	NA	NA	NA	NA	NA	NA	NA	NA	NA	NA	NA	NA	NA	NA	NA	NA	NA	NA	NA	NA	NA	NA	NA	NA	NA	NA	NA	NA	NA	NA	NA	NA	NA	NA	NA	NA	NA	NA	NA	NA	NA	NA	NA
cg15535686	0.96800046012579	0.954535871986421	0.944957080294345	0.930153985644293	0.961096992718792	0.938395720985054	0.958624827419479	0.95643023127394	0.930495585209414	0.9582645881416	0.959353493932903	0.952877327649767	0.948642656552916	0.94812041892079	0.935400693360565	0.967011654171663	0.966453614928894	0.954388493040132	0.94040163868912	0.966779827620368	0.932515727809421	0.934245344762921	0.95483000179017	0.969026858100634	0.927185720195252	0.968420653825476	0.938836868305158	0.943432742503771	0.962776344728855	0.954381992160518	0.953149572524381	0.957652814774735	0.968992345051653	0.962453751878652	0.965466684134031	0.960170234422697	0.963146651858242	0.927850135201569	0.957228344545981	0.911773501062663	0.96272654121982	0.954098553381238	0.963760795552958	0.960238704802892	0.953186952989611	0.95144309359147	0.953587199217481	0.971339171260888	0.946660652772173	0.966500124623977	0.957555632828493	0.947475713059424	0.958595997467898	0.948033631338496	0.967996468896971	0.958576071292426	0.965287593449344	0.938489126215786	0.917887621841957	0.959411792115937	0.9335676794466	0.963665761181702	0.961356762467568	0.944027794732274	0.954864798150251	0.947951980196989	0.958310940393908	0.955899159506956	0.950968771801813	0.953747319231587	0.963622534221256	0.95089116443965	0.946996258459883	0.948006123131787	0.955769698556623	0.943978716564754	0.967730653542534	0.965032702707938	0.961442963586168	0.950636925619333	0.966426053336154	0.943354554128475	0.865781585709993	0.95503391115398	0.95255381350176	0.938107292517509	0.952993508657539	0.964617505878632	0.964984558114897	0.931826853831438	0.950941988885379	0.966636050716662	0.939852447347803	0.943927204547995	0.943685230283334	0.960614731023729	0.950281905246729	0.944693222852965	0.946427885901275
cg15548284	NA	NA	NA	NA	NA	NA	NA	NA	NA	NA	NA	NA	NA	NA	NA	NA	NA	NA	NA	NA	NA	NA	NA	NA	NA	NA	NA	NA	NA	NA	NA	NA	NA	NA	NA	NA	NA	NA	NA	NA	NA	NA	NA	NA	NA	NA	NA	NA	NA	NA	NA	NA	NA	NA	NA	NA	NA	NA	NA	NA	NA	NA	NA	NA	NA	NA	NA	NA	NA	NA	NA	NA	NA	NA	NA	NA	NA	NA	NA	NA	NA	NA	NA	NA	NA	NA	NA	NA	NA	NA	NA	NA	NA	NA	NA	NA	NA	NA	NA
cg15553710	NA	NA	NA	NA	NA	NA	NA	NA	NA	NA	NA	NA	NA	NA	NA	NA	NA	NA	NA	NA	NA	NA	NA	NA	NA	NA	NA	NA	NA	NA	NA	NA	NA	NA	NA	NA	NA	NA	NA	NA	NA	NA	NA	NA	NA	NA	NA	NA	NA	NA	NA	NA	NA	NA	NA	NA	NA	NA	NA	NA	NA	NA	NA	NA	NA	NA	NA	NA	NA	NA	NA	NA	NA	NA	NA	NA	NA	NA	NA	NA	NA	NA	NA	NA	NA	NA	NA	NA	NA	NA	NA	NA	NA	NA	NA	NA	NA	NA	NA
cg15556873	0.77443710247011	0.585604085365977	0.498112663746945	0.410406734891564	0.741767961848433	0.335454539215726	0.541371773342406	0.11554379632443	0.439999372054324	0.176751249553276	0.324005766416129	0.935375917716969	0.730263751197453	0.292598795107584	0.364467142500709	0.174603092522736	0.548498293485149	0.761930381316317	0.522921544651984	0.240716848157483	0.715080337935195	0.698770933531948	0.158852181970927	0.844657035203643	0.81135613731181	0.31509835195501	0.401093660529761	0.22127244314623	0.889745643308317	0.286544239531715	0.210010421314356	0.426372147684895	0.199067521979635	0.181777429159707	0.721272788427956	0.867025020194535	0.822984022136379	0.659385894098733	0.317870518657745	0.701211793591855	0.241768780451055	0.466502807104971	0.498944405919681	0.145719084581584	0.574624748517834	0.515858372720013	0.883600038247376	0.591763405772346	0.283271935885361	0.332320138078172	0.516620426345022	0.560481268196164	0.723701954827713	0.613954733088091	0.733279790874359	0.342189574888978	0.213395982544823	0.286024967504407	0.743995859081034	0.479362226746244	0.830595448184428	0.101349042350644	0.304884586541488	0.325985829080539	0.463699887585152	0.361572101934348	0.282273474729513	0.454965578690253	NA	0.688124959637079	0.342047779391075	0.545575269817244	0.298637534885551	0.401212015891891	0.89942041321192	0.259015805728119	0.480100018494942	0.166587519440304	0.603769021070627	0.503144517677727	0.45870724852088	0.645137847699454	0.395786357915939	0.854333473767009	0.897676577270047	0.241455684064264	0.543190801361949	0.310841308998546	0.425724362920079	0.541419349932283	0.238827102373781	0.51979987502658	0.887870411329522	0.108736502228679	0.280242419863689	0.263427458775899	0.613174014495099	0.844175391772659	0.578599408861977
cg15560337	0.368573822180489	0.368447552720347	0.224057702970742	0.297586110576611	0.461057068217216	0.325354338432109	0.418309458657872	0.101727545525005	0.238306150053727	0.372940468388936	0.299587287681133	0.303420771647274	0.486709931196115	0.173784679360329	0.561363294769881	0.180070766457485	0.694981035767727	0.352844391919627	0.189439537194403	0.273756602376013	0.392715014847011	0.286326970570359	0.144229499819705	0.246540198834866	0.266628957779792	0.311407372163792	0.198250269272601	0.186458945302607	0.19973729260616	0.196019215547897	0.225569201239932	0.376137103707601	0.26590338960097	0.207463706207813	0.258115426581648	0.0896405140006821	0.140181157061415	0.183875551362681	0.31992356351371	0.343515243648224	0.219068993837384	0.186518912705078	0.405132395901014	0.174300688812387	0.294800349808092	0.315762796253839	0.238198661056384	0.368969437872098	0.195582014328433	0.232699636383131	0.241429707894072	0.339070344280338	0.171081140052954	0.394352912541191	0.374540838364564	0.272746294802308	0.150630688729948	0.269158015229193	0.18608937281101	0.406271532006831	0.333911914705353	0.248727828395413	0.272318881203305	0.239095480955266	0.186352026518849	0.351380520622312	0.204582258019748	0.327878806683926	0.323105571154775	0.266344370852238	0.188028077382522	0.288276110318306	0.289667523961682	0.250022215847923	0.682745773744607	0.190911474338611	0.247887092471501	0.123371397931762	0.244394890685735	0.37130260949013	0.204718721032797	0.346032813252873	0.21048817180002	0.266851457415149	0.247013465783141	0.210707079562345	0.330640592052248	0.334915561532454	0.160794384051298	0.352011186862107	0.177243501214933	0.286621488664805	0.200259935041092	0.0964398542540974	0.271106163394784	0.31796460623604	0.271931014998949	0.349630469763394	0.385825591330484
cg15603614	NA	NA	NA	NA	NA	NA	NA	NA	NA	NA	NA	NA	NA	NA	NA	NA	NA	NA	NA	NA	NA	NA	NA	NA	NA	NA	NA	NA	NA	NA	NA	NA	NA	NA	NA	NA	NA	NA	NA	NA	NA	NA	NA	NA	NA	NA	NA	NA	NA	NA	NA	NA	NA	NA	NA	NA	NA	NA	NA	NA	NA	NA	NA	NA	NA	NA	NA	NA	NA	NA	NA	NA	NA	NA	NA	NA	NA	NA	NA	NA	NA	NA	NA	NA	NA	NA	NA	NA	NA	NA	NA	NA	NA	NA	NA	NA	NA	NA	NA
cg15604398	0.649274561319619	0.524917369595683	0.392172977536217	0.467455122231599	0.87032188342795	0.493514079208142	0.898807429977278	0.138727827333729	0.389398164367909	0.27842819727809	0.836627554125349	0.520763399384885	0.842886882543806	0.28818126118533	0.808848900444756	0.25444104513503	0.622161749601057	0.434777875934013	0.185928494490386	0.466702934394609	0.636923011922329	0.612105724245794	0.195928958322789	0.413385028943807	0.334081773151017	0.454720391221418	0.276649283157785	0.337779595964825	0.304508023313462	0.193276439345892	0.324812484841785	0.650808516367597	0.192467654043705	0.221848558009882	0.436594039763374	0.140395142177579	0.159025535030097	0.247185039093212	0.778028300182709	0.362559952320252	0.206004753768882	0.86785000661905	0.459564685536142	NA	0.286968546423725	0.542012281800558	0.289386359199388	0.688972290746976	0.280186569161074	0.367306175637315	0.328871462653195	0.427290154437601	0.654878013492696	0.720036104572902	0.564375671158144	0.467411659943669	0.325209586532796	0.375743548104835	0.238463098173304	0.697762838007388	0.328342576378019	0.131938507818779	0.44938774039169	0.38828025213147	0.258875094712814	0.681897885849594	0.423825860807215	0.495078654394175	0.892690518995649	0.533272220766002	0.386888935326672	0.546376558974011	0.37701610463878	0.516454226203042	0.788102561616214	0.935586169046212	0.778734877495078	0.123017221791605	0.466444127533159	0.729521627092764	0.256363601138283	0.626161810485555	0.221029036335347	0.624867530290054	0.400203199966998	0.25859964568328	0.63198637953288	0.339633936057329	0.223783556840487	0.929599486821058	0.556380198398305	0.507567278042163	0.397463754170015	0.116714410418443	0.373489036482908	0.207687648540066	0.501033492771504	0.532248160791784	0.626483566965155
cg15611936	NA	NA	NA	NA	NA	NA	NA	NA	NA	NA	NA	NA	NA	NA	NA	NA	NA	NA	NA	NA	NA	NA	NA	NA	NA	NA	NA	NA	NA	NA	NA	NA	NA	NA	NA	NA	NA	NA	NA	NA	NA	NA	NA	NA	NA	NA	NA	NA	NA	NA	NA	NA	NA	NA	NA	NA	NA	NA	NA	NA	NA	NA	NA	NA	NA	NA	NA	NA	NA	NA	NA	NA	NA	NA	NA	NA	NA	NA	NA	NA	NA	NA	NA	NA	NA	NA	NA	NA	NA	NA	NA	NA	NA	NA	NA	NA	NA	NA	NA
cg15633618	NA	NA	NA	NA	NA	NA	NA	NA	NA	NA	NA	NA	NA	NA	NA	NA	NA	NA	NA	NA	NA	NA	NA	NA	NA	NA	NA	NA	NA	NA	NA	NA	NA	NA	NA	NA	NA	NA	NA	NA	NA	NA	NA	NA	NA	NA	NA	NA	NA	NA	NA	NA	NA	NA	NA	NA	NA	NA	NA	NA	NA	NA	NA	NA	NA	NA	NA	NA	NA	NA	NA	NA	NA	NA	NA	NA	NA	NA	NA	NA	NA	NA	NA	NA	NA	NA	NA	NA	NA	NA	NA	NA	NA	NA	NA	NA	NA	NA	NA
cg15703165	NA	NA	NA	NA	NA	NA	NA	NA	NA	NA	NA	NA	NA	NA	NA	NA	NA	NA	NA	NA	NA	NA	NA	NA	NA	NA	NA	NA	NA	NA	NA	NA	NA	NA	NA	NA	NA	NA	NA	NA	NA	NA	NA	NA	NA	NA	NA	NA	NA	NA	NA	NA	NA	NA	NA	NA	NA	NA	NA	NA	NA	NA	NA	NA	NA	NA	NA	NA	NA	NA	NA	NA	NA	NA	NA	NA	NA	NA	NA	NA	NA	NA	NA	NA	NA	NA	NA	NA	NA	NA	NA	NA	NA	NA	NA	NA	NA	NA	NA
cg15708382	NA	NA	NA	NA	NA	NA	NA	NA	NA	NA	NA	NA	NA	NA	NA	NA	NA	NA	NA	NA	NA	NA	NA	NA	NA	NA	NA	NA	NA	NA	NA	NA	NA	NA	NA	NA	NA	NA	NA	NA	NA	NA	NA	NA	NA	NA	NA	NA	NA	NA	NA	NA	NA	NA	NA	NA	NA	NA	NA	NA	NA	NA	NA	NA	NA	NA	NA	NA	NA	NA	NA	NA	NA	NA	NA	NA	NA	NA	NA	NA	NA	NA	NA	NA	NA	NA	NA	NA	NA	NA	NA	NA	NA	NA	NA	NA	NA	NA	NA
cg15718106	NA	NA	NA	NA	NA	NA	NA	NA	NA	NA	NA	NA	NA	NA	NA	NA	NA	NA	NA	NA	NA	NA	NA	NA	NA	NA	NA	NA	NA	NA	NA	NA	NA	NA	NA	NA	NA	NA	NA	NA	NA	NA	NA	NA	NA	NA	NA	NA	NA	NA	NA	NA	NA	NA	NA	NA	NA	NA	NA	NA	NA	NA	NA	NA	NA	NA	NA	NA	NA	NA	NA	NA	NA	NA	NA	NA	NA	NA	NA	NA	NA	NA	NA	NA	NA	NA	NA	NA	NA	NA	NA	NA	NA	NA	NA	NA	NA	NA	NA
cg15733632	NA	NA	NA	NA	NA	NA	NA	NA	NA	NA	NA	NA	NA	NA	NA	NA	NA	NA	NA	NA	NA	NA	NA	NA	NA	NA	NA	NA	NA	NA	NA	NA	NA	NA	NA	NA	NA	NA	NA	NA	NA	NA	NA	NA	NA	NA	NA	NA	NA	NA	NA	NA	NA	NA	NA	NA	NA	NA	NA	NA	NA	NA	NA	NA	NA	NA	NA	NA	NA	NA	NA	NA	NA	NA	NA	NA	NA	NA	NA	NA	NA	NA	NA	NA	NA	NA	NA	NA	NA	NA	NA	NA	NA	NA	NA	NA	NA	NA	NA
cg15771551	NA	NA	NA	NA	NA	NA	NA	NA	NA	NA	NA	NA	NA	NA	NA	NA	NA	NA	NA	NA	NA	NA	NA	NA	NA	NA	NA	NA	NA	NA	NA	NA	NA	NA	NA	NA	NA	NA	NA	NA	NA	NA	NA	NA	NA	NA	NA	NA	NA	NA	NA	NA	NA	NA	NA	NA	NA	NA	NA	NA	NA	NA	NA	NA	NA	NA	NA	NA	NA	NA	NA	NA	NA	NA	NA	NA	NA	NA	NA	NA	NA	NA	NA	NA	NA	NA	NA	NA	NA	NA	NA	NA	NA	NA	NA	NA	NA	NA	NA
cg15814092	NA	NA	NA	NA	NA	NA	NA	NA	NA	NA	NA	NA	NA	NA	NA	NA	NA	NA	NA	NA	NA	NA	NA	NA	NA	NA	NA	NA	NA	NA	NA	NA	NA	NA	NA	NA	NA	NA	NA	NA	NA	NA	NA	NA	NA	NA	NA	NA	NA	NA	NA	NA	NA	NA	NA	NA	NA	NA	NA	NA	NA	NA	NA	NA	NA	NA	NA	NA	NA	NA	NA	NA	NA	NA	NA	NA	NA	NA	NA	NA	NA	NA	NA	NA	NA	NA	NA	NA	NA	NA	NA	NA	NA	NA	NA	NA	NA	NA	NA
cg15820400	0.927791578130542	0.923478216496993	0.884873376481036	0.897515081886907	0.923639523969329	0.757351731555982	0.932922092891479	0.801994335488321	0.855052345445206	0.878066641021354	0.714612124743258	0.886433703152856	0.89881289133001	0.589640271047985	0.785894524984282	0.805691816629658	0.792826740195984	0.831606508511403	0.704867291035067	0.761473140328849	0.904546200343971	0.732797268859209	0.811934380991741	0.839283051700883	0.638716351493831	0.905109855344694	0.704310266483722	0.832922978172084	0.906657227850734	0.642035515566394	0.874751185219217	0.782627989869856	0.908618239218466	0.881456136180013	0.866144167205791	0.792427975872457	0.96427093175647	0.385625272942481	0.870143365891802	0.829665250715967	0.691824039875327	0.912518398940834	0.828106639000677	0.790019903893486	0.758001599255111	0.808428636770255	0.716452315727254	0.849720916071172	0.902657734453487	0.850179273972946	0.766670457874462	0.833781229803699	0.902095171193639	0.797627955991167	0.786446013453834	0.662888438720191	0.915037532413893	0.845524535757577	0.904770209635208	0.900797384891189	0.865357752894519	0.640977123389449	0.843957006130282	0.752872321918465	0.61183746274102	0.854839856718659	0.90225389097159	0.72756471487167	0.595859119011304	0.816494622442835	0.725036711123855	0.791857155557634	0.872020905563802	0.807323711734244	0.91012319563722	0.921311723574428	0.909771332551193	0.70413118628801	0.881232579403939	0.719122690631629	0.863979224043391	0.925067287340143	0.656726369125276	0.911292927122422	0.659525250212416	0.596146303425201	0.830361952760071	0.878095653475295	0.85039425820471	0.917609696169917	0.930804274410092	0.836471518180582	0.908801009832051	0.929681931725721	0.537628058255391	0.697588721233632	0.902287172263919	0.946546977090357	0.916042248659469
cg15843977	NA	NA	NA	NA	NA	NA	NA	NA	NA	NA	NA	NA	NA	NA	NA	NA	NA	NA	NA	NA	NA	NA	NA	NA	NA	NA	NA	NA	NA	NA	NA	NA	NA	NA	NA	NA	NA	NA	NA	NA	NA	NA	NA	NA	NA	NA	NA	NA	NA	NA	NA	NA	NA	NA	NA	NA	NA	NA	NA	NA	NA	NA	NA	NA	NA	NA	NA	NA	NA	NA	NA	NA	NA	NA	NA	NA	NA	NA	NA	NA	NA	NA	NA	NA	NA	NA	NA	NA	NA	NA	NA	NA	NA	NA	NA	NA	NA	NA	NA
cg15847775	NA	NA	NA	NA	NA	NA	NA	NA	NA	NA	NA	NA	NA	NA	NA	NA	NA	NA	NA	NA	NA	NA	NA	NA	NA	NA	NA	NA	NA	NA	NA	NA	NA	NA	NA	NA	NA	NA	NA	NA	NA	NA	NA	NA	NA	NA	NA	NA	NA	NA	NA	NA	NA	NA	NA	NA	NA	NA	NA	NA	NA	NA	NA	NA	NA	NA	NA	NA	NA	NA	NA	NA	NA	NA	NA	NA	NA	NA	NA	NA	NA	NA	NA	NA	NA	NA	NA	NA	NA	NA	NA	NA	NA	NA	NA	NA	NA	NA	NA
cg15874144	NA	NA	NA	NA	NA	NA	NA	NA	NA	NA	NA	NA	NA	NA	NA	NA	NA	NA	NA	NA	NA	NA	NA	NA	NA	NA	NA	NA	NA	NA	NA	NA	NA	NA	NA	NA	NA	NA	NA	NA	NA	NA	NA	NA	NA	NA	NA	NA	NA	NA	NA	NA	NA	NA	NA	NA	NA	NA	NA	NA	NA	NA	NA	NA	NA	NA	NA	NA	NA	NA	NA	NA	NA	NA	NA	NA	NA	NA	NA	NA	NA	NA	NA	NA	NA	NA	NA	NA	NA	NA	NA	NA	NA	NA	NA	NA	NA	NA	NA
cg15886896	NA	NA	NA	NA	NA	NA	NA	NA	NA	NA	NA	NA	NA	NA	NA	NA	NA	NA	NA	NA	NA	NA	NA	NA	NA	NA	NA	NA	NA	NA	NA	NA	NA	NA	NA	NA	NA	NA	NA	NA	NA	NA	NA	NA	NA	NA	NA	NA	NA	NA	NA	NA	NA	NA	NA	NA	NA	NA	NA	NA	NA	NA	NA	NA	NA	NA	NA	NA	NA	NA	NA	NA	NA	NA	NA	NA	NA	NA	NA	NA	NA	NA	NA	NA	NA	NA	NA	NA	NA	NA	NA	NA	NA	NA	NA	NA	NA	NA	NA
cg15939182	NA	NA	NA	NA	NA	NA	NA	NA	NA	NA	NA	NA	NA	NA	NA	NA	NA	NA	NA	NA	NA	NA	NA	NA	NA	NA	NA	NA	NA	NA	NA	NA	NA	NA	NA	NA	NA	NA	NA	NA	NA	NA	NA	NA	NA	NA	NA	NA	NA	NA	NA	NA	NA	NA	NA	NA	NA	NA	NA	NA	NA	NA	NA	NA	NA	NA	NA	NA	NA	NA	NA	NA	NA	NA	NA	NA	NA	NA	NA	NA	NA	NA	NA	NA	NA	NA	NA	NA	NA	NA	NA	NA	NA	NA	NA	NA	NA	NA	NA
cg15990679	NA	NA	NA	NA	NA	NA	NA	NA	NA	NA	NA	NA	NA	NA	NA	NA	NA	NA	NA	NA	NA	NA	NA	NA	NA	NA	NA	NA	NA	NA	NA	NA	NA	NA	NA	NA	NA	NA	NA	NA	NA	NA	NA	NA	NA	NA	NA	NA	NA	NA	NA	NA	NA	NA	NA	NA	NA	NA	NA	NA	NA	NA	NA	NA	NA	NA	NA	NA	NA	NA	NA	NA	NA	NA	NA	NA	NA	NA	NA	NA	NA	NA	NA	NA	NA	NA	NA	NA	NA	NA	NA	NA	NA	NA	NA	NA	NA	NA	NA
cg15996647	NA	NA	NA	NA	NA	NA	NA	NA	NA	NA	NA	NA	NA	NA	NA	NA	NA	NA	NA	NA	NA	NA	NA	NA	NA	NA	NA	NA	NA	NA	NA	NA	NA	NA	NA	NA	NA	NA	NA	NA	NA	NA	NA	NA	NA	NA	NA	NA	NA	NA	NA	NA	NA	NA	NA	NA	NA	NA	NA	NA	NA	NA	NA	NA	NA	NA	NA	NA	NA	NA	NA	NA	NA	NA	NA	NA	NA	NA	NA	NA	NA	NA	NA	NA	NA	NA	NA	NA	NA	NA	NA	NA	NA	NA	NA	NA	NA	NA	NA
cg16016766	NA	NA	NA	NA	NA	NA	NA	NA	NA	NA	NA	NA	NA	NA	NA	NA	NA	NA	NA	NA	NA	NA	NA	NA	NA	NA	NA	NA	NA	NA	NA	NA	NA	NA	NA	NA	NA	NA	NA	NA	NA	NA	NA	NA	NA	NA	NA	NA	NA	NA	NA	NA	NA	NA	NA	NA	NA	NA	NA	NA	NA	NA	NA	NA	NA	NA	NA	NA	NA	NA	NA	NA	NA	NA	NA	NA	NA	NA	NA	NA	NA	NA	NA	NA	NA	NA	NA	NA	NA	NA	NA	NA	NA	NA	NA	NA	NA	NA	NA
cg16047049	0.977488444111346	0.969967204399339	0.981155185341572	0.978188830358945	0.976299688667698	0.981949338902756	0.972095885697621	0.976049217925944	0.975724340190992	0.96692610599814	0.982236657147075	0.980356940374108	0.982582796860104	0.983380782692946	0.97759859104142	0.982304565050526	0.971450203786646	0.966736472831381	0.971231903701274	0.977035893031593	0.98359535813036	0.979923161698676	0.961694818836801	0.968460609486282	0.986989595934411	0.976332607157376	0.98418931311704	0.981174249263657	0.985176734760884	0.974703327057369	0.976305918861052	0.977900069507241	0.981955124213581	0.969591135459447	0.97367901495935	0.969645345609438	0.979131061896179	0.968011962899243	0.981595367953303	0.977920480147894	0.969308006006502	0.983053113655884	0.948015755047942	0.970843199268884	0.978742832369388	0.970020384048099	0.975109620224217	0.968510561070379	0.982334610224174	0.980480535508765	0.981841037301824	0.979037842003954	0.968101612093604	0.980138110626372	0.965318613674829	0.982998798660641	0.98143083194967	0.983581180781852	0.982066342310898	0.954147008152578	0.983071526680384	0.977420128472947	0.975574107223363	0.976634575011057	0.969051172693964	0.979918588388304	0.9716942113522	0.977226396914276	0.960513596308224	0.982898426937766	0.976661990573649	0.980732082836256	0.983431866309331	0.97983621847299	0.976936013064078	0.965503437890285	0.975874240631763	0.978916627179647	0.982717016023543	0.927365417052109	0.983791621028741	0.976440133603249	0.985062469922153	0.977971176431513	0.980369305566476	0.957090187049954	0.974844451772076	0.984880305191441	0.973651662008083	0.978530940090704	0.948171972367009	0.977929803337384	0.981197263186238	0.960589413631435	0.979748660427305	0.981639072618785	0.978616071777683	0.977105988642306	0.976157924047323
cg16067453	NA	NA	NA	NA	NA	NA	NA	NA	NA	NA	NA	NA	NA	NA	NA	NA	NA	NA	NA	NA	NA	NA	NA	NA	NA	NA	NA	NA	NA	NA	NA	NA	NA	NA	NA	NA	NA	NA	NA	NA	NA	NA	NA	NA	NA	NA	NA	NA	NA	NA	NA	NA	NA	NA	NA	NA	NA	NA	NA	NA	NA	NA	NA	NA	NA	NA	NA	NA	NA	NA	NA	NA	NA	NA	NA	NA	NA	NA	NA	NA	NA	NA	NA	NA	NA	NA	NA	NA	NA	NA	NA	NA	NA	NA	NA	NA	NA	NA	NA
cg16098957	NA	NA	NA	NA	NA	NA	NA	NA	NA	NA	NA	NA	NA	NA	NA	NA	NA	NA	NA	NA	NA	NA	NA	NA	NA	NA	NA	NA	NA	NA	NA	NA	NA	NA	NA	NA	NA	NA	NA	NA	NA	NA	NA	NA	NA	NA	NA	NA	NA	NA	NA	NA	NA	NA	NA	NA	NA	NA	NA	NA	NA	NA	NA	NA	NA	NA	NA	NA	NA	NA	NA	NA	NA	NA	NA	NA	NA	NA	NA	NA	NA	NA	NA	NA	NA	NA	NA	NA	NA	NA	NA	NA	NA	NA	NA	NA	NA	NA	NA
cg16103996	NA	NA	NA	NA	NA	NA	NA	NA	NA	NA	NA	NA	NA	NA	NA	NA	NA	NA	NA	NA	NA	NA	NA	NA	NA	NA	NA	NA	NA	NA	NA	NA	NA	NA	NA	NA	NA	NA	NA	NA	NA	NA	NA	NA	NA	NA	NA	NA	NA	NA	NA	NA	NA	NA	NA	NA	NA	NA	NA	NA	NA	NA	NA	NA	NA	NA	NA	NA	NA	NA	NA	NA	NA	NA	NA	NA	NA	NA	NA	NA	NA	NA	NA	NA	NA	NA	NA	NA	NA	NA	NA	NA	NA	NA	NA	NA	NA	NA	NA
cg16105080	NA	NA	NA	NA	NA	NA	NA	NA	NA	NA	NA	NA	NA	NA	NA	NA	NA	NA	NA	NA	NA	NA	NA	NA	NA	NA	NA	NA	NA	NA	NA	NA	NA	NA	NA	NA	NA	NA	NA	NA	NA	NA	NA	NA	NA	NA	NA	NA	NA	NA	NA	NA	NA	NA	NA	NA	NA	NA	NA	NA	NA	NA	NA	NA	NA	NA	NA	NA	NA	NA	NA	NA	NA	NA	NA	NA	NA	NA	NA	NA	NA	NA	NA	NA	NA	NA	NA	NA	NA	NA	NA	NA	NA	NA	NA	NA	NA	NA	NA
cg16134501	NA	NA	NA	NA	NA	NA	NA	NA	NA	NA	NA	NA	NA	NA	NA	NA	NA	NA	NA	NA	NA	NA	NA	NA	NA	NA	NA	NA	NA	NA	NA	NA	NA	NA	NA	NA	NA	NA	NA	NA	NA	NA	NA	NA	NA	NA	NA	NA	NA	NA	NA	NA	NA	NA	NA	NA	NA	NA	NA	NA	NA	NA	NA	NA	NA	NA	NA	NA	NA	NA	NA	NA	NA	NA	NA	NA	NA	NA	NA	NA	NA	NA	NA	NA	NA	NA	NA	NA	NA	NA	NA	NA	NA	NA	NA	NA	NA	NA	NA
cg16248160	0.687813223225268	0.614903340738316	0.558685698581766	0.623432928509808	0.59388719329073	0.404431645285282	0.690105229119112	0.163839851959915	0.529699737479981	0.17913070984086	0.38050842716169	0.415735028562543	0.599977654638927	0.22994663209787	0.873730052907607	0.236191558834456	0.504967077045456	0.536736009088042	0.902611445752558	0.349533629724586	0.559151487625977	0.489593248295384	0.757295270140476	0.646689419362107	0.307342712105617	0.641650274534008	0.879530000434179	0.39874213418752	0.588079722086341	0.910780823181536	0.319802601804832	0.661545893586929	0.872956114789699	0.834147955291231	0.509036724300932	0.127279585414621	0.911080636537992	0.765415542114103	0.879571194194236	0.297448123558611	0.30738893081351	0.569722122428248	0.585899588834085	0.257014130167204	0.445712113252031	0.618134082619311	0.25268637671412	0.632236920733408	0.264452183042952	0.861046134927064	0.359974901327092	0.835359409238491	0.54123630625403	0.658894567840742	0.842291599693504	0.351162888307911	0.450938973411052	0.361840384081327	0.439967996459646	0.820891255240704	0.34131146227677	0.43703065964022	0.388532651698876	0.594195283863663	0.916756402905297	0.839282797179523	0.381071901059639	0.601421233689117	0.398085882606825	0.868478109686006	0.866541851771186	0.630894074200386	0.849611033659003	0.667462757622701	0.684566311721191	0.863713419453497	0.539221899153295	0.804883166642935	0.602734464560757	0.543181792100163	0.281888404964784	0.449154612620318	0.211043513601046	0.79272446439801	0.784574462042318	0.276316895361693	0.561197435053144	0.574837744431316	0.806683822768497	0.839375012795112	0.5905508566714	0.627703272565305	0.646555091275782	0.327666593059837	0.836322155468284	0.269493858209679	0.86064340747	0.85833588785138	0.811711388334031
cg16287042	NA	NA	NA	NA	NA	NA	NA	NA	NA	NA	NA	NA	NA	NA	NA	NA	NA	NA	NA	NA	NA	NA	NA	NA	NA	NA	NA	NA	NA	NA	NA	NA	NA	NA	NA	NA	NA	NA	NA	NA	NA	NA	NA	NA	NA	NA	NA	NA	NA	NA	NA	NA	NA	NA	NA	NA	NA	NA	NA	NA	NA	NA	NA	NA	NA	NA	NA	NA	NA	NA	NA	NA	NA	NA	NA	NA	NA	NA	NA	NA	NA	NA	NA	NA	NA	NA	NA	NA	NA	NA	NA	NA	NA	NA	NA	NA	NA	NA	NA
cg16297530	NA	NA	NA	NA	NA	NA	NA	NA	NA	NA	NA	NA	NA	NA	NA	NA	NA	NA	NA	NA	NA	NA	NA	NA	NA	NA	NA	NA	NA	NA	NA	NA	NA	NA	NA	NA	NA	NA	NA	NA	NA	NA	NA	NA	NA	NA	NA	NA	NA	NA	NA	NA	NA	NA	NA	NA	NA	NA	NA	NA	NA	NA	NA	NA	NA	NA	NA	NA	NA	NA	NA	NA	NA	NA	NA	NA	NA	NA	NA	NA	NA	NA	NA	NA	NA	NA	NA	NA	NA	NA	NA	NA	NA	NA	NA	NA	NA	NA	NA
cg16315980	NA	NA	NA	NA	NA	NA	NA	NA	NA	NA	NA	NA	NA	NA	NA	NA	NA	NA	NA	NA	NA	NA	NA	NA	NA	NA	NA	NA	NA	NA	NA	NA	NA	NA	NA	NA	NA	NA	NA	NA	NA	NA	NA	NA	NA	NA	NA	NA	NA	NA	NA	NA	NA	NA	NA	NA	NA	NA	NA	NA	NA	NA	NA	NA	NA	NA	NA	NA	NA	NA	NA	NA	NA	NA	NA	NA	NA	NA	NA	NA	NA	NA	NA	NA	NA	NA	NA	NA	NA	NA	NA	NA	NA	NA	NA	NA	NA	NA	NA
cg16320398	NA	NA	NA	NA	NA	NA	NA	NA	NA	NA	NA	NA	NA	NA	NA	NA	NA	NA	NA	NA	NA	NA	NA	NA	NA	NA	NA	NA	NA	NA	NA	NA	NA	NA	NA	NA	NA	NA	NA	NA	NA	NA	NA	NA	NA	NA	NA	NA	NA	NA	NA	NA	NA	NA	NA	NA	NA	NA	NA	NA	NA	NA	NA	NA	NA	NA	NA	NA	NA	NA	NA	NA	NA	NA	NA	NA	NA	NA	NA	NA	NA	NA	NA	NA	NA	NA	NA	NA	NA	NA	NA	NA	NA	NA	NA	NA	NA	NA	NA
cg16333561	0.908308374299981	0.951603883856438	0.895255001617944	0.900786038832102	0.907262264418638	0.896630008778967	0.94059373134783	0.356399930986604	0.859686616041908	0.934505498959075	0.910711040940384	0.891724868994086	0.89671568809653	0.758950273295	0.869233229771307	0.919296787192286	0.926079948169947	0.909241203965358	0.901458344110823	0.905554448726965	0.765011211316519	0.800707221395523	0.886627960621083	0.464830001403012	0.306303926812571	0.88926535666936	0.89947250320083	0.934108914272887	0.892978231751145	0.905118008430092	0.860959038521259	0.924027840791183	0.824439397219358	0.914535753957907	0.741636058317284	0.900615332447789	0.679358559419405	0.855817324094451	0.909419300204979	0.910757871034642	0.898930985854884	0.928767830043907	0.895148601821114	0.928049034100042	0.937413225738194	0.829088198346787	0.69481052218243	0.813677493833048	0.886319431359097	0.931080602905897	0.80828220710684	0.894194471793789	0.89004905989247	0.888231607725565	0.879372840684925	0.891722022426713	0.911633105513966	0.881943609932911	0.894035861619819	0.915858491245791	0.867313848358141	0.952441311552156	0.924494439961724	0.932658677755128	0.932461470061107	0.709712202310913	0.914092127902504	0.913483017874288	0.909405932654847	0.891656229717581	0.929665845463416	0.910779467654593	0.815437873340707	0.906880444332676	0.936747826336107	0.905406942468265	0.720927935872447	0.9178275194302	0.871366195095087	0.73379016029558	0.829962115727371	0.775803042565303	0.866361281449324	0.739283484749201	0.879451146237989	0.855492153422237	0.931629042924093	0.715058213624123	0.925287843008697	0.911315675224773	0.87959080706441	0.919210820493454	0.927682576420778	0.650567459749318	0.906388548979899	0.914996537742874	0.907501663096074	0.914535738229252	0.87947351038956
cg16356630	NA	NA	NA	NA	NA	NA	NA	NA	NA	NA	NA	NA	NA	NA	NA	NA	NA	NA	NA	NA	NA	NA	NA	NA	NA	NA	NA	NA	NA	NA	NA	NA	NA	NA	NA	NA	NA	NA	NA	NA	NA	NA	NA	NA	NA	NA	NA	NA	NA	NA	NA	NA	NA	NA	NA	NA	NA	NA	NA	NA	NA	NA	NA	NA	NA	NA	NA	NA	NA	NA	NA	NA	NA	NA	NA	NA	NA	NA	NA	NA	NA	NA	NA	NA	NA	NA	NA	NA	NA	NA	NA	NA	NA	NA	NA	NA	NA	NA	NA
cg16359517	NA	NA	NA	NA	NA	NA	NA	NA	NA	NA	NA	NA	NA	NA	NA	NA	NA	NA	NA	NA	NA	NA	NA	NA	NA	NA	NA	NA	NA	NA	NA	NA	NA	NA	NA	NA	NA	NA	NA	NA	NA	NA	NA	NA	NA	NA	NA	NA	NA	NA	NA	NA	NA	NA	NA	NA	NA	NA	NA	NA	NA	NA	NA	NA	NA	NA	NA	NA	NA	NA	NA	NA	NA	NA	NA	NA	NA	NA	NA	NA	NA	NA	NA	NA	NA	NA	NA	NA	NA	NA	NA	NA	NA	NA	NA	NA	NA	NA	NA
cg16362587	0.927502694073179	0.947004162376744	0.946287247988875	0.92147493891883	0.950671602752837	0.929983652026786	0.955400432311314	0.905415570573615	0.934116027131178	0.908149183280374	0.958833631774321	0.96109176299874	0.937118531521147	0.952194005194895	0.963577908609999	0.948586155926754	0.937189270563417	0.95622628759182	0.975097017471157	0.950068388473227	0.962693173109295	0.925001037743679	0.959107602061554	0.953762834138886	0.915862188594232	0.95956547594257	0.933566674380307	0.910258711979716	0.938700923662588	0.921001447833473	0.933227459910908	0.925794323155271	0.932999092868924	0.945804508821018	0.944172647389338	0.920599318345508	0.947230649730385	0.90555026832986	0.942073503827246	0.931856777355918	0.949612707024301	0.92079670831593	0.942283836435425	0.96920144311837	0.916547432328813	0.939752171615245	0.924097109209568	0.927522288452654	0.941426432513414	0.940224962888202	0.949679947973048	0.947180091556691	0.902310765190057	0.916601349812638	0.941741606949689	0.914747961815743	0.949056043700611	0.962788489171103	0.929459947978966	0.95157284506248	0.92618297478761	0.934849366909312	0.933150183550052	0.935168538261239	0.955707046364491	0.96262612046873	0.933423024223934	0.948999025853163	0.965194854375818	0.932627429656219	0.922746607034209	0.93461386277631	0.955324348569745	0.945666528349393	0.961148533957959	0.944119388154603	0.961010596537138	0.904017912103962	0.925704211038512	0.942466804026481	0.929387724440243	0.934751595936725	0.900868365332413	0.9265435240172	0.93931502059127	0.966654469072409	0.955082503390084	0.931022334988359	0.930989401599338	0.937726168192547	0.921231160051134	0.926729393255537	0.959658682878504	0.86475215581415	0.936978422975919	0.952151359704767	0.953639091592938	0.927548962674954	0.936551287715882
cg16376484	0.737442882022477	0.822205980940347	0.874796859090472	0.761480201861857	0.863064608041679	0.831866665702429	0.778764516967746	0.837113834970068	0.834105561793495	0.834436847986593	0.848686866058025	0.763441894052361	0.728008329377956	0.793593629552414	0.852890729211392	0.800863974112187	0.835629631876998	0.85142907461341	0.86793315210926	0.882428573204329	0.771537754739831	0.750664629381106	0.885002199025322	0.819410287334614	0.444011647358233	0.833450666384256	0.846571618433753	0.656650396009747	0.869284324278781	0.806963046668225	0.411155498613675	0.755075087065807	0.655351205788741	0.823824701259891	0.874941479176498	0.903465550602633	0.853234000967073	0.858291040025345	0.867238013217653	0.890876771782063	0.60543434441379	0.832732290219332	0.747667123968024	0.88324531374209	0.879891426210162	0.845910696247815	0.54441195633088	0.561816489628615	0.856277099072702	0.834021567183185	0.830736964835754	0.825893751768237	0.856666448758946	0.822545098321377	0.82066826756257	0.735310508974092	0.810499356933192	0.829102221132367	0.744182636955983	0.890109722263402	0.825455008212621	0.886887199447349	0.775555395058639	0.848538666629403	0.878110667469222	0.764468381793102	0.862885391338684	0.812521597293113	0.833333553032209	0.913126230256784	0.846545264053202	0.813634311447238	0.845524285635285	0.857904779220495	0.836339532611194	0.831984442609987	0.824733100610536	0.793489988803078	0.848909568692055	0.742362671275237	0.869897274500922	0.849645378874969	0.546501431989037	0.88378075980254	0.842636873095985	0.820672971983497	0.898544313474109	0.851696979938391	0.796569173786176	0.802179437162301	0.843503567390036	0.788402166318255	0.80876922570708	0.791028555181274	0.874677344511758	0.88824598816791	0.873598107003021	0.887581473646784	0.860319410700483
cg16393125	NA	NA	NA	NA	NA	NA	NA	NA	NA	NA	NA	NA	NA	NA	NA	NA	NA	NA	NA	NA	NA	NA	NA	NA	NA	NA	NA	NA	NA	NA	NA	NA	NA	NA	NA	NA	NA	NA	NA	NA	NA	NA	NA	NA	NA	NA	NA	NA	NA	NA	NA	NA	NA	NA	NA	NA	NA	NA	NA	NA	NA	NA	NA	NA	NA	NA	NA	NA	NA	NA	NA	NA	NA	NA	NA	NA	NA	NA	NA	NA	NA	NA	NA	NA	NA	NA	NA	NA	NA	NA	NA	NA	NA	NA	NA	NA	NA	NA	NA
cg16395183	NA	NA	NA	NA	NA	NA	NA	NA	NA	NA	NA	NA	NA	NA	NA	NA	NA	NA	NA	NA	NA	NA	NA	NA	NA	NA	NA	NA	NA	NA	NA	NA	NA	NA	NA	NA	NA	NA	NA	NA	NA	NA	NA	NA	NA	NA	NA	NA	NA	NA	NA	NA	NA	NA	NA	NA	NA	NA	NA	NA	NA	NA	NA	NA	NA	NA	NA	NA	NA	NA	NA	NA	NA	NA	NA	NA	NA	NA	NA	NA	NA	NA	NA	NA	NA	NA	NA	NA	NA	NA	NA	NA	NA	NA	NA	NA	NA	NA	NA
cg16414691	0.568136935211747	0.617332384982162	0.248123344877369	0.475041523642896	0.448907266558504	0.57699342514183	0.722357687262104	0.249219156193024	0.426869510614934	0.588049979615673	0.419197893749285	0.409435814115965	0.549672683320832	0.250183926712686	0.717568371288053	0.408656382368485	0.358786023577592	0.307842037174967	0.438254639713148	0.582949835615753	0.621819987659171	0.787742341678047	0.350108694166765	0.671717531583265	0.471828206046206	0.35720466135212	0.408815184118472	0.387719810713397	0.612478851681721	0.308949657315762	0.625589587619887	0.639533538165575	0.302498170965091	0.384076434633067	0.554164610730666	0.39189908956107	0.452781933138469	0.654679063317956	0.524935482861819	0.40835618965676	0.799310586213194	0.654065044423446	0.6837196865746	0.443455431351345	0.721833456849175	0.639337069660398	0.240141565141165	0.58931113799345	0.826425970027876	0.658860691968077	0.737445200760807	0.4849879704578	0.224652139886366	0.716728863917236	0.439422451655194	0.749583788669731	0.694219612806161	0.448000269153514	0.647351668436388	0.456499770009274	0.52407723199945	0.593235704619686	0.663606072306481	0.685841964204767	0.560792464340223	0.511603631016845	0.506420873287138	0.440939978091469	0.399065193684032	0.610030874471721	0.445402344688639	0.748689449635981	0.376425014905026	0.529768225388385	0.649344151726575	0.793855906188177	0.503963199109417	0.394161557638754	0.384286375521558	0.575981761899876	0.58575115364632	0.594626078274096	0.47385207347462	0.630271180082228	0.618997859412212	0.693696247173397	0.744987171813632	0.727547497151653	0.347946393821919	0.778369354448844	0.608777960552643	0.427790759565139	0.520993264976428	0.703246366854678	0.381842505864352	0.427684883426435	0.599069282619591	0.546530504233164	0.617284488013575
cg16452272	NA	NA	NA	NA	NA	NA	NA	NA	NA	NA	NA	NA	NA	NA	NA	NA	NA	NA	NA	NA	NA	NA	NA	NA	NA	NA	NA	NA	NA	NA	NA	NA	NA	NA	NA	NA	NA	NA	NA	NA	NA	NA	NA	NA	NA	NA	NA	NA	NA	NA	NA	NA	NA	NA	NA	NA	NA	NA	NA	NA	NA	NA	NA	NA	NA	NA	NA	NA	NA	NA	NA	NA	NA	NA	NA	NA	NA	NA	NA	NA	NA	NA	NA	NA	NA	NA	NA	NA	NA	NA	NA	NA	NA	NA	NA	NA	NA	NA	NA
cg16461335	0.72845259694575	0.699652701808981	0.763846682222081	0.579183434491097	0.754573268790406	0.493086677782796	0.636773874717963	0.574273056393507	0.5561892266022	0.705552675234983	0.49242486051269	0.748207538231484	0.699766129636281	0.311515382683317	0.709198522101871	0.372916549085751	0.39331586481153	0.567217270211924	0.529768206326528	0.535039390602758	0.511496683338306	0.538909086198998	0.306411962955973	0.63312410029395	0.357698832462951	0.585837097001444	0.520359729837404	0.810704841071853	0.549000152619528	0.522001211976018	0.736650226571413	0.472068361565148	0.545392123368003	0.401800338152638	0.819611068547771	0.577000856699662	0.494079865482691	0.354954810022159	0.738378753795048	0.471770688521992	0.754865653297397	0.405920460406854	0.544885369688559	0.363085413093757	0.776471815683429	0.573929448396926	0.527886142134509	0.521155873964918	0.535589789668789	0.745719907399343	0.511580219439645	0.660948364672972	0.46896643427292	0.670479134168631	0.558408126377508	0.459180222950999	0.534980449692453	0.395166716520631	0.587353969954071	0.588628898380221	0.410020610175613	0.357575439067185	0.594965157005052	0.690718079392109	0.548983469412283	0.451431524065151	0.43096671415282	0.629927107456154	0.749890880466856	0.414229758106296	0.380311012421072	0.743740985851453	0.543693863773459	0.448179240702931	0.775657086244778	0.527482354836827	0.444549970506838	0.317645309074296	0.38719118030625	0.550996043565616	0.624480560749076	0.387825435234858	0.412100022334517	0.618668165594405	0.739396776781924	0.40311992760323	0.781695217555366	0.493494623621589	0.472110435308537	0.750837102665867	0.826897898330669	0.471109211426987	0.749804340596537	0.578120701919114	0.652349975789735	0.684938244617439	0.720414883757333	0.637426122391494	0.723639970750141
cg16468183	NA	NA	NA	NA	NA	NA	NA	NA	NA	NA	NA	NA	NA	NA	NA	NA	NA	NA	NA	NA	NA	NA	NA	NA	NA	NA	NA	NA	NA	NA	NA	NA	NA	NA	NA	NA	NA	NA	NA	NA	NA	NA	NA	NA	NA	NA	NA	NA	NA	NA	NA	NA	NA	NA	NA	NA	NA	NA	NA	NA	NA	NA	NA	NA	NA	NA	NA	NA	NA	NA	NA	NA	NA	NA	NA	NA	NA	NA	NA	NA	NA	NA	NA	NA	NA	NA	NA	NA	NA	NA	NA	NA	NA	NA	NA	NA	NA	NA	NA
cg16470306	NA	NA	NA	NA	NA	NA	NA	NA	NA	NA	NA	NA	NA	NA	NA	NA	NA	NA	NA	NA	NA	NA	NA	NA	NA	NA	NA	NA	NA	NA	NA	NA	NA	NA	NA	NA	NA	NA	NA	NA	NA	NA	NA	NA	NA	NA	NA	NA	NA	NA	NA	NA	NA	NA	NA	NA	NA	NA	NA	NA	NA	NA	NA	NA	NA	NA	NA	NA	NA	NA	NA	NA	NA	NA	NA	NA	NA	NA	NA	NA	NA	NA	NA	NA	NA	NA	NA	NA	NA	NA	NA	NA	NA	NA	NA	NA	NA	NA	NA
cg16470963	NA	NA	NA	NA	NA	NA	NA	NA	NA	NA	NA	NA	NA	NA	NA	NA	NA	NA	NA	NA	NA	NA	NA	NA	NA	NA	NA	NA	NA	NA	NA	NA	NA	NA	NA	NA	NA	NA	NA	NA	NA	NA	NA	NA	NA	NA	NA	NA	NA	NA	NA	NA	NA	NA	NA	NA	NA	NA	NA	NA	NA	NA	NA	NA	NA	NA	NA	NA	NA	NA	NA	NA	NA	NA	NA	NA	NA	NA	NA	NA	NA	NA	NA	NA	NA	NA	NA	NA	NA	NA	NA	NA	NA	NA	NA	NA	NA	NA	NA
cg16472945	NA	NA	NA	NA	NA	NA	NA	NA	NA	NA	NA	NA	NA	NA	NA	NA	NA	NA	NA	NA	NA	NA	NA	NA	NA	NA	NA	NA	NA	NA	NA	NA	NA	NA	NA	NA	NA	NA	NA	NA	NA	NA	NA	NA	NA	NA	NA	NA	NA	NA	NA	NA	NA	NA	NA	NA	NA	NA	NA	NA	NA	NA	NA	NA	NA	NA	NA	NA	NA	NA	NA	NA	NA	NA	NA	NA	NA	NA	NA	NA	NA	NA	NA	NA	NA	NA	NA	NA	NA	NA	NA	NA	NA	NA	NA	NA	NA	NA	NA
cg16494843	NA	NA	NA	NA	NA	NA	NA	NA	NA	NA	NA	NA	NA	NA	NA	NA	NA	NA	NA	NA	NA	NA	NA	NA	NA	NA	NA	NA	NA	NA	NA	NA	NA	NA	NA	NA	NA	NA	NA	NA	NA	NA	NA	NA	NA	NA	NA	NA	NA	NA	NA	NA	NA	NA	NA	NA	NA	NA	NA	NA	NA	NA	NA	NA	NA	NA	NA	NA	NA	NA	NA	NA	NA	NA	NA	NA	NA	NA	NA	NA	NA	NA	NA	NA	NA	NA	NA	NA	NA	NA	NA	NA	NA	NA	NA	NA	NA	NA	NA
cg16503713	NA	NA	NA	NA	NA	NA	NA	NA	NA	NA	NA	NA	NA	NA	NA	NA	NA	NA	NA	NA	NA	NA	NA	NA	NA	NA	NA	NA	NA	NA	NA	NA	NA	NA	NA	NA	NA	NA	NA	NA	NA	NA	NA	NA	NA	NA	NA	NA	NA	NA	NA	NA	NA	NA	NA	NA	NA	NA	NA	NA	NA	NA	NA	NA	NA	NA	NA	NA	NA	NA	NA	NA	NA	NA	NA	NA	NA	NA	NA	NA	NA	NA	NA	NA	NA	NA	NA	NA	NA	NA	NA	NA	NA	NA	NA	NA	NA	NA	NA
cg16532362	NA	NA	NA	NA	NA	NA	NA	NA	NA	NA	NA	NA	NA	NA	NA	NA	NA	NA	NA	NA	NA	NA	NA	NA	NA	NA	NA	NA	NA	NA	NA	NA	NA	NA	NA	NA	NA	NA	NA	NA	NA	NA	NA	NA	NA	NA	NA	NA	NA	NA	NA	NA	NA	NA	NA	NA	NA	NA	NA	NA	NA	NA	NA	NA	NA	NA	NA	NA	NA	NA	NA	NA	NA	NA	NA	NA	NA	NA	NA	NA	NA	NA	NA	NA	NA	NA	NA	NA	NA	NA	NA	NA	NA	NA	NA	NA	NA	NA	NA
cg16535779	NA	NA	NA	NA	NA	NA	NA	NA	NA	NA	NA	NA	NA	NA	NA	NA	NA	NA	NA	NA	NA	NA	NA	NA	NA	NA	NA	NA	NA	NA	NA	NA	NA	NA	NA	NA	NA	NA	NA	NA	NA	NA	NA	NA	NA	NA	NA	NA	NA	NA	NA	NA	NA	NA	NA	NA	NA	NA	NA	NA	NA	NA	NA	NA	NA	NA	NA	NA	NA	NA	NA	NA	NA	NA	NA	NA	NA	NA	NA	NA	NA	NA	NA	NA	NA	NA	NA	NA	NA	NA	NA	NA	NA	NA	NA	NA	NA	NA	NA
cg16543943	0.916663374088522	0.907584083465914	0.927822774721421	0.905074771718344	0.899688960400136	0.926571486486244	0.876602071465003	0.905636460196799	0.926811965849599	0.860592034432241	0.937380488521853	0.907769436432179	0.932245912365975	0.931504354923731	0.925240130515654	0.912689623611405	0.916622706442081	0.931689481845763	0.930329575765672	0.921932082689942	0.934278855880655	0.929421895904468	0.941983629613129	0.917561476657268	0.96334992523573	0.926918514541029	0.941646249996971	0.915630683913966	0.917436407819921	0.928573900813035	0.91639665993612	0.922676493142539	0.937878041247671	0.926031696238662	0.897487311479418	0.912289043311546	0.905633068671393	0.857138486792763	0.917451726029704	0.945354193095286	0.88824532963966	0.943228056667795	0.930359190662916	0.888366147274843	0.929757115407314	0.930819068619275	0.928901422766221	0.926665639347039	0.92949994912164	0.913321896135365	0.945834636249363	0.907799004889961	NA	0.941038508232308	0.905028698368946	0.93878358029347	0.910332661878806	0.940019987849983	0.897027687134583	0.906988623262887	0.927341122921448	0.957304951129583	0.920515634217177	0.883477168999572	0.898609941817151	0.920223991235371	0.866451269180677	0.913304209667404	0.933330945307627	0.915261661243938	0.911672157601455	0.908136623786249	0.934732383351158	0.918426593989499	0.915192137324898	0.92188067535767	0.949983751811506	0.954250872596618	0.940779941327077	0.942683579920753	0.937491269443189	0.880852559031985	0.957125461867011	0.899714753766788	0.916212910364486	0.915593513833114	0.910100631310798	0.925563598539177	0.919837588500253	0.913094214627622	0.865819972203111	0.906864122360391	0.8837099693347	0.917260178547459	0.904828345542069	0.948126831599057	0.916514321302369	0.903306466444119	0.924667006802912
cg16577356	0.331410695516802	0.212606116728542	0.190945007445436	0.351651248523029	0.289647917870074	0.28792278567009	0.289811956323251	0.0973765864009193	0.227084373733251	0.17896099487887	0.25008602051811	0.246461131536035	0.553055009439937	0.143999930388467	0.321421659807525	0.123750581771351	0.168983954319403	0.239989454729908	0.161962236622365	0.168294431695471	0.31168072640885	0.286509148133064	0.104810564566279	0.244229592029742	0.252687599242813	0.281028252288497	0.162817722864467	0.170143091456575	0.138987548101716	0.177281513410222	0.084255691327931	0.265372342217357	0.122467299407213	0.26074781308058	0.188184945055273	0.112437360874912	0.142294297520164	0.0819389265720125	0.167354224236087	0.123085993357763	0.127977448886054	0.113614236814084	0.361626625553006	0.363435154023177	0.0997229264914996	0.238819765443005	0.234094673380161	0.295719682482026	0.194742135735862	0.239010384360773	0.247086949872591	0.135791027361956	0.0855690734417747	0.351051506854029	0.28264359057772	0.251908248211644	0.120868845256557	0.172247805707013	0.131837043518726	0.102936631408224	0.194475827388193	0.111354647819854	0.206055880423823	0.184948909292532	0.144280397373258	0.377854034810717	0.178228588853643	0.285099497310297	0.346409907944969	0.160096080304932	0.181623631115894	0.262409452464452	0.323597538531805	0.222887499515423	0.086550202080717	0.0660968764976953	0.252014429106735	0.132093733506916	0.20076372960351	0.335164347234702	0.178760891859164	0.194652780802496	0.0913114681763449	0.251465142280442	0.159848891154527	0.125368181006193	0.174333574831581	0.142220519872893	0.157495611858965	0.210709686939711	0.238194239689345	0.32720768461621	0.254910237498494	0.0837652039621961	0.176137197905705	0.103591646021065	0.260989540285807	0.282300543116923	0.282549280506508
cg16578802	NA	NA	NA	NA	NA	NA	NA	NA	NA	NA	NA	NA	NA	NA	NA	NA	NA	NA	NA	NA	NA	NA	NA	NA	NA	NA	NA	NA	NA	NA	NA	NA	NA	NA	NA	NA	NA	NA	NA	NA	NA	NA	NA	NA	NA	NA	NA	NA	NA	NA	NA	NA	NA	NA	NA	NA	NA	NA	NA	NA	NA	NA	NA	NA	NA	NA	NA	NA	NA	NA	NA	NA	NA	NA	NA	NA	NA	NA	NA	NA	NA	NA	NA	NA	NA	NA	NA	NA	NA	NA	NA	NA	NA	NA	NA	NA	NA	NA	NA
cg16583381	NA	NA	NA	NA	NA	NA	NA	NA	NA	NA	NA	NA	NA	NA	NA	NA	NA	NA	NA	NA	NA	NA	NA	NA	NA	NA	NA	NA	NA	NA	NA	NA	NA	NA	NA	NA	NA	NA	NA	NA	NA	NA	NA	NA	NA	NA	NA	NA	NA	NA	NA	NA	NA	NA	NA	NA	NA	NA	NA	NA	NA	NA	NA	NA	NA	NA	NA	NA	NA	NA	NA	NA	NA	NA	NA	NA	NA	NA	NA	NA	NA	NA	NA	NA	NA	NA	NA	NA	NA	NA	NA	NA	NA	NA	NA	NA	NA	NA	NA
cg16596250	NA	NA	NA	NA	NA	NA	NA	NA	NA	NA	NA	NA	NA	NA	NA	NA	NA	NA	NA	NA	NA	NA	NA	NA	NA	NA	NA	NA	NA	NA	NA	NA	NA	NA	NA	NA	NA	NA	NA	NA	NA	NA	NA	NA	NA	NA	NA	NA	NA	NA	NA	NA	NA	NA	NA	NA	NA	NA	NA	NA	NA	NA	NA	NA	NA	NA	NA	NA	NA	NA	NA	NA	NA	NA	NA	NA	NA	NA	NA	NA	NA	NA	NA	NA	NA	NA	NA	NA	NA	NA	NA	NA	NA	NA	NA	NA	NA	NA	NA
cg16601146	NA	NA	NA	NA	NA	NA	NA	NA	NA	NA	NA	NA	NA	NA	NA	NA	NA	NA	NA	NA	NA	NA	NA	NA	NA	NA	NA	NA	NA	NA	NA	NA	NA	NA	NA	NA	NA	NA	NA	NA	NA	NA	NA	NA	NA	NA	NA	NA	NA	NA	NA	NA	NA	NA	NA	NA	NA	NA	NA	NA	NA	NA	NA	NA	NA	NA	NA	NA	NA	NA	NA	NA	NA	NA	NA	NA	NA	NA	NA	NA	NA	NA	NA	NA	NA	NA	NA	NA	NA	NA	NA	NA	NA	NA	NA	NA	NA	NA	NA
cg16620160	NA	NA	NA	NA	NA	NA	NA	NA	NA	NA	NA	NA	NA	NA	NA	NA	NA	NA	NA	NA	NA	NA	NA	NA	NA	NA	NA	NA	NA	NA	NA	NA	NA	NA	NA	NA	NA	NA	NA	NA	NA	NA	NA	NA	NA	NA	NA	NA	NA	NA	NA	NA	NA	NA	NA	NA	NA	NA	NA	NA	NA	NA	NA	NA	NA	NA	NA	NA	NA	NA	NA	NA	NA	NA	NA	NA	NA	NA	NA	NA	NA	NA	NA	NA	NA	NA	NA	NA	NA	NA	NA	NA	NA	NA	NA	NA	NA	NA	NA
cg16656411	0.255146838574718	0.379648506641729	0.576080235122611	0.202044080855712	0.12481577519321	0.10431119219306	0.152274210072715	0.602603955911327	0.0782498656821947	0.415652137261453	0.183972503152395	0.0881988322259141	0.32037936241769	0.627888621386143	0.146731008486537	0.10433822190284	0.47985402253255	0.127298866510935	0.347624607463235	0.0773591857034631	0.344336583932973	0.129211400691615	0.112943540853528	0.0873243497163841	0.441376336172212	0.456580951641897	0.151209434779926	0.161741276484498	0.103998924818028	0.0661093075671011	0.380317484137078	0.298194901520875	0.0629287997337458	0.0887462593048021	0.0492095884737231	0.0400173468062406	0.0913261418258857	0.258858633349734	0.274598621114526	0.123862818211809	0.0714588982476616	0.0406028772371953	0.114490052795272	0.129773286920892	0.443904318686632	0.0684958318455325	0.152747948128752	0.0637849157448229	0.695484225896632	0.120855261219192	0.164507880269129	0.0719411305923169	0.0651279123210827	0.392804258829387	0.146293311987187	0.11354518543973	0.0622836040116863	0.0943964935790752	0.0834545147288858	0.383407986596894	0.061517025342309	0.0685096841985988	0.652175693181103	0.0970451647961796	0.136528771814434	0.186647511969424	0.0741559107417167	0.416076652542465	0.0914955509086166	0.577144831936723	0.289080023790026	0.443697825997257	0.135486322289772	0.204188378666518	0.0858779586546969	0.380651120802179	0.411449710864677	0.47708560925345	0.251657797360171	0.198924189967507	0.0625208818781791	0.132876413861845	0.0466913456089629	0.0954557725119173	0.0902867488794641	0.131483791256297	0.508113956967068	0.0938679196545602	0.0949417233898814	0.565245587753766	0.0917800339223383	0.389028555346561	0.462320239550888	0.0441627408655541	0.0899953122591728	0.386428417044528	0.0952651590807115	0.125450578588899	0.1767437720272
cg16669485	0.901824753632994	0.834373329565983	0.933255873632445	0.902267584283552	0.931361592048861	0.791059453575783	0.866914893942754	0.783668065047224	0.941971093244019	0.672858828219519	0.93400687149836	0.922369382573539	0.847844977732846	0.584636941342347	0.931567714293895	0.556603848952475	0.309335121583846	0.925133993425232	0.782995009774944	0.588466912784503	0.895127604581516	0.894343506847058	0.944370871956216	0.861406781272548	0.933939197705942	0.898297331903338	0.639223286167298	0.341341466565476	0.38679597084982	0.942111743714809	0.941099338613736	0.919936766115627	0.88466140971439	0.93007593796822	0.940620030092206	0.957412454015938	0.827664312782606	0.650107917232104	0.954274871840195	0.952909256537238	0.674484617392647	0.777973630544527	0.932675829704461	0.184664827880395	0.943889079637095	0.873907680986015	0.922987537192319	0.918804085281874	0.924116340520444	0.466536650222011	0.478884868986521	0.657785986074567	0.852111244661334	0.887428699296203	0.92621234808368	0.889303604269097	0.946942770764266	0.897481642834225	0.867095931502405	0.601325863407819	0.916133164514862	0.962888150325315	0.746112229269045	0.946275493762122	0.946793568484108	0.882177626540654	0.932139048188463	0.928658876775217	0.937536016777499	0.925697179703387	0.84597160760971	0.934370814110206	0.930156319554771	0.846258914219356	0.943625014079442	0.949162737907949	0.915670483342057	0.886469373220904	0.915374954196035	0.855457366802993	0.92881148094416	0.813989668415163	0.820898448696382	0.932235984058674	0.932053519387067	0.887223021552008	0.917999185860797	0.969439230331763	0.542200572449401	0.937913137212206	0.866994634819062	0.475657388177176	0.909539223286706	0.649790174724762	0.783621669875184	0.855184136817809	0.919732415090038	0.868897504157685	0.925671049431729
cg16683981	NA	0.902438344848636	0.906002129140506	0.879135493842641	NA	0.906490283864448	NA	NA	0.925611200718507	NA	0.865591545574413	0.897015531561143	0.925713250285393	0.841718485008598	NA	NA	0.869068107619548	0.906590452200782	0.855271081468911	NA	0.902525506829844	0.900220246662734	NA	0.859666027116009	0.899385679400385	0.844027209432171	0.920765301652372	0.914577728155339	0.911062212314164	0.902419795811386	NA	NA	NA	0.90855704013251	NA	NA	NA	NA	0.883604632914136	0.918995277326114	NA	NA	0.902179918798519	NA	0.878460858273564	0.868178306702958	0.901640819313068	NA	NA	NA	0.904263641483111	0.858653693796388	NA	0.911751162373375	NA	0.833226911978437	NA	0.920370939291752	NA	NA	0.887139577292097	0.887577339013825	NA	NA	0.865396141204193	0.892942335735129	0.887476204168229	0.876036333171669	NA	NA	NA	0.859284436758232	0.917849214616488	0.911500936746979	0.856220528021834	NA	0.912029644136629	0.903760161492425	0.931262742051779	0.837077388043673	0.88286404340964	0.914397955573258	NA	NA	0.925682849604473	NA	NA	0.88246756564895	0.87170654187934	NA	0.861605382001615	0.852677943111043	NA	NA	NA	0.877737907536568	NA	0.901017929905566	0.920211778880221
cg16710828	NA	NA	NA	NA	NA	NA	NA	NA	NA	NA	NA	NA	NA	NA	NA	NA	NA	NA	NA	NA	NA	NA	NA	NA	NA	NA	NA	NA	NA	NA	NA	NA	NA	NA	NA	NA	NA	NA	NA	NA	NA	NA	NA	NA	NA	NA	NA	NA	NA	NA	NA	NA	NA	NA	NA	NA	NA	NA	NA	NA	NA	NA	NA	NA	NA	NA	NA	NA	NA	NA	NA	NA	NA	NA	NA	NA	NA	NA	NA	NA	NA	NA	NA	NA	NA	NA	NA	NA	NA	NA	NA	NA	NA	NA	NA	NA	NA	NA	NA
cg16712481	0.912896231758601	0.955361500156589	0.920596995654841	0.960096856494342	0.946578428440401	0.853175938161205	0.960189412616951	0.878962261591994	0.829178922287025	0.908178713122176	0.916150718129744	0.940561368215088	0.926411688473085	0.379961295935294	0.911438362768613	0.739956747806527	0.950925062672766	0.903724242485808	0.874508756826247	0.868273555652877	0.768998972393215	0.591698165411741	0.740998821443539	0.89939909222437	0.430421026966089	0.937867173478784	0.933712317816764	0.952750280041592	0.92863978786499	0.961059660677795	0.541886723355817	0.94121082405047	0.903512037232666	0.923645573554916	0.951896903574648	0.729360361524063	0.920807258718904	0.943029818300875	0.924644052852634	0.836159204685381	0.944290545462257	0.930891503408429	0.742593748279964	0.958036170229238	0.878380043126758	0.94187209546368	0.614807307987855	0.499482439281788	0.939747798012514	0.952478923408913	0.890228550457182	0.949565589459175	0.951142508388015	0.911259501999958	0.899988197643098	0.736404957167931	0.92078698912979	0.475808779741762	0.802440898618148	0.913185936601703	0.721839591647225	0.710282274245351	0.905352163527453	0.943968416090538	0.888651027784292	0.946914963994965	0.949839199239863	0.925624822513902	0.752029849417193	0.922828443886477	0.925747486546675	0.919742438041647	0.932135374142377	0.896110283773439	0.958290366520757	0.879041909207568	0.906256851628596	0.921434861339952	0.95392844619448	0.745430360477855	0.71491313081518	0.954028646344133	0.356105696016385	0.946228663053141	0.917505095020919	0.45222902785149	0.898006360960356	0.933199762950456	0.93743491715262	0.960886290801382	0.961098601403869	0.957834422841799	0.939345610690616	0.806293620278988	0.96221048283705	0.935780597904652	0.879104307550634	0.950142051567104	0.943702330159421
cg16713069	NA	NA	NA	NA	NA	NA	NA	NA	NA	NA	NA	NA	NA	NA	NA	NA	NA	NA	NA	NA	NA	NA	NA	NA	NA	NA	NA	NA	NA	NA	NA	NA	NA	NA	NA	NA	NA	NA	NA	NA	NA	NA	NA	NA	NA	NA	NA	NA	NA	NA	NA	NA	NA	NA	NA	NA	NA	NA	NA	NA	NA	NA	NA	NA	NA	NA	NA	NA	NA	NA	NA	NA	NA	NA	NA	NA	NA	NA	NA	NA	NA	NA	NA	NA	NA	NA	NA	NA	NA	NA	NA	NA	NA	NA	NA	NA	NA	NA	NA
cg16725552	NA	NA	NA	NA	NA	NA	NA	NA	NA	NA	NA	NA	NA	NA	NA	NA	NA	NA	NA	NA	NA	NA	NA	NA	NA	NA	NA	NA	NA	NA	NA	NA	NA	NA	NA	NA	NA	NA	NA	NA	NA	NA	NA	NA	NA	NA	NA	NA	NA	NA	NA	NA	NA	NA	NA	NA	NA	NA	NA	NA	NA	NA	NA	NA	NA	NA	NA	NA	NA	NA	NA	NA	NA	NA	NA	NA	NA	NA	NA	NA	NA	NA	NA	NA	NA	NA	NA	NA	NA	NA	NA	NA	NA	NA	NA	NA	NA	NA	NA
cg16739054	NA	NA	NA	NA	NA	NA	NA	NA	NA	NA	NA	NA	NA	NA	NA	NA	NA	NA	NA	NA	NA	NA	NA	NA	NA	NA	NA	NA	NA	NA	NA	NA	NA	NA	NA	NA	NA	NA	NA	NA	NA	NA	NA	NA	NA	NA	NA	NA	NA	NA	NA	NA	NA	NA	NA	NA	NA	NA	NA	NA	NA	NA	NA	NA	NA	NA	NA	NA	NA	NA	NA	NA	NA	NA	NA	NA	NA	NA	NA	NA	NA	NA	NA	NA	NA	NA	NA	NA	NA	NA	NA	NA	NA	NA	NA	NA	NA	NA	NA
cg16741463	NA	NA	NA	NA	NA	NA	NA	NA	NA	NA	NA	NA	NA	NA	NA	NA	NA	NA	NA	NA	NA	NA	NA	NA	NA	NA	NA	NA	NA	NA	NA	NA	NA	NA	NA	NA	NA	NA	NA	NA	NA	NA	NA	NA	NA	NA	NA	NA	NA	NA	NA	NA	NA	NA	NA	NA	NA	NA	NA	NA	NA	NA	NA	NA	NA	NA	NA	NA	NA	NA	NA	NA	NA	NA	NA	NA	NA	NA	NA	NA	NA	NA	NA	NA	NA	NA	NA	NA	NA	NA	NA	NA	NA	NA	NA	NA	NA	NA	NA
cg16780032	NA	NA	NA	NA	NA	NA	NA	NA	NA	NA	NA	NA	NA	NA	NA	NA	NA	NA	NA	NA	NA	NA	NA	NA	NA	NA	NA	NA	NA	NA	NA	NA	NA	NA	NA	NA	NA	NA	NA	NA	NA	NA	NA	NA	NA	NA	NA	NA	NA	NA	NA	NA	NA	NA	NA	NA	NA	NA	NA	NA	NA	NA	NA	NA	NA	NA	NA	NA	NA	NA	NA	NA	NA	NA	NA	NA	NA	NA	NA	NA	NA	NA	NA	NA	NA	NA	NA	NA	NA	NA	NA	NA	NA	NA	NA	NA	NA	NA	NA
cg16789902	NA	NA	NA	NA	NA	NA	NA	NA	NA	NA	NA	NA	NA	NA	NA	NA	NA	NA	NA	NA	NA	NA	NA	NA	NA	NA	NA	NA	NA	NA	NA	NA	NA	NA	NA	NA	NA	NA	NA	NA	NA	NA	NA	NA	NA	NA	NA	NA	NA	NA	NA	NA	NA	NA	NA	NA	NA	NA	NA	NA	NA	NA	NA	NA	NA	NA	NA	NA	NA	NA	NA	NA	NA	NA	NA	NA	NA	NA	NA	NA	NA	NA	NA	NA	NA	NA	NA	NA	NA	NA	NA	NA	NA	NA	NA	NA	NA	NA	NA
cg16790676	NA	NA	NA	NA	NA	NA	NA	NA	NA	NA	NA	NA	NA	NA	NA	NA	NA	NA	NA	NA	NA	NA	NA	NA	NA	NA	NA	NA	NA	NA	NA	NA	NA	NA	NA	NA	NA	NA	NA	NA	NA	NA	NA	NA	NA	NA	NA	NA	NA	NA	NA	NA	NA	NA	NA	NA	NA	NA	NA	NA	NA	NA	NA	NA	NA	NA	NA	NA	NA	NA	NA	NA	NA	NA	NA	NA	NA	NA	NA	NA	NA	NA	NA	NA	NA	NA	NA	NA	NA	NA	NA	NA	NA	NA	NA	NA	NA	NA	NA
cg16869809	0.922166912279138	0.854953449572498	0.764883567677408	0.916365845510028	0.900866916082234	0.636135719703799	0.82249928006434	0.439950048603099	0.874704655763776	0.715889572158761	0.923952923453945	0.920712716246942	0.877747210759893	0.918779002052211	0.890240009754792	0.894425792822233	0.880955556039028	0.910566715441052	0.919310396450916	0.854321830142558	0.806276587811505	0.941119360017631	0.791743893888245	0.891673025461836	0.856316197388121	0.641323857129527	0.757410842258042	0.788677463033314	0.916008596879695	0.887928963110735	0.859606218829325	0.914658787942572	0.829254488638565	0.88549734595169	0.830567374732388	0.897396658995112	0.700431190965744	0.896342610218734	0.940544383066522	0.903114063368568	0.892793637591513	0.899498959001924	0.78862692867138	0.879378218336669	0.908160140518701	0.686260000587089	0.876671047318682	0.92249737107906	0.7299672915736	0.906024729785573	0.876366266364999	0.844976244639589	0.895885231220657	0.80317264904587	0.855397003039841	0.873127196080982	0.861848078164949	0.865681696050195	0.880088702201224	0.902085571574809	0.836777286165198	0.847866683199202	0.887867381391871	0.889186628816884	0.936068499079941	0.837199559253773	0.873137506185167	0.909331365141586	0.866436193644879	0.898384662196371	0.769885504248662	0.921094420180686	0.940493627620322	0.844878579037975	0.927582270160315	0.902918727496552	0.923455733611333	0.822302953715935	0.766114650995168	0.778226284111926	0.849256129254328	0.881412189796512	0.77143780771056	0.902460000191518	0.906742277898929	0.617135406876212	0.931708527448158	0.947242617438552	0.887029163497679	0.925951563265019	0.920216797532779	0.832890470681804	0.763103924822794	0.680382461815942	0.415961314958955	0.928065370182588	0.926082901674212	0.815040416678296	0.901479364018206
cg16944496	NA	NA	NA	NA	NA	NA	NA	NA	NA	NA	NA	NA	NA	NA	NA	NA	NA	NA	NA	NA	NA	NA	NA	NA	NA	NA	NA	NA	NA	NA	NA	NA	NA	NA	NA	NA	NA	NA	NA	NA	NA	NA	NA	NA	NA	NA	NA	NA	NA	NA	NA	NA	NA	NA	NA	NA	NA	NA	NA	NA	NA	NA	NA	NA	NA	NA	NA	NA	NA	NA	NA	NA	NA	NA	NA	NA	NA	NA	NA	NA	NA	NA	NA	NA	NA	NA	NA	NA	NA	NA	NA	NA	NA	NA	NA	NA	NA	NA	NA
cg16952929	NA	NA	NA	NA	NA	NA	NA	NA	NA	NA	NA	NA	NA	NA	NA	NA	NA	NA	NA	NA	NA	NA	NA	NA	NA	NA	NA	NA	NA	NA	NA	NA	NA	NA	NA	NA	NA	NA	NA	NA	NA	NA	NA	NA	NA	NA	NA	NA	NA	NA	NA	NA	NA	NA	NA	NA	NA	NA	NA	NA	NA	NA	NA	NA	NA	NA	NA	NA	NA	NA	NA	NA	NA	NA	NA	NA	NA	NA	NA	NA	NA	NA	NA	NA	NA	NA	NA	NA	NA	NA	NA	NA	NA	NA	NA	NA	NA	NA	NA
cg17027033	NA	NA	NA	NA	NA	NA	NA	NA	NA	NA	NA	NA	NA	NA	NA	NA	NA	NA	NA	NA	NA	NA	NA	NA	NA	NA	NA	NA	NA	NA	NA	NA	NA	NA	NA	NA	NA	NA	NA	NA	NA	NA	NA	NA	NA	NA	NA	NA	NA	NA	NA	NA	NA	NA	NA	NA	NA	NA	NA	NA	NA	NA	NA	NA	NA	NA	NA	NA	NA	NA	NA	NA	NA	NA	NA	NA	NA	NA	NA	NA	NA	NA	NA	NA	NA	NA	NA	NA	NA	NA	NA	NA	NA	NA	NA	NA	NA	NA	NA
cg17051552	NA	NA	NA	NA	NA	NA	NA	NA	NA	NA	NA	NA	NA	NA	NA	NA	NA	NA	NA	NA	NA	NA	NA	NA	NA	NA	NA	NA	NA	NA	NA	NA	NA	NA	NA	NA	NA	NA	NA	NA	NA	NA	NA	NA	NA	NA	NA	NA	NA	NA	NA	NA	NA	NA	NA	NA	NA	NA	NA	NA	NA	NA	NA	NA	NA	NA	NA	NA	NA	NA	NA	NA	NA	NA	NA	NA	NA	NA	NA	NA	NA	NA	NA	NA	NA	NA	NA	NA	NA	NA	NA	NA	NA	NA	NA	NA	NA	NA	NA
cg17056317	NA	NA	NA	NA	NA	NA	NA	NA	NA	NA	NA	NA	NA	NA	NA	NA	NA	NA	NA	NA	NA	NA	NA	NA	NA	NA	NA	NA	NA	NA	NA	NA	NA	NA	NA	NA	NA	NA	NA	NA	NA	NA	NA	NA	NA	NA	NA	NA	NA	NA	NA	NA	NA	NA	NA	NA	NA	NA	NA	NA	NA	NA	NA	NA	NA	NA	NA	NA	NA	NA	NA	NA	NA	NA	NA	NA	NA	NA	NA	NA	NA	NA	NA	NA	NA	NA	NA	NA	NA	NA	NA	NA	NA	NA	NA	NA	NA	NA	NA
cg17063731	NA	NA	NA	NA	NA	NA	NA	NA	NA	NA	NA	NA	NA	NA	NA	NA	NA	NA	NA	NA	NA	NA	NA	NA	NA	NA	NA	NA	NA	NA	NA	NA	NA	NA	NA	NA	NA	NA	NA	NA	NA	NA	NA	NA	NA	NA	NA	NA	NA	NA	NA	NA	NA	NA	NA	NA	NA	NA	NA	NA	NA	NA	NA	NA	NA	NA	NA	NA	NA	NA	NA	NA	NA	NA	NA	NA	NA	NA	NA	NA	NA	NA	NA	NA	NA	NA	NA	NA	NA	NA	NA	NA	NA	NA	NA	NA	NA	NA	NA
cg17092860	NA	NA	NA	NA	NA	NA	NA	NA	NA	NA	NA	NA	NA	NA	NA	NA	NA	NA	NA	NA	NA	NA	NA	NA	NA	NA	NA	NA	NA	NA	NA	NA	NA	NA	NA	NA	NA	NA	NA	NA	NA	NA	NA	NA	NA	NA	NA	NA	NA	NA	NA	NA	NA	NA	NA	NA	NA	NA	NA	NA	NA	NA	NA	NA	NA	NA	NA	NA	NA	NA	NA	NA	NA	NA	NA	NA	NA	NA	NA	NA	NA	NA	NA	NA	NA	NA	NA	NA	NA	NA	NA	NA	NA	NA	NA	NA	NA	NA	NA
cg17132591	NA	NA	NA	NA	NA	NA	NA	NA	NA	NA	NA	NA	NA	NA	NA	NA	NA	NA	NA	NA	NA	NA	NA	NA	NA	NA	NA	NA	NA	NA	NA	NA	NA	NA	NA	NA	NA	NA	NA	NA	NA	NA	NA	NA	NA	NA	NA	NA	NA	NA	NA	NA	NA	NA	NA	NA	NA	NA	NA	NA	NA	NA	NA	NA	NA	NA	NA	NA	NA	NA	NA	NA	NA	NA	NA	NA	NA	NA	NA	NA	NA	NA	NA	NA	NA	NA	NA	NA	NA	NA	NA	NA	NA	NA	NA	NA	NA	NA	NA
cg17140133	NA	NA	NA	NA	NA	NA	NA	NA	NA	NA	NA	NA	NA	NA	NA	NA	NA	NA	NA	NA	NA	NA	NA	NA	NA	NA	NA	NA	NA	NA	NA	NA	NA	NA	NA	NA	NA	NA	NA	NA	NA	NA	NA	NA	NA	NA	NA	NA	NA	NA	NA	NA	NA	NA	NA	NA	NA	NA	NA	NA	NA	NA	NA	NA	NA	NA	NA	NA	NA	NA	NA	NA	NA	NA	NA	NA	NA	NA	NA	NA	NA	NA	NA	NA	NA	NA	NA	NA	NA	NA	NA	NA	NA	NA	NA	NA	NA	NA	NA
cg17146997	NA	NA	NA	NA	NA	NA	NA	NA	NA	NA	NA	NA	NA	NA	NA	NA	NA	NA	NA	NA	NA	NA	NA	NA	NA	NA	NA	NA	NA	NA	NA	NA	NA	NA	NA	NA	NA	NA	NA	NA	NA	NA	NA	NA	NA	NA	NA	NA	NA	NA	NA	NA	NA	NA	NA	NA	NA	NA	NA	NA	NA	NA	NA	NA	NA	NA	NA	NA	NA	NA	NA	NA	NA	NA	NA	NA	NA	NA	NA	NA	NA	NA	NA	NA	NA	NA	NA	NA	NA	NA	NA	NA	NA	NA	NA	NA	NA	NA	NA
cg17182464	NA	NA	NA	NA	NA	NA	NA	NA	NA	NA	NA	NA	NA	NA	NA	NA	NA	NA	NA	NA	NA	NA	NA	NA	NA	NA	NA	NA	NA	NA	NA	NA	NA	NA	NA	NA	NA	NA	NA	NA	NA	NA	NA	NA	NA	NA	NA	NA	NA	NA	NA	NA	NA	NA	NA	NA	NA	NA	NA	NA	NA	NA	NA	NA	NA	NA	NA	NA	NA	NA	NA	NA	NA	NA	NA	NA	NA	NA	NA	NA	NA	NA	NA	NA	NA	NA	NA	NA	NA	NA	NA	NA	NA	NA	NA	NA	NA	NA	NA
cg17210130	NA	NA	NA	NA	NA	NA	NA	NA	NA	NA	NA	NA	NA	NA	NA	NA	NA	NA	NA	NA	NA	NA	NA	NA	NA	NA	NA	NA	NA	NA	NA	NA	NA	NA	NA	NA	NA	NA	NA	NA	NA	NA	NA	NA	NA	NA	NA	NA	NA	NA	NA	NA	NA	NA	NA	NA	NA	NA	NA	NA	NA	NA	NA	NA	NA	NA	NA	NA	NA	NA	NA	NA	NA	NA	NA	NA	NA	NA	NA	NA	NA	NA	NA	NA	NA	NA	NA	NA	NA	NA	NA	NA	NA	NA	NA	NA	NA	NA	NA
cg17216266	0.630738366073855	0.51681369365247	0.5693749847212	0.530544325367629	0.584335703996612	0.48778314376758	0.618695995688879	0.187295920657533	0.358071202815691	0.276412011358176	0.381053532087651	0.796257058564809	0.725373036736175	0.240938899123368	0.516084421506767	0.24430733833875	0.821135505261848	0.434251074416611	0.225366806506435	0.460750871084854	0.602641194712097	0.766006159378415	0.254148820592635	0.437097884735646	0.327940678427689	0.755772467573602	0.522410779963749	0.246637068876682	0.369846949330689	0.686613809106807	0.430275461021234	0.571814365197115	0.250007922303185	0.801795793657037	0.834611000779311	0.29368454367727	0.264641208601808	0.238566499884698	0.486137951185971	0.353024010792442	0.283713650003956	0.228984460670564	0.476427582740317	0.473893985369345	0.235639202037865	0.50624613818687	0.257771502164578	0.704952397039593	0.315913778455035	0.484862814687116	0.254890782125176	0.649849441595077	0.171217496519562	0.734746115177567	0.486251224635429	0.424644066035367	0.236992480669328	0.369047326639783	0.334449198077529	0.538358607344233	0.435596886324288	0.202044822910642	0.467369003154244	0.918194967299031	0.342383005161529	0.781189541376942	0.374616132956355	0.548282909017832	0.335612889700055	0.403287482197107	0.30586312473776	0.600596185925243	0.875944283186816	0.371566085072084	0.943979663809232	0.348779727218053	0.415524424082302	0.173368480636259	0.340689119812461	0.609535024316776	0.272564691834185	0.419185947595543	0.274846055931353	0.606744910717697	0.407601370791744	0.375824161291215	0.505396143371472	0.314424058676438	0.328766812475804	0.878751670575859	0.90839614992135	0.613271722455823	0.43344199706849	0.152164259094053	0.521868073228653	0.85664777857012	0.559248376714497	0.627720940895142	0.519287685167142
cg17240701	NA	NA	NA	NA	NA	NA	NA	NA	NA	NA	NA	NA	NA	NA	NA	NA	NA	NA	NA	NA	NA	NA	NA	NA	NA	NA	NA	NA	NA	NA	NA	NA	NA	NA	NA	NA	NA	NA	NA	NA	NA	NA	NA	NA	NA	NA	NA	NA	NA	NA	NA	NA	NA	NA	NA	NA	NA	NA	NA	NA	NA	NA	NA	NA	NA	NA	NA	NA	NA	NA	NA	NA	NA	NA	NA	NA	NA	NA	NA	NA	NA	NA	NA	NA	NA	NA	NA	NA	NA	NA	NA	NA	NA	NA	NA	NA	NA	NA	NA
cg17272549	0.930270297933717	0.884274845328444	0.904370435165804	0.914303452958107	0.861042158898394	0.860594958167594	0.889376260040961	0.758398141758503	0.770972084217197	0.942551666971751	0.897891246290477	0.922731806640639	0.86333150421534	0.898825324167763	0.863646343240598	0.893348712140883	0.873641088156249	0.887601280421988	0.934377748878686	0.913506929008694	0.861091153744842	0.816286991408548	0.891211706914688	0.838106983144383	0.738422730510098	0.823561728270823	0.904611531516218	0.916880594230716	0.951083442848422	0.946468106630591	0.914258028747835	0.809496648678586	0.942201841295199	0.935954426559454	0.903386066058326	0.951596669360744	0.94779165698455	0.876382565018438	0.888975421445989	0.869724958784799	0.892438835478874	0.938838359915514	0.808663838467104	0.938747357833979	0.894911068310579	0.871797051785079	0.913967477191692	0.928418218724255	0.90954945969235	0.904066827818913	0.9097842640683	0.80919744498823	0.933033181142793	0.697342171116002	0.773158323279982	0.628149949337096	0.834826938164793	0.82711668007495	0.940773750639363	0.838236934326761	0.910248178349977	0.939097538193843	0.915526457716741	0.912373935449499	0.934811100630832	0.896630049812364	0.885309914419273	0.907959991007815	0.905200744959302	0.8432610734047	0.877225674510347	0.855481645401684	0.93113635740028	0.861764128811969	0.803189837330474	0.690036350156132	0.918326002211994	0.569439715959212	0.837697306170545	0.665331186291761	0.936674555746225	0.907246184568875	0.897263419683345	0.884751136369628	0.841807036124156	0.766826236397018	0.945349937663972	0.887868760124589	0.918147540814786	0.84811540469373	0.927451381814175	0.83882478263686	0.925646146695408	0.924532065490183	0.831834395794662	0.879462686110261	0.864439784822652	0.899492401875564	0.808946923835384
cg17273919	NA	NA	NA	NA	NA	NA	NA	NA	NA	NA	NA	NA	NA	NA	NA	NA	NA	NA	NA	NA	NA	NA	NA	NA	NA	NA	NA	NA	NA	NA	NA	NA	NA	NA	NA	NA	NA	NA	NA	NA	NA	NA	NA	NA	NA	NA	NA	NA	NA	NA	NA	NA	NA	NA	NA	NA	NA	NA	NA	NA	NA	NA	NA	NA	NA	NA	NA	NA	NA	NA	NA	NA	NA	NA	NA	NA	NA	NA	NA	NA	NA	NA	NA	NA	NA	NA	NA	NA	NA	NA	NA	NA	NA	NA	NA	NA	NA	NA	NA
cg17324339	NA	NA	NA	NA	NA	NA	NA	NA	NA	NA	NA	NA	NA	NA	NA	NA	NA	NA	NA	NA	NA	NA	NA	NA	NA	NA	NA	NA	NA	NA	NA	NA	NA	NA	NA	NA	NA	NA	NA	NA	NA	NA	NA	NA	NA	NA	NA	NA	NA	NA	NA	NA	NA	NA	NA	NA	NA	NA	NA	NA	NA	NA	NA	NA	NA	NA	NA	NA	NA	NA	NA	NA	NA	NA	NA	NA	NA	NA	NA	NA	NA	NA	NA	NA	NA	NA	NA	NA	NA	NA	NA	NA	NA	NA	NA	NA	NA	NA	NA
cg17333139	NA	NA	NA	NA	NA	NA	NA	NA	NA	NA	NA	NA	NA	NA	NA	NA	NA	NA	NA	NA	NA	NA	NA	NA	NA	NA	NA	NA	NA	NA	NA	NA	NA	NA	NA	NA	NA	NA	NA	NA	NA	NA	NA	NA	NA	NA	NA	NA	NA	NA	NA	NA	NA	NA	NA	NA	NA	NA	NA	NA	NA	NA	NA	NA	NA	NA	NA	NA	NA	NA	NA	NA	NA	NA	NA	NA	NA	NA	NA	NA	NA	NA	NA	NA	NA	NA	NA	NA	NA	NA	NA	NA	NA	NA	NA	NA	NA	NA	NA
cg17365377	NA	NA	NA	NA	NA	NA	NA	NA	NA	NA	NA	NA	NA	NA	NA	NA	NA	NA	NA	NA	NA	NA	NA	NA	NA	NA	NA	NA	NA	NA	NA	NA	NA	NA	NA	NA	NA	NA	NA	NA	NA	NA	NA	NA	NA	NA	NA	NA	NA	NA	NA	NA	NA	NA	NA	NA	NA	NA	NA	NA	NA	NA	NA	NA	NA	NA	NA	NA	NA	NA	NA	NA	NA	NA	NA	NA	NA	NA	NA	NA	NA	NA	NA	NA	NA	NA	NA	NA	NA	NA	NA	NA	NA	NA	NA	NA	NA	NA	NA
cg17367457	NA	NA	NA	NA	NA	NA	NA	NA	NA	NA	NA	NA	NA	NA	NA	NA	NA	NA	NA	NA	NA	NA	NA	NA	NA	NA	NA	NA	NA	NA	NA	NA	NA	NA	NA	NA	NA	NA	NA	NA	NA	NA	NA	NA	NA	NA	NA	NA	NA	NA	NA	NA	NA	NA	NA	NA	NA	NA	NA	NA	NA	NA	NA	NA	NA	NA	NA	NA	NA	NA	NA	NA	NA	NA	NA	NA	NA	NA	NA	NA	NA	NA	NA	NA	NA	NA	NA	NA	NA	NA	NA	NA	NA	NA	NA	NA	NA	NA	NA
cg17440987	NA	NA	NA	NA	NA	NA	NA	NA	NA	NA	NA	NA	NA	NA	NA	NA	NA	NA	NA	NA	NA	NA	NA	NA	NA	NA	NA	NA	NA	NA	NA	NA	NA	NA	NA	NA	NA	NA	NA	NA	NA	NA	NA	NA	NA	NA	NA	NA	NA	NA	NA	NA	NA	NA	NA	NA	NA	NA	NA	NA	NA	NA	NA	NA	NA	NA	NA	NA	NA	NA	NA	NA	NA	NA	NA	NA	NA	NA	NA	NA	NA	NA	NA	NA	NA	NA	NA	NA	NA	NA	NA	NA	NA	NA	NA	NA	NA	NA	NA
cg17447300	NA	NA	NA	NA	NA	NA	NA	NA	NA	NA	NA	NA	NA	NA	NA	NA	NA	NA	NA	NA	NA	NA	NA	NA	NA	NA	NA	NA	NA	NA	NA	NA	NA	NA	NA	NA	NA	NA	NA	NA	NA	NA	NA	NA	NA	NA	NA	NA	NA	NA	NA	NA	NA	NA	NA	NA	NA	NA	NA	NA	NA	NA	NA	NA	NA	NA	NA	NA	NA	NA	NA	NA	NA	NA	NA	NA	NA	NA	NA	NA	NA	NA	NA	NA	NA	NA	NA	NA	NA	NA	NA	NA	NA	NA	NA	NA	NA	NA	NA
cg17463277	0.624073512320648	0.461353644318701	0.497710528274387	0.410126556188497	0.491815048845825	0.410285841807204	0.513202420764408	0.158089882126932	0.321281180976602	0.222300721458974	0.345883280597626	0.56287162964777	0.543776882407676	0.232648334983321	0.718704245749068	0.227975684932942	0.514068670627993	0.338267233093454	0.311336163434675	0.546539473643013	0.517503652487642	0.520587073865022	0.26082689369662	0.50491689670048	0.323626787812391	0.448954325169971	0.333930654620755	0.278866658952415	0.477471557078954	0.573388894007006	0.30068634946332	0.571795008719365	0.237628285704136	0.25968370840201	0.258622966084893	0.150169502565319	0.55790275801487	0.5241190942726	0.355622390919542	0.421695620282143	0.803427566187655	0.592609483389552	0.477901604823671	0.197665866594691	0.280445587106221	0.41437867092501	0.309540213776086	0.432583114534517	0.256055655969904	0.613767318836367	0.33546900376447	0.392376453876415	0.393512344547077	0.666929656583042	0.770244132407993	0.388794888054793	0.165999741691141	0.358077252482234	0.669680567426136	0.440750889649927	0.384167822866183	0.17347563078732	0.389598578431563	0.418958082524094	0.606690526467786	0.39428593369504	0.336557426041349	0.681477452291989	0.417262542812442	0.599581750944837	0.562823236765994	0.805807356721595	0.426632278387118	0.340147045877789	0.704328487655291	0.531997569449855	0.3553926137602	0.216646569512684	0.313155353159089	0.482409403010444	0.272367689382786	0.295532076459847	0.24203799649897	0.402868973891712	0.35979431625269	0.289458320763323	0.240911451655514	0.323372037165841	0.218817182829963	0.393321138182588	0.563251725131657	0.459284045027977	0.331153778583631	0.129727771102908	0.498625666746548	0.370801426511709	0.382072383208622	0.381539215494114	0.416756172946729
cg17482273	NA	NA	NA	NA	NA	NA	NA	NA	NA	NA	NA	NA	NA	NA	NA	NA	NA	NA	NA	NA	NA	NA	NA	NA	NA	NA	NA	NA	NA	NA	NA	NA	NA	NA	NA	NA	NA	NA	NA	NA	NA	NA	NA	NA	NA	NA	NA	NA	NA	NA	NA	NA	NA	NA	NA	NA	NA	NA	NA	NA	NA	NA	NA	NA	NA	NA	NA	NA	NA	NA	NA	NA	NA	NA	NA	NA	NA	NA	NA	NA	NA	NA	NA	NA	NA	NA	NA	NA	NA	NA	NA	NA	NA	NA	NA	NA	NA	NA	NA
cg17489282	NA	NA	NA	NA	NA	NA	NA	NA	NA	NA	NA	NA	NA	NA	NA	NA	NA	NA	NA	NA	NA	NA	NA	NA	NA	NA	NA	NA	NA	NA	NA	NA	NA	NA	NA	NA	NA	NA	NA	NA	NA	NA	NA	NA	NA	NA	NA	NA	NA	NA	NA	NA	NA	NA	NA	NA	NA	NA	NA	NA	NA	NA	NA	NA	NA	NA	NA	NA	NA	NA	NA	NA	NA	NA	NA	NA	NA	NA	NA	NA	NA	NA	NA	NA	NA	NA	NA	NA	NA	NA	NA	NA	NA	NA	NA	NA	NA	NA	NA
cg17521526	NA	NA	NA	NA	NA	NA	NA	NA	NA	NA	NA	NA	NA	NA	NA	NA	NA	NA	NA	NA	NA	NA	NA	NA	NA	NA	NA	NA	NA	NA	NA	NA	NA	NA	NA	NA	NA	NA	NA	NA	NA	NA	NA	NA	NA	NA	NA	NA	NA	NA	NA	NA	NA	NA	NA	NA	NA	NA	NA	NA	NA	NA	NA	NA	NA	NA	NA	NA	NA	NA	NA	NA	NA	NA	NA	NA	NA	NA	NA	NA	NA	NA	NA	NA	NA	NA	NA	NA	NA	NA	NA	NA	NA	NA	NA	NA	NA	NA	NA
cg17585181	NA	NA	NA	NA	NA	NA	NA	NA	NA	NA	NA	NA	NA	NA	NA	NA	NA	NA	NA	NA	NA	NA	NA	NA	NA	NA	NA	NA	NA	NA	NA	NA	NA	NA	NA	NA	NA	NA	NA	NA	NA	NA	NA	NA	NA	NA	NA	NA	NA	NA	NA	NA	NA	NA	NA	NA	NA	NA	NA	NA	NA	NA	NA	NA	NA	NA	NA	NA	NA	NA	NA	NA	NA	NA	NA	NA	NA	NA	NA	NA	NA	NA	NA	NA	NA	NA	NA	NA	NA	NA	NA	NA	NA	NA	NA	NA	NA	NA	NA
cg17592693	NA	NA	NA	NA	NA	NA	NA	NA	NA	NA	NA	NA	NA	NA	NA	NA	NA	NA	NA	NA	NA	NA	NA	NA	NA	NA	NA	NA	NA	NA	NA	NA	NA	NA	NA	NA	NA	NA	NA	NA	NA	NA	NA	NA	NA	NA	NA	NA	NA	NA	NA	NA	NA	NA	NA	NA	NA	NA	NA	NA	NA	NA	NA	NA	NA	NA	NA	NA	NA	NA	NA	NA	NA	NA	NA	NA	NA	NA	NA	NA	NA	NA	NA	NA	NA	NA	NA	NA	NA	NA	NA	NA	NA	NA	NA	NA	NA	NA	NA
cg17613911	NA	NA	NA	NA	NA	NA	NA	NA	NA	NA	NA	NA	NA	NA	NA	NA	NA	NA	NA	NA	NA	NA	NA	NA	NA	NA	NA	NA	NA	NA	NA	NA	NA	NA	NA	NA	NA	NA	NA	NA	NA	NA	NA	NA	NA	NA	NA	NA	NA	NA	NA	NA	NA	NA	NA	NA	NA	NA	NA	NA	NA	NA	NA	NA	NA	NA	NA	NA	NA	NA	NA	NA	NA	NA	NA	NA	NA	NA	NA	NA	NA	NA	NA	NA	NA	NA	NA	NA	NA	NA	NA	NA	NA	NA	NA	NA	NA	NA	NA
cg17639413	0.594680445832962	0.908329945701662	0.917056891361128	0.852285456589934	0.602607410143156	0.500635362372299	0.888377765335914	0.750493963097366	0.686748361394137	0.284892640699548	0.537373264582394	0.905694044382608	0.83154294116187	0.305457391036855	0.778470653341024	0.94173930586497	0.900571666492518	0.519665492096991	0.939560772116168	0.864942041537356	0.695828977619578	0.529781687748269	0.735803945269759	0.896013134884633	0.363713882106157	0.820087258820952	0.896314655507269	0.716815582933546	0.937443216022853	0.885820642732072	0.384258273002194	0.612084172491359	0.351745178792555	0.874083428220502	0.282468878879363	0.598745148781476	0.948913220882165	0.562368760523015	0.869987881879219	0.909134026195966	0.913191631739231	0.881976203775923	0.608228747271921	0.924301887927337	0.579078479955037	0.530602493760479	0.293551747995373	0.470229931700517	0.943570389918403	0.88974081483551	0.442759537854132	0.858693079752608	0.563847271340484	0.824873200229583	0.640479027912631	0.793062566066178	0.877006361266648	0.358291856643578	0.50929529889985	0.642569492718457	0.317500561436982	0.61381963828031	0.596362675527678	0.892527490576906	0.920500140687796	0.895954335089637	0.40959911711089	0.884346790832085	0.38820016845582	0.740112994702199	0.910019245747672	0.894089095683869	0.62750551965236	0.748346673343964	0.877586044596804	0.807940118283453	0.590206144302622	0.871187670961402	0.842340067713858	0.817953530656656	0.63491191508897	0.661820585974734	0.355957707273677	0.771326469320211	0.390242784570792	0.502330767193625	0.944853910965655	0.888601571329193	0.927935780122895	0.720447593161409	0.918441993578459	0.855066012561618	0.325509476092618	0.562598680780244	0.901164487501094	0.227815040622659	0.895042904945415	0.910973262645217	0.863751342060533
cg17651095	NA	NA	NA	NA	NA	NA	NA	NA	NA	NA	NA	NA	NA	NA	NA	NA	NA	NA	NA	NA	NA	NA	NA	NA	NA	NA	NA	NA	NA	NA	NA	NA	NA	NA	NA	NA	NA	NA	NA	NA	NA	NA	NA	NA	NA	NA	NA	NA	NA	NA	NA	NA	NA	NA	NA	NA	NA	NA	NA	NA	NA	NA	NA	NA	NA	NA	NA	NA	NA	NA	NA	NA	NA	NA	NA	NA	NA	NA	NA	NA	NA	NA	NA	NA	NA	NA	NA	NA	NA	NA	NA	NA	NA	NA	NA	NA	NA	NA	NA
cg17659797	0.836963580997334	0.826125470110763	0.863410828580562	0.934482922485019	0.517113740270086	0.667466701838078	0.796426949475337	0.512039306960034	0.661347000675534	0.551820378349085	0.915877464696357	0.890344020988324	0.920898889616119	0.71391921005473	0.916607356068358	0.845601111558149	0.691052279050794	0.5856346400803	0.377927709813461	0.432632613811219	0.758692684723869	0.877723545337154	0.874873453486183	0.853836969515291	0.588575789346327	0.8795652046471	0.861552863632946	0.726574318221088	0.357753064054725	0.337381262084095	0.328111062268978	0.712631367744808	0.555252218379724	0.952916608515287	0.865824181769843	0.251975433178621	0.322906880453615	0.390528200528983	0.942801074707402	0.751231227945858	0.814102801116849	0.458614217621022	0.579090794467795	0.94842961810785	0.907580153782618	0.83273490258427	0.464055667011081	0.693662217802511	0.688779555333301	0.899326065566416	0.49512699182522	0.936224907018209	0.625417354846765	0.92784983955327	0.950414728887059	0.917326042368662	0.534944773600508	0.696000636413398	0.695342925469501	0.898420424813873	0.789625662790055	0.285114826649313	0.556369076444874	0.752813592831925	0.920783696959457	0.895194688161912	0.402076278646461	0.897521051972303	0.427128326310261	0.84223188942784	0.63988146644072	0.753442579290794	0.900317254872485	0.770822080692505	0.929034591786809	0.717495483846026	0.522616886824696	0.919887125912347	0.895229280317991	0.766446120256306	0.857038172709705	0.565338078615339	0.42211702343905	0.926465908800841	0.690152433968742	0.427084364678892	0.952922274657343	0.677950343088794	0.840947629119758	0.691053912339902	0.88053536213056	0.922483488019827	0.92026105987057	0.821070890206005	0.944691475509249	0.619777471539638	0.718329436828265	0.875558249982057	0.933682487365028
cg17727418	NA	NA	NA	NA	NA	NA	NA	NA	NA	NA	NA	NA	NA	NA	NA	NA	NA	NA	NA	NA	NA	NA	NA	NA	NA	NA	NA	NA	NA	NA	NA	NA	NA	NA	NA	NA	NA	NA	NA	NA	NA	NA	NA	NA	NA	NA	NA	NA	NA	NA	NA	NA	NA	NA	NA	NA	NA	NA	NA	NA	NA	NA	NA	NA	NA	NA	NA	NA	NA	NA	NA	NA	NA	NA	NA	NA	NA	NA	NA	NA	NA	NA	NA	NA	NA	NA	NA	NA	NA	NA	NA	NA	NA	NA	NA	NA	NA	NA	NA
cg17732646	0.858420675511094	0.944070464284648	0.932241181523309	0.513574752854398	0.939418739734412	0.44216724985659	0.95459316671083	0.961070391848155	0.864681177076286	0.914268305874961	0.949824437350322	0.927088428214941	0.957628172238438	0.91709500162572	0.946441185392496	0.960094548020099	0.956655690971681	0.632428761860741	0.952300332170559	0.95761562346896	0.918474858473359	0.931872253886208	0.946936393253023	0.926717212771562	0.950725379260078	0.501094006089297	0.932499104101962	0.271061056706668	0.95141672699798	0.949833473520413	0.949105689158642	0.516583924142469	0.932091238066717	0.949176180273689	0.950512687349394	0.954722757453823	0.933061462561619	0.288386182799391	0.939181051743487	0.433931342524877	0.926089852261467	0.946352209448269	0.496766651832859	0.949266320168823	0.88197787285589	0.948661853472558	0.918703922551635	0.855534240281181	0.94666948248345	0.81835159077378	0.958228838588696	0.93430557471048	0.942440023311883	0.955363962886727	0.938594701982296	0.934222092505226	0.937612057067844	0.945157501209109	0.907780582762381	0.913983029869747	0.921990262428729	0.781363436827074	0.952468670726006	0.949338684982377	0.942459869746563	0.940718975832744	0.376997630232571	0.896092562505607	0.942551586039331	0.947138552179542	0.949745684681354	0.950710772424619	0.940167045598541	0.956059933925915	0.522527572595319	0.932910290924706	0.9628266621276	0.803654243328185	0.942071687633608	0.876048958951888	0.894507512742889	0.923114414762683	0.683449403910395	0.956284602699509	0.916092512497478	0.939293696993794	0.945654223981514	0.917348367410254	0.949294388536588	0.957069366046469	0.961723961849847	0.432379565785578	0.913414485628878	0.947557590295851	0.866384622430073	0.319558876973975	0.928361618415602	0.958273898956759	0.95834971112918
cg17857642	NA	NA	NA	NA	NA	NA	NA	NA	NA	NA	NA	NA	NA	NA	NA	NA	NA	NA	NA	NA	NA	NA	NA	NA	NA	NA	NA	NA	NA	NA	NA	NA	NA	NA	NA	NA	NA	NA	NA	NA	NA	NA	NA	NA	NA	NA	NA	NA	NA	NA	NA	NA	NA	NA	NA	NA	NA	NA	NA	NA	NA	NA	NA	NA	NA	NA	NA	NA	NA	NA	NA	NA	NA	NA	NA	NA	NA	NA	NA	NA	NA	NA	NA	NA	NA	NA	NA	NA	NA	NA	NA	NA	NA	NA	NA	NA	NA	NA	NA
cg17862146	NA	NA	NA	NA	NA	NA	NA	NA	NA	NA	NA	NA	NA	NA	NA	NA	NA	NA	NA	NA	NA	NA	NA	NA	NA	NA	NA	NA	NA	NA	NA	NA	NA	NA	NA	NA	NA	NA	NA	NA	NA	NA	NA	NA	NA	NA	NA	NA	NA	NA	NA	NA	NA	NA	NA	NA	NA	NA	NA	NA	NA	NA	NA	NA	NA	NA	NA	NA	NA	NA	NA	NA	NA	NA	NA	NA	NA	NA	NA	NA	NA	NA	NA	NA	NA	NA	NA	NA	NA	NA	NA	NA	NA	NA	NA	NA	NA	NA	NA
cg17900273	NA	NA	NA	NA	NA	NA	NA	NA	NA	NA	NA	NA	NA	NA	NA	NA	NA	NA	NA	NA	NA	NA	NA	NA	NA	NA	NA	NA	NA	NA	NA	NA	NA	NA	NA	NA	NA	NA	NA	NA	NA	NA	NA	NA	NA	NA	NA	NA	NA	NA	NA	NA	NA	NA	NA	NA	NA	NA	NA	NA	NA	NA	NA	NA	NA	NA	NA	NA	NA	NA	NA	NA	NA	NA	NA	NA	NA	NA	NA	NA	NA	NA	NA	NA	NA	NA	NA	NA	NA	NA	NA	NA	NA	NA	NA	NA	NA	NA	NA
cg17917920	NA	NA	NA	NA	NA	NA	NA	NA	NA	NA	NA	NA	NA	NA	NA	NA	NA	NA	NA	NA	NA	NA	NA	NA	NA	NA	NA	NA	NA	NA	NA	NA	NA	NA	NA	NA	NA	NA	NA	NA	NA	NA	NA	NA	NA	NA	NA	NA	NA	NA	NA	NA	NA	NA	NA	NA	NA	NA	NA	NA	NA	NA	NA	NA	NA	NA	NA	NA	NA	NA	NA	NA	NA	NA	NA	NA	NA	NA	NA	NA	NA	NA	NA	NA	NA	NA	NA	NA	NA	NA	NA	NA	NA	NA	NA	NA	NA	NA	NA
cg17935214	0.789895253872924	0.822710685803039	0.807309104208394	0.781534918173692	0.622300740364233	0.596816763042371	0.787446403735486	0.697157265552193	0.482713565587413	0.491080198280955	0.632515308410458	0.758908992158683	0.739255280793986	0.363256545299812	0.778180405933643	0.472142455150247	0.8408530983981	0.723610286922692	0.747879592684891	0.746864367331042	0.615260469393033	0.783991598461334	0.674335545034547	0.538014135077337	0.456761512706737	0.721245842195847	0.696142435816954	0.726342922395721	0.793192697799979	0.809510805609559	0.666001730456059	0.523075359164547	0.83006751215872	0.476743662482269	0.474886765108414	0.204225124458789	0.667780062946078	0.514011850591048	0.772440576994628	0.693604400170231	0.656082286697963	0.663405545824987	0.574084599905342	0.662013965146037	0.679831687363717	0.795743258697036	0.429031392000526	0.739947516053559	0.416651883654556	0.773112812292492	0.734312849532167	0.782929829502488	0.538020211202943	0.718715290892085	0.584340928241163	0.59203248520785	0.389908404200664	0.745650918854597	0.817512015170687	0.477471201201581	0.455234748888144	0.516918653852142	0.545357344239002	0.686140397417174	0.748970562226075	0.720959000041891	0.572150899583572	0.834683156748396	0.544910170023122	0.673563336226341	0.489245292932725	0.720374713755056	0.784056140052805	0.605275157803696	0.626188623850328	0.736763640810014	0.765083075591463	0.668774719139491	0.726633083664754	0.631581232508912	0.77749409775366	0.510880729363048	0.387536024276405	0.742896971740058	0.771741547917199	0.379700148512854	0.559482135736353	0.842949157993848	0.797096195600441	0.76606510954332	0.807169434465423	0.783064480730357	0.831869907276973	0.195043380036063	0.819855749573936	0.75809305649506	0.592113117134321	0.654721119772737	0.741230010481672
cg17947225	NA	NA	NA	NA	NA	NA	NA	NA	NA	NA	NA	NA	NA	NA	NA	NA	NA	NA	NA	NA	NA	NA	NA	NA	NA	NA	NA	NA	NA	NA	NA	NA	NA	NA	NA	NA	NA	NA	NA	NA	NA	NA	NA	NA	NA	NA	NA	NA	NA	NA	NA	NA	NA	NA	NA	NA	NA	NA	NA	NA	NA	NA	NA	NA	NA	NA	NA	NA	NA	NA	NA	NA	NA	NA	NA	NA	NA	NA	NA	NA	NA	NA	NA	NA	NA	NA	NA	NA	NA	NA	NA	NA	NA	NA	NA	NA	NA	NA	NA
cg17967453	NA	NA	NA	NA	NA	NA	NA	NA	NA	NA	NA	NA	NA	NA	NA	NA	NA	NA	NA	NA	NA	NA	NA	NA	NA	NA	NA	NA	NA	NA	NA	NA	NA	NA	NA	NA	NA	NA	NA	NA	NA	NA	NA	NA	NA	NA	NA	NA	NA	NA	NA	NA	NA	NA	NA	NA	NA	NA	NA	NA	NA	NA	NA	NA	NA	NA	NA	NA	NA	NA	NA	NA	NA	NA	NA	NA	NA	NA	NA	NA	NA	NA	NA	NA	NA	NA	NA	NA	NA	NA	NA	NA	NA	NA	NA	NA	NA	NA	NA
cg18030084	NA	NA	NA	NA	NA	NA	NA	NA	NA	NA	NA	NA	NA	NA	NA	NA	NA	NA	NA	NA	NA	NA	NA	NA	NA	NA	NA	NA	NA	NA	NA	NA	NA	NA	NA	NA	NA	NA	NA	NA	NA	NA	NA	NA	NA	NA	NA	NA	NA	NA	NA	NA	NA	NA	NA	NA	NA	NA	NA	NA	NA	NA	NA	NA	NA	NA	NA	NA	NA	NA	NA	NA	NA	NA	NA	NA	NA	NA	NA	NA	NA	NA	NA	NA	NA	NA	NA	NA	NA	NA	NA	NA	NA	NA	NA	NA	NA	NA	NA
cg18047609	0.77126071481403	0.737573891266081	0.256994238505259	0.834564971654548	0.763556827779123	0.535352074504885	0.672164180180426	0.617623552570725	0.78076187593951	0.846300195492793	0.885282706649715	0.881498930916117	0.667874708022358	0.198555958018595	0.842281837000077	0.898733174062415	0.920591715931138	0.791985633180284	0.533533772233769	0.337476054778461	0.676082957288495	0.614391516146843	0.721651205437578	0.515820865365208	0.275445875305365	0.509532624539387	0.451234752418378	0.712191742228625	0.913061798667972	0.94276285236637	0.654214606640432	0.496940378043302	0.88455507089778	0.798457770595224	0.905946874500086	0.565162283827011	0.649842157527256	0.903388668049045	0.883764299524753	0.686603056772571	0.668501002945754	0.243226557209476	0.397977126800196	0.88130333259944	0.592742550424657	0.426365061311386	0.255325846457502	0.683243073595635	0.881812295776588	0.693964370862798	0.735588501551453	0.908087641728257	0.576696565360599	0.747371181739702	0.656284921177513	0.317844356014478	0.633972972864874	0.640252323219649	0.859538036481313	0.724979925730628	0.701589273424588	0.703974224868374	0.733566704637696	0.915933120431782	0.780402311019076	0.67459088490587	0.487534521421632	0.639910300009069	0.872435778482308	0.696201477584598	0.317071292183216	0.813697908275822	0.820462260761338	0.625602062316984	0.929993731639186	0.681528902099147	0.778463782242203	NA	0.303026304207963	0.540222539934769	0.241316318251606	0.538381233757036	0.350787591183126	0.713832209198819	0.500970419653004	0.785107761698894	0.527448892988435	0.910553600596296	0.495662472564625	0.829824223534481	0.690153603050052	0.850695772258151	0.912988563597233	0.143147663329567	0.406456160638648	0.643912667810409	0.450815604350781	0.817878126169972	0.853295824295331
cg18067665	NA	NA	NA	NA	NA	NA	NA	NA	NA	NA	NA	NA	NA	NA	NA	NA	NA	NA	NA	NA	NA	NA	NA	NA	NA	NA	NA	NA	NA	NA	NA	NA	NA	NA	NA	NA	NA	NA	NA	NA	NA	NA	NA	NA	NA	NA	NA	NA	NA	NA	NA	NA	NA	NA	NA	NA	NA	NA	NA	NA	NA	NA	NA	NA	NA	NA	NA	NA	NA	NA	NA	NA	NA	NA	NA	NA	NA	NA	NA	NA	NA	NA	NA	NA	NA	NA	NA	NA	NA	NA	NA	NA	NA	NA	NA	NA	NA	NA	NA
cg18070057	NA	NA	NA	NA	NA	NA	NA	NA	NA	NA	NA	NA	NA	NA	NA	NA	NA	NA	NA	NA	NA	NA	NA	NA	NA	NA	NA	NA	NA	NA	NA	NA	NA	NA	NA	NA	NA	NA	NA	NA	NA	NA	NA	NA	NA	NA	NA	NA	NA	NA	NA	NA	NA	NA	NA	NA	NA	NA	NA	NA	NA	NA	NA	NA	NA	NA	NA	NA	NA	NA	NA	NA	NA	NA	NA	NA	NA	NA	NA	NA	NA	NA	NA	NA	NA	NA	NA	NA	NA	NA	NA	NA	NA	NA	NA	NA	NA	NA	NA
cg18086868	0.606721153670848	0.589228452171023	0.17628232069624	0.243319731215744	0.61019513369291	0.17703828391144	0.239491347219462	0.0952252503083972	0.191849245823206	0.734622808760545	0.209349514206118	0.776748493062868	0.586549231801786	0.167975635663267	0.456225851464896	0.146494740376154	0.723564940116819	0.259752435998403	0.121650660436978	0.20341467445436	0.324822746964769	0.282829994730602	0.096160264413432	0.398886234057379	0.243825621843415	0.247230021870024	0.164085028419472	0.140533604989082	0.174085107156559	0.820934479097977	0.151817777807606	0.335692257670641	0.173025312012863	0.248561046715206	0.131188248883339	0.859536580883008	0.375363945547844	0.148002110364317	0.232631699667141	0.333151903895605	0.175915305477238	0.121718070363428	0.288837482736684	0.413081747749912	0.324327409928035	0.232241586591096	0.570411613783837	0.632764113057204	0.122584338431784	0.475048545674255	0.399527522340318	0.267441756628945	0.113587678015899	0.395667031648304	0.243787103006005	0.206835870670363	0.455455257674823	0.330959054435752	0.100026365136327	0.258964641380763	0.771730345404984	0.101187827703833	0.24290683374228	0.760484715216052	0.165308847029477	0.231238148169122	0.206017370985758	0.283596169515215	0.506081576550713	0.195389227006437	0.212171677004691	0.315370842975536	0.252175464540657	0.170952128211755	0.374960267983004	0.436506195718855	0.133924457268317	0.100913735862944	0.416022112501653	0.327967911515564	0.115794968586296	0.333842443082205	0.151795154415234	0.369861400989249	0.509915653747193	0.160085551175607	0.506084911422142	0.182212448874853	0.257643526944872	0.425417591554367	0.113168083796742	0.215114580145093	0.429098738238195	0.177768154252577	0.19288645837919	0.182656345700734	0.205294138515774	0.184511557167401	0.273472580247901
cg18105665	0.947739003890445	0.937661879924579	0.959618801471171	0.952719422315829	0.951826914973258	0.969266979571804	0.944727498687311	0.946651696033507	0.767017643382292	0.954909812961591	0.956867221944923	0.948074547718521	0.939233279297497	0.945391539740229	0.941549178352761	0.970683136292253	0.962499788907887	0.913295499056407	0.821714192149667	0.745076039170731	0.912597105833949	0.897219371536252	0.952553835322058	0.950928198957319	0.936544814808642	0.934469263103377	0.952780625267881	0.956966288428909	0.943492607288942	0.960715690703138	0.96697273289371	0.957391476393308	0.933522489003665	0.943782496873363	0.967855984990842	0.962566625743238	0.608890356248304	0.959318686039549	0.955945669490754	0.943459804086673	0.946019966700758	0.964734557925372	0.947062543986934	0.957030296622003	0.940539520797458	0.956036169455173	0.923692540941602	0.929652156145144	0.954320174892806	0.95569033985686	0.935402179394447	0.953768381059822	0.961168368036116	0.94516922195009	0.950229881078788	0.707211984440624	0.952104710151024	0.921218072563898	0.965470272121102	0.922702122339245	0.947106982002169	0.946491595187216	0.894760994490993	0.960222356689474	0.949200436797635	0.951866543951537	0.841875672295271	0.967364522235328	0.941972465677718	0.84574104606893	0.95221620424154	0.948493882760929	0.939383271124871	0.935925158788864	0.959341187334442	0.938130994376525	0.830097743844114	0.854151239104692	0.929012826130171	0.911320526072632	0.969644357706969	0.805627513845697	0.888540400789745	0.96113988958935	0.952962353146248	0.966847022206296	0.952236404952962	0.946406947832875	0.959741860916265	0.942230097297371	0.970897519891145	0.947394157737372	0.966358798528569	0.948026551201739	0.946201707603834	0.961513046658644	0.962042882429338	0.957153337390922	0.94913113443665
cg18140324	NA	NA	NA	NA	NA	NA	NA	NA	NA	NA	NA	NA	NA	NA	NA	NA	NA	NA	NA	NA	NA	NA	NA	NA	NA	NA	NA	NA	NA	NA	NA	NA	NA	NA	NA	NA	NA	NA	NA	NA	NA	NA	NA	NA	NA	NA	NA	NA	NA	NA	NA	NA	NA	NA	NA	NA	NA	NA	NA	NA	NA	NA	NA	NA	NA	NA	NA	NA	NA	NA	NA	NA	NA	NA	NA	NA	NA	NA	NA	NA	NA	NA	NA	NA	NA	NA	NA	NA	NA	NA	NA	NA	NA	NA	NA	NA	NA	NA	NA
cg18143116	NA	NA	NA	NA	NA	NA	NA	NA	NA	NA	NA	NA	NA	NA	NA	NA	NA	NA	NA	NA	NA	NA	NA	NA	NA	NA	NA	NA	NA	NA	NA	NA	NA	NA	NA	NA	NA	NA	NA	NA	NA	NA	NA	NA	NA	NA	NA	NA	NA	NA	NA	NA	NA	NA	NA	NA	NA	NA	NA	NA	NA	NA	NA	NA	NA	NA	NA	NA	NA	NA	NA	NA	NA	NA	NA	NA	NA	NA	NA	NA	NA	NA	NA	NA	NA	NA	NA	NA	NA	NA	NA	NA	NA	NA	NA	NA	NA	NA	NA
cg18183019	NA	NA	NA	NA	NA	NA	NA	NA	NA	NA	NA	NA	NA	NA	NA	NA	NA	NA	NA	NA	NA	NA	NA	NA	NA	NA	NA	NA	NA	NA	NA	NA	NA	NA	NA	NA	NA	NA	NA	NA	NA	NA	NA	NA	NA	NA	NA	NA	NA	NA	NA	NA	NA	NA	NA	NA	NA	NA	NA	NA	NA	NA	NA	NA	NA	NA	NA	NA	NA	NA	NA	NA	NA	NA	NA	NA	NA	NA	NA	NA	NA	NA	NA	NA	NA	NA	NA	NA	NA	NA	NA	NA	NA	NA	NA	NA	NA	NA	NA
cg18193230	NA	NA	NA	NA	NA	NA	NA	NA	NA	NA	NA	NA	NA	NA	NA	NA	NA	NA	NA	NA	NA	NA	NA	NA	NA	NA	NA	NA	NA	NA	NA	NA	NA	NA	NA	NA	NA	NA	NA	NA	NA	NA	NA	NA	NA	NA	NA	NA	NA	NA	NA	NA	NA	NA	NA	NA	NA	NA	NA	NA	NA	NA	NA	NA	NA	NA	NA	NA	NA	NA	NA	NA	NA	NA	NA	NA	NA	NA	NA	NA	NA	NA	NA	NA	NA	NA	NA	NA	NA	NA	NA	NA	NA	NA	NA	NA	NA	NA	NA
cg18221988	NA	NA	NA	NA	NA	NA	NA	NA	NA	NA	NA	NA	NA	NA	NA	NA	NA	NA	NA	NA	NA	NA	NA	NA	NA	NA	NA	NA	NA	NA	NA	NA	NA	NA	NA	NA	NA	NA	NA	NA	NA	NA	NA	NA	NA	NA	NA	NA	NA	NA	NA	NA	NA	NA	NA	NA	NA	NA	NA	NA	NA	NA	NA	NA	NA	NA	NA	NA	NA	NA	NA	NA	NA	NA	NA	NA	NA	NA	NA	NA	NA	NA	NA	NA	NA	NA	NA	NA	NA	NA	NA	NA	NA	NA	NA	NA	NA	NA	NA
cg18274510	0.635523515391679	0.64851170026617	0.758307682171525	0.858367596509747	0.705336084500925	0.74512374419397	0.852294616786987	0.416882672855928	0.83171581850069	0.676611688261931	0.788890798929196	0.450574477957611	0.563011086527317	0.435651458286321	0.727396946195612	0.748482474697386	0.832196257236518	0.876486655285312	0.732838592475772	0.556588309919507	0.71354984771797	0.786923629173031	0.776556265884235	0.779291218257208	0.759729756775304	0.836052758466522	0.648317571683463	0.651842174225705	0.776437377018205	0.651012533532004	0.905246255535417	0.846632687581871	0.602574928044642	0.377775080618792	0.836041051595489	0.852166386980667	0.81243989852433	0.874157345599479	0.674498198663033	0.77024935565109	0.577380710000427	0.753839114084724	0.695144292613942	0.710065038189455	0.823390653491869	0.658530986182012	0.852199210916331	0.687904947844291	0.889668621814805	0.798658358172341	0.559543570859385	0.601083228275909	0.69331645039297	0.800015502876841	0.570585496634981	0.792047715508866	0.763584127023688	0.6751908318131	0.89276448910564	0.876845894041297	0.808288016971346	0.864332366943041	0.601439029945323	0.758821458018983	0.759650582362477	0.774748802248082	0.686356397077914	0.804105881884784	0.809667310736792	0.823423965416055	0.502716860240256	0.787151160335132	0.711667126077135	0.801736662819044	0.89320541705281	0.804902372897251	0.615647421394189	0.709510790518471	0.694636950272027	0.709213897088828	0.635781564433222	0.859222534870701	0.418783251554173	0.763664271273333	0.430719130915553	0.758078982752747	0.646951233371572	0.699228550965226	0.804808768829463	0.74305901785049	0.858654193302387	0.804029250414295	0.72830581414708	0.882979627536738	0.456121681754176	0.691160450229758	0.747286717671474	0.697620396718941	0.673521955795893
cg18274732	NA	NA	NA	NA	NA	NA	NA	NA	NA	NA	NA	NA	NA	NA	NA	NA	NA	NA	NA	NA	NA	NA	NA	NA	NA	NA	NA	NA	NA	NA	NA	NA	NA	NA	NA	NA	NA	NA	NA	NA	NA	NA	NA	NA	NA	NA	NA	NA	NA	NA	NA	NA	NA	NA	NA	NA	NA	NA	NA	NA	NA	NA	NA	NA	NA	NA	NA	NA	NA	NA	NA	NA	NA	NA	NA	NA	NA	NA	NA	NA	NA	NA	NA	NA	NA	NA	NA	NA	NA	NA	NA	NA	NA	NA	NA	NA	NA	NA	NA
cg18275339	NA	NA	NA	NA	NA	NA	NA	NA	NA	NA	NA	NA	NA	NA	NA	NA	NA	NA	NA	NA	NA	NA	NA	NA	NA	NA	NA	NA	NA	NA	NA	NA	NA	NA	NA	NA	NA	NA	NA	NA	NA	NA	NA	NA	NA	NA	NA	NA	NA	NA	NA	NA	NA	NA	NA	NA	NA	NA	NA	NA	NA	NA	NA	NA	NA	NA	NA	NA	NA	NA	NA	NA	NA	NA	NA	NA	NA	NA	NA	NA	NA	NA	NA	NA	NA	NA	NA	NA	NA	NA	NA	NA	NA	NA	NA	NA	NA	NA	NA
cg18296448	NA	NA	NA	NA	NA	NA	NA	NA	NA	NA	NA	NA	NA	NA	NA	NA	NA	NA	NA	NA	NA	NA	NA	NA	NA	NA	NA	NA	NA	NA	NA	NA	NA	NA	NA	NA	NA	NA	NA	NA	NA	NA	NA	NA	NA	NA	NA	NA	NA	NA	NA	NA	NA	NA	NA	NA	NA	NA	NA	NA	NA	NA	NA	NA	NA	NA	NA	NA	NA	NA	NA	NA	NA	NA	NA	NA	NA	NA	NA	NA	NA	NA	NA	NA	NA	NA	NA	NA	NA	NA	NA	NA	NA	NA	NA	NA	NA	NA	NA
cg18309935	NA	NA	NA	NA	NA	NA	NA	NA	NA	NA	NA	NA	NA	NA	NA	NA	NA	NA	NA	NA	NA	NA	NA	NA	NA	NA	NA	NA	NA	NA	NA	NA	NA	NA	NA	NA	NA	NA	NA	NA	NA	NA	NA	NA	NA	NA	NA	NA	NA	NA	NA	NA	NA	NA	NA	NA	NA	NA	NA	NA	NA	NA	NA	NA	NA	NA	NA	NA	NA	NA	NA	NA	NA	NA	NA	NA	NA	NA	NA	NA	NA	NA	NA	NA	NA	NA	NA	NA	NA	NA	NA	NA	NA	NA	NA	NA	NA	NA	NA
cg18360585	NA	NA	NA	NA	NA	NA	NA	NA	NA	NA	NA	NA	NA	NA	NA	NA	NA	NA	NA	NA	NA	NA	NA	NA	NA	NA	NA	NA	NA	NA	NA	NA	NA	NA	NA	NA	NA	NA	NA	NA	NA	NA	NA	NA	NA	NA	NA	NA	NA	NA	NA	NA	NA	NA	NA	NA	NA	NA	NA	NA	NA	NA	NA	NA	NA	NA	NA	NA	NA	NA	NA	NA	NA	NA	NA	NA	NA	NA	NA	NA	NA	NA	NA	NA	NA	NA	NA	NA	NA	NA	NA	NA	NA	NA	NA	NA	NA	NA	NA
cg18381729	NA	NA	NA	NA	NA	NA	NA	NA	NA	NA	NA	NA	NA	NA	NA	NA	NA	NA	NA	NA	NA	NA	NA	NA	NA	NA	NA	NA	NA	NA	NA	NA	NA	NA	NA	NA	NA	NA	NA	NA	NA	NA	NA	NA	NA	NA	NA	NA	NA	NA	NA	NA	NA	NA	NA	NA	NA	NA	NA	NA	NA	NA	NA	NA	NA	NA	NA	NA	NA	NA	NA	NA	NA	NA	NA	NA	NA	NA	NA	NA	NA	NA	NA	NA	NA	NA	NA	NA	NA	NA	NA	NA	NA	NA	NA	NA	NA	NA	NA
cg18401511	NA	NA	NA	NA	NA	NA	NA	NA	NA	NA	NA	NA	NA	NA	NA	NA	NA	NA	NA	NA	NA	NA	NA	NA	NA	NA	NA	NA	NA	NA	NA	NA	NA	NA	NA	NA	NA	NA	NA	NA	NA	NA	NA	NA	NA	NA	NA	NA	NA	NA	NA	NA	NA	NA	NA	NA	NA	NA	NA	NA	NA	NA	NA	NA	NA	NA	NA	NA	NA	NA	NA	NA	NA	NA	NA	NA	NA	NA	NA	NA	NA	NA	NA	NA	NA	NA	NA	NA	NA	NA	NA	NA	NA	NA	NA	NA	NA	NA	NA
cg18402433	NA	NA	NA	NA	NA	NA	NA	NA	NA	NA	NA	NA	NA	NA	NA	NA	NA	NA	NA	NA	NA	NA	NA	NA	NA	NA	NA	NA	NA	NA	NA	NA	NA	NA	NA	NA	NA	NA	NA	NA	NA	NA	NA	NA	NA	NA	NA	NA	NA	NA	NA	NA	NA	NA	NA	NA	NA	NA	NA	NA	NA	NA	NA	NA	NA	NA	NA	NA	NA	NA	NA	NA	NA	NA	NA	NA	NA	NA	NA	NA	NA	NA	NA	NA	NA	NA	NA	NA	NA	NA	NA	NA	NA	NA	NA	NA	NA	NA	NA
cg18458116	NA	NA	NA	NA	NA	NA	NA	NA	NA	NA	NA	NA	NA	NA	NA	NA	NA	NA	NA	NA	NA	NA	NA	NA	NA	NA	NA	NA	NA	NA	NA	NA	NA	NA	NA	NA	NA	NA	NA	NA	NA	NA	NA	NA	NA	NA	NA	NA	NA	NA	NA	NA	NA	NA	NA	NA	NA	NA	NA	NA	NA	NA	NA	NA	NA	NA	NA	NA	NA	NA	NA	NA	NA	NA	NA	NA	NA	NA	NA	NA	NA	NA	NA	NA	NA	NA	NA	NA	NA	NA	NA	NA	NA	NA	NA	NA	NA	NA	NA
cg18461093	NA	NA	NA	NA	NA	NA	NA	NA	NA	NA	NA	NA	NA	NA	NA	NA	NA	NA	NA	NA	NA	NA	NA	NA	NA	NA	NA	NA	NA	NA	NA	NA	NA	NA	NA	NA	NA	NA	NA	NA	NA	NA	NA	NA	NA	NA	NA	NA	NA	NA	NA	NA	NA	NA	NA	NA	NA	NA	NA	NA	NA	NA	NA	NA	NA	NA	NA	NA	NA	NA	NA	NA	NA	NA	NA	NA	NA	NA	NA	NA	NA	NA	NA	NA	NA	NA	NA	NA	NA	NA	NA	NA	NA	NA	NA	NA	NA	NA	NA
cg18474718	NA	NA	NA	NA	NA	NA	NA	NA	NA	NA	NA	NA	NA	NA	NA	NA	NA	NA	NA	NA	NA	NA	NA	NA	NA	NA	NA	NA	NA	NA	NA	NA	NA	NA	NA	NA	NA	NA	NA	NA	NA	NA	NA	NA	NA	NA	NA	NA	NA	NA	NA	NA	NA	NA	NA	NA	NA	NA	NA	NA	NA	NA	NA	NA	NA	NA	NA	NA	NA	NA	NA	NA	NA	NA	NA	NA	NA	NA	NA	NA	NA	NA	NA	NA	NA	NA	NA	NA	NA	NA	NA	NA	NA	NA	NA	NA	NA	NA	NA
cg18494563	NA	NA	NA	NA	NA	NA	NA	NA	NA	NA	NA	NA	NA	NA	NA	NA	NA	NA	NA	NA	NA	NA	NA	NA	NA	NA	NA	NA	NA	NA	NA	NA	NA	NA	NA	NA	NA	NA	NA	NA	NA	NA	NA	NA	NA	NA	NA	NA	NA	NA	NA	NA	NA	NA	NA	NA	NA	NA	NA	NA	NA	NA	NA	NA	NA	NA	NA	NA	NA	NA	NA	NA	NA	NA	NA	NA	NA	NA	NA	NA	NA	NA	NA	NA	NA	NA	NA	NA	NA	NA	NA	NA	NA	NA	NA	NA	NA	NA	NA
cg18516241	NA	NA	NA	NA	NA	NA	NA	NA	NA	NA	NA	NA	NA	NA	NA	NA	NA	NA	NA	NA	NA	NA	NA	NA	NA	NA	NA	NA	NA	NA	NA	NA	NA	NA	NA	NA	NA	NA	NA	NA	NA	NA	NA	NA	NA	NA	NA	NA	NA	NA	NA	NA	NA	NA	NA	NA	NA	NA	NA	NA	NA	NA	NA	NA	NA	NA	NA	NA	NA	NA	NA	NA	NA	NA	NA	NA	NA	NA	NA	NA	NA	NA	NA	NA	NA	NA	NA	NA	NA	NA	NA	NA	NA	NA	NA	NA	NA	NA	NA
cg18522822	NA	NA	NA	NA	NA	NA	NA	NA	NA	NA	NA	NA	NA	NA	NA	NA	NA	NA	NA	NA	NA	NA	NA	NA	NA	NA	NA	NA	NA	NA	NA	NA	NA	NA	NA	NA	NA	NA	NA	NA	NA	NA	NA	NA	NA	NA	NA	NA	NA	NA	NA	NA	NA	NA	NA	NA	NA	NA	NA	NA	NA	NA	NA	NA	NA	NA	NA	NA	NA	NA	NA	NA	NA	NA	NA	NA	NA	NA	NA	NA	NA	NA	NA	NA	NA	NA	NA	NA	NA	NA	NA	NA	NA	NA	NA	NA	NA	NA	NA
cg18528124	NA	NA	NA	NA	NA	NA	NA	NA	NA	NA	NA	NA	NA	NA	NA	NA	NA	NA	NA	NA	NA	NA	NA	NA	NA	NA	NA	NA	NA	NA	NA	NA	NA	NA	NA	NA	NA	NA	NA	NA	NA	NA	NA	NA	NA	NA	NA	NA	NA	NA	NA	NA	NA	NA	NA	NA	NA	NA	NA	NA	NA	NA	NA	NA	NA	NA	NA	NA	NA	NA	NA	NA	NA	NA	NA	NA	NA	NA	NA	NA	NA	NA	NA	NA	NA	NA	NA	NA	NA	NA	NA	NA	NA	NA	NA	NA	NA	NA	NA
cg18545561	0.796212820805667	0.757337548811833	0.716837766423274	0.772708298870209	0.576278608783687	0.711472852559724	0.907600707494254	0.92329198653855	0.494102967523091	0.679666044125526	0.894136632433594	0.914219272617636	0.870556614335032	0.832505913108486	0.902690382577894	0.746223581076103	0.92465526163527	0.758395232960084	0.285036585891857	0.894269002262248	0.593101531145988	0.900269724065791	0.572016334250373	0.690487331376066	0.352487427984414	0.897638059628611	0.887833774651318	0.899981269290508	0.698442833362532	0.903602413208592	0.844266428168832	0.74549461351919	0.70362945034273	0.842571819005367	0.443558609789321	0.469466949832796	0.755202515325212	0.496118163487555	0.900889224644527	0.845244954810034	0.806631167167539	0.514615785685769	0.753325993734693	0.771459945579498	0.643318222276625	0.69639702429528	0.339907837265808	0.809292155199259	0.696232406503506	0.705736638485286	0.743936015525084	0.891090230841191	0.407296221179401	0.90190782222805	0.90342175454483	0.770042518144435	0.618413104309747	0.5697295784357	0.765864177824229	0.91778760190271	0.468241925402807	0.650915151288277	0.838557857333862	0.773929976307342	0.887269588187071	0.866879820965239	0.731033545346626	0.752561525970498	0.663172468049813	0.827015106400593	0.696423244699691	0.62756897168451	0.894049716724115	0.715505654585416	0.922101353017967	0.663832362924036	0.79322421231017	0.261841095327807	0.824043128141829	0.691326718669565	0.84684593818076	0.685834826918064	0.572226726628932	0.836549885088261	0.666645613310965	0.311451976454388	0.913047100476429	0.80364202584813	0.868737782207033	0.902034445158903	0.918414840433623	0.892536837075197	0.911018757782597	0.796414976514882	0.879355410672042	0.906199218592767	0.885491301122793	0.524208257813316	0.878744701136811
cg18569952	NA	NA	NA	NA	NA	NA	NA	NA	NA	NA	NA	NA	NA	NA	NA	NA	NA	NA	NA	NA	NA	NA	NA	NA	NA	NA	NA	NA	NA	NA	NA	NA	NA	NA	NA	NA	NA	NA	NA	NA	NA	NA	NA	NA	NA	NA	NA	NA	NA	NA	NA	NA	NA	NA	NA	NA	NA	NA	NA	NA	NA	NA	NA	NA	NA	NA	NA	NA	NA	NA	NA	NA	NA	NA	NA	NA	NA	NA	NA	NA	NA	NA	NA	NA	NA	NA	NA	NA	NA	NA	NA	NA	NA	NA	NA	NA	NA	NA	NA
cg18604215	NA	NA	NA	NA	NA	NA	NA	NA	NA	NA	NA	NA	NA	NA	NA	NA	NA	NA	NA	NA	NA	NA	NA	NA	NA	NA	NA	NA	NA	NA	NA	NA	NA	NA	NA	NA	NA	NA	NA	NA	NA	NA	NA	NA	NA	NA	NA	NA	NA	NA	NA	NA	NA	NA	NA	NA	NA	NA	NA	NA	NA	NA	NA	NA	NA	NA	NA	NA	NA	NA	NA	NA	NA	NA	NA	NA	NA	NA	NA	NA	NA	NA	NA	NA	NA	NA	NA	NA	NA	NA	NA	NA	NA	NA	NA	NA	NA	NA	NA
cg18623351	NA	NA	NA	NA	NA	NA	NA	NA	NA	NA	NA	NA	NA	NA	NA	NA	NA	NA	NA	NA	NA	NA	NA	NA	NA	NA	NA	NA	NA	NA	NA	NA	NA	NA	NA	NA	NA	NA	NA	NA	NA	NA	NA	NA	NA	NA	NA	NA	NA	NA	NA	NA	NA	NA	NA	NA	NA	NA	NA	NA	NA	NA	NA	NA	NA	NA	NA	NA	NA	NA	NA	NA	NA	NA	NA	NA	NA	NA	NA	NA	NA	NA	NA	NA	NA	NA	NA	NA	NA	NA	NA	NA	NA	NA	NA	NA	NA	NA	NA
cg18625258	NA	NA	NA	NA	NA	NA	NA	NA	NA	NA	NA	NA	NA	NA	NA	NA	NA	NA	NA	NA	NA	NA	NA	NA	NA	NA	NA	NA	NA	NA	NA	NA	NA	NA	NA	NA	NA	NA	NA	NA	NA	NA	NA	NA	NA	NA	NA	NA	NA	NA	NA	NA	NA	NA	NA	NA	NA	NA	NA	NA	NA	NA	NA	NA	NA	NA	NA	NA	NA	NA	NA	NA	NA	NA	NA	NA	NA	NA	NA	NA	NA	NA	NA	NA	NA	NA	NA	NA	NA	NA	NA	NA	NA	NA	NA	NA	NA	NA	NA
cg18631513	NA	NA	NA	NA	NA	NA	NA	NA	NA	NA	NA	NA	NA	NA	NA	NA	NA	NA	NA	NA	NA	NA	NA	NA	NA	NA	NA	NA	NA	NA	NA	NA	NA	NA	NA	NA	NA	NA	NA	NA	NA	NA	NA	NA	NA	NA	NA	NA	NA	NA	NA	NA	NA	NA	NA	NA	NA	NA	NA	NA	NA	NA	NA	NA	NA	NA	NA	NA	NA	NA	NA	NA	NA	NA	NA	NA	NA	NA	NA	NA	NA	NA	NA	NA	NA	NA	NA	NA	NA	NA	NA	NA	NA	NA	NA	NA	NA	NA	NA
cg18637291	NA	NA	NA	NA	NA	NA	NA	NA	NA	NA	NA	NA	NA	NA	NA	NA	NA	NA	NA	NA	NA	NA	NA	NA	NA	NA	NA	NA	NA	NA	NA	NA	NA	NA	NA	NA	NA	NA	NA	NA	NA	NA	NA	NA	NA	NA	NA	NA	NA	NA	NA	NA	NA	NA	NA	NA	NA	NA	NA	NA	NA	NA	NA	NA	NA	NA	NA	NA	NA	NA	NA	NA	NA	NA	NA	NA	NA	NA	NA	NA	NA	NA	NA	NA	NA	NA	NA	NA	NA	NA	NA	NA	NA	NA	NA	NA	NA	NA	NA
cg18690712	NA	NA	NA	NA	NA	NA	NA	NA	NA	NA	NA	NA	NA	NA	NA	NA	NA	NA	NA	NA	NA	NA	NA	NA	NA	NA	NA	NA	NA	NA	NA	NA	NA	NA	NA	NA	NA	NA	NA	NA	NA	NA	NA	NA	NA	NA	NA	NA	NA	NA	NA	NA	NA	NA	NA	NA	NA	NA	NA	NA	NA	NA	NA	NA	NA	NA	NA	NA	NA	NA	NA	NA	NA	NA	NA	NA	NA	NA	NA	NA	NA	NA	NA	NA	NA	NA	NA	NA	NA	NA	NA	NA	NA	NA	NA	NA	NA	NA	NA
cg18738114	NA	NA	NA	NA	NA	NA	NA	NA	NA	NA	NA	NA	NA	NA	NA	NA	NA	NA	NA	NA	NA	NA	NA	NA	NA	NA	NA	NA	NA	NA	NA	NA	NA	NA	NA	NA	NA	NA	NA	NA	NA	NA	NA	NA	NA	NA	NA	NA	NA	NA	NA	NA	NA	NA	NA	NA	NA	NA	NA	NA	NA	NA	NA	NA	NA	NA	NA	NA	NA	NA	NA	NA	NA	NA	NA	NA	NA	NA	NA	NA	NA	NA	NA	NA	NA	NA	NA	NA	NA	NA	NA	NA	NA	NA	NA	NA	NA	NA	NA
cg18771118	NA	NA	NA	NA	NA	NA	NA	NA	NA	NA	NA	NA	NA	NA	NA	NA	NA	NA	NA	NA	NA	NA	NA	NA	NA	NA	NA	NA	NA	NA	NA	NA	NA	NA	NA	NA	NA	NA	NA	NA	NA	NA	NA	NA	NA	NA	NA	NA	NA	NA	NA	NA	NA	NA	NA	NA	NA	NA	NA	NA	NA	NA	NA	NA	NA	NA	NA	NA	NA	NA	NA	NA	NA	NA	NA	NA	NA	NA	NA	NA	NA	NA	NA	NA	NA	NA	NA	NA	NA	NA	NA	NA	NA	NA	NA	NA	NA	NA	NA
cg18793886	NA	NA	NA	NA	NA	NA	NA	NA	NA	NA	NA	NA	NA	NA	NA	NA	NA	NA	NA	NA	NA	NA	NA	NA	NA	NA	NA	NA	NA	NA	NA	NA	NA	NA	NA	NA	NA	NA	NA	NA	NA	NA	NA	NA	NA	NA	NA	NA	NA	NA	NA	NA	NA	NA	NA	NA	NA	NA	NA	NA	NA	NA	NA	NA	NA	NA	NA	NA	NA	NA	NA	NA	NA	NA	NA	NA	NA	NA	NA	NA	NA	NA	NA	NA	NA	NA	NA	NA	NA	NA	NA	NA	NA	NA	NA	NA	NA	NA	NA
cg18802268	0.789718961051148	0.913591934010816	0.753878188149785	0.775037753259531	0.874467086693498	0.655077485288383	0.863163154603302	0.309241040353217	0.546269230855179	0.294834696330132	0.731727601577961	0.899727068996105	0.912949162825448	0.281686096290033	0.888162657379311	0.835871411585411	0.77271038678168	0.612527655341464	0.800028473644869	0.585076996641172	0.673162635683112	0.614926838073501	0.692848219405415	0.731403500496335	0.439734994494854	0.85900539087164	0.890536635257589	0.44770163428992	0.825413988609667	0.741604701992091	0.78521770100444	0.870554960273684	0.833701348313881	0.863658232082365	0.754387178791179	0.808443985704155	0.758378144385839	0.578716345200337	0.891200427767355	0.774906775075475	0.780889992965764	0.920779753163461	0.587717327966056	0.778307881620351	0.423977381565772	0.691816789231438	0.883514893726959	0.664474564855344	0.626795134352394	0.616078549530229	0.656133014026921	0.644762035749387	0.638556611199191	0.807312613089301	0.833870870579133	0.59629639050426	0.805910613242502	0.471982749184154	0.754801891421117	0.808913383167839	0.570504839875074	0.255689223975133	0.733409453817598	0.827538911624052	0.813893213638194	0.846625368025429	0.687128664788406	0.778726754457629	0.72792548250375	0.865323949335408	0.859712988568166	0.831159167405629	0.901256168636486	0.595298255173007	0.920478831431168	0.865797777258642	0.914343337544274	0.829640807018365	0.626825253860282	0.629015657395849	0.476534575333535	0.644223931791216	0.354458175379853	0.869962583368503	0.864834690228408	0.390326728129762	0.812005728594796	0.859395457086173	0.832468049313985	0.905447463850983	0.942690930043768	0.815662971360374	0.699057321331685	0.436676107583883	0.882736551403371	0.826523990863303	0.718450154604991	0.817688894882009	0.850812419593911
cg18817246	NA	NA	NA	NA	NA	NA	NA	NA	NA	NA	NA	NA	NA	NA	NA	NA	NA	NA	NA	NA	NA	NA	NA	NA	NA	NA	NA	NA	NA	NA	NA	NA	NA	NA	NA	NA	NA	NA	NA	NA	NA	NA	NA	NA	NA	NA	NA	NA	NA	NA	NA	NA	NA	NA	NA	NA	NA	NA	NA	NA	NA	NA	NA	NA	NA	NA	NA	NA	NA	NA	NA	NA	NA	NA	NA	NA	NA	NA	NA	NA	NA	NA	NA	NA	NA	NA	NA	NA	NA	NA	NA	NA	NA	NA	NA	NA	NA	NA	NA
cg18824501	NA	NA	NA	NA	NA	NA	NA	NA	NA	NA	NA	NA	NA	NA	NA	NA	NA	NA	NA	NA	NA	NA	NA	NA	NA	NA	NA	NA	NA	NA	NA	NA	NA	NA	NA	NA	NA	NA	NA	NA	NA	NA	NA	NA	NA	NA	NA	NA	NA	NA	NA	NA	NA	NA	NA	NA	NA	NA	NA	NA	NA	NA	NA	NA	NA	NA	NA	NA	NA	NA	NA	NA	NA	NA	NA	NA	NA	NA	NA	NA	NA	NA	NA	NA	NA	NA	NA	NA	NA	NA	NA	NA	NA	NA	NA	NA	NA	NA	NA
cg18879198	0.549840734542297	0.464073803354057	0.307505467174358	0.557967161421996	0.54190355740287	0.418156585959287	0.406142566953556	0.194497460389036	0.353866657908788	0.313653627715588	0.33707628073442	0.587254567624377	0.610343939455691	0.235923351674655	0.647185473404962	0.286152713244121	0.342627635364065	0.34536236921008	0.284092752213955	0.293307228752879	0.466509332745679	0.503466509536267	0.213236400215315	0.320487662133831	0.32992633601348	0.382733970441154	0.314474120203518	0.290415727902208	0.250468707312075	0.308647938980155	0.299211263817695	0.446749975903125	0.220509644841889	0.255005915201098	0.307661848931625	0.150129543837266	0.228222290823913	0.333347893850806	0.524940483092035	0.344065714797557	0.500988108244896	0.388350245865116	0.705746319001065	0.225152410381077	0.26796052258795	0.455998834564043	0.327239944055347	0.405358195152421	0.271335230020637	0.372364035316348	0.365796772387959	0.398750614786927	0.178862013315318	0.606188799063134	0.468522364827786	0.364202567826526	0.255961386961426	0.315049833553444	0.361924368749411	0.425986684819152	0.310430417697983	0.174205259867873	0.387432840928494	0.334742712064192	0.479485627618564	0.494632072118899	0.291889607532278	0.462254180899289	0.287975512227411	0.382512133991502	0.344727620156602	0.469159373855155	0.522476167199923	0.303779441781384	0.810145960589081	0.320169665798256	0.344307001877654	0.228939706298023	0.357836048645001	0.484576714343924	0.258547783645535	0.371973280251229	0.250746493721852	0.326857853846364	0.35360388094559	0.256044354486536	0.757446409956381	0.315688725307631	0.238720053444878	0.398876581433124	0.436573646722853	0.413389567821838	0.366068651823092	0.168341172940049	0.546917862823702	0.243397001468684	0.392671526475365	0.381570099612293	0.408791278535543
cg18917270	NA	NA	NA	NA	NA	NA	NA	NA	NA	NA	NA	NA	NA	NA	NA	NA	NA	NA	NA	NA	NA	NA	NA	NA	NA	NA	NA	NA	NA	NA	NA	NA	NA	NA	NA	NA	NA	NA	NA	NA	NA	NA	NA	NA	NA	NA	NA	NA	NA	NA	NA	NA	NA	NA	NA	NA	NA	NA	NA	NA	NA	NA	NA	NA	NA	NA	NA	NA	NA	NA	NA	NA	NA	NA	NA	NA	NA	NA	NA	NA	NA	NA	NA	NA	NA	NA	NA	NA	NA	NA	NA	NA	NA	NA	NA	NA	NA	NA	NA
cg18918365	NA	NA	NA	NA	NA	NA	NA	NA	NA	NA	NA	NA	NA	NA	NA	NA	NA	NA	NA	NA	NA	NA	NA	NA	NA	NA	NA	NA	NA	NA	NA	NA	NA	NA	NA	NA	NA	NA	NA	NA	NA	NA	NA	NA	NA	NA	NA	NA	NA	NA	NA	NA	NA	NA	NA	NA	NA	NA	NA	NA	NA	NA	NA	NA	NA	NA	NA	NA	NA	NA	NA	NA	NA	NA	NA	NA	NA	NA	NA	NA	NA	NA	NA	NA	NA	NA	NA	NA	NA	NA	NA	NA	NA	NA	NA	NA	NA	NA	NA
cg18920490	NA	NA	NA	NA	NA	NA	NA	NA	NA	NA	NA	NA	NA	NA	NA	NA	NA	NA	NA	NA	NA	NA	NA	NA	NA	NA	NA	NA	NA	NA	NA	NA	NA	NA	NA	NA	NA	NA	NA	NA	NA	NA	NA	NA	NA	NA	NA	NA	NA	NA	NA	NA	NA	NA	NA	NA	NA	NA	NA	NA	NA	NA	NA	NA	NA	NA	NA	NA	NA	NA	NA	NA	NA	NA	NA	NA	NA	NA	NA	NA	NA	NA	NA	NA	NA	NA	NA	NA	NA	NA	NA	NA	NA	NA	NA	NA	NA	NA	NA
cg19007523	NA	NA	NA	NA	NA	NA	NA	NA	NA	NA	NA	NA	NA	NA	NA	NA	NA	NA	NA	NA	NA	NA	NA	NA	NA	NA	NA	NA	NA	NA	NA	NA	NA	NA	NA	NA	NA	NA	NA	NA	NA	NA	NA	NA	NA	NA	NA	NA	NA	NA	NA	NA	NA	NA	NA	NA	NA	NA	NA	NA	NA	NA	NA	NA	NA	NA	NA	NA	NA	NA	NA	NA	NA	NA	NA	NA	NA	NA	NA	NA	NA	NA	NA	NA	NA	NA	NA	NA	NA	NA	NA	NA	NA	NA	NA	NA	NA	NA	NA
cg19066691	NA	NA	NA	NA	NA	NA	NA	NA	NA	NA	NA	NA	NA	NA	NA	NA	NA	NA	NA	NA	NA	NA	NA	NA	NA	NA	NA	NA	NA	NA	NA	NA	NA	NA	NA	NA	NA	NA	NA	NA	NA	NA	NA	NA	NA	NA	NA	NA	NA	NA	NA	NA	NA	NA	NA	NA	NA	NA	NA	NA	NA	NA	NA	NA	NA	NA	NA	NA	NA	NA	NA	NA	NA	NA	NA	NA	NA	NA	NA	NA	NA	NA	NA	NA	NA	NA	NA	NA	NA	NA	NA	NA	NA	NA	NA	NA	NA	NA	NA
cg19071460	NA	NA	NA	NA	NA	NA	NA	NA	NA	NA	NA	NA	NA	NA	NA	NA	NA	NA	NA	NA	NA	NA	NA	NA	NA	NA	NA	NA	NA	NA	NA	NA	NA	NA	NA	NA	NA	NA	NA	NA	NA	NA	NA	NA	NA	NA	NA	NA	NA	NA	NA	NA	NA	NA	NA	NA	NA	NA	NA	NA	NA	NA	NA	NA	NA	NA	NA	NA	NA	NA	NA	NA	NA	NA	NA	NA	NA	NA	NA	NA	NA	NA	NA	NA	NA	NA	NA	NA	NA	NA	NA	NA	NA	NA	NA	NA	NA	NA	NA
cg19075506	NA	NA	NA	NA	NA	NA	NA	NA	NA	NA	NA	NA	NA	NA	NA	NA	NA	NA	NA	NA	NA	NA	NA	NA	NA	NA	NA	NA	NA	NA	NA	NA	NA	NA	NA	NA	NA	NA	NA	NA	NA	NA	NA	NA	NA	NA	NA	NA	NA	NA	NA	NA	NA	NA	NA	NA	NA	NA	NA	NA	NA	NA	NA	NA	NA	NA	NA	NA	NA	NA	NA	NA	NA	NA	NA	NA	NA	NA	NA	NA	NA	NA	NA	NA	NA	NA	NA	NA	NA	NA	NA	NA	NA	NA	NA	NA	NA	NA	NA
cg19112359	NA	NA	NA	NA	NA	NA	NA	NA	NA	NA	NA	NA	NA	NA	NA	NA	NA	NA	NA	NA	NA	NA	NA	NA	NA	NA	NA	NA	NA	NA	NA	NA	NA	NA	NA	NA	NA	NA	NA	NA	NA	NA	NA	NA	NA	NA	NA	NA	NA	NA	NA	NA	NA	NA	NA	NA	NA	NA	NA	NA	NA	NA	NA	NA	NA	NA	NA	NA	NA	NA	NA	NA	NA	NA	NA	NA	NA	NA	NA	NA	NA	NA	NA	NA	NA	NA	NA	NA	NA	NA	NA	NA	NA	NA	NA	NA	NA	NA	NA
cg19182919	NA	NA	NA	NA	NA	NA	NA	NA	NA	NA	NA	NA	NA	NA	NA	NA	NA	NA	NA	NA	NA	NA	NA	NA	NA	NA	NA	NA	NA	NA	NA	NA	NA	NA	NA	NA	NA	NA	NA	NA	NA	NA	NA	NA	NA	NA	NA	NA	NA	NA	NA	NA	NA	NA	NA	NA	NA	NA	NA	NA	NA	NA	NA	NA	NA	NA	NA	NA	NA	NA	NA	NA	NA	NA	NA	NA	NA	NA	NA	NA	NA	NA	NA	NA	NA	NA	NA	NA	NA	NA	NA	NA	NA	NA	NA	NA	NA	NA	NA
cg19193943	NA	NA	NA	NA	NA	NA	NA	NA	NA	NA	NA	NA	NA	NA	NA	NA	NA	NA	NA	NA	NA	NA	NA	NA	NA	NA	NA	NA	NA	NA	NA	NA	NA	NA	NA	NA	NA	NA	NA	NA	NA	NA	NA	NA	NA	NA	NA	NA	NA	NA	NA	NA	NA	NA	NA	NA	NA	NA	NA	NA	NA	NA	NA	NA	NA	NA	NA	NA	NA	NA	NA	NA	NA	NA	NA	NA	NA	NA	NA	NA	NA	NA	NA	NA	NA	NA	NA	NA	NA	NA	NA	NA	NA	NA	NA	NA	NA	NA	NA
cg19240584	NA	NA	NA	NA	NA	NA	NA	NA	NA	NA	NA	NA	NA	NA	NA	NA	NA	NA	NA	NA	NA	NA	NA	NA	NA	NA	NA	NA	NA	NA	NA	NA	NA	NA	NA	NA	NA	NA	NA	NA	NA	NA	NA	NA	NA	NA	NA	NA	NA	NA	NA	NA	NA	NA	NA	NA	NA	NA	NA	NA	NA	NA	NA	NA	NA	NA	NA	NA	NA	NA	NA	NA	NA	NA	NA	NA	NA	NA	NA	NA	NA	NA	NA	NA	NA	NA	NA	NA	NA	NA	NA	NA	NA	NA	NA	NA	NA	NA	NA
cg19263575	NA	NA	NA	NA	NA	NA	NA	NA	NA	NA	NA	NA	NA	NA	NA	NA	NA	NA	NA	NA	NA	NA	NA	NA	NA	NA	NA	NA	NA	NA	NA	NA	NA	NA	NA	NA	NA	NA	NA	NA	NA	NA	NA	NA	NA	NA	NA	NA	NA	NA	NA	NA	NA	NA	NA	NA	NA	NA	NA	NA	NA	NA	NA	NA	NA	NA	NA	NA	NA	NA	NA	NA	NA	NA	NA	NA	NA	NA	NA	NA	NA	NA	NA	NA	NA	NA	NA	NA	NA	NA	NA	NA	NA	NA	NA	NA	NA	NA	NA
cg19265948	NA	NA	NA	NA	NA	NA	NA	NA	NA	NA	NA	NA	NA	NA	NA	NA	NA	NA	NA	NA	NA	NA	NA	NA	NA	NA	NA	NA	NA	NA	NA	NA	NA	NA	NA	NA	NA	NA	NA	NA	NA	NA	NA	NA	NA	NA	NA	NA	NA	NA	NA	NA	NA	NA	NA	NA	NA	NA	NA	NA	NA	NA	NA	NA	NA	NA	NA	NA	NA	NA	NA	NA	NA	NA	NA	NA	NA	NA	NA	NA	NA	NA	NA	NA	NA	NA	NA	NA	NA	NA	NA	NA	NA	NA	NA	NA	NA	NA	NA
cg19316897	NA	NA	NA	NA	NA	NA	NA	NA	NA	NA	NA	NA	NA	NA	NA	NA	NA	NA	NA	NA	NA	NA	NA	NA	NA	NA	NA	NA	NA	NA	NA	NA	NA	NA	NA	NA	NA	NA	NA	NA	NA	NA	NA	NA	NA	NA	NA	NA	NA	NA	NA	NA	NA	NA	NA	NA	NA	NA	NA	NA	NA	NA	NA	NA	NA	NA	NA	NA	NA	NA	NA	NA	NA	NA	NA	NA	NA	NA	NA	NA	NA	NA	NA	NA	NA	NA	NA	NA	NA	NA	NA	NA	NA	NA	NA	NA	NA	NA	NA
cg19444390	NA	NA	NA	NA	NA	NA	NA	NA	NA	NA	NA	NA	NA	NA	NA	NA	NA	NA	NA	NA	NA	NA	NA	NA	NA	NA	NA	NA	NA	NA	NA	NA	NA	NA	NA	NA	NA	NA	NA	NA	NA	NA	NA	NA	NA	NA	NA	NA	NA	NA	NA	NA	NA	NA	NA	NA	NA	NA	NA	NA	NA	NA	NA	NA	NA	NA	NA	NA	NA	NA	NA	NA	NA	NA	NA	NA	NA	NA	NA	NA	NA	NA	NA	NA	NA	NA	NA	NA	NA	NA	NA	NA	NA	NA	NA	NA	NA	NA	NA
cg19457121	NA	NA	NA	NA	NA	NA	NA	NA	NA	NA	NA	NA	NA	NA	NA	NA	NA	NA	NA	NA	NA	NA	NA	NA	NA	NA	NA	NA	NA	NA	NA	NA	NA	NA	NA	NA	NA	NA	NA	NA	NA	NA	NA	NA	NA	NA	NA	NA	NA	NA	NA	NA	NA	NA	NA	NA	NA	NA	NA	NA	NA	NA	NA	NA	NA	NA	NA	NA	NA	NA	NA	NA	NA	NA	NA	NA	NA	NA	NA	NA	NA	NA	NA	NA	NA	NA	NA	NA	NA	NA	NA	NA	NA	NA	NA	NA	NA	NA	NA
cg19493162	NA	NA	NA	NA	NA	NA	NA	NA	NA	NA	NA	NA	NA	NA	NA	NA	NA	NA	NA	NA	NA	NA	NA	NA	NA	NA	NA	NA	NA	NA	NA	NA	NA	NA	NA	NA	NA	NA	NA	NA	NA	NA	NA	NA	NA	NA	NA	NA	NA	NA	NA	NA	NA	NA	NA	NA	NA	NA	NA	NA	NA	NA	NA	NA	NA	NA	NA	NA	NA	NA	NA	NA	NA	NA	NA	NA	NA	NA	NA	NA	NA	NA	NA	NA	NA	NA	NA	NA	NA	NA	NA	NA	NA	NA	NA	NA	NA	NA	NA
cg19502207	0.729462893464316	NA	0.604192420997804	0.23226692402003	0.522288412953958	0.646211487912344	0.554741179883226	0.233669845247905	NA	0.212308289650939	0.608813600994203	0.330641248753252	0.791960169496389	NA	0.844057404310909	NA	0.457218011421137	0.613633599461581	NA	0.522197002488858	0.67114656477353	0.680036822929716	NA	0.368611195130448	0.788473780309865	0.690286070015598	0.370771780503827	0.398076694697384	0.41019333872805	0.160283589405779	0.357813333096972	0.58559654221111	NA	0.321612187936809	0.406819860359798	NA	0.162750103299376	0.216545446679854	0.53064068101646	0.655863385766375	0.232029823035738	0.475413808543641	0.351405396219887	NA	NA	0.570701967642708	NA	0.621365421268512	NA	0.47340241832206	0.494374605346441	0.758408530819752	0.204570682671307	0.758986939301987	0.654383992716619	0.590136251099727	0.349828556122532	0.565155641529617	NA	0.694312837755282	0.510308628958147	0.199837356116207	NA	0.314582899031592	NA	0.299595161009917	NA	0.424944858783327	0.270816996379396	0.662375141675211	0.246042486656498	0.570298353875262	0.318840026739866	0.694542117344859	0.734028847818923	0.563697207847282	0.572071432092804	0.192707987608977	0.662515998500798	0.6839499411479	NA	0.354024665257091	0.575053886728716	0.817352546718789	0.516104817757186	0.405838589635689	0.302568890397934	0.647854446695574	NA	0.490578037279664	0.283293568758824	0.716280636840887	NA	0.113127227522522	0.553071474090134	0.521888240271282	0.541074986802633	0.490093490179703	0.856727898495966
cg19513514	NA	NA	NA	NA	NA	NA	NA	NA	NA	NA	NA	NA	NA	NA	NA	NA	NA	NA	NA	NA	NA	NA	NA	NA	NA	NA	NA	NA	NA	NA	NA	NA	NA	NA	NA	NA	NA	NA	NA	NA	NA	NA	NA	NA	NA	NA	NA	NA	NA	NA	NA	NA	NA	NA	NA	NA	NA	NA	NA	NA	NA	NA	NA	NA	NA	NA	NA	NA	NA	NA	NA	NA	NA	NA	NA	NA	NA	NA	NA	NA	NA	NA	NA	NA	NA	NA	NA	NA	NA	NA	NA	NA	NA	NA	NA	NA	NA	NA	NA
cg19521438	NA	NA	NA	NA	NA	NA	NA	NA	NA	NA	NA	NA	NA	NA	NA	NA	NA	NA	NA	NA	NA	NA	NA	NA	NA	NA	NA	NA	NA	NA	NA	NA	NA	NA	NA	NA	NA	NA	NA	NA	NA	NA	NA	NA	NA	NA	NA	NA	NA	NA	NA	NA	NA	NA	NA	NA	NA	NA	NA	NA	NA	NA	NA	NA	NA	NA	NA	NA	NA	NA	NA	NA	NA	NA	NA	NA	NA	NA	NA	NA	NA	NA	NA	NA	NA	NA	NA	NA	NA	NA	NA	NA	NA	NA	NA	NA	NA	NA	NA
cg19532617	NA	NA	NA	NA	NA	NA	NA	NA	NA	NA	NA	NA	NA	NA	NA	NA	NA	NA	NA	NA	NA	NA	NA	NA	NA	NA	NA	NA	NA	NA	NA	NA	NA	NA	NA	NA	NA	NA	NA	NA	NA	NA	NA	NA	NA	NA	NA	NA	NA	NA	NA	NA	NA	NA	NA	NA	NA	NA	NA	NA	NA	NA	NA	NA	NA	NA	NA	NA	NA	NA	NA	NA	NA	NA	NA	NA	NA	NA	NA	NA	NA	NA	NA	NA	NA	NA	NA	NA	NA	NA	NA	NA	NA	NA	NA	NA	NA	NA	NA
cg19563410	NA	NA	NA	NA	NA	NA	NA	NA	NA	NA	NA	NA	NA	NA	NA	NA	NA	NA	NA	NA	NA	NA	NA	NA	NA	NA	NA	NA	NA	NA	NA	NA	NA	NA	NA	NA	NA	NA	NA	NA	NA	NA	NA	NA	NA	NA	NA	NA	NA	NA	NA	NA	NA	NA	NA	NA	NA	NA	NA	NA	NA	NA	NA	NA	NA	NA	NA	NA	NA	NA	NA	NA	NA	NA	NA	NA	NA	NA	NA	NA	NA	NA	NA	NA	NA	NA	NA	NA	NA	NA	NA	NA	NA	NA	NA	NA	NA	NA	NA
cg19565241	NA	NA	NA	NA	NA	NA	NA	NA	NA	NA	NA	NA	NA	NA	NA	NA	NA	NA	NA	NA	NA	NA	NA	NA	NA	NA	NA	NA	NA	NA	NA	NA	NA	NA	NA	NA	NA	NA	NA	NA	NA	NA	NA	NA	NA	NA	NA	NA	NA	NA	NA	NA	NA	NA	NA	NA	NA	NA	NA	NA	NA	NA	NA	NA	NA	NA	NA	NA	NA	NA	NA	NA	NA	NA	NA	NA	NA	NA	NA	NA	NA	NA	NA	NA	NA	NA	NA	NA	NA	NA	NA	NA	NA	NA	NA	NA	NA	NA	NA
cg19605592	NA	NA	NA	NA	NA	NA	NA	NA	NA	NA	NA	NA	NA	NA	NA	NA	NA	NA	NA	NA	NA	NA	NA	NA	NA	NA	NA	NA	NA	NA	NA	NA	NA	NA	NA	NA	NA	NA	NA	NA	NA	NA	NA	NA	NA	NA	NA	NA	NA	NA	NA	NA	NA	NA	NA	NA	NA	NA	NA	NA	NA	NA	NA	NA	NA	NA	NA	NA	NA	NA	NA	NA	NA	NA	NA	NA	NA	NA	NA	NA	NA	NA	NA	NA	NA	NA	NA	NA	NA	NA	NA	NA	NA	NA	NA	NA	NA	NA	NA
cg19645839	NA	NA	NA	NA	NA	NA	NA	NA	NA	NA	NA	NA	NA	NA	NA	NA	NA	NA	NA	NA	NA	NA	NA	NA	NA	NA	NA	NA	NA	NA	NA	NA	NA	NA	NA	NA	NA	NA	NA	NA	NA	NA	NA	NA	NA	NA	NA	NA	NA	NA	NA	NA	NA	NA	NA	NA	NA	NA	NA	NA	NA	NA	NA	NA	NA	NA	NA	NA	NA	NA	NA	NA	NA	NA	NA	NA	NA	NA	NA	NA	NA	NA	NA	NA	NA	NA	NA	NA	NA	NA	NA	NA	NA	NA	NA	NA	NA	NA	NA
cg19655704	0.894400033542835	0.894934727426255	0.939105115285923	0.944760894228366	0.922233468561157	0.940455502409541	0.899052271306787	0.920718147940884	0.933922113450936	0.900621867717766	0.930909485394602	0.871350781338671	0.887174352188642	0.907993334645408	0.907391695334512	0.952508091334062	0.918141634971394	0.87680028130091	0.91940414461231	0.941854795100017	0.922432836283278	0.904463953985521	0.934447417904983	0.907690404579052	0.919143856026249	0.949449173567171	0.954158352171109	0.94257186347687	0.93340032102831	0.910166751166149	0.940262665157336	0.9294933294118	0.906548575395362	0.921387931338101	0.922664608033285	0.93663786536148	0.963565365467388	0.940485316203997	0.920432726233479	0.896142448292869	0.942069853879145	0.954049334157868	0.872683811249256	0.950620136341678	0.939563569880932	0.925498925841651	0.935259565286058	0.921665781503595	0.952070581162833	0.925701499867295	0.930156656330301	0.893715843340871	0.941677597788263	0.957855118400678	0.909659368996919	0.865485958184021	0.956314252391675	0.949604794345706	0.920806748829552	0.939176211956614	0.913006789417465	0.933747739906155	0.947079013114335	0.946609326198729	0.962695663303797	0.910989219559822	0.912198309438654	0.919179302386893	0.930938612000396	0.924680508574516	0.922855393852856	0.950723582735019	0.939241878657018	0.891361431795227	0.893680433533997	0.88562853955929	0.949086832561098	0.941815435767821	0.862205605996586	0.88062860211865	0.888840164162154	0.912884124174	0.931235055306155	0.921049731093836	0.93960375347311	0.913330473434081	0.912814415762851	0.940149387361628	0.921019865493223	0.934869278734207	0.951613537103872	0.878044105436295	0.914696143578287	0.946968716793808	0.912820909727049	0.905735813469366	0.907713364181792	0.886266110083154	0.935274680778778
cg19665882	NA	NA	NA	NA	NA	NA	NA	NA	NA	NA	NA	NA	NA	NA	NA	NA	NA	NA	NA	NA	NA	NA	NA	NA	NA	NA	NA	NA	NA	NA	NA	NA	NA	NA	NA	NA	NA	NA	NA	NA	NA	NA	NA	NA	NA	NA	NA	NA	NA	NA	NA	NA	NA	NA	NA	NA	NA	NA	NA	NA	NA	NA	NA	NA	NA	NA	NA	NA	NA	NA	NA	NA	NA	NA	NA	NA	NA	NA	NA	NA	NA	NA	NA	NA	NA	NA	NA	NA	NA	NA	NA	NA	NA	NA	NA	NA	NA	NA	NA
cg19674688	NA	NA	NA	NA	NA	NA	NA	NA	NA	NA	NA	NA	NA	NA	NA	NA	NA	NA	NA	NA	NA	NA	NA	NA	NA	NA	NA	NA	NA	NA	NA	NA	NA	NA	NA	NA	NA	NA	NA	NA	NA	NA	NA	NA	NA	NA	NA	NA	NA	NA	NA	NA	NA	NA	NA	NA	NA	NA	NA	NA	NA	NA	NA	NA	NA	NA	NA	NA	NA	NA	NA	NA	NA	NA	NA	NA	NA	NA	NA	NA	NA	NA	NA	NA	NA	NA	NA	NA	NA	NA	NA	NA	NA	NA	NA	NA	NA	NA	NA
cg19677184	NA	NA	NA	NA	NA	NA	NA	NA	NA	NA	NA	NA	NA	NA	NA	NA	NA	NA	NA	NA	NA	NA	NA	NA	NA	NA	NA	NA	NA	NA	NA	NA	NA	NA	NA	NA	NA	NA	NA	NA	NA	NA	NA	NA	NA	NA	NA	NA	NA	NA	NA	NA	NA	NA	NA	NA	NA	NA	NA	NA	NA	NA	NA	NA	NA	NA	NA	NA	NA	NA	NA	NA	NA	NA	NA	NA	NA	NA	NA	NA	NA	NA	NA	NA	NA	NA	NA	NA	NA	NA	NA	NA	NA	NA	NA	NA	NA	NA	NA
cg19677830	NA	NA	NA	NA	NA	NA	NA	NA	NA	NA	NA	NA	NA	NA	NA	NA	NA	NA	NA	NA	NA	NA	NA	NA	NA	NA	NA	NA	NA	NA	NA	NA	NA	NA	NA	NA	NA	NA	NA	NA	NA	NA	NA	NA	NA	NA	NA	NA	NA	NA	NA	NA	NA	NA	NA	NA	NA	NA	NA	NA	NA	NA	NA	NA	NA	NA	NA	NA	NA	NA	NA	NA	NA	NA	NA	NA	NA	NA	NA	NA	NA	NA	NA	NA	NA	NA	NA	NA	NA	NA	NA	NA	NA	NA	NA	NA	NA	NA	NA
cg19716125	NA	NA	NA	NA	NA	NA	NA	NA	NA	NA	NA	NA	NA	NA	NA	NA	NA	NA	NA	NA	NA	NA	NA	NA	NA	NA	NA	NA	NA	NA	NA	NA	NA	NA	NA	NA	NA	NA	NA	NA	NA	NA	NA	NA	NA	NA	NA	NA	NA	NA	NA	NA	NA	NA	NA	NA	NA	NA	NA	NA	NA	NA	NA	NA	NA	NA	NA	NA	NA	NA	NA	NA	NA	NA	NA	NA	NA	NA	NA	NA	NA	NA	NA	NA	NA	NA	NA	NA	NA	NA	NA	NA	NA	NA	NA	NA	NA	NA	NA
cg19718662	0.474312744931792	0.578613601088653	0.194487889190972	0.346132716248494	0.277860460404858	0.309601146357693	0.269090718906621	0.0902194766999426	0.195922560336741	0.129036922244544	0.1922951805465	0.454148876113513	0.4253326329725	0.419910644390056	0.445336990143371	0.10410005930273	0.203834663864507	0.244470170142012	0.109489832694911	0.168676629357069	0.369280004185211	0.375006794942132	0.096429565816263	0.269257020280288	0.259077960638389	0.238548722976988	0.26726252382251	0.178020375839837	0.158125258867095	0.192537628805499	0.248489551755294	0.359669318679418	0.12087256252963	0.163971888707897	0.207954406039199	0.0742787018623883	0.150977553062147	0.15814293075649	0.214667829608185	0.408366438875672	0.243119771994773	0.129679398103068	0.31960738169199	0.100793900948073	0.141264423018239	0.283502101431584	0.368285265427731	0.563711756420201	0.141518771087264	0.329980557229849	0.290935715908933	0.277578522827614	0.0713948998455126	0.516193121745998	0.440605846489429	0.207202048868443	0.0791985750148041	0.229976987656128	0.153435515912271	0.450023481584848	0.151152459014998	0.0672410170290462	0.305086710635322	0.251778549533943	0.150100790636853	0.411380629272007	0.181865400341064	0.354899448227719	0.152782722833555	0.218952154107231	0.235247296072503	0.34697645603765	0.483081733000265	0.206219047579639	0.415875525140799	0.169760539277544	0.221639372551912	0.0839301796331915	0.196674008755683	0.326447179681634	0.116105469816303	0.186558148921323	0.0922014438083445	0.199729667579939	0.25959338573457	0.140742307343975	0.320612814005766	0.121468733948107	0.0951296134718738	0.455136353938595	0.215936201945342	0.251728924621765	0.199803054750693	0.0487912720907043	0.183758506349861	0.106110451835197	0.276427266258763	0.260672664438435	0.323239004632619
cg19761060	NA	NA	NA	NA	NA	NA	NA	NA	NA	NA	NA	NA	NA	NA	NA	NA	NA	NA	NA	NA	NA	NA	NA	NA	NA	NA	NA	NA	NA	NA	NA	NA	NA	NA	NA	NA	NA	NA	NA	NA	NA	NA	NA	NA	NA	NA	NA	NA	NA	NA	NA	NA	NA	NA	NA	NA	NA	NA	NA	NA	NA	NA	NA	NA	NA	NA	NA	NA	NA	NA	NA	NA	NA	NA	NA	NA	NA	NA	NA	NA	NA	NA	NA	NA	NA	NA	NA	NA	NA	NA	NA	NA	NA	NA	NA	NA	NA	NA	NA
cg19761271	NA	NA	NA	NA	NA	NA	NA	NA	NA	NA	NA	NA	NA	NA	NA	NA	NA	NA	NA	NA	NA	NA	NA	NA	NA	NA	NA	NA	NA	NA	NA	NA	NA	NA	NA	NA	NA	NA	NA	NA	NA	NA	NA	NA	NA	NA	NA	NA	NA	NA	NA	NA	NA	NA	NA	NA	NA	NA	NA	NA	NA	NA	NA	NA	NA	NA	NA	NA	NA	NA	NA	NA	NA	NA	NA	NA	NA	NA	NA	NA	NA	NA	NA	NA	NA	NA	NA	NA	NA	NA	NA	NA	NA	NA	NA	NA	NA	NA	NA
cg19785312	NA	NA	NA	NA	NA	NA	NA	NA	NA	NA	NA	NA	NA	NA	NA	NA	NA	NA	NA	NA	NA	NA	NA	NA	NA	NA	NA	NA	NA	NA	NA	NA	NA	NA	NA	NA	NA	NA	NA	NA	NA	NA	NA	NA	NA	NA	NA	NA	NA	NA	NA	NA	NA	NA	NA	NA	NA	NA	NA	NA	NA	NA	NA	NA	NA	NA	NA	NA	NA	NA	NA	NA	NA	NA	NA	NA	NA	NA	NA	NA	NA	NA	NA	NA	NA	NA	NA	NA	NA	NA	NA	NA	NA	NA	NA	NA	NA	NA	NA
cg19789336	NA	NA	NA	NA	NA	NA	NA	NA	NA	NA	NA	NA	NA	NA	NA	NA	NA	NA	NA	NA	NA	NA	NA	NA	NA	NA	NA	NA	NA	NA	NA	NA	NA	NA	NA	NA	NA	NA	NA	NA	NA	NA	NA	NA	NA	NA	NA	NA	NA	NA	NA	NA	NA	NA	NA	NA	NA	NA	NA	NA	NA	NA	NA	NA	NA	NA	NA	NA	NA	NA	NA	NA	NA	NA	NA	NA	NA	NA	NA	NA	NA	NA	NA	NA	NA	NA	NA	NA	NA	NA	NA	NA	NA	NA	NA	NA	NA	NA	NA
cg19840093	NA	NA	NA	NA	NA	NA	NA	NA	NA	NA	NA	NA	NA	NA	NA	NA	NA	NA	NA	NA	NA	NA	NA	NA	NA	NA	NA	NA	NA	NA	NA	NA	NA	NA	NA	NA	NA	NA	NA	NA	NA	NA	NA	NA	NA	NA	NA	NA	NA	NA	NA	NA	NA	NA	NA	NA	NA	NA	NA	NA	NA	NA	NA	NA	NA	NA	NA	NA	NA	NA	NA	NA	NA	NA	NA	NA	NA	NA	NA	NA	NA	NA	NA	NA	NA	NA	NA	NA	NA	NA	NA	NA	NA	NA	NA	NA	NA	NA	NA
cg19863964	NA	NA	NA	NA	NA	NA	NA	NA	NA	NA	NA	NA	NA	NA	NA	NA	NA	NA	NA	NA	NA	NA	NA	NA	NA	NA	NA	NA	NA	NA	NA	NA	NA	NA	NA	NA	NA	NA	NA	NA	NA	NA	NA	NA	NA	NA	NA	NA	NA	NA	NA	NA	NA	NA	NA	NA	NA	NA	NA	NA	NA	NA	NA	NA	NA	NA	NA	NA	NA	NA	NA	NA	NA	NA	NA	NA	NA	NA	NA	NA	NA	NA	NA	NA	NA	NA	NA	NA	NA	NA	NA	NA	NA	NA	NA	NA	NA	NA	NA
cg19883843	NA	NA	NA	NA	NA	NA	NA	NA	NA	NA	NA	NA	NA	NA	NA	NA	NA	NA	NA	NA	NA	NA	NA	NA	NA	NA	NA	NA	NA	NA	NA	NA	NA	NA	NA	NA	NA	NA	NA	NA	NA	NA	NA	NA	NA	NA	NA	NA	NA	NA	NA	NA	NA	NA	NA	NA	NA	NA	NA	NA	NA	NA	NA	NA	NA	NA	NA	NA	NA	NA	NA	NA	NA	NA	NA	NA	NA	NA	NA	NA	NA	NA	NA	NA	NA	NA	NA	NA	NA	NA	NA	NA	NA	NA	NA	NA	NA	NA	NA
cg19887883	0.685059132248816	0.83769604082297	NA	0.853866556521559	0.912407583713235	0.846159293903178	0.896030335437354	0.696079932451124	0.859068223083511	0.912493099555574	0.715346479922265	0.93898672384827	0.917415175086077	0.187029482846472	0.941400546131491	0.847777291308444	0.890193775093872	0.873346023590491	0.606227235593852	0.715243701488481	0.700008907704018	0.549061170698372	0.783009566628413	0.919393599363144	0.303753112193356	0.90289323435539	0.820633903226372	0.300398445853109	0.783778893132865	0.702414134108473	0.385357717013623	0.747785090075962	0.715087024866384	0.940558706941428	0.923003657997837	0.638749034731723	0.680234002562692	0.951546164678918	0.911688356264152	0.432189000108012	0.426191165889496	0.897262283538991	0.642383703730022	0.912154862446205	0.908083760813146	0.805787149612403	0.910296475115271	NA	0.699029659850885	0.92319478839576	0.657985042207544	0.937035338261347	0.341398512370344	0.8715362245751	0.923652334987932	0.504644705905566	0.814093222460326	0.439199090661858	0.796773764135293	0.901472865036994	0.605065450439245	0.133378493460799	0.712373090655831	0.945766505142208	0.910757072109168	0.897501904824896	0.863442708186349	0.93595459692189	0.630058575709371	0.933128282016069	NA	0.85712552759311	0.931213441208939	0.718071218601045	0.919901301600287	0.71176932727225	0.90387699578417	NA	0.817226924648843	0.592801298130118	0.93427432935379	0.74538601463918	0.296693727823814	0.853945491684979	0.764076599183409	0.251254000527941	0.963127333785428	0.815487208532737	0.754584865759312	0.66436842028329	NA	0.869760888434791	NA	0.353940742272725	0.932260139923326	0.269367135605946	0.677671058182892	0.852772432310066	0.928195046217256
cg19925178	NA	NA	NA	NA	NA	NA	NA	NA	NA	NA	NA	NA	NA	NA	NA	NA	NA	NA	NA	NA	NA	NA	NA	NA	NA	NA	NA	NA	NA	NA	NA	NA	NA	NA	NA	NA	NA	NA	NA	NA	NA	NA	NA	NA	NA	NA	NA	NA	NA	NA	NA	NA	NA	NA	NA	NA	NA	NA	NA	NA	NA	NA	NA	NA	NA	NA	NA	NA	NA	NA	NA	NA	NA	NA	NA	NA	NA	NA	NA	NA	NA	NA	NA	NA	NA	NA	NA	NA	NA	NA	NA	NA	NA	NA	NA	NA	NA	NA	NA
cg19929302	NA	NA	NA	NA	NA	NA	NA	NA	NA	NA	NA	NA	NA	NA	NA	NA	NA	NA	NA	NA	NA	NA	NA	NA	NA	NA	NA	NA	NA	NA	NA	NA	NA	NA	NA	NA	NA	NA	NA	NA	NA	NA	NA	NA	NA	NA	NA	NA	NA	NA	NA	NA	NA	NA	NA	NA	NA	NA	NA	NA	NA	NA	NA	NA	NA	NA	NA	NA	NA	NA	NA	NA	NA	NA	NA	NA	NA	NA	NA	NA	NA	NA	NA	NA	NA	NA	NA	NA	NA	NA	NA	NA	NA	NA	NA	NA	NA	NA	NA
cg19950846	NA	NA	NA	NA	NA	NA	NA	NA	NA	NA	NA	NA	NA	NA	NA	NA	NA	NA	NA	NA	NA	NA	NA	NA	NA	NA	NA	NA	NA	NA	NA	NA	NA	NA	NA	NA	NA	NA	NA	NA	NA	NA	NA	NA	NA	NA	NA	NA	NA	NA	NA	NA	NA	NA	NA	NA	NA	NA	NA	NA	NA	NA	NA	NA	NA	NA	NA	NA	NA	NA	NA	NA	NA	NA	NA	NA	NA	NA	NA	NA	NA	NA	NA	NA	NA	NA	NA	NA	NA	NA	NA	NA	NA	NA	NA	NA	NA	NA	NA
cg19979222	NA	NA	NA	NA	NA	NA	NA	NA	NA	NA	NA	NA	NA	NA	NA	NA	NA	NA	NA	NA	NA	NA	NA	NA	NA	NA	NA	NA	NA	NA	NA	NA	NA	NA	NA	NA	NA	NA	NA	NA	NA	NA	NA	NA	NA	NA	NA	NA	NA	NA	NA	NA	NA	NA	NA	NA	NA	NA	NA	NA	NA	NA	NA	NA	NA	NA	NA	NA	NA	NA	NA	NA	NA	NA	NA	NA	NA	NA	NA	NA	NA	NA	NA	NA	NA	NA	NA	NA	NA	NA	NA	NA	NA	NA	NA	NA	NA	NA	NA
cg19988798	NA	NA	NA	NA	NA	NA	NA	NA	NA	NA	NA	NA	NA	NA	NA	NA	NA	NA	NA	NA	NA	NA	NA	NA	NA	NA	NA	NA	NA	NA	NA	NA	NA	NA	NA	NA	NA	NA	NA	NA	NA	NA	NA	NA	NA	NA	NA	NA	NA	NA	NA	NA	NA	NA	NA	NA	NA	NA	NA	NA	NA	NA	NA	NA	NA	NA	NA	NA	NA	NA	NA	NA	NA	NA	NA	NA	NA	NA	NA	NA	NA	NA	NA	NA	NA	NA	NA	NA	NA	NA	NA	NA	NA	NA	NA	NA	NA	NA	NA
cg20006652	NA	NA	NA	NA	NA	NA	NA	NA	NA	NA	NA	NA	NA	NA	NA	NA	NA	NA	NA	NA	NA	NA	NA	NA	NA	NA	NA	NA	NA	NA	NA	NA	NA	NA	NA	NA	NA	NA	NA	NA	NA	NA	NA	NA	NA	NA	NA	NA	NA	NA	NA	NA	NA	NA	NA	NA	NA	NA	NA	NA	NA	NA	NA	NA	NA	NA	NA	NA	NA	NA	NA	NA	NA	NA	NA	NA	NA	NA	NA	NA	NA	NA	NA	NA	NA	NA	NA	NA	NA	NA	NA	NA	NA	NA	NA	NA	NA	NA	NA
cg20010076	NA	NA	NA	NA	NA	NA	NA	NA	NA	NA	NA	NA	NA	NA	NA	NA	NA	NA	NA	NA	NA	NA	NA	NA	NA	NA	NA	NA	NA	NA	NA	NA	NA	NA	NA	NA	NA	NA	NA	NA	NA	NA	NA	NA	NA	NA	NA	NA	NA	NA	NA	NA	NA	NA	NA	NA	NA	NA	NA	NA	NA	NA	NA	NA	NA	NA	NA	NA	NA	NA	NA	NA	NA	NA	NA	NA	NA	NA	NA	NA	NA	NA	NA	NA	NA	NA	NA	NA	NA	NA	NA	NA	NA	NA	NA	NA	NA	NA	NA
cg20019560	NA	NA	NA	NA	NA	NA	NA	NA	NA	NA	NA	NA	NA	NA	NA	NA	NA	NA	NA	NA	NA	NA	NA	NA	NA	NA	NA	NA	NA	NA	NA	NA	NA	NA	NA	NA	NA	NA	NA	NA	NA	NA	NA	NA	NA	NA	NA	NA	NA	NA	NA	NA	NA	NA	NA	NA	NA	NA	NA	NA	NA	NA	NA	NA	NA	NA	NA	NA	NA	NA	NA	NA	NA	NA	NA	NA	NA	NA	NA	NA	NA	NA	NA	NA	NA	NA	NA	NA	NA	NA	NA	NA	NA	NA	NA	NA	NA	NA	NA
cg20029324	NA	NA	NA	NA	NA	NA	NA	NA	NA	NA	NA	NA	NA	NA	NA	NA	NA	NA	NA	NA	NA	NA	NA	NA	NA	NA	NA	NA	NA	NA	NA	NA	NA	NA	NA	NA	NA	NA	NA	NA	NA	NA	NA	NA	NA	NA	NA	NA	NA	NA	NA	NA	NA	NA	NA	NA	NA	NA	NA	NA	NA	NA	NA	NA	NA	NA	NA	NA	NA	NA	NA	NA	NA	NA	NA	NA	NA	NA	NA	NA	NA	NA	NA	NA	NA	NA	NA	NA	NA	NA	NA	NA	NA	NA	NA	NA	NA	NA	NA
cg20052431	NA	NA	NA	NA	NA	NA	NA	NA	NA	NA	NA	NA	NA	NA	NA	NA	NA	NA	NA	NA	NA	NA	NA	NA	NA	NA	NA	NA	NA	NA	NA	NA	NA	NA	NA	NA	NA	NA	NA	NA	NA	NA	NA	NA	NA	NA	NA	NA	NA	NA	NA	NA	NA	NA	NA	NA	NA	NA	NA	NA	NA	NA	NA	NA	NA	NA	NA	NA	NA	NA	NA	NA	NA	NA	NA	NA	NA	NA	NA	NA	NA	NA	NA	NA	NA	NA	NA	NA	NA	NA	NA	NA	NA	NA	NA	NA	NA	NA	NA
cg20056341	NA	NA	NA	NA	NA	NA	NA	NA	NA	NA	NA	NA	NA	NA	NA	NA	NA	NA	NA	NA	NA	NA	NA	NA	NA	NA	NA	NA	NA	NA	NA	NA	NA	NA	NA	NA	NA	NA	NA	NA	NA	NA	NA	NA	NA	NA	NA	NA	NA	NA	NA	NA	NA	NA	NA	NA	NA	NA	NA	NA	NA	NA	NA	NA	NA	NA	NA	NA	NA	NA	NA	NA	NA	NA	NA	NA	NA	NA	NA	NA	NA	NA	NA	NA	NA	NA	NA	NA	NA	NA	NA	NA	NA	NA	NA	NA	NA	NA	NA
cg20149922	NA	NA	NA	NA	NA	NA	NA	NA	NA	NA	NA	NA	NA	NA	NA	NA	NA	NA	NA	NA	NA	NA	NA	NA	NA	NA	NA	NA	NA	NA	NA	NA	NA	NA	NA	NA	NA	NA	NA	NA	NA	NA	NA	NA	NA	NA	NA	NA	NA	NA	NA	NA	NA	NA	NA	NA	NA	NA	NA	NA	NA	NA	NA	NA	NA	NA	NA	NA	NA	NA	NA	NA	NA	NA	NA	NA	NA	NA	NA	NA	NA	NA	NA	NA	NA	NA	NA	NA	NA	NA	NA	NA	NA	NA	NA	NA	NA	NA	NA
cg20150443	NA	NA	NA	NA	NA	NA	NA	NA	NA	NA	NA	NA	NA	NA	NA	NA	NA	NA	NA	NA	NA	NA	NA	NA	NA	NA	NA	NA	NA	NA	NA	NA	NA	NA	NA	NA	NA	NA	NA	NA	NA	NA	NA	NA	NA	NA	NA	NA	NA	NA	NA	NA	NA	NA	NA	NA	NA	NA	NA	NA	NA	NA	NA	NA	NA	NA	NA	NA	NA	NA	NA	NA	NA	NA	NA	NA	NA	NA	NA	NA	NA	NA	NA	NA	NA	NA	NA	NA	NA	NA	NA	NA	NA	NA	NA	NA	NA	NA	NA
cg20165732	NA	NA	NA	NA	NA	NA	NA	NA	NA	NA	NA	NA	NA	NA	NA	NA	NA	NA	NA	NA	NA	NA	NA	NA	NA	NA	NA	NA	NA	NA	NA	NA	NA	NA	NA	NA	NA	NA	NA	NA	NA	NA	NA	NA	NA	NA	NA	NA	NA	NA	NA	NA	NA	NA	NA	NA	NA	NA	NA	NA	NA	NA	NA	NA	NA	NA	NA	NA	NA	NA	NA	NA	NA	NA	NA	NA	NA	NA	NA	NA	NA	NA	NA	NA	NA	NA	NA	NA	NA	NA	NA	NA	NA	NA	NA	NA	NA	NA	NA
cg20200361	NA	NA	NA	NA	NA	NA	NA	NA	NA	NA	NA	NA	NA	NA	NA	NA	NA	NA	NA	NA	NA	NA	NA	NA	NA	NA	NA	NA	NA	NA	NA	NA	NA	NA	NA	NA	NA	NA	NA	NA	NA	NA	NA	NA	NA	NA	NA	NA	NA	NA	NA	NA	NA	NA	NA	NA	NA	NA	NA	NA	NA	NA	NA	NA	NA	NA	NA	NA	NA	NA	NA	NA	NA	NA	NA	NA	NA	NA	NA	NA	NA	NA	NA	NA	NA	NA	NA	NA	NA	NA	NA	NA	NA	NA	NA	NA	NA	NA	NA
cg20246277	0.832561118790767	0.881888142145185	0.878538193935058	0.867196309573438	0.669042461794337	0.593790123560325	0.885092456698454	0.898552557870511	0.809605905401998	0.82502289199972	0.765429722709777	0.932963203782037	0.80999148343071	0.272433099929486	0.86971472493417	0.709470263615211	0.59891655481536	0.884028536349087	0.921984206733283	0.852735848106099	0.637457027051453	0.817413405583749	0.601070150170029	0.831304004779347	0.388965577869316	0.824694798089386	0.871012116060667	0.521300240342773	0.913698636495175	0.940442169746616	0.483742188120542	0.655158464001386	0.902640247016643	0.85494008070346	0.93776988249492	0.573525291193464	0.654794829193555	0.652500227051738	0.889904121649317	0.746636372716557	0.921059371741311	0.930040894916984	0.883638806309309	0.896084769734445	0.900398731357081	0.635809623878928	0.908652521591117	0.612744332115424	0.875994685897195	0.886614107024296	0.73240008489213	0.89528491439374	0.705515135015472	0.779398468077019	0.770748457722732	0.489696716153715	0.861727741794975	0.751134917150281	0.922105315675839	0.906166781893978	0.742723740865009	0.670004745949123	0.899174601099966	0.895068331700893	0.912602431148428	0.911791050134342	0.833859979896307	0.901499361653748	0.728789495824145	0.799939275275066	0.875428365728035	0.870690795192777	0.906186049153119	0.649664205734389	0.911107512967593	0.403541230244152	0.73932657676153	0.891179489320664	0.834598311375424	0.606577962939874	0.61160778470961	0.891887099703337	0.40325086516023	0.613998851075661	0.582565600917614	0.356755259556961	0.912405721821695	0.721088189138687	0.866914156321934	0.877677322338487	0.940798430826092	0.921789304417142	0.911666453557024	0.685979262342712	0.846823112469192	0.891388445044938	0.901313175305953	0.88978519158898	0.884288424807692
cg20262540	NA	NA	NA	NA	NA	NA	NA	NA	NA	NA	NA	NA	NA	NA	NA	NA	NA	NA	NA	NA	NA	NA	NA	NA	NA	NA	NA	NA	NA	NA	NA	NA	NA	NA	NA	NA	NA	NA	NA	NA	NA	NA	NA	NA	NA	NA	NA	NA	NA	NA	NA	NA	NA	NA	NA	NA	NA	NA	NA	NA	NA	NA	NA	NA	NA	NA	NA	NA	NA	NA	NA	NA	NA	NA	NA	NA	NA	NA	NA	NA	NA	NA	NA	NA	NA	NA	NA	NA	NA	NA	NA	NA	NA	NA	NA	NA	NA	NA	NA
cg20284705	NA	NA	NA	NA	NA	NA	NA	NA	NA	NA	NA	NA	NA	NA	NA	NA	NA	NA	NA	NA	NA	NA	NA	NA	NA	NA	NA	NA	NA	NA	NA	NA	NA	NA	NA	NA	NA	NA	NA	NA	NA	NA	NA	NA	NA	NA	NA	NA	NA	NA	NA	NA	NA	NA	NA	NA	NA	NA	NA	NA	NA	NA	NA	NA	NA	NA	NA	NA	NA	NA	NA	NA	NA	NA	NA	NA	NA	NA	NA	NA	NA	NA	NA	NA	NA	NA	NA	NA	NA	NA	NA	NA	NA	NA	NA	NA	NA	NA	NA
cg20331613	NA	NA	NA	NA	NA	NA	NA	NA	NA	NA	NA	NA	NA	NA	NA	NA	NA	NA	NA	NA	NA	NA	NA	NA	NA	NA	NA	NA	NA	NA	NA	NA	NA	NA	NA	NA	NA	NA	NA	NA	NA	NA	NA	NA	NA	NA	NA	NA	NA	NA	NA	NA	NA	NA	NA	NA	NA	NA	NA	NA	NA	NA	NA	NA	NA	NA	NA	NA	NA	NA	NA	NA	NA	NA	NA	NA	NA	NA	NA	NA	NA	NA	NA	NA	NA	NA	NA	NA	NA	NA	NA	NA	NA	NA	NA	NA	NA	NA	NA
cg20364241	NA	NA	NA	NA	NA	NA	NA	NA	NA	NA	NA	NA	NA	NA	NA	NA	NA	NA	NA	NA	NA	NA	NA	NA	NA	NA	NA	NA	NA	NA	NA	NA	NA	NA	NA	NA	NA	NA	NA	NA	NA	NA	NA	NA	NA	NA	NA	NA	NA	NA	NA	NA	NA	NA	NA	NA	NA	NA	NA	NA	NA	NA	NA	NA	NA	NA	NA	NA	NA	NA	NA	NA	NA	NA	NA	NA	NA	NA	NA	NA	NA	NA	NA	NA	NA	NA	NA	NA	NA	NA	NA	NA	NA	NA	NA	NA	NA	NA	NA
cg20365687	0.491498051720945	0.707830744787188	0.316871882981423	0.464133410765594	0.636315805816548	0.383844022405229	0.388316510016317	0.19904134100501	0.439049555496745	0.755505341482027	0.307178320428638	0.761810434212842	0.597808885310826	0.278468934098002	0.587032150705172	0.357974169470132	0.534743201635782	0.357573679592724	0.222631155518462	0.325936843300596	0.433982051556949	0.414387702668722	0.19919078075729	0.378042166987575	0.358611239010096	0.825076134170725	0.326716129309173	0.274158462695243	0.271805256641212	0.193967345119166	0.826680244683199	0.6153178012857	0.2034667641631	0.814823976041152	0.38979574150864	0.23577183487379	0.394973544233583	0.751186290143885	0.454945277914954	0.526287523276572	0.364166883923808	0.257949571969465	0.682923224908636	0.424238151694674	0.634092276608908	0.445403233089895	0.268197728676044	0.441434223112606	0.657569953542303	0.62231585188064	0.376245741056851	0.369095022306406	0.461887109764695	0.649049661770771	0.5396780781006	0.320903276514425	0.447680362100866	0.365023888787188	0.589643649939063	0.580777919942485	0.473184966103778	0.164962926163092	0.561408242912939	0.258703753765088	0.212753695191642	0.590692497390712	0.328439499874746	0.624286900975764	0.438840730695431	0.292302028143896	0.334699507284496	0.51288872174147	0.342813845841562	0.347943461988453	0.852961868991104	0.330070459436696	0.35620787266132	0.484060612430025	0.51972733018536	0.436176489848898	0.249031754733383	0.291427879013308	0.226029023521705	0.328465722040251	0.36561217758311	0.45481082722892	0.433650492847135	0.811025615346001	0.603070733962908	0.388281488059006	0.737877308406262	0.500987096437566	0.461492102256241	0.559970993763038	0.31395874183479	0.383252312100952	0.491638734994538	0.523949990342931	0.661501987551352
cg20386784	NA	NA	NA	NA	NA	NA	NA	NA	NA	NA	NA	NA	NA	NA	NA	NA	NA	NA	NA	NA	NA	NA	NA	NA	NA	NA	NA	NA	NA	NA	NA	NA	NA	NA	NA	NA	NA	NA	NA	NA	NA	NA	NA	NA	NA	NA	NA	NA	NA	NA	NA	NA	NA	NA	NA	NA	NA	NA	NA	NA	NA	NA	NA	NA	NA	NA	NA	NA	NA	NA	NA	NA	NA	NA	NA	NA	NA	NA	NA	NA	NA	NA	NA	NA	NA	NA	NA	NA	NA	NA	NA	NA	NA	NA	NA	NA	NA	NA	NA
cg20449764	NA	NA	NA	NA	NA	NA	NA	NA	NA	NA	NA	NA	NA	NA	NA	NA	NA	NA	NA	NA	NA	NA	NA	NA	NA	NA	NA	NA	NA	NA	NA	NA	NA	NA	NA	NA	NA	NA	NA	NA	NA	NA	NA	NA	NA	NA	NA	NA	NA	NA	NA	NA	NA	NA	NA	NA	NA	NA	NA	NA	NA	NA	NA	NA	NA	NA	NA	NA	NA	NA	NA	NA	NA	NA	NA	NA	NA	NA	NA	NA	NA	NA	NA	NA	NA	NA	NA	NA	NA	NA	NA	NA	NA	NA	NA	NA	NA	NA	NA
cg20453820	0.594667598098438	0.785649205206427	0.676200285933337	0.363826322340604	0.819598174771795	0.408396829696407	0.69700973027814	0.270996998907499	0.247763236729732	0.914861133215575	0.488837674952368	0.74529931124187	0.765756678913943	0.120951266460451	0.76545747103829	0.152502798115064	0.280278559232709	0.551824454272581	0.672661977367621	0.563749944416024	0.662481841364417	0.559673377596988	0.20684350896461	0.70172902611038	0.277342823867882	0.696570338304598	0.648103809274966	0.673554684703526	0.531534987854563	0.676629776845429	0.247778140295629	0.294481288603994	0.756493756073613	0.754221426281556	0.448804176541269	NA	0.103962435238173	0.819811165240501	0.858147049945474	0.449269682577141	0.597962911467528	0.673502452043333	0.495322519222679	0.77828506694727	0.757758436298545	0.663824465134686	0.245465652893929	0.483218399953642	0.518212886698639	0.385505362020274	0.420140086106339	0.854784950673563	0.681598598597007	0.574354078879214	0.604004401569024	0.315462877238845	0.388238510820304	0.310276715993664	0.156763784723558	0.34470924008612	0.744674219251797	0.82528473287796	0.352626743248368	0.548927484728088	0.449582269350424	0.681789439533216	0.623234219313457	0.79367243346446	0.837288216627073	0.777361414298861	0.727451034738511	0.562920103011673	0.49610984428439	0.539932558875116	0.902361153584188	0.627326682663852	0.326847252676017	0.355417393545851	0.616938233672756	0.289784533629609	0.507391198920083	0.252081697967479	0.281565874492236	0.691301561403039	0.73361500709062	0.502978023938086	0.784495545126722	0.652068516650706	0.276046140613934	0.814499772294219	0.832844624696406	0.473948469746874	0.435874523850932	0.107252379731927	0.502725688069701	0.285160048406478	0.679612511089453	0.597407292264774	0.760346468141667
cg20465830	NA	NA	NA	NA	NA	NA	NA	NA	NA	NA	NA	NA	NA	NA	NA	NA	NA	NA	NA	NA	NA	NA	NA	NA	NA	NA	NA	NA	NA	NA	NA	NA	NA	NA	NA	NA	NA	NA	NA	NA	NA	NA	NA	NA	NA	NA	NA	NA	NA	NA	NA	NA	NA	NA	NA	NA	NA	NA	NA	NA	NA	NA	NA	NA	NA	NA	NA	NA	NA	NA	NA	NA	NA	NA	NA	NA	NA	NA	NA	NA	NA	NA	NA	NA	NA	NA	NA	NA	NA	NA	NA	NA	NA	NA	NA	NA	NA	NA	NA
cg20492230	NA	NA	NA	NA	NA	NA	NA	NA	NA	NA	NA	NA	NA	NA	NA	NA	NA	NA	NA	NA	NA	NA	NA	NA	NA	NA	NA	NA	NA	NA	NA	NA	NA	NA	NA	NA	NA	NA	NA	NA	NA	NA	NA	NA	NA	NA	NA	NA	NA	NA	NA	NA	NA	NA	NA	NA	NA	NA	NA	NA	NA	NA	NA	NA	NA	NA	NA	NA	NA	NA	NA	NA	NA	NA	NA	NA	NA	NA	NA	NA	NA	NA	NA	NA	NA	NA	NA	NA	NA	NA	NA	NA	NA	NA	NA	NA	NA	NA	NA
cg20494576	NA	NA	NA	NA	NA	NA	NA	NA	NA	NA	NA	NA	NA	NA	NA	NA	NA	NA	NA	NA	NA	NA	NA	NA	NA	NA	NA	NA	NA	NA	NA	NA	NA	NA	NA	NA	NA	NA	NA	NA	NA	NA	NA	NA	NA	NA	NA	NA	NA	NA	NA	NA	NA	NA	NA	NA	NA	NA	NA	NA	NA	NA	NA	NA	NA	NA	NA	NA	NA	NA	NA	NA	NA	NA	NA	NA	NA	NA	NA	NA	NA	NA	NA	NA	NA	NA	NA	NA	NA	NA	NA	NA	NA	NA	NA	NA	NA	NA	NA
cg20494682	NA	NA	NA	NA	NA	NA	NA	NA	NA	NA	NA	NA	NA	NA	NA	NA	NA	NA	NA	NA	NA	NA	NA	NA	NA	NA	NA	NA	NA	NA	NA	NA	NA	NA	NA	NA	NA	NA	NA	NA	NA	NA	NA	NA	NA	NA	NA	NA	NA	NA	NA	NA	NA	NA	NA	NA	NA	NA	NA	NA	NA	NA	NA	NA	NA	NA	NA	NA	NA	NA	NA	NA	NA	NA	NA	NA	NA	NA	NA	NA	NA	NA	NA	NA	NA	NA	NA	NA	NA	NA	NA	NA	NA	NA	NA	NA	NA	NA	NA
cg20529334	NA	NA	NA	NA	NA	NA	NA	NA	NA	NA	NA	NA	NA	NA	NA	NA	NA	NA	NA	NA	NA	NA	NA	NA	NA	NA	NA	NA	NA	NA	NA	NA	NA	NA	NA	NA	NA	NA	NA	NA	NA	NA	NA	NA	NA	NA	NA	NA	NA	NA	NA	NA	NA	NA	NA	NA	NA	NA	NA	NA	NA	NA	NA	NA	NA	NA	NA	NA	NA	NA	NA	NA	NA	NA	NA	NA	NA	NA	NA	NA	NA	NA	NA	NA	NA	NA	NA	NA	NA	NA	NA	NA	NA	NA	NA	NA	NA	NA	NA
cg20602628	NA	NA	NA	NA	NA	NA	NA	NA	NA	NA	NA	NA	NA	NA	NA	NA	NA	NA	NA	NA	NA	NA	NA	NA	NA	NA	NA	NA	NA	NA	NA	NA	NA	NA	NA	NA	NA	NA	NA	NA	NA	NA	NA	NA	NA	NA	NA	NA	NA	NA	NA	NA	NA	NA	NA	NA	NA	NA	NA	NA	NA	NA	NA	NA	NA	NA	NA	NA	NA	NA	NA	NA	NA	NA	NA	NA	NA	NA	NA	NA	NA	NA	NA	NA	NA	NA	NA	NA	NA	NA	NA	NA	NA	NA	NA	NA	NA	NA	NA
cg20621459	NA	NA	NA	NA	NA	NA	NA	NA	NA	NA	NA	NA	NA	NA	NA	NA	NA	NA	NA	NA	NA	NA	NA	NA	NA	NA	NA	NA	NA	NA	NA	NA	NA	NA	NA	NA	NA	NA	NA	NA	NA	NA	NA	NA	NA	NA	NA	NA	NA	NA	NA	NA	NA	NA	NA	NA	NA	NA	NA	NA	NA	NA	NA	NA	NA	NA	NA	NA	NA	NA	NA	NA	NA	NA	NA	NA	NA	NA	NA	NA	NA	NA	NA	NA	NA	NA	NA	NA	NA	NA	NA	NA	NA	NA	NA	NA	NA	NA	NA
cg20637223	0.894192653297832	0.917245699111346	0.8121436282137	0.894552035123431	0.919065507667436	0.817548987943773	0.886660164025079	0.734363938406555	0.871028481812712	0.926083329453456	0.859883824950499	0.92888087178996	0.923456631665866	0.870558909119875	0.870252493593291	0.914966423400577	0.887687826715907	0.8472507670397	0.877273420656753	0.85005667258521	0.85939585235652	0.843728954728178	0.835979224608081	0.839082059400934	0.858560584438528	0.895033929622028	0.848196096285217	0.775766008892524	0.931160985194453	0.795825849028004	0.755431032653746	0.875360693998507	0.881043529363661	0.903113663013955	0.87677973478912	0.955331444644847	0.930425246961422	0.876157023871123	0.881638767295849	0.871744650308405	0.912457203826201	0.891393150885355	0.842773222512641	0.917760507942606	0.820098923255681	0.917487178835462	0.926180281922512	0.84273009462985	0.884655479012086	0.864655942846561	0.779673715674836	0.832659708316221	0.94224811183714	0.800682425323771	0.8663200439854	0.872341157791497	0.921120383020723	0.859849701707168	0.913221001986107	0.865493051101063	0.863001253678298	0.855852465079146	0.907972894501685	0.893817547478904	0.872362617221056	0.911984460247235	0.930960457269555	0.906771037464777	0.848094910425324	0.878497211842011	0.904090855123614	0.835947058122801	0.891508230644231	0.833221613154779	0.929904198494867	0.90013566221752	0.910617058643292	0.815861402837808	0.84977946653771	0.823048508751831	0.892616219388912	0.917371444442803	0.911481489097036	0.892075503758917	0.846292323516221	0.955809922021992	0.851837164110033	0.928338216175282	0.95015942590539	0.908814401158487	0.929391875472871	0.894688763052898	0.901336583412056	0.952472814878107	0.427248519531456	0.881512061141589	0.888863758646122	0.888587050792232	0.920704279342455
cg20643159	0.872301678096885	0.94590818645053	0.934892627572916	0.944900222705385	0.926368946623836	0.558359918036812	0.916837154526264	0.622204781149851	0.798256440364143	0.943917334864892	0.870895908726887	0.952852368398749	0.859350099445226	0.200467684202481	0.928651395158666	0.951731213204602	0.953656153540209	0.927988553906597	0.944247845608018	0.48632646519929	0.948722540438462	0.57690255821499	0.878083976974752	0.944043708616034	0.379538186023553	0.909053101639453	0.945031930500849	0.801606406855605	0.944693139331551	0.935094129677219	0.920212610823649	0.740000953514927	0.952109420221561	0.96501089267437	0.935715010658872	0.540232248420547	0.957722031610135	0.793644652638827	0.942652989118311	0.667633257394901	0.951811422133649	0.953353101522883	0.497835896734576	0.949372083116056	0.902444732259173	0.907192468005809	0.918103931417455	0.615147522266951	0.232038274815044	0.950980137903093	0.791310886774562	0.942388006700204	0.947910046811406	0.909464508929747	0.934217982831868	0.887127340992885	0.940728659725674	0.948584027685474	0.945560896859752	0.941574469967136	0.759081500403308	0.776413953251993	0.825803185852546	0.952773671848163	0.927988531802564	0.951821291640725	0.87520335755439	0.932045373406468	0.950534570166144	0.960475858152518	0.941777839981301	0.936513713248346	0.947736120715383	0.639213562238978	0.956447701313649	0.941934957792249	0.949006441190417	0.787303434836691	0.947655351109531	0.896282725216138	0.631488146285489	0.949521154787619	0.312163422230672	0.926489175828486	0.917489561092071	0.867193437825623	0.954072246439567	0.941452275186682	0.941814896019009	0.928831959131895	0.91568515381642	0.824818128110044	0.935565728193437	0.554303242608374	0.668996038343932	0.966823958768292	0.937002366956692	0.940516619764333	0.954156297730356
cg20664109	NA	NA	NA	NA	NA	NA	NA	NA	NA	NA	NA	NA	NA	NA	NA	NA	NA	NA	NA	NA	NA	NA	NA	NA	NA	NA	NA	NA	NA	NA	NA	NA	NA	NA	NA	NA	NA	NA	NA	NA	NA	NA	NA	NA	NA	NA	NA	NA	NA	NA	NA	NA	NA	NA	NA	NA	NA	NA	NA	NA	NA	NA	NA	NA	NA	NA	NA	NA	NA	NA	NA	NA	NA	NA	NA	NA	NA	NA	NA	NA	NA	NA	NA	NA	NA	NA	NA	NA	NA	NA	NA	NA	NA	NA	NA	NA	NA	NA	NA
cg20689978	0.705685113410557	0.537922283663311	0.779268051535625	0.788533698341063	0.545096784587626	0.478177451147237	0.764742633454946	0.530711825030142	0.442073027142877	0.471650922547483	0.37557768219452	0.836359390874325	0.768306940427244	0.257639216702832	0.850266881295899	0.386440602412161	0.439639531325194	0.495925399083436	0.529136755965697	0.392176698455201	0.541339794322513	0.492265951634058	0.4520436003619	0.56449572960417	0.367950980221946	0.855733955256628	0.404424327888592	0.85387376397095	0.467944929909519	0.27956866451419	0.415709688692997	0.639532919828953	0.288175024989035	0.85287692642989	0.846264048185589	0.752903793961801	0.367140757653138	0.494604259658899	0.579747010605519	0.480666097796102	0.526062252199067	0.53479706455185	0.537224694150657	0.65140646555524	0.523181661668834	0.508698147024242	0.537733591704471	0.583398980631549	0.878559494267401	0.846482819762833	0.454206653702006	0.899085285441079	0.362624067214455	0.827086593832748	0.798734425702224	0.673072026272734	0.605003974273693	0.384374853969323	0.679721864194897	0.837947799444794	0.342314984944137	0.245171419757042	0.531799579811779	0.752659864997384	0.837892436584148	0.78013600452607	0.57104133077026	0.769135335573292	0.433055721762436	0.798197167225212	0.476881512945593	0.778683326007218	0.751589233293985	0.393823950254271	0.917448449173406	0.853539879345578	0.560858554603516	0.26755508555487	0.451373178169884	0.565306763320777	0.723747586041554	0.403834479912131	0.351129568217652	0.748146667654065	0.473489365875064	0.378252880913565	0.717990578601806	0.886099047216703	0.895783384007355	0.76124222136766	0.878412428963569	0.892704215926377	0.52084059245275	0.42901970268186	0.872297052590559	0.438021423189377	0.821621824886717	0.794895285853305	0.614187393759206
cg20706620	NA	NA	NA	NA	NA	NA	NA	NA	NA	NA	NA	NA	NA	NA	NA	NA	NA	NA	NA	NA	NA	NA	NA	NA	NA	NA	NA	NA	NA	NA	NA	NA	NA	NA	NA	NA	NA	NA	NA	NA	NA	NA	NA	NA	NA	NA	NA	NA	NA	NA	NA	NA	NA	NA	NA	NA	NA	NA	NA	NA	NA	NA	NA	NA	NA	NA	NA	NA	NA	NA	NA	NA	NA	NA	NA	NA	NA	NA	NA	NA	NA	NA	NA	NA	NA	NA	NA	NA	NA	NA	NA	NA	NA	NA	NA	NA	NA	NA	NA
cg20747789	NA	NA	NA	NA	NA	NA	NA	NA	NA	NA	NA	NA	NA	NA	NA	NA	NA	NA	NA	NA	NA	NA	NA	NA	NA	NA	NA	NA	NA	NA	NA	NA	NA	NA	NA	NA	NA	NA	NA	NA	NA	NA	NA	NA	NA	NA	NA	NA	NA	NA	NA	NA	NA	NA	NA	NA	NA	NA	NA	NA	NA	NA	NA	NA	NA	NA	NA	NA	NA	NA	NA	NA	NA	NA	NA	NA	NA	NA	NA	NA	NA	NA	NA	NA	NA	NA	NA	NA	NA	NA	NA	NA	NA	NA	NA	NA	NA	NA	NA
cg20756175	NA	NA	NA	NA	NA	NA	NA	NA	NA	NA	NA	NA	NA	NA	NA	NA	NA	NA	NA	NA	NA	NA	NA	NA	NA	NA	NA	NA	NA	NA	NA	NA	NA	NA	NA	NA	NA	NA	NA	NA	NA	NA	NA	NA	NA	NA	NA	NA	NA	NA	NA	NA	NA	NA	NA	NA	NA	NA	NA	NA	NA	NA	NA	NA	NA	NA	NA	NA	NA	NA	NA	NA	NA	NA	NA	NA	NA	NA	NA	NA	NA	NA	NA	NA	NA	NA	NA	NA	NA	NA	NA	NA	NA	NA	NA	NA	NA	NA	NA
cg20786740	NA	NA	NA	NA	NA	NA	NA	NA	NA	NA	NA	NA	NA	NA	NA	NA	NA	NA	NA	NA	NA	NA	NA	NA	NA	NA	NA	NA	NA	NA	NA	NA	NA	NA	NA	NA	NA	NA	NA	NA	NA	NA	NA	NA	NA	NA	NA	NA	NA	NA	NA	NA	NA	NA	NA	NA	NA	NA	NA	NA	NA	NA	NA	NA	NA	NA	NA	NA	NA	NA	NA	NA	NA	NA	NA	NA	NA	NA	NA	NA	NA	NA	NA	NA	NA	NA	NA	NA	NA	NA	NA	NA	NA	NA	NA	NA	NA	NA	NA
cg20803423	NA	NA	NA	NA	NA	NA	NA	NA	NA	NA	NA	NA	NA	NA	NA	NA	NA	NA	NA	NA	NA	NA	NA	NA	NA	NA	NA	NA	NA	NA	NA	NA	NA	NA	NA	NA	NA	NA	NA	NA	NA	NA	NA	NA	NA	NA	NA	NA	NA	NA	NA	NA	NA	NA	NA	NA	NA	NA	NA	NA	NA	NA	NA	NA	NA	NA	NA	NA	NA	NA	NA	NA	NA	NA	NA	NA	NA	NA	NA	NA	NA	NA	NA	NA	NA	NA	NA	NA	NA	NA	NA	NA	NA	NA	NA	NA	NA	NA	NA
cg20808224	NA	NA	NA	NA	NA	NA	NA	NA	NA	NA	NA	NA	NA	NA	NA	NA	NA	NA	NA	NA	NA	NA	NA	NA	NA	NA	NA	NA	NA	NA	NA	NA	NA	NA	NA	NA	NA	NA	NA	NA	NA	NA	NA	NA	NA	NA	NA	NA	NA	NA	NA	NA	NA	NA	NA	NA	NA	NA	NA	NA	NA	NA	NA	NA	NA	NA	NA	NA	NA	NA	NA	NA	NA	NA	NA	NA	NA	NA	NA	NA	NA	NA	NA	NA	NA	NA	NA	NA	NA	NA	NA	NA	NA	NA	NA	NA	NA	NA	NA
cg20823181	NA	NA	NA	NA	NA	NA	NA	NA	NA	NA	NA	NA	NA	NA	NA	NA	NA	NA	NA	NA	NA	NA	NA	NA	NA	NA	NA	NA	NA	NA	NA	NA	NA	NA	NA	NA	NA	NA	NA	NA	NA	NA	NA	NA	NA	NA	NA	NA	NA	NA	NA	NA	NA	NA	NA	NA	NA	NA	NA	NA	NA	NA	NA	NA	NA	NA	NA	NA	NA	NA	NA	NA	NA	NA	NA	NA	NA	NA	NA	NA	NA	NA	NA	NA	NA	NA	NA	NA	NA	NA	NA	NA	NA	NA	NA	NA	NA	NA	NA
cg20834966	NA	NA	NA	NA	NA	NA	NA	NA	NA	NA	NA	NA	NA	NA	NA	NA	NA	NA	NA	NA	NA	NA	NA	NA	NA	NA	NA	NA	NA	NA	NA	NA	NA	NA	NA	NA	NA	NA	NA	NA	NA	NA	NA	NA	NA	NA	NA	NA	NA	NA	NA	NA	NA	NA	NA	NA	NA	NA	NA	NA	NA	NA	NA	NA	NA	NA	NA	NA	NA	NA	NA	NA	NA	NA	NA	NA	NA	NA	NA	NA	NA	NA	NA	NA	NA	NA	NA	NA	NA	NA	NA	NA	NA	NA	NA	NA	NA	NA	NA
cg20836993	NA	NA	NA	NA	NA	NA	NA	NA	NA	NA	NA	NA	NA	NA	NA	NA	NA	NA	NA	NA	NA	NA	NA	NA	NA	NA	NA	NA	NA	NA	NA	NA	NA	NA	NA	NA	NA	NA	NA	NA	NA	NA	NA	NA	NA	NA	NA	NA	NA	NA	NA	NA	NA	NA	NA	NA	NA	NA	NA	NA	NA	NA	NA	NA	NA	NA	NA	NA	NA	NA	NA	NA	NA	NA	NA	NA	NA	NA	NA	NA	NA	NA	NA	NA	NA	NA	NA	NA	NA	NA	NA	NA	NA	NA	NA	NA	NA	NA	NA
cg20854374	0.881807701536351	0.894820681613426	0.930869941371713	0.92651078272885	0.932300538362976	0.913745502314191	0.939042011769735	0.667323308582332	0.845800433200414	0.648695983765289	0.667013070313299	0.920843145298674	0.868786181004135	0.924849583283739	0.882045947991151	0.828375978336549	0.921544020236231	0.885278306660396	0.935337052524547	0.80961759385243	0.767022949971179	0.868505581434189	0.883428733864588	0.915180656602596	0.305297326657172	0.760193443974677	0.93885171737311	0.889954601577283	0.914787891663225	0.911262827913581	0.746064420498698	0.88639122008184	NA	0.932213664440657	0.951894020494039	0.941362074490078	0.642553248151397	0.930028930443489	0.895994127010346	0.906111897018285	0.908232808560523	0.949155143338329	0.933026242804216	0.94269938200422	0.92393372525258	0.894643301616779	0.944032735944362	0.67299980081798	0.88649971602707	0.928518882137993	0.822239990682347	0.923266902407499	0.704264411833351	0.891899896969388	0.891315846570585	0.661005454813377	0.816949321659875	0.904788055313541	0.924058257088888	0.94747694881222	0.639237470765306	0.863304304544365	0.894654468266244	0.921935352334148	0.781826101152574	0.946008154009019	0.940089029921027	0.935843081658272	0.908218666582359	0.931664138306527	0.933922929409984	0.93023174472349	0.914827277194215	0.935749229135138	0.961196885926198	0.890839847978391	0.961880755538593	0.946677593968093	0.9168680842665	0.587782067187276	0.924750391488791	0.568574816699324	0.288169247287503	0.861214123771265	0.923477238152784	0.457338106899641	0.87340037434355	0.860698032385929	0.940741620454771	0.927631205545238	0.933203347460968	0.924005310987597	0.948854979939897	0.352973616491751	0.925444762889041	0.915931195738523	0.91956990883891	0.920562120029407	0.942083738290567
cg20919914	0.969009534675527	0.94521289521979	0.940714965585232	0.951181422767099	0.958147158059866	0.928036391278065	0.954934347187692	0.953489115400946	0.925193561710594	0.742533302830415	0.952820006627449	0.960915502246962	0.960995042787279	0.958418979777497	0.959700232920351	0.953922561561802	0.932364414228724	0.90143065203807	0.896111581428893	0.907917059109358	0.940837511653419	0.917607494530494	0.92314550837724	0.916826906078797	0.927071543219047	0.958267807085202	0.869393087911795	0.95637066655067	0.966530642544407	0.828984211261512	0.922690512733662	0.958213883877578	0.964784767694739	0.945789144857025	0.903983553135626	0.787726259305728	0.836678494534992	0.700048242081981	0.961005122997511	0.93036711787837	0.863304109680888	0.975199469313798	0.920016512400571	0.830147376626736	0.915385389186485	0.962720775613869	0.962652589566567	0.932285553960378	0.967051931099719	0.961497396060909	0.919931177164368	0.949955664459821	0.721510701527899	0.962232744394017	0.923850882567666	0.951569686591135	0.971459680891744	0.952471255667894	0.942509670285246	0.926991164789499	0.93371298269524	0.895088850028528	0.94553434453783	0.864900780520947	0.933657175520095	0.958775497510532	0.786598003250816	0.963236956967137	0.687440926766066	0.94698854653496	0.871924379995223	0.9100948798437	0.972042534447296	0.900674305576005	0.961118407369337	0.946363139848796	0.938373960665688	0.931442808903673	0.964900697586241	0.955091535703367	0.946993073970928	0.739510118087279	0.840111860062841	0.898056019772442	0.956462510489487	0.802864023251042	0.923411505588716	0.965507605807248	0.962095755642991	0.957010502258595	0.948404639940145	0.974803850893182	0.969104633233462	0.811587379560805	0.917384204150238	0.940327065249719	0.94296295224904	0.863700715298707	0.948824450205714
cg20955027	0.417273490415285	0.393785047242384	0.35054553502198	0.530903046312828	0.373442706452197	0.421806291561558	0.586802131341947	0.167816554541189	0.366446721084113	0.279865551723047	0.370879198051399	0.458165544713837	0.689897581591517	0.291052499941237	0.435361491168834	0.284951439252159	0.346945567500083	0.439650829091855	0.273232219222562	0.357888825596609	0.492452840575302	0.495822355196508	0.232088007692037	0.367971777386257	0.412370382961309	0.628299485237114	0.329938814244853	0.320016611464379	0.299832438494556	0.273597117188331	0.287268529432051	0.525510436511362	0.236360214165239	0.416306139485799	0.272757123956301	0.184551715146757	0.252662651313476	0.303311207404545	0.395668779419001	0.506994404839365	0.294533859446319	0.300981392417607	0.506670718765964	0.227200090824079	0.29149298752	0.390621916317877	0.297460566642116	0.460935110256584	0.332531268690917	0.366542561120066	0.383732061742893	0.442770333060306	0.189283451126493	0.686766712946512	0.434227309975062	0.411249192024264	0.360334423967322	0.380648063194952	0.475413777018742	0.707607257875048	0.356725559771603	0.21142969040147	0.389666497069578	0.518248674846544	0.276326913001492	0.417139932037293	0.289047276271796	0.376785921274298	0.34232413925381	0.438546465732624	0.311152648054832	0.451103842378705	0.323321341942353	0.356040376359738	0.962163381232458	0.65234289086265	0.412058582473327	0.213980745732953	0.366684443380377	0.580757643882212	0.285745223144379	0.388082534813866	0.363327993248368	0.498496937486261	0.429227942572587	0.330156498029329	0.969376711735313	0.3262617922575	0.564069763439419	0.388793154955327	0.513505104252162	0.877342094909533	0.339761850242471	0.176363079580263	0.404434144206532	0.303064474125874	0.434225973919286	0.396223964227896	0.464444735387259
cg20970685	NA	NA	NA	NA	NA	NA	NA	NA	NA	NA	NA	NA	NA	NA	NA	NA	NA	NA	NA	NA	NA	NA	NA	NA	NA	NA	NA	NA	NA	NA	NA	NA	NA	NA	NA	NA	NA	NA	NA	NA	NA	NA	NA	NA	NA	NA	NA	NA	NA	NA	NA	NA	NA	NA	NA	NA	NA	NA	NA	NA	NA	NA	NA	NA	NA	NA	NA	NA	NA	NA	NA	NA	NA	NA	NA	NA	NA	NA	NA	NA	NA	NA	NA	NA	NA	NA	NA	NA	NA	NA	NA	NA	NA	NA	NA	NA	NA	NA	NA
cg20979307	0.887021030812379	0.79997213012497	0.850624994001123	0.859992914876187	0.743350126593471	0.754916510758027	0.886084119020206	0.698566718281168	0.7708929398523	0.661690802354862	0.814704433216019	0.931382211307343	0.956935921738653	0.626873438073237	0.841893084119308	0.784819207129687	0.777799148866522	0.808382350326859	0.760543482339702	0.669263898179326	0.724222502527197	0.712103749104604	0.670616112810883	0.798149080469312	0.621082749387021	0.928638157754056	0.73636799880627	0.778915780837323	0.796291813180958	0.656284282077437	0.636706033949854	0.798420884387317	0.860075121951292	0.866828887420181	0.7202837992125	0.568881826801926	0.66842414963976	0.617861419989063	0.883680615949569	0.802418978787813	0.757650546145238	0.840545087089732	0.733791278830822	0.76526012007064	0.824327853819937	0.824828382856348	0.748729220838765	0.559059441975449	0.835973068916924	0.878949084674282	0.759133484750339	0.899472390967154	0.594378928603348	0.939622581665428	0.888350745933382	0.717867278150469	0.87100058633971	0.791658919838676	0.829948223013524	0.90133324948281	0.759294857421614	0.693820154110717	0.794823153466708	0.724793970867613	0.958968952261322	0.917714452196154	0.659140132471833	0.858608487962322	0.581228919098702	0.818088778223677	0.78461418770468	0.825201576980583	0.816118294846316	0.778597294615112	0.972980209202281	0.766090150242731	0.785177785149288	0.769149073863684	0.769440443957467	0.891455163575225	0.83056518681651	0.627184422734672	0.49360187705159	0.810267535648381	0.818026663598161	0.661226478582078	0.777693807554005	0.796184085048803	0.806306436652645	0.814825750887791	0.886999162807598	0.98524240996731	0.780146487383923	0.639554568917956	0.862763799886342	0.803068596228908	0.82380188612797	0.820973066159553	0.844325170130003
cg20994227	NA	NA	NA	NA	NA	NA	NA	NA	NA	NA	NA	NA	NA	NA	NA	NA	NA	NA	NA	NA	NA	NA	NA	NA	NA	NA	NA	NA	NA	NA	NA	NA	NA	NA	NA	NA	NA	NA	NA	NA	NA	NA	NA	NA	NA	NA	NA	NA	NA	NA	NA	NA	NA	NA	NA	NA	NA	NA	NA	NA	NA	NA	NA	NA	NA	NA	NA	NA	NA	NA	NA	NA	NA	NA	NA	NA	NA	NA	NA	NA	NA	NA	NA	NA	NA	NA	NA	NA	NA	NA	NA	NA	NA	NA	NA	NA	NA	NA	NA
cg21004684	NA	NA	NA	NA	NA	NA	NA	NA	NA	NA	NA	NA	NA	NA	NA	NA	NA	NA	NA	NA	NA	NA	NA	NA	NA	NA	NA	NA	NA	NA	NA	NA	NA	NA	NA	NA	NA	NA	NA	NA	NA	NA	NA	NA	NA	NA	NA	NA	NA	NA	NA	NA	NA	NA	NA	NA	NA	NA	NA	NA	NA	NA	NA	NA	NA	NA	NA	NA	NA	NA	NA	NA	NA	NA	NA	NA	NA	NA	NA	NA	NA	NA	NA	NA	NA	NA	NA	NA	NA	NA	NA	NA	NA	NA	NA	NA	NA	NA	NA
cg21046959	NA	NA	NA	NA	NA	NA	NA	NA	NA	NA	NA	NA	NA	NA	NA	NA	NA	NA	NA	NA	NA	NA	NA	NA	NA	NA	NA	NA	NA	NA	NA	NA	NA	NA	NA	NA	NA	NA	NA	NA	NA	NA	NA	NA	NA	NA	NA	NA	NA	NA	NA	NA	NA	NA	NA	NA	NA	NA	NA	NA	NA	NA	NA	NA	NA	NA	NA	NA	NA	NA	NA	NA	NA	NA	NA	NA	NA	NA	NA	NA	NA	NA	NA	NA	NA	NA	NA	NA	NA	NA	NA	NA	NA	NA	NA	NA	NA	NA	NA
cg21049302	0.488918027841464	0.603762838461158	0.493794818414919	0.628456787303355	0.64934525309588	0.435605407495714	0.27294064265954	0.161393218895863	0.639946496040065	0.2231413952825	0.247366730526901	0.323115440977879	0.641980014584809	0.185069463165461	0.719399971718417	0.179650806208137	0.528874804505424	0.318410472987171	0.225427879412497	0.246833692869292	0.420911611197434	0.39187723348438	0.257422965848794	0.360446832739428	0.286288098543527	0.449458312646479	0.258082273570522	0.308135565881685	0.150911850518797	0.258221901648696	0.295123521688574	0.426094131405919	0.446915742721541	0.284026111125016	0.428811934930831	0.0812279774681703	0.193436488742337	0.572711411028668	0.34945867714413	0.36965518915061	0.203762099784299	0.703000700672421	0.460830075410041	0.127645656656916	0.186698975694683	0.36808579334518	0.264681585186133	0.523516178877928	0.220773823180033	0.605555488021483	0.270606701510211	0.550661761897889	0.389031191944119	0.610245594299074	0.510054392947316	0.416660353013523	0.562252632218478	0.279413822356346	0.559426897037158	0.586417485370307	0.613513414734683	0.0802508212417378	0.752194428348793	0.669260003514457	0.716809907461191	0.442961405742924	0.309681292384179	0.658727887484498	0.435258616606236	0.365945386840342	0.739058200582626	0.56770713709813	0.324989269598552	0.257119721913566	0.906055759164843	0.411395802829458	0.357357758430972	0.525947885933124	0.474190867219517	0.403614404336517	0.336624675205016	0.300150970849772	0.158921873011102	0.190697575816831	0.437078663155404	0.218659411351064	0.674572272656536	0.170188186726552	0.371406546085208	0.309352673329607	0.827376428396627	0.859379991404157	0.235353015277083	0.177772919912966	0.173123069748746	0.26995699594675	0.487950642001739	0.40362156215834	0.496915983472329
cg21053644	NA	NA	NA	NA	NA	NA	NA	NA	NA	NA	NA	NA	NA	NA	NA	NA	NA	NA	NA	NA	NA	NA	NA	NA	NA	NA	NA	NA	NA	NA	NA	NA	NA	NA	NA	NA	NA	NA	NA	NA	NA	NA	NA	NA	NA	NA	NA	NA	NA	NA	NA	NA	NA	NA	NA	NA	NA	NA	NA	NA	NA	NA	NA	NA	NA	NA	NA	NA	NA	NA	NA	NA	NA	NA	NA	NA	NA	NA	NA	NA	NA	NA	NA	NA	NA	NA	NA	NA	NA	NA	NA	NA	NA	NA	NA	NA	NA	NA	NA
cg21071940	NA	NA	NA	NA	NA	NA	NA	NA	NA	NA	NA	NA	NA	NA	NA	NA	NA	NA	NA	NA	NA	NA	NA	NA	NA	NA	NA	NA	NA	NA	NA	NA	NA	NA	NA	NA	NA	NA	NA	NA	NA	NA	NA	NA	NA	NA	NA	NA	NA	NA	NA	NA	NA	NA	NA	NA	NA	NA	NA	NA	NA	NA	NA	NA	NA	NA	NA	NA	NA	NA	NA	NA	NA	NA	NA	NA	NA	NA	NA	NA	NA	NA	NA	NA	NA	NA	NA	NA	NA	NA	NA	NA	NA	NA	NA	NA	NA	NA	NA
cg21078247	NA	NA	NA	NA	NA	NA	NA	NA	NA	NA	NA	NA	NA	NA	NA	NA	NA	NA	NA	NA	NA	NA	NA	NA	NA	NA	NA	NA	NA	NA	NA	NA	NA	NA	NA	NA	NA	NA	NA	NA	NA	NA	NA	NA	NA	NA	NA	NA	NA	NA	NA	NA	NA	NA	NA	NA	NA	NA	NA	NA	NA	NA	NA	NA	NA	NA	NA	NA	NA	NA	NA	NA	NA	NA	NA	NA	NA	NA	NA	NA	NA	NA	NA	NA	NA	NA	NA	NA	NA	NA	NA	NA	NA	NA	NA	NA	NA	NA	NA
cg21101714	NA	NA	NA	NA	NA	NA	NA	NA	NA	NA	NA	NA	NA	NA	NA	NA	NA	NA	NA	NA	NA	NA	NA	NA	NA	NA	NA	NA	NA	NA	NA	NA	NA	NA	NA	NA	NA	NA	NA	NA	NA	NA	NA	NA	NA	NA	NA	NA	NA	NA	NA	NA	NA	NA	NA	NA	NA	NA	NA	NA	NA	NA	NA	NA	NA	NA	NA	NA	NA	NA	NA	NA	NA	NA	NA	NA	NA	NA	NA	NA	NA	NA	NA	NA	NA	NA	NA	NA	NA	NA	NA	NA	NA	NA	NA	NA	NA	NA	NA
cg21125095	NA	NA	NA	NA	NA	NA	NA	NA	NA	NA	NA	NA	NA	NA	NA	NA	NA	NA	NA	NA	NA	NA	NA	NA	NA	NA	NA	NA	NA	NA	NA	NA	NA	NA	NA	NA	NA	NA	NA	NA	NA	NA	NA	NA	NA	NA	NA	NA	NA	NA	NA	NA	NA	NA	NA	NA	NA	NA	NA	NA	NA	NA	NA	NA	NA	NA	NA	NA	NA	NA	NA	NA	NA	NA	NA	NA	NA	NA	NA	NA	NA	NA	NA	NA	NA	NA	NA	NA	NA	NA	NA	NA	NA	NA	NA	NA	NA	NA	NA
cg21126306	NA	NA	NA	NA	NA	NA	NA	NA	NA	NA	NA	NA	NA	NA	NA	NA	NA	NA	NA	NA	NA	NA	NA	NA	NA	NA	NA	NA	NA	NA	NA	NA	NA	NA	NA	NA	NA	NA	NA	NA	NA	NA	NA	NA	NA	NA	NA	NA	NA	NA	NA	NA	NA	NA	NA	NA	NA	NA	NA	NA	NA	NA	NA	NA	NA	NA	NA	NA	NA	NA	NA	NA	NA	NA	NA	NA	NA	NA	NA	NA	NA	NA	NA	NA	NA	NA	NA	NA	NA	NA	NA	NA	NA	NA	NA	NA	NA	NA	NA
cg21160516	NA	NA	NA	NA	NA	NA	NA	NA	NA	NA	NA	NA	NA	NA	NA	NA	NA	NA	NA	NA	NA	NA	NA	NA	NA	NA	NA	NA	NA	NA	NA	NA	NA	NA	NA	NA	NA	NA	NA	NA	NA	NA	NA	NA	NA	NA	NA	NA	NA	NA	NA	NA	NA	NA	NA	NA	NA	NA	NA	NA	NA	NA	NA	NA	NA	NA	NA	NA	NA	NA	NA	NA	NA	NA	NA	NA	NA	NA	NA	NA	NA	NA	NA	NA	NA	NA	NA	NA	NA	NA	NA	NA	NA	NA	NA	NA	NA	NA	NA
cg21169995	NA	NA	NA	NA	NA	NA	NA	NA	NA	NA	NA	NA	NA	NA	NA	NA	NA	NA	NA	NA	NA	NA	NA	NA	NA	NA	NA	NA	NA	NA	NA	NA	NA	NA	NA	NA	NA	NA	NA	NA	NA	NA	NA	NA	NA	NA	NA	NA	NA	NA	NA	NA	NA	NA	NA	NA	NA	NA	NA	NA	NA	NA	NA	NA	NA	NA	NA	NA	NA	NA	NA	NA	NA	NA	NA	NA	NA	NA	NA	NA	NA	NA	NA	NA	NA	NA	NA	NA	NA	NA	NA	NA	NA	NA	NA	NA	NA	NA	NA
cg21179412	NA	NA	NA	NA	NA	NA	NA	NA	NA	NA	NA	NA	NA	NA	NA	NA	NA	NA	NA	NA	NA	NA	NA	NA	NA	NA	NA	NA	NA	NA	NA	NA	NA	NA	NA	NA	NA	NA	NA	NA	NA	NA	NA	NA	NA	NA	NA	NA	NA	NA	NA	NA	NA	NA	NA	NA	NA	NA	NA	NA	NA	NA	NA	NA	NA	NA	NA	NA	NA	NA	NA	NA	NA	NA	NA	NA	NA	NA	NA	NA	NA	NA	NA	NA	NA	NA	NA	NA	NA	NA	NA	NA	NA	NA	NA	NA	NA	NA	NA
cg21203984	NA	NA	NA	NA	NA	NA	NA	NA	NA	NA	NA	NA	NA	NA	NA	NA	NA	NA	NA	NA	NA	NA	NA	NA	NA	NA	NA	NA	NA	NA	NA	NA	NA	NA	NA	NA	NA	NA	NA	NA	NA	NA	NA	NA	NA	NA	NA	NA	NA	NA	NA	NA	NA	NA	NA	NA	NA	NA	NA	NA	NA	NA	NA	NA	NA	NA	NA	NA	NA	NA	NA	NA	NA	NA	NA	NA	NA	NA	NA	NA	NA	NA	NA	NA	NA	NA	NA	NA	NA	NA	NA	NA	NA	NA	NA	NA	NA	NA	NA
cg21244845	NA	NA	NA	NA	NA	NA	NA	NA	NA	NA	NA	NA	NA	NA	NA	NA	NA	NA	NA	NA	NA	NA	NA	NA	NA	NA	NA	NA	NA	NA	NA	NA	NA	NA	NA	NA	NA	NA	NA	NA	NA	NA	NA	NA	NA	NA	NA	NA	NA	NA	NA	NA	NA	NA	NA	NA	NA	NA	NA	NA	NA	NA	NA	NA	NA	NA	NA	NA	NA	NA	NA	NA	NA	NA	NA	NA	NA	NA	NA	NA	NA	NA	NA	NA	NA	NA	NA	NA	NA	NA	NA	NA	NA	NA	NA	NA	NA	NA	NA
cg21267836	NA	NA	NA	NA	NA	NA	NA	NA	NA	NA	NA	NA	NA	NA	NA	NA	NA	NA	NA	NA	NA	NA	NA	NA	NA	NA	NA	NA	NA	NA	NA	NA	NA	NA	NA	NA	NA	NA	NA	NA	NA	NA	NA	NA	NA	NA	NA	NA	NA	NA	NA	NA	NA	NA	NA	NA	NA	NA	NA	NA	NA	NA	NA	NA	NA	NA	NA	NA	NA	NA	NA	NA	NA	NA	NA	NA	NA	NA	NA	NA	NA	NA	NA	NA	NA	NA	NA	NA	NA	NA	NA	NA	NA	NA	NA	NA	NA	NA	NA
cg21336434	0.57123948431232	0.4994390210832	0.260864337504158	0.463783583173938	0.453722766620112	0.397579382357112	0.761822429027324	0.150607732882753	0.275770475098638	0.196246051059545	0.255619960333522	0.439561722362524	0.698000486071838	0.104449056773044	0.586854920363281	0.377092696322044	0.339968881928462	0.31945191454246	0.1675959359173	0.202874477486155	0.394000637911121	0.362498561638813	0.209069368462235	0.547045436617029	0.213921959537946	0.302190876917424	0.19305686282039	0.223627312747073	0.27839685464744	0.816084921759741	0.208415851882889	0.579550061955032	0.342187591479162	0.220153364690769	0.706586870180206	0.382377382119874	0.534574077352175	0.2833947814819	0.67090202539471	0.679638217702443	0.142140671627657	0.888927319465579	0.382603810387875	0.125998039341717	0.194973579531436	0.586219384974088	0.167292116671032	0.378108182736729	0.156690810044173	0.888418815405084	0.223696809493553	0.291967520306503	0.10266178496307	0.690050473185205	0.380198443410464	0.259821487153576	0.181608699304078	0.254394755517962	0.365992954132523	0.419690271323467	0.268556427893376	0.0901609689397381	0.604568332643356	0.672059074919845	0.551095368278458	0.465003997075823	0.242269525487968	0.466005736303512	0.17388514860574	0.25039834529262	0.281735910354752	0.730379391881084	0.386174622905704	0.236059833161788	0.655934571194235	0.443428260457233	0.236747973160913	0.0963545988328236	0.224332061285611	0.429159468252116	0.147811424990366	0.5508784436141	0.0969098024543322	0.462943708547597	0.305130881143963	0.183595470537722	0.444671470510178	0.144188557792044	0.374981604561844	0.69666689798208	0.0810465265587366	0.565493366116664	0.216238626079315	0.0737768514473657	0.289658232640251	0.145960350561864	0.315239983016995	0.420166856434252	0.527061926492961
cg21358429	NA	NA	NA	NA	NA	NA	NA	NA	NA	NA	NA	NA	NA	NA	NA	NA	NA	NA	NA	NA	NA	NA	NA	NA	NA	NA	NA	NA	NA	NA	NA	NA	NA	NA	NA	NA	NA	NA	NA	NA	NA	NA	NA	NA	NA	NA	NA	NA	NA	NA	NA	NA	NA	NA	NA	NA	NA	NA	NA	NA	NA	NA	NA	NA	NA	NA	NA	NA	NA	NA	NA	NA	NA	NA	NA	NA	NA	NA	NA	NA	NA	NA	NA	NA	NA	NA	NA	NA	NA	NA	NA	NA	NA	NA	NA	NA	NA	NA	NA
cg21397124	NA	NA	NA	NA	NA	NA	NA	NA	NA	NA	NA	NA	NA	NA	NA	NA	NA	NA	NA	NA	NA	NA	NA	NA	NA	NA	NA	NA	NA	NA	NA	NA	NA	NA	NA	NA	NA	NA	NA	NA	NA	NA	NA	NA	NA	NA	NA	NA	NA	NA	NA	NA	NA	NA	NA	NA	NA	NA	NA	NA	NA	NA	NA	NA	NA	NA	NA	NA	NA	NA	NA	NA	NA	NA	NA	NA	NA	NA	NA	NA	NA	NA	NA	NA	NA	NA	NA	NA	NA	NA	NA	NA	NA	NA	NA	NA	NA	NA	NA
cg21414905	0.808993006870031	0.888125342794709	0.736394534333349	0.865469269959723	0.791496478140098	0.770444518382778	0.737613503542044	0.58084297664227	0.736665701773334	0.35866641342499	0.734987016591361	0.885723211312961	0.787112114193194	0.497067754636364	0.885918098248694	0.213255567840519	0.640246349830741	0.798255519599505	0.504381145294079	0.506946102817677	0.671016463748817	0.669709645665224	0.41583321753392	0.78426483570183	0.28882323546137	0.884528474508334	0.794714778400064	0.751327609843568	0.728877680932134	0.848689435281865	0.890772100324601	0.372133458005592	0.806185442457257	0.891345287887981	0.824950244203422	0.808716892517028	0.667757309879269	0.561584054039523	0.752010183061708	0.817572931310258	0.8996738234481	0.898781677012441	0.676717842823151	0.898108646760349	0.532669264762888	0.408307723282333	0.924126809154604	0.529023721808454	0.902745084797627	0.864841762015584	0.767875343996302	0.820120157933228	0.221305317331734	0.765652640500337	0.583038839560632	0.692913464623721	0.77398297269801	0.817972980158771	0.886745301474086	0.823960824511107	0.733303495118319	0.525008274683145	0.676329508386133	0.909558127645697	0.793143199340131	0.81045181183157	0.883906648079854	0.834941112191918	0.303711111511839	0.586702054666122	0.49196640552448	0.818882820525192	0.369939220353316	0.566646262816501	0.80432908727749	0.753622473024814	0.465099870696567	0.590987480133695	0.86317226791414	0.304025809994405	0.893182146661414	0.459672698101478	0.346766974432932	0.839377319098444	0.818362620617204	0.491099678137918	0.8216517455524	0.816990454269138	0.911839234629755	0.867892362906174	0.858447726310964	0.822971441175217	0.778742452357433	NA	0.820145322343499	0.861671921757598	0.595103913641736	0.712356214977215	0.860161422637363
cg21429544	NA	NA	NA	NA	NA	NA	NA	NA	NA	NA	NA	NA	NA	NA	NA	NA	NA	NA	NA	NA	NA	NA	NA	NA	NA	NA	NA	NA	NA	NA	NA	NA	NA	NA	NA	NA	NA	NA	NA	NA	NA	NA	NA	NA	NA	NA	NA	NA	NA	NA	NA	NA	NA	NA	NA	NA	NA	NA	NA	NA	NA	NA	NA	NA	NA	NA	NA	NA	NA	NA	NA	NA	NA	NA	NA	NA	NA	NA	NA	NA	NA	NA	NA	NA	NA	NA	NA	NA	NA	NA	NA	NA	NA	NA	NA	NA	NA	NA	NA
cg21443763	0.9339296024693	0.929844192459878	0.950069044719421	0.919495271334757	0.95644578910819	0.778112976120398	0.879340115157569	0.625656176643793	0.908739603295819	0.665145177423469	0.943488764951827	0.962029680264279	0.946337352187256	0.581722076859317	0.941733103348781	0.898459753527463	0.942690909933376	0.829902070390174	0.957928155960795	0.772871221079632	0.680570873768859	0.644183709867661	0.939833704437921	0.817613170252809	0.351381672052669	0.951092656086538	0.960135663015684	0.954392752078315	0.953218767402445	0.950254501180091	0.804014347305643	0.907560532360453	0.954234006205653	0.93800387950654	0.906430987475531	0.923365648731101	0.942342401113865	0.870266464722097	0.952367202173848	0.907460010895627	0.920175362507266	0.729170520697886	0.496171981175644	0.939735994315243	0.937253024238392	0.79622570897243	0.37272487031856	0.475587807858308	0.965694333861602	0.938253070912597	0.650531941686549	0.932173620607454	0.929964594988912	0.921967461972198	0.924708298798374	0.889600691285484	0.919683226474152	0.716920887689394	0.961007569055219	0.946721519685556	0.776333707011766	0.496888596362729	0.9271342243886	0.921218629694588	0.958806284584857	0.952624133903232	0.920521869016395	0.957162116255049	0.687796625303864	0.944962014516173	0.754599737366695	0.927522784048436	0.512083786820042	0.937806927451163	0.936441989728396	0.935667889314475	0.790775890637149	0.874208273867894	0.89588245783231	0.784702123398273	0.713532859402894	0.78851828046415	0.440893354644586	0.921662611174315	0.962802588263191	0.720771691428943	0.705665000720446	0.957653455721854	0.930715476469356	0.935407691533457	0.961162102162077	0.938572430935512	0.954162618445348	0.63175316730524	0.946547492275982	0.968509758277737	0.938266168591512	0.748463897701691	0.950502419532395
cg21469820	NA	NA	NA	NA	NA	NA	NA	NA	NA	NA	NA	NA	NA	NA	NA	NA	NA	NA	NA	NA	NA	NA	NA	NA	NA	NA	NA	NA	NA	NA	NA	NA	NA	NA	NA	NA	NA	NA	NA	NA	NA	NA	NA	NA	NA	NA	NA	NA	NA	NA	NA	NA	NA	NA	NA	NA	NA	NA	NA	NA	NA	NA	NA	NA	NA	NA	NA	NA	NA	NA	NA	NA	NA	NA	NA	NA	NA	NA	NA	NA	NA	NA	NA	NA	NA	NA	NA	NA	NA	NA	NA	NA	NA	NA	NA	NA	NA	NA	NA
cg21483702	NA	NA	NA	NA	NA	NA	NA	NA	NA	NA	NA	NA	NA	NA	NA	NA	NA	NA	NA	NA	NA	NA	NA	NA	NA	NA	NA	NA	NA	NA	NA	NA	NA	NA	NA	NA	NA	NA	NA	NA	NA	NA	NA	NA	NA	NA	NA	NA	NA	NA	NA	NA	NA	NA	NA	NA	NA	NA	NA	NA	NA	NA	NA	NA	NA	NA	NA	NA	NA	NA	NA	NA	NA	NA	NA	NA	NA	NA	NA	NA	NA	NA	NA	NA	NA	NA	NA	NA	NA	NA	NA	NA	NA	NA	NA	NA	NA	NA	NA
cg21502695	NA	NA	NA	NA	NA	NA	NA	NA	NA	NA	NA	NA	NA	NA	NA	NA	NA	NA	NA	NA	NA	NA	NA	NA	NA	NA	NA	NA	NA	NA	NA	NA	NA	NA	NA	NA	NA	NA	NA	NA	NA	NA	NA	NA	NA	NA	NA	NA	NA	NA	NA	NA	NA	NA	NA	NA	NA	NA	NA	NA	NA	NA	NA	NA	NA	NA	NA	NA	NA	NA	NA	NA	NA	NA	NA	NA	NA	NA	NA	NA	NA	NA	NA	NA	NA	NA	NA	NA	NA	NA	NA	NA	NA	NA	NA	NA	NA	NA	NA
cg21512370	0.826307598637651	0.845967162749234	0.840938554413911	0.906163992183502	0.858993629693003	0.838546506246591	0.838153744782975	0.842578349304132	0.864523321939398	0.491420852864575	0.839015008073373	0.836493006932655	0.847448677655428	0.825334667305069	0.870363286785696	0.8421722685563	0.835069185380236	0.84503946346061	0.784008837969085	0.734805215213361	0.791847443426985	0.82150678712923	0.812716743835815	0.758897912232308	0.828702743549011	0.777871176542376	0.828772342449416	0.825390135986057	0.799406423782845	0.835627016995205	0.820321642376581	0.873562767597132	0.799057550223255	0.772647861269502	0.65085597344232	0.691235573424614	0.665511002933777	0.450544331032356	0.882519039600786	0.810828471926221	0.641050531037128	0.874936130563858	0.71661113073541	0.715598367732768	0.784555453050132	0.810924564054511	0.886495284358798	0.87378303966173	0.844416093483732	0.822286800966299	0.808426044303078	0.852199604986221	0.543118292597818	0.849659249792477	0.776598049114723	0.828225643202776	0.81518008341808	0.818118345579773	0.84390024457512	0.797843361263759	0.830724290427015	0.83684723340388	0.812099751455195	0.679420833718046	0.850372520943946	0.796772916468561	0.506181591591802	0.866136496157225	0.499045591365618	0.844701898215787	0.829234284086556	0.835504154362296	0.820156869083515	0.862098795063399	0.870246432763104	0.862861148181465	0.808788318614715	0.877682525294662	0.846170751671666	0.87309516641143	0.808752560553817	0.503496814716331	0.850392974274905	0.738948214598121	0.84761959290236	0.690493999798515	0.764043612133751	0.807379864256664	0.920771399175201	0.845386961776515	0.917029520057028	0.878363705636859	0.856413730321211	0.736039106431065	0.886364105544833	0.860946360703645	0.820402549655069	0.675013847167188	0.844455168502785
cg21532334	NA	NA	NA	NA	NA	NA	NA	NA	NA	NA	NA	NA	NA	NA	NA	NA	NA	NA	NA	NA	NA	NA	NA	NA	NA	NA	NA	NA	NA	NA	NA	NA	NA	NA	NA	NA	NA	NA	NA	NA	NA	NA	NA	NA	NA	NA	NA	NA	NA	NA	NA	NA	NA	NA	NA	NA	NA	NA	NA	NA	NA	NA	NA	NA	NA	NA	NA	NA	NA	NA	NA	NA	NA	NA	NA	NA	NA	NA	NA	NA	NA	NA	NA	NA	NA	NA	NA	NA	NA	NA	NA	NA	NA	NA	NA	NA	NA	NA	NA
cg21579959	NA	NA	NA	NA	NA	NA	NA	NA	NA	NA	NA	NA	NA	NA	NA	NA	NA	NA	NA	NA	NA	NA	NA	NA	NA	NA	NA	NA	NA	NA	NA	NA	NA	NA	NA	NA	NA	NA	NA	NA	NA	NA	NA	NA	NA	NA	NA	NA	NA	NA	NA	NA	NA	NA	NA	NA	NA	NA	NA	NA	NA	NA	NA	NA	NA	NA	NA	NA	NA	NA	NA	NA	NA	NA	NA	NA	NA	NA	NA	NA	NA	NA	NA	NA	NA	NA	NA	NA	NA	NA	NA	NA	NA	NA	NA	NA	NA	NA	NA
cg21583727	NA	NA	NA	NA	NA	NA	NA	NA	NA	NA	NA	NA	NA	NA	NA	NA	NA	NA	NA	NA	NA	NA	NA	NA	NA	NA	NA	NA	NA	NA	NA	NA	NA	NA	NA	NA	NA	NA	NA	NA	NA	NA	NA	NA	NA	NA	NA	NA	NA	NA	NA	NA	NA	NA	NA	NA	NA	NA	NA	NA	NA	NA	NA	NA	NA	NA	NA	NA	NA	NA	NA	NA	NA	NA	NA	NA	NA	NA	NA	NA	NA	NA	NA	NA	NA	NA	NA	NA	NA	NA	NA	NA	NA	NA	NA	NA	NA	NA	NA
cg21593015	0.641476368297545	0.883768973564922	0.608986273923691	0.69993358131243	0.581426693868295	0.509587947259101	0.784963421041744	0.178452963964841	0.481369741557813	0.20313362806373	0.329337711113472	0.857949775020059	0.763064028608917	0.194225565559295	0.745639299721072	0.364375648290409	0.715992734594751	0.402932456808329	0.911421362208512	0.481206527971152	0.55665941087792	0.481025832347885	0.153585481800339	0.375494009170307	0.350107830349691	0.534793885049748	0.599460950492657	0.260639448618654	0.625752823724044	0.887516541395213	0.315161453886418	0.404390753700317	0.513081984678326	0.570926905690707	0.27536321092379	0.112694429846613	0.59757866151156	0.518494369552837	0.862341007856617	0.374756381229109	0.303970436419713	0.344827683146722	0.44296711066684	0.842212538134895	0.272842573444868	0.394700076067744	0.259738305923829	0.582691156854899	0.363124049295057	0.508576464156177	0.299558136057139	0.792464629563523	0.121316713860214	0.691417120162179	0.844435661076658	0.393670306369337	0.20810437427853	0.357502436717532	0.638127381483891	0.686353476730662	0.307238505604136	0.145712312531771	0.790596703323259	0.445283310448729	0.927985129221433	0.64859764669109	0.448389222761649	0.772877985566163	0.793189137323341	0.833079846486678	0.397464619793229	0.638588960496371	0.886152846531968	0.495765925549737	0.879604807046872	0.571041922264549	0.292220005040702	0.437434597420782	0.425805319713982	0.586122989426173	0.236754983179915	0.357339495672272	0.305571753666646	0.480386817671944	0.503838614285193	0.319134451459446	0.928981943725243	0.446147957795201	0.732236503589646	0.586332290083841	0.605765903351002	0.596250322531327	0.323199969952939	0.138704563708214	0.811169580650872	0.634702403802094	0.545140142702128	0.513649887566247	0.828793175347481
cg21606086	NA	NA	NA	NA	NA	NA	NA	NA	NA	NA	NA	NA	NA	NA	NA	NA	NA	NA	NA	NA	NA	NA	NA	NA	NA	NA	NA	NA	NA	NA	NA	NA	NA	NA	NA	NA	NA	NA	NA	NA	NA	NA	NA	NA	NA	NA	NA	NA	NA	NA	NA	NA	NA	NA	NA	NA	NA	NA	NA	NA	NA	NA	NA	NA	NA	NA	NA	NA	NA	NA	NA	NA	NA	NA	NA	NA	NA	NA	NA	NA	NA	NA	NA	NA	NA	NA	NA	NA	NA	NA	NA	NA	NA	NA	NA	NA	NA	NA	NA
cg21615915	0.40606429143377	0.539793745726096	0.528089446429813	0.516773394275761	0.34548570116755	0.333505092302079	0.758086814265874	0.111275482499532	0.306313931705923	0.143520396695313	0.171745433625397	0.540676373466138	0.477266861812252	0.582423621296246	0.538442790060176	0.143975253374837	0.304492993318646	0.25361372177312	0.108471694198895	0.160805018875147	0.357302983358973	0.295125728927882	0.348746664267327	0.236407754209223	0.134594499505451	0.728376880354209	0.419356182309992	0.142216829474862	0.113605781425771	0.534526527898149	0.170127835562199	0.272385632805737	0.352198655773303	0.474365931480356	0.537036762819862	0.309232957186081	0.111604338545445	0.156365029282063	0.204393806292313	0.393998935416293	0.139897971530601	0.105872553401672	0.49523157914018	0.570600100566233	0.153978545144079	0.18437169424521	0.120822669928915	0.20403468075009	0.134069111298565	0.681700136792447	0.265418577241489	0.551115786333258	0.0810573033114482	0.430809659582922	0.297375333759391	0.195821075081505	0.306598963193796	0.208481191797163	0.0975578032763983	0.672851541700643	0.419557105211142	0.0876307146430471	0.303748890988283	0.478587275598278	0.55940239018141	0.333825292854499	0.373097622224265	0.712275666272316	0.140421822105446	0.489119275342318	0.203711792974264	0.451463270410865	0.268310212769948	0.134936898361235	0.669136280894062	0.644499594873936	0.856664247321526	0.174997314975822	0.432067301463642	0.313156167453982	0.08820709842405	0.164122311930557	0.15939610182383	0.25176529945671	0.19444287446726	0.180238563624895	0.290220221796952	0.435051921729061	0.161774127723303	0.203250979723425	0.71904759590537	0.418073430256691	0.243110108768489	0.27098268231253	0.479519419743053	0.505458886341961	0.330429076463092	0.278683065579056	0.480388528679802
cg21618529	NA	NA	NA	NA	NA	NA	NA	NA	NA	NA	NA	NA	NA	NA	NA	NA	NA	NA	NA	NA	NA	NA	NA	NA	NA	NA	NA	NA	NA	NA	NA	NA	NA	NA	NA	NA	NA	NA	NA	NA	NA	NA	NA	NA	NA	NA	NA	NA	NA	NA	NA	NA	NA	NA	NA	NA	NA	NA	NA	NA	NA	NA	NA	NA	NA	NA	NA	NA	NA	NA	NA	NA	NA	NA	NA	NA	NA	NA	NA	NA	NA	NA	NA	NA	NA	NA	NA	NA	NA	NA	NA	NA	NA	NA	NA	NA	NA	NA	NA
cg21618784	NA	NA	NA	NA	NA	NA	NA	NA	NA	NA	NA	NA	NA	NA	NA	NA	NA	NA	NA	NA	NA	NA	NA	NA	NA	NA	NA	NA	NA	NA	NA	NA	NA	NA	NA	NA	NA	NA	NA	NA	NA	NA	NA	NA	NA	NA	NA	NA	NA	NA	NA	NA	NA	NA	NA	NA	NA	NA	NA	NA	NA	NA	NA	NA	NA	NA	NA	NA	NA	NA	NA	NA	NA	NA	NA	NA	NA	NA	NA	NA	NA	NA	NA	NA	NA	NA	NA	NA	NA	NA	NA	NA	NA	NA	NA	NA	NA	NA	NA
cg21647407	NA	NA	NA	NA	NA	NA	NA	NA	NA	NA	NA	NA	NA	NA	NA	NA	NA	NA	NA	NA	NA	NA	NA	NA	NA	NA	NA	NA	NA	NA	NA	NA	NA	NA	NA	NA	NA	NA	NA	NA	NA	NA	NA	NA	NA	NA	NA	NA	NA	NA	NA	NA	NA	NA	NA	NA	NA	NA	NA	NA	NA	NA	NA	NA	NA	NA	NA	NA	NA	NA	NA	NA	NA	NA	NA	NA	NA	NA	NA	NA	NA	NA	NA	NA	NA	NA	NA	NA	NA	NA	NA	NA	NA	NA	NA	NA	NA	NA	NA
cg21690921	NA	NA	NA	NA	NA	NA	NA	NA	NA	NA	NA	NA	NA	NA	NA	NA	NA	NA	NA	NA	NA	NA	NA	NA	NA	NA	NA	NA	NA	NA	NA	NA	NA	NA	NA	NA	NA	NA	NA	NA	NA	NA	NA	NA	NA	NA	NA	NA	NA	NA	NA	NA	NA	NA	NA	NA	NA	NA	NA	NA	NA	NA	NA	NA	NA	NA	NA	NA	NA	NA	NA	NA	NA	NA	NA	NA	NA	NA	NA	NA	NA	NA	NA	NA	NA	NA	NA	NA	NA	NA	NA	NA	NA	NA	NA	NA	NA	NA	NA
cg21694626	NA	NA	NA	NA	NA	NA	NA	NA	NA	NA	NA	NA	NA	NA	NA	NA	NA	NA	NA	NA	NA	NA	NA	NA	NA	NA	NA	NA	NA	NA	NA	NA	NA	NA	NA	NA	NA	NA	NA	NA	NA	NA	NA	NA	NA	NA	NA	NA	NA	NA	NA	NA	NA	NA	NA	NA	NA	NA	NA	NA	NA	NA	NA	NA	NA	NA	NA	NA	NA	NA	NA	NA	NA	NA	NA	NA	NA	NA	NA	NA	NA	NA	NA	NA	NA	NA	NA	NA	NA	NA	NA	NA	NA	NA	NA	NA	NA	NA	NA
cg21767461	NA	NA	NA	NA	NA	NA	NA	NA	NA	NA	NA	NA	NA	NA	NA	NA	NA	NA	NA	NA	NA	NA	NA	NA	NA	NA	NA	NA	NA	NA	NA	NA	NA	NA	NA	NA	NA	NA	NA	NA	NA	NA	NA	NA	NA	NA	NA	NA	NA	NA	NA	NA	NA	NA	NA	NA	NA	NA	NA	NA	NA	NA	NA	NA	NA	NA	NA	NA	NA	NA	NA	NA	NA	NA	NA	NA	NA	NA	NA	NA	NA	NA	NA	NA	NA	NA	NA	NA	NA	NA	NA	NA	NA	NA	NA	NA	NA	NA	NA
cg21797973	NA	NA	NA	NA	NA	NA	NA	NA	NA	NA	NA	NA	NA	NA	NA	NA	NA	NA	NA	NA	NA	NA	NA	NA	NA	NA	NA	NA	NA	NA	NA	NA	NA	NA	NA	NA	NA	NA	NA	NA	NA	NA	NA	NA	NA	NA	NA	NA	NA	NA	NA	NA	NA	NA	NA	NA	NA	NA	NA	NA	NA	NA	NA	NA	NA	NA	NA	NA	NA	NA	NA	NA	NA	NA	NA	NA	NA	NA	NA	NA	NA	NA	NA	NA	NA	NA	NA	NA	NA	NA	NA	NA	NA	NA	NA	NA	NA	NA	NA
cg21801085	NA	NA	NA	NA	NA	NA	NA	NA	NA	NA	NA	NA	NA	NA	NA	NA	NA	NA	NA	NA	NA	NA	NA	NA	NA	NA	NA	NA	NA	NA	NA	NA	NA	NA	NA	NA	NA	NA	NA	NA	NA	NA	NA	NA	NA	NA	NA	NA	NA	NA	NA	NA	NA	NA	NA	NA	NA	NA	NA	NA	NA	NA	NA	NA	NA	NA	NA	NA	NA	NA	NA	NA	NA	NA	NA	NA	NA	NA	NA	NA	NA	NA	NA	NA	NA	NA	NA	NA	NA	NA	NA	NA	NA	NA	NA	NA	NA	NA	NA
cg21803141	NA	NA	NA	NA	NA	NA	NA	NA	NA	NA	NA	NA	NA	NA	NA	NA	NA	NA	NA	NA	NA	NA	NA	NA	NA	NA	NA	NA	NA	NA	NA	NA	NA	NA	NA	NA	NA	NA	NA	NA	NA	NA	NA	NA	NA	NA	NA	NA	NA	NA	NA	NA	NA	NA	NA	NA	NA	NA	NA	NA	NA	NA	NA	NA	NA	NA	NA	NA	NA	NA	NA	NA	NA	NA	NA	NA	NA	NA	NA	NA	NA	NA	NA	NA	NA	NA	NA	NA	NA	NA	NA	NA	NA	NA	NA	NA	NA	NA	NA
cg21835298	NA	NA	NA	NA	NA	NA	NA	NA	NA	NA	NA	NA	NA	NA	NA	NA	NA	NA	NA	NA	NA	NA	NA	NA	NA	NA	NA	NA	NA	NA	NA	NA	NA	NA	NA	NA	NA	NA	NA	NA	NA	NA	NA	NA	NA	NA	NA	NA	NA	NA	NA	NA	NA	NA	NA	NA	NA	NA	NA	NA	NA	NA	NA	NA	NA	NA	NA	NA	NA	NA	NA	NA	NA	NA	NA	NA	NA	NA	NA	NA	NA	NA	NA	NA	NA	NA	NA	NA	NA	NA	NA	NA	NA	NA	NA	NA	NA	NA	NA
cg21840672	NA	NA	NA	NA	NA	NA	NA	NA	NA	NA	NA	NA	NA	NA	NA	NA	NA	NA	NA	NA	NA	NA	NA	NA	NA	NA	NA	NA	NA	NA	NA	NA	NA	NA	NA	NA	NA	NA	NA	NA	NA	NA	NA	NA	NA	NA	NA	NA	NA	NA	NA	NA	NA	NA	NA	NA	NA	NA	NA	NA	NA	NA	NA	NA	NA	NA	NA	NA	NA	NA	NA	NA	NA	NA	NA	NA	NA	NA	NA	NA	NA	NA	NA	NA	NA	NA	NA	NA	NA	NA	NA	NA	NA	NA	NA	NA	NA	NA	NA
cg21844726	NA	NA	NA	NA	NA	NA	NA	NA	NA	NA	NA	NA	NA	NA	NA	NA	NA	NA	NA	NA	NA	NA	NA	NA	NA	NA	NA	NA	NA	NA	NA	NA	NA	NA	NA	NA	NA	NA	NA	NA	NA	NA	NA	NA	NA	NA	NA	NA	NA	NA	NA	NA	NA	NA	NA	NA	NA	NA	NA	NA	NA	NA	NA	NA	NA	NA	NA	NA	NA	NA	NA	NA	NA	NA	NA	NA	NA	NA	NA	NA	NA	NA	NA	NA	NA	NA	NA	NA	NA	NA	NA	NA	NA	NA	NA	NA	NA	NA	NA
cg21934337	NA	NA	NA	NA	NA	NA	NA	NA	NA	NA	NA	NA	NA	NA	NA	NA	NA	NA	NA	NA	NA	NA	NA	NA	NA	NA	NA	NA	NA	NA	NA	NA	NA	NA	NA	NA	NA	NA	NA	NA	NA	NA	NA	NA	NA	NA	NA	NA	NA	NA	NA	NA	NA	NA	NA	NA	NA	NA	NA	NA	NA	NA	NA	NA	NA	NA	NA	NA	NA	NA	NA	NA	NA	NA	NA	NA	NA	NA	NA	NA	NA	NA	NA	NA	NA	NA	NA	NA	NA	NA	NA	NA	NA	NA	NA	NA	NA	NA	NA
cg22001073	NA	NA	NA	NA	NA	NA	NA	NA	NA	NA	NA	NA	NA	NA	NA	NA	NA	NA	NA	NA	NA	NA	NA	NA	NA	NA	NA	NA	NA	NA	NA	NA	NA	NA	NA	NA	NA	NA	NA	NA	NA	NA	NA	NA	NA	NA	NA	NA	NA	NA	NA	NA	NA	NA	NA	NA	NA	NA	NA	NA	NA	NA	NA	NA	NA	NA	NA	NA	NA	NA	NA	NA	NA	NA	NA	NA	NA	NA	NA	NA	NA	NA	NA	NA	NA	NA	NA	NA	NA	NA	NA	NA	NA	NA	NA	NA	NA	NA	NA
cg22042157	NA	NA	NA	NA	NA	NA	NA	NA	NA	NA	NA	NA	NA	NA	NA	NA	NA	NA	NA	NA	NA	NA	NA	NA	NA	NA	NA	NA	NA	NA	NA	NA	NA	NA	NA	NA	NA	NA	NA	NA	NA	NA	NA	NA	NA	NA	NA	NA	NA	NA	NA	NA	NA	NA	NA	NA	NA	NA	NA	NA	NA	NA	NA	NA	NA	NA	NA	NA	NA	NA	NA	NA	NA	NA	NA	NA	NA	NA	NA	NA	NA	NA	NA	NA	NA	NA	NA	NA	NA	NA	NA	NA	NA	NA	NA	NA	NA	NA	NA
cg22064390	0.974051823830919	0.944788136604406	0.937750753542507	0.948635611871915	0.970204601428236	0.94423479057444	0.952632034772159	0.964965697918647	0.926846678066396	0.96424319791298	0.97146852562042	0.964622966740832	0.953737083949283	0.935541701980724	0.948935650953291	0.958271078427124	0.973680514865516	0.950728350529977	0.942496975387471	0.935482907929923	0.940514174957216	0.94201095363548	0.945864755377468	0.927604108744709	0.953351297747635	0.960325411643359	0.925788149779243	0.966805822375404	0.935096285265293	0.962699103613806	0.968144283431491	0.955248812856333	0.929351792444317	0.934245350604819	0.964037866830254	0.96184360425259	0.960069967049685	0.962998116756252	0.913406480394828	0.945631891376949	0.956295524684527	0.969352206906232	0.929704337812257	0.960748372351916	0.901535523168384	0.936440586868887	0.951403331316123	0.938852113827438	0.955739951359296	0.961575751297351	0.930088920684869	0.942655172703612	0.952209093661922	0.930282334190884	0.945101089871101	0.931116997910831	0.96587650012387	0.938082898722937	0.95171414271034	0.941519469854062	0.942421835045628	0.916973794774356	0.940780246046568	0.968655358058287	0.945413131117006	0.961929656806515	0.959357650010097	0.953588398752177	0.964143701089909	0.965032182840348	0.93845982808532	0.92864793838641	0.977342669201825	0.965922017861718	0.939073527223438	0.930730789923008	0.940028523422205	0.965210463965555	0.941291045266678	0.848949162105804	0.948804078967824	0.954235391318447	0.92921395050466	0.947524542407049	0.954509723573096	0.965703233484006	0.936681589878707	0.949550816965531	0.942869315312533	0.962574386682863	0.930802368745595	0.97148017802193	0.940883965348462	0.947231531015926	0.937645220539945	0.939620905032571	0.946588722140099	0.960394699401449	0.943822607198889
cg22073507	NA	NA	NA	NA	NA	NA	NA	NA	NA	NA	NA	NA	NA	NA	NA	NA	NA	NA	NA	NA	NA	NA	NA	NA	NA	NA	NA	NA	NA	NA	NA	NA	NA	NA	NA	NA	NA	NA	NA	NA	NA	NA	NA	NA	NA	NA	NA	NA	NA	NA	NA	NA	NA	NA	NA	NA	NA	NA	NA	NA	NA	NA	NA	NA	NA	NA	NA	NA	NA	NA	NA	NA	NA	NA	NA	NA	NA	NA	NA	NA	NA	NA	NA	NA	NA	NA	NA	NA	NA	NA	NA	NA	NA	NA	NA	NA	NA	NA	NA
cg22117193	NA	NA	NA	NA	NA	NA	NA	NA	NA	NA	NA	NA	NA	NA	NA	NA	NA	NA	NA	NA	NA	NA	NA	NA	NA	NA	NA	NA	NA	NA	NA	NA	NA	NA	NA	NA	NA	NA	NA	NA	NA	NA	NA	NA	NA	NA	NA	NA	NA	NA	NA	NA	NA	NA	NA	NA	NA	NA	NA	NA	NA	NA	NA	NA	NA	NA	NA	NA	NA	NA	NA	NA	NA	NA	NA	NA	NA	NA	NA	NA	NA	NA	NA	NA	NA	NA	NA	NA	NA	NA	NA	NA	NA	NA	NA	NA	NA	NA	NA
cg22127299	NA	NA	NA	NA	NA	NA	NA	NA	NA	NA	NA	NA	NA	NA	NA	NA	NA	NA	NA	NA	NA	NA	NA	NA	NA	NA	NA	NA	NA	NA	NA	NA	NA	NA	NA	NA	NA	NA	NA	NA	NA	NA	NA	NA	NA	NA	NA	NA	NA	NA	NA	NA	NA	NA	NA	NA	NA	NA	NA	NA	NA	NA	NA	NA	NA	NA	NA	NA	NA	NA	NA	NA	NA	NA	NA	NA	NA	NA	NA	NA	NA	NA	NA	NA	NA	NA	NA	NA	NA	NA	NA	NA	NA	NA	NA	NA	NA	NA	NA
cg22134372	NA	NA	NA	NA	NA	NA	NA	NA	NA	NA	NA	NA	NA	NA	NA	NA	NA	NA	NA	NA	NA	NA	NA	NA	NA	NA	NA	NA	NA	NA	NA	NA	NA	NA	NA	NA	NA	NA	NA	NA	NA	NA	NA	NA	NA	NA	NA	NA	NA	NA	NA	NA	NA	NA	NA	NA	NA	NA	NA	NA	NA	NA	NA	NA	NA	NA	NA	NA	NA	NA	NA	NA	NA	NA	NA	NA	NA	NA	NA	NA	NA	NA	NA	NA	NA	NA	NA	NA	NA	NA	NA	NA	NA	NA	NA	NA	NA	NA	NA
cg22149095	NA	NA	NA	NA	NA	NA	NA	NA	NA	NA	NA	NA	NA	NA	NA	NA	NA	NA	NA	NA	NA	NA	NA	NA	NA	NA	NA	NA	NA	NA	NA	NA	NA	NA	NA	NA	NA	NA	NA	NA	NA	NA	NA	NA	NA	NA	NA	NA	NA	NA	NA	NA	NA	NA	NA	NA	NA	NA	NA	NA	NA	NA	NA	NA	NA	NA	NA	NA	NA	NA	NA	NA	NA	NA	NA	NA	NA	NA	NA	NA	NA	NA	NA	NA	NA	NA	NA	NA	NA	NA	NA	NA	NA	NA	NA	NA	NA	NA	NA
cg22168674	NA	NA	NA	NA	NA	NA	NA	NA	NA	NA	NA	NA	NA	NA	NA	NA	NA	NA	NA	NA	NA	NA	NA	NA	NA	NA	NA	NA	NA	NA	NA	NA	NA	NA	NA	NA	NA	NA	NA	NA	NA	NA	NA	NA	NA	NA	NA	NA	NA	NA	NA	NA	NA	NA	NA	NA	NA	NA	NA	NA	NA	NA	NA	NA	NA	NA	NA	NA	NA	NA	NA	NA	NA	NA	NA	NA	NA	NA	NA	NA	NA	NA	NA	NA	NA	NA	NA	NA	NA	NA	NA	NA	NA	NA	NA	NA	NA	NA	NA
cg22170222	NA	NA	NA	NA	NA	NA	NA	NA	NA	NA	NA	NA	NA	NA	NA	NA	NA	NA	NA	NA	NA	NA	NA	NA	NA	NA	NA	NA	NA	NA	NA	NA	NA	NA	NA	NA	NA	NA	NA	NA	NA	NA	NA	NA	NA	NA	NA	NA	NA	NA	NA	NA	NA	NA	NA	NA	NA	NA	NA	NA	NA	NA	NA	NA	NA	NA	NA	NA	NA	NA	NA	NA	NA	NA	NA	NA	NA	NA	NA	NA	NA	NA	NA	NA	NA	NA	NA	NA	NA	NA	NA	NA	NA	NA	NA	NA	NA	NA	NA
cg22233425	0.82853851687709	0.79277749402274	0.843548828658482	0.871135110429415	0.78240615027003	NA	NA	NA	NA	NA	0.791350775323023	NA	0.842168298461554	0.626402467923776	NA	NA	0.863767035374485	0.867817512686679	0.169584786177169	NA	NA	0.850686851066466	NA	0.773749768223042	0.365173874904974	0.883074376198261	0.864067893688682	0.888100190627406	0.854556515903187	NA	0.85584092524872	NA	NA	0.819058834106947	NA	NA	NA	0.78820436590269	NA	0.718039474772721	0.868353950438149	NA	NA	0.652640532443007	0.86520204715023	NA	NA	NA	0.907153571502746	0.871645608680728	NA	0.860173850387944	0.892344020259568	0.85544161183318	0.839959010430584	NA	0.856986823942873	0.508947141177262	NA	0.797297893470319	NA	0.534145739109908	0.854377471672459	0.797995115700367	NA	0.824292348126849	NA	0.802544897444229	NA	0.835025658677393	NA	NA	0.707805979542637	NA	0.890397228391882	0.844093916752283	0.826502628225887	0.846446546644301	0.880924778290557	0.282991064998364	0.797072141176318	0.698937556549465	NA	NA	0.828084781974769	NA	0.802666515824283	NA	0.892355985616897	0.857634945193224	0.829040967926387	0.870632239467559	NA	0.864410763563111	NA	NA	0.841609318948083	NA	NA
cg22246565	NA	NA	NA	NA	NA	NA	NA	NA	NA	NA	NA	NA	NA	NA	NA	NA	NA	NA	NA	NA	NA	NA	NA	NA	NA	NA	NA	NA	NA	NA	NA	NA	NA	NA	NA	NA	NA	NA	NA	NA	NA	NA	NA	NA	NA	NA	NA	NA	NA	NA	NA	NA	NA	NA	NA	NA	NA	NA	NA	NA	NA	NA	NA	NA	NA	NA	NA	NA	NA	NA	NA	NA	NA	NA	NA	NA	NA	NA	NA	NA	NA	NA	NA	NA	NA	NA	NA	NA	NA	NA	NA	NA	NA	NA	NA	NA	NA	NA	NA
cg22254464	0.418973798987154	0.402142753707336	0.246403425500567	0.451991310625772	0.34702015436433	0.250007143667053	0.439859561131842	0.096134487805312	0.242099921111266	0.178497167663633	0.266910548446274	0.281644911015801	0.458211791333548	0.131013632880599	0.406858266935702	0.150450410913269	0.357102756154452	0.266162982239537	0.21574880866338	0.236995258373687	0.400761207474873	0.305607949949573	0.132405600769534	0.251172533522687	0.167313522828309	0.366634692684058	0.184625347255863	0.200334975527973	0.23919933439387	0.184402166357734	0.221587617071512	0.333765655039903	0.169816512045352	0.482063644663874	0.245724455508946	0.126153454321237	0.171819785765669	0.165813115504195	0.249345493252072	0.231225097293754	0.216396569327709	0.19908484606468	0.267453568898874	0.170403340057354	0.195540931749189	0.228393224005072	0.171444289292092	0.276680038697102	0.187824727777297	0.215866274642787	0.208223036605184	0.283199213336112	0.10877646580234	0.432911709034068	0.28539039400573	0.253112514798617	0.137125537547392	0.256498904046281	0.415859554028645	0.309028466753733	0.204425812072254	0.115161372180702	0.254556342797948	0.27101077001042	0.727549392751291	0.33972180841488	0.219885605933416	0.60211942780131	0.364687958042109	0.316652817779467	0.195673396358903	0.431259004190645	0.325415056188819	0.217719806177824	0.550087578093355	0.292502926175099	0.263567309489019	0.216378783267221	0.305085265322458	0.262350183304425	0.195103731827859	0.258477832825065	0.151320996151752	0.246045077248928	0.490497124585405	0.186824063525132	0.260787140376386	0.329047392878936	0.301287122865192	0.313159175630786	0.236650476860679	0.377782230844045	0.241451222290341	0.165518157811919	0.255351825868338	0.163721851282543	0.287871104369597	0.258532351791011	0.333025446338109
cg22329153	0.927109674640016	0.908494419615123	0.925278487744213	0.906660936023572	0.919489775079905	0.88055070751926	0.909217276783292	0.712590924405107	0.899216090092814	0.907801899116932	0.916128948299371	0.898358402955597	0.914058311529192	0.930885732709048	0.898882049156107	0.919959084252907	0.932714242576379	0.935278236610251	0.93595185580683	0.885873909908066	0.899501040193598	0.896911444324482	0.898129380898565	0.894551252305114	0.898685126622827	0.880422148670092	0.897406511554322	0.785124456720595	0.916431159397693	0.885285482531242	0.925539457875473	0.883773165864642	0.924642548271097	0.895763352470984	0.898177148654832	0.915011589583663	0.931433791420228	0.86450820537603	0.895898455118953	0.916524097082263	0.920802477542938	0.928282081787686	0.88246325821268	0.903419451349514	0.850986822916024	0.873729952489111	0.774650211015751	0.88021696235684	0.915825778560727	0.928144543245321	0.883071979390991	0.91050554745351	0.927725289331195	0.927584987178439	0.910828249907406	0.884193621610513	0.901691181079233	0.911577998705603	0.916057393879633	0.902629025158622	0.903464753268519	0.759371385123214	0.921198164475681	0.91089050925057	0.917660429920169	0.890830767391167	0.903561267807732	0.936351321977548	0.839293290986834	0.897111176510657	0.909910800035814	0.925120897134359	0.920812044579921	0.942486077689711	0.941601704892896	0.899795254312604	0.909089219968755	0.927798001876909	0.90476235754877	0.943589719397487	0.920041386220864	0.903190939204395	0.885688693875807	0.864585845121226	0.930329212961625	0.908287870250393	0.936319173364258	0.921089697909079	0.902911779928919	0.886761435160881	0.915906091081239	0.903067077871521	0.91616780696256	0.905052660978224	0.678852358596784	0.943347040177051	0.902187334535791	0.910340619856789	0.891784558703834
cg22378095	NA	NA	NA	NA	NA	NA	NA	NA	NA	NA	NA	NA	NA	NA	NA	NA	NA	NA	NA	NA	NA	NA	NA	NA	NA	NA	NA	NA	NA	NA	NA	NA	NA	NA	NA	NA	NA	NA	NA	NA	NA	NA	NA	NA	NA	NA	NA	NA	NA	NA	NA	NA	NA	NA	NA	NA	NA	NA	NA	NA	NA	NA	NA	NA	NA	NA	NA	NA	NA	NA	NA	NA	NA	NA	NA	NA	NA	NA	NA	NA	NA	NA	NA	NA	NA	NA	NA	NA	NA	NA	NA	NA	NA	NA	NA	NA	NA	NA	NA
cg22384010	NA	NA	NA	NA	NA	NA	NA	NA	NA	NA	NA	NA	NA	NA	NA	NA	NA	NA	NA	NA	NA	NA	NA	NA	NA	NA	NA	NA	NA	NA	NA	NA	NA	NA	NA	NA	NA	NA	NA	NA	NA	NA	NA	NA	NA	NA	NA	NA	NA	NA	NA	NA	NA	NA	NA	NA	NA	NA	NA	NA	NA	NA	NA	NA	NA	NA	NA	NA	NA	NA	NA	NA	NA	NA	NA	NA	NA	NA	NA	NA	NA	NA	NA	NA	NA	NA	NA	NA	NA	NA	NA	NA	NA	NA	NA	NA	NA	NA	NA
cg22386008	0.672061315788558	NA	0.186566473511844	0.247459373882602	0.718450839108082	0.309456174724863	0.230376644416416	0.120816113717964	0.201303497052046	NA	0.173471256896833	0.455988184935652	0.354419614298842	0.108097513345134	0.779261348847571	0.147697184959627	0.198830349866027	0.224389041549958	0.129672853184494	0.219760778153166	0.443408073094988	0.411339374984667	0.0982247222684017	0.241392651674462	0.25966665708854	0.275072277381585	0.166146820209094	0.143872659216241	0.124997689358089	0.182557578686232	0.175258168048474	NA	0.126585027574251	0.195447454295919	0.290031026109638	0.134981415311959	0.130226407843935	0.150039684110075	0.258665118724	0.204782149015032	0.156094945029142	0.167019584533577	0.397861335675351	0.147426970909544	0.140241494361471	0.195931956728943	0.195189902046642	NA	0.149474889222567	0.571392782277355	0.213142885797917	0.340227138902828	0.14208631686208	0.502692879390948	0.523361356769484	NA	NA	0.169835351618813	0.176729673877592	0.338569972095072	0.320126656000591	0.108654997519228	0.364319787194824	0.216090890840491	0.164945113644947	0.329683619131657	0.164678624474708	0.370074694253389	0.251193026584528	0.384393057116106	0.149649000016229	0.397617584950132	0.297494752489237	0.167634340135468	0.670881096669163	0.229087828184953	0.23346684569092	0.140714614668944	0.162169060682455	0.429874545589196	0.158091812038269	0.233180878842419	0.121090483567257	0.269131073790804	0.658118595071794	0.162307988838248	0.381016880327987	0.151960580499231	0.142002942186452	0.215172035439496	NA	0.401948956827787	NA	0.11853044547748	NA	0.280975222574223	0.401265694888572	NA	0.267132869182959
cg22459078	NA	NA	NA	NA	NA	NA	NA	NA	NA	NA	NA	NA	NA	NA	NA	NA	NA	NA	NA	NA	NA	NA	NA	NA	NA	NA	NA	NA	NA	NA	NA	NA	NA	NA	NA	NA	NA	NA	NA	NA	NA	NA	NA	NA	NA	NA	NA	NA	NA	NA	NA	NA	NA	NA	NA	NA	NA	NA	NA	NA	NA	NA	NA	NA	NA	NA	NA	NA	NA	NA	NA	NA	NA	NA	NA	NA	NA	NA	NA	NA	NA	NA	NA	NA	NA	NA	NA	NA	NA	NA	NA	NA	NA	NA	NA	NA	NA	NA	NA
cg22464692	0.911570431536578	0.946983778449322	0.898008915560632	0.88808215578517	0.876896890516753	0.884436574588727	0.879110457824382	0.93106585618121	0.883426966415767	0.929441071538566	0.896581101179176	0.902081448266632	0.87488403960927	0.915668588172362	0.818337104961851	0.943718129908229	0.947032617199731	0.922345555363106	0.804833464713638	0.809709745033094	0.882284228109725	0.883240403281808	0.89812026974409	0.902600948545588	0.862119894590054	0.910208810640286	0.884121469764617	0.909469260637235	0.918304666721428	0.921685834109742	0.952963780700765	0.890890300519742	0.910779966446261	0.912205950065674	0.941213586326728	0.948970866469064	0.86890473604662	0.918319666124196	0.87792977399076	0.700668346418782	0.949093452514202	0.889379620426363	0.888149080668665	0.89361665360119	0.923591605403834	0.928262191564499	0.937103302830311	0.884310459634153	0.900503864100737	0.904788539297339	0.860029868005642	0.853225522108881	0.937876476600149	0.814367070670994	0.915366681815851	0.896341968773686	0.941362812662806	0.866189682059894	0.914522662221364	0.887559491631356	0.897007596320494	0.875633024320037	0.866219082000358	0.886365891215412	0.906976026389628	0.899479897543651	0.897772964205476	0.884761092080143	0.849743855146916	0.8705608271894	0.896205888123493	0.87661148016034	0.903330139163701	0.882146330271495	0.916558060474832	0.863717461026395	0.916797378236829	0.899729250558494	0.847906755185645	0.866924288461567	0.898780046517197	0.915518627849997	0.910987189897751	0.933210467355989	0.832307407298528	0.894853059651389	0.918344583028998	0.898944573620264	0.937744506244394	0.909267341892601	0.923858586858092	0.906717626502459	0.948375333122131	0.928092420970679	0.939100433102752	0.921784105808642	0.870732351177337	0.878016712235206	0.900013579781535
cg22466850	NA	NA	NA	NA	NA	NA	NA	NA	NA	NA	NA	NA	NA	NA	NA	NA	NA	NA	NA	NA	NA	NA	NA	NA	NA	NA	NA	NA	NA	NA	NA	NA	NA	NA	NA	NA	NA	NA	NA	NA	NA	NA	NA	NA	NA	NA	NA	NA	NA	NA	NA	NA	NA	NA	NA	NA	NA	NA	NA	NA	NA	NA	NA	NA	NA	NA	NA	NA	NA	NA	NA	NA	NA	NA	NA	NA	NA	NA	NA	NA	NA	NA	NA	NA	NA	NA	NA	NA	NA	NA	NA	NA	NA	NA	NA	NA	NA	NA	NA
cg22482142	NA	NA	NA	NA	NA	NA	NA	NA	NA	NA	NA	NA	NA	NA	NA	NA	NA	NA	NA	NA	NA	NA	NA	NA	NA	NA	NA	NA	NA	NA	NA	NA	NA	NA	NA	NA	NA	NA	NA	NA	NA	NA	NA	NA	NA	NA	NA	NA	NA	NA	NA	NA	NA	NA	NA	NA	NA	NA	NA	NA	NA	NA	NA	NA	NA	NA	NA	NA	NA	NA	NA	NA	NA	NA	NA	NA	NA	NA	NA	NA	NA	NA	NA	NA	NA	NA	NA	NA	NA	NA	NA	NA	NA	NA	NA	NA	NA	NA	NA
cg22529427	NA	NA	NA	NA	NA	NA	NA	NA	NA	NA	NA	NA	NA	NA	NA	NA	NA	NA	NA	NA	NA	NA	NA	NA	NA	NA	NA	NA	NA	NA	NA	NA	NA	NA	NA	NA	NA	NA	NA	NA	NA	NA	NA	NA	NA	NA	NA	NA	NA	NA	NA	NA	NA	NA	NA	NA	NA	NA	NA	NA	NA	NA	NA	NA	NA	NA	NA	NA	NA	NA	NA	NA	NA	NA	NA	NA	NA	NA	NA	NA	NA	NA	NA	NA	NA	NA	NA	NA	NA	NA	NA	NA	NA	NA	NA	NA	NA	NA	NA
cg22535679	NA	NA	NA	NA	NA	NA	NA	NA	NA	NA	NA	NA	NA	NA	NA	NA	NA	NA	NA	NA	NA	NA	NA	NA	NA	NA	NA	NA	NA	NA	NA	NA	NA	NA	NA	NA	NA	NA	NA	NA	NA	NA	NA	NA	NA	NA	NA	NA	NA	NA	NA	NA	NA	NA	NA	NA	NA	NA	NA	NA	NA	NA	NA	NA	NA	NA	NA	NA	NA	NA	NA	NA	NA	NA	NA	NA	NA	NA	NA	NA	NA	NA	NA	NA	NA	NA	NA	NA	NA	NA	NA	NA	NA	NA	NA	NA	NA	NA	NA
cg22591006	NA	NA	NA	NA	NA	NA	NA	NA	NA	NA	NA	NA	NA	NA	NA	NA	NA	NA	NA	NA	NA	NA	NA	NA	NA	NA	NA	NA	NA	NA	NA	NA	NA	NA	NA	NA	NA	NA	NA	NA	NA	NA	NA	NA	NA	NA	NA	NA	NA	NA	NA	NA	NA	NA	NA	NA	NA	NA	NA	NA	NA	NA	NA	NA	NA	NA	NA	NA	NA	NA	NA	NA	NA	NA	NA	NA	NA	NA	NA	NA	NA	NA	NA	NA	NA	NA	NA	NA	NA	NA	NA	NA	NA	NA	NA	NA	NA	NA	NA
cg22592346	NA	NA	NA	NA	NA	NA	NA	NA	NA	NA	NA	NA	NA	NA	NA	NA	NA	NA	NA	NA	NA	NA	NA	NA	NA	NA	NA	NA	NA	NA	NA	NA	NA	NA	NA	NA	NA	NA	NA	NA	NA	NA	NA	NA	NA	NA	NA	NA	NA	NA	NA	NA	NA	NA	NA	NA	NA	NA	NA	NA	NA	NA	NA	NA	NA	NA	NA	NA	NA	NA	NA	NA	NA	NA	NA	NA	NA	NA	NA	NA	NA	NA	NA	NA	NA	NA	NA	NA	NA	NA	NA	NA	NA	NA	NA	NA	NA	NA	NA
cg22634105	NA	NA	NA	NA	NA	NA	NA	NA	NA	NA	NA	NA	NA	NA	NA	NA	NA	NA	NA	NA	NA	NA	NA	NA	NA	NA	NA	NA	NA	NA	NA	NA	NA	NA	NA	NA	NA	NA	NA	NA	NA	NA	NA	NA	NA	NA	NA	NA	NA	NA	NA	NA	NA	NA	NA	NA	NA	NA	NA	NA	NA	NA	NA	NA	NA	NA	NA	NA	NA	NA	NA	NA	NA	NA	NA	NA	NA	NA	NA	NA	NA	NA	NA	NA	NA	NA	NA	NA	NA	NA	NA	NA	NA	NA	NA	NA	NA	NA	NA
cg22661775	NA	NA	NA	NA	NA	NA	NA	NA	NA	NA	NA	NA	NA	NA	NA	NA	NA	NA	NA	NA	NA	NA	NA	NA	NA	NA	NA	NA	NA	NA	NA	NA	NA	NA	NA	NA	NA	NA	NA	NA	NA	NA	NA	NA	NA	NA	NA	NA	NA	NA	NA	NA	NA	NA	NA	NA	NA	NA	NA	NA	NA	NA	NA	NA	NA	NA	NA	NA	NA	NA	NA	NA	NA	NA	NA	NA	NA	NA	NA	NA	NA	NA	NA	NA	NA	NA	NA	NA	NA	NA	NA	NA	NA	NA	NA	NA	NA	NA	NA
cg22754489	NA	NA	NA	NA	NA	NA	NA	NA	NA	NA	NA	NA	NA	NA	NA	NA	NA	NA	NA	NA	NA	NA	NA	NA	NA	NA	NA	NA	NA	NA	NA	NA	NA	NA	NA	NA	NA	NA	NA	NA	NA	NA	NA	NA	NA	NA	NA	NA	NA	NA	NA	NA	NA	NA	NA	NA	NA	NA	NA	NA	NA	NA	NA	NA	NA	NA	NA	NA	NA	NA	NA	NA	NA	NA	NA	NA	NA	NA	NA	NA	NA	NA	NA	NA	NA	NA	NA	NA	NA	NA	NA	NA	NA	NA	NA	NA	NA	NA	NA
cg22772235	NA	NA	NA	NA	NA	NA	NA	NA	NA	NA	NA	NA	NA	NA	NA	NA	NA	NA	NA	NA	NA	NA	NA	NA	NA	NA	NA	NA	NA	NA	NA	NA	NA	NA	NA	NA	NA	NA	NA	NA	NA	NA	NA	NA	NA	NA	NA	NA	NA	NA	NA	NA	NA	NA	NA	NA	NA	NA	NA	NA	NA	NA	NA	NA	NA	NA	NA	NA	NA	NA	NA	NA	NA	NA	NA	NA	NA	NA	NA	NA	NA	NA	NA	NA	NA	NA	NA	NA	NA	NA	NA	NA	NA	NA	NA	NA	NA	NA	NA
cg22871659	NA	NA	NA	NA	NA	NA	NA	NA	NA	NA	NA	NA	NA	NA	NA	NA	NA	NA	NA	NA	NA	NA	NA	NA	NA	NA	NA	NA	NA	NA	NA	NA	NA	NA	NA	NA	NA	NA	NA	NA	NA	NA	NA	NA	NA	NA	NA	NA	NA	NA	NA	NA	NA	NA	NA	NA	NA	NA	NA	NA	NA	NA	NA	NA	NA	NA	NA	NA	NA	NA	NA	NA	NA	NA	NA	NA	NA	NA	NA	NA	NA	NA	NA	NA	NA	NA	NA	NA	NA	NA	NA	NA	NA	NA	NA	NA	NA	NA	NA
cg22875855	NA	NA	NA	NA	NA	NA	NA	NA	NA	NA	NA	NA	NA	NA	NA	NA	NA	NA	NA	NA	NA	NA	NA	NA	NA	NA	NA	NA	NA	NA	NA	NA	NA	NA	NA	NA	NA	NA	NA	NA	NA	NA	NA	NA	NA	NA	NA	NA	NA	NA	NA	NA	NA	NA	NA	NA	NA	NA	NA	NA	NA	NA	NA	NA	NA	NA	NA	NA	NA	NA	NA	NA	NA	NA	NA	NA	NA	NA	NA	NA	NA	NA	NA	NA	NA	NA	NA	NA	NA	NA	NA	NA	NA	NA	NA	NA	NA	NA	NA
cg22897634	NA	NA	NA	NA	NA	NA	NA	NA	NA	NA	NA	NA	NA	NA	NA	NA	NA	NA	NA	NA	NA	NA	NA	NA	NA	NA	NA	NA	NA	NA	NA	NA	NA	NA	NA	NA	NA	NA	NA	NA	NA	NA	NA	NA	NA	NA	NA	NA	NA	NA	NA	NA	NA	NA	NA	NA	NA	NA	NA	NA	NA	NA	NA	NA	NA	NA	NA	NA	NA	NA	NA	NA	NA	NA	NA	NA	NA	NA	NA	NA	NA	NA	NA	NA	NA	NA	NA	NA	NA	NA	NA	NA	NA	NA	NA	NA	NA	NA	NA
cg22933538	NA	NA	NA	NA	NA	NA	NA	NA	NA	NA	NA	NA	NA	NA	NA	NA	NA	NA	NA	NA	NA	NA	NA	NA	NA	NA	NA	NA	NA	NA	NA	NA	NA	NA	NA	NA	NA	NA	NA	NA	NA	NA	NA	NA	NA	NA	NA	NA	NA	NA	NA	NA	NA	NA	NA	NA	NA	NA	NA	NA	NA	NA	NA	NA	NA	NA	NA	NA	NA	NA	NA	NA	NA	NA	NA	NA	NA	NA	NA	NA	NA	NA	NA	NA	NA	NA	NA	NA	NA	NA	NA	NA	NA	NA	NA	NA	NA	NA	NA
cg22963191	NA	NA	NA	NA	NA	NA	NA	NA	NA	NA	NA	NA	NA	NA	NA	NA	NA	NA	NA	NA	NA	NA	NA	NA	NA	NA	NA	NA	NA	NA	NA	NA	NA	NA	NA	NA	NA	NA	NA	NA	NA	NA	NA	NA	NA	NA	NA	NA	NA	NA	NA	NA	NA	NA	NA	NA	NA	NA	NA	NA	NA	NA	NA	NA	NA	NA	NA	NA	NA	NA	NA	NA	NA	NA	NA	NA	NA	NA	NA	NA	NA	NA	NA	NA	NA	NA	NA	NA	NA	NA	NA	NA	NA	NA	NA	NA	NA	NA	NA
cg22983641	NA	NA	NA	NA	NA	NA	NA	NA	NA	NA	NA	NA	NA	NA	NA	NA	NA	NA	NA	NA	NA	NA	NA	NA	NA	NA	NA	NA	NA	NA	NA	NA	NA	NA	NA	NA	NA	NA	NA	NA	NA	NA	NA	NA	NA	NA	NA	NA	NA	NA	NA	NA	NA	NA	NA	NA	NA	NA	NA	NA	NA	NA	NA	NA	NA	NA	NA	NA	NA	NA	NA	NA	NA	NA	NA	NA	NA	NA	NA	NA	NA	NA	NA	NA	NA	NA	NA	NA	NA	NA	NA	NA	NA	NA	NA	NA	NA	NA	NA
cg23003872	NA	NA	NA	NA	NA	NA	NA	NA	NA	NA	NA	NA	NA	NA	NA	NA	NA	NA	NA	NA	NA	NA	NA	NA	NA	NA	NA	NA	NA	NA	NA	NA	NA	NA	NA	NA	NA	NA	NA	NA	NA	NA	NA	NA	NA	NA	NA	NA	NA	NA	NA	NA	NA	NA	NA	NA	NA	NA	NA	NA	NA	NA	NA	NA	NA	NA	NA	NA	NA	NA	NA	NA	NA	NA	NA	NA	NA	NA	NA	NA	NA	NA	NA	NA	NA	NA	NA	NA	NA	NA	NA	NA	NA	NA	NA	NA	NA	NA	NA
cg23014672	NA	NA	NA	NA	NA	NA	NA	NA	NA	NA	NA	NA	NA	NA	NA	NA	NA	NA	NA	NA	NA	NA	NA	NA	NA	NA	NA	NA	NA	NA	NA	NA	NA	NA	NA	NA	NA	NA	NA	NA	NA	NA	NA	NA	NA	NA	NA	NA	NA	NA	NA	NA	NA	NA	NA	NA	NA	NA	NA	NA	NA	NA	NA	NA	NA	NA	NA	NA	NA	NA	NA	NA	NA	NA	NA	NA	NA	NA	NA	NA	NA	NA	NA	NA	NA	NA	NA	NA	NA	NA	NA	NA	NA	NA	NA	NA	NA	NA	NA
cg23081488	NA	NA	NA	NA	NA	NA	NA	NA	NA	NA	NA	NA	NA	NA	NA	NA	NA	NA	NA	NA	NA	NA	NA	NA	NA	NA	NA	NA	NA	NA	NA	NA	NA	NA	NA	NA	NA	NA	NA	NA	NA	NA	NA	NA	NA	NA	NA	NA	NA	NA	NA	NA	NA	NA	NA	NA	NA	NA	NA	NA	NA	NA	NA	NA	NA	NA	NA	NA	NA	NA	NA	NA	NA	NA	NA	NA	NA	NA	NA	NA	NA	NA	NA	NA	NA	NA	NA	NA	NA	NA	NA	NA	NA	NA	NA	NA	NA	NA	NA
cg23095043	NA	NA	NA	NA	NA	NA	NA	NA	NA	NA	NA	NA	NA	NA	NA	NA	NA	NA	NA	NA	NA	NA	NA	NA	NA	NA	NA	NA	NA	NA	NA	NA	NA	NA	NA	NA	NA	NA	NA	NA	NA	NA	NA	NA	NA	NA	NA	NA	NA	NA	NA	NA	NA	NA	NA	NA	NA	NA	NA	NA	NA	NA	NA	NA	NA	NA	NA	NA	NA	NA	NA	NA	NA	NA	NA	NA	NA	NA	NA	NA	NA	NA	NA	NA	NA	NA	NA	NA	NA	NA	NA	NA	NA	NA	NA	NA	NA	NA	NA
cg23096272	NA	NA	NA	NA	NA	NA	NA	NA	NA	NA	NA	NA	NA	NA	NA	NA	NA	NA	NA	NA	NA	NA	NA	NA	NA	NA	NA	NA	NA	NA	NA	NA	NA	NA	NA	NA	NA	NA	NA	NA	NA	NA	NA	NA	NA	NA	NA	NA	NA	NA	NA	NA	NA	NA	NA	NA	NA	NA	NA	NA	NA	NA	NA	NA	NA	NA	NA	NA	NA	NA	NA	NA	NA	NA	NA	NA	NA	NA	NA	NA	NA	NA	NA	NA	NA	NA	NA	NA	NA	NA	NA	NA	NA	NA	NA	NA	NA	NA	NA
cg23151747	NA	NA	NA	NA	NA	NA	NA	NA	NA	NA	NA	NA	NA	NA	NA	NA	NA	NA	NA	NA	NA	NA	NA	NA	NA	NA	NA	NA	NA	NA	NA	NA	NA	NA	NA	NA	NA	NA	NA	NA	NA	NA	NA	NA	NA	NA	NA	NA	NA	NA	NA	NA	NA	NA	NA	NA	NA	NA	NA	NA	NA	NA	NA	NA	NA	NA	NA	NA	NA	NA	NA	NA	NA	NA	NA	NA	NA	NA	NA	NA	NA	NA	NA	NA	NA	NA	NA	NA	NA	NA	NA	NA	NA	NA	NA	NA	NA	NA	NA
cg23167863	0.923609407664254	0.938123533143872	0.922543466500961	0.914332987993575	0.907007482555494	0.919416351916623	0.923922277597756	0.946155369740729	0.959768079777793	0.941094998965777	0.929738098175748	0.91888757802057	0.946332116237401	0.919534793000824	0.908950050219473	0.970102165205108	0.963300509528974	0.884779521756772	0.963111123614661	0.927808395379522	0.943522736685934	0.92309064550832	0.932393281107752	0.930434686112655	0.907927769604867	0.895330046785066	0.894557691161903	0.937190564948293	0.914393618841543	0.921715688165464	0.940491544760984	0.879993691741655	0.959757364798521	0.943317353115209	0.962904087280805	0.936081189560307	0.949791474666581	0.929793375667195	0.927697414135487	0.927576966399026	0.910683939105054	0.93020536145083	0.948516777463965	0.959434799598205	0.966177022275939	0.922702766882083	0.911149293971707	0.927316962617203	0.937242709048607	0.912583992152851	0.907523450021697	0.905137026722735	0.932860253946157	0.916001353215749	0.923267151937613	0.922190624042922	0.95446999421585	0.898755075877644	0.954642794983904	0.934856967928261	0.933122882045438	0.91317406881652	0.950180420902186	0.903926886762882	0.942241082938486	0.93234493008309	0.908172011784991	0.951203665848254	0.868159255337525	0.964511692853726	0.951519471276837	0.887064302199625	0.911157625498811	0.926559475076097	0.947897788651216	0.90823658251769	0.929709546383513	0.956673641695207	0.93438231899757	0.96603171440261	0.938449367311472	0.935982155616179	0.955503056122023	0.901196762536878	0.921100288290816	0.911953380712884	0.963553657277824	0.922068184062184	0.964125826640123	0.912038165471012	0.944311465928832	0.921359026214617	0.954787911344475	0.930169969506178	0.948334164536321	0.951133574292614	0.905251851597408	0.920246513587184	0.905518268897271
cg23228779	NA	NA	NA	NA	NA	NA	NA	NA	NA	NA	NA	NA	NA	NA	NA	NA	NA	NA	NA	NA	NA	NA	NA	NA	NA	NA	NA	NA	NA	NA	NA	NA	NA	NA	NA	NA	NA	NA	NA	NA	NA	NA	NA	NA	NA	NA	NA	NA	NA	NA	NA	NA	NA	NA	NA	NA	NA	NA	NA	NA	NA	NA	NA	NA	NA	NA	NA	NA	NA	NA	NA	NA	NA	NA	NA	NA	NA	NA	NA	NA	NA	NA	NA	NA	NA	NA	NA	NA	NA	NA	NA	NA	NA	NA	NA	NA	NA	NA	NA
cg23251678	0.96210010839971	0.948173925342261	0.948291946435722	0.94562353473677	0.954202795715036	0.965700741327769	0.956790695364699	0.93859054684039	0.956332462199305	0.939530495199434	0.953532955274901	0.931760323233983	0.944143838074966	0.958034925431996	0.9520465896437	0.962936144843094	0.968462297903646	0.958470887913868	0.956188107477662	0.965745363769176	0.94985819197146	0.946940340880708	0.962670608977987	0.956911378756999	0.960510742558976	0.948875975673811	0.956718991193366	0.942668341645052	0.959787126874215	0.96962026108841	0.954239778450303	0.9596995612631	0.954453581080899	0.930815427888534	0.957712116220427	0.953141151099007	0.957987891427957	0.947823538737276	0.961081984029629	0.955675696169823	0.930946275779312	0.934004238822056	0.937369223150584	0.891744873883161	0.922374191981366	0.950568865188605	0.964772739535039	0.932379168481929	0.937259824962706	0.959760526897916	0.933114276333585	0.913172753112413	0.951101979900506	0.947571954429667	0.95897786783251	0.952614671067241	0.962187021953652	0.953496560534542	0.971116803231138	0.952588727908037	0.935754723318666	0.943704781886668	0.942221371104801	0.942209853022328	0.94846897178805	0.957575632902266	0.940269875444972	0.950312885486731	0.956273732142729	0.949032160163443	0.954310184218784	0.946377459725552	0.946076603519269	0.966426772846186	0.957043357180101	0.963609271772484	0.940169291215524	0.942929734488927	0.926691437176009	0.966667258311765	0.972721115141846	0.961067073271135	0.957369132676909	0.961918827094436	0.938656192160724	0.925678156040865	0.931174152614824	0.963926112015209	0.973015678492644	0.950017925877421	0.961968645859332	0.936132759970044	0.95704744876168	0.939563596731706	0.953237215319274	0.915202583905065	0.957846842044306	0.957223008853567	0.917603618419689
cg23261820	NA	NA	NA	NA	NA	NA	NA	NA	NA	NA	NA	NA	NA	NA	NA	NA	NA	NA	NA	NA	NA	NA	NA	NA	NA	NA	NA	NA	NA	NA	NA	NA	NA	NA	NA	NA	NA	NA	NA	NA	NA	NA	NA	NA	NA	NA	NA	NA	NA	NA	NA	NA	NA	NA	NA	NA	NA	NA	NA	NA	NA	NA	NA	NA	NA	NA	NA	NA	NA	NA	NA	NA	NA	NA	NA	NA	NA	NA	NA	NA	NA	NA	NA	NA	NA	NA	NA	NA	NA	NA	NA	NA	NA	NA	NA	NA	NA	NA	NA
cg23267554	NA	NA	NA	NA	NA	NA	NA	NA	NA	NA	NA	NA	NA	NA	NA	NA	NA	NA	NA	NA	NA	NA	NA	NA	NA	NA	NA	NA	NA	NA	NA	NA	NA	NA	NA	NA	NA	NA	NA	NA	NA	NA	NA	NA	NA	NA	NA	NA	NA	NA	NA	NA	NA	NA	NA	NA	NA	NA	NA	NA	NA	NA	NA	NA	NA	NA	NA	NA	NA	NA	NA	NA	NA	NA	NA	NA	NA	NA	NA	NA	NA	NA	NA	NA	NA	NA	NA	NA	NA	NA	NA	NA	NA	NA	NA	NA	NA	NA	NA
cg23278018	0.924429992929619	0.897752570008588	0.881538471314248	0.89931997528445	0.914618323484448	0.898942140968246	0.82991850099142	0.756139296491692	0.876903107989299	0.916489771344021	0.902006326869359	0.923669126937578	0.876074981639653	0.64118742926746	0.893916915231243	0.875801074466324	0.843960719684941	0.838966222479682	0.865908548741864	NA	0.880018182435589	0.724407605639903	0.8796941866534	NA	0.449462762632553	0.862015897183386	0.874054261263193	0.882611365380993	0.609311795537347	0.881446133384495	NA	NA	0.919383258716961	0.889992462550557	0.862462678776952	0.837059801498025	0.843073609011125	0.916761732569776	0.911742528114371	0.894417350177025	0.911486404746414	0.914246929901408	0.633367883351428	0.895176746885289	0.851148399056995	0.733981875287121	0.908170272370366	NA	0.720678833169374	0.906249361279837	0.902100662862929	0.857568303196894	0.803613856578309	0.912104401411972	0.894566731460687	0.851904097557693	0.82074238589229	0.76466170222768	0.881406437518385	0.853521249851631	0.900442290726973	0.831434046325785	0.905650054669283	0.919860612478415	0.905446890329018	0.851011426944338	0.792576758584768	0.89733993662193	NA	0.918030230495095	0.809931656711325	0.863219409865021	0.744280363224941	0.854017961179075	0.934724501370942	0.91911201899866	0.714550262885405	0.813441540212426	0.836316159884772	0.757998279285357	0.789762693100345	0.798750965366608	NA	0.793882455429975	0.911710382263448	0.715864504515558	0.919380689319923	0.930386870428732	0.910343130869544	0.902624732225563	0.836952173514799	0.837238846164744	0.89910534985807	0.911921362697427	NA	0.899476325211997	0.816173050553249	0.860192102420028	0.850121745211455
cg23300865	NA	NA	NA	NA	NA	NA	NA	NA	NA	NA	NA	NA	NA	NA	NA	NA	NA	NA	NA	NA	NA	NA	NA	NA	NA	NA	NA	NA	NA	NA	NA	NA	NA	NA	NA	NA	NA	NA	NA	NA	NA	NA	NA	NA	NA	NA	NA	NA	NA	NA	NA	NA	NA	NA	NA	NA	NA	NA	NA	NA	NA	NA	NA	NA	NA	NA	NA	NA	NA	NA	NA	NA	NA	NA	NA	NA	NA	NA	NA	NA	NA	NA	NA	NA	NA	NA	NA	NA	NA	NA	NA	NA	NA	NA	NA	NA	NA	NA	NA
cg23332005	0.934022784581213	0.928115390593321	0.941859633555462	0.942424376152571	0.927224587772305	0.892602530156839	0.885668427901129	0.927723402823115	0.934176559013991	0.922761275851632	0.927745530581724	0.927056104033588	0.944096740626718	0.756577572201395	0.9374187369679	0.936499506662871	0.938451434671365	0.931886591417703	0.953326984886319	0.947571473683238	0.935067243963	0.637005687369502	0.9472408397787	0.941626166060253	0.404164288943764	0.943982112070224	0.953668430202119	0.942834654809906	0.871179081316191	0.938873642904365	0.947429218891009	0.933278780072141	0.938294055579479	0.935880139794585	0.860408763497706	0.94451220517066	0.952233630530396	0.940799775407973	0.9477069321739	0.961341735232886	0.937950324042411	0.953276909142832	0.937115516152145	0.951552624242767	0.939102295244191	0.901013622803408	0.953034075077212	NA	0.965648605246128	0.943327146476572	0.868212136729755	0.950656168940185	0.882592562821896	0.948704553978427	0.941678333359867	0.904247625830259	0.921969938939423	0.951913628801906	0.927070981673743	0.918088709316223	0.938326172947553	0.95005136511771	0.945983697252405	0.950956738085981	0.934398044429855	0.941927011553916	0.899743913426494	0.919161554772337	0.360884269466424	0.937054757264377	0.907249767754704	0.941737480892889	0.939845242921952	0.935579666076066	0.944794172353979	0.92443716066957	0.932655711962685	0.937481943291506	0.918716080964619	0.895253335511993	0.947569391971296	0.941074734339971	0.408597948645579	NA	0.941404822168728	0.749604967135829	0.945762149569181	0.938542621020407	0.932943803673721	0.939503689909205	0.916471657108968	0.933796190679203	0.920881998853462	0.81611506584408	0.941234745316545	0.941411328569604	0.938692861824952	0.900549852836397	0.90768343755111
cg23334804	NA	NA	NA	NA	NA	NA	NA	NA	NA	NA	NA	NA	NA	NA	NA	NA	NA	NA	NA	NA	NA	NA	NA	NA	NA	NA	NA	NA	NA	NA	NA	NA	NA	NA	NA	NA	NA	NA	NA	NA	NA	NA	NA	NA	NA	NA	NA	NA	NA	NA	NA	NA	NA	NA	NA	NA	NA	NA	NA	NA	NA	NA	NA	NA	NA	NA	NA	NA	NA	NA	NA	NA	NA	NA	NA	NA	NA	NA	NA	NA	NA	NA	NA	NA	NA	NA	NA	NA	NA	NA	NA	NA	NA	NA	NA	NA	NA	NA	NA
cg23336892	NA	NA	NA	NA	NA	NA	NA	NA	NA	NA	NA	NA	NA	NA	NA	NA	NA	NA	NA	NA	NA	NA	NA	NA	NA	NA	NA	NA	NA	NA	NA	NA	NA	NA	NA	NA	NA	NA	NA	NA	NA	NA	NA	NA	NA	NA	NA	NA	NA	NA	NA	NA	NA	NA	NA	NA	NA	NA	NA	NA	NA	NA	NA	NA	NA	NA	NA	NA	NA	NA	NA	NA	NA	NA	NA	NA	NA	NA	NA	NA	NA	NA	NA	NA	NA	NA	NA	NA	NA	NA	NA	NA	NA	NA	NA	NA	NA	NA	NA
cg23338752	NA	NA	NA	NA	NA	NA	NA	NA	NA	NA	NA	NA	NA	NA	NA	NA	NA	NA	NA	NA	NA	NA	NA	NA	NA	NA	NA	NA	NA	NA	NA	NA	NA	NA	NA	NA	NA	NA	NA	NA	NA	NA	NA	NA	NA	NA	NA	NA	NA	NA	NA	NA	NA	NA	NA	NA	NA	NA	NA	NA	NA	NA	NA	NA	NA	NA	NA	NA	NA	NA	NA	NA	NA	NA	NA	NA	NA	NA	NA	NA	NA	NA	NA	NA	NA	NA	NA	NA	NA	NA	NA	NA	NA	NA	NA	NA	NA	NA	NA
cg23406815	NA	NA	NA	NA	NA	NA	NA	NA	NA	NA	NA	NA	NA	NA	NA	NA	NA	NA	NA	NA	NA	NA	NA	NA	NA	NA	NA	NA	NA	NA	NA	NA	NA	NA	NA	NA	NA	NA	NA	NA	NA	NA	NA	NA	NA	NA	NA	NA	NA	NA	NA	NA	NA	NA	NA	NA	NA	NA	NA	NA	NA	NA	NA	NA	NA	NA	NA	NA	NA	NA	NA	NA	NA	NA	NA	NA	NA	NA	NA	NA	NA	NA	NA	NA	NA	NA	NA	NA	NA	NA	NA	NA	NA	NA	NA	NA	NA	NA	NA
cg23413074	NA	NA	NA	NA	NA	NA	NA	NA	NA	NA	NA	NA	NA	NA	NA	NA	NA	NA	NA	NA	NA	NA	NA	NA	NA	NA	NA	NA	NA	NA	NA	NA	NA	NA	NA	NA	NA	NA	NA	NA	NA	NA	NA	NA	NA	NA	NA	NA	NA	NA	NA	NA	NA	NA	NA	NA	NA	NA	NA	NA	NA	NA	NA	NA	NA	NA	NA	NA	NA	NA	NA	NA	NA	NA	NA	NA	NA	NA	NA	NA	NA	NA	NA	NA	NA	NA	NA	NA	NA	NA	NA	NA	NA	NA	NA	NA	NA	NA	NA
cg23414149	NA	NA	NA	NA	NA	NA	NA	NA	NA	NA	NA	NA	NA	NA	NA	NA	NA	NA	NA	NA	NA	NA	NA	NA	NA	NA	NA	NA	NA	NA	NA	NA	NA	NA	NA	NA	NA	NA	NA	NA	NA	NA	NA	NA	NA	NA	NA	NA	NA	NA	NA	NA	NA	NA	NA	NA	NA	NA	NA	NA	NA	NA	NA	NA	NA	NA	NA	NA	NA	NA	NA	NA	NA	NA	NA	NA	NA	NA	NA	NA	NA	NA	NA	NA	NA	NA	NA	NA	NA	NA	NA	NA	NA	NA	NA	NA	NA	NA	NA
cg23430295	0.949967917115117	0.945440619504002	0.95886746998934	0.969215421649134	0.955859062921427	0.940947931243718	0.736204636116902	0.942482839944415	0.964402360474197	0.51988901786604	0.958944402129316	0.961446035929344	0.968484004683554	0.377096457451977	0.722178086729529	0.959678119936317	0.870110361971877	0.967030382252137	0.940180674508388	0.482727516353903	0.765476917411689	0.535399619034473	0.576084315987994	0.696291964161906	0.394104752825049	0.963623008889541	0.917321730332739	0.952230299727065	0.556822580702799	0.467623268548797	0.810132958373041	0.624033725347445	0.752570264919614	0.966358217909263	0.962049901520791	0.4923236248905	0.888981722377137	0.595491351915929	0.645198867362923	0.938666872423064	0.854551815893646	0.969943816266421	0.915035484056658	0.660871113575031	0.968185386630258	0.963595771696087	0.966335291409504	0.447945226813324	0.609338686421815	0.965805026023505	0.57385594760666	0.973299850469652	0.556797168294231	0.96632684416118	0.967945966201977	0.932793048436881	0.954771962142009	0.934917136230097	0.969210574694647	0.960426650523749	0.953899443171683	0.392712520962056	0.890022174188397	0.889703649125225	0.971332079669443	0.924553779035172	0.647914813077164	0.961032720945397	0.495806361119925	0.96559985738976	0.759299829274726	0.963095822560954	0.944515091543457	0.74372765096069	0.963591591243138	0.65826551674984	0.952746881337256	0.974485761459491	0.597835773467291	0.941689973971489	0.961336457805311	0.550079197446998	0.422169318836309	0.951948777029741	0.964250429436818	0.86904891026273	0.448278936780563	0.957542800512998	0.438529517003866	0.973712270095931	0.976486946712649	0.971149927641095	0.517878385720248	0.580410486618349	0.971675998548584	0.968746049818111	0.954180467166918	0.968747514795755	0.971115873312835
cg23493553	0.911923540552464	0.920983704160227	0.870259448072471	0.925460476969202	0.896019856233572	0.904376043936715	0.895811461379672	0.890744675891361	0.897929171574849	0.923537153261058	0.877367472357422	0.940670530618166	0.922480881077594	0.871529297433317	0.907980245883194	0.893483391655857	0.907291286166924	0.909481272736371	0.927749300556294	0.917499708663619	0.941221977779292	0.904192610821106	0.903262267994871	0.939117696869691	0.871372074317787	0.903401440802656	0.860635578691909	0.926046950451662	0.91771642580887	0.907298851039802	0.933864679372741	0.915790665608232	0.931299709998224	0.904676265721508	0.916477114425218	0.944376371740593	0.938084283632681	0.906592160475849	0.950697284926291	0.902452654435692	0.933638959540101	0.928979947209327	0.902349233897051	0.92483669398735	0.88748807951996	0.908087948159298	0.882607115501408	0.923438988386529	0.892654377198497	0.910849444979186	0.929059004025672	0.908910048688683	0.917089558304204	0.877913442241362	0.916461680535539	0.916564564484006	0.906902431614244	0.91021071383688	0.871540111294968	0.935985151235937	0.927972365407249	0.920916955340346	0.923004156811706	0.9052502614631	0.932957933545223	0.924294687552735	0.91894315336375	0.913570017395504	0.929488841812913	0.935421378112109	0.879757191197535	0.911030895914771	0.946419617981512	0.917345869248972	0.914868653561723	0.884122464875418	0.926475820997303	0.896132821651077	0.899520101070864	0.878594069622227	0.910538496467239	0.922981014636149	0.79732600334396	0.925897486996105	0.883986703281255	0.869159534730729	0.947465804135829	0.932343014049187	0.908738771834832	0.918322940255475	0.945094043893173	0.908939639325725	0.935809834343466	0.927234853004146	0.917905625612263	0.933603809846257	0.941495892036178	0.920129377063225	0.921406006700264
cg23516370	0.685552165126233	0.945733678381896	0.856030189968072	0.599439334598013	0.88424327127661	0.383682553501985	0.892112418033724	0.195464061735664	0.368011479163583	0.253619582165814	0.333438223361092	0.918672545661711	0.816195587983367	0.135504474363232	0.855117284894682	0.505025087525893	0.839886409386545	0.48307255941356	0.799996025444268	0.459794788735596	0.552365402895654	0.479790002114585	0.398908591395307	0.803088522989884	0.277057473660325	0.695118582491901	0.552776878201032	0.294227589619902	0.600770591648479	0.954955351734675	0.282404041498183	0.597483461351592	0.64029189947464	0.707153226009531	0.261154748688011	0.619116105409378	0.356410126883571	0.298731814137824	0.719226114826973	0.673255931740041	0.732551049364509	0.879213008090404	0.395033864869663	0.928328118552844	0.213533010285555	0.459660023946192	0.248552466011683	0.486916192377448	0.489664866151722	0.359301655868744	0.318939573077634	0.871551154850171	0.147071930948241	0.703224806256871	0.558979020023715	0.281879242415998	0.336038804481903	0.373157643325436	0.174298759327382	0.442898852081614	0.723247114809942	0.137378151089812	0.741032017190066	0.835910645183355	0.598075369675647	0.710299808947583	0.334147471855845	0.72127378205778	0.605820564566588	0.845660344795525	0.4436169778681	0.608352288353776	0.410150485558041	0.398043432887932	0.923440287813524	0.511922691220066	0.280395421795843	0.544643618533422	0.373334078844417	0.49208245437847	0.657311182684902	0.290362306577274	0.17563163855008	0.600638211404624	0.861747600763985	0.255973507511526	0.430277326249347	0.323831110235079	0.528452355316842	0.632290291361773	0.885508745584646	0.829396492947775	0.863460556984109	0.45809431137411	0.74031469753202	0.731339595452682	0.78540654423217	0.902368885360984	0.708974494496696
cg23531154	NA	NA	NA	NA	NA	NA	NA	NA	NA	NA	NA	NA	NA	NA	NA	NA	NA	NA	NA	NA	NA	NA	NA	NA	NA	NA	NA	NA	NA	NA	NA	NA	NA	NA	NA	NA	NA	NA	NA	NA	NA	NA	NA	NA	NA	NA	NA	NA	NA	NA	NA	NA	NA	NA	NA	NA	NA	NA	NA	NA	NA	NA	NA	NA	NA	NA	NA	NA	NA	NA	NA	NA	NA	NA	NA	NA	NA	NA	NA	NA	NA	NA	NA	NA	NA	NA	NA	NA	NA	NA	NA	NA	NA	NA	NA	NA	NA	NA	NA
cg23542414	NA	NA	NA	NA	NA	NA	NA	NA	NA	NA	NA	NA	NA	NA	NA	NA	NA	NA	NA	NA	NA	NA	NA	NA	NA	NA	NA	NA	NA	NA	NA	NA	NA	NA	NA	NA	NA	NA	NA	NA	NA	NA	NA	NA	NA	NA	NA	NA	NA	NA	NA	NA	NA	NA	NA	NA	NA	NA	NA	NA	NA	NA	NA	NA	NA	NA	NA	NA	NA	NA	NA	NA	NA	NA	NA	NA	NA	NA	NA	NA	NA	NA	NA	NA	NA	NA	NA	NA	NA	NA	NA	NA	NA	NA	NA	NA	NA	NA	NA
cg23545793	0.908125302342639	0.893196432137291	0.838556925960009	0.886957881964671	0.859512224681609	0.789727438725532	0.891094172621064	0.873498924724548	0.861802194516486	0.91248882051938	0.854120716430872	0.826509753447274	0.815885743459739	0.942544608768541	0.839729896715627	0.914831381206857	0.936433264285955	0.828227672722064	0.894293051248517	0.856531532249362	0.843111815578394	0.852212338522494	0.815525048847764	0.865614743468761	0.83772032650403	0.810794211903088	0.812958115538634	0.866500445668599	0.870789893362342	0.840115771695961	0.884293031767703	0.865127104929631	0.873103749531523	0.884347523072919	0.891817471766005	0.963622117323102	0.911923009387459	0.89998112946722	0.867334248912544	0.939537446634648	0.896751828670707	0.892788197911364	0.802473093185089	0.953798934994079	0.872581832604725	0.832194020051027	0.892776940963251	0.905936112671611	0.919111223969764	0.906274765867249	0.858812925001454	0.902287295247549	0.927018302880467	0.812538945725916	0.839570787832344	0.885688949479969	0.914571801328656	0.864345371090211	0.920515150156323	0.869774295289883	0.864430637014969	0.883210810385323	0.903188349458382	0.868317122211848	0.869363220755016	0.836913954658514	0.915185660930458	0.850669789055346	0.88248618411162	0.879699570578781	0.938472428443601	0.823783616248988	0.87756436980849	0.846346279900825	0.938157035995439	0.852399851613388	0.883052126950314	0.896168328918143	0.855335025534981	0.746103234387052	0.880133467156953	0.866976822840368	0.896905693567305	0.873002414390761	0.810134353417468	0.917387426591831	0.899377077634976	0.913841659587593	0.920958383569243	0.880404280375708	0.930960424952119	0.878437238847695	0.872552118752378	0.89656319792626	0.622947477402919	0.876385266798399	0.874309170752497	0.843563135046916	0.821542846100075
cg23614652	NA	NA	NA	NA	NA	NA	NA	NA	NA	NA	NA	NA	NA	NA	NA	NA	NA	NA	NA	NA	NA	NA	NA	NA	NA	NA	NA	NA	NA	NA	NA	NA	NA	NA	NA	NA	NA	NA	NA	NA	NA	NA	NA	NA	NA	NA	NA	NA	NA	NA	NA	NA	NA	NA	NA	NA	NA	NA	NA	NA	NA	NA	NA	NA	NA	NA	NA	NA	NA	NA	NA	NA	NA	NA	NA	NA	NA	NA	NA	NA	NA	NA	NA	NA	NA	NA	NA	NA	NA	NA	NA	NA	NA	NA	NA	NA	NA	NA	NA
cg23642334	NA	NA	NA	NA	NA	NA	NA	NA	NA	NA	NA	NA	NA	NA	NA	NA	NA	NA	NA	NA	NA	NA	NA	NA	NA	NA	NA	NA	NA	NA	NA	NA	NA	NA	NA	NA	NA	NA	NA	NA	NA	NA	NA	NA	NA	NA	NA	NA	NA	NA	NA	NA	NA	NA	NA	NA	NA	NA	NA	NA	NA	NA	NA	NA	NA	NA	NA	NA	NA	NA	NA	NA	NA	NA	NA	NA	NA	NA	NA	NA	NA	NA	NA	NA	NA	NA	NA	NA	NA	NA	NA	NA	NA	NA	NA	NA	NA	NA	NA
cg23652725	0.913835961607143	0.897267407801747	0.922685721111536	0.950636336091779	0.91952371383295	0.798070438261609	0.911965122184095	0.928144546055302	0.916046508467846	0.932775933421516	0.936295949798381	0.924164344784178	0.908845593426276	0.732528369990199	0.917755059573318	0.923823101248267	0.951718465864375	0.914220122212762	0.930540508858424	0.907257685938175	0.932858682111811	0.867750206182166	0.898125362755133	0.909197223377285	0.476288923608947	0.847798498063928	0.904720689917684	0.909041418091597	0.929232766256024	0.924690493766524	0.838845780565592	0.923376420270537	0.917773486604464	0.904710479508221	0.924704987172343	0.931892587800049	0.92799578209905	0.922376022375749	0.94553118340685	0.925787554023104	0.827773709888362	0.929858145884822	0.856092874856695	0.925285885503924	0.899242421431975	0.910308854457471	0.762884938563294	0.875821857905483	0.925210826968391	0.938482830735764	0.931861950978499	0.939405280987895	0.906276791339873	0.887511339229161	0.921371059145014	0.883259267313467	0.88843689978879	0.899714455480844	0.895160978972448	0.892795097802321	0.905264967143306	0.91113774092178	0.918959937277127	0.85687569864789	0.920583358394936	0.892504563839244	0.92115491127906	0.824135528419031	0.916289039433615	0.89953781751935	0.884454041308656	0.913452906754018	0.912279810264887	0.929818573782623	0.939908566159214	0.926750375749707	0.944231859743902	0.803981423331504	0.921649508883134	0.814892990218248	0.841321242982474	0.907618412034027	0.815590537308349	0.918376525968499	0.91442099490094	0.666212744859941	0.888489249357941	0.924700825136835	0.927745944651999	0.938721791224144	0.930072047044816	0.934777127007174	0.937579432957811	0.510486903498498	0.894495142946147	0.854413228149367	0.915540989211196	0.932444920687302	0.915631065174297
cg23685885	NA	NA	NA	NA	NA	NA	NA	NA	NA	NA	NA	NA	NA	NA	NA	NA	NA	NA	NA	NA	NA	NA	NA	NA	NA	NA	NA	NA	NA	NA	NA	NA	NA	NA	NA	NA	NA	NA	NA	NA	NA	NA	NA	NA	NA	NA	NA	NA	NA	NA	NA	NA	NA	NA	NA	NA	NA	NA	NA	NA	NA	NA	NA	NA	NA	NA	NA	NA	NA	NA	NA	NA	NA	NA	NA	NA	NA	NA	NA	NA	NA	NA	NA	NA	NA	NA	NA	NA	NA	NA	NA	NA	NA	NA	NA	NA	NA	NA	NA
cg23726945	NA	NA	NA	NA	NA	NA	NA	NA	NA	NA	NA	NA	NA	NA	NA	NA	NA	NA	NA	NA	NA	NA	NA	NA	NA	NA	NA	NA	NA	NA	NA	NA	NA	NA	NA	NA	NA	NA	NA	NA	NA	NA	NA	NA	NA	NA	NA	NA	NA	NA	NA	NA	NA	NA	NA	NA	NA	NA	NA	NA	NA	NA	NA	NA	NA	NA	NA	NA	NA	NA	NA	NA	NA	NA	NA	NA	NA	NA	NA	NA	NA	NA	NA	NA	NA	NA	NA	NA	NA	NA	NA	NA	NA	NA	NA	NA	NA	NA	NA
cg23816019	NA	NA	NA	NA	NA	NA	NA	NA	NA	NA	NA	NA	NA	NA	NA	NA	NA	NA	NA	NA	NA	NA	NA	NA	NA	NA	NA	NA	NA	NA	NA	NA	NA	NA	NA	NA	NA	NA	NA	NA	NA	NA	NA	NA	NA	NA	NA	NA	NA	NA	NA	NA	NA	NA	NA	NA	NA	NA	NA	NA	NA	NA	NA	NA	NA	NA	NA	NA	NA	NA	NA	NA	NA	NA	NA	NA	NA	NA	NA	NA	NA	NA	NA	NA	NA	NA	NA	NA	NA	NA	NA	NA	NA	NA	NA	NA	NA	NA	NA
cg23860325	0.523897085989936	0.495025551144741	0.194216919229643	0.349233465437943	0.282339615619626	0.295207525326422	0.242319880261285	0.125097049950509	0.189949577996344	0.142661975950178	0.221354035779626	0.432490111435871	0.382432666852431	0.12988537152185	0.334253881903695	0.119655240924769	0.207319845987412	0.259244501920975	0.154871733000562	0.190969792270346	0.351454786460271	0.36310809358086	0.15529969755115	0.240505404820565	0.194784061468868	0.25051069738902	0.3003244375136	0.215456973353852	0.15423405503322	0.170568974777989	0.194128817563245	0.364842411692968	0.143267420819736	0.197438395249018	0.207598788713607	0.0839176825416541	0.117491162242966	0.125265904251061	0.201365223343993	0.215980678625114	0.131503695839944	0.281800809499234	0.300576943431811	0.117016681437442	0.184981505983481	0.316516307995179	0.190161258510312	0.249153198631887	0.157769692125969	0.517680906584039	0.223283324706709	0.455641358680341	0.0627040056336986	0.529050774085774	0.314597892421912	0.242784936830775	0.11742417894236	0.194718577812208	0.138930995730718	0.356019110140736	0.231795450944612	0.0952782686525092	0.359705109627897	0.198719170519542	0.181003744432185	0.342706294610197	0.227902761908764	0.375942755609005	0.144772862079377	0.276180587370845	0.240777583792328	0.404564305172362	0.322959348653853	0.225337931973114	0.372646548985789	0.143163031294263	0.221222993777276	0.14342103823805	0.204053726770576	0.38577018852965	0.159813592985434	0.18326616957285	0.0952013227907557	0.284973176106924	0.277385339114833	0.162050329768551	0.143278733618953	0.153584053117097	0.130217040935693	0.414166517733578	0.30647094174719	0.24858676322174	0.304791300929431	0.106619210084013	0.20998607313366	0.143316714573898	0.272788898496821	0.26546262139824	0.241582730487767
cg23861101	NA	NA	NA	NA	NA	NA	NA	NA	NA	NA	NA	NA	NA	NA	NA	NA	NA	NA	NA	NA	NA	NA	NA	NA	NA	NA	NA	NA	NA	NA	NA	NA	NA	NA	NA	NA	NA	NA	NA	NA	NA	NA	NA	NA	NA	NA	NA	NA	NA	NA	NA	NA	NA	NA	NA	NA	NA	NA	NA	NA	NA	NA	NA	NA	NA	NA	NA	NA	NA	NA	NA	NA	NA	NA	NA	NA	NA	NA	NA	NA	NA	NA	NA	NA	NA	NA	NA	NA	NA	NA	NA	NA	NA	NA	NA	NA	NA	NA	NA
cg24003649	NA	NA	NA	NA	NA	NA	NA	NA	NA	NA	NA	NA	NA	NA	NA	NA	NA	NA	NA	NA	NA	NA	NA	NA	NA	NA	NA	NA	NA	NA	NA	NA	NA	NA	NA	NA	NA	NA	NA	NA	NA	NA	NA	NA	NA	NA	NA	NA	NA	NA	NA	NA	NA	NA	NA	NA	NA	NA	NA	NA	NA	NA	NA	NA	NA	NA	NA	NA	NA	NA	NA	NA	NA	NA	NA	NA	NA	NA	NA	NA	NA	NA	NA	NA	NA	NA	NA	NA	NA	NA	NA	NA	NA	NA	NA	NA	NA	NA	NA
cg24012683	0.912044610108917	0.683121032054049	0.894398882639397	0.935270450548527	0.948922259087271	0.630110734566574	0.967116834113677	0.499939929747506	0.946835749937544	0.959633983918504	0.916486331221628	0.962425629143911	0.91359569490659	0.651121742425595	0.938820480820705	0.968396372092017	0.9584260393477	0.724675602725237	0.96931021504409	0.516073213489942	0.708800665499955	0.883731029376945	0.906216029386581	0.961382192942334	0.465776763703534	0.595423498337145	0.422499505683294	0.941825963811255	0.844685178397636	0.925100646872894	0.487691831924076	0.887776224458623	0.881644408502035	0.964509600296326	0.931891455160549	0.958788924313016	0.967151978248689	0.945807490382035	0.957673854119906	0.959917814340842	0.951977089809376	0.553909366001897	0.561897003352901	0.334719835722348	0.970005363201874	0.957354408455567	0.960733010174996	0.597543871940859	0.953767162539552	0.670965267276945	0.90314050098732	0.950178967690981	0.95415420095291	0.959981572988306	0.953001113100734	0.923646492259392	0.959687565946654	0.950199004749832	0.956102358268562	0.961617081740352	0.952889678478267	0.499813761619475	0.668867568700852	0.965754523599324	0.975121768978839	0.677339164574895	0.738727691793999	0.951615306763851	0.471750703496816	0.942052515295261	0.946111808863749	0.94187806324403	0.9081334909729	0.963458421712279	0.967101064753058	0.948840071733821	0.960324115681931	0.959667262423776	0.940747233950354	0.939823230616302	0.968093566919657	0.949424071455593	0.620093507568792	0.960675230236946	0.665797753515294	0.827994620932443	0.959655190250096	0.957997853459623	0.925044689988273	0.96116837308328	0.956685741432473	0.941011429179186	0.95040520215192	0.943821321081791	0.96312844719744	0.334792042555051	0.946648753704971	0.956872328099052	0.954157569106419
cg24026092	NA	NA	NA	NA	NA	NA	NA	NA	NA	NA	NA	NA	NA	NA	NA	NA	NA	NA	NA	NA	NA	NA	NA	NA	NA	NA	NA	NA	NA	NA	NA	NA	NA	NA	NA	NA	NA	NA	NA	NA	NA	NA	NA	NA	NA	NA	NA	NA	NA	NA	NA	NA	NA	NA	NA	NA	NA	NA	NA	NA	NA	NA	NA	NA	NA	NA	NA	NA	NA	NA	NA	NA	NA	NA	NA	NA	NA	NA	NA	NA	NA	NA	NA	NA	NA	NA	NA	NA	NA	NA	NA	NA	NA	NA	NA	NA	NA	NA	NA
cg24027342	0.905578241064262	0.89969668023805	0.933158330260395	0.904057185714164	0.914280300518293	0.830975194113412	0.873084015208257	0.775421506233106	0.87816321694508	0.672342604144384	0.830841450584341	0.936258961709133	0.928022965076667	0.701034655524119	0.935555668815774	0.827165186601852	0.796739267300075	0.810298592870633	0.840507649622534	0.832435569725139	0.869181424638602	0.82999408552019	0.791663668075068	0.886645596053066	0.771334546653893	0.895836020436649	0.874808244259729	0.803198681665316	0.855295582952737	0.85462428363079	0.729927031020949	0.814306358218216	0.824321011627359	0.929787794529102	0.716543440119691	0.674326568368192	0.748413497554566	0.667739179702936	0.931101014045917	0.837126804503863	0.754664757655429	0.922735725569582	0.83322159943368	0.816703033528912	0.866558637057902	0.933996670660439	0.833150891872769	0.767207451602099	0.812556165967718	0.909887910795433	0.758135212951812	0.867921292020005	0.752316370917764	0.961981825974059	0.890456138793595	0.809291247602375	0.84073581298977	0.821944892323186	0.895130135721884	0.899380118097117	0.684667105731449	0.86110041187512	0.876607678354943	0.81868879697343	0.948253474194913	0.920887754285329	0.772463893174365	0.905283307349841	0.649146651244205	0.919045444055689	0.859937611044784	0.911642745564464	0.872627235918136	0.841248014440484	0.883898081909547	0.865431921933874	0.898924295250967	0.843374257220144	0.920089301917369	0.936075049590067	0.82379164227887	0.737344445126432	0.563419530064372	0.749137223600275	0.91237140673841	0.617276955761042	0.883288706709759	0.887429262220729	0.864246811343079	0.913356059634708	0.918470709940159	0.922728426083345	0.847042043400914	0.59166110709865	0.905915666110002	0.893762524497149	0.924395507094851	0.756126877364944	0.896482605381957
cg24048209	NA	NA	NA	NA	NA	NA	NA	NA	NA	NA	NA	NA	NA	NA	NA	NA	NA	NA	NA	NA	NA	NA	NA	NA	NA	NA	NA	NA	NA	NA	NA	NA	NA	NA	NA	NA	NA	NA	NA	NA	NA	NA	NA	NA	NA	NA	NA	NA	NA	NA	NA	NA	NA	NA	NA	NA	NA	NA	NA	NA	NA	NA	NA	NA	NA	NA	NA	NA	NA	NA	NA	NA	NA	NA	NA	NA	NA	NA	NA	NA	NA	NA	NA	NA	NA	NA	NA	NA	NA	NA	NA	NA	NA	NA	NA	NA	NA	NA	NA
cg24056757	0.856907728646618	0.931862116224382	0.910477950936518	0.906729329869734	0.931778336905916	0.88285224920278	0.925225101755763	0.787660879094001	0.813727190637254	0.884630210973147	0.928161407271085	0.959071021724518	0.91310962773837	0.715926823256967	0.914432834983987	0.933894095898681	0.954385811584163	0.906000803888297	0.952904870748978	0.919517111818098	0.895419958955193	0.86528349441063	0.741523009561953	0.889182606636777	0.596905620514058	0.906429690270387	0.933849853636712	0.872004906102848	0.928862688662541	0.888268652865533	0.805333191507171	0.89502218721426	0.890725352761594	0.919689383927616	0.89942455193153	0.878227853525911	0.943333033544813	0.893315192238287	0.910437225351401	0.774961144522853	0.861107765656371	0.897063613818619	0.735798788695907	0.919300852125937	0.747715780833732	0.910747615668775	0.899540675424255	0.825505817539164	0.903019830269919	0.870321681161841	0.825753384896372	0.925518830831998	0.895584417090627	0.919080193918187	0.896156144425269	0.819977170573597	0.909350761521498	0.820435322790671	0.828255701414219	0.940729871539491	0.919971162318429	0.595830428977007	0.928032751578539	0.927394999988858	0.964011553461004	0.906482459085862	0.773463260816064	0.916528689476629	0.79740831001878	0.883503695319472	0.773029835424721	0.939147562923215	0.914857685055759	0.885540608536599	0.856409989923243	0.88846923520461	0.92198203468963	0.918118712346863	0.909645681223187	0.92633943618106	0.947989233258471	0.915004636556164	0.411028175699517	0.900743539044597	0.908017783923671	0.472678492258756	0.938159636997499	0.932964644961552	0.93811149260543	0.85886326823486	0.917017134106414	0.784216086112571	0.823008991129071	0.768523307977167	0.839145185075989	0.876569479694729	0.908770921875434	0.912644627155117	0.920826467012253
cg24063594	NA	NA	NA	NA	NA	NA	NA	NA	NA	NA	NA	NA	NA	NA	NA	NA	NA	NA	NA	NA	NA	NA	NA	NA	NA	NA	NA	NA	NA	NA	NA	NA	NA	NA	NA	NA	NA	NA	NA	NA	NA	NA	NA	NA	NA	NA	NA	NA	NA	NA	NA	NA	NA	NA	NA	NA	NA	NA	NA	NA	NA	NA	NA	NA	NA	NA	NA	NA	NA	NA	NA	NA	NA	NA	NA	NA	NA	NA	NA	NA	NA	NA	NA	NA	NA	NA	NA	NA	NA	NA	NA	NA	NA	NA	NA	NA	NA	NA	NA
cg24073060	NA	NA	NA	NA	NA	NA	NA	NA	NA	NA	NA	NA	NA	NA	NA	NA	NA	NA	NA	NA	NA	NA	NA	NA	NA	NA	NA	NA	NA	NA	NA	NA	NA	NA	NA	NA	NA	NA	NA	NA	NA	NA	NA	NA	NA	NA	NA	NA	NA	NA	NA	NA	NA	NA	NA	NA	NA	NA	NA	NA	NA	NA	NA	NA	NA	NA	NA	NA	NA	NA	NA	NA	NA	NA	NA	NA	NA	NA	NA	NA	NA	NA	NA	NA	NA	NA	NA	NA	NA	NA	NA	NA	NA	NA	NA	NA	NA	NA	NA
cg24094412	NA	NA	NA	NA	NA	NA	NA	NA	NA	NA	NA	NA	NA	NA	NA	NA	NA	NA	NA	NA	NA	NA	NA	NA	NA	NA	NA	NA	NA	NA	NA	NA	NA	NA	NA	NA	NA	NA	NA	NA	NA	NA	NA	NA	NA	NA	NA	NA	NA	NA	NA	NA	NA	NA	NA	NA	NA	NA	NA	NA	NA	NA	NA	NA	NA	NA	NA	NA	NA	NA	NA	NA	NA	NA	NA	NA	NA	NA	NA	NA	NA	NA	NA	NA	NA	NA	NA	NA	NA	NA	NA	NA	NA	NA	NA	NA	NA	NA	NA
cg24162965	NA	NA	NA	NA	NA	NA	NA	NA	NA	NA	NA	NA	NA	NA	NA	NA	NA	NA	NA	NA	NA	NA	NA	NA	NA	NA	NA	NA	NA	NA	NA	NA	NA	NA	NA	NA	NA	NA	NA	NA	NA	NA	NA	NA	NA	NA	NA	NA	NA	NA	NA	NA	NA	NA	NA	NA	NA	NA	NA	NA	NA	NA	NA	NA	NA	NA	NA	NA	NA	NA	NA	NA	NA	NA	NA	NA	NA	NA	NA	NA	NA	NA	NA	NA	NA	NA	NA	NA	NA	NA	NA	NA	NA	NA	NA	NA	NA	NA	NA
cg24170212	NA	NA	NA	NA	NA	NA	NA	NA	NA	NA	NA	NA	NA	NA	NA	NA	NA	NA	NA	NA	NA	NA	NA	NA	NA	NA	NA	NA	NA	NA	NA	NA	NA	NA	NA	NA	NA	NA	NA	NA	NA	NA	NA	NA	NA	NA	NA	NA	NA	NA	NA	NA	NA	NA	NA	NA	NA	NA	NA	NA	NA	NA	NA	NA	NA	NA	NA	NA	NA	NA	NA	NA	NA	NA	NA	NA	NA	NA	NA	NA	NA	NA	NA	NA	NA	NA	NA	NA	NA	NA	NA	NA	NA	NA	NA	NA	NA	NA	NA
cg24176601	0.89840657993282	0.916396775439488	0.775464589835912	0.925930423993832	0.933503956351565	0.921595437748613	0.931672402428773	0.924319877557294	0.915927261824851	0.937547358240798	0.940613910316505	0.94186795203208	0.917847631046974	0.898589021420047	0.890494120342448	0.900941488892447	0.941912721469968	0.904612728444541	0.921273007949638	0.758648163870646	0.735070854413742	0.87342284894263	0.919542185945738	0.945010220221816	0.890191876629717	0.486040731442258	0.903691957399528	0.923163730772553	0.894492302520293	0.905493995479131	0.916839426176261	0.895245621866982	0.906173037025958	0.89699229857604	0.896866001992254	0.924481771344556	0.956685469961712	0.918847526694856	0.916709881977732	0.900605858767107	0.910673383622889	0.900694571702406	0.909022361106997	0.913070888417927	0.912900866210508	0.945706493683936	0.936783489125322	0.850161454796664	0.928566175973019	0.91294248833615	0.92905883786252	0.898944080232676	0.895193402777888	0.906461631419085	0.914085744260122	0.858768456187719	0.900557021900298	0.880275051504838	0.916615405063493	0.924407281533325	0.936346868491514	0.859479897661451	0.904920122906973	0.697318804393144	0.934975951855608	0.919704266437918	0.914778537702415	0.903447299700938	0.892354807032652	0.926480179683748	0.898390449362666	0.908260342329791	0.900909816418687	0.88992876288457	0.918287451317473	0.901293286643579	0.903010940309248	0.931272880137101	0.906300329882419	0.880414251275952	0.907707976344163	0.914169204160015	0.882505680449507	0.93378263393463	0.89591912665445	0.937699097516126	0.929481399748578	0.893905156286513	0.923815767995363	0.958299389117954	0.944723805811988	0.916455906887438	0.922621989710789	0.933194242497624	0.883260255098748	0.917246238039383	0.887532490722034	0.939104530927809	0.924776629238148
cg24217980	NA	NA	NA	NA	NA	NA	NA	NA	NA	NA	NA	NA	NA	NA	NA	NA	NA	NA	NA	NA	NA	NA	NA	NA	NA	NA	NA	NA	NA	NA	NA	NA	NA	NA	NA	NA	NA	NA	NA	NA	NA	NA	NA	NA	NA	NA	NA	NA	NA	NA	NA	NA	NA	NA	NA	NA	NA	NA	NA	NA	NA	NA	NA	NA	NA	NA	NA	NA	NA	NA	NA	NA	NA	NA	NA	NA	NA	NA	NA	NA	NA	NA	NA	NA	NA	NA	NA	NA	NA	NA	NA	NA	NA	NA	NA	NA	NA	NA	NA
cg24251441	0.910934894999692	0.950422442492498	0.928383317399597	0.944178674357674	0.922765493800968	0.911370629098494	0.891152376922932	0.933250337875375	0.857691297198883	0.949793485367792	0.874469876682349	0.854341644066004	0.824276740851779	0.814060581034685	0.915085181626286	0.950812532286655	0.957609287031192	0.883074119798678	0.943001610862899	0.938654216903632	0.823378497768131	0.83532769936534	0.948617119237959	0.915698844569472	0.694527148186232	0.882220351793396	0.716261894062537	0.853681307634197	0.936665851217875	0.897920744998628	0.903280844850636	0.89629234166367	0.897710457018339	0.901313576062352	0.926661539987505	0.951877902258537	0.937755992805956	0.955839260923637	0.886415394626114	0.907186342824456	0.903832616754522	0.858964534216737	0.808320150586683	0.942972876446777	0.93404254567718	0.888312163779586	0.944992074298378	0.944191724998633	0.916280829054334	0.937284808106441	0.893895445788808	0.905522016029982	0.945620202106491	0.826321247202199	0.884643212905953	0.914047758335499	0.76432922438094	0.903679786742321	0.935624666633198	0.945783867848789	0.896320779383015	0.93965210083623	0.9258084485943	0.886247791434458	0.951344486889349	0.867327745933432	0.894797446564735	0.929994455542132	0.934925586855896	0.913886361927396	0.930932709872282	0.932104657195953	0.926319323678319	0.925086147716376	0.949479774697136	0.922312361837459	0.947362659607746	0.897159029856134	0.870569611055055	0.774508282270087	0.917374229181146	0.892010122721487	0.519139877035276	0.91379742173152	0.911453310099455	0.806145681628051	0.958244276346038	0.907324204313394	0.915626219111137	0.949142074002667	0.937087300564749	0.933685827523925	0.929238149510414	0.615488515804529	0.732132546824759	0.941510399391053	0.932280101295274	0.919344882169111	0.845177386285178
cg24279701	NA	NA	NA	NA	NA	NA	NA	NA	NA	NA	NA	NA	NA	NA	NA	NA	NA	NA	NA	NA	NA	NA	NA	NA	NA	NA	NA	NA	NA	NA	NA	NA	NA	NA	NA	NA	NA	NA	NA	NA	NA	NA	NA	NA	NA	NA	NA	NA	NA	NA	NA	NA	NA	NA	NA	NA	NA	NA	NA	NA	NA	NA	NA	NA	NA	NA	NA	NA	NA	NA	NA	NA	NA	NA	NA	NA	NA	NA	NA	NA	NA	NA	NA	NA	NA	NA	NA	NA	NA	NA	NA	NA	NA	NA	NA	NA	NA	NA	NA
cg24284859	0.947307921947558	0.925371882570383	0.953355889787813	0.939508984937464	0.934603759545379	0.961895953292636	0.912027712034981	0.913541371001137	0.941581855096169	0.896288521003612	0.942340612221295	0.935753979233361	0.942467667504652	0.934618411508537	0.927102599953941	0.928635110366418	0.917815061411896	0.953244680614362	0.949070950534185	0.952274592091506	0.942590157244568	0.94163717109168	0.937669826343774	0.947931234635481	0.954240228574076	0.962379043521691	0.930676603733732	0.92452766922432	0.953933699076391	0.917001977130968	0.937604315486737	0.929092958953816	0.918284611101878	0.955592046859315	0.912478829728411	0.936519094161752	0.94612177435871	0.942365670260484	0.933682438409669	0.946180256788872	0.923735111714422	0.937570181910552	0.946326413639163	0.949894858803496	0.94301332779071	0.937060614259992	0.941764551516676	0.928979449812597	0.955497933077115	0.9214444916378	0.946187925384625	0.92633270458936	0.938172485061652	0.936304580514975	0.921747099905046	0.92936995277896	0.923891198587179	0.955363778599166	0.92831541546818	0.912304425801229	0.925275614267755	0.954567537423722	0.951150294297734	0.930809726046615	0.916382701888194	0.938093694328938	0.94484880675288	0.919382350182605	0.938570835221871	0.939828248496262	0.919085555037051	0.945619325519082	0.942926248859015	0.943886890792914	0.937583854933355	0.936237582117904	0.948065589286813	0.932781412526894	0.935088121086959	0.916663890775465	0.94809478069293	0.945537392978022	0.944439903504304	0.915872394982715	0.934984439510326	0.955581727406535	0.94953007582872	0.900424760564353	0.933381882017409	0.918565636592968	0.878586261599833	0.919877498348878	0.896636057968894	0.910256495513157	0.915253749390891	0.931768524827982	0.935231735601909	0.9353742456441	0.946163668271213
cg24300962	NA	NA	NA	NA	NA	NA	NA	NA	NA	NA	NA	NA	NA	NA	NA	NA	NA	NA	NA	NA	NA	NA	NA	NA	NA	NA	NA	NA	NA	NA	NA	NA	NA	NA	NA	NA	NA	NA	NA	NA	NA	NA	NA	NA	NA	NA	NA	NA	NA	NA	NA	NA	NA	NA	NA	NA	NA	NA	NA	NA	NA	NA	NA	NA	NA	NA	NA	NA	NA	NA	NA	NA	NA	NA	NA	NA	NA	NA	NA	NA	NA	NA	NA	NA	NA	NA	NA	NA	NA	NA	NA	NA	NA	NA	NA	NA	NA	NA	NA
cg24320065	NA	NA	NA	NA	NA	NA	NA	NA	NA	NA	NA	NA	NA	NA	NA	NA	NA	NA	NA	NA	NA	NA	NA	NA	NA	NA	NA	NA	NA	NA	NA	NA	NA	NA	NA	NA	NA	NA	NA	NA	NA	NA	NA	NA	NA	NA	NA	NA	NA	NA	NA	NA	NA	NA	NA	NA	NA	NA	NA	NA	NA	NA	NA	NA	NA	NA	NA	NA	NA	NA	NA	NA	NA	NA	NA	NA	NA	NA	NA	NA	NA	NA	NA	NA	NA	NA	NA	NA	NA	NA	NA	NA	NA	NA	NA	NA	NA	NA	NA
cg24331317	NA	NA	NA	NA	NA	NA	NA	NA	NA	NA	NA	NA	NA	NA	NA	NA	NA	NA	NA	NA	NA	NA	NA	NA	NA	NA	NA	NA	NA	NA	NA	NA	NA	NA	NA	NA	NA	NA	NA	NA	NA	NA	NA	NA	NA	NA	NA	NA	NA	NA	NA	NA	NA	NA	NA	NA	NA	NA	NA	NA	NA	NA	NA	NA	NA	NA	NA	NA	NA	NA	NA	NA	NA	NA	NA	NA	NA	NA	NA	NA	NA	NA	NA	NA	NA	NA	NA	NA	NA	NA	NA	NA	NA	NA	NA	NA	NA	NA	NA
cg24348466	NA	NA	NA	NA	NA	NA	NA	NA	NA	NA	NA	NA	NA	NA	NA	NA	NA	NA	NA	NA	NA	NA	NA	NA	NA	NA	NA	NA	NA	NA	NA	NA	NA	NA	NA	NA	NA	NA	NA	NA	NA	NA	NA	NA	NA	NA	NA	NA	NA	NA	NA	NA	NA	NA	NA	NA	NA	NA	NA	NA	NA	NA	NA	NA	NA	NA	NA	NA	NA	NA	NA	NA	NA	NA	NA	NA	NA	NA	NA	NA	NA	NA	NA	NA	NA	NA	NA	NA	NA	NA	NA	NA	NA	NA	NA	NA	NA	NA	NA
cg24348786	NA	NA	NA	NA	NA	NA	NA	NA	NA	NA	NA	NA	NA	NA	NA	NA	NA	NA	NA	NA	NA	NA	NA	NA	NA	NA	NA	NA	NA	NA	NA	NA	NA	NA	NA	NA	NA	NA	NA	NA	NA	NA	NA	NA	NA	NA	NA	NA	NA	NA	NA	NA	NA	NA	NA	NA	NA	NA	NA	NA	NA	NA	NA	NA	NA	NA	NA	NA	NA	NA	NA	NA	NA	NA	NA	NA	NA	NA	NA	NA	NA	NA	NA	NA	NA	NA	NA	NA	NA	NA	NA	NA	NA	NA	NA	NA	NA	NA	NA
cg24369233	NA	NA	NA	NA	NA	NA	NA	NA	NA	NA	NA	NA	NA	NA	NA	NA	NA	NA	NA	NA	NA	NA	NA	NA	NA	NA	NA	NA	NA	NA	NA	NA	NA	NA	NA	NA	NA	NA	NA	NA	NA	NA	NA	NA	NA	NA	NA	NA	NA	NA	NA	NA	NA	NA	NA	NA	NA	NA	NA	NA	NA	NA	NA	NA	NA	NA	NA	NA	NA	NA	NA	NA	NA	NA	NA	NA	NA	NA	NA	NA	NA	NA	NA	NA	NA	NA	NA	NA	NA	NA	NA	NA	NA	NA	NA	NA	NA	NA	NA
cg24399529	0.123909328916279	0.0948848286161614	0.249192154962243	0.101507287948041	0.196155413810267	0.169393143944799	0.197512942128774	0.0950460532693361	0.211293661661025	0.115321572315632	0.149544968477143	0.095502917300071	0.377530106292112	0.187524686816866	0.15730715627973	0.149956216345622	0.147562326979029	0.132840641606294	0.121053131914726	0.173076861148656	0.215561022916459	0.260909780550773	0.108649111574614	0.136036363750983	0.142474698964245	0.13439327218447	0.0951479570037706	0.151137150479582	0.130766526100067	0.0634100838140378	0.114363948192385	0.121275880486013	0.101191077525925	0.120598066086111	0.129342558547337	0.111142519702289	0.134360457091883	0.134616614385442	0.193322311136636	0.100956960673781	0.094179138812896	0.105528900253406	0.144209244881376	0.0925325100775759	0.0866068674733671	0.178091347926733	0.117927804566518	0.230518534686467	0.150800328646309	0.124447673758938	0.160986767795954	0.1845150036172	0.120032420275445	0.161896625347707	0.291637292399431	0.260545947822495	0.0871735317518328	0.145258593336237	0.117373376795465	0.210783887647399	0.198962150847166	0.0943859939670816	0.100289331911912	0.229550041837873	0.165305452578912	0.268945338710857	0.0899681821559981	0.113662957980776	0.137494507618609	0.174894373263505	0.102766837888232	0.222702768046037	0.117016566860586	0.228050975121877	0.62417544008072	0.112127036443793	0.201141802496639	0.0823040675674271	0.17128882262925	0.284456956546206	0.131956368828046	0.21189718632292	0.0751838717604849	0.202813017596463	0.0969882719663767	0.143437652484026	0.15669688646775	0.145763526440147	0.107005265398691	0.131742886726145	0.113652043000641	0.326388048062939	0.159601738920917	0.098862191286276	0.131184285636552	0.0934937270118892	0.135121892437147	0.19174088192686	0.183781762020713
cg24425968	NA	NA	NA	NA	NA	NA	NA	NA	NA	NA	NA	NA	NA	NA	NA	NA	NA	NA	NA	NA	NA	NA	NA	NA	NA	NA	NA	NA	NA	NA	NA	NA	NA	NA	NA	NA	NA	NA	NA	NA	NA	NA	NA	NA	NA	NA	NA	NA	NA	NA	NA	NA	NA	NA	NA	NA	NA	NA	NA	NA	NA	NA	NA	NA	NA	NA	NA	NA	NA	NA	NA	NA	NA	NA	NA	NA	NA	NA	NA	NA	NA	NA	NA	NA	NA	NA	NA	NA	NA	NA	NA	NA	NA	NA	NA	NA	NA	NA	NA
cg24445752	NA	NA	NA	NA	NA	NA	NA	NA	NA	NA	NA	NA	NA	NA	NA	NA	NA	NA	NA	NA	NA	NA	NA	NA	NA	NA	NA	NA	NA	NA	NA	NA	NA	NA	NA	NA	NA	NA	NA	NA	NA	NA	NA	NA	NA	NA	NA	NA	NA	NA	NA	NA	NA	NA	NA	NA	NA	NA	NA	NA	NA	NA	NA	NA	NA	NA	NA	NA	NA	NA	NA	NA	NA	NA	NA	NA	NA	NA	NA	NA	NA	NA	NA	NA	NA	NA	NA	NA	NA	NA	NA	NA	NA	NA	NA	NA	NA	NA	NA
cg24493925	NA	NA	NA	NA	NA	NA	NA	NA	NA	NA	NA	NA	NA	NA	NA	NA	NA	NA	NA	NA	NA	NA	NA	NA	NA	NA	NA	NA	NA	NA	NA	NA	NA	NA	NA	NA	NA	NA	NA	NA	NA	NA	NA	NA	NA	NA	NA	NA	NA	NA	NA	NA	NA	NA	NA	NA	NA	NA	NA	NA	NA	NA	NA	NA	NA	NA	NA	NA	NA	NA	NA	NA	NA	NA	NA	NA	NA	NA	NA	NA	NA	NA	NA	NA	NA	NA	NA	NA	NA	NA	NA	NA	NA	NA	NA	NA	NA	NA	NA
cg24508547	NA	NA	NA	NA	NA	NA	NA	NA	NA	NA	NA	NA	NA	NA	NA	NA	NA	NA	NA	NA	NA	NA	NA	NA	NA	NA	NA	NA	NA	NA	NA	NA	NA	NA	NA	NA	NA	NA	NA	NA	NA	NA	NA	NA	NA	NA	NA	NA	NA	NA	NA	NA	NA	NA	NA	NA	NA	NA	NA	NA	NA	NA	NA	NA	NA	NA	NA	NA	NA	NA	NA	NA	NA	NA	NA	NA	NA	NA	NA	NA	NA	NA	NA	NA	NA	NA	NA	NA	NA	NA	NA	NA	NA	NA	NA	NA	NA	NA	NA
cg24509591	NA	NA	NA	NA	NA	NA	NA	NA	NA	NA	NA	NA	NA	NA	NA	NA	NA	NA	NA	NA	NA	NA	NA	NA	NA	NA	NA	NA	NA	NA	NA	NA	NA	NA	NA	NA	NA	NA	NA	NA	NA	NA	NA	NA	NA	NA	NA	NA	NA	NA	NA	NA	NA	NA	NA	NA	NA	NA	NA	NA	NA	NA	NA	NA	NA	NA	NA	NA	NA	NA	NA	NA	NA	NA	NA	NA	NA	NA	NA	NA	NA	NA	NA	NA	NA	NA	NA	NA	NA	NA	NA	NA	NA	NA	NA	NA	NA	NA	NA
cg24512770	NA	NA	NA	NA	NA	NA	NA	NA	NA	NA	NA	NA	NA	NA	NA	NA	NA	NA	NA	NA	NA	NA	NA	NA	NA	NA	NA	NA	NA	NA	NA	NA	NA	NA	NA	NA	NA	NA	NA	NA	NA	NA	NA	NA	NA	NA	NA	NA	NA	NA	NA	NA	NA	NA	NA	NA	NA	NA	NA	NA	NA	NA	NA	NA	NA	NA	NA	NA	NA	NA	NA	NA	NA	NA	NA	NA	NA	NA	NA	NA	NA	NA	NA	NA	NA	NA	NA	NA	NA	NA	NA	NA	NA	NA	NA	NA	NA	NA	NA
cg24524735	NA	NA	NA	NA	NA	NA	NA	NA	NA	NA	NA	NA	NA	NA	NA	NA	NA	NA	NA	NA	NA	NA	NA	NA	NA	NA	NA	NA	NA	NA	NA	NA	NA	NA	NA	NA	NA	NA	NA	NA	NA	NA	NA	NA	NA	NA	NA	NA	NA	NA	NA	NA	NA	NA	NA	NA	NA	NA	NA	NA	NA	NA	NA	NA	NA	NA	NA	NA	NA	NA	NA	NA	NA	NA	NA	NA	NA	NA	NA	NA	NA	NA	NA	NA	NA	NA	NA	NA	NA	NA	NA	NA	NA	NA	NA	NA	NA	NA	NA
cg24531568	NA	NA	NA	NA	NA	NA	NA	NA	NA	NA	NA	NA	NA	NA	NA	NA	NA	NA	NA	NA	NA	NA	NA	NA	NA	NA	NA	NA	NA	NA	NA	NA	NA	NA	NA	NA	NA	NA	NA	NA	NA	NA	NA	NA	NA	NA	NA	NA	NA	NA	NA	NA	NA	NA	NA	NA	NA	NA	NA	NA	NA	NA	NA	NA	NA	NA	NA	NA	NA	NA	NA	NA	NA	NA	NA	NA	NA	NA	NA	NA	NA	NA	NA	NA	NA	NA	NA	NA	NA	NA	NA	NA	NA	NA	NA	NA	NA	NA	NA
cg24536474	NA	NA	NA	NA	NA	NA	NA	NA	NA	NA	NA	NA	NA	NA	NA	NA	NA	NA	NA	NA	NA	NA	NA	NA	NA	NA	NA	NA	NA	NA	NA	NA	NA	NA	NA	NA	NA	NA	NA	NA	NA	NA	NA	NA	NA	NA	NA	NA	NA	NA	NA	NA	NA	NA	NA	NA	NA	NA	NA	NA	NA	NA	NA	NA	NA	NA	NA	NA	NA	NA	NA	NA	NA	NA	NA	NA	NA	NA	NA	NA	NA	NA	NA	NA	NA	NA	NA	NA	NA	NA	NA	NA	NA	NA	NA	NA	NA	NA	NA
cg24537973	0.580751115633175	0.709557585320553	0.775813594640999	0.650716084305004	0.739354781666298	0.4297242135232	0.688095892093356	0.393260029413527	0.43626792818171	0.195755449453186	0.365638116284951	0.753389432728867	0.77588532343926	0.205413544516886	0.757089551869504	0.334080605495221	0.402165089215189	0.628598043828699	0.503941247425974	0.78397511210157	0.412513934511491	0.411010208334082	0.25508031528409	0.432233311787546	0.262548250424108	0.412335552910114	0.344933843654171	0.212730308663528	0.381684838045925	0.476458311993638	0.310127121335372	0.301541451059723	0.866564003261836	0.747381690388111	0.679655713994868	0.371655661175136	0.675710370306296	0.552424320544094	0.720489130839407	0.382778499163039	0.482542150759185	0.639743843879068	0.404081499050968	0.492243039471677	0.2291562142868	0.48523837531337	0.465356292436564	0.390029799395335	0.287087484107156	0.45245836938245	0.337327010548062	0.742785677410071	0.784893802218065	0.642527745474136	0.702473198115723	0.347708075712083	0.307481654427639	0.297482637819089	0.627936243038213	0.668017469451192	0.222652584953365	0.312817099915356	0.510558118676095	0.623038522460904	0.565280614125911	0.54178973390309	0.342104015791513	0.618273755857032	0.737978585899027	0.639723539715487	0.595005767172331	0.624889297203106	0.633475493124043	0.405221021498189	0.784044887969932	0.600745687047526	0.783311728460317	0.199352068914449	0.577252870757153	0.364851775537043	0.265369246646219	0.593927857759219	0.278910018602857	0.465415294726904	0.778584869675145	0.260407875998695	0.766796051142165	0.555419643788846	0.382996932689827	0.631407226676428	0.726025555728886	0.611301595524485	0.454398850551385	0.135452566014429	0.452268043023932	0.51156043400201	0.74238532567563	0.420118647576729	0.543512359242259
cg24546349	0.568189238846032	0.643402668298031	0.514157412783402	0.702017637264001	0.638170352550444	0.449919390605389	0.652510426426137	0.480475485250767	0.443893916432295	0.397097186949461	0.391662485624166	0.742996260260496	0.644553145509133	0.304733247920787	0.563737405343263	0.649398429176356	0.626401818659111	0.477852898582519	0.508518327158391	0.398428438583013	0.555944367620943	0.398739855470974	0.484546574931439	0.526843804647188	0.336832159403725	0.592276760630036	0.55255094594059	0.331111416098081	0.595300506857036	0.681005561036452	0.407218270185265	0.62466168072144	0.387862939087186	0.550118454891958	0.593204326957256	0.618551342919736	0.515836372428108	0.717092235280884	0.741473478378322	0.501958899149663	0.738681128939194	0.600789267865629	0.504308144244256	0.732191677827463	0.638348993967476	0.608731614186502	0.512888384000937	0.440162799247234	0.656207542981687	0.708228773681496	0.436638595187751	0.741562398567605	0.532135355900788	0.676398885497267	0.591647635324504	0.413138521939495	0.643341016999651	0.412079454981917	0.702688040005786	0.593286661326153	0.497165462765317	0.244180250791105	0.716626977920152	0.551926000238072	0.761124420191696	0.577717185790173	0.532846136462273	0.722263722635978	0.355870735608861	0.556895153876527	0.491722101877309	0.695367909533718	0.704203111499325	0.480158256851705	0.761063382289007	0.697353896100775	0.672625871938205	0.501205783844868	0.509107335072563	0.483089083363356	0.573596034656806	0.55939578010513	0.296130121056474	0.691630144602756	0.569372699295842	0.32953543139772	0.778312478256658	0.552536606774506	0.496309780179342	0.681801694092808	0.77990018517625	0.534343214197309	0.534356422291321	0.235612195916634	0.487224668109163	0.532428799230711	0.552121615402338	0.622936164537411	0.600378021965412
cg24575638	NA	NA	NA	NA	NA	NA	NA	NA	NA	NA	NA	NA	NA	NA	NA	NA	NA	NA	NA	NA	NA	NA	NA	NA	NA	NA	NA	NA	NA	NA	NA	NA	NA	NA	NA	NA	NA	NA	NA	NA	NA	NA	NA	NA	NA	NA	NA	NA	NA	NA	NA	NA	NA	NA	NA	NA	NA	NA	NA	NA	NA	NA	NA	NA	NA	NA	NA	NA	NA	NA	NA	NA	NA	NA	NA	NA	NA	NA	NA	NA	NA	NA	NA	NA	NA	NA	NA	NA	NA	NA	NA	NA	NA	NA	NA	NA	NA	NA	NA
cg24581736	NA	NA	NA	NA	NA	NA	NA	NA	NA	NA	NA	NA	NA	NA	NA	NA	NA	NA	NA	NA	NA	NA	NA	NA	NA	NA	NA	NA	NA	NA	NA	NA	NA	NA	NA	NA	NA	NA	NA	NA	NA	NA	NA	NA	NA	NA	NA	NA	NA	NA	NA	NA	NA	NA	NA	NA	NA	NA	NA	NA	NA	NA	NA	NA	NA	NA	NA	NA	NA	NA	NA	NA	NA	NA	NA	NA	NA	NA	NA	NA	NA	NA	NA	NA	NA	NA	NA	NA	NA	NA	NA	NA	NA	NA	NA	NA	NA	NA	NA
cg24619998	0.862870128119028	0.844948411194145	0.866822531685276	0.847989669124686	0.852480486971133	0.786910890597838	0.82467271038114	0.890456300340569	0.859866740352987	0.888299421550421	0.897888517230838	0.922337739433783	0.879878760918755	0.90731585966143	0.862813114458216	0.899312700794531	0.902520082514736	0.866317705420061	0.896848339550278	0.886074902390356	0.854536481430971	0.86225639544109	0.775192145156196	0.921134964967528	0.847654510280678	0.726108852065592	0.900109823140582	0.912558423221466	0.900068907262405	0.899113160074841	0.905311350391774	0.702421425535266	0.88650866584349	0.925989278792154	0.921265424760581	0.873071014396397	0.909639384969487	0.780991740970108	0.898320333234984	0.882411049254605	0.882925355737377	0.892063429486633	0.872833293791609	0.809492756763921	0.893838463250426	0.852073197564563	0.911657705044121	0.887863672863034	0.905965287974553	0.858347717849397	0.896569207093083	0.811057481060142	0.897725266240478	0.807631852027009	0.843374716170425	0.616892846832068	0.819426768337905	0.880993684351565	0.844700703663845	0.888703778049714	0.912983437045287	0.893850386298063	0.865086018523602	0.868530538800325	0.904708709133692	0.874115824026428	0.84007512802831	0.879275591819329	0.852504956824479	0.833308587649487	0.854279630075832	0.868862229320737	0.891214803235763	0.838051860192312	0.879226617954871	0.801063322817235	0.88519251940223	0.874488714884581	0.861255637668843	0.829637008953091	0.903516039379214	0.820255316642878	0.761202299423512	0.884847245473934	0.841410346510019	0.571067809628015	0.908673351557428	0.898471087406416	0.919330651387425	0.838781916720373	0.85178674862014	0.85536402721919	0.875862116593356	0.890818636071668	0.879885026260784	0.782728156947997	0.880590919731299	0.873920746577263	0.85910155225525
cg24620463	NA	NA	NA	NA	NA	NA	NA	NA	NA	NA	NA	NA	NA	NA	NA	NA	NA	NA	NA	NA	NA	NA	NA	NA	NA	NA	NA	NA	NA	NA	NA	NA	NA	NA	NA	NA	NA	NA	NA	NA	NA	NA	NA	NA	NA	NA	NA	NA	NA	NA	NA	NA	NA	NA	NA	NA	NA	NA	NA	NA	NA	NA	NA	NA	NA	NA	NA	NA	NA	NA	NA	NA	NA	NA	NA	NA	NA	NA	NA	NA	NA	NA	NA	NA	NA	NA	NA	NA	NA	NA	NA	NA	NA	NA	NA	NA	NA	NA	NA
cg24651708	NA	NA	NA	NA	NA	NA	NA	NA	NA	NA	NA	NA	NA	NA	NA	NA	NA	NA	NA	NA	NA	NA	NA	NA	NA	NA	NA	NA	NA	NA	NA	NA	NA	NA	NA	NA	NA	NA	NA	NA	NA	NA	NA	NA	NA	NA	NA	NA	NA	NA	NA	NA	NA	NA	NA	NA	NA	NA	NA	NA	NA	NA	NA	NA	NA	NA	NA	NA	NA	NA	NA	NA	NA	NA	NA	NA	NA	NA	NA	NA	NA	NA	NA	NA	NA	NA	NA	NA	NA	NA	NA	NA	NA	NA	NA	NA	NA	NA	NA
cg24651790	NA	NA	NA	NA	NA	NA	NA	NA	NA	NA	NA	NA	NA	NA	NA	NA	NA	NA	NA	NA	NA	NA	NA	NA	NA	NA	NA	NA	NA	NA	NA	NA	NA	NA	NA	NA	NA	NA	NA	NA	NA	NA	NA	NA	NA	NA	NA	NA	NA	NA	NA	NA	NA	NA	NA	NA	NA	NA	NA	NA	NA	NA	NA	NA	NA	NA	NA	NA	NA	NA	NA	NA	NA	NA	NA	NA	NA	NA	NA	NA	NA	NA	NA	NA	NA	NA	NA	NA	NA	NA	NA	NA	NA	NA	NA	NA	NA	NA	NA
cg24686187	NA	NA	NA	NA	NA	NA	NA	NA	NA	NA	NA	NA	NA	NA	NA	NA	NA	NA	NA	NA	NA	NA	NA	NA	NA	NA	NA	NA	NA	NA	NA	NA	NA	NA	NA	NA	NA	NA	NA	NA	NA	NA	NA	NA	NA	NA	NA	NA	NA	NA	NA	NA	NA	NA	NA	NA	NA	NA	NA	NA	NA	NA	NA	NA	NA	NA	NA	NA	NA	NA	NA	NA	NA	NA	NA	NA	NA	NA	NA	NA	NA	NA	NA	NA	NA	NA	NA	NA	NA	NA	NA	NA	NA	NA	NA	NA	NA	NA	NA
cg24702069	0.441078074083739	0.309976950405549	0.18270070639313	0.266258307710534	0.19727408355895	0.181958084070323	0.178469403647535	0.227485245445296	0.153002375226188	0.290947445748881	0.0674981506145317	0.329862196938169	0.566241683364742	0.0743834275739794	0.369923861163821	0.104526010991475	0.331374203089073	0.148941058851969	0.0743136191359039	0.0708706801675647	0.215345646063338	0.370678906443254	0.114729316287972	0.0843740064425169	0.152045753421676	0.541906842545373	0.119355621767793	0.25761393278683	0.0888304310377246	0.278575347480686	0.0608649818309654	0.184536600071613	0.0979952078232868	0.460038763761889	0.0886911570357306	0.0627081095160041	0.106727016617085	0.402248466079662	0.251146636642515	0.17422018474968	0.0680336378180074	0.0435987713477011	0.153628702254766	0.108770723692432	0.0747489094064061	0.143510116017617	0.135853212790673	0.101662974052393	0.0682224150558737	0.167181382218557	0.161052076061934	0.121560487769966	0.0810814089812771	0.313706750814213	0.114957469416825	0.0709947706347307	0.126795576900141	0.0609823218407158	0.0896563812209801	0.499847667380555	0.0919943649217327	0.54262015071149	0.22489631583725	0.0735424323325239	0.104986048828442	0.311446303242401	0.167194314439554	0.376734280770739	0.314748581316051	0.108600230203323	0.199688398896604	0.25490759876173	0.189152722424804	0.184007592135707	0.461774185378758	0.0610904721821024	0.113624476031396	0.0410824530411769	0.133385475987564	0.174310143186516	0.0808420515511934	0.0931527696584578	0.0967810022928312	0.0858728665056224	0.377396729417859	0.0885731384374495	0.0544965512008532	0.123664476670028	0.0552943924034848	0.101491970237033	0.0621659082314941	0.331782665494199	0.0906696042557617	0.0636786309051189	0.0981971365555538	0.311124601906865	0.0902369695280921	0.0826097957203629	0.4003041518986
cg24704082	NA	NA	NA	NA	NA	NA	NA	NA	NA	NA	NA	NA	NA	NA	NA	NA	NA	NA	NA	NA	NA	NA	NA	NA	NA	NA	NA	NA	NA	NA	NA	NA	NA	NA	NA	NA	NA	NA	NA	NA	NA	NA	NA	NA	NA	NA	NA	NA	NA	NA	NA	NA	NA	NA	NA	NA	NA	NA	NA	NA	NA	NA	NA	NA	NA	NA	NA	NA	NA	NA	NA	NA	NA	NA	NA	NA	NA	NA	NA	NA	NA	NA	NA	NA	NA	NA	NA	NA	NA	NA	NA	NA	NA	NA	NA	NA	NA	NA	NA
cg24707982	NA	NA	NA	NA	NA	NA	NA	NA	NA	NA	NA	NA	NA	NA	NA	NA	NA	NA	NA	NA	NA	NA	NA	NA	NA	NA	NA	NA	NA	NA	NA	NA	NA	NA	NA	NA	NA	NA	NA	NA	NA	NA	NA	NA	NA	NA	NA	NA	NA	NA	NA	NA	NA	NA	NA	NA	NA	NA	NA	NA	NA	NA	NA	NA	NA	NA	NA	NA	NA	NA	NA	NA	NA	NA	NA	NA	NA	NA	NA	NA	NA	NA	NA	NA	NA	NA	NA	NA	NA	NA	NA	NA	NA	NA	NA	NA	NA	NA	NA
cg24732062	NA	NA	NA	NA	NA	NA	NA	NA	NA	NA	NA	NA	NA	NA	NA	NA	NA	NA	NA	NA	NA	NA	NA	NA	NA	NA	NA	NA	NA	NA	NA	NA	NA	NA	NA	NA	NA	NA	NA	NA	NA	NA	NA	NA	NA	NA	NA	NA	NA	NA	NA	NA	NA	NA	NA	NA	NA	NA	NA	NA	NA	NA	NA	NA	NA	NA	NA	NA	NA	NA	NA	NA	NA	NA	NA	NA	NA	NA	NA	NA	NA	NA	NA	NA	NA	NA	NA	NA	NA	NA	NA	NA	NA	NA	NA	NA	NA	NA	NA
cg24808545	NA	NA	NA	NA	NA	NA	NA	NA	NA	NA	NA	NA	NA	NA	NA	NA	NA	NA	NA	NA	NA	NA	NA	NA	NA	NA	NA	NA	NA	NA	NA	NA	NA	NA	NA	NA	NA	NA	NA	NA	NA	NA	NA	NA	NA	NA	NA	NA	NA	NA	NA	NA	NA	NA	NA	NA	NA	NA	NA	NA	NA	NA	NA	NA	NA	NA	NA	NA	NA	NA	NA	NA	NA	NA	NA	NA	NA	NA	NA	NA	NA	NA	NA	NA	NA	NA	NA	NA	NA	NA	NA	NA	NA	NA	NA	NA	NA	NA	NA
cg24871371	NA	NA	NA	NA	NA	NA	NA	NA	NA	NA	NA	NA	NA	NA	NA	NA	NA	NA	NA	NA	NA	NA	NA	NA	NA	NA	NA	NA	NA	NA	NA	NA	NA	NA	NA	NA	NA	NA	NA	NA	NA	NA	NA	NA	NA	NA	NA	NA	NA	NA	NA	NA	NA	NA	NA	NA	NA	NA	NA	NA	NA	NA	NA	NA	NA	NA	NA	NA	NA	NA	NA	NA	NA	NA	NA	NA	NA	NA	NA	NA	NA	NA	NA	NA	NA	NA	NA	NA	NA	NA	NA	NA	NA	NA	NA	NA	NA	NA	NA
cg24874998	0.484154978380717	0.492077374354682	0.258609348054925	0.46423079538451	0.291278389786409	0.354844187025486	0.396453480532374	0.14550295356631	0.253096857762912	0.155835955317094	0.290584414290251	0.29478938996148	0.400343577038052	0.198938726577983	0.452667858223193	0.171920914159502	0.357737225804877	0.261585898671668	0.172847029839693	0.265922328610458	0.405772471009949	0.384646857316207	0.178113064764443	0.345442312966144	0.241379744081103	0.422413038173711	0.251953705013656	0.201307159847446	0.294726775870161	0.191023647391436	0.253193808931628	0.419176787280573	0.150040318901436	0.242156305612195	0.331160385945506	0.101324017664284	0.213790609292809	0.216982085674798	0.326469917334711	0.300011196570027	0.268646441635522	0.224128572464084	0.420273810640198	0.15729484141885	0.199231874965508	0.322795086523269	0.231254989877563	0.435440307229303	0.221321782712559	0.298525279633525	0.259346406384232	0.432025476411346	0.117505474182752	0.540274852961535	0.35988233194237	0.331349144560341	0.146359692667941	0.254956237938091	0.218245140919176	0.424185020620981	0.359210825590962	0.128447658090384	0.290666358984535	0.222419658601801	0.575250219090555	0.373290383801858	0.257161790130466	0.358789420663542	0.190872423890874	0.292740085849498	0.217435736914511	0.398316033953431	0.33956896513243	0.236723852908232	0.458967725377384	0.235249601288047	0.321801640468999	0.15257141347859	0.236949950649761	0.433157593717542	0.170100977341923	0.257245925287924	0.160816972575315	0.272891051843369	0.313251553435218	0.197674125827009	0.391151778352009	0.217222905477832	0.18860018046771	0.460457732350495	0.320573701061905	0.411534150317516	0.337818648601197	0.116533700727273	0.267033849775382	0.228610735663507	0.373393889844342	0.337795903521102	0.37043822881583
cg24902362	NA	NA	NA	NA	NA	NA	NA	NA	NA	NA	NA	NA	NA	NA	NA	NA	NA	NA	NA	NA	NA	NA	NA	NA	NA	NA	NA	NA	NA	NA	NA	NA	NA	NA	NA	NA	NA	NA	NA	NA	NA	NA	NA	NA	NA	NA	NA	NA	NA	NA	NA	NA	NA	NA	NA	NA	NA	NA	NA	NA	NA	NA	NA	NA	NA	NA	NA	NA	NA	NA	NA	NA	NA	NA	NA	NA	NA	NA	NA	NA	NA	NA	NA	NA	NA	NA	NA	NA	NA	NA	NA	NA	NA	NA	NA	NA	NA	NA	NA
cg24940155	0.430652554480791	0.474273077847111	0.182880286956442	0.335818226091547	0.415759057055085	0.32698224216334	0.424201342831291	0.424519070937918	0.20014001465949	0.259411952454007	0.250562316951869	0.522082622208263	0.669363080073883	0.156212484494109	0.460090457354259	0.139338644313531	0.29899986201811	0.257235444813173	0.203632435466998	0.280309681602803	0.373556959918032	0.370745110706368	0.118136447952102	0.218511988148661	0.186194714920515	0.410156481537369	0.208167606305403	0.512814577944249	0.343623708648014	0.314843016914944	0.214522197611874	0.393056234098616	0.281287391163962	0.21935079089918	0.188873942566324	0.100719147393642	0.164115894436761	0.206040290687203	0.403255783057862	0.301350806670053	0.241011344826918	0.437720586768059	0.349240945974698	0.440477449001648	0.241470546298076	0.280431115808544	0.227690577827931	0.251727077638473	0.193822859636501	0.361675593806531	0.375608591997049	0.449579534486233	0.284105348043067	0.241683237558875	0.232773464044695	0.247916388265287	0.226307153448121	0.238480466194185	0.273463870442352	0.522347343242798	0.201749338377174	0.115909672806088	0.376873831511043	0.307794232897242	0.264176293072493	0.283677742982864	0.211714819572751	0.498640617684511	0.200111987893467	0.411900838900536	0.325111927519113	0.351355406385236	0.323586194104641	0.262127841829548	0.705758499883339	0.58009428037608	0.243686635926066	0.188903671106138	0.200460176326593	0.18954430601136	0.198617776390397	0.244188170760047	0.151493044962114	0.312683171677725	0.30375310528339	0.257686475185048	0.338385268852646	0.246336087506587	0.203405173403554	0.376379192957316	0.166349051210853	0.364445396408865	0.197343054324123	0.104725906071024	0.339717862327823	0.282185111843318	0.234534069029157	0.302824621495887	0.402954807277148
cg24967487	0.353375870990184	0.421478557138529	0.202437856648075	0.46212966286706	0.381393631108451	0.240901617257478	0.372875744990399	0.113846346684415	0.221019135981342	0.314770778198525	0.196759481858432	0.17730430643531	0.330664731503807	0.146575231219697	0.480215576982137	0.374437170675349	0.210937024810899	0.22291745023435	0.159915629946297	0.234532573229279	0.324453888003345	0.302841679414674	0.150544447211544	0.288990692117001	0.179247702496504	0.354985057316186	0.2280911403008	0.159781280988125	0.184531752243956	0.133338146619711	0.127514187302706	0.297416761581983	0.10847976013638	0.154139043667132	0.116162113355699	0.107277442271197	0.149107735308601	0.431440778509218	0.565717047169622	0.339093481039753	0.277573614425225	0.461759251575104	0.268541347421293	0.520856493909853	0.257202834313028	0.268460010710369	0.157675226747542	0.180168564807802	0.168492410049618	0.535079478860738	0.184785278056679	0.311122013780839	0.139522805623129	0.471230869025713	0.289114104325767	0.300957432152825	0.21490549837343	0.244286454760036	0.323036068574757	0.301786707119279	0.202615151094398	0.124281664709018	0.230029165647017	0.437005900915557	0.155671769317577	0.570925652485695	0.204003463915614	0.347327783185435	0.285843158388484	0.303527182328742	0.178445178867891	0.373090513536542	0.284976400971004	0.224978794271873	0.691548880978973	0.472416624553351	0.176031124474142	0.117898374349603	0.228222869212972	0.340380383063084	0.160573602231568	0.19391020889953	0.141523500856277	0.340387814923958	0.422361413581781	0.137084727318656	0.759843295146014	0.339259792442642	0.224562322245817	0.237544284282969	0.345356531510136	0.285831125550872	0.202552914074701	0.140546905686035	0.317512495632879	0.136007316941223	0.637417236355115	0.310927735712023	0.295529305975305
cg25036886	NA	NA	NA	NA	NA	NA	NA	NA	NA	NA	NA	NA	NA	NA	NA	NA	NA	NA	NA	NA	NA	NA	NA	NA	NA	NA	NA	NA	NA	NA	NA	NA	NA	NA	NA	NA	NA	NA	NA	NA	NA	NA	NA	NA	NA	NA	NA	NA	NA	NA	NA	NA	NA	NA	NA	NA	NA	NA	NA	NA	NA	NA	NA	NA	NA	NA	NA	NA	NA	NA	NA	NA	NA	NA	NA	NA	NA	NA	NA	NA	NA	NA	NA	NA	NA	NA	NA	NA	NA	NA	NA	NA	NA	NA	NA	NA	NA	NA	NA
cg25039837	NA	NA	NA	NA	NA	NA	NA	NA	NA	NA	NA	NA	NA	NA	NA	NA	NA	NA	NA	NA	NA	NA	NA	NA	NA	NA	NA	NA	NA	NA	NA	NA	NA	NA	NA	NA	NA	NA	NA	NA	NA	NA	NA	NA	NA	NA	NA	NA	NA	NA	NA	NA	NA	NA	NA	NA	NA	NA	NA	NA	NA	NA	NA	NA	NA	NA	NA	NA	NA	NA	NA	NA	NA	NA	NA	NA	NA	NA	NA	NA	NA	NA	NA	NA	NA	NA	NA	NA	NA	NA	NA	NA	NA	NA	NA	NA	NA	NA	NA
cg25045882	NA	NA	NA	NA	NA	NA	NA	NA	NA	NA	NA	NA	NA	NA	NA	NA	NA	NA	NA	NA	NA	NA	NA	NA	NA	NA	NA	NA	NA	NA	NA	NA	NA	NA	NA	NA	NA	NA	NA	NA	NA	NA	NA	NA	NA	NA	NA	NA	NA	NA	NA	NA	NA	NA	NA	NA	NA	NA	NA	NA	NA	NA	NA	NA	NA	NA	NA	NA	NA	NA	NA	NA	NA	NA	NA	NA	NA	NA	NA	NA	NA	NA	NA	NA	NA	NA	NA	NA	NA	NA	NA	NA	NA	NA	NA	NA	NA	NA	NA
cg25047058	NA	NA	NA	NA	NA	NA	NA	NA	NA	NA	NA	NA	NA	NA	NA	NA	NA	NA	NA	NA	NA	NA	NA	NA	NA	NA	NA	NA	NA	NA	NA	NA	NA	NA	NA	NA	NA	NA	NA	NA	NA	NA	NA	NA	NA	NA	NA	NA	NA	NA	NA	NA	NA	NA	NA	NA	NA	NA	NA	NA	NA	NA	NA	NA	NA	NA	NA	NA	NA	NA	NA	NA	NA	NA	NA	NA	NA	NA	NA	NA	NA	NA	NA	NA	NA	NA	NA	NA	NA	NA	NA	NA	NA	NA	NA	NA	NA	NA	NA
cg25083596	NA	NA	NA	NA	NA	NA	NA	NA	NA	NA	NA	NA	NA	NA	NA	NA	NA	NA	NA	NA	NA	NA	NA	NA	NA	NA	NA	NA	NA	NA	NA	NA	NA	NA	NA	NA	NA	NA	NA	NA	NA	NA	NA	NA	NA	NA	NA	NA	NA	NA	NA	NA	NA	NA	NA	NA	NA	NA	NA	NA	NA	NA	NA	NA	NA	NA	NA	NA	NA	NA	NA	NA	NA	NA	NA	NA	NA	NA	NA	NA	NA	NA	NA	NA	NA	NA	NA	NA	NA	NA	NA	NA	NA	NA	NA	NA	NA	NA	NA
cg25192591	NA	NA	NA	NA	NA	NA	NA	NA	NA	NA	NA	NA	NA	NA	NA	NA	NA	NA	NA	NA	NA	NA	NA	NA	NA	NA	NA	NA	NA	NA	NA	NA	NA	NA	NA	NA	NA	NA	NA	NA	NA	NA	NA	NA	NA	NA	NA	NA	NA	NA	NA	NA	NA	NA	NA	NA	NA	NA	NA	NA	NA	NA	NA	NA	NA	NA	NA	NA	NA	NA	NA	NA	NA	NA	NA	NA	NA	NA	NA	NA	NA	NA	NA	NA	NA	NA	NA	NA	NA	NA	NA	NA	NA	NA	NA	NA	NA	NA	NA
cg25208892	0.89310704510702	0.904204972435129	0.900221370623933	0.883357988313811	0.917434364812686	0.868129740007743	0.941002592546475	0.850284363811275	0.871526257172509	0.93243950157202	0.90547129198702	0.886735900594027	0.889822686713097	0.890289177051339	0.874933685867883	0.949841901692338	0.95723560040622	0.88680552546545	0.90411437318508	0.918137377191829	0.87782674111274	0.859163510038049	0.912702544965804	0.919771066515995	0.821499161899008	0.903884749336267	0.869897260211735	0.899891237280268	0.928381474725084	0.9009754133528	0.905830598836965	0.721432921796668	0.877039263950783	0.90570211690656	0.933501523117909	0.913664412408845	0.905202668197887	0.739545469365376	0.874009747080805	0.899743881849782	0.912279197787705	0.880960940525275	0.914623590388209	0.870169090440617	0.88179705647507	0.91920884825501	0.901521952513685	0.927448997261455	0.877220200583131	0.880369531037985	0.851815239299303	0.860897355870733	0.899214956931101	0.871760889088205	0.883991879623141	0.866911660692626	0.902120212226984	0.891890151419322	0.899960916129721	0.924589691198736	0.888002316860966	0.85980541816499	0.901913676700325	0.902661441094643	0.92873229352019	0.930725830498894	0.871176375617572	0.887558278189289	0.882066081837901	0.867331435296136	0.872601864354475	0.866566026596982	0.893730610408574	0.852435926222977	0.907147068560101	0.86388502361211	0.905279935488346	0.848251326094699	0.862151374763336	0.927997513128675	0.890347660761388	0.923030642901707	0.750037251881884	0.912400491206031	0.86367552219071	0.767673570494588	0.944417215401629	0.908752928352191	0.906557382832189	0.916934412795946	0.929897344365965	0.864348759347274	0.892859385788219	0.754107744837963	0.861985273296821	0.880696738617079	0.917173536425447	0.896011356702502	0.918006089798126
cg25209294	NA	NA	NA	NA	NA	NA	NA	NA	NA	NA	NA	NA	NA	NA	NA	NA	NA	NA	NA	NA	NA	NA	NA	NA	NA	NA	NA	NA	NA	NA	NA	NA	NA	NA	NA	NA	NA	NA	NA	NA	NA	NA	NA	NA	NA	NA	NA	NA	NA	NA	NA	NA	NA	NA	NA	NA	NA	NA	NA	NA	NA	NA	NA	NA	NA	NA	NA	NA	NA	NA	NA	NA	NA	NA	NA	NA	NA	NA	NA	NA	NA	NA	NA	NA	NA	NA	NA	NA	NA	NA	NA	NA	NA	NA	NA	NA	NA	NA	NA
cg25217895	NA	NA	NA	NA	NA	NA	NA	NA	NA	NA	NA	NA	NA	NA	NA	NA	NA	NA	NA	NA	NA	NA	NA	NA	NA	NA	NA	NA	NA	NA	NA	NA	NA	NA	NA	NA	NA	NA	NA	NA	NA	NA	NA	NA	NA	NA	NA	NA	NA	NA	NA	NA	NA	NA	NA	NA	NA	NA	NA	NA	NA	NA	NA	NA	NA	NA	NA	NA	NA	NA	NA	NA	NA	NA	NA	NA	NA	NA	NA	NA	NA	NA	NA	NA	NA	NA	NA	NA	NA	NA	NA	NA	NA	NA	NA	NA	NA	NA	NA
cg25245569	0.867958849353302	0.976698612277487	0.946037457664339	0.919356063131555	0.950303134131343	0.833906243014957	0.945588224632328	0.90013305054398	0.862455132900882	0.975934826832777	0.860272319827293	0.955640475591955	0.970128010431136	0.934166271926206	0.937307302523531	0.943590428163602	0.977188592686283	0.936389974715871	0.957415672937409	0.904028952985141	0.904021882346943	0.919797335101932	0.779258484506947	0.944249423338813	0.824911361620632	0.937152841491013	0.945317764364709	0.937097650127054	0.974256319855415	0.842062794024022	0.966858255383163	0.818282371448743	0.820328971951353	0.92698602289762	0.956251542805251	0.978845583581597	0.96283277609235	0.959103788663093	0.947730872905406	0.944780724541589	0.966799083725581	0.949632487321	0.947007225303061	0.973087612990648	0.963208066970342	0.911283668150246	0.968866126222442	0.890383387264467	0.963976579466552	0.950584019400597	0.927335671201866	0.946144820177821	0.968462023835334	0.934916563051271	0.940684240174446	0.90079950828451	0.961514465258051	0.941607647828873	0.942191279654897	0.959938965236385	0.901311784531013	0.91389649930466	0.95573154359111	0.968621731501163	0.963585186465501	0.93205930020869	0.966242403300807	0.956402697354221	0.922541861785832	0.944410178995036	0.944771429798504	0.972934677577488	0.953598080630154	0.926828623305451	0.971025538290705	0.93590083592401	0.962116410031898	0.962669462302247	0.935521951884153	0.881419278068249	0.903318008759562	0.97504854048081	0.747765184912635	0.932019018553276	0.937989848833729	0.898081537540642	0.948429540500579	0.936989184753927	0.964167600443867	0.956983310217008	0.950566059208269	0.938594690447185	0.965529378293885	0.951044696875054	0.717743659448024	0.953743332670949	0.924396663031254	0.949550159656721	0.948841415663311
cg25265769	NA	NA	NA	NA	NA	NA	NA	NA	NA	NA	NA	NA	NA	NA	NA	NA	NA	NA	NA	NA	NA	NA	NA	NA	NA	NA	NA	NA	NA	NA	NA	NA	NA	NA	NA	NA	NA	NA	NA	NA	NA	NA	NA	NA	NA	NA	NA	NA	NA	NA	NA	NA	NA	NA	NA	NA	NA	NA	NA	NA	NA	NA	NA	NA	NA	NA	NA	NA	NA	NA	NA	NA	NA	NA	NA	NA	NA	NA	NA	NA	NA	NA	NA	NA	NA	NA	NA	NA	NA	NA	NA	NA	NA	NA	NA	NA	NA	NA	NA
cg25348323	0.485767972363918	0.557593751124825	0.482816605927604	0.453433124643623	0.485841900321376	0.322442526964036	0.467012278324325	0.230702094652977	0.287234845196167	0.535714371001947	0.289532206235275	0.684305852081398	0.620338314414957	0.315901285671291	0.507948023719127	0.347794068414697	0.539059446909182	0.3262160819751	0.223190356667997	0.378822572712712	0.390385267731189	0.500083277373304	0.244288939739325	0.349844670886088	0.248130411807533	0.27587115938623	0.267578509611486	0.28950098281887	0.394796249750518	0.205650590362663	0.273526203762081	0.437074829518495	0.292543015632662	0.391407477159092	0.33248419424121	0.220766665291644	0.541293747349471	0.429309969334924	0.419078813452684	0.409810510698951	0.320702306717188	0.387690152570764	0.358379428102666	0.470304906416008	0.280143101046768	0.419305300307236	0.237003442065344	0.375800552094549	0.235242023323428	0.542891756759323	0.320318057391511	0.406233075969252	0.165815310488678	0.491260353039069	0.395088692011523	0.353578302707528	0.284789460555167	0.377953460367989	0.52204394834395	0.393669182093615	0.386401004109459	0.18957375480875	0.499052865137572	0.334943665766613	0.484742251730937	0.490023275072725	0.322148012978835	0.392699614863889	0.334783764046128	0.367705854576981	0.321809599776527	0.331651686937301	0.364286677321942	0.316088495997128	0.440071497129944	0.444597017656596	0.283056377383694	0.456494944795284	0.297683482477726	0.404322727946387	0.320379264557357	0.487988255085653	0.204129021360939	0.320398070634403	0.33482671577949	0.397120435274234	0.677003026653989	0.319663999267883	0.2531507086431	0.396583925834612	0.429108250338325	0.4342761616403	0.386741456059573	0.169550219037843	0.332592131402497	0.393572084147372	0.409275791216586	0.354143661596376	0.52704667677315
cg25426892	NA	NA	NA	NA	NA	NA	NA	NA	NA	NA	NA	NA	NA	NA	NA	NA	NA	NA	NA	NA	NA	NA	NA	NA	NA	NA	NA	NA	NA	NA	NA	NA	NA	NA	NA	NA	NA	NA	NA	NA	NA	NA	NA	NA	NA	NA	NA	NA	NA	NA	NA	NA	NA	NA	NA	NA	NA	NA	NA	NA	NA	NA	NA	NA	NA	NA	NA	NA	NA	NA	NA	NA	NA	NA	NA	NA	NA	NA	NA	NA	NA	NA	NA	NA	NA	NA	NA	NA	NA	NA	NA	NA	NA	NA	NA	NA	NA	NA	NA
cg25456633	NA	NA	NA	NA	NA	NA	NA	NA	NA	NA	NA	NA	NA	NA	NA	NA	NA	NA	NA	NA	NA	NA	NA	NA	NA	NA	NA	NA	NA	NA	NA	NA	NA	NA	NA	NA	NA	NA	NA	NA	NA	NA	NA	NA	NA	NA	NA	NA	NA	NA	NA	NA	NA	NA	NA	NA	NA	NA	NA	NA	NA	NA	NA	NA	NA	NA	NA	NA	NA	NA	NA	NA	NA	NA	NA	NA	NA	NA	NA	NA	NA	NA	NA	NA	NA	NA	NA	NA	NA	NA	NA	NA	NA	NA	NA	NA	NA	NA	NA
cg25504143	NA	NA	NA	NA	NA	NA	NA	NA	NA	NA	NA	NA	NA	NA	NA	NA	NA	NA	NA	NA	NA	NA	NA	NA	NA	NA	NA	NA	NA	NA	NA	NA	NA	NA	NA	NA	NA	NA	NA	NA	NA	NA	NA	NA	NA	NA	NA	NA	NA	NA	NA	NA	NA	NA	NA	NA	NA	NA	NA	NA	NA	NA	NA	NA	NA	NA	NA	NA	NA	NA	NA	NA	NA	NA	NA	NA	NA	NA	NA	NA	NA	NA	NA	NA	NA	NA	NA	NA	NA	NA	NA	NA	NA	NA	NA	NA	NA	NA	NA
cg25540004	NA	NA	NA	NA	NA	NA	NA	NA	NA	NA	NA	NA	NA	NA	NA	NA	NA	NA	NA	NA	NA	NA	NA	NA	NA	NA	NA	NA	NA	NA	NA	NA	NA	NA	NA	NA	NA	NA	NA	NA	NA	NA	NA	NA	NA	NA	NA	NA	NA	NA	NA	NA	NA	NA	NA	NA	NA	NA	NA	NA	NA	NA	NA	NA	NA	NA	NA	NA	NA	NA	NA	NA	NA	NA	NA	NA	NA	NA	NA	NA	NA	NA	NA	NA	NA	NA	NA	NA	NA	NA	NA	NA	NA	NA	NA	NA	NA	NA	NA
cg25543190	NA	NA	NA	NA	NA	NA	NA	NA	NA	NA	NA	NA	NA	NA	NA	NA	NA	NA	NA	NA	NA	NA	NA	NA	NA	NA	NA	NA	NA	NA	NA	NA	NA	NA	NA	NA	NA	NA	NA	NA	NA	NA	NA	NA	NA	NA	NA	NA	NA	NA	NA	NA	NA	NA	NA	NA	NA	NA	NA	NA	NA	NA	NA	NA	NA	NA	NA	NA	NA	NA	NA	NA	NA	NA	NA	NA	NA	NA	NA	NA	NA	NA	NA	NA	NA	NA	NA	NA	NA	NA	NA	NA	NA	NA	NA	NA	NA	NA	NA
cg25550564	NA	NA	NA	NA	NA	NA	NA	NA	NA	NA	NA	NA	NA	NA	NA	NA	NA	NA	NA	NA	NA	NA	NA	NA	NA	NA	NA	NA	NA	NA	NA	NA	NA	NA	NA	NA	NA	NA	NA	NA	NA	NA	NA	NA	NA	NA	NA	NA	NA	NA	NA	NA	NA	NA	NA	NA	NA	NA	NA	NA	NA	NA	NA	NA	NA	NA	NA	NA	NA	NA	NA	NA	NA	NA	NA	NA	NA	NA	NA	NA	NA	NA	NA	NA	NA	NA	NA	NA	NA	NA	NA	NA	NA	NA	NA	NA	NA	NA	NA
cg25590811	0.434104673389381	0.421612898678449	0.367521666725329	0.459683160485142	0.906820277339447	0.382363701651886	0.555810068988452	0.240797246186632	0.461009452532728	0.286019469684398	0.453871527840467	0.610937837000445	0.645881693830184	0.15273098241557	0.575005087236477	0.228749781631726	0.383075998181598	0.503287977539515	0.274770410402918	0.498447664486963	0.500202247422944	0.70230050377188	0.180949648523429	0.768551555264779	0.294275467293222	0.361628963214052	0.426216359300356	0.272322161916886	0.397735652429147	0.430787307662552	0.416687010098921	0.419768547822615	0.378253692822545	0.31365649246197	0.24136079204306	0.243023429097444	0.498624156523185	0.351580675052215	0.534196679998286	0.382779642253874	0.295293985114493	0.217576839239889	0.626992340538631	0.275100901070109	0.396196516482867	0.469081245842274	0.498554827521066	0.445101233300342	0.295481427534129	0.615666347953917	0.336108072223731	0.48503217392122	0.740872270520311	0.623077051777503	0.485202125315575	0.255757930917482	0.286743059534795	0.233933037141523	0.552797250604922	0.83464071704847	0.4119321464379	0.137278324751533	0.299372535035714	0.59765888580888	0.307783995398739	0.495119326767105	0.337369480287602	0.400859873841603	0.473556070767882	0.309841450927283	0.277054022775235	0.595113320163447	0.306036487611829	0.263599584903016	0.943569203745716	0.343693344604268	0.511254150098683	0.427113354046864	0.241881401098282	0.471546874149286	0.289951193682577	0.494667147700319	0.383509901371024	0.451808276858064	0.365614815233737	0.289271831149632	0.667903330107001	0.79461590052627	0.306468760501487	0.45787764627288	0.379492468407469	0.437290820906652	0.257777910718957	0.561867190391967	0.5661127242168	0.318784780947858	0.396270811739127	0.47028718104938	0.794492120573259
cg25598062	NA	NA	NA	NA	NA	NA	NA	NA	NA	NA	NA	NA	NA	NA	NA	NA	NA	NA	NA	NA	NA	NA	NA	NA	NA	NA	NA	NA	NA	NA	NA	NA	NA	NA	NA	NA	NA	NA	NA	NA	NA	NA	NA	NA	NA	NA	NA	NA	NA	NA	NA	NA	NA	NA	NA	NA	NA	NA	NA	NA	NA	NA	NA	NA	NA	NA	NA	NA	NA	NA	NA	NA	NA	NA	NA	NA	NA	NA	NA	NA	NA	NA	NA	NA	NA	NA	NA	NA	NA	NA	NA	NA	NA	NA	NA	NA	NA	NA	NA
cg25605360	NA	NA	NA	NA	NA	NA	NA	NA	NA	NA	NA	NA	NA	NA	NA	NA	NA	NA	NA	NA	NA	NA	NA	NA	NA	NA	NA	NA	NA	NA	NA	NA	NA	NA	NA	NA	NA	NA	NA	NA	NA	NA	NA	NA	NA	NA	NA	NA	NA	NA	NA	NA	NA	NA	NA	NA	NA	NA	NA	NA	NA	NA	NA	NA	NA	NA	NA	NA	NA	NA	NA	NA	NA	NA	NA	NA	NA	NA	NA	NA	NA	NA	NA	NA	NA	NA	NA	NA	NA	NA	NA	NA	NA	NA	NA	NA	NA	NA	NA
cg25609183	0.704959177319005	0.885650721536736	0.378406228291858	0.785072100486685	0.781414084288424	0.563949858183543	0.91124244919421	0.495400029002456	0.61989081291378	0.648810071495393	0.546455162825653	0.945221075747365	0.844917197866216	0.455131175407405	0.913972186850353	0.437606296628574	0.939389473861882	0.726023840545795	0.46531731810372	0.841892118541664	0.519385447759096	0.697054947786561	0.542518446451872	0.75859574809657	0.386042104866602	0.746298928352172	0.629566388026573	0.517827452661791	0.680028238675774	0.514876427439386	0.263499857339456	0.705544830157161	0.920687230021941	0.750389628509736	0.82930700085912	0.312233526655487	0.596979132714837	0.546316384679565	0.910575129229011	0.515283946240564	0.851858737034305	0.38983131970629	0.606437605886258	0.25090025855268	0.618516492429171	0.537267898796658	0.53626423692905	0.888457509888643	0.541777153243044	0.586527312077481	0.563873258082856	0.677602811298239	0.919357973559604	0.798794403114168	0.657691071686715	0.471666759552036	0.532023267322451	0.74361081608497	0.6068863041284	0.966273126224059	0.920286516401761	0.577641043881066	0.637235700336208	0.689870477435448	0.93423634020579	0.7751486648899	0.576183077610848	0.953056993670787	0.937688176649358	0.585327556399608	0.616113250408517	0.752557420539124	0.648844994036712	0.640731640330199	0.964629849063462	0.700703882258149	0.476402899037481	0.723975937812156	0.617200730817259	0.491645281448558	0.524609117325438	0.575902552143283	0.250712024417334	0.587203672479601	0.438191518381489	0.312855490034696	0.936937795992772	0.723365705788811	0.471893751760083	0.864731099559933	0.876272207472946	0.827324807854535	0.765531986658588	0.148620481499163	0.712455062322459	0.777777018739082	0.489641324537434	0.948365633016391	0.696461333201282
cg25616771	NA	NA	NA	NA	NA	NA	NA	NA	NA	NA	NA	NA	NA	NA	NA	NA	NA	NA	NA	NA	NA	NA	NA	NA	NA	NA	NA	NA	NA	NA	NA	NA	NA	NA	NA	NA	NA	NA	NA	NA	NA	NA	NA	NA	NA	NA	NA	NA	NA	NA	NA	NA	NA	NA	NA	NA	NA	NA	NA	NA	NA	NA	NA	NA	NA	NA	NA	NA	NA	NA	NA	NA	NA	NA	NA	NA	NA	NA	NA	NA	NA	NA	NA	NA	NA	NA	NA	NA	NA	NA	NA	NA	NA	NA	NA	NA	NA	NA	NA
cg25626264	NA	NA	NA	NA	NA	NA	NA	NA	NA	NA	NA	NA	NA	NA	NA	NA	NA	NA	NA	NA	NA	NA	NA	NA	NA	NA	NA	NA	NA	NA	NA	NA	NA	NA	NA	NA	NA	NA	NA	NA	NA	NA	NA	NA	NA	NA	NA	NA	NA	NA	NA	NA	NA	NA	NA	NA	NA	NA	NA	NA	NA	NA	NA	NA	NA	NA	NA	NA	NA	NA	NA	NA	NA	NA	NA	NA	NA	NA	NA	NA	NA	NA	NA	NA	NA	NA	NA	NA	NA	NA	NA	NA	NA	NA	NA	NA	NA	NA	NA
cg25631436	NA	NA	NA	NA	NA	NA	NA	NA	NA	NA	NA	NA	NA	NA	NA	NA	NA	NA	NA	NA	NA	NA	NA	NA	NA	NA	NA	NA	NA	NA	NA	NA	NA	NA	NA	NA	NA	NA	NA	NA	NA	NA	NA	NA	NA	NA	NA	NA	NA	NA	NA	NA	NA	NA	NA	NA	NA	NA	NA	NA	NA	NA	NA	NA	NA	NA	NA	NA	NA	NA	NA	NA	NA	NA	NA	NA	NA	NA	NA	NA	NA	NA	NA	NA	NA	NA	NA	NA	NA	NA	NA	NA	NA	NA	NA	NA	NA	NA	NA
cg25645338	0.935897152819321	0.92989354146266	0.924663321533679	0.931353049807491	0.93865118386575	0.868959433254579	0.893713120212492	0.863147061242912	0.931049363873444	0.912955879147662	0.94043316818004	0.916423984956729	0.936536248953072	0.932403651778289	0.90264862044749	0.912256025991583	0.922116378155779	0.934195762807055	0.932575928230426	0.922658447316502	0.922984131559564	0.928446204886853	0.914141850991744	0.882675617016376	0.874399945675214	0.938651597970674	0.924467842270313	0.916057097968531	0.918016941637047	0.936535962016999	0.909455091606824	0.929453737270427	0.929871317972633	0.937479017069773	0.918659667774842	0.911949530493391	0.914515697569114	0.910599873008139	0.936814265102103	0.914518522951719	0.916926945445703	0.929828310583354	0.906714008004907	0.951850713233156	0.901474084126406	0.916041042385187	0.922612722964803	0.83999856635242	0.953705328189594	0.924550258175827	0.934509879421973	0.935498169611638	0.888910708388828	0.947344447795945	0.941562629532159	0.903087179244311	0.890934609656102	0.939486992728567	0.90881756560172	0.918680594423212	0.904191975157483	0.920274539651418	0.917194726117662	0.902802425112546	0.89277657581833	0.927206075632751	0.91963710503907	0.917418966702566	0.875665322606481	0.905971672787791	0.914801621681386	0.918418689774722	0.955095870925402	0.917869774525699	0.939790058103256	0.923277591400703	0.745342672852338	0.914624199269678	0.950779636330585	0.90832490857515	0.938972501335641	0.913629103622741	0.660596520421495	0.920321838316818	0.91250298957139	0.922427697275654	0.908842833776581	0.938897924832809	0.922365524106144	0.906018837974294	0.922610094960343	0.928134052572554	0.916978349140468	0.896065209139256	0.936176703629153	0.930174125809616	0.942588280110108	0.932997768322786	0.942347310688944
cg25658612	NA	NA	NA	NA	NA	NA	NA	NA	NA	NA	NA	NA	NA	NA	NA	NA	NA	NA	NA	NA	NA	NA	NA	NA	NA	NA	NA	NA	NA	NA	NA	NA	NA	NA	NA	NA	NA	NA	NA	NA	NA	NA	NA	NA	NA	NA	NA	NA	NA	NA	NA	NA	NA	NA	NA	NA	NA	NA	NA	NA	NA	NA	NA	NA	NA	NA	NA	NA	NA	NA	NA	NA	NA	NA	NA	NA	NA	NA	NA	NA	NA	NA	NA	NA	NA	NA	NA	NA	NA	NA	NA	NA	NA	NA	NA	NA	NA	NA	NA
cg25673945	NA	NA	NA	NA	NA	NA	NA	NA	NA	NA	NA	NA	NA	NA	NA	NA	NA	NA	NA	NA	NA	NA	NA	NA	NA	NA	NA	NA	NA	NA	NA	NA	NA	NA	NA	NA	NA	NA	NA	NA	NA	NA	NA	NA	NA	NA	NA	NA	NA	NA	NA	NA	NA	NA	NA	NA	NA	NA	NA	NA	NA	NA	NA	NA	NA	NA	NA	NA	NA	NA	NA	NA	NA	NA	NA	NA	NA	NA	NA	NA	NA	NA	NA	NA	NA	NA	NA	NA	NA	NA	NA	NA	NA	NA	NA	NA	NA	NA	NA
cg25728543	NA	NA	NA	NA	NA	NA	NA	NA	NA	NA	NA	NA	NA	NA	NA	NA	NA	NA	NA	NA	NA	NA	NA	NA	NA	NA	NA	NA	NA	NA	NA	NA	NA	NA	NA	NA	NA	NA	NA	NA	NA	NA	NA	NA	NA	NA	NA	NA	NA	NA	NA	NA	NA	NA	NA	NA	NA	NA	NA	NA	NA	NA	NA	NA	NA	NA	NA	NA	NA	NA	NA	NA	NA	NA	NA	NA	NA	NA	NA	NA	NA	NA	NA	NA	NA	NA	NA	NA	NA	NA	NA	NA	NA	NA	NA	NA	NA	NA	NA
cg25745201	NA	NA	NA	NA	NA	NA	NA	NA	NA	NA	NA	NA	NA	NA	NA	NA	NA	NA	NA	NA	NA	NA	NA	NA	NA	NA	NA	NA	NA	NA	NA	NA	NA	NA	NA	NA	NA	NA	NA	NA	NA	NA	NA	NA	NA	NA	NA	NA	NA	NA	NA	NA	NA	NA	NA	NA	NA	NA	NA	NA	NA	NA	NA	NA	NA	NA	NA	NA	NA	NA	NA	NA	NA	NA	NA	NA	NA	NA	NA	NA	NA	NA	NA	NA	NA	NA	NA	NA	NA	NA	NA	NA	NA	NA	NA	NA	NA	NA	NA
cg25765819	0.835644736977502	0.929007609394362	0.927383494433206	0.757447266737379	0.906935246093517	0.762831547922439	0.922748837063976	0.718911333335552	0.892880679699418	0.951733784641886	0.871249719597088	0.913320367020504	0.90819604516711	0.853882380276112	0.904226792073496	0.742795922027789	0.924479062931875	0.867370836522957	0.955052003173419	0.90458660679488	0.934116341585122	0.858405073387427	0.912359898984194	0.858639303167516	0.518617308674642	0.911846796296601	0.712900280864704	0.843469037036556	0.917195078016268	0.877876634202512	0.904030814232871	0.886061317721077	0.86404873037278	0.93033134438617	0.946828283249881	0.690996061849673	0.910789598355644	0.92239350258589	0.934275782715421	0.906172923416259	0.947448519551335	0.934504976892102	0.92045655139146	0.93547560755255	0.873446439539108	0.919870567566753	0.915248642870507	0.885243166799409	0.939651945598174	0.940963615657069	0.895899539442258	0.936066618891386	0.946220583317259	0.885673287352748	0.921144406711216	0.756166172269933	0.915423246921453	0.908324369574666	0.939617321998365	0.922908701957648	0.910267668060574	0.949479104086385	0.939664422612676	0.800333294748301	0.938167444790943	0.897689421115071	0.934448374101738	0.908867563792039	0.915415005197251	0.889192671007097	0.940541383274779	0.956061996957244	0.925768208197326	0.91029703800104	0.943208137491278	0.883235863370374	0.921345420628166	0.93025420160899	0.884114888171988	0.872130692845111	0.897941303587817	0.939841645222919	0.599029964866849	0.9272703137627	0.901968012655782	0.858072748010978	0.90683049070712	0.880234145928227	0.824213432925826	0.919628683220477	0.940201604707922	0.892942169666234	0.952917601437305	0.579174869209564	0.928645480483346	0.910080222840184	0.899789243691136	0.780572294976295	0.915398697053061
cg25780806	NA	NA	NA	NA	NA	NA	NA	NA	NA	NA	NA	NA	NA	NA	NA	NA	NA	NA	NA	NA	NA	NA	NA	NA	NA	NA	NA	NA	NA	NA	NA	NA	NA	NA	NA	NA	NA	NA	NA	NA	NA	NA	NA	NA	NA	NA	NA	NA	NA	NA	NA	NA	NA	NA	NA	NA	NA	NA	NA	NA	NA	NA	NA	NA	NA	NA	NA	NA	NA	NA	NA	NA	NA	NA	NA	NA	NA	NA	NA	NA	NA	NA	NA	NA	NA	NA	NA	NA	NA	NA	NA	NA	NA	NA	NA	NA	NA	NA	NA
cg25824209	NA	NA	NA	NA	NA	NA	NA	NA	NA	NA	NA	NA	NA	NA	NA	NA	NA	NA	NA	NA	NA	NA	NA	NA	NA	NA	NA	NA	NA	NA	NA	NA	NA	NA	NA	NA	NA	NA	NA	NA	NA	NA	NA	NA	NA	NA	NA	NA	NA	NA	NA	NA	NA	NA	NA	NA	NA	NA	NA	NA	NA	NA	NA	NA	NA	NA	NA	NA	NA	NA	NA	NA	NA	NA	NA	NA	NA	NA	NA	NA	NA	NA	NA	NA	NA	NA	NA	NA	NA	NA	NA	NA	NA	NA	NA	NA	NA	NA	NA
cg25904166	NA	NA	NA	NA	NA	NA	NA	NA	NA	NA	NA	NA	NA	NA	NA	NA	NA	NA	NA	NA	NA	NA	NA	NA	NA	NA	NA	NA	NA	NA	NA	NA	NA	NA	NA	NA	NA	NA	NA	NA	NA	NA	NA	NA	NA	NA	NA	NA	NA	NA	NA	NA	NA	NA	NA	NA	NA	NA	NA	NA	NA	NA	NA	NA	NA	NA	NA	NA	NA	NA	NA	NA	NA	NA	NA	NA	NA	NA	NA	NA	NA	NA	NA	NA	NA	NA	NA	NA	NA	NA	NA	NA	NA	NA	NA	NA	NA	NA	NA
cg25949955	NA	NA	NA	NA	NA	NA	NA	NA	NA	NA	NA	NA	NA	NA	NA	NA	NA	NA	NA	NA	NA	NA	NA	NA	NA	NA	NA	NA	NA	NA	NA	NA	NA	NA	NA	NA	NA	NA	NA	NA	NA	NA	NA	NA	NA	NA	NA	NA	NA	NA	NA	NA	NA	NA	NA	NA	NA	NA	NA	NA	NA	NA	NA	NA	NA	NA	NA	NA	NA	NA	NA	NA	NA	NA	NA	NA	NA	NA	NA	NA	NA	NA	NA	NA	NA	NA	NA	NA	NA	NA	NA	NA	NA	NA	NA	NA	NA	NA	NA
cg25962639	NA	NA	NA	NA	NA	NA	NA	NA	NA	NA	NA	NA	NA	NA	NA	NA	NA	NA	NA	NA	NA	NA	NA	NA	NA	NA	NA	NA	NA	NA	NA	NA	NA	NA	NA	NA	NA	NA	NA	NA	NA	NA	NA	NA	NA	NA	NA	NA	NA	NA	NA	NA	NA	NA	NA	NA	NA	NA	NA	NA	NA	NA	NA	NA	NA	NA	NA	NA	NA	NA	NA	NA	NA	NA	NA	NA	NA	NA	NA	NA	NA	NA	NA	NA	NA	NA	NA	NA	NA	NA	NA	NA	NA	NA	NA	NA	NA	NA	NA
cg26007766	NA	NA	NA	NA	NA	NA	NA	NA	NA	NA	NA	NA	NA	NA	NA	NA	NA	NA	NA	NA	NA	NA	NA	NA	NA	NA	NA	NA	NA	NA	NA	NA	NA	NA	NA	NA	NA	NA	NA	NA	NA	NA	NA	NA	NA	NA	NA	NA	NA	NA	NA	NA	NA	NA	NA	NA	NA	NA	NA	NA	NA	NA	NA	NA	NA	NA	NA	NA	NA	NA	NA	NA	NA	NA	NA	NA	NA	NA	NA	NA	NA	NA	NA	NA	NA	NA	NA	NA	NA	NA	NA	NA	NA	NA	NA	NA	NA	NA	NA
cg26024202	NA	NA	NA	NA	NA	NA	NA	NA	NA	NA	NA	NA	NA	NA	NA	NA	NA	NA	NA	NA	NA	NA	NA	NA	NA	NA	NA	NA	NA	NA	NA	NA	NA	NA	NA	NA	NA	NA	NA	NA	NA	NA	NA	NA	NA	NA	NA	NA	NA	NA	NA	NA	NA	NA	NA	NA	NA	NA	NA	NA	NA	NA	NA	NA	NA	NA	NA	NA	NA	NA	NA	NA	NA	NA	NA	NA	NA	NA	NA	NA	NA	NA	NA	NA	NA	NA	NA	NA	NA	NA	NA	NA	NA	NA	NA	NA	NA	NA	NA
cg26070081	NA	NA	NA	NA	NA	NA	NA	NA	NA	NA	NA	NA	NA	NA	NA	NA	NA	NA	NA	NA	NA	NA	NA	NA	NA	NA	NA	NA	NA	NA	NA	NA	NA	NA	NA	NA	NA	NA	NA	NA	NA	NA	NA	NA	NA	NA	NA	NA	NA	NA	NA	NA	NA	NA	NA	NA	NA	NA	NA	NA	NA	NA	NA	NA	NA	NA	NA	NA	NA	NA	NA	NA	NA	NA	NA	NA	NA	NA	NA	NA	NA	NA	NA	NA	NA	NA	NA	NA	NA	NA	NA	NA	NA	NA	NA	NA	NA	NA	NA
cg26072561	0.752611549116383	0.898987674063455	0.873038879766404	0.869768052745722	0.859936640167334	0.746988628798746	0.668441429621188	0.832782176766766	0.679042408982843	0.902825695640811	0.866556688118427	0.857335530139758	0.844838352964545	0.487674372940334	0.859730181294072	0.754261288299065	0.896414828446	0.660772577407483	0.898298532396089	0.575175024138973	0.657917580814579	0.481272379971109	0.562260089902451	0.594764195630674	0.291404542788278	0.840255470032519	0.882252815820387	0.782633345754261	0.695821915160538	0.870852318814912	0.58451961722056	0.83703611743922	0.79107448095586	0.846282502405909	0.935862883696361	0.908850974594702	0.874076856708423	0.915998222149833	0.857914218861856	0.845044217816148	0.891980784452719	0.906598897872352	0.793345128426654	0.910115817086128	0.900924128222372	0.663308397651884	0.305677713670415	0.499144911040433	0.591252509537529	0.854804465858262	0.682342760797262	0.858276427387769	0.60236459591038	0.815047293084148	0.886098410273779	0.652816968266248	0.902138865531045	0.832910781852566	0.865275633247861	0.901254758544321	0.605334780388405	0.707287880990045	0.827932086805077	0.865216864894927	0.918424466035671	0.816648791229074	0.776422620643227	0.84245628582145	0.564329140562668	0.874401290709977	0.820903159821721	0.858966917728823	0.894645863073721	0.862919776427127	0.910883807671394	0.882441002882729	0.887902002594939	0.474454058311423	0.840057206772505	0.589636382096262	0.873431519541962	0.675208087180726	0.37684874570452	0.707948062956767	0.847872719630669	0.589368713207703	0.894543500405326	0.869818597079768	0.847719960085427	0.862250185429526	0.914769096001957	0.856537914006853	0.864797907640834	0.46653062340691	0.836525782803941	0.879425638467037	0.869026753647257	0.864597292830019	0.827856703461525
cg26075252	NA	NA	NA	NA	NA	NA	NA	NA	NA	NA	NA	NA	NA	NA	NA	NA	NA	NA	NA	NA	NA	NA	NA	NA	NA	NA	NA	NA	NA	NA	NA	NA	NA	NA	NA	NA	NA	NA	NA	NA	NA	NA	NA	NA	NA	NA	NA	NA	NA	NA	NA	NA	NA	NA	NA	NA	NA	NA	NA	NA	NA	NA	NA	NA	NA	NA	NA	NA	NA	NA	NA	NA	NA	NA	NA	NA	NA	NA	NA	NA	NA	NA	NA	NA	NA	NA	NA	NA	NA	NA	NA	NA	NA	NA	NA	NA	NA	NA	NA
cg26076236	NA	NA	NA	NA	NA	NA	NA	NA	NA	NA	NA	NA	NA	NA	NA	NA	NA	NA	NA	NA	NA	NA	NA	NA	NA	NA	NA	NA	NA	NA	NA	NA	NA	NA	NA	NA	NA	NA	NA	NA	NA	NA	NA	NA	NA	NA	NA	NA	NA	NA	NA	NA	NA	NA	NA	NA	NA	NA	NA	NA	NA	NA	NA	NA	NA	NA	NA	NA	NA	NA	NA	NA	NA	NA	NA	NA	NA	NA	NA	NA	NA	NA	NA	NA	NA	NA	NA	NA	NA	NA	NA	NA	NA	NA	NA	NA	NA	NA	NA
cg26089220	NA	NA	NA	NA	NA	NA	NA	NA	NA	NA	NA	NA	NA	NA	NA	NA	NA	NA	NA	NA	NA	NA	NA	NA	NA	NA	NA	NA	NA	NA	NA	NA	NA	NA	NA	NA	NA	NA	NA	NA	NA	NA	NA	NA	NA	NA	NA	NA	NA	NA	NA	NA	NA	NA	NA	NA	NA	NA	NA	NA	NA	NA	NA	NA	NA	NA	NA	NA	NA	NA	NA	NA	NA	NA	NA	NA	NA	NA	NA	NA	NA	NA	NA	NA	NA	NA	NA	NA	NA	NA	NA	NA	NA	NA	NA	NA	NA	NA	NA
cg26103331	NA	NA	NA	NA	NA	NA	NA	NA	NA	NA	NA	NA	NA	NA	NA	NA	NA	NA	NA	NA	NA	NA	NA	NA	NA	NA	NA	NA	NA	NA	NA	NA	NA	NA	NA	NA	NA	NA	NA	NA	NA	NA	NA	NA	NA	NA	NA	NA	NA	NA	NA	NA	NA	NA	NA	NA	NA	NA	NA	NA	NA	NA	NA	NA	NA	NA	NA	NA	NA	NA	NA	NA	NA	NA	NA	NA	NA	NA	NA	NA	NA	NA	NA	NA	NA	NA	NA	NA	NA	NA	NA	NA	NA	NA	NA	NA	NA	NA	NA
cg26105731	NA	NA	NA	NA	NA	NA	NA	NA	NA	NA	NA	NA	NA	NA	NA	NA	NA	NA	NA	NA	NA	NA	NA	NA	NA	NA	NA	NA	NA	NA	NA	NA	NA	NA	NA	NA	NA	NA	NA	NA	NA	NA	NA	NA	NA	NA	NA	NA	NA	NA	NA	NA	NA	NA	NA	NA	NA	NA	NA	NA	NA	NA	NA	NA	NA	NA	NA	NA	NA	NA	NA	NA	NA	NA	NA	NA	NA	NA	NA	NA	NA	NA	NA	NA	NA	NA	NA	NA	NA	NA	NA	NA	NA	NA	NA	NA	NA	NA	NA
cg26106149	NA	NA	NA	NA	NA	NA	NA	NA	NA	NA	NA	NA	NA	NA	NA	NA	NA	NA	NA	NA	NA	NA	NA	NA	NA	NA	NA	NA	NA	NA	NA	NA	NA	NA	NA	NA	NA	NA	NA	NA	NA	NA	NA	NA	NA	NA	NA	NA	NA	NA	NA	NA	NA	NA	NA	NA	NA	NA	NA	NA	NA	NA	NA	NA	NA	NA	NA	NA	NA	NA	NA	NA	NA	NA	NA	NA	NA	NA	NA	NA	NA	NA	NA	NA	NA	NA	NA	NA	NA	NA	NA	NA	NA	NA	NA	NA	NA	NA	NA
cg26131114	NA	NA	NA	NA	NA	NA	NA	NA	NA	NA	NA	NA	NA	NA	NA	NA	NA	NA	NA	NA	NA	NA	NA	NA	NA	NA	NA	NA	NA	NA	NA	NA	NA	NA	NA	NA	NA	NA	NA	NA	NA	NA	NA	NA	NA	NA	NA	NA	NA	NA	NA	NA	NA	NA	NA	NA	NA	NA	NA	NA	NA	NA	NA	NA	NA	NA	NA	NA	NA	NA	NA	NA	NA	NA	NA	NA	NA	NA	NA	NA	NA	NA	NA	NA	NA	NA	NA	NA	NA	NA	NA	NA	NA	NA	NA	NA	NA	NA	NA
cg26131927	NA	NA	NA	NA	NA	NA	NA	NA	NA	NA	NA	NA	NA	NA	NA	NA	NA	NA	NA	NA	NA	NA	NA	NA	NA	NA	NA	NA	NA	NA	NA	NA	NA	NA	NA	NA	NA	NA	NA	NA	NA	NA	NA	NA	NA	NA	NA	NA	NA	NA	NA	NA	NA	NA	NA	NA	NA	NA	NA	NA	NA	NA	NA	NA	NA	NA	NA	NA	NA	NA	NA	NA	NA	NA	NA	NA	NA	NA	NA	NA	NA	NA	NA	NA	NA	NA	NA	NA	NA	NA	NA	NA	NA	NA	NA	NA	NA	NA	NA
cg26133909	0.896169055046755	0.897098393141333	0.923536246416014	0.898829744951284	0.918147591138772	0.923155664804144	NA	0.903498163192248	0.930198170030612	0.868087074165398	0.932170536602284	0.873470551087303	0.926640868308774	0.888940050103619	0.931399004552923	0.851676166668422	0.892713598276371	0.921000730104953	0.944571735156891	0.885681776057745	0.939205257895485	0.913880590557756	0.890907473256742	0.902056299927323	0.942709523564176	0.939627080408351	0.905518969220928	0.848350013020495	0.925234969633244	0.263512031144404	NA	0.922270346008881	0.894685747711276	0.889105777579498	0.878333695301904	0.873765166345964	0.888085451455805	0.905313102822657	0.92897232446123	0.843035357086285	0.884493823764086	0.903114819211746	0.882548416333685	0.930494385535463	0.869120147229756	0.906720185261455	0.923235559019459	0.853536328919973	0.952119810444832	0.923941220209292	0.923136433044058	0.860724442923093	0.862653366974255	0.907773450264905	0.909417078628544	0.924796700730878	0.882460065945665	0.862213115114872	0.900009580627068	0.837534905859342	0.784979444224393	0.905562285184523	0.908287732892754	0.879450725927785	0.813223198144857	0.91766658835579	0.886604333058134	0.914727990426886	NA	0.935213425165062	0.89884336336772	0.91332711696093	0.883340641088953	0.913783295962374	0.932620750339288	0.912810342635758	0.894854884039541	0.878454087245946	0.927367300103823	0.886080684426525	0.893860365579294	0.876896519401728	0.879160843888728	0.820603481869467	0.893551910908514	0.908030282244816	0.890916440810476	0.923433773247786	0.927229400761398	0.91425660847817	0.865058287333026	0.92382064157315	0.887059103509553	NA	NA	0.936602983017479	0.926779866020383	0.911715455231257	0.933168969607767
cg26139168	NA	NA	NA	NA	NA	NA	NA	NA	NA	NA	NA	NA	NA	NA	NA	NA	NA	NA	NA	NA	NA	NA	NA	NA	NA	NA	NA	NA	NA	NA	NA	NA	NA	NA	NA	NA	NA	NA	NA	NA	NA	NA	NA	NA	NA	NA	NA	NA	NA	NA	NA	NA	NA	NA	NA	NA	NA	NA	NA	NA	NA	NA	NA	NA	NA	NA	NA	NA	NA	NA	NA	NA	NA	NA	NA	NA	NA	NA	NA	NA	NA	NA	NA	NA	NA	NA	NA	NA	NA	NA	NA	NA	NA	NA	NA	NA	NA	NA	NA
cg26141807	NA	NA	NA	NA	NA	NA	NA	NA	NA	NA	NA	NA	NA	NA	NA	NA	NA	NA	NA	NA	NA	NA	NA	NA	NA	NA	NA	NA	NA	NA	NA	NA	NA	NA	NA	NA	NA	NA	NA	NA	NA	NA	NA	NA	NA	NA	NA	NA	NA	NA	NA	NA	NA	NA	NA	NA	NA	NA	NA	NA	NA	NA	NA	NA	NA	NA	NA	NA	NA	NA	NA	NA	NA	NA	NA	NA	NA	NA	NA	NA	NA	NA	NA	NA	NA	NA	NA	NA	NA	NA	NA	NA	NA	NA	NA	NA	NA	NA	NA
cg26143153	NA	NA	NA	NA	NA	NA	NA	NA	NA	NA	NA	NA	NA	NA	NA	NA	NA	NA	NA	NA	NA	NA	NA	NA	NA	NA	NA	NA	NA	NA	NA	NA	NA	NA	NA	NA	NA	NA	NA	NA	NA	NA	NA	NA	NA	NA	NA	NA	NA	NA	NA	NA	NA	NA	NA	NA	NA	NA	NA	NA	NA	NA	NA	NA	NA	NA	NA	NA	NA	NA	NA	NA	NA	NA	NA	NA	NA	NA	NA	NA	NA	NA	NA	NA	NA	NA	NA	NA	NA	NA	NA	NA	NA	NA	NA	NA	NA	NA	NA
cg26218805	NA	NA	NA	NA	NA	NA	NA	NA	NA	NA	NA	NA	NA	NA	NA	NA	NA	NA	NA	NA	NA	NA	NA	NA	NA	NA	NA	NA	NA	NA	NA	NA	NA	NA	NA	NA	NA	NA	NA	NA	NA	NA	NA	NA	NA	NA	NA	NA	NA	NA	NA	NA	NA	NA	NA	NA	NA	NA	NA	NA	NA	NA	NA	NA	NA	NA	NA	NA	NA	NA	NA	NA	NA	NA	NA	NA	NA	NA	NA	NA	NA	NA	NA	NA	NA	NA	NA	NA	NA	NA	NA	NA	NA	NA	NA	NA	NA	NA	NA
cg26243679	NA	NA	NA	NA	NA	NA	NA	NA	NA	NA	NA	NA	NA	NA	NA	NA	NA	NA	NA	NA	NA	NA	NA	NA	NA	NA	NA	NA	NA	NA	NA	NA	NA	NA	NA	NA	NA	NA	NA	NA	NA	NA	NA	NA	NA	NA	NA	NA	NA	NA	NA	NA	NA	NA	NA	NA	NA	NA	NA	NA	NA	NA	NA	NA	NA	NA	NA	NA	NA	NA	NA	NA	NA	NA	NA	NA	NA	NA	NA	NA	NA	NA	NA	NA	NA	NA	NA	NA	NA	NA	NA	NA	NA	NA	NA	NA	NA	NA	NA
cg26249038	NA	NA	NA	NA	NA	NA	NA	NA	NA	NA	NA	NA	NA	NA	NA	NA	NA	NA	NA	NA	NA	NA	NA	NA	NA	NA	NA	NA	NA	NA	NA	NA	NA	NA	NA	NA	NA	NA	NA	NA	NA	NA	NA	NA	NA	NA	NA	NA	NA	NA	NA	NA	NA	NA	NA	NA	NA	NA	NA	NA	NA	NA	NA	NA	NA	NA	NA	NA	NA	NA	NA	NA	NA	NA	NA	NA	NA	NA	NA	NA	NA	NA	NA	NA	NA	NA	NA	NA	NA	NA	NA	NA	NA	NA	NA	NA	NA	NA	NA
cg26256420	NA	NA	NA	NA	NA	NA	NA	NA	NA	NA	NA	NA	NA	NA	NA	NA	NA	NA	NA	NA	NA	NA	NA	NA	NA	NA	NA	NA	NA	NA	NA	NA	NA	NA	NA	NA	NA	NA	NA	NA	NA	NA	NA	NA	NA	NA	NA	NA	NA	NA	NA	NA	NA	NA	NA	NA	NA	NA	NA	NA	NA	NA	NA	NA	NA	NA	NA	NA	NA	NA	NA	NA	NA	NA	NA	NA	NA	NA	NA	NA	NA	NA	NA	NA	NA	NA	NA	NA	NA	NA	NA	NA	NA	NA	NA	NA	NA	NA	NA
cg26283801	NA	NA	NA	NA	NA	NA	NA	NA	NA	NA	NA	NA	NA	NA	NA	NA	NA	NA	NA	NA	NA	NA	NA	NA	NA	NA	NA	NA	NA	NA	NA	NA	NA	NA	NA	NA	NA	NA	NA	NA	NA	NA	NA	NA	NA	NA	NA	NA	NA	NA	NA	NA	NA	NA	NA	NA	NA	NA	NA	NA	NA	NA	NA	NA	NA	NA	NA	NA	NA	NA	NA	NA	NA	NA	NA	NA	NA	NA	NA	NA	NA	NA	NA	NA	NA	NA	NA	NA	NA	NA	NA	NA	NA	NA	NA	NA	NA	NA	NA
cg26316511	NA	NA	NA	NA	NA	NA	NA	NA	NA	NA	NA	NA	NA	NA	NA	NA	NA	NA	NA	NA	NA	NA	NA	NA	NA	NA	NA	NA	NA	NA	NA	NA	NA	NA	NA	NA	NA	NA	NA	NA	NA	NA	NA	NA	NA	NA	NA	NA	NA	NA	NA	NA	NA	NA	NA	NA	NA	NA	NA	NA	NA	NA	NA	NA	NA	NA	NA	NA	NA	NA	NA	NA	NA	NA	NA	NA	NA	NA	NA	NA	NA	NA	NA	NA	NA	NA	NA	NA	NA	NA	NA	NA	NA	NA	NA	NA	NA	NA	NA
cg26322995	NA	NA	NA	NA	NA	NA	NA	NA	NA	NA	NA	NA	NA	NA	NA	NA	NA	NA	NA	NA	NA	NA	NA	NA	NA	NA	NA	NA	NA	NA	NA	NA	NA	NA	NA	NA	NA	NA	NA	NA	NA	NA	NA	NA	NA	NA	NA	NA	NA	NA	NA	NA	NA	NA	NA	NA	NA	NA	NA	NA	NA	NA	NA	NA	NA	NA	NA	NA	NA	NA	NA	NA	NA	NA	NA	NA	NA	NA	NA	NA	NA	NA	NA	NA	NA	NA	NA	NA	NA	NA	NA	NA	NA	NA	NA	NA	NA	NA	NA
cg26341749	NA	NA	NA	NA	NA	NA	NA	NA	NA	NA	NA	NA	NA	NA	NA	NA	NA	NA	NA	NA	NA	NA	NA	NA	NA	NA	NA	NA	NA	NA	NA	NA	NA	NA	NA	NA	NA	NA	NA	NA	NA	NA	NA	NA	NA	NA	NA	NA	NA	NA	NA	NA	NA	NA	NA	NA	NA	NA	NA	NA	NA	NA	NA	NA	NA	NA	NA	NA	NA	NA	NA	NA	NA	NA	NA	NA	NA	NA	NA	NA	NA	NA	NA	NA	NA	NA	NA	NA	NA	NA	NA	NA	NA	NA	NA	NA	NA	NA	NA
cg26352073	NA	NA	NA	NA	NA	NA	NA	NA	NA	NA	NA	NA	NA	NA	NA	NA	NA	NA	NA	NA	NA	NA	NA	NA	NA	NA	NA	NA	NA	NA	NA	NA	NA	NA	NA	NA	NA	NA	NA	NA	NA	NA	NA	NA	NA	NA	NA	NA	NA	NA	NA	NA	NA	NA	NA	NA	NA	NA	NA	NA	NA	NA	NA	NA	NA	NA	NA	NA	NA	NA	NA	NA	NA	NA	NA	NA	NA	NA	NA	NA	NA	NA	NA	NA	NA	NA	NA	NA	NA	NA	NA	NA	NA	NA	NA	NA	NA	NA	NA
cg26424817	NA	NA	NA	NA	NA	NA	NA	NA	NA	NA	NA	NA	NA	NA	NA	NA	NA	NA	NA	NA	NA	NA	NA	NA	NA	NA	NA	NA	NA	NA	NA	NA	NA	NA	NA	NA	NA	NA	NA	NA	NA	NA	NA	NA	NA	NA	NA	NA	NA	NA	NA	NA	NA	NA	NA	NA	NA	NA	NA	NA	NA	NA	NA	NA	NA	NA	NA	NA	NA	NA	NA	NA	NA	NA	NA	NA	NA	NA	NA	NA	NA	NA	NA	NA	NA	NA	NA	NA	NA	NA	NA	NA	NA	NA	NA	NA	NA	NA	NA
cg26429763	NA	NA	NA	NA	NA	NA	NA	NA	NA	NA	NA	NA	NA	NA	NA	NA	NA	NA	NA	NA	NA	NA	NA	NA	NA	NA	NA	NA	NA	NA	NA	NA	NA	NA	NA	NA	NA	NA	NA	NA	NA	NA	NA	NA	NA	NA	NA	NA	NA	NA	NA	NA	NA	NA	NA	NA	NA	NA	NA	NA	NA	NA	NA	NA	NA	NA	NA	NA	NA	NA	NA	NA	NA	NA	NA	NA	NA	NA	NA	NA	NA	NA	NA	NA	NA	NA	NA	NA	NA	NA	NA	NA	NA	NA	NA	NA	NA	NA	NA
cg26442509	0.851666520187839	0.867664285235576	0.845475872772931	0.875503212706045	0.903761687262147	0.863176298657938	NA	0.819685030426571	0.876360212519293	0.818556138237172	0.863697828052804	0.887879222873515	0.918597824507052	0.780188937773587	0.864724420459285	NA	0.858484596569798	0.780065618770746	0.790817200721298	0.858880573472455	0.859861195445027	0.817547634107862	NA	0.741138857957475	0.413910557316706	0.898229143778015	0.928883990206604	0.920408403980047	0.891289843435338	0.884104013797702	0.89585597951896	0.887255568027082	0.871238332156752	0.855761481471395	0.77056645287699	NA	0.855026438815141	0.757204612364481	0.834045370079133	0.833429085222539	0.877590282516437	0.901478182327736	0.600356346855379	0.880517677490704	0.844857727708333	0.780155903219271	0.91478483581504	0.863482192303533	0.382357719129849	0.881547974151198	0.849143792935708	0.888625956885838	0.842987185302036	0.868065658497299	0.810799316805677	NA	0.912964545660903	0.841516026353029	0.863359044186358	0.849831507553272	0.898171337100398	0.728533497514952	0.896601798926742	0.83193081039109	0.731854134075494	0.851927663022526	0.837340176798335	0.890306637291737	NA	0.768183105467708	0.81241222938075	0.877570191134832	0.92865510035162	0.716633476501524	0.89110987280591	0.882939173957222	0.873020203203369	0.896136377865255	0.910891617114433	0.643408330031391	0.842797402664778	0.865721977289573	NA	0.82334045893152	0.869811042260268	NA	0.782658094080891	NA	0.86267686055963	0.85933610198549	0.801829401595932	0.71672441079218	0.866147991947118	NA	0.883405961264485	0.826666716279854	0.869011877876186	0.876320271338927	0.895782650039544
cg26501230	NA	NA	NA	NA	NA	NA	NA	NA	NA	NA	NA	NA	NA	NA	NA	NA	NA	NA	NA	NA	NA	NA	NA	NA	NA	NA	NA	NA	NA	NA	NA	NA	NA	NA	NA	NA	NA	NA	NA	NA	NA	NA	NA	NA	NA	NA	NA	NA	NA	NA	NA	NA	NA	NA	NA	NA	NA	NA	NA	NA	NA	NA	NA	NA	NA	NA	NA	NA	NA	NA	NA	NA	NA	NA	NA	NA	NA	NA	NA	NA	NA	NA	NA	NA	NA	NA	NA	NA	NA	NA	NA	NA	NA	NA	NA	NA	NA	NA	NA
cg26523866	0.836855583680333	0.89664094713299	0.846169671546701	0.928200648040652	0.899520437260357	0.882585410456662	0.892769405610134	0.756877454004042	0.897410863212013	0.788619348484369	0.937020219873479	0.818052183152297	0.843725115819397	0.803738911324349	0.915965132057467	NA	0.933409364298918	0.906500519038179	0.9401036504866	0.888143470493858	0.892116785646742	0.912906842162407	0.65055619949525	0.883135828890448	0.554903358023904	0.902033902510395	0.843905114012576	0.792089069048791	0.904921152283013	0.910429785078424	0.456759608490402	0.921267224789963	0.767160262700819	0.945457454478823	NA	0.876566777154461	0.890448584705651	0.941117886158226	0.940834367238564	0.934456782232276	0.680903345994846	0.937573098242426	0.800580489239795	0.954757887161997	0.92027283894655	0.911350866772099	0.816576245323942	NA	0.727622540577469	0.937979051065128	0.869882028133787	0.940244631615254	0.893274629264251	0.916234905095005	0.863451165475602	0.87680660043215	NA	0.913260503003245	0.929035695836491	0.881456108139741	0.873251842653316	0.929800847400407	0.918893473573884	0.925190904461937	0.909257906619245	0.916439871039936	0.931863277438174	0.779159243000589	0.905854140756774	0.934081317298808	0.918428535869143	0.907338812305161	0.942820628347699	0.869018953361325	0.918424221011358	0.826222898578696	0.935410810273585	0.941580324496013	0.431682177168086	0.859716229370924	0.310689848766688	0.947659110359889	0.923415746312565	NA	0.486318559831293	0.93141731213202	0.931584762983193	0.947573170470424	0.909840947473921	0.884613406260892	0.910670169399942	0.855531198727029	0.905645374004829	0.799547112368025	0.918228612862015	0.904470659284604	0.886474319679965	NA	0.927764602034631
cg26542912	NA	NA	NA	NA	NA	NA	NA	NA	NA	NA	NA	NA	NA	NA	NA	NA	NA	NA	NA	NA	NA	NA	NA	NA	NA	NA	NA	NA	NA	NA	NA	NA	NA	NA	NA	NA	NA	NA	NA	NA	NA	NA	NA	NA	NA	NA	NA	NA	NA	NA	NA	NA	NA	NA	NA	NA	NA	NA	NA	NA	NA	NA	NA	NA	NA	NA	NA	NA	NA	NA	NA	NA	NA	NA	NA	NA	NA	NA	NA	NA	NA	NA	NA	NA	NA	NA	NA	NA	NA	NA	NA	NA	NA	NA	NA	NA	NA	NA	NA
cg26544028	NA	NA	NA	NA	NA	NA	NA	NA	NA	NA	NA	NA	NA	NA	NA	NA	NA	NA	NA	NA	NA	NA	NA	NA	NA	NA	NA	NA	NA	NA	NA	NA	NA	NA	NA	NA	NA	NA	NA	NA	NA	NA	NA	NA	NA	NA	NA	NA	NA	NA	NA	NA	NA	NA	NA	NA	NA	NA	NA	NA	NA	NA	NA	NA	NA	NA	NA	NA	NA	NA	NA	NA	NA	NA	NA	NA	NA	NA	NA	NA	NA	NA	NA	NA	NA	NA	NA	NA	NA	NA	NA	NA	NA	NA	NA	NA	NA	NA	NA
cg26558363	NA	NA	NA	NA	NA	NA	NA	NA	NA	NA	NA	NA	NA	NA	NA	NA	NA	NA	NA	NA	NA	NA	NA	NA	NA	NA	NA	NA	NA	NA	NA	NA	NA	NA	NA	NA	NA	NA	NA	NA	NA	NA	NA	NA	NA	NA	NA	NA	NA	NA	NA	NA	NA	NA	NA	NA	NA	NA	NA	NA	NA	NA	NA	NA	NA	NA	NA	NA	NA	NA	NA	NA	NA	NA	NA	NA	NA	NA	NA	NA	NA	NA	NA	NA	NA	NA	NA	NA	NA	NA	NA	NA	NA	NA	NA	NA	NA	NA	NA
cg26564072	NA	NA	NA	NA	NA	NA	NA	NA	NA	NA	NA	NA	NA	NA	NA	NA	NA	NA	NA	NA	NA	NA	NA	NA	NA	NA	NA	NA	NA	NA	NA	NA	NA	NA	NA	NA	NA	NA	NA	NA	NA	NA	NA	NA	NA	NA	NA	NA	NA	NA	NA	NA	NA	NA	NA	NA	NA	NA	NA	NA	NA	NA	NA	NA	NA	NA	NA	NA	NA	NA	NA	NA	NA	NA	NA	NA	NA	NA	NA	NA	NA	NA	NA	NA	NA	NA	NA	NA	NA	NA	NA	NA	NA	NA	NA	NA	NA	NA	NA
cg26572710	0.898960212720555	0.875339316061542	0.935118650485843	0.904725421661269	0.90937772770068	0.896616136653778	0.90679163216292	0.926312726101549	0.929695838752668	0.804137941484299	0.919815391681646	0.921461388069425	0.916250190277245	0.96178861262399	0.904563019402147	0.937913833972269	0.907563312364076	0.938937419900612	0.939964805104081	0.941330507573813	0.732749700401432	0.773399347170036	0.89217624666977	0.92293910530275	0.640822081092573	0.931017019586057	0.927511603961974	0.91528456786165	0.946679135844501	0.925981424852106	0.917140200566207	0.909219825000077	0.930927121889661	0.933415923635555	0.833719284607237	0.899839669770434	0.920567479711439	0.897914732884271	0.943038555124251	0.920845123090639	0.938965137742127	0.931316687308695	0.92662597045131	0.916486534538112	0.923125778464241	0.896641113504245	0.834138461148646	NA	0.955567006236244	0.934729567716776	0.918360492116261	0.922483033715858	0.873999414382155	0.919617910439232	0.903701619928796	0.913653797911819	0.930049198055891	0.934695642891194	0.928365313334977	0.902277400338809	0.862221603914214	0.892428462092763	0.899782392154722	0.9241684150486	0.925983201847199	0.896317373152417	0.932476234082477	0.893763875079165	0.862893434306147	0.905038801665106	NA	0.923360499334476	0.9321175816432	0.912610261222922	0.899811241790878	0.91628622705551	0.88953046162256	0.938287055616992	0.936095331929854	0.783260360761309	0.955350090006059	0.907993867144707	0.580907315244373	0.919837030626223	0.912333550364495	0.717371904086839	0.938862744288682	0.951943884246125	0.933530758868266	0.898005536832735	0.940826310105847	0.91829188169489	0.928251822893174	0.842435430440445	0.912987178539418	0.939882154608797	0.871741894750238	0.907124115212477	0.918433208937348
cg26585590	0.759435893595934	0.914092647756913	0.742559710852233	0.603486107522693	0.92947459525624	0.439633435435654	0.921409691469793	0.413608335884291	0.336847481429929	0.938530456007254	0.335143379647069	0.934673175495329	0.951606111494539	0.194805215848644	0.921335036744343	0.557877563171514	0.313012452411633	0.391689924474888	0.404721168278972	0.894766692298072	0.56278166873451	0.568658324890456	0.796087752775582	0.619348020381027	0.734671202896698	0.921360852133681	0.603391616166735	0.744814045884673	0.762996907076066	0.939974407511118	0.491143175427053	0.532971792506596	0.906893511638549	0.880004446875095	0.904566277849574	0.170958757208132	0.793234974145669	0.214962151446504	0.932753355410359	0.808814264761207	0.915500419493473	0.933187137896117	0.625853265654833	0.854530877205463	0.62598054876964	0.421301011163359	0.588857202002967	0.907623522043223	0.621159883593001	0.668792870780197	0.791518613413878	0.934403941287298	0.128822401416819	0.705342683193768	0.898501113564934	0.347084048900063	0.495821451181024	0.346454157009371	0.326673094373151	0.427469693189796	0.909590690252436	0.903747910000031	0.573501867691551	0.948266731095114	0.403647895195224	0.873595890041618	0.301811369897321	0.914421712079882	0.917277183931713	0.868785017825913	0.855743719867888	0.690012900320072	0.386607859552625	0.313891638332976	0.953097508560173	0.623833828005034	0.42516237403599	0.141456194706613	0.50290032881146	0.582573206878756	0.422246195717726	0.497966788542437	0.2681704334851	0.701981364362214	0.77694311590811	0.209940960130236	0.264857979087827	0.32766797971905	0.467791150627184	0.89613959286877	0.659738705857588	0.844835869562919	0.855299731990967	0.584872474945591	0.390206432867509	0.291696800045596	0.932655065495391	0.612317543928214	0.704339703272953
cg26592560	NA	NA	NA	NA	NA	NA	NA	NA	NA	NA	NA	NA	NA	NA	NA	NA	NA	NA	NA	NA	NA	NA	NA	NA	NA	NA	NA	NA	NA	NA	NA	NA	NA	NA	NA	NA	NA	NA	NA	NA	NA	NA	NA	NA	NA	NA	NA	NA	NA	NA	NA	NA	NA	NA	NA	NA	NA	NA	NA	NA	NA	NA	NA	NA	NA	NA	NA	NA	NA	NA	NA	NA	NA	NA	NA	NA	NA	NA	NA	NA	NA	NA	NA	NA	NA	NA	NA	NA	NA	NA	NA	NA	NA	NA	NA	NA	NA	NA	NA
cg26612736	NA	NA	NA	NA	NA	NA	NA	NA	NA	NA	NA	NA	NA	NA	NA	NA	NA	NA	NA	NA	NA	NA	NA	NA	NA	NA	NA	NA	NA	NA	NA	NA	NA	NA	NA	NA	NA	NA	NA	NA	NA	NA	NA	NA	NA	NA	NA	NA	NA	NA	NA	NA	NA	NA	NA	NA	NA	NA	NA	NA	NA	NA	NA	NA	NA	NA	NA	NA	NA	NA	NA	NA	NA	NA	NA	NA	NA	NA	NA	NA	NA	NA	NA	NA	NA	NA	NA	NA	NA	NA	NA	NA	NA	NA	NA	NA	NA	NA	NA
cg26620682	NA	NA	NA	NA	NA	NA	NA	NA	NA	NA	NA	NA	NA	NA	NA	NA	NA	NA	NA	NA	NA	NA	NA	NA	NA	NA	NA	NA	NA	NA	NA	NA	NA	NA	NA	NA	NA	NA	NA	NA	NA	NA	NA	NA	NA	NA	NA	NA	NA	NA	NA	NA	NA	NA	NA	NA	NA	NA	NA	NA	NA	NA	NA	NA	NA	NA	NA	NA	NA	NA	NA	NA	NA	NA	NA	NA	NA	NA	NA	NA	NA	NA	NA	NA	NA	NA	NA	NA	NA	NA	NA	NA	NA	NA	NA	NA	NA	NA	NA
cg26663742	NA	NA	NA	NA	NA	NA	NA	NA	NA	NA	NA	NA	NA	NA	NA	NA	NA	NA	NA	NA	NA	NA	NA	NA	NA	NA	NA	NA	NA	NA	NA	NA	NA	NA	NA	NA	NA	NA	NA	NA	NA	NA	NA	NA	NA	NA	NA	NA	NA	NA	NA	NA	NA	NA	NA	NA	NA	NA	NA	NA	NA	NA	NA	NA	NA	NA	NA	NA	NA	NA	NA	NA	NA	NA	NA	NA	NA	NA	NA	NA	NA	NA	NA	NA	NA	NA	NA	NA	NA	NA	NA	NA	NA	NA	NA	NA	NA	NA	NA
cg26664737	NA	NA	NA	NA	NA	NA	NA	NA	NA	NA	NA	NA	NA	NA	NA	NA	NA	NA	NA	NA	NA	NA	NA	NA	NA	NA	NA	NA	NA	NA	NA	NA	NA	NA	NA	NA	NA	NA	NA	NA	NA	NA	NA	NA	NA	NA	NA	NA	NA	NA	NA	NA	NA	NA	NA	NA	NA	NA	NA	NA	NA	NA	NA	NA	NA	NA	NA	NA	NA	NA	NA	NA	NA	NA	NA	NA	NA	NA	NA	NA	NA	NA	NA	NA	NA	NA	NA	NA	NA	NA	NA	NA	NA	NA	NA	NA	NA	NA	NA
cg26667585	NA	NA	NA	NA	NA	NA	NA	NA	NA	NA	NA	NA	NA	NA	NA	NA	NA	NA	NA	NA	NA	NA	NA	NA	NA	NA	NA	NA	NA	NA	NA	NA	NA	NA	NA	NA	NA	NA	NA	NA	NA	NA	NA	NA	NA	NA	NA	NA	NA	NA	NA	NA	NA	NA	NA	NA	NA	NA	NA	NA	NA	NA	NA	NA	NA	NA	NA	NA	NA	NA	NA	NA	NA	NA	NA	NA	NA	NA	NA	NA	NA	NA	NA	NA	NA	NA	NA	NA	NA	NA	NA	NA	NA	NA	NA	NA	NA	NA	NA
cg26675620	NA	NA	NA	NA	NA	NA	NA	NA	NA	NA	NA	NA	NA	NA	NA	NA	NA	NA	NA	NA	NA	NA	NA	NA	NA	NA	NA	NA	NA	NA	NA	NA	NA	NA	NA	NA	NA	NA	NA	NA	NA	NA	NA	NA	NA	NA	NA	NA	NA	NA	NA	NA	NA	NA	NA	NA	NA	NA	NA	NA	NA	NA	NA	NA	NA	NA	NA	NA	NA	NA	NA	NA	NA	NA	NA	NA	NA	NA	NA	NA	NA	NA	NA	NA	NA	NA	NA	NA	NA	NA	NA	NA	NA	NA	NA	NA	NA	NA	NA
cg26675905	NA	NA	NA	NA	NA	NA	NA	NA	NA	NA	NA	NA	NA	NA	NA	NA	NA	NA	NA	NA	NA	NA	NA	NA	NA	NA	NA	NA	NA	NA	NA	NA	NA	NA	NA	NA	NA	NA	NA	NA	NA	NA	NA	NA	NA	NA	NA	NA	NA	NA	NA	NA	NA	NA	NA	NA	NA	NA	NA	NA	NA	NA	NA	NA	NA	NA	NA	NA	NA	NA	NA	NA	NA	NA	NA	NA	NA	NA	NA	NA	NA	NA	NA	NA	NA	NA	NA	NA	NA	NA	NA	NA	NA	NA	NA	NA	NA	NA	NA
cg26707887	0.932815998935836	0.944055856804021	0.834904838081984	0.906420907790036	0.939579248031533	0.693256902552255	0.865274378557125	0.857929781463084	0.555732292425498	0.910001723630993	0.813637908437388	0.927003908370375	0.642407831403454	0.829922109673305	0.909741987887309	NA	0.612348443560642	0.840526112597725	0.88917752618355	0.890872322600166	0.872348831292816	0.72107154024065	0.271449700593425	0.9078547253996	0.927366007415655	0.866225143126282	0.825514993071698	0.933900647723256	0.812926103636153	0.672467042030646	0.842183080363491	0.552040384557635	0.812690214721613	0.900009617486677	0.797254577649524	0.892960477538107	0.871636178761338	0.797650674643032	0.86918493561218	0.919402121718617	0.926121879218996	0.93806511304489	0.935291398718878	0.93094421298905	0.848356412009083	0.368148481372732	0.292828903688517	0.908605996879624	0.941907014744304	0.85800622093848	0.928143968112142	0.915015251630832	0.914742893297684	0.794839197925786	0.883890863870594	0.836643994141804	0.913836601070921	0.909218328294084	0.362760206749086	0.899782373994893	0.82261183434532	0.822453925550554	0.920075066400586	0.931062274707234	0.909512227789486	0.735234810077773	0.880418173657383	0.886275816800958	0.850590700660941	0.768826088871323	0.886732855240675	0.891304650879739	0.834347322711474	0.898459734160507	0.930018420912557	0.918767000923425	0.934562134227228	0.830185471331256	0.894940216306457	0.877815406263867	0.916030397507642	0.908763938282123	0.843324914512034	NA	0.87533245221566	0.641258611636807	0.902336112106273	0.739528071394665	0.878954302491679	0.848752852656343	0.908079035944882	0.883604175771122	0.85089457673043	0.759249152511942	0.595389704565453	0.915190127328393	0.893814908646953	0.899753179861087	0.911661014305971
cg26758386	NA	NA	NA	NA	NA	NA	NA	NA	NA	NA	NA	NA	NA	NA	NA	NA	NA	NA	NA	NA	NA	NA	NA	NA	NA	NA	NA	NA	NA	NA	NA	NA	NA	NA	NA	NA	NA	NA	NA	NA	NA	NA	NA	NA	NA	NA	NA	NA	NA	NA	NA	NA	NA	NA	NA	NA	NA	NA	NA	NA	NA	NA	NA	NA	NA	NA	NA	NA	NA	NA	NA	NA	NA	NA	NA	NA	NA	NA	NA	NA	NA	NA	NA	NA	NA	NA	NA	NA	NA	NA	NA	NA	NA	NA	NA	NA	NA	NA	NA
cg26763368	NA	NA	NA	NA	NA	NA	NA	NA	NA	NA	NA	NA	NA	NA	NA	NA	NA	NA	NA	NA	NA	NA	NA	NA	NA	NA	NA	NA	NA	NA	NA	NA	NA	NA	NA	NA	NA	NA	NA	NA	NA	NA	NA	NA	NA	NA	NA	NA	NA	NA	NA	NA	NA	NA	NA	NA	NA	NA	NA	NA	NA	NA	NA	NA	NA	NA	NA	NA	NA	NA	NA	NA	NA	NA	NA	NA	NA	NA	NA	NA	NA	NA	NA	NA	NA	NA	NA	NA	NA	NA	NA	NA	NA	NA	NA	NA	NA	NA	NA
cg26786687	0.921710885602461	0.923964457850375	0.935913641262521	0.902691145517231	0.92411619402551	0.934097250857658	0.911829327217224	0.927578549021879	0.940204809859389	0.89744296060003	0.943113047727306	0.942452251913668	0.936603069224751	0.900920339382449	0.920260065159181	0.910783617539284	0.933438475973136	0.953167193609101	0.940732700357893	0.857210763574534	0.930021750268835	0.941545898057258	0.912550984353603	0.929588565447471	0.387925432271996	0.935778637825611	0.947428184126707	0.942745401341228	0.941089847310021	0.935781397438393	0.873461277141229	0.937430713273276	0.941250402543825	0.954764056328168	0.894705269326104	0.905369903021529	0.919599626853583	0.915715854204849	0.943842040494209	0.941140535274062	0.932741941721215	0.951192085894302	0.929167455922438	0.902060683733153	0.908001060624058	0.907295999192323	0.919910098571907	0.887778726085396	0.938848464451311	0.924885648321373	0.925487323457449	0.93293172045899	0.915964979684363	0.94589607277043	0.922675403463041	0.923319952922388	0.898495072723935	0.947788947176205	0.869996954488875	0.905371671410525	0.915256297142624	0.767795125065223	0.911510009143284	0.933593739338372	0.921441707371028	0.945555322865787	0.924995877870301	0.938538753373872	0.875496410309097	0.939434324073848	0.908650202041781	0.92075804675506	0.933513235852223	0.849426050108449	0.942661308192534	0.928314262590292	0.939815176411902	0.898945441205678	0.932526586200681	0.897557696671285	0.911505608364201	0.92367456543044	0.92511131321289	0.930023097963805	0.929820077495908	0.622861445624886	0.905436073077915	0.947923477624798	0.901354841022268	0.911824021978894	0.915894844443209	0.937695114848053	0.922401130957183	0.761743311324353	0.925701382193103	0.947071128227787	0.944379556836328	0.922089454804173	0.940985669795389
cg26797811	NA	NA	NA	NA	NA	NA	NA	NA	NA	NA	NA	NA	NA	NA	NA	NA	NA	NA	NA	NA	NA	NA	NA	NA	NA	NA	NA	NA	NA	NA	NA	NA	NA	NA	NA	NA	NA	NA	NA	NA	NA	NA	NA	NA	NA	NA	NA	NA	NA	NA	NA	NA	NA	NA	NA	NA	NA	NA	NA	NA	NA	NA	NA	NA	NA	NA	NA	NA	NA	NA	NA	NA	NA	NA	NA	NA	NA	NA	NA	NA	NA	NA	NA	NA	NA	NA	NA	NA	NA	NA	NA	NA	NA	NA	NA	NA	NA	NA	NA
cg26841157	0.817412544126156	0.866965601888974	0.515278684121721	0.750195555035676	0.864220872688544	0.720188353285585	0.854612082550294	0.546219847329634	0.446699258724769	0.387541723867839	0.566338680656883	0.937196640289775	0.88490240527871	0.698683091892496	0.845459453271207	0.842126247663296	0.866812698652708	0.680389780042156	0.830810057813422	0.886042142040149	0.783272688306559	0.847120630691838	0.443975757781946	0.503013062307225	0.64049938393893	0.919233462062849	0.83442921807198	0.85061354944455	0.811047675142421	0.876529751607395	0.462937571321146	0.574186213165728	0.952860303361224	0.878683620110742	0.915104450781285	0.862964898876981	0.837958972513571	0.534693511155037	0.849801778965032	0.600368607778139	0.887704597398186	0.652234727632102	0.883518323415605	0.899899650365449	0.59978188892045	0.827915533475676	0.915235538835825	0.827557167648993	0.874536794898203	0.750547177740595	0.713653118759454	0.817305622403201	0.829147181810119	0.693662910850435	0.830178092269356	0.512539451977455	0.845605771072012	0.82407273142704	0.700644738965781	0.577105658545002	0.731442274613304	0.716280092331911	0.802771405489904	0.880313692031909	0.895002348785557	0.856086562698242	0.471046542699595	0.895136323257493	0.656354486529046	0.720237248401982	0.788091745174365	0.793326486745836	0.898795068946914	0.660581853798492	0.954258688030321	0.430253032984278	0.914233728376777	0.334917887630154	0.847535725204241	0.552141176039106	0.825872204127339	0.700439744432605	0.385293896103924	0.835524053954546	0.83444385936947	0.619993647415525	0.843568097246145	0.872022930018695	0.874733352601861	0.868218127432674	0.851768340566074	0.849013439165221	0.764940566107272	0.298339632789454	0.628341849305603	0.821020918406099	0.856799932757738	0.899799037868155	0.864872873844366
cg26846076	NA	NA	NA	NA	NA	NA	NA	NA	NA	NA	NA	NA	NA	NA	NA	NA	NA	NA	NA	NA	NA	NA	NA	NA	NA	NA	NA	NA	NA	NA	NA	NA	NA	NA	NA	NA	NA	NA	NA	NA	NA	NA	NA	NA	NA	NA	NA	NA	NA	NA	NA	NA	NA	NA	NA	NA	NA	NA	NA	NA	NA	NA	NA	NA	NA	NA	NA	NA	NA	NA	NA	NA	NA	NA	NA	NA	NA	NA	NA	NA	NA	NA	NA	NA	NA	NA	NA	NA	NA	NA	NA	NA	NA	NA	NA	NA	NA	NA	NA
cg26870594	NA	NA	NA	NA	NA	NA	NA	NA	NA	NA	NA	NA	NA	NA	NA	NA	NA	NA	NA	NA	NA	NA	NA	NA	NA	NA	NA	NA	NA	NA	NA	NA	NA	NA	NA	NA	NA	NA	NA	NA	NA	NA	NA	NA	NA	NA	NA	NA	NA	NA	NA	NA	NA	NA	NA	NA	NA	NA	NA	NA	NA	NA	NA	NA	NA	NA	NA	NA	NA	NA	NA	NA	NA	NA	NA	NA	NA	NA	NA	NA	NA	NA	NA	NA	NA	NA	NA	NA	NA	NA	NA	NA	NA	NA	NA	NA	NA	NA	NA
cg26872780	NA	0.556549475380932	0.548727388260177	0.715593400098279	0.522070718131268	0.590316617249247	0.806751578470626	0.15921903691006	0.657604938237982	0.167685418235334	0.600085010951175	0.43729318053237	0.70761008550244	0.476604602029649	0.550614549449682	0.59985699232144	0.495901182834692	0.605823096277343	0.395770340740154	0.522456120138348	0.489554533630093	0.646522768182912	0.549378797034551	0.478896034295668	0.637916516719915	0.834301712849846	0.181407808182867	0.258516040187426	0.424085385111395	0.401393668858677	0.266540514803457	0.46894852147911	0.40327280589073	0.18010792646944	0.733882222217157	0.786876847592679	0.776087398436849	0.521106725917267	0.897603329200405	0.686955709351383	0.161875821752735	0.207420697783862	0.272105460493464	0.536074420630439	0.690304865974417	0.523030827412162	0.844989173098216	0.647361873244446	0.619477008740178	0.693410968762238	0.292062163062562	0.320473864739444	0.723274595390555	0.54483990133887	0.375894028781192	0.671121134769055	0.500867763046359	0.261190021142841	0.790359118361885	0.600061392020707	0.482302405833145	0.637189384625433	0.33238741519955	0.523451241556727	0.241890661096887	0.3660500323758	0.638228163720196	0.702838926449091	0.559681414213164	0.677923137417167	NA	0.547744083276557	0.217151640221161	0.73142228331488	0.498115441833261	0.881017703066315	0.212311588523163	0.19481659572802	0.479534991127636	0.392785449173344	0.531700979488599	0.726634798093546	0.604912190038177	0.679973709891457	0.273993514089186	0.690983428002847	0.373664329266854	0.654674573249869	0.677885109802877	0.430349248424265	0.606402370637658	0.581556546548743	0.408991603691561	0.459498477725274	0.358402800852385	0.492475381103039	0.281631114729703	0.334469623682323	0.832750921957953
cg26897236	NA	NA	NA	NA	NA	NA	NA	NA	NA	NA	NA	NA	NA	NA	NA	NA	NA	NA	NA	NA	NA	NA	NA	NA	NA	NA	NA	NA	NA	NA	NA	NA	NA	NA	NA	NA	NA	NA	NA	NA	NA	NA	NA	NA	NA	NA	NA	NA	NA	NA	NA	NA	NA	NA	NA	NA	NA	NA	NA	NA	NA	NA	NA	NA	NA	NA	NA	NA	NA	NA	NA	NA	NA	NA	NA	NA	NA	NA	NA	NA	NA	NA	NA	NA	NA	NA	NA	NA	NA	NA	NA	NA	NA	NA	NA	NA	NA	NA	NA
cg26899591	NA	NA	NA	NA	NA	NA	NA	NA	NA	NA	NA	NA	NA	NA	NA	NA	NA	NA	NA	NA	NA	NA	NA	NA	NA	NA	NA	NA	NA	NA	NA	NA	NA	NA	NA	NA	NA	NA	NA	NA	NA	NA	NA	NA	NA	NA	NA	NA	NA	NA	NA	NA	NA	NA	NA	NA	NA	NA	NA	NA	NA	NA	NA	NA	NA	NA	NA	NA	NA	NA	NA	NA	NA	NA	NA	NA	NA	NA	NA	NA	NA	NA	NA	NA	NA	NA	NA	NA	NA	NA	NA	NA	NA	NA	NA	NA	NA	NA	NA
cg27026390	0.938533959237396	0.972696501992014	0.965226955582233	0.978290685235336	0.936772533518009	0.87739927212091	0.975156569326648	0.894189610693876	0.926103263522331	0.69947498090193	0.849803153391701	0.966743166171285	0.966142356766308	0.404418303109925	0.521397822836915	0.951668734351977	0.899811711705883	0.715423163459043	0.968228837963992	0.37544576363057	0.540387481290212	0.366448478259578	0.819530008094411	0.952808477480319	0.320493066807063	0.967646815837369	0.964842952822283	0.929709371669374	0.852966688438483	0.720629200186599	0.492625481060059	0.764180553477994	0.867199859107185	0.97710410002706	0.965428528893251	0.361060382391492	0.694618751155479	0.810046505477862	0.978015252540939	0.970005259958158	0.750669816204339	0.954923809216953	0.969010411570437	0.894633442638157	0.966556982629711	0.912577861180191	0.562242950513955	0.384969570469342	0.967065313310979	0.964751240857059	0.408087703008885	0.976685598332106	0.854971845099662	0.958469606892048	0.964652543577168	0.551428074826297	0.965169225305513	0.800997653154855	0.972099630888275	0.96589257561376	0.518988262596164	0.384052784975956	0.962808077905314	0.917821586038914	0.968823370698208	0.960961839104382	0.763171318490685	0.977547297028588	0.297292916302911	0.971379829048838	0.729071173675037	0.970647284949034	0.974375380281754	0.813488052813095	0.973620260944878	0.951276885132953	0.976173199725264	0.95228516027725	0.953254828878725	0.571965190648549	0.899052975971878	0.848027578873999	0.172023598835719	0.953660381327163	0.893373743500574	0.370936007483207	0.977090665527278	0.975939269363914	0.955785143979543	0.967431601068995	0.964588464086745	0.977738054635117	0.806869624815155	0.63610940935181	0.979642594625879	0.979582326570413	0.821745539321652	0.954879426554719	0.962615303912102
cg27048446	NA	NA	NA	NA	NA	NA	NA	NA	NA	NA	NA	NA	NA	NA	NA	NA	NA	NA	NA	NA	NA	NA	NA	NA	NA	NA	NA	NA	NA	NA	NA	NA	NA	NA	NA	NA	NA	NA	NA	NA	NA	NA	NA	NA	NA	NA	NA	NA	NA	NA	NA	NA	NA	NA	NA	NA	NA	NA	NA	NA	NA	NA	NA	NA	NA	NA	NA	NA	NA	NA	NA	NA	NA	NA	NA	NA	NA	NA	NA	NA	NA	NA	NA	NA	NA	NA	NA	NA	NA	NA	NA	NA	NA	NA	NA	NA	NA	NA	NA
cg27054055	NA	NA	NA	NA	NA	NA	NA	NA	NA	NA	NA	NA	NA	NA	NA	NA	NA	NA	NA	NA	NA	NA	NA	NA	NA	NA	NA	NA	NA	NA	NA	NA	NA	NA	NA	NA	NA	NA	NA	NA	NA	NA	NA	NA	NA	NA	NA	NA	NA	NA	NA	NA	NA	NA	NA	NA	NA	NA	NA	NA	NA	NA	NA	NA	NA	NA	NA	NA	NA	NA	NA	NA	NA	NA	NA	NA	NA	NA	NA	NA	NA	NA	NA	NA	NA	NA	NA	NA	NA	NA	NA	NA	NA	NA	NA	NA	NA	NA	NA
cg27094305	NA	NA	NA	NA	NA	NA	NA	NA	NA	NA	NA	NA	NA	NA	NA	NA	NA	NA	NA	NA	NA	NA	NA	NA	NA	NA	NA	NA	NA	NA	NA	NA	NA	NA	NA	NA	NA	NA	NA	NA	NA	NA	NA	NA	NA	NA	NA	NA	NA	NA	NA	NA	NA	NA	NA	NA	NA	NA	NA	NA	NA	NA	NA	NA	NA	NA	NA	NA	NA	NA	NA	NA	NA	NA	NA	NA	NA	NA	NA	NA	NA	NA	NA	NA	NA	NA	NA	NA	NA	NA	NA	NA	NA	NA	NA	NA	NA	NA	NA
cg27095983	NA	NA	NA	NA	NA	NA	NA	NA	NA	NA	NA	NA	NA	NA	NA	NA	NA	NA	NA	NA	NA	NA	NA	NA	NA	NA	NA	NA	NA	NA	NA	NA	NA	NA	NA	NA	NA	NA	NA	NA	NA	NA	NA	NA	NA	NA	NA	NA	NA	NA	NA	NA	NA	NA	NA	NA	NA	NA	NA	NA	NA	NA	NA	NA	NA	NA	NA	NA	NA	NA	NA	NA	NA	NA	NA	NA	NA	NA	NA	NA	NA	NA	NA	NA	NA	NA	NA	NA	NA	NA	NA	NA	NA	NA	NA	NA	NA	NA	NA
cg27098587	NA	NA	NA	NA	NA	NA	NA	NA	NA	NA	NA	NA	NA	NA	NA	NA	NA	NA	NA	NA	NA	NA	NA	NA	NA	NA	NA	NA	NA	NA	NA	NA	NA	NA	NA	NA	NA	NA	NA	NA	NA	NA	NA	NA	NA	NA	NA	NA	NA	NA	NA	NA	NA	NA	NA	NA	NA	NA	NA	NA	NA	NA	NA	NA	NA	NA	NA	NA	NA	NA	NA	NA	NA	NA	NA	NA	NA	NA	NA	NA	NA	NA	NA	NA	NA	NA	NA	NA	NA	NA	NA	NA	NA	NA	NA	NA	NA	NA	NA
cg27111461	NA	NA	NA	NA	NA	NA	NA	NA	NA	NA	NA	NA	NA	NA	NA	NA	NA	NA	NA	NA	NA	NA	NA	NA	NA	NA	NA	NA	NA	NA	NA	NA	NA	NA	NA	NA	NA	NA	NA	NA	NA	NA	NA	NA	NA	NA	NA	NA	NA	NA	NA	NA	NA	NA	NA	NA	NA	NA	NA	NA	NA	NA	NA	NA	NA	NA	NA	NA	NA	NA	NA	NA	NA	NA	NA	NA	NA	NA	NA	NA	NA	NA	NA	NA	NA	NA	NA	NA	NA	NA	NA	NA	NA	NA	NA	NA	NA	NA	NA
cg27129076	NA	NA	NA	NA	NA	NA	NA	NA	NA	NA	NA	NA	NA	NA	NA	NA	NA	NA	NA	NA	NA	NA	NA	NA	NA	NA	NA	NA	NA	NA	NA	NA	NA	NA	NA	NA	NA	NA	NA	NA	NA	NA	NA	NA	NA	NA	NA	NA	NA	NA	NA	NA	NA	NA	NA	NA	NA	NA	NA	NA	NA	NA	NA	NA	NA	NA	NA	NA	NA	NA	NA	NA	NA	NA	NA	NA	NA	NA	NA	NA	NA	NA	NA	NA	NA	NA	NA	NA	NA	NA	NA	NA	NA	NA	NA	NA	NA	NA	NA
cg27147706	NA	NA	NA	NA	NA	NA	NA	NA	NA	NA	NA	NA	NA	NA	NA	NA	NA	NA	NA	NA	NA	NA	NA	NA	NA	NA	NA	NA	NA	NA	NA	NA	NA	NA	NA	NA	NA	NA	NA	NA	NA	NA	NA	NA	NA	NA	NA	NA	NA	NA	NA	NA	NA	NA	NA	NA	NA	NA	NA	NA	NA	NA	NA	NA	NA	NA	NA	NA	NA	NA	NA	NA	NA	NA	NA	NA	NA	NA	NA	NA	NA	NA	NA	NA	NA	NA	NA	NA	NA	NA	NA	NA	NA	NA	NA	NA	NA	NA	NA
cg27167195	NA	NA	NA	NA	NA	NA	NA	NA	NA	NA	NA	NA	NA	NA	NA	NA	NA	NA	NA	NA	NA	NA	NA	NA	NA	NA	NA	NA	NA	NA	NA	NA	NA	NA	NA	NA	NA	NA	NA	NA	NA	NA	NA	NA	NA	NA	NA	NA	NA	NA	NA	NA	NA	NA	NA	NA	NA	NA	NA	NA	NA	NA	NA	NA	NA	NA	NA	NA	NA	NA	NA	NA	NA	NA	NA	NA	NA	NA	NA	NA	NA	NA	NA	NA	NA	NA	NA	NA	NA	NA	NA	NA	NA	NA	NA	NA	NA	NA	NA
cg27184649	0.953481697523592	0.903592866671089	0.942048021071483	0.966710618418225	0.944919191135323	0.959910501616461	0.95663022737332	0.966347722819628	0.943223522255578	0.948915249323336	0.947556227261406	0.949238068513762	0.940968109982557	0.945139758729118	0.92958310932395	0.960881681856082	0.956687949844144	0.92334596529819	0.95658276668754	0.954099843278007	0.942673425079518	0.948761172214783	0.942129858393923	0.954680129579958	0.945137272925612	0.912692284243529	0.958462147135298	0.961173752826317	0.95132573382818	0.959511640680646	0.965819712434582	0.953235207201431	0.953261592907936	0.913745323294588	0.94027636895381	0.960673052803116	0.957728910588749	0.955326664739023	0.967964325147143	0.966487640911383	0.962339583738638	0.970881726168566	0.947540585386613	0.95071946591256	0.95049630397129	0.967578285271942	0.957597419841645	0.956733372027341	0.962714889989916	0.946256442831639	0.966721634882235	0.92606617810002	0.951615373465259	0.961792269043081	0.945031751047588	0.9451206463276	0.946033466157765	0.946947220140955	0.962472262351803	0.958204425342851	0.950725482268534	0.947017054459628	0.940185572694226	0.962413964508984	0.960481736766647	0.94496278196488	0.965056477154552	0.935238639451369	0.95777811554315	0.944809353322542	0.957924714265434	0.965380321838727	0.956240890459191	0.942878075305014	0.960585238165453	0.948615001951075	0.939717295686106	0.934495566070772	0.943859675875789	0.939391024923568	0.953073319602955	0.961789420595106	0.945098864203532	0.960684193073557	0.927512562509969	0.950728171759037	0.965438840509216	0.945532029001607	0.963134449430573	0.960995116120958	0.952215004835431	0.958527939486068	0.963550901893875	0.967071466001591	0.955570644430311	0.955613123112323	0.94059395142106	0.939887588222794	0.9505699730689
cg27185511	NA	NA	NA	NA	NA	NA	NA	NA	NA	NA	NA	NA	NA	NA	NA	NA	NA	NA	NA	NA	NA	NA	NA	NA	NA	NA	NA	NA	NA	NA	NA	NA	NA	NA	NA	NA	NA	NA	NA	NA	NA	NA	NA	NA	NA	NA	NA	NA	NA	NA	NA	NA	NA	NA	NA	NA	NA	NA	NA	NA	NA	NA	NA	NA	NA	NA	NA	NA	NA	NA	NA	NA	NA	NA	NA	NA	NA	NA	NA	NA	NA	NA	NA	NA	NA	NA	NA	NA	NA	NA	NA	NA	NA	NA	NA	NA	NA	NA	NA
cg27192418	0.91522046136542	0.894299748362506	0.941607938232625	0.927717626242382	0.938287116913113	0.769055249424517	0.821700875434208	0.895096587772625	0.875078677113099	0.855662368526884	0.914811809505652	0.94307610460719	0.868355553252959	0.437455368371059	0.922561871980288	0.920203404929926	0.934037069644397	0.921639680170884	0.670112336662425	0.731318962295956	0.784946269924876	0.819246677316446	0.741937237987165	0.848608285378373	0.468545286901683	0.931423643031629	0.918086938352674	0.921020005993432	0.830934650815088	0.939219580263855	0.821490596318244	0.935412674180366	0.856656618529923	0.922617257699179	0.927357578308518	0.600463961660096	0.686021823599006	0.940525796021322	0.904781046944227	0.928735036911773	0.806892681634595	0.929732329301499	0.748540634602779	0.949331516170914	0.860302291821275	0.906907771420176	0.390728103231617	0.598944147205358	0.904084458708873	0.93695719564019	0.658690312759681	0.927801409459766	0.112847403980812	0.91031181192459	0.909489261345412	0.603619373793495	0.723210256531936	0.867328414927494	0.896039457894442	0.605870604937735	0.444300821992851	0.903558284981537	0.93439847884768	0.883858867879819	0.907592680851269	0.921311626655779	0.894369172948788	0.910687264260603	0.550278805815838	0.920428350504077	0.876167005243059	0.914213368448496	0.941692107629703	0.753154416707539	0.925475952821935	0.935477709004495	0.919888688576647	0.81201635232436	0.885594668985808	0.69192057806093	0.900667382372908	0.885060500759263	0.240114596881153	0.764860406024084	0.911211925367276	0.39461691311252	0.92055365208049	0.910566859688291	0.954466136423219	0.93652510888401	0.880196969928632	0.919467079569387	0.923202486938711	0.871591383081722	0.848108644400429	0.935003026512842	0.916681577149509	0.92564861403033	0.912134514724618
cg27215140	NA	NA	NA	NA	NA	NA	NA	NA	NA	NA	NA	NA	NA	NA	NA	NA	NA	NA	NA	NA	NA	NA	NA	NA	NA	NA	NA	NA	NA	NA	NA	NA	NA	NA	NA	NA	NA	NA	NA	NA	NA	NA	NA	NA	NA	NA	NA	NA	NA	NA	NA	NA	NA	NA	NA	NA	NA	NA	NA	NA	NA	NA	NA	NA	NA	NA	NA	NA	NA	NA	NA	NA	NA	NA	NA	NA	NA	NA	NA	NA	NA	NA	NA	NA	NA	NA	NA	NA	NA	NA	NA	NA	NA	NA	NA	NA	NA	NA	NA
cg27224107	NA	NA	NA	NA	NA	NA	NA	NA	NA	NA	NA	NA	NA	NA	NA	NA	NA	NA	NA	NA	NA	NA	NA	NA	NA	NA	NA	NA	NA	NA	NA	NA	NA	NA	NA	NA	NA	NA	NA	NA	NA	NA	NA	NA	NA	NA	NA	NA	NA	NA	NA	NA	NA	NA	NA	NA	NA	NA	NA	NA	NA	NA	NA	NA	NA	NA	NA	NA	NA	NA	NA	NA	NA	NA	NA	NA	NA	NA	NA	NA	NA	NA	NA	NA	NA	NA	NA	NA	NA	NA	NA	NA	NA	NA	NA	NA	NA	NA	NA
cg27233997	NA	NA	NA	NA	NA	NA	NA	NA	NA	NA	NA	NA	NA	NA	NA	NA	NA	NA	NA	NA	NA	NA	NA	NA	NA	NA	NA	NA	NA	NA	NA	NA	NA	NA	NA	NA	NA	NA	NA	NA	NA	NA	NA	NA	NA	NA	NA	NA	NA	NA	NA	NA	NA	NA	NA	NA	NA	NA	NA	NA	NA	NA	NA	NA	NA	NA	NA	NA	NA	NA	NA	NA	NA	NA	NA	NA	NA	NA	NA	NA	NA	NA	NA	NA	NA	NA	NA	NA	NA	NA	NA	NA	NA	NA	NA	NA	NA	NA	NA
cg27235725	NA	NA	NA	NA	NA	NA	NA	NA	NA	NA	NA	NA	NA	NA	NA	NA	NA	NA	NA	NA	NA	NA	NA	NA	NA	NA	NA	NA	NA	NA	NA	NA	NA	NA	NA	NA	NA	NA	NA	NA	NA	NA	NA	NA	NA	NA	NA	NA	NA	NA	NA	NA	NA	NA	NA	NA	NA	NA	NA	NA	NA	NA	NA	NA	NA	NA	NA	NA	NA	NA	NA	NA	NA	NA	NA	NA	NA	NA	NA	NA	NA	NA	NA	NA	NA	NA	NA	NA	NA	NA	NA	NA	NA	NA	NA	NA	NA	NA	NA
cg27241677	NA	NA	NA	NA	NA	NA	NA	NA	NA	NA	NA	NA	NA	NA	NA	NA	NA	NA	NA	NA	NA	NA	NA	NA	NA	NA	NA	NA	NA	NA	NA	NA	NA	NA	NA	NA	NA	NA	NA	NA	NA	NA	NA	NA	NA	NA	NA	NA	NA	NA	NA	NA	NA	NA	NA	NA	NA	NA	NA	NA	NA	NA	NA	NA	NA	NA	NA	NA	NA	NA	NA	NA	NA	NA	NA	NA	NA	NA	NA	NA	NA	NA	NA	NA	NA	NA	NA	NA	NA	NA	NA	NA	NA	NA	NA	NA	NA	NA	NA
cg27276918	0.989125303779314	0.98841890625235	0.986351525803568	0.985148906982821	0.988299416281634	0.979393044424083	0.983414265838625	0.91024700475064	0.989498980325714	0.940981647052337	0.988570671318666	0.988072233294385	0.988241840608497	0.990688400409575	0.988336765659593	0.991602170638898	0.988329243907443	0.988609177113449	0.988613263177711	0.987446658232579	0.985052898306377	0.988189630196063	0.969681292477065	0.989336272801621	0.987853028929448	0.986228468588939	0.981691788289597	0.965509908434173	0.988689219788847	0.991697444255612	0.992927131070954	0.988872511471369	0.989956070552446	0.984506100605584	0.984602340904818	0.984307610268416	0.984521534193807	0.958279580367264	0.989159107033935	0.985591218803403	0.980080234821053	0.991232099998968	0.983605947899948	0.989262743663686	0.972433194726983	0.981617057268062	0.988538871463838	0.987589272726354	0.990219287219247	0.990695071772495	0.98599164785269	0.987089705042238	0.976439759271991	0.988560751835982	0.986500271424992	0.988802862259269	0.988593043845493	0.988038979404749	0.988020225125285	0.982443641520465	0.982933117105868	0.987044879783275	0.985713595853663	0.978297210182592	0.987492998392125	0.986830761914766	0.982077436297433	0.989313507534541	0.953436995166931	0.990455236160507	0.987771315696681	0.990155525377324	0.990127541226173	0.988230361637511	0.988713139267671	0.987250954567906	0.989563203377634	0.985137639145892	0.987404080990556	0.98814276624846	0.990297289466103	0.979286154521025	0.986526727533843	0.984617371697855	0.986611745859078	0.98190517626897	0.988916545690537	0.990060184088998	0.98830436283748	0.988796649405921	0.988079332688338	0.987310002563151	0.988182650389538	0.970130040324237	0.860811520595959	0.989422685769585	0.987294465638881	0.982713048550476	0.986745497175862
cg27303211	0.811876596466424	0.780962783786777	0.783305478879148	0.777984344154374	0.930075929389214	0.434124282475088	0.879094905465233	0.46526143259959	0.805609611911495	0.951697790567314	0.456738510840035	0.923861016721791	0.868026552501097	0.650760431849245	0.938946273049443	0.400715648103537	0.612275297109519	0.686106832006562	0.576744734854913	0.362073452468932	0.440317147316321	0.74914164945299	0.566794980441721	0.920603195238298	0.15527290480507	0.835796950269742	0.738928159301814	0.932588863806881	0.694567676769591	0.820209407882888	0.270965188342504	0.582895131881533	0.797856724609399	0.790175579612673	0.685534799684362	0.796177980939007	0.867479931932877	0.41982000993792	0.947945812171069	0.367067276796007	0.910227697798978	0.805680565886411	0.949978804781077	0.146701413669936	0.589566891412662	0.907167793884933	0.833896527589494	0.410659379885608	0.377236541658018	0.588326994020774	0.724789336827466	0.914950524991005	0.857830159934062	0.853119479221843	0.754800868305615	0.201807682504122	0.480896440945871	0.486635944618288	0.345474608130285	0.922935880077348	0.422883851419177	0.0657884872656068	0.91853995714916	0.880345738063858	0.94893783592709	0.904654358952706	0.838045381709995	0.965986721620621	0.932578850849394	0.608284422627063	0.304145935129962	0.756415763914258	0.591878598439304	0.341528504638942	0.917403167824448	0.606095822428612	0.777861592479736	0.377738571034564	0.847442183909184	0.385010480571629	0.593840696682408	0.756660917904315	0.294859828389703	0.807081320278338	0.92620237511673	0.119107957028955	0.888838287555517	0.80329309245906	0.603932134660704	0.905277705485086	0.945780274189397	0.572651547221587	0.632064213715913	0.0407482432854817	0.849364029507043	0.822130900694144	0.726843498121544	0.931196022258838	0.945456769462196
cg27360593	NA	NA	NA	NA	NA	NA	NA	NA	NA	NA	NA	NA	NA	NA	NA	NA	NA	NA	NA	NA	NA	NA	NA	NA	NA	NA	NA	NA	NA	NA	NA	NA	NA	NA	NA	NA	NA	NA	NA	NA	NA	NA	NA	NA	NA	NA	NA	NA	NA	NA	NA	NA	NA	NA	NA	NA	NA	NA	NA	NA	NA	NA	NA	NA	NA	NA	NA	NA	NA	NA	NA	NA	NA	NA	NA	NA	NA	NA	NA	NA	NA	NA	NA	NA	NA	NA	NA	NA	NA	NA	NA	NA	NA	NA	NA	NA	NA	NA	NA
cg27372181	NA	NA	NA	NA	NA	NA	NA	NA	NA	NA	NA	NA	NA	NA	NA	NA	NA	NA	NA	NA	NA	NA	NA	NA	NA	NA	NA	NA	NA	NA	NA	NA	NA	NA	NA	NA	NA	NA	NA	NA	NA	NA	NA	NA	NA	NA	NA	NA	NA	NA	NA	NA	NA	NA	NA	NA	NA	NA	NA	NA	NA	NA	NA	NA	NA	NA	NA	NA	NA	NA	NA	NA	NA	NA	NA	NA	NA	NA	NA	NA	NA	NA	NA	NA	NA	NA	NA	NA	NA	NA	NA	NA	NA	NA	NA	NA	NA	NA	NA
cg27378066	NA	NA	NA	NA	NA	NA	NA	NA	NA	NA	NA	NA	NA	NA	NA	NA	NA	NA	NA	NA	NA	NA	NA	NA	NA	NA	NA	NA	NA	NA	NA	NA	NA	NA	NA	NA	NA	NA	NA	NA	NA	NA	NA	NA	NA	NA	NA	NA	NA	NA	NA	NA	NA	NA	NA	NA	NA	NA	NA	NA	NA	NA	NA	NA	NA	NA	NA	NA	NA	NA	NA	NA	NA	NA	NA	NA	NA	NA	NA	NA	NA	NA	NA	NA	NA	NA	NA	NA	NA	NA	NA	NA	NA	NA	NA	NA	NA	NA	NA
cg27392815	NA	NA	NA	NA	NA	NA	NA	NA	NA	NA	NA	NA	NA	NA	NA	NA	NA	NA	NA	NA	NA	NA	NA	NA	NA	NA	NA	NA	NA	NA	NA	NA	NA	NA	NA	NA	NA	NA	NA	NA	NA	NA	NA	NA	NA	NA	NA	NA	NA	NA	NA	NA	NA	NA	NA	NA	NA	NA	NA	NA	NA	NA	NA	NA	NA	NA	NA	NA	NA	NA	NA	NA	NA	NA	NA	NA	NA	NA	NA	NA	NA	NA	NA	NA	NA	NA	NA	NA	NA	NA	NA	NA	NA	NA	NA	NA	NA	NA	NA
cg27399297	NA	NA	NA	NA	NA	NA	NA	NA	NA	NA	NA	NA	NA	NA	NA	NA	NA	NA	NA	NA	NA	NA	NA	NA	NA	NA	NA	NA	NA	NA	NA	NA	NA	NA	NA	NA	NA	NA	NA	NA	NA	NA	NA	NA	NA	NA	NA	NA	NA	NA	NA	NA	NA	NA	NA	NA	NA	NA	NA	NA	NA	NA	NA	NA	NA	NA	NA	NA	NA	NA	NA	NA	NA	NA	NA	NA	NA	NA	NA	NA	NA	NA	NA	NA	NA	NA	NA	NA	NA	NA	NA	NA	NA	NA	NA	NA	NA	NA	NA
cg27400353	NA	NA	NA	NA	NA	NA	NA	NA	NA	NA	NA	NA	NA	NA	NA	NA	NA	NA	NA	NA	NA	NA	NA	NA	NA	NA	NA	NA	NA	NA	NA	NA	NA	NA	NA	NA	NA	NA	NA	NA	NA	NA	NA	NA	NA	NA	NA	NA	NA	NA	NA	NA	NA	NA	NA	NA	NA	NA	NA	NA	NA	NA	NA	NA	NA	NA	NA	NA	NA	NA	NA	NA	NA	NA	NA	NA	NA	NA	NA	NA	NA	NA	NA	NA	NA	NA	NA	NA	NA	NA	NA	NA	NA	NA	NA	NA	NA	NA	NA
cg27413928	NA	NA	NA	NA	NA	NA	NA	NA	NA	NA	NA	NA	NA	NA	NA	NA	NA	NA	NA	NA	NA	NA	NA	NA	NA	NA	NA	NA	NA	NA	NA	NA	NA	NA	NA	NA	NA	NA	NA	NA	NA	NA	NA	NA	NA	NA	NA	NA	NA	NA	NA	NA	NA	NA	NA	NA	NA	NA	NA	NA	NA	NA	NA	NA	NA	NA	NA	NA	NA	NA	NA	NA	NA	NA	NA	NA	NA	NA	NA	NA	NA	NA	NA	NA	NA	NA	NA	NA	NA	NA	NA	NA	NA	NA	NA	NA	NA	NA	NA
cg27422721	NA	NA	NA	NA	NA	NA	NA	NA	NA	NA	NA	NA	NA	NA	NA	NA	NA	NA	NA	NA	NA	NA	NA	NA	NA	NA	NA	NA	NA	NA	NA	NA	NA	NA	NA	NA	NA	NA	NA	NA	NA	NA	NA	NA	NA	NA	NA	NA	NA	NA	NA	NA	NA	NA	NA	NA	NA	NA	NA	NA	NA	NA	NA	NA	NA	NA	NA	NA	NA	NA	NA	NA	NA	NA	NA	NA	NA	NA	NA	NA	NA	NA	NA	NA	NA	NA	NA	NA	NA	NA	NA	NA	NA	NA	NA	NA	NA	NA	NA
cg27436603	NA	NA	NA	NA	NA	NA	NA	NA	NA	NA	NA	NA	NA	NA	NA	NA	NA	NA	NA	NA	NA	NA	NA	NA	NA	NA	NA	NA	NA	NA	NA	NA	NA	NA	NA	NA	NA	NA	NA	NA	NA	NA	NA	NA	NA	NA	NA	NA	NA	NA	NA	NA	NA	NA	NA	NA	NA	NA	NA	NA	NA	NA	NA	NA	NA	NA	NA	NA	NA	NA	NA	NA	NA	NA	NA	NA	NA	NA	NA	NA	NA	NA	NA	NA	NA	NA	NA	NA	NA	NA	NA	NA	NA	NA	NA	NA	NA	NA	NA
cg27441138	0.860547475445337	0.515743289170601	0.56611348356942	0.773924923638586	0.768824471820612	0.42541828145976	0.699095725002478	0.709896674128076	0.686327811701182	0.916753487430886	0.294773452411467	0.928798324997748	0.832622403329525	0.209966830888404	0.505810485176239	0.871129116640381	0.835013079836504	0.572023550457886	0.365777042671485	0.546860461236584	0.787170442207198	0.431607317144152	0.580008297792655	0.409068208132439	0.199032177232187	0.91972285261218	0.594938008863132	0.442182391268207	0.787013482790906	0.585810141238338	0.517562489980598	0.488449766167991	0.664472729795208	0.928980557511711	0.928421157198325	0.455297774096037	0.143141225355833	0.705355541492996	0.926196462905311	0.50486162738692	0.933615878811854	0.577378531565374	0.744732425978877	0.679430636167359	0.724247919750125	0.914376707925673	0.191076997283738	0.632926372997967	0.584038406381471	0.324276610710697	0.485417888133263	0.909722699623689	0.364603159956816	0.655581620531853	0.655714953358	0.4709825937099	0.608836262175514	0.355611317957233	0.786506210258806	0.580703430544598	0.504068999770078	0.429000741579244	0.886438954992776	0.904967184548093	0.950737395635153	0.651535871535052	0.331438039549113	0.90967077259178	0.810948045589513	0.924420485053268	0.294313461564897	0.614924582417775	0.329987303272718	0.305753403875384	0.710404130560098	0.589979519556661	0.837360284081703	0.868326151911574	0.86542939357956	0.57928797689841	0.879125445815738	0.320096866061613	0.448000157129346	0.751461581714921	0.321031196582808	0.205875747469654	0.637263308695673	0.214556081121142	0.918103031300582	0.772937041848879	0.891717166240645	0.850872283512848	0.390232718246991	0.699763219619672	0.914231284730409	0.582630280546233	0.784634651744831	0.82044570736848	0.875356579124322
cg27476881	NA	NA	NA	NA	NA	NA	NA	NA	NA	NA	NA	NA	NA	NA	NA	NA	NA	NA	NA	NA	NA	NA	NA	NA	NA	NA	NA	NA	NA	NA	NA	NA	NA	NA	NA	NA	NA	NA	NA	NA	NA	NA	NA	NA	NA	NA	NA	NA	NA	NA	NA	NA	NA	NA	NA	NA	NA	NA	NA	NA	NA	NA	NA	NA	NA	NA	NA	NA	NA	NA	NA	NA	NA	NA	NA	NA	NA	NA	NA	NA	NA	NA	NA	NA	NA	NA	NA	NA	NA	NA	NA	NA	NA	NA	NA	NA	NA	NA	NA
cg27493336	NA	NA	NA	NA	NA	NA	NA	NA	NA	NA	NA	NA	NA	NA	NA	NA	NA	NA	NA	NA	NA	NA	NA	NA	NA	NA	NA	NA	NA	NA	NA	NA	NA	NA	NA	NA	NA	NA	NA	NA	NA	NA	NA	NA	NA	NA	NA	NA	NA	NA	NA	NA	NA	NA	NA	NA	NA	NA	NA	NA	NA	NA	NA	NA	NA	NA	NA	NA	NA	NA	NA	NA	NA	NA	NA	NA	NA	NA	NA	NA	NA	NA	NA	NA	NA	NA	NA	NA	NA	NA	NA	NA	NA	NA	NA	NA	NA	NA	NA
cg27496179	NA	NA	NA	NA	NA	NA	NA	NA	NA	NA	NA	NA	NA	NA	NA	NA	NA	NA	NA	NA	NA	NA	NA	NA	NA	NA	NA	NA	NA	NA	NA	NA	NA	NA	NA	NA	NA	NA	NA	NA	NA	NA	NA	NA	NA	NA	NA	NA	NA	NA	NA	NA	NA	NA	NA	NA	NA	NA	NA	NA	NA	NA	NA	NA	NA	NA	NA	NA	NA	NA	NA	NA	NA	NA	NA	NA	NA	NA	NA	NA	NA	NA	NA	NA	NA	NA	NA	NA	NA	NA	NA	NA	NA	NA	NA	NA	NA	NA	NA
cg27530298	NA	NA	NA	NA	NA	NA	NA	NA	NA	NA	NA	NA	NA	NA	NA	NA	NA	NA	NA	NA	NA	NA	NA	NA	NA	NA	NA	NA	NA	NA	NA	NA	NA	NA	NA	NA	NA	NA	NA	NA	NA	NA	NA	NA	NA	NA	NA	NA	NA	NA	NA	NA	NA	NA	NA	NA	NA	NA	NA	NA	NA	NA	NA	NA	NA	NA	NA	NA	NA	NA	NA	NA	NA	NA	NA	NA	NA	NA	NA	NA	NA	NA	NA	NA	NA	NA	NA	NA	NA	NA	NA	NA	NA	NA	NA	NA	NA	NA	NA
cg27562595	NA	NA	NA	NA	NA	NA	NA	NA	NA	NA	NA	NA	NA	NA	NA	NA	NA	NA	NA	NA	NA	NA	NA	NA	NA	NA	NA	NA	NA	NA	NA	NA	NA	NA	NA	NA	NA	NA	NA	NA	NA	NA	NA	NA	NA	NA	NA	NA	NA	NA	NA	NA	NA	NA	NA	NA	NA	NA	NA	NA	NA	NA	NA	NA	NA	NA	NA	NA	NA	NA	NA	NA	NA	NA	NA	NA	NA	NA	NA	NA	NA	NA	NA	NA	NA	NA	NA	NA	NA	NA	NA	NA	NA	NA	NA	NA	NA	NA	NA
cg27574287	0.660423495467232	0.75659750239997	0.887790413539553	0.851818600460898	0.523135555877078	0.546460594516771	0.895168067195797	0.65275043131493	0.386492470157608	0.344699477230997	0.629106467411094	0.893225555197694	0.784018704193535	0.253514130203046	0.765224830651658	0.878759588587193	0.903735228297104	0.56610908267307	0.895282534040711	0.399532474268929	0.632221403592087	0.501778898247373	0.562989488743436	0.719874287062682	0.375304740074359	0.827423555152875	0.746081942998406	0.515864511284263	0.760628151608292	0.846339695625742	0.390017944851655	0.850298787433422	0.283632891261748	0.823783371727796	0.666608438695995	0.623903645480114	0.586374522726792	0.595488322679037	0.826436577596225	0.508386415205273	0.7306317362365	0.797467576712075	0.539158478914329	0.84063553104573	0.409698352958078	0.559486466447574	0.304480331555065	0.56928134531958	0.627092808343454	0.688585698893069	0.439997368945181	0.844029090830517	0.658223302099594	0.806718363709663	0.840819941933178	0.478181657250051	0.679133256776292	0.466357962363951	0.67635794715783	0.856964227794722	0.35888066050141	0.215920334845264	0.639190732820726	0.486028785848896	0.57358832702957	0.68313681349521	0.46136059134181	0.753486558869871	0.306342359940126	0.796110495081612	0.561225148600229	0.681222127748508	0.916555218519476	0.411685119899025	0.858025436336879	0.60843359762761	0.741775131522753	0.47293673095258	0.642338112516916	0.565031344287394	0.307963941455086	0.466257675030262	0.251809091637685	0.715631070785393	0.626373195650181	0.552781896553709	0.903381959270232	0.6604717803123	0.887770543575296	0.860345861139295	0.884245783238347	0.860523186724436	0.775698664564505	0.263025531877764	0.881591255387859	0.790039192058223	0.672554678968082	0.464215588697958	0.861156444229216
cg27604672	0.439786297834667	0.627861268487327	0.333893503533599	0.433812157458596	0.317307093447317	0.30940368161937	0.630107147543728	0.180388976288529	0.230398756496878	0.194524421650081	0.235925237583407	0.467848956227825	0.428651791093744	0.160175823071822	0.622707538669416	0.205334800868325	0.266340851583458	0.249229629826652	0.177775366367434	0.215238730340781	0.365628164486116	0.35901786681536	0.101089760398614	0.232954116141449	0.212346781622276	0.291546669729819	0.460451938251351	0.261907173771041	0.333858878218623	0.266594597715866	0.180942670276531	0.364048105999822	0.161558954564997	0.266371474213165	0.45282473543907	0.143024235816253	0.390703014442003	0.207075004132932	0.479022787992237	0.321314496314998	0.469114026095311	0.48210579851791	0.329818986105367	0.335733482787726	0.188529797582501	0.256346970978561	0.200273841547837	0.29173059915274	0.183495371523118	0.634329837798052	0.273197692283926	0.362409722915456	0.144139967981658	0.484282718383	0.56259910249298	0.32155996968988	0.330370281069396	0.217983298828563	0.381488328328811	0.45966524256318	0.200375451522575	0.197954984796661	0.341116931794291	0.301270610647188	0.240561726667841	0.420855365827118	0.292801536722881	0.531244493984547	0.165226166144637	0.301926970103955	0.314302481984527	0.400720034703277	0.515800826548401	0.223335108400966	0.473057060922253	0.500733661129547	0.398459865631774	0.187476567814412	0.2940543483564	0.330063848137248	0.223270852040592	0.355704969382968	0.169118749448048	0.256853925861975	0.378619931209343	0.160545418901383	0.509712123164504	0.251405610918232	0.135302277479225	0.523745637937811	0.71920440160205	0.402638307612344	0.273125775635017	0.0867848347139356	0.25835779968664	0.395225034729112	0.439525992664134	0.410815562577237	0.419007991197545
cg27629311	NA	NA	NA	NA	NA	NA	NA	NA	NA	NA	NA	NA	NA	NA	NA	NA	NA	NA	NA	NA	NA	NA	NA	NA	NA	NA	NA	NA	NA	NA	NA	NA	NA	NA	NA	NA	NA	NA	NA	NA	NA	NA	NA	NA	NA	NA	NA	NA	NA	NA	NA	NA	NA	NA	NA	NA	NA	NA	NA	NA	NA	NA	NA	NA	NA	NA	NA	NA	NA	NA	NA	NA	NA	NA	NA	NA	NA	NA	NA	NA	NA	NA	NA	NA	NA	NA	NA	NA	NA	NA	NA	NA	NA	NA	NA	NA	NA	NA	NA
ch.1.156669547F	NA	NA	NA	NA	NA	NA	NA	NA	NA	NA	NA	NA	NA	NA	NA	NA	NA	NA	NA	NA	NA	NA	NA	NA	NA	NA	NA	NA	NA	NA	NA	NA	NA	NA	NA	NA	NA	NA	NA	NA	NA	NA	NA	NA	NA	NA	NA	NA	NA	NA	NA	NA	NA	NA	NA	NA	NA	NA	NA	NA	NA	NA	NA	NA	NA	NA	NA	NA	NA	NA	NA	NA	NA	NA	NA	NA	NA	NA	NA	NA	NA	NA	NA	NA	NA	NA	NA	NA	NA	NA	NA	NA	NA	NA	NA	NA	NA	NA	NA
ch.1.90405031F	NA	NA	NA	NA	NA	NA	NA	NA	NA	NA	NA	NA	NA	NA	NA	NA	NA	NA	NA	NA	NA	NA	NA	NA	NA	NA	NA	NA	NA	NA	NA	NA	NA	NA	NA	NA	NA	NA	NA	NA	NA	NA	NA	NA	NA	NA	NA	NA	NA	NA	NA	NA	NA	NA	NA	NA	NA	NA	NA	NA	NA	NA	NA	NA	NA	NA	NA	NA	NA	NA	NA	NA	NA	NA	NA	NA	NA	NA	NA	NA	NA	NA	NA	NA	NA	NA	NA	NA	NA	NA	NA	NA	NA	NA	NA	NA	NA	NA	NA
ch.10.47925130F	NA	NA	NA	NA	NA	NA	NA	NA	NA	NA	NA	NA	NA	NA	NA	NA	NA	NA	NA	NA	NA	NA	NA	NA	NA	NA	NA	NA	NA	NA	NA	NA	NA	NA	NA	NA	NA	NA	NA	NA	NA	NA	NA	NA	NA	NA	NA	NA	NA	NA	NA	NA	NA	NA	NA	NA	NA	NA	NA	NA	NA	NA	NA	NA	NA	NA	NA	NA	NA	NA	NA	NA	NA	NA	NA	NA	NA	NA	NA	NA	NA	NA	NA	NA	NA	NA	NA	NA	NA	NA	NA	NA	NA	NA	NA	NA	NA	NA	NA
ch.10.82591910R	NA	NA	NA	NA	NA	NA	NA	NA	NA	NA	NA	NA	NA	NA	NA	NA	NA	NA	NA	NA	NA	NA	NA	NA	NA	NA	NA	NA	NA	NA	NA	NA	NA	NA	NA	NA	NA	NA	NA	NA	NA	NA	NA	NA	NA	NA	NA	NA	NA	NA	NA	NA	NA	NA	NA	NA	NA	NA	NA	NA	NA	NA	NA	NA	NA	NA	NA	NA	NA	NA	NA	NA	NA	NA	NA	NA	NA	NA	NA	NA	NA	NA	NA	NA	NA	NA	NA	NA	NA	NA	NA	NA	NA	NA	NA	NA	NA	NA	NA
ch.11.1877857R	0.0206383729888188	0.0173142951245786	0.0376736675416609	0.0233196032385141	0.020877729434718	0.0352307686177497	0.0216387620787429	0.0211321587897812	0.0246679070151604	0.0325095635301725	0.0249710825719264	0.0342501124517588	0.0322296410291579	0.0281719364454465	0.0249553598385769	0.0258278352199447	0.0193447867337867	0.0319486153735459	0.0245310597183741	0.023848320414079	0.0283685056427524	0.0253494075605124	0.0242798567748406	0.0236149740994882	0.0217314641696938	0.0298265312102239	0.0222731997979317	0.0239666061916931	0.023166315672602	0.024057934089961	0.0177766127486388	0.0199449610208956	0.0279618839546976	0.0287514791226419	0.0294645701069429	0.0224630559477745	0.0215094116248131	0.0297847249171259	0.0180108828099493	0.0299923225880647	0.0202022909485402	0.0179434841530241	0.030047323469098	0.0187296588537294	0.019587918694102	0.0212405311684412	0.0179554273791271	0.028847877388703	0.0227591797923947	0.0191264858967693	0.0215549632562691	0.0225023934092385	0.0340819492034519	0.025959650876903	0.0318303468150482	0.0275516338094798	0.0157445554424835	0.0266330686011065	0.0198482795503346	0.0249318407822985	0.032530781290448	0.0187408918285234	0.0217292992915793	0.0225831618245583	0.0241694616453124	0.0333117491205262	0.0266493750659719	0.022897071696259	0.0317670568136081	0.0317779165804862	0.0199033685077802	0.023602364132345	0.024639109857025	0.0222175183189232	0.0240453582603918	0.0188585728122817	0.0231855494304989	0.0149801398363617	0.0244148205204341	0.0398965234954526	0.0258696362917144	0.0319392350074012	0.0187486089038518	0.0328218291400747	0.0264989730015587	0.0173524799837895	0.0242253362509721	0.0205303601584062	0.0203964893802075	0.0210819389313864	0.0208992067165624	0.0230652203755075	0.0255767231099013	0.0207869131046959	0.0221849924633331	0.0243772249917491	0.024377261432802	0.0310927955026642	0.0338518607616176
ch.11.2015773F	NA	NA	NA	NA	NA	NA	NA	NA	NA	NA	NA	NA	NA	NA	NA	NA	NA	NA	NA	NA	NA	NA	NA	NA	NA	NA	NA	NA	NA	NA	NA	NA	NA	NA	NA	NA	NA	NA	NA	NA	NA	NA	NA	NA	NA	NA	NA	NA	NA	NA	NA	NA	NA	NA	NA	NA	NA	NA	NA	NA	NA	NA	NA	NA	NA	NA	NA	NA	NA	NA	NA	NA	NA	NA	NA	NA	NA	NA	NA	NA	NA	NA	NA	NA	NA	NA	NA	NA	NA	NA	NA	NA	NA	NA	NA	NA	NA	NA	NA
ch.2.154234353F	NA	NA	NA	NA	NA	NA	NA	NA	NA	NA	NA	NA	NA	NA	NA	NA	NA	NA	NA	NA	NA	NA	NA	NA	NA	NA	NA	NA	NA	NA	NA	NA	NA	NA	NA	NA	NA	NA	NA	NA	NA	NA	NA	NA	NA	NA	NA	NA	NA	NA	NA	NA	NA	NA	NA	NA	NA	NA	NA	NA	NA	NA	NA	NA	NA	NA	NA	NA	NA	NA	NA	NA	NA	NA	NA	NA	NA	NA	NA	NA	NA	NA	NA	NA	NA	NA	NA	NA	NA	NA	NA	NA	NA	NA	NA	NA	NA	NA	NA
ch.3.70573422F	NA	NA	NA	NA	NA	NA	NA	NA	NA	NA	NA	NA	NA	NA	NA	NA	NA	NA	NA	NA	NA	NA	NA	NA	NA	NA	NA	NA	NA	NA	NA	NA	NA	NA	NA	NA	NA	NA	NA	NA	NA	NA	NA	NA	NA	NA	NA	NA	NA	NA	NA	NA	NA	NA	NA	NA	NA	NA	NA	NA	NA	NA	NA	NA	NA	NA	NA	NA	NA	NA	NA	NA	NA	NA	NA	NA	NA	NA	NA	NA	NA	NA	NA	NA	NA	NA	NA	NA	NA	NA	NA	NA	NA	NA	NA	NA	NA	NA	NA
ch.4.109582151R	NA	NA	NA	NA	NA	NA	NA	NA	NA	NA	NA	NA	NA	NA	NA	NA	NA	NA	NA	NA	NA	NA	NA	NA	NA	NA	NA	NA	NA	NA	NA	NA	NA	NA	NA	NA	NA	NA	NA	NA	NA	NA	NA	NA	NA	NA	NA	NA	NA	NA	NA	NA	NA	NA	NA	NA	NA	NA	NA	NA	NA	NA	NA	NA	NA	NA	NA	NA	NA	NA	NA	NA	NA	NA	NA	NA	NA	NA	NA	NA	NA	NA	NA	NA	NA	NA	NA	NA	NA	NA	NA	NA	NA	NA	NA	NA	NA	NA	NA
ch.4.11576235F	0.0483849654405919	0.0276778511254392	0.0561123989128531	0.044303426950463	0.0477650071096309	0.0444188895653728	0.0434536371972054	0.0400453890535728	0.0482441910141799	0.0602924756678483	0.0528678012371257	0.0552054730822549	0.0416272254720962	0.0576339344450582	0.0426092733237033	0.0275342915962065	0.0392947901447297	0.0543983075762784	0.0482773505087723	0.0434601470496635	0.0570161687540705	0.0534228176875493	0.0554801422920334	0.0293352888816591	0.0569939312081749	0.0529597974869306	0.0414585275941639	0.0603410472207186	0.0605998662353326	0.0396938043177705	0.0439328256694048	0.0379153701059294	0.0446900466530303	0.0482602082107046	0.0523179065948953	0.069917270612856	0.0453713216160051	0.0548528971386381	0.0390493592596862	0.0605091246524611	0.0409047144938111	0.0410991877431911	0.0525559732370535	0.0319031424732422	0.0297109756800934	0.0441901556309785	0.0649609324836674	0.0450253336305862	0.0411501565433832	0.0496163293762955	0.0486500299301793	0.0422603919594449	0.0850890535631637	0.046341348948507	0.0400798919115503	0.0604442713192743	0.0359281246563829	0.0543770159867606	0.0330638587573961	0.0463714607489637	0.0503142905283181	0.0431520208401409	0.0471812122755826	0.049217641916227	0.03246536984992	0.0604342244515917	0.0570203846845644	0.052857706007322	0.0769652489322371	0.0482871174174287	0.0391457362378571	0.0320627224622213	0.0745132581708763	0.0344081993322283	0.0281633682306786	0.0419463360324186	0.0384764848370519	0.0353546143175491	0.0559308046918917	0.0415288213324936	0.0379540753296673	0.079163434085013	0.0299478387539513	0.0550748177248783	0.0391000719932566	0.0345848423731763	0.0353674357160849	0.0494500662101994	0.0402041966545461	0.0288540941265694	0.0403853011139874	0.0377417024541087	0.0399511343622246	0.0422173977494005	0.0373230759184303	0.0375409471086401	0.051964261498088	0.0352595667641978	0.0498289895741293
ch.4.166959540F	NA	NA	NA	NA	NA	NA	NA	NA	NA	NA	NA	NA	NA	NA	NA	NA	NA	NA	NA	NA	NA	NA	NA	NA	NA	NA	NA	NA	NA	NA	NA	NA	NA	NA	NA	NA	NA	NA	NA	NA	NA	NA	NA	NA	NA	NA	NA	NA	NA	NA	NA	NA	NA	NA	NA	NA	NA	NA	NA	NA	NA	NA	NA	NA	NA	NA	NA	NA	NA	NA	NA	NA	NA	NA	NA	NA	NA	NA	NA	NA	NA	NA	NA	NA	NA	NA	NA	NA	NA	NA	NA	NA	NA	NA	NA	NA	NA	NA	NA
ch.5.30573736R	0.0832765495232931	0.0866854432570971	0.077923415637021	0.0957219137407721	0.0943110082432362	0.115239239032769	NA	0.0878852882509792	0.0626136527163798	0.0984888192251764	0.0856558970782401	0.0757700690548099	0.0618960497945545	0.0520582367493609	0.0890972316262413	0.0956265999195712	0.0820072693779717	0.073352851647228	0.0549447866463261	0.10226558962823	0.0783186653358906	0.0736227646368351	0.094675497172975	0.0839681496393397	0.0952531265976895	0.0963541411285159	0.0873541988598859	0.0839049029199273	0.125372378360206	0.0765661971389249	0.152162668003201	0.0538266427817753	0.0874892354580122	0.0486298934250655	NA	0.0961251388919426	0.082509927995616	0.0522622002554874	0.0795011869692244	0.0663605176978888	0.108763135556454	0.115210668861876	0.0875179872920741	0.0548165251484854	0.0678443298091246	0.077991077313748	0.129085918195212	0.121451963372211	0.0550719736042296	0.0644992511847522	0.067592031984566	0.0778647273228418	0.0958989469359902	0.0628332592507495	0.092718199617996	0.076841510864286	0.0774884481858267	0.0599276325048343	0.0918045570438316	0.0956785776889343	0.0721258542897984	0.0867517623450341	0.0720388809431616	0.10167496061459	0.102469821561102	0.101398267208542	0.0866352143782432	0.0996795005269582	0.143071284211577	0.0802717376756744	0.111140938236269	0.0791143222051717	0.0731920526922711	0.0690333787054976	0.0698502853783141	0.0918255520839729	0.0874054532438093	0.0725232592306343	0.0745835361643565	0.0747585122372272	0.0751082647374459	0.0979865935441511	0.0691773344401727	NA	0.0705568275905756	0.0923225689430574	0.0742267139288339	0.0584862441031355	0.0791878025539653	0.0762847003370761	0.138163877194808	0.084336543843915	NA	0.123274878823523	0.100240895610563	0.0702415139231122	0.179164123938415	NA	0.0814788255728124
ch.7.3333777R	0.035992936672997	0.0389108387621907	0.0393385860191638	0.0363442580431778	0.0392252272541568	0.0315112891969454	0.0461411901454631	0.0339649477888529	0.0393562375903303	0.0862129697044848	0.0283997219705008	0.037389578984683	0.0436914476584027	0.0374489239226218	0.0352018267413295	0.0316792404765697	0.0409179346874935	0.0325662310507431	0.041629118014875	0.0370925407170729	0.0370920441576611	0.0393699827081115	0.0390903237361413	0.0335002326242621	0.0380710256896427	0.0419179097428879	0.0319993395032707	0.0297375129746522	0.0343918669159234	0.0273264758333186	0.0385622924035144	0.0289891623325162	0.0353469013321739	0.0348934114941209	0.0626426769492985	0.0423270931918178	0.0387803805787716	0.0500373804046087	0.0341268906830364	0.038594712490434	0.0431920640239029	0.0370332173499059	0.0323035073807703	0.0356287415053002	0.0403901419489924	0.030692221149329	0.0273749245151856	0.0426289555539442	0.0351583807860454	0.0374468716794312	0.0463556801077959	0.0335904956203222	0.0504403797977608	0.0390618736621359	0.0391271124357548	0.0325659787202355	0.0360416216512183	0.0326773210576686	0.0255342827827131	0.0546819509777442	0.051326660043177	0.0431733107497326	0.0422580512638219	0.0349289344700594	0.0390606738250202	0.0417139917210294	0.037905800885971	0.045653543099274	0.068622953202515	0.0336202804305529	0.0359005261909641	0.031762405958719	0.0422465518017665	0.0396218137088976	0.0363885606707459	0.0290861623357134	0.0302822490674271	0.0288120347084156	0.0302355141542046	0.0440641109437019	0.028242152621022	0.0516321151327261	0.0357393262375086	0.0579103139566036	0.037350707678352	0.0331119375555713	0.0353923899066894	0.0352839694106362	0.0332145929812956	0.0384220834619093	0.0406545041866167	0.028928665841652	0.0369824323531127	0.0305176658591801	0.0418814281828446	0.0330618987972815	0.0374237750737156	0.0446985999719068	0.0414021240576156
ch.7.83866664R	0.019284598768577	0.0177938579152363	0.0195591473690072	0.0179174627206449	0.0233555023943827	0.0196510201344867	0.0189597549549969	0.0204606731270374	0.0327136555090012	0.029340576626474	0.0276125301288901	0.0233472111871669	0.0259976502205011	0.0289623427618827	0.0227329082994999	0.0197801057530256	0.031167222325054	0.0256557764135617	0.0211561872296555	0.0275884382579769	0.0232751857550581	0.038060046286643	0.0302095581729905	0.0231997438765969	0.0231437561782702	0.0238632246642802	0.0263687130508708	0.0257082778808397	0.0257846289806683	0.0188328633439055	0.0185879810967657	0.0209991444116318	0.0238093074902788	0.0194748349104497	0.0246704308145875	0.0224151810651109	0.026208180491837	0.0288338293538851	0.0202934712097946	0.0398474003671045	0.025700819203156	0.0184543462418913	0.0335017765746389	0.0229165170344472	0.0190058589492379	0.0192305932646185	0.0250218611931109	0.0178681878806519	0.0253509990878872	0.0218465293093629	0.0185818176536632	0.0213687567885048	0.0297363118699543	0.0234906676608473	0.022988659931994	0.0220798269826556	0.0175853230824861	0.0237058660569975	0.0206434726681247	0.0216957342977476	0.0236610149304172	0.0163854349645035	0.026474040561621	0.0200305394836303	0.0273537741170667	0.030134748812947	0.0267325181516385	0.0372444205260409	0.0293020498799735	0.0245423303422979	0.016903204247035	0.0245314849261372	0.0208477746017991	0.0196381652067209	0.0182202695517893	0.0808518014257252	0.031059137695363	0.0168046094637935	0.0271693993954907	0.0181537890046263	0.0198221563920392	0.0275731797574574	0.0214210328863819	0.0293326588851641	0.0172390262693304	0.014420445762864	0.0210060457175108	0.031730698112187	0.0221108117502073	0.0307126779106125	0.0162305648143675	0.0138949997395215	0.0212628761060083	0.0200196970839323	0.0208869536907162	0.0200371775788364	0.0188630296875861	0.0242074859351679	0.0237133268020551
ch.8.1742370R	NA	NA	NA	NA	NA	NA	NA	NA	NA	NA	NA	NA	NA	NA	NA	NA	NA	NA	NA	NA	NA	NA	NA	NA	NA	NA	NA	NA	NA	NA	NA	NA	NA	NA	NA	NA	NA	NA	NA	NA	NA	NA	NA	NA	NA	NA	NA	NA	NA	NA	NA	NA	NA	NA	NA	NA	NA	NA	NA	NA	NA	NA	NA	NA	NA	NA	NA	NA	NA	NA	NA	NA	NA	NA	NA	NA	NA	NA	NA	NA	NA	NA	NA	NA	NA	NA	NA	NA	NA	NA	NA	NA	NA	NA	NA	NA	NA	NA	NA
ch.8.91748119F	0.0298447708716687	0.0457362986432974	0.0481644204554962	0.0303820430580481	0.0500733792125554	0.042536905213104	0.0224631717885484	0.0452562292239698	0.074675157717946	0.0729950122900022	0.0480866237583277	0.0502381162183423	0.0493433289793041	0.0613008157785556	0.0431787934732996	0.0300133577833177	0.0329404140378331	0.0587661129928556	0.0538358057228377	0.0523019258396424	0.0403695177099929	0.0527828729750072	0.0570040533148641	0.0588410421846453	0.0503590786843282	0.0539936483889146	0.0371645160911301	0.0619438953234693	0.0550300378419152	0.0356485103895672	0.0351330990852856	0.0371368698221781	0.0599631248603541	0.0748607582306208	0.0543047128138458	0.0388410078418621	0.0461345492929331	0.0558878898272503	0.0366057925562026	0.0365595915947494	0.0491228753082968	0.0260231033857536	0.0563494117429953	0.0347099431196663	0.0319946847664546	0.0274520961773391	0.0311522596810314	0.0336008961293796	0.0461587602471849	0.0288266611719316	0.0592965150397319	0.0277110707831011	0.0547635625776336	0.0427381552549503	0.043271086823941	0.0749261564540711	0.0314929632556968	0.0584218345886104	0.0319649590370315	0.0388436764220488	0.0518659356390383	0.0347119832824238	0.0455706503080842	0.0331254125553088	0.0367269023632565	0.0618944861218804	0.0484750603749774	0.0512344753074629	0.0632928453985285	0.0535886370205493	0.03338514719861	0.0349988056269315	0.0444244460070488	0.0405476341666231	0.0309764343505313	0.0364725984997138	0.0607104535239485	0.0361522556745953	0.0414693480413095	0.0526463287879915	0.0496871100603546	0.0731038447959826	0.0350821516690283	0.04249352360742	0.0497111705706568	0.0253716997397232	0.0357600642338832	0.0609795553409653	0.0410170439635031	0.0289961718573539	0.0260692679899774	0.0351947906983859	0.0364166460775124	0.0478150122762004	0.0513674806494854	0.0519788411957877	0.0488188347564005	0.0678908600172127	0.0566201630756442
ch.9.106992904R	NA	NA	NA	NA	NA	NA	NA	NA	NA	NA	NA	NA	NA	NA	NA	NA	NA	NA	NA	NA	NA	NA	NA	NA	NA	NA	NA	NA	NA	NA	NA	NA	NA	NA	NA	NA	NA	NA	NA	NA	NA	NA	NA	NA	NA	NA	NA	NA	NA	NA	NA	NA	NA	NA	NA	NA	NA	NA	NA	NA	NA	NA	NA	NA	NA	NA	NA	NA	NA	NA	NA	NA	NA	NA	NA	NA	NA	NA	NA	NA	NA	NA	NA	NA	NA	NA	NA	NA	NA	NA	NA	NA	NA	NA	NA	NA	NA	NA	NA
