A_CpG_ID	TCGA-MQ-A4LP-01A	TCGA-TS-A7P3-01A	TCGA-LK-A4O0-01A	TCGA-3H-AB3S-01A	TCGA-LK-A4NW-01A	TCGA-3H-AB3L-01A	TCGA-SH-A7BC-01A	TCGA-LK-A4O6-01A	TCGA-SH-A7BH-01A	TCGA-SC-A6LM-01A	TCGA-TS-A7OZ-01A	TCGA-ZN-A9VW-01A	TCGA-SH-A9CU-01A	TCGA-LK-A4NY-01A	TCGA-SC-AA5Z-01A	TCGA-XT-AASU-01A	TCGA-3H-AB3O-01A	TCGA-SC-A6LQ-01A	TCGA-3U-A98I-01A	TCGA-MQ-A6BN-01A	TCGA-NQ-A57I-01A	TCGA-UT-A88D-01B	TCGA-UD-AABY-01A	TCGA-3U-A98F-01A	TCGA-MQ-A4LI-01A	TCGA-UD-AAC5-01A	TCGA-YS-A95B-01A	TCGA-UD-AAC4-01A	TCGA-MQ-A4LM-01A	TCGA-MQ-A6BS-01A	TCGA-MQ-A4LV-01A	TCGA-3H-AB3K-01A	TCGA-TS-A8AY-01A	TCGA-UD-AAC1-01A	TCGA-MQ-A6BL-01A	TCGA-3H-AB3T-01A	TCGA-3U-A98H-01A	TCGA-LK-A4O7-01A	TCGA-TS-A8AI-01A	TCGA-TS-A7P8-01A	TCGA-UD-AABZ-01A	TCGA-UD-AAC6-01A	TCGA-UT-A88G-01B	TCGA-LK-A4O5-01A	TCGA-ZN-A9VS-01A	TCGA-TS-A7P6-01A	TCGA-UT-A88E-01B	TCGA-TS-A8AS-01A	TCGA-ZN-A9VO-01A	TCGA-UT-A88C-01B	TCGA-MQ-A4LJ-01A	TCGA-TS-A7P7-01A	TCGA-UT-A97Y-01A	TCGA-YS-A95C-01A	TCGA-LK-A4NZ-01A	TCGA-SC-A6LP-01A	TCGA-3U-A98E-01A	TCGA-MQ-A4LC-01A	TCGA-ZN-A9VP-01A	TCGA-3H-AB3M-01A	TCGA-SH-A9CT-01A	TCGA-NQ-A638-01A	TCGA-SC-A6LN-01A	TCGA-YS-AA4M-01A	TCGA-LK-A4O4-01A	TCGA-UD-AAC7-01A	TCGA-MQ-A6BR-01A	TCGA-TS-A7OY-01A	TCGA-TS-A7P1-01A	TCGA-MQ-A4KX-01A	TCGA-LK-A4O2-01A	TCGA-SH-A7BD-01A	TCGA-TS-A7OU-01B	TCGA-3U-A98J-01A	TCGA-TS-A8AF-01A	TCGA-SC-A6LR-01A	TCGA-3U-A98G-01A	TCGA-3H-AB3U-01A	TCGA-3U-A98D-01A	TCGA-3H-AB3X-01A	TCGA-TS-A7PB-01A	TCGA-ZN-A9VV-01A	TCGA-MQ-A6BQ-01A	TCGA-TS-A7P0-01A	TCGA-TS-A8AV-01A	TCGA-ZN-A9VU-01A	TCGA-ZN-A9VQ-01A
cg00010242	NA	NA	NA	NA	NA	NA	NA	NA	NA	NA	NA	NA	NA	NA	NA	NA	NA	NA	NA	NA	NA	NA	NA	NA	NA	NA	NA	NA	NA	NA	NA	NA	NA	NA	NA	NA	NA	NA	NA	NA	NA	NA	NA	NA	NA	NA	NA	NA	NA	NA	NA	NA	NA	NA	NA	NA	NA	NA	NA	NA	NA	NA	NA	NA	NA	NA	NA	NA	NA	NA	NA	NA	NA	NA	NA	NA	NA	NA	NA	NA	NA	NA	NA	NA	NA	NA	NA
cg00044501	NA	NA	NA	NA	NA	NA	NA	NA	NA	NA	NA	NA	NA	NA	NA	NA	NA	NA	NA	NA	NA	NA	NA	NA	NA	NA	NA	NA	NA	NA	NA	NA	NA	NA	NA	NA	NA	NA	NA	NA	NA	NA	NA	NA	NA	NA	NA	NA	NA	NA	NA	NA	NA	NA	NA	NA	NA	NA	NA	NA	NA	NA	NA	NA	NA	NA	NA	NA	NA	NA	NA	NA	NA	NA	NA	NA	NA	NA	NA	NA	NA	NA	NA	NA	NA	NA	NA
cg00081852	NA	NA	NA	NA	NA	NA	NA	NA	NA	NA	NA	NA	NA	NA	NA	NA	NA	NA	NA	NA	NA	NA	NA	NA	NA	NA	NA	NA	NA	NA	NA	NA	NA	NA	NA	NA	NA	NA	NA	NA	NA	NA	NA	NA	NA	NA	NA	NA	NA	NA	NA	NA	NA	NA	NA	NA	NA	NA	NA	NA	NA	NA	NA	NA	NA	NA	NA	NA	NA	NA	NA	NA	NA	NA	NA	NA	NA	NA	NA	NA	NA	NA	NA	NA	NA	NA	NA
cg00090612	NA	NA	NA	NA	NA	NA	NA	NA	NA	NA	NA	NA	NA	NA	NA	NA	NA	NA	NA	NA	NA	NA	NA	NA	NA	NA	NA	NA	NA	NA	NA	NA	NA	NA	NA	NA	NA	NA	NA	NA	NA	NA	NA	NA	NA	NA	NA	NA	NA	NA	NA	NA	NA	NA	NA	NA	NA	NA	NA	NA	NA	NA	NA	NA	NA	NA	NA	NA	NA	NA	NA	NA	NA	NA	NA	NA	NA	NA	NA	NA	NA	NA	NA	NA	NA	NA	NA
cg00110695	NA	NA	NA	NA	NA	NA	NA	NA	NA	NA	NA	NA	NA	NA	NA	NA	NA	NA	NA	NA	NA	NA	NA	NA	NA	NA	NA	NA	NA	NA	NA	NA	NA	NA	NA	NA	NA	NA	NA	NA	NA	NA	NA	NA	NA	NA	NA	NA	NA	NA	NA	NA	NA	NA	NA	NA	NA	NA	NA	NA	NA	NA	NA	NA	NA	NA	NA	NA	NA	NA	NA	NA	NA	NA	NA	NA	NA	NA	NA	NA	NA	NA	NA	NA	NA	NA	NA
cg00114618	NA	NA	NA	NA	NA	NA	NA	NA	NA	NA	NA	NA	NA	NA	NA	NA	NA	NA	NA	NA	NA	NA	NA	NA	NA	NA	NA	NA	NA	NA	NA	NA	NA	NA	NA	NA	NA	NA	NA	NA	NA	NA	NA	NA	NA	NA	NA	NA	NA	NA	NA	NA	NA	NA	NA	NA	NA	NA	NA	NA	NA	NA	NA	NA	NA	NA	NA	NA	NA	NA	NA	NA	NA	NA	NA	NA	NA	NA	NA	NA	NA	NA	NA	NA	NA	NA	NA
cg00116558	NA	NA	NA	NA	NA	NA	NA	NA	NA	NA	NA	NA	NA	NA	NA	NA	NA	NA	NA	NA	NA	NA	NA	NA	NA	NA	NA	NA	NA	NA	NA	NA	NA	NA	NA	NA	NA	NA	NA	NA	NA	NA	NA	NA	NA	NA	NA	NA	NA	NA	NA	NA	NA	NA	NA	NA	NA	NA	NA	NA	NA	NA	NA	NA	NA	NA	NA	NA	NA	NA	NA	NA	NA	NA	NA	NA	NA	NA	NA	NA	NA	NA	NA	NA	NA	NA	NA
cg00178785	NA	NA	NA	NA	NA	NA	NA	NA	NA	NA	NA	NA	NA	NA	NA	NA	NA	NA	NA	NA	NA	NA	NA	NA	NA	NA	NA	NA	NA	NA	NA	NA	NA	NA	NA	NA	NA	NA	NA	NA	NA	NA	NA	NA	NA	NA	NA	NA	NA	NA	NA	NA	NA	NA	NA	NA	NA	NA	NA	NA	NA	NA	NA	NA	NA	NA	NA	NA	NA	NA	NA	NA	NA	NA	NA	NA	NA	NA	NA	NA	NA	NA	NA	NA	NA	NA	NA
cg00241482	NA	NA	NA	NA	NA	NA	NA	NA	NA	NA	NA	NA	NA	NA	NA	NA	NA	NA	NA	NA	NA	NA	NA	NA	NA	NA	NA	NA	NA	NA	NA	NA	NA	NA	NA	NA	NA	NA	NA	NA	NA	NA	NA	NA	NA	NA	NA	NA	NA	NA	NA	NA	NA	NA	NA	NA	NA	NA	NA	NA	NA	NA	NA	NA	NA	NA	NA	NA	NA	NA	NA	NA	NA	NA	NA	NA	NA	NA	NA	NA	NA	NA	NA	NA	NA	NA	NA
cg00247803	NA	NA	NA	NA	NA	NA	NA	NA	NA	NA	NA	NA	NA	NA	NA	NA	NA	NA	NA	NA	NA	NA	NA	NA	NA	NA	NA	NA	NA	NA	NA	NA	NA	NA	NA	NA	NA	NA	NA	NA	NA	NA	NA	NA	NA	NA	NA	NA	NA	NA	NA	NA	NA	NA	NA	NA	NA	NA	NA	NA	NA	NA	NA	NA	NA	NA	NA	NA	NA	NA	NA	NA	NA	NA	NA	NA	NA	NA	NA	NA	NA	NA	NA	NA	NA	NA	NA
cg00253854	NA	NA	NA	NA	NA	NA	NA	NA	NA	NA	NA	NA	NA	NA	NA	NA	NA	NA	NA	NA	NA	NA	NA	NA	NA	NA	NA	NA	NA	NA	NA	NA	NA	NA	NA	NA	NA	NA	NA	NA	NA	NA	NA	NA	NA	NA	NA	NA	NA	NA	NA	NA	NA	NA	NA	NA	NA	NA	NA	NA	NA	NA	NA	NA	NA	NA	NA	NA	NA	NA	NA	NA	NA	NA	NA	NA	NA	NA	NA	NA	NA	NA	NA	NA	NA	NA	NA
cg00264298	NA	NA	NA	NA	NA	NA	NA	NA	NA	NA	NA	NA	NA	NA	NA	NA	NA	NA	NA	NA	NA	NA	NA	NA	NA	NA	NA	NA	NA	NA	NA	NA	NA	NA	NA	NA	NA	NA	NA	NA	NA	NA	NA	NA	NA	NA	NA	NA	NA	NA	NA	NA	NA	NA	NA	NA	NA	NA	NA	NA	NA	NA	NA	NA	NA	NA	NA	NA	NA	NA	NA	NA	NA	NA	NA	NA	NA	NA	NA	NA	NA	NA	NA	NA	NA	NA	NA
cg00301256	NA	NA	NA	NA	NA	NA	NA	NA	NA	NA	NA	NA	NA	NA	NA	NA	NA	NA	NA	NA	NA	NA	NA	NA	NA	NA	NA	NA	NA	NA	NA	NA	NA	NA	NA	NA	NA	NA	NA	NA	NA	NA	NA	NA	NA	NA	NA	NA	NA	NA	NA	NA	NA	NA	NA	NA	NA	NA	NA	NA	NA	NA	NA	NA	NA	NA	NA	NA	NA	NA	NA	NA	NA	NA	NA	NA	NA	NA	NA	NA	NA	NA	NA	NA	NA	NA	NA
cg00314276	NA	NA	NA	NA	NA	NA	NA	NA	NA	NA	NA	NA	NA	NA	NA	NA	NA	NA	NA	NA	NA	NA	NA	NA	NA	NA	NA	NA	NA	NA	NA	NA	NA	NA	NA	NA	NA	NA	NA	NA	NA	NA	NA	NA	NA	NA	NA	NA	NA	NA	NA	NA	NA	NA	NA	NA	NA	NA	NA	NA	NA	NA	NA	NA	NA	NA	NA	NA	NA	NA	NA	NA	NA	NA	NA	NA	NA	NA	NA	NA	NA	NA	NA	NA	NA	NA	NA
cg00318682	0.500504431933704	0.821701157368447	0.808110447436584	0.847660575268676	0.638124449578701	0.602638000517112	0.839786175228742	0.789247912552054	0.166007044919006	0.874459778222647	0.74021837241436	0.909737964872315	0.662031212815049	0.651044034601555	0.641369034058027	0.77649482149373	0.72077742646028	0.812551939273587	0.654519472917295	0.893902683615468	0.384990770140438	0.859162729961128	0.758931131789277	0.394426078109495	0.732686378923457	0.863180331748283	0.693874161183564	0.904007703278141	0.865532610226268	0.909408415141491	0.829364939295842	0.884983421117643	0.790473399601953	0.363815300493361	0.716716496835396	0.779510502716313	0.761437732777738	0.389141866344052	0.866643310697434	0.825133772000268	0.82718927113751	0.893078056945223	0.493797902891354	0.796275235351684	0.860053956628398	0.603412840297749	0.672760365684919	0.846502384779014	0.900767565955273	0.818461054166553	0.524348685833599	0.808878612626956	0.685309670508366	0.673140060326058	0.735055843225864	0.54907757808615	0.929413781994408	0.902020213802346	0.498508358921511	0.689979549065184	0.598039886847064	0.751141367114248	0.821111345157886	0.795384439514598	0.649074859676946	0.571518409179836	0.894204077070723	0.625346415633495	0.745069225082722	0.82465013831687	0.665792837224663	0.786189204091205	0.808450195273504	0.779707091442443	0.850070865377501	0.326505906303029	0.718826521771655	0.850711663580554	0.61417178669051	0.511466212766543	0.888867960223029	0.88329570623578	0.622255191738503	0.688760953769678	0.77287969155713	0.89564617889991	0.816914100546783
cg00336555	NA	NA	NA	NA	NA	NA	NA	NA	NA	NA	NA	NA	NA	NA	NA	NA	NA	NA	NA	NA	NA	NA	NA	NA	NA	NA	NA	NA	NA	NA	NA	NA	NA	NA	NA	NA	NA	NA	NA	NA	NA	NA	NA	NA	NA	NA	NA	NA	NA	NA	NA	NA	NA	NA	NA	NA	NA	NA	NA	NA	NA	NA	NA	NA	NA	NA	NA	NA	NA	NA	NA	NA	NA	NA	NA	NA	NA	NA	NA	NA	NA	NA	NA	NA	NA	NA	NA
cg00359421	NA	NA	NA	NA	NA	NA	NA	NA	NA	NA	NA	NA	NA	NA	NA	NA	NA	NA	NA	NA	NA	NA	NA	NA	NA	NA	NA	NA	NA	NA	NA	NA	NA	NA	NA	NA	NA	NA	NA	NA	NA	NA	NA	NA	NA	NA	NA	NA	NA	NA	NA	NA	NA	NA	NA	NA	NA	NA	NA	NA	NA	NA	NA	NA	NA	NA	NA	NA	NA	NA	NA	NA	NA	NA	NA	NA	NA	NA	NA	NA	NA	NA	NA	NA	NA	NA	NA
cg00379272	NA	NA	NA	NA	NA	NA	NA	NA	NA	NA	NA	NA	NA	NA	NA	NA	NA	NA	NA	NA	NA	NA	NA	NA	NA	NA	NA	NA	NA	NA	NA	NA	NA	NA	NA	NA	NA	NA	NA	NA	NA	NA	NA	NA	NA	NA	NA	NA	NA	NA	NA	NA	NA	NA	NA	NA	NA	NA	NA	NA	NA	NA	NA	NA	NA	NA	NA	NA	NA	NA	NA	NA	NA	NA	NA	NA	NA	NA	NA	NA	NA	NA	NA	NA	NA	NA	NA
cg00410323	NA	NA	NA	NA	NA	NA	NA	NA	NA	NA	NA	NA	NA	NA	NA	NA	NA	NA	NA	NA	NA	NA	NA	NA	NA	NA	NA	NA	NA	NA	NA	NA	NA	NA	NA	NA	NA	NA	NA	NA	NA	NA	NA	NA	NA	NA	NA	NA	NA	NA	NA	NA	NA	NA	NA	NA	NA	NA	NA	NA	NA	NA	NA	NA	NA	NA	NA	NA	NA	NA	NA	NA	NA	NA	NA	NA	NA	NA	NA	NA	NA	NA	NA	NA	NA	NA	NA
cg00422716	NA	NA	NA	NA	NA	NA	NA	NA	NA	NA	NA	NA	NA	NA	NA	NA	NA	NA	NA	NA	NA	NA	NA	NA	NA	NA	NA	NA	NA	NA	NA	NA	NA	NA	NA	NA	NA	NA	NA	NA	NA	NA	NA	NA	NA	NA	NA	NA	NA	NA	NA	NA	NA	NA	NA	NA	NA	NA	NA	NA	NA	NA	NA	NA	NA	NA	NA	NA	NA	NA	NA	NA	NA	NA	NA	NA	NA	NA	NA	NA	NA	NA	NA	NA	NA	NA	NA
cg00440702	NA	NA	NA	NA	NA	NA	NA	NA	NA	NA	NA	NA	NA	NA	NA	NA	NA	NA	NA	NA	NA	NA	NA	NA	NA	NA	NA	NA	NA	NA	NA	NA	NA	NA	NA	NA	NA	NA	NA	NA	NA	NA	NA	NA	NA	NA	NA	NA	NA	NA	NA	NA	NA	NA	NA	NA	NA	NA	NA	NA	NA	NA	NA	NA	NA	NA	NA	NA	NA	NA	NA	NA	NA	NA	NA	NA	NA	NA	NA	NA	NA	NA	NA	NA	NA	NA	NA
cg00480643	NA	NA	NA	NA	NA	NA	NA	NA	NA	NA	NA	NA	NA	NA	NA	NA	NA	NA	NA	NA	NA	NA	NA	NA	NA	NA	NA	NA	NA	NA	NA	NA	NA	NA	NA	NA	NA	NA	NA	NA	NA	NA	NA	NA	NA	NA	NA	NA	NA	NA	NA	NA	NA	NA	NA	NA	NA	NA	NA	NA	NA	NA	NA	NA	NA	NA	NA	NA	NA	NA	NA	NA	NA	NA	NA	NA	NA	NA	NA	NA	NA	NA	NA	NA	NA	NA	NA
cg00489467	0.254749482170242	0.880125277808076	0.960695126525414	0.946686088678341	0.960896359437337	0.84507349483196	0.948499456810418	0.962108717139967	0.952628232894857	0.578507977030685	0.936796882181925	0.971465969788433	0.957169329188294	0.923105769106031	0.965299947628927	0.952025699149297	0.935781552838022	0.949156818019938	0.96233020118918	0.963398236028117	0.969108435252116	0.951339524360906	0.937906508906351	0.732158553521836	0.953665992277316	0.942279130522128	0.940110586002776	0.914833313754316	0.950389408093062	0.956493511333007	0.944308447895663	0.956343301460512	0.920228230825611	0.960846976533432	0.902010831222619	0.956222504067878	0.933874625393757	0.945226057743742	0.953648124405162	0.939063683228246	0.957437189891516	0.964822181720513	0.917555054865849	0.961204630030243	0.952630084462887	0.944151119950005	0.963217829282502	0.95771579119124	0.966107500155726	0.944389170520445	0.944039207920174	0.962866386145226	0.933290348246406	0.953636377620153	0.962885580825022	0.914599825256539	0.930595373421696	0.94796313896414	0.936984072130778	0.955341583274843	0.960563825925293	0.957993094331488	0.952199850883025	0.954394600590004	0.948020323295294	0.935226912049934	0.940018690020263	0.932872905504173	0.959424499363038	0.969150782669718	0.953191530200705	0.954000475790813	0.953228786211262	0.95283622413165	0.929151353375988	0.958438020028526	0.922110216961847	0.957510532575307	0.952194184889329	0.941176432825766	0.965465690511575	0.782881124571376	0.953119820261437	0.935774415941615	0.936894260660105	0.950306670444566	0.935404758829701
cg00502041	NA	NA	NA	NA	NA	NA	NA	NA	NA	NA	NA	NA	NA	NA	NA	NA	NA	NA	NA	NA	NA	NA	NA	NA	NA	NA	NA	NA	NA	NA	NA	NA	NA	NA	NA	NA	NA	NA	NA	NA	NA	NA	NA	NA	NA	NA	NA	NA	NA	NA	NA	NA	NA	NA	NA	NA	NA	NA	NA	NA	NA	NA	NA	NA	NA	NA	NA	NA	NA	NA	NA	NA	NA	NA	NA	NA	NA	NA	NA	NA	NA	NA	NA	NA	NA	NA	NA
cg00506859	NA	NA	NA	NA	NA	NA	NA	NA	NA	NA	NA	NA	NA	NA	NA	NA	NA	NA	NA	NA	NA	NA	NA	NA	NA	NA	NA	NA	NA	NA	NA	NA	NA	NA	NA	NA	NA	NA	NA	NA	NA	NA	NA	NA	NA	NA	NA	NA	NA	NA	NA	NA	NA	NA	NA	NA	NA	NA	NA	NA	NA	NA	NA	NA	NA	NA	NA	NA	NA	NA	NA	NA	NA	NA	NA	NA	NA	NA	NA	NA	NA	NA	NA	NA	NA	NA	NA
cg00516867	0.819235032436931	0.838245491159179	0.920526750255964	0.605742317869713	0.907779045503217	0.876710345903327	0.918226364764289	0.850633742961111	0.832296319335397	0.36472138093788	0.74957967103562	0.695872839741278	0.833701610236572	0.652291585776595	0.778281800564037	0.638989352246641	0.846962199065038	0.896344618084589	0.768255327093288	0.91738867618026	0.412659149902029	0.802081244425978	0.408203040912459	0.314604198809944	0.920853385431073	0.868267708825173	0.800955064426614	0.872440355142261	0.670941749139936	0.90185330959807	0.755071353830978	0.899777551758144	0.692327429182067	0.233539245230993	0.658170609418669	0.662341028286367	0.854930498613485	0.252221116357558	NA	0.780266934547395	0.589445390104717	0.735796608164937	0.479280211919677	0.8977393422071	0.909690202378002	0.91568124889793	0.88056115269878	0.812368460118559	NA	0.871881642947237	0.848105596656968	0.887449398318515	0.72364297290065	0.901933555922666	0.791172225454906	0.737517957231409	NA	0.903182375564615	0.30742827781144	0.857964146054605	0.877001587427983	0.654490636323134	0.797958499191649	0.851413560487204	0.778091053219578	0.90444842175631	0.496113073527944	0.828114764474076	0.919036436687314	0.822336794782135	0.882417969194847	0.614163850778386	0.865338460763265	0.774800886060539	0.852363117844797	0.585705122757813	0.783344601868649	0.868940009341931	0.701420566180054	0.895100899412181	0.795852959573982	0.810659107337739	0.697211219999734	0.783305788790342	0.860170630556371	NA	0.231068445146705
cg00531054	NA	NA	NA	NA	NA	NA	NA	NA	NA	NA	NA	NA	NA	NA	NA	NA	NA	NA	NA	NA	NA	NA	NA	NA	NA	NA	NA	NA	NA	NA	NA	NA	NA	NA	NA	NA	NA	NA	NA	NA	NA	NA	NA	NA	NA	NA	NA	NA	NA	NA	NA	NA	NA	NA	NA	NA	NA	NA	NA	NA	NA	NA	NA	NA	NA	NA	NA	NA	NA	NA	NA	NA	NA	NA	NA	NA	NA	NA	NA	NA	NA	NA	NA	NA	NA	NA	NA
cg00552235	NA	NA	NA	NA	NA	NA	NA	NA	NA	NA	NA	NA	NA	NA	NA	NA	NA	NA	NA	NA	NA	NA	NA	NA	NA	NA	NA	NA	NA	NA	NA	NA	NA	NA	NA	NA	NA	NA	NA	NA	NA	NA	NA	NA	NA	NA	NA	NA	NA	NA	NA	NA	NA	NA	NA	NA	NA	NA	NA	NA	NA	NA	NA	NA	NA	NA	NA	NA	NA	NA	NA	NA	NA	NA	NA	NA	NA	NA	NA	NA	NA	NA	NA	NA	NA	NA	NA
cg00589791	NA	NA	NA	NA	NA	NA	NA	NA	NA	NA	NA	NA	NA	NA	NA	NA	NA	NA	NA	NA	NA	NA	NA	NA	NA	NA	NA	NA	NA	NA	NA	NA	NA	NA	NA	NA	NA	NA	NA	NA	NA	NA	NA	NA	NA	NA	NA	NA	NA	NA	NA	NA	NA	NA	NA	NA	NA	NA	NA	NA	NA	NA	NA	NA	NA	NA	NA	NA	NA	NA	NA	NA	NA	NA	NA	NA	NA	NA	NA	NA	NA	NA	NA	NA	NA	NA	NA
cg00591353	0.916372515732392	0.921650147665794	0.905221432663874	0.948100829954783	0.911005290581164	0.906021416331045	0.940236569903128	0.908270556547239	0.9225374897816	0.879163334539743	0.928733802150334	0.906299917914952	0.948822448714805	0.946173666276974	0.953820164887322	0.930346051943546	0.948411250638519	0.937848039525546	0.95867091828664	0.930156701665729	0.941663145611091	0.938594888504827	0.949931580184795	0.932745511692766	0.933514141965869	0.950681260625532	0.953401851014072	0.964835610000392	0.921567168056492	0.93785820693855	0.935413706265566	0.954461227705055	0.934954644704329	0.953200488989224	0.912155815005729	0.92941223677924	0.948049778294611	0.936051348981137	0.945818635791658	0.932224845759545	0.936107979756685	0.944759390058938	0.932702518174879	0.943364134975274	0.927442239673644	0.924270217405267	0.956756924392289	0.959668504880899	0.936848063638491	0.955408865653365	0.923951049009586	0.951169849712909	0.948945253111432	0.949020350947918	0.91979591476161	0.921134679707895	0.965140041616368	0.93904953811346	0.873640814584507	0.948728740668304	0.942216910019317	0.942893155577146	0.900067646324387	0.946141459305431	0.906155837291133	0.930376807088124	0.92346885712236	0.927599012301896	0.956473606141808	0.925983106357963	0.941536063452435	0.941695767498905	0.944891711725966	0.953986983782009	0.945939380848192	0.909368099585729	0.939785045170296	0.960435583484354	0.919141431000903	0.953948563724858	0.937704939349929	0.946213670298461	0.885449308942375	0.944953834490798	0.954720625558342	0.938427838216407	0.946001419790981
cg00594488	NA	NA	NA	NA	NA	NA	NA	NA	NA	NA	NA	NA	NA	NA	NA	NA	NA	NA	NA	NA	NA	NA	NA	NA	NA	NA	NA	NA	NA	NA	NA	NA	NA	NA	NA	NA	NA	NA	NA	NA	NA	NA	NA	NA	NA	NA	NA	NA	NA	NA	NA	NA	NA	NA	NA	NA	NA	NA	NA	NA	NA	NA	NA	NA	NA	NA	NA	NA	NA	NA	NA	NA	NA	NA	NA	NA	NA	NA	NA	NA	NA	NA	NA	NA	NA	NA	NA
cg00687674	0.0880373984946591	0.245928592946455	0.280431731779328	0.0971562850307671	0.187091931627765	0.253806193150484	0.211595259915745	0.328321925744038	0.127146633431126	0.165055601327916	0.224696476162759	0.335811151999152	0.147067904502561	0.0945824181608237	0.377040435313852	0.264980935931666	0.223749402071041	0.269495861013948	0.143543387876452	0.20971933867485	0.278046696823958	0.242987558841723	0.118402116116923	0.152744350312372	0.123120557250935	0.190291993361903	0.156223784630272	0.20895552543816	0.264612307683318	0.107098054450796	0.372926964210238	0.195641413129642	0.213062114691683	0.199828911609537	0.439597363713304	0.348260619599109	0.238043321878882	0.106066983514568	0.159134632466847	0.433627233592584	0.321989115791452	0.487472514702134	0.110127054145002	0.201473158863614	0.137769948600005	0.171527167028919	0.0863260812625535	0.312604752011734	0.207290989557042	0.247863885696989	0.139907173498848	0.460823303807062	0.276727632051273	0.381817658548448	0.31634375185029	0.36996444292022	0.524063434125174	0.391027696686768	0.234382745984787	0.0921664553899599	0.154825715108853	0.126640860003688	0.108668314484895	0.363488168823406	0.552225186305277	0.252090843342426	0.173783315328822	0.276125287248393	0.0952969122644479	0.291764782161694	0.24383013834278	0.19296299998575	0.135318854807629	0.393013101938235	0.211835195998364	0.237287816545654	0.35102185412899	0.214341460489337	0.198394799981473	0.110709465193049	0.220268434019426	0.126515980477716	0.170848388022513	0.148007048297472	0.341229583908659	0.307683606511438	0.0946487725376877
cg00702369	NA	NA	NA	NA	NA	NA	NA	NA	NA	NA	NA	NA	NA	NA	NA	NA	NA	NA	NA	NA	NA	NA	NA	NA	NA	NA	NA	NA	NA	NA	NA	NA	NA	NA	NA	NA	NA	NA	NA	NA	NA	NA	NA	NA	NA	NA	NA	NA	NA	NA	NA	NA	NA	NA	NA	NA	NA	NA	NA	NA	NA	NA	NA	NA	NA	NA	NA	NA	NA	NA	NA	NA	NA	NA	NA	NA	NA	NA	NA	NA	NA	NA	NA	NA	NA	NA	NA
cg00727386	NA	NA	NA	NA	NA	NA	NA	NA	NA	NA	NA	NA	NA	NA	NA	NA	NA	NA	NA	NA	NA	NA	NA	NA	NA	NA	NA	NA	NA	NA	NA	NA	NA	NA	NA	NA	NA	NA	NA	NA	NA	NA	NA	NA	NA	NA	NA	NA	NA	NA	NA	NA	NA	NA	NA	NA	NA	NA	NA	NA	NA	NA	NA	NA	NA	NA	NA	NA	NA	NA	NA	NA	NA	NA	NA	NA	NA	NA	NA	NA	NA	NA	NA	NA	NA	NA	NA
cg00738299	NA	NA	NA	NA	NA	NA	NA	NA	NA	NA	NA	NA	NA	NA	NA	NA	NA	NA	NA	NA	NA	NA	NA	NA	NA	NA	NA	NA	NA	NA	NA	NA	NA	NA	NA	NA	NA	NA	NA	NA	NA	NA	NA	NA	NA	NA	NA	NA	NA	NA	NA	NA	NA	NA	NA	NA	NA	NA	NA	NA	NA	NA	NA	NA	NA	NA	NA	NA	NA	NA	NA	NA	NA	NA	NA	NA	NA	NA	NA	NA	NA	NA	NA	NA	NA	NA	NA
cg00795247	NA	NA	NA	NA	NA	NA	NA	NA	NA	NA	NA	NA	NA	NA	NA	NA	NA	NA	NA	NA	NA	NA	NA	NA	NA	NA	NA	NA	NA	NA	NA	NA	NA	NA	NA	NA	NA	NA	NA	NA	NA	NA	NA	NA	NA	NA	NA	NA	NA	NA	NA	NA	NA	NA	NA	NA	NA	NA	NA	NA	NA	NA	NA	NA	NA	NA	NA	NA	NA	NA	NA	NA	NA	NA	NA	NA	NA	NA	NA	NA	NA	NA	NA	NA	NA	NA	NA
cg00795885	NA	NA	NA	NA	NA	NA	NA	NA	NA	NA	NA	NA	NA	NA	NA	NA	NA	NA	NA	NA	NA	NA	NA	NA	NA	NA	NA	NA	NA	NA	NA	NA	NA	NA	NA	NA	NA	NA	NA	NA	NA	NA	NA	NA	NA	NA	NA	NA	NA	NA	NA	NA	NA	NA	NA	NA	NA	NA	NA	NA	NA	NA	NA	NA	NA	NA	NA	NA	NA	NA	NA	NA	NA	NA	NA	NA	NA	NA	NA	NA	NA	NA	NA	NA	NA	NA	NA
cg00809453	NA	NA	NA	NA	NA	NA	NA	NA	NA	NA	NA	NA	NA	NA	NA	NA	NA	NA	NA	NA	NA	NA	NA	NA	NA	NA	NA	NA	NA	NA	NA	NA	NA	NA	NA	NA	NA	NA	NA	NA	NA	NA	NA	NA	NA	NA	NA	NA	NA	NA	NA	NA	NA	NA	NA	NA	NA	NA	NA	NA	NA	NA	NA	NA	NA	NA	NA	NA	NA	NA	NA	NA	NA	NA	NA	NA	NA	NA	NA	NA	NA	NA	NA	NA	NA	NA	NA
cg00812839	NA	NA	NA	NA	NA	NA	NA	NA	NA	NA	NA	NA	NA	NA	NA	NA	NA	NA	NA	NA	NA	NA	NA	NA	NA	NA	NA	NA	NA	NA	NA	NA	NA	NA	NA	NA	NA	NA	NA	NA	NA	NA	NA	NA	NA	NA	NA	NA	NA	NA	NA	NA	NA	NA	NA	NA	NA	NA	NA	NA	NA	NA	NA	NA	NA	NA	NA	NA	NA	NA	NA	NA	NA	NA	NA	NA	NA	NA	NA	NA	NA	NA	NA	NA	NA	NA	NA
cg00834234	NA	NA	NA	NA	NA	NA	NA	NA	NA	NA	NA	NA	NA	NA	NA	NA	NA	NA	NA	NA	NA	NA	NA	NA	NA	NA	NA	NA	NA	NA	NA	NA	NA	NA	NA	NA	NA	NA	NA	NA	NA	NA	NA	NA	NA	NA	NA	NA	NA	NA	NA	NA	NA	NA	NA	NA	NA	NA	NA	NA	NA	NA	NA	NA	NA	NA	NA	NA	NA	NA	NA	NA	NA	NA	NA	NA	NA	NA	NA	NA	NA	NA	NA	NA	NA	NA	NA
cg00850868	NA	NA	NA	NA	NA	NA	NA	NA	NA	NA	NA	NA	NA	NA	NA	NA	NA	NA	NA	NA	NA	NA	NA	NA	NA	NA	NA	NA	NA	NA	NA	NA	NA	NA	NA	NA	NA	NA	NA	NA	NA	NA	NA	NA	NA	NA	NA	NA	NA	NA	NA	NA	NA	NA	NA	NA	NA	NA	NA	NA	NA	NA	NA	NA	NA	NA	NA	NA	NA	NA	NA	NA	NA	NA	NA	NA	NA	NA	NA	NA	NA	NA	NA	NA	NA	NA	NA
cg00894142	NA	NA	NA	NA	NA	NA	NA	NA	NA	NA	NA	NA	NA	NA	NA	NA	NA	NA	NA	NA	NA	NA	NA	NA	NA	NA	NA	NA	NA	NA	NA	NA	NA	NA	NA	NA	NA	NA	NA	NA	NA	NA	NA	NA	NA	NA	NA	NA	NA	NA	NA	NA	NA	NA	NA	NA	NA	NA	NA	NA	NA	NA	NA	NA	NA	NA	NA	NA	NA	NA	NA	NA	NA	NA	NA	NA	NA	NA	NA	NA	NA	NA	NA	NA	NA	NA	NA
cg00919576	NA	NA	NA	NA	NA	NA	NA	NA	NA	NA	NA	NA	NA	NA	NA	NA	NA	NA	NA	NA	NA	NA	NA	NA	NA	NA	NA	NA	NA	NA	NA	NA	NA	NA	NA	NA	NA	NA	NA	NA	NA	NA	NA	NA	NA	NA	NA	NA	NA	NA	NA	NA	NA	NA	NA	NA	NA	NA	NA	NA	NA	NA	NA	NA	NA	NA	NA	NA	NA	NA	NA	NA	NA	NA	NA	NA	NA	NA	NA	NA	NA	NA	NA	NA	NA	NA	NA
cg00954931	NA	NA	NA	NA	NA	NA	NA	NA	NA	NA	NA	NA	NA	NA	NA	NA	NA	NA	NA	NA	NA	NA	NA	NA	NA	NA	NA	NA	NA	NA	NA	NA	NA	NA	NA	NA	NA	NA	NA	NA	NA	NA	NA	NA	NA	NA	NA	NA	NA	NA	NA	NA	NA	NA	NA	NA	NA	NA	NA	NA	NA	NA	NA	NA	NA	NA	NA	NA	NA	NA	NA	NA	NA	NA	NA	NA	NA	NA	NA	NA	NA	NA	NA	NA	NA	NA	NA
cg01000036	NA	NA	NA	NA	NA	NA	NA	NA	NA	NA	NA	NA	NA	NA	NA	NA	NA	NA	NA	NA	NA	NA	NA	NA	NA	NA	NA	NA	NA	NA	NA	NA	NA	NA	NA	NA	NA	NA	NA	NA	NA	NA	NA	NA	NA	NA	NA	NA	NA	NA	NA	NA	NA	NA	NA	NA	NA	NA	NA	NA	NA	NA	NA	NA	NA	NA	NA	NA	NA	NA	NA	NA	NA	NA	NA	NA	NA	NA	NA	NA	NA	NA	NA	NA	NA	NA	NA
cg01009068	0.94210180855041	0.903722340383789	0.927301843089925	0.875252779711032	0.907075394797361	NA	0.80989004464368	0.926542303744455	0.856635180553564	NA	0.812698975641457	0.876794989286328	NA	0.880774149953218	NA	0.876601727353677	0.889170907247546	0.891907189213699	NA	0.901198761399466	0.910624135847181	0.854884933246638	0.90904877725519	0.895007415486485	0.921101666583434	0.893389156235194	0.892987949368034	0.879334883252676	0.864787803871957	0.897557796057182	0.905592233572269	0.88533301628587	0.846436169993905	0.847367361401295	0.895843024919034	0.898220338750818	0.841137349670924	0.951461962227478	0.882667791358702	0.901874051333391	0.898576975288492	NA	0.898844900787494	0.887410285198743	0.892738893581004	0.852373424579489	0.892085074381441	NA	NA	0.899895139060366	0.922549267134467	0.917398619548686	0.925391244869841	0.881862918539833	0.890226773172047	0.874892621221621	0.847510839052143	0.880662492289739	NA	NA	NA	0.923996754849603	0.808561841791228	0.906549912471044	0.926627392279968	0.84878113324748	0.901162315900881	0.908039479486957	0.888564768590989	0.884239159356899	0.911350215234256	0.935631675006191	0.931366128299555	0.879816543586623	0.886230321844822	0.894408597130625	0.851577862546378	0.917911356216483	0.870147549274987	0.86729469845781	0.916046785526651	0.900835050149742	0.913015663112848	0.922684524626278	0.848280351331177	0.858310792071515	0.909604703443345
cg01049884	0.983249962461133	0.973707017000012	0.979778422140275	0.855779080559427	0.977910834559674	0.937397762850908	0.915858748195294	0.963869218939154	0.947522788590019	0.976590692794927	0.884932047923243	0.883926670013701	0.94577067042404	0.971792103316264	0.910360507603217	0.976035873267464	0.964998010949857	0.972586805682606	0.961118657354212	0.919742993223412	0.979289840744846	0.97332096124402	0.92888851297155	0.971123821297432	0.975578275192382	0.971213258123659	0.936077630969745	0.920496996569166	0.964222184432569	0.933337378763929	0.971917409786406	0.963500753946525	0.965359479429042	0.920802569036113	0.94343907759391	0.972388988442562	0.960130111369272	0.956922263337092	0.967563460336247	0.94676924945086	0.967370067946487	0.895703954041243	0.943184357449836	0.942740262129346	0.959025458499883	0.94293588675474	0.965485135954489	0.905965767397923	0.977422435419661	0.972255244310137	0.947945309769654	0.967785926778905	0.948252608771686	0.962103744920999	0.974736653299398	0.925901076029821	0.965010787581055	0.972598666855	0.917133946421686	0.907002441039159	0.930663540403356	0.964650212376599	0.959250554548811	0.946997709435578	0.964260210281724	0.967330134334057	0.95730218576707	0.973803557319254	0.943876627229731	0.936524596447748	0.921507414483157	0.978554603353549	0.946797620628614	NA	0.929278811312495	0.964373160214573	0.957164270152656	0.969673919885965	0.946138229830075	0.956616776913334	0.968798070500358	0.969752237186797	0.921534659289474	0.942008416847579	0.956505929417113	0.932671481411031	0.944304457808654
cg01052572	NA	NA	NA	NA	NA	NA	NA	NA	NA	NA	NA	NA	NA	NA	NA	NA	NA	NA	NA	NA	NA	NA	NA	NA	NA	NA	NA	NA	NA	NA	NA	NA	NA	NA	NA	NA	NA	NA	NA	NA	NA	NA	NA	NA	NA	NA	NA	NA	NA	NA	NA	NA	NA	NA	NA	NA	NA	NA	NA	NA	NA	NA	NA	NA	NA	NA	NA	NA	NA	NA	NA	NA	NA	NA	NA	NA	NA	NA	NA	NA	NA	NA	NA	NA	NA	NA	NA
cg01080483	NA	NA	NA	NA	NA	NA	NA	NA	NA	NA	NA	NA	NA	NA	NA	NA	NA	NA	NA	NA	NA	NA	NA	NA	NA	NA	NA	NA	NA	NA	NA	NA	NA	NA	NA	NA	NA	NA	NA	NA	NA	NA	NA	NA	NA	NA	NA	NA	NA	NA	NA	NA	NA	NA	NA	NA	NA	NA	NA	NA	NA	NA	NA	NA	NA	NA	NA	NA	NA	NA	NA	NA	NA	NA	NA	NA	NA	NA	NA	NA	NA	NA	NA	NA	NA	NA	NA
cg01132485	0.439929131939178	0.863252957435687	0.854164170698606	0.814130439446166	0.735013911020171	0.704990501761244	0.832018298640633	0.787166140004111	0.242590307109211	0.838358065252771	0.814943303097854	0.457003648823329	0.844745909434287	0.796992944897188	0.622178960014087	0.81452320390675	0.803735617237681	0.676117562530535	0.792848097681076	0.82134425285112	0.737862165976238	0.846593618877767	0.839876072397703	0.781142551890362	0.864099946043072	0.85413303774027	0.796148227876052	0.856747924545211	0.878931444149494	0.858525630846537	0.836430999118239	0.826201229964613	0.865754972927714	0.727823953659173	0.822079546212644	0.746193018152862	0.80509505925423	0.881559918627837	0.592816682749369	0.87115011638185	0.806306412978391	0.709222938955567	0.840642188514684	0.556662637900662	0.759419023199938	0.699106773331984	0.844016197477906	0.79998764199193	0.778679389670191	0.821675525151332	0.831414684194252	0.802707350371326	0.539047413482	0.838183188132898	0.896566053581281	0.615275347975958	0.825966021097289	0.849852196212453	0.295283704075592	0.778098324552228	0.813368677473702	0.856901352906452	0.84127572310526	0.814545448057631	0.882816873935562	0.663582363060904	0.761550522057429	0.837445653856697	0.588080038473712	0.847822701037147	0.771031988188541	0.905132329373208	0.847953392443668	0.855281670201101	0.815389799045801	0.578975243441531	0.803194258770894	0.900453286724483	0.59695179018347	0.590545658577186	0.862163689203454	0.877875286552044	0.835431226831334	0.859100782024419	0.750628460912749	0.801661220410032	0.857113887359335
cg01135961	NA	NA	NA	NA	NA	NA	NA	NA	NA	NA	NA	NA	NA	NA	NA	NA	NA	NA	NA	NA	NA	NA	NA	NA	NA	NA	NA	NA	NA	NA	NA	NA	NA	NA	NA	NA	NA	NA	NA	NA	NA	NA	NA	NA	NA	NA	NA	NA	NA	NA	NA	NA	NA	NA	NA	NA	NA	NA	NA	NA	NA	NA	NA	NA	NA	NA	NA	NA	NA	NA	NA	NA	NA	NA	NA	NA	NA	NA	NA	NA	NA	NA	NA	NA	NA	NA	NA
cg01137421	NA	NA	NA	NA	NA	NA	NA	NA	NA	NA	NA	NA	NA	NA	NA	NA	NA	NA	NA	NA	NA	NA	NA	NA	NA	NA	NA	NA	NA	NA	NA	NA	NA	NA	NA	NA	NA	NA	NA	NA	NA	NA	NA	NA	NA	NA	NA	NA	NA	NA	NA	NA	NA	NA	NA	NA	NA	NA	NA	NA	NA	NA	NA	NA	NA	NA	NA	NA	NA	NA	NA	NA	NA	NA	NA	NA	NA	NA	NA	NA	NA	NA	NA	NA	NA	NA	NA
cg01154525	NA	NA	NA	NA	NA	NA	NA	NA	NA	NA	NA	NA	NA	NA	NA	NA	NA	NA	NA	NA	NA	NA	NA	NA	NA	NA	NA	NA	NA	NA	NA	NA	NA	NA	NA	NA	NA	NA	NA	NA	NA	NA	NA	NA	NA	NA	NA	NA	NA	NA	NA	NA	NA	NA	NA	NA	NA	NA	NA	NA	NA	NA	NA	NA	NA	NA	NA	NA	NA	NA	NA	NA	NA	NA	NA	NA	NA	NA	NA	NA	NA	NA	NA	NA	NA	NA	NA
cg01163994	0.778823713096921	0.906733781025972	0.887562216944647	0.847861335069132	0.842054144301092	0.710192837986772	0.898881725723978	0.920957075380879	0.212090084081373	0.587606715721291	0.853720312768989	0.84155554288087	0.899050198191248	0.818723551297308	0.860716887215831	0.916245504026592	0.888400654725148	0.872276899172278	0.914177402733417	0.911305777701976	0.542820232617427	0.905592131720996	0.927626700228505	0.797683719308256	0.46185666480916	0.888820469555234	0.919618770580923	0.912482992278848	0.855106494195955	0.925846558881865	0.909652010124328	0.920985957567154	0.924461171981346	0.892372194110766	0.870561811782948	0.92334153991995	0.886000748688048	0.909826594459753	0.90770149410802	0.848945037290114	0.795261424638373	0.794099671389814	0.726249043907522	0.886840488942083	0.873255880521025	NA	0.915704382812111	0.89942971511305	0.89804087022583	0.939672234070837	0.935022410641138	0.942495778352391	0.922705754343221	0.892766075645105	0.927690101428616	0.644598127924818	0.770819623344333	0.928944012257355	NA	0.898801621354978	NA	0.929536259952244	0.905916936594379	0.913357406426167	0.885842135627549	0.872149904600009	0.912387678448872	0.927556707208384	0.904204012176159	0.900651448021899	0.868087084785781	0.933645704741932	0.889296535014446	0.914245656604092	0.892743204029185	0.87982770649907	0.86963761321594	0.909718770237775	0.826688061797993	0.876537666530446	0.924901863371982	0.862489852279481	0.919223007933464	0.829867699533402	0.898239873233992	NA	0.900466385473648
cg01204669	NA	NA	NA	NA	NA	NA	NA	NA	NA	NA	NA	NA	NA	NA	NA	NA	NA	NA	NA	NA	NA	NA	NA	NA	NA	NA	NA	NA	NA	NA	NA	NA	NA	NA	NA	NA	NA	NA	NA	NA	NA	NA	NA	NA	NA	NA	NA	NA	NA	NA	NA	NA	NA	NA	NA	NA	NA	NA	NA	NA	NA	NA	NA	NA	NA	NA	NA	NA	NA	NA	NA	NA	NA	NA	NA	NA	NA	NA	NA	NA	NA	NA	NA	NA	NA	NA	NA
cg01206398	NA	NA	NA	NA	NA	NA	NA	NA	NA	NA	NA	NA	NA	NA	NA	NA	NA	NA	NA	NA	NA	NA	NA	NA	NA	NA	NA	NA	NA	NA	NA	NA	NA	NA	NA	NA	NA	NA	NA	NA	NA	NA	NA	NA	NA	NA	NA	NA	NA	NA	NA	NA	NA	NA	NA	NA	NA	NA	NA	NA	NA	NA	NA	NA	NA	NA	NA	NA	NA	NA	NA	NA	NA	NA	NA	NA	NA	NA	NA	NA	NA	NA	NA	NA	NA	NA	NA
cg01230154	NA	NA	NA	NA	NA	NA	NA	NA	NA	NA	NA	NA	NA	NA	NA	NA	NA	NA	NA	NA	NA	NA	NA	NA	NA	NA	NA	NA	NA	NA	NA	NA	NA	NA	NA	NA	NA	NA	NA	NA	NA	NA	NA	NA	NA	NA	NA	NA	NA	NA	NA	NA	NA	NA	NA	NA	NA	NA	NA	NA	NA	NA	NA	NA	NA	NA	NA	NA	NA	NA	NA	NA	NA	NA	NA	NA	NA	NA	NA	NA	NA	NA	NA	NA	NA	NA	NA
cg01231757	NA	NA	NA	NA	NA	NA	NA	NA	NA	NA	NA	NA	NA	NA	NA	NA	NA	NA	NA	NA	NA	NA	NA	NA	NA	NA	NA	NA	NA	NA	NA	NA	NA	NA	NA	NA	NA	NA	NA	NA	NA	NA	NA	NA	NA	NA	NA	NA	NA	NA	NA	NA	NA	NA	NA	NA	NA	NA	NA	NA	NA	NA	NA	NA	NA	NA	NA	NA	NA	NA	NA	NA	NA	NA	NA	NA	NA	NA	NA	NA	NA	NA	NA	NA	NA	NA	NA
cg01251118	NA	NA	NA	NA	NA	NA	NA	NA	NA	NA	NA	NA	NA	NA	NA	NA	NA	NA	NA	NA	NA	NA	NA	NA	NA	NA	NA	NA	NA	NA	NA	NA	NA	NA	NA	NA	NA	NA	NA	NA	NA	NA	NA	NA	NA	NA	NA	NA	NA	NA	NA	NA	NA	NA	NA	NA	NA	NA	NA	NA	NA	NA	NA	NA	NA	NA	NA	NA	NA	NA	NA	NA	NA	NA	NA	NA	NA	NA	NA	NA	NA	NA	NA	NA	NA	NA	NA
cg01331064	NA	NA	NA	NA	NA	NA	NA	NA	NA	NA	NA	NA	NA	NA	NA	NA	NA	NA	NA	NA	NA	NA	NA	NA	NA	NA	NA	NA	NA	NA	NA	NA	NA	NA	NA	NA	NA	NA	NA	NA	NA	NA	NA	NA	NA	NA	NA	NA	NA	NA	NA	NA	NA	NA	NA	NA	NA	NA	NA	NA	NA	NA	NA	NA	NA	NA	NA	NA	NA	NA	NA	NA	NA	NA	NA	NA	NA	NA	NA	NA	NA	NA	NA	NA	NA	NA	NA
cg01352656	0.025432049360638	0.117482616832231	0.219433142717811	0.848804964301786	0.323756828296228	0.061215504946615	0.454407186866066	0.106964433216407	0.886286932248047	0.0458252223326119	0.0594387184762988	0.074689328443624	0.0791558249863622	0.0196554698538445	0.0490908947108074	0.0422664204121617	0.112675068211371	0.0913044707152864	0.0470747113863514	0.192091611602654	0.584785631595185	0.199414066422438	0.358628136246698	0.0282094122906824	0.0457550159588357	0.0459974617243998	NA	0.0904320963568588	0.307293709891369	0.0272702585318102	0.051081549470894	0.0970375328665905	0.102222632391136	0.069707769875718	0.28751843229116	0.0681204453042625	0.0964585971049009	0.719909686492387	0.046573530044251	0.273496209250831	0.0426480734947878	0.0424621963904474	0.0468799868562925	0.153024383599852	0.0344536543658253	0.0655581122700346	NA	0.155060785369964	0.160548784396535	0.0592341914144262	0.0670337028189245	0.0617044576768779	0.192261054212914	0.117526416594107	0.0895118729995091	0.0826960456269629	0.0356735556833951	0.146870271208821	0.111824717286988	0.118862586810747	0.193175609148102	0.0414896055803217	0.0672938543869411	0.074062347834204	0.12416741716745	0.0807441062048111	0.646953919861617	0.165625477441635	0.0296946736963028	0.152410525922011	0.162329716119514	0.162078048527424	0.0620367533601682	0.3495421626546	0.0325521002846194	0.138007633797726	0.0682673248703387	0.175088864067001	0.136864768897106	NA	0.0583877648982622	0.0502369799866543	0.115188422861339	0.055014370271132	0.219779137189258	0.0912187203538668	0.0824667862634023
cg01372572	0.705136055404243	0.795898134692063	0.74414780146284	0.820456972030875	0.692300170952889	0.546262256834863	0.787984929686574	0.719915240959568	0.230597921106949	0.770211383418131	0.577778993306251	0.731705850068641	0.723495807929535	0.714706907681969	0.729961738803637	0.678680408083088	0.646848695528771	0.749194035912286	0.775666018419328	0.816342650159604	0.706713459522113	0.686440313504544	0.77450505910186	0.692897331338089	0.678451424649463	0.69313750124294	0.78962675616804	0.753773609458399	0.762234566895009	0.855730941598467	0.768222617717233	0.528304485710274	0.757381951781165	0.763792562044491	0.630116900011192	0.69334026782255	0.643485283832289	0.839155892246837	0.726946170595385	0.586022783241867	0.679017715629554	0.77852036278799	0.656296934951685	0.763028029295452	0.779381140805193	0.813607447880469	0.813219292843102	0.618247648824168	0.883608495810715	0.731148895360024	0.787173887494266	0.800488375579532	0.711464590061016	0.798717758370781	0.730078138079224	0.78307286771642	0.748788945516184	0.776823520899881	0.43194891293937	0.829972477655206	0.833528246023545	0.828653417161214	0.777672355507571	0.708917980473266	0.702996655369645	0.747707341040726	0.81464317025735	0.722180481752014	0.803929184159564	0.76451445561556	0.738286047119621	0.839831059228329	0.797899734782874	0.708267188777276	0.759466938666961	0.77381584389207	0.6278186981965	0.801990233352684	0.833996089174703	0.463759914807894	0.829000737725672	0.728438365070414	0.80412639419579	0.652110216416008	0.702863062393212	0.752597730796556	0.747872997329072
cg01389383	NA	NA	NA	NA	NA	NA	NA	NA	NA	NA	NA	NA	NA	NA	NA	NA	NA	NA	NA	NA	NA	NA	NA	NA	NA	NA	NA	NA	NA	NA	NA	NA	NA	NA	NA	NA	NA	NA	NA	NA	NA	NA	NA	NA	NA	NA	NA	NA	NA	NA	NA	NA	NA	NA	NA	NA	NA	NA	NA	NA	NA	NA	NA	NA	NA	NA	NA	NA	NA	NA	NA	NA	NA	NA	NA	NA	NA	NA	NA	NA	NA	NA	NA	NA	NA	NA	NA
cg01404122	0.451516260562937	0.821119256258097	0.823658208081183	0.811935915751613	0.445730520312633	0.327449546441955	0.797293496346849	0.878037051986944	0.192528112680736	0.834810253975096	0.710954385286336	0.520421430809535	0.668300262060389	0.450327803026969	0.570963430238431	0.60464864336783	0.662244831786481	0.754377591274599	0.565341344079048	0.90218804342473	0.506338223058594	0.776930689597615	0.44332750936127	0.890424257221942	0.844471119619337	0.664218250615399	0.637273891395376	0.432969661218916	0.674663680479199	0.930616532003484	0.76232996497821	0.93607292464333	0.590993703814183	0.830303958395508	0.698420880351623	0.6137002475389	0.730450023890596	0.553602721526816	0.662126829095209	0.530829707429731	0.48365665196784	0.712883379907208	0.28252470863187	0.575723757070326	0.874622649390782	0.426382878162425	0.65377033860191	0.699174377769681	0.738849745229012	0.78356281736037	0.81270647579516	0.25703374087031	0.591100186468242	0.923253919830189	0.871383284211678	0.470858327070966	0.888453227568155	0.601511589056753	0.361361729668212	0.932592948043445	0.490069521454969	0.480285429291777	0.871584321036626	0.680572714768107	0.907051909108547	0.386112101890865	0.852241040938347	0.638735557846118	0.597229502247478	0.74000110817126	0.551563922457771	0.883390573661196	0.881648054387325	0.900645040191217	0.375770219976531	0.879709375634739	0.623751032416863	0.565118489185899	0.425242671653205	0.54324964058294	0.81446280194591	0.619687621398036	0.91338629614809	0.719532275399107	0.674735839572197	0.83967622264	0.479424970910381
cg01449444	NA	NA	NA	NA	NA	NA	NA	NA	NA	NA	NA	NA	NA	NA	NA	NA	NA	NA	NA	NA	NA	NA	NA	NA	NA	NA	NA	NA	NA	NA	NA	NA	NA	NA	NA	NA	NA	NA	NA	NA	NA	NA	NA	NA	NA	NA	NA	NA	NA	NA	NA	NA	NA	NA	NA	NA	NA	NA	NA	NA	NA	NA	NA	NA	NA	NA	NA	NA	NA	NA	NA	NA	NA	NA	NA	NA	NA	NA	NA	NA	NA	NA	NA	NA	NA	NA	NA
cg01522278	NA	NA	NA	NA	NA	NA	NA	NA	NA	NA	NA	NA	NA	NA	NA	NA	NA	NA	NA	NA	NA	NA	NA	NA	NA	NA	NA	NA	NA	NA	NA	NA	NA	NA	NA	NA	NA	NA	NA	NA	NA	NA	NA	NA	NA	NA	NA	NA	NA	NA	NA	NA	NA	NA	NA	NA	NA	NA	NA	NA	NA	NA	NA	NA	NA	NA	NA	NA	NA	NA	NA	NA	NA	NA	NA	NA	NA	NA	NA	NA	NA	NA	NA	NA	NA	NA	NA
cg01579172	NA	NA	NA	NA	NA	NA	NA	NA	NA	NA	NA	NA	NA	NA	NA	NA	NA	NA	NA	NA	NA	NA	NA	NA	NA	NA	NA	NA	NA	NA	NA	NA	NA	NA	NA	NA	NA	NA	NA	NA	NA	NA	NA	NA	NA	NA	NA	NA	NA	NA	NA	NA	NA	NA	NA	NA	NA	NA	NA	NA	NA	NA	NA	NA	NA	NA	NA	NA	NA	NA	NA	NA	NA	NA	NA	NA	NA	NA	NA	NA	NA	NA	NA	NA	NA	NA	NA
cg01637519	NA	NA	NA	NA	NA	NA	NA	NA	NA	NA	NA	NA	NA	NA	NA	NA	NA	NA	NA	NA	NA	NA	NA	NA	NA	NA	NA	NA	NA	NA	NA	NA	NA	NA	NA	NA	NA	NA	NA	NA	NA	NA	NA	NA	NA	NA	NA	NA	NA	NA	NA	NA	NA	NA	NA	NA	NA	NA	NA	NA	NA	NA	NA	NA	NA	NA	NA	NA	NA	NA	NA	NA	NA	NA	NA	NA	NA	NA	NA	NA	NA	NA	NA	NA	NA	NA	NA
cg01638082	NA	NA	NA	NA	NA	NA	NA	NA	NA	NA	NA	NA	NA	NA	NA	NA	NA	NA	NA	NA	NA	NA	NA	NA	NA	NA	NA	NA	NA	NA	NA	NA	NA	NA	NA	NA	NA	NA	NA	NA	NA	NA	NA	NA	NA	NA	NA	NA	NA	NA	NA	NA	NA	NA	NA	NA	NA	NA	NA	NA	NA	NA	NA	NA	NA	NA	NA	NA	NA	NA	NA	NA	NA	NA	NA	NA	NA	NA	NA	NA	NA	NA	NA	NA	NA	NA	NA
cg01644640	0.788109171157755	0.930536338612435	0.816923399676305	0.869237271899189	0.858165179437037	0.59044194830132	0.866061641704619	0.845466545751705	0.243528056404378	0.866252328506017	0.860171144914689	0.903939482066175	0.920364763012321	0.889520527112421	0.736540957538437	0.753266518242807	0.428941422263175	0.852718351588568	0.901758727976404	0.901524316019542	0.534492071912919	0.623497768369557	0.926968030418139	0.923932427498842	0.576931060065193	0.86028251310069	0.892369521478982	0.883865929216112	0.791074299914354	0.919447974527388	0.698692399807782	0.887880588754693	0.878481327591687	0.898128581836571	0.537158093366341	0.764351862643526	0.753331387796147	0.948536976666197	0.851871825697399	0.34981749733492	0.895086871297386	0.813856991883657	0.894439231928528	0.84485382697869	0.920247331116099	0.916400611713246	0.831550071420145	0.742757444700861	0.861619255763965	0.864510522591808	0.720635873838221	0.893858647178553	0.806358448234612	0.879656240635679	0.78022501656271	0.898798598085015	0.91195958924519	0.862682393927589	0.584965294127759	0.913764640777035	0.759843046873853	0.854852265645315	0.824193782702663	0.590854595131907	0.817518921799157	0.894304040960103	0.897654514417061	0.766346330504468	0.838497489118115	0.834703772515891	0.86674077335847	0.928454345897212	0.905290695942528	0.833386698021164	0.854797649307691	0.888798617114376	0.733029062434292	0.926841400975078	0.894795564746581	0.867509173035863	0.885032707795665	0.914585606841542	0.89896859657065	0.892759572656144	0.604809659708879	0.825367894466451	0.904693222565444
cg01659483	NA	NA	NA	NA	NA	NA	NA	NA	NA	NA	NA	NA	NA	NA	NA	NA	NA	NA	NA	NA	NA	NA	NA	NA	NA	NA	NA	NA	NA	NA	NA	NA	NA	NA	NA	NA	NA	NA	NA	NA	NA	NA	NA	NA	NA	NA	NA	NA	NA	NA	NA	NA	NA	NA	NA	NA	NA	NA	NA	NA	NA	NA	NA	NA	NA	NA	NA	NA	NA	NA	NA	NA	NA	NA	NA	NA	NA	NA	NA	NA	NA	NA	NA	NA	NA	NA	NA
cg01711850	NA	NA	NA	NA	NA	NA	NA	NA	NA	NA	NA	NA	NA	NA	NA	NA	NA	NA	NA	NA	NA	NA	NA	NA	NA	NA	NA	NA	NA	NA	NA	NA	NA	NA	NA	NA	NA	NA	NA	NA	NA	NA	NA	NA	NA	NA	NA	NA	NA	NA	NA	NA	NA	NA	NA	NA	NA	NA	NA	NA	NA	NA	NA	NA	NA	NA	NA	NA	NA	NA	NA	NA	NA	NA	NA	NA	NA	NA	NA	NA	NA	NA	NA	NA	NA	NA	NA
cg01729288	NA	NA	NA	NA	NA	NA	NA	NA	NA	NA	NA	NA	NA	NA	NA	NA	NA	NA	NA	NA	NA	NA	NA	NA	NA	NA	NA	NA	NA	NA	NA	NA	NA	NA	NA	NA	NA	NA	NA	NA	NA	NA	NA	NA	NA	NA	NA	NA	NA	NA	NA	NA	NA	NA	NA	NA	NA	NA	NA	NA	NA	NA	NA	NA	NA	NA	NA	NA	NA	NA	NA	NA	NA	NA	NA	NA	NA	NA	NA	NA	NA	NA	NA	NA	NA	NA	NA
cg01735082	0.435701162887415	0.638700702247964	0.488948114137599	0.628899027937388	0.72348583079845	0.543173587300586	0.849286892320807	0.520584071573915	0.361227430756862	0.838138704606733	0.365167095423016	0.517770661298396	0.444874785330386	0.50213005682404	0.492684147353936	0.532416054644785	0.732059977056128	0.702586416594738	0.637533703760902	0.785839308325192	0.51961340240459	0.670558645947916	0.636264534578629	0.520861474038768	0.350279343471832	0.873220599531642	0.551845583563739	0.87449005031047	0.457845220873664	0.923585231356135	0.500808622771201	0.294162592483756	0.668355311663718	0.293480318113521	0.579558851388238	0.395475530321988	0.644202281179812	0.356929631963625	0.38530340759551	0.781627795596748	0.662275542312174	0.55280048587734	0.333151015828163	0.423002480758697	0.909987223102856	0.696761644826659	0.812665367516042	0.512961938303444	0.796328872884751	0.816192820455188	0.310271796382177	0.935624824617612	0.482409925588739	0.860143035544873	0.634707238938146	0.504014138860025	0.921897039210219	0.839993332172509	0.348714209795814	0.880991227471312	0.196030261066214	0.735597027683584	0.399073255861704	0.787156458607281	0.584120948372644	0.680945072502328	0.833209303636276	0.478777269433719	0.737968035152834	0.730376615594212	0.826756949670912	0.894785651903006	0.88288977913545	0.410689460702366	0.623365900432957	0.580933496162843	0.462992982119618	0.76263073454379	0.435446694493607	0.309603359066658	0.841124237434526	0.89127890305031	0.882030469986737	0.707136132550775	0.600480359135985	0.896674143306399	0.885801220208299
cg01774400	NA	NA	NA	NA	NA	NA	NA	NA	NA	NA	NA	NA	NA	NA	NA	NA	NA	NA	NA	NA	NA	NA	NA	NA	NA	NA	NA	NA	NA	NA	NA	NA	NA	NA	NA	NA	NA	NA	NA	NA	NA	NA	NA	NA	NA	NA	NA	NA	NA	NA	NA	NA	NA	NA	NA	NA	NA	NA	NA	NA	NA	NA	NA	NA	NA	NA	NA	NA	NA	NA	NA	NA	NA	NA	NA	NA	NA	NA	NA	NA	NA	NA	NA	NA	NA	NA	NA
cg01776221	NA	NA	NA	NA	NA	NA	NA	NA	NA	NA	NA	NA	NA	NA	NA	NA	NA	NA	NA	NA	NA	NA	NA	NA	NA	NA	NA	NA	NA	NA	NA	NA	NA	NA	NA	NA	NA	NA	NA	NA	NA	NA	NA	NA	NA	NA	NA	NA	NA	NA	NA	NA	NA	NA	NA	NA	NA	NA	NA	NA	NA	NA	NA	NA	NA	NA	NA	NA	NA	NA	NA	NA	NA	NA	NA	NA	NA	NA	NA	NA	NA	NA	NA	NA	NA	NA	NA
cg01796929	0.926405111997685	0.87440677470554	0.822746954285303	0.882413767367155	0.845791964342355	0.800159598570922	0.851686526583877	0.728157100649126	0.65251846857155	0.816932866785124	0.811740948255555	0.849684937504318	0.836974640724415	0.896205760346223	0.820597872073085	0.651492046930237	0.634099355975861	0.882520379556335	0.853108716645421	0.885477037980262	0.593719703401571	0.777956852015585	0.845655384352994	0.835208326835017	0.89021360121951	0.886287799518938	0.828073107271004	0.865402651873647	0.795339428920983	0.855731366356949	0.793595905389986	0.866200971125148	0.794642566487495	0.893447395552002	0.669712542282777	0.795445166381611	0.802530751266898	0.87888125654317	0.832617985236705	0.876863728047651	0.892218348810519	0.84856159115082	0.85922714330804	0.866496596615443	0.874937781834732	0.844724823506979	0.879774646528323	0.705858833551842	0.857435297471093	0.772572717470711	0.897530140628367	0.707203151727441	0.84284972466438	0.831664291895095	0.807290184353392	0.864890817790202	0.84431829959528	0.85360592966887	0.889635918067964	0.875267254089009	0.843290675366693	0.918394797340141	0.800209815293059	0.79374465765226	0.792817636937687	0.805441000056781	0.907582536890264	0.847253975661551	0.831264505317775	0.783340320680092	0.852200690477713	0.852191005761663	0.883796087431809	0.824530352563133	0.836183387404073	0.798110165320634	0.66122765273664	0.8780957143639	0.813613958204382	0.812715039915267	0.840408872841961	0.855711898145477	0.858269217040365	0.868460363807026	0.669732951226053	0.861573788372524	0.876687416799216
cg01834373	NA	NA	NA	NA	NA	NA	NA	NA	NA	NA	NA	NA	NA	NA	NA	NA	NA	NA	NA	NA	NA	NA	NA	NA	NA	NA	NA	NA	NA	NA	NA	NA	NA	NA	NA	NA	NA	NA	NA	NA	NA	NA	NA	NA	NA	NA	NA	NA	NA	NA	NA	NA	NA	NA	NA	NA	NA	NA	NA	NA	NA	NA	NA	NA	NA	NA	NA	NA	NA	NA	NA	NA	NA	NA	NA	NA	NA	NA	NA	NA	NA	NA	NA	NA	NA	NA	NA
cg01836858	NA	NA	NA	NA	NA	NA	NA	NA	NA	NA	NA	NA	NA	NA	NA	NA	NA	NA	NA	NA	NA	NA	NA	NA	NA	NA	NA	NA	NA	NA	NA	NA	NA	NA	NA	NA	NA	NA	NA	NA	NA	NA	NA	NA	NA	NA	NA	NA	NA	NA	NA	NA	NA	NA	NA	NA	NA	NA	NA	NA	NA	NA	NA	NA	NA	NA	NA	NA	NA	NA	NA	NA	NA	NA	NA	NA	NA	NA	NA	NA	NA	NA	NA	NA	NA	NA	NA
cg01837661	NA	NA	NA	NA	NA	NA	NA	NA	NA	NA	NA	NA	NA	NA	NA	NA	NA	NA	NA	NA	NA	NA	NA	NA	NA	NA	NA	NA	NA	NA	NA	NA	NA	NA	NA	NA	NA	NA	NA	NA	NA	NA	NA	NA	NA	NA	NA	NA	NA	NA	NA	NA	NA	NA	NA	NA	NA	NA	NA	NA	NA	NA	NA	NA	NA	NA	NA	NA	NA	NA	NA	NA	NA	NA	NA	NA	NA	NA	NA	NA	NA	NA	NA	NA	NA	NA	NA
cg01864295	NA	NA	NA	NA	NA	NA	NA	NA	NA	NA	NA	NA	NA	NA	NA	NA	NA	NA	NA	NA	NA	NA	NA	NA	NA	NA	NA	NA	NA	NA	NA	NA	NA	NA	NA	NA	NA	NA	NA	NA	NA	NA	NA	NA	NA	NA	NA	NA	NA	NA	NA	NA	NA	NA	NA	NA	NA	NA	NA	NA	NA	NA	NA	NA	NA	NA	NA	NA	NA	NA	NA	NA	NA	NA	NA	NA	NA	NA	NA	NA	NA	NA	NA	NA	NA	NA	NA
cg01905090	0.873683053865028	0.694378860797632	0.768153223671863	0.78492223815385	0.597444891256891	0.467859689422401	0.819301636477411	0.707164949388659	0.86970631468803	0.766854082607331	0.756698915112744	0.832129759820382	0.873439520554841	0.792736859276922	0.69176187660567	0.641172481515139	0.725685318076156	0.761019080923917	0.719093662439456	0.857621174561345	0.801894731704857	0.737601013927612	0.843710010323132	0.868776318688977	0.868127283230081	0.81391127290313	0.870072220442287	0.825668419753716	0.731595387150082	0.856976723672837	0.797858046417241	0.759476792935734	0.828759000848711	0.861337149031676	0.67423696571193	0.72062259359007	0.691120647768248	0.88102693218356	0.691691313788624	0.60459911583106	0.712783471891785	0.736586031223053	0.845497003353956	0.837516322196143	0.779515706390395	0.784366537276766	0.837441028902381	0.711084373643471	0.85076583481612	0.814441726756801	0.815169656857684	0.297078423372986	0.582207036602631	0.840132007373122	0.767351984301773	0.628567848347409	0.871395725682428	0.888763863209849	0.807577487334512	0.828467471456552	0.373134513124675	0.860282645911186	0.786610404376795	0.788148761108226	0.743020659946705	0.641870557715041	0.8208285900445	0.520684809897297	0.824834219015707	0.822091866114989	0.711483357032285	0.908047713269314	0.829100653064827	0.792476167085719	0.781779249315021	0.597902902643996	0.448422674862157	0.864158526000704	0.483736221152955	0.755750150293551	0.758096628641789	0.899247177281759	0.876412137783223	0.581075900733407	0.697671473490462	0.774922380143855	0.80637435827379
cg01909681	0.921036422362823	0.857622886605293	0.882277106549594	0.804599332265085	0.870137582606266	0.845018820157348	0.876198307299531	0.858035913941424	NA	0.867944995154333	NA	0.826275742664155	NA	0.863571895274794	NA	0.847901854920278	0.807861952747025	0.808016517559711	0.846366261245503	0.854928027039255	0.912840170564054	0.878582914347021	0.875535684850957	NA	0.853534700743862	0.849550501818477	NA	0.860108070233425	0.850576453585627	0.85980442815309	0.892842758008049	0.865678905366007	0.86838709158467	0.862000745063725	0.78892938006787	0.873168976316269	NA	0.899088382667046	0.830249930302765	0.791123829208686	0.892153545687199	NA	0.880607309227895	0.847291614666964	0.881477092430557	0.876940679571728	0.855213065904263	0.814169479542175	NA	0.835600625308296	0.773378928734049	0.892565477981185	0.888972161947397	NA	0.831469876807469	NA	0.868594108586201	0.877339367294213	0.750684224418839	NA	NA	0.883236483034059	NA	0.834961721229972	0.853928519320027	0.873722677579859	0.872897400827974	0.86093874879399	0.900148263145493	0.70077931835696	0.885087642698752	0.928690230360914	0.826345635116896	0.841634763191186	0.878415245199855	0.806376338285945	NA	0.870920048707183	NA	NA	0.844970075251	0.861491469757107	0.86115751774649	0.900406235205584	NA	0.869102222067585	0.889887703547776
cg01968676	NA	NA	NA	NA	NA	NA	NA	NA	NA	NA	NA	NA	NA	NA	NA	NA	NA	NA	NA	NA	NA	NA	NA	NA	NA	NA	NA	NA	NA	NA	NA	NA	NA	NA	NA	NA	NA	NA	NA	NA	NA	NA	NA	NA	NA	NA	NA	NA	NA	NA	NA	NA	NA	NA	NA	NA	NA	NA	NA	NA	NA	NA	NA	NA	NA	NA	NA	NA	NA	NA	NA	NA	NA	NA	NA	NA	NA	NA	NA	NA	NA	NA	NA	NA	NA	NA	NA
cg01970937	NA	NA	NA	NA	NA	NA	NA	NA	NA	NA	NA	NA	NA	NA	NA	NA	NA	NA	NA	NA	NA	NA	NA	NA	NA	NA	NA	NA	NA	NA	NA	NA	NA	NA	NA	NA	NA	NA	NA	NA	NA	NA	NA	NA	NA	NA	NA	NA	NA	NA	NA	NA	NA	NA	NA	NA	NA	NA	NA	NA	NA	NA	NA	NA	NA	NA	NA	NA	NA	NA	NA	NA	NA	NA	NA	NA	NA	NA	NA	NA	NA	NA	NA	NA	NA	NA	NA
cg02022978	NA	NA	NA	NA	NA	NA	NA	NA	NA	NA	NA	NA	NA	NA	NA	NA	NA	NA	NA	NA	NA	NA	NA	NA	NA	NA	NA	NA	NA	NA	NA	NA	NA	NA	NA	NA	NA	NA	NA	NA	NA	NA	NA	NA	NA	NA	NA	NA	NA	NA	NA	NA	NA	NA	NA	NA	NA	NA	NA	NA	NA	NA	NA	NA	NA	NA	NA	NA	NA	NA	NA	NA	NA	NA	NA	NA	NA	NA	NA	NA	NA	NA	NA	NA	NA	NA	NA
cg02032334	0.103489947561192	0.211550940028049	0.263262593188382	0.106438257346605	0.110532882283072	0.105649261361706	0.294825742053304	0.319121911278991	0.0998001351430566	0.172107464590917	0.265963587500683	0.630248961499435	0.0805804671497015	0.0762654183356105	0.202612008866235	0.521139928112875	0.229818580900297	0.392324835980549	0.252339594968419	0.15062116926653	0.146040817626487	0.209486214373261	0.128665929351427	0.109050030651964	0.378531733308197	0.144944723105031	0.124814622618868	0.529294629019932	0.540694993510526	0.104630815836533	0.476876091431491	0.440995887506641	0.229716017975898	0.152884473407886	0.205236936682306	0.3286498281877	0.269832535953096	0.130482461285422	0.252410670125487	0.201180352826578	0.135271566136741	0.180572419320068	0.263061435733478	0.148150651849093	0.229518080453674	0.184745074785343	0.28385982404688	0.218831758893348	0.239440525816595	0.23703094732109	0.0920572466186172	0.34687556317811	0.231647385729554	0.118724917457673	0.379059111705761	0.4476044332923	0.156801096825457	0.347749002648926	0.132100018544556	0.395595701343408	0.173937272082089	0.185644667317266	0.551336942274094	0.272116299751868	0.329802283431859	0.146945550071496	0.133413486093175	0.350936843503131	0.138490616021135	0.188986830152528	0.270277645493558	0.0648922819067284	0.120800625038928	0.116805995137957	0.238100045913969	0.18921483667474	0.286837494123552	0.080269512321672	0.172294064946397	0.135672426731969	0.44656106836923	0.414106711739479	0.115005456697404	0.0976794871880983	0.331344104645517	0.38836012342127	0.0907734398080386
cg02043329	0.698516496384919	0.815159356321659	0.557912974382534	0.40080876704274	0.615461884944221	0.870539222436548	0.746789661483021	0.800148334049939	0.908985481441174	0.385864092790835	0.612484777461658	0.803961987287919	0.693769344059945	0.683457014800283	0.896187560057751	0.895563005578389	0.849237130994593	0.519439434606442	0.824128140831329	0.336996585425421	0.868421906263834	0.94809852030615	0.833825361940159	0.257863725227017	0.49294975934195	0.682018194867852	0.605923773972112	0.435817886527047	0.679951603231184	0.616214052274468	0.812212084002247	0.886078646293473	0.676575687712543	0.90026360500038	0.883931071317678	0.870478974459065	0.833679847603369	0.714253308615577	0.560568341591348	0.935086225868144	0.882814075045368	0.808195439741553	0.460065650906672	0.55650957216287	0.644368045576957	0.597810680654026	0.337982494707648	0.845557585295072	0.495134858826993	0.695028599898818	0.526598702405498	0.921626875492781	0.72626154081064	0.910669929987334	0.786319874973041	0.836482257920375	0.557024368933067	0.843900903075154	0.91811229703624	0.719244004648921	0.901003738069469	0.512750158627712	0.855225172188655	0.825616780877363	0.755318839792393	0.639536121381262	0.901734792179823	0.699181127032032	0.606448831784915	0.856239762178736	0.732974542174115	0.779233433473168	0.509712821465835	0.858600469296688	0.907252530812954	0.691614642099267	0.844618686562748	0.240848219320515	0.880226651311562	0.932299028918973	0.559367395588671	0.548690164426939	0.585273873743632	0.427580543166231	0.842963143455955	0.720565239595853	0.831246558794731
cg02044172	NA	NA	NA	NA	NA	NA	NA	NA	NA	NA	NA	NA	NA	NA	NA	NA	NA	NA	NA	NA	NA	NA	NA	NA	NA	NA	NA	NA	NA	NA	NA	NA	NA	NA	NA	NA	NA	NA	NA	NA	NA	NA	NA	NA	NA	NA	NA	NA	NA	NA	NA	NA	NA	NA	NA	NA	NA	NA	NA	NA	NA	NA	NA	NA	NA	NA	NA	NA	NA	NA	NA	NA	NA	NA	NA	NA	NA	NA	NA	NA	NA	NA	NA	NA	NA	NA	NA
cg02046176	NA	NA	NA	NA	NA	NA	NA	NA	NA	NA	NA	NA	NA	NA	NA	NA	NA	NA	NA	NA	NA	NA	NA	NA	NA	NA	NA	NA	NA	NA	NA	NA	NA	NA	NA	NA	NA	NA	NA	NA	NA	NA	NA	NA	NA	NA	NA	NA	NA	NA	NA	NA	NA	NA	NA	NA	NA	NA	NA	NA	NA	NA	NA	NA	NA	NA	NA	NA	NA	NA	NA	NA	NA	NA	NA	NA	NA	NA	NA	NA	NA	NA	NA	NA	NA	NA	NA
cg02047977	NA	NA	NA	NA	NA	NA	NA	NA	NA	NA	NA	NA	NA	NA	NA	NA	NA	NA	NA	NA	NA	NA	NA	NA	NA	NA	NA	NA	NA	NA	NA	NA	NA	NA	NA	NA	NA	NA	NA	NA	NA	NA	NA	NA	NA	NA	NA	NA	NA	NA	NA	NA	NA	NA	NA	NA	NA	NA	NA	NA	NA	NA	NA	NA	NA	NA	NA	NA	NA	NA	NA	NA	NA	NA	NA	NA	NA	NA	NA	NA	NA	NA	NA	NA	NA	NA	NA
cg02071267	NA	NA	NA	NA	NA	NA	NA	NA	NA	NA	NA	NA	NA	NA	NA	NA	NA	NA	NA	NA	NA	NA	NA	NA	NA	NA	NA	NA	NA	NA	NA	NA	NA	NA	NA	NA	NA	NA	NA	NA	NA	NA	NA	NA	NA	NA	NA	NA	NA	NA	NA	NA	NA	NA	NA	NA	NA	NA	NA	NA	NA	NA	NA	NA	NA	NA	NA	NA	NA	NA	NA	NA	NA	NA	NA	NA	NA	NA	NA	NA	NA	NA	NA	NA	NA	NA	NA
cg02072104	0.0914777750963008	0.0913823694359494	0.0618524803458034	0.0721485755338673	0.0925128080656466	0.130210106946899	0.127502105039766	0.11169196789869	0.0869140509744926	0.068150220371734	0.129286693744095	0.0853838318666706	0.0922722685187316	0.0660863463523349	0.0848212383488996	0.116318523032746	0.119371271646606	0.0898641678312813	0.101164413176507	0.0854217861604058	0.0947560300226628	0.113590534381894	0.101880537407205	0.0966870344170195	0.0916668895124796	0.0952158770770493	0.100095696101461	0.0861282465948119	0.0864222061995495	0.0807529598501095	0.0940779757696596	0.111701217025828	0.104681480011023	0.108096773347282	0.0975713360714498	0.122048318222397	0.100206299084998	0.0627166788742129	0.118127362381703	0.0682235038525442	0.105172053281265	0.100923203077575	0.0938274947693404	0.109543954355608	0.0728958736124954	0.0960037096640389	0.0971338335077452	0.201572632623968	0.0717171855686691	0.120596019347104	0.0869787949581327	0.0570352334451469	0.121995845503908	0.120950159904857	0.0707989138947553	0.0745555502061357	0.105893879042101	0.107862080072566	0.058717287318735	0.0697298876753768	0.0923429678918767	0.0483922990762755	0.085716811829713	0.121873758396806	0.0880831636407871	0.106936499589394	0.0912972434988144	0.100412150715905	0.0884306323494704	0.0616895644357021	0.106010927465433	0.0762514351483646	0.0781520255902715	0.0811945059608945	0.110598157296418	0.0995471264473032	0.158575240453892	0.0945955569186518	0.0949346937833658	0.0936146013966328	0.0821451724581411	0.107715440807387	0.0559660057223008	0.114969733692078	0.0969254815568559	0.0894786588539682	0.113311289200975
cg02074859	0.948613983001828	0.951332662529707	0.954402428820057	0.946316513942458	0.952004123473428	0.938929395209084	0.94487650644278	0.950506060581544	0.944935055279074	0.9416249465585	0.92855322954504	0.948647029507771	0.946893162352313	0.955842011839868	0.948333469274683	0.936950218820727	0.934535922481266	0.950745511992366	0.948201594056861	0.942530706415064	0.946618535912437	0.947549076528749	0.950378099870141	0.919546507182099	0.947865080176722	0.937394678666631	0.937992318719996	0.935135477105414	0.939599822105921	0.949814103294246	0.953537735524065	0.958095366141091	0.948949204157238	0.946885086715868	0.932518416423313	0.946868380530904	0.938823694986987	0.950607297891751	0.943966899931376	0.940876664612453	0.941058157702321	0.937938321663106	0.942383753416109	0.949701857383114	0.94756257234196	0.94369399061549	0.9428721816593	0.950740315070388	0.94303000613218	0.949710627571445	0.969431252116232	0.94517172969195	0.946023475439514	0.940690965696602	0.948816561242024	0.944070594850132	0.949797352981301	0.953204127510436	0.947537040281706	0.931892763657482	0.937202601032023	0.95846640781135	0.929402433796508	0.94483906710532	0.954028283105025	0.93314922296534	0.9642296609009	0.957664614860309	0.944125333163127	0.944910359078596	0.96067540729318	0.937370909212703	0.948765883887957	0.939212089562075	0.92946115182475	0.954461526085599	0.940677516324326	0.934060278438423	0.951319106902101	0.950339833003421	0.95381917003744	0.93193673718997	0.948646833026252	0.940253419051395	0.928156828645514	0.949920869137738	0.942617258025629
cg02103202	NA	NA	NA	NA	NA	NA	NA	NA	NA	NA	NA	NA	NA	NA	NA	NA	NA	NA	NA	NA	NA	NA	NA	NA	NA	NA	NA	NA	NA	NA	NA	NA	NA	NA	NA	NA	NA	NA	NA	NA	NA	NA	NA	NA	NA	NA	NA	NA	NA	NA	NA	NA	NA	NA	NA	NA	NA	NA	NA	NA	NA	NA	NA	NA	NA	NA	NA	NA	NA	NA	NA	NA	NA	NA	NA	NA	NA	NA	NA	NA	NA	NA	NA	NA	NA	NA	NA
cg02125400	NA	NA	NA	NA	NA	NA	NA	NA	NA	NA	NA	NA	NA	NA	NA	NA	NA	NA	NA	NA	NA	NA	NA	NA	NA	NA	NA	NA	NA	NA	NA	NA	NA	NA	NA	NA	NA	NA	NA	NA	NA	NA	NA	NA	NA	NA	NA	NA	NA	NA	NA	NA	NA	NA	NA	NA	NA	NA	NA	NA	NA	NA	NA	NA	NA	NA	NA	NA	NA	NA	NA	NA	NA	NA	NA	NA	NA	NA	NA	NA	NA	NA	NA	NA	NA	NA	NA
cg02128233	NA	NA	NA	NA	NA	NA	NA	NA	NA	NA	NA	NA	NA	NA	NA	NA	NA	NA	NA	NA	NA	NA	NA	NA	NA	NA	NA	NA	NA	NA	NA	NA	NA	NA	NA	NA	NA	NA	NA	NA	NA	NA	NA	NA	NA	NA	NA	NA	NA	NA	NA	NA	NA	NA	NA	NA	NA	NA	NA	NA	NA	NA	NA	NA	NA	NA	NA	NA	NA	NA	NA	NA	NA	NA	NA	NA	NA	NA	NA	NA	NA	NA	NA	NA	NA	NA	NA
cg02132460	NA	NA	NA	NA	NA	NA	NA	NA	NA	NA	NA	NA	NA	NA	NA	NA	NA	NA	NA	NA	NA	NA	NA	NA	NA	NA	NA	NA	NA	NA	NA	NA	NA	NA	NA	NA	NA	NA	NA	NA	NA	NA	NA	NA	NA	NA	NA	NA	NA	NA	NA	NA	NA	NA	NA	NA	NA	NA	NA	NA	NA	NA	NA	NA	NA	NA	NA	NA	NA	NA	NA	NA	NA	NA	NA	NA	NA	NA	NA	NA	NA	NA	NA	NA	NA	NA	NA
cg02148292	NA	NA	NA	NA	NA	NA	NA	NA	NA	NA	NA	NA	NA	NA	NA	NA	NA	NA	NA	NA	NA	NA	NA	NA	NA	NA	NA	NA	NA	NA	NA	NA	NA	NA	NA	NA	NA	NA	NA	NA	NA	NA	NA	NA	NA	NA	NA	NA	NA	NA	NA	NA	NA	NA	NA	NA	NA	NA	NA	NA	NA	NA	NA	NA	NA	NA	NA	NA	NA	NA	NA	NA	NA	NA	NA	NA	NA	NA	NA	NA	NA	NA	NA	NA	NA	NA	NA
cg02154268	NA	NA	NA	NA	NA	NA	NA	NA	NA	NA	NA	NA	NA	NA	NA	NA	NA	NA	NA	NA	NA	NA	NA	NA	NA	NA	NA	NA	NA	NA	NA	NA	NA	NA	NA	NA	NA	NA	NA	NA	NA	NA	NA	NA	NA	NA	NA	NA	NA	NA	NA	NA	NA	NA	NA	NA	NA	NA	NA	NA	NA	NA	NA	NA	NA	NA	NA	NA	NA	NA	NA	NA	NA	NA	NA	NA	NA	NA	NA	NA	NA	NA	NA	NA	NA	NA	NA
cg02158100	NA	NA	NA	NA	NA	NA	NA	NA	NA	NA	NA	NA	NA	NA	NA	NA	NA	NA	NA	NA	NA	NA	NA	NA	NA	NA	NA	NA	NA	NA	NA	NA	NA	NA	NA	NA	NA	NA	NA	NA	NA	NA	NA	NA	NA	NA	NA	NA	NA	NA	NA	NA	NA	NA	NA	NA	NA	NA	NA	NA	NA	NA	NA	NA	NA	NA	NA	NA	NA	NA	NA	NA	NA	NA	NA	NA	NA	NA	NA	NA	NA	NA	NA	NA	NA	NA	NA
cg02190786	NA	NA	NA	NA	NA	NA	NA	NA	NA	NA	NA	NA	NA	NA	NA	NA	NA	NA	NA	NA	NA	NA	NA	NA	NA	NA	NA	NA	NA	NA	NA	NA	NA	NA	NA	NA	NA	NA	NA	NA	NA	NA	NA	NA	NA	NA	NA	NA	NA	NA	NA	NA	NA	NA	NA	NA	NA	NA	NA	NA	NA	NA	NA	NA	NA	NA	NA	NA	NA	NA	NA	NA	NA	NA	NA	NA	NA	NA	NA	NA	NA	NA	NA	NA	NA	NA	NA
cg02223612	NA	NA	NA	NA	NA	NA	NA	NA	NA	NA	NA	NA	NA	NA	NA	NA	NA	NA	NA	NA	NA	NA	NA	NA	NA	NA	NA	NA	NA	NA	NA	NA	NA	NA	NA	NA	NA	NA	NA	NA	NA	NA	NA	NA	NA	NA	NA	NA	NA	NA	NA	NA	NA	NA	NA	NA	NA	NA	NA	NA	NA	NA	NA	NA	NA	NA	NA	NA	NA	NA	NA	NA	NA	NA	NA	NA	NA	NA	NA	NA	NA	NA	NA	NA	NA	NA	NA
cg02231798	0.936325746942627	0.938998748019164	0.890829403405702	0.932598402570871	0.923259853847355	0.871403163765879	0.925582937027493	0.930835435433456	0.69756025225929	0.898816845424373	0.933371840461195	0.933868427331883	0.871397330328855	0.960573594609545	0.881866058716771	0.852412736149203	0.796822902522293	0.893531533160388	0.860301888351729	0.88431913210461	0.920167348359661	0.895019612282546	0.921400680814709	0.9236357467461	0.8696250067355	0.910353144595588	0.944664936103396	0.922809752587981	0.900976888427859	0.916281797490202	0.875730524488771	0.895162194075497	0.925301015010479	0.914265592513092	0.773431784791429	0.857176011922085	0.828663457816665	0.915992511536472	0.933312409657448	0.829809207479204	0.917461275536357	0.883438658415678	0.943536838425025	0.933573432184905	0.938638077175567	0.945352096213997	0.950812944050428	0.861007054180922	0.915683717371445	0.883718284756556	0.95492768442384	0.925079377965582	0.889346437128304	0.932305187265977	0.91153506180025	0.930755106242381	0.932563566523113	0.911838945089566	0.886647727848878	0.947365291279565	0.910149766459406	0.950366084158743	0.90350401325489	0.894020905600249	0.913781834574834	0.868675768177668	0.951143679001955	0.860534862373541	0.910536921334692	0.932937078747863	0.877345169490465	0.955236588706885	0.906700695519755	0.889401955675139	0.897482205150382	0.940485776870089	0.795032899812964	0.932108609769423	0.92360763626244	0.881596879420998	0.966367315579995	0.964184197777702	0.943053733159528	0.883648307257217	0.785090472033181	0.870057585414533	0.930116347350185
cg02247211	NA	NA	NA	NA	NA	NA	NA	NA	NA	NA	NA	NA	NA	NA	NA	NA	NA	NA	NA	NA	NA	NA	NA	NA	NA	NA	NA	NA	NA	NA	NA	NA	NA	NA	NA	NA	NA	NA	NA	NA	NA	NA	NA	NA	NA	NA	NA	NA	NA	NA	NA	NA	NA	NA	NA	NA	NA	NA	NA	NA	NA	NA	NA	NA	NA	NA	NA	NA	NA	NA	NA	NA	NA	NA	NA	NA	NA	NA	NA	NA	NA	NA	NA	NA	NA	NA	NA
cg02253978	0.907424993424599	0.895767304605952	0.902362146677155	0.847623794533065	0.920714584255324	0.904082469427438	0.901573665067468	0.917587917207033	0.873550792409105	0.929197147810925	0.883856293277602	0.870287992014262	0.879598939930342	0.924408440226581	0.8732936381085	0.886513630835678	0.899746465285401	0.923627400573696	0.885561004881238	0.907837633744907	0.924153914996208	0.887023959064242	0.915849807405289	0.853222577792045	0.896450753654797	0.891528036518254	0.896263260389667	0.916612478033618	0.902015164626419	NA	0.913526319085039	0.89903577945924	0.907217321004127	0.879083956881226	0.903086535274043	0.87805385536412	0.877472568940451	0.941663490789706	0.909328479626016	0.901256387908105	0.89820955875931	0.856949477689756	0.8791182328913	0.916696843711451	0.885728444609269	0.916268889181826	0.898503713026078	0.887286898893726	0.897593525579644	0.896580083057493	0.910489959547603	0.913321838544473	0.894227113591351	0.873528232917267	0.885057960108443	0.903805523358724	0.850344728162526	0.91557280947108	0.889735009981438	0.840141081875439	0.824058759963964	0.922589592540559	0.882851597640866	0.912376589105886	0.880652558178466	0.847026950082631	0.913697532418086	0.926233983868336	0.930624021933731	0.897849285068152	0.879880570363817	0.93283760497888	0.866073772183196	0.887331111308141	0.894315626592845	0.921474828020332	0.870707035331189	0.893565438826188	0.90030624171922	0.816708976813133	0.918758618689224	0.912534736341435	0.91461967635872	0.914785602263613	0.89130709911876	0.870431301940088	0.885381504620679
cg02255618	NA	NA	NA	NA	NA	NA	NA	NA	NA	NA	NA	NA	NA	NA	NA	NA	NA	NA	NA	NA	NA	NA	NA	NA	NA	NA	NA	NA	NA	NA	NA	NA	NA	NA	NA	NA	NA	NA	NA	NA	NA	NA	NA	NA	NA	NA	NA	NA	NA	NA	NA	NA	NA	NA	NA	NA	NA	NA	NA	NA	NA	NA	NA	NA	NA	NA	NA	NA	NA	NA	NA	NA	NA	NA	NA	NA	NA	NA	NA	NA	NA	NA	NA	NA	NA	NA	NA
cg02269231	NA	NA	NA	NA	NA	NA	NA	NA	NA	NA	NA	NA	NA	NA	NA	NA	NA	NA	NA	NA	NA	NA	NA	NA	NA	NA	NA	NA	NA	NA	NA	NA	NA	NA	NA	NA	NA	NA	NA	NA	NA	NA	NA	NA	NA	NA	NA	NA	NA	NA	NA	NA	NA	NA	NA	NA	NA	NA	NA	NA	NA	NA	NA	NA	NA	NA	NA	NA	NA	NA	NA	NA	NA	NA	NA	NA	NA	NA	NA	NA	NA	NA	NA	NA	NA	NA	NA
cg02275622	NA	NA	NA	NA	NA	NA	NA	NA	NA	NA	NA	NA	NA	NA	NA	NA	NA	NA	NA	NA	NA	NA	NA	NA	NA	NA	NA	NA	NA	NA	NA	NA	NA	NA	NA	NA	NA	NA	NA	NA	NA	NA	NA	NA	NA	NA	NA	NA	NA	NA	NA	NA	NA	NA	NA	NA	NA	NA	NA	NA	NA	NA	NA	NA	NA	NA	NA	NA	NA	NA	NA	NA	NA	NA	NA	NA	NA	NA	NA	NA	NA	NA	NA	NA	NA	NA	NA
cg02280599	0.946271468965192	0.937354210747764	0.94829929365223	0.918742795576216	0.880836672843686	0.915865548448674	0.890611682357154	0.947476136535875	0.78249931818976	0.927220426907273	0.837399730250299	0.914784106035625	0.864068334557113	0.940362412777806	0.890593287821532	0.929876221858101	0.901468330758299	0.940285884158352	0.918329296549956	0.918740188450693	0.950309551140968	0.924200332568006	0.920315280244305	0.91754807389586	0.937835019773387	0.905567463146223	0.918438613987771	0.92101503051262	0.930334647308664	0.934046557126862	0.930807482976677	0.922988890768947	0.907564641375826	0.901412594270849	0.931425711783512	0.923847823277138	0.898068676339566	0.946147288024269	0.918956585208575	0.931630008425825	0.90974014298645	0.895738164047825	0.921789900757524	0.932172751085627	0.775651904878147	0.939156056603216	0.897533951308127	0.918261251073156	0.90380796002999	0.912699971257878	0.954964405742881	0.918563994861131	0.929101640231604	0.910900777992324	0.941531351069382	0.899656960160022	0.842849679496453	0.91829764957073	0.815042406748713	0.868994525257356	0.91073914985285	0.946706633858852	0.892415026383683	0.936294830692748	0.924210723154335	0.905605290870945	0.920252405327887	0.923755502693445	0.929431867930829	0.941430901696789	0.932484174753532	0.942576096734622	0.921637818330751	0.917247234791934	0.923196423761903	0.936616838732898	0.890441171576541	0.92916011680604	0.927940024403411	0.914912295907558	0.908126217867579	0.896968107829239	0.930008757192447	0.942410874812553	0.897674659541659	0.898751049064552	0.917978521156051
cg02290855	NA	NA	NA	NA	NA	NA	NA	NA	NA	NA	NA	NA	NA	NA	NA	NA	NA	NA	NA	NA	NA	NA	NA	NA	NA	NA	NA	NA	NA	NA	NA	NA	NA	NA	NA	NA	NA	NA	NA	NA	NA	NA	NA	NA	NA	NA	NA	NA	NA	NA	NA	NA	NA	NA	NA	NA	NA	NA	NA	NA	NA	NA	NA	NA	NA	NA	NA	NA	NA	NA	NA	NA	NA	NA	NA	NA	NA	NA	NA	NA	NA	NA	NA	NA	NA	NA	NA
cg02302165	0.960890063883986	0.938880158036251	0.940486025769652	0.923215926860497	0.932957513818699	0.937545708785017	0.908127318526155	0.937474104683829	0.916282061006058	0.929206497580174	0.90893847854985	0.939460517879223	0.909122128510726	0.947816843290642	0.899489050112976	0.928777162463403	0.916868123626409	0.938836255119376	0.930101283540039	0.928680862232728	0.945906193691996	0.930049610784771	0.933797653842143	0.90947944254734	0.906327611461582	0.934356910950789	0.942377391645423	0.935615960989216	0.929591367536755	0.931349227445306	0.95320374227765	0.921516631527476	0.934636352386222	0.924167751344802	0.921244271249803	0.934779771584827	0.903255024618553	0.943992895521138	0.932072670543666	0.833178777068456	0.936555708440732	0.927943503234326	0.923964330970049	0.93613885403357	0.930806374237033	0.934373123871051	0.917436394762237	0.929106317277536	0.929408799288987	0.887438613415015	0.958678154404844	0.938952805673377	0.932647115647147	0.900100048352814	0.932989417624344	0.918881376076603	0.924433564941142	0.926032867147873	0.891700541608858	0.906441625763618	0.941876687951187	0.950217638306768	0.917944731716292	0.927332642797709	0.943614800256756	0.932663187708793	0.936932070835195	0.936883872869719	0.926087209862244	0.948940082093647	0.92864223232319	0.952894396448372	0.93457285045762	0.927745920725263	0.925542200381208	0.941331564817903	0.873161178363766	0.938056909920928	0.938128458220499	0.938028126799632	0.931486038751854	0.93910865121312	0.926763901976466	0.941545093726265	0.907615051255726	0.92710002381287	0.893948825131066
cg02312154	0.888767135328827	0.910114935651412	0.934264673313262	0.886215673207288	0.916797867506546	0.890097516008506	0.876559318852714	0.925119447516889	0.903660275689654	0.91045135665083	0.901297931534074	0.875657745738709	0.85113639554102	0.934420283131668	0.83977573430005	0.89240892251357	0.897204166677982	0.924284956223004	0.908682807732965	0.892941128947308	0.929296319996411	0.917972715736247	0.900076078043863	0.870843900809021	0.926321253964404	0.911975238045941	0.876528185672811	0.892792297393482	0.89986180005374	0.926025927794254	0.908688807466763	0.914598302104305	0.876662217987013	0.891084151361637	0.897635676484696	0.910040182730003	0.858695086170332	0.954438255490109	0.854825239224847	0.931801210574142	0.903188315429902	0.901306280697701	0.877923149311094	0.918946000150464	0.888140683511819	0.906028884980594	0.892919947425353	0.869172143375732	0.854521373670824	0.890324600087836	0.919119748610766	0.916679338067603	0.919171706844029	0.863491321413473	0.91555297787967	0.906738511031951	0.884407170226409	0.927551734120396	0.845034957383683	0.888305250991366	0.842929738477965	0.852889665865953	0.867928145166725	0.908546380189533	0.899671966393214	0.852018506821106	0.936803181665316	0.928772376649291	0.92795182447596	0.909478753249893	0.930039420163209	0.935123950288774	0.843905140933983	0.858646667010689	0.9006838002177	0.909099192633412	0.89595479749586	0.923987969896618	0.87148244991954	0.906350208080285	0.921784888835974	0.898776683842157	0.894924223937148	0.921051277835335	0.889719009553046	0.863455479261332	0.919397697973569
cg02341729	NA	NA	NA	NA	NA	NA	NA	NA	NA	NA	NA	NA	NA	NA	NA	NA	NA	NA	NA	NA	NA	NA	NA	NA	NA	NA	NA	NA	NA	NA	NA	NA	NA	NA	NA	NA	NA	NA	NA	NA	NA	NA	NA	NA	NA	NA	NA	NA	NA	NA	NA	NA	NA	NA	NA	NA	NA	NA	NA	NA	NA	NA	NA	NA	NA	NA	NA	NA	NA	NA	NA	NA	NA	NA	NA	NA	NA	NA	NA	NA	NA	NA	NA	NA	NA	NA	NA
cg02345638	NA	NA	NA	NA	NA	NA	NA	NA	NA	NA	NA	NA	NA	NA	NA	NA	NA	NA	NA	NA	NA	NA	NA	NA	NA	NA	NA	NA	NA	NA	NA	NA	NA	NA	NA	NA	NA	NA	NA	NA	NA	NA	NA	NA	NA	NA	NA	NA	NA	NA	NA	NA	NA	NA	NA	NA	NA	NA	NA	NA	NA	NA	NA	NA	NA	NA	NA	NA	NA	NA	NA	NA	NA	NA	NA	NA	NA	NA	NA	NA	NA	NA	NA	NA	NA	NA	NA
cg02348876	NA	NA	NA	NA	NA	NA	NA	NA	NA	NA	NA	NA	NA	NA	NA	NA	NA	NA	NA	NA	NA	NA	NA	NA	NA	NA	NA	NA	NA	NA	NA	NA	NA	NA	NA	NA	NA	NA	NA	NA	NA	NA	NA	NA	NA	NA	NA	NA	NA	NA	NA	NA	NA	NA	NA	NA	NA	NA	NA	NA	NA	NA	NA	NA	NA	NA	NA	NA	NA	NA	NA	NA	NA	NA	NA	NA	NA	NA	NA	NA	NA	NA	NA	NA	NA	NA	NA
cg02356223	0.899307364956633	0.854212548676664	0.873824328102293	0.913508581393825	0.816830877328523	0.733600141751879	0.921379264089219	0.883005357779811	0.868378765237717	0.894714378155708	0.764684556964882	0.877010052177449	0.839292947219727	0.90250261819187	0.889335813972287	0.814835371845392	0.818319818971379	0.855877420791332	0.84680918018171	0.92956109628435	0.829340505087779	0.905387034459106	0.8948754828384	0.927844419649209	0.915910538942539	0.908573293930282	0.926673944639065	0.91587278713434	0.876616516616961	0.903441801251925	0.904529374631868	0.928428019266456	0.908842429707659	0.896969793700029	0.861862022816639	0.883622159145392	0.889209244542334	0.923631214067878	0.876257434529541	0.904235113927549	0.890924295440464	0.908823003865265	0.919714767608967	0.897037797163138	0.857443891605574	0.913366752489833	0.929305868049707	0.796658567649036	0.879413002026689	0.882513762450428	0.929994253374092	0.906142863277036	0.751484432388746	0.913185136939954	0.820570608159036	0.868527698903943	0.904216665154319	0.909439991851199	0.497534545677416	0.926284544258734	0.913758179553466	0.921829164828411	0.922008850641623	0.903898679164254	0.783215876761567	0.860660639696157	0.901102261646588	0.899318695106993	0.912091531594486	0.889205759181885	0.900302097232329	0.952933254912874	0.934777909556659	0.904538246225814	0.929893252397547	0.852594873771855	0.720200598458089	0.884199827895926	0.874345249737321	0.945068639047644	0.89447084053097	0.926276029160209	0.912782169139949	0.836950860614772	0.816777726305282	0.934944350853208	0.889312765112115
cg02397533	NA	NA	NA	NA	NA	NA	NA	NA	NA	NA	NA	NA	NA	NA	NA	NA	NA	NA	NA	NA	NA	NA	NA	NA	NA	NA	NA	NA	NA	NA	NA	NA	NA	NA	NA	NA	NA	NA	NA	NA	NA	NA	NA	NA	NA	NA	NA	NA	NA	NA	NA	NA	NA	NA	NA	NA	NA	NA	NA	NA	NA	NA	NA	NA	NA	NA	NA	NA	NA	NA	NA	NA	NA	NA	NA	NA	NA	NA	NA	NA	NA	NA	NA	NA	NA	NA	NA
cg02401554	NA	NA	NA	NA	NA	NA	NA	NA	NA	NA	NA	NA	NA	NA	NA	NA	NA	NA	NA	NA	NA	NA	NA	NA	NA	NA	NA	NA	NA	NA	NA	NA	NA	NA	NA	NA	NA	NA	NA	NA	NA	NA	NA	NA	NA	NA	NA	NA	NA	NA	NA	NA	NA	NA	NA	NA	NA	NA	NA	NA	NA	NA	NA	NA	NA	NA	NA	NA	NA	NA	NA	NA	NA	NA	NA	NA	NA	NA	NA	NA	NA	NA	NA	NA	NA	NA	NA
cg02443010	0.95335386011334	0.908944820414521	0.949470350434619	0.945869970298706	0.535221148305316	0.86534532072353	0.834364567991313	0.945494208044998	0.846446380538395	0.95105556059752	0.913215688152926	0.946729710086624	0.832069900282678	0.791302845428568	0.874746922114549	0.937969836777149	0.929769227663352	0.948233558146002	0.944722905911179	0.912705140275939	0.939468095828122	0.882425393130962	0.923637537778382	0.931275674703949	0.932466931323749	0.943722535099305	0.804835587055521	0.935853153065775	0.947480694071739	0.952507420395079	0.95694503090954	0.938863914552397	0.944096194786806	0.64850763491146	0.929380886096338	0.938544616869128	0.933384177084819	0.679740642836761	0.926750137849149	0.937089662413026	0.927663822276287	0.926096138046963	0.71961943448603	0.929515831039884	0.932569778133104	0.703641162337106	0.925261036560586	0.937691226564755	0.937883205790193	0.932226114304318	0.749589524436944	0.951531982533306	0.922512079054619	0.942487677270004	0.944518285341323	0.941271562795188	0.91990214322306	0.948269351012058	0.358539650697563	0.929377105632151	0.943816048150465	0.713913716809161	0.93196417867179	0.939415944912178	0.928720172495597	0.848642356605218	0.937809896242198	0.874876548925996	0.948662960514198	0.952896817191665	0.952311320638998	0.924021499126825	0.94527899489377	0.663282625298216	0.940111528452793	0.776311784769756	0.88169213028175	0.922510113155117	0.834697208665182	0.509944174725528	0.950774255928214	0.94402920795024	0.939297735467014	0.678549742382825	0.936671969435555	0.918873738472714	0.91101590851177
cg02471166	NA	NA	NA	NA	NA	NA	NA	NA	NA	NA	NA	NA	NA	NA	NA	NA	NA	NA	NA	NA	NA	NA	NA	NA	NA	NA	NA	NA	NA	NA	NA	NA	NA	NA	NA	NA	NA	NA	NA	NA	NA	NA	NA	NA	NA	NA	NA	NA	NA	NA	NA	NA	NA	NA	NA	NA	NA	NA	NA	NA	NA	NA	NA	NA	NA	NA	NA	NA	NA	NA	NA	NA	NA	NA	NA	NA	NA	NA	NA	NA	NA	NA	NA	NA	NA	NA	NA
cg02516800	0.944027388417548	0.871806022475103	0.946580948317262	0.867996136759281	0.555892865063334	0.531789980240308	0.948490356206579	0.808864563216188	0.905313935251358	0.559179368356219	0.473036748791451	0.946675919966363	0.910509946702999	0.643830204929736	0.688215282798715	0.910585354071321	0.939344537324621	0.933718104692847	0.720164453821025	0.88806079103883	0.947087608255047	0.865090765869711	0.862146897095933	0.863457865113098	0.822249730365721	0.947324496963798	0.856579479118416	0.815958591732303	0.948432561906313	0.670942567949837	0.943029270948789	0.949425271090991	0.944215195404428	0.934606398150726	0.861578850857377	0.836532023326349	0.870951014565328	0.939636312897211	0.925398086962726	0.945387991932695	0.722287403073705	0.515768968069832	0.941482767423575	0.928021733823396	0.377498200479873	0.744906500061982	0.910979935682935	0.936210579086927	0.697142622552915	0.892139715204908	0.73871005791656	0.563549186582761	0.805199258511141	0.930264683713301	0.902187307274725	0.877820836707214	0.905453550978119	0.912876222407607	0.284041000156714	0.831229721955563	0.917608713874689	0.806818740215368	0.925430959718364	0.89237627334561	0.924419050825326	0.574930136904279	0.944172781619044	0.905099072009752	0.68778351610058	0.935403742750211	0.920402883525507	0.439492521638508	0.912706147083532	0.943425502267955	0.904132159076178	0.780440213288593	0.853103756114284	0.933558123389512	0.380863525964195	0.48982932780344	0.921876333148236	0.900835151271675	0.62182029253821	0.883049139565962	0.932541357489376	0.565388336306109	0.247353358510019
cg02533998	NA	NA	NA	NA	NA	NA	NA	NA	NA	NA	NA	NA	NA	NA	NA	NA	NA	NA	NA	NA	NA	NA	NA	NA	NA	NA	NA	NA	NA	NA	NA	NA	NA	NA	NA	NA	NA	NA	NA	NA	NA	NA	NA	NA	NA	NA	NA	NA	NA	NA	NA	NA	NA	NA	NA	NA	NA	NA	NA	NA	NA	NA	NA	NA	NA	NA	NA	NA	NA	NA	NA	NA	NA	NA	NA	NA	NA	NA	NA	NA	NA	NA	NA	NA	NA	NA	NA
cg02612657	NA	NA	NA	NA	NA	NA	NA	NA	NA	NA	NA	NA	NA	NA	NA	NA	NA	NA	NA	NA	NA	NA	NA	NA	NA	NA	NA	NA	NA	NA	NA	NA	NA	NA	NA	NA	NA	NA	NA	NA	NA	NA	NA	NA	NA	NA	NA	NA	NA	NA	NA	NA	NA	NA	NA	NA	NA	NA	NA	NA	NA	NA	NA	NA	NA	NA	NA	NA	NA	NA	NA	NA	NA	NA	NA	NA	NA	NA	NA	NA	NA	NA	NA	NA	NA	NA	NA
cg02656873	NA	NA	NA	NA	NA	NA	NA	NA	NA	NA	NA	NA	NA	NA	NA	NA	NA	NA	NA	NA	NA	NA	NA	NA	NA	NA	NA	NA	NA	NA	NA	NA	NA	NA	NA	NA	NA	NA	NA	NA	NA	NA	NA	NA	NA	NA	NA	NA	NA	NA	NA	NA	NA	NA	NA	NA	NA	NA	NA	NA	NA	NA	NA	NA	NA	NA	NA	NA	NA	NA	NA	NA	NA	NA	NA	NA	NA	NA	NA	NA	NA	NA	NA	NA	NA	NA	NA
cg02658551	NA	NA	NA	NA	NA	NA	NA	NA	NA	NA	NA	NA	NA	NA	NA	NA	NA	NA	NA	NA	NA	NA	NA	NA	NA	NA	NA	NA	NA	NA	NA	NA	NA	NA	NA	NA	NA	NA	NA	NA	NA	NA	NA	NA	NA	NA	NA	NA	NA	NA	NA	NA	NA	NA	NA	NA	NA	NA	NA	NA	NA	NA	NA	NA	NA	NA	NA	NA	NA	NA	NA	NA	NA	NA	NA	NA	NA	NA	NA	NA	NA	NA	NA	NA	NA	NA	NA
cg02671915	NA	NA	NA	NA	NA	NA	NA	NA	NA	NA	NA	NA	NA	NA	NA	NA	NA	NA	NA	NA	NA	NA	NA	NA	NA	NA	NA	NA	NA	NA	NA	NA	NA	NA	NA	NA	NA	NA	NA	NA	NA	NA	NA	NA	NA	NA	NA	NA	NA	NA	NA	NA	NA	NA	NA	NA	NA	NA	NA	NA	NA	NA	NA	NA	NA	NA	NA	NA	NA	NA	NA	NA	NA	NA	NA	NA	NA	NA	NA	NA	NA	NA	NA	NA	NA	NA	NA
cg02693279	0.917875947933535	0.947058305962513	0.92805471681998	0.938913552108512	0.921039475541666	0.939117341245497	0.95172016358165	0.969054784682604	0.947287042639382	0.938408967848737	0.904886820535429	0.8979978652944	0.944804190282348	0.957970025943598	0.937990513745555	0.915204430429222	0.855263333821053	0.958603247102647	0.932786811219099	0.951446568232521	0.941503330597971	0.927023238734465	0.951292304897179	0.952242584088606	0.949224253258092	0.951265764121505	0.945893214967402	0.934080198380942	0.926190124662328	0.947612786688186	0.915675178118024	0.921769923730482	0.895910540843964	0.940409771871184	0.823595526312665	0.909649053668637	0.865512786063673	0.958274570141074	0.937225151465191	0.959529867744294	0.939077913756834	0.931143179701767	0.951252975270076	0.934529157665381	0.946437015431241	0.950022775451192	0.925556104571828	0.905040371904817	0.939577782903022	0.95175863881881	0.956413950516349	0.954252014036535	0.919139872520346	0.941469008536851	0.927390372215699	0.957890774384043	0.940421521992177	0.944111732734771	0.848005095618452	0.928866010672437	0.933124589859731	0.950713077443447	0.904243377961077	0.929314312128954	0.928385457416691	0.925622272813227	0.940381927609517	0.92579692702426	0.936946472101718	0.929349060527962	0.94074588678777	0.965422485721533	0.941612407094633	0.951505324505042	0.908869007507007	0.837045328591508	0.866102362675561	0.918388034521661	0.925375442178982	0.928290675234352	0.950430056452878	0.96101101520951	0.949996776612762	0.948328776690528	0.852778042614069	0.931498985744538	0.954229594912214
cg02703695	NA	NA	NA	NA	NA	NA	NA	NA	NA	NA	NA	NA	NA	NA	NA	NA	NA	NA	NA	NA	NA	NA	NA	NA	NA	NA	NA	NA	NA	NA	NA	NA	NA	NA	NA	NA	NA	NA	NA	NA	NA	NA	NA	NA	NA	NA	NA	NA	NA	NA	NA	NA	NA	NA	NA	NA	NA	NA	NA	NA	NA	NA	NA	NA	NA	NA	NA	NA	NA	NA	NA	NA	NA	NA	NA	NA	NA	NA	NA	NA	NA	NA	NA	NA	NA	NA	NA
cg02724815	NA	NA	NA	NA	NA	NA	NA	NA	NA	NA	NA	NA	NA	NA	NA	NA	NA	NA	NA	NA	NA	NA	NA	NA	NA	NA	NA	NA	NA	NA	NA	NA	NA	NA	NA	NA	NA	NA	NA	NA	NA	NA	NA	NA	NA	NA	NA	NA	NA	NA	NA	NA	NA	NA	NA	NA	NA	NA	NA	NA	NA	NA	NA	NA	NA	NA	NA	NA	NA	NA	NA	NA	NA	NA	NA	NA	NA	NA	NA	NA	NA	NA	NA	NA	NA	NA	NA
cg02744713	NA	NA	NA	NA	NA	NA	NA	NA	NA	NA	NA	NA	NA	NA	NA	NA	NA	NA	NA	NA	NA	NA	NA	NA	NA	NA	NA	NA	NA	NA	NA	NA	NA	NA	NA	NA	NA	NA	NA	NA	NA	NA	NA	NA	NA	NA	NA	NA	NA	NA	NA	NA	NA	NA	NA	NA	NA	NA	NA	NA	NA	NA	NA	NA	NA	NA	NA	NA	NA	NA	NA	NA	NA	NA	NA	NA	NA	NA	NA	NA	NA	NA	NA	NA	NA	NA	NA
cg02750728	0.959803533656164	0.801215519803304	0.920365675732725	0.611431311821275	0.93560268365833	0.892284422008346	0.84417708753353	0.801196374168206	0.937852954936098	0.918781393016911	0.935183208684742	0.944125992858139	0.613263859497304	0.749690013405702	0.806342333560651	0.568341103165762	0.908966534768489	0.78240036020585	0.936222328151133	0.720479528498812	0.948176206754811	0.94394267072105	0.938259065096216	0.930135839116176	0.960029600190586	0.763663296270664	0.946547762323487	0.955575644419709	0.925966841426507	0.954709686446286	0.939829684244177	0.946710877195492	0.952306969552049	0.943795737622233	0.92625194505719	0.938071272618687	0.940928491000145	0.953353077478799	0.92876591297861	0.950170442577235	0.818281535116829	0.941493955240702	0.938085836582317	0.739193559041739	0.9588752122799	0.867093888111201	0.39465883659643	0.941622331123617	0.955769781079925	0.923047042858725	0.967393473322551	0.945985546852673	0.880159777697373	0.950595530017699	0.881095901142202	0.945237164922211	0.956110277253911	0.701581949513027	0.949218197082382	0.4848871161103	0.950467197049719	0.930222645644117	0.944483908126267	0.936959907803378	0.863696493491489	0.947192105150038	0.937485838875978	0.846655608147215	0.954120277379416	0.953510081804022	0.955018865045412	0.9578767915945	0.711597152267017	0.760639203551036	0.948169909909464	0.950330190053983	0.893655759993386	0.935869096665139	0.953158203315181	0.927648387172868	0.820088119939938	0.936671605314408	0.717921341200536	0.945993517088376	0.880386087022144	0.956751833101564	0.720210922391919
cg02771684	NA	NA	NA	NA	NA	NA	NA	NA	NA	NA	NA	NA	NA	NA	NA	NA	NA	NA	NA	NA	NA	NA	NA	NA	NA	NA	NA	NA	NA	NA	NA	NA	NA	NA	NA	NA	NA	NA	NA	NA	NA	NA	NA	NA	NA	NA	NA	NA	NA	NA	NA	NA	NA	NA	NA	NA	NA	NA	NA	NA	NA	NA	NA	NA	NA	NA	NA	NA	NA	NA	NA	NA	NA	NA	NA	NA	NA	NA	NA	NA	NA	NA	NA	NA	NA	NA	NA
cg02772132	NA	NA	NA	NA	NA	NA	NA	NA	NA	NA	NA	NA	NA	NA	NA	NA	NA	NA	NA	NA	NA	NA	NA	NA	NA	NA	NA	NA	NA	NA	NA	NA	NA	NA	NA	NA	NA	NA	NA	NA	NA	NA	NA	NA	NA	NA	NA	NA	NA	NA	NA	NA	NA	NA	NA	NA	NA	NA	NA	NA	NA	NA	NA	NA	NA	NA	NA	NA	NA	NA	NA	NA	NA	NA	NA	NA	NA	NA	NA	NA	NA	NA	NA	NA	NA	NA	NA
cg02791765	NA	NA	NA	NA	NA	NA	NA	NA	NA	NA	NA	NA	NA	NA	NA	NA	NA	NA	NA	NA	NA	NA	NA	NA	NA	NA	NA	NA	NA	NA	NA	NA	NA	NA	NA	NA	NA	NA	NA	NA	NA	NA	NA	NA	NA	NA	NA	NA	NA	NA	NA	NA	NA	NA	NA	NA	NA	NA	NA	NA	NA	NA	NA	NA	NA	NA	NA	NA	NA	NA	NA	NA	NA	NA	NA	NA	NA	NA	NA	NA	NA	NA	NA	NA	NA	NA	NA
cg02824523	NA	NA	NA	NA	NA	NA	NA	NA	NA	NA	NA	NA	NA	NA	NA	NA	NA	NA	NA	NA	NA	NA	NA	NA	NA	NA	NA	NA	NA	NA	NA	NA	NA	NA	NA	NA	NA	NA	NA	NA	NA	NA	NA	NA	NA	NA	NA	NA	NA	NA	NA	NA	NA	NA	NA	NA	NA	NA	NA	NA	NA	NA	NA	NA	NA	NA	NA	NA	NA	NA	NA	NA	NA	NA	NA	NA	NA	NA	NA	NA	NA	NA	NA	NA	NA	NA	NA
cg02840008	0.621747082678191	0.893046350831544	0.691552771794758	0.880729659414424	0.835358047858282	0.413013041114422	0.911683308821852	0.912320608790732	0.172800404807931	0.895885169986657	0.892309086236078	0.778308507044623	0.896090938879975	0.737486588516683	0.856219887597902	0.885519277344937	0.829793110031199	0.924738204673845	0.614348736460638	0.940108946378018	0.503742553440146	0.886437841193451	0.886427919896609	0.372466867464597	0.940563760255075	0.931864630159016	0.884262798169212	0.929048940495207	0.915170981859196	0.939542706131954	0.79773059775496	0.935168282174031	0.870534877162993	0.905657241814413	0.839624580330704	0.863202288205199	0.900475358604856	0.934857811934376	0.656194820448158	0.609621313666257	0.876918170630989	0.910571854011339	0.925729086811692	0.92500929787008	0.864887110008289	0.725029150046937	0.73672700113211	0.829444111416407	0.823088958640827	0.862334287663136	0.910391530722149	0.291858091630287	0.724077304964288	0.930401243144099	0.870824133271344	0.816178182245728	0.93840750032354	0.724898238020005	0.340440006000542	0.913838151991399	0.53701505454814	0.872907374678139	0.941442726508062	0.79325775970118	0.943058179350619	0.781903700512491	0.930587054735715	0.919834000136667	0.904032416544328	0.934232474809255	0.868172707427664	0.953223829859452	0.906595161969123	0.712224925530607	0.867675869215093	0.777207205597643	0.768627274451667	0.931698752490061	0.753303915394622	0.881432270653289	0.930130468999027	0.918534368204138	0.941537479176216	0.861656337708943	0.745832014123168	0.894809234218713	0.939343833420556
cg02862100	NA	NA	NA	NA	NA	NA	NA	NA	NA	NA	NA	NA	NA	NA	NA	NA	NA	NA	NA	NA	NA	NA	NA	NA	NA	NA	NA	NA	NA	NA	NA	NA	NA	NA	NA	NA	NA	NA	NA	NA	NA	NA	NA	NA	NA	NA	NA	NA	NA	NA	NA	NA	NA	NA	NA	NA	NA	NA	NA	NA	NA	NA	NA	NA	NA	NA	NA	NA	NA	NA	NA	NA	NA	NA	NA	NA	NA	NA	NA	NA	NA	NA	NA	NA	NA	NA	NA
cg02869126	NA	NA	NA	NA	NA	NA	NA	NA	NA	NA	NA	NA	NA	NA	NA	NA	NA	NA	NA	NA	NA	NA	NA	NA	NA	NA	NA	NA	NA	NA	NA	NA	NA	NA	NA	NA	NA	NA	NA	NA	NA	NA	NA	NA	NA	NA	NA	NA	NA	NA	NA	NA	NA	NA	NA	NA	NA	NA	NA	NA	NA	NA	NA	NA	NA	NA	NA	NA	NA	NA	NA	NA	NA	NA	NA	NA	NA	NA	NA	NA	NA	NA	NA	NA	NA	NA	NA
cg02873710	NA	NA	NA	NA	NA	NA	NA	NA	NA	NA	NA	NA	NA	NA	NA	NA	NA	NA	NA	NA	NA	NA	NA	NA	NA	NA	NA	NA	NA	NA	NA	NA	NA	NA	NA	NA	NA	NA	NA	NA	NA	NA	NA	NA	NA	NA	NA	NA	NA	NA	NA	NA	NA	NA	NA	NA	NA	NA	NA	NA	NA	NA	NA	NA	NA	NA	NA	NA	NA	NA	NA	NA	NA	NA	NA	NA	NA	NA	NA	NA	NA	NA	NA	NA	NA	NA	NA
cg02885021	NA	NA	NA	NA	NA	NA	NA	NA	NA	NA	NA	NA	NA	NA	NA	NA	NA	NA	NA	NA	NA	NA	NA	NA	NA	NA	NA	NA	NA	NA	NA	NA	NA	NA	NA	NA	NA	NA	NA	NA	NA	NA	NA	NA	NA	NA	NA	NA	NA	NA	NA	NA	NA	NA	NA	NA	NA	NA	NA	NA	NA	NA	NA	NA	NA	NA	NA	NA	NA	NA	NA	NA	NA	NA	NA	NA	NA	NA	NA	NA	NA	NA	NA	NA	NA	NA	NA
cg02899093	0.655648362530192	0.910851960452007	0.914507855265745	0.88275859691225	0.84962106564777	0.595749093628205	0.900027383918616	0.904244102265421	0.444040632538766	0.918318054499679	0.748780109165034	0.575957171907531	0.917435700461401	0.859714793247673	0.710665540436774	0.882312810513218	0.86773382644099	0.899931674909985	0.837400022552318	0.863862555709358	0.791446471482744	0.919129749218989	0.887182305294746	0.848009694548088	0.912069521274482	0.868240945686045	0.749854552742808	0.864170052544821	0.928521556350852	0.921780440209877	0.891754539910955	0.894066235779896	0.901687928053297	0.844711987118825	0.906213675557601	0.875735230411527	0.909115427729394	0.877358113294458	0.754072383757391	0.933873174760368	0.511605172925628	0.881626661956222	0.91974771514561	0.840238890739477	0.904062245195198	0.887053097101046	0.923791794448892	0.884190191564569	0.903794932742335	0.928279308111106	0.910024036333851	0.930904478156442	0.809161568520836	0.910257361264552	0.905494946878747	0.4977346544369	0.901868197678866	0.893460809473307	0.310860189983993	0.909345833729687	0.72853174844682	0.917025905885267	0.922365567521758	0.850447348842322	0.916437542710854	0.54923403650462	0.923322995253121	0.782144085624525	0.573836018413895	0.935524896205495	0.859381160660868	0.913193151821303	0.922663034892298	0.915987910247898	0.838949767780961	0.911276273351626	0.847967439961314	0.928471563980037	0.866583993550529	0.912699781651478	0.934865259049082	0.924194318260899	0.916796728928716	0.737387234538378	0.857518738340709	0.913959326525508	0.912353128602805
cg02906557	NA	NA	NA	NA	NA	NA	NA	NA	NA	NA	NA	NA	NA	NA	NA	NA	NA	NA	NA	NA	NA	NA	NA	NA	NA	NA	NA	NA	NA	NA	NA	NA	NA	NA	NA	NA	NA	NA	NA	NA	NA	NA	NA	NA	NA	NA	NA	NA	NA	NA	NA	NA	NA	NA	NA	NA	NA	NA	NA	NA	NA	NA	NA	NA	NA	NA	NA	NA	NA	NA	NA	NA	NA	NA	NA	NA	NA	NA	NA	NA	NA	NA	NA	NA	NA	NA	NA
cg02965931	0.934731809267665	0.946802928913237	0.942155129525954	0.92392696838994	0.936240583793761	0.915445897310015	0.919190435645044	0.951553988912307	0.230022171422913	0.933029174363397	0.897986517980542	0.916996256888757	0.898070664204745	0.930596425265294	0.912228122748879	0.912115537477085	0.930062213503536	0.947022241129106	0.893264436633145	0.918212989428554	0.944804354309324	0.915316970459964	0.94375700067668	0.901074693989343	0.949031556026346	0.922500660334324	0.93386090241249	0.938784255446415	0.903553542816266	0.923557475296041	0.913508493032605	0.913534254387188	0.924177383650169	0.914078648781718	0.852538444992225	0.941473188281133	0.906893034309632	0.953390457375998	0.925461968538785	0.945556666266629	0.927924276080073	0.863915177065896	0.918172578411075	0.924858817412795	0.915643572814423	0.920744933178375	0.925053090183082	0.906484295042222	0.878939387730532	0.926068175980356	0.957928633561008	0.897552329741331	0.913018069044995	0.901116786558047	0.912060031250622	0.932374286827248	0.888649424364051	0.88041710557417	0.927695920065134	0.850762542236421	0.905163798203665	0.944496441035682	0.888168943084563	0.930782036242671	0.93889316056936	0.906214205799667	0.933249181244188	0.936888827188073	0.933479466997123	0.937234636454485	0.92526794233357	0.933049184194674	0.915282482680358	0.934195755663765	0.919911703105673	0.92317632172027	0.840677615923493	0.933206474785906	0.901748328993983	0.917426109124273	0.922364963618448	0.92966130085483	0.926234569344609	0.940862782821618	0.894613453805388	0.900698500062933	0.915657937466845
cg02993013	NA	NA	NA	NA	NA	NA	NA	NA	NA	NA	NA	NA	NA	NA	NA	NA	NA	NA	NA	NA	NA	NA	NA	NA	NA	NA	NA	NA	NA	NA	NA	NA	NA	NA	NA	NA	NA	NA	NA	NA	NA	NA	NA	NA	NA	NA	NA	NA	NA	NA	NA	NA	NA	NA	NA	NA	NA	NA	NA	NA	NA	NA	NA	NA	NA	NA	NA	NA	NA	NA	NA	NA	NA	NA	NA	NA	NA	NA	NA	NA	NA	NA	NA	NA	NA	NA	NA
cg02998155	NA	NA	NA	NA	NA	NA	NA	NA	NA	NA	NA	NA	NA	NA	NA	NA	NA	NA	NA	NA	NA	NA	NA	NA	NA	NA	NA	NA	NA	NA	NA	NA	NA	NA	NA	NA	NA	NA	NA	NA	NA	NA	NA	NA	NA	NA	NA	NA	NA	NA	NA	NA	NA	NA	NA	NA	NA	NA	NA	NA	NA	NA	NA	NA	NA	NA	NA	NA	NA	NA	NA	NA	NA	NA	NA	NA	NA	NA	NA	NA	NA	NA	NA	NA	NA	NA	NA
cg03002774	NA	NA	NA	NA	NA	NA	NA	NA	NA	NA	NA	NA	NA	NA	NA	NA	NA	NA	NA	NA	NA	NA	NA	NA	NA	NA	NA	NA	NA	NA	NA	NA	NA	NA	NA	NA	NA	NA	NA	NA	NA	NA	NA	NA	NA	NA	NA	NA	NA	NA	NA	NA	NA	NA	NA	NA	NA	NA	NA	NA	NA	NA	NA	NA	NA	NA	NA	NA	NA	NA	NA	NA	NA	NA	NA	NA	NA	NA	NA	NA	NA	NA	NA	NA	NA	NA	NA
cg03006531	NA	NA	NA	NA	NA	NA	NA	NA	NA	NA	NA	NA	NA	NA	NA	NA	NA	NA	NA	NA	NA	NA	NA	NA	NA	NA	NA	NA	NA	NA	NA	NA	NA	NA	NA	NA	NA	NA	NA	NA	NA	NA	NA	NA	NA	NA	NA	NA	NA	NA	NA	NA	NA	NA	NA	NA	NA	NA	NA	NA	NA	NA	NA	NA	NA	NA	NA	NA	NA	NA	NA	NA	NA	NA	NA	NA	NA	NA	NA	NA	NA	NA	NA	NA	NA	NA	NA
cg03024791	0.1778851744783	0.375031298730682	0.649623124935663	0.260225270089388	0.291681869800104	0.258447684912335	0.657186066290526	0.598055353934252	0.108803426941981	0.542240211327383	0.472327325686219	0.417607596352713	0.501013552200421	0.268261001114226	0.354429507143938	0.466245569345972	0.515345953032141	0.423982036726524	0.429921767717696	0.672290903895366	0.307594636090078	0.678477000594803	0.300545535148513	0.358585210543612	0.536407337880246	0.456451061042612	0.427672027467102	0.263467251189015	0.488289708476696	0.560803751126232	0.646405554854096	0.532055639157562	0.683809508605019	0.622133973584849	0.478039895141671	0.674885629738177	0.659174757057463	0.408295587076087	0.313293336539082	0.642975069780913	0.271310736994473	0.52530670016234	0.557119696651277	0.538689224630272	0.442239263836031	0.361702145651621	0.449885022725197	0.440031480873426	0.804198376649949	0.612319638427919	0.568433900818351	0.753161096913456	0.420119958953653	0.739478660176819	0.715178108355808	0.551068518047789	0.764749831339183	0.692161829878405	0.254734279998025	0.822413126389738	0.487038345027805	0.220617118356143	0.741485592055748	0.490384370245322	0.512786731880696	0.177597362936634	0.715237182507375	0.458983393376343	0.362407537500642	0.56011758071669	0.408637486195498	0.593000947872135	0.451732409967988	0.723304666660635	0.251712347522539	0.64430063314149	0.433386346139043	0.31943088960014	0.179494032892039	0.500599859137481	0.615206241331465	0.374441249836231	0.499832503333688	0.467584721670839	0.568347535210001	0.387178652248497	0.212111054680654
cg03132202	NA	NA	NA	NA	NA	NA	NA	NA	NA	NA	NA	NA	NA	NA	NA	NA	NA	NA	NA	NA	NA	NA	NA	NA	NA	NA	NA	NA	NA	NA	NA	NA	NA	NA	NA	NA	NA	NA	NA	NA	NA	NA	NA	NA	NA	NA	NA	NA	NA	NA	NA	NA	NA	NA	NA	NA	NA	NA	NA	NA	NA	NA	NA	NA	NA	NA	NA	NA	NA	NA	NA	NA	NA	NA	NA	NA	NA	NA	NA	NA	NA	NA	NA	NA	NA	NA	NA
cg03153172	NA	NA	NA	NA	NA	NA	NA	NA	NA	NA	NA	NA	NA	NA	NA	NA	NA	NA	NA	NA	NA	NA	NA	NA	NA	NA	NA	NA	NA	NA	NA	NA	NA	NA	NA	NA	NA	NA	NA	NA	NA	NA	NA	NA	NA	NA	NA	NA	NA	NA	NA	NA	NA	NA	NA	NA	NA	NA	NA	NA	NA	NA	NA	NA	NA	NA	NA	NA	NA	NA	NA	NA	NA	NA	NA	NA	NA	NA	NA	NA	NA	NA	NA	NA	NA	NA	NA
cg03185975	NA	NA	NA	NA	NA	NA	NA	NA	NA	NA	NA	NA	NA	NA	NA	NA	NA	NA	NA	NA	NA	NA	NA	NA	NA	NA	NA	NA	NA	NA	NA	NA	NA	NA	NA	NA	NA	NA	NA	NA	NA	NA	NA	NA	NA	NA	NA	NA	NA	NA	NA	NA	NA	NA	NA	NA	NA	NA	NA	NA	NA	NA	NA	NA	NA	NA	NA	NA	NA	NA	NA	NA	NA	NA	NA	NA	NA	NA	NA	NA	NA	NA	NA	NA	NA	NA	NA
cg03186367	NA	NA	NA	NA	NA	NA	NA	NA	NA	NA	NA	NA	NA	NA	NA	NA	NA	NA	NA	NA	NA	NA	NA	NA	NA	NA	NA	NA	NA	NA	NA	NA	NA	NA	NA	NA	NA	NA	NA	NA	NA	NA	NA	NA	NA	NA	NA	NA	NA	NA	NA	NA	NA	NA	NA	NA	NA	NA	NA	NA	NA	NA	NA	NA	NA	NA	NA	NA	NA	NA	NA	NA	NA	NA	NA	NA	NA	NA	NA	NA	NA	NA	NA	NA	NA	NA	NA
cg03189593	NA	NA	NA	NA	NA	NA	NA	NA	NA	NA	NA	NA	NA	NA	NA	NA	NA	NA	NA	NA	NA	NA	NA	NA	NA	NA	NA	NA	NA	NA	NA	NA	NA	NA	NA	NA	NA	NA	NA	NA	NA	NA	NA	NA	NA	NA	NA	NA	NA	NA	NA	NA	NA	NA	NA	NA	NA	NA	NA	NA	NA	NA	NA	NA	NA	NA	NA	NA	NA	NA	NA	NA	NA	NA	NA	NA	NA	NA	NA	NA	NA	NA	NA	NA	NA	NA	NA
cg03221698	0.937692572203709	0.957134671038586	0.933376966330368	0.944481460506206	0.945885477810676	0.916836091250632	0.934860183448335	0.947626280260347	0.912914429727953	0.951235973249186	0.895026085801079	0.904256102163584	0.736548887152931	0.95168778951193	0.909917989695566	0.940014429881841	0.902157625248369	0.946717291729433	0.938328673021141	0.963395049720318	0.959330163816869	0.940762041025932	0.949791654898826	0.896255346925648	0.936059260874622	0.933970431589995	0.941095197563998	0.949785374967925	0.963846930632209	0.959323396773996	0.944776933790272	0.948002758364481	0.959930226887252	0.963164695119036	0.863381895194104	0.919792629751435	0.906313677495559	0.960698013471657	0.952656107593742	0.948109026736165	0.941189560047974	0.915551511250382	0.909382888340716	0.944424947634683	0.957597106852924	0.95546622543295	0.885029399461427	0.944727368743732	0.917033921505158	0.955902186606471	0.964174173800143	0.940291334938474	0.930891705089802	0.940235632379921	0.948125907619458	0.939373624971986	0.951582036229381	0.956022391555956	0.621793568774364	0.945592538297828	0.954477950737509	0.953686639069723	0.94087706775022	0.931825509675349	0.955244474909585	0.964791621467309	0.956240182537824	0.937724210324583	0.897844031909823	0.925202781499976	0.940473769985499	0.9539424186686	0.941503876485116	0.94931203570807	0.946586997633399	0.946349811587041	0.920738607458274	0.928918200769688	0.890532322732989	0.948443708827213	0.949969150148231	0.9417454716132	0.944821567238758	0.913476474220141	0.891481014364808	0.954695963816649	0.901011368892115
cg03233224	NA	NA	NA	NA	NA	NA	NA	NA	NA	NA	NA	NA	NA	NA	NA	NA	NA	NA	NA	NA	NA	NA	NA	NA	NA	NA	NA	NA	NA	NA	NA	NA	NA	NA	NA	NA	NA	NA	NA	NA	NA	NA	NA	NA	NA	NA	NA	NA	NA	NA	NA	NA	NA	NA	NA	NA	NA	NA	NA	NA	NA	NA	NA	NA	NA	NA	NA	NA	NA	NA	NA	NA	NA	NA	NA	NA	NA	NA	NA	NA	NA	NA	NA	NA	NA	NA	NA
cg03247301	0.698765344386275	0.791887641645734	0.840244269794411	0.866979631229444	0.438836931849615	0.347875187644187	0.872272839720231	0.856987273349129	0.226991412256038	0.869525299521874	0.691401164859923	0.692861587455073	0.898972566387214	0.306629777747849	0.622729880048793	0.769537081281886	0.787249868907965	0.63439802605475	0.767637873043559	0.861203780034126	0.480521239280995	0.931715056948527	0.763205648838136	0.738588808791859	0.894400866267195	0.478106599473314	0.791389033286195	0.560760104385992	0.562789437691441	0.917957313061846	0.892883838914701	0.905386636648735	0.884274277407563	0.909304411223392	0.80748475761688	0.823183778708482	0.83217481731483	0.893385613191693	0.705900365171608	0.797920372932352	0.642406719304447	0.631789893309738	0.885160687652296	0.843174335041741	0.516916895349975	0.656311134919498	0.747599508263446	0.803128651102539	0.893409917380031	0.883881015747067	0.552026321111202	0.788377546458822	0.72025379733222	0.339488225319744	0.803453429243153	0.646199041823785	0.465595493438783	0.532179116583167	0.361394959742011	0.898917817672743	0.766097919345124	0.525258184777824	0.867658115629705	0.827949631928615	0.715028369329012	0.650535267563525	0.901174736668069	0.721235929023763	0.50445662673195	0.866552264857828	0.66128738055448	0.893123596385846	0.886113065670415	0.653542193413444	0.672480198461843	0.598646011648987	0.579173812427167	0.840393012122036	0.473339322037431	0.908242911174854	0.885616330283883	0.82949343394697	0.611855629124212	0.431666488092086	0.78361135829114	0.388510215278225	0.768009070358909
cg03272020	NA	NA	NA	NA	NA	NA	NA	NA	NA	NA	NA	NA	NA	NA	NA	NA	NA	NA	NA	NA	NA	NA	NA	NA	NA	NA	NA	NA	NA	NA	NA	NA	NA	NA	NA	NA	NA	NA	NA	NA	NA	NA	NA	NA	NA	NA	NA	NA	NA	NA	NA	NA	NA	NA	NA	NA	NA	NA	NA	NA	NA	NA	NA	NA	NA	NA	NA	NA	NA	NA	NA	NA	NA	NA	NA	NA	NA	NA	NA	NA	NA	NA	NA	NA	NA	NA	NA
cg03272958	NA	NA	NA	NA	NA	NA	NA	NA	NA	NA	NA	NA	NA	NA	NA	NA	NA	NA	NA	NA	NA	NA	NA	NA	NA	NA	NA	NA	NA	NA	NA	NA	NA	NA	NA	NA	NA	NA	NA	NA	NA	NA	NA	NA	NA	NA	NA	NA	NA	NA	NA	NA	NA	NA	NA	NA	NA	NA	NA	NA	NA	NA	NA	NA	NA	NA	NA	NA	NA	NA	NA	NA	NA	NA	NA	NA	NA	NA	NA	NA	NA	NA	NA	NA	NA	NA	NA
cg03280759	NA	NA	NA	NA	NA	NA	NA	NA	NA	NA	NA	NA	NA	NA	NA	NA	NA	NA	NA	NA	NA	NA	NA	NA	NA	NA	NA	NA	NA	NA	NA	NA	NA	NA	NA	NA	NA	NA	NA	NA	NA	NA	NA	NA	NA	NA	NA	NA	NA	NA	NA	NA	NA	NA	NA	NA	NA	NA	NA	NA	NA	NA	NA	NA	NA	NA	NA	NA	NA	NA	NA	NA	NA	NA	NA	NA	NA	NA	NA	NA	NA	NA	NA	NA	NA	NA	NA
cg03287616	NA	NA	NA	NA	NA	NA	NA	NA	NA	NA	NA	NA	NA	NA	NA	NA	NA	NA	NA	NA	NA	NA	NA	NA	NA	NA	NA	NA	NA	NA	NA	NA	NA	NA	NA	NA	NA	NA	NA	NA	NA	NA	NA	NA	NA	NA	NA	NA	NA	NA	NA	NA	NA	NA	NA	NA	NA	NA	NA	NA	NA	NA	NA	NA	NA	NA	NA	NA	NA	NA	NA	NA	NA	NA	NA	NA	NA	NA	NA	NA	NA	NA	NA	NA	NA	NA	NA
cg03305017	0.863171286084181	0.904655445272126	0.66177933472021	0.929282395585099	0.913563444759968	0.807028797921359	0.819202854257946	0.855238720423158	0.710879665577704	0.883994485318015	0.824905109256718	0.895925570601088	0.899046725886645	0.888083462872801	0.864019216101992	0.890822994113377	0.759284584284572	0.81708385340953	0.784252124290671	0.829198917374547	0.651046194812324	0.858976962418636	0.903146992592562	0.844171805747765	0.904784516974772	0.881190337729729	0.9354857972624	0.812877513709503	0.882182089645002	0.906126885052863	0.8602117850603	0.881383183182723	0.876696886684875	0.901181113398515	0.698455725507015	0.814615966873043	0.773116475761893	0.865733363064084	0.859231393052425	0.273499177797595	0.825990236578077	0.843259061548322	0.919147291371044	0.867665332784327	0.827194129505475	0.83181675639954	0.871260432168953	0.813056193830249	0.794835779330658	0.849277747871753	0.635678148991028	0.922217901737398	0.836976202062564	0.86357848421491	0.825115370874267	0.614899287411145	0.867703622477599	0.889686149047016	0.657803992107649	0.882433722420498	0.687444051541194	0.916674536286388	0.847482118442735	0.757229114280472	0.664812895725221	0.728179012584376	0.764663390515502	0.486675083013245	0.680109494760196	0.773348087392002	0.702331069311926	0.727228633092474	0.869130652432509	0.845301173329631	0.839372068758908	0.793648432321189	0.827478700053818	0.922966154285944	0.85006083950485	0.870568697219179	0.867746579311445	0.916971062528766	0.882939591639615	0.871953047710766	0.759011031323821	0.838423490683833	0.910051625126797
cg03329408	NA	NA	NA	NA	NA	NA	NA	NA	NA	NA	NA	NA	NA	NA	NA	NA	NA	NA	NA	NA	NA	NA	NA	NA	NA	NA	NA	NA	NA	NA	NA	NA	NA	NA	NA	NA	NA	NA	NA	NA	NA	NA	NA	NA	NA	NA	NA	NA	NA	NA	NA	NA	NA	NA	NA	NA	NA	NA	NA	NA	NA	NA	NA	NA	NA	NA	NA	NA	NA	NA	NA	NA	NA	NA	NA	NA	NA	NA	NA	NA	NA	NA	NA	NA	NA	NA	NA
cg03335128	0.940659122778799	0.920555767035478	0.913969472939023	0.903546196360544	0.886226132711253	0.901022507013946	0.888065437442719	0.897051159849345	0.932817868497772	0.909799621105133	0.908059437844238	0.861442559404536	0.913680273423704	0.908400929835476	0.884287538278581	0.874277750979684	0.886967092471047	0.916424311097517	0.89655361456332	0.926667435937241	0.942721021172511	0.875895712627762	0.922467455402157	0.865570300434095	0.867121998707164	0.905737880223177	0.906799461783015	0.880344949187842	0.88226506705823	0.924344573236083	0.957293745092569	0.899165168809376	0.905663562699378	0.875033542914018	0.859696617853515	0.886156767413838	0.834494893979799	0.896120066209207	0.825974816786005	0.456275669218656	0.909154632500744	0.898353403456047	0.892474522986309	0.919201974904739	0.929808910467112	0.906626933920654	0.823933058713965	0.870646086633895	0.931542218178648	0.858940083705464	0.934427549301174	0.920832052580019	0.922389267452391	0.840122302085804	0.871093733764908	0.902331037029353	0.925902094187027	0.918293774490176	0.932096798846802	0.880472054056484	0.903670790213928	0.88599125833354	0.834705472562503	0.848211458314173	0.89459553250825	0.899377431015566	0.948758564743315	0.8903258046436	0.915550702371552	0.854446884559728	0.904069226582327	0.930726194339683	0.8933443705509	0.891247085878207	0.874295210597136	0.9087626910132	0.887017860826685	0.853002772780954	0.905404249914939	0.893992954450177	0.911745818657908	0.658548065046998	0.902308177516596	0.884149255239739	0.915162381723332	0.92132382364311	0.909008262502984
cg03336458	0.917074676063213	0.970531970256771	0.899181712272986	0.912076397204802	0.923548472035076	0.896613682596228	0.867445045028461	0.930338893876413	0.955366764323219	0.866369821542077	0.916477846154397	0.897134092057988	0.885269546960665	0.902144137238821	0.91687538587953	0.920432490349787	0.8046805851362	0.896121257859469	0.89638394534179	0.915271607726573	0.896793948641853	0.924130632623698	0.902508488059711	0.926887654516951	0.915170068990305	0.942259258323927	0.905231296893317	0.915127257782289	0.92015278546616	0.955552738396808	0.849616108153792	0.91084675558281	0.892666646145132	0.934223330235037	0.752144918524214	0.875271463406464	0.753056396004878	0.916940378888358	0.852800906376936	0.922932552188902	0.921083591805662	0.907080568904506	0.93295496156718	0.879319619075711	0.926359821768067	0.909475824222033	0.92529853887603	0.841131447409722	0.890015271852477	0.914222821791527	0.957366188024534	0.930085563343951	0.876490438145303	0.881199220692875	0.86514472655399	0.912490964165957	0.829704062320686	0.89072947178976	0.917162794914683	0.863319018109735	0.927803743464967	0.854257472941539	0.947223095656921	0.859814911824516	0.881731143106838	0.910265439412367	0.368489953710828	0.843458087853413	0.898611426656369	0.86683664609087	0.923899408675084	0.950673627638169	0.865462831634487	0.836520458922643	0.88720639934682	0.913551568032245	0.883522277211615	0.927726082146699	0.890983049702887	0.835943762924462	0.894951283275661	0.950247427958223	0.903717089945098	0.904397375044476	0.888125687787752	0.845666071388858	0.94287921977667
cg03342862	NA	NA	NA	NA	NA	NA	NA	NA	NA	NA	NA	NA	NA	NA	NA	NA	NA	NA	NA	NA	NA	NA	NA	NA	NA	NA	NA	NA	NA	NA	NA	NA	NA	NA	NA	NA	NA	NA	NA	NA	NA	NA	NA	NA	NA	NA	NA	NA	NA	NA	NA	NA	NA	NA	NA	NA	NA	NA	NA	NA	NA	NA	NA	NA	NA	NA	NA	NA	NA	NA	NA	NA	NA	NA	NA	NA	NA	NA	NA	NA	NA	NA	NA	NA	NA	NA	NA
cg03344608	NA	NA	NA	NA	NA	NA	NA	NA	NA	NA	NA	NA	NA	NA	NA	NA	NA	NA	NA	NA	NA	NA	NA	NA	NA	NA	NA	NA	NA	NA	NA	NA	NA	NA	NA	NA	NA	NA	NA	NA	NA	NA	NA	NA	NA	NA	NA	NA	NA	NA	NA	NA	NA	NA	NA	NA	NA	NA	NA	NA	NA	NA	NA	NA	NA	NA	NA	NA	NA	NA	NA	NA	NA	NA	NA	NA	NA	NA	NA	NA	NA	NA	NA	NA	NA	NA	NA
cg03370330	0.787953680631908	0.89229859896671	0.894335497027954	0.882003063413659	0.876845563915024	0.669784710603591	0.747555029720971	0.858042828578752	0.512111191449426	0.923244877155682	0.774439623329703	0.91524810879064	0.481959222283041	0.607113186207779	0.833203578059133	0.875363237486321	0.85028473200924	0.900884828529674	0.839976198245832	0.683960816407231	0.410300940882519	0.874583550323226	0.837233186300048	0.864786872497795	0.563752954683848	0.917209385363795	0.800535533037751	0.94887921764942	0.933068006951038	0.955609703104611	0.901648111502645	0.928550371987395	0.577203395838888	0.357925142173734	0.715443428717473	0.90186953533152	0.895379964209165	0.931868243525235	0.751548871361583	0.870978669189	0.890739092704992	0.924371992640915	0.904860778609843	0.921234577379033	0.935348673588007	0.859125191281017	0.869626382190294	0.902831900451802	0.832537072844949	0.80769660584046	0.639016817041988	0.915798814227426	0.836831919586994	0.916711104653352	0.851919248598678	0.900888998480712	0.933768219848322	0.943613670399673	0.835368574758302	0.798477335796294	0.333359594103991	0.726814945592312	0.899538749294139	0.865559649855441	0.832318153383025	0.937690557253271	0.914647889307332	0.708185367328976	0.891603489988216	0.894529344303439	0.878968974503839	0.954557700548504	0.929043862972572	0.719366929513833	0.917326480738651	0.905415070940782	0.795559203966792	0.933990073637417	0.868207195157941	0.543603725095997	0.935069014897756	0.93497062511043	0.944333159513738	0.597145259594318	0.713341762981538	0.927762352770667	0.869246784374054
cg03374148	0.460998024481635	NA	0.734607711713111	NA	NA	0.264232952685652	0.670405636741961	0.755096834096472	0.251317946637317	0.567950421543042	NA	NA	NA	0.194968156512155	NA	NA	0.837680739931475	0.710658596322525	NA	0.663310101348276	0.389426955508001	0.667561993275733	0.166189613978233	NA	0.448797230284536	0.811956316119734	0.15123826532207	NA	0.809565268102448	NA	0.548141325496493	0.563022039807334	NA	0.837625825531412	0.557532491919651	NA	0.799207994877118	0.479182996620821	NA	0.821552874039706	NA	NA	NA	0.344222490916607	0.658223796074421	NA	NA	0.840334879386187	NA	0.771524382188039	0.835821045727431	0.177136447228616	0.688964087487526	NA	0.742005603931985	0.332453429533979	NA	0.776290368566192	NA	NA	NA	NA	NA	0.77881145078587	0.891580367836416	NA	0.841353995120997	0.741855994817267	0.349453234848471	0.80664487611615	0.859071271668712	0.917487347278687	0.683026280811427	NA	NA	0.241394533031386	NA	NA	0.333663962344657	NA	0.656754077260041	NA	0.87367612527612	0.420664532568778	0.784764504770001	0.816678953156205	0.246969964818541
cg03393472	NA	NA	NA	NA	NA	NA	NA	NA	NA	NA	NA	NA	NA	NA	NA	NA	NA	NA	NA	NA	NA	NA	NA	NA	NA	NA	NA	NA	NA	NA	NA	NA	NA	NA	NA	NA	NA	NA	NA	NA	NA	NA	NA	NA	NA	NA	NA	NA	NA	NA	NA	NA	NA	NA	NA	NA	NA	NA	NA	NA	NA	NA	NA	NA	NA	NA	NA	NA	NA	NA	NA	NA	NA	NA	NA	NA	NA	NA	NA	NA	NA	NA	NA	NA	NA	NA	NA
cg03400512	NA	NA	NA	NA	NA	NA	NA	NA	NA	NA	NA	NA	NA	NA	NA	NA	NA	NA	NA	NA	NA	NA	NA	NA	NA	NA	NA	NA	NA	NA	NA	NA	NA	NA	NA	NA	NA	NA	NA	NA	NA	NA	NA	NA	NA	NA	NA	NA	NA	NA	NA	NA	NA	NA	NA	NA	NA	NA	NA	NA	NA	NA	NA	NA	NA	NA	NA	NA	NA	NA	NA	NA	NA	NA	NA	NA	NA	NA	NA	NA	NA	NA	NA	NA	NA	NA	NA
cg03461361	NA	NA	NA	NA	NA	NA	NA	NA	NA	NA	NA	NA	NA	NA	NA	NA	NA	NA	NA	NA	NA	NA	NA	NA	NA	NA	NA	NA	NA	NA	NA	NA	NA	NA	NA	NA	NA	NA	NA	NA	NA	NA	NA	NA	NA	NA	NA	NA	NA	NA	NA	NA	NA	NA	NA	NA	NA	NA	NA	NA	NA	NA	NA	NA	NA	NA	NA	NA	NA	NA	NA	NA	NA	NA	NA	NA	NA	NA	NA	NA	NA	NA	NA	NA	NA	NA	NA
cg03474461	NA	NA	NA	NA	NA	NA	NA	NA	NA	NA	NA	NA	NA	NA	NA	NA	NA	NA	NA	NA	NA	NA	NA	NA	NA	NA	NA	NA	NA	NA	NA	NA	NA	NA	NA	NA	NA	NA	NA	NA	NA	NA	NA	NA	NA	NA	NA	NA	NA	NA	NA	NA	NA	NA	NA	NA	NA	NA	NA	NA	NA	NA	NA	NA	NA	NA	NA	NA	NA	NA	NA	NA	NA	NA	NA	NA	NA	NA	NA	NA	NA	NA	NA	NA	NA	NA	NA
cg03511766	NA	NA	NA	NA	NA	NA	NA	NA	NA	NA	NA	NA	NA	NA	NA	NA	NA	NA	NA	NA	NA	NA	NA	NA	NA	NA	NA	NA	NA	NA	NA	NA	NA	NA	NA	NA	NA	NA	NA	NA	NA	NA	NA	NA	NA	NA	NA	NA	NA	NA	NA	NA	NA	NA	NA	NA	NA	NA	NA	NA	NA	NA	NA	NA	NA	NA	NA	NA	NA	NA	NA	NA	NA	NA	NA	NA	NA	NA	NA	NA	NA	NA	NA	NA	NA	NA	NA
cg03516394	NA	NA	NA	NA	NA	NA	NA	NA	NA	NA	NA	NA	NA	NA	NA	NA	NA	NA	NA	NA	NA	NA	NA	NA	NA	NA	NA	NA	NA	NA	NA	NA	NA	NA	NA	NA	NA	NA	NA	NA	NA	NA	NA	NA	NA	NA	NA	NA	NA	NA	NA	NA	NA	NA	NA	NA	NA	NA	NA	NA	NA	NA	NA	NA	NA	NA	NA	NA	NA	NA	NA	NA	NA	NA	NA	NA	NA	NA	NA	NA	NA	NA	NA	NA	NA	NA	NA
cg03525847	NA	NA	NA	NA	NA	NA	NA	NA	NA	NA	NA	NA	NA	NA	NA	NA	NA	NA	NA	NA	NA	NA	NA	NA	NA	NA	NA	NA	NA	NA	NA	NA	NA	NA	NA	NA	NA	NA	NA	NA	NA	NA	NA	NA	NA	NA	NA	NA	NA	NA	NA	NA	NA	NA	NA	NA	NA	NA	NA	NA	NA	NA	NA	NA	NA	NA	NA	NA	NA	NA	NA	NA	NA	NA	NA	NA	NA	NA	NA	NA	NA	NA	NA	NA	NA	NA	NA
cg03526100	NA	NA	NA	NA	NA	NA	NA	NA	NA	NA	NA	NA	NA	NA	NA	NA	NA	NA	NA	NA	NA	NA	NA	NA	NA	NA	NA	NA	NA	NA	NA	NA	NA	NA	NA	NA	NA	NA	NA	NA	NA	NA	NA	NA	NA	NA	NA	NA	NA	NA	NA	NA	NA	NA	NA	NA	NA	NA	NA	NA	NA	NA	NA	NA	NA	NA	NA	NA	NA	NA	NA	NA	NA	NA	NA	NA	NA	NA	NA	NA	NA	NA	NA	NA	NA	NA	NA
cg03561071	0.955684356233782	0.948473540278957	0.854907168590843	0.935952823823465	0.815435301234081	0.845298207487328	0.896114100485896	0.891398879911871	0.170876725531043	0.911838323778825	0.919842356385531	0.910360507565986	0.911284558197542	0.927980450783139	0.739501539264529	0.848444851335969	0.740629532643166	0.904093250922405	0.891876301881608	0.937266449780209	0.4809144234215	0.852683245923143	0.939001045441907	0.936013837699406	0.929697699351865	0.936178369984289	0.921626337578557	0.914219458369525	0.899538088126342	0.926710142960833	0.840915373710701	0.903583862504548	0.707762721966573	0.808567728960699	0.707958343840486	0.816949882733355	0.82883209861096	0.91244940754944	0.921652939174448	0.838215917049154	0.931152566230371	0.915982372828763	0.906930683355123	0.881336996147894	0.911976231955666	0.927324302793668	0.658208298178559	0.870419773612223	0.924652421731496	0.934640078932849	0.896239307460927	0.368242174146957	0.850479825154577	0.880533288123754	0.888696333480765	0.728458810335636	0.925315488857381	0.920617369225673	0.931267313674539	0.908410801989242	0.768640674319712	0.933355670490282	0.872546964985887	0.796233901043405	0.927713920009232	0.913240207369561	0.945818088552604	0.85465663923371	0.921545192173708	0.922954875774895	0.807342762160816	0.908259807608887	0.920734197716625	0.903058902440334	0.865196376020957	0.913629273975447	0.731166887258151	0.946569139496491	0.840880053165822	0.938264909695134	0.87956589572793	0.947550781996681	0.923465443192867	0.900583590659688	0.856102902252231	0.863347841818462	0.926090472861549
cg03567106	NA	NA	NA	NA	NA	NA	NA	NA	NA	NA	NA	NA	NA	NA	NA	NA	NA	NA	NA	NA	NA	NA	NA	NA	NA	NA	NA	NA	NA	NA	NA	NA	NA	NA	NA	NA	NA	NA	NA	NA	NA	NA	NA	NA	NA	NA	NA	NA	NA	NA	NA	NA	NA	NA	NA	NA	NA	NA	NA	NA	NA	NA	NA	NA	NA	NA	NA	NA	NA	NA	NA	NA	NA	NA	NA	NA	NA	NA	NA	NA	NA	NA	NA	NA	NA	NA	NA
cg03578552	NA	NA	NA	NA	NA	NA	NA	NA	NA	NA	NA	NA	NA	NA	NA	NA	NA	NA	NA	NA	NA	NA	NA	NA	NA	NA	NA	NA	NA	NA	NA	NA	NA	NA	NA	NA	NA	NA	NA	NA	NA	NA	NA	NA	NA	NA	NA	NA	NA	NA	NA	NA	NA	NA	NA	NA	NA	NA	NA	NA	NA	NA	NA	NA	NA	NA	NA	NA	NA	NA	NA	NA	NA	NA	NA	NA	NA	NA	NA	NA	NA	NA	NA	NA	NA	NA	NA
cg03606093	NA	NA	NA	NA	NA	NA	NA	NA	NA	NA	NA	NA	NA	NA	NA	NA	NA	NA	NA	NA	NA	NA	NA	NA	NA	NA	NA	NA	NA	NA	NA	NA	NA	NA	NA	NA	NA	NA	NA	NA	NA	NA	NA	NA	NA	NA	NA	NA	NA	NA	NA	NA	NA	NA	NA	NA	NA	NA	NA	NA	NA	NA	NA	NA	NA	NA	NA	NA	NA	NA	NA	NA	NA	NA	NA	NA	NA	NA	NA	NA	NA	NA	NA	NA	NA	NA	NA
cg03646967	NA	NA	NA	NA	NA	NA	NA	NA	NA	NA	NA	NA	NA	NA	NA	NA	NA	NA	NA	NA	NA	NA	NA	NA	NA	NA	NA	NA	NA	NA	NA	NA	NA	NA	NA	NA	NA	NA	NA	NA	NA	NA	NA	NA	NA	NA	NA	NA	NA	NA	NA	NA	NA	NA	NA	NA	NA	NA	NA	NA	NA	NA	NA	NA	NA	NA	NA	NA	NA	NA	NA	NA	NA	NA	NA	NA	NA	NA	NA	NA	NA	NA	NA	NA	NA	NA	NA
cg03659851	NA	NA	NA	NA	NA	NA	NA	NA	NA	NA	NA	NA	NA	NA	NA	NA	NA	NA	NA	NA	NA	NA	NA	NA	NA	NA	NA	NA	NA	NA	NA	NA	NA	NA	NA	NA	NA	NA	NA	NA	NA	NA	NA	NA	NA	NA	NA	NA	NA	NA	NA	NA	NA	NA	NA	NA	NA	NA	NA	NA	NA	NA	NA	NA	NA	NA	NA	NA	NA	NA	NA	NA	NA	NA	NA	NA	NA	NA	NA	NA	NA	NA	NA	NA	NA	NA	NA
cg03663072	NA	NA	NA	NA	NA	NA	NA	NA	NA	NA	NA	NA	NA	NA	NA	NA	NA	NA	NA	NA	NA	NA	NA	NA	NA	NA	NA	NA	NA	NA	NA	NA	NA	NA	NA	NA	NA	NA	NA	NA	NA	NA	NA	NA	NA	NA	NA	NA	NA	NA	NA	NA	NA	NA	NA	NA	NA	NA	NA	NA	NA	NA	NA	NA	NA	NA	NA	NA	NA	NA	NA	NA	NA	NA	NA	NA	NA	NA	NA	NA	NA	NA	NA	NA	NA	NA	NA
cg03667040	NA	NA	NA	NA	NA	NA	NA	NA	NA	NA	NA	NA	NA	NA	NA	NA	NA	NA	NA	NA	NA	NA	NA	NA	NA	NA	NA	NA	NA	NA	NA	NA	NA	NA	NA	NA	NA	NA	NA	NA	NA	NA	NA	NA	NA	NA	NA	NA	NA	NA	NA	NA	NA	NA	NA	NA	NA	NA	NA	NA	NA	NA	NA	NA	NA	NA	NA	NA	NA	NA	NA	NA	NA	NA	NA	NA	NA	NA	NA	NA	NA	NA	NA	NA	NA	NA	NA
cg03777697	0.883275474145604	0.843050398316537	0.915836826631545	0.834936892519967	NA	0.837268817217327	NA	0.784599217726947	0.811467397051844	0.86407531332948	0.826843290057417	NA	NA	0.866228688009935	NA	NA	0.880466215010317	0.893803034152352	NA	0.837696995825383	0.939362326819166	0.867330440936038	0.864118716388153	0.812530935345689	0.799978747947425	0.869386268773623	0.873595551209041	0.849190497841399	0.821459985608032	NA	0.877611359229323	0.810489210476701	0.860333744485852	NA	0.872922639523085	0.845175771836034	NA	0.944395935245768	0.821172105554314	0.903726381461359	NA	0.819198527625026	NA	0.855897044727453	0.84605357139437	NA	NA	NA	NA	0.7980689653819	0.871935340691627	0.821180103934355	0.863203452795218	0.827378360317521	0.86315103781394	0.841042990738341	NA	NA	0.845335979072634	NA	NA	0.890439144218417	NA	0.876349430341143	0.904255527954853	NA	0.852330818616696	0.858113863726102	0.871559932776593	NA	0.868326581818361	0.762735919210094	0.844128478925754	0.806404449642373	0.827742744074345	NA	0.813091203584598	NA	0.862870262147159	0.838011558361376	0.833117858187807	0.852161589171507	0.862806051044925	0.897211187930168	0.833150241448567	NA	0.87908091615919
cg03796122	NA	NA	NA	NA	NA	NA	NA	NA	NA	NA	NA	NA	NA	NA	NA	NA	NA	NA	NA	NA	NA	NA	NA	NA	NA	NA	NA	NA	NA	NA	NA	NA	NA	NA	NA	NA	NA	NA	NA	NA	NA	NA	NA	NA	NA	NA	NA	NA	NA	NA	NA	NA	NA	NA	NA	NA	NA	NA	NA	NA	NA	NA	NA	NA	NA	NA	NA	NA	NA	NA	NA	NA	NA	NA	NA	NA	NA	NA	NA	NA	NA	NA	NA	NA	NA	NA	NA
cg03826683	NA	NA	NA	NA	NA	NA	NA	NA	NA	NA	NA	NA	NA	NA	NA	NA	NA	NA	NA	NA	NA	NA	NA	NA	NA	NA	NA	NA	NA	NA	NA	NA	NA	NA	NA	NA	NA	NA	NA	NA	NA	NA	NA	NA	NA	NA	NA	NA	NA	NA	NA	NA	NA	NA	NA	NA	NA	NA	NA	NA	NA	NA	NA	NA	NA	NA	NA	NA	NA	NA	NA	NA	NA	NA	NA	NA	NA	NA	NA	NA	NA	NA	NA	NA	NA	NA	NA
cg03833216	0.912341963758194	NA	0.821368944981343	NA	NA	NA	NA	NA	NA	NA	NA	NA	NA	0.864594927405026	NA	NA	NA	NA	NA	NA	0.614273517736767	NA	NA	NA	NA	NA	NA	0.872109011394393	NA	NA	0.860191707205652	NA	NA	NA	NA	NA	NA	0.887922396112698	NA	NA	NA	NA	NA	NA	NA	NA	0.852142047711945	NA	NA	NA	NA	NA	NA	NA	NA	NA	NA	NA	NA	NA	NA	0.861581579537642	NA	NA	0.816424605746255	NA	NA	NA	0.850141997555508	NA	NA	0.906911116360737	0.808824429391301	NA	NA	NA	NA	NA	NA	NA	NA	0.841003525573222	0.865165193063966	0.82407826330461	NA	0.805849765856504	0.866746788255073
cg03838823	NA	NA	NA	NA	NA	NA	NA	NA	NA	NA	NA	NA	NA	NA	NA	NA	NA	NA	NA	NA	NA	NA	NA	NA	NA	NA	NA	NA	NA	NA	NA	NA	NA	NA	NA	NA	NA	NA	NA	NA	NA	NA	NA	NA	NA	NA	NA	NA	NA	NA	NA	NA	NA	NA	NA	NA	NA	NA	NA	NA	NA	NA	NA	NA	NA	NA	NA	NA	NA	NA	NA	NA	NA	NA	NA	NA	NA	NA	NA	NA	NA	NA	NA	NA	NA	NA	NA
cg03840912	0.873446621732539	0.853115490958622	0.955304433629659	0.953358989533314	0.862357566865649	0.595056161176842	0.939723376759997	0.937771282390796	0.893257206267243	0.324725059084896	0.390203074955283	0.916774694749098	0.943145593476437	0.807797712714397	0.908089099704091	0.91999382122642	0.907965382315384	0.948221596922425	0.906534785874934	0.931437269225977	0.926817399479704	0.913972922388047	0.796525835217585	0.940666137718472	0.917495685131849	0.930799466771867	0.906179820249373	0.899887130923659	0.957283352426604	0.921560533417864	0.924422766477244	0.648015594708578	0.911397983765062	0.893011706594186	0.94827400054375	0.95237801866253	0.891515142526494	0.903389139853134	0.758156319786208	0.963514343295213	0.708847918760618	0.887659184837563	0.803476956264004	0.939366789867	0.787321455565484	0.880156444273464	0.941517236430745	0.879628582099781	0.936486409223247	0.926751900442484	0.951406136842723	0.909926300737886	0.898375989889511	0.923355240864569	0.935739601294142	0.868687098633451	0.919266625786158	0.950434127916714	0.593585658151386	0.945151617687331	0.95927788811271	0.898726024763759	0.921299408733688	0.93813327261248	0.949800804260596	0.775374208907909	0.929593472021843	0.950359125029872	0.817095829272084	0.957623791530511	0.840609180825995	0.929441620853167	0.89021823585654	0.94712560328074	0.887934095685087	0.948859850540848	0.836332323368573	0.813964485457398	0.527915933857574	0.898201477361374	0.947479463661077	0.90023791787814	0.710084414946819	0.899175809038548	0.851667133116814	0.931501524456145	0.79212144936621
cg03843092	0.619844317562712	0.893903545319169	0.542287888789945	0.86198602235646	0.542215433394399	0.541538224085482	0.874095096011149	0.735393999001852	0.202012367595482	0.784676406492053	0.535435181385334	0.847671583287726	NA	0.805161952059284	0.633052255033477	0.506884158007573	0.571382233248149	0.64673741134851	NA	0.703890234336348	0.712739006533843	0.687206881559648	0.854071982902009	0.884439172074544	0.855985834346565	0.912521842025515	0.855763063936262	0.854138488307409	0.812212598801236	NA	0.55408209434554	0.884654840701727	0.757765738160337	0.84801451425206	0.552478519753107	0.581440401459231	0.605260850613744	0.922806153074555	0.850634962981856	0.266500303082588	0.723288598815881	0.668090161931239	0.343230350765086	0.722795193600464	0.507051123575661	0.497351163610325	NA	0.735767228830094	NA	0.850033321591387	0.852546074067277	0.898989519295739	0.672325405406927	0.879074873231256	0.69766482986206	0.900137661877023	0.90392409736685	0.666581701207035	0.812838796362625	0.849114049714744	0.499120016667227	0.854963811200524	0.724352971361469	0.657014013866895	0.749412061410154	0.829721061371829	0.884252756388671	0.706969639802423	0.619051463392584	0.814032183895791	0.748968610118633	0.577723326206348	0.654214762058246	0.857257161616831	0.737277214388227	0.880994808638775	0.458385324132642	0.828166889244012	0.718170171211322	0.547411337960946	0.842631899036579	0.937665912445359	0.903824351213742	0.829874546164298	0.728985181031983	0.823584042963375	0.894365425591566
cg03859106	NA	NA	NA	NA	NA	NA	NA	NA	NA	NA	NA	NA	NA	NA	NA	NA	NA	NA	NA	NA	NA	NA	NA	NA	NA	NA	NA	NA	NA	NA	NA	NA	NA	NA	NA	NA	NA	NA	NA	NA	NA	NA	NA	NA	NA	NA	NA	NA	NA	NA	NA	NA	NA	NA	NA	NA	NA	NA	NA	NA	NA	NA	NA	NA	NA	NA	NA	NA	NA	NA	NA	NA	NA	NA	NA	NA	NA	NA	NA	NA	NA	NA	NA	NA	NA	NA	NA
cg03885144	NA	NA	NA	NA	NA	NA	NA	NA	NA	NA	NA	NA	NA	NA	NA	NA	NA	NA	NA	NA	NA	NA	NA	NA	NA	NA	NA	NA	NA	NA	NA	NA	NA	NA	NA	NA	NA	NA	NA	NA	NA	NA	NA	NA	NA	NA	NA	NA	NA	NA	NA	NA	NA	NA	NA	NA	NA	NA	NA	NA	NA	NA	NA	NA	NA	NA	NA	NA	NA	NA	NA	NA	NA	NA	NA	NA	NA	NA	NA	NA	NA	NA	NA	NA	NA	NA	NA
cg03890998	NA	NA	NA	NA	NA	NA	NA	NA	NA	NA	NA	NA	NA	NA	NA	NA	NA	NA	NA	NA	NA	NA	NA	NA	NA	NA	NA	NA	NA	NA	NA	NA	NA	NA	NA	NA	NA	NA	NA	NA	NA	NA	NA	NA	NA	NA	NA	NA	NA	NA	NA	NA	NA	NA	NA	NA	NA	NA	NA	NA	NA	NA	NA	NA	NA	NA	NA	NA	NA	NA	NA	NA	NA	NA	NA	NA	NA	NA	NA	NA	NA	NA	NA	NA	NA	NA	NA
cg03913000	NA	NA	NA	NA	NA	NA	NA	NA	NA	NA	NA	NA	NA	NA	NA	NA	NA	NA	NA	NA	NA	NA	NA	NA	NA	NA	NA	NA	NA	NA	NA	NA	NA	NA	NA	NA	NA	NA	NA	NA	NA	NA	NA	NA	NA	NA	NA	NA	NA	NA	NA	NA	NA	NA	NA	NA	NA	NA	NA	NA	NA	NA	NA	NA	NA	NA	NA	NA	NA	NA	NA	NA	NA	NA	NA	NA	NA	NA	NA	NA	NA	NA	NA	NA	NA	NA	NA
cg03933786	NA	NA	NA	NA	NA	NA	NA	NA	NA	NA	NA	NA	NA	NA	NA	NA	NA	NA	NA	NA	NA	NA	NA	NA	NA	NA	NA	NA	NA	NA	NA	NA	NA	NA	NA	NA	NA	NA	NA	NA	NA	NA	NA	NA	NA	NA	NA	NA	NA	NA	NA	NA	NA	NA	NA	NA	NA	NA	NA	NA	NA	NA	NA	NA	NA	NA	NA	NA	NA	NA	NA	NA	NA	NA	NA	NA	NA	NA	NA	NA	NA	NA	NA	NA	NA	NA	NA
cg03935072	NA	NA	NA	NA	NA	NA	NA	NA	NA	NA	NA	NA	NA	NA	NA	NA	NA	NA	NA	NA	NA	NA	NA	NA	NA	NA	NA	NA	NA	NA	NA	NA	NA	NA	NA	NA	NA	NA	NA	NA	NA	NA	NA	NA	NA	NA	NA	NA	NA	NA	NA	NA	NA	NA	NA	NA	NA	NA	NA	NA	NA	NA	NA	NA	NA	NA	NA	NA	NA	NA	NA	NA	NA	NA	NA	NA	NA	NA	NA	NA	NA	NA	NA	NA	NA	NA	NA
cg03996098	NA	NA	NA	NA	NA	NA	NA	NA	NA	NA	NA	NA	NA	NA	NA	NA	NA	NA	NA	NA	NA	NA	NA	NA	NA	NA	NA	NA	NA	NA	NA	NA	NA	NA	NA	NA	NA	NA	NA	NA	NA	NA	NA	NA	NA	NA	NA	NA	NA	NA	NA	NA	NA	NA	NA	NA	NA	NA	NA	NA	NA	NA	NA	NA	NA	NA	NA	NA	NA	NA	NA	NA	NA	NA	NA	NA	NA	NA	NA	NA	NA	NA	NA	NA	NA	NA	NA
cg04002935	NA	NA	NA	NA	NA	NA	NA	NA	NA	NA	NA	NA	NA	NA	NA	NA	NA	NA	NA	NA	NA	NA	NA	NA	NA	NA	NA	NA	NA	NA	NA	NA	NA	NA	NA	NA	NA	NA	NA	NA	NA	NA	NA	NA	NA	NA	NA	NA	NA	NA	NA	NA	NA	NA	NA	NA	NA	NA	NA	NA	NA	NA	NA	NA	NA	NA	NA	NA	NA	NA	NA	NA	NA	NA	NA	NA	NA	NA	NA	NA	NA	NA	NA	NA	NA	NA	NA
cg04006206	NA	NA	NA	NA	NA	NA	NA	NA	NA	NA	NA	NA	NA	NA	NA	NA	NA	NA	NA	NA	NA	NA	NA	NA	NA	NA	NA	NA	NA	NA	NA	NA	NA	NA	NA	NA	NA	NA	NA	NA	NA	NA	NA	NA	NA	NA	NA	NA	NA	NA	NA	NA	NA	NA	NA	NA	NA	NA	NA	NA	NA	NA	NA	NA	NA	NA	NA	NA	NA	NA	NA	NA	NA	NA	NA	NA	NA	NA	NA	NA	NA	NA	NA	NA	NA	NA	NA
cg04026763	NA	NA	NA	NA	NA	NA	NA	NA	NA	NA	NA	NA	NA	NA	NA	NA	NA	NA	NA	NA	NA	NA	NA	NA	NA	NA	NA	NA	NA	NA	NA	NA	NA	NA	NA	NA	NA	NA	NA	NA	NA	NA	NA	NA	NA	NA	NA	NA	NA	NA	NA	NA	NA	NA	NA	NA	NA	NA	NA	NA	NA	NA	NA	NA	NA	NA	NA	NA	NA	NA	NA	NA	NA	NA	NA	NA	NA	NA	NA	NA	NA	NA	NA	NA	NA	NA	NA
cg04031354	NA	NA	NA	NA	NA	NA	NA	NA	NA	NA	NA	NA	NA	NA	NA	NA	NA	NA	NA	NA	NA	NA	NA	NA	NA	NA	NA	NA	NA	NA	NA	NA	NA	NA	NA	NA	NA	NA	NA	NA	NA	NA	NA	NA	NA	NA	NA	NA	NA	NA	NA	NA	NA	NA	NA	NA	NA	NA	NA	NA	NA	NA	NA	NA	NA	NA	NA	NA	NA	NA	NA	NA	NA	NA	NA	NA	NA	NA	NA	NA	NA	NA	NA	NA	NA	NA	NA
cg04055096	0.888242112467484	0.871982520026033	0.896598697577421	0.73903927384839	0.679926364486967	0.660101051536109	0.868052134534862	0.872116146483418	0.936626392522706	0.883828099459554	0.791227027632067	0.904687017968367	0.88122494665433	0.904352615854631	0.625425962753697	0.859636357071195	0.879347171084429	0.761326555853692	0.933372172829644	0.900378858869154	0.870857806594241	0.93084038501291	0.767094053176267	0.810976784785486	0.862916163855185	0.691412429960168	0.702097682060263	0.814026782151367	0.921685485410688	0.929757465570379	0.941537201187654	0.635705226813813	0.906233660076897	0.917944923238779	0.878519453469224	0.93215813290297	0.830870729649072	0.90261422977052	0.741904575570782	0.945549847407414	0.924373419134548	0.880741953809987	0.903381448033862	0.925396553517952	0.831161158341405	0.855213542771422	0.665707618190851	0.884665370675866	0.924534013005112	0.909929810765543	0.895143684012915	0.785295788937406	0.903356409410021	0.580879693771788	0.868545986629009	0.919561544847431	0.929100978224826	0.759934715031999	0.712524183974727	0.836115928309371	0.900546305092417	0.940072776820606	0.900642313874974	0.894647434082264	0.856413176815202	0.674579040154058	0.91734831638005	0.887738035825165	0.841488819848632	0.745043106274058	0.867748307040146	0.832317027833215	0.853922597885774	0.890880325763066	0.878106094385582	0.551947459367634	0.700824153255666	0.508464502634906	0.838650940401245	0.844527567077107	0.792890672994357	0.610310258222749	0.787599070306521	0.72711638666238	0.835604498930673	0.712673797268525	0.937714307553751
cg04062303	NA	NA	NA	NA	NA	NA	NA	NA	NA	NA	NA	NA	NA	NA	NA	NA	NA	NA	NA	NA	NA	NA	NA	NA	NA	NA	NA	NA	NA	NA	NA	NA	NA	NA	NA	NA	NA	NA	NA	NA	NA	NA	NA	NA	NA	NA	NA	NA	NA	NA	NA	NA	NA	NA	NA	NA	NA	NA	NA	NA	NA	NA	NA	NA	NA	NA	NA	NA	NA	NA	NA	NA	NA	NA	NA	NA	NA	NA	NA	NA	NA	NA	NA	NA	NA	NA	NA
cg04076763	NA	NA	NA	NA	NA	NA	NA	NA	NA	NA	NA	NA	NA	NA	NA	NA	NA	NA	NA	NA	NA	NA	NA	NA	NA	NA	NA	NA	NA	NA	NA	NA	NA	NA	NA	NA	NA	NA	NA	NA	NA	NA	NA	NA	NA	NA	NA	NA	NA	NA	NA	NA	NA	NA	NA	NA	NA	NA	NA	NA	NA	NA	NA	NA	NA	NA	NA	NA	NA	NA	NA	NA	NA	NA	NA	NA	NA	NA	NA	NA	NA	NA	NA	NA	NA	NA	NA
cg04100169	NA	NA	NA	NA	NA	NA	NA	NA	NA	NA	NA	NA	NA	NA	NA	NA	NA	NA	NA	NA	NA	NA	NA	NA	NA	NA	NA	NA	NA	NA	NA	NA	NA	NA	NA	NA	NA	NA	NA	NA	NA	NA	NA	NA	NA	NA	NA	NA	NA	NA	NA	NA	NA	NA	NA	NA	NA	NA	NA	NA	NA	NA	NA	NA	NA	NA	NA	NA	NA	NA	NA	NA	NA	NA	NA	NA	NA	NA	NA	NA	NA	NA	NA	NA	NA	NA	NA
cg04103847	0.734311162096339	0.650201297703751	0.438981858656532	0.513224410578629	0.298694997835439	0.271612723377261	0.404098872817919	0.593686912481973	0.24707557323296	0.744103751991639	0.601945385096274	0.391990523039688	0.742180257677422	0.496286535160504	0.335342721236214	0.7057325006141	0.419600802079482	0.415325246862243	0.631098394582374	0.845038693767521	0.307641116894568	0.681194400200562	0.760198171747362	0.52505189163985	0.787792403070615	0.792331802760307	0.551046786844948	0.797316091682004	0.54161643388373	0.884645554993154	0.612878204801636	0.486129148072447	0.800188620549958	0.153627122517319	0.452638935276605	0.698307175351705	0.744379482424513	0.856487969579047	0.720344014693714	0.463336398029271	0.674962703512438	0.630560110052106	0.460362390948757	0.799557045410456	0.3919917764462	0.251975896011608	0.951244572996749	0.375750016966339	0.89582017417563	0.751643328847272	0.780857591160197	0.44106961762286	0.459174512046495	0.885685080987791	0.595249639034137	0.416008363674206	0.238496440351121	0.712908942678936	0.748245735067401	0.761290650714437	0.24076240839387	0.791638320758166	0.834215605740183	0.633509458936617	0.522869463683035	0.351943703784488	0.233615464258266	0.488174646541472	0.169410578080108	0.561187749895536	0.709949967582339	0.931574717405091	0.799431801084934	0.433530778237292	0.773815953598716	0.515105809780211	0.399174237903601	0.90424539338055	0.353251088887413	0.38664898724591	0.763139888729356	0.947731074156475	0.282342965102176	0.311133777040731	0.456266601306489	0.50241076942983	0.72643711572159
cg04114537	NA	NA	NA	NA	NA	NA	NA	NA	NA	NA	NA	NA	NA	NA	NA	NA	NA	NA	NA	NA	NA	NA	NA	NA	NA	NA	NA	NA	NA	NA	NA	NA	NA	NA	NA	NA	NA	NA	NA	NA	NA	NA	NA	NA	NA	NA	NA	NA	NA	NA	NA	NA	NA	NA	NA	NA	NA	NA	NA	NA	NA	NA	NA	NA	NA	NA	NA	NA	NA	NA	NA	NA	NA	NA	NA	NA	NA	NA	NA	NA	NA	NA	NA	NA	NA	NA	NA
cg04143547	NA	NA	NA	NA	NA	NA	NA	NA	NA	NA	NA	NA	NA	NA	NA	NA	NA	NA	NA	NA	NA	NA	NA	NA	NA	NA	NA	NA	NA	NA	NA	NA	NA	NA	NA	NA	NA	NA	NA	NA	NA	NA	NA	NA	NA	NA	NA	NA	NA	NA	NA	NA	NA	NA	NA	NA	NA	NA	NA	NA	NA	NA	NA	NA	NA	NA	NA	NA	NA	NA	NA	NA	NA	NA	NA	NA	NA	NA	NA	NA	NA	NA	NA	NA	NA	NA	NA
cg04167811	NA	NA	NA	NA	NA	NA	NA	NA	NA	NA	NA	NA	NA	NA	NA	NA	NA	NA	NA	NA	NA	NA	NA	NA	NA	NA	NA	NA	NA	NA	NA	NA	NA	NA	NA	NA	NA	NA	NA	NA	NA	NA	NA	NA	NA	NA	NA	NA	NA	NA	NA	NA	NA	NA	NA	NA	NA	NA	NA	NA	NA	NA	NA	NA	NA	NA	NA	NA	NA	NA	NA	NA	NA	NA	NA	NA	NA	NA	NA	NA	NA	NA	NA	NA	NA	NA	NA
cg04216073	0.595242337350921	0.885233762009073	0.835216455684207	0.670928531817202	0.617902287527042	NA	0.809195155219258	0.888189995626488	0.156570631200242	0.681223259250253	0.761993374715673	0.861272147834129	NA	0.55648851953181	NA	0.802450546497123	0.824798954218981	0.792056407629591	0.822698583178503	0.832435895915146	0.860235627124533	0.855860341730747	NA	0.737939941640125	0.893014444429152	0.905535483390982	0.823339147581935	0.875506459125789	0.852321665269913	0.773716183864743	0.841417484808661	0.826292020847621	0.889639990064921	0.899427138046917	0.875104612632871	0.79382036393282	0.793927915965802	0.902505466394392	NA	0.904669829613487	0.85749083586186	NA	NA	0.822061751134293	0.577924363410325	NA	0.859186327649711	0.721370067801475	0.7800204151478	0.76586598643413	0.927876029327226	0.827120100184064	0.742198905676294	0.881433794181063	0.878969342839292	0.736456089705023	0.830929661367236	0.862698332723407	0.756366865525475	0.829407917975181	NA	0.660946337103543	0.799984181039294	0.854138470008425	0.901906382234404	NA	0.899014460512166	0.891084488352737	NA	0.79520344536158	0.832836403903562	0.887715417679439	0.510582149716047	0.853373274713883	0.744527423355955	0.888182382885209	0.720350523296414	0.865980352414996	NA	0.862635360285888	0.878428531995377	0.864756501143395	0.909681319557865	0.754938333503299	0.747837193903762	0.748414656249638	0.747405111248461
cg04223924	0.178851318004522	0.263013405294518	0.360231595720756	0.225915913991078	0.293396447200587	0.22366444724934	0.442726802014456	0.35323840368628	0.260564527351071	0.340758895949034	NA	0.302110248674533	0.183978088055608	0.1894960142433	NA	0.366698213624493	0.566384865255941	0.320888796654083	NA	0.246188430551974	0.28309811295482	0.399990767819124	0.304450496758594	0.318439799747229	0.194228805566181	0.141715854096727	0.263838315635241	0.271069043939455	0.565692277423792	0.12513562685313	0.470197658453274	0.28777932042166	0.374866643588824	NA	0.532581930305959	0.408994658171489	NA	0.164972579668854	0.276023393593209	0.180101935290958	0.314927627569589	NA	0.309891219225229	0.267998311570265	0.220238335191028	0.325931183353314	0.212194760094317	NA	NA	0.333788503021597	0.216739286608794	0.831105807858421	0.348591670422175	NA	0.219862113831279	0.526099964369156	NA	0.406341681559348	0.337637722312674	NA	NA	0.340831591030286	0.258954835333286	0.578891170048474	0.539986712003042	NA	0.2032580769041	0.534805745341999	0.189873454437542	0.351406094735416	0.476789983438703	0.100670199959672	0.327490779797107	0.389834159898899	NA	0.239118017740999	0.388362447473899	0.153575342616711	0.296942230928474	0.303214437384971	0.322438607229996	0.176232324454592	0.344844445145028	0.209706592627512	0.73189340401989	0.315283567655483	0.127323370774064
cg04224084	NA	NA	NA	NA	NA	NA	NA	NA	NA	NA	NA	NA	NA	NA	NA	NA	NA	NA	NA	NA	NA	NA	NA	NA	NA	NA	NA	NA	NA	NA	NA	NA	NA	NA	NA	NA	NA	NA	NA	NA	NA	NA	NA	NA	NA	NA	NA	NA	NA	NA	NA	NA	NA	NA	NA	NA	NA	NA	NA	NA	NA	NA	NA	NA	NA	NA	NA	NA	NA	NA	NA	NA	NA	NA	NA	NA	NA	NA	NA	NA	NA	NA	NA	NA	NA	NA	NA
cg04240603	NA	NA	NA	NA	NA	NA	NA	NA	NA	NA	NA	NA	NA	NA	NA	NA	NA	NA	NA	NA	NA	NA	NA	NA	NA	NA	NA	NA	NA	NA	NA	NA	NA	NA	NA	NA	NA	NA	NA	NA	NA	NA	NA	NA	NA	NA	NA	NA	NA	NA	NA	NA	NA	NA	NA	NA	NA	NA	NA	NA	NA	NA	NA	NA	NA	NA	NA	NA	NA	NA	NA	NA	NA	NA	NA	NA	NA	NA	NA	NA	NA	NA	NA	NA	NA	NA	NA
cg04261102	NA	NA	NA	NA	NA	NA	NA	NA	NA	NA	NA	NA	NA	NA	NA	NA	NA	NA	NA	NA	NA	NA	NA	NA	NA	NA	NA	NA	NA	NA	NA	NA	NA	NA	NA	NA	NA	NA	NA	NA	NA	NA	NA	NA	NA	NA	NA	NA	NA	NA	NA	NA	NA	NA	NA	NA	NA	NA	NA	NA	NA	NA	NA	NA	NA	NA	NA	NA	NA	NA	NA	NA	NA	NA	NA	NA	NA	NA	NA	NA	NA	NA	NA	NA	NA	NA	NA
cg04273604	NA	NA	NA	NA	NA	NA	NA	NA	NA	NA	NA	NA	NA	NA	NA	NA	NA	NA	NA	NA	NA	NA	NA	NA	NA	NA	NA	NA	NA	NA	NA	NA	NA	NA	NA	NA	NA	NA	NA	NA	NA	NA	NA	NA	NA	NA	NA	NA	NA	NA	NA	NA	NA	NA	NA	NA	NA	NA	NA	NA	NA	NA	NA	NA	NA	NA	NA	NA	NA	NA	NA	NA	NA	NA	NA	NA	NA	NA	NA	NA	NA	NA	NA	NA	NA	NA	NA
cg04280377	NA	NA	NA	NA	NA	NA	NA	NA	NA	NA	NA	NA	NA	NA	NA	NA	NA	NA	NA	NA	NA	NA	NA	NA	NA	NA	NA	NA	NA	NA	NA	NA	NA	NA	NA	NA	NA	NA	NA	NA	NA	NA	NA	NA	NA	NA	NA	NA	NA	NA	NA	NA	NA	NA	NA	NA	NA	NA	NA	NA	NA	NA	NA	NA	NA	NA	NA	NA	NA	NA	NA	NA	NA	NA	NA	NA	NA	NA	NA	NA	NA	NA	NA	NA	NA	NA	NA
cg04285493	NA	NA	NA	NA	NA	NA	NA	NA	NA	NA	NA	NA	NA	NA	NA	NA	NA	NA	NA	NA	NA	NA	NA	NA	NA	NA	NA	NA	NA	NA	NA	NA	NA	NA	NA	NA	NA	NA	NA	NA	NA	NA	NA	NA	NA	NA	NA	NA	NA	NA	NA	NA	NA	NA	NA	NA	NA	NA	NA	NA	NA	NA	NA	NA	NA	NA	NA	NA	NA	NA	NA	NA	NA	NA	NA	NA	NA	NA	NA	NA	NA	NA	NA	NA	NA	NA	NA
cg04370860	0.907606752899545	0.927838413186258	0.942233472947064	0.883437444213262	0.91031654771637	0.910992236450879	0.897321919029718	0.940069338406334	0.939882898377551	0.91647860246179	0.861521004964506	0.889658979909848	0.908366122345863	0.926598116179791	0.877565929412219	0.909048016749825	0.899252337607948	0.921040399856095	0.885641488513402	0.915620736214531	0.932386744724191	0.904946951083477	0.904452802181465	0.826656603234924	0.931541123907569	0.910974253835862	0.910373481558144	0.906829500989603	0.925851226596108	0.920549001098704	0.935781422332001	0.911892226980666	0.923720941211301	0.903154597030336	0.922978874740665	0.925603495298186	0.879470174574161	0.937159275145986	0.896654993712479	0.913449005765622	0.905774482165271	0.921984240270858	0.932107071444572	0.921569010187728	0.909119509731828	0.930117085650486	0.900648804652099	0.896984005473879	0.902942872705972	0.918553887519778	0.95885187321447	0.935357393615066	0.918496101330143	0.865304354871149	0.919863314955705	0.915543301249393	0.903482642979888	0.89161702329761	0.880007497672078	0.838140446881613	0.908582287160785	0.939705460784921	0.892398556198095	0.92069305757813	0.843966523269756	0.922050110473069	0.92255990859287	0.931070998450518	0.922143062706069	0.932356284673469	0.916507456477118	0.948970065995737	0.903544134771186	0.912642449412946	0.86752907218755	0.907271384284152	0.873898309433469	0.902926794291391	0.918302465353999	0.896885665824313	0.919233025175633	0.899205143493817	0.911070830045952	0.928389545988551	0.87890675189985	0.920099350109376	0.918525722720185
cg04379416	NA	NA	NA	NA	NA	NA	NA	NA	NA	NA	NA	NA	NA	NA	NA	NA	NA	NA	NA	NA	NA	NA	NA	NA	NA	NA	NA	NA	NA	NA	NA	NA	NA	NA	NA	NA	NA	NA	NA	NA	NA	NA	NA	NA	NA	NA	NA	NA	NA	NA	NA	NA	NA	NA	NA	NA	NA	NA	NA	NA	NA	NA	NA	NA	NA	NA	NA	NA	NA	NA	NA	NA	NA	NA	NA	NA	NA	NA	NA	NA	NA	NA	NA	NA	NA	NA	NA
cg04392293	NA	NA	NA	NA	NA	NA	NA	NA	NA	NA	NA	NA	NA	NA	NA	NA	NA	NA	NA	NA	NA	NA	NA	NA	NA	NA	NA	NA	NA	NA	NA	NA	NA	NA	NA	NA	NA	NA	NA	NA	NA	NA	NA	NA	NA	NA	NA	NA	NA	NA	NA	NA	NA	NA	NA	NA	NA	NA	NA	NA	NA	NA	NA	NA	NA	NA	NA	NA	NA	NA	NA	NA	NA	NA	NA	NA	NA	NA	NA	NA	NA	NA	NA	NA	NA	NA	NA
cg04407400	NA	NA	NA	NA	NA	NA	NA	NA	NA	NA	NA	NA	NA	NA	NA	NA	NA	NA	NA	NA	NA	NA	NA	NA	NA	NA	NA	NA	NA	NA	NA	NA	NA	NA	NA	NA	NA	NA	NA	NA	NA	NA	NA	NA	NA	NA	NA	NA	NA	NA	NA	NA	NA	NA	NA	NA	NA	NA	NA	NA	NA	NA	NA	NA	NA	NA	NA	NA	NA	NA	NA	NA	NA	NA	NA	NA	NA	NA	NA	NA	NA	NA	NA	NA	NA	NA	NA
cg04474903	NA	NA	NA	NA	NA	NA	NA	NA	NA	NA	NA	NA	NA	NA	NA	NA	NA	NA	NA	NA	NA	NA	NA	NA	NA	NA	NA	NA	NA	NA	NA	NA	NA	NA	NA	NA	NA	NA	NA	NA	NA	NA	NA	NA	NA	NA	NA	NA	NA	NA	NA	NA	NA	NA	NA	NA	NA	NA	NA	NA	NA	NA	NA	NA	NA	NA	NA	NA	NA	NA	NA	NA	NA	NA	NA	NA	NA	NA	NA	NA	NA	NA	NA	NA	NA	NA	NA
cg04477079	NA	NA	NA	NA	NA	NA	NA	NA	NA	NA	NA	NA	NA	NA	NA	NA	NA	NA	NA	NA	NA	NA	NA	NA	NA	NA	NA	NA	NA	NA	NA	NA	NA	NA	NA	NA	NA	NA	NA	NA	NA	NA	NA	NA	NA	NA	NA	NA	NA	NA	NA	NA	NA	NA	NA	NA	NA	NA	NA	NA	NA	NA	NA	NA	NA	NA	NA	NA	NA	NA	NA	NA	NA	NA	NA	NA	NA	NA	NA	NA	NA	NA	NA	NA	NA	NA	NA
cg04487158	NA	NA	NA	NA	NA	NA	NA	NA	NA	NA	NA	NA	NA	NA	NA	NA	NA	NA	NA	NA	NA	NA	NA	NA	NA	NA	NA	NA	NA	NA	NA	NA	NA	NA	NA	NA	NA	NA	NA	NA	NA	NA	NA	NA	NA	NA	NA	NA	NA	NA	NA	NA	NA	NA	NA	NA	NA	NA	NA	NA	NA	NA	NA	NA	NA	NA	NA	NA	NA	NA	NA	NA	NA	NA	NA	NA	NA	NA	NA	NA	NA	NA	NA	NA	NA	NA	NA
cg04498159	NA	NA	NA	NA	NA	NA	NA	NA	NA	NA	NA	NA	NA	NA	NA	NA	NA	NA	NA	NA	NA	NA	NA	NA	NA	NA	NA	NA	NA	NA	NA	NA	NA	NA	NA	NA	NA	NA	NA	NA	NA	NA	NA	NA	NA	NA	NA	NA	NA	NA	NA	NA	NA	NA	NA	NA	NA	NA	NA	NA	NA	NA	NA	NA	NA	NA	NA	NA	NA	NA	NA	NA	NA	NA	NA	NA	NA	NA	NA	NA	NA	NA	NA	NA	NA	NA	NA
cg04509365	NA	NA	NA	NA	NA	NA	NA	NA	NA	NA	NA	NA	NA	NA	NA	NA	NA	NA	NA	NA	NA	NA	NA	NA	NA	NA	NA	NA	NA	NA	NA	NA	NA	NA	NA	NA	NA	NA	NA	NA	NA	NA	NA	NA	NA	NA	NA	NA	NA	NA	NA	NA	NA	NA	NA	NA	NA	NA	NA	NA	NA	NA	NA	NA	NA	NA	NA	NA	NA	NA	NA	NA	NA	NA	NA	NA	NA	NA	NA	NA	NA	NA	NA	NA	NA	NA	NA
cg04577395	NA	NA	NA	NA	NA	NA	NA	NA	NA	NA	NA	NA	NA	NA	NA	NA	NA	NA	NA	NA	NA	NA	NA	NA	NA	NA	NA	NA	NA	NA	NA	NA	NA	NA	NA	NA	NA	NA	NA	NA	NA	NA	NA	NA	NA	NA	NA	NA	NA	NA	NA	NA	NA	NA	NA	NA	NA	NA	NA	NA	NA	NA	NA	NA	NA	NA	NA	NA	NA	NA	NA	NA	NA	NA	NA	NA	NA	NA	NA	NA	NA	NA	NA	NA	NA	NA	NA
cg04586418	0.948611568532364	0.952148313570826	0.945604995526307	0.940103691477972	0.92196016509562	0.900892890724286	0.918000026508247	0.949447268515544	0.94046865124077	0.942624223669839	0.810257893675163	0.937321444636355	0.927434855329384	0.941792954169539	0.921013126092851	0.91849435875232	0.845578293013278	0.94555205375114	0.926670146192376	0.938397231579401	0.92116014613179	0.906920754463288	0.93377590120413	0.922688825896738	0.87374813765248	0.949833339002514	0.913064441164906	0.937361142297523	0.935020289587774	0.939931940644196	0.932392788960222	0.936877176279429	0.940849219989362	0.921771386583691	0.889506349136203	0.92661745371222	0.92158667983604	0.946440788349356	0.92972484031797	0.917458723178642	0.939583224187048	0.925799188623483	0.914599196547307	0.932330153476229	0.937141728546365	0.922259930014488	0.923513935503531	0.894733685813537	0.920875066556979	0.913246730094133	0.926563068005504	0.946110699500357	0.946744372487325	0.929700806379384	0.913723858467286	0.920967841878129	0.919431181099064	0.916418372677568	0.942705517461474	0.931494165836319	0.929689235450953	0.876627640469094	0.930461718171906	0.904817052207143	0.905984992513586	0.899553892877181	0.938814671986439	0.934226795855832	0.953641090975311	0.873862116622421	0.940648884719347	0.951863817431314	0.93155866248169	0.903050695792244	0.907146853938713	0.929910492827004	0.876429985445865	0.925900951845963	0.921817068431993	0.94153165571881	0.92300254813641	0.944872832973361	0.941166132250539	0.936677319373227	0.87234169540366	0.925105622631245	0.937950087113054
cg04611407	NA	NA	NA	NA	NA	NA	NA	NA	NA	NA	NA	NA	NA	NA	NA	NA	NA	NA	NA	NA	NA	NA	NA	NA	NA	NA	NA	NA	NA	NA	NA	NA	NA	NA	NA	NA	NA	NA	NA	NA	NA	NA	NA	NA	NA	NA	NA	NA	NA	NA	NA	NA	NA	NA	NA	NA	NA	NA	NA	NA	NA	NA	NA	NA	NA	NA	NA	NA	NA	NA	NA	NA	NA	NA	NA	NA	NA	NA	NA	NA	NA	NA	NA	NA	NA	NA	NA
cg04612869	NA	NA	NA	NA	NA	NA	NA	NA	NA	NA	NA	NA	NA	NA	NA	NA	NA	NA	NA	NA	NA	NA	NA	NA	NA	NA	NA	NA	NA	NA	NA	NA	NA	NA	NA	NA	NA	NA	NA	NA	NA	NA	NA	NA	NA	NA	NA	NA	NA	NA	NA	NA	NA	NA	NA	NA	NA	NA	NA	NA	NA	NA	NA	NA	NA	NA	NA	NA	NA	NA	NA	NA	NA	NA	NA	NA	NA	NA	NA	NA	NA	NA	NA	NA	NA	NA	NA
cg04613945	NA	NA	NA	NA	NA	NA	NA	NA	NA	NA	NA	NA	NA	NA	NA	NA	NA	NA	NA	NA	NA	NA	NA	NA	NA	NA	NA	NA	NA	NA	NA	NA	NA	NA	NA	NA	NA	NA	NA	NA	NA	NA	NA	NA	NA	NA	NA	NA	NA	NA	NA	NA	NA	NA	NA	NA	NA	NA	NA	NA	NA	NA	NA	NA	NA	NA	NA	NA	NA	NA	NA	NA	NA	NA	NA	NA	NA	NA	NA	NA	NA	NA	NA	NA	NA	NA	NA
cg04636881	NA	NA	NA	NA	NA	NA	NA	NA	NA	NA	NA	NA	NA	NA	NA	NA	NA	NA	NA	NA	NA	NA	NA	NA	NA	NA	NA	NA	NA	NA	NA	NA	NA	NA	NA	NA	NA	NA	NA	NA	NA	NA	NA	NA	NA	NA	NA	NA	NA	NA	NA	NA	NA	NA	NA	NA	NA	NA	NA	NA	NA	NA	NA	NA	NA	NA	NA	NA	NA	NA	NA	NA	NA	NA	NA	NA	NA	NA	NA	NA	NA	NA	NA	NA	NA	NA	NA
cg04675342	NA	NA	NA	NA	NA	NA	NA	NA	NA	NA	NA	NA	NA	NA	NA	NA	NA	NA	NA	NA	NA	NA	NA	NA	NA	NA	NA	NA	NA	NA	NA	NA	NA	NA	NA	NA	NA	NA	NA	NA	NA	NA	NA	NA	NA	NA	NA	NA	NA	NA	NA	NA	NA	NA	NA	NA	NA	NA	NA	NA	NA	NA	NA	NA	NA	NA	NA	NA	NA	NA	NA	NA	NA	NA	NA	NA	NA	NA	NA	NA	NA	NA	NA	NA	NA	NA	NA
cg04717450	NA	NA	NA	NA	NA	NA	NA	NA	NA	NA	NA	NA	NA	NA	NA	NA	NA	NA	NA	NA	NA	NA	NA	NA	NA	NA	NA	NA	NA	NA	NA	NA	NA	NA	NA	NA	NA	NA	NA	NA	NA	NA	NA	NA	NA	NA	NA	NA	NA	NA	NA	NA	NA	NA	NA	NA	NA	NA	NA	NA	NA	NA	NA	NA	NA	NA	NA	NA	NA	NA	NA	NA	NA	NA	NA	NA	NA	NA	NA	NA	NA	NA	NA	NA	NA	NA	NA
cg04730459	NA	NA	NA	NA	NA	NA	NA	NA	NA	NA	NA	NA	NA	NA	NA	NA	NA	NA	NA	NA	NA	NA	NA	NA	NA	NA	NA	NA	NA	NA	NA	NA	NA	NA	NA	NA	NA	NA	NA	NA	NA	NA	NA	NA	NA	NA	NA	NA	NA	NA	NA	NA	NA	NA	NA	NA	NA	NA	NA	NA	NA	NA	NA	NA	NA	NA	NA	NA	NA	NA	NA	NA	NA	NA	NA	NA	NA	NA	NA	NA	NA	NA	NA	NA	NA	NA	NA
cg04751736	NA	NA	NA	NA	NA	NA	NA	NA	NA	NA	NA	NA	NA	NA	NA	NA	NA	NA	NA	NA	NA	NA	NA	NA	NA	NA	NA	NA	NA	NA	NA	NA	NA	NA	NA	NA	NA	NA	NA	NA	NA	NA	NA	NA	NA	NA	NA	NA	NA	NA	NA	NA	NA	NA	NA	NA	NA	NA	NA	NA	NA	NA	NA	NA	NA	NA	NA	NA	NA	NA	NA	NA	NA	NA	NA	NA	NA	NA	NA	NA	NA	NA	NA	NA	NA	NA	NA
cg04757410	NA	NA	NA	NA	NA	NA	NA	NA	NA	NA	NA	NA	NA	NA	NA	NA	NA	NA	NA	NA	NA	NA	NA	NA	NA	NA	NA	NA	NA	NA	NA	NA	NA	NA	NA	NA	NA	NA	NA	NA	NA	NA	NA	NA	NA	NA	NA	NA	NA	NA	NA	NA	NA	NA	NA	NA	NA	NA	NA	NA	NA	NA	NA	NA	NA	NA	NA	NA	NA	NA	NA	NA	NA	NA	NA	NA	NA	NA	NA	NA	NA	NA	NA	NA	NA	NA	NA
cg04799493	NA	NA	NA	NA	NA	NA	NA	NA	NA	NA	NA	NA	NA	NA	NA	NA	NA	NA	NA	NA	NA	NA	NA	NA	NA	NA	NA	NA	NA	NA	NA	NA	NA	NA	NA	NA	NA	NA	NA	NA	NA	NA	NA	NA	NA	NA	NA	NA	NA	NA	NA	NA	NA	NA	NA	NA	NA	NA	NA	NA	NA	NA	NA	NA	NA	NA	NA	NA	NA	NA	NA	NA	NA	NA	NA	NA	NA	NA	NA	NA	NA	NA	NA	NA	NA	NA	NA
cg04826176	NA	NA	NA	NA	NA	NA	NA	NA	NA	NA	NA	NA	NA	NA	NA	NA	NA	NA	NA	NA	NA	NA	NA	NA	NA	NA	NA	NA	NA	NA	NA	NA	NA	NA	NA	NA	NA	NA	NA	NA	NA	NA	NA	NA	NA	NA	NA	NA	NA	NA	NA	NA	NA	NA	NA	NA	NA	NA	NA	NA	NA	NA	NA	NA	NA	NA	NA	NA	NA	NA	NA	NA	NA	NA	NA	NA	NA	NA	NA	NA	NA	NA	NA	NA	NA	NA	NA
cg04829566	NA	NA	NA	NA	NA	NA	NA	NA	NA	NA	NA	NA	NA	NA	NA	NA	NA	NA	NA	NA	NA	NA	NA	NA	NA	NA	NA	NA	NA	NA	NA	NA	NA	NA	NA	NA	NA	NA	NA	NA	NA	NA	NA	NA	NA	NA	NA	NA	NA	NA	NA	NA	NA	NA	NA	NA	NA	NA	NA	NA	NA	NA	NA	NA	NA	NA	NA	NA	NA	NA	NA	NA	NA	NA	NA	NA	NA	NA	NA	NA	NA	NA	NA	NA	NA	NA	NA
cg04831589	NA	NA	NA	NA	NA	NA	NA	NA	NA	NA	NA	NA	NA	NA	NA	NA	NA	NA	NA	NA	NA	NA	NA	NA	NA	NA	NA	NA	NA	NA	NA	NA	NA	NA	NA	NA	NA	NA	NA	NA	NA	NA	NA	NA	NA	NA	NA	NA	NA	NA	NA	NA	NA	NA	NA	NA	NA	NA	NA	NA	NA	NA	NA	NA	NA	NA	NA	NA	NA	NA	NA	NA	NA	NA	NA	NA	NA	NA	NA	NA	NA	NA	NA	NA	NA	NA	NA
cg04834061	NA	NA	NA	NA	NA	NA	NA	NA	NA	NA	NA	NA	NA	NA	NA	NA	NA	NA	NA	NA	NA	NA	NA	NA	NA	NA	NA	NA	NA	NA	NA	NA	NA	NA	NA	NA	NA	NA	NA	NA	NA	NA	NA	NA	NA	NA	NA	NA	NA	NA	NA	NA	NA	NA	NA	NA	NA	NA	NA	NA	NA	NA	NA	NA	NA	NA	NA	NA	NA	NA	NA	NA	NA	NA	NA	NA	NA	NA	NA	NA	NA	NA	NA	NA	NA	NA	NA
cg04860622	NA	NA	NA	NA	NA	NA	NA	NA	NA	NA	NA	NA	NA	NA	NA	NA	NA	NA	NA	NA	NA	NA	NA	NA	NA	NA	NA	NA	NA	NA	NA	NA	NA	NA	NA	NA	NA	NA	NA	NA	NA	NA	NA	NA	NA	NA	NA	NA	NA	NA	NA	NA	NA	NA	NA	NA	NA	NA	NA	NA	NA	NA	NA	NA	NA	NA	NA	NA	NA	NA	NA	NA	NA	NA	NA	NA	NA	NA	NA	NA	NA	NA	NA	NA	NA	NA	NA
cg04879818	NA	NA	NA	NA	NA	NA	NA	NA	NA	NA	NA	NA	NA	NA	NA	NA	NA	NA	NA	NA	NA	NA	NA	NA	NA	NA	NA	NA	NA	NA	NA	NA	NA	NA	NA	NA	NA	NA	NA	NA	NA	NA	NA	NA	NA	NA	NA	NA	NA	NA	NA	NA	NA	NA	NA	NA	NA	NA	NA	NA	NA	NA	NA	NA	NA	NA	NA	NA	NA	NA	NA	NA	NA	NA	NA	NA	NA	NA	NA	NA	NA	NA	NA	NA	NA	NA	NA
cg04884395	NA	NA	NA	NA	NA	NA	NA	NA	NA	NA	NA	NA	NA	NA	NA	NA	NA	NA	NA	NA	NA	NA	NA	NA	NA	NA	NA	NA	NA	NA	NA	NA	NA	NA	NA	NA	NA	NA	NA	NA	NA	NA	NA	NA	NA	NA	NA	NA	NA	NA	NA	NA	NA	NA	NA	NA	NA	NA	NA	NA	NA	NA	NA	NA	NA	NA	NA	NA	NA	NA	NA	NA	NA	NA	NA	NA	NA	NA	NA	NA	NA	NA	NA	NA	NA	NA	NA
cg04896534	0.295802149896223	0.294214651293617	0.454032212414102	0.246801312839195	0.332231243630449	0.340609006487262	0.437605797941721	0.363558512360768	0.389793772649337	0.241823150788154	0.308648921262696	0.659616964165894	0.184469465075442	0.18632687651688	0.578187132238815	0.379836412545479	0.588656603756898	0.465724135062035	0.410727001560192	0.243945707379121	0.484016686127283	0.517071896932038	0.308169048959749	0.215438855012875	0.423143974832558	0.248063998250271	0.249132441982738	0.40340823415581	0.522479056851364	0.362773151795892	0.648334050471889	0.258944271429807	0.490699927318383	0.418008697159803	0.586062563897365	0.674773907365573	0.636096993694594	0.615565537560149	0.355156543695489	0.550593672355763	0.37004194318006	0.464456921213806	0.263107543753584	0.44930285525949	0.361672731659526	0.313455337220353	0.374551471789513	0.455465866500493	0.554052293389705	0.361704748673798	0.275261871389164	0.26768069146306	0.392823307550809	0.443443523370032	0.600353308047725	0.742803231819152	0.218576780517479	0.518876525023218	0.263513063545232	0.252167976419859	0.343775009927131	0.557625802997058	0.448737114709782	0.60000580893912	0.580928673842353	0.430523957305649	0.349150664740004	0.638154416027103	0.328947396800557	0.378607641448717	0.457225693395313	0.461456780197863	0.253421986352342	0.285671371202521	0.543031326145514	0.280787955907997	0.476371864203056	0.346624536452386	0.365166829731438	0.208699857217894	0.582010920149254	0.189991873763629	0.527645842908551	0.364012011368251	0.611088330840998	0.375990217685529	0.304361757591988
cg04908013	NA	NA	NA	NA	NA	NA	NA	NA	NA	NA	NA	NA	NA	NA	NA	NA	NA	NA	NA	NA	NA	NA	NA	NA	NA	NA	NA	NA	NA	NA	NA	NA	NA	NA	NA	NA	NA	NA	NA	NA	NA	NA	NA	NA	NA	NA	NA	NA	NA	NA	NA	NA	NA	NA	NA	NA	NA	NA	NA	NA	NA	NA	NA	NA	NA	NA	NA	NA	NA	NA	NA	NA	NA	NA	NA	NA	NA	NA	NA	NA	NA	NA	NA	NA	NA	NA	NA
cg04935792	0.312420395669949	0.811891619804735	0.595155009113093	0.89223760437005	0.382867993926505	0.359455981450955	0.480515491351356	0.661891299882549	0.545364645760958	0.835512713195264	0.535505730160631	0.893363727227978	0.806339003231041	0.53631342310611	0.779245327445373	0.815305608388848	0.752355241184211	0.601017151858326	0.681827422482433	0.885713879584975	0.630748558977831	0.703026477357772	0.611595723336367	0.688175997673613	0.661846172167474	0.896898870058235	0.31177865081927	0.63406517665673	0.789419952238383	0.912971125099313	0.844064983409866	0.676180449101449	0.850010891809645	0.672767602938583	0.620082104417664	0.641465541677805	0.860071905671167	0.508112919129876	0.582072518025706	0.723785948487999	0.748335351848511	0.620929332365076	0.556170664687277	0.69749444522529	0.550863266532755	0.414664700517996	0.681130974823095	0.829919225651589	0.911508181174792	0.797221455747097	0.52790443845104	0.52080162929255	0.508062806565125	0.860206587061125	0.819962034826474	0.487378828842923	0.702861550025695	0.88030908270223	0.409232112361535	0.86062824793834	0.31523251618433	0.628668731394811	0.881467690061631	0.716819626932959	0.84403368481666	0.359923266312087	0.455748229758723	0.578840338437004	0.358838400679581	0.868496923942488	0.539656595925054	0.936788025822918	0.692792353711155	0.936971746455879	0.36302204078265	0.650304256154162	0.514250075902594	0.894850814725107	0.515487921953102	0.580232253931843	0.891025163593806	0.526587935338552	0.733258713378272	0.686067155333924	0.828379993317376	0.90317256542293	0.375065294806804
cg04941236	NA	NA	NA	NA	NA	NA	NA	NA	NA	NA	NA	NA	NA	NA	NA	NA	NA	NA	NA	NA	NA	NA	NA	NA	NA	NA	NA	NA	NA	NA	NA	NA	NA	NA	NA	NA	NA	NA	NA	NA	NA	NA	NA	NA	NA	NA	NA	NA	NA	NA	NA	NA	NA	NA	NA	NA	NA	NA	NA	NA	NA	NA	NA	NA	NA	NA	NA	NA	NA	NA	NA	NA	NA	NA	NA	NA	NA	NA	NA	NA	NA	NA	NA	NA	NA	NA	NA
cg04943440	NA	NA	NA	NA	NA	NA	NA	NA	NA	NA	NA	NA	NA	NA	NA	NA	NA	NA	NA	NA	NA	NA	NA	NA	NA	NA	NA	NA	NA	NA	NA	NA	NA	NA	NA	NA	NA	NA	NA	NA	NA	NA	NA	NA	NA	NA	NA	NA	NA	NA	NA	NA	NA	NA	NA	NA	NA	NA	NA	NA	NA	NA	NA	NA	NA	NA	NA	NA	NA	NA	NA	NA	NA	NA	NA	NA	NA	NA	NA	NA	NA	NA	NA	NA	NA	NA	NA
cg04943636	NA	NA	NA	NA	NA	NA	NA	NA	NA	NA	NA	NA	NA	NA	NA	NA	NA	NA	NA	NA	NA	NA	NA	NA	NA	NA	NA	NA	NA	NA	NA	NA	NA	NA	NA	NA	NA	NA	NA	NA	NA	NA	NA	NA	NA	NA	NA	NA	NA	NA	NA	NA	NA	NA	NA	NA	NA	NA	NA	NA	NA	NA	NA	NA	NA	NA	NA	NA	NA	NA	NA	NA	NA	NA	NA	NA	NA	NA	NA	NA	NA	NA	NA	NA	NA	NA	NA
cg04964733	NA	NA	NA	NA	NA	NA	NA	NA	NA	NA	NA	NA	NA	NA	NA	NA	NA	NA	NA	NA	NA	NA	NA	NA	NA	NA	NA	NA	NA	NA	NA	NA	NA	NA	NA	NA	NA	NA	NA	NA	NA	NA	NA	NA	NA	NA	NA	NA	NA	NA	NA	NA	NA	NA	NA	NA	NA	NA	NA	NA	NA	NA	NA	NA	NA	NA	NA	NA	NA	NA	NA	NA	NA	NA	NA	NA	NA	NA	NA	NA	NA	NA	NA	NA	NA	NA	NA
cg04978451	NA	NA	NA	NA	NA	NA	NA	NA	NA	NA	NA	NA	NA	NA	NA	NA	NA	NA	NA	NA	NA	NA	NA	NA	NA	NA	NA	NA	NA	NA	NA	NA	NA	NA	NA	NA	NA	NA	NA	NA	NA	NA	NA	NA	NA	NA	NA	NA	NA	NA	NA	NA	NA	NA	NA	NA	NA	NA	NA	NA	NA	NA	NA	NA	NA	NA	NA	NA	NA	NA	NA	NA	NA	NA	NA	NA	NA	NA	NA	NA	NA	NA	NA	NA	NA	NA	NA
cg04990609	NA	NA	NA	NA	NA	NA	NA	NA	NA	NA	NA	NA	NA	NA	NA	NA	NA	NA	NA	NA	NA	NA	NA	NA	NA	NA	NA	NA	NA	NA	NA	NA	NA	NA	NA	NA	NA	NA	NA	NA	NA	NA	NA	NA	NA	NA	NA	NA	NA	NA	NA	NA	NA	NA	NA	NA	NA	NA	NA	NA	NA	NA	NA	NA	NA	NA	NA	NA	NA	NA	NA	NA	NA	NA	NA	NA	NA	NA	NA	NA	NA	NA	NA	NA	NA	NA	NA
cg05019180	NA	NA	NA	NA	NA	NA	NA	NA	NA	NA	NA	NA	NA	NA	NA	NA	NA	NA	NA	NA	NA	NA	NA	NA	NA	NA	NA	NA	NA	NA	NA	NA	NA	NA	NA	NA	NA	NA	NA	NA	NA	NA	NA	NA	NA	NA	NA	NA	NA	NA	NA	NA	NA	NA	NA	NA	NA	NA	NA	NA	NA	NA	NA	NA	NA	NA	NA	NA	NA	NA	NA	NA	NA	NA	NA	NA	NA	NA	NA	NA	NA	NA	NA	NA	NA	NA	NA
cg05072063	NA	NA	NA	NA	NA	NA	NA	NA	NA	NA	NA	NA	NA	NA	NA	NA	NA	NA	NA	NA	NA	NA	NA	NA	NA	NA	NA	NA	NA	NA	NA	NA	NA	NA	NA	NA	NA	NA	NA	NA	NA	NA	NA	NA	NA	NA	NA	NA	NA	NA	NA	NA	NA	NA	NA	NA	NA	NA	NA	NA	NA	NA	NA	NA	NA	NA	NA	NA	NA	NA	NA	NA	NA	NA	NA	NA	NA	NA	NA	NA	NA	NA	NA	NA	NA	NA	NA
cg05088006	0.898492025372245	0.876247018242752	0.833988599144988	0.885077894611149	0.743392614735377	0.854486343286886	0.900630848596031	0.901537298462623	0.538794237083962	0.90235213839184	0.867236783369189	0.683885927627335	0.877639761727304	0.892665676150785	0.879775159966126	0.815042650331439	0.860801003600313	0.822897861874324	0.868440240008182	0.765980026140657	0.891433206832146	0.853155744989115	0.859068310643301	0.886276198462079	0.907913315086795	0.860842882991376	0.888195093290268	0.880513022271017	0.890034606307644	0.853970646518367	0.892347731943408	0.876036253971367	0.87987337455853	0.867683379340366	0.78448734992575	0.89245913453349	0.820948194802632	0.873281643541838	0.88499518271133	0.903499089147028	0.863807229073892	0.748977095078373	0.864394739587318	0.902590359420301	0.851306337922864	NA	0.839348856184011	0.879017115543173	0.846728517791501	0.876625446531364	0.889248923768777	0.888270996095511	0.856675151286263	0.857839928803148	0.8835969955359	0.893768793468088	0.899977309810007	0.88211125020742	0.890999474326595	0.838056584997964	0.869845710466111	0.828001707667519	0.865961054168023	0.894977126127905	0.878265629830461	0.675155004027948	0.896627872767193	0.838430450749953	0.914871806954474	0.870297204061892	0.87734324915544	0.873430491670277	0.819818354744565	0.845861403624448	0.8783411628525	0.857284774672242	0.819825938537189	0.865537592644492	NA	0.887819077630029	0.873171290967848	0.868537917775437	0.896649433963549	0.902091472846803	0.872215215354845	0.845021426375932	0.883085196916098
cg05093071	NA	NA	NA	NA	NA	NA	NA	NA	NA	NA	NA	NA	NA	NA	NA	NA	NA	NA	NA	NA	NA	NA	NA	NA	NA	NA	NA	NA	NA	NA	NA	NA	NA	NA	NA	NA	NA	NA	NA	NA	NA	NA	NA	NA	NA	NA	NA	NA	NA	NA	NA	NA	NA	NA	NA	NA	NA	NA	NA	NA	NA	NA	NA	NA	NA	NA	NA	NA	NA	NA	NA	NA	NA	NA	NA	NA	NA	NA	NA	NA	NA	NA	NA	NA	NA	NA	NA
cg05103956	NA	NA	NA	NA	NA	NA	NA	NA	NA	NA	NA	NA	NA	NA	NA	NA	NA	NA	NA	NA	NA	NA	NA	NA	NA	NA	NA	NA	NA	NA	NA	NA	NA	NA	NA	NA	NA	NA	NA	NA	NA	NA	NA	NA	NA	NA	NA	NA	NA	NA	NA	NA	NA	NA	NA	NA	NA	NA	NA	NA	NA	NA	NA	NA	NA	NA	NA	NA	NA	NA	NA	NA	NA	NA	NA	NA	NA	NA	NA	NA	NA	NA	NA	NA	NA	NA	NA
cg05227343	0.955930648016812	0.944247767034928	0.958810172661471	0.943623501989421	0.937599212250672	0.924122941071759	0.930901290826863	0.920316385978594	0.760942069364171	0.90228795829093	0.921880155668709	0.940994980934794	0.938626775239187	0.940121057039147	0.922100093963305	0.938258592085412	0.922450296385813	0.939852556737442	0.934334904787357	0.941907106190034	0.938805425353278	0.939039510012358	0.939560017681417	0.91475340297881	0.934513003635852	0.942284713182393	0.850604425767322	0.929880210394112	0.940943739138897	0.910954347741026	0.937775168351481	0.923410665577596	0.953543118578256	0.921452476119673	0.916860705250251	0.936286701680724	0.937470144313038	0.942567597435874	0.892026033726727	0.950349533349792	0.935203018121884	0.943828035568251	0.931337761484736	0.943242745023999	0.940119283239126	0.944739970714602	0.926869619211749	0.920886038487225	0.909779948347269	0.94297060038822	0.957121503852235	0.946524896422916	0.940735058528459	0.930486718872449	0.936752716368148	0.935718143630305	0.930002997696007	0.897029846409574	0.943651670778492	0.939165689571047	0.902387861113232	0.948399972160272	0.930861618053441	0.955322441055547	0.941590652968223	0.927244448672077	0.940559851767466	0.949258107661466	0.947820871382644	0.949371715603357	0.941361929852456	0.945984321599188	0.923759023862616	0.944599828450079	0.937623199351812	0.751885923084544	0.895938040337598	0.930699455606005	0.951146693483456	0.734228668704199	0.935362693517038	0.943906233448721	0.776858567836175	0.934381489009934	0.944155700561768	0.922740357721701	0.929248520067917
cg05229275	NA	NA	NA	NA	NA	NA	NA	NA	NA	NA	NA	NA	NA	NA	NA	NA	NA	NA	NA	NA	NA	NA	NA	NA	NA	NA	NA	NA	NA	NA	NA	NA	NA	NA	NA	NA	NA	NA	NA	NA	NA	NA	NA	NA	NA	NA	NA	NA	NA	NA	NA	NA	NA	NA	NA	NA	NA	NA	NA	NA	NA	NA	NA	NA	NA	NA	NA	NA	NA	NA	NA	NA	NA	NA	NA	NA	NA	NA	NA	NA	NA	NA	NA	NA	NA	NA	NA
cg05269246	NA	NA	NA	NA	NA	NA	NA	NA	NA	NA	NA	NA	NA	NA	NA	NA	NA	NA	NA	NA	NA	NA	NA	NA	NA	NA	NA	NA	NA	NA	NA	NA	NA	NA	NA	NA	NA	NA	NA	NA	NA	NA	NA	NA	NA	NA	NA	NA	NA	NA	NA	NA	NA	NA	NA	NA	NA	NA	NA	NA	NA	NA	NA	NA	NA	NA	NA	NA	NA	NA	NA	NA	NA	NA	NA	NA	NA	NA	NA	NA	NA	NA	NA	NA	NA	NA	NA
cg05274503	NA	NA	NA	NA	NA	NA	NA	NA	NA	NA	NA	NA	NA	NA	NA	NA	NA	NA	NA	NA	NA	NA	NA	NA	NA	NA	NA	NA	NA	NA	NA	NA	NA	NA	NA	NA	NA	NA	NA	NA	NA	NA	NA	NA	NA	NA	NA	NA	NA	NA	NA	NA	NA	NA	NA	NA	NA	NA	NA	NA	NA	NA	NA	NA	NA	NA	NA	NA	NA	NA	NA	NA	NA	NA	NA	NA	NA	NA	NA	NA	NA	NA	NA	NA	NA	NA	NA
cg05277146	0.779171498006452	0.882031393333575	0.724161483747791	0.814897194017053	NA	NA	0.76105692423724	0.835347736107825	NA	0.878380949449305	0.842307078876668	0.817566464505426	NA	0.920923924251234	NA	0.83783551787287	0.725256221325598	NA	NA	0.871667132970169	0.542153456722022	0.849838574917424	0.890263883950854	0.87554180240944	0.888714119971044	0.864660176285372	0.850046651461125	0.860826420380631	0.848658529066067	0.910001054743637	0.875186465958455	0.893643987432356	0.883151612450804	0.844138083245157	0.769481167877655	0.827470412722518	0.773852935178634	0.916655956077788	0.861848330605324	0.737948438725764	0.871464297605909	0.817512373472222	0.872045115098855	0.878664281977695	0.816312419691471	0.851159740105331	0.868655094282024	NA	0.854419784886782	0.837854538308412	0.868757464245947	0.886557373930586	0.855097329040567	0.862231005176563	0.761597455210983	NA	0.783058673783861	0.861355155901922	NA	0.87598142615578	NA	0.840354663718158	NA	0.752549071082682	0.782321094557951	NA	0.888248964133568	0.655763755204333	0.402129771719324	0.840423135729494	0.874516844950725	0.920436178819943	0.892332465882364	0.847858734858338	0.881801494090348	0.848386053590529	NA	0.898887645317878	NA	NA	0.882593675289073	0.911174481102207	0.884897202518033	0.546444851832376	NA	NA	0.905954861322145
cg05285768	NA	NA	NA	NA	NA	NA	NA	NA	NA	NA	NA	NA	NA	NA	NA	NA	NA	NA	NA	NA	NA	NA	NA	NA	NA	NA	NA	NA	NA	NA	NA	NA	NA	NA	NA	NA	NA	NA	NA	NA	NA	NA	NA	NA	NA	NA	NA	NA	NA	NA	NA	NA	NA	NA	NA	NA	NA	NA	NA	NA	NA	NA	NA	NA	NA	NA	NA	NA	NA	NA	NA	NA	NA	NA	NA	NA	NA	NA	NA	NA	NA	NA	NA	NA	NA	NA	NA
cg05294259	NA	NA	NA	NA	NA	NA	NA	NA	NA	NA	NA	NA	NA	NA	NA	NA	NA	NA	NA	NA	NA	NA	NA	NA	NA	NA	NA	NA	NA	NA	NA	NA	NA	NA	NA	NA	NA	NA	NA	NA	NA	NA	NA	NA	NA	NA	NA	NA	NA	NA	NA	NA	NA	NA	NA	NA	NA	NA	NA	NA	NA	NA	NA	NA	NA	NA	NA	NA	NA	NA	NA	NA	NA	NA	NA	NA	NA	NA	NA	NA	NA	NA	NA	NA	NA	NA	NA
cg05301976	0.968514930117807	0.948485770371192	0.966357807166804	0.945648144627058	0.9546169994825	0.956484020187558	0.931804856254862	0.969251707625343	0.959491132933768	0.945572056661398	0.94962432852607	0.944608982035983	0.952370362016079	0.964631365534429	0.924208421306016	0.935094638823786	0.948457164722514	0.951760845774444	0.946322973573529	0.95910750333384	0.963710441564061	0.956724053296396	0.95845926121152	0.949571605381841	0.957192945265001	0.948083640081665	0.955611261644278	0.93182136578301	0.956818872178487	0.940979036376261	0.963193799674223	0.950611773205379	0.957855355510538	0.927847423571378	0.950318079257264	0.959224795621445	0.942480622128453	0.971410284230525	0.945332438242452	0.963406659977852	0.947445961731719	0.934576562973098	0.954560661622388	0.956417420487046	0.951755045817853	0.963676462734485	0.947936660407149	0.944370797698478	0.926008467784124	0.949433054460452	0.96733535384918	0.955105655997909	0.95678872866709	0.936874292288312	0.959206118058162	0.945757460104403	0.945030429604926	0.953720067771557	0.94197973647141	0.939985033231429	0.91233172609134	0.949483497792264	0.939781905611835	0.962304934980619	0.967594909613966	0.942764670421575	0.964673150694423	0.954277086966574	0.962286351386468	0.953929236506556	0.935975779540552	0.962756613138599	0.952837729299482	0.943996424012612	0.940195180442444	0.953047655969197	0.933448465213585	0.951842992474167	0.942170246190246	0.941399601322043	0.954095553295881	0.942017522100622	0.950716030729618	0.936543417163442	0.934516341012183	0.92886235932031	0.957309147646642
cg05305060	NA	NA	NA	NA	NA	NA	NA	NA	NA	NA	NA	NA	NA	NA	NA	NA	NA	NA	NA	NA	NA	NA	NA	NA	NA	NA	NA	NA	NA	NA	NA	NA	NA	NA	NA	NA	NA	NA	NA	NA	NA	NA	NA	NA	NA	NA	NA	NA	NA	NA	NA	NA	NA	NA	NA	NA	NA	NA	NA	NA	NA	NA	NA	NA	NA	NA	NA	NA	NA	NA	NA	NA	NA	NA	NA	NA	NA	NA	NA	NA	NA	NA	NA	NA	NA	NA	NA
cg05331252	NA	NA	NA	NA	NA	NA	NA	NA	NA	NA	NA	NA	NA	NA	NA	NA	NA	NA	NA	NA	NA	NA	NA	NA	NA	NA	NA	NA	NA	NA	NA	NA	NA	NA	NA	NA	NA	NA	NA	NA	NA	NA	NA	NA	NA	NA	NA	NA	NA	NA	NA	NA	NA	NA	NA	NA	NA	NA	NA	NA	NA	NA	NA	NA	NA	NA	NA	NA	NA	NA	NA	NA	NA	NA	NA	NA	NA	NA	NA	NA	NA	NA	NA	NA	NA	NA	NA
cg05345062	0.920451969490941	0.882094010120136	0.902017299339357	0.88898369036132	0.781927467851593	0.894841616890213	0.869248158111004	0.892728445396284	0.846832266674255	0.895909871968041	0.827546083095033	0.865261041561054	0.901763811637054	0.916243643564373	0.827573574539994	0.870453587453787	0.862477002748842	0.911244347129175	0.90791535701153	0.902259060571712	0.935689505545949	0.867925478275059	0.879271516038353	0.915088992264808	0.918646214714186	0.910554693397435	0.895765762134806	0.893488074243901	0.899164357537659	0.87674305927141	0.904530941286072	0.887422024211045	0.903327570799864	0.893367443862414	0.870738266068818	0.880163960920379	0.848114424328117	0.909616647009994	0.890778715553299	NA	0.904312930024436	0.859636441672137	0.897485761864116	0.897074667735054	0.91494071347239	0.912056187957313	0.910823074262172	0.838910328616193	0.899786142595294	0.883674302443034	0.931973900170753	0.90397992086075	0.908969481398792	0.876503130138176	0.877872440718148	0.890145177629818	0.873630553064279	0.907768997775731	0.912420541709839	0.886568287740711	0.868048518055906	0.933560311152585	0.829196585139718	0.898008299661977	0.913420786285745	0.898423031301856	0.894971707201592	0.832287823484711	0.917443493577368	0.881868425178398	0.904813458274843	0.941646008824512	0.869804213473726	0.897596791348636	0.897540462746434	0.913266180458214	0.84504939467178	0.925336389303453	0.892349975556655	0.889960411920893	0.890874770462235	0.914923084619487	0.896516179177717	0.884991961748361	0.859789837805931	0.856397333146491	0.916521654858597
cg05379002	NA	NA	NA	NA	NA	NA	NA	NA	NA	NA	NA	NA	NA	NA	NA	NA	NA	NA	NA	NA	NA	NA	NA	NA	NA	NA	NA	NA	NA	NA	NA	NA	NA	NA	NA	NA	NA	NA	NA	NA	NA	NA	NA	NA	NA	NA	NA	NA	NA	NA	NA	NA	NA	NA	NA	NA	NA	NA	NA	NA	NA	NA	NA	NA	NA	NA	NA	NA	NA	NA	NA	NA	NA	NA	NA	NA	NA	NA	NA	NA	NA	NA	NA	NA	NA	NA	NA
cg05402641	NA	NA	NA	NA	NA	NA	NA	NA	NA	NA	NA	NA	NA	NA	NA	NA	NA	NA	NA	NA	NA	NA	NA	NA	NA	NA	NA	NA	NA	NA	NA	NA	NA	NA	NA	NA	NA	NA	NA	NA	NA	NA	NA	NA	NA	NA	NA	NA	NA	NA	NA	NA	NA	NA	NA	NA	NA	NA	NA	NA	NA	NA	NA	NA	NA	NA	NA	NA	NA	NA	NA	NA	NA	NA	NA	NA	NA	NA	NA	NA	NA	NA	NA	NA	NA	NA	NA
cg05445006	NA	NA	NA	NA	NA	NA	NA	NA	NA	NA	NA	NA	NA	NA	NA	NA	NA	NA	NA	NA	NA	NA	NA	NA	NA	NA	NA	NA	NA	NA	NA	NA	NA	NA	NA	NA	NA	NA	NA	NA	NA	NA	NA	NA	NA	NA	NA	NA	NA	NA	NA	NA	NA	NA	NA	NA	NA	NA	NA	NA	NA	NA	NA	NA	NA	NA	NA	NA	NA	NA	NA	NA	NA	NA	NA	NA	NA	NA	NA	NA	NA	NA	NA	NA	NA	NA	NA
cg05456482	NA	NA	NA	NA	NA	NA	NA	NA	NA	NA	NA	NA	NA	NA	NA	NA	NA	NA	NA	NA	NA	NA	NA	NA	NA	NA	NA	NA	NA	NA	NA	NA	NA	NA	NA	NA	NA	NA	NA	NA	NA	NA	NA	NA	NA	NA	NA	NA	NA	NA	NA	NA	NA	NA	NA	NA	NA	NA	NA	NA	NA	NA	NA	NA	NA	NA	NA	NA	NA	NA	NA	NA	NA	NA	NA	NA	NA	NA	NA	NA	NA	NA	NA	NA	NA	NA	NA
cg05461143	0.421703927593214	0.672472615526442	0.861024859931144	0.512358180347045	0.551474872879611	0.533109755607319	0.825496623868514	0.879043057857619	0.291436150784951	0.740714112738309	0.648256957129448	0.559515215948914	0.626564871274233	0.465596541581265	0.707965592859623	0.747821137927119	0.900753410088078	0.815146442873195	0.754655574125096	0.653792768597087	0.672521954173253	0.829024738563346	0.590894781072193	0.282383335211744	0.520032228703858	0.428661260881018	0.405658332165633	0.7062122994149	0.879009116098561	0.898420006219406	0.95327036827835	0.556597112661349	0.745343045889215	0.573093740892856	0.782493435631428	0.858816356738727	0.864465109139775	0.879441083997715	0.778132897886899	0.874569316765231	0.504151429894455	0.571219606319288	0.278195346712066	0.767360167561512	0.873837432372353	0.619769581356679	0.588389190024969	0.865160559577177	0.890525323726879	0.897782335409238	0.77910475130249	0.296758443548033	0.775142926660193	0.481187688522506	0.895306926928219	0.722537477498541	0.87240518418202	0.731623698375047	0.572796950538633	0.803266964639878	NA	0.505621979003674	0.722984821912996	0.881221514405403	0.879005775416329	0.528885920338918	0.472771676746109	0.769248398158046	0.396353342213976	0.86566627890781	0.616571539284958	0.477074234767926	0.891397821135507	0.865281395439258	0.580717876860405	0.723023373770944	0.799946856263642	0.763510137673597	0.577052537605592	NA	0.898069027881338	0.601932514097512	0.896791271592157	0.81501416008695	0.862253032144772	0.742127557759483	0.258780583840012
cg05481217	NA	NA	NA	NA	NA	NA	NA	NA	NA	NA	NA	NA	NA	NA	NA	NA	NA	NA	NA	NA	NA	NA	NA	NA	NA	NA	NA	NA	NA	NA	NA	NA	NA	NA	NA	NA	NA	NA	NA	NA	NA	NA	NA	NA	NA	NA	NA	NA	NA	NA	NA	NA	NA	NA	NA	NA	NA	NA	NA	NA	NA	NA	NA	NA	NA	NA	NA	NA	NA	NA	NA	NA	NA	NA	NA	NA	NA	NA	NA	NA	NA	NA	NA	NA	NA	NA	NA
cg05484606	NA	NA	NA	NA	NA	NA	NA	NA	NA	NA	NA	NA	NA	NA	NA	NA	NA	NA	NA	NA	NA	NA	NA	NA	NA	NA	NA	NA	NA	NA	NA	NA	NA	NA	NA	NA	NA	NA	NA	NA	NA	NA	NA	NA	NA	NA	NA	NA	NA	NA	NA	NA	NA	NA	NA	NA	NA	NA	NA	NA	NA	NA	NA	NA	NA	NA	NA	NA	NA	NA	NA	NA	NA	NA	NA	NA	NA	NA	NA	NA	NA	NA	NA	NA	NA	NA	NA
cg05516061	NA	NA	NA	NA	NA	NA	NA	NA	NA	NA	NA	NA	NA	NA	NA	NA	NA	NA	NA	NA	NA	NA	NA	NA	NA	NA	NA	NA	NA	NA	NA	NA	NA	NA	NA	NA	NA	NA	NA	NA	NA	NA	NA	NA	NA	NA	NA	NA	NA	NA	NA	NA	NA	NA	NA	NA	NA	NA	NA	NA	NA	NA	NA	NA	NA	NA	NA	NA	NA	NA	NA	NA	NA	NA	NA	NA	NA	NA	NA	NA	NA	NA	NA	NA	NA	NA	NA
cg05543443	NA	NA	NA	NA	NA	NA	NA	NA	NA	NA	NA	NA	NA	NA	NA	NA	NA	NA	NA	NA	NA	NA	NA	NA	NA	NA	NA	NA	NA	NA	NA	NA	NA	NA	NA	NA	NA	NA	NA	NA	NA	NA	NA	NA	NA	NA	NA	NA	NA	NA	NA	NA	NA	NA	NA	NA	NA	NA	NA	NA	NA	NA	NA	NA	NA	NA	NA	NA	NA	NA	NA	NA	NA	NA	NA	NA	NA	NA	NA	NA	NA	NA	NA	NA	NA	NA	NA
cg05554543	NA	NA	NA	NA	NA	NA	NA	NA	NA	NA	NA	NA	NA	NA	NA	NA	NA	NA	NA	NA	NA	NA	NA	NA	NA	NA	NA	NA	NA	NA	NA	NA	NA	NA	NA	NA	NA	NA	NA	NA	NA	NA	NA	NA	NA	NA	NA	NA	NA	NA	NA	NA	NA	NA	NA	NA	NA	NA	NA	NA	NA	NA	NA	NA	NA	NA	NA	NA	NA	NA	NA	NA	NA	NA	NA	NA	NA	NA	NA	NA	NA	NA	NA	NA	NA	NA	NA
cg05590818	0.636982773364121	0.650489036590967	0.501799210979377	0.862749586043192	0.580348026029095	0.853469100452425	0.681745621762938	0.68761776791811	0.930627797575325	0.668451527413435	0.824855555444031	0.85468437786035	0.675279589139567	0.844519112130381	0.827913454312558	0.723388272317225	0.607953258902589	0.804725050831089	0.773670996278361	0.784871464027761	0.815616090022501	0.778398356094925	0.870759468249718	0.109572708579141	0.209768097360775	0.825600307866951	0.703080681937475	0.751213560726631	0.730297664271476	0.528922649202242	0.872909749852086	0.83173811724356	0.870479732593783	0.89915419772212	0.804312367736233	0.732142688921478	0.785562052614925	0.452720762369154	0.636531432974012	0.379881714059417	0.589206708265705	0.854463301230328	0.897058351789359	0.845821331789112	0.856734457322281	0.779050818876726	0.465364006617604	0.67884475558784	0.902306940284908	0.818868390392707	0.756452942931719	0.931273162900863	0.692554483690905	0.842958164441073	0.835768063928254	0.911954441589059	0.916350165588455	0.889243232251151	0.907795748063316	0.812062026726807	0.743450380495783	0.763134253806243	0.42860259074094	0.724390526997553	0.684216097895769	0.877059384615156	0.865776205579382	0.649452996401716	0.863320799366344	0.635541833131249	0.733503019039519	0.676547338292433	0.834389733480071	0.830527062883411	0.860237568791262	0.629684176794813	0.628987688396145	0.362513676701625	0.883632104990111	0.884581109181891	0.799660291255337	0.503897811122466	0.666125535077728	0.746960355190167	0.643122936749193	0.654469443429958	0.628043477654956
cg05620791	NA	NA	NA	NA	NA	NA	NA	NA	NA	NA	NA	NA	NA	NA	NA	NA	NA	NA	NA	NA	NA	NA	NA	NA	NA	NA	NA	NA	NA	NA	NA	NA	NA	NA	NA	NA	NA	NA	NA	NA	NA	NA	NA	NA	NA	NA	NA	NA	NA	NA	NA	NA	NA	NA	NA	NA	NA	NA	NA	NA	NA	NA	NA	NA	NA	NA	NA	NA	NA	NA	NA	NA	NA	NA	NA	NA	NA	NA	NA	NA	NA	NA	NA	NA	NA	NA	NA
cg05669672	NA	NA	NA	NA	NA	NA	NA	NA	NA	NA	NA	NA	NA	NA	NA	NA	NA	NA	NA	NA	NA	NA	NA	NA	NA	NA	NA	NA	NA	NA	NA	NA	NA	NA	NA	NA	NA	NA	NA	NA	NA	NA	NA	NA	NA	NA	NA	NA	NA	NA	NA	NA	NA	NA	NA	NA	NA	NA	NA	NA	NA	NA	NA	NA	NA	NA	NA	NA	NA	NA	NA	NA	NA	NA	NA	NA	NA	NA	NA	NA	NA	NA	NA	NA	NA	NA	NA
cg05679686	0.812562726504045	0.911794653659433	0.786585944883823	0.930103081558088	0.895734690530533	0.927963216927962	0.934134210972412	0.906059998293391	0.837116903194316	0.907766981709104	0.93013267412754	0.922569860434123	0.900185687723118	0.907457731730438	0.936369639738855	0.927038191632637	0.901246617086844	0.909565298008218	0.941090590107639	0.924307978300534	0.770061573637949	0.928114251147756	0.887690497733247	0.906535637182765	0.878865990457751	0.906078305815474	0.901744146628727	0.932001433106423	0.902986256107757	0.945959111115599	0.844766552787465	0.937646804018811	0.9285224898783	0.920459659014435	0.87229430212099	0.924187976316189	0.907158781325059	0.887636759066297	0.890828668518993	0.439484459917943	0.909273892025457	0.900563611953166	0.913441676035255	0.897629794430347	0.936535339396797	0.923493942165334	0.938324954288244	0.923298032149558	0.928533458915884	0.923308459802575	0.92551544806054	0.919812152090999	0.848843101660399	0.911948867595619	0.882023583351685	0.911374473846366	0.933907155814361	0.954991554039102	0.916003582035197	0.912334179995688	0.954368093304832	0.906993719284391	0.91209841153724	0.886264283469431	0.902524429315161	0.939692223448076	0.939049771231671	0.767965288897862	0.886501410796577	0.926706878957554	0.899464984505724	0.932448436543597	0.929433916352081	0.844608587195287	0.920064268393497	0.943941994850073	0.833387458151265	0.946420645885157	0.929737365796353	0.935346751861134	0.956435427905117	0.92483648093903	0.931820962570969	0.888210828462782	0.834634744210184	0.936276396213924	0.908333338494205
cg05768747	0.888577044218075	0.947798875259958	0.905355148860167	0.929763886856984	0.940994023277188	0.909890271389982	0.92551839765064	0.957110867019719	0.41958122002727	0.928732344424967	0.927621400538336	0.916698041473612	0.907691791330908	0.954251838387651	0.895677252546812	0.910714499413591	0.907818854964709	0.92828222190145	0.911726242790423	0.93383956138569	0.643156486022011	0.914777359218398	0.938761687057566	0.935276938167561	0.958516604136594	0.939070311160884	0.927072764019164	0.936361286894904	0.935716945845303	0.951947826326656	0.958549687557597	0.914749395644116	0.925488493309427	0.913947143545252	0.850991378623199	0.926867977200662	0.8941140501727	0.966557038258442	0.93165582217909	0.883648936296102	0.923945426183892	0.915177073353801	0.925634625752871	0.923861668835726	0.949456430681972	0.908900300440273	0.93202581877961	0.893691747071723	0.910598236014389	0.936086470476039	0.947460480463823	0.950627295278159	0.941984926552409	0.906219734604535	0.918636854273751	0.850252605865788	0.916795584424199	0.923916122557385	0.84289133076411	0.935442828117789	0.904058207377145	0.961793179251015	0.894061428494508	0.913780248948584	0.942611768691113	0.900661191871095	0.943424951836343	0.915055339268006	0.92280569531575	0.944347725328934	0.950775592544308	0.966234080428177	0.931242011491338	0.935054013638157	0.932381314251256	0.951321796288846	0.899430348257846	0.944955673851842	0.789260250744265	0.930837187688158	0.95336364197129	0.939043757413604	0.950268875412384	0.936568387349073	0.896521438761583	0.905984851378752	0.932712779740784
cg05773164	NA	NA	NA	NA	NA	NA	NA	NA	NA	NA	NA	NA	NA	NA	NA	NA	NA	NA	NA	NA	NA	NA	NA	NA	NA	NA	NA	NA	NA	NA	NA	NA	NA	NA	NA	NA	NA	NA	NA	NA	NA	NA	NA	NA	NA	NA	NA	NA	NA	NA	NA	NA	NA	NA	NA	NA	NA	NA	NA	NA	NA	NA	NA	NA	NA	NA	NA	NA	NA	NA	NA	NA	NA	NA	NA	NA	NA	NA	NA	NA	NA	NA	NA	NA	NA	NA	NA
cg05822658	0.565817102560082	0.834447648169836	0.85583625844159	0.909244209420965	0.572834569023212	0.495919676179609	0.807738962649123	0.873006112946368	0.471883826919935	0.915317784844637	0.724338912128126	0.736574810946473	0.903483939076453	0.636243776633764	0.795128333980741	0.904768824582079	0.870802104183442	0.847310777347873	0.81504819997327	0.899725964990472	0.521215501253899	0.877197841079476	0.802606857399892	0.821773793819195	0.914944537726998	0.869149091870712	0.921830343918906	0.841760165873795	0.798378567394549	0.927532133874259	0.90453884543108	0.92496389135252	0.906451140850084	0.88533276107083	0.792671896193933	0.663462388809294	0.870682507079212	0.582768183457036	0.899094134225027	0.906086285076302	0.690580667530412	0.794846459627893	0.931617031725604	0.801407753446053	0.905079960788623	0.601790988426546	0.88781904619743	0.866018925672866	0.924785854890721	0.929250691093903	0.895393997923689	0.880965904151495	0.718610569494476	0.872147392686389	0.844366453350278	0.507293272789486	0.926891482357561	0.910707115143434	0.468475933479707	0.936435693153572	0.867555216361974	0.68357108142734	0.882425495227363	0.819904109772311	0.84915926188016	0.589707584469735	0.945182437199395	0.755964328808511	0.642351403728983	0.822615936372866	0.824774374144801	0.913220453927256	0.894362998043707	0.917277824254203	0.720111778909757	0.921315785729885	0.832775716351155	0.908931428198393	0.621339503224794	0.917935293098436	0.934175415534334	0.837164690173793	0.60785018308792	0.559823882081588	0.841232204453633	0.712419188942288	0.350985914204352
cg05828992	NA	NA	NA	NA	NA	NA	NA	NA	NA	NA	NA	NA	NA	NA	NA	NA	NA	NA	NA	NA	NA	NA	NA	NA	NA	NA	NA	NA	NA	NA	NA	NA	NA	NA	NA	NA	NA	NA	NA	NA	NA	NA	NA	NA	NA	NA	NA	NA	NA	NA	NA	NA	NA	NA	NA	NA	NA	NA	NA	NA	NA	NA	NA	NA	NA	NA	NA	NA	NA	NA	NA	NA	NA	NA	NA	NA	NA	NA	NA	NA	NA	NA	NA	NA	NA	NA	NA
cg05864350	0.962571379266124	0.945824481705629	0.962342548358387	0.948285535103899	0.951956125780457	0.944159052867337	0.951992444372995	0.961530750826332	0.963999946392078	0.930368195609632	0.950008249602556	0.957267212645457	0.888545786943104	0.955841328826907	0.932350209900975	0.944837661121834	0.946803545985045	0.959077030347805	0.942526227859094	0.952810010963039	0.96098655744629	0.956081728885899	0.966917015273602	0.919115368301105	0.961823195551824	0.962037003400704	0.948293081167054	0.953105855607444	0.961936806556339	0.93432595685417	0.952355618599766	0.947225957618354	0.952658935360798	0.945076475754745	0.952441924378424	0.954983995288494	0.951540532128211	0.972777696890713	0.947941193169229	0.952274891025997	0.948575081632433	0.93670143550182	0.937198205934069	0.952975521043089	0.959563148502072	0.961783537588216	0.94557282052802	0.946798678469829	0.956207665547161	0.950437912394896	0.962844990632251	0.946799918793344	0.947404858484093	0.956719917884806	0.95099531829896	0.942716521115967	0.957764649992653	0.957030709228	0.954252483444952	0.935431555981555	0.939701879101281	0.961065380473613	0.936153679442208	0.938131146419316	0.952909821365147	0.941040792590109	0.955840118631181	0.961338940774713	0.939921232733501	0.955360117440851	0.949636217065703	0.956498698122396	0.948453860056104	0.949602522633263	0.953527863729523	0.948114805085544	0.929691696938129	0.944067805123626	0.949579007236955	0.957364215291262	0.95505550859969	0.953256550317665	0.938668273054899	0.963062173034107	0.966932887362549	0.955987033408783	0.953128044895876
cg05906717	NA	NA	NA	NA	NA	NA	NA	NA	NA	NA	NA	NA	NA	NA	NA	NA	NA	NA	NA	NA	NA	NA	NA	NA	NA	NA	NA	NA	NA	NA	NA	NA	NA	NA	NA	NA	NA	NA	NA	NA	NA	NA	NA	NA	NA	NA	NA	NA	NA	NA	NA	NA	NA	NA	NA	NA	NA	NA	NA	NA	NA	NA	NA	NA	NA	NA	NA	NA	NA	NA	NA	NA	NA	NA	NA	NA	NA	NA	NA	NA	NA	NA	NA	NA	NA	NA	NA
cg05919161	NA	NA	NA	NA	NA	NA	NA	NA	NA	NA	NA	NA	NA	NA	NA	NA	NA	NA	NA	NA	NA	NA	NA	NA	NA	NA	NA	NA	NA	NA	NA	NA	NA	NA	NA	NA	NA	NA	NA	NA	NA	NA	NA	NA	NA	NA	NA	NA	NA	NA	NA	NA	NA	NA	NA	NA	NA	NA	NA	NA	NA	NA	NA	NA	NA	NA	NA	NA	NA	NA	NA	NA	NA	NA	NA	NA	NA	NA	NA	NA	NA	NA	NA	NA	NA	NA	NA
cg05935774	NA	NA	NA	NA	NA	NA	NA	NA	NA	NA	NA	NA	NA	NA	NA	NA	NA	NA	NA	NA	NA	NA	NA	NA	NA	NA	NA	NA	NA	NA	NA	NA	NA	NA	NA	NA	NA	NA	NA	NA	NA	NA	NA	NA	NA	NA	NA	NA	NA	NA	NA	NA	NA	NA	NA	NA	NA	NA	NA	NA	NA	NA	NA	NA	NA	NA	NA	NA	NA	NA	NA	NA	NA	NA	NA	NA	NA	NA	NA	NA	NA	NA	NA	NA	NA	NA	NA
cg05987389	NA	NA	NA	NA	NA	NA	NA	NA	NA	NA	NA	NA	NA	NA	NA	NA	NA	NA	NA	NA	NA	NA	NA	NA	NA	NA	NA	NA	NA	NA	NA	NA	NA	NA	NA	NA	NA	NA	NA	NA	NA	NA	NA	NA	NA	NA	NA	NA	NA	NA	NA	NA	NA	NA	NA	NA	NA	NA	NA	NA	NA	NA	NA	NA	NA	NA	NA	NA	NA	NA	NA	NA	NA	NA	NA	NA	NA	NA	NA	NA	NA	NA	NA	NA	NA	NA	NA
cg06021910	NA	NA	NA	NA	NA	NA	NA	NA	NA	NA	NA	NA	NA	NA	NA	NA	NA	NA	NA	NA	NA	NA	NA	NA	NA	NA	NA	NA	NA	NA	NA	NA	NA	NA	NA	NA	NA	NA	NA	NA	NA	NA	NA	NA	NA	NA	NA	NA	NA	NA	NA	NA	NA	NA	NA	NA	NA	NA	NA	NA	NA	NA	NA	NA	NA	NA	NA	NA	NA	NA	NA	NA	NA	NA	NA	NA	NA	NA	NA	NA	NA	NA	NA	NA	NA	NA	NA
cg06022832	0.948142971661202	0.954039557332487	0.947996089350534	0.934692988097134	0.951688334528331	0.943477509828587	0.942054116671025	0.939320509190074	0.943602639390339	0.937365928580848	0.918456739483955	0.942714874351233	0.951061659468145	0.95431745481447	0.935610626900955	0.948240091840611	0.931195206799112	0.943325623445815	0.950152236394939	0.943573395674093	0.930207078886724	0.939511345594055	0.945835462970779	0.644854201166493	0.948155886737727	0.951311437902278	0.942880731176302	0.94443196568389	0.943591733374896	0.941329609759612	0.938388243586134	0.9221054953653	0.953763341206023	0.947346071038708	0.94029654983178	0.943334685768434	0.932645828993257	0.941348874337332	0.943591980012996	0.954856184209399	0.938654587960049	0.944522392165014	0.94285943178313	0.944832514722601	0.960807817729876	0.968244770856713	0.928273912659194	0.943811649351831	0.95797099517059	0.923765324011808	0.964806159434445	0.950299517172136	0.927082980329212	0.937755818819903	0.947034905054818	0.952068679958136	0.917055835576588	0.926506770073122	0.939800035695604	0.907315962050197	0.948726722122455	0.947488314058889	0.914203316718849	0.946015175009237	0.964081930707513	0.939938698883821	0.946715411137632	0.948217654277146	0.960556020979435	0.956299739470823	0.948805563761396	0.955851723831743	0.948371361884282	0.948199380066253	0.925686688587064	0.954372705927307	0.923335170403541	0.946173121232023	0.95741237572856	0.946022566546593	0.943780032030876	0.909259194967452	0.935976411482648	0.947417325047611	0.951964281394958	0.950336396790761	0.919241365076289
cg06031526	NA	NA	NA	NA	NA	NA	NA	NA	NA	NA	NA	NA	NA	NA	NA	NA	NA	NA	NA	NA	NA	NA	NA	NA	NA	NA	NA	NA	NA	NA	NA	NA	NA	NA	NA	NA	NA	NA	NA	NA	NA	NA	NA	NA	NA	NA	NA	NA	NA	NA	NA	NA	NA	NA	NA	NA	NA	NA	NA	NA	NA	NA	NA	NA	NA	NA	NA	NA	NA	NA	NA	NA	NA	NA	NA	NA	NA	NA	NA	NA	NA	NA	NA	NA	NA	NA	NA
cg06073147	NA	NA	NA	NA	NA	NA	NA	NA	NA	NA	NA	NA	NA	NA	NA	NA	NA	NA	NA	NA	NA	NA	NA	NA	NA	NA	NA	NA	NA	NA	NA	NA	NA	NA	NA	NA	NA	NA	NA	NA	NA	NA	NA	NA	NA	NA	NA	NA	NA	NA	NA	NA	NA	NA	NA	NA	NA	NA	NA	NA	NA	NA	NA	NA	NA	NA	NA	NA	NA	NA	NA	NA	NA	NA	NA	NA	NA	NA	NA	NA	NA	NA	NA	NA	NA	NA	NA
cg06073550	NA	NA	NA	NA	NA	NA	NA	NA	NA	NA	NA	NA	NA	NA	NA	NA	NA	NA	NA	NA	NA	NA	NA	NA	NA	NA	NA	NA	NA	NA	NA	NA	NA	NA	NA	NA	NA	NA	NA	NA	NA	NA	NA	NA	NA	NA	NA	NA	NA	NA	NA	NA	NA	NA	NA	NA	NA	NA	NA	NA	NA	NA	NA	NA	NA	NA	NA	NA	NA	NA	NA	NA	NA	NA	NA	NA	NA	NA	NA	NA	NA	NA	NA	NA	NA	NA	NA
cg06082293	NA	NA	NA	NA	NA	NA	NA	NA	NA	NA	NA	NA	NA	NA	NA	NA	NA	NA	NA	NA	NA	NA	NA	NA	NA	NA	NA	NA	NA	NA	NA	NA	NA	NA	NA	NA	NA	NA	NA	NA	NA	NA	NA	NA	NA	NA	NA	NA	NA	NA	NA	NA	NA	NA	NA	NA	NA	NA	NA	NA	NA	NA	NA	NA	NA	NA	NA	NA	NA	NA	NA	NA	NA	NA	NA	NA	NA	NA	NA	NA	NA	NA	NA	NA	NA	NA	NA
cg06113303	NA	NA	NA	NA	NA	NA	NA	NA	NA	NA	NA	NA	NA	NA	NA	NA	NA	NA	NA	NA	NA	NA	NA	NA	NA	NA	NA	NA	NA	NA	NA	NA	NA	NA	NA	NA	NA	NA	NA	NA	NA	NA	NA	NA	NA	NA	NA	NA	NA	NA	NA	NA	NA	NA	NA	NA	NA	NA	NA	NA	NA	NA	NA	NA	NA	NA	NA	NA	NA	NA	NA	NA	NA	NA	NA	NA	NA	NA	NA	NA	NA	NA	NA	NA	NA	NA	NA
cg06151505	NA	NA	NA	NA	NA	NA	NA	NA	NA	NA	NA	NA	NA	NA	NA	NA	NA	NA	NA	NA	NA	NA	NA	NA	NA	NA	NA	NA	NA	NA	NA	NA	NA	NA	NA	NA	NA	NA	NA	NA	NA	NA	NA	NA	NA	NA	NA	NA	NA	NA	NA	NA	NA	NA	NA	NA	NA	NA	NA	NA	NA	NA	NA	NA	NA	NA	NA	NA	NA	NA	NA	NA	NA	NA	NA	NA	NA	NA	NA	NA	NA	NA	NA	NA	NA	NA	NA
cg06211041	NA	NA	NA	NA	NA	NA	NA	NA	NA	NA	NA	NA	NA	NA	NA	NA	NA	NA	NA	NA	NA	NA	NA	NA	NA	NA	NA	NA	NA	NA	NA	NA	NA	NA	NA	NA	NA	NA	NA	NA	NA	NA	NA	NA	NA	NA	NA	NA	NA	NA	NA	NA	NA	NA	NA	NA	NA	NA	NA	NA	NA	NA	NA	NA	NA	NA	NA	NA	NA	NA	NA	NA	NA	NA	NA	NA	NA	NA	NA	NA	NA	NA	NA	NA	NA	NA	NA
cg06215556	NA	NA	NA	NA	NA	NA	NA	NA	NA	NA	NA	NA	NA	NA	NA	NA	NA	NA	NA	NA	NA	NA	NA	NA	NA	NA	NA	NA	NA	NA	NA	NA	NA	NA	NA	NA	NA	NA	NA	NA	NA	NA	NA	NA	NA	NA	NA	NA	NA	NA	NA	NA	NA	NA	NA	NA	NA	NA	NA	NA	NA	NA	NA	NA	NA	NA	NA	NA	NA	NA	NA	NA	NA	NA	NA	NA	NA	NA	NA	NA	NA	NA	NA	NA	NA	NA	NA
cg06281205	0.925006924399738	0.936521150487587	0.939886160494146	0.950358908464221	0.922410314979273	0.939623076188129	0.948078768773236	0.928259071626689	0.939352816564789	0.942178934491766	0.891298037238276	0.950249159122777	0.891589644144535	0.971803137795691	0.933171829031158	0.953276501258994	0.944076411751712	0.949327313254114	0.946801438056937	0.939400951298321	0.931779004056572	0.945496779571809	0.946791515895586	0.936763463261106	0.93346734900762	0.948068806594046	0.955880388727003	0.958165963583526	0.943882418363807	0.919745532832664	0.945431623785048	0.944660629349705	0.954395362933053	0.943167057966882	0.932039116108973	0.947104614176406	0.938908679828251	0.94231624103661	0.945751307527595	0.898724525464982	0.940012144327718	0.947363864014096	0.930886726039395	0.936852587988505	0.939771141817127	0.959174239009552	0.94176946289013	0.944394084801095	0.952920847272917	0.948317119697126	0.949972579085017	0.950024914749334	0.926802630619735	0.928749384862725	0.949183210438746	0.942255598626953	0.951322789986959	0.951837744686742	0.955898238699961	0.950367422326682	0.9431931319187	0.962847715621515	0.940268893793953	0.954157479064897	0.960606287277391	0.948829627242455	0.951625170511169	0.914870370285569	0.959785828407975	0.950098783819934	0.937634552321975	0.945727647635592	0.944778748823563	0.931567057925091	0.938769532711012	0.945917998458674	0.917803149487103	0.93952693449704	0.953912626595701	0.950710006392627	0.944736848556442	0.94556496408929	0.944253457076769	0.952195093870486	0.953945144635808	0.95147980898953	0.931270994452306
cg06336871	NA	NA	NA	NA	NA	NA	NA	NA	NA	NA	NA	NA	NA	NA	NA	NA	NA	NA	NA	NA	NA	NA	NA	NA	NA	NA	NA	NA	NA	NA	NA	NA	NA	NA	NA	NA	NA	NA	NA	NA	NA	NA	NA	NA	NA	NA	NA	NA	NA	NA	NA	NA	NA	NA	NA	NA	NA	NA	NA	NA	NA	NA	NA	NA	NA	NA	NA	NA	NA	NA	NA	NA	NA	NA	NA	NA	NA	NA	NA	NA	NA	NA	NA	NA	NA	NA	NA
cg06354953	NA	NA	NA	NA	NA	NA	NA	NA	NA	NA	NA	NA	NA	NA	NA	NA	NA	NA	NA	NA	NA	NA	NA	NA	NA	NA	NA	NA	NA	NA	NA	NA	NA	NA	NA	NA	NA	NA	NA	NA	NA	NA	NA	NA	NA	NA	NA	NA	NA	NA	NA	NA	NA	NA	NA	NA	NA	NA	NA	NA	NA	NA	NA	NA	NA	NA	NA	NA	NA	NA	NA	NA	NA	NA	NA	NA	NA	NA	NA	NA	NA	NA	NA	NA	NA	NA	NA
cg06364539	0.960480962086289	0.975965564381772	0.974625521757582	0.965202774922285	0.963269850976498	0.968115569771964	0.957314531946833	0.977869202682925	0.972214108434598	0.962939097908362	0.944450174479778	0.945543722236762	0.947107439330975	0.968854688106208	0.959539998823358	0.965389491903789	0.934152336925832	0.968752101908935	0.928172686160884	0.967806683312667	0.970600186327251	0.974785642680688	0.966959628152023	0.218646036845631	0.965141654643836	0.955810201721094	0.947555894315002	0.961577621288285	0.956795041718347	0.971627298782754	0.961980907157579	0.932061769903174	0.963057517856888	0.966109484909412	0.961118680476286	0.94794908188062	0.901355032716456	0.972853548343191	0.964832813795142	0.963569627844829	0.966688759930512	0.913197613529857	0.960981473558595	0.959579091149397	0.967808342166652	0.957638824661167	0.9785657956091	0.957366832570968	0.916000578085407	0.97213328169001	0.97303586457093	0.935230996567127	0.94926648469169	0.972180493717166	0.965830237402727	0.958491496850504	0.966705816211627	0.973615287663829	0.939409288804851	0.964121733075654	0.967134609248635	0.976702699951348	0.959999025140692	0.931238944887241	0.959228575312161	0.955520268897907	0.964820507991671	0.970574244334754	0.948405503833055	0.970693539110236	0.964863013549233	0.977739553892131	0.975711866575651	0.964478078998563	0.938837929699633	0.961178969247761	0.899837710469875	0.963743785507821	0.965791404017754	0.958131119570087	0.974132009241862	0.968947071579088	0.970360783296266	0.977917391257539	0.963673222033081	0.955328524321247	0.950015555959669
cg06396309	0.897515177093242	0.868102950531619	0.884289091477569	0.867078280140423	0.912132917868104	0.772424960378179	0.885441880577107	0.875405538879366	0.749737591053293	0.859125616390474	0.780830642718073	0.90483537033339	0.799455758937413	0.904831699064751	0.819288866368718	0.874787749943955	0.870937608452512	0.862804594095637	0.87121092223173	0.864405295530925	0.889666854619364	0.89496516512035	0.877510145670765	0.822085438282791	0.8707378352601	0.890018065832033	0.872776203689469	0.875560786733655	0.889078054438164	0.871883308276609	0.901640604797476	0.886620936139718	0.906698396281359	0.874022466718817	0.83851381024866	0.896739441547016	0.875711362574337	0.916917493121714	0.864691720194876	0.885918013882376	0.898808853199724	0.802921116463122	0.750431629003136	0.851722097354211	0.844831370303404	0.813383731346727	0.856145292620427	0.864314822134202	0.89055973547181	0.875121804850335	0.882887484940093	0.879369263867346	0.851938097630669	0.888202932427918	0.831905084739119	0.870916072541326	0.878768406226061	0.869869361991532	0.67246214615603	0.900599233371218	0.906986391894489	0.81371360603991	0.84126171453808	0.892518610295558	0.87743101042341	0.814887323882639	0.863695529740444	0.888112664248524	0.871717647109793	0.888767230018402	0.891666578920716	0.915683570289319	0.870197884712767	0.907278587628227	0.84158518598708	0.848052446429116	0.846134785359887	0.847602807494977	0.80669407108116	0.86196828774034	0.89229796411296	0.883063455076957	0.873125760255595	0.875872247298231	0.890286034299527	0.853404206818117	0.892988072681649
cg06438727	0.944340031816673	0.799605523379476	0.923710872219383	0.870021741556623	0.867156309592347	0.753811260531746	0.857418944098604	0.719250847613523	0.252091612839441	0.831319696360033	0.812813046293179	0.907534658590118	0.908737085254982	0.926401882287218	0.808049159868115	0.864281167006286	0.847659628896159	0.759820684865468	0.896084732365755	0.793013209873736	0.793778987998423	0.876940879111461	0.859067277530676	0.741102053107793	0.795585394898496	0.905074079685678	0.642431957625158	0.918640153292304	0.882838221341523	0.924236424898027	0.920703988693712	0.920905978432039	0.839530186058332	0.889128559443021	0.873630604337975	0.85418857886856	0.793092562578159	0.882438021718434	0.828291481417471	0.506036952489019	0.87372569244526	0.897210618552415	0.911018880869022	0.801935634881935	0.930669561699926	0.906342793557958	0.91142178102358	0.883099536343504	0.916745075509948	0.906088143637221	0.915721761167225	0.910658358217297	0.640093650806118	0.896946736108225	0.809948830281304	0.912079288483158	0.860882407778653	0.937439940675681	0.45183197652719	0.720836300288478	0.795427343863232	0.948605399335055	0.858896217777555	0.919295278750734	0.904278543544753	0.89046534647927	0.870240851481107	0.733077689332168	0.893886931900656	0.860573710565047	0.828566649771774	0.9422632840197	0.879316842807721	0.932215726129568	0.863470913323405	0.560336482091091	0.852688733379754	0.91408165519595	0.629058657812823	0.88800191890302	0.90643476442219	0.920688533923118	0.870884027633456	0.878744730985994	0.676603563828835	0.923078258316786	0.938513236629239
cg06440169	NA	NA	NA	NA	NA	NA	NA	NA	NA	NA	NA	NA	NA	NA	NA	NA	NA	NA	NA	NA	NA	NA	NA	NA	NA	NA	NA	NA	NA	NA	NA	NA	NA	NA	NA	NA	NA	NA	NA	NA	NA	NA	NA	NA	NA	NA	NA	NA	NA	NA	NA	NA	NA	NA	NA	NA	NA	NA	NA	NA	NA	NA	NA	NA	NA	NA	NA	NA	NA	NA	NA	NA	NA	NA	NA	NA	NA	NA	NA	NA	NA	NA	NA	NA	NA	NA	NA
cg06442472	NA	NA	NA	NA	NA	NA	NA	NA	NA	NA	NA	NA	NA	NA	NA	NA	NA	NA	NA	NA	NA	NA	NA	NA	NA	NA	NA	NA	NA	NA	NA	NA	NA	NA	NA	NA	NA	NA	NA	NA	NA	NA	NA	NA	NA	NA	NA	NA	NA	NA	NA	NA	NA	NA	NA	NA	NA	NA	NA	NA	NA	NA	NA	NA	NA	NA	NA	NA	NA	NA	NA	NA	NA	NA	NA	NA	NA	NA	NA	NA	NA	NA	NA	NA	NA	NA	NA
cg06450446	NA	NA	NA	NA	NA	NA	NA	NA	NA	NA	NA	NA	NA	NA	NA	NA	NA	NA	NA	NA	NA	NA	NA	NA	NA	NA	NA	NA	NA	NA	NA	NA	NA	NA	NA	NA	NA	NA	NA	NA	NA	NA	NA	NA	NA	NA	NA	NA	NA	NA	NA	NA	NA	NA	NA	NA	NA	NA	NA	NA	NA	NA	NA	NA	NA	NA	NA	NA	NA	NA	NA	NA	NA	NA	NA	NA	NA	NA	NA	NA	NA	NA	NA	NA	NA	NA	NA
cg06455125	NA	NA	NA	NA	NA	NA	NA	NA	NA	NA	NA	NA	NA	NA	NA	NA	NA	NA	NA	NA	NA	NA	NA	NA	NA	NA	NA	NA	NA	NA	NA	NA	NA	NA	NA	NA	NA	NA	NA	NA	NA	NA	NA	NA	NA	NA	NA	NA	NA	NA	NA	NA	NA	NA	NA	NA	NA	NA	NA	NA	NA	NA	NA	NA	NA	NA	NA	NA	NA	NA	NA	NA	NA	NA	NA	NA	NA	NA	NA	NA	NA	NA	NA	NA	NA	NA	NA
cg06484274	0.195979688454994	0.509674556731763	0.145456480302988	0.897471177416674	0.238070946441905	0.111487560366099	0.109606342398259	0.637293555029891	0.604756302406293	0.417701452980932	0.228239296130533	0.0615559650844731	0.806388309714876	0.431821631839048	0.414905633344899	0.562199239030961	0.0952523981929162	0.529467142691898	0.231381585002936	0.109392722583915	0.801061851986822	0.41153718662447	0.484567734949356	0.818063736889636	0.0917341243968878	0.514656781078834	0.209178650023702	0.159845380705586	0.421607902697191	0.674810510792534	0.317413382216609	0.481123433449827	0.0960929616727556	0.798770790893304	0.0662125525934993	0.101285477341969	0.238129833033237	0.191413700420192	0.266754258458357	0.102708740800716	0.11208877162508	0.304947089368215	0.529765930449032	0.0784968273353753	0.727964716625847	0.0771995952651682	0.0568201931803739	0.483007108608357	0.0559745437051042	0.188198454747341	0.464724462885187	0.234947655298783	0.480628052524845	0.0714694270593337	0.313923357060583	0.655709679259022	0.862990411221992	0.446784617332209	0.652917777517629	0.140757415394968	0.101072210515078	0.0593966098406415	0.186793795311878	0.234090997365506	0.459194152366151	0.267446726166821	0.140882467842477	0.140437098880274	0.173967861267056	0.487273166050835	0.551301644968302	0.056290455504278	0.077159754348416	0.28521909735633	0.262699934140141	0.372674908338867	0.360045958987657	0.0873437011738845	0.468129816975121	0.802158735698053	0.0705055375741874	0.423461604728953	0.355596174874104	0.0716351431591113	0.210997429488283	0.32138736059706	0.819298376461629
cg06485995	NA	NA	NA	NA	NA	NA	NA	NA	NA	NA	NA	NA	NA	NA	NA	NA	NA	NA	NA	NA	NA	NA	NA	NA	NA	NA	NA	NA	NA	NA	NA	NA	NA	NA	NA	NA	NA	NA	NA	NA	NA	NA	NA	NA	NA	NA	NA	NA	NA	NA	NA	NA	NA	NA	NA	NA	NA	NA	NA	NA	NA	NA	NA	NA	NA	NA	NA	NA	NA	NA	NA	NA	NA	NA	NA	NA	NA	NA	NA	NA	NA	NA	NA	NA	NA	NA	NA
cg06516543	0.951313192410585	0.958727591883734	0.974660025047249	0.969506992178683	0.930949069200598	0.755583702366766	0.960830758530473	0.966882233671264	0.898062637558513	0.937059942829747	0.950358395585506	0.950625711697472	0.948987773325848	0.957792179758512	0.952320257895392	0.923909665705751	0.963923855705188	0.954190238359955	0.945559872026488	0.884552956050107	0.971828811679923	0.948262265794092	0.967150737502926	0.906067173423119	0.948576285811913	0.961614011854782	0.934606360734288	0.954913956972686	0.9183534106518	0.961497563486486	0.95848944896108	0.953288072340766	0.95200058141317	0.955864778900919	0.958934563208375	0.889837020893336	0.961201061617171	0.936103491425927	0.927819683411458	0.958435764873931	0.952725466958544	0.899705724946556	0.958625736307006	0.899223105116601	0.554808961212145	0.924354514190997	0.96684261388215	0.964949250887607	0.931526784461647	0.956935802823989	0.941564648659257	0.955651153505477	0.935283041923922	0.968950729692515	0.972005682407722	0.862046527321523	0.966078324307724	0.944115279631816	0.953107815621872	0.945853108612783	0.939538903126497	0.847406566727039	NA	0.963376388490044	0.946985930283585	0.943678260561093	0.940279405110183	0.971415201816128	NA	0.960740062678162	0.941174284396941	0.952960558108157	0.934411397463495	0.959547537182782	0.942886999610126	0.974601864526886	0.946419623207555	0.941894570284787	NA	0.953862247837924	0.916299309324409	0.951519689164201	0.934579859278909	0.940481470000251	0.951916199251063	0.948349053310456	0.962178421553976
cg06576765	NA	NA	NA	NA	NA	NA	NA	NA	NA	NA	NA	NA	NA	NA	NA	NA	NA	NA	NA	NA	NA	NA	NA	NA	NA	NA	NA	NA	NA	NA	NA	NA	NA	NA	NA	NA	NA	NA	NA	NA	NA	NA	NA	NA	NA	NA	NA	NA	NA	NA	NA	NA	NA	NA	NA	NA	NA	NA	NA	NA	NA	NA	NA	NA	NA	NA	NA	NA	NA	NA	NA	NA	NA	NA	NA	NA	NA	NA	NA	NA	NA	NA	NA	NA	NA	NA	NA
cg06577450	NA	NA	NA	NA	NA	NA	NA	NA	NA	NA	NA	NA	NA	NA	NA	NA	NA	NA	NA	NA	NA	NA	NA	NA	NA	NA	NA	NA	NA	NA	NA	NA	NA	NA	NA	NA	NA	NA	NA	NA	NA	NA	NA	NA	NA	NA	NA	NA	NA	NA	NA	NA	NA	NA	NA	NA	NA	NA	NA	NA	NA	NA	NA	NA	NA	NA	NA	NA	NA	NA	NA	NA	NA	NA	NA	NA	NA	NA	NA	NA	NA	NA	NA	NA	NA	NA	NA
cg06613547	NA	NA	NA	NA	NA	NA	NA	NA	NA	NA	NA	NA	NA	NA	NA	NA	NA	NA	NA	NA	NA	NA	NA	NA	NA	NA	NA	NA	NA	NA	NA	NA	NA	NA	NA	NA	NA	NA	NA	NA	NA	NA	NA	NA	NA	NA	NA	NA	NA	NA	NA	NA	NA	NA	NA	NA	NA	NA	NA	NA	NA	NA	NA	NA	NA	NA	NA	NA	NA	NA	NA	NA	NA	NA	NA	NA	NA	NA	NA	NA	NA	NA	NA	NA	NA	NA	NA
cg06631184	0.567782208824508	0.926703741563879	0.959893623217466	0.8338462916815	0.602763433287859	0.558577269177063	0.940263223258674	0.946285847689623	0.95212379095626	0.605994481473589	0.814523394575163	0.525371039723425	0.838848131295724	0.626558527151307	0.819665062886272	0.859101381721476	0.907331157713674	0.788149745249447	0.713018279919373	0.922020725926718	0.950580600597216	0.884426371565013	0.830268076154106	0.538930482318957	0.943609483836448	0.948400589571947	0.929245609247216	0.781019069656059	0.933848761355511	0.934793731293449	0.733178796111136	0.695873395694786	0.8583431170934	0.447746972404577	0.848204001121128	0.739464871895113	0.924509357406002	0.715868516212939	0.887546461057384	0.907397302461354	0.700824415083315	0.578335281612645	0.552875027405386	0.747865967644949	0.596404577141146	0.593602845743797	0.92874212140357	0.94234946655424	0.860632353748256	0.946629465536355	0.659769570167689	0.611431243720697	0.875403615518844	0.946922733152494	0.814497256198108	0.802703397225148	0.907754246234109	0.943893213269636	0.859338568572382	0.931931915619879	0.681550387398671	0.790843303096236	0.893444338627952	0.879745820814508	0.951749459305037	0.439992262549036	0.488724439067203	0.841655595117248	0.919391593482588	0.930452171751927	0.792103408573326	0.666653720555743	0.730482724043014	0.85992750166087	0.707048925629488	0.89032899363317	0.766838279076757	0.946241216438054	0.813362979587515	0.474009261292436	0.765045412885191	0.825134258029007	0.946580538565188	0.945351356510415	0.91361166345744	0.941289695837441	0.45827987810777
cg06643622	0.279275718401446	0.862738209911486	0.653770755146427	0.837527358271486	0.659695981125549	0.486034950087334	0.683322843567753	0.738261025995621	0.0995500767275753	0.90749604693543	0.791652158216753	0.895131847584063	0.471010008591457	0.790774410109419	0.68960623108632	0.784612384557313	0.61895162889109	0.890191085274559	0.748463188552414	0.880091673760169	0.500277414179799	0.792907724732526	0.888470032350306	0.189929153705088	0.747027045515092	0.35691767193401	0.603846652936972	0.849565828828864	0.630913244236179	0.921857531218997	0.793922605462235	0.719946537053545	0.776619721736131	0.882843618181693	0.545178025949795	0.583971726596029	0.858877374976495	0.356316998073049	0.668151619460469	0.365781642609925	0.779386662892354	0.546846064481883	0.917621336847441	0.77272308325423	0.922234467659949	0.713821298355215	0.664050781846906	0.827320227835553	0.739392920274495	0.904537341826234	0.366240112614437	0.892032393834259	0.663156062760559	0.907407395703713	0.807374171657521	0.731851731579007	0.864783380068933	0.888986990572255	0.882130948482268	0.894616449810322	NA	0.897371922401888	0.517087629754763	0.682279669021294	0.688488204164426	0.320078799404884	0.891045474489965	0.672647304434587	0.748946336198419	0.887141799081049	0.660567087902947	0.942295589531503	0.883898641155956	0.771901850987793	0.921899050649331	0.90404970504095	0.687940364052276	0.885888213966538	0.523699708665423	0.712637969724247	0.916151703848586	0.888266103582091	0.771796751954088	0.802745296589209	0.722331673525229	0.840679303398686	0.913794603846291
cg06655570	NA	NA	NA	NA	NA	NA	NA	NA	NA	NA	NA	NA	NA	NA	NA	NA	NA	NA	NA	NA	NA	NA	NA	NA	NA	NA	NA	NA	NA	NA	NA	NA	NA	NA	NA	NA	NA	NA	NA	NA	NA	NA	NA	NA	NA	NA	NA	NA	NA	NA	NA	NA	NA	NA	NA	NA	NA	NA	NA	NA	NA	NA	NA	NA	NA	NA	NA	NA	NA	NA	NA	NA	NA	NA	NA	NA	NA	NA	NA	NA	NA	NA	NA	NA	NA	NA	NA
cg06659269	NA	NA	NA	NA	NA	NA	NA	NA	NA	NA	NA	NA	NA	NA	NA	NA	NA	NA	NA	NA	NA	NA	NA	NA	NA	NA	NA	NA	NA	NA	NA	NA	NA	NA	NA	NA	NA	NA	NA	NA	NA	NA	NA	NA	NA	NA	NA	NA	NA	NA	NA	NA	NA	NA	NA	NA	NA	NA	NA	NA	NA	NA	NA	NA	NA	NA	NA	NA	NA	NA	NA	NA	NA	NA	NA	NA	NA	NA	NA	NA	NA	NA	NA	NA	NA	NA	NA
cg06659867	NA	NA	NA	NA	NA	NA	NA	NA	NA	NA	NA	NA	NA	NA	NA	NA	NA	NA	NA	NA	NA	NA	NA	NA	NA	NA	NA	NA	NA	NA	NA	NA	NA	NA	NA	NA	NA	NA	NA	NA	NA	NA	NA	NA	NA	NA	NA	NA	NA	NA	NA	NA	NA	NA	NA	NA	NA	NA	NA	NA	NA	NA	NA	NA	NA	NA	NA	NA	NA	NA	NA	NA	NA	NA	NA	NA	NA	NA	NA	NA	NA	NA	NA	NA	NA	NA	NA
cg06662976	0.787070498802622	0.0771759528308646	0.264414566542516	0.1179033712617	0.51706615991624	0.419830973269931	0.509255359955904	0.352807554130433	0.0469187261648676	0.0436975909660668	0.581736461072463	0.334806559308312	0.353006791521562	0.108465466185441	0.388159873214388	0.0504830709474047	0.0590631217654084	0.218111260412032	0.511803357246899	0.505610267506104	0.0512187461837571	0.220614175930122	0.182920464921617	0.148566535493267	0.562034765796778	0.60629292417139	0.752535396120374	0.645653816256757	0.0486639979912975	0.732216577335183	0.2502896410087	0.480120756986208	0.64695478213792	0.131470369855288	0.103648499836749	0.379904931015167	0.052618704808724	0.558269231620931	0.502705575277194	0.0454744314008338	0.363033414875036	0.186958158738642	0.808296224057444	0.0546395418970192	0.0449391144627723	0.722641989965347	0.814997004650651	0.162037987900295	0.113314736272311	0.0624528164278496	0.567319606380482	0.0914392691227927	0.123628769871579	0.466613327518576	0.0566406912348175	0.520660034164497	0.167872341195094	0.678932994869496	0.714368442876736	0.0722215423700142	0.760542910418891	0.789466895419054	0.557821109796809	0.0793568391137529	0.199714787859948	0.252787504375006	0.424735467984637	0.304504886786545	0.369527776162126	0.158421412743922	0.661933729948285	0.0662497922544907	0.194781764865857	0.114533201504272	0.682288646455475	0.524919745616507	0.0873672648136646	0.166858288288834	0.272191994352911	0.048443282455932	0.679134357347517	0.517956848400837	0.721452280930054	0.756691772172345	0.0517529949401821	0.547811688901643	0.611166593452303
cg06674392	NA	NA	NA	NA	NA	NA	NA	NA	NA	NA	NA	NA	NA	NA	NA	NA	NA	NA	NA	NA	NA	NA	NA	NA	NA	NA	NA	NA	NA	NA	NA	NA	NA	NA	NA	NA	NA	NA	NA	NA	NA	NA	NA	NA	NA	NA	NA	NA	NA	NA	NA	NA	NA	NA	NA	NA	NA	NA	NA	NA	NA	NA	NA	NA	NA	NA	NA	NA	NA	NA	NA	NA	NA	NA	NA	NA	NA	NA	NA	NA	NA	NA	NA	NA	NA	NA	NA
cg06679649	NA	NA	NA	NA	NA	NA	NA	NA	NA	NA	NA	NA	NA	NA	NA	NA	NA	NA	NA	NA	NA	NA	NA	NA	NA	NA	NA	NA	NA	NA	NA	NA	NA	NA	NA	NA	NA	NA	NA	NA	NA	NA	NA	NA	NA	NA	NA	NA	NA	NA	NA	NA	NA	NA	NA	NA	NA	NA	NA	NA	NA	NA	NA	NA	NA	NA	NA	NA	NA	NA	NA	NA	NA	NA	NA	NA	NA	NA	NA	NA	NA	NA	NA	NA	NA	NA	NA
cg06686174	NA	NA	NA	NA	NA	NA	NA	NA	NA	NA	NA	NA	NA	NA	NA	NA	NA	NA	NA	NA	NA	NA	NA	NA	NA	NA	NA	NA	NA	NA	NA	NA	NA	NA	NA	NA	NA	NA	NA	NA	NA	NA	NA	NA	NA	NA	NA	NA	NA	NA	NA	NA	NA	NA	NA	NA	NA	NA	NA	NA	NA	NA	NA	NA	NA	NA	NA	NA	NA	NA	NA	NA	NA	NA	NA	NA	NA	NA	NA	NA	NA	NA	NA	NA	NA	NA	NA
cg06692606	NA	NA	NA	NA	NA	NA	NA	NA	NA	NA	NA	NA	NA	NA	NA	NA	NA	NA	NA	NA	NA	NA	NA	NA	NA	NA	NA	NA	NA	NA	NA	NA	NA	NA	NA	NA	NA	NA	NA	NA	NA	NA	NA	NA	NA	NA	NA	NA	NA	NA	NA	NA	NA	NA	NA	NA	NA	NA	NA	NA	NA	NA	NA	NA	NA	NA	NA	NA	NA	NA	NA	NA	NA	NA	NA	NA	NA	NA	NA	NA	NA	NA	NA	NA	NA	NA	NA
cg06728577	NA	NA	NA	NA	NA	NA	NA	NA	NA	NA	NA	NA	NA	NA	NA	NA	NA	NA	NA	NA	NA	NA	NA	NA	NA	NA	NA	NA	NA	NA	NA	NA	NA	NA	NA	NA	NA	NA	NA	NA	NA	NA	NA	NA	NA	NA	NA	NA	NA	NA	NA	NA	NA	NA	NA	NA	NA	NA	NA	NA	NA	NA	NA	NA	NA	NA	NA	NA	NA	NA	NA	NA	NA	NA	NA	NA	NA	NA	NA	NA	NA	NA	NA	NA	NA	NA	NA
cg06784187	NA	NA	NA	NA	NA	NA	NA	NA	NA	NA	NA	NA	NA	NA	NA	NA	NA	NA	NA	NA	NA	NA	NA	NA	NA	NA	NA	NA	NA	NA	NA	NA	NA	NA	NA	NA	NA	NA	NA	NA	NA	NA	NA	NA	NA	NA	NA	NA	NA	NA	NA	NA	NA	NA	NA	NA	NA	NA	NA	NA	NA	NA	NA	NA	NA	NA	NA	NA	NA	NA	NA	NA	NA	NA	NA	NA	NA	NA	NA	NA	NA	NA	NA	NA	NA	NA	NA
cg06808021	NA	NA	NA	NA	NA	NA	NA	NA	NA	NA	NA	NA	NA	NA	NA	NA	NA	NA	NA	NA	NA	NA	NA	NA	NA	NA	NA	NA	NA	NA	NA	NA	NA	NA	NA	NA	NA	NA	NA	NA	NA	NA	NA	NA	NA	NA	NA	NA	NA	NA	NA	NA	NA	NA	NA	NA	NA	NA	NA	NA	NA	NA	NA	NA	NA	NA	NA	NA	NA	NA	NA	NA	NA	NA	NA	NA	NA	NA	NA	NA	NA	NA	NA	NA	NA	NA	NA
cg06868034	NA	NA	NA	NA	NA	NA	NA	NA	NA	NA	NA	NA	NA	NA	NA	NA	NA	NA	NA	NA	NA	NA	NA	NA	NA	NA	NA	NA	NA	NA	NA	NA	NA	NA	NA	NA	NA	NA	NA	NA	NA	NA	NA	NA	NA	NA	NA	NA	NA	NA	NA	NA	NA	NA	NA	NA	NA	NA	NA	NA	NA	NA	NA	NA	NA	NA	NA	NA	NA	NA	NA	NA	NA	NA	NA	NA	NA	NA	NA	NA	NA	NA	NA	NA	NA	NA	NA
cg06868413	NA	NA	NA	NA	NA	NA	NA	NA	NA	NA	NA	NA	NA	NA	NA	NA	NA	NA	NA	NA	NA	NA	NA	NA	NA	NA	NA	NA	NA	NA	NA	NA	NA	NA	NA	NA	NA	NA	NA	NA	NA	NA	NA	NA	NA	NA	NA	NA	NA	NA	NA	NA	NA	NA	NA	NA	NA	NA	NA	NA	NA	NA	NA	NA	NA	NA	NA	NA	NA	NA	NA	NA	NA	NA	NA	NA	NA	NA	NA	NA	NA	NA	NA	NA	NA	NA	NA
cg06868699	NA	NA	NA	NA	NA	NA	NA	NA	NA	NA	NA	NA	NA	NA	NA	NA	NA	NA	NA	NA	NA	NA	NA	NA	NA	NA	NA	NA	NA	NA	NA	NA	NA	NA	NA	NA	NA	NA	NA	NA	NA	NA	NA	NA	NA	NA	NA	NA	NA	NA	NA	NA	NA	NA	NA	NA	NA	NA	NA	NA	NA	NA	NA	NA	NA	NA	NA	NA	NA	NA	NA	NA	NA	NA	NA	NA	NA	NA	NA	NA	NA	NA	NA	NA	NA	NA	NA
cg06921605	NA	NA	NA	NA	NA	NA	NA	NA	NA	NA	NA	NA	NA	NA	NA	NA	NA	NA	NA	NA	NA	NA	NA	NA	NA	NA	NA	NA	NA	NA	NA	NA	NA	NA	NA	NA	NA	NA	NA	NA	NA	NA	NA	NA	NA	NA	NA	NA	NA	NA	NA	NA	NA	NA	NA	NA	NA	NA	NA	NA	NA	NA	NA	NA	NA	NA	NA	NA	NA	NA	NA	NA	NA	NA	NA	NA	NA	NA	NA	NA	NA	NA	NA	NA	NA	NA	NA
cg06934003	NA	NA	NA	NA	NA	NA	NA	NA	NA	NA	NA	NA	NA	NA	NA	NA	NA	NA	NA	NA	NA	NA	NA	NA	NA	NA	NA	NA	NA	NA	NA	NA	NA	NA	NA	NA	NA	NA	NA	NA	NA	NA	NA	NA	NA	NA	NA	NA	NA	NA	NA	NA	NA	NA	NA	NA	NA	NA	NA	NA	NA	NA	NA	NA	NA	NA	NA	NA	NA	NA	NA	NA	NA	NA	NA	NA	NA	NA	NA	NA	NA	NA	NA	NA	NA	NA	NA
cg06944489	NA	NA	NA	NA	NA	NA	NA	NA	NA	NA	NA	NA	NA	NA	NA	NA	NA	NA	NA	NA	NA	NA	NA	NA	NA	NA	NA	NA	NA	NA	NA	NA	NA	NA	NA	NA	NA	NA	NA	NA	NA	NA	NA	NA	NA	NA	NA	NA	NA	NA	NA	NA	NA	NA	NA	NA	NA	NA	NA	NA	NA	NA	NA	NA	NA	NA	NA	NA	NA	NA	NA	NA	NA	NA	NA	NA	NA	NA	NA	NA	NA	NA	NA	NA	NA	NA	NA
cg06949017	NA	NA	NA	NA	NA	NA	NA	NA	NA	NA	NA	NA	NA	NA	NA	NA	NA	NA	NA	NA	NA	NA	NA	NA	NA	NA	NA	NA	NA	NA	NA	NA	NA	NA	NA	NA	NA	NA	NA	NA	NA	NA	NA	NA	NA	NA	NA	NA	NA	NA	NA	NA	NA	NA	NA	NA	NA	NA	NA	NA	NA	NA	NA	NA	NA	NA	NA	NA	NA	NA	NA	NA	NA	NA	NA	NA	NA	NA	NA	NA	NA	NA	NA	NA	NA	NA	NA
cg06960940	NA	NA	NA	NA	NA	NA	NA	NA	NA	NA	NA	NA	NA	NA	NA	NA	NA	NA	NA	NA	NA	NA	NA	NA	NA	NA	NA	NA	NA	NA	NA	NA	NA	NA	NA	NA	NA	NA	NA	NA	NA	NA	NA	NA	NA	NA	NA	NA	NA	NA	NA	NA	NA	NA	NA	NA	NA	NA	NA	NA	NA	NA	NA	NA	NA	NA	NA	NA	NA	NA	NA	NA	NA	NA	NA	NA	NA	NA	NA	NA	NA	NA	NA	NA	NA	NA	NA
cg06962373	0.81161279915334	0.738662982922497	0.73993401111498	0.761689965065765	0.748526900756631	0.689273195216286	0.668580664301319	0.742269862199256	0.767101527966517	0.763952958965025	0.67854242058556	0.73181943204302	0.815147508952667	0.78783602680777	0.709792639156307	0.684506238598982	0.643373508193975	0.700851958714684	0.790887287563317	0.824842819468178	0.802581375889984	0.680300058785737	0.804433472998044	0.763510932981587	0.819129820561865	0.763515836362578	0.801421379083019	0.757990833109194	0.677667177481825	0.796725293678678	0.707993823920375	0.770156637194366	0.712611422206141	0.690058913874842	0.593363015532923	0.683966539166819	0.674934682471303	0.82712747530113	0.732173033105403	0.439609925415311	0.740067380304202	0.565893466787582	0.777925207647113	0.706624635666374	0.737685020105254	0.725058151556193	0.822639821462648	0.704232724471139	0.736473976362494	0.707381277356239	0.755871080048512	0.771898157583881	0.743228753808321	0.729230339051307	0.749641700868746	0.729438465643941	0.531856244679913	0.764857822018823	0.564003318942529	0.809475755288634	0.6670586999495	0.768189793903178	0.717201523426389	0.687503865823942	0.762240348150763	0.734375116639214	0.784403162891727	0.61694422458073	0.771015497494138	0.712693359114857	0.704810801853283	0.849801097248867	0.781273194075904	0.735441886066	0.731882935507708	0.776429190033409	0.601704940678039	0.788821011473783	0.731903691880675	0.754041072974252	0.809921495903828	0.803134041569804	0.758232289830531	0.664980152075931	0.557105272187993	0.745618955480163	0.788219094977643
cg06970454	NA	NA	NA	NA	NA	NA	NA	NA	NA	NA	NA	NA	NA	NA	NA	NA	NA	NA	NA	NA	NA	NA	NA	NA	NA	NA	NA	NA	NA	NA	NA	NA	NA	NA	NA	NA	NA	NA	NA	NA	NA	NA	NA	NA	NA	NA	NA	NA	NA	NA	NA	NA	NA	NA	NA	NA	NA	NA	NA	NA	NA	NA	NA	NA	NA	NA	NA	NA	NA	NA	NA	NA	NA	NA	NA	NA	NA	NA	NA	NA	NA	NA	NA	NA	NA	NA	NA
cg06977264	NA	NA	NA	NA	NA	NA	NA	NA	NA	NA	NA	NA	NA	NA	NA	NA	NA	NA	NA	NA	NA	NA	NA	NA	NA	NA	NA	NA	NA	NA	NA	NA	NA	NA	NA	NA	NA	NA	NA	NA	NA	NA	NA	NA	NA	NA	NA	NA	NA	NA	NA	NA	NA	NA	NA	NA	NA	NA	NA	NA	NA	NA	NA	NA	NA	NA	NA	NA	NA	NA	NA	NA	NA	NA	NA	NA	NA	NA	NA	NA	NA	NA	NA	NA	NA	NA	NA
cg06995113	NA	NA	NA	NA	NA	NA	NA	NA	NA	NA	NA	NA	NA	NA	NA	NA	NA	NA	NA	NA	NA	NA	NA	NA	NA	NA	NA	NA	NA	NA	NA	NA	NA	NA	NA	NA	NA	NA	NA	NA	NA	NA	NA	NA	NA	NA	NA	NA	NA	NA	NA	NA	NA	NA	NA	NA	NA	NA	NA	NA	NA	NA	NA	NA	NA	NA	NA	NA	NA	NA	NA	NA	NA	NA	NA	NA	NA	NA	NA	NA	NA	NA	NA	NA	NA	NA	NA
cg06999653	0.912549671576764	0.884988930741664	0.843050026480331	0.916750722373184	0.756034704479853	0.750548708648487	0.808190359818078	0.836856783226984	0.384327657409827	0.880940774343303	0.878263137295622	0.935304727939973	0.929051919053503	0.880332114016157	0.737480537913703	0.84402450762461	0.808569855332128	0.642714061336877	0.896701052686489	0.906347773257119	0.855397570068503	0.880715655971988	0.89190592143368	0.897834215322514	0.882557719677721	0.884433723809514	0.881294503844839	0.908987130094891	0.806710112465082	0.910784962183996	0.850972750116702	0.925723774561067	0.907716548363742	0.688222408362528	0.777684808833908	0.884754347748572	0.86255358996881	0.882262149919293	0.894786438985713	0.827899341649698	0.923565899859802	0.865081442120827	0.924214632851965	0.885736077935261	0.638224933880321	0.781070267929628	0.89306497923854	0.857742747652626	0.921276843107166	0.837969230406182	0.896897815888599	0.857905510581255	0.716043452752585	0.912394303241131	0.851997533482566	0.792800546233756	0.937768599174503	0.911762966612876	0.912965600801146	0.906605401413479	0.873127953771118	0.909948561693016	0.909753967316212	0.867080902706733	0.860734607466772	0.525273794410858	0.666323829508779	0.772998157373849	0.847862906067457	0.873224827965137	0.85782788031394	0.908473643929075	0.903713213037727	0.888006851525084	0.870125959573677	0.869571268650819	0.651810216375721	0.915832811649054	0.790047832216389	0.89369368389084	0.896651382173898	0.9284479366965	0.84977388561173	0.853471230840293	0.777056905601976	0.901543975156731	0.929397020599039
cg07005246	NA	NA	NA	NA	NA	NA	NA	NA	NA	NA	NA	NA	NA	NA	NA	NA	NA	NA	NA	NA	NA	NA	NA	NA	NA	NA	NA	NA	NA	NA	NA	NA	NA	NA	NA	NA	NA	NA	NA	NA	NA	NA	NA	NA	NA	NA	NA	NA	NA	NA	NA	NA	NA	NA	NA	NA	NA	NA	NA	NA	NA	NA	NA	NA	NA	NA	NA	NA	NA	NA	NA	NA	NA	NA	NA	NA	NA	NA	NA	NA	NA	NA	NA	NA	NA	NA	NA
cg07021678	NA	NA	NA	NA	NA	NA	NA	NA	NA	NA	NA	NA	NA	NA	NA	NA	NA	NA	NA	NA	NA	NA	NA	NA	NA	NA	NA	NA	NA	NA	NA	NA	NA	NA	NA	NA	NA	NA	NA	NA	NA	NA	NA	NA	NA	NA	NA	NA	NA	NA	NA	NA	NA	NA	NA	NA	NA	NA	NA	NA	NA	NA	NA	NA	NA	NA	NA	NA	NA	NA	NA	NA	NA	NA	NA	NA	NA	NA	NA	NA	NA	NA	NA	NA	NA	NA	NA
cg07088430	NA	NA	NA	NA	NA	NA	NA	NA	NA	NA	NA	NA	NA	NA	NA	NA	NA	NA	NA	NA	NA	NA	NA	NA	NA	NA	NA	NA	NA	NA	NA	NA	NA	NA	NA	NA	NA	NA	NA	NA	NA	NA	NA	NA	NA	NA	NA	NA	NA	NA	NA	NA	NA	NA	NA	NA	NA	NA	NA	NA	NA	NA	NA	NA	NA	NA	NA	NA	NA	NA	NA	NA	NA	NA	NA	NA	NA	NA	NA	NA	NA	NA	NA	NA	NA	NA	NA
cg07165120	0.953615177967344	0.7968503665406	0.914751833492773	0.939842515775882	0.949523485560909	0.94987642402676	0.952615824874827	0.932478869987695	0.940685622445022	0.887814260966421	0.853872486881014	0.953344089458796	0.94135894174815	0.955488754997128	0.896911982104453	0.937764770440649	0.899480521548742	0.931807268258621	0.964159328276532	0.947408156094396	0.957434059560425	0.934911498477983	0.94831166375481	0.913467450945428	0.963480614331316	0.946928914347535	0.958431887456287	0.942434736673044	0.93473505162577	0.942019748961986	0.950904451172477	0.952631971694333	0.95055757340677	0.946407343189912	0.915236864930899	0.912499985065616	0.940284391883284	0.966326240450077	0.954821499796717	0.709443313660962	0.947805543165714	0.946311876705533	0.898774857960712	0.947953141141628	0.950307091399931	0.964740534647816	0.932861210205849	0.932582995798295	0.938634934046967	0.94825861464423	0.967451669582102	0.954734891587165	0.944575209696383	0.939862543756741	0.910688556355312	0.935240708550272	0.934940279901737	0.949925287651385	0.965178082661029	0.96647085719853	0.943930176773811	0.966493479926231	0.931802010483987	0.930381767128221	0.692503163270212	0.951374395723035	0.967016205618184	0.946650202733421	0.949946104092417	0.950506094166579	0.96240352451764	0.945070751709189	0.941725358381976	0.921195845115435	0.947612885296693	0.966458139175251	0.908131785489323	0.947229577396522	0.96483634436304	0.947793489903742	0.962898627042479	0.848718308396471	0.951733204753192	0.964619377719769	0.93390728323902	0.875414922579746	0.924517854822567
cg07170752	0.805079341749955	0.881931260179646	0.882667332688544	0.874087399190776	0.84652426645547	0.467410051143169	0.634646512232434	0.777150121341922	0.207939793201822	0.32807145209772	0.508337165509864	0.907655819676539	0.619213624453677	0.670014366552875	0.548464167011002	0.787453540211104	0.810702908229423	0.692797962091618	0.448709213614745	0.580661256601488	0.907956223052733	0.866081049856905	0.84037855108447	0.67300996612917	0.780127342249019	0.850029578501961	0.74661127165931	0.836840061028343	0.87304599715142	0.731759158826516	0.867045579445046	0.841534952666503	0.819417110098444	0.783864672981715	0.835619559908412	0.802854207550855	0.824742185265051	0.866215174231257	0.891516052079546	0.864098111783616	0.517612763404409	0.567851452268426	0.766890242851911	0.614314294301854	0.659694604149819	0.530725218279589	0.65997552287477	0.866042920517993	0.877120595252917	0.90020947538006	0.850515423752893	0.875654535843996	0.554009489167686	0.893649055522884	0.867772005135357	0.611062071445291	0.855508015438658	0.846706084029094	0.608240195095257	0.748606265862124	0.871219156262853	0.784934789860083	0.820121971673993	0.737157675189896	0.87537697133646	0.372481238334096	0.784196185585001	0.762869834865521	0.58382955074304	0.833829623488379	0.784327889919427	0.874956573997586	0.903885546023566	0.80405751180844	0.804749538041017	0.812680112734124	0.750996917798814	0.884448702118904	0.595434309675517	0.773415936508391	0.855906922939166	0.423002613191082	0.866900089330625	0.831399555940326	0.85484072257073	0.793878969408986	0.774245141185647
cg07221511	NA	NA	NA	NA	NA	NA	NA	NA	NA	NA	NA	NA	NA	NA	NA	NA	NA	NA	NA	NA	NA	NA	NA	NA	NA	NA	NA	NA	NA	NA	NA	NA	NA	NA	NA	NA	NA	NA	NA	NA	NA	NA	NA	NA	NA	NA	NA	NA	NA	NA	NA	NA	NA	NA	NA	NA	NA	NA	NA	NA	NA	NA	NA	NA	NA	NA	NA	NA	NA	NA	NA	NA	NA	NA	NA	NA	NA	NA	NA	NA	NA	NA	NA	NA	NA	NA	NA
cg07228905	0.259283432970143	0.853167594113627	0.808032681352367	0.812651290802003	0.455264151221597	0.463778434804884	0.82502510409567	0.781221871944557	0.422995019488573	0.899801996149457	0.831553646611329	0.791344046183025	0.783751705691162	0.630370101588103	0.799140499866977	0.805191821939835	0.604264998067093	0.833801071052291	0.557385104700898	0.852518404473006	0.628362598140475	0.744059062262089	0.863154793474754	0.850784891392411	0.862268293665873	0.7491405025732	0.732740414080975	0.839416399960933	0.807744197347202	0.904097919273465	0.79659500470992	0.796099766719468	0.704540633407341	0.855612544288697	0.633352437911358	0.744924163860935	0.763120427381624	0.894007526365448	0.795620601137056	0.580044293059607	0.810727484608008	0.809815215700321	0.541377596006538	0.828338314255589	0.905421867724994	0.621052109064107	0.846053456448173	0.787966357149695	0.906040101896227	0.818817739241573	0.766241275486517	0.909212185180571	0.635921122170232	0.855522351531999	0.791866894255676	0.752552297249151	0.84631955180631	0.865604100971512	0.222265553305817	0.891024902013913	0.777065507994235	0.618350689993175	0.816582170195729	0.721317419263764	0.805061351587457	0.597772413709546	0.422714037507553	0.717501843127342	0.755230698704779	0.806090284317366	0.756950829857759	0.86080797202895	0.851031551574902	0.679644218805833	0.702950897226733	0.664294801523097	0.707222058072115	0.882353382211507	0.648586358556618	0.574493287888096	0.879654200597126	0.856128285268957	0.766772308965345	0.637656915982138	0.77424627671644	0.869487008768715	0.840539729116986
cg07242196	0.981922945062272	0.982969531474169	0.966888308298509	0.976087158020254	0.97922131879781	0.958854371321959	0.972451166591074	0.968778652271266	0.977774707488746	0.97617837770086	0.962664459218672	0.968210093564518	0.975245380735527	0.983392781220827	0.967236004143944	0.974078000695844	0.97096554006507	0.977878336851317	0.977289462980897	0.971344491010259	0.9852687546241	0.981006027418461	0.978341072006871	0.969184642718605	0.95714959913147	0.972431849460854	0.968724738039417	0.967154696930672	0.978181809573411	0.978955089920931	0.984478224732371	0.978268276938234	0.973149863690183	0.953570123148698	0.980499804105912	0.956744036600158	0.971052730579341	0.984800522910555	0.975976283728947	0.972103376085247	0.927171347522541	0.968550191858722	0.978080911775943	0.974832579369227	0.971467836217918	0.969366973579991	0.982260748672274	0.974341348486694	0.96796984874127	0.973849171728566	0.967528252676722	0.976007444638022	0.97409479352251	0.970760419796071	0.976045534478617	0.974108657489718	0.961419709050591	0.979567426099705	0.963614645668941	0.976898712829255	0.957704132673384	0.968426553891432	0.950887475743175	0.976356034947919	0.977927888768016	0.968343034000418	0.977831329506564	0.980026140756449	0.976733848709239	0.97713807095575	0.980178754496748	0.982872207326062	0.972267902011628	0.976608172291622	0.975784179151958	0.974961242528509	0.971370847314061	0.981533229476931	0.971665268156911	0.983407389634897	0.977637487949093	0.978944731183731	0.976680494226176	0.972881731694351	0.975554688393542	0.961226007565739	0.966938052568509
cg07244523	NA	NA	NA	NA	NA	NA	NA	NA	NA	NA	NA	NA	NA	NA	NA	NA	NA	NA	NA	NA	NA	NA	NA	NA	NA	NA	NA	NA	NA	NA	NA	NA	NA	NA	NA	NA	NA	NA	NA	NA	NA	NA	NA	NA	NA	NA	NA	NA	NA	NA	NA	NA	NA	NA	NA	NA	NA	NA	NA	NA	NA	NA	NA	NA	NA	NA	NA	NA	NA	NA	NA	NA	NA	NA	NA	NA	NA	NA	NA	NA	NA	NA	NA	NA	NA	NA	NA
cg07252846	NA	NA	NA	NA	NA	NA	NA	NA	NA	NA	NA	NA	NA	NA	NA	NA	NA	NA	NA	NA	NA	NA	NA	NA	NA	NA	NA	NA	NA	NA	NA	NA	NA	NA	NA	NA	NA	NA	NA	NA	NA	NA	NA	NA	NA	NA	NA	NA	NA	NA	NA	NA	NA	NA	NA	NA	NA	NA	NA	NA	NA	NA	NA	NA	NA	NA	NA	NA	NA	NA	NA	NA	NA	NA	NA	NA	NA	NA	NA	NA	NA	NA	NA	NA	NA	NA	NA
cg07277465	NA	NA	NA	NA	NA	NA	NA	NA	NA	NA	NA	NA	NA	NA	NA	NA	NA	NA	NA	NA	NA	NA	NA	NA	NA	NA	NA	NA	NA	NA	NA	NA	NA	NA	NA	NA	NA	NA	NA	NA	NA	NA	NA	NA	NA	NA	NA	NA	NA	NA	NA	NA	NA	NA	NA	NA	NA	NA	NA	NA	NA	NA	NA	NA	NA	NA	NA	NA	NA	NA	NA	NA	NA	NA	NA	NA	NA	NA	NA	NA	NA	NA	NA	NA	NA	NA	NA
cg07283015	0.895497898935209	0.907075842113678	0.85079159276426	0.934814833008909	0.899970355703722	0.848265104511685	0.82612741334281	0.928269274747769	0.903501552069003	0.814916943079406	0.903312934950518	0.915577378002375	0.907170530441295	0.935767397633149	0.925703464413498	0.935123786201179	0.894233343782189	0.850194358528797	0.89886416213321	0.913432738547673	0.88584982442338	0.949271522890005	0.932957663758476	0.957635697546546	0.906728526055961	0.917647174892853	0.945414953892266	0.787117168006878	0.881574688071172	0.932386343000236	0.896634508438993	0.933943465243392	0.953382936070991	0.849837613715908	0.885669952495947	0.904744450388077	0.886598180872606	0.741447238191311	0.911659566850038	0.950226166227382	0.877575791511415	0.925604638001291	0.944946969047146	0.882910874954941	0.781504282628274	0.93895764874936	0.806779726679531	0.814275851313059	0.941185075816807	0.890038497445503	0.95917767927874	0.960326115769887	0.861400645994919	0.922033901472361	0.919101821105475	0.83687523367426	0.91313636043255	0.909977953836573	0.896563846366754	0.933680232125309	0.928521843851227	0.930258197147304	0.939298266250212	0.898348801731375	0.760191132370605	0.917816097299094	0.907196877583778	0.770273031394404	0.829772435190813	0.910968302287091	0.752629796192959	0.887390365377987	0.918290031897997	0.857208193829184	0.91027641015761	0.921472725680553	0.824043046147492	0.916629895553331	0.927084786620957	0.925521416706808	0.876627244434523	0.935539710191892	0.91506432540279	0.92092104829248	0.928502350678772	0.887081341013323	0.930206412122187
cg07372195	0.776754925740699	0.921947385551865	0.952945484428365	0.933926260543356	0.9584713954208	0.922010299869081	0.942005435423806	0.936420073838563	0.84870048472765	0.91306249316262	0.878700892061854	0.928232237764599	0.670011240675676	0.932109026568755	0.906635585608747	0.929587077247965	0.928146339514172	0.952110052428767	0.935882961271044	0.940660161595674	0.968261640236047	0.937167300918353	0.934947805646535	0.709224381635956	0.573611788212976	0.933058979329421	0.933041517497258	0.94888782189386	0.93638867601712	0.933012488467887	0.95472792401416	0.954438309674743	0.931933915981468	0.933485436088816	0.938782810824679	0.929778117279322	0.9131860430806	0.969278712130488	0.897038868145553	0.93526905535211	0.935337877461759	0.922391731010104	0.900468107435791	0.934266803745709	0.949288268219936	0.923641143372152	0.777185048230276	0.938914325521887	0.905889588628508	0.942016123301029	0.95775227078727	0.940224932210165	0.925244872248246	0.911954952923744	0.940197217375711	0.923627322379302	0.929768609008369	0.943031061511881	0.935423908253093	0.776345324095093	0.888486674224752	0.951808078023907	0.905598568529554	0.942937228266481	0.942809605420974	0.943854398902483	0.875913288930441	0.95395770283451	0.940203172934624	0.926308835954018	0.940288165272303	0.950791066794594	0.927647638121242	0.786695433424673	0.915361129331969	0.613803044102682	0.915162415118259	0.927482215782622	0.928024726769976	0.795254704490924	0.936628780797073	0.775274933753179	0.950346636830982	0.939584305609685	0.922901896758762	0.945705314661142	0.934433881879444
cg07378405	NA	NA	NA	NA	NA	NA	NA	NA	NA	NA	NA	NA	NA	NA	NA	NA	NA	NA	NA	NA	NA	NA	NA	NA	NA	NA	NA	NA	NA	NA	NA	NA	NA	NA	NA	NA	NA	NA	NA	NA	NA	NA	NA	NA	NA	NA	NA	NA	NA	NA	NA	NA	NA	NA	NA	NA	NA	NA	NA	NA	NA	NA	NA	NA	NA	NA	NA	NA	NA	NA	NA	NA	NA	NA	NA	NA	NA	NA	NA	NA	NA	NA	NA	NA	NA	NA	NA
cg07421068	NA	NA	NA	NA	NA	NA	NA	NA	NA	NA	NA	NA	NA	NA	NA	NA	NA	NA	NA	NA	NA	NA	NA	NA	NA	NA	NA	NA	NA	NA	NA	NA	NA	NA	NA	NA	NA	NA	NA	NA	NA	NA	NA	NA	NA	NA	NA	NA	NA	NA	NA	NA	NA	NA	NA	NA	NA	NA	NA	NA	NA	NA	NA	NA	NA	NA	NA	NA	NA	NA	NA	NA	NA	NA	NA	NA	NA	NA	NA	NA	NA	NA	NA	NA	NA	NA	NA
cg07427559	NA	NA	NA	NA	NA	NA	NA	NA	NA	NA	NA	NA	NA	NA	NA	NA	NA	NA	NA	NA	NA	NA	NA	NA	NA	NA	NA	NA	NA	NA	NA	NA	NA	NA	NA	NA	NA	NA	NA	NA	NA	NA	NA	NA	NA	NA	NA	NA	NA	NA	NA	NA	NA	NA	NA	NA	NA	NA	NA	NA	NA	NA	NA	NA	NA	NA	NA	NA	NA	NA	NA	NA	NA	NA	NA	NA	NA	NA	NA	NA	NA	NA	NA	NA	NA	NA	NA
cg07508429	0.919091254938433	0.853908057061579	0.854124578837857	0.859428750244868	0.912579207802324	0.892833430009159	0.919069400913178	0.777541711148941	0.790653046543298	0.88316544037169	0.822802874539247	0.884399291961358	0.697295757203973	0.891492247056101	0.770351671993498	0.876399345001061	0.894781292589281	0.902574279249386	0.84522799288234	0.89540550673633	0.88602558604214	0.874370528323782	0.869385631374727	NA	0.92566672768203	0.783108162399429	0.833130233129357	0.908546939065557	0.869866837465606	0.888850424721752	0.864295515223844	0.899415194410193	0.896763952595155	0.310459675361396	0.861042383493614	0.891414150597753	0.840630925725738	0.922899040685055	0.745026700112266	0.893974345262369	0.849580999253186	0.882279991021954	0.830470614897012	0.888700153915776	0.913145909849074	0.883170718169583	0.879313836901018	0.825574719341507	0.908440928658354	0.915553376875639	0.522486582161679	0.891818980352288	0.866607423552721	0.833498371006681	0.87754955870901	0.791480064852495	0.839586731841659	0.911916174297052	0.858976675421107	0.877400459185901	0.807429416028009	0.936101054999823	0.839972657270695	0.896975454747035	0.885877578875457	0.875113141110434	0.880172471631857	0.82256441024192	0.913488961085514	0.855442160586106	0.936369196377278	0.911298938618343	0.860956003683036	0.7884494135746	0.872757342494628	0.769276296101486	0.795932836326449	0.898315636985916	0.885740288402098	0.811085881390022	0.857754626990447	NA	0.90444100335753	0.916769505184889	0.824495863101391	0.847863727323288	0.841145081990319
cg07516965	NA	NA	NA	NA	NA	NA	NA	NA	NA	NA	NA	NA	NA	NA	NA	NA	NA	NA	NA	NA	NA	NA	NA	NA	NA	NA	NA	NA	NA	NA	NA	NA	NA	NA	NA	NA	NA	NA	NA	NA	NA	NA	NA	NA	NA	NA	NA	NA	NA	NA	NA	NA	NA	NA	NA	NA	NA	NA	NA	NA	NA	NA	NA	NA	NA	NA	NA	NA	NA	NA	NA	NA	NA	NA	NA	NA	NA	NA	NA	NA	NA	NA	NA	NA	NA	NA	NA
cg07532159	NA	NA	NA	NA	NA	NA	NA	NA	NA	NA	NA	NA	NA	NA	NA	NA	NA	NA	NA	NA	NA	NA	NA	NA	NA	NA	NA	NA	NA	NA	NA	NA	NA	NA	NA	NA	NA	NA	NA	NA	NA	NA	NA	NA	NA	NA	NA	NA	NA	NA	NA	NA	NA	NA	NA	NA	NA	NA	NA	NA	NA	NA	NA	NA	NA	NA	NA	NA	NA	NA	NA	NA	NA	NA	NA	NA	NA	NA	NA	NA	NA	NA	NA	NA	NA	NA	NA
cg07559427	0.914611811741926	0.951233348006684	0.955284187580091	0.936904353251011	0.909892319260356	0.919605059376242	0.945173091502348	0.954270298706264	0.914850679488997	0.859324863533279	0.906540853296511	0.943301797533497	0.905733926346837	0.964253759027464	0.938001301609155	0.896455184786735	0.905464910679603	0.963073177351633	0.94552781920223	0.956004037602673	0.953886825789354	0.937625332359144	0.938369553024307	0.926884829871388	0.959333500227534	0.931801692320604	0.917780797373712	0.937860644504958	0.957787891307622	0.950125344099532	0.938134744749147	0.933187290240408	0.924414982290918	0.932792308738044	0.944446982336304	0.927897366340393	0.911765412189574	0.963270145029308	0.946859919210667	0.948590851328325	0.947389147769699	0.946409719213824	0.93817157989826	0.940949586321867	0.941649460161509	0.955596233494869	0.927281039455272	0.900930047547561	0.96306728782222	0.951925049147365	0.965430687553736	0.958964132233664	0.946182353611665	0.925630693003503	0.931619470827347	0.937399006074239	0.873797174625491	0.931540832765875	0.943384665421905	0.928551845899394	0.948722548181837	0.957619120919674	0.929565160429584	0.934308458338294	0.948320859383223	0.904485455937098	0.939111472887028	0.936388960164524	0.920447422247411	0.957502607532307	0.948332621484981	0.95680733493797	0.934378052080827	0.906502521210393	0.931184970678644	0.934738708816634	0.924321136018847	0.922862248012494	0.824102677621756	0.914821978496519	0.943124777516601	0.92562382428535	0.947246457246242	0.866664759505491	0.9439281534371	0.892011607281718	0.924719568032398
cg07590638	NA	NA	NA	NA	NA	NA	NA	NA	NA	NA	NA	NA	NA	NA	NA	NA	NA	NA	NA	NA	NA	NA	NA	NA	NA	NA	NA	NA	NA	NA	NA	NA	NA	NA	NA	NA	NA	NA	NA	NA	NA	NA	NA	NA	NA	NA	NA	NA	NA	NA	NA	NA	NA	NA	NA	NA	NA	NA	NA	NA	NA	NA	NA	NA	NA	NA	NA	NA	NA	NA	NA	NA	NA	NA	NA	NA	NA	NA	NA	NA	NA	NA	NA	NA	NA	NA	NA
cg07612889	NA	NA	NA	NA	NA	NA	NA	NA	NA	NA	NA	NA	NA	NA	NA	NA	NA	NA	NA	NA	NA	NA	NA	NA	NA	NA	NA	NA	NA	NA	NA	NA	NA	NA	NA	NA	NA	NA	NA	NA	NA	NA	NA	NA	NA	NA	NA	NA	NA	NA	NA	NA	NA	NA	NA	NA	NA	NA	NA	NA	NA	NA	NA	NA	NA	NA	NA	NA	NA	NA	NA	NA	NA	NA	NA	NA	NA	NA	NA	NA	NA	NA	NA	NA	NA	NA	NA
cg07633119	NA	NA	NA	NA	NA	NA	NA	NA	NA	NA	NA	NA	NA	NA	NA	NA	NA	NA	NA	NA	NA	NA	NA	NA	NA	NA	NA	NA	NA	NA	NA	NA	NA	NA	NA	NA	NA	NA	NA	NA	NA	NA	NA	NA	NA	NA	NA	NA	NA	NA	NA	NA	NA	NA	NA	NA	NA	NA	NA	NA	NA	NA	NA	NA	NA	NA	NA	NA	NA	NA	NA	NA	NA	NA	NA	NA	NA	NA	NA	NA	NA	NA	NA	NA	NA	NA	NA
cg07645858	NA	NA	NA	NA	NA	NA	NA	NA	NA	NA	NA	NA	NA	NA	NA	NA	NA	NA	NA	NA	NA	NA	NA	NA	NA	NA	NA	NA	NA	NA	NA	NA	NA	NA	NA	NA	NA	NA	NA	NA	NA	NA	NA	NA	NA	NA	NA	NA	NA	NA	NA	NA	NA	NA	NA	NA	NA	NA	NA	NA	NA	NA	NA	NA	NA	NA	NA	NA	NA	NA	NA	NA	NA	NA	NA	NA	NA	NA	NA	NA	NA	NA	NA	NA	NA	NA	NA
cg07672509	NA	NA	NA	NA	NA	NA	NA	NA	NA	NA	NA	NA	NA	NA	NA	NA	NA	NA	NA	NA	NA	NA	NA	NA	NA	NA	NA	NA	NA	NA	NA	NA	NA	NA	NA	NA	NA	NA	NA	NA	NA	NA	NA	NA	NA	NA	NA	NA	NA	NA	NA	NA	NA	NA	NA	NA	NA	NA	NA	NA	NA	NA	NA	NA	NA	NA	NA	NA	NA	NA	NA	NA	NA	NA	NA	NA	NA	NA	NA	NA	NA	NA	NA	NA	NA	NA	NA
cg07690202	NA	NA	NA	NA	NA	NA	NA	NA	NA	NA	NA	NA	NA	NA	NA	NA	NA	NA	NA	NA	NA	NA	NA	NA	NA	NA	NA	NA	NA	NA	NA	NA	NA	NA	NA	NA	NA	NA	NA	NA	NA	NA	NA	NA	NA	NA	NA	NA	NA	NA	NA	NA	NA	NA	NA	NA	NA	NA	NA	NA	NA	NA	NA	NA	NA	NA	NA	NA	NA	NA	NA	NA	NA	NA	NA	NA	NA	NA	NA	NA	NA	NA	NA	NA	NA	NA	NA
cg07752079	NA	NA	NA	NA	NA	NA	NA	NA	NA	NA	NA	NA	NA	NA	NA	NA	NA	NA	NA	NA	NA	NA	NA	NA	NA	NA	NA	NA	NA	NA	NA	NA	NA	NA	NA	NA	NA	NA	NA	NA	NA	NA	NA	NA	NA	NA	NA	NA	NA	NA	NA	NA	NA	NA	NA	NA	NA	NA	NA	NA	NA	NA	NA	NA	NA	NA	NA	NA	NA	NA	NA	NA	NA	NA	NA	NA	NA	NA	NA	NA	NA	NA	NA	NA	NA	NA	NA
cg07752596	NA	NA	NA	NA	NA	NA	NA	NA	NA	NA	NA	NA	NA	NA	NA	NA	NA	NA	NA	NA	NA	NA	NA	NA	NA	NA	NA	NA	NA	NA	NA	NA	NA	NA	NA	NA	NA	NA	NA	NA	NA	NA	NA	NA	NA	NA	NA	NA	NA	NA	NA	NA	NA	NA	NA	NA	NA	NA	NA	NA	NA	NA	NA	NA	NA	NA	NA	NA	NA	NA	NA	NA	NA	NA	NA	NA	NA	NA	NA	NA	NA	NA	NA	NA	NA	NA	NA
cg07756562	NA	NA	NA	NA	NA	NA	NA	NA	NA	NA	NA	NA	NA	NA	NA	NA	NA	NA	NA	NA	NA	NA	NA	NA	NA	NA	NA	NA	NA	NA	NA	NA	NA	NA	NA	NA	NA	NA	NA	NA	NA	NA	NA	NA	NA	NA	NA	NA	NA	NA	NA	NA	NA	NA	NA	NA	NA	NA	NA	NA	NA	NA	NA	NA	NA	NA	NA	NA	NA	NA	NA	NA	NA	NA	NA	NA	NA	NA	NA	NA	NA	NA	NA	NA	NA	NA	NA
cg07757454	NA	NA	NA	NA	NA	NA	NA	NA	NA	NA	NA	NA	NA	NA	NA	NA	NA	NA	NA	NA	NA	NA	NA	NA	NA	NA	NA	NA	NA	NA	NA	NA	NA	NA	NA	NA	NA	NA	NA	NA	NA	NA	NA	NA	NA	NA	NA	NA	NA	NA	NA	NA	NA	NA	NA	NA	NA	NA	NA	NA	NA	NA	NA	NA	NA	NA	NA	NA	NA	NA	NA	NA	NA	NA	NA	NA	NA	NA	NA	NA	NA	NA	NA	NA	NA	NA	NA
cg07810671	NA	NA	NA	NA	NA	NA	NA	NA	NA	NA	NA	NA	NA	NA	NA	NA	NA	NA	NA	NA	NA	NA	NA	NA	NA	NA	NA	NA	NA	NA	NA	NA	NA	NA	NA	NA	NA	NA	NA	NA	NA	NA	NA	NA	NA	NA	NA	NA	NA	NA	NA	NA	NA	NA	NA	NA	NA	NA	NA	NA	NA	NA	NA	NA	NA	NA	NA	NA	NA	NA	NA	NA	NA	NA	NA	NA	NA	NA	NA	NA	NA	NA	NA	NA	NA	NA	NA
cg07841357	NA	NA	NA	NA	NA	NA	NA	NA	NA	NA	NA	NA	NA	NA	NA	NA	NA	NA	NA	NA	NA	NA	NA	NA	NA	NA	NA	NA	NA	NA	NA	NA	NA	NA	NA	NA	NA	NA	NA	NA	NA	NA	NA	NA	NA	NA	NA	NA	NA	NA	NA	NA	NA	NA	NA	NA	NA	NA	NA	NA	NA	NA	NA	NA	NA	NA	NA	NA	NA	NA	NA	NA	NA	NA	NA	NA	NA	NA	NA	NA	NA	NA	NA	NA	NA	NA	NA
cg07855322	NA	NA	NA	NA	NA	NA	NA	NA	NA	NA	NA	NA	NA	NA	NA	NA	NA	NA	NA	NA	NA	NA	NA	NA	NA	NA	NA	NA	NA	NA	NA	NA	NA	NA	NA	NA	NA	NA	NA	NA	NA	NA	NA	NA	NA	NA	NA	NA	NA	NA	NA	NA	NA	NA	NA	NA	NA	NA	NA	NA	NA	NA	NA	NA	NA	NA	NA	NA	NA	NA	NA	NA	NA	NA	NA	NA	NA	NA	NA	NA	NA	NA	NA	NA	NA	NA	NA
cg07856387	NA	NA	NA	NA	NA	NA	NA	NA	NA	NA	NA	NA	NA	NA	NA	NA	NA	NA	NA	NA	NA	NA	NA	NA	NA	NA	NA	NA	NA	NA	NA	NA	NA	NA	NA	NA	NA	NA	NA	NA	NA	NA	NA	NA	NA	NA	NA	NA	NA	NA	NA	NA	NA	NA	NA	NA	NA	NA	NA	NA	NA	NA	NA	NA	NA	NA	NA	NA	NA	NA	NA	NA	NA	NA	NA	NA	NA	NA	NA	NA	NA	NA	NA	NA	NA	NA	NA
cg07902406	NA	NA	NA	NA	NA	NA	NA	NA	NA	NA	NA	NA	NA	NA	NA	NA	NA	NA	NA	NA	NA	NA	NA	NA	NA	NA	NA	NA	NA	NA	NA	NA	NA	NA	NA	NA	NA	NA	NA	NA	NA	NA	NA	NA	NA	NA	NA	NA	NA	NA	NA	NA	NA	NA	NA	NA	NA	NA	NA	NA	NA	NA	NA	NA	NA	NA	NA	NA	NA	NA	NA	NA	NA	NA	NA	NA	NA	NA	NA	NA	NA	NA	NA	NA	NA	NA	NA
cg07912810	NA	NA	NA	NA	NA	NA	NA	NA	NA	NA	NA	NA	NA	NA	NA	NA	NA	NA	NA	NA	NA	NA	NA	NA	NA	NA	NA	NA	NA	NA	NA	NA	NA	NA	NA	NA	NA	NA	NA	NA	NA	NA	NA	NA	NA	NA	NA	NA	NA	NA	NA	NA	NA	NA	NA	NA	NA	NA	NA	NA	NA	NA	NA	NA	NA	NA	NA	NA	NA	NA	NA	NA	NA	NA	NA	NA	NA	NA	NA	NA	NA	NA	NA	NA	NA	NA	NA
cg07922521	0.869405270567032	0.87575365982719	0.873511964119238	0.741182076791422	0.867961613660957	0.862145147466887	0.933617987874407	0.769968379800995	0.950656423534581	0.591366018596213	0.745026201536206	0.956056329815619	0.900432707465479	0.95397876854248	0.804214012279724	0.792818226024587	0.797858417667866	0.923375429991082	0.932203316057731	0.645640716046375	0.925052240224454	0.774362869790042	0.950819617655087	0.795098847836053	0.813519560743449	0.9232295718645	0.855886566430414	0.880331171865424	0.952752278532538	0.538192399653829	0.896383536648181	0.87300689543394	0.80658782016971	0.932644975955328	0.798326133600668	0.855824154947679	0.792774589577951	0.530463484481837	0.807246860760752	0.366322057926486	0.798785240247063	0.874722039109005	0.756968592350963	0.630300802219351	0.943012769538723	0.926612029358491	0.452300586924599	0.896434489137933	0.798551104169289	0.82320440808896	0.831095985473537	0.946664725253733	0.852441973462752	0.944957109121727	0.572966924042019	0.936188368619372	0.793548367435304	0.909023933330678	0.784321966938963	0.890132989693013	0.657442173112924	0.91504462730232	0.710387237495535	0.769827492886844	0.94803705898399	0.903309263561413	0.932365475867812	0.937504197200445	0.893101973684088	0.877456670138604	0.921184096375703	0.783898643193463	0.914726227517737	0.912519395097417	0.823868599844147	0.942842265661921	0.842152967173976	0.697135708612871	0.947659275047932	0.898965873070205	0.788517511228988	0.813977873705032	0.903562128387978	0.838381081126608	0.860145661072804	0.905330045538016	0.689166149970796
cg07989373	NA	NA	NA	NA	NA	NA	NA	NA	NA	NA	NA	NA	NA	NA	NA	NA	NA	NA	NA	NA	NA	NA	NA	NA	NA	NA	NA	NA	NA	NA	NA	NA	NA	NA	NA	NA	NA	NA	NA	NA	NA	NA	NA	NA	NA	NA	NA	NA	NA	NA	NA	NA	NA	NA	NA	NA	NA	NA	NA	NA	NA	NA	NA	NA	NA	NA	NA	NA	NA	NA	NA	NA	NA	NA	NA	NA	NA	NA	NA	NA	NA	NA	NA	NA	NA	NA	NA
cg07997387	NA	NA	NA	NA	NA	NA	NA	NA	NA	NA	NA	NA	NA	NA	NA	NA	NA	NA	NA	NA	NA	NA	NA	NA	NA	NA	NA	NA	NA	NA	NA	NA	NA	NA	NA	NA	NA	NA	NA	NA	NA	NA	NA	NA	NA	NA	NA	NA	NA	NA	NA	NA	NA	NA	NA	NA	NA	NA	NA	NA	NA	NA	NA	NA	NA	NA	NA	NA	NA	NA	NA	NA	NA	NA	NA	NA	NA	NA	NA	NA	NA	NA	NA	NA	NA	NA	NA
cg08005007	0.755244509513763	0.83772900371267	0.884446708258881	0.853815563480887	0.736258671728926	0.665165572321421	0.849864258427764	0.873187193075994	0.762572429689758	0.692778608116826	0.706820100015511	0.852564772613096	0.780704318410751	0.80942888509924	0.807072115290873	0.780913884074491	0.792807557421644	0.833932224153374	0.817502589728263	0.768777066506174	0.851101645547062	0.777465250812379	0.791384467411602	0.830722086175268	0.802046387536453	0.859533896602261	0.754422029508004	0.75462525887751	0.867496738270992	0.838898545206507	0.913401053720262	0.716962146427199	0.788843662301606	0.80525323540404	0.841786968639991	0.845860010735438	0.801728462063576	0.86682240880684	0.802047243669178	0.860277118659148	0.696393827513692	0.805712179607318	0.745275157833341	0.841245631587937	0.745675934434038	0.817015842125208	0.78563571514862	0.783586892708492	0.880570216116843	0.844895003398744	0.812892935276846	0.848748614465433	0.811305329373354	0.795405002437395	0.840089389951893	0.858703605158878	0.758568966074986	0.79751557459817	0.686461725838154	0.79829688978673	0.79868313919256	0.953025711360509	0.806018344821509	0.77220487976271	0.874391086705952	0.674321331104224	0.789501023023625	0.902258595462668	0.771204746662142	0.859015943330069	0.8579801183218	0.809180899208055	0.809657518580596	0.789814282780231	0.808155988039956	0.869359464339222	0.768705520093673	0.796590815160716	0.694265954060924	0.776484574861397	0.80164025375764	0.727011752938494	0.809218621467824	0.803714806989031	0.82555472351217	0.826039022571268	0.742993499443008
cg08027643	NA	NA	NA	NA	NA	NA	NA	NA	NA	NA	NA	NA	NA	NA	NA	NA	NA	NA	NA	NA	NA	NA	NA	NA	NA	NA	NA	NA	NA	NA	NA	NA	NA	NA	NA	NA	NA	NA	NA	NA	NA	NA	NA	NA	NA	NA	NA	NA	NA	NA	NA	NA	NA	NA	NA	NA	NA	NA	NA	NA	NA	NA	NA	NA	NA	NA	NA	NA	NA	NA	NA	NA	NA	NA	NA	NA	NA	NA	NA	NA	NA	NA	NA	NA	NA	NA	NA
cg08075677	NA	NA	NA	NA	NA	NA	NA	NA	NA	NA	NA	NA	NA	NA	NA	NA	NA	NA	NA	NA	NA	NA	NA	NA	NA	NA	NA	NA	NA	NA	NA	NA	NA	NA	NA	NA	NA	NA	NA	NA	NA	NA	NA	NA	NA	NA	NA	NA	NA	NA	NA	NA	NA	NA	NA	NA	NA	NA	NA	NA	NA	NA	NA	NA	NA	NA	NA	NA	NA	NA	NA	NA	NA	NA	NA	NA	NA	NA	NA	NA	NA	NA	NA	NA	NA	NA	NA
cg08082390	0.957654327926939	0.919252020680083	0.948873707782833	0.911051016879632	0.6803730341391	0.854498256780466	0.926964810534308	0.951255322270067	0.619470573809994	0.928981535334422	0.897738221714781	0.927203367515185	0.944002254376757	0.93939324889019	0.913551217628771	0.931413321311407	0.932276806562566	0.943403545681639	0.925356022446915	0.927640028847079	0.877765210655144	0.9317804252342	0.943656939616671	0.860577431149689	0.955962336729616	0.936794412726652	0.936952482095911	0.918833454417696	0.910854577160734	0.921608088357018	0.938634997591144	0.906806013312873	0.938746448934325	0.914567061387136	0.928931506751233	0.936315957389404	0.915108578643518	0.943090758003688	0.916180046716687	0.933042937414245	0.906119863403887	0.87393136727197	0.936979342938514	0.921031580462957	0.724833251278146	0.921487243090206	0.910583839966169	0.917240908983433	0.926621287599356	0.935238507880046	0.946720717634435	0.939120624255077	0.919074310743501	0.92489148209682	0.944429381539014	0.904900185424004	0.916136232286073	0.926703501736281	0.896065757882427	0.919911735094325	0.881427733029043	0.952874307732123	0.910506298351454	0.938220161699665	0.958828202338105	0.921570832958369	0.930978628682804	0.932862081514176	0.661724936564064	0.913283813210118	0.935057957747646	0.938866686649611	0.927477779191399	0.928642150547728	0.931142614625349	0.936492062686707	0.894179801055796	0.945054931162734	0.815104012882489	0.889352288835596	0.93394601388937	0.948693509331595	0.93719290577826	0.941224009463485	0.923735262825807	0.808882197664435	0.930286308006219
cg08096684	0.880905114230813	0.957570922746983	0.961971379159522	0.966310725669637	0.95756973977771	0.963140367887532	0.960052900838112	0.966750952457853	0.883547987694351	0.493219285383664	0.515412154755539	0.960815662092079	0.962575267271451	0.699553691758854	0.961277148875947	0.96820937407118	0.95354392942313	0.967417502136989	0.961831519042275	0.963850291364835	0.967807290555274	0.971420626913679	0.957973385483285	0.760998173647358	0.955968049769715	0.96219720417353	0.964735398640738	0.967049535432389	0.961931899187983	0.940995383327091	0.962620626799724	0.958140444392995	0.961852599170913	0.959445430189231	0.947851963671515	0.958060184605813	0.947424492454359	0.961223356719819	0.953092729470164	0.960280850808943	0.925139779086637	0.961308554182188	0.951555172675067	0.963180806138606	0.946825674461458	0.957796923762793	0.946418265811023	0.967564905500508	0.966363529700319	0.967289977891629	0.975145023823863	0.956100729899838	0.963596559972571	0.95402640656358	0.919360707943923	0.952742033170627	0.966927575794336	0.956713601772434	0.751526305325562	0.935816717622923	0.95659830476506	0.960406746955805	0.952730997901013	0.960158765759287	0.79407295846244	0.951248100898115	0.957058562791621	0.963125820701367	0.96843002011528	0.958408441729979	0.964516180084572	0.969732311366133	0.93215050564916	0.953323516210359	0.953972865955064	0.958732595166712	0.966512723631226	0.952786722863396	0.943477763425337	0.957392993942149	0.963027288210379	0.950728229408159	0.963517186910479	0.958983976482654	0.948607126382479	0.954489467912882	0.961772949093276
cg08123100	0.913675529341514	0.892008692900169	0.877261714320498	0.850409456106891	0.887110287725481	0.819758860243183	0.908176719550008	0.904526050140477	0.886185065042587	0.884881285827903	0.844020447871812	0.791189670866092	0.852623299944363	0.892706560965614	0.857515207096586	0.895728171333989	0.882601180351417	0.905261577455463	0.82006160852364	0.899011347114957	0.448600922198856	0.882248033574739	0.931229271216046	NA	0.902823817246467	0.915071232507754	0.890093818425596	0.915407558347481	0.89849643026266	0.874137964770101	0.927308852289752	0.90350322819771	0.842827103080963	0.872002043872939	0.895165532956634	0.875451545659708	0.848630053782639	0.935694446927129	0.868512961010967	0.916416576484355	0.891471998329607	0.872875332670259	0.794088862007035	0.925367773115987	0.891690936543282	0.90898421977951	0.920634947886823	0.868862599655492	0.844136853807316	0.898151446089678	0.907971330740783	0.878348423063392	0.862361388781081	0.915883662555922	0.87626916174757	0.877849463589018	0.913226377120301	0.928101565164394	NA	0.836541692305627	NA	0.88502333557806	0.859178544722101	0.90524232084441	0.923094639014136	0.884537001875589	0.878522618106734	0.830895637762548	0.85898774985651	0.900444983204072	0.907806794693453	0.912793214227703	0.88976574835195	0.857790385163747	0.850103952914576	NA	0.873249192185997	0.916880938410877	0.790467438213524	0.821510055597228	0.902231976809771	0.905837517065251	0.89899482046612	0.905419338340565	0.922045983199306	0.910588992503484	0.934804147888103
cg08158805	NA	NA	NA	NA	NA	NA	NA	NA	NA	NA	NA	NA	NA	NA	NA	NA	NA	NA	NA	NA	NA	NA	NA	NA	NA	NA	NA	NA	NA	NA	NA	NA	NA	NA	NA	NA	NA	NA	NA	NA	NA	NA	NA	NA	NA	NA	NA	NA	NA	NA	NA	NA	NA	NA	NA	NA	NA	NA	NA	NA	NA	NA	NA	NA	NA	NA	NA	NA	NA	NA	NA	NA	NA	NA	NA	NA	NA	NA	NA	NA	NA	NA	NA	NA	NA	NA	NA
cg08170119	NA	NA	NA	NA	NA	NA	NA	NA	NA	NA	NA	NA	NA	NA	NA	NA	NA	NA	NA	NA	NA	NA	NA	NA	NA	NA	NA	NA	NA	NA	NA	NA	NA	NA	NA	NA	NA	NA	NA	NA	NA	NA	NA	NA	NA	NA	NA	NA	NA	NA	NA	NA	NA	NA	NA	NA	NA	NA	NA	NA	NA	NA	NA	NA	NA	NA	NA	NA	NA	NA	NA	NA	NA	NA	NA	NA	NA	NA	NA	NA	NA	NA	NA	NA	NA	NA	NA
cg08177743	0.573363618837441	0.915157390374979	0.897142244967784	0.940886199320404	0.929959751771591	0.900210081909727	0.929122798076161	0.91498396808493	0.943116859963146	0.815805783876003	0.869422904315752	0.923430030744764	0.935296955649236	0.90237776302499	0.913933840416603	0.916711962747793	0.837416419907851	0.936689643706042	0.953419064021396	0.916605564958807	0.88733487877301	0.910551936763908	0.90396745996503	0.926124519127441	0.92007792800398	0.734524462564928	0.921473622007971	0.928745184764938	0.916035788446734	0.946386425995088	0.935178712986314	0.889270875610954	0.89822872578805	0.938981907636954	0.833377228313406	0.905988449913695	0.882695228853779	0.939347698074646	0.904502566126302	0.948332884255115	0.933639096950685	0.950115589777849	0.932943418979323	0.94216231668749	0.939121854401259	0.926730134436591	0.948006581861811	0.889571566507572	0.968336471876167	0.918382913239467	0.947318368815592	0.860921811676639	0.907584864033459	0.926938268835444	0.903004248177165	0.945629370263689	0.896423353970202	0.940376139107244	0.929606889484616	0.939851664351366	0.927320930441111	0.905833667722191	0.92807513270598	0.911709573227169	0.92433537806505	0.915429241264477	0.956053939717293	0.920357353470726	0.959296830241213	0.934743624520106	0.909645980831694	0.951898341397149	0.955609604754587	0.915185910233615	0.91603018878222	0.933441888833154	0.824980976988514	0.932391429876228	0.898597044869019	0.946638774196996	0.915642105373557	0.914332342778438	0.934309660049341	0.912738676440512	0.840722698771926	0.906626810401824	0.930403834872929
cg08222555	NA	NA	NA	NA	NA	NA	NA	NA	NA	NA	NA	NA	NA	NA	NA	NA	NA	NA	NA	NA	NA	NA	NA	NA	NA	NA	NA	NA	NA	NA	NA	NA	NA	NA	NA	NA	NA	NA	NA	NA	NA	NA	NA	NA	NA	NA	NA	NA	NA	NA	NA	NA	NA	NA	NA	NA	NA	NA	NA	NA	NA	NA	NA	NA	NA	NA	NA	NA	NA	NA	NA	NA	NA	NA	NA	NA	NA	NA	NA	NA	NA	NA	NA	NA	NA	NA	NA
cg08237400	NA	NA	NA	NA	NA	NA	NA	NA	NA	NA	NA	NA	NA	NA	NA	NA	NA	NA	NA	NA	NA	NA	NA	NA	NA	NA	NA	NA	NA	NA	NA	NA	NA	NA	NA	NA	NA	NA	NA	NA	NA	NA	NA	NA	NA	NA	NA	NA	NA	NA	NA	NA	NA	NA	NA	NA	NA	NA	NA	NA	NA	NA	NA	NA	NA	NA	NA	NA	NA	NA	NA	NA	NA	NA	NA	NA	NA	NA	NA	NA	NA	NA	NA	NA	NA	NA	NA
cg08254315	NA	NA	NA	NA	NA	NA	NA	NA	NA	NA	NA	NA	NA	NA	NA	NA	NA	NA	NA	NA	NA	NA	NA	NA	NA	NA	NA	NA	NA	NA	NA	NA	NA	NA	NA	NA	NA	NA	NA	NA	NA	NA	NA	NA	NA	NA	NA	NA	NA	NA	NA	NA	NA	NA	NA	NA	NA	NA	NA	NA	NA	NA	NA	NA	NA	NA	NA	NA	NA	NA	NA	NA	NA	NA	NA	NA	NA	NA	NA	NA	NA	NA	NA	NA	NA	NA	NA
cg08278002	0.937411647541692	0.926321671959329	0.540226910878022	0.931008494532275	0.394433683098434	0.474102669133082	0.483215896526798	0.838049755400159	0.0822094778224683	0.875952892014996	0.848949738360722	0.916161428224085	0.900646510390187	0.951006484131367	0.506878331726038	0.878113697812734	0.769529322850915	0.638667915770315	0.889024469107782	0.940048096375385	0.4603238404944	0.906578132018265	0.917898261253891	0.903770692507275	0.900939887133591	0.938093971011757	0.819720461733618	0.915148477134769	0.8926643842499	0.937560250942429	0.860175395819917	0.923058779545112	0.926005495285801	0.89400499574165	0.572906586694911	0.826447470031738	0.864114481522662	0.946926214028257	0.715354500051998	0.720490518527093	0.896507694464875	0.685485762437238	0.893332085297588	0.875393248411076	0.916597446580107	0.284081821400115	0.595302744834921	0.847540252446393	0.903870692189494	0.863437526535025	0.898389881213991	0.943291360091937	0.751903883209487	0.915358445401213	0.849407324330665	0.403264727151365	0.901617175564518	0.916307632427136	0.912313083549209	0.859820629401086	0.240321405166164	0.889484493106257	0.909199143289248	0.750173324747562	0.898860141887912	0.816512683122416	0.406617201456488	0.506298366195864	0.654376177449252	0.865564944112294	0.732525478705974	0.945475252672391	0.920538494661193	0.781418942277378	0.41342274953197	0.779313628654016	0.763563849807681	0.906264010381871	0.605231450227645	0.913433602659398	0.909445927429229	0.70628260020073	0.931856235092516	0.788507455392018	0.741826572015399	0.843437802320509	0.929194742067759
cg08338237	NA	NA	NA	NA	NA	NA	NA	NA	NA	NA	NA	NA	NA	NA	NA	NA	NA	NA	NA	NA	NA	NA	NA	NA	NA	NA	NA	NA	NA	NA	NA	NA	NA	NA	NA	NA	NA	NA	NA	NA	NA	NA	NA	NA	NA	NA	NA	NA	NA	NA	NA	NA	NA	NA	NA	NA	NA	NA	NA	NA	NA	NA	NA	NA	NA	NA	NA	NA	NA	NA	NA	NA	NA	NA	NA	NA	NA	NA	NA	NA	NA	NA	NA	NA	NA	NA	NA
cg08356248	NA	NA	NA	NA	NA	NA	NA	NA	NA	NA	NA	NA	NA	NA	NA	NA	NA	NA	NA	NA	NA	NA	NA	NA	NA	NA	NA	NA	NA	NA	NA	NA	NA	NA	NA	NA	NA	NA	NA	NA	NA	NA	NA	NA	NA	NA	NA	NA	NA	NA	NA	NA	NA	NA	NA	NA	NA	NA	NA	NA	NA	NA	NA	NA	NA	NA	NA	NA	NA	NA	NA	NA	NA	NA	NA	NA	NA	NA	NA	NA	NA	NA	NA	NA	NA	NA	NA
cg08371086	NA	NA	NA	NA	NA	NA	NA	NA	NA	NA	NA	NA	NA	NA	NA	NA	NA	NA	NA	NA	NA	NA	NA	NA	NA	NA	NA	NA	NA	NA	NA	NA	NA	NA	NA	NA	NA	NA	NA	NA	NA	NA	NA	NA	NA	NA	NA	NA	NA	NA	NA	NA	NA	NA	NA	NA	NA	NA	NA	NA	NA	NA	NA	NA	NA	NA	NA	NA	NA	NA	NA	NA	NA	NA	NA	NA	NA	NA	NA	NA	NA	NA	NA	NA	NA	NA	NA
cg08373323	0.729563412072781	0.93062959812547	0.934977616510944	0.905907772045769	0.793831152136987	0.834068665772211	0.9253594675721	0.8941799662222	0.909698383184292	0.906643214256449	0.880142914469285	0.921556512718954	0.910709695714988	0.934121468790202	0.891457242383711	0.932013874032296	0.914125735309666	0.896317697801567	0.920490340479924	0.929024754994585	0.933607790056734	0.928994785566555	0.922173158427944	0.21592925104288	0.943596220253133	0.890102792263495	0.913092359966105	0.918068618293324	0.923969779218421	0.931557178451393	0.918845641722196	0.936252812420936	0.923510467155652	0.91425581015768	0.924493651408012	0.919568709971469	0.909074478469452	0.620366996108882	0.779253331991878	0.931886280883994	0.783011091377931	0.899415524218146	0.897950225508282	0.920091274910897	0.605134106901718	0.941792325808917	0.668602543052629	0.915623300150324	0.909022411527468	0.924849133531245	0.915697340701551	0.893391440231636	0.890545365382953	0.919121211071068	0.931085425746743	0.909971663524929	0.925889152411813	0.914500270063557	0.928282585535924	0.879131133628054	0.88594375771407	0.905035637612276	0.83506307865339	0.927770411735994	0.906182803656062	0.914272618598122	0.942000043123928	0.94144058902867	0.91485639691687	0.926510486799414	0.920206045430347	0.949885266334311	0.935288706194549	0.939134322783138	0.823493942158909	0.936968975872725	0.892272625729549	0.932065214101436	0.927343312911835	0.92417018020586	0.944359306773712	0.918715882167813	0.931624737447702	0.937348821066813	0.907752789879043	0.874128438463382	0.932960638890165
cg08454110	NA	NA	NA	NA	NA	NA	NA	NA	NA	NA	NA	NA	NA	NA	NA	NA	NA	NA	NA	NA	NA	NA	NA	NA	NA	NA	NA	NA	NA	NA	NA	NA	NA	NA	NA	NA	NA	NA	NA	NA	NA	NA	NA	NA	NA	NA	NA	NA	NA	NA	NA	NA	NA	NA	NA	NA	NA	NA	NA	NA	NA	NA	NA	NA	NA	NA	NA	NA	NA	NA	NA	NA	NA	NA	NA	NA	NA	NA	NA	NA	NA	NA	NA	NA	NA	NA	NA
cg08458655	NA	NA	NA	NA	NA	NA	NA	NA	NA	NA	NA	NA	NA	NA	NA	NA	NA	NA	NA	NA	NA	NA	NA	NA	NA	NA	NA	NA	NA	NA	NA	NA	NA	NA	NA	NA	NA	NA	NA	NA	NA	NA	NA	NA	NA	NA	NA	NA	NA	NA	NA	NA	NA	NA	NA	NA	NA	NA	NA	NA	NA	NA	NA	NA	NA	NA	NA	NA	NA	NA	NA	NA	NA	NA	NA	NA	NA	NA	NA	NA	NA	NA	NA	NA	NA	NA	NA
cg08488494	NA	NA	NA	NA	NA	NA	NA	NA	NA	NA	NA	NA	NA	NA	NA	NA	NA	NA	NA	NA	NA	NA	NA	NA	NA	NA	NA	NA	NA	NA	NA	NA	NA	NA	NA	NA	NA	NA	NA	NA	NA	NA	NA	NA	NA	NA	NA	NA	NA	NA	NA	NA	NA	NA	NA	NA	NA	NA	NA	NA	NA	NA	NA	NA	NA	NA	NA	NA	NA	NA	NA	NA	NA	NA	NA	NA	NA	NA	NA	NA	NA	NA	NA	NA	NA	NA	NA
cg08509032	NA	NA	NA	NA	NA	NA	NA	NA	NA	NA	NA	NA	NA	NA	NA	NA	NA	NA	NA	NA	NA	NA	NA	NA	NA	NA	NA	NA	NA	NA	NA	NA	NA	NA	NA	NA	NA	NA	NA	NA	NA	NA	NA	NA	NA	NA	NA	NA	NA	NA	NA	NA	NA	NA	NA	NA	NA	NA	NA	NA	NA	NA	NA	NA	NA	NA	NA	NA	NA	NA	NA	NA	NA	NA	NA	NA	NA	NA	NA	NA	NA	NA	NA	NA	NA	NA	NA
cg08547427	NA	NA	NA	NA	NA	NA	NA	NA	NA	NA	NA	NA	NA	NA	NA	NA	NA	NA	NA	NA	NA	NA	NA	NA	NA	NA	NA	NA	NA	NA	NA	NA	NA	NA	NA	NA	NA	NA	NA	NA	NA	NA	NA	NA	NA	NA	NA	NA	NA	NA	NA	NA	NA	NA	NA	NA	NA	NA	NA	NA	NA	NA	NA	NA	NA	NA	NA	NA	NA	NA	NA	NA	NA	NA	NA	NA	NA	NA	NA	NA	NA	NA	NA	NA	NA	NA	NA
cg08593037	NA	NA	NA	NA	NA	NA	NA	NA	NA	NA	NA	NA	NA	NA	NA	NA	NA	NA	NA	NA	NA	NA	NA	NA	NA	NA	NA	NA	NA	NA	NA	NA	NA	NA	NA	NA	NA	NA	NA	NA	NA	NA	NA	NA	NA	NA	NA	NA	NA	NA	NA	NA	NA	NA	NA	NA	NA	NA	NA	NA	NA	NA	NA	NA	NA	NA	NA	NA	NA	NA	NA	NA	NA	NA	NA	NA	NA	NA	NA	NA	NA	NA	NA	NA	NA	NA	NA
cg08596858	NA	NA	NA	NA	NA	NA	NA	NA	NA	NA	NA	NA	NA	NA	NA	NA	NA	NA	NA	NA	NA	NA	NA	NA	NA	NA	NA	NA	NA	NA	NA	NA	NA	NA	NA	NA	NA	NA	NA	NA	NA	NA	NA	NA	NA	NA	NA	NA	NA	NA	NA	NA	NA	NA	NA	NA	NA	NA	NA	NA	NA	NA	NA	NA	NA	NA	NA	NA	NA	NA	NA	NA	NA	NA	NA	NA	NA	NA	NA	NA	NA	NA	NA	NA	NA	NA	NA
cg08670672	0.94370952631246	0.917821977797451	0.954012394550209	0.917795836567114	0.931888179397284	0.911216293369804	0.91470916577434	0.94217609718071	0.937026832350899	0.903645042575848	0.905330934115991	0.915101706213511	0.918278081687296	0.933614413535742	0.888323637651536	0.914076107166355	0.923400135542725	0.930022822612312	0.913082527469307	0.928407183587154	0.938998680398115	0.905659193896862	0.919812360767236	0.872266972717554	0.944328016615374	0.933233489524527	0.922793950289334	0.918000986018894	0.902562187495955	0.936395806862256	0.947136916110585	0.917880092476896	0.917813054738919	0.933375433339296	0.938273998079522	0.925414199614732	0.910175448184968	0.937023016390418	0.907502024108243	0.94427078276766	0.919075465676168	0.913993365453572	0.918603615922804	0.924009068938846	0.933034543115279	0.916594019426578	0.928974172617016	0.913748922430222	0.887907920524967	0.899894206075402	0.934923093974994	0.914359483565154	0.933203542325499	0.905325893167378	0.926117408602573	0.913594218545862	0.9319229949877	0.938955045272504	0.924690059800645	0.885849199043557	0.885480140735106	0.940081589564659	0.900540796555818	0.946392753633129	0.936821258455107	0.90281679158829	0.939369237302043	0.946876927884052	0.92966301646862	0.9338857827265	0.93141922969763	0.940564035834191	0.900751847742686	0.919544910018349	0.893601004332158	0.930263556330424	0.881746685193185	0.908092871619374	0.924532777699585	0.793759652949124	0.923716639233447	0.915255091403171	0.92049615525824	0.919493240774457	0.938201789382326	0.921047034029629	0.923786489404156
cg08694858	NA	NA	NA	NA	NA	NA	NA	NA	NA	NA	NA	NA	NA	NA	NA	NA	NA	NA	NA	NA	NA	NA	NA	NA	NA	NA	NA	NA	NA	NA	NA	NA	NA	NA	NA	NA	NA	NA	NA	NA	NA	NA	NA	NA	NA	NA	NA	NA	NA	NA	NA	NA	NA	NA	NA	NA	NA	NA	NA	NA	NA	NA	NA	NA	NA	NA	NA	NA	NA	NA	NA	NA	NA	NA	NA	NA	NA	NA	NA	NA	NA	NA	NA	NA	NA	NA	NA
cg08714076	0.722787500564189	0.834320184889192	0.864454219089751	0.883014636917552	0.643037444715796	0.718358895010154	0.879883020834221	0.850822186080084	0.631651959277419	0.893764414856202	0.740488721506662	0.711099876664641	0.885432838444725	0.886577887200338	0.712081239191942	0.822423904135896	0.846506606604801	0.678768212318737	0.859255193443393	0.932250910579955	0.555168968609122	0.87159598289268	0.874465603283577	0.754469386566933	0.910149465790502	0.883083524018743	0.892225498554151	0.857673826049686	0.881258313861599	0.918739687243927	0.859870380441513	0.878660236445279	0.833326394228348	0.834378485936702	0.744686525132927	0.814730486218061	0.780953977416085	0.918440340682117	0.797437847996535	0.822253413133839	0.916045908151705	0.79410981072603	0.852897066698376	0.882717694241528	0.760454296804868	0.611351091256523	0.848736904027579	0.872439177522491	0.889587830833458	0.866192332217936	0.900803123820295	0.918793678535879	0.694506197015307	0.903024753054163	0.832525343186648	0.869382616753977	0.863417081704772	0.931320000511368	0.634010555045257	0.943855780928126	0.449021487278139	0.551886347551517	0.886256525748197	0.839725099607647	0.863557937636135	0.611893434467784	0.826379133260106	0.823394510747535	0.76578197024335	0.928197822360344	0.896097049859383	0.94183114287648	0.849234380557475	0.916565798621048	0.742388950189071	0.846486813001777	0.643142627740709	0.88779895349983	0.466954745993146	0.634551478497677	0.879354347259019	0.862469514744109	0.917521912115867	0.793705838995122	0.797387764543025	0.771584436662737	0.900925880747589
cg08773876	NA	NA	NA	NA	NA	NA	NA	NA	NA	NA	NA	NA	NA	NA	NA	NA	NA	NA	NA	NA	NA	NA	NA	NA	NA	NA	NA	NA	NA	NA	NA	NA	NA	NA	NA	NA	NA	NA	NA	NA	NA	NA	NA	NA	NA	NA	NA	NA	NA	NA	NA	NA	NA	NA	NA	NA	NA	NA	NA	NA	NA	NA	NA	NA	NA	NA	NA	NA	NA	NA	NA	NA	NA	NA	NA	NA	NA	NA	NA	NA	NA	NA	NA	NA	NA	NA	NA
cg08786064	NA	NA	NA	NA	NA	NA	NA	NA	NA	NA	NA	NA	NA	NA	NA	NA	NA	NA	NA	NA	NA	NA	NA	NA	NA	NA	NA	NA	NA	NA	NA	NA	NA	NA	NA	NA	NA	NA	NA	NA	NA	NA	NA	NA	NA	NA	NA	NA	NA	NA	NA	NA	NA	NA	NA	NA	NA	NA	NA	NA	NA	NA	NA	NA	NA	NA	NA	NA	NA	NA	NA	NA	NA	NA	NA	NA	NA	NA	NA	NA	NA	NA	NA	NA	NA	NA	NA
cg08789741	NA	NA	NA	NA	NA	NA	NA	NA	NA	NA	NA	NA	NA	NA	NA	NA	NA	NA	NA	NA	NA	NA	NA	NA	NA	NA	NA	NA	NA	NA	NA	NA	NA	NA	NA	NA	NA	NA	NA	NA	NA	NA	NA	NA	NA	NA	NA	NA	NA	NA	NA	NA	NA	NA	NA	NA	NA	NA	NA	NA	NA	NA	NA	NA	NA	NA	NA	NA	NA	NA	NA	NA	NA	NA	NA	NA	NA	NA	NA	NA	NA	NA	NA	NA	NA	NA	NA
cg08796647	NA	NA	NA	NA	NA	NA	NA	NA	NA	NA	NA	NA	NA	NA	NA	NA	NA	NA	NA	NA	NA	NA	NA	NA	NA	NA	NA	NA	NA	NA	NA	NA	NA	NA	NA	NA	NA	NA	NA	NA	NA	NA	NA	NA	NA	NA	NA	NA	NA	NA	NA	NA	NA	NA	NA	NA	NA	NA	NA	NA	NA	NA	NA	NA	NA	NA	NA	NA	NA	NA	NA	NA	NA	NA	NA	NA	NA	NA	NA	NA	NA	NA	NA	NA	NA	NA	NA
cg08804555	NA	NA	NA	NA	NA	NA	NA	NA	NA	NA	NA	NA	NA	NA	NA	NA	NA	NA	NA	NA	NA	NA	NA	NA	NA	NA	NA	NA	NA	NA	NA	NA	NA	NA	NA	NA	NA	NA	NA	NA	NA	NA	NA	NA	NA	NA	NA	NA	NA	NA	NA	NA	NA	NA	NA	NA	NA	NA	NA	NA	NA	NA	NA	NA	NA	NA	NA	NA	NA	NA	NA	NA	NA	NA	NA	NA	NA	NA	NA	NA	NA	NA	NA	NA	NA	NA	NA
cg08829007	0.0859948032544663	0.703347270811578	0.660498911228655	0.207388331682861	0.21938912960538	0.192031183157933	0.48653797273524	0.666272160749191	0.173412625735463	0.764259080776354	0.503875774455171	0.54476668145454	0.702048420090151	0.221146432474282	0.547823356128536	0.655573859967204	0.616694843910723	0.519216366844816	0.337411078917095	0.790736556434546	0.330084189150763	0.631243967799431	0.763847024535962	0.63269496084249	0.40824897376849	0.872727658755891	0.608526662073695	0.198334806761112	0.664710837673313	0.906420853287938	0.701314209607413	0.596764619006386	0.476608287375188	0.17659744201986	0.526243818804078	0.529009778963788	0.618420180475318	0.177971593767189	0.310100603166456	0.237918458116541	0.236612443145894	0.436789699407292	0.78363129582619	0.482178204561072	0.390850106756099	0.365490392646452	0.762933340580583	0.694873092610788	0.890583338130432	0.721384940884169	0.579744586834644	0.583319031025638	0.525042124489869	0.828080500814892	0.674375509756963	0.158944606910995	0.641011847333103	0.760638725352271	0.211094062302148	0.861517294777455	0.438433710283972	0.41358116018686	0.710621205116405	0.478574563968456	0.641107272822353	0.174373999930065	0.242605361340836	0.221559290911738	0.371633301563013	0.69846949728028	0.403262258822268	0.756016597729848	0.791582733251454	0.356626845118416	0.297748633100719	0.836788376884354	0.496668798649683	0.876998602594241	0.135562869880738	0.441491687067692	0.784319065687208	0.841283387050984	0.802285003309302	0.155045853708414	0.666352755983944	0.751576202798731	0.125894464769352
cg08849542	NA	NA	NA	NA	NA	NA	NA	NA	NA	NA	NA	NA	NA	NA	NA	NA	NA	NA	NA	NA	NA	NA	NA	NA	NA	NA	NA	NA	NA	NA	NA	NA	NA	NA	NA	NA	NA	NA	NA	NA	NA	NA	NA	NA	NA	NA	NA	NA	NA	NA	NA	NA	NA	NA	NA	NA	NA	NA	NA	NA	NA	NA	NA	NA	NA	NA	NA	NA	NA	NA	NA	NA	NA	NA	NA	NA	NA	NA	NA	NA	NA	NA	NA	NA	NA	NA	NA
cg08852035	0.908783551904113	0.891392686909219	0.911027088799212	0.880436368358804	0.887865186679957	0.849146130685459	0.895199106686241	0.928468470967648	0.651465203270107	0.894868428019576	0.838407035531951	0.883643688927944	0.88994413077743	0.92005052404213	0.860343339551486	0.850734845107882	0.89411022196269	0.911722539378816	0.882440494284234	0.92081015434612	0.936303796452596	0.901690647196266	0.874954344108111	0.873731859776664	0.917420672470722	0.879367822485046	0.896198822656419	0.908706147585383	0.917383447238107	0.945668234038346	0.914923426298776	0.891539204570524	0.893588316924739	0.883317728196899	0.896711793605103	0.926572349046809	0.864816564774548	0.904230891719033	0.83956346973321	0.927790291171369	0.901233922571965	0.844405615442289	0.895597297136443	0.885007326750665	0.901473200600461	0.815643244695601	0.880858410966845	0.85484823252581	0.883080966158636	0.897835270332107	0.932723168125683	0.921672785093824	0.91459833408455	0.861330791945512	0.886957982102215	0.893113789462458	0.89719568825135	0.900582126420235	NA	0.877224558194402	0.853278822605783	0.911971475141588	0.885518168987401	0.896939473090271	0.925546152673434	0.872025312185034	0.914609253616151	0.916020698921892	0.935279796599884	0.901119732372276	0.906098779240855	0.925811255747304	0.912168867619275	0.898045831443698	0.864284351837123	0.915699466772327	0.875702160960291	0.866205527723373	0.898920698827127	0.906281091058686	0.910315422272925	0.877912505263086	0.914847999946714	0.847024173918631	0.868127294970276	0.905148518057835	0.90702499823221
cg08859406	NA	NA	NA	NA	NA	NA	NA	NA	NA	NA	NA	NA	NA	NA	NA	NA	NA	NA	NA	NA	NA	NA	NA	NA	NA	NA	NA	NA	NA	NA	NA	NA	NA	NA	NA	NA	NA	NA	NA	NA	NA	NA	NA	NA	NA	NA	NA	NA	NA	NA	NA	NA	NA	NA	NA	NA	NA	NA	NA	NA	NA	NA	NA	NA	NA	NA	NA	NA	NA	NA	NA	NA	NA	NA	NA	NA	NA	NA	NA	NA	NA	NA	NA	NA	NA	NA	NA
cg08877035	0.040073177408545	0.160801500297281	0.0531228816554321	0.0660014140154973	0.0549050009449853	0.0587267049816992	0.0475864518896148	0.0649989442175296	0.0710957393713012	0.422629843031834	0.0788739505182401	0.0651549113388811	0.085547540939604	0.0721855986510764	0.0566316484816733	0.0695440865087931	0.059851955093367	0.0780020269832135	0.078059463473286	0.0507474390923799	0.0573754599811413	0.0534737828694431	0.0546919506640853	0.0566819142672438	0.0481284059451983	0.0775660389835855	0.0609222715508168	0.0524035392106905	0.0987181510593823	0.499560031946303	0.186592395439481	0.0666389944467195	0.0496061135890372	0.0551992258946098	0.2342353027176	0.0606230207875932	0.0639873823215733	0.0604062183444515	0.0644583862711782	0.0594932401565381	0.0630875034983732	0.0678394730184277	0.0493826115473422	0.0594636116512112	0.0671973644968542	0.0578613001931912	0.16672600061548	0.091031850781001	0.402168877692838	0.0759624517302727	0.0408811401834696	0.073529172719264	0.0782382692828349	0.0834321965230017	0.0608910006732638	0.0594587253761295	0.0853779519590745	0.0988683320562218	0.0312568149457597	0.327075893290761	0.0623645312778498	0.044485952148958	0.0555049588696801	0.152093163246577	0.0602925733371073	0.103993360552034	0.0396903040199449	0.052249643222413	0.0497216759772762	0.049939962529035	0.0582829935481153	0.0544439260794228	0.041917402066919	0.050375150626085	0.0636068261147176	0.0984067274425383	0.0720035836597971	0.0785115253673984	0.0951033680852214	0.0714505081691761	0.054162745904377	0.0693467318530316	0.084372297828077	0.0569579314778599	0.0537565815634354	0.232814153196062	0.0687604256053186
cg08885316	NA	NA	NA	NA	NA	NA	NA	NA	NA	NA	NA	NA	NA	NA	NA	NA	NA	NA	NA	NA	NA	NA	NA	NA	NA	NA	NA	NA	NA	NA	NA	NA	NA	NA	NA	NA	NA	NA	NA	NA	NA	NA	NA	NA	NA	NA	NA	NA	NA	NA	NA	NA	NA	NA	NA	NA	NA	NA	NA	NA	NA	NA	NA	NA	NA	NA	NA	NA	NA	NA	NA	NA	NA	NA	NA	NA	NA	NA	NA	NA	NA	NA	NA	NA	NA	NA	NA
cg08897010	NA	NA	NA	NA	NA	NA	NA	NA	NA	NA	NA	NA	NA	NA	NA	NA	NA	NA	NA	NA	NA	NA	NA	NA	NA	NA	NA	NA	NA	NA	NA	NA	NA	NA	NA	NA	NA	NA	NA	NA	NA	NA	NA	NA	NA	NA	NA	NA	NA	NA	NA	NA	NA	NA	NA	NA	NA	NA	NA	NA	NA	NA	NA	NA	NA	NA	NA	NA	NA	NA	NA	NA	NA	NA	NA	NA	NA	NA	NA	NA	NA	NA	NA	NA	NA	NA	NA
cg08900656	NA	NA	NA	NA	NA	NA	NA	NA	NA	NA	NA	NA	NA	NA	NA	NA	NA	NA	NA	NA	NA	NA	NA	NA	NA	NA	NA	NA	NA	NA	NA	NA	NA	NA	NA	NA	NA	NA	NA	NA	NA	NA	NA	NA	NA	NA	NA	NA	NA	NA	NA	NA	NA	NA	NA	NA	NA	NA	NA	NA	NA	NA	NA	NA	NA	NA	NA	NA	NA	NA	NA	NA	NA	NA	NA	NA	NA	NA	NA	NA	NA	NA	NA	NA	NA	NA	NA
cg08919528	NA	NA	NA	NA	NA	NA	NA	NA	NA	NA	NA	NA	NA	NA	NA	NA	NA	NA	NA	NA	NA	NA	NA	NA	NA	NA	NA	NA	NA	NA	NA	NA	NA	NA	NA	NA	NA	NA	NA	NA	NA	NA	NA	NA	NA	NA	NA	NA	NA	NA	NA	NA	NA	NA	NA	NA	NA	NA	NA	NA	NA	NA	NA	NA	NA	NA	NA	NA	NA	NA	NA	NA	NA	NA	NA	NA	NA	NA	NA	NA	NA	NA	NA	NA	NA	NA	NA
cg08941098	0.37181598973124	NA	0.862103519074174	NA	NA	NA	0.819856151975669	0.831735805466283	NA	0.820344772507448	NA	NA	0.787499226194224	NA	NA	NA	0.841578953158216	0.727027417512461	NA	0.838507742732397	NA	0.842349706601572	NA	NA	0.87055418621229	NA	0.801890920231947	0.792160394178478	0.788170465952516	0.859348580380844	0.823074423659501	0.87803851240722	NA	0.889748274983971	0.858998722824975	0.792293721323568	0.769578828435661	0.903891016032046	NA	0.876680164354613	NA	NA	0.7955266341923	0.773598010098066	0.860503462814459	0.823907119089247	NA	0.788675387791162	NA	0.842169981346825	0.693031037871966	0.769287684523308	0.729249920965782	0.877296230236634	0.796392303938814	NA	NA	0.772658412551486	NA	0.788203890778628	NA	0.888311415334162	NA	0.756266473356186	0.856941079386787	NA	0.888715730497508	0.788358818860238	0.714522864310767	0.830258757005913	0.886316313605233	0.878940569392813	0.837759104858512	0.807908990521403	NA	0.790150838187521	0.721079500359143	0.784360780274439	0.747926348709763	NA	0.851616803367657	NA	0.86711715565802	0.907198608561643	NA	0.841280790048349	NA
cg08979870	0.924723829600416	0.925899483665333	0.864433147257094	0.928567421325825	0.908205717757262	0.88771906346698	0.913903632914226	0.943213679855785	0.231999498167908	0.912438647611532	0.787530589542974	0.927931021994751	0.847671781157399	0.915333737313271	0.883724256679111	0.859362279960053	0.874137484750633	0.889587425584593	0.898448306576007	0.934639563836298	0.465790656800839	0.893863608416461	0.935190283498821	0.922617563138366	0.820044320709885	0.853142761355664	0.937710767240946	0.92625491968704	0.895945397502989	0.935833802358076	0.883874083547585	0.933027149615447	0.932890748006753	0.924561274615661	0.781614309787458	0.874068892688126	0.767439815085174	0.929393496624118	0.916800487940388	0.543817229668548	0.905726102558144	0.90369679080935	0.92743291702861	0.920149735500583	0.923480500555651	0.928560490212169	0.925695535203161	0.860767192577216	0.909104382798396	0.871550052523529	0.92039389625728	0.840309223189652	0.886749711692741	0.906299548760911	0.898691333460078	0.90725132525266	0.942142468735037	0.929524001216724	0.89405925380773	0.897919203639429	0.918846147771497	0.935650053621168	0.909493708470612	0.843442974748339	0.879321397768931	0.935495109159908	0.930406236926121	0.891250905026139	0.937190118661948	0.916483213442991	0.914588316702702	0.953664546283552	0.918618815340764	0.899586365258107	0.8843457561042	0.923695757303033	0.719762017373394	0.932931835938225	0.911040550285711	0.935499240989995	0.925954929610225	0.944498478554805	0.927551381821567	0.91341722358085	0.839750822897026	0.894407118904582	0.915883018386739
cg08982952	NA	NA	NA	NA	NA	NA	NA	NA	NA	NA	NA	NA	NA	NA	NA	NA	NA	NA	NA	NA	NA	NA	NA	NA	NA	NA	NA	NA	NA	NA	NA	NA	NA	NA	NA	NA	NA	NA	NA	NA	NA	NA	NA	NA	NA	NA	NA	NA	NA	NA	NA	NA	NA	NA	NA	NA	NA	NA	NA	NA	NA	NA	NA	NA	NA	NA	NA	NA	NA	NA	NA	NA	NA	NA	NA	NA	NA	NA	NA	NA	NA	NA	NA	NA	NA	NA	NA
cg08996709	NA	NA	NA	NA	NA	NA	NA	NA	NA	NA	NA	NA	NA	NA	NA	NA	NA	NA	NA	NA	NA	NA	NA	NA	NA	NA	NA	NA	NA	NA	NA	NA	NA	NA	NA	NA	NA	NA	NA	NA	NA	NA	NA	NA	NA	NA	NA	NA	NA	NA	NA	NA	NA	NA	NA	NA	NA	NA	NA	NA	NA	NA	NA	NA	NA	NA	NA	NA	NA	NA	NA	NA	NA	NA	NA	NA	NA	NA	NA	NA	NA	NA	NA	NA	NA	NA	NA
cg09003326	NA	NA	NA	NA	NA	NA	NA	NA	NA	NA	NA	NA	NA	NA	NA	NA	NA	NA	NA	NA	NA	NA	NA	NA	NA	NA	NA	NA	NA	NA	NA	NA	NA	NA	NA	NA	NA	NA	NA	NA	NA	NA	NA	NA	NA	NA	NA	NA	NA	NA	NA	NA	NA	NA	NA	NA	NA	NA	NA	NA	NA	NA	NA	NA	NA	NA	NA	NA	NA	NA	NA	NA	NA	NA	NA	NA	NA	NA	NA	NA	NA	NA	NA	NA	NA	NA	NA
cg09067990	NA	NA	NA	NA	NA	NA	NA	NA	NA	NA	NA	NA	NA	NA	NA	NA	NA	NA	NA	NA	NA	NA	NA	NA	NA	NA	NA	NA	NA	NA	NA	NA	NA	NA	NA	NA	NA	NA	NA	NA	NA	NA	NA	NA	NA	NA	NA	NA	NA	NA	NA	NA	NA	NA	NA	NA	NA	NA	NA	NA	NA	NA	NA	NA	NA	NA	NA	NA	NA	NA	NA	NA	NA	NA	NA	NA	NA	NA	NA	NA	NA	NA	NA	NA	NA	NA	NA
cg09078643	NA	NA	NA	NA	NA	NA	NA	NA	NA	NA	NA	NA	NA	NA	NA	NA	NA	NA	NA	NA	NA	NA	NA	NA	NA	NA	NA	NA	NA	NA	NA	NA	NA	NA	NA	NA	NA	NA	NA	NA	NA	NA	NA	NA	NA	NA	NA	NA	NA	NA	NA	NA	NA	NA	NA	NA	NA	NA	NA	NA	NA	NA	NA	NA	NA	NA	NA	NA	NA	NA	NA	NA	NA	NA	NA	NA	NA	NA	NA	NA	NA	NA	NA	NA	NA	NA	NA
cg09091110	0.963574773212507	0.951477396901357	0.94120350015286	0.927841926053041	0.949539472779346	0.924469553709219	0.926081309549102	0.957692312160893	0.937461454053237	0.938225515410201	0.881666506130161	0.940778121725644	0.913424518064717	0.957041168911578	0.9459247305148	0.913752433932447	0.939173585801657	0.953042308691402	0.94417726571387	0.945370218281287	0.934909333153728	0.95529708259377	0.9188171265092	0.931508479803988	0.93800056414275	0.9481265948947	0.960611268854823	0.919805580336296	0.942555121165646	0.942206327872221	0.938533145169862	0.940414118983527	0.953462356168798	0.956595982185603	0.929914973831447	0.942642818025479	0.911811903771483	0.934313135809138	0.893210728328738	0.945263265692913	0.948204124327656	0.95481827462614	0.941346772109521	0.944938667668069	0.94346919006076	0.950717993841617	0.943242871713512	0.93273222489982	0.94804311121332	0.930535254100247	0.948934635889883	0.953323283255648	0.930687559545551	0.956825173624817	0.922178380996394	0.95624122028296	0.916523965940065	0.941583236887045	0.945888847622559	0.957195476776684	0.919086774132777	0.956401995846797	0.922764950605313	0.952393127479193	0.932637833917442	0.918210898710255	0.9454147958554	0.935819391209292	0.926720317006454	0.940573502969623	0.945048448077306	0.937633987572518	0.925687423108614	0.927286268747976	0.937107116544206	0.914652501086784	0.91369883621236	0.946295460951523	0.939715708752735	0.933270154291685	0.952966368910287	0.930755846719515	0.954033146593266	0.940614490521886	0.916594894000196	0.898269919603432	0.959295705383069
cg09121480	NA	NA	NA	NA	NA	NA	NA	NA	NA	NA	NA	NA	NA	NA	NA	NA	NA	NA	NA	NA	NA	NA	NA	NA	NA	NA	NA	NA	NA	NA	NA	NA	NA	NA	NA	NA	NA	NA	NA	NA	NA	NA	NA	NA	NA	NA	NA	NA	NA	NA	NA	NA	NA	NA	NA	NA	NA	NA	NA	NA	NA	NA	NA	NA	NA	NA	NA	NA	NA	NA	NA	NA	NA	NA	NA	NA	NA	NA	NA	NA	NA	NA	NA	NA	NA	NA	NA
cg09124018	NA	NA	NA	NA	NA	NA	NA	NA	NA	NA	NA	NA	NA	NA	NA	NA	NA	NA	NA	NA	NA	NA	NA	NA	NA	NA	NA	NA	NA	NA	NA	NA	NA	NA	NA	NA	NA	NA	NA	NA	NA	NA	NA	NA	NA	NA	NA	NA	NA	NA	NA	NA	NA	NA	NA	NA	NA	NA	NA	NA	NA	NA	NA	NA	NA	NA	NA	NA	NA	NA	NA	NA	NA	NA	NA	NA	NA	NA	NA	NA	NA	NA	NA	NA	NA	NA	NA
cg09168272	NA	NA	NA	NA	NA	NA	NA	NA	NA	NA	NA	NA	NA	NA	NA	NA	NA	NA	NA	NA	NA	NA	NA	NA	NA	NA	NA	NA	NA	NA	NA	NA	NA	NA	NA	NA	NA	NA	NA	NA	NA	NA	NA	NA	NA	NA	NA	NA	NA	NA	NA	NA	NA	NA	NA	NA	NA	NA	NA	NA	NA	NA	NA	NA	NA	NA	NA	NA	NA	NA	NA	NA	NA	NA	NA	NA	NA	NA	NA	NA	NA	NA	NA	NA	NA	NA	NA
cg09203382	NA	NA	NA	NA	NA	NA	NA	NA	NA	NA	NA	NA	NA	NA	NA	NA	NA	NA	NA	NA	NA	NA	NA	NA	NA	NA	NA	NA	NA	NA	NA	NA	NA	NA	NA	NA	NA	NA	NA	NA	NA	NA	NA	NA	NA	NA	NA	NA	NA	NA	NA	NA	NA	NA	NA	NA	NA	NA	NA	NA	NA	NA	NA	NA	NA	NA	NA	NA	NA	NA	NA	NA	NA	NA	NA	NA	NA	NA	NA	NA	NA	NA	NA	NA	NA	NA	NA
cg09226290	NA	NA	NA	NA	NA	NA	NA	NA	NA	NA	NA	NA	NA	NA	NA	NA	NA	NA	NA	NA	NA	NA	NA	NA	NA	NA	NA	NA	NA	NA	NA	NA	NA	NA	NA	NA	NA	NA	NA	NA	NA	NA	NA	NA	NA	NA	NA	NA	NA	NA	NA	NA	NA	NA	NA	NA	NA	NA	NA	NA	NA	NA	NA	NA	NA	NA	NA	NA	NA	NA	NA	NA	NA	NA	NA	NA	NA	NA	NA	NA	NA	NA	NA	NA	NA	NA	NA
cg09248887	0.840862259456824	0.898488058581695	0.679888159617662	0.77187903461483	0.779022925058568	0.749548822295974	0.772493631391758	0.849783158462536	0.435451163717355	0.871110479722288	0.741966394466043	0.792376524155875	0.736546717483712	0.88788217286158	0.664194477285177	0.70287884742768	0.616528863700557	0.899195083747631	0.830424490523147	0.808240674749876	0.849106554104392	0.724874450701492	0.719359118662491	0.586792864418411	0.808435056519354	0.766049354308018	0.758874837037181	0.739454873758442	0.845017972945439	0.800621340387417	0.757148052679155	0.730435013485608	0.866027715076791	0.701528577838969	0.862887502743147	0.709639184160943	0.734959644449361	0.897734377287836	0.560237561693651	0.889147106204603	0.770597513149332	0.675371625249615	0.764503066557415	0.806577289290122	0.833879762473162	0.829041605316456	0.702153254567327	0.716411721937924	0.705185068646401	0.655448946402777	0.856078166639067	0.822436182812097	0.652912448056215	0.788135232524395	0.89254780363623	0.769065649228093	0.698529140840692	0.765757546655291	0.637065057789752	0.818961957182625	0.813944659965117	0.901373743854643	0.820469972663566	0.687087053232805	0.846767492765504	0.708678389352497	0.863445783446443	0.832694815602862	0.748077422677499	0.841047400551274	0.854297999609745	0.824930205363201	0.785701861835925	0.762146057988015	0.757116329731498	0.755900642133562	0.568145524083287	0.746348017124655	0.715163915497611	0.769143972288832	0.901030297178949	0.831221290377987	0.891416292669747	0.785731477361516	0.693710869912413	0.744603239860945	0.75589416738615
cg09294660	NA	NA	NA	NA	NA	NA	NA	NA	NA	NA	NA	NA	NA	NA	NA	NA	NA	NA	NA	NA	NA	NA	NA	NA	NA	NA	NA	NA	NA	NA	NA	NA	NA	NA	NA	NA	NA	NA	NA	NA	NA	NA	NA	NA	NA	NA	NA	NA	NA	NA	NA	NA	NA	NA	NA	NA	NA	NA	NA	NA	NA	NA	NA	NA	NA	NA	NA	NA	NA	NA	NA	NA	NA	NA	NA	NA	NA	NA	NA	NA	NA	NA	NA	NA	NA	NA	NA
cg09321430	NA	NA	NA	NA	NA	NA	NA	NA	NA	NA	NA	NA	NA	NA	NA	NA	NA	NA	NA	NA	NA	NA	NA	NA	NA	NA	NA	NA	NA	NA	NA	NA	NA	NA	NA	NA	NA	NA	NA	NA	NA	NA	NA	NA	NA	NA	NA	NA	NA	NA	NA	NA	NA	NA	NA	NA	NA	NA	NA	NA	NA	NA	NA	NA	NA	NA	NA	NA	NA	NA	NA	NA	NA	NA	NA	NA	NA	NA	NA	NA	NA	NA	NA	NA	NA	NA	NA
cg09325695	NA	NA	NA	NA	NA	NA	NA	NA	NA	NA	NA	NA	NA	NA	NA	NA	NA	NA	NA	NA	NA	NA	NA	NA	NA	NA	NA	NA	NA	NA	NA	NA	NA	NA	NA	NA	NA	NA	NA	NA	NA	NA	NA	NA	NA	NA	NA	NA	NA	NA	NA	NA	NA	NA	NA	NA	NA	NA	NA	NA	NA	NA	NA	NA	NA	NA	NA	NA	NA	NA	NA	NA	NA	NA	NA	NA	NA	NA	NA	NA	NA	NA	NA	NA	NA	NA	NA
cg09334541	0.429244635009206	0.893442109589664	0.902752114816854	0.841811699929265	0.626219084970849	0.572404094126265	0.89067659452664	0.869995383145393	0.440711513061008	0.715456645381822	0.821649575027436	0.818491088783213	0.870005664800327	0.871063693942356	0.83442731553244	0.910267567548374	0.889350580927647	0.903428474121714	0.874778118660854	0.906513162878644	0.877624392719347	0.906737238016209	0.799130831336353	0.607533854645658	0.927093969655469	0.770400118191499	0.893528684364458	0.897470257138512	0.941536158870578	0.9039514516647	0.906337119735436	0.895101831909189	0.883589174286832	0.877401804817944	0.891029840473256	0.889139794884234	0.879531755676718	0.954563693378548	0.815080750735942	0.918967540624039	0.653001784036036	0.837352335134672	0.741429902295996	0.876137139277064	0.867843726523474	0.894673616323937	0.886260046024597	0.893482745009142	0.882730159241786	0.872697114037976	0.926680690139858	0.830261072217125	0.91589807114867	0.810393895729441	0.924285948700779	0.904986251867682	0.901390372895235	0.858462348877873	0.823286662993379	0.793496987724455	0.794778619460652	0.904538173287326	0.88845276426363	0.907247919863661	0.931361880410244	0.633377313202815	0.429192555392691	0.894601219134432	0.685766716622604	0.91019115691753	0.925052332787278	0.924461335379552	0.74109862244717	0.722248109579369	0.861038046882632	0.911738232526521	0.857474700167333	0.89604383181046	0.85597201515137	0.846586537662903	0.916311989913258	0.834041037923356	0.927321833733986	0.666653147516801	0.841487595973414	0.874968307032373	0.5866946551061
cg09334636	0.548785565816638	0.763471254027683	0.925853685942325	0.590281500315264	0.887970993958782	0.836526045728347	0.922684114026128	0.91857608271536	0.922363879084774	0.936727641071389	0.833131802084123	0.926564273927316	0.480762978048675	0.770999583309404	0.857802550350085	0.919971203372126	0.936817897290749	0.85229478787968	0.92912264936636	0.499037745472677	0.880589858147064	0.903302726784921	0.919065584786877	0.905650088324299	0.816906794591482	0.542237185143088	0.695387190882942	0.920846799014185	0.950081520073939	0.54883249341675	0.934840654869935	0.921731408858368	0.873496545128835	0.926999364242095	0.909601168591738	0.804364752914046	0.76861043996918	0.498955472504609	0.671537448448772	0.563372493567616	0.732102136194979	0.924084619051718	0.914046640925263	0.851647187583357	0.768039716267189	0.738342958583071	0.460539422425905	0.935921481731579	0.56871119976845	0.728307765046476	0.74518733999721	0.940227205217113	0.911144374813274	0.915184777508534	0.726914570668715	0.932807465210183	0.937972164118404	0.920447926642887	0.926258606717443	0.882653726200775	0.623448707833214	0.948757075902677	0.867871291292806	0.90404521143656	0.940803468578375	0.916792415726722	0.954943374417799	0.942787648249124	0.653076272891268	0.867898546973366	0.887412702185137	0.386723032409899	0.619978352755571	0.943281570864915	0.902208161782477	0.865519805276934	0.92144131054109	0.43948746730264	0.932114667282817	0.931972740170782	0.666897950906085	0.927808506445132	0.648923830579858	0.918640313468071	0.922959950530681	0.618200011652691	0.43799437171073
cg09344219	NA	NA	NA	NA	NA	NA	NA	NA	NA	NA	NA	NA	NA	NA	NA	NA	NA	NA	NA	NA	NA	NA	NA	NA	NA	NA	NA	NA	NA	NA	NA	NA	NA	NA	NA	NA	NA	NA	NA	NA	NA	NA	NA	NA	NA	NA	NA	NA	NA	NA	NA	NA	NA	NA	NA	NA	NA	NA	NA	NA	NA	NA	NA	NA	NA	NA	NA	NA	NA	NA	NA	NA	NA	NA	NA	NA	NA	NA	NA	NA	NA	NA	NA	NA	NA	NA	NA
cg09344229	NA	NA	NA	NA	NA	NA	NA	NA	NA	NA	NA	NA	NA	NA	NA	NA	NA	NA	NA	NA	NA	NA	NA	NA	NA	NA	NA	NA	NA	NA	NA	NA	NA	NA	NA	NA	NA	NA	NA	NA	NA	NA	NA	NA	NA	NA	NA	NA	NA	NA	NA	NA	NA	NA	NA	NA	NA	NA	NA	NA	NA	NA	NA	NA	NA	NA	NA	NA	NA	NA	NA	NA	NA	NA	NA	NA	NA	NA	NA	NA	NA	NA	NA	NA	NA	NA	NA
cg09388113	NA	NA	NA	NA	NA	NA	NA	NA	NA	NA	NA	NA	NA	NA	NA	NA	NA	NA	NA	NA	NA	NA	NA	NA	NA	NA	NA	NA	NA	NA	NA	NA	NA	NA	NA	NA	NA	NA	NA	NA	NA	NA	NA	NA	NA	NA	NA	NA	NA	NA	NA	NA	NA	NA	NA	NA	NA	NA	NA	NA	NA	NA	NA	NA	NA	NA	NA	NA	NA	NA	NA	NA	NA	NA	NA	NA	NA	NA	NA	NA	NA	NA	NA	NA	NA	NA	NA
cg09406715	NA	NA	NA	NA	NA	NA	NA	NA	NA	NA	NA	NA	NA	NA	NA	NA	NA	NA	NA	NA	NA	NA	NA	NA	NA	NA	NA	NA	NA	NA	NA	NA	NA	NA	NA	NA	NA	NA	NA	NA	NA	NA	NA	NA	NA	NA	NA	NA	NA	NA	NA	NA	NA	NA	NA	NA	NA	NA	NA	NA	NA	NA	NA	NA	NA	NA	NA	NA	NA	NA	NA	NA	NA	NA	NA	NA	NA	NA	NA	NA	NA	NA	NA	NA	NA	NA	NA
cg09456493	0.816990104689811	0.782744690881077	0.841999495076338	0.829737950754254	0.759390377814824	0.728921551583322	0.849549412060369	0.718096897599274	0.362237162081135	0.788949875316965	0.719582168658582	0.851023579250169	0.813300095123593	0.759642974193557	0.753838828392891	0.756051105081128	0.638799562601798	0.801661400661378	0.810747261904383	0.688768919673122	0.8278099755493	0.708014166832894	0.648555451343834	0.356661171685861	0.854140435842279	0.830103844171589	0.756347360545914	0.81620378360417	0.787738755366597	0.839502033615292	0.741885085624361	0.815710108603532	0.823941098947586	0.359544599359296	0.751152678001371	0.769638728842983	0.704636808413646	0.885488464473768	0.78697571585755	0.818842086339492	0.807085633799186	0.828732365371653	0.820210127386401	0.784138548607488	0.821785710006316	0.813353315397488	0.814757176393281	0.78369179335259	0.812205477615219	0.739041194352317	0.853966948283355	0.876329130948904	0.670686722218628	0.812772113845448	0.757522493740281	0.85701233470229	0.832057794478003	0.858401678909207	0.405887237343087	0.833524678016155	0.416433393246469	0.859026407384594	0.785668619542786	0.703203286283627	0.777900530287418	0.616742601316981	0.845106286742653	0.764763584709007	0.824148593713388	0.844604547982884	0.834802090409549	0.826140438454064	0.714240244836595	0.659207579848512	0.826568069418096	0.856932041740912	0.661344058008315	0.867178848133823	0.822553120750596	0.859112028637827	0.824811070714246	0.770321690248624	0.6343919320339	0.765504271149789	0.667301765347498	0.787930381692765	0.82848387784735
cg09459740	NA	NA	NA	NA	NA	NA	NA	NA	NA	NA	NA	NA	NA	NA	NA	NA	NA	NA	NA	NA	NA	NA	NA	NA	NA	NA	NA	NA	NA	NA	NA	NA	NA	NA	NA	NA	NA	NA	NA	NA	NA	NA	NA	NA	NA	NA	NA	NA	NA	NA	NA	NA	NA	NA	NA	NA	NA	NA	NA	NA	NA	NA	NA	NA	NA	NA	NA	NA	NA	NA	NA	NA	NA	NA	NA	NA	NA	NA	NA	NA	NA	NA	NA	NA	NA	NA	NA
cg09474625	NA	NA	NA	NA	NA	NA	NA	NA	NA	NA	NA	NA	NA	NA	NA	NA	NA	NA	NA	NA	NA	NA	NA	NA	NA	NA	NA	NA	NA	NA	NA	NA	NA	NA	NA	NA	NA	NA	NA	NA	NA	NA	NA	NA	NA	NA	NA	NA	NA	NA	NA	NA	NA	NA	NA	NA	NA	NA	NA	NA	NA	NA	NA	NA	NA	NA	NA	NA	NA	NA	NA	NA	NA	NA	NA	NA	NA	NA	NA	NA	NA	NA	NA	NA	NA	NA	NA
cg09492074	0.676895343246568	0.690735855324427	0.463769484388443	0.804998958159444	0.358146029788738	0.406538197930718	0.666985613984876	0.616244884798158	0.158362625622046	0.742437957583662	0.622454350729993	0.482690302003244	0.746023440016585	0.514928471012114	0.441528193378318	0.628405468361302	0.492764244045848	0.657758623670498	0.657317977666591	0.754643111070302	0.492913211499619	0.553528184104596	0.699383966160811	0.508289429925618	0.271915431353241	0.332805803752203	0.460138899550687	0.449412636353951	0.501924104566469	0.880277745091585	0.704838216485261	0.801622962984908	0.663873602298432	0.742649004162708	0.570075756235502	0.585672169287132	0.631453830797737	0.216875743570895	0.596959733414385	0.32858743041129	0.687569702076632	0.597867990972329	0.508238307144131	0.684112602173597	0.711912720021855	0.655172293771482	0.497695518026167	0.646801463217119	0.737878746907681	0.627997408253073	0.489679124703548	0.89667696177167	0.591103938768124	0.758408875692104	0.658031395677788	0.278594246735676	0.526855430389201	0.75199479926966	0.36138987182418	0.714004521238661	0.741848939070924	0.492798011245363	0.739390724336444	0.509334560028664	0.634379641688984	0.640948104816287	0.241785007638815	0.30353163927002	0.539890991125849	0.677404911938528	0.636078467636676	0.645302006189645	0.601532238870351	0.505615955038978	0.37229694001572	0.24628913623196	0.421319213007296	0.73210200330516	0.530096568222808	0.218552829371186	0.71073026499853	0.868565543952348	0.779256426919657	0.55674951376059	0.602162923878419	0.599388271805086	0.677838708526461
cg09526343	NA	NA	NA	NA	NA	NA	NA	NA	NA	NA	NA	NA	NA	NA	NA	NA	NA	NA	NA	NA	NA	NA	NA	NA	NA	NA	NA	NA	NA	NA	NA	NA	NA	NA	NA	NA	NA	NA	NA	NA	NA	NA	NA	NA	NA	NA	NA	NA	NA	NA	NA	NA	NA	NA	NA	NA	NA	NA	NA	NA	NA	NA	NA	NA	NA	NA	NA	NA	NA	NA	NA	NA	NA	NA	NA	NA	NA	NA	NA	NA	NA	NA	NA	NA	NA	NA	NA
cg09552983	NA	NA	NA	NA	NA	NA	NA	NA	NA	NA	NA	NA	NA	NA	NA	NA	NA	NA	NA	NA	NA	NA	NA	NA	NA	NA	NA	NA	NA	NA	NA	NA	NA	NA	NA	NA	NA	NA	NA	NA	NA	NA	NA	NA	NA	NA	NA	NA	NA	NA	NA	NA	NA	NA	NA	NA	NA	NA	NA	NA	NA	NA	NA	NA	NA	NA	NA	NA	NA	NA	NA	NA	NA	NA	NA	NA	NA	NA	NA	NA	NA	NA	NA	NA	NA	NA	NA
cg09566453	NA	NA	NA	NA	NA	NA	NA	NA	NA	NA	NA	NA	NA	NA	NA	NA	NA	NA	NA	NA	NA	NA	NA	NA	NA	NA	NA	NA	NA	NA	NA	NA	NA	NA	NA	NA	NA	NA	NA	NA	NA	NA	NA	NA	NA	NA	NA	NA	NA	NA	NA	NA	NA	NA	NA	NA	NA	NA	NA	NA	NA	NA	NA	NA	NA	NA	NA	NA	NA	NA	NA	NA	NA	NA	NA	NA	NA	NA	NA	NA	NA	NA	NA	NA	NA	NA	NA
cg09581201	NA	NA	NA	NA	NA	NA	NA	NA	NA	NA	NA	NA	NA	NA	NA	NA	NA	NA	NA	NA	NA	NA	NA	NA	NA	NA	NA	NA	NA	NA	NA	NA	NA	NA	NA	NA	NA	NA	NA	NA	NA	NA	NA	NA	NA	NA	NA	NA	NA	NA	NA	NA	NA	NA	NA	NA	NA	NA	NA	NA	NA	NA	NA	NA	NA	NA	NA	NA	NA	NA	NA	NA	NA	NA	NA	NA	NA	NA	NA	NA	NA	NA	NA	NA	NA	NA	NA
cg09593727	NA	NA	NA	NA	NA	NA	NA	NA	NA	NA	NA	NA	NA	NA	NA	NA	NA	NA	NA	NA	NA	NA	NA	NA	NA	NA	NA	NA	NA	NA	NA	NA	NA	NA	NA	NA	NA	NA	NA	NA	NA	NA	NA	NA	NA	NA	NA	NA	NA	NA	NA	NA	NA	NA	NA	NA	NA	NA	NA	NA	NA	NA	NA	NA	NA	NA	NA	NA	NA	NA	NA	NA	NA	NA	NA	NA	NA	NA	NA	NA	NA	NA	NA	NA	NA	NA	NA
cg09597666	NA	NA	NA	NA	NA	NA	NA	NA	NA	NA	NA	NA	NA	NA	NA	NA	NA	NA	NA	NA	NA	NA	NA	NA	NA	NA	NA	NA	NA	NA	NA	NA	NA	NA	NA	NA	NA	NA	NA	NA	NA	NA	NA	NA	NA	NA	NA	NA	NA	NA	NA	NA	NA	NA	NA	NA	NA	NA	NA	NA	NA	NA	NA	NA	NA	NA	NA	NA	NA	NA	NA	NA	NA	NA	NA	NA	NA	NA	NA	NA	NA	NA	NA	NA	NA	NA	NA
cg09612912	NA	NA	NA	NA	NA	NA	NA	NA	NA	NA	NA	NA	NA	NA	NA	NA	NA	NA	NA	NA	NA	NA	NA	NA	NA	NA	NA	NA	NA	NA	NA	NA	NA	NA	NA	NA	NA	NA	NA	NA	NA	NA	NA	NA	NA	NA	NA	NA	NA	NA	NA	NA	NA	NA	NA	NA	NA	NA	NA	NA	NA	NA	NA	NA	NA	NA	NA	NA	NA	NA	NA	NA	NA	NA	NA	NA	NA	NA	NA	NA	NA	NA	NA	NA	NA	NA	NA
cg09640135	NA	NA	NA	NA	NA	NA	NA	NA	NA	NA	NA	NA	NA	NA	NA	NA	NA	NA	NA	NA	NA	NA	NA	NA	NA	NA	NA	NA	NA	NA	NA	NA	NA	NA	NA	NA	NA	NA	NA	NA	NA	NA	NA	NA	NA	NA	NA	NA	NA	NA	NA	NA	NA	NA	NA	NA	NA	NA	NA	NA	NA	NA	NA	NA	NA	NA	NA	NA	NA	NA	NA	NA	NA	NA	NA	NA	NA	NA	NA	NA	NA	NA	NA	NA	NA	NA	NA
cg09671131	NA	NA	NA	NA	NA	NA	NA	NA	NA	NA	NA	NA	NA	NA	NA	NA	NA	NA	NA	NA	NA	NA	NA	NA	NA	NA	NA	NA	NA	NA	NA	NA	NA	NA	NA	NA	NA	NA	NA	NA	NA	NA	NA	NA	NA	NA	NA	NA	NA	NA	NA	NA	NA	NA	NA	NA	NA	NA	NA	NA	NA	NA	NA	NA	NA	NA	NA	NA	NA	NA	NA	NA	NA	NA	NA	NA	NA	NA	NA	NA	NA	NA	NA	NA	NA	NA	NA
cg09690215	0.408360310706478	0.436565945417107	0.349412371200971	0.561754546335944	0.416341515480242	0.433870202037492	0.636333670846928	0.434862525328841	0.257777001337385	0.487795363492721	0.314459548143509	0.460532089862776	0.524192732657861	0.28938735040686	0.40627733154432	0.446821747708542	0.376075735552644	0.534717189519644	0.502396919996796	0.569938611857078	0.277624030548581	0.436292064476521	0.361044005390707	0.207771303649777	0.378275039323263	0.28171013934048	0.447572669356531	0.532861857782668	0.424800678945686	0.731892475373258	0.469947806878569	0.599767729692771	0.438258607014996	0.228267166442618	0.368640189743297	0.152854975002343	0.485121131280739	0.52262935242753	0.19274215617831	0.179528966239333	0.429707997280471	0.602915747481541	0.306925135671724	0.393929170683706	0.707121363123659	0.434599417054109	0.424404407303389	0.375911440480827	0.694861704773114	0.605519467112988	0.417447629326958	0.357857325185218	0.364856914418706	0.304968780581074	0.492652554156482	0.459531408836137	0.556144013063174	0.65727778506149	0.206418190087294	0.536056233638533	0.234749910421267	0.654296310109275	0.441450591334697	0.460562018659622	0.3729314927227	0.416676642289197	0.258991211406429	0.443370681922183	0.335375413643552	0.639306654749794	0.453596440877762	0.734628210795477	0.548398728717757	0.330287719086286	0.340468079176151	0.535922502719468	0.279894007754071	0.637317476530168	0.507346444230072	0.40357576717279	0.590320013888654	0.401782602324334	0.492246482971726	0.428257364797577	0.332861924621138	0.734728768359629	0.394140763793384
cg09690561	NA	NA	NA	NA	NA	NA	NA	NA	NA	NA	NA	NA	NA	NA	NA	NA	NA	NA	NA	NA	NA	NA	NA	NA	NA	NA	NA	NA	NA	NA	NA	NA	NA	NA	NA	NA	NA	NA	NA	NA	NA	NA	NA	NA	NA	NA	NA	NA	NA	NA	NA	NA	NA	NA	NA	NA	NA	NA	NA	NA	NA	NA	NA	NA	NA	NA	NA	NA	NA	NA	NA	NA	NA	NA	NA	NA	NA	NA	NA	NA	NA	NA	NA	NA	NA	NA	NA
cg09700327	NA	NA	NA	NA	NA	NA	NA	NA	NA	NA	NA	NA	NA	NA	NA	NA	NA	NA	NA	NA	NA	NA	NA	NA	NA	NA	NA	NA	NA	NA	NA	NA	NA	NA	NA	NA	NA	NA	NA	NA	NA	NA	NA	NA	NA	NA	NA	NA	NA	NA	NA	NA	NA	NA	NA	NA	NA	NA	NA	NA	NA	NA	NA	NA	NA	NA	NA	NA	NA	NA	NA	NA	NA	NA	NA	NA	NA	NA	NA	NA	NA	NA	NA	NA	NA	NA	NA
cg09712756	0.379788426208281	0.706446135436132	0.850742220217545	0.878443747687345	0.800917610446703	0.871988330610859	0.942815180388327	0.758425239711243	0.657375141627828	0.82317390265844	0.556841124164392	0.934689065204311	0.309070442404184	0.637547782196777	0.569257980634762	0.894634155422663	0.836453278052387	0.890610843773367	0.875886606307328	0.896265109752247	0.847385657811006	0.881724270543966	0.768644776547425	0.297987533074758	0.910982686120279	0.861231356003785	0.797380241908518	0.890257748205794	0.867924005134345	0.87689982756015	0.870182333793381	0.878667694540356	0.805116080463594	0.910742995959468	0.890287642214213	0.852838427854604	0.861646734671334	0.903756070511582	0.808079173274507	0.904006374573742	0.866460275730125	0.815226169961222	0.723713462317752	0.935069158755366	0.885553328110404	0.926220623453947	0.926775449695112	0.762746882404563	0.923615024215701	0.891898597647393	0.618477142838382	0.921350220769812	0.757428401924593	0.591421074830382	0.749385555479727	0.737930109054962	0.869077699929868	0.951234628217299	0.893148705503066	0.860453741517293	0.88537235049369	0.633853130352103	0.606690860211551	0.913143626759412	0.826568064036037	0.850936240789002	0.457841375020652	0.903475955981283	0.916228862293668	0.927597230824858	0.901174943675712	0.953274727217204	0.918920444942303	0.664936863817744	0.87366685065211	0.599662009978013	0.755653324547125	0.887879133846731	0.93263119517001	0.918990507988706	0.869029745546832	0.888091150636504	0.543167761264695	0.433827351467461	0.697671548862681	0.911440551896158	0.867992157817923
cg09713269	NA	NA	NA	NA	NA	NA	NA	NA	NA	NA	NA	NA	NA	NA	NA	NA	NA	NA	NA	NA	NA	NA	NA	NA	NA	NA	NA	NA	NA	NA	NA	NA	NA	NA	NA	NA	NA	NA	NA	NA	NA	NA	NA	NA	NA	NA	NA	NA	NA	NA	NA	NA	NA	NA	NA	NA	NA	NA	NA	NA	NA	NA	NA	NA	NA	NA	NA	NA	NA	NA	NA	NA	NA	NA	NA	NA	NA	NA	NA	NA	NA	NA	NA	NA	NA	NA	NA
cg09741902	NA	NA	NA	NA	NA	NA	NA	NA	NA	NA	NA	NA	NA	NA	NA	NA	NA	NA	NA	NA	NA	NA	NA	NA	NA	NA	NA	NA	NA	NA	NA	NA	NA	NA	NA	NA	NA	NA	NA	NA	NA	NA	NA	NA	NA	NA	NA	NA	NA	NA	NA	NA	NA	NA	NA	NA	NA	NA	NA	NA	NA	NA	NA	NA	NA	NA	NA	NA	NA	NA	NA	NA	NA	NA	NA	NA	NA	NA	NA	NA	NA	NA	NA	NA	NA	NA	NA
cg09785516	NA	NA	NA	NA	NA	NA	NA	NA	NA	NA	NA	NA	NA	NA	NA	NA	NA	NA	NA	NA	NA	NA	NA	NA	NA	NA	NA	NA	NA	NA	NA	NA	NA	NA	NA	NA	NA	NA	NA	NA	NA	NA	NA	NA	NA	NA	NA	NA	NA	NA	NA	NA	NA	NA	NA	NA	NA	NA	NA	NA	NA	NA	NA	NA	NA	NA	NA	NA	NA	NA	NA	NA	NA	NA	NA	NA	NA	NA	NA	NA	NA	NA	NA	NA	NA	NA	NA
cg09791009	NA	NA	NA	NA	NA	NA	NA	NA	NA	NA	NA	NA	NA	NA	NA	NA	NA	NA	NA	NA	NA	NA	NA	NA	NA	NA	NA	NA	NA	NA	NA	NA	NA	NA	NA	NA	NA	NA	NA	NA	NA	NA	NA	NA	NA	NA	NA	NA	NA	NA	NA	NA	NA	NA	NA	NA	NA	NA	NA	NA	NA	NA	NA	NA	NA	NA	NA	NA	NA	NA	NA	NA	NA	NA	NA	NA	NA	NA	NA	NA	NA	NA	NA	NA	NA	NA	NA
cg09808196	NA	NA	NA	NA	NA	NA	NA	NA	NA	NA	NA	NA	NA	NA	NA	NA	NA	NA	NA	NA	NA	NA	NA	NA	NA	NA	NA	NA	NA	NA	NA	NA	NA	NA	NA	NA	NA	NA	NA	NA	NA	NA	NA	NA	NA	NA	NA	NA	NA	NA	NA	NA	NA	NA	NA	NA	NA	NA	NA	NA	NA	NA	NA	NA	NA	NA	NA	NA	NA	NA	NA	NA	NA	NA	NA	NA	NA	NA	NA	NA	NA	NA	NA	NA	NA	NA	NA
cg09829842	NA	NA	NA	NA	NA	NA	NA	NA	NA	NA	NA	NA	NA	NA	NA	NA	NA	NA	NA	NA	NA	NA	NA	NA	NA	NA	NA	NA	NA	NA	NA	NA	NA	NA	NA	NA	NA	NA	NA	NA	NA	NA	NA	NA	NA	NA	NA	NA	NA	NA	NA	NA	NA	NA	NA	NA	NA	NA	NA	NA	NA	NA	NA	NA	NA	NA	NA	NA	NA	NA	NA	NA	NA	NA	NA	NA	NA	NA	NA	NA	NA	NA	NA	NA	NA	NA	NA
cg09838962	NA	NA	NA	NA	NA	NA	NA	NA	NA	NA	NA	NA	NA	NA	NA	NA	NA	NA	NA	NA	NA	NA	NA	NA	NA	NA	NA	NA	NA	NA	NA	NA	NA	NA	NA	NA	NA	NA	NA	NA	NA	NA	NA	NA	NA	NA	NA	NA	NA	NA	NA	NA	NA	NA	NA	NA	NA	NA	NA	NA	NA	NA	NA	NA	NA	NA	NA	NA	NA	NA	NA	NA	NA	NA	NA	NA	NA	NA	NA	NA	NA	NA	NA	NA	NA	NA	NA
cg09853646	NA	NA	NA	NA	NA	NA	NA	NA	NA	NA	NA	NA	NA	NA	NA	NA	NA	NA	NA	NA	NA	NA	NA	NA	NA	NA	NA	NA	NA	NA	NA	NA	NA	NA	NA	NA	NA	NA	NA	NA	NA	NA	NA	NA	NA	NA	NA	NA	NA	NA	NA	NA	NA	NA	NA	NA	NA	NA	NA	NA	NA	NA	NA	NA	NA	NA	NA	NA	NA	NA	NA	NA	NA	NA	NA	NA	NA	NA	NA	NA	NA	NA	NA	NA	NA	NA	NA
cg09860935	NA	NA	NA	NA	NA	NA	NA	NA	NA	NA	NA	NA	NA	NA	NA	NA	NA	NA	NA	NA	NA	NA	NA	NA	NA	NA	NA	NA	NA	NA	NA	NA	NA	NA	NA	NA	NA	NA	NA	NA	NA	NA	NA	NA	NA	NA	NA	NA	NA	NA	NA	NA	NA	NA	NA	NA	NA	NA	NA	NA	NA	NA	NA	NA	NA	NA	NA	NA	NA	NA	NA	NA	NA	NA	NA	NA	NA	NA	NA	NA	NA	NA	NA	NA	NA	NA	NA
cg09881716	0.847735729103808	0.910851687549704	0.931117054569406	0.933723970592784	0.922233786611784	0.791163239003504	0.933035265269567	0.898058829449547	0.560268228169618	0.761357265349798	0.791097579873441	0.902555769212926	0.907468147532301	0.885695345058639	0.779787399159903	0.93229086263092	0.943217438638962	0.881720984512709	0.927778273840892	0.913166310670992	0.934989413483969	0.908643596521867	0.920887397633719	0.782329484184915	0.882590371528017	0.865235762335449	0.858993685965014	0.921938193034862	0.928967529612764	0.93678474886139	0.931390964513746	0.922299384945236	0.883178577287783	0.908220744818436	0.905114075158642	0.879764823091992	0.886164282239606	0.957566678141161	0.90755087514418	0.920183295327197	0.923579877239646	0.883092811294651	0.855899078720078	0.927715814820955	0.945047796409291	0.810387462289599	0.887394509981403	0.922714469806575	0.880898032308017	0.935042807128835	0.888085572176524	0.917934095879862	0.864775371223259	0.939160930167628	0.925247474369188	0.941841052623454	0.928760140528902	0.936088103208395	0.548554878850361	0.920151576755101	0.846959280668009	0.907419658489224	0.921986895034547	0.929383682638746	0.913838534512654	0.84325006176369	0.904791370959848	0.930781375545512	0.83254311279068	0.880953268463048	0.922448110352346	0.921330601506181	0.917948981213558	0.903666230725514	0.902692845967656	0.940567540756052	0.922292876914885	0.925977791025297	0.808505792065092	0.882965678012236	0.930871790459555	0.843153864877488	0.907733052833932	0.887591100052628	0.917231107816822	0.910985421764403	0.911319555091691
cg09894096	NA	NA	NA	NA	NA	NA	NA	NA	NA	NA	NA	NA	NA	NA	NA	NA	NA	NA	NA	NA	NA	NA	NA	NA	NA	NA	NA	NA	NA	NA	NA	NA	NA	NA	NA	NA	NA	NA	NA	NA	NA	NA	NA	NA	NA	NA	NA	NA	NA	NA	NA	NA	NA	NA	NA	NA	NA	NA	NA	NA	NA	NA	NA	NA	NA	NA	NA	NA	NA	NA	NA	NA	NA	NA	NA	NA	NA	NA	NA	NA	NA	NA	NA	NA	NA	NA	NA
cg09908014	NA	NA	NA	NA	NA	NA	NA	NA	NA	NA	NA	NA	NA	NA	NA	NA	NA	NA	NA	NA	NA	NA	NA	NA	NA	NA	NA	NA	NA	NA	NA	NA	NA	NA	NA	NA	NA	NA	NA	NA	NA	NA	NA	NA	NA	NA	NA	NA	NA	NA	NA	NA	NA	NA	NA	NA	NA	NA	NA	NA	NA	NA	NA	NA	NA	NA	NA	NA	NA	NA	NA	NA	NA	NA	NA	NA	NA	NA	NA	NA	NA	NA	NA	NA	NA	NA	NA
cg09921719	0.54727883294733	0.632964200638068	0.94187345741606	0.588971763085897	0.54785329425254	0.641500055242988	0.909550937575031	0.712314984781436	0.742551384682187	0.565311119872115	0.546060827115294	0.953644129731406	0.375355015948757	0.44046590529052	0.799991867385652	0.771307211090081	0.787836654181032	0.825733330408126	0.781235142505863	0.532262820794082	0.90523567678752	0.658322808015445	0.479441602352319	0.632592549628712	0.794658975448065	0.510401221576286	0.74191293059244	0.638995151914566	0.942092379782405	0.342243952138673	0.796593302411201	0.349782290959547	0.708916155168502	0.897312771648241	0.871885962024977	0.923795663928612	0.693991112251781	0.714495279654108	0.541319457310226	0.469176177249374	0.607945892638616	0.565756997456101	0.424173453752571	0.611626018083482	0.716702329549192	0.758855553631227	0.561479362658554	0.781037188055605	0.539405370900639	0.71082651734332	0.61803945492164	0.77100349487869	0.693790772904649	0.54056765790704	0.7652393031447	0.893284969386739	0.502788069597777	0.502623096485199	0.724694241484743	0.495081045554042	0.608649661280976	0.75133579799817	0.62092039448656	0.87927987919323	0.942963527683696	0.578754979998763	0.763398528377342	0.868629619269625	0.667633862143703	0.810965483913737	0.805010724654956	0.420215559906927	0.536570194350605	0.605054304398192	0.506015503526276	0.565018437379454	0.782341487712314	0.368440511430409	0.641395446660423	0.523832524335418	0.600674044441134	0.239806072091555	0.508682616658111	0.524107134792032	0.821114939989696	0.710792037924992	0.31768552920613
cg09991426	NA	NA	NA	NA	NA	NA	NA	NA	NA	NA	NA	NA	NA	NA	NA	NA	NA	NA	NA	NA	NA	NA	NA	NA	NA	NA	NA	NA	NA	NA	NA	NA	NA	NA	NA	NA	NA	NA	NA	NA	NA	NA	NA	NA	NA	NA	NA	NA	NA	NA	NA	NA	NA	NA	NA	NA	NA	NA	NA	NA	NA	NA	NA	NA	NA	NA	NA	NA	NA	NA	NA	NA	NA	NA	NA	NA	NA	NA	NA	NA	NA	NA	NA	NA	NA	NA	NA
cg10054980	NA	NA	NA	NA	NA	NA	NA	NA	NA	NA	NA	NA	NA	NA	NA	NA	NA	NA	NA	NA	NA	NA	NA	NA	NA	NA	NA	NA	NA	NA	NA	NA	NA	NA	NA	NA	NA	NA	NA	NA	NA	NA	NA	NA	NA	NA	NA	NA	NA	NA	NA	NA	NA	NA	NA	NA	NA	NA	NA	NA	NA	NA	NA	NA	NA	NA	NA	NA	NA	NA	NA	NA	NA	NA	NA	NA	NA	NA	NA	NA	NA	NA	NA	NA	NA	NA	NA
cg10090044	NA	NA	NA	NA	NA	NA	NA	NA	NA	NA	NA	NA	NA	NA	NA	NA	NA	NA	NA	NA	NA	NA	NA	NA	NA	NA	NA	NA	NA	NA	NA	NA	NA	NA	NA	NA	NA	NA	NA	NA	NA	NA	NA	NA	NA	NA	NA	NA	NA	NA	NA	NA	NA	NA	NA	NA	NA	NA	NA	NA	NA	NA	NA	NA	NA	NA	NA	NA	NA	NA	NA	NA	NA	NA	NA	NA	NA	NA	NA	NA	NA	NA	NA	NA	NA	NA	NA
cg10101533	NA	NA	NA	NA	NA	NA	NA	NA	NA	NA	NA	NA	NA	NA	NA	NA	NA	NA	NA	NA	NA	NA	NA	NA	NA	NA	NA	NA	NA	NA	NA	NA	NA	NA	NA	NA	NA	NA	NA	NA	NA	NA	NA	NA	NA	NA	NA	NA	NA	NA	NA	NA	NA	NA	NA	NA	NA	NA	NA	NA	NA	NA	NA	NA	NA	NA	NA	NA	NA	NA	NA	NA	NA	NA	NA	NA	NA	NA	NA	NA	NA	NA	NA	NA	NA	NA	NA
cg10113618	NA	NA	NA	NA	NA	NA	NA	NA	NA	NA	NA	NA	NA	NA	NA	NA	NA	NA	NA	NA	NA	NA	NA	NA	NA	NA	NA	NA	NA	NA	NA	NA	NA	NA	NA	NA	NA	NA	NA	NA	NA	NA	NA	NA	NA	NA	NA	NA	NA	NA	NA	NA	NA	NA	NA	NA	NA	NA	NA	NA	NA	NA	NA	NA	NA	NA	NA	NA	NA	NA	NA	NA	NA	NA	NA	NA	NA	NA	NA	NA	NA	NA	NA	NA	NA	NA	NA
cg10131227	NA	NA	NA	NA	NA	NA	NA	NA	NA	NA	NA	NA	NA	NA	NA	NA	NA	NA	NA	NA	NA	NA	NA	NA	NA	NA	NA	NA	NA	NA	NA	NA	NA	NA	NA	NA	NA	NA	NA	NA	NA	NA	NA	NA	NA	NA	NA	NA	NA	NA	NA	NA	NA	NA	NA	NA	NA	NA	NA	NA	NA	NA	NA	NA	NA	NA	NA	NA	NA	NA	NA	NA	NA	NA	NA	NA	NA	NA	NA	NA	NA	NA	NA	NA	NA	NA	NA
cg10174975	NA	NA	NA	NA	NA	NA	NA	NA	NA	NA	NA	NA	NA	NA	NA	NA	NA	NA	NA	NA	NA	NA	NA	NA	NA	NA	NA	NA	NA	NA	NA	NA	NA	NA	NA	NA	NA	NA	NA	NA	NA	NA	NA	NA	NA	NA	NA	NA	NA	NA	NA	NA	NA	NA	NA	NA	NA	NA	NA	NA	NA	NA	NA	NA	NA	NA	NA	NA	NA	NA	NA	NA	NA	NA	NA	NA	NA	NA	NA	NA	NA	NA	NA	NA	NA	NA	NA
cg10188698	NA	NA	NA	NA	NA	NA	NA	NA	NA	NA	NA	NA	NA	NA	NA	NA	NA	NA	NA	NA	NA	NA	NA	NA	NA	NA	NA	NA	NA	NA	NA	NA	NA	NA	NA	NA	NA	NA	NA	NA	NA	NA	NA	NA	NA	NA	NA	NA	NA	NA	NA	NA	NA	NA	NA	NA	NA	NA	NA	NA	NA	NA	NA	NA	NA	NA	NA	NA	NA	NA	NA	NA	NA	NA	NA	NA	NA	NA	NA	NA	NA	NA	NA	NA	NA	NA	NA
cg10188909	NA	NA	NA	NA	NA	NA	NA	NA	NA	NA	NA	NA	NA	NA	NA	NA	NA	NA	NA	NA	NA	NA	NA	NA	NA	NA	NA	NA	NA	NA	NA	NA	NA	NA	NA	NA	NA	NA	NA	NA	NA	NA	NA	NA	NA	NA	NA	NA	NA	NA	NA	NA	NA	NA	NA	NA	NA	NA	NA	NA	NA	NA	NA	NA	NA	NA	NA	NA	NA	NA	NA	NA	NA	NA	NA	NA	NA	NA	NA	NA	NA	NA	NA	NA	NA	NA	NA
cg10202675	NA	NA	NA	NA	NA	NA	NA	NA	NA	NA	NA	NA	NA	NA	NA	NA	NA	NA	NA	NA	NA	NA	NA	NA	NA	NA	NA	NA	NA	NA	NA	NA	NA	NA	NA	NA	NA	NA	NA	NA	NA	NA	NA	NA	NA	NA	NA	NA	NA	NA	NA	NA	NA	NA	NA	NA	NA	NA	NA	NA	NA	NA	NA	NA	NA	NA	NA	NA	NA	NA	NA	NA	NA	NA	NA	NA	NA	NA	NA	NA	NA	NA	NA	NA	NA	NA	NA
cg10208777	0.92514280088665	0.836129839583397	0.856578241212005	0.866636721854255	0.87585727370335	0.545231116547595	0.726528719670838	0.746171260854943	0.15814247612739	0.909056510358404	0.799002267073623	0.870638509145241	NA	0.901676518341775	0.78180414666381	0.844658929060439	0.673405062373034	0.727149942196494	0.840688809924881	0.8622320315579	0.76137010635933	0.801492995649329	0.813087887095717	0.899408412637894	NA	0.909981532218086	0.699255898893859	0.894370796866161	0.616856459463328	0.904068833501213	0.827774383668674	0.85294175053774	0.87882533622852	0.318742963152922	0.727903406423769	0.739389528699626	0.777619666414633	0.921013280437133	0.844627257563153	0.699826240481769	0.770933738135006	0.811955320527133	0.899043032495056	0.848923554458804	0.706931716364593	0.740133392612256	0.886723878772416	0.854720431000637	NA	0.876709849081578	0.266428911398563	0.883069344107503	0.803767124867394	0.856660316177108	0.839493931691991	0.842637749164167	0.889229538693932	0.862103544243614	0.278866368095504	0.890156820049636	0.86372235501253	0.914322861535913	0.806353033154245	0.828596965707104	0.862826106947557	0.671436740743332	0.879545733906784	0.624915492682178	0.871362205788085	0.828151309801392	0.888683200264031	0.902165712380816	0.800685116095494	0.837093680539224	0.889743604885236	0.905560892756722	0.769434920298819	0.90578510923242	0.818855949218352	0.616024299037994	0.901100492029243	0.886705163180283	NA	0.861536672155829	0.795438874710443	0.860393150013143	0.90822127563811
cg10213886	NA	NA	NA	NA	NA	NA	NA	NA	NA	NA	NA	NA	NA	NA	NA	NA	NA	NA	NA	NA	NA	NA	NA	NA	NA	NA	NA	NA	NA	NA	NA	NA	NA	NA	NA	NA	NA	NA	NA	NA	NA	NA	NA	NA	NA	NA	NA	NA	NA	NA	NA	NA	NA	NA	NA	NA	NA	NA	NA	NA	NA	NA	NA	NA	NA	NA	NA	NA	NA	NA	NA	NA	NA	NA	NA	NA	NA	NA	NA	NA	NA	NA	NA	NA	NA	NA	NA
cg10223155	NA	NA	NA	NA	NA	NA	NA	NA	NA	NA	NA	NA	NA	NA	NA	NA	NA	NA	NA	NA	NA	NA	NA	NA	NA	NA	NA	NA	NA	NA	NA	NA	NA	NA	NA	NA	NA	NA	NA	NA	NA	NA	NA	NA	NA	NA	NA	NA	NA	NA	NA	NA	NA	NA	NA	NA	NA	NA	NA	NA	NA	NA	NA	NA	NA	NA	NA	NA	NA	NA	NA	NA	NA	NA	NA	NA	NA	NA	NA	NA	NA	NA	NA	NA	NA	NA	NA
cg10241247	NA	NA	NA	NA	NA	NA	NA	NA	NA	NA	NA	NA	NA	NA	NA	NA	NA	NA	NA	NA	NA	NA	NA	NA	NA	NA	NA	NA	NA	NA	NA	NA	NA	NA	NA	NA	NA	NA	NA	NA	NA	NA	NA	NA	NA	NA	NA	NA	NA	NA	NA	NA	NA	NA	NA	NA	NA	NA	NA	NA	NA	NA	NA	NA	NA	NA	NA	NA	NA	NA	NA	NA	NA	NA	NA	NA	NA	NA	NA	NA	NA	NA	NA	NA	NA	NA	NA
cg10266189	0.964053927670663	0.969251782527996	0.974516608635275	0.951857298999889	0.964767528366675	0.953951930055021	0.876979512136572	0.979445673828204	0.961157767184955	0.973517594380394	0.951423325530787	0.95873230580562	0.908043732558386	0.973457872775686	0.935500393078809	0.966921036173199	0.971735898226584	0.974053755329649	0.964018297759257	NA	0.978266610898325	0.971204084611678	0.962848198387097	0.953449153951346	0.95991095059391	0.968131904053258	0.952387373395405	0.959331256620102	0.96699632131322	0.959189016962857	0.972179125548618	0.963313970526378	0.96513435409047	0.958423810983251	0.973378803139352	0.96159587000343	0.955157663515306	0.98270696476229	0.964934641958176	0.970482744110729	0.959524945410573	0.954917842770118	0.96853966004468	0.967003817685494	0.954684673641851	0.954516682855763	0.966848470327056	0.96074680500214	0.901753413825174	0.966033004928233	0.966840638927538	0.959753074012524	0.971352126576952	0.961304475187684	0.973310842014812	NA	0.956928594286009	0.962977155085568	0.959042322169453	0.932450903763461	0.94660247591238	0.959810615720894	0.944390531069276	0.969037598894127	0.972436195370074	0.959421371408233	0.970000541886326	0.96752081154583	0.975909466824009	0.964492271727718	0.972294874696686	0.975828507520463	0.971242131280466	0.971254086824232	0.953919248385441	0.976706321549855	0.966795790846287	0.888192804417222	0.96743951960156	0.955811449546589	0.966601498003557	0.962759170746883	0.97073005387806	0.952609638415448	0.952773178909454	0.959655062274799	0.972543902323461
cg10295683	NA	NA	NA	NA	NA	NA	NA	NA	NA	NA	NA	NA	NA	NA	NA	NA	NA	NA	NA	NA	NA	NA	NA	NA	NA	NA	NA	NA	NA	NA	NA	NA	NA	NA	NA	NA	NA	NA	NA	NA	NA	NA	NA	NA	NA	NA	NA	NA	NA	NA	NA	NA	NA	NA	NA	NA	NA	NA	NA	NA	NA	NA	NA	NA	NA	NA	NA	NA	NA	NA	NA	NA	NA	NA	NA	NA	NA	NA	NA	NA	NA	NA	NA	NA	NA	NA	NA
cg10304084	0.971496051139371	0.963717839229756	0.958092003446601	0.963158431118344	0.962508019406846	0.967625438605141	0.959649886926376	0.952760883497973	0.956552733384151	0.944848977110129	0.964122849936123	0.963304739041447	0.971850741447508	0.966860480730077	0.967921469519409	0.951761639940566	0.966209615170266	0.954772702228619	0.953401798337456	0.965604538790535	0.970816053449828	0.959658718104407	0.953495634251399	0.953271304025166	0.970963274830872	0.961693844192522	0.946036148601329	0.958228803487727	0.967669575309371	0.964650825429422	0.958081135304091	0.945752144291145	0.969114319381872	0.950231002763116	0.972862702295862	0.964641114901312	0.963452240419679	0.964290444664404	0.953954101298124	0.961173309984486	0.956731064652091	0.962239866626657	0.950812925723277	0.966741446287636	0.967584427043069	0.969130813232995	0.960318665469053	0.958372235773503	0.965658543325704	0.959842207802663	0.966698430227538	0.963052264316916	0.947489163291115	0.964672461364477	0.967919441243523	0.963061890583642	0.961624956742755	0.959698507423822	0.963883033384017	0.951780763403064	0.958091738837605	0.970977378795411	0.960446094998684	0.964571813000034	0.956059689859118	0.954252636770654	0.968266060682705	0.969831151926126	0.965836648231747	0.966483883460095	0.969777340005219	0.968093149057176	0.961452272426078	0.959165395846429	0.954671117901513	0.961551869583567	0.944670033424862	0.958996529711331	0.972875155472872	0.948283695192026	0.959021534746404	0.961111755025568	0.950502801645842	0.973650927005931	0.96345896624901	0.956294194779022	0.953925021071283
cg10317162	NA	NA	NA	NA	NA	NA	NA	NA	NA	NA	NA	NA	NA	NA	NA	NA	NA	NA	NA	NA	NA	NA	NA	NA	NA	NA	NA	NA	NA	NA	NA	NA	NA	NA	NA	NA	NA	NA	NA	NA	NA	NA	NA	NA	NA	NA	NA	NA	NA	NA	NA	NA	NA	NA	NA	NA	NA	NA	NA	NA	NA	NA	NA	NA	NA	NA	NA	NA	NA	NA	NA	NA	NA	NA	NA	NA	NA	NA	NA	NA	NA	NA	NA	NA	NA	NA	NA
cg10346147	NA	NA	NA	NA	NA	NA	NA	NA	NA	NA	NA	NA	NA	NA	NA	NA	NA	NA	NA	NA	NA	NA	NA	NA	NA	NA	NA	NA	NA	NA	NA	NA	NA	NA	NA	NA	NA	NA	NA	NA	NA	NA	NA	NA	NA	NA	NA	NA	NA	NA	NA	NA	NA	NA	NA	NA	NA	NA	NA	NA	NA	NA	NA	NA	NA	NA	NA	NA	NA	NA	NA	NA	NA	NA	NA	NA	NA	NA	NA	NA	NA	NA	NA	NA	NA	NA	NA
cg10369313	NA	NA	NA	NA	NA	NA	NA	NA	NA	NA	NA	NA	NA	NA	NA	NA	NA	NA	NA	NA	NA	NA	NA	NA	NA	NA	NA	NA	NA	NA	NA	NA	NA	NA	NA	NA	NA	NA	NA	NA	NA	NA	NA	NA	NA	NA	NA	NA	NA	NA	NA	NA	NA	NA	NA	NA	NA	NA	NA	NA	NA	NA	NA	NA	NA	NA	NA	NA	NA	NA	NA	NA	NA	NA	NA	NA	NA	NA	NA	NA	NA	NA	NA	NA	NA	NA	NA
cg10369444	NA	NA	NA	NA	NA	NA	NA	NA	NA	NA	NA	NA	NA	NA	NA	NA	NA	NA	NA	NA	NA	NA	NA	NA	NA	NA	NA	NA	NA	NA	NA	NA	NA	NA	NA	NA	NA	NA	NA	NA	NA	NA	NA	NA	NA	NA	NA	NA	NA	NA	NA	NA	NA	NA	NA	NA	NA	NA	NA	NA	NA	NA	NA	NA	NA	NA	NA	NA	NA	NA	NA	NA	NA	NA	NA	NA	NA	NA	NA	NA	NA	NA	NA	NA	NA	NA	NA
cg10375884	0.452342084404946	0.656156876263012	0.930650893744685	0.729008277726115	0.702918562501064	0.556808180006405	0.653630668334232	0.811028783220511	0.574774129625891	0.664800027255814	0.609503830962582	0.746177630439336	0.335070439143468	0.472643657678839	0.905626611945817	0.681981946406669	0.813874906356584	0.884633748700518	0.613452973465623	0.841462287504415	0.477197242235034	0.80596536161046	0.628099693964045	0.230473729301587	0.489271509459368	0.390248500785204	0.530331195567069	0.670384748985255	0.684783251094295	0.34864275921696	0.827712896035407	0.496684542991429	0.66072056546318	0.938459247867552	0.590039622411832	0.578290682568341	0.895974489639087	0.628379300653486	0.564325283774664	0.864039428029933	0.546677157841602	0.730530909866483	0.382009454417313	0.619846968549047	0.862148271469816	0.651281489691169	0.442598197919983	0.873381766746239	0.906672910713348	0.868035629915102	0.481059772797952	0.953019174092317	0.700583267305093	0.910125242667055	0.653463430539733	0.746894104147158	0.882350693696688	0.853808395703218	0.463815142945495	0.412141794311524	0.775541510733192	0.62733584719327	0.701527235210232	0.83798670052922	0.74563022277407	0.613001436746947	0.426656993173233	0.747850186641556	0.819519843122466	0.898448428059669	0.886004843093548	0.917942346709668	0.866591177132268	0.627102212749505	0.703982979350088	0.682216591687131	0.803634858544976	0.60791077059202	0.553591929582454	0.387600055373711	0.88360390318405	0.623352562826457	0.743252894254332	0.456703496963437	0.86766639069976	0.890997735597643	0.457093579239568
cg10390329	NA	NA	NA	NA	NA	NA	NA	NA	NA	NA	NA	NA	NA	NA	NA	NA	NA	NA	NA	NA	NA	NA	NA	NA	NA	NA	NA	NA	NA	NA	NA	NA	NA	NA	NA	NA	NA	NA	NA	NA	NA	NA	NA	NA	NA	NA	NA	NA	NA	NA	NA	NA	NA	NA	NA	NA	NA	NA	NA	NA	NA	NA	NA	NA	NA	NA	NA	NA	NA	NA	NA	NA	NA	NA	NA	NA	NA	NA	NA	NA	NA	NA	NA	NA	NA	NA	NA
cg10515439	NA	NA	NA	NA	NA	NA	NA	NA	NA	NA	NA	NA	NA	NA	NA	NA	NA	NA	NA	NA	NA	NA	NA	NA	NA	NA	NA	NA	NA	NA	NA	NA	NA	NA	NA	NA	NA	NA	NA	NA	NA	NA	NA	NA	NA	NA	NA	NA	NA	NA	NA	NA	NA	NA	NA	NA	NA	NA	NA	NA	NA	NA	NA	NA	NA	NA	NA	NA	NA	NA	NA	NA	NA	NA	NA	NA	NA	NA	NA	NA	NA	NA	NA	NA	NA	NA	NA
cg10531521	NA	NA	NA	NA	NA	NA	NA	NA	NA	NA	NA	NA	NA	NA	NA	NA	NA	NA	NA	NA	NA	NA	NA	NA	NA	NA	NA	NA	NA	NA	NA	NA	NA	NA	NA	NA	NA	NA	NA	NA	NA	NA	NA	NA	NA	NA	NA	NA	NA	NA	NA	NA	NA	NA	NA	NA	NA	NA	NA	NA	NA	NA	NA	NA	NA	NA	NA	NA	NA	NA	NA	NA	NA	NA	NA	NA	NA	NA	NA	NA	NA	NA	NA	NA	NA	NA	NA
cg10533493	NA	NA	NA	NA	NA	NA	NA	NA	NA	NA	NA	NA	NA	NA	NA	NA	NA	NA	NA	NA	NA	NA	NA	NA	NA	NA	NA	NA	NA	NA	NA	NA	NA	NA	NA	NA	NA	NA	NA	NA	NA	NA	NA	NA	NA	NA	NA	NA	NA	NA	NA	NA	NA	NA	NA	NA	NA	NA	NA	NA	NA	NA	NA	NA	NA	NA	NA	NA	NA	NA	NA	NA	NA	NA	NA	NA	NA	NA	NA	NA	NA	NA	NA	NA	NA	NA	NA
cg10617091	0.875529421091389	NA	0.850571676750227	NA	NA	0.804294429531269	NA	0.833982125460131	NA	NA	NA	NA	NA	NA	NA	NA	NA	0.865668312701254	NA	NA	0.902144674826255	NA	NA	NA	NA	0.758047926016903	NA	0.820600292332569	0.810281613850463	NA	0.867359384348924	NA	NA	NA	0.810645567457581	NA	NA	0.714060897193527	NA	0.860279268682235	NA	NA	0.84219483031311	NA	NA	0.863601339462107	NA	NA	NA	NA	NA	0.836300411466334	0.832411359029935	NA	0.798688353506697	0.836186202899212	NA	NA	NA	NA	NA	NA	NA	0.831893770230545	0.867808569083602	NA	NA	0.870054196359368	NA	NA	NA	NA	NA	NA	NA	NA	NA	NA	NA	NA	NA	NA	NA	NA	NA	NA	NA
cg10635350	NA	NA	NA	NA	NA	NA	NA	NA	NA	NA	NA	NA	NA	NA	NA	NA	NA	NA	NA	NA	NA	NA	NA	NA	NA	NA	NA	NA	NA	NA	NA	NA	NA	NA	NA	NA	NA	NA	NA	NA	NA	NA	NA	NA	NA	NA	NA	NA	NA	NA	NA	NA	NA	NA	NA	NA	NA	NA	NA	NA	NA	NA	NA	NA	NA	NA	NA	NA	NA	NA	NA	NA	NA	NA	NA	NA	NA	NA	NA	NA	NA	NA	NA	NA	NA	NA	NA
cg10635719	NA	NA	NA	NA	NA	NA	NA	NA	NA	NA	NA	NA	NA	NA	NA	NA	NA	NA	NA	NA	NA	NA	NA	NA	NA	NA	NA	NA	NA	NA	NA	NA	NA	NA	NA	NA	NA	NA	NA	NA	NA	NA	NA	NA	NA	NA	NA	NA	NA	NA	NA	NA	NA	NA	NA	NA	NA	NA	NA	NA	NA	NA	NA	NA	NA	NA	NA	NA	NA	NA	NA	NA	NA	NA	NA	NA	NA	NA	NA	NA	NA	NA	NA	NA	NA	NA	NA
cg10677688	NA	NA	NA	NA	NA	NA	NA	NA	NA	NA	NA	NA	NA	NA	NA	NA	NA	NA	NA	NA	NA	NA	NA	NA	NA	NA	NA	NA	NA	NA	NA	NA	NA	NA	NA	NA	NA	NA	NA	NA	NA	NA	NA	NA	NA	NA	NA	NA	NA	NA	NA	NA	NA	NA	NA	NA	NA	NA	NA	NA	NA	NA	NA	NA	NA	NA	NA	NA	NA	NA	NA	NA	NA	NA	NA	NA	NA	NA	NA	NA	NA	NA	NA	NA	NA	NA	NA
cg10681811	NA	NA	NA	NA	NA	NA	NA	NA	NA	NA	NA	NA	NA	NA	NA	NA	NA	NA	NA	NA	NA	NA	NA	NA	NA	NA	NA	NA	NA	NA	NA	NA	NA	NA	NA	NA	NA	NA	NA	NA	NA	NA	NA	NA	NA	NA	NA	NA	NA	NA	NA	NA	NA	NA	NA	NA	NA	NA	NA	NA	NA	NA	NA	NA	NA	NA	NA	NA	NA	NA	NA	NA	NA	NA	NA	NA	NA	NA	NA	NA	NA	NA	NA	NA	NA	NA	NA
cg10747758	NA	NA	NA	NA	NA	NA	NA	NA	NA	NA	NA	NA	NA	NA	NA	NA	NA	NA	NA	NA	NA	NA	NA	NA	NA	NA	NA	NA	NA	NA	NA	NA	NA	NA	NA	NA	NA	NA	NA	NA	NA	NA	NA	NA	NA	NA	NA	NA	NA	NA	NA	NA	NA	NA	NA	NA	NA	NA	NA	NA	NA	NA	NA	NA	NA	NA	NA	NA	NA	NA	NA	NA	NA	NA	NA	NA	NA	NA	NA	NA	NA	NA	NA	NA	NA	NA	NA
cg10751914	NA	NA	NA	NA	NA	NA	NA	NA	NA	NA	NA	NA	NA	NA	NA	NA	NA	NA	NA	NA	NA	NA	NA	NA	NA	NA	NA	NA	NA	NA	NA	NA	NA	NA	NA	NA	NA	NA	NA	NA	NA	NA	NA	NA	NA	NA	NA	NA	NA	NA	NA	NA	NA	NA	NA	NA	NA	NA	NA	NA	NA	NA	NA	NA	NA	NA	NA	NA	NA	NA	NA	NA	NA	NA	NA	NA	NA	NA	NA	NA	NA	NA	NA	NA	NA	NA	NA
cg10759572	NA	NA	NA	NA	NA	NA	NA	NA	NA	NA	NA	NA	NA	NA	NA	NA	NA	NA	NA	NA	NA	NA	NA	NA	NA	NA	NA	NA	NA	NA	NA	NA	NA	NA	NA	NA	NA	NA	NA	NA	NA	NA	NA	NA	NA	NA	NA	NA	NA	NA	NA	NA	NA	NA	NA	NA	NA	NA	NA	NA	NA	NA	NA	NA	NA	NA	NA	NA	NA	NA	NA	NA	NA	NA	NA	NA	NA	NA	NA	NA	NA	NA	NA	NA	NA	NA	NA
cg10778931	NA	NA	NA	NA	NA	NA	NA	NA	NA	NA	NA	NA	NA	NA	NA	NA	NA	NA	NA	NA	NA	NA	NA	NA	NA	NA	NA	NA	NA	NA	NA	NA	NA	NA	NA	NA	NA	NA	NA	NA	NA	NA	NA	NA	NA	NA	NA	NA	NA	NA	NA	NA	NA	NA	NA	NA	NA	NA	NA	NA	NA	NA	NA	NA	NA	NA	NA	NA	NA	NA	NA	NA	NA	NA	NA	NA	NA	NA	NA	NA	NA	NA	NA	NA	NA	NA	NA
cg10800519	NA	NA	NA	NA	NA	NA	NA	NA	NA	NA	NA	NA	NA	NA	NA	NA	NA	NA	NA	NA	NA	NA	NA	NA	NA	NA	NA	NA	NA	NA	NA	NA	NA	NA	NA	NA	NA	NA	NA	NA	NA	NA	NA	NA	NA	NA	NA	NA	NA	NA	NA	NA	NA	NA	NA	NA	NA	NA	NA	NA	NA	NA	NA	NA	NA	NA	NA	NA	NA	NA	NA	NA	NA	NA	NA	NA	NA	NA	NA	NA	NA	NA	NA	NA	NA	NA	NA
cg10817408	NA	NA	NA	NA	NA	NA	NA	NA	NA	NA	NA	NA	NA	NA	NA	NA	NA	NA	NA	NA	NA	NA	NA	NA	NA	NA	NA	NA	NA	NA	NA	NA	NA	NA	NA	NA	NA	NA	NA	NA	NA	NA	NA	NA	NA	NA	NA	NA	NA	NA	NA	NA	NA	NA	NA	NA	NA	NA	NA	NA	NA	NA	NA	NA	NA	NA	NA	NA	NA	NA	NA	NA	NA	NA	NA	NA	NA	NA	NA	NA	NA	NA	NA	NA	NA	NA	NA
cg10839128	NA	NA	NA	NA	NA	NA	NA	NA	NA	NA	NA	NA	NA	NA	NA	NA	NA	NA	NA	NA	NA	NA	NA	NA	NA	NA	NA	NA	NA	NA	NA	NA	NA	NA	NA	NA	NA	NA	NA	NA	NA	NA	NA	NA	NA	NA	NA	NA	NA	NA	NA	NA	NA	NA	NA	NA	NA	NA	NA	NA	NA	NA	NA	NA	NA	NA	NA	NA	NA	NA	NA	NA	NA	NA	NA	NA	NA	NA	NA	NA	NA	NA	NA	NA	NA	NA	NA
cg10840054	NA	NA	NA	NA	NA	NA	NA	NA	NA	NA	NA	NA	NA	NA	NA	NA	NA	NA	NA	NA	NA	NA	NA	NA	NA	NA	NA	NA	NA	NA	NA	NA	NA	NA	NA	NA	NA	NA	NA	NA	NA	NA	NA	NA	NA	NA	NA	NA	NA	NA	NA	NA	NA	NA	NA	NA	NA	NA	NA	NA	NA	NA	NA	NA	NA	NA	NA	NA	NA	NA	NA	NA	NA	NA	NA	NA	NA	NA	NA	NA	NA	NA	NA	NA	NA	NA	NA
cg10840615	NA	NA	NA	NA	NA	NA	NA	NA	NA	NA	NA	NA	NA	NA	NA	NA	NA	NA	NA	NA	NA	NA	NA	NA	NA	NA	NA	NA	NA	NA	NA	NA	NA	NA	NA	NA	NA	NA	NA	NA	NA	NA	NA	NA	NA	NA	NA	NA	NA	NA	NA	NA	NA	NA	NA	NA	NA	NA	NA	NA	NA	NA	NA	NA	NA	NA	NA	NA	NA	NA	NA	NA	NA	NA	NA	NA	NA	NA	NA	NA	NA	NA	NA	NA	NA	NA	NA
cg10846614	0.374100633068115	0.7999560784494	0.818905687809161	0.766815481600796	0.722559041366395	0.32312444307178	0.490209774905274	0.535280812515455	0.10963987779542	0.645503923772996	0.526921423340409	0.318679555300396	0.592876896343674	0.179167733195792	0.497028462790012	0.81176168694687	0.658119417519344	0.445004553157745	0.579255963546129	0.777790127144307	0.384887155293809	0.597644942251776	0.856711546519747	0.296068973697139	0.340743397824166	0.880105221044694	0.164179955397896	0.48291986374514	0.5822514196796	0.903250810447836	0.644528709515995	0.394206300390815	0.42273115836162	0.654677624932629	0.416084235375445	0.413999090217396	0.844095764723206	0.208772049453236	0.475200573954664	0.310555095017877	0.661597573359181	0.849130076780427	0.428290998455772	0.347717082529755	0.831616403463478	0.409027812413977	0.608221593168681	0.776846785000287	0.885567813643523	0.798519468105955	0.330319186789347	0.473586989237911	0.28905157711631	0.910017192772269	0.7366048793028	0.265287439455608	0.775034600683602	0.525824700736927	0.195608970919909	0.437788521803547	0.801129312233111	0.410089562063715	0.878564012201462	0.624504616932859	0.702422772437823	0.516365718455765	0.260936636610057	0.540851464495242	0.571343603927986	0.864992594297606	0.4407475016142	0.901465972393053	0.8018057860524	0.398850327476496	0.533154446441774	0.39232419239242	0.529331983441173	0.653415528783064	0.332836074808564	0.510613207032121	0.893850126753874	0.870930746226184	0.918382076938933	0.206143619338493	0.756612759763292	0.81365289826706	0.471292995063492
cg10867456	NA	NA	NA	NA	NA	NA	NA	NA	NA	NA	NA	NA	NA	NA	NA	NA	NA	NA	NA	NA	NA	NA	NA	NA	NA	NA	NA	NA	NA	NA	NA	NA	NA	NA	NA	NA	NA	NA	NA	NA	NA	NA	NA	NA	NA	NA	NA	NA	NA	NA	NA	NA	NA	NA	NA	NA	NA	NA	NA	NA	NA	NA	NA	NA	NA	NA	NA	NA	NA	NA	NA	NA	NA	NA	NA	NA	NA	NA	NA	NA	NA	NA	NA	NA	NA	NA	NA
cg10930679	0.68741459218005	0.922714066305747	0.79336926719062	0.933338659561987	0.926620823461327	0.679734369851821	0.942669438360282	0.92880881906612	0.47484755272096	0.892905367694121	0.917939464534268	0.934217639790501	0.928762639926076	0.904559279449175	0.895374225552554	0.889411251313484	0.882549778543869	0.711164348782228	0.900720105921342	0.940571945396576	0.621035146590904	0.935279832937902	0.734387742834543	0.93269292291932	0.798735462759079	0.903392102987152	0.904110559343257	0.883902824640467	0.904120447399016	0.935895678603794	0.861906349738206	0.934893408695814	0.953090293386844	0.379797353456528	0.841819998627683	0.908514269661382	0.879500203361908	0.92341812436345	0.876725367342054	0.913495192180325	0.883667383518815	0.718830832763337	0.845396503727368	0.922704124195003	0.907908991047249	0.910585986334101	0.936759261565628	0.937770361132308	0.954356494314786	0.912346441180435	0.907416965508826	0.909777346818838	0.817650431706829	0.940479258940692	0.911932090312058	0.92074880325891	0.948538043737311	0.899809213279049	0.35712307261512	0.954492108625434	0.889433809020807	0.925921883727945	0.89703572093357	0.875170094580637	0.924311860040284	0.891434181316275	0.785134278181568	0.778904367272007	0.890028941035606	0.938506365427855	0.878028957055756	0.95293988784459	0.882093593669404	0.928208591104173	0.790344023310793	0.944033765242631	0.829340748220021	0.948561594180036	0.841887006857945	0.837212047684415	0.932704504764466	0.846617856406457	0.928832186791332	0.907947793545316	0.92384332782587	0.777086570020178	0.824502959991081
cg10932815	NA	NA	NA	NA	NA	NA	NA	NA	NA	NA	NA	NA	NA	NA	NA	NA	NA	NA	NA	NA	NA	NA	NA	NA	NA	NA	NA	NA	NA	NA	NA	NA	NA	NA	NA	NA	NA	NA	NA	NA	NA	NA	NA	NA	NA	NA	NA	NA	NA	NA	NA	NA	NA	NA	NA	NA	NA	NA	NA	NA	NA	NA	NA	NA	NA	NA	NA	NA	NA	NA	NA	NA	NA	NA	NA	NA	NA	NA	NA	NA	NA	NA	NA	NA	NA	NA	NA
cg10945028	NA	NA	NA	NA	NA	NA	NA	NA	NA	NA	NA	NA	NA	NA	NA	NA	NA	NA	NA	NA	NA	NA	NA	NA	NA	NA	NA	NA	NA	NA	NA	NA	NA	NA	NA	NA	NA	NA	NA	NA	NA	NA	NA	NA	NA	NA	NA	NA	NA	NA	NA	NA	NA	NA	NA	NA	NA	NA	NA	NA	NA	NA	NA	NA	NA	NA	NA	NA	NA	NA	NA	NA	NA	NA	NA	NA	NA	NA	NA	NA	NA	NA	NA	NA	NA	NA	NA
cg10959344	NA	NA	NA	NA	NA	NA	NA	NA	NA	NA	NA	NA	NA	NA	NA	NA	NA	NA	NA	NA	NA	NA	NA	NA	NA	NA	NA	NA	NA	NA	NA	NA	NA	NA	NA	NA	NA	NA	NA	NA	NA	NA	NA	NA	NA	NA	NA	NA	NA	NA	NA	NA	NA	NA	NA	NA	NA	NA	NA	NA	NA	NA	NA	NA	NA	NA	NA	NA	NA	NA	NA	NA	NA	NA	NA	NA	NA	NA	NA	NA	NA	NA	NA	NA	NA	NA	NA
cg10998505	NA	NA	NA	NA	NA	NA	NA	NA	NA	NA	NA	NA	NA	NA	NA	NA	NA	NA	NA	NA	NA	NA	NA	NA	NA	NA	NA	NA	NA	NA	NA	NA	NA	NA	NA	NA	NA	NA	NA	NA	NA	NA	NA	NA	NA	NA	NA	NA	NA	NA	NA	NA	NA	NA	NA	NA	NA	NA	NA	NA	NA	NA	NA	NA	NA	NA	NA	NA	NA	NA	NA	NA	NA	NA	NA	NA	NA	NA	NA	NA	NA	NA	NA	NA	NA	NA	NA
cg11047457	NA	NA	NA	NA	NA	NA	NA	NA	NA	NA	NA	NA	NA	NA	NA	NA	NA	NA	NA	NA	NA	NA	NA	NA	NA	NA	NA	NA	NA	NA	NA	NA	NA	NA	NA	NA	NA	NA	NA	NA	NA	NA	NA	NA	NA	NA	NA	NA	NA	NA	NA	NA	NA	NA	NA	NA	NA	NA	NA	NA	NA	NA	NA	NA	NA	NA	NA	NA	NA	NA	NA	NA	NA	NA	NA	NA	NA	NA	NA	NA	NA	NA	NA	NA	NA	NA	NA
cg11089276	NA	NA	NA	NA	NA	NA	NA	NA	NA	NA	NA	NA	NA	NA	NA	NA	NA	NA	NA	NA	NA	NA	NA	NA	NA	NA	NA	NA	NA	NA	NA	NA	NA	NA	NA	NA	NA	NA	NA	NA	NA	NA	NA	NA	NA	NA	NA	NA	NA	NA	NA	NA	NA	NA	NA	NA	NA	NA	NA	NA	NA	NA	NA	NA	NA	NA	NA	NA	NA	NA	NA	NA	NA	NA	NA	NA	NA	NA	NA	NA	NA	NA	NA	NA	NA	NA	NA
cg11122456	NA	NA	NA	NA	NA	NA	NA	NA	NA	NA	NA	NA	NA	NA	NA	NA	NA	NA	NA	NA	NA	NA	NA	NA	NA	NA	NA	NA	NA	NA	NA	NA	NA	NA	NA	NA	NA	NA	NA	NA	NA	NA	NA	NA	NA	NA	NA	NA	NA	NA	NA	NA	NA	NA	NA	NA	NA	NA	NA	NA	NA	NA	NA	NA	NA	NA	NA	NA	NA	NA	NA	NA	NA	NA	NA	NA	NA	NA	NA	NA	NA	NA	NA	NA	NA	NA	NA
cg11131508	NA	NA	NA	NA	NA	NA	NA	NA	NA	NA	NA	NA	NA	NA	NA	NA	NA	NA	NA	NA	NA	NA	NA	NA	NA	NA	NA	NA	NA	NA	NA	NA	NA	NA	NA	NA	NA	NA	NA	NA	NA	NA	NA	NA	NA	NA	NA	NA	NA	NA	NA	NA	NA	NA	NA	NA	NA	NA	NA	NA	NA	NA	NA	NA	NA	NA	NA	NA	NA	NA	NA	NA	NA	NA	NA	NA	NA	NA	NA	NA	NA	NA	NA	NA	NA	NA	NA
cg11135347	NA	NA	NA	NA	NA	NA	NA	NA	NA	NA	NA	NA	NA	NA	NA	NA	NA	NA	NA	NA	NA	NA	NA	NA	NA	NA	NA	NA	NA	NA	NA	NA	NA	NA	NA	NA	NA	NA	NA	NA	NA	NA	NA	NA	NA	NA	NA	NA	NA	NA	NA	NA	NA	NA	NA	NA	NA	NA	NA	NA	NA	NA	NA	NA	NA	NA	NA	NA	NA	NA	NA	NA	NA	NA	NA	NA	NA	NA	NA	NA	NA	NA	NA	NA	NA	NA	NA
cg11136406	NA	NA	NA	NA	NA	NA	NA	NA	NA	NA	NA	NA	NA	NA	NA	NA	NA	NA	NA	NA	NA	NA	NA	NA	NA	NA	NA	NA	NA	NA	NA	NA	NA	NA	NA	NA	NA	NA	NA	NA	NA	NA	NA	NA	NA	NA	NA	NA	NA	NA	NA	NA	NA	NA	NA	NA	NA	NA	NA	NA	NA	NA	NA	NA	NA	NA	NA	NA	NA	NA	NA	NA	NA	NA	NA	NA	NA	NA	NA	NA	NA	NA	NA	NA	NA	NA	NA
cg11137761	NA	NA	NA	NA	NA	NA	NA	NA	NA	NA	NA	NA	NA	NA	NA	NA	NA	NA	NA	NA	NA	NA	NA	NA	NA	NA	NA	NA	NA	NA	NA	NA	NA	NA	NA	NA	NA	NA	NA	NA	NA	NA	NA	NA	NA	NA	NA	NA	NA	NA	NA	NA	NA	NA	NA	NA	NA	NA	NA	NA	NA	NA	NA	NA	NA	NA	NA	NA	NA	NA	NA	NA	NA	NA	NA	NA	NA	NA	NA	NA	NA	NA	NA	NA	NA	NA	NA
cg11163362	NA	NA	NA	NA	NA	NA	NA	NA	NA	NA	NA	NA	NA	NA	NA	NA	NA	NA	NA	NA	NA	NA	NA	NA	NA	NA	NA	NA	NA	NA	NA	NA	NA	NA	NA	NA	NA	NA	NA	NA	NA	NA	NA	NA	NA	NA	NA	NA	NA	NA	NA	NA	NA	NA	NA	NA	NA	NA	NA	NA	NA	NA	NA	NA	NA	NA	NA	NA	NA	NA	NA	NA	NA	NA	NA	NA	NA	NA	NA	NA	NA	NA	NA	NA	NA	NA	NA
cg11165316	NA	NA	NA	NA	NA	NA	NA	NA	NA	NA	NA	NA	NA	NA	NA	NA	NA	NA	NA	NA	NA	NA	NA	NA	NA	NA	NA	NA	NA	NA	NA	NA	NA	NA	NA	NA	NA	NA	NA	NA	NA	NA	NA	NA	NA	NA	NA	NA	NA	NA	NA	NA	NA	NA	NA	NA	NA	NA	NA	NA	NA	NA	NA	NA	NA	NA	NA	NA	NA	NA	NA	NA	NA	NA	NA	NA	NA	NA	NA	NA	NA	NA	NA	NA	NA	NA	NA
cg11166888	NA	NA	NA	NA	NA	NA	NA	NA	NA	NA	NA	NA	NA	NA	NA	NA	NA	NA	NA	NA	NA	NA	NA	NA	NA	NA	NA	NA	NA	NA	NA	NA	NA	NA	NA	NA	NA	NA	NA	NA	NA	NA	NA	NA	NA	NA	NA	NA	NA	NA	NA	NA	NA	NA	NA	NA	NA	NA	NA	NA	NA	NA	NA	NA	NA	NA	NA	NA	NA	NA	NA	NA	NA	NA	NA	NA	NA	NA	NA	NA	NA	NA	NA	NA	NA	NA	NA
cg11205224	NA	NA	NA	NA	NA	NA	NA	NA	NA	NA	NA	NA	NA	NA	NA	NA	NA	NA	NA	NA	NA	NA	NA	NA	NA	NA	NA	NA	NA	NA	NA	NA	NA	NA	NA	NA	NA	NA	NA	NA	NA	NA	NA	NA	NA	NA	NA	NA	NA	NA	NA	NA	NA	NA	NA	NA	NA	NA	NA	NA	NA	NA	NA	NA	NA	NA	NA	NA	NA	NA	NA	NA	NA	NA	NA	NA	NA	NA	NA	NA	NA	NA	NA	NA	NA	NA	NA
cg11212329	0.184006345488488	0.544410437606897	0.4579095808079	0.132069312662589	0.281356799842449	0.228126992783214	0.38573947267702	0.400285691278341	0.368031671749404	0.67814386128166	0.388471387569704	0.671689934837631	0.540641086695381	0.31439915736333	0.24924894155759	0.60614211169456	0.436818583553983	0.370641486102643	0.49338504163438	0.448339612784016	0.266092277147043	0.305451092860772	0.251595032198202	0.225169373055982	0.322927532082403	0.315309027451512	0.427898133029947	0.217722024531819	0.562820816488663	0.552687954521279	0.662577188651259	0.577431780260732	0.448959659607557	0.256598903761506	0.311132281407723	0.514392174536608	0.645636682761672	0.319389442986622	0.285674606705693	0.203719933977081	0.342388195598749	0.34097909067441	0.360795958395439	0.408514095336371	0.246213168569391	0.274765342214821	0.343144393438441	0.452798293039737	0.598053568328602	0.362991596938324	0.223897424617726	0.521187596094838	0.323196555350693	0.609056455991996	0.570793578972358	0.266485498609595	0.0740040511159176	0.357097787190088	0.237990022183468	0.66029667971769	0.210925864510844	0.599751565486403	0.605969458859428	0.413619434046521	0.538209814317269	0.246952278178365	0.169652750676657	0.516634358528937	0.161561070120614	0.387639341199444	0.425069793926466	0.856033577145368	0.249496098830971	0.62567536214658	0.238029440519082	0.604834832315047	0.31392422176257	0.674479362524749	0.225991493842834	0.128793276879348	0.693701364028708	0.423485458421089	0.300683377380169	0.199524951583266	0.384919589416412	0.213766394983983	0.654567872253084
cg11231740	NA	NA	NA	NA	NA	NA	NA	NA	NA	NA	NA	NA	NA	NA	NA	NA	NA	NA	NA	NA	NA	NA	NA	NA	NA	NA	NA	NA	NA	NA	NA	NA	NA	NA	NA	NA	NA	NA	NA	NA	NA	NA	NA	NA	NA	NA	NA	NA	NA	NA	NA	NA	NA	NA	NA	NA	NA	NA	NA	NA	NA	NA	NA	NA	NA	NA	NA	NA	NA	NA	NA	NA	NA	NA	NA	NA	NA	NA	NA	NA	NA	NA	NA	NA	NA	NA	NA
cg11239335	NA	NA	NA	NA	NA	NA	NA	NA	NA	NA	NA	NA	NA	NA	NA	NA	NA	NA	NA	NA	NA	NA	NA	NA	NA	NA	NA	NA	NA	NA	NA	NA	NA	NA	NA	NA	NA	NA	NA	NA	NA	NA	NA	NA	NA	NA	NA	NA	NA	NA	NA	NA	NA	NA	NA	NA	NA	NA	NA	NA	NA	NA	NA	NA	NA	NA	NA	NA	NA	NA	NA	NA	NA	NA	NA	NA	NA	NA	NA	NA	NA	NA	NA	NA	NA	NA	NA
cg11248957	NA	NA	NA	NA	NA	NA	NA	NA	NA	NA	NA	NA	NA	NA	NA	NA	NA	NA	NA	NA	NA	NA	NA	NA	NA	NA	NA	NA	NA	NA	NA	NA	NA	NA	NA	NA	NA	NA	NA	NA	NA	NA	NA	NA	NA	NA	NA	NA	NA	NA	NA	NA	NA	NA	NA	NA	NA	NA	NA	NA	NA	NA	NA	NA	NA	NA	NA	NA	NA	NA	NA	NA	NA	NA	NA	NA	NA	NA	NA	NA	NA	NA	NA	NA	NA	NA	NA
cg11332701	NA	NA	NA	NA	NA	NA	NA	NA	NA	NA	NA	NA	NA	NA	NA	NA	NA	NA	NA	NA	NA	NA	NA	NA	NA	NA	NA	NA	NA	NA	NA	NA	NA	NA	NA	NA	NA	NA	NA	NA	NA	NA	NA	NA	NA	NA	NA	NA	NA	NA	NA	NA	NA	NA	NA	NA	NA	NA	NA	NA	NA	NA	NA	NA	NA	NA	NA	NA	NA	NA	NA	NA	NA	NA	NA	NA	NA	NA	NA	NA	NA	NA	NA	NA	NA	NA	NA
cg11333436	NA	NA	NA	NA	NA	NA	NA	NA	NA	NA	NA	NA	NA	NA	NA	NA	NA	NA	NA	NA	NA	NA	NA	NA	NA	NA	NA	NA	NA	NA	NA	NA	NA	NA	NA	NA	NA	NA	NA	NA	NA	NA	NA	NA	NA	NA	NA	NA	NA	NA	NA	NA	NA	NA	NA	NA	NA	NA	NA	NA	NA	NA	NA	NA	NA	NA	NA	NA	NA	NA	NA	NA	NA	NA	NA	NA	NA	NA	NA	NA	NA	NA	NA	NA	NA	NA	NA
cg11335419	NA	NA	NA	NA	NA	NA	NA	NA	NA	NA	NA	NA	NA	NA	NA	NA	NA	NA	NA	NA	NA	NA	NA	NA	NA	NA	NA	NA	NA	NA	NA	NA	NA	NA	NA	NA	NA	NA	NA	NA	NA	NA	NA	NA	NA	NA	NA	NA	NA	NA	NA	NA	NA	NA	NA	NA	NA	NA	NA	NA	NA	NA	NA	NA	NA	NA	NA	NA	NA	NA	NA	NA	NA	NA	NA	NA	NA	NA	NA	NA	NA	NA	NA	NA	NA	NA	NA
cg11343941	0.952162225849481	0.970361669014106	0.963312477455573	0.942411533560594	0.944454763473947	0.943459983651965	0.950033430708589	0.96617141912473	0.951723826753477	0.940411420639952	0.935293695346766	0.947452573985869	0.938294944218766	0.94621641119653	0.946746428619109	0.9409553833012	0.94505836203714	0.954263729082155	0.95342248140047	0.958076872740106	0.926607970713617	0.962481743966951	0.948872097367693	0.944049444009969	0.940163158389997	0.959939249470176	0.947123391804947	0.952876528116406	0.952752115058744	0.9572278310668	0.962146948375856	0.941258131080312	0.9458606383064	0.957046978287399	0.970269310733744	0.954219898590124	0.945631321524514	0.952264553909939	0.9544560336383	0.938956777274435	0.947036226201474	0.94231305645455	0.949514035501011	0.953214904102628	0.956600223215153	0.959975187115823	0.837153289890213	0.949032353142379	0.942924468164899	0.934371030414083	0.952089294678038	0.952665840160109	0.952225745025082	0.940790029856653	0.957009901530117	0.935346541230736	0.928777489277737	0.959033969484067	0.960848538060533	0.949015204052904	0.948975603973329	0.963299395813561	0.958804648328747	0.954782698711008	0.931034842241487	0.933132379769186	0.954657794443408	0.954165020199822	0.965257500105698	0.965540550107441	0.965700937857975	0.945045844113404	0.935882303520088	0.950176848382968	0.951335265668501	0.953763076533253	0.949466623599759	0.955627556358965	0.951032884147248	0.957893081005701	0.960510259698909	0.953804194725826	0.959522606236804	0.957303799838226	0.931900574738851	0.958203271132626	0.928656880887074
cg11345718	NA	NA	NA	NA	NA	NA	NA	NA	NA	NA	NA	NA	NA	NA	NA	NA	NA	NA	NA	NA	NA	NA	NA	NA	NA	NA	NA	NA	NA	NA	NA	NA	NA	NA	NA	NA	NA	NA	NA	NA	NA	NA	NA	NA	NA	NA	NA	NA	NA	NA	NA	NA	NA	NA	NA	NA	NA	NA	NA	NA	NA	NA	NA	NA	NA	NA	NA	NA	NA	NA	NA	NA	NA	NA	NA	NA	NA	NA	NA	NA	NA	NA	NA	NA	NA	NA	NA
cg11359737	NA	NA	NA	NA	NA	NA	NA	NA	NA	NA	NA	NA	NA	NA	NA	NA	NA	NA	NA	NA	NA	NA	NA	NA	NA	NA	NA	NA	NA	NA	NA	NA	NA	NA	NA	NA	NA	NA	NA	NA	NA	NA	NA	NA	NA	NA	NA	NA	NA	NA	NA	NA	NA	NA	NA	NA	NA	NA	NA	NA	NA	NA	NA	NA	NA	NA	NA	NA	NA	NA	NA	NA	NA	NA	NA	NA	NA	NA	NA	NA	NA	NA	NA	NA	NA	NA	NA
cg11363234	0.864251207789788	0.851328238466856	0.822260937186127	0.682198599387056	0.695297410606415	0.631850129674743	0.670426897401858	0.782437700514774	0.715720863540895	0.846996791257748	0.674297556307214	0.888606891381058	0.871564713017914	0.717995173433066	0.737977376815229	0.802362703245813	0.739911410374928	0.622306858982084	0.655136934412283	0.91358560361898	0.854005977864037	0.748381858396317	0.816656036300158	0.873108732178769	0.373411346976138	0.851107068589374	0.809744870882323	0.556267905596045	0.852088300137053	0.689284926135159	0.846339979811474	0.835025200551185	0.600092683924753	0.866264988567949	0.724677926221087	0.689305226596271	0.72232971127782	0.779509164695504	0.822613025653117	0.835881086466291	0.766009222739821	0.747340474301711	0.85268429924218	0.807442455601147	0.926364548981071	0.849354735742029	0.480971643134854	0.802015548202922	0.868681505290796	0.869572466277843	0.857157408776421	0.904996541453404	0.787190255227414	0.902938328779701	0.810107132972922	0.722828994613344	0.821764320100946	0.85753386685066	0.312960576920865	0.894738819570817	0.449097086631397	0.539948596609939	0.846160739694434	0.772634753566834	0.698999514937485	0.746393029477697	0.89187568297847	0.734493751581296	0.858888432371896	0.831652786095186	0.827823389088097	0.920375831613205	0.885373045431415	0.436360283740564	0.792406608821842	0.839002280763675	0.517618127744679	0.769181665572062	0.848979724717494	0.632984195794173	0.85302661178214	0.937750337040226	0.870340869585428	0.641085515976859	0.712469843695673	0.799479452573948	0.732781182724215
cg11380503	NA	NA	NA	NA	NA	NA	NA	NA	NA	NA	NA	NA	NA	NA	NA	NA	NA	NA	NA	NA	NA	NA	NA	NA	NA	NA	NA	NA	NA	NA	NA	NA	NA	NA	NA	NA	NA	NA	NA	NA	NA	NA	NA	NA	NA	NA	NA	NA	NA	NA	NA	NA	NA	NA	NA	NA	NA	NA	NA	NA	NA	NA	NA	NA	NA	NA	NA	NA	NA	NA	NA	NA	NA	NA	NA	NA	NA	NA	NA	NA	NA	NA	NA	NA	NA	NA	NA
cg11427900	NA	NA	NA	NA	NA	NA	NA	NA	NA	NA	NA	NA	NA	NA	NA	NA	NA	NA	NA	NA	NA	NA	NA	NA	NA	NA	NA	NA	NA	NA	NA	NA	NA	NA	NA	NA	NA	NA	NA	NA	NA	NA	NA	NA	NA	NA	NA	NA	NA	NA	NA	NA	NA	NA	NA	NA	NA	NA	NA	NA	NA	NA	NA	NA	NA	NA	NA	NA	NA	NA	NA	NA	NA	NA	NA	NA	NA	NA	NA	NA	NA	NA	NA	NA	NA	NA	NA
cg11429177	NA	NA	NA	NA	NA	NA	NA	NA	NA	NA	NA	NA	NA	NA	NA	NA	NA	NA	NA	NA	NA	NA	NA	NA	NA	NA	NA	NA	NA	NA	NA	NA	NA	NA	NA	NA	NA	NA	NA	NA	NA	NA	NA	NA	NA	NA	NA	NA	NA	NA	NA	NA	NA	NA	NA	NA	NA	NA	NA	NA	NA	NA	NA	NA	NA	NA	NA	NA	NA	NA	NA	NA	NA	NA	NA	NA	NA	NA	NA	NA	NA	NA	NA	NA	NA	NA	NA
cg11445797	0.115067171910015	0.61548401852538	0.911939517219958	0.904870960405022	0.917265910972613	0.796250804096941	0.907733916039846	0.943756751635978	0.92951155602553	0.233646565596787	0.216355556011988	0.810902478343116	0.705374459049726	0.781373861137384	0.894095856492948	0.898801626242294	0.888726793861492	0.931172766787209	0.907088558428564	0.919519116029638	0.904576176972921	0.900041368377438	0.911124060552625	0.866636997295941	0.930515591669825	0.874446466252697	0.896290987489768	0.869659534600039	0.881072959252203	0.924818488432217	0.903625519810686	0.880112677401578	0.915546122389197	0.895097112726315	0.91315701986919	0.874346687179904	0.888861187672953	0.929501496492374	0.908908137864826	0.91138710801343	0.849566166152533	0.908682625148854	0.918672259876552	0.902720476551099	0.890131288612946	0.883335166254282	0.858525125593371	0.909597369283428	NA	0.903216507518309	0.928209032638839	0.855111732670215	0.918693660805214	0.915861096683934	0.929282058888172	0.915583603811781	0.855634264028655	0.889796933467771	0.664368473009683	0.898958816193671	0.873652501850353	0.896994530635784	0.896779098858832	0.899690353020831	0.906305559563671	0.921912074317071	0.912890087498463	0.923383197594168	0.920742892527663	0.927645379002439	0.92623995529796	0.929877163282482	0.856206899412023	0.933658408841983	0.803280860959669	0.915037047397288	0.880555419371033	0.900121741473908	0.886478075022087	0.898466490801236	0.909657949730265	0.895630355086557	0.917467889998714	0.772855206911088	0.762088543618407	0.828971289941802	0.888674190475891
cg11451315	0.952187785087934	0.950731406865694	0.942364184105943	0.936087861975651	0.929510300322357	0.914162134332009	0.937806845123448	0.967321457081155	0.380963969862956	0.954979890144504	0.937386368708584	0.940086209699932	0.929066644841479	0.941204057274496	0.746067369592098	0.944112818934765	0.911857862913659	0.959959397882898	0.932675851328027	0.954209723179414	0.962288806955106	0.920329029358604	0.952804689213933	0.928905068364152	0.952470046720425	0.949128029946545	0.935127431491694	0.947918205369528	0.932353687630816	0.949805432867983	0.937081021856567	0.949405662737322	0.943363745683019	0.942949656977091	0.833269585774814	0.945607583464985	0.905830763409504	0.947162200496763	0.944778695885732	0.929778794485085	0.938313552647902	0.924797336385082	0.938682087112483	0.941967549010399	0.95297052904317	0.946579863624352	0.938802194287009	0.948363190163709	0.928272479477803	0.95019601821549	0.957821537927105	0.953079016654633	0.944408060922575	0.950033591556609	0.949268789775763	0.65116861838288	0.928725832194665	0.93347876961322	0.395384591933736	0.932974837929583	0.919460036037799	0.93866331669504	0.93989899757103	0.913249114681919	0.917203754213148	0.923892961716019	0.913892806001146	0.932116200471272	0.946380405798252	0.947639132977718	0.938804156804119	0.94165546313912	0.959271853095421	0.815663670992674	0.94491430855927	0.948387970865179	0.912172916724139	0.944500384111002	0.925695644350301	0.930686413495297	0.959366176293258	0.941163779023814	0.947900465954264	0.936149476218892	0.871613586530904	0.912679808359755	0.957693066731983
cg11521212	NA	0.831816478529288	0.82677596592722	0.849224222131115	0.684887117384198	NA	NA	0.808230104137085	NA	0.833837704397872	NA	0.806678932922792	NA	NA	NA	0.801562494202889	0.742877837864327	NA	NA	0.869966332298745	0.9219880632423	0.830013084897072	0.850582523863564	NA	NA	0.773733426331446	0.736194862240403	NA	0.813498661547423	0.852198014081369	0.810927544368168	0.78314845600831	NA	NA	NA	0.821486457536566	0.752521751823288	NA	NA	NA	NA	NA	NA	0.814938472732564	0.792576692283082	NA	0.781096157221353	0.791986162095936	NA	0.817985103239978	NA	0.83268006359726	0.784702838967633	0.864087178086017	0.781507607155017	NA	0.815369535513017	0.842382538056456	NA	NA	NA	NA	NA	0.827020899227982	0.852718517243791	NA	NA	NA	NA	NA	0.783526732145233	0.916564335925563	NA	0.818147606711776	NA	0.778852607198846	0.778731251442704	0.852391836587266	NA	NA	0.833883856795297	0.86180949550039	NA	NA	NA	NA	0.797476928211746
cg11546131	0.854468836720543	0.943796163129512	0.884244118934948	0.932739004829661	0.904023121184945	0.811181006088463	0.905349613534901	0.873102688377515	0.928725754396802	0.860826147173292	0.77967250094326	0.908738225895819	0.886645880435909	0.840525254537504	0.911937083136119	0.802708677597313	0.7104284404003	0.853314050013523	0.93731253402123	0.931248049874999	0.639864409528156	0.889333347675653	0.913755113023031	0.805281808662324	0.891734492192822	0.920655557087615	0.905292681155163	0.932352095781339	0.815953886838781	0.935840827875548	0.863138198227697	0.91369054475913	0.904988345938458	0.832498644040382	0.778947834648275	0.848060372831707	0.83910903505015	0.906245533778772	0.903724803737952	0.909017228691126	0.890090300602028	0.904196853965692	0.878162424675198	0.916446199765494	0.9188621031561	0.926446787082872	0.852660112262331	0.885630440392574	0.940584915876802	0.895002679782697	0.916493415604308	0.930813235739436	0.854849708012275	0.918275084650362	0.849320718184645	0.922465052544076	0.919318818076165	0.912931382944468	0.872221240788349	0.889084261326002	0.954432344241114	0.942742068710368	0.893665900734092	0.818284863141657	0.886724043676225	0.919070581607083	0.918370869356501	0.896434311901064	0.883848026724874	0.898137252037351	0.903061804446548	0.956409974236775	0.928650276902059	0.865781380375712	0.889145902271863	0.894398947874249	0.790479131909748	0.899301848905245	0.803013001734721	0.92132123442236	0.928229903313841	0.91641666633505	0.88625108239415	0.856116603752763	0.763937345845313	0.94350274755673	0.878496436566815
cg11549871	NA	NA	NA	NA	NA	NA	NA	NA	NA	NA	NA	NA	NA	NA	NA	NA	NA	NA	NA	NA	NA	NA	NA	NA	NA	NA	NA	NA	NA	NA	NA	NA	NA	NA	NA	NA	NA	NA	NA	NA	NA	NA	NA	NA	NA	NA	NA	NA	NA	NA	NA	NA	NA	NA	NA	NA	NA	NA	NA	NA	NA	NA	NA	NA	NA	NA	NA	NA	NA	NA	NA	NA	NA	NA	NA	NA	NA	NA	NA	NA	NA	NA	NA	NA	NA	NA	NA
cg11648402	NA	NA	NA	NA	NA	NA	NA	NA	NA	NA	NA	NA	NA	NA	NA	NA	NA	NA	NA	NA	NA	NA	NA	NA	NA	NA	NA	NA	NA	NA	NA	NA	NA	NA	NA	NA	NA	NA	NA	NA	NA	NA	NA	NA	NA	NA	NA	NA	NA	NA	NA	NA	NA	NA	NA	NA	NA	NA	NA	NA	NA	NA	NA	NA	NA	NA	NA	NA	NA	NA	NA	NA	NA	NA	NA	NA	NA	NA	NA	NA	NA	NA	NA	NA	NA	NA	NA
cg11686069	NA	NA	NA	NA	NA	NA	NA	NA	NA	NA	NA	NA	NA	NA	NA	NA	NA	NA	NA	NA	NA	NA	NA	NA	NA	NA	NA	NA	NA	NA	NA	NA	NA	NA	NA	NA	NA	NA	NA	NA	NA	NA	NA	NA	NA	NA	NA	NA	NA	NA	NA	NA	NA	NA	NA	NA	NA	NA	NA	NA	NA	NA	NA	NA	NA	NA	NA	NA	NA	NA	NA	NA	NA	NA	NA	NA	NA	NA	NA	NA	NA	NA	NA	NA	NA	NA	NA
cg11688553	0.763385453110706	0.929681771494786	0.855198076865671	0.904083792356124	0.542162942735368	0.59350678513829	0.920363361436116	0.855172329268601	0.365183246747374	0.952951648813585	0.578737211069598	0.945038228077116	0.866230098565747	0.861031676219932	0.873590351217631	0.911205440857716	0.902542319152627	0.857494821552394	0.891003019552367	0.624118729425243	0.705670283245193	0.948353411893991	0.864145920172837	0.870961800834978	0.396317247492438	0.73376550178667	0.936330398234316	0.957995261668111	0.899871792823022	0.94011868812627	0.913571255032155	0.935559334206894	0.935452477959061	0.904092276687993	0.86831129403073	0.803063356078218	0.751672175126372	0.896337804323919	0.648297896913259	0.939365252283369	0.698432401043977	0.919200735056644	0.637737308652427	0.900480157538272	0.861583803255431	0.800547562030993	0.759974578290044	0.92733949611948	0.949200854114305	0.942222569068823	0.877721638169354	0.673091703571387	0.879088989742262	0.939174638855977	0.910095460609549	0.852527044087403	0.961279285224679	0.928229390442895	0.627778379935334	0.841086784601042	0.907321135987254	0.725690111480683	0.923633297725655	0.903487548261215	0.876378466268397	0.476173643434844	0.938757272446347	0.758768744480297	0.817005543224006	0.960916183712954	0.900759884819294	0.944363279900005	0.897773608481168	0.929873384045696	0.826716758000012	0.68379135669301	0.834333748390444	0.831673510943632	0.606548331494135	0.799979671104746	0.924171552941775	0.806892444409866	0.955128234560797	0.620112217140598	0.717863676724008	0.857491414638152	0.327560359844087
cg11722990	NA	NA	NA	NA	NA	NA	NA	NA	NA	NA	NA	NA	NA	NA	NA	NA	NA	NA	NA	NA	NA	NA	NA	NA	NA	NA	NA	NA	NA	NA	NA	NA	NA	NA	NA	NA	NA	NA	NA	NA	NA	NA	NA	NA	NA	NA	NA	NA	NA	NA	NA	NA	NA	NA	NA	NA	NA	NA	NA	NA	NA	NA	NA	NA	NA	NA	NA	NA	NA	NA	NA	NA	NA	NA	NA	NA	NA	NA	NA	NA	NA	NA	NA	NA	NA	NA	NA
cg11753004	NA	NA	NA	NA	NA	NA	NA	NA	NA	NA	NA	NA	NA	NA	NA	NA	NA	NA	NA	NA	NA	NA	NA	NA	NA	NA	NA	NA	NA	NA	NA	NA	NA	NA	NA	NA	NA	NA	NA	NA	NA	NA	NA	NA	NA	NA	NA	NA	NA	NA	NA	NA	NA	NA	NA	NA	NA	NA	NA	NA	NA	NA	NA	NA	NA	NA	NA	NA	NA	NA	NA	NA	NA	NA	NA	NA	NA	NA	NA	NA	NA	NA	NA	NA	NA	NA	NA
cg11796578	0.944075009207356	0.906106117299426	0.911232721844281	0.903557828670271	0.87358023801794	0.877409010536775	0.875055443684041	0.926580292131905	NA	0.898886404134872	0.866212071844952	0.884027135686675	0.882783552895608	0.911352472779953	0.795726490781486	0.920520165280675	0.876629976606205	0.831772095854508	0.886851432776023	0.897873409394176	0.9407266658738	0.923469504346647	0.912343093388487	0.899102456943293	0.897694422309875	0.903115664265922	0.89124377802289	0.895742183948204	0.888229426147492	0.885976481190883	0.916204523220018	0.911166894386878	0.882652946382708	0.896332881875927	0.89137308661777	0.903386410210715	0.897043139787535	0.938324578637448	0.898909399465874	0.898172254771098	0.877354434326092	0.881905988122039	0.912441973732165	0.898993409040858	0.883510348450909	0.863460483476749	0.901001374228901	0.913211296586425	NA	0.895919318291465	0.924207791029387	0.879507779981033	0.892005009253092	0.900241061536396	0.919136926667255	0.900986302532913	0.849665372859349	0.867811387227849	0.888817980224614	0.892213361343181	NA	0.927264740392201	0.869914080081017	0.909713321461055	0.920195793324198	0.863340344141208	0.921368286722981	0.890838146351082	0.929060033686481	0.899537157538056	0.869005796308642	0.904697836077931	0.896757238743525	0.892995098682433	0.868374486553893	0.904112853887751	0.831396547730022	0.893904165428608	0.913221300589377	0.702241920551349	0.91894661368817	0.925597399854449	0.844718746639347	0.931103352120762	0.909096837747859	0.893451911040155	0.901841241518561
cg11806813	NA	NA	NA	NA	NA	NA	NA	NA	NA	NA	NA	NA	NA	NA	NA	NA	NA	NA	NA	NA	NA	NA	NA	NA	NA	NA	NA	NA	NA	NA	NA	NA	NA	NA	NA	NA	NA	NA	NA	NA	NA	NA	NA	NA	NA	NA	NA	NA	NA	NA	NA	NA	NA	NA	NA	NA	NA	NA	NA	NA	NA	NA	NA	NA	NA	NA	NA	NA	NA	NA	NA	NA	NA	NA	NA	NA	NA	NA	NA	NA	NA	NA	NA	NA	NA	NA	NA
cg11816434	0.603588370753674	0.72597623688494	0.820654297144262	0.435956183378937	0.536064434278951	0.54460014823373	0.596762485202592	0.833890249737874	0.427537649966225	0.887533533330536	0.806712974765948	0.584059501064287	0.872927918745071	0.790284915963464	0.627991547073054	0.784101372607698	0.773324189683058	0.588291877510029	0.743495357967514	0.895465936622865	0.82625836298804	0.810647033287709	0.71769665544872	0.814398689922055	0.884884095881189	0.750338979787741	0.827611262959934	0.728883433065973	0.834499316673632	0.933689889666014	0.85359479473274	0.866737550640487	0.577664108785974	0.567585213784985	0.779876368274877	0.657569895071857	0.772202513165995	0.905247341216073	0.671658700944399	0.83336997291255	0.706146860823194	0.717246577797214	0.850350045036582	0.731386792308922	0.706542262867871	0.5860039775282	0.912809077894828	0.812982029032948	0.871124373211883	0.839517218262399	0.77874448748343	0.650991894506952	0.653655209259795	0.600892819138949	0.804423617274059	0.742593494071793	0.830899281488643	0.864388861394588	0.608230016811133	0.878873778727608	0.805477141970485	0.896750703390002	0.886884791165686	0.723588715311167	0.7630299103305	0.545423508193386	0.389331667129854	0.757681363800798	0.576478217725929	0.891330546696573	0.820542364475416	0.915815516331492	0.608364411852256	0.861645075259852	0.752599861861953	0.864910662979093	0.696860582665495	0.869128838453384	0.481442730974279	0.846063435313355	0.869917278922054	0.827083135504099	0.884025909239687	0.821229851711514	0.6812132033939	0.632109741090318	0.816992180552321
cg11827743	0.627214904119965	0.798846417035888	0.96941236577063	0.972928092192904	0.882148799586074	0.844847831020959	0.962618081538715	0.954563880571298	0.909857913763776	0.650579230425561	0.82487239591016	0.970056595506713	0.962883219741964	0.801828278995648	0.944399506640874	0.960975304521376	0.962488775610315	0.949826591590601	0.965807261333327	0.958191979912433	0.974266776310416	0.944275463844556	0.961829120193255	0.947972009077437	0.95790342349424	0.963372918744481	0.958512121231451	0.959496395304923	0.953829232279472	0.964436644965664	0.965389734505689	0.733679520115296	0.973644455236751	0.96023332047199	0.955216609706559	0.964394170969587	0.954423151323585	0.968218118587413	0.963589261493629	0.969239886972167	0.926799903140096	0.920881626170642	0.914280512641426	0.966995225777099	0.94391288676978	0.964467784593695	0.95499461401421	0.958726655812206	0.973239061707964	0.970035303778664	0.954810552565286	0.963914646816534	0.9560386701111	0.96325814167672	0.775965472461223	0.911351730515267	0.957697614551144	0.768754436278537	0.869283338101251	0.962463186380828	0.957693319995186	0.96595252629213	0.953897524573657	0.967066081310932	0.955509372056568	0.921733964194471	0.960804229119473	0.96652166886982	0.958861615952759	0.958934034674711	0.955720006364423	0.971965331785392	0.959749658640922	0.961837832988681	0.957491758008096	0.960512823624636	0.953258824671058	0.965312366798076	0.85968538749068	0.966115597140456	0.965563500583103	0.717238084355848	0.960973350797838	0.960966810123313	0.967577060996932	0.965963606197731	0.950551140383475
cg11846226	NA	NA	NA	NA	NA	NA	NA	NA	NA	NA	NA	NA	NA	NA	NA	NA	NA	NA	NA	NA	NA	NA	NA	NA	NA	NA	NA	NA	NA	NA	NA	NA	NA	NA	NA	NA	NA	NA	NA	NA	NA	NA	NA	NA	NA	NA	NA	NA	NA	NA	NA	NA	NA	NA	NA	NA	NA	NA	NA	NA	NA	NA	NA	NA	NA	NA	NA	NA	NA	NA	NA	NA	NA	NA	NA	NA	NA	NA	NA	NA	NA	NA	NA	NA	NA	NA	NA
cg11930700	NA	NA	NA	NA	NA	NA	NA	NA	NA	NA	NA	NA	NA	NA	NA	NA	NA	NA	NA	NA	NA	NA	NA	NA	NA	NA	NA	NA	NA	NA	NA	NA	NA	NA	NA	NA	NA	NA	NA	NA	NA	NA	NA	NA	NA	NA	NA	NA	NA	NA	NA	NA	NA	NA	NA	NA	NA	NA	NA	NA	NA	NA	NA	NA	NA	NA	NA	NA	NA	NA	NA	NA	NA	NA	NA	NA	NA	NA	NA	NA	NA	NA	NA	NA	NA	NA	NA
cg11968166	NA	NA	NA	NA	NA	NA	NA	NA	NA	NA	NA	NA	NA	NA	NA	NA	NA	NA	NA	NA	NA	NA	NA	NA	NA	NA	NA	NA	NA	NA	NA	NA	NA	NA	NA	NA	NA	NA	NA	NA	NA	NA	NA	NA	NA	NA	NA	NA	NA	NA	NA	NA	NA	NA	NA	NA	NA	NA	NA	NA	NA	NA	NA	NA	NA	NA	NA	NA	NA	NA	NA	NA	NA	NA	NA	NA	NA	NA	NA	NA	NA	NA	NA	NA	NA	NA	NA
cg12049322	NA	NA	NA	NA	NA	NA	NA	NA	NA	NA	NA	NA	NA	NA	NA	NA	NA	NA	NA	NA	NA	NA	NA	NA	NA	NA	NA	NA	NA	NA	NA	NA	NA	NA	NA	NA	NA	NA	NA	NA	NA	NA	NA	NA	NA	NA	NA	NA	NA	NA	NA	NA	NA	NA	NA	NA	NA	NA	NA	NA	NA	NA	NA	NA	NA	NA	NA	NA	NA	NA	NA	NA	NA	NA	NA	NA	NA	NA	NA	NA	NA	NA	NA	NA	NA	NA	NA
cg12101572	NA	NA	NA	NA	NA	NA	NA	NA	NA	NA	NA	NA	NA	NA	NA	NA	NA	NA	NA	NA	NA	NA	NA	NA	NA	NA	NA	NA	NA	NA	NA	NA	NA	NA	NA	NA	NA	NA	NA	NA	NA	NA	NA	NA	NA	NA	NA	NA	NA	NA	NA	NA	NA	NA	NA	NA	NA	NA	NA	NA	NA	NA	NA	NA	NA	NA	NA	NA	NA	NA	NA	NA	NA	NA	NA	NA	NA	NA	NA	NA	NA	NA	NA	NA	NA	NA	NA
cg12103802	NA	NA	NA	NA	NA	NA	NA	NA	NA	NA	NA	NA	NA	NA	NA	NA	NA	NA	NA	NA	NA	NA	NA	NA	NA	NA	NA	NA	NA	NA	NA	NA	NA	NA	NA	NA	NA	NA	NA	NA	NA	NA	NA	NA	NA	NA	NA	NA	NA	NA	NA	NA	NA	NA	NA	NA	NA	NA	NA	NA	NA	NA	NA	NA	NA	NA	NA	NA	NA	NA	NA	NA	NA	NA	NA	NA	NA	NA	NA	NA	NA	NA	NA	NA	NA	NA	NA
cg12113981	0.414318991973819	0.85010539148885	0.592076061732245	0.813721800515806	0.429500443038151	0.621034499515134	0.781986243004538	0.769912716915811	0.191647710185264	0.878371401428063	0.820165615275122	0.513081263877501	0.824997988344008	0.78808863602875	0.599778149130332	0.799684938912072	0.737903989728722	0.631752424352233	0.612396595412539	0.858007627791591	0.400763564677574	0.814057834134042	0.804349328398097	0.289638974047124	0.89361040968753	0.76849743566128	0.79983192103336	0.415166822925422	0.717272758277848	0.913236497618602	0.816084939951514	0.904053479506899	0.903865024005499	0.372584629035177	0.672538679356937	0.652373154094336	0.752402696428132	0.847566084276034	0.477849460716982	0.651479438228964	0.616298219810066	0.450065531442034	0.891919395338953	0.861711994102286	0.315862747498737	0.571190957368007	0.601147642995903	0.73984422111686	NA	0.774557392104281	0.849771577716746	0.423774892955701	0.726487703688193	0.886806320655117	0.735893289693699	0.446669796046353	0.739718059566307	0.888983815915321	0.337640790551736	0.925807330810612	0.754792904984012	0.900599973195059	0.84499518111096	0.669726519083309	0.836425810070112	0.363717899759485	0.896294887755225	0.638461240960408	0.336628449989905	0.800443118884934	0.733009638677364	0.912186540687596	0.790139848805601	0.861406826143542	0.735177113285108	0.68507157597387	0.60059666792449	0.900527849305008	0.467839555671911	0.719589328830632	0.879238425910845	0.887906666663967	0.94062269382207	0.584973378798814	0.6331284246175	0.296852019015557	0.880791497807669
cg12135953	0.939263236360269	0.925937684919719	0.89973740510331	0.932604758749978	0.697466585963635	0.725894471522214	0.904631386344874	0.938159433516951	0.32967296476387	0.925851987782241	0.876576003657796	0.924078781229995	0.886345184886187	0.951011545269877	0.745339603482196	0.922770942494758	0.916036032426954	0.909234850242843	0.9278379056035	0.760733894750611	0.908286779226313	0.914240553453353	0.919229084145498	0.913131487075695	0.913728059912979	0.926088254752723	0.920990215284385	0.915081517727533	0.912626415535647	0.917015402957842	0.945975212002477	0.937536463427145	0.925601834741087	0.91666300557772	0.882296268770527	0.91629074046621	0.886630280297264	0.949721681376368	0.876959736525388	0.895911207471518	0.888528757583027	0.85259597053897	0.926193772340337	0.933623764788264	0.898801728210161	0.547711248443746	0.887068664267558	0.885456503250444	0.900618469322686	0.884851586779412	0.883009102017939	0.933203889281571	0.92778175510699	0.910024616447744	0.932919212029982	0.905145351644345	0.932509164808299	0.927091671486855	0.887694318628208	0.945523788532355	0.825036725263073	0.92979772107205	0.885165622533559	0.917450121049905	0.936745881041315	0.811486020318482	0.941627346899333	0.921151613587121	0.929506448947697	0.905703859356531	0.893097868339241	0.960205850812839	0.919423552715262	0.910874210234344	0.893100136689419	0.925857842677752	0.901767948047042	0.922442248176859	0.911092705235354	0.918203773208179	0.94199311078949	0.942149097244824	0.93466925267747	0.857707710815299	0.877638630689189	0.933412097126423	0.934718517005036
cg12159166	0.939305586472996	0.936091736087336	0.936281483807882	0.881325141065735	0.925384385028116	0.918791188389427	0.932218711806529	0.938914151070307	0.923317352266335	0.951943879560275	0.90420140965903	0.906615325782943	0.933825670976062	0.943043303889814	0.904254449024294	0.906164329372511	0.900531862659249	0.896506517247327	0.929903914574287	0.930932036516442	0.931822349917956	0.92777277780058	0.834340225646306	0.925227387436115	0.951075788214097	0.942323130555474	0.877795619411889	0.922967622529403	0.886187915874176	0.947033671842794	0.944814682705402	0.928154163385888	0.9355514179141	0.947685173126928	0.939874145585718	0.910390108746262	0.91032089311519	0.933710597290723	0.885843614454489	0.937477512115579	0.9419573838789	0.931090698938396	0.93699696416084	0.925000685030994	0.935985905994274	0.948014883618952	0.931823802793095	0.862135663269251	0.928045942333749	0.908866442258666	0.941417457108302	0.921103494927628	0.824011364738585	0.921447560460248	0.91225807225228	0.892388897363944	0.938778697834708	0.936026253085341	0.91561272475744	0.925304962177628	0.896705529646185	0.935745462298803	0.900144507062086	0.942999711068841	0.941639499515454	0.909369868976986	0.951851117931298	0.935040555082573	0.932029681363443	0.877471873655712	0.935708806837338	0.956144068523425	0.925412489517855	0.928290049919239	0.915571034413657	0.933093413961644	0.797293385942697	0.929269552555308	0.906389700548396	0.934635715064699	0.921208788944714	0.941631440920266	0.931988369871094	0.930408349154217	0.909508599494002	0.933008368807601	0.936757322670273
cg12190125	NA	NA	NA	NA	NA	NA	NA	NA	NA	NA	NA	NA	NA	NA	NA	NA	NA	NA	NA	NA	NA	NA	NA	NA	NA	NA	NA	NA	NA	NA	NA	NA	NA	NA	NA	NA	NA	NA	NA	NA	NA	NA	NA	NA	NA	NA	NA	NA	NA	NA	NA	NA	NA	NA	NA	NA	NA	NA	NA	NA	NA	NA	NA	NA	NA	NA	NA	NA	NA	NA	NA	NA	NA	NA	NA	NA	NA	NA	NA	NA	NA	NA	NA	NA	NA	NA	NA
cg12205645	NA	NA	NA	NA	NA	NA	NA	NA	NA	NA	NA	NA	NA	NA	NA	NA	NA	NA	NA	NA	NA	NA	NA	NA	NA	NA	NA	NA	NA	NA	NA	NA	NA	NA	NA	NA	NA	NA	NA	NA	NA	NA	NA	NA	NA	NA	NA	NA	NA	NA	NA	NA	NA	NA	NA	NA	NA	NA	NA	NA	NA	NA	NA	NA	NA	NA	NA	NA	NA	NA	NA	NA	NA	NA	NA	NA	NA	NA	NA	NA	NA	NA	NA	NA	NA	NA	NA
cg12221729	NA	NA	NA	NA	NA	NA	NA	NA	NA	NA	NA	NA	NA	NA	NA	NA	NA	NA	NA	NA	NA	NA	NA	NA	NA	NA	NA	NA	NA	NA	NA	NA	NA	NA	NA	NA	NA	NA	NA	NA	NA	NA	NA	NA	NA	NA	NA	NA	NA	NA	NA	NA	NA	NA	NA	NA	NA	NA	NA	NA	NA	NA	NA	NA	NA	NA	NA	NA	NA	NA	NA	NA	NA	NA	NA	NA	NA	NA	NA	NA	NA	NA	NA	NA	NA	NA	NA
cg12224855	NA	NA	NA	NA	NA	NA	NA	NA	NA	NA	NA	NA	NA	NA	NA	NA	NA	NA	NA	NA	NA	NA	NA	NA	NA	NA	NA	NA	NA	NA	NA	NA	NA	NA	NA	NA	NA	NA	NA	NA	NA	NA	NA	NA	NA	NA	NA	NA	NA	NA	NA	NA	NA	NA	NA	NA	NA	NA	NA	NA	NA	NA	NA	NA	NA	NA	NA	NA	NA	NA	NA	NA	NA	NA	NA	NA	NA	NA	NA	NA	NA	NA	NA	NA	NA	NA	NA
cg12248480	NA	NA	NA	NA	NA	NA	NA	NA	NA	NA	NA	NA	NA	NA	NA	NA	NA	NA	NA	NA	NA	NA	NA	NA	NA	NA	NA	NA	NA	NA	NA	NA	NA	NA	NA	NA	NA	NA	NA	NA	NA	NA	NA	NA	NA	NA	NA	NA	NA	NA	NA	NA	NA	NA	NA	NA	NA	NA	NA	NA	NA	NA	NA	NA	NA	NA	NA	NA	NA	NA	NA	NA	NA	NA	NA	NA	NA	NA	NA	NA	NA	NA	NA	NA	NA	NA	NA
cg12252868	NA	NA	NA	NA	NA	NA	NA	NA	NA	NA	NA	NA	NA	NA	NA	NA	NA	NA	NA	NA	NA	NA	NA	NA	NA	NA	NA	NA	NA	NA	NA	NA	NA	NA	NA	NA	NA	NA	NA	NA	NA	NA	NA	NA	NA	NA	NA	NA	NA	NA	NA	NA	NA	NA	NA	NA	NA	NA	NA	NA	NA	NA	NA	NA	NA	NA	NA	NA	NA	NA	NA	NA	NA	NA	NA	NA	NA	NA	NA	NA	NA	NA	NA	NA	NA	NA	NA
cg12284736	NA	NA	NA	NA	NA	NA	NA	NA	NA	NA	NA	NA	NA	NA	NA	NA	NA	NA	NA	NA	NA	NA	NA	NA	NA	NA	NA	NA	NA	NA	NA	NA	NA	NA	NA	NA	NA	NA	NA	NA	NA	NA	NA	NA	NA	NA	NA	NA	NA	NA	NA	NA	NA	NA	NA	NA	NA	NA	NA	NA	NA	NA	NA	NA	NA	NA	NA	NA	NA	NA	NA	NA	NA	NA	NA	NA	NA	NA	NA	NA	NA	NA	NA	NA	NA	NA	NA
cg12286403	NA	NA	NA	NA	NA	NA	NA	NA	NA	NA	NA	NA	NA	NA	NA	NA	NA	NA	NA	NA	NA	NA	NA	NA	NA	NA	NA	NA	NA	NA	NA	NA	NA	NA	NA	NA	NA	NA	NA	NA	NA	NA	NA	NA	NA	NA	NA	NA	NA	NA	NA	NA	NA	NA	NA	NA	NA	NA	NA	NA	NA	NA	NA	NA	NA	NA	NA	NA	NA	NA	NA	NA	NA	NA	NA	NA	NA	NA	NA	NA	NA	NA	NA	NA	NA	NA	NA
cg12298312	NA	NA	NA	NA	NA	NA	NA	NA	NA	NA	NA	NA	NA	NA	NA	NA	NA	NA	NA	NA	NA	NA	NA	NA	NA	NA	NA	NA	NA	NA	NA	NA	NA	NA	NA	NA	NA	NA	NA	NA	NA	NA	NA	NA	NA	NA	NA	NA	NA	NA	NA	NA	NA	NA	NA	NA	NA	NA	NA	NA	NA	NA	NA	NA	NA	NA	NA	NA	NA	NA	NA	NA	NA	NA	NA	NA	NA	NA	NA	NA	NA	NA	NA	NA	NA	NA	NA
cg12315011	NA	NA	NA	NA	NA	NA	NA	NA	NA	NA	NA	NA	NA	NA	NA	NA	NA	NA	NA	NA	NA	NA	NA	NA	NA	NA	NA	NA	NA	NA	NA	NA	NA	NA	NA	NA	NA	NA	NA	NA	NA	NA	NA	NA	NA	NA	NA	NA	NA	NA	NA	NA	NA	NA	NA	NA	NA	NA	NA	NA	NA	NA	NA	NA	NA	NA	NA	NA	NA	NA	NA	NA	NA	NA	NA	NA	NA	NA	NA	NA	NA	NA	NA	NA	NA	NA	NA
cg12321355	0.943463876084934	0.932863449469991	0.882364212674457	0.92811643039517	0.937855960646108	0.877361880397546	0.920482095850129	0.913595106658284	0.870820449533666	0.934645682307463	0.859982237329921	0.919304387523156	0.88189661403178	0.921832494119552	0.946267912875555	0.890460303911412	0.85027150156424	0.930660606412885	0.878201831312443	0.946442442686817	0.916975157850092	0.917632751886135	0.91569111265195	0.923852579660462	0.928545370595297	0.944670681913616	0.865361689610502	0.902066911100347	0.916910079519297	0.932233206256652	0.870930923802541	0.910088829792347	0.899439742047769	0.93072959203197	0.807524916806237	0.90109916660963	0.854000797542776	0.949709167411107	0.92873126893101	0.917599663669256	0.929235963608089	0.884185249724493	0.889300745873627	0.918257128122402	0.90310995937145	0.932926152888371	0.945457209260783	0.882466281418261	0.945029423262389	0.91000017821299	0.940599741160323	0.909615990773528	0.866741460760107	0.924396794027174	0.906048857543511	0.907470689599622	0.912547405619141	0.933403739670685	0.937562367852029	0.935784893483641	0.938962168041686	0.928550728915765	0.895487642021822	0.879836381739958	0.901937350644304	0.918476270384763	0.95060256733576	0.898222206334942	0.889755023761184	0.941214238322713	0.930083672486999	0.936511267212477	0.919227285439524	0.914713209344996	0.91045468196013	0.874874388570659	0.842012227960055	0.916614727460504	0.898816042723486	0.87612130180316	0.918347173807866	0.909083013046697	0.738755435009628	0.908646114444266	0.831852591834551	0.898428127702589	0.938646572719899
cg12336935	NA	NA	NA	NA	NA	NA	NA	NA	NA	NA	NA	NA	NA	NA	NA	NA	NA	NA	NA	NA	NA	NA	NA	NA	NA	NA	NA	NA	NA	NA	NA	NA	NA	NA	NA	NA	NA	NA	NA	NA	NA	NA	NA	NA	NA	NA	NA	NA	NA	NA	NA	NA	NA	NA	NA	NA	NA	NA	NA	NA	NA	NA	NA	NA	NA	NA	NA	NA	NA	NA	NA	NA	NA	NA	NA	NA	NA	NA	NA	NA	NA	NA	NA	NA	NA	NA	NA
cg12340381	NA	NA	NA	NA	NA	NA	NA	NA	NA	NA	NA	NA	NA	NA	NA	NA	NA	NA	NA	NA	NA	NA	NA	NA	NA	NA	NA	NA	NA	NA	NA	NA	NA	NA	NA	NA	NA	NA	NA	NA	NA	NA	NA	NA	NA	NA	NA	NA	NA	NA	NA	NA	NA	NA	NA	NA	NA	NA	NA	NA	NA	NA	NA	NA	NA	NA	NA	NA	NA	NA	NA	NA	NA	NA	NA	NA	NA	NA	NA	NA	NA	NA	NA	NA	NA	NA	NA
cg12401953	0.330674472504361	0.720837946285379	0.699722511540001	0.426269315047348	0.414298056685802	0.65079946002781	0.854892501466074	0.832842985201693	0.769325704206444	0.427031396798835	0.811921503879394	0.297823276774463	0.404245860221617	0.354119644221079	0.436825241885051	0.811760190454869	0.825967862601124	0.748622980511566	0.634291803598107	0.837072856699923	0.495399526552916	0.710436655312402	0.426506143894237	0.431402775540426	0.482535034510226	0.832537186797263	0.293694319735889	0.768639277475357	0.862903993507029	0.913721620882043	0.78053498486585	0.491624216294627	0.430226132693046	0.727803787320617	0.822065639141064	0.668189297620377	0.692459601975867	0.876128121781913	0.760387079397459	0.824689400526601	0.729684435048596	0.503516475419309	0.589892046283465	0.612015097421984	0.551483235952627	0.588725170694586	0.630078478184897	0.693026638070832	0.845240247406673	0.866331044044976	0.485638897342849	0.197601588107742	0.553183930772518	0.381805269670087	0.75261706108497	NA	0.482858736346474	0.625853746877899	0.461354747184006	0.564504159917344	0.513066861170349	NA	0.730227615671579	0.807136882164916	0.939410928200836	0.689070700642203	0.559870537479049	0.76447274897866	0.465666189060823	0.884297837040081	0.84861148754987	0.780543339418871	0.645364587757612	0.56779945421786	0.818364258263812	0.323563379435852	0.531543345103319	0.88267743567168	0.431881392533188	0.309996586245867	0.785320401916089	0.831864580848075	0.701755957309743	0.659525049689704	0.82092525769263	0.485181940355346	0.261011350596103
cg12419663	NA	NA	NA	NA	NA	NA	NA	NA	NA	NA	NA	NA	NA	NA	NA	NA	NA	NA	NA	NA	NA	NA	NA	NA	NA	NA	NA	NA	NA	NA	NA	NA	NA	NA	NA	NA	NA	NA	NA	NA	NA	NA	NA	NA	NA	NA	NA	NA	NA	NA	NA	NA	NA	NA	NA	NA	NA	NA	NA	NA	NA	NA	NA	NA	NA	NA	NA	NA	NA	NA	NA	NA	NA	NA	NA	NA	NA	NA	NA	NA	NA	NA	NA	NA	NA	NA	NA
cg12470218	0.469058466713341	0.815406786071645	0.807218197181889	0.691775164131437	0.696634501341249	0.753035248515935	0.829369883211388	0.907022421845307	0.925979670378188	0.870323935586044	0.859743693008348	NA	0.895163786418711	0.855426144411665	0.868642801424558	0.872214315651824	0.901989641730607	0.884312960195261	0.892568707830333	NA	0.907329530660195	0.845104561559717	0.607470411542723	NA	NA	0.325242556393339	0.886973977581102	0.774408429902708	0.904359433953105	0.828362531251932	0.787636721324893	0.580083084815723	0.893425595863672	NA	0.892423798767225	0.766810164885088	0.886944035208895	0.749530706664434	NA	0.921581143892785	0.901875038729318	0.851898596941715	0.934532567951395	0.612692758686044	0.890554127104923	0.921041511261894	NA	0.858823404655049	NA	0.825532144094323	0.881715899821864	0.912749331637947	0.868819118055085	0.854644548435156	0.648533055039323	0.901076704166285	0.841638181242729	NA	0.663279727167283	NA	NA	0.822507612429242	0.81691169420359	0.909474510289429	0.72546614184562	0.911096605837434	0.917875203722425	0.936844826349662	0.884888956065047	0.872091586974946	0.882877846788243	0.293686014808421	NA	0.905765314615514	0.688705838974198	0.909649646754835	0.889902208222763	0.769208752554733	0.927640395417833	0.909043437850866	0.62753388826674	NA	0.831319472081973	0.918131595835507	0.860332709689556	0.881513986190502	0.414064423438143
cg12475092	NA	NA	NA	NA	NA	NA	NA	NA	NA	NA	NA	NA	NA	NA	NA	NA	NA	NA	NA	NA	NA	NA	NA	NA	NA	NA	NA	NA	NA	NA	NA	NA	NA	NA	NA	NA	NA	NA	NA	NA	NA	NA	NA	NA	NA	NA	NA	NA	NA	NA	NA	NA	NA	NA	NA	NA	NA	NA	NA	NA	NA	NA	NA	NA	NA	NA	NA	NA	NA	NA	NA	NA	NA	NA	NA	NA	NA	NA	NA	NA	NA	NA	NA	NA	NA	NA	NA
cg12501523	NA	NA	NA	NA	NA	NA	NA	NA	NA	NA	NA	NA	NA	NA	NA	NA	NA	NA	NA	NA	NA	NA	NA	NA	NA	NA	NA	NA	NA	NA	NA	NA	NA	NA	NA	NA	NA	NA	NA	NA	NA	NA	NA	NA	NA	NA	NA	NA	NA	NA	NA	NA	NA	NA	NA	NA	NA	NA	NA	NA	NA	NA	NA	NA	NA	NA	NA	NA	NA	NA	NA	NA	NA	NA	NA	NA	NA	NA	NA	NA	NA	NA	NA	NA	NA	NA	NA
cg12514654	NA	NA	NA	NA	NA	NA	NA	NA	NA	NA	NA	NA	NA	NA	NA	NA	NA	NA	NA	NA	NA	NA	NA	NA	NA	NA	NA	NA	NA	NA	NA	NA	NA	NA	NA	NA	NA	NA	NA	NA	NA	NA	NA	NA	NA	NA	NA	NA	NA	NA	NA	NA	NA	NA	NA	NA	NA	NA	NA	NA	NA	NA	NA	NA	NA	NA	NA	NA	NA	NA	NA	NA	NA	NA	NA	NA	NA	NA	NA	NA	NA	NA	NA	NA	NA	NA	NA
cg12525774	NA	NA	NA	NA	NA	NA	NA	NA	NA	NA	NA	NA	NA	NA	NA	NA	NA	NA	NA	NA	NA	NA	NA	NA	NA	NA	NA	NA	NA	NA	NA	NA	NA	NA	NA	NA	NA	NA	NA	NA	NA	NA	NA	NA	NA	NA	NA	NA	NA	NA	NA	NA	NA	NA	NA	NA	NA	NA	NA	NA	NA	NA	NA	NA	NA	NA	NA	NA	NA	NA	NA	NA	NA	NA	NA	NA	NA	NA	NA	NA	NA	NA	NA	NA	NA	NA	NA
cg12566078	0.914817584795873	0.898616239640286	0.785010404753463	0.916368991897299	0.694819471310143	0.603075529037911	0.880846274869852	0.876705369355384	0.220949439848807	NA	0.61512356306112	0.881814909690629	0.761681192163021	NA	0.842457003298512	0.906771611248811	0.88835848800484	0.866389920393399	0.844871551510289	0.759860086619257	0.898120881362096	0.824538823975708	0.83512835656029	0.912758361841134	0.937538610573492	0.822647456929208	0.836162086042584	0.890420375414398	0.902031857647137	0.886828424066659	0.885142620219553	0.737207741552165	0.895123957303243	0.843743405253282	0.862130359896105	0.817374761645519	0.904661552052586	0.835616370024026	0.798935756698542	0.715150830133665	0.670857415224087	0.663827511746289	0.847237088270458	0.828267127657545	0.419047896623412	0.726277884645268	0.873781255976588	0.847265706978778	0.817467279186324	0.88519004700951	0.932348473374692	0.888852086027279	0.870987874334505	0.869467839596485	0.75537785977219	NA	0.65449805457806	0.877339153508192	0.734245198465901	0.911209097400585	0.448542523295437	0.906588637285658	0.88866178345469	0.866761328684662	0.717435293128342	0.803578040061139	0.399802561542893	0.813970460957761	0.553764721772647	0.717323167530564	0.875472160379344	0.94971308779905	0.835746066111928	0.846552057515754	0.875133202127637	0.889796806369053	0.852812596910933	0.694112495758698	0.812223474707782	0.320170407437437	0.784024283961507	0.202546065279866	0.802962142089508	0.697196006833163	0.79851302532488	0.564858223890061	0.92403863165718
cg12578116	NA	NA	NA	NA	NA	NA	NA	NA	NA	NA	NA	NA	NA	NA	NA	NA	NA	NA	NA	NA	NA	NA	NA	NA	NA	NA	NA	NA	NA	NA	NA	NA	NA	NA	NA	NA	NA	NA	NA	NA	NA	NA	NA	NA	NA	NA	NA	NA	NA	NA	NA	NA	NA	NA	NA	NA	NA	NA	NA	NA	NA	NA	NA	NA	NA	NA	NA	NA	NA	NA	NA	NA	NA	NA	NA	NA	NA	NA	NA	NA	NA	NA	NA	NA	NA	NA	NA
cg12647952	0.949681172748641	0.927782712331917	0.944309839586421	0.880703218974091	0.926050432258419	0.890615169751761	0.927597431808052	0.908450969624942	0.918325685881993	0.527998450688111	0.812265199796745	0.905459017535551	0.889904094517277	0.898249599156693	0.901936759448076	0.887088698306042	0.926178392849145	0.915754837099163	0.91939531974206	0.875904342717797	0.948393215456956	0.924511980935109	0.923469895344174	0.871152239616642	0.939705952828182	0.923720973938101	0.568979111342452	0.891929539723514	0.913571391387534	0.865431250530153	0.946061850809273	0.894433291164913	0.708007011224784	0.922040238407222	0.938578372993705	0.905470534568121	0.911535832832743	0.945731870073748	0.790016620707417	0.850554720008576	0.858589037727347	0.913047124774421	0.927099604041529	0.931174017849699	0.908668412230484	0.930002489353245	0.74289511407845	0.919828692701613	0.885509093173132	0.90105931464084	0.892617492584498	0.860376097991258	0.845165520919618	0.923002045567099	0.937637106142741	0.925558217415608	0.923356664935803	0.932583860522777	0.874003565978225	0.897332075017701	0.868540812314491	0.933001855484162	0.854506070433633	0.922740390351084	0.918576035748798	0.913408550053389	0.920501582988767	0.932155172753999	0.897921016814496	0.924612678224906	0.938910810397413	0.944878991237858	0.9012168751745	0.920045273147061	0.901845266876134	0.924255777708085	0.85331084019794	0.887695663414036	0.892158885239318	0.922095964967333	0.922692052084161	0.919920389939599	0.918802279195458	0.620851069182237	0.919536980225798	0.923682788766845	0.916008652371719
cg12678329	NA	NA	NA	NA	NA	NA	NA	NA	NA	NA	NA	NA	NA	NA	NA	NA	NA	NA	NA	NA	NA	NA	NA	NA	NA	NA	NA	NA	NA	NA	NA	NA	NA	NA	NA	NA	NA	NA	NA	NA	NA	NA	NA	NA	NA	NA	NA	NA	NA	NA	NA	NA	NA	NA	NA	NA	NA	NA	NA	NA	NA	NA	NA	NA	NA	NA	NA	NA	NA	NA	NA	NA	NA	NA	NA	NA	NA	NA	NA	NA	NA	NA	NA	NA	NA	NA	NA
cg12705541	0.350711546012767	0.736042617286809	0.555683443197693	0.644654721667387	0.381516322118163	0.270033777022008	0.552662126755125	0.479971392442258	0.114973891999305	0.446590734718608	NA	0.504099174516838	0.218752091771154	0.223162664426391	0.492894630900059	0.502279389644295	0.563283354544437	0.395676910210498	NA	0.255720466060499	0.438923358787637	0.664213691457461	0.299190969284199	0.157906862872518	0.265888866991845	0.327816525844598	0.204817596173184	0.391580250505488	0.717412364442939	0.859644938615372	0.711417139410799	0.868113892277932	0.592846387643411	0.337112036230187	0.515259384618026	0.779025193667578	0.502214665044583	0.911675373590191	NA	0.225968818624472	0.265838973753985	0.32798737810105	NA	0.190434512763813	0.332247107459757	0.276384515832301	0.69116837477726	0.655109161375174	NA	0.796576712155269	0.379807145493376	0.132752474748012	0.391216048688615	0.816329445750789	0.753916709951516	0.404937417390853	0.656970683372687	0.66551849022545	0.300507383842967	0.17482850878704	0.609908163304492	NA	0.821375598039624	0.61388260344908	0.698127799385382	0.266065091361891	0.388873270752935	0.585895443764509	0.471270457522251	0.624019149277175	0.369877355920111	0.872174382548269	0.346777151203509	0.851890265748173	0.272081977508977	0.870677049517359	0.536115995403699	0.49085927019519	0.498363455849647	0.159088688049781	0.741635591392735	0.733760144670105	0.276028454098347	0.219133342874243	NA	0.521231313789026	0.115534703010495
cg12728543	NA	NA	NA	NA	NA	NA	NA	NA	NA	NA	NA	NA	NA	NA	NA	NA	NA	NA	NA	NA	NA	NA	NA	NA	NA	NA	NA	NA	NA	NA	NA	NA	NA	NA	NA	NA	NA	NA	NA	NA	NA	NA	NA	NA	NA	NA	NA	NA	NA	NA	NA	NA	NA	NA	NA	NA	NA	NA	NA	NA	NA	NA	NA	NA	NA	NA	NA	NA	NA	NA	NA	NA	NA	NA	NA	NA	NA	NA	NA	NA	NA	NA	NA	NA	NA	NA	NA
cg12752449	0.92350836218687	0.946955764865564	0.953801810348899	0.928331351779979	0.929787764030643	0.94172656984507	0.934248355333948	0.934348865765082	0.791824714665742	0.937707519038798	0.919247015797204	0.932767969366204	0.925494276359048	0.95130977369247	0.906651830022209	0.932636686284691	0.926342598272131	0.956995514468056	0.919179850753554	0.943115503690698	0.906966713111079	0.934856793736203	0.922947488053652	0.926733397179218	0.956664016537073	0.9293192416995	0.923603047702374	0.926738830498455	0.934886037031182	0.934590349807434	0.948170534797347	0.912891680553816	0.94798209702002	0.921762038157472	0.925256004831494	0.930552074828292	0.912418117287586	0.953808868818918	0.929222543767104	0.935660548766148	0.922073931106057	0.902385331616554	0.900156717629279	0.942056656043637	0.896321206456352	0.948514569046036	0.940536642020598	0.91757162310516	0.946564367518315	0.93526624557117	0.954413265230254	0.925062208976948	0.929715410112317	0.938618596316983	0.947551939768119	0.849758653458829	0.838622931161794	0.948968533815733	0.891383347955994	0.91600961733042	0.918736507304996	0.947055819698827	0.936764053896958	0.937016742516782	0.938318565232275	0.939375141618111	0.930798109614084	0.935268184013269	0.936137750352254	0.926568548604717	0.948646634852794	0.923295611897187	0.879523912111724	0.932710077794487	0.930341199455031	0.921062911198	0.872378607516838	0.93349871805187	0.886036638173544	0.908115174794079	0.937364447345527	0.928536831789029	0.942772155644616	0.952249051199555	0.91739147777575	0.919926027145132	0.936297670574993
cg12757890	NA	NA	NA	NA	NA	NA	NA	NA	NA	NA	NA	NA	NA	NA	NA	NA	NA	NA	NA	NA	NA	NA	NA	NA	NA	NA	NA	NA	NA	NA	NA	NA	NA	NA	NA	NA	NA	NA	NA	NA	NA	NA	NA	NA	NA	NA	NA	NA	NA	NA	NA	NA	NA	NA	NA	NA	NA	NA	NA	NA	NA	NA	NA	NA	NA	NA	NA	NA	NA	NA	NA	NA	NA	NA	NA	NA	NA	NA	NA	NA	NA	NA	NA	NA	NA	NA	NA
cg12765935	NA	NA	NA	NA	NA	NA	NA	NA	NA	NA	NA	NA	NA	NA	NA	NA	NA	NA	NA	NA	NA	NA	NA	NA	NA	NA	NA	NA	NA	NA	NA	NA	NA	NA	NA	NA	NA	NA	NA	NA	NA	NA	NA	NA	NA	NA	NA	NA	NA	NA	NA	NA	NA	NA	NA	NA	NA	NA	NA	NA	NA	NA	NA	NA	NA	NA	NA	NA	NA	NA	NA	NA	NA	NA	NA	NA	NA	NA	NA	NA	NA	NA	NA	NA	NA	NA	NA
cg12774391	0.951104026427382	0.909850414674347	0.9295509537323	0.921710613657632	0.942304820535632	0.924245450662757	0.894110017953892	0.938315501777953	0.933940728449937	0.894578594774862	0.917997286086052	0.901005272948593	0.918607094890503	0.93950159226507	0.885468809844995	0.91868011811094	0.915906637082303	0.915035769193015	0.917851017831277	0.919665156504355	0.962398814544276	0.904398022131233	0.910859008070844	0.910296272133904	0.923833058279655	0.923612742878099	0.923945890003813	0.913776697725194	0.914355972140065	0.914154936106756	0.932099402975232	0.93939707280777	0.934678023018515	0.911332206847563	0.914726166550527	0.929728996702089	0.914363220219952	0.937517129952349	0.892930687986877	0.936355861435099	0.930911473349861	0.906367448980831	0.932537380615322	0.907252115326256	0.934679587047991	0.94325823613324	0.876181437718184	0.918554764263852	0.884847829012452	0.913399378552276	0.946313140735141	0.951963619530042	0.92345338716142	0.887245469527245	0.918712255614871	0.897618069184977	0.917635672514008	0.924689005826673	0.923507284286806	0.930986807161407	0.844903800692394	0.958105519009378	NA	0.936962431382934	0.921393478331076	0.9235588330403	0.916546769023436	0.929089963056154	0.925745603489884	0.900460251001485	0.925970022939544	0.955944032758573	0.929602676235883	0.918943483543696	0.910286929941449	0.938703773100922	0.903639785857068	0.922999492388158	0.911308941567696	0.928681033240903	0.930420828037814	0.932294423127852	0.910852254404703	0.943347007325304	0.911217949332288	0.934798708774344	0.898138270915389
cg12794109	NA	NA	NA	NA	NA	NA	NA	NA	NA	NA	NA	NA	NA	NA	NA	NA	NA	NA	NA	NA	NA	NA	NA	NA	NA	NA	NA	NA	NA	NA	NA	NA	NA	NA	NA	NA	NA	NA	NA	NA	NA	NA	NA	NA	NA	NA	NA	NA	NA	NA	NA	NA	NA	NA	NA	NA	NA	NA	NA	NA	NA	NA	NA	NA	NA	NA	NA	NA	NA	NA	NA	NA	NA	NA	NA	NA	NA	NA	NA	NA	NA	NA	NA	NA	NA	NA	NA
cg12809883	NA	NA	NA	NA	NA	NA	NA	NA	NA	NA	NA	NA	NA	NA	NA	NA	NA	NA	NA	NA	NA	NA	NA	NA	NA	NA	NA	NA	NA	NA	NA	NA	NA	NA	NA	NA	NA	NA	NA	NA	NA	NA	NA	NA	NA	NA	NA	NA	NA	NA	NA	NA	NA	NA	NA	NA	NA	NA	NA	NA	NA	NA	NA	NA	NA	NA	NA	NA	NA	NA	NA	NA	NA	NA	NA	NA	NA	NA	NA	NA	NA	NA	NA	NA	NA	NA	NA
cg12874388	NA	NA	NA	NA	NA	NA	NA	NA	NA	NA	NA	NA	NA	NA	NA	NA	NA	NA	NA	NA	NA	NA	NA	NA	NA	NA	NA	NA	NA	NA	NA	NA	NA	NA	NA	NA	NA	NA	NA	NA	NA	NA	NA	NA	NA	NA	NA	NA	NA	NA	NA	NA	NA	NA	NA	NA	NA	NA	NA	NA	NA	NA	NA	NA	NA	NA	NA	NA	NA	NA	NA	NA	NA	NA	NA	NA	NA	NA	NA	NA	NA	NA	NA	NA	NA	NA	NA
cg12882999	NA	NA	NA	NA	NA	NA	NA	NA	NA	NA	NA	NA	NA	NA	NA	NA	NA	NA	NA	NA	NA	NA	NA	NA	NA	NA	NA	NA	NA	NA	NA	NA	NA	NA	NA	NA	NA	NA	NA	NA	NA	NA	NA	NA	NA	NA	NA	NA	NA	NA	NA	NA	NA	NA	NA	NA	NA	NA	NA	NA	NA	NA	NA	NA	NA	NA	NA	NA	NA	NA	NA	NA	NA	NA	NA	NA	NA	NA	NA	NA	NA	NA	NA	NA	NA	NA	NA
cg12934659	0.309244785413172	0.277646952006107	0.75906129904596	0.338664772853481	0.356396115771621	0.517387435405025	0.710373518632938	0.534918718919302	0.365626735213777	0.35358546072477	0.446769652403028	0.766474823708377	0.482881016376414	0.778912648928865	0.515633410743088	0.599464681298708	0.612685558901319	0.718513174396447	0.820599408152751	0.367658713055367	0.526546343641167	0.555702889972195	0.498310718461196	0.756898036192062	0.746380219037271	0.415945089175429	0.303434303486231	0.524954165004925	0.665846083426277	0.220357886188927	0.644576107811938	0.565377772331294	0.539778784267548	0.805950931774126	0.618576293123534	0.593550768287079	0.809433969777487	0.332064211685447	0.453339163724508	0.477692898129665	0.459519907643907	0.421314119244337	0.32862979552994	0.568845323761369	0.48969343952996	0.449760375072713	0.313325735171332	0.792343883308572	0.556488697113726	0.611365076509508	0.725734805263682	0.714684223571383	0.382484214830116	0.556290639240382	0.552020485331191	0.764401290124659	0.448542428715516	0.685602075701258	0.509191588477363	0.284758059093344	0.485986325868948	0.731966565779331	0.323937142438201	0.628974639150029	0.768669084520196	0.37685973417854	0.318389298125271	0.463653437070013	0.279843349142806	NA	0.646637784774637	0.369756757218458	0.741756147109604	0.559384126798107	0.439774080780945	0.542563318020966	0.449392722366179	0.612957264416453	0.446685879641939	0.287431195023189	0.620623140733965	0.342857481349247	0.392537617759806	0.290173741830306	0.597019565886814	0.797935157411944	0.260166820757509
cg12977946	NA	NA	NA	NA	NA	NA	NA	NA	NA	NA	NA	NA	NA	NA	NA	NA	NA	NA	NA	NA	NA	NA	NA	NA	NA	NA	NA	NA	NA	NA	NA	NA	NA	NA	NA	NA	NA	NA	NA	NA	NA	NA	NA	NA	NA	NA	NA	NA	NA	NA	NA	NA	NA	NA	NA	NA	NA	NA	NA	NA	NA	NA	NA	NA	NA	NA	NA	NA	NA	NA	NA	NA	NA	NA	NA	NA	NA	NA	NA	NA	NA	NA	NA	NA	NA	NA	NA
cg12980798	NA	NA	NA	NA	NA	NA	NA	NA	NA	NA	NA	NA	NA	NA	NA	NA	NA	NA	NA	NA	NA	NA	NA	NA	NA	NA	NA	NA	NA	NA	NA	NA	NA	NA	NA	NA	NA	NA	NA	NA	NA	NA	NA	NA	NA	NA	NA	NA	NA	NA	NA	NA	NA	NA	NA	NA	NA	NA	NA	NA	NA	NA	NA	NA	NA	NA	NA	NA	NA	NA	NA	NA	NA	NA	NA	NA	NA	NA	NA	NA	NA	NA	NA	NA	NA	NA	NA
cg12985923	0.943862079158563	0.955144719642107	0.969749928807551	0.945053159193701	0.952314929364997	0.736281683170915	0.935863661976799	0.884243661590806	0.665504659939978	0.760665894703647	0.891721007272755	0.944538795295383	0.921767192911636	0.753855008401066	0.945477017125199	0.945570324420023	0.953137211831675	0.940040039952992	0.931877987565783	0.957540943273798	0.949383061592184	0.948096623450948	0.959761337663943	0.897122528825423	0.958044329358215	0.948798189952389	0.942030818308162	0.950276812595372	0.954514776674992	0.955296403545542	0.964757213925384	0.940493121712401	0.922977045489841	0.941521954987281	0.940273221747387	0.952783857328198	0.949266931734069	0.968869498780312	0.921674563277168	0.954263765117671	0.817078429150244	0.931812799961276	0.946917352034181	0.946578508756159	0.946029772632162	0.927811646500147	0.946120074381846	0.875588140645374	0.944641268539498	0.960409305558671	0.946325412354521	0.959859270393026	0.946428243067318	0.944240221978601	0.919344729450615	0.931939786021781	0.94661376268394	0.948634027361859	0.551868696304326	0.93055584660782	0.941041874453714	0.950598909213596	0.952860747315579	0.957694945271872	0.961665832377186	0.938430711922179	0.955181610182432	0.971108806164034	0.947509035708864	0.87520854372986	0.953545802163487	0.949214766477869	0.949748617403805	0.943684482184035	0.946420285960835	0.949777669102403	0.931331649581224	0.936195589073113	0.878553361754952	0.947814475985863	0.955118314730808	0.946266901540124	0.959805581631913	0.960570462909339	0.95383540081665	0.947855938167561	0.90534156979451
cg13003329	NA	NA	NA	NA	NA	NA	NA	NA	NA	NA	NA	NA	NA	NA	NA	NA	NA	NA	NA	NA	NA	NA	NA	NA	NA	NA	NA	NA	NA	NA	NA	NA	NA	NA	NA	NA	NA	NA	NA	NA	NA	NA	NA	NA	NA	NA	NA	NA	NA	NA	NA	NA	NA	NA	NA	NA	NA	NA	NA	NA	NA	NA	NA	NA	NA	NA	NA	NA	NA	NA	NA	NA	NA	NA	NA	NA	NA	NA	NA	NA	NA	NA	NA	NA	NA	NA	NA
cg13018639	0.927538740576543	0.812925598206255	0.907047518196404	0.792383356267841	0.922597031571311	0.813230700548306	0.85052551504086	0.876051139244484	NA	0.874074121843973	NA	0.829108566895452	NA	0.888160066780401	0.841517440373782	0.865830689092845	0.881447923178188	0.643394713947476	NA	0.885741011389008	0.889160890991978	0.883290732123361	0.697970109099818	0.873502405478323	0.88402579095831	0.836125338808164	NA	0.888851681962262	0.825072474296648	0.906992131010857	0.87972426364466	0.899325388944015	0.878452678882059	0.879336865692032	0.866909212637778	0.88270601568874	0.819484984034093	0.916510403213056	0.86439555211596	0.909793246020587	0.878729539780193	0.864667587476688	0.88822523784237	0.866453977708752	0.902704749700848	0.862272161533989	0.847610790117227	0.894011725671863	0.886682005829103	0.90785134923659	0.897545698532528	0.900945540881897	0.826638631259171	0.822888204700168	0.89488520685292	0.802259637437917	0.890339005488693	0.906602710905761	0.827640194156073	NA	NA	0.887499965078171	NA	0.855086135256922	0.922528833293045	0.834064785395971	0.872926720350621	0.856275102711743	0.920739620546499	0.910665050520908	0.872075829187133	0.949492495799559	0.886167125557292	NA	0.863586416175566	0.894507660650132	0.790303138154329	0.894511888278107	0.863620013194083	NA	0.886810767859448	0.765388325654288	0.91270337284811	0.88381613207913	0.831481509451769	0.893973643090062	0.736721459307697
cg13022905	NA	NA	NA	NA	NA	NA	NA	NA	NA	NA	NA	NA	NA	NA	NA	NA	NA	NA	NA	NA	NA	NA	NA	NA	NA	NA	NA	NA	NA	NA	NA	NA	NA	NA	NA	NA	NA	NA	NA	NA	NA	NA	NA	NA	NA	NA	NA	NA	NA	NA	NA	NA	NA	NA	NA	NA	NA	NA	NA	NA	NA	NA	NA	NA	NA	NA	NA	NA	NA	NA	NA	NA	NA	NA	NA	NA	NA	NA	NA	NA	NA	NA	NA	NA	NA	NA	NA
cg13060607	NA	NA	NA	NA	NA	NA	NA	NA	NA	NA	NA	NA	NA	NA	NA	NA	NA	NA	NA	NA	NA	NA	NA	NA	NA	NA	NA	NA	NA	NA	NA	NA	NA	NA	NA	NA	NA	NA	NA	NA	NA	NA	NA	NA	NA	NA	NA	NA	NA	NA	NA	NA	NA	NA	NA	NA	NA	NA	NA	NA	NA	NA	NA	NA	NA	NA	NA	NA	NA	NA	NA	NA	NA	NA	NA	NA	NA	NA	NA	NA	NA	NA	NA	NA	NA	NA	NA
cg13082604	NA	NA	NA	NA	NA	NA	NA	NA	NA	NA	NA	NA	NA	NA	NA	NA	NA	NA	NA	NA	NA	NA	NA	NA	NA	NA	NA	NA	NA	NA	NA	NA	NA	NA	NA	NA	NA	NA	NA	NA	NA	NA	NA	NA	NA	NA	NA	NA	NA	NA	NA	NA	NA	NA	NA	NA	NA	NA	NA	NA	NA	NA	NA	NA	NA	NA	NA	NA	NA	NA	NA	NA	NA	NA	NA	NA	NA	NA	NA	NA	NA	NA	NA	NA	NA	NA	NA
cg13105167	NA	NA	NA	NA	NA	NA	NA	NA	NA	NA	NA	NA	NA	NA	NA	NA	NA	NA	NA	NA	NA	NA	NA	NA	NA	NA	NA	NA	NA	NA	NA	NA	NA	NA	NA	NA	NA	NA	NA	NA	NA	NA	NA	NA	NA	NA	NA	NA	NA	NA	NA	NA	NA	NA	NA	NA	NA	NA	NA	NA	NA	NA	NA	NA	NA	NA	NA	NA	NA	NA	NA	NA	NA	NA	NA	NA	NA	NA	NA	NA	NA	NA	NA	NA	NA	NA	NA
cg13155421	0.850991343159875	0.665281217206264	0.317832857183756	0.63399890519385	0.770668102894654	0.344773271620432	0.378309285518176	0.74114042555798	0.580384553190917	0.573066932041323	0.647500977914322	0.326996230677698	0.246827990591349	0.377596981288418	0.412165190582069	0.524494569717958	0.722803493039259	0.440298561731167	0.399855991091833	0.730328416823225	0.452603060086285	0.869705698621845	0.647873272155533	0.932161314078547	0.2357074407864	0.72798833980675	0.258644635672757	0.690126346044307	0.566812557898623	0.954715187396676	0.447633400352916	0.552733081621566	0.306245233357119	0.162542763204077	0.555833598376598	0.445452672374366	0.656632396325402	0.505494858490101	0.537908168153836	0.821315695975786	0.62232569100663	0.644341443564461	0.750085576471203	0.345993520775906	0.186871493567539	0.400004688024957	0.680170688963902	0.463124253136721	0.883691237426637	0.888754202880837	0.316028326528735	0.673634673028252	0.526615507557312	0.376449362780387	0.625368604428453	0.467124511211591	0.716307814711243	0.747698423830953	0.482575623345135	0.392720786534306	0.377829239258256	0.336221630398062	0.875362697565179	0.701240052755912	0.683926582644554	0.265945883710499	0.20831372121084	0.516265747361335	0.180728024378791	0.85104764435324	0.312322610763639	0.940110580979948	0.854041469963444	0.371805289050125	0.750624565002925	0.280462879815695	0.515442319243378	0.562025434722078	0.292759409409588	0.259169576194866	0.595609017161853	0.94988731556565	0.493062050834164	0.383972854828259	0.633332935432564	0.413086122375388	0.899232582896588
cg13202514	NA	NA	NA	NA	NA	NA	NA	NA	NA	NA	NA	NA	NA	NA	NA	NA	NA	NA	NA	NA	NA	NA	NA	NA	NA	NA	NA	NA	NA	NA	NA	NA	NA	NA	NA	NA	NA	NA	NA	NA	NA	NA	NA	NA	NA	NA	NA	NA	NA	NA	NA	NA	NA	NA	NA	NA	NA	NA	NA	NA	NA	NA	NA	NA	NA	NA	NA	NA	NA	NA	NA	NA	NA	NA	NA	NA	NA	NA	NA	NA	NA	NA	NA	NA	NA	NA	NA
cg13225272	NA	NA	NA	NA	NA	NA	NA	NA	NA	NA	NA	NA	NA	NA	NA	NA	NA	NA	NA	NA	NA	NA	NA	NA	NA	NA	NA	NA	NA	NA	NA	NA	NA	NA	NA	NA	NA	NA	NA	NA	NA	NA	NA	NA	NA	NA	NA	NA	NA	NA	NA	NA	NA	NA	NA	NA	NA	NA	NA	NA	NA	NA	NA	NA	NA	NA	NA	NA	NA	NA	NA	NA	NA	NA	NA	NA	NA	NA	NA	NA	NA	NA	NA	NA	NA	NA	NA
cg13227480	NA	NA	NA	NA	NA	NA	NA	NA	NA	NA	NA	NA	NA	NA	NA	NA	NA	NA	NA	NA	NA	NA	NA	NA	NA	NA	NA	NA	NA	NA	NA	NA	NA	NA	NA	NA	NA	NA	NA	NA	NA	NA	NA	NA	NA	NA	NA	NA	NA	NA	NA	NA	NA	NA	NA	NA	NA	NA	NA	NA	NA	NA	NA	NA	NA	NA	NA	NA	NA	NA	NA	NA	NA	NA	NA	NA	NA	NA	NA	NA	NA	NA	NA	NA	NA	NA	NA
cg13234587	0.96017368775487	0.924036919536267	0.917961184955593	0.946780620917365	0.952119018323451	0.931579100952081	0.956108481260451	0.924085345853062	0.909320880040469	0.932368659737705	0.928060088042674	0.945663538315947	0.94276506786746	0.954564767446292	0.889215220492193	0.928196659194412	0.923399703873838	0.948766347714778	0.889755809284751	0.954860961466897	0.930120569906892	0.925545448211769	0.946701071204216	0.927396092347197	0.93030407788941	0.940119088992491	0.949401378129924	0.94999952079515	0.946349564891356	0.946417336357446	0.940913381028547	0.95284171450806	0.953944000101955	0.918575996579982	0.874054950078456	0.947432949629593	0.875063427903338	0.943242725583638	0.938379593494135	0.885858709458141	0.934769217904984	0.934266950735766	0.933213360777859	0.963832252377276	0.954129032991195	0.958819955017666	0.950458186488127	0.857134455516423	0.945903223189003	0.922382089323169	0.948593995962252	0.926001633119644	0.877576097904963	0.943190537201912	0.948784569275963	0.890837194899107	0.900349851765458	0.932232795126014	0.953212935617872	0.92407798951498	0.915669815378279	0.952805749509097	0.952163387704222	0.948731740736927	0.935989528509327	0.929456581623258	0.940464522100676	0.940471401044444	0.957716834264972	0.963011456942724	0.943410479070739	0.954351833277398	0.946733486720642	0.92353317881767	0.922398560114406	0.940942615866525	0.816125065070264	0.939858971940477	0.906626670975398	0.943675696129864	0.951744644685392	0.912987487277219	0.928969154489403	0.931021480012058	0.893701460629999	0.943490349715866	0.949170130063229
cg13244886	NA	NA	NA	NA	NA	NA	NA	NA	NA	NA	NA	NA	NA	NA	NA	NA	NA	NA	NA	NA	NA	NA	NA	NA	NA	NA	NA	NA	NA	NA	NA	NA	NA	NA	NA	NA	NA	NA	NA	NA	NA	NA	NA	NA	NA	NA	NA	NA	NA	NA	NA	NA	NA	NA	NA	NA	NA	NA	NA	NA	NA	NA	NA	NA	NA	NA	NA	NA	NA	NA	NA	NA	NA	NA	NA	NA	NA	NA	NA	NA	NA	NA	NA	NA	NA	NA	NA
cg13247922	NA	NA	NA	NA	NA	NA	NA	NA	NA	NA	NA	NA	NA	NA	NA	NA	NA	NA	NA	NA	NA	NA	NA	NA	NA	NA	NA	NA	NA	NA	NA	NA	NA	NA	NA	NA	NA	NA	NA	NA	NA	NA	NA	NA	NA	NA	NA	NA	NA	NA	NA	NA	NA	NA	NA	NA	NA	NA	NA	NA	NA	NA	NA	NA	NA	NA	NA	NA	NA	NA	NA	NA	NA	NA	NA	NA	NA	NA	NA	NA	NA	NA	NA	NA	NA	NA	NA
cg13278241	NA	NA	NA	NA	NA	NA	NA	NA	NA	NA	NA	NA	NA	NA	NA	NA	NA	NA	NA	NA	NA	NA	NA	NA	NA	NA	NA	NA	NA	NA	NA	NA	NA	NA	NA	NA	NA	NA	NA	NA	NA	NA	NA	NA	NA	NA	NA	NA	NA	NA	NA	NA	NA	NA	NA	NA	NA	NA	NA	NA	NA	NA	NA	NA	NA	NA	NA	NA	NA	NA	NA	NA	NA	NA	NA	NA	NA	NA	NA	NA	NA	NA	NA	NA	NA	NA	NA
cg13324357	NA	NA	NA	NA	NA	NA	NA	NA	NA	NA	NA	NA	NA	NA	NA	NA	NA	NA	NA	NA	NA	NA	NA	NA	NA	NA	NA	NA	NA	NA	NA	NA	NA	NA	NA	NA	NA	NA	NA	NA	NA	NA	NA	NA	NA	NA	NA	NA	NA	NA	NA	NA	NA	NA	NA	NA	NA	NA	NA	NA	NA	NA	NA	NA	NA	NA	NA	NA	NA	NA	NA	NA	NA	NA	NA	NA	NA	NA	NA	NA	NA	NA	NA	NA	NA	NA	NA
cg13342370	NA	NA	NA	NA	NA	NA	NA	NA	NA	NA	NA	NA	NA	NA	NA	NA	NA	NA	NA	NA	NA	NA	NA	NA	NA	NA	NA	NA	NA	NA	NA	NA	NA	NA	NA	NA	NA	NA	NA	NA	NA	NA	NA	NA	NA	NA	NA	NA	NA	NA	NA	NA	NA	NA	NA	NA	NA	NA	NA	NA	NA	NA	NA	NA	NA	NA	NA	NA	NA	NA	NA	NA	NA	NA	NA	NA	NA	NA	NA	NA	NA	NA	NA	NA	NA	NA	NA
cg13375629	0.886385392745399	0.844292892093353	0.824421858241717	0.861719380323288	0.604677513714203	0.359585999315288	0.776770309241873	0.805529305731554	0.181927385579767	0.820424642648479	0.768970034075453	0.889726750554064	0.825845716790106	0.894032226342222	0.610970901132242	0.78773041357616	0.736249387413947	0.753003738873546	0.559432781464604	0.900104279044267	0.457531599150977	0.774372803419087	0.758905452843707	0.803832476231991	0.84882608555774	0.867337613754803	0.8398843367311	0.489219394320025	0.84811095787884	0.844989068621003	0.831732139216485	0.893396113023209	0.748267591583323	0.737768649274451	0.746805821720212	0.808301308892978	0.76381815099103	0.455963254630882	0.798554126025482	0.857283539146431	0.655959431337329	0.552846921130466	0.772355253769401	0.84064286997598	0.80776510831862	0.409557596428959	0.590516444913774	0.771472407174632	0.894241245714868	0.773784431796428	0.863737956116745	0.823888394376169	0.748773170697832	0.853857595134696	0.768942305278026	0.874700398094988	0.832470634955894	0.848578989401583	0.681192573827355	0.863477626265518	0.788382250131558	0.643031049032063	0.848538239780987	0.82198251303794	0.843098072486749	0.381232848676602	0.903522309726213	0.72887346348122	0.666373796526608	0.828481035521549	0.567331912253877	0.860354805798274	0.872802135872197	0.829638686519605	0.844373559492687	0.634944728756093	0.662166383988688	0.864724894608811	0.420755519155466	0.883535908196179	0.872739001070914	0.84939415639132	0.909432552864007	0.832580965417896	0.661089492978249	0.827426335791005	0.863463975488897
cg13386084	NA	NA	NA	NA	NA	NA	NA	NA	NA	NA	NA	NA	NA	NA	NA	NA	NA	NA	NA	NA	NA	NA	NA	NA	NA	NA	NA	NA	NA	NA	NA	NA	NA	NA	NA	NA	NA	NA	NA	NA	NA	NA	NA	NA	NA	NA	NA	NA	NA	NA	NA	NA	NA	NA	NA	NA	NA	NA	NA	NA	NA	NA	NA	NA	NA	NA	NA	NA	NA	NA	NA	NA	NA	NA	NA	NA	NA	NA	NA	NA	NA	NA	NA	NA	NA	NA	NA
cg13391607	NA	NA	NA	NA	NA	NA	NA	NA	NA	NA	NA	NA	NA	NA	NA	NA	NA	NA	NA	NA	NA	NA	NA	NA	NA	NA	NA	NA	NA	NA	NA	NA	NA	NA	NA	NA	NA	NA	NA	NA	NA	NA	NA	NA	NA	NA	NA	NA	NA	NA	NA	NA	NA	NA	NA	NA	NA	NA	NA	NA	NA	NA	NA	NA	NA	NA	NA	NA	NA	NA	NA	NA	NA	NA	NA	NA	NA	NA	NA	NA	NA	NA	NA	NA	NA	NA	NA
cg13412213	0.311106227425435	0.587006627840682	0.610871495100932	0.540149828874177	0.586517068992956	0.552397616711832	0.554955533050905	0.570522315491122	0.600753086685955	0.450357092216322	0.356999730148034	0.717355291203278	0.860701965411568	0.358155090481854	0.703684570318029	0.674999225576272	0.592559087071751	0.385194367364574	0.795431480029361	0.443846275054657	0.676502545243774	0.635374751357876	0.451724920529825	0.833191444557887	0.265032096979067	0.813524259241771	0.584836585097612	0.742577322251258	0.540789323518164	0.679665589473372	0.664377737705877	0.592695318776472	0.568990669032785	0.397563796450909	0.640122958340343	0.687928233046268	0.411388263097042	0.548568240430859	0.670845231600178	0.835280789550718	0.646548003960816	0.553795766187463	0.257553324417809	0.755013417843132	0.746160847940914	0.551933493849735	0.737917998751677	0.721340331038945	0.824718416803825	0.76182019850162	0.325760491172728	0.623817230456083	0.585197497886777	0.462546690416768	0.679254082810334	0.388891225756993	0.55503733508191	0.598381115671902	0.486909435926572	0.505627915587348	0.68022889103127	0.875114553058557	0.331541110333203	0.64250057736763	0.556987654090294	0.364714495391878	0.407242350900725	0.510042405332161	0.534571879596496	0.578905259173392	0.761964672795799	0.865863890363351	0.439549603463584	0.482138191819872	0.488430071699313	0.500535372076905	0.448873637770267	0.653674977657682	0.575374287229024	0.315363008457226	0.597375774216141	0.659209441447652	0.296475306785148	0.302262263661341	0.58458542543437	0.720028365738828	0.589003644406706
cg13415320	NA	NA	NA	NA	NA	NA	NA	NA	NA	NA	NA	NA	NA	NA	NA	NA	NA	NA	NA	NA	NA	NA	NA	NA	NA	NA	NA	NA	NA	NA	NA	NA	NA	NA	NA	NA	NA	NA	NA	NA	NA	NA	NA	NA	NA	NA	NA	NA	NA	NA	NA	NA	NA	NA	NA	NA	NA	NA	NA	NA	NA	NA	NA	NA	NA	NA	NA	NA	NA	NA	NA	NA	NA	NA	NA	NA	NA	NA	NA	NA	NA	NA	NA	NA	NA	NA	NA
cg13436725	NA	NA	NA	NA	NA	NA	NA	NA	NA	NA	NA	NA	NA	NA	NA	NA	NA	NA	NA	NA	NA	NA	NA	NA	NA	NA	NA	NA	NA	NA	NA	NA	NA	NA	NA	NA	NA	NA	NA	NA	NA	NA	NA	NA	NA	NA	NA	NA	NA	NA	NA	NA	NA	NA	NA	NA	NA	NA	NA	NA	NA	NA	NA	NA	NA	NA	NA	NA	NA	NA	NA	NA	NA	NA	NA	NA	NA	NA	NA	NA	NA	NA	NA	NA	NA	NA	NA
cg13442045	NA	NA	NA	NA	NA	NA	NA	NA	NA	NA	NA	NA	NA	NA	NA	NA	NA	NA	NA	NA	NA	NA	NA	NA	NA	NA	NA	NA	NA	NA	NA	NA	NA	NA	NA	NA	NA	NA	NA	NA	NA	NA	NA	NA	NA	NA	NA	NA	NA	NA	NA	NA	NA	NA	NA	NA	NA	NA	NA	NA	NA	NA	NA	NA	NA	NA	NA	NA	NA	NA	NA	NA	NA	NA	NA	NA	NA	NA	NA	NA	NA	NA	NA	NA	NA	NA	NA
cg13475915	NA	NA	NA	NA	NA	NA	NA	NA	NA	NA	NA	NA	NA	NA	NA	NA	NA	NA	NA	NA	NA	NA	NA	NA	NA	NA	NA	NA	NA	NA	NA	NA	NA	NA	NA	NA	NA	NA	NA	NA	NA	NA	NA	NA	NA	NA	NA	NA	NA	NA	NA	NA	NA	NA	NA	NA	NA	NA	NA	NA	NA	NA	NA	NA	NA	NA	NA	NA	NA	NA	NA	NA	NA	NA	NA	NA	NA	NA	NA	NA	NA	NA	NA	NA	NA	NA	NA
cg13487422	NA	NA	NA	NA	NA	NA	NA	NA	NA	NA	NA	NA	NA	NA	NA	NA	NA	NA	NA	NA	NA	NA	NA	NA	NA	NA	NA	NA	NA	NA	NA	NA	NA	NA	NA	NA	NA	NA	NA	NA	NA	NA	NA	NA	NA	NA	NA	NA	NA	NA	NA	NA	NA	NA	NA	NA	NA	NA	NA	NA	NA	NA	NA	NA	NA	NA	NA	NA	NA	NA	NA	NA	NA	NA	NA	NA	NA	NA	NA	NA	NA	NA	NA	NA	NA	NA	NA
cg13498940	NA	NA	NA	NA	NA	NA	NA	NA	NA	NA	NA	NA	NA	NA	NA	NA	NA	NA	NA	NA	NA	NA	NA	NA	NA	NA	NA	NA	NA	NA	NA	NA	NA	NA	NA	NA	NA	NA	NA	NA	NA	NA	NA	NA	NA	NA	NA	NA	NA	NA	NA	NA	NA	NA	NA	NA	NA	NA	NA	NA	NA	NA	NA	NA	NA	NA	NA	NA	NA	NA	NA	NA	NA	NA	NA	NA	NA	NA	NA	NA	NA	NA	NA	NA	NA	NA	NA
cg13534903	NA	NA	NA	NA	NA	NA	NA	NA	NA	NA	NA	NA	NA	NA	NA	NA	NA	NA	NA	NA	NA	NA	NA	NA	NA	NA	NA	NA	NA	NA	NA	NA	NA	NA	NA	NA	NA	NA	NA	NA	NA	NA	NA	NA	NA	NA	NA	NA	NA	NA	NA	NA	NA	NA	NA	NA	NA	NA	NA	NA	NA	NA	NA	NA	NA	NA	NA	NA	NA	NA	NA	NA	NA	NA	NA	NA	NA	NA	NA	NA	NA	NA	NA	NA	NA	NA	NA
cg13542042	NA	NA	NA	NA	NA	NA	NA	NA	NA	NA	NA	NA	NA	NA	NA	NA	NA	NA	NA	NA	NA	NA	NA	NA	NA	NA	NA	NA	NA	NA	NA	NA	NA	NA	NA	NA	NA	NA	NA	NA	NA	NA	NA	NA	NA	NA	NA	NA	NA	NA	NA	NA	NA	NA	NA	NA	NA	NA	NA	NA	NA	NA	NA	NA	NA	NA	NA	NA	NA	NA	NA	NA	NA	NA	NA	NA	NA	NA	NA	NA	NA	NA	NA	NA	NA	NA	NA
cg13574050	NA	NA	NA	NA	NA	NA	NA	NA	NA	NA	NA	NA	NA	NA	NA	NA	NA	NA	NA	NA	NA	NA	NA	NA	NA	NA	NA	NA	NA	NA	NA	NA	NA	NA	NA	NA	NA	NA	NA	NA	NA	NA	NA	NA	NA	NA	NA	NA	NA	NA	NA	NA	NA	NA	NA	NA	NA	NA	NA	NA	NA	NA	NA	NA	NA	NA	NA	NA	NA	NA	NA	NA	NA	NA	NA	NA	NA	NA	NA	NA	NA	NA	NA	NA	NA	NA	NA
cg13579926	NA	NA	NA	NA	NA	NA	NA	NA	NA	NA	NA	NA	NA	NA	NA	NA	NA	NA	NA	NA	NA	NA	NA	NA	NA	NA	NA	NA	NA	NA	NA	NA	NA	NA	NA	NA	NA	NA	NA	NA	NA	NA	NA	NA	NA	NA	NA	NA	NA	NA	NA	NA	NA	NA	NA	NA	NA	NA	NA	NA	NA	NA	NA	NA	NA	NA	NA	NA	NA	NA	NA	NA	NA	NA	NA	NA	NA	NA	NA	NA	NA	NA	NA	NA	NA	NA	NA
cg13583523	0.72547085343426	0.870693095177493	0.76005533215098	0.893546004209807	0.77644238809677	0.735837150237805	0.860764958890558	0.82491783624015	0.195379958162089	0.840155389764987	0.445685204814197	0.832491398682194	0.732104767477516	0.820552668024511	0.524136995727237	0.79939295971945	0.584355433563263	0.573248189012876	0.708954249548603	0.917218636871193	0.710471300783954	0.723004719966559	0.882970295835988	0.257596230164658	0.909608660825671	0.860946717005438	0.919575383440147	0.946749586085537	0.778159164517806	0.948102317937852	0.749794727362469	0.890935703982889	0.8924094280826	0.387001097617438	0.589033351385445	0.75887167404481	0.733223491505727	0.943414231322099	0.651124821871818	0.588768835682328	0.659875590059018	0.813814702056227	0.409526506848478	0.892011633429347	0.868841458267928	0.754138239296973	0.921661628785909	0.748484438070299	0.855151662275494	0.756117421254214	0.767078238352562	0.903374293314794	0.638204763339008	0.913899317753284	0.752225470817066	0.810379964915327	0.7843232939146	0.905855349673424	0.399880276779238	0.846416409136822	0.255346118445839	0.870962569030185	0.840930717648473	0.694724230072497	0.803715640970773	0.853784260181776	0.620649781911681	0.61309836923377	0.309000469831776	0.821476418664162	0.793103916304424	0.933832322972099	0.901111496712104	0.890045906826549	0.831705303701232	0.887298687003751	0.482801339932962	0.903503856585476	0.869220411398947	0.504946289161046	0.892969272057666	0.850959918919626	0.858462637491038	0.807961940119202	0.554793636427757	0.837698339423718	0.935519234679306
cg13594837	NA	NA	NA	NA	NA	NA	NA	NA	NA	NA	NA	NA	NA	NA	NA	NA	NA	NA	NA	NA	NA	NA	NA	NA	NA	NA	NA	NA	NA	NA	NA	NA	NA	NA	NA	NA	NA	NA	NA	NA	NA	NA	NA	NA	NA	NA	NA	NA	NA	NA	NA	NA	NA	NA	NA	NA	NA	NA	NA	NA	NA	NA	NA	NA	NA	NA	NA	NA	NA	NA	NA	NA	NA	NA	NA	NA	NA	NA	NA	NA	NA	NA	NA	NA	NA	NA	NA
cg13597865	NA	NA	NA	NA	NA	NA	NA	NA	NA	NA	NA	NA	NA	NA	NA	NA	NA	NA	NA	NA	NA	NA	NA	NA	NA	NA	NA	NA	NA	NA	NA	NA	NA	NA	NA	NA	NA	NA	NA	NA	NA	NA	NA	NA	NA	NA	NA	NA	NA	NA	NA	NA	NA	NA	NA	NA	NA	NA	NA	NA	NA	NA	NA	NA	NA	NA	NA	NA	NA	NA	NA	NA	NA	NA	NA	NA	NA	NA	NA	NA	NA	NA	NA	NA	NA	NA	NA
cg13599051	NA	NA	NA	NA	NA	NA	NA	NA	NA	NA	NA	NA	NA	NA	NA	NA	NA	NA	NA	NA	NA	NA	NA	NA	NA	NA	NA	NA	NA	NA	NA	NA	NA	NA	NA	NA	NA	NA	NA	NA	NA	NA	NA	NA	NA	NA	NA	NA	NA	NA	NA	NA	NA	NA	NA	NA	NA	NA	NA	NA	NA	NA	NA	NA	NA	NA	NA	NA	NA	NA	NA	NA	NA	NA	NA	NA	NA	NA	NA	NA	NA	NA	NA	NA	NA	NA	NA
cg13614060	0.278681456659088	0.665104486442096	0.630812219047752	0.577874126167289	0.46299253855895	0.408774438325296	0.811712392318636	0.829692140233684	0.198607087060517	0.751128132768618	0.731990323095141	0.837592214624856	0.596388271402671	0.323151778566389	0.557049621282926	0.788450272614809	0.663463860070515	0.570151216492873	0.713925722061591	0.348056315895464	0.674637258385585	0.776653718487109	0.457205073497309	0.4708131830663	0.834636488435782	0.812275334647064	0.582031299078174	0.574292035191154	0.788986961965453	0.83434840015111	0.771326183133808	0.549799739130516	0.831495895041845	0.763494590919007	0.712663399901917	0.799817161237222	0.755294564012094	0.889694259091336	0.721143190109131	0.69566497062825	0.495540158013737	0.579428258571684	0.483157614644417	0.6867590830199	0.756245126224387	0.633359951306304	0.656788006337594	0.725511476408373	0.799920590931136	0.769325440166146	0.858716177195408	0.884072519176908	0.591483552986407	0.836462424591411	0.741373511375528	0.724927501434755	0.851781609275581	0.641423063483634	0.339778799827381	0.818610205011481	0.773875374220135	0.800625790333731	0.792872922042532	0.765357258247899	0.856259147737009	0.62043765981257	0.367366816391306	0.613945007214972	0.322097680365447	0.825328485129184	0.698751357563077	0.851076114184786	0.778744683656865	0.792116650005061	0.559983403735158	0.885199377179135	0.627953704781101	0.726290145222257	0.442886814440108	0.81128286233658	0.812191279767588	0.762236269054582	0.866459792970106	0.716534668352732	0.640377026745036	0.450496445001502	0.728126854683994
cg13625213	0.896475239832588	0.959934006213811	0.955376548588337	0.954437541125941	0.956148452717016	0.825044375011433	0.957112093132566	0.970016854879202	0.96021437106626	0.949311663292421	0.953459415624989	0.958265947885032	0.95391881397514	0.962139054129405	0.926341751180648	0.947193470352708	0.922320426530643	0.966981354968198	0.963529012240327	0.960239935819088	0.957390549537933	0.946038061737073	0.955102998521894	0.946255975894055	0.969885814614832	0.971008204869816	0.955674657085337	0.955978712060731	0.923185341309117	0.951061472934908	0.95113932425371	0.952062313772746	0.964834310722536	0.947973533759247	0.901348499650745	0.950815847521415	0.934934611308329	0.955040889445951	0.819012391033098	0.759529699998531	0.931027027441487	0.957773341364525	0.934673116510536	0.956276296060324	0.958475129062903	0.964063277526092	0.962506873752569	0.945013264695063	0.94464526643848	0.946174601660728	0.95987336607844	0.97465866279936	0.932024699416958	0.95653363064437	0.958919914401751	0.960818403890949	0.957669757192095	0.956675601090352	0.647781857899956	0.960416317607867	0.94125790459677	0.935077067415164	0.942489596378315	0.955471772318484	0.936032913232951	0.925464937794198	0.913632916346097	0.964374729226656	0.924123202987814	0.955220047225241	0.958711944762906	0.969165605727023	0.960115471071695	0.961061711056947	0.944807760515234	0.962889517785164	0.926106864649259	0.948082093792352	0.973244675098998	0.960431516619637	0.949696619814644	0.964550701218765	0.95973933350141	0.953057791739596	0.927553092016202	0.946143301952795	0.948460226476258
cg13642800	NA	NA	NA	NA	NA	NA	NA	NA	NA	NA	NA	NA	NA	NA	NA	NA	NA	NA	NA	NA	NA	NA	NA	NA	NA	NA	NA	NA	NA	NA	NA	NA	NA	NA	NA	NA	NA	NA	NA	NA	NA	NA	NA	NA	NA	NA	NA	NA	NA	NA	NA	NA	NA	NA	NA	NA	NA	NA	NA	NA	NA	NA	NA	NA	NA	NA	NA	NA	NA	NA	NA	NA	NA	NA	NA	NA	NA	NA	NA	NA	NA	NA	NA	NA	NA	NA	NA
cg13644646	NA	NA	NA	NA	NA	NA	NA	NA	NA	NA	NA	NA	NA	NA	NA	NA	NA	NA	NA	NA	NA	NA	NA	NA	NA	NA	NA	NA	NA	NA	NA	NA	NA	NA	NA	NA	NA	NA	NA	NA	NA	NA	NA	NA	NA	NA	NA	NA	NA	NA	NA	NA	NA	NA	NA	NA	NA	NA	NA	NA	NA	NA	NA	NA	NA	NA	NA	NA	NA	NA	NA	NA	NA	NA	NA	NA	NA	NA	NA	NA	NA	NA	NA	NA	NA	NA	NA
cg13662724	NA	NA	NA	NA	NA	NA	NA	NA	NA	NA	NA	NA	NA	NA	NA	NA	NA	NA	NA	NA	NA	NA	NA	NA	NA	NA	NA	NA	NA	NA	NA	NA	NA	NA	NA	NA	NA	NA	NA	NA	NA	NA	NA	NA	NA	NA	NA	NA	NA	NA	NA	NA	NA	NA	NA	NA	NA	NA	NA	NA	NA	NA	NA	NA	NA	NA	NA	NA	NA	NA	NA	NA	NA	NA	NA	NA	NA	NA	NA	NA	NA	NA	NA	NA	NA	NA	NA
cg13714241	NA	NA	NA	NA	NA	NA	NA	NA	NA	NA	NA	NA	NA	NA	NA	NA	NA	NA	NA	NA	NA	NA	NA	NA	NA	NA	NA	NA	NA	NA	NA	NA	NA	NA	NA	NA	NA	NA	NA	NA	NA	NA	NA	NA	NA	NA	NA	NA	NA	NA	NA	NA	NA	NA	NA	NA	NA	NA	NA	NA	NA	NA	NA	NA	NA	NA	NA	NA	NA	NA	NA	NA	NA	NA	NA	NA	NA	NA	NA	NA	NA	NA	NA	NA	NA	NA	NA
cg13715827	NA	NA	NA	NA	NA	NA	NA	NA	NA	NA	NA	NA	NA	NA	NA	NA	NA	NA	NA	NA	NA	NA	NA	NA	NA	NA	NA	NA	NA	NA	NA	NA	NA	NA	NA	NA	NA	NA	NA	NA	NA	NA	NA	NA	NA	NA	NA	NA	NA	NA	NA	NA	NA	NA	NA	NA	NA	NA	NA	NA	NA	NA	NA	NA	NA	NA	NA	NA	NA	NA	NA	NA	NA	NA	NA	NA	NA	NA	NA	NA	NA	NA	NA	NA	NA	NA	NA
cg13716167	NA	NA	NA	NA	NA	NA	NA	NA	NA	NA	NA	NA	NA	NA	NA	NA	NA	NA	NA	NA	NA	NA	NA	NA	NA	NA	NA	NA	NA	NA	NA	NA	NA	NA	NA	NA	NA	NA	NA	NA	NA	NA	NA	NA	NA	NA	NA	NA	NA	NA	NA	NA	NA	NA	NA	NA	NA	NA	NA	NA	NA	NA	NA	NA	NA	NA	NA	NA	NA	NA	NA	NA	NA	NA	NA	NA	NA	NA	NA	NA	NA	NA	NA	NA	NA	NA	NA
cg13717555	NA	NA	NA	NA	NA	NA	NA	NA	NA	NA	NA	NA	NA	NA	NA	NA	NA	NA	NA	NA	NA	NA	NA	NA	NA	NA	NA	NA	NA	NA	NA	NA	NA	NA	NA	NA	NA	NA	NA	NA	NA	NA	NA	NA	NA	NA	NA	NA	NA	NA	NA	NA	NA	NA	NA	NA	NA	NA	NA	NA	NA	NA	NA	NA	NA	NA	NA	NA	NA	NA	NA	NA	NA	NA	NA	NA	NA	NA	NA	NA	NA	NA	NA	NA	NA	NA	NA
cg13754621	NA	NA	NA	NA	NA	NA	NA	NA	NA	NA	NA	NA	NA	NA	NA	NA	NA	NA	NA	NA	NA	NA	NA	NA	NA	NA	NA	NA	NA	NA	NA	NA	NA	NA	NA	NA	NA	NA	NA	NA	NA	NA	NA	NA	NA	NA	NA	NA	NA	NA	NA	NA	NA	NA	NA	NA	NA	NA	NA	NA	NA	NA	NA	NA	NA	NA	NA	NA	NA	NA	NA	NA	NA	NA	NA	NA	NA	NA	NA	NA	NA	NA	NA	NA	NA	NA	NA
cg13759931	NA	NA	NA	NA	NA	NA	NA	NA	NA	NA	NA	NA	NA	NA	NA	NA	NA	NA	NA	NA	NA	NA	NA	NA	NA	NA	NA	NA	NA	NA	NA	NA	NA	NA	NA	NA	NA	NA	NA	NA	NA	NA	NA	NA	NA	NA	NA	NA	NA	NA	NA	NA	NA	NA	NA	NA	NA	NA	NA	NA	NA	NA	NA	NA	NA	NA	NA	NA	NA	NA	NA	NA	NA	NA	NA	NA	NA	NA	NA	NA	NA	NA	NA	NA	NA	NA	NA
cg13781938	0.975523752722673	0.975380372558511	0.978392826765305	0.975133462378689	0.820321016212097	0.751317878983014	0.973474023579323	0.975109803601657	0.946085677094004	0.972348247364967	0.94661203417413	0.970991267899145	0.976639060680537	0.966786079797866	0.971911494374212	0.97799186023904	0.976632360426449	0.976249628671701	0.978179725887826	0.978540159427335	0.971263069009906	0.979261384062943	0.973372431156603	0.972202735429358	0.974841238755409	0.980006320840091	0.977476365142801	0.976027155865531	0.973075229332247	0.975445179157133	0.974372343138987	0.978526005308129	0.978285550720809	0.975902616601813	0.973115025963107	0.975225515703325	0.972122302455284	0.981145538848524	0.975619154133289	0.970313653419256	0.961887031735066	0.960083357081446	0.956354655689244	0.980049814891626	0.957146513647319	0.974085452415559	0.970923974530022	0.9773837502137	0.973066433130032	0.974297943503469	0.980861572860594	0.976425236948936	0.971991205762396	0.976376834260846	0.97646000921999	0.964750155667265	0.979294042299038	0.97681054611566	0.931612379740239	0.979187520084111	0.976196986093681	0.974048120584507	0.973055293571248	0.976889404419743	0.974196355086042	0.903620046799496	0.975171415185903	0.965835239570426	0.961644381995832	0.97348566276467	0.969806047501811	0.982670321615841	0.974034771830934	0.975132968979753	0.977935840549461	0.97238398468964	0.963918647632427	0.979625450691959	0.889760477747517	0.978051619513689	0.972137690781362	0.968156481716447	0.971907353398424	0.972400646780347	0.973923980178786	0.981891668715658	0.978907417869791
cg13848981	NA	NA	NA	NA	NA	NA	NA	NA	NA	NA	NA	NA	NA	NA	NA	NA	NA	NA	NA	NA	NA	NA	NA	NA	NA	NA	NA	NA	NA	NA	NA	NA	NA	NA	NA	NA	NA	NA	NA	NA	NA	NA	NA	NA	NA	NA	NA	NA	NA	NA	NA	NA	NA	NA	NA	NA	NA	NA	NA	NA	NA	NA	NA	NA	NA	NA	NA	NA	NA	NA	NA	NA	NA	NA	NA	NA	NA	NA	NA	NA	NA	NA	NA	NA	NA	NA	NA
cg13873902	NA	NA	NA	NA	NA	NA	NA	NA	NA	NA	NA	NA	NA	NA	NA	NA	NA	NA	NA	NA	NA	NA	NA	NA	NA	NA	NA	NA	NA	NA	NA	NA	NA	NA	NA	NA	NA	NA	NA	NA	NA	NA	NA	NA	NA	NA	NA	NA	NA	NA	NA	NA	NA	NA	NA	NA	NA	NA	NA	NA	NA	NA	NA	NA	NA	NA	NA	NA	NA	NA	NA	NA	NA	NA	NA	NA	NA	NA	NA	NA	NA	NA	NA	NA	NA	NA	NA
cg13876071	NA	NA	NA	NA	NA	NA	NA	NA	NA	NA	NA	NA	NA	NA	NA	NA	NA	NA	NA	NA	NA	NA	NA	NA	NA	NA	NA	NA	NA	NA	NA	NA	NA	NA	NA	NA	NA	NA	NA	NA	NA	NA	NA	NA	NA	NA	NA	NA	NA	NA	NA	NA	NA	NA	NA	NA	NA	NA	NA	NA	NA	NA	NA	NA	NA	NA	NA	NA	NA	NA	NA	NA	NA	NA	NA	NA	NA	NA	NA	NA	NA	NA	NA	NA	NA	NA	NA
cg13877944	NA	NA	NA	NA	NA	NA	NA	NA	NA	NA	NA	NA	NA	NA	NA	NA	NA	NA	NA	NA	NA	NA	NA	NA	NA	NA	NA	NA	NA	NA	NA	NA	NA	NA	NA	NA	NA	NA	NA	NA	NA	NA	NA	NA	NA	NA	NA	NA	NA	NA	NA	NA	NA	NA	NA	NA	NA	NA	NA	NA	NA	NA	NA	NA	NA	NA	NA	NA	NA	NA	NA	NA	NA	NA	NA	NA	NA	NA	NA	NA	NA	NA	NA	NA	NA	NA	NA
cg13882046	NA	NA	NA	NA	NA	NA	NA	NA	NA	NA	NA	NA	NA	NA	NA	NA	NA	NA	NA	NA	NA	NA	NA	NA	NA	NA	NA	NA	NA	NA	NA	NA	NA	NA	NA	NA	NA	NA	NA	NA	NA	NA	NA	NA	NA	NA	NA	NA	NA	NA	NA	NA	NA	NA	NA	NA	NA	NA	NA	NA	NA	NA	NA	NA	NA	NA	NA	NA	NA	NA	NA	NA	NA	NA	NA	NA	NA	NA	NA	NA	NA	NA	NA	NA	NA	NA	NA
cg13947513	NA	NA	NA	NA	NA	NA	NA	NA	NA	NA	NA	NA	NA	NA	NA	NA	NA	NA	NA	NA	NA	NA	NA	NA	NA	NA	NA	NA	NA	NA	NA	NA	NA	NA	NA	NA	NA	NA	NA	NA	NA	NA	NA	NA	NA	NA	NA	NA	NA	NA	NA	NA	NA	NA	NA	NA	NA	NA	NA	NA	NA	NA	NA	NA	NA	NA	NA	NA	NA	NA	NA	NA	NA	NA	NA	NA	NA	NA	NA	NA	NA	NA	NA	NA	NA	NA	NA
cg13979194	NA	NA	NA	NA	NA	NA	NA	NA	NA	NA	NA	NA	NA	NA	NA	NA	NA	NA	NA	NA	NA	NA	NA	NA	NA	NA	NA	NA	NA	NA	NA	NA	NA	NA	NA	NA	NA	NA	NA	NA	NA	NA	NA	NA	NA	NA	NA	NA	NA	NA	NA	NA	NA	NA	NA	NA	NA	NA	NA	NA	NA	NA	NA	NA	NA	NA	NA	NA	NA	NA	NA	NA	NA	NA	NA	NA	NA	NA	NA	NA	NA	NA	NA	NA	NA	NA	NA
cg13980410	0.445952720724115	0.847721433155014	0.637579643313984	0.770767660439152	0.797565645788345	0.749693820427011	0.763246891617312	0.75093627818878	0.910088089358687	0.835497277227621	0.644387456065751	0.842268031922927	0.529571271482919	0.44758880607311	0.474763545989569	0.710484833511987	0.610015275493535	0.603940909064893	0.885160449785991	0.90046514317314	0.754781137080005	0.739297977372339	0.730511803765907	0.628270146872174	0.311910813525484	0.889653658459855	0.821450191927896	0.816406539114672	0.829876561740236	0.861788465806233	0.787421087954162	0.86811649799081	0.48802378513864	0.498133701436127	0.619118858841008	0.75193668781204	0.712946688552061	0.868908505438303	0.813455617320023	0.451007287720903	0.878604429928264	0.875709189759374	0.750447482206372	0.754891913243195	0.852827100491582	0.562285028780549	0.594857813462251	0.715230555069333	0.833715844310006	0.763135636831884	0.769487405382998	0.911310232112733	0.73593906562819	0.90365867530385	0.69222848928442	0.633074503226993	0.620598082909099	0.884376394044122	0.890207470877358	0.778247686295639	0.337320201086678	0.513221033420415	0.667342445986807	0.718525955904385	0.684235773833602	0.775564979236745	0.908664412892355	0.558387579555092	0.828322853246164	0.781723753803772	0.890383302051471	0.904094774795651	0.793374689773822	0.838381219366617	0.869843844140606	0.758793245613167	0.678849272367993	0.889949989323306	0.705190325314412	0.768179759967797	0.838515917269714	0.862085037245014	0.871573521978404	0.427376237242475	0.64689697531643	0.75500689097583	0.874367724186273
cg13982037	0.329680975553127	0.306412939603777	0.552854374170876	0.154820597610615	0.266797534183408	NA	0.587346173202152	0.554670208525861	0.197143129728687	0.351563970700957	0.220084505415103	0.290292861725004	0.241124280893888	NA	NA	0.572616210386297	0.778691336184669	0.434687730245625	NA	NA	0.292017659687095	0.584778524598385	0.0981237930427564	0.164102901501071	0.294761921301793	0.234857253155055	0.114608053235689	0.65251606934184	0.646904489531131	0.207202539680535	0.496148231580311	NA	NA	0.331377166598502	0.610248353200439	0.391112891863638	0.589703045222156	0.219382464777361	0.351801922621796	0.862428267487099	0.33132642906276	NA	0.280904042797093	0.311789614263297	NA	NA	0.153525539297472	0.708325437254172	NA	0.421064972470301	0.169455441335372	NA	0.460668119270007	0.292386022831541	0.571556631991015	NA	NA	NA	0.238864535037234	NA	NA	0.438152385971048	NA	0.682998773969469	0.705402773740997	NA	0.277499997539526	0.521616726024628	0.152935004419694	0.714963131508293	0.660138264444575	0.162773697916931	0.241850526306866	0.382646497678445	0.361662356970091	0.180862824957668	0.519786583243547	0.216462759797953	0.354833841686818	0.35303684463404	0.531385068263054	0.16586579762179	NA	0.324772118970844	0.757035530003082	0.501754343673531	0.32712432926291
cg13983495	NA	NA	NA	NA	NA	NA	NA	NA	NA	NA	NA	NA	NA	NA	NA	NA	NA	NA	NA	NA	NA	NA	NA	NA	NA	NA	NA	NA	NA	NA	NA	NA	NA	NA	NA	NA	NA	NA	NA	NA	NA	NA	NA	NA	NA	NA	NA	NA	NA	NA	NA	NA	NA	NA	NA	NA	NA	NA	NA	NA	NA	NA	NA	NA	NA	NA	NA	NA	NA	NA	NA	NA	NA	NA	NA	NA	NA	NA	NA	NA	NA	NA	NA	NA	NA	NA	NA
cg14027704	NA	NA	NA	NA	NA	NA	NA	NA	NA	NA	NA	NA	NA	NA	NA	NA	NA	NA	NA	NA	NA	NA	NA	NA	NA	NA	NA	NA	NA	NA	NA	NA	NA	NA	NA	NA	NA	NA	NA	NA	NA	NA	NA	NA	NA	NA	NA	NA	NA	NA	NA	NA	NA	NA	NA	NA	NA	NA	NA	NA	NA	NA	NA	NA	NA	NA	NA	NA	NA	NA	NA	NA	NA	NA	NA	NA	NA	NA	NA	NA	NA	NA	NA	NA	NA	NA	NA
cg14029959	0.310786178985998	0.760922516514451	0.88697052087358	0.858591498719027	0.764507879265391	0.733262206478407	0.84884308518736	0.817814350482328	0.44930569387728	0.890887223154786	0.642659109464103	0.799473736905111	0.687175817629047	0.446528030585533	0.72862840948029	0.763313267031587	0.812576671372732	0.801162365599997	0.542131769305621	0.84504451295475	0.836701099501589	0.800975423758126	0.506135673476004	0.382569691354419	0.826155219311892	0.858485058057216	0.546527942716993	0.546835782165512	0.777066065573329	0.875827878612981	0.879658110033921	0.80220190896999	0.787326328180771	0.869901799195045	0.797726064235256	0.833839996057386	0.783836323028459	0.822957763995233	0.713533946068452	0.85299051187089	0.733013363761569	0.90171081066448	0.492507955867823	0.760288473291893	0.855252754342559	0.654334014395141	0.83148843150527	0.669245237604958	0.874481233199508	0.765567140647306	0.634121800961163	0.881443534827475	0.744445642813569	0.89500761225427	0.82050175007723	0.875238058723716	0.69970192034979	0.893814195423887	0.728386088693833	0.881216174961517	0.748087326320761	0.433629004687143	0.835425378331251	0.821961400917202	0.797746049200766	0.605861591907426	0.892290522033592	0.789178585856732	0.878713914278124	0.861612582531297	0.880145201326312	0.855631009850515	0.782666199107298	0.812814251728752	0.747343917776958	0.806334120818662	0.595085159383229	0.782169867516389	0.831188176648355	0.465153479556284	0.828306690558322	0.826802816706782	0.905689035452694	0.838152212423554	0.800647554373474	0.811342811143578	0.525234419712642
cg14033737	NA	NA	NA	NA	NA	NA	NA	NA	NA	NA	NA	NA	NA	NA	NA	NA	NA	NA	NA	NA	NA	NA	NA	NA	NA	NA	NA	NA	NA	NA	NA	NA	NA	NA	NA	NA	NA	NA	NA	NA	NA	NA	NA	NA	NA	NA	NA	NA	NA	NA	NA	NA	NA	NA	NA	NA	NA	NA	NA	NA	NA	NA	NA	NA	NA	NA	NA	NA	NA	NA	NA	NA	NA	NA	NA	NA	NA	NA	NA	NA	NA	NA	NA	NA	NA	NA	NA
cg14041094	0.316810619269063	0.327023812554788	0.675463990201653	0.22012162472062	0.357596332305366	0.422150229741669	0.63546295077426	0.627214824368343	0.291340751627088	0.58061083072975	0.361922988034474	0.920530371473147	0.265808805894087	0.380426682884232	0.583053026877039	0.782382423009465	0.837589909358694	0.539658737843793	0.580012131927719	0.32158294851159	0.805190541579892	0.702130059298526	0.311153826513395	0.722830969514422	0.474534576008691	0.257559392783624	0.343717032345776	0.425908894668105	0.897150299391786	0.195574912510704	0.833932722795061	0.352689096781869	0.588486601341231	0.384585499197535	0.689264688785175	0.697070453055103	0.538410803597843	0.337957442605473	0.314488345587475	0.908428595115366	0.477310561397458	0.495812307301094	0.288391574730718	0.512309383949296	0.487873577315899	0.528672676883636	0.20630954158894	0.594421847228386	0.437831389279392	0.42582299639276	0.467244620793343	0.837176110590784	0.510488014654565	0.615628345707259	0.618591727618988	0.722731616495462	0.38715122640032	0.397201993528323	0.88198298813034	0.355230278086374	0.37357784880466	0.445984425635665	0.580440822056675	0.872128100389024	0.641510049491962	0.407972682261742	0.407947513574069	0.733398389587192	0.221464692797699	0.561868731797303	0.710976628738648	0.243787520460518	0.401542749586896	0.544603778049007	0.429652608639762	0.319631950423917	0.491618698661095	0.212866320564249	0.471440314508714	0.341049198858266	0.634597011943679	0.183545530249736	0.592343101999802	0.500106558342742	0.736536609177825	0.406024214806304	0.244343317299864
cg14048785	NA	NA	NA	NA	NA	NA	NA	NA	NA	NA	NA	NA	NA	NA	NA	NA	NA	NA	NA	NA	NA	NA	NA	NA	NA	NA	NA	NA	NA	NA	NA	NA	NA	NA	NA	NA	NA	NA	NA	NA	NA	NA	NA	NA	NA	NA	NA	NA	NA	NA	NA	NA	NA	NA	NA	NA	NA	NA	NA	NA	NA	NA	NA	NA	NA	NA	NA	NA	NA	NA	NA	NA	NA	NA	NA	NA	NA	NA	NA	NA	NA	NA	NA	NA	NA	NA	NA
cg14102569	NA	NA	NA	NA	NA	NA	NA	NA	NA	NA	NA	NA	NA	NA	NA	NA	NA	NA	NA	NA	NA	NA	NA	NA	NA	NA	NA	NA	NA	NA	NA	NA	NA	NA	NA	NA	NA	NA	NA	NA	NA	NA	NA	NA	NA	NA	NA	NA	NA	NA	NA	NA	NA	NA	NA	NA	NA	NA	NA	NA	NA	NA	NA	NA	NA	NA	NA	NA	NA	NA	NA	NA	NA	NA	NA	NA	NA	NA	NA	NA	NA	NA	NA	NA	NA	NA	NA
cg14122723	NA	NA	NA	NA	NA	NA	NA	NA	NA	NA	NA	NA	NA	NA	NA	NA	NA	NA	NA	NA	NA	NA	NA	NA	NA	NA	NA	NA	NA	NA	NA	NA	NA	NA	NA	NA	NA	NA	NA	NA	NA	NA	NA	NA	NA	NA	NA	NA	NA	NA	NA	NA	NA	NA	NA	NA	NA	NA	NA	NA	NA	NA	NA	NA	NA	NA	NA	NA	NA	NA	NA	NA	NA	NA	NA	NA	NA	NA	NA	NA	NA	NA	NA	NA	NA	NA	NA
cg14143323	NA	NA	NA	NA	NA	NA	NA	NA	NA	NA	NA	NA	NA	NA	NA	NA	NA	NA	NA	NA	NA	NA	NA	NA	NA	NA	NA	NA	NA	NA	NA	NA	NA	NA	NA	NA	NA	NA	NA	NA	NA	NA	NA	NA	NA	NA	NA	NA	NA	NA	NA	NA	NA	NA	NA	NA	NA	NA	NA	NA	NA	NA	NA	NA	NA	NA	NA	NA	NA	NA	NA	NA	NA	NA	NA	NA	NA	NA	NA	NA	NA	NA	NA	NA	NA	NA	NA
cg14153625	NA	NA	NA	NA	NA	NA	NA	NA	NA	NA	NA	NA	NA	NA	NA	NA	NA	NA	NA	NA	NA	NA	NA	NA	NA	NA	NA	NA	NA	NA	NA	NA	NA	NA	NA	NA	NA	NA	NA	NA	NA	NA	NA	NA	NA	NA	NA	NA	NA	NA	NA	NA	NA	NA	NA	NA	NA	NA	NA	NA	NA	NA	NA	NA	NA	NA	NA	NA	NA	NA	NA	NA	NA	NA	NA	NA	NA	NA	NA	NA	NA	NA	NA	NA	NA	NA	NA
cg14178937	NA	NA	NA	NA	NA	NA	NA	NA	NA	NA	NA	NA	NA	NA	NA	NA	NA	NA	NA	NA	NA	NA	NA	NA	NA	NA	NA	NA	NA	NA	NA	NA	NA	NA	NA	NA	NA	NA	NA	NA	NA	NA	NA	NA	NA	NA	NA	NA	NA	NA	NA	NA	NA	NA	NA	NA	NA	NA	NA	NA	NA	NA	NA	NA	NA	NA	NA	NA	NA	NA	NA	NA	NA	NA	NA	NA	NA	NA	NA	NA	NA	NA	NA	NA	NA	NA	NA
cg14184524	0.660703877645296	0.726117080674606	0.449078766546653	0.7872392736683	0.510476183632078	NA	0.772893741605243	0.606770337415679	0.134380524941613	0.786689479642301	0.654314110496465	0.895050165088024	0.235676377282072	0.544669624007935	0.541148976188825	0.814454502325262	0.572404484128712	0.438066694431257	0.650582017946486	0.90119071478842	0.734709481976677	0.68939335509529	0.851856825846393	0.832024648356343	0.325693391612777	0.620569488334009	0.314772705262023	0.411238000321177	0.791116471003791	0.84800252779518	0.803399032375014	0.275088371342427	0.572613300379782	0.323534702013587	0.544782322508379	0.674866997056564	0.70164650732368	0.278949922146481	0.477138681097434	0.302344371724215	0.786507598778567	NA	0.505016020353467	0.580626445207083	0.595405406410017	0.416423304361428	0.582825885853368	0.595714720304119	0.769044129624818	0.871694498694008	0.238283738334668	0.846037138797591	0.468190337021123	NA	0.731878572919791	0.442225617727462	0.585943103281506	0.723941121655937	NA	0.831579612374964	NA	0.530698400660941	0.843367715504843	0.655727221932054	0.660193900315067	0.333101687996063	0.250711583431546	0.415723412742609	0.322389042859702	0.75840063361589	0.598010340617068	0.835643173669774	NA	0.334843016236467	0.551542040579186	0.509667914722588	0.477586620974545	0.798877586597552	0.314824441866172	0.228264483127835	0.837819660758439	0.860551961839261	0.888114786825313	0.532120310794186	0.628517761238452	0.698107791057072	0.555014326862813
cg14212012	NA	NA	0.144075841563392	NA	0.187926133618721	NA	NA	0.166742628815845	0.160460377420955	NA	NA	NA	NA	NA	NA	NA	NA	0.149776563765287	NA	NA	0.263683901950894	NA	NA	NA	0.145899967217649	NA	NA	NA	NA	NA	NA	NA	NA	NA	0.172022195857285	NA	NA	0.680923578287431	NA	0.158199471400349	NA	NA	0.157436206816817	0.206287476864838	NA	NA	NA	NA	NA	NA	0.264135243830586	NA	0.176112910024385	NA	0.276415517828401	NA	NA	NA	NA	NA	NA	0.183238693551954	NA	NA	0.239967421333907	NA	NA	0.254373338143206	0.1626053228085	NA	NA	0.156839777589667	NA	NA	NA	0.44406705073471	NA	NA	NA	NA	0.220375997273282	NA	NA	0.0885735811944844	NA	NA	NA
cg14218089	NA	NA	NA	NA	NA	NA	NA	NA	NA	NA	NA	NA	NA	NA	NA	NA	NA	NA	NA	NA	NA	NA	NA	NA	NA	NA	NA	NA	NA	NA	NA	NA	NA	NA	NA	NA	NA	NA	NA	NA	NA	NA	NA	NA	NA	NA	NA	NA	NA	NA	NA	NA	NA	NA	NA	NA	NA	NA	NA	NA	NA	NA	NA	NA	NA	NA	NA	NA	NA	NA	NA	NA	NA	NA	NA	NA	NA	NA	NA	NA	NA	NA	NA	NA	NA	NA	NA
cg14220427	NA	NA	NA	NA	NA	NA	NA	NA	NA	NA	NA	NA	NA	NA	NA	NA	NA	NA	NA	NA	NA	NA	NA	NA	NA	NA	NA	NA	NA	NA	NA	NA	NA	NA	NA	NA	NA	NA	NA	NA	NA	NA	NA	NA	NA	NA	NA	NA	NA	NA	NA	NA	NA	NA	NA	NA	NA	NA	NA	NA	NA	NA	NA	NA	NA	NA	NA	NA	NA	NA	NA	NA	NA	NA	NA	NA	NA	NA	NA	NA	NA	NA	NA	NA	NA	NA	NA
cg14305657	NA	NA	NA	NA	NA	NA	NA	NA	NA	NA	NA	NA	NA	NA	NA	NA	NA	NA	NA	NA	NA	NA	NA	NA	NA	NA	NA	NA	NA	NA	NA	NA	NA	NA	NA	NA	NA	NA	NA	NA	NA	NA	NA	NA	NA	NA	NA	NA	NA	NA	NA	NA	NA	NA	NA	NA	NA	NA	NA	NA	NA	NA	NA	NA	NA	NA	NA	NA	NA	NA	NA	NA	NA	NA	NA	NA	NA	NA	NA	NA	NA	NA	NA	NA	NA	NA	NA
cg14310179	NA	NA	NA	NA	NA	NA	NA	NA	NA	NA	NA	NA	NA	NA	NA	NA	NA	NA	NA	NA	NA	NA	NA	NA	NA	NA	NA	NA	NA	NA	NA	NA	NA	NA	NA	NA	NA	NA	NA	NA	NA	NA	NA	NA	NA	NA	NA	NA	NA	NA	NA	NA	NA	NA	NA	NA	NA	NA	NA	NA	NA	NA	NA	NA	NA	NA	NA	NA	NA	NA	NA	NA	NA	NA	NA	NA	NA	NA	NA	NA	NA	NA	NA	NA	NA	NA	NA
cg14319700	NA	NA	NA	NA	NA	NA	NA	NA	NA	NA	NA	NA	NA	NA	NA	NA	NA	NA	NA	NA	NA	NA	NA	NA	NA	NA	NA	NA	NA	NA	NA	NA	NA	NA	NA	NA	NA	NA	NA	NA	NA	NA	NA	NA	NA	NA	NA	NA	NA	NA	NA	NA	NA	NA	NA	NA	NA	NA	NA	NA	NA	NA	NA	NA	NA	NA	NA	NA	NA	NA	NA	NA	NA	NA	NA	NA	NA	NA	NA	NA	NA	NA	NA	NA	NA	NA	NA
cg14347328	NA	NA	NA	NA	NA	NA	NA	NA	NA	NA	NA	NA	NA	NA	NA	NA	NA	NA	NA	NA	NA	NA	NA	NA	NA	NA	NA	NA	NA	NA	NA	NA	NA	NA	NA	NA	NA	NA	NA	NA	NA	NA	NA	NA	NA	NA	NA	NA	NA	NA	NA	NA	NA	NA	NA	NA	NA	NA	NA	NA	NA	NA	NA	NA	NA	NA	NA	NA	NA	NA	NA	NA	NA	NA	NA	NA	NA	NA	NA	NA	NA	NA	NA	NA	NA	NA	NA
cg14373718	NA	NA	NA	NA	NA	NA	NA	NA	NA	NA	NA	NA	NA	NA	NA	NA	NA	NA	NA	NA	NA	NA	NA	NA	NA	NA	NA	NA	NA	NA	NA	NA	NA	NA	NA	NA	NA	NA	NA	NA	NA	NA	NA	NA	NA	NA	NA	NA	NA	NA	NA	NA	NA	NA	NA	NA	NA	NA	NA	NA	NA	NA	NA	NA	NA	NA	NA	NA	NA	NA	NA	NA	NA	NA	NA	NA	NA	NA	NA	NA	NA	NA	NA	NA	NA	NA	NA
cg14390884	NA	NA	NA	NA	NA	NA	NA	NA	NA	NA	NA	NA	NA	NA	NA	NA	NA	NA	NA	NA	NA	NA	NA	NA	NA	NA	NA	NA	NA	NA	NA	NA	NA	NA	NA	NA	NA	NA	NA	NA	NA	NA	NA	NA	NA	NA	NA	NA	NA	NA	NA	NA	NA	NA	NA	NA	NA	NA	NA	NA	NA	NA	NA	NA	NA	NA	NA	NA	NA	NA	NA	NA	NA	NA	NA	NA	NA	NA	NA	NA	NA	NA	NA	NA	NA	NA	NA
cg14404146	NA	NA	NA	NA	NA	NA	NA	NA	NA	NA	NA	NA	NA	NA	NA	NA	NA	NA	NA	NA	NA	NA	NA	NA	NA	NA	NA	NA	NA	NA	NA	NA	NA	NA	NA	NA	NA	NA	NA	NA	NA	NA	NA	NA	NA	NA	NA	NA	NA	NA	NA	NA	NA	NA	NA	NA	NA	NA	NA	NA	NA	NA	NA	NA	NA	NA	NA	NA	NA	NA	NA	NA	NA	NA	NA	NA	NA	NA	NA	NA	NA	NA	NA	NA	NA	NA	NA
cg14430410	NA	NA	NA	NA	NA	NA	NA	NA	NA	NA	NA	NA	NA	NA	NA	NA	NA	NA	NA	NA	NA	NA	NA	NA	NA	NA	NA	NA	NA	NA	NA	NA	NA	NA	NA	NA	NA	NA	NA	NA	NA	NA	NA	NA	NA	NA	NA	NA	NA	NA	NA	NA	NA	NA	NA	NA	NA	NA	NA	NA	NA	NA	NA	NA	NA	NA	NA	NA	NA	NA	NA	NA	NA	NA	NA	NA	NA	NA	NA	NA	NA	NA	NA	NA	NA	NA	NA
cg14444297	NA	NA	NA	NA	NA	NA	NA	NA	NA	NA	NA	NA	NA	NA	NA	NA	NA	NA	NA	NA	NA	NA	NA	NA	NA	NA	NA	NA	NA	NA	NA	NA	NA	NA	NA	NA	NA	NA	NA	NA	NA	NA	NA	NA	NA	NA	NA	NA	NA	NA	NA	NA	NA	NA	NA	NA	NA	NA	NA	NA	NA	NA	NA	NA	NA	NA	NA	NA	NA	NA	NA	NA	NA	NA	NA	NA	NA	NA	NA	NA	NA	NA	NA	NA	NA	NA	NA
cg14558728	NA	NA	NA	NA	NA	NA	NA	NA	NA	NA	NA	NA	NA	NA	NA	NA	NA	NA	NA	NA	NA	NA	NA	NA	NA	NA	NA	NA	NA	NA	NA	NA	NA	NA	NA	NA	NA	NA	NA	NA	NA	NA	NA	NA	NA	NA	NA	NA	NA	NA	NA	NA	NA	NA	NA	NA	NA	NA	NA	NA	NA	NA	NA	NA	NA	NA	NA	NA	NA	NA	NA	NA	NA	NA	NA	NA	NA	NA	NA	NA	NA	NA	NA	NA	NA	NA	NA
cg14571682	0.537221327872625	0.862184080903083	0.953686978977003	0.914668634564481	0.923497329168628	0.919037671680649	0.931449776130006	0.95442602774864	0.651475217753119	0.461305418142684	0.745786532438385	0.936958675354662	0.791977637293278	0.876034710907981	0.92470164556978	0.933190447372025	0.943150687707989	0.950573964380634	0.926396097649728	0.948403953247578	0.946074152371625	0.932411644561519	0.475105888356759	0.684180748282326	0.940299167945372	0.791612518507036	0.935105705233376	0.944323754970706	0.957502203502499	0.945692079064612	0.730131917163382	0.933907574217005	0.923662636467895	0.936340778747323	0.946540399435191	0.721896354391458	0.916563802627682	0.95434647003887	0.88987372448336	0.938820939308655	0.906076250830589	0.929745590441221	0.922316716814879	0.937236071504052	0.934316007580213	0.955009114099242	0.938018316144347	0.930788055729813	0.708357891951453	0.948905546493088	0.957688291439596	0.948331242514406	0.836974814731686	0.931006781344897	0.905706615960349	0.938517305513549	0.940364609315172	0.945597932428226	0.951577703276564	0.666387848777289	0.862187648042829	0.956037884110397	0.619640914767882	0.944248886693148	0.947653778485664	0.937131402365073	0.960417511427845	0.940152477640784	0.929007012073556	0.946993473785607	0.944473665995332	0.921377778820333	0.953323167676152	0.956446563804099	0.862499879247917	0.936333472533599	0.889451610760421	0.944016947030481	0.943880323401914	0.925355803508958	0.954356660003026	0.302283801679479	0.93460463541392	0.90587935719067	0.917817114923559	0.931305549404166	0.259422247016575
cg14595915	NA	NA	NA	NA	NA	NA	NA	NA	NA	NA	NA	NA	NA	NA	NA	NA	NA	NA	NA	NA	NA	NA	NA	NA	NA	NA	NA	NA	NA	NA	NA	NA	NA	NA	NA	NA	NA	NA	NA	NA	NA	NA	NA	NA	NA	NA	NA	NA	NA	NA	NA	NA	NA	NA	NA	NA	NA	NA	NA	NA	NA	NA	NA	NA	NA	NA	NA	NA	NA	NA	NA	NA	NA	NA	NA	NA	NA	NA	NA	NA	NA	NA	NA	NA	NA	NA	NA
cg14607955	0.953046281638256	0.945751102195607	0.945507184288134	0.959238874156743	0.94713824458067	0.938379621259727	0.94985974050531	0.957240626567201	0.941574244651051	0.95806946145064	0.943958422716987	0.941224339590604	0.934045712903746	0.955498970096613	0.9431730577733	0.937251114088266	0.940510691879561	0.954891035558751	0.961252566273732	0.940882331428723	0.961843736625806	0.951551527102085	0.957656122867213	0.94150849582687	0.950508326559488	0.953316278379294	0.933766437360059	0.956149226495499	0.954101812946606	0.953184308894171	0.94067152100048	0.956605007260126	0.93385047363195	0.952872750996643	0.900013056328438	0.94932203887699	0.937863309274103	0.952920910543775	0.941036160309563	0.956770189226549	0.932580211665656	0.947315657205859	0.953986307159911	0.956697351524449	0.963876693035951	0.959275443812444	0.944405061490975	0.949412600578331	0.939673135567716	0.957265215722565	0.924485958592898	0.952089144907493	0.937478384636402	0.954584441799067	0.956778150291101	0.846634240836561	0.956018654881128	0.954989118516125	0.940753970866466	0.953592091649792	0.952202815356346	0.960814873104162	0.942706096486199	0.947838753286556	0.954340731119758	0.946921875338944	0.951741683973968	0.962047800221324	0.953438246764812	0.954152668694585	0.960970113023223	0.963525414133775	0.946803954762058	0.956166898400862	0.954713228275035	0.944710845448969	0.927849122135564	0.952759363392329	0.949638813053083	0.952409077619933	0.95672425601608	0.94734876948685	0.933342777606705	0.951242343516805	0.946491966736641	0.945663531062149	0.946086982775395
cg14615553	0.919325183001265	0.902150188786986	0.933317855762887	0.910589061418695	0.817666947456192	NA	0.890490211914324	0.924039175719015	0.263318172342971	0.901304551722666	0.826984033220519	0.889021708134199	0.872109740519697	0.920449794646362	0.826120415233735	0.856411450664962	0.880819443918041	0.81668546421443	0.881453213816676	0.883779559490371	0.900300873640469	0.887453536447846	0.911799031305713	0.883918153623743	0.76552221221914	0.851867494369509	0.913186732531598	0.903895713372474	0.891570108534233	0.917987768195402	0.926218148148138	0.914675654056365	0.921036246563032	0.911494720503494	0.913845347578951	0.904958282892222	0.882313431290432	0.915743678070616	0.860149317344125	0.75626391654833	0.819621066177068	0.842133017802209	0.904086628532444	0.898464811873333	0.822059615594034	0.881214052118348	0.897808773473981	0.896945682127323	0.895773898985076	0.903241131531114	0.91346067100279	0.266465873067128	0.878787767913199	0.929977140831504	0.916350706884987	0.76739954015903	0.923831490842016	0.909131223415258	NA	0.893343546856203	0.715938468566186	0.885942458461682	NA	0.873346957075786	0.895509145638723	0.910050174099939	0.867340089012664	0.909009729229785	0.871516925074328	0.888031433771512	0.913019553600087	0.878865481377494	0.884527151200324	0.881969685225118	0.816133324597228	0.888485243891737	0.841230443954572	0.893950301278613	0.774474181509229	0.912675199228149	0.895281276192556	0.892860778094947	0.919462265725643	0.939861979590035	0.89333896249501	0.907009327797232	0.927045293975801
cg14642414	0.919179275358614	0.914194089217567	0.880832975467245	0.933318107223235	0.916004142783643	0.901323878111617	0.905287619501705	0.926511025872668	0.303281536727573	0.948687664786735	0.920981157188072	0.620609375299124	0.927789381691362	0.941519555876492	0.902865190413431	0.915655098598765	0.878321745395905	0.924184630313867	0.88054366914503	0.945394410992205	0.715253394747423	0.921892621260869	0.926880495385499	0.903346008833156	0.949507306731592	0.927598919009656	0.939640877368243	0.917332409140484	0.90984031329579	0.948707339402472	0.922800311069254	0.917234273446909	0.933410601532898	0.896578898027642	0.876817021429409	0.869457622182233	0.919075372881035	0.952863230005549	0.915681664072048	0.917148262444706	0.9332168911474	0.919929388643806	0.765741888667546	0.923342396256461	0.927727774442986	0.760004939375434	0.916787518010328	0.900497479432973	0.873282138836849	0.923849241307581	0.930365759589422	0.925206166812079	0.867658341769512	0.752608895652964	0.938743466523405	0.915025414878604	0.921911583527185	0.922277650537683	0.821615850831438	0.925729379341023	0.630638499107676	0.899057754542826	0.865857392448466	0.898900083461198	0.941484534832472	0.91190003179932	0.924484949703699	0.857296036131461	0.940050017238384	0.928342807921187	0.912201445911692	0.945146782182041	0.908717942966005	0.94047068108376	0.925525366192423	0.921764136760092	0.792176904339456	0.924883649081563	0.861050086888419	0.933169803374886	0.940672831505327	0.931622500235835	0.93754061075225	0.934712259687919	0.872255344665021	0.931945931922213	0.925810177847972
cg14650677	NA	NA	NA	NA	NA	NA	NA	NA	NA	NA	NA	NA	NA	NA	NA	NA	NA	NA	NA	NA	NA	NA	NA	NA	NA	NA	NA	NA	NA	NA	NA	NA	NA	NA	NA	NA	NA	NA	NA	NA	NA	NA	NA	NA	NA	NA	NA	NA	NA	NA	NA	NA	NA	NA	NA	NA	NA	NA	NA	NA	NA	NA	NA	NA	NA	NA	NA	NA	NA	NA	NA	NA	NA	NA	NA	NA	NA	NA	NA	NA	NA	NA	NA	NA	NA	NA	NA
cg14670213	0.677012248435128	0.920649396367365	0.954472718499332	0.937344383778292	0.654003681784088	0.735100460158145	0.899177127606114	0.943583945219552	NA	0.824498461194282	0.690532018675429	0.925609784307023	0.889419018670966	0.932305551746428	0.861422596948934	0.871467356824275	0.912781673197085	0.898963784569803	0.933992025645176	0.870351929204726	0.94732444755472	0.943058205502235	0.919900853165437	0.896180483223292	0.905378262391733	0.927764400146224	0.901060359305748	0.918004388960913	0.934909930588989	0.923817806867436	0.927865479195151	0.943114879598995	0.920716849885663	0.892962240560381	0.926209441719921	0.932123896588426	0.870695833722215	0.87587066760555	0.930513154994222	0.937776485871166	0.860986693802806	0.817128109106159	0.933490839461586	0.89855512283569	0.387235877322563	0.813969366600793	0.874881978779273	0.931312308957124	0.886122294349433	0.921233196938361	0.908989832235667	0.919863918397944	0.929501347489008	0.923567222783486	0.941855759660023	0.90455223659309	0.932977749392497	0.890181855549032	0.748273841311884	0.918898255436283	0.90691511085892	0.939872035466303	0.88871493035412	0.914705404543191	0.937948705907257	0.690357856561396	0.863936118890097	0.919065454483606	0.885508082630948	0.915234307574972	0.870702599440948	0.899702595843951	0.903779576225597	0.931030800661836	0.913647974684498	0.918629149772773	0.921557889649727	0.914647310308101	0.844062896695754	0.884698089924516	0.94918524521192	0.913776687050458	0.92134510923036	0.926792245269659	0.922732144659194	0.90363604285807	0.892184025688435
cg14673247	0.264938765071036	0.506060272206518	0.33240415593992	0.224204355367575	0.214573850806245	0.303042295136554	0.470557107331816	0.337964087457661	0.154657036754825	0.322026358197118	0.20582744615802	0.846536563644721	0.178401930393653	0.187434964316013	0.436248884980904	0.565292679301988	0.574807110801257	0.316121258400721	0.532573475454999	0.506427664832846	0.263849332429965	0.535500298162269	0.690129520987813	0.215618014904687	0.181470016637664	0.70890574110416	0.140438571754008	0.447421996302152	0.393558024008885	0.38571056510114	0.603912039558093	0.197424081065903	0.334951034926277	0.309984512296443	0.322182846701135	0.679988414239385	0.535073437938588	0.439972364391948	0.395518073704708	0.605137042440923	0.600386512125017	0.27162082200007	0.101898763119297	0.534587219728648	0.303023560503104	0.303964841069006	0.688942278888597	0.359347389522378	0.326412377364559	0.45434041240068	0.459775811593208	0.588386387712905	0.279937874315823	0.559779326033051	0.498410335588012	0.253192095098994	0.185228233442384	0.348569341100309	0.246621296473364	NA	0.169939502164012	0.366393875421908	0.730834700738167	0.504943312122144	0.381246897902937	0.162535755524112	0.228054087602864	0.440037557937743	0.453351362828636	0.438589523852566	0.531007961099388	0.886873554546132	0.371646667735617	0.249788704273167	0.571417338925391	0.353052777002821	0.38479326393698	0.24408767157648	0.619904732337149	0.550162469704359	0.537817756311649	0.698476895030004	0.223215648146271	0.214223885395258	0.380631286950518	0.34817210122929	0.676598563068084
cg14677013	NA	NA	NA	NA	NA	NA	NA	NA	NA	NA	NA	NA	NA	NA	NA	NA	NA	NA	NA	NA	NA	NA	NA	NA	NA	NA	NA	NA	NA	NA	NA	NA	NA	NA	NA	NA	NA	NA	NA	NA	NA	NA	NA	NA	NA	NA	NA	NA	NA	NA	NA	NA	NA	NA	NA	NA	NA	NA	NA	NA	NA	NA	NA	NA	NA	NA	NA	NA	NA	NA	NA	NA	NA	NA	NA	NA	NA	NA	NA	NA	NA	NA	NA	NA	NA	NA	NA
cg14683055	NA	NA	NA	NA	NA	NA	NA	NA	NA	NA	NA	NA	NA	NA	NA	NA	NA	NA	NA	NA	NA	NA	NA	NA	NA	NA	NA	NA	NA	NA	NA	NA	NA	NA	NA	NA	NA	NA	NA	NA	NA	NA	NA	NA	NA	NA	NA	NA	NA	NA	NA	NA	NA	NA	NA	NA	NA	NA	NA	NA	NA	NA	NA	NA	NA	NA	NA	NA	NA	NA	NA	NA	NA	NA	NA	NA	NA	NA	NA	NA	NA	NA	NA	NA	NA	NA	NA
cg14706226	NA	NA	NA	NA	NA	NA	NA	NA	NA	NA	NA	NA	NA	NA	NA	NA	NA	NA	NA	NA	NA	NA	NA	NA	NA	NA	NA	NA	NA	NA	NA	NA	NA	NA	NA	NA	NA	NA	NA	NA	NA	NA	NA	NA	NA	NA	NA	NA	NA	NA	NA	NA	NA	NA	NA	NA	NA	NA	NA	NA	NA	NA	NA	NA	NA	NA	NA	NA	NA	NA	NA	NA	NA	NA	NA	NA	NA	NA	NA	NA	NA	NA	NA	NA	NA	NA	NA
cg14707886	0.94741488370042	0.938022723472345	0.941383351260543	0.918695069145323	0.922444569838712	0.898917363183801	0.933121453406659	0.937212758356186	0.938326385428257	0.938563130282981	0.891241320428426	0.893491578431632	0.927277613635259	0.929299252500031	0.91115347779089	0.896706234244217	0.917581505426306	0.94407490517265	0.906937065168107	0.932853133930928	0.943459428257892	0.930667867501336	0.937260840881623	0.898551358416948	0.929152133070357	0.922010152680524	0.89745846031747	0.902904682823971	0.909563940536408	0.930143952585148	0.928366997896847	0.912334247496544	0.92622584213324	0.91349763255227	0.922847922245638	0.939210345078958	0.894223593228237	0.916808297720986	0.887713519001781	0.9251322835644	0.947373527055646	0.908607347969783	0.881908336556242	0.91506769644219	0.841235311646082	0.931980976359728	0.915617642350323	0.885826187655227	0.857935600074312	0.911140701032913	0.936527374858297	0.908143464683419	0.920781184990823	0.900456054087773	0.923858902483312	0.931601517100142	0.902733455021594	0.931817756795768	0.920435075734865	0.907513601137442	0.90133213199913	0.924692568856803	0.899729704314502	0.888080310954667	0.953405599115994	0.90352848953612	0.918175804056922	0.947668537796961	0.927118939178744	0.933091350342385	0.950767084526046	0.949191497423585	0.899295445807794	0.905642218263221	0.9300662991037	0.914128245415061	0.889061499572056	0.915708106374377	0.898282814518132	0.919036138366356	0.941443670336596	0.923463836047417	0.94110769246522	0.931876686679551	0.926280753245234	0.914878635263946	0.914075748596871
cg14715098	NA	NA	NA	NA	NA	NA	NA	NA	NA	NA	NA	NA	NA	NA	NA	NA	NA	NA	NA	NA	NA	NA	NA	NA	NA	NA	NA	NA	NA	NA	NA	NA	NA	NA	NA	NA	NA	NA	NA	NA	NA	NA	NA	NA	NA	NA	NA	NA	NA	NA	NA	NA	NA	NA	NA	NA	NA	NA	NA	NA	NA	NA	NA	NA	NA	NA	NA	NA	NA	NA	NA	NA	NA	NA	NA	NA	NA	NA	NA	NA	NA	NA	NA	NA	NA	NA	NA
cg14741811	NA	NA	NA	NA	NA	NA	NA	NA	NA	NA	NA	NA	NA	NA	NA	NA	NA	NA	NA	NA	NA	NA	NA	NA	NA	NA	NA	NA	NA	NA	NA	NA	NA	NA	NA	NA	NA	NA	NA	NA	NA	NA	NA	NA	NA	NA	NA	NA	NA	NA	NA	NA	NA	NA	NA	NA	NA	NA	NA	NA	NA	NA	NA	NA	NA	NA	NA	NA	NA	NA	NA	NA	NA	NA	NA	NA	NA	NA	NA	NA	NA	NA	NA	NA	NA	NA	NA
cg14756640	NA	NA	NA	NA	NA	NA	NA	NA	NA	NA	NA	NA	NA	NA	NA	NA	NA	NA	NA	NA	NA	NA	NA	NA	NA	NA	NA	NA	NA	NA	NA	NA	NA	NA	NA	NA	NA	NA	NA	NA	NA	NA	NA	NA	NA	NA	NA	NA	NA	NA	NA	NA	NA	NA	NA	NA	NA	NA	NA	NA	NA	NA	NA	NA	NA	NA	NA	NA	NA	NA	NA	NA	NA	NA	NA	NA	NA	NA	NA	NA	NA	NA	NA	NA	NA	NA	NA
cg14757759	NA	NA	NA	NA	NA	NA	NA	NA	NA	NA	NA	NA	NA	NA	NA	NA	NA	NA	NA	NA	NA	NA	NA	NA	NA	NA	NA	NA	NA	NA	NA	NA	NA	NA	NA	NA	NA	NA	NA	NA	NA	NA	NA	NA	NA	NA	NA	NA	NA	NA	NA	NA	NA	NA	NA	NA	NA	NA	NA	NA	NA	NA	NA	NA	NA	NA	NA	NA	NA	NA	NA	NA	NA	NA	NA	NA	NA	NA	NA	NA	NA	NA	NA	NA	NA	NA	NA
cg14773480	NA	NA	NA	NA	NA	NA	NA	NA	NA	NA	NA	NA	NA	NA	NA	NA	NA	NA	NA	NA	NA	NA	NA	NA	NA	NA	NA	NA	NA	NA	NA	NA	NA	NA	NA	NA	NA	NA	NA	NA	NA	NA	NA	NA	NA	NA	NA	NA	NA	NA	NA	NA	NA	NA	NA	NA	NA	NA	NA	NA	NA	NA	NA	NA	NA	NA	NA	NA	NA	NA	NA	NA	NA	NA	NA	NA	NA	NA	NA	NA	NA	NA	NA	NA	NA	NA	NA
cg14798158	NA	NA	NA	NA	NA	NA	NA	NA	NA	NA	NA	NA	NA	NA	NA	NA	NA	NA	NA	NA	NA	NA	NA	NA	NA	NA	NA	NA	NA	NA	NA	NA	NA	NA	NA	NA	NA	NA	NA	NA	NA	NA	NA	NA	NA	NA	NA	NA	NA	NA	NA	NA	NA	NA	NA	NA	NA	NA	NA	NA	NA	NA	NA	NA	NA	NA	NA	NA	NA	NA	NA	NA	NA	NA	NA	NA	NA	NA	NA	NA	NA	NA	NA	NA	NA	NA	NA
cg14835746	NA	NA	NA	NA	NA	NA	NA	NA	NA	NA	NA	NA	NA	NA	NA	NA	NA	NA	NA	NA	NA	NA	NA	NA	NA	NA	NA	NA	NA	NA	NA	NA	NA	NA	NA	NA	NA	NA	NA	NA	NA	NA	NA	NA	NA	NA	NA	NA	NA	NA	NA	NA	NA	NA	NA	NA	NA	NA	NA	NA	NA	NA	NA	NA	NA	NA	NA	NA	NA	NA	NA	NA	NA	NA	NA	NA	NA	NA	NA	NA	NA	NA	NA	NA	NA	NA	NA
cg14840439	NA	NA	NA	NA	NA	NA	NA	NA	NA	NA	NA	NA	NA	NA	NA	NA	NA	NA	NA	NA	NA	NA	NA	NA	NA	NA	NA	NA	NA	NA	NA	NA	NA	NA	NA	NA	NA	NA	NA	NA	NA	NA	NA	NA	NA	NA	NA	NA	NA	NA	NA	NA	NA	NA	NA	NA	NA	NA	NA	NA	NA	NA	NA	NA	NA	NA	NA	NA	NA	NA	NA	NA	NA	NA	NA	NA	NA	NA	NA	NA	NA	NA	NA	NA	NA	NA	NA
cg14841222	NA	NA	NA	NA	NA	NA	NA	NA	NA	NA	NA	NA	NA	NA	NA	NA	NA	NA	NA	NA	NA	NA	NA	NA	NA	NA	NA	NA	NA	NA	NA	NA	NA	NA	NA	NA	NA	NA	NA	NA	NA	NA	NA	NA	NA	NA	NA	NA	NA	NA	NA	NA	NA	NA	NA	NA	NA	NA	NA	NA	NA	NA	NA	NA	NA	NA	NA	NA	NA	NA	NA	NA	NA	NA	NA	NA	NA	NA	NA	NA	NA	NA	NA	NA	NA	NA	NA
cg14852920	NA	NA	NA	NA	NA	NA	NA	NA	NA	NA	NA	NA	NA	NA	NA	NA	NA	NA	NA	NA	NA	NA	NA	NA	NA	NA	NA	NA	NA	NA	NA	NA	NA	NA	NA	NA	NA	NA	NA	NA	NA	NA	NA	NA	NA	NA	NA	NA	NA	NA	NA	NA	NA	NA	NA	NA	NA	NA	NA	NA	NA	NA	NA	NA	NA	NA	NA	NA	NA	NA	NA	NA	NA	NA	NA	NA	NA	NA	NA	NA	NA	NA	NA	NA	NA	NA	NA
cg14857615	NA	NA	NA	NA	NA	NA	NA	NA	NA	NA	NA	NA	NA	NA	NA	NA	NA	NA	NA	NA	NA	NA	NA	NA	NA	NA	NA	NA	NA	NA	NA	NA	NA	NA	NA	NA	NA	NA	NA	NA	NA	NA	NA	NA	NA	NA	NA	NA	NA	NA	NA	NA	NA	NA	NA	NA	NA	NA	NA	NA	NA	NA	NA	NA	NA	NA	NA	NA	NA	NA	NA	NA	NA	NA	NA	NA	NA	NA	NA	NA	NA	NA	NA	NA	NA	NA	NA
cg14882797	NA	NA	NA	NA	NA	NA	NA	NA	NA	NA	NA	NA	NA	NA	NA	NA	NA	NA	NA	NA	NA	NA	NA	NA	NA	NA	NA	NA	NA	NA	NA	NA	NA	NA	NA	NA	NA	NA	NA	NA	NA	NA	NA	NA	NA	NA	NA	NA	NA	NA	NA	NA	NA	NA	NA	NA	NA	NA	NA	NA	NA	NA	NA	NA	NA	NA	NA	NA	NA	NA	NA	NA	NA	NA	NA	NA	NA	NA	NA	NA	NA	NA	NA	NA	NA	NA	NA
cg14959695	NA	NA	NA	NA	NA	NA	NA	NA	NA	NA	NA	NA	NA	NA	NA	NA	NA	NA	NA	NA	NA	NA	NA	NA	NA	NA	NA	NA	NA	NA	NA	NA	NA	NA	NA	NA	NA	NA	NA	NA	NA	NA	NA	NA	NA	NA	NA	NA	NA	NA	NA	NA	NA	NA	NA	NA	NA	NA	NA	NA	NA	NA	NA	NA	NA	NA	NA	NA	NA	NA	NA	NA	NA	NA	NA	NA	NA	NA	NA	NA	NA	NA	NA	NA	NA	NA	NA
cg14985830	NA	NA	NA	NA	NA	NA	NA	NA	NA	NA	NA	NA	NA	NA	NA	NA	NA	NA	NA	NA	NA	NA	NA	NA	NA	NA	NA	NA	NA	NA	NA	NA	NA	NA	NA	NA	NA	NA	NA	NA	NA	NA	NA	NA	NA	NA	NA	NA	NA	NA	NA	NA	NA	NA	NA	NA	NA	NA	NA	NA	NA	NA	NA	NA	NA	NA	NA	NA	NA	NA	NA	NA	NA	NA	NA	NA	NA	NA	NA	NA	NA	NA	NA	NA	NA	NA	NA
cg15007326	NA	NA	NA	NA	NA	NA	NA	NA	NA	NA	NA	NA	NA	NA	NA	NA	NA	NA	NA	NA	NA	NA	NA	NA	NA	NA	NA	NA	NA	NA	NA	NA	NA	NA	NA	NA	NA	NA	NA	NA	NA	NA	NA	NA	NA	NA	NA	NA	NA	NA	NA	NA	NA	NA	NA	NA	NA	NA	NA	NA	NA	NA	NA	NA	NA	NA	NA	NA	NA	NA	NA	NA	NA	NA	NA	NA	NA	NA	NA	NA	NA	NA	NA	NA	NA	NA	NA
cg15035590	0.895865298257305	0.938620898844026	0.874528770916502	0.919024379482519	0.938934419579725	0.912393425781087	0.926344770423316	0.892880614975795	0.93276899890957	0.927317014588766	0.925110896135145	0.911975787929855	0.938111044752095	0.957338050069182	0.91690344444186	0.906664445716469	0.913908602070318	0.92281965514849	0.944158854643787	0.937297574975289	0.942492231791581	0.695964410650599	0.946612362688514	0.894981623137585	0.92060183659225	0.946681255434936	0.883910527784045	0.944084985408531	0.934979954296515	0.929648526580472	0.946822254791379	0.921254143328708	0.940158891420132	0.932451346117678	0.880357237278045	0.938781509921372	0.862865494011717	0.948958298717305	0.88904454189837	0.385196184065712	0.940843434708894	0.946815862962442	0.919802362102834	0.943172783603532	0.938687383463101	0.932236387858741	0.937571607331483	0.883648624742557	0.934301655805337	0.917387219023587	0.950557583678466	0.929133054338639	0.929935220070464	0.92006594215815	0.921764343917083	0.898039118230386	0.936630463360111	0.948979844215539	0.911822151095954	0.918897056974759	0.922345523167205	0.950930732716142	0.860315770083095	0.879193892367074	0.94273002294036	0.945187114725127	0.956721912611646	0.90892531541886	0.950746403846074	0.87490978265267	0.934665689822988	0.955012023818973	0.92398189542254	0.877454642398756	0.923868589890109	0.938762246657175	0.913642283877965	0.954529447218394	0.93650666427025	0.927418051736359	0.938806981650245	0.929085372133355	0.90631878510776	0.897273651939361	0.90037085758152	0.94257127222732	0.950888878135397
cg15057836	NA	NA	NA	NA	NA	NA	NA	NA	NA	NA	NA	NA	NA	NA	NA	NA	NA	NA	NA	NA	NA	NA	NA	NA	NA	NA	NA	NA	NA	NA	NA	NA	NA	NA	NA	NA	NA	NA	NA	NA	NA	NA	NA	NA	NA	NA	NA	NA	NA	NA	NA	NA	NA	NA	NA	NA	NA	NA	NA	NA	NA	NA	NA	NA	NA	NA	NA	NA	NA	NA	NA	NA	NA	NA	NA	NA	NA	NA	NA	NA	NA	NA	NA	NA	NA	NA	NA
cg15067764	NA	NA	NA	NA	NA	NA	NA	NA	NA	NA	NA	NA	NA	NA	NA	NA	NA	NA	NA	NA	NA	NA	NA	NA	NA	NA	NA	NA	NA	NA	NA	NA	NA	NA	NA	NA	NA	NA	NA	NA	NA	NA	NA	NA	NA	NA	NA	NA	NA	NA	NA	NA	NA	NA	NA	NA	NA	NA	NA	NA	NA	NA	NA	NA	NA	NA	NA	NA	NA	NA	NA	NA	NA	NA	NA	NA	NA	NA	NA	NA	NA	NA	NA	NA	NA	NA	NA
cg15077416	NA	NA	NA	NA	NA	NA	NA	NA	NA	NA	NA	NA	NA	NA	NA	NA	NA	NA	NA	NA	NA	NA	NA	NA	NA	NA	NA	NA	NA	NA	NA	NA	NA	NA	NA	NA	NA	NA	NA	NA	NA	NA	NA	NA	NA	NA	NA	NA	NA	NA	NA	NA	NA	NA	NA	NA	NA	NA	NA	NA	NA	NA	NA	NA	NA	NA	NA	NA	NA	NA	NA	NA	NA	NA	NA	NA	NA	NA	NA	NA	NA	NA	NA	NA	NA	NA	NA
cg15112210	0.941139128265791	0.947319808370569	0.938280735304873	0.940574898483671	0.934205954593972	0.952139894763283	0.931486072186557	0.948334470697058	0.939293027508528	0.950655150086701	0.947133000876805	0.931159119723546	0.922420717374045	0.951747158066246	0.923272260728617	0.95197017446128	0.933443630370741	0.936446214554862	0.947022919666816	0.953757394137998	0.960785559600936	0.94418395865316	0.936209009460212	0.900926423572788	0.948812490875334	0.949469960795123	0.942346267569806	0.944209908739534	0.938804449232162	0.933923688853549	0.955300258383022	0.952364184388194	0.939300920487821	0.942061195619392	0.90936813861837	0.93140447271265	0.934441475526932	0.940226441583698	0.943188985415135	0.94795158791553	0.938888138123808	0.897167196952973	0.934218822662979	0.94537987803569	0.94241814337513	0.948396907261249	0.922664521224301	0.93330909660976	0.944862251044886	0.951304229481209	0.957892798387761	0.949633829986923	0.930873790410389	0.918320678110417	0.957604767265615	0.90667597039079	0.951249019261645	0.947004791510191	0.782057799091768	0.890293167146519	0.950843588006356	0.951034782181684	0.925497493652742	0.949081305435283	0.948078091723529	0.930322347503467	0.940507961443981	0.953876866094024	0.958608306562364	0.952125157527916	0.957215976780455	0.956041508394755	0.939963278122797	0.944265642922301	0.929724199930839	0.943425879900878	0.923037567185722	0.942513707834322	0.951341906315274	0.941397111835737	0.946091681338442	0.933115716916284	0.959563094725444	0.949958184387693	0.935418500044684	0.918755422390368	0.945418961054082
cg15162320	NA	NA	NA	NA	NA	NA	NA	NA	NA	NA	NA	NA	NA	NA	NA	NA	NA	NA	NA	NA	NA	NA	NA	NA	NA	NA	NA	NA	NA	NA	NA	NA	NA	NA	NA	NA	NA	NA	NA	NA	NA	NA	NA	NA	NA	NA	NA	NA	NA	NA	NA	NA	NA	NA	NA	NA	NA	NA	NA	NA	NA	NA	NA	NA	NA	NA	NA	NA	NA	NA	NA	NA	NA	NA	NA	NA	NA	NA	NA	NA	NA	NA	NA	NA	NA	NA	NA
cg15172011	NA	NA	NA	NA	NA	NA	NA	NA	NA	NA	NA	NA	NA	NA	NA	NA	NA	NA	NA	NA	NA	NA	NA	NA	NA	NA	NA	NA	NA	NA	NA	NA	NA	NA	NA	NA	NA	NA	NA	NA	NA	NA	NA	NA	NA	NA	NA	NA	NA	NA	NA	NA	NA	NA	NA	NA	NA	NA	NA	NA	NA	NA	NA	NA	NA	NA	NA	NA	NA	NA	NA	NA	NA	NA	NA	NA	NA	NA	NA	NA	NA	NA	NA	NA	NA	NA	NA
cg15175091	NA	NA	NA	NA	NA	NA	NA	NA	NA	NA	NA	NA	NA	NA	NA	NA	NA	NA	NA	NA	NA	NA	NA	NA	NA	NA	NA	NA	NA	NA	NA	NA	NA	NA	NA	NA	NA	NA	NA	NA	NA	NA	NA	NA	NA	NA	NA	NA	NA	NA	NA	NA	NA	NA	NA	NA	NA	NA	NA	NA	NA	NA	NA	NA	NA	NA	NA	NA	NA	NA	NA	NA	NA	NA	NA	NA	NA	NA	NA	NA	NA	NA	NA	NA	NA	NA	NA
cg15263875	NA	NA	NA	NA	NA	NA	NA	NA	NA	NA	NA	NA	NA	NA	NA	NA	NA	NA	NA	NA	NA	NA	NA	NA	NA	NA	NA	NA	NA	NA	NA	NA	NA	NA	NA	NA	NA	NA	NA	NA	NA	NA	NA	NA	NA	NA	NA	NA	NA	NA	NA	NA	NA	NA	NA	NA	NA	NA	NA	NA	NA	NA	NA	NA	NA	NA	NA	NA	NA	NA	NA	NA	NA	NA	NA	NA	NA	NA	NA	NA	NA	NA	NA	NA	NA	NA	NA
cg15293759	NA	NA	NA	NA	NA	NA	NA	NA	NA	NA	NA	NA	NA	NA	NA	NA	NA	NA	NA	NA	NA	NA	NA	NA	NA	NA	NA	NA	NA	NA	NA	NA	NA	NA	NA	NA	NA	NA	NA	NA	NA	NA	NA	NA	NA	NA	NA	NA	NA	NA	NA	NA	NA	NA	NA	NA	NA	NA	NA	NA	NA	NA	NA	NA	NA	NA	NA	NA	NA	NA	NA	NA	NA	NA	NA	NA	NA	NA	NA	NA	NA	NA	NA	NA	NA	NA	NA
cg15323066	NA	NA	NA	NA	NA	NA	NA	NA	NA	NA	NA	NA	NA	NA	NA	NA	NA	NA	NA	NA	NA	NA	NA	NA	NA	NA	NA	NA	NA	NA	NA	NA	NA	NA	NA	NA	NA	NA	NA	NA	NA	NA	NA	NA	NA	NA	NA	NA	NA	NA	NA	NA	NA	NA	NA	NA	NA	NA	NA	NA	NA	NA	NA	NA	NA	NA	NA	NA	NA	NA	NA	NA	NA	NA	NA	NA	NA	NA	NA	NA	NA	NA	NA	NA	NA	NA	NA
cg15330419	NA	NA	NA	NA	NA	NA	NA	NA	NA	NA	NA	NA	NA	NA	NA	NA	NA	NA	NA	NA	NA	NA	NA	NA	NA	NA	NA	NA	NA	NA	NA	NA	NA	NA	NA	NA	NA	NA	NA	NA	NA	NA	NA	NA	NA	NA	NA	NA	NA	NA	NA	NA	NA	NA	NA	NA	NA	NA	NA	NA	NA	NA	NA	NA	NA	NA	NA	NA	NA	NA	NA	NA	NA	NA	NA	NA	NA	NA	NA	NA	NA	NA	NA	NA	NA	NA	NA
cg15347484	NA	NA	NA	NA	NA	NA	NA	NA	NA	NA	NA	NA	NA	NA	NA	NA	NA	NA	NA	NA	NA	NA	NA	NA	NA	NA	NA	NA	NA	NA	NA	NA	NA	NA	NA	NA	NA	NA	NA	NA	NA	NA	NA	NA	NA	NA	NA	NA	NA	NA	NA	NA	NA	NA	NA	NA	NA	NA	NA	NA	NA	NA	NA	NA	NA	NA	NA	NA	NA	NA	NA	NA	NA	NA	NA	NA	NA	NA	NA	NA	NA	NA	NA	NA	NA	NA	NA
cg15358035	NA	NA	NA	NA	NA	NA	NA	NA	NA	NA	NA	NA	NA	NA	NA	NA	NA	NA	NA	NA	NA	NA	NA	NA	NA	NA	NA	NA	NA	NA	NA	NA	NA	NA	NA	NA	NA	NA	NA	NA	NA	NA	NA	NA	NA	NA	NA	NA	NA	NA	NA	NA	NA	NA	NA	NA	NA	NA	NA	NA	NA	NA	NA	NA	NA	NA	NA	NA	NA	NA	NA	NA	NA	NA	NA	NA	NA	NA	NA	NA	NA	NA	NA	NA	NA	NA	NA
cg15412313	0.909189740773803	0.895701909957873	0.864233149300591	0.856875735632892	0.773675475542832	0.778062604055756	0.856310084780979	0.839887289226445	0.859052570228344	0.692424904889251	0.84727405672147	0.715561726739978	0.793947610745079	0.883871335482305	0.743252189236285	0.861661792365219	0.887630547520806	0.868214564118417	0.746660702279035	0.889304521954834	0.878697109683504	0.866931328549009	0.886397001892307	0.688536231030705	0.900254529760034	0.843121453643607	0.83958510345898	0.907166366132516	0.848821112119872	0.845023628340787	0.874099804101447	0.893226875968146	0.827952705295765	0.866211995761818	0.712161838806651	0.830052715829924	0.773300782906242	0.873600754333247	0.65777423368767	0.921916024728708	0.870974307183147	0.629614979307762	0.858663090565357	0.87923853965477	0.846588809472582	0.8975144481174	0.876243143650651	0.816921106076555	0.781655392046973	0.897418394405695	0.856689072646184	0.837912556484941	0.849501344228581	0.85988063007511	0.84964354111796	0.78195503295753	0.904300649347204	0.871887764262492	0.650165555616364	0.809912752910808	0.855319802246125	0.898454645918386	0.8201169141248	0.876146393836199	0.882483057187304	0.870129299829809	0.902677317204585	0.868116483631087	0.832582758369375	0.864408491258098	0.898844643196113	0.923422968508205	0.805568016579625	0.836130089183279	0.896269892202561	0.847055676229046	0.802430172034944	0.829886853093204	0.762863635542579	0.851429118139629	0.898303816459181	0.849851150447702	0.843467758785641	0.87902547281175	0.809513354921958	0.840988157035282	0.897825726670671
cg15442567	NA	NA	NA	NA	NA	NA	NA	NA	NA	NA	NA	NA	NA	NA	NA	NA	NA	NA	NA	NA	NA	NA	NA	NA	NA	NA	NA	NA	NA	NA	NA	NA	NA	NA	NA	NA	NA	NA	NA	NA	NA	NA	NA	NA	NA	NA	NA	NA	NA	NA	NA	NA	NA	NA	NA	NA	NA	NA	NA	NA	NA	NA	NA	NA	NA	NA	NA	NA	NA	NA	NA	NA	NA	NA	NA	NA	NA	NA	NA	NA	NA	NA	NA	NA	NA	NA	NA
cg15535686	0.957051336632659	0.950691270192765	0.959650706909198	0.951896889664212	0.96051954555334	0.963821537059651	0.948802177769663	0.963342857529947	0.958217657649035	0.951660231186167	0.935372823936534	0.967264287981784	0.946369904708395	0.954447130171471	0.948786638742384	0.943118466655761	0.953745449084534	0.967220134096685	0.960204772155698	0.954059612480677	0.960691148805451	0.957574465342637	0.959004705793158	0.912582608856396	0.940145052163108	0.959938823880769	0.957618129491324	0.962224663557489	0.95630193996611	0.950025557134413	0.959758796095834	0.957952296896628	0.966443342223391	0.957422023554251	0.958061963647485	0.961959742973521	0.962751038980736	0.962674137987175	0.943868320003919	0.960991040631692	0.951898850351004	0.965086754231314	0.938383310310964	0.950389900677708	0.962403082352473	0.963276051746062	0.95935514535587	0.956060492626229	0.967074531085119	0.947223858734484	0.962980048374042	0.958293405461724	0.949354255010637	0.961317907299682	0.958408002849579	0.958981482910321	0.954710466435663	0.953410365222183	0.962429810981151	0.950521751132525	0.94988710201418	0.956365208600355	0.955215430700067	0.964894789212127	0.953992045953706	0.962271745322881	0.944621852642301	0.961828058342117	0.966350867870733	0.961818429952934	0.95711301209215	0.953712546266197	0.95637082705345	0.951646011680918	0.943591930651448	0.919569381626971	0.937785823623224	0.956690253394274	0.965305885935401	0.956222343492137	0.967358021656586	0.931576928187966	0.959237780328794	0.936317112605319	0.951863759536992	0.945047642975947	0.928257366141481
cg15548284	NA	NA	NA	NA	NA	NA	NA	NA	NA	NA	NA	NA	NA	NA	NA	NA	NA	NA	NA	NA	NA	NA	NA	NA	NA	NA	NA	NA	NA	NA	NA	NA	NA	NA	NA	NA	NA	NA	NA	NA	NA	NA	NA	NA	NA	NA	NA	NA	NA	NA	NA	NA	NA	NA	NA	NA	NA	NA	NA	NA	NA	NA	NA	NA	NA	NA	NA	NA	NA	NA	NA	NA	NA	NA	NA	NA	NA	NA	NA	NA	NA	NA	NA	NA	NA	NA	NA
cg15553710	NA	NA	NA	NA	NA	NA	NA	NA	NA	NA	NA	NA	NA	NA	NA	NA	NA	NA	NA	NA	NA	NA	NA	NA	NA	NA	NA	NA	NA	NA	NA	NA	NA	NA	NA	NA	NA	NA	NA	NA	NA	NA	NA	NA	NA	NA	NA	NA	NA	NA	NA	NA	NA	NA	NA	NA	NA	NA	NA	NA	NA	NA	NA	NA	NA	NA	NA	NA	NA	NA	NA	NA	NA	NA	NA	NA	NA	NA	NA	NA	NA	NA	NA	NA	NA	NA	NA
cg15556873	0.889261826588688	0.883824655824943	0.71310191626491	0.855922108964126	0.813883255941966	0.78167104658272	0.760397822251364	0.73764417718598	NA	0.855117445518795	NA	NA	NA	0.782682818623743	NA	0.801099743787342	0.794924831323149	0.575248554378858	0.782102957045837	0.863000677227791	0.807257239273365	0.836886019097767	0.864838686644064	0.677218495098985	0.895000771516021	0.858461173455617	0.849488287502691	0.882086709260979	0.843806794474425	0.858791437495431	0.795603136382776	0.881890643062394	0.866828332363551	NA	0.512993645488081	0.843847372013123	0.825830970455409	0.917086988671376	0.788678646744473	0.639070656974411	0.841543870081007	0.828949836735152	NA	0.643483451761322	NA	NA	0.837125367399129	0.752677839642531	NA	0.842414839322539	0.883269757475908	0.764854510775073	0.768608463256353	0.814702225458815	0.829139404840553	NA	0.846817542767444	0.860189314371071	NA	NA	NA	0.570586809943796	0.851089705527852	0.7786306154755	0.903270278401745	NA	0.799626312213689	0.507254122132489	0.573948385450991	0.802645478678394	0.805629395968269	0.926530032104562	0.859274519375658	NA	NA	0.848551732518723	0.632701339092224	0.8663882109751	NA	0.838572152430156	0.853105036602388	0.835322705658613	0.694132790924882	0.744559790286523	NA	NA	0.882801271933017
cg15560337	0.544180174310308	0.454357956224674	0.724782318229	0.424175795485185	0.663831507329324	0.407388568532822	0.691345692937448	0.659482368117923	0.510985972207624	0.290980239395427	0.370701045789142	0.701591542983922	0.166963731189003	0.278413360748178	0.467088288497183	0.634688097266855	0.533857558280581	0.465517950610806	0.599177346533153	0.617980419148368	0.530567981132754	0.606758213909856	0.332392027592223	0.387543286958163	0.460501438159504	0.487822231192176	0.455206580869175	0.705827960503928	0.747511095241536	0.233023753738114	0.66990375520027	0.709762807511962	0.408123470080268	0.442669640430527	0.592598545778552	0.660234204173738	0.593855016128371	0.737842030057733	0.54093510899449	0.647974267487731	0.428196307411037	0.325515377667301	0.185286743719866	0.62466616907226	0.624766343038596	0.550092145777671	0.389159679830502	0.62362752370436	0.446973154398519	0.648564205550607	0.316509732623681	0.657954732108852	0.557372422939979	0.523297058010183	0.631571464255659	0.510151912061497	0.719015744984203	0.504610593475569	0.226947240235596	0.594663625888705	0.232365528733659	0.814850516336094	0.683132380092386	0.68839063418644	0.65831543637869	0.602819944003143	0.709453554551848	0.604034724786146	0.615791706197608	0.72159365543002	0.684449915498105	0.613048077030253	0.283702560533585	0.36015332062172	0.417916783641031	0.319694339080574	0.529022989922401	0.448013807841875	0.518707483629733	0.492132645477751	0.694999270263601	0.513005428914989	0.538386630479393	0.481245438717893	0.679068715424229	0.619151507443886	0.225998603781624
cg15603614	NA	NA	NA	NA	NA	NA	NA	NA	NA	NA	NA	NA	NA	NA	NA	NA	NA	NA	NA	NA	NA	NA	NA	NA	NA	NA	NA	NA	NA	NA	NA	NA	NA	NA	NA	NA	NA	NA	NA	NA	NA	NA	NA	NA	NA	NA	NA	NA	NA	NA	NA	NA	NA	NA	NA	NA	NA	NA	NA	NA	NA	NA	NA	NA	NA	NA	NA	NA	NA	NA	NA	NA	NA	NA	NA	NA	NA	NA	NA	NA	NA	NA	NA	NA	NA	NA	NA
cg15604398	0.922823887982027	0.937027320734436	0.938730121595381	0.937661555231788	0.93775083489697	0.926778401995518	0.934574093508236	0.939782434751156	0.920093453263085	0.913667000501375	0.93780810241652	0.915099376341494	0.91334833695267	0.934799836739204	0.858250483255523	0.897812148971076	0.919235235996997	0.936629312127483	0.940725623107718	0.913077553212419	0.937175672985539	0.927190578808287	0.941662169220931	0.897107515250899	0.937965165760266	0.924310933121233	0.94139931465844	0.94579801975564	0.930325726837072	0.936990160402794	0.932609712410677	0.930241990116274	0.935156627549159	0.910453136194429	0.927349640224347	0.924390791754552	0.91022688278545	0.961276733523542	0.932773762581375	0.947298488573249	0.935818661657054	0.906966782099431	0.940007309618533	0.949889840934621	0.936969869887274	0.948841259147768	0.931349889555394	0.937109546288691	0.933422574885778	0.932809771649772	0.965244512693591	0.914335108806661	0.922657737890477	0.906167159890013	0.932411792264662	0.903201417413127	0.939482052013036	0.930142508885028	0.829562552863835	0.932497950181016	0.951140727810472	0.930976642332072	0.933572385630703	0.934561084331176	0.929972792130034	0.918945120689461	0.919121112450549	0.938307714912981	0.954881159926975	0.938493420614046	0.93319190606369	0.952814952433547	0.911488747236543	0.932024747162808	0.903834235171874	0.939084813058398	0.919654802368432	0.944624857032558	0.943730603669916	0.959580898295149	0.948546008633813	0.928061956930009	0.934260811813195	0.940033345667737	0.905338779895837	0.941485109815882	0.920013067992602
cg15611936	NA	NA	NA	NA	NA	NA	NA	NA	NA	NA	NA	NA	NA	NA	NA	NA	NA	NA	NA	NA	NA	NA	NA	NA	NA	NA	NA	NA	NA	NA	NA	NA	NA	NA	NA	NA	NA	NA	NA	NA	NA	NA	NA	NA	NA	NA	NA	NA	NA	NA	NA	NA	NA	NA	NA	NA	NA	NA	NA	NA	NA	NA	NA	NA	NA	NA	NA	NA	NA	NA	NA	NA	NA	NA	NA	NA	NA	NA	NA	NA	NA	NA	NA	NA	NA	NA	NA
cg15633618	NA	NA	NA	NA	NA	NA	NA	NA	NA	NA	NA	NA	NA	NA	NA	NA	NA	NA	NA	NA	NA	NA	NA	NA	NA	NA	NA	NA	NA	NA	NA	NA	NA	NA	NA	NA	NA	NA	NA	NA	NA	NA	NA	NA	NA	NA	NA	NA	NA	NA	NA	NA	NA	NA	NA	NA	NA	NA	NA	NA	NA	NA	NA	NA	NA	NA	NA	NA	NA	NA	NA	NA	NA	NA	NA	NA	NA	NA	NA	NA	NA	NA	NA	NA	NA	NA	NA
cg15703165	NA	NA	NA	NA	NA	NA	NA	NA	NA	NA	NA	NA	NA	NA	NA	NA	NA	NA	NA	NA	NA	NA	NA	NA	NA	NA	NA	NA	NA	NA	NA	NA	NA	NA	NA	NA	NA	NA	NA	NA	NA	NA	NA	NA	NA	NA	NA	NA	NA	NA	NA	NA	NA	NA	NA	NA	NA	NA	NA	NA	NA	NA	NA	NA	NA	NA	NA	NA	NA	NA	NA	NA	NA	NA	NA	NA	NA	NA	NA	NA	NA	NA	NA	NA	NA	NA	NA
cg15708382	NA	NA	NA	NA	NA	NA	NA	NA	NA	NA	NA	NA	NA	NA	NA	NA	NA	NA	NA	NA	NA	NA	NA	NA	NA	NA	NA	NA	NA	NA	NA	NA	NA	NA	NA	NA	NA	NA	NA	NA	NA	NA	NA	NA	NA	NA	NA	NA	NA	NA	NA	NA	NA	NA	NA	NA	NA	NA	NA	NA	NA	NA	NA	NA	NA	NA	NA	NA	NA	NA	NA	NA	NA	NA	NA	NA	NA	NA	NA	NA	NA	NA	NA	NA	NA	NA	NA
cg15718106	NA	NA	NA	NA	NA	NA	NA	NA	NA	NA	NA	NA	NA	NA	NA	NA	NA	NA	NA	NA	NA	NA	NA	NA	NA	NA	NA	NA	NA	NA	NA	NA	NA	NA	NA	NA	NA	NA	NA	NA	NA	NA	NA	NA	NA	NA	NA	NA	NA	NA	NA	NA	NA	NA	NA	NA	NA	NA	NA	NA	NA	NA	NA	NA	NA	NA	NA	NA	NA	NA	NA	NA	NA	NA	NA	NA	NA	NA	NA	NA	NA	NA	NA	NA	NA	NA	NA
cg15733632	NA	NA	NA	NA	NA	NA	NA	NA	NA	NA	NA	NA	NA	NA	NA	NA	NA	NA	NA	NA	NA	NA	NA	NA	NA	NA	NA	NA	NA	NA	NA	NA	NA	NA	NA	NA	NA	NA	NA	NA	NA	NA	NA	NA	NA	NA	NA	NA	NA	NA	NA	NA	NA	NA	NA	NA	NA	NA	NA	NA	NA	NA	NA	NA	NA	NA	NA	NA	NA	NA	NA	NA	NA	NA	NA	NA	NA	NA	NA	NA	NA	NA	NA	NA	NA	NA	NA
cg15771551	NA	NA	NA	NA	NA	NA	NA	NA	NA	NA	NA	NA	NA	NA	NA	NA	NA	NA	NA	NA	NA	NA	NA	NA	NA	NA	NA	NA	NA	NA	NA	NA	NA	NA	NA	NA	NA	NA	NA	NA	NA	NA	NA	NA	NA	NA	NA	NA	NA	NA	NA	NA	NA	NA	NA	NA	NA	NA	NA	NA	NA	NA	NA	NA	NA	NA	NA	NA	NA	NA	NA	NA	NA	NA	NA	NA	NA	NA	NA	NA	NA	NA	NA	NA	NA	NA	NA
cg15814092	NA	NA	NA	NA	NA	NA	NA	NA	NA	NA	NA	NA	NA	NA	NA	NA	NA	NA	NA	NA	NA	NA	NA	NA	NA	NA	NA	NA	NA	NA	NA	NA	NA	NA	NA	NA	NA	NA	NA	NA	NA	NA	NA	NA	NA	NA	NA	NA	NA	NA	NA	NA	NA	NA	NA	NA	NA	NA	NA	NA	NA	NA	NA	NA	NA	NA	NA	NA	NA	NA	NA	NA	NA	NA	NA	NA	NA	NA	NA	NA	NA	NA	NA	NA	NA	NA	NA
cg15820400	0.903631667973415	0.93204587349213	0.916446232343894	0.92434679132723	0.940268068918107	0.909245549950968	0.932001802668975	0.958322586108863	0.941834825735973	0.883661792120747	0.923119382446844	0.887261276405231	0.84074685990065	0.937968623014746	0.914590830294515	0.915430312857577	0.925078964425986	0.919514484348118	0.917252777120818	0.926471821466923	0.909071705963994	0.930913771404185	0.939261894211651	0.888475769952581	0.929766302541571	0.945136805890681	0.909582069242144	0.912473528305297	0.945569423417565	0.910238501711161	0.945074889223119	0.912990272655868	0.929816604122923	0.910039460045025	0.926860384079478	0.896372619040878	0.894088217906805	0.947805822436792	0.916884941931396	0.952952590452414	0.9342999633396	0.931677364662093	0.937308304159419	0.940616704235162	0.938867238230927	0.935407516682063	0.949849130937288	0.883331761927238	0.930267667234901	0.930644653460539	0.93849452108261	0.931608130039537	0.947819782318977	0.944374379681658	0.936932202547796	0.935134724643401	0.945328352085165	0.928634299215289	0.879764238277634	0.939594247322456	0.923322987358176	0.912975842517063	0.89878981522914	0.944384176730492	0.918500455260065	0.87638676137878	0.931923243818863	0.945582264664403	0.916263835033739	0.927461486047979	0.934651939049735	0.93950622332005	0.914880817802263	0.942192580834821	0.929769775101869	0.938714848713647	0.90330032124671	0.918357103059855	0.911832317599152	0.931381133820987	0.940403889144311	0.940861586902274	0.922668581363927	0.932005868826083	0.922926513425166	0.920695783665998	0.941137542567393
cg15843977	NA	NA	NA	NA	NA	NA	NA	NA	NA	NA	NA	NA	NA	NA	NA	NA	NA	NA	NA	NA	NA	NA	NA	NA	NA	NA	NA	NA	NA	NA	NA	NA	NA	NA	NA	NA	NA	NA	NA	NA	NA	NA	NA	NA	NA	NA	NA	NA	NA	NA	NA	NA	NA	NA	NA	NA	NA	NA	NA	NA	NA	NA	NA	NA	NA	NA	NA	NA	NA	NA	NA	NA	NA	NA	NA	NA	NA	NA	NA	NA	NA	NA	NA	NA	NA	NA	NA
cg15847775	NA	NA	NA	NA	NA	NA	NA	NA	NA	NA	NA	NA	NA	NA	NA	NA	NA	NA	NA	NA	NA	NA	NA	NA	NA	NA	NA	NA	NA	NA	NA	NA	NA	NA	NA	NA	NA	NA	NA	NA	NA	NA	NA	NA	NA	NA	NA	NA	NA	NA	NA	NA	NA	NA	NA	NA	NA	NA	NA	NA	NA	NA	NA	NA	NA	NA	NA	NA	NA	NA	NA	NA	NA	NA	NA	NA	NA	NA	NA	NA	NA	NA	NA	NA	NA	NA	NA
cg15874144	NA	NA	NA	NA	NA	NA	NA	NA	NA	NA	NA	NA	NA	NA	NA	NA	NA	NA	NA	NA	NA	NA	NA	NA	NA	NA	NA	NA	NA	NA	NA	NA	NA	NA	NA	NA	NA	NA	NA	NA	NA	NA	NA	NA	NA	NA	NA	NA	NA	NA	NA	NA	NA	NA	NA	NA	NA	NA	NA	NA	NA	NA	NA	NA	NA	NA	NA	NA	NA	NA	NA	NA	NA	NA	NA	NA	NA	NA	NA	NA	NA	NA	NA	NA	NA	NA	NA
cg15886896	NA	NA	NA	NA	NA	NA	NA	NA	NA	NA	NA	NA	NA	NA	NA	NA	NA	NA	NA	NA	NA	NA	NA	NA	NA	NA	NA	NA	NA	NA	NA	NA	NA	NA	NA	NA	NA	NA	NA	NA	NA	NA	NA	NA	NA	NA	NA	NA	NA	NA	NA	NA	NA	NA	NA	NA	NA	NA	NA	NA	NA	NA	NA	NA	NA	NA	NA	NA	NA	NA	NA	NA	NA	NA	NA	NA	NA	NA	NA	NA	NA	NA	NA	NA	NA	NA	NA
cg15939182	NA	NA	NA	NA	NA	NA	NA	NA	NA	NA	NA	NA	NA	NA	NA	NA	NA	NA	NA	NA	NA	NA	NA	NA	NA	NA	NA	NA	NA	NA	NA	NA	NA	NA	NA	NA	NA	NA	NA	NA	NA	NA	NA	NA	NA	NA	NA	NA	NA	NA	NA	NA	NA	NA	NA	NA	NA	NA	NA	NA	NA	NA	NA	NA	NA	NA	NA	NA	NA	NA	NA	NA	NA	NA	NA	NA	NA	NA	NA	NA	NA	NA	NA	NA	NA	NA	NA
cg15990679	NA	NA	NA	NA	NA	NA	NA	NA	NA	NA	NA	NA	NA	NA	NA	NA	NA	NA	NA	NA	NA	NA	NA	NA	NA	NA	NA	NA	NA	NA	NA	NA	NA	NA	NA	NA	NA	NA	NA	NA	NA	NA	NA	NA	NA	NA	NA	NA	NA	NA	NA	NA	NA	NA	NA	NA	NA	NA	NA	NA	NA	NA	NA	NA	NA	NA	NA	NA	NA	NA	NA	NA	NA	NA	NA	NA	NA	NA	NA	NA	NA	NA	NA	NA	NA	NA	NA
cg15996647	NA	NA	NA	NA	NA	NA	NA	NA	NA	NA	NA	NA	NA	NA	NA	NA	NA	NA	NA	NA	NA	NA	NA	NA	NA	NA	NA	NA	NA	NA	NA	NA	NA	NA	NA	NA	NA	NA	NA	NA	NA	NA	NA	NA	NA	NA	NA	NA	NA	NA	NA	NA	NA	NA	NA	NA	NA	NA	NA	NA	NA	NA	NA	NA	NA	NA	NA	NA	NA	NA	NA	NA	NA	NA	NA	NA	NA	NA	NA	NA	NA	NA	NA	NA	NA	NA	NA
cg16016766	NA	NA	NA	NA	NA	NA	NA	NA	NA	NA	NA	NA	NA	NA	NA	NA	NA	NA	NA	NA	NA	NA	NA	NA	NA	NA	NA	NA	NA	NA	NA	NA	NA	NA	NA	NA	NA	NA	NA	NA	NA	NA	NA	NA	NA	NA	NA	NA	NA	NA	NA	NA	NA	NA	NA	NA	NA	NA	NA	NA	NA	NA	NA	NA	NA	NA	NA	NA	NA	NA	NA	NA	NA	NA	NA	NA	NA	NA	NA	NA	NA	NA	NA	NA	NA	NA	NA
cg16047049	0.871640168841261	0.50583944928503	0.96250943473526	0.806577534603816	0.956075287188478	0.948914423036789	0.946327049430441	0.471906136558614	0.973072275599113	0.843891906557485	0.402983083873279	0.946573934093171	0.529456084435237	0.566852198492362	0.745127129332025	0.960990951174897	0.942885402247803	0.962943023412607	0.830603073214253	0.298341806478277	0.955821364558256	0.960038732012296	0.862438385735227	0.953717759171553	0.94884749143944	0.956189728550204	0.869171306250421	0.899885426936091	0.952874964907345	0.966335685501111	0.918674827694113	0.95017852609513	0.936341836795745	0.720299885572487	0.969847617490804	0.964066562575296	0.695153478143212	0.782171569510244	0.641834889048748	0.903464501229655	0.809335986295694	0.945655081080866	0.174038362267182	0.859115428239298	0.975156633387236	0.829136266719284	0.964219901779251	0.949496152836269	0.951693901521734	0.567044382537093	0.853826271170905	0.974617939133394	0.877919401545984	0.955737207052105	0.852319213767287	0.968853201058023	0.96294221683632	0.970717010491451	0.947359596489482	0.953643757562159	0.97153131052361	0.964849054526493	0.942351886356208	0.956780573940509	0.951134232456596	0.966231057077881	0.698337594999322	0.930957078467715	0.952243771154011	0.93365548167623	0.959519231201282	0.472174767195207	0.921895753778387	0.949709546387632	0.531395902768766	0.90797555761581	0.792053352151219	0.218212666366326	0.878257270131018	0.812310825303557	0.687993923773136	0.191660124763626	0.97342146699526	0.892568257250179	0.96472896998226	0.962857552961993	0.807195870416832
cg16067453	NA	NA	NA	NA	NA	NA	NA	NA	NA	NA	NA	NA	NA	NA	NA	NA	NA	NA	NA	NA	NA	NA	NA	NA	NA	NA	NA	NA	NA	NA	NA	NA	NA	NA	NA	NA	NA	NA	NA	NA	NA	NA	NA	NA	NA	NA	NA	NA	NA	NA	NA	NA	NA	NA	NA	NA	NA	NA	NA	NA	NA	NA	NA	NA	NA	NA	NA	NA	NA	NA	NA	NA	NA	NA	NA	NA	NA	NA	NA	NA	NA	NA	NA	NA	NA	NA	NA
cg16098957	NA	NA	NA	NA	NA	NA	NA	NA	NA	NA	NA	NA	NA	NA	NA	NA	NA	NA	NA	NA	NA	NA	NA	NA	NA	NA	NA	NA	NA	NA	NA	NA	NA	NA	NA	NA	NA	NA	NA	NA	NA	NA	NA	NA	NA	NA	NA	NA	NA	NA	NA	NA	NA	NA	NA	NA	NA	NA	NA	NA	NA	NA	NA	NA	NA	NA	NA	NA	NA	NA	NA	NA	NA	NA	NA	NA	NA	NA	NA	NA	NA	NA	NA	NA	NA	NA	NA
cg16103996	NA	NA	NA	NA	NA	NA	NA	NA	NA	NA	NA	NA	NA	NA	NA	NA	NA	NA	NA	NA	NA	NA	NA	NA	NA	NA	NA	NA	NA	NA	NA	NA	NA	NA	NA	NA	NA	NA	NA	NA	NA	NA	NA	NA	NA	NA	NA	NA	NA	NA	NA	NA	NA	NA	NA	NA	NA	NA	NA	NA	NA	NA	NA	NA	NA	NA	NA	NA	NA	NA	NA	NA	NA	NA	NA	NA	NA	NA	NA	NA	NA	NA	NA	NA	NA	NA	NA
cg16105080	NA	NA	NA	NA	NA	NA	NA	NA	NA	NA	NA	NA	NA	NA	NA	NA	NA	NA	NA	NA	NA	NA	NA	NA	NA	NA	NA	NA	NA	NA	NA	NA	NA	NA	NA	NA	NA	NA	NA	NA	NA	NA	NA	NA	NA	NA	NA	NA	NA	NA	NA	NA	NA	NA	NA	NA	NA	NA	NA	NA	NA	NA	NA	NA	NA	NA	NA	NA	NA	NA	NA	NA	NA	NA	NA	NA	NA	NA	NA	NA	NA	NA	NA	NA	NA	NA	NA
cg16134501	NA	NA	NA	NA	NA	NA	NA	NA	NA	NA	NA	NA	NA	NA	NA	NA	NA	NA	NA	NA	NA	NA	NA	NA	NA	NA	NA	NA	NA	NA	NA	NA	NA	NA	NA	NA	NA	NA	NA	NA	NA	NA	NA	NA	NA	NA	NA	NA	NA	NA	NA	NA	NA	NA	NA	NA	NA	NA	NA	NA	NA	NA	NA	NA	NA	NA	NA	NA	NA	NA	NA	NA	NA	NA	NA	NA	NA	NA	NA	NA	NA	NA	NA	NA	NA	NA	NA
cg16248160	0.284489314943676	0.787654481559561	0.828627826918788	0.739439097125568	0.483095339189627	0.341797984495972	0.795807841848713	0.738017439304395	0.235844071160487	0.903236709844627	0.639231624064925	0.563393128790904	0.908828856118362	0.454705588386961	0.694738535597252	0.847563373577593	0.719684854968205	0.699942007267822	0.708683999628278	0.909370135594773	0.746572751439992	0.833438166741758	0.66723071216282	0.920558918985215	0.541636901954149	0.740050237572553	0.421198030489804	0.635260312301328	0.893123570595326	0.952196361221101	0.894823896877666	0.899758575663638	0.449699464534153	0.312583070377143	0.765566836995754	0.840155078200369	0.810197306713211	0.328891057518088	0.573504062353509	0.497378622640198	0.546155634025748	0.697413825913091	0.532416403998869	0.627882719099941	0.930650624340163	0.378149568190721	0.860780155897137	0.805791021353777	0.926683648076473	0.858012309296586	0.524631838095455	0.942698524196637	0.674209263695306	0.911956437708951	0.827941293389082	0.635581736925646	0.891795118222651	0.885195457532668	0.218097743335701	0.86659136317768	0.670519783540838	0.418225837372791	0.861188679170595	0.702036033719242	0.818641246390743	0.385084245731839	0.389192273753082	0.669590229031103	0.462114409948766	0.885766662608354	0.746410252446055	0.92982499292941	0.792815834908196	0.616731714712942	0.616465164202329	0.546727431729403	0.693936531524441	0.714338759147503	0.327209388334925	0.846354703470522	0.879825673939379	0.919352280159753	0.530747485058501	0.667125485707166	0.736967626059265	0.844489358596727	0.679126589875479
cg16287042	NA	NA	NA	NA	NA	NA	NA	NA	NA	NA	NA	NA	NA	NA	NA	NA	NA	NA	NA	NA	NA	NA	NA	NA	NA	NA	NA	NA	NA	NA	NA	NA	NA	NA	NA	NA	NA	NA	NA	NA	NA	NA	NA	NA	NA	NA	NA	NA	NA	NA	NA	NA	NA	NA	NA	NA	NA	NA	NA	NA	NA	NA	NA	NA	NA	NA	NA	NA	NA	NA	NA	NA	NA	NA	NA	NA	NA	NA	NA	NA	NA	NA	NA	NA	NA	NA	NA
cg16297530	NA	NA	NA	NA	NA	NA	NA	NA	NA	NA	NA	NA	NA	NA	NA	NA	NA	NA	NA	NA	NA	NA	NA	NA	NA	NA	NA	NA	NA	NA	NA	NA	NA	NA	NA	NA	NA	NA	NA	NA	NA	NA	NA	NA	NA	NA	NA	NA	NA	NA	NA	NA	NA	NA	NA	NA	NA	NA	NA	NA	NA	NA	NA	NA	NA	NA	NA	NA	NA	NA	NA	NA	NA	NA	NA	NA	NA	NA	NA	NA	NA	NA	NA	NA	NA	NA	NA
cg16315980	NA	NA	NA	NA	NA	NA	NA	NA	NA	NA	NA	NA	NA	NA	NA	NA	NA	NA	NA	NA	NA	NA	NA	NA	NA	NA	NA	NA	NA	NA	NA	NA	NA	NA	NA	NA	NA	NA	NA	NA	NA	NA	NA	NA	NA	NA	NA	NA	NA	NA	NA	NA	NA	NA	NA	NA	NA	NA	NA	NA	NA	NA	NA	NA	NA	NA	NA	NA	NA	NA	NA	NA	NA	NA	NA	NA	NA	NA	NA	NA	NA	NA	NA	NA	NA	NA	NA
cg16320398	NA	NA	NA	NA	NA	NA	NA	NA	NA	NA	NA	NA	NA	NA	NA	NA	NA	NA	NA	NA	NA	NA	NA	NA	NA	NA	NA	NA	NA	NA	NA	NA	NA	NA	NA	NA	NA	NA	NA	NA	NA	NA	NA	NA	NA	NA	NA	NA	NA	NA	NA	NA	NA	NA	NA	NA	NA	NA	NA	NA	NA	NA	NA	NA	NA	NA	NA	NA	NA	NA	NA	NA	NA	NA	NA	NA	NA	NA	NA	NA	NA	NA	NA	NA	NA	NA	NA
cg16333561	0.906289022065368	0.950395353746496	0.899081584731572	0.907161726872329	0.538060372122569	0.715380325871909	0.90349172197603	0.933260175438776	0.950438417062586	0.950525527446271	0.812280655083785	0.935050528665588	0.926575494597999	0.947792411791851	0.908157666358201	0.905370716416963	0.884323123578875	0.907519594609933	0.917814296942145	0.954067860306749	0.896590606560095	0.933253615414831	0.930658390391952	0.938881854449007	0.942518800679085	0.918194536291086	0.934836286946204	0.93361993822054	0.933492871926459	0.914671391420189	0.943994822514983	0.923765703837182	0.908908194014184	0.896769510882528	0.870027757485165	0.929470064770614	0.892683936264069	0.920726202032044	0.850183669614477	0.935636781428965	0.898200958626521	0.864902992866737	0.8981404495455	0.941524110293505	0.883359577537633	0.826263777634096	0.912946489906271	0.954404085563923	0.949887935970758	0.919954468802648	0.91390207891109	0.934711527152641	0.937788200965973	0.899868465807125	0.907847424054428	0.918709006189119	0.948913106877281	0.93007436210638	0.878157314635573	0.904550613982247	0.922235748552259	0.945079543726385	0.945752586725092	0.922540399879448	0.909548801322377	0.798774313859321	0.487285006678635	0.945360134693262	0.907580113612498	0.961994247223233	0.85463125457145	0.938003564210974	0.927186726610139	0.923182799200915	0.911533159400744	0.907653986626215	0.895939013693813	0.919295700967428	0.890966290734319	0.936419438493919	0.943766137086278	0.941510116609552	0.938254499426802	0.909832002406063	0.901936550894318	0.937582967243249	0.908301476131922
cg16356630	NA	NA	NA	NA	NA	NA	NA	NA	NA	NA	NA	NA	NA	NA	NA	NA	NA	NA	NA	NA	NA	NA	NA	NA	NA	NA	NA	NA	NA	NA	NA	NA	NA	NA	NA	NA	NA	NA	NA	NA	NA	NA	NA	NA	NA	NA	NA	NA	NA	NA	NA	NA	NA	NA	NA	NA	NA	NA	NA	NA	NA	NA	NA	NA	NA	NA	NA	NA	NA	NA	NA	NA	NA	NA	NA	NA	NA	NA	NA	NA	NA	NA	NA	NA	NA	NA	NA
cg16359517	NA	NA	NA	NA	NA	NA	NA	NA	NA	NA	NA	NA	NA	NA	NA	NA	NA	NA	NA	NA	NA	NA	NA	NA	NA	NA	NA	NA	NA	NA	NA	NA	NA	NA	NA	NA	NA	NA	NA	NA	NA	NA	NA	NA	NA	NA	NA	NA	NA	NA	NA	NA	NA	NA	NA	NA	NA	NA	NA	NA	NA	NA	NA	NA	NA	NA	NA	NA	NA	NA	NA	NA	NA	NA	NA	NA	NA	NA	NA	NA	NA	NA	NA	NA	NA	NA	NA
cg16362587	0.956309394505851	0.951909377040995	0.959456047999617	0.942089349163073	0.951033719316986	0.950279478238586	0.947594865172147	0.944254680176659	0.944281322078221	0.957202703955172	0.953405339152094	0.951365939208198	0.946332105474972	0.971247803655831	0.945045442180033	0.95852364145362	0.947997698844394	0.942857354465618	0.942363154331028	0.959810715063348	0.925720811118312	0.960191304597664	0.945107126148225	0.958634130368745	0.964136346707463	0.93757845656255	0.929292234759646	0.921277611616756	0.942938693939742	0.961376602433496	0.932447497708774	0.926802221921041	0.951290750123477	0.898722518456211	0.930223205539951	0.94895129532891	0.944584183281574	0.953682425567234	0.950661430450262	0.951353916688269	0.945794105094626	0.96351272236455	0.92987889399353	0.939632203013166	0.928855265962456	0.958006836201218	0.922182040811506	0.947476277242886	0.954488633327478	0.944952438236984	0.961847794351843	0.938194555579386	0.918862750858196	0.940094475161741	0.956227377627397	0.941022063843226	0.954417105427517	0.935449450557716	0.900954754218694	0.947497198562234	0.926394646540991	0.9550089148022	0.937099942721538	0.951418561762918	0.907616512263406	0.920369018533924	0.951654178939209	0.939540076527745	0.934242703985656	0.948490462167206	0.941239624318722	0.95653278237613	0.942278836034867	0.910776591793997	0.947467263555149	0.94540564641486	0.950947149414562	0.928950473076124	0.922699367503527	0.952573282061146	0.949776402875024	0.950296323645053	0.944735728185484	0.953985666832101	0.912254138308381	0.910897682499359	0.929235744630486
cg16376484	0.618962836604617	0.686186977399714	0.898618047643545	0.582187504191086	0.529659637491875	0.496348071258855	0.860819471227876	0.813263125086654	0.809476488129882	0.938811112069895	0.809733517686785	0.911797590121034	0.611590297039177	0.36909214771671	0.831193692689932	0.837829814542425	0.887620831888099	0.858234568695156	0.486052491122931	0.687837003854225	0.808993435336822	0.856432011311304	0.426505861579246	0.846442660911269	0.889570107323163	0.511958443709203	0.790948575339751	0.604606258772686	0.89697978149878	0.697658316180727	0.892090337313564	0.513119447410344	0.664411185327127	0.930551360007464	0.785846507506819	0.892018984033739	0.628337995400458	0.882515769967174	0.561385082127326	0.946791575004289	0.541713241651274	0.851022935178225	0.863951922158425	0.912613027756108	0.422317350171343	0.634432467957116	0.897415785269946	0.617286768820121	0.936965802364179	0.499563474629077	0.900840477800798	0.681519345089914	0.760275374564447	0.917763234913713	0.840476949254199	0.487544304220537	0.480173190797484	0.616111037747507	0.63756203502295	0.826083587634382	0.787850143435123	0.876756689937762	0.864120280372051	0.767876874480019	0.753194786210868	0.421436773910403	0.511560335415615	0.88759496206645	0.5105965859288	0.739790986191624	0.836014375240361	0.908337295913099	0.535216091486698	0.424674044810337	0.788626690966696	0.886763812528276	0.599173585394122	0.861560893607024	0.567188654496372	0.538025248361843	0.907030702757448	0.539268009734998	0.58803442055968	0.88058421242768	0.782233935927777	0.396980958055234	0.173741442750117
cg16393125	NA	NA	NA	NA	NA	NA	NA	NA	NA	NA	NA	NA	NA	NA	NA	NA	NA	NA	NA	NA	NA	NA	NA	NA	NA	NA	NA	NA	NA	NA	NA	NA	NA	NA	NA	NA	NA	NA	NA	NA	NA	NA	NA	NA	NA	NA	NA	NA	NA	NA	NA	NA	NA	NA	NA	NA	NA	NA	NA	NA	NA	NA	NA	NA	NA	NA	NA	NA	NA	NA	NA	NA	NA	NA	NA	NA	NA	NA	NA	NA	NA	NA	NA	NA	NA	NA	NA
cg16395183	NA	NA	NA	NA	NA	NA	NA	NA	NA	NA	NA	NA	NA	NA	NA	NA	NA	NA	NA	NA	NA	NA	NA	NA	NA	NA	NA	NA	NA	NA	NA	NA	NA	NA	NA	NA	NA	NA	NA	NA	NA	NA	NA	NA	NA	NA	NA	NA	NA	NA	NA	NA	NA	NA	NA	NA	NA	NA	NA	NA	NA	NA	NA	NA	NA	NA	NA	NA	NA	NA	NA	NA	NA	NA	NA	NA	NA	NA	NA	NA	NA	NA	NA	NA	NA	NA	NA
cg16414691	0.883590737510143	0.587196443105507	0.524149703373746	0.721369302459471	0.7564969635727	0.60988630437725	0.710267878870551	0.498449224905788	0.878448041953671	0.796867521120676	0.793442209122548	0.485670412119944	0.614983748135601	0.54054673224526	0.781972281213859	0.609529556725805	0.861359028054489	0.693312218298791	0.829053942701426	0.726013800966227	0.362071351762594	0.845296630227056	0.700895301808926	0.599688421492614	0.732897492101692	0.464147031194617	0.704116087636391	0.792343286204475	0.690944411446611	0.904972438538544	0.571500439275857	0.727286656233684	0.776411412118382	0.853417777694618	0.793932822451134	0.572211550352258	0.650393100632473	0.358091951968373	0.63371208942979	0.779083863506089	0.613295741577537	0.786223709157316	0.828961732914593	0.698609086392776	0.834855978353553	0.776271405820218	0.231100991526938	0.726662177382503	0.873712931885615	0.845079935574501	0.63029424363702	0.21141889015639	0.604337871881927	0.767172069405056	0.824090379019785	0.581159520035235	0.865223704622084	0.841447717764489	0.884486235995224	0.63586939722042	0.791725178849376	0.78308470396195	0.616330946260949	0.810498824312644	0.837308678614993	0.387852566337485	0.466742982514624	0.810107440733594	0.515873140027193	0.883405008300172	0.816737407462841	0.827139391341571	0.916569004142045	0.722850126346299	0.841682301912835	0.817442046716139	0.659927687913454	0.416225523847331	0.670009195240231	0.349664767933321	0.651057830253121	0.24257954632899	0.782550943508232	0.563313385324594	0.8481441859806	0.723467188658387	0.563900628436746
cg16452272	NA	NA	NA	NA	NA	NA	NA	NA	NA	NA	NA	NA	NA	NA	NA	NA	NA	NA	NA	NA	NA	NA	NA	NA	NA	NA	NA	NA	NA	NA	NA	NA	NA	NA	NA	NA	NA	NA	NA	NA	NA	NA	NA	NA	NA	NA	NA	NA	NA	NA	NA	NA	NA	NA	NA	NA	NA	NA	NA	NA	NA	NA	NA	NA	NA	NA	NA	NA	NA	NA	NA	NA	NA	NA	NA	NA	NA	NA	NA	NA	NA	NA	NA	NA	NA	NA	NA
cg16461335	0.809268504709532	0.758568475287136	0.774077595678727	0.745457357958926	0.742104278667299	0.745014456206147	0.774721292064315	0.731083946411721	0.789569692334563	0.776822528286356	0.699475586769127	0.776921763423248	0.765929509276515	0.807296821355701	0.719594202953507	0.665289726469212	0.668441066726374	0.75417894607206	0.709381800524635	0.841359621409934	0.754533450977307	0.754874151306976	0.736101366399553	0.525988847671237	0.802884267145001	0.790966524125528	0.794666105485476	0.771185008269972	0.724452415041489	0.807301487975574	0.793723244759334	0.7705670350454	0.772594442181466	0.377218248456299	0.744607702925402	0.728382782195312	0.733675485327939	0.836472867973998	0.730496624277066	0.834885450756947	0.778544827775061	0.75922922214551	0.748843530285756	0.809126582067046	0.763951309545752	0.817658836486792	0.765999410984616	0.673276132429582	0.83508975576019	0.696178034695875	0.821862977016184	0.781020698629748	0.664917684844525	0.748429135397645	0.760290048318295	0.765619707534531	0.750983185237005	0.815619968734188	0.799639524216862	0.789381555120436	0.677493489001051	0.811452409400119	0.768781418774458	0.775290225771837	0.720225468929126	0.772410602235815	0.839074162662406	0.710766204180905	0.812295765140815	0.775883626644644	0.774333018436668	0.834582926992437	0.807233715273498	0.745575938958121	0.774209904024301	0.748360178969735	0.593661942988467	0.786849908001907	0.736638468944657	0.771594319883953	0.824666363999687	0.793717650167661	0.808308063121197	0.789849898875059	0.71335465409292	0.783887955287119	0.81276898201457
cg16468183	NA	NA	NA	NA	NA	NA	NA	NA	NA	NA	NA	NA	NA	NA	NA	NA	NA	NA	NA	NA	NA	NA	NA	NA	NA	NA	NA	NA	NA	NA	NA	NA	NA	NA	NA	NA	NA	NA	NA	NA	NA	NA	NA	NA	NA	NA	NA	NA	NA	NA	NA	NA	NA	NA	NA	NA	NA	NA	NA	NA	NA	NA	NA	NA	NA	NA	NA	NA	NA	NA	NA	NA	NA	NA	NA	NA	NA	NA	NA	NA	NA	NA	NA	NA	NA	NA	NA
cg16470306	NA	NA	NA	NA	NA	NA	NA	NA	NA	NA	NA	NA	NA	NA	NA	NA	NA	NA	NA	NA	NA	NA	NA	NA	NA	NA	NA	NA	NA	NA	NA	NA	NA	NA	NA	NA	NA	NA	NA	NA	NA	NA	NA	NA	NA	NA	NA	NA	NA	NA	NA	NA	NA	NA	NA	NA	NA	NA	NA	NA	NA	NA	NA	NA	NA	NA	NA	NA	NA	NA	NA	NA	NA	NA	NA	NA	NA	NA	NA	NA	NA	NA	NA	NA	NA	NA	NA
cg16470963	NA	NA	NA	NA	NA	NA	NA	NA	NA	NA	NA	NA	NA	NA	NA	NA	NA	NA	NA	NA	NA	NA	NA	NA	NA	NA	NA	NA	NA	NA	NA	NA	NA	NA	NA	NA	NA	NA	NA	NA	NA	NA	NA	NA	NA	NA	NA	NA	NA	NA	NA	NA	NA	NA	NA	NA	NA	NA	NA	NA	NA	NA	NA	NA	NA	NA	NA	NA	NA	NA	NA	NA	NA	NA	NA	NA	NA	NA	NA	NA	NA	NA	NA	NA	NA	NA	NA
cg16472945	NA	NA	NA	NA	NA	NA	NA	NA	NA	NA	NA	NA	NA	NA	NA	NA	NA	NA	NA	NA	NA	NA	NA	NA	NA	NA	NA	NA	NA	NA	NA	NA	NA	NA	NA	NA	NA	NA	NA	NA	NA	NA	NA	NA	NA	NA	NA	NA	NA	NA	NA	NA	NA	NA	NA	NA	NA	NA	NA	NA	NA	NA	NA	NA	NA	NA	NA	NA	NA	NA	NA	NA	NA	NA	NA	NA	NA	NA	NA	NA	NA	NA	NA	NA	NA	NA	NA
cg16494843	NA	NA	NA	NA	NA	NA	NA	NA	NA	NA	NA	NA	NA	NA	NA	NA	NA	NA	NA	NA	NA	NA	NA	NA	NA	NA	NA	NA	NA	NA	NA	NA	NA	NA	NA	NA	NA	NA	NA	NA	NA	NA	NA	NA	NA	NA	NA	NA	NA	NA	NA	NA	NA	NA	NA	NA	NA	NA	NA	NA	NA	NA	NA	NA	NA	NA	NA	NA	NA	NA	NA	NA	NA	NA	NA	NA	NA	NA	NA	NA	NA	NA	NA	NA	NA	NA	NA
cg16503713	NA	NA	NA	NA	NA	NA	NA	NA	NA	NA	NA	NA	NA	NA	NA	NA	NA	NA	NA	NA	NA	NA	NA	NA	NA	NA	NA	NA	NA	NA	NA	NA	NA	NA	NA	NA	NA	NA	NA	NA	NA	NA	NA	NA	NA	NA	NA	NA	NA	NA	NA	NA	NA	NA	NA	NA	NA	NA	NA	NA	NA	NA	NA	NA	NA	NA	NA	NA	NA	NA	NA	NA	NA	NA	NA	NA	NA	NA	NA	NA	NA	NA	NA	NA	NA	NA	NA
cg16532362	NA	NA	NA	NA	NA	NA	NA	NA	NA	NA	NA	NA	NA	NA	NA	NA	NA	NA	NA	NA	NA	NA	NA	NA	NA	NA	NA	NA	NA	NA	NA	NA	NA	NA	NA	NA	NA	NA	NA	NA	NA	NA	NA	NA	NA	NA	NA	NA	NA	NA	NA	NA	NA	NA	NA	NA	NA	NA	NA	NA	NA	NA	NA	NA	NA	NA	NA	NA	NA	NA	NA	NA	NA	NA	NA	NA	NA	NA	NA	NA	NA	NA	NA	NA	NA	NA	NA
cg16535779	NA	NA	NA	NA	NA	NA	NA	NA	NA	NA	NA	NA	NA	NA	NA	NA	NA	NA	NA	NA	NA	NA	NA	NA	NA	NA	NA	NA	NA	NA	NA	NA	NA	NA	NA	NA	NA	NA	NA	NA	NA	NA	NA	NA	NA	NA	NA	NA	NA	NA	NA	NA	NA	NA	NA	NA	NA	NA	NA	NA	NA	NA	NA	NA	NA	NA	NA	NA	NA	NA	NA	NA	NA	NA	NA	NA	NA	NA	NA	NA	NA	NA	NA	NA	NA	NA	NA
cg16543943	0.947321424813832	0.869806537820352	0.908956679638728	0.875844874376349	0.85352135194374	0.889911959556184	0.891661055615865	0.905238176841941	0.909749002335945	0.653883622918191	0.866574372322016	0.890152472038276	0.908664389527522	0.925835696038989	0.825616750175995	0.890003246409787	0.898522213257792	0.897928304822132	0.858027850269856	0.899237937923952	0.922588707920151	0.889889536382207	0.908637344888937	0.857759001177341	0.897043672293501	0.872410357396956	0.879213258911627	0.862467216809566	0.870615064023682	0.882954497043789	0.887668222425413	0.85571751980415	0.871867122412464	0.828683457850448	0.89807884295484	0.840599739902357	0.879839710311241	0.932995310978529	0.879853511156389	0.88033403265721	NA	0.858404936832243	0.878932814870782	0.904245571651891	0.87091573166286	0.910702654699744	0.876187450874743	0.840162196425739	0.897639916889171	0.879630028170844	0.91514138348096	0.889914145027744	0.88198354009428	0.862858368432459	0.909729181958868	0.891471596083459	NA	0.883990045421624	0.882116368864737	NA	0.840877480414878	0.915981654258572	0.885684855049652	0.876609537032031	0.917786260355355	0.878129799757325	0.894726692328364	0.912844679677121	0.908862979900412	0.909945374442405	0.895868528108969	0.915245002576929	0.899997993217342	0.858995985024772	0.856613578552865	0.920242379267104	0.83499294028553	0.902119930436049	0.9069909194957	0.859730639475365	0.899223790808602	0.872830625996948	0.893070259424672	0.931681432978848	NA	0.895075384546628	0.871514407513243
cg16577356	0.517745566348018	0.570100447492892	0.202056668713597	0.166494117110908	0.306029428479723	0.170584780523876	0.255672323714699	0.604662959914008	0.107972293395988	0.348461292600725	0.544529689609463	0.103908946927276	0.140349136439028	0.258109297263754	0.302268295218992	0.242524514077829	0.198229814061514	0.286547809073833	0.411761645363342	0.174867960038944	0.360427709134625	0.269879157783644	0.484242289936386	0.751896117311497	0.162402652272842	0.164363881700145	0.22977533647711	0.157335937022766	0.234568952457838	0.419150266903748	0.211428646981105	0.289850305324234	0.197560031198486	0.0966312386835034	0.144241452991389	0.128263703192262	0.217343202023337	0.155485435594839	0.388378289714304	0.160896521311104	0.438663636223705	0.113106786493359	0.457473797528515	0.113157782451328	0.138796149075686	0.157355771817612	0.111233309441231	0.421409926006366	0.116913767905717	0.360874069771266	0.206657127965746	0.874056242791379	0.408811276468745	0.192242047429392	0.415765738051746	0.111516815370844	0.164068578197438	0.337324240672429	0.510753240107552	0.138041945759403	0.186985239191816	0.082042327396021	0.349619722044927	0.107051675385669	0.535874349478947	0.195934274292645	0.253043046313884	0.19872690230668	0.110430802630013	0.33410719725955	0.126861287235264	0.410634421087494	0.539074887574464	0.365455349006128	0.403543200965234	0.534429649943258	0.422466921398614	0.194481776610635	0.168854301642082	0.161829167332263	0.27578534205419	0.916402732290143	0.128215750682877	0.170663374309677	0.252788178452568	0.152391363269433	0.558218571775177
cg16578802	NA	NA	NA	NA	NA	NA	NA	NA	NA	NA	NA	NA	NA	NA	NA	NA	NA	NA	NA	NA	NA	NA	NA	NA	NA	NA	NA	NA	NA	NA	NA	NA	NA	NA	NA	NA	NA	NA	NA	NA	NA	NA	NA	NA	NA	NA	NA	NA	NA	NA	NA	NA	NA	NA	NA	NA	NA	NA	NA	NA	NA	NA	NA	NA	NA	NA	NA	NA	NA	NA	NA	NA	NA	NA	NA	NA	NA	NA	NA	NA	NA	NA	NA	NA	NA	NA	NA
cg16583381	NA	NA	NA	NA	NA	NA	NA	NA	NA	NA	NA	NA	NA	NA	NA	NA	NA	NA	NA	NA	NA	NA	NA	NA	NA	NA	NA	NA	NA	NA	NA	NA	NA	NA	NA	NA	NA	NA	NA	NA	NA	NA	NA	NA	NA	NA	NA	NA	NA	NA	NA	NA	NA	NA	NA	NA	NA	NA	NA	NA	NA	NA	NA	NA	NA	NA	NA	NA	NA	NA	NA	NA	NA	NA	NA	NA	NA	NA	NA	NA	NA	NA	NA	NA	NA	NA	NA
cg16596250	NA	NA	NA	NA	NA	NA	NA	NA	NA	NA	NA	NA	NA	NA	NA	NA	NA	NA	NA	NA	NA	NA	NA	NA	NA	NA	NA	NA	NA	NA	NA	NA	NA	NA	NA	NA	NA	NA	NA	NA	NA	NA	NA	NA	NA	NA	NA	NA	NA	NA	NA	NA	NA	NA	NA	NA	NA	NA	NA	NA	NA	NA	NA	NA	NA	NA	NA	NA	NA	NA	NA	NA	NA	NA	NA	NA	NA	NA	NA	NA	NA	NA	NA	NA	NA	NA	NA
cg16601146	NA	NA	NA	NA	NA	NA	NA	NA	NA	NA	NA	NA	NA	NA	NA	NA	NA	NA	NA	NA	NA	NA	NA	NA	NA	NA	NA	NA	NA	NA	NA	NA	NA	NA	NA	NA	NA	NA	NA	NA	NA	NA	NA	NA	NA	NA	NA	NA	NA	NA	NA	NA	NA	NA	NA	NA	NA	NA	NA	NA	NA	NA	NA	NA	NA	NA	NA	NA	NA	NA	NA	NA	NA	NA	NA	NA	NA	NA	NA	NA	NA	NA	NA	NA	NA	NA	NA
cg16620160	NA	NA	NA	NA	NA	NA	NA	NA	NA	NA	NA	NA	NA	NA	NA	NA	NA	NA	NA	NA	NA	NA	NA	NA	NA	NA	NA	NA	NA	NA	NA	NA	NA	NA	NA	NA	NA	NA	NA	NA	NA	NA	NA	NA	NA	NA	NA	NA	NA	NA	NA	NA	NA	NA	NA	NA	NA	NA	NA	NA	NA	NA	NA	NA	NA	NA	NA	NA	NA	NA	NA	NA	NA	NA	NA	NA	NA	NA	NA	NA	NA	NA	NA	NA	NA	NA	NA
cg16656411	0.773432512927342	0.217313976845896	0.346072028567084	0.281723492437027	0.455860195764403	0.48554831782091	0.406674493496573	0.295635591049568	0.0650174327735657	0.0501040381551856	0.576278107298575	0.648159373457216	0.436995552435906	0.221427794650561	0.323154303502612	0.0814927023564527	0.131973138525725	0.367091728363025	0.499000460378892	0.425768911957145	0.302342092695139	0.36272786297996	0.392111922577945	0.141672795109835	0.446070894975542	0.645139701880799	0.656022952398057	0.560441632172889	0.244193532589445	0.743516145740988	0.384171720603317	0.419881092827298	0.536335061332321	0.734301608208964	0.364830669843044	0.354647396917693	0.245323001183407	0.50390191589793	0.55334538923431	0.0995859914911799	0.55876081412436	0.287337268417749	0.78331602300402	0.202209747584381	0.0513667729492241	0.687553750307722	0.877751811964527	0.222514134002345	0.101389518514222	0.174103500050725	0.457900863032992	0.441395305626897	0.212568717395094	0.0988206420166513	0.149897144462247	0.483216115165938	0.170358369131142	0.428767838092829	0.628413882016552	0.0479631602371917	0.694661699731918	0.658871956384815	0.502121429909258	0.163805793011229	0.261666429184252	0.493005922653373	0.142729847949564	0.276518329966137	0.329346421800105	0.279256827472068	0.543820097526152	0.440830249318022	0.178866795623203	0.28143430744301	0.592158546675061	0.229763511912887	0.213150369795087	0.601856123577992	0.438523759140509	0.439771485748444	0.555537829126281	0.393232890504613	0.677966165909856	0.67208782100352	0.124010980542113	0.681167228963589	0.81073597460711
cg16669485	0.922966965420444	0.934555022661893	0.950939425333482	0.927481074982547	0.93543263095431	0.640492341009103	0.817612485524716	0.927626420425164	0.870416900514291	0.773277570972785	0.804838233279111	0.93886822145193	0.789855928512163	0.925530460063414	0.874934857444372	0.847800633147377	0.926525312115562	0.850502690397207	0.937433029417935	0.910809269425854	0.893246481586694	0.941122989764591	0.915699261422468	0.683389725046674	0.828465378149282	0.929628992700867	0.932063822824227	0.937129308341397	0.749420472185561	0.925684486584277	0.95313872214474	0.949063242246322	0.938443280826453	0.945137796144568	0.924162815244769	0.917272511560863	0.904856018186899	0.944661395191769	0.654659052899122	0.926187923024056	0.777557791170488	0.814715841833809	0.898111294576159	0.890457264790704	0.876549162098527	0.897077944712676	0.630581291061475	0.901000618868141	0.83527757307449	0.905493116764285	0.790555671701367	0.949891738843484	0.906728509204331	0.92954154144228	0.936182105204606	0.890496379100793	0.941557696711578	0.93170646168005	0.883281648364112	0.929417591879891	0.721800869766638	0.919590312800913	0.896113713500093	0.880265796567048	0.948705529844336	0.706938983748345	0.944137943540965	0.883071212368731	0.560868101862959	0.929536394243027	0.85360821255745	0.934616729097066	0.91649056981845	0.930290545154536	0.91352350989762	0.937948519233164	0.866562470545103	0.902377551895981	0.862059738896528	0.788088080291085	0.908741589315656	0.860873874200824	0.944342865689957	0.799492295713132	0.910710054925189	0.836464792823229	0.879757281525338
cg16683981	0.880002899097625	NA	0.879073667375682	NA	NA	NA	NA	0.863357063933045	NA	NA	NA	NA	NA	0.868653212536852	NA	NA	NA	NA	NA	NA	0.801365498641373	NA	NA	NA	NA	NA	NA	NA	NA	0.92476588635283	0.872342644712895	NA	NA	NA	NA	0.858551036974689	NA	0.870008010713857	NA	0.844299030836438	NA	NA	NA	0.823031993292725	NA	NA	NA	NA	NA	NA	0.880979238862667	NA	NA	NA	0.824701401225946	NA	0.888377928340352	NA	NA	NA	NA	0.850837091113287	NA	NA	NA	NA	NA	0.839715843450608	NA	NA	0.847738913855136	0.911957942241606	NA	NA	NA	NA	NA	NA	NA	NA	NA	NA	NA	NA	NA	NA	NA
cg16710828	NA	NA	NA	NA	NA	NA	NA	NA	NA	NA	NA	NA	NA	NA	NA	NA	NA	NA	NA	NA	NA	NA	NA	NA	NA	NA	NA	NA	NA	NA	NA	NA	NA	NA	NA	NA	NA	NA	NA	NA	NA	NA	NA	NA	NA	NA	NA	NA	NA	NA	NA	NA	NA	NA	NA	NA	NA	NA	NA	NA	NA	NA	NA	NA	NA	NA	NA	NA	NA	NA	NA	NA	NA	NA	NA	NA	NA	NA	NA	NA	NA	NA	NA	NA	NA	NA	NA
cg16712481	0.926557781919072	0.867267917088475	0.922538303348522	0.933295191999557	0.692119097252054	0.573902178968136	0.92585668397761	0.960861213537586	0.655533871035958	0.525046530301975	0.524525409300754	0.933613908007844	0.846931833058827	0.770282109610277	0.729842555514397	0.94459969105827	0.919270390934164	0.923487329602247	0.954095130386236	0.93327584445186	0.951057987063886	0.936875020322549	0.928698909570456	0.937685705917213	0.949834935088961	0.934181923095698	0.882123875170265	0.905058298405773	0.943370823164471	0.93951185949835	0.949164095845085	0.956326539893989	0.93825310570454	0.933244514643404	0.881665427325797	0.950129382899451	0.923339953353934	0.948648022866302	0.81742703579863	0.941418922762244	0.929538741328687	0.770557922163307	0.874819752501773	0.933115743968116	0.748454677171239	0.815746064439398	0.88746335403611	0.88974642766628	0.848857999843571	0.950482263055411	0.954953577755673	0.921314688204116	0.922086207861715	0.937220274412783	0.952589071225387	0.60008300981521	0.895919573677837	0.959315187377069	0.528142129517421	0.834299160594486	0.889654226210261	0.94496456761305	0.92621532141394	0.947394402280965	0.957344179261554	0.726521062648248	0.953835314315327	0.948979523998622	0.745161361928917	0.937372260711478	0.937331256321662	0.952912445476468	0.95468208721457	0.959392608657744	0.924208706708004	0.955653953129624	0.875426319216513	0.921188553571012	0.759827175971118	0.862532663478517	0.94984956363928	0.871577883049195	0.907090019157056	0.751246524448364	0.887313892311617	0.862479196359251	0.944022859938892
cg16713069	NA	NA	NA	NA	NA	NA	NA	NA	NA	NA	NA	NA	NA	NA	NA	NA	NA	NA	NA	NA	NA	NA	NA	NA	NA	NA	NA	NA	NA	NA	NA	NA	NA	NA	NA	NA	NA	NA	NA	NA	NA	NA	NA	NA	NA	NA	NA	NA	NA	NA	NA	NA	NA	NA	NA	NA	NA	NA	NA	NA	NA	NA	NA	NA	NA	NA	NA	NA	NA	NA	NA	NA	NA	NA	NA	NA	NA	NA	NA	NA	NA	NA	NA	NA	NA	NA	NA
cg16725552	NA	NA	NA	NA	NA	NA	NA	NA	NA	NA	NA	NA	NA	NA	NA	NA	NA	NA	NA	NA	NA	NA	NA	NA	NA	NA	NA	NA	NA	NA	NA	NA	NA	NA	NA	NA	NA	NA	NA	NA	NA	NA	NA	NA	NA	NA	NA	NA	NA	NA	NA	NA	NA	NA	NA	NA	NA	NA	NA	NA	NA	NA	NA	NA	NA	NA	NA	NA	NA	NA	NA	NA	NA	NA	NA	NA	NA	NA	NA	NA	NA	NA	NA	NA	NA	NA	NA
cg16739054	NA	NA	NA	NA	NA	NA	NA	NA	NA	NA	NA	NA	NA	NA	NA	NA	NA	NA	NA	NA	NA	NA	NA	NA	NA	NA	NA	NA	NA	NA	NA	NA	NA	NA	NA	NA	NA	NA	NA	NA	NA	NA	NA	NA	NA	NA	NA	NA	NA	NA	NA	NA	NA	NA	NA	NA	NA	NA	NA	NA	NA	NA	NA	NA	NA	NA	NA	NA	NA	NA	NA	NA	NA	NA	NA	NA	NA	NA	NA	NA	NA	NA	NA	NA	NA	NA	NA
cg16741463	NA	NA	NA	NA	NA	NA	NA	NA	NA	NA	NA	NA	NA	NA	NA	NA	NA	NA	NA	NA	NA	NA	NA	NA	NA	NA	NA	NA	NA	NA	NA	NA	NA	NA	NA	NA	NA	NA	NA	NA	NA	NA	NA	NA	NA	NA	NA	NA	NA	NA	NA	NA	NA	NA	NA	NA	NA	NA	NA	NA	NA	NA	NA	NA	NA	NA	NA	NA	NA	NA	NA	NA	NA	NA	NA	NA	NA	NA	NA	NA	NA	NA	NA	NA	NA	NA	NA
cg16780032	NA	NA	NA	NA	NA	NA	NA	NA	NA	NA	NA	NA	NA	NA	NA	NA	NA	NA	NA	NA	NA	NA	NA	NA	NA	NA	NA	NA	NA	NA	NA	NA	NA	NA	NA	NA	NA	NA	NA	NA	NA	NA	NA	NA	NA	NA	NA	NA	NA	NA	NA	NA	NA	NA	NA	NA	NA	NA	NA	NA	NA	NA	NA	NA	NA	NA	NA	NA	NA	NA	NA	NA	NA	NA	NA	NA	NA	NA	NA	NA	NA	NA	NA	NA	NA	NA	NA
cg16789902	NA	NA	NA	NA	NA	NA	NA	NA	NA	NA	NA	NA	NA	NA	NA	NA	NA	NA	NA	NA	NA	NA	NA	NA	NA	NA	NA	NA	NA	NA	NA	NA	NA	NA	NA	NA	NA	NA	NA	NA	NA	NA	NA	NA	NA	NA	NA	NA	NA	NA	NA	NA	NA	NA	NA	NA	NA	NA	NA	NA	NA	NA	NA	NA	NA	NA	NA	NA	NA	NA	NA	NA	NA	NA	NA	NA	NA	NA	NA	NA	NA	NA	NA	NA	NA	NA	NA
cg16790676	NA	NA	NA	NA	NA	NA	NA	NA	NA	NA	NA	NA	NA	NA	NA	NA	NA	NA	NA	NA	NA	NA	NA	NA	NA	NA	NA	NA	NA	NA	NA	NA	NA	NA	NA	NA	NA	NA	NA	NA	NA	NA	NA	NA	NA	NA	NA	NA	NA	NA	NA	NA	NA	NA	NA	NA	NA	NA	NA	NA	NA	NA	NA	NA	NA	NA	NA	NA	NA	NA	NA	NA	NA	NA	NA	NA	NA	NA	NA	NA	NA	NA	NA	NA	NA	NA	NA
cg16869809	0.824402757111209	0.887182051930406	0.589595124240127	0.773401528007757	0.903644614486342	0.888517648760375	0.885707160867831	0.759504189067095	0.411980292357655	0.844680885797162	0.777528604203585	0.827930737580203	0.733201432783819	0.711884706111766	0.752682748866289	0.86311398079131	0.919827674822876	0.712126760358389	0.823579336919257	0.832843210057632	0.687523790333644	0.896477721769293	0.723292798104652	0.858402800529151	0.89833337460585	0.889779674825172	0.793315703414192	0.873390822062055	0.679826274567931	0.898008581173121	0.633203338144783	0.870331851534235	0.825980247815519	0.892067593234947	0.796490931540073	0.538303075076466	0.904028126240615	0.929074885619999	0.474892939520243	0.923628887475772	0.881875280931896	0.873888329851257	0.893376302088367	0.676695576066776	0.908636655699175	0.888251538259929	0.873969090586974	0.843288955257624	0.902841113987311	0.88766563464584	0.932902380229511	0.877427517360174	0.621359263824309	0.883278125798548	0.848636470249768	0.641222229021975	0.769487070097211	0.892937923704807	0.933051100234096	0.56953322211454	0.888112842052879	0.937296912349962	0.919650814205439	0.889808328626334	0.776728943793641	0.895101200240325	0.836109836502519	0.825805599539139	0.468438647353674	0.913613576484622	0.796933262782541	0.9203033300498	0.856136412859893	0.908176207691909	0.85769185601973	0.898995508534842	0.709438679319886	0.914773335556352	0.76530339930255	0.60187021371301	0.873626427298319	0.879167458693261	0.920647576437803	0.901839746791342	0.696104624507279	0.912786590509605	0.847062501503484
cg16944496	NA	NA	NA	NA	NA	NA	NA	NA	NA	NA	NA	NA	NA	NA	NA	NA	NA	NA	NA	NA	NA	NA	NA	NA	NA	NA	NA	NA	NA	NA	NA	NA	NA	NA	NA	NA	NA	NA	NA	NA	NA	NA	NA	NA	NA	NA	NA	NA	NA	NA	NA	NA	NA	NA	NA	NA	NA	NA	NA	NA	NA	NA	NA	NA	NA	NA	NA	NA	NA	NA	NA	NA	NA	NA	NA	NA	NA	NA	NA	NA	NA	NA	NA	NA	NA	NA	NA
cg16952929	NA	NA	NA	NA	NA	NA	NA	NA	NA	NA	NA	NA	NA	NA	NA	NA	NA	NA	NA	NA	NA	NA	NA	NA	NA	NA	NA	NA	NA	NA	NA	NA	NA	NA	NA	NA	NA	NA	NA	NA	NA	NA	NA	NA	NA	NA	NA	NA	NA	NA	NA	NA	NA	NA	NA	NA	NA	NA	NA	NA	NA	NA	NA	NA	NA	NA	NA	NA	NA	NA	NA	NA	NA	NA	NA	NA	NA	NA	NA	NA	NA	NA	NA	NA	NA	NA	NA
cg17027033	NA	NA	NA	NA	NA	NA	NA	NA	NA	NA	NA	NA	NA	NA	NA	NA	NA	NA	NA	NA	NA	NA	NA	NA	NA	NA	NA	NA	NA	NA	NA	NA	NA	NA	NA	NA	NA	NA	NA	NA	NA	NA	NA	NA	NA	NA	NA	NA	NA	NA	NA	NA	NA	NA	NA	NA	NA	NA	NA	NA	NA	NA	NA	NA	NA	NA	NA	NA	NA	NA	NA	NA	NA	NA	NA	NA	NA	NA	NA	NA	NA	NA	NA	NA	NA	NA	NA
cg17051552	NA	NA	NA	NA	NA	NA	NA	NA	NA	NA	NA	NA	NA	NA	NA	NA	NA	NA	NA	NA	NA	NA	NA	NA	NA	NA	NA	NA	NA	NA	NA	NA	NA	NA	NA	NA	NA	NA	NA	NA	NA	NA	NA	NA	NA	NA	NA	NA	NA	NA	NA	NA	NA	NA	NA	NA	NA	NA	NA	NA	NA	NA	NA	NA	NA	NA	NA	NA	NA	NA	NA	NA	NA	NA	NA	NA	NA	NA	NA	NA	NA	NA	NA	NA	NA	NA	NA
cg17056317	NA	NA	NA	NA	NA	NA	NA	NA	NA	NA	NA	NA	NA	NA	NA	NA	NA	NA	NA	NA	NA	NA	NA	NA	NA	NA	NA	NA	NA	NA	NA	NA	NA	NA	NA	NA	NA	NA	NA	NA	NA	NA	NA	NA	NA	NA	NA	NA	NA	NA	NA	NA	NA	NA	NA	NA	NA	NA	NA	NA	NA	NA	NA	NA	NA	NA	NA	NA	NA	NA	NA	NA	NA	NA	NA	NA	NA	NA	NA	NA	NA	NA	NA	NA	NA	NA	NA
cg17063731	NA	NA	NA	NA	NA	NA	NA	NA	NA	NA	NA	NA	NA	NA	NA	NA	NA	NA	NA	NA	NA	NA	NA	NA	NA	NA	NA	NA	NA	NA	NA	NA	NA	NA	NA	NA	NA	NA	NA	NA	NA	NA	NA	NA	NA	NA	NA	NA	NA	NA	NA	NA	NA	NA	NA	NA	NA	NA	NA	NA	NA	NA	NA	NA	NA	NA	NA	NA	NA	NA	NA	NA	NA	NA	NA	NA	NA	NA	NA	NA	NA	NA	NA	NA	NA	NA	NA
cg17092860	NA	NA	NA	NA	NA	NA	NA	NA	NA	NA	NA	NA	NA	NA	NA	NA	NA	NA	NA	NA	NA	NA	NA	NA	NA	NA	NA	NA	NA	NA	NA	NA	NA	NA	NA	NA	NA	NA	NA	NA	NA	NA	NA	NA	NA	NA	NA	NA	NA	NA	NA	NA	NA	NA	NA	NA	NA	NA	NA	NA	NA	NA	NA	NA	NA	NA	NA	NA	NA	NA	NA	NA	NA	NA	NA	NA	NA	NA	NA	NA	NA	NA	NA	NA	NA	NA	NA
cg17132591	NA	NA	NA	NA	NA	NA	NA	NA	NA	NA	NA	NA	NA	NA	NA	NA	NA	NA	NA	NA	NA	NA	NA	NA	NA	NA	NA	NA	NA	NA	NA	NA	NA	NA	NA	NA	NA	NA	NA	NA	NA	NA	NA	NA	NA	NA	NA	NA	NA	NA	NA	NA	NA	NA	NA	NA	NA	NA	NA	NA	NA	NA	NA	NA	NA	NA	NA	NA	NA	NA	NA	NA	NA	NA	NA	NA	NA	NA	NA	NA	NA	NA	NA	NA	NA	NA	NA
cg17140133	NA	NA	NA	NA	NA	NA	NA	NA	NA	NA	NA	NA	NA	NA	NA	NA	NA	NA	NA	NA	NA	NA	NA	NA	NA	NA	NA	NA	NA	NA	NA	NA	NA	NA	NA	NA	NA	NA	NA	NA	NA	NA	NA	NA	NA	NA	NA	NA	NA	NA	NA	NA	NA	NA	NA	NA	NA	NA	NA	NA	NA	NA	NA	NA	NA	NA	NA	NA	NA	NA	NA	NA	NA	NA	NA	NA	NA	NA	NA	NA	NA	NA	NA	NA	NA	NA	NA
cg17146997	NA	NA	NA	NA	NA	NA	NA	NA	NA	NA	NA	NA	NA	NA	NA	NA	NA	NA	NA	NA	NA	NA	NA	NA	NA	NA	NA	NA	NA	NA	NA	NA	NA	NA	NA	NA	NA	NA	NA	NA	NA	NA	NA	NA	NA	NA	NA	NA	NA	NA	NA	NA	NA	NA	NA	NA	NA	NA	NA	NA	NA	NA	NA	NA	NA	NA	NA	NA	NA	NA	NA	NA	NA	NA	NA	NA	NA	NA	NA	NA	NA	NA	NA	NA	NA	NA	NA
cg17182464	NA	NA	NA	NA	NA	NA	NA	NA	NA	NA	NA	NA	NA	NA	NA	NA	NA	NA	NA	NA	NA	NA	NA	NA	NA	NA	NA	NA	NA	NA	NA	NA	NA	NA	NA	NA	NA	NA	NA	NA	NA	NA	NA	NA	NA	NA	NA	NA	NA	NA	NA	NA	NA	NA	NA	NA	NA	NA	NA	NA	NA	NA	NA	NA	NA	NA	NA	NA	NA	NA	NA	NA	NA	NA	NA	NA	NA	NA	NA	NA	NA	NA	NA	NA	NA	NA	NA
cg17210130	NA	NA	NA	NA	NA	NA	NA	NA	NA	NA	NA	NA	NA	NA	NA	NA	NA	NA	NA	NA	NA	NA	NA	NA	NA	NA	NA	NA	NA	NA	NA	NA	NA	NA	NA	NA	NA	NA	NA	NA	NA	NA	NA	NA	NA	NA	NA	NA	NA	NA	NA	NA	NA	NA	NA	NA	NA	NA	NA	NA	NA	NA	NA	NA	NA	NA	NA	NA	NA	NA	NA	NA	NA	NA	NA	NA	NA	NA	NA	NA	NA	NA	NA	NA	NA	NA	NA
cg17216266	0.895152881059673	0.915554819562662	0.878636829493897	0.902017526116921	0.915609545851575	0.867966520033999	0.909341498305826	0.933867835831712	0.925600119317083	0.90548349019417	0.89036226213666	0.841110236758617	0.860228947244187	0.929114497698572	0.812276978207113	0.895170272084568	0.848273502792127	0.891208242682278	0.886679986457654	0.924765790734029	0.935425308870596	0.817322673526379	0.931955957359085	0.912476133230124	0.873294464262381	0.926319186108056	0.901325697352478	0.916196014960979	0.907097827789214	0.93428144612038	0.929239789049958	0.875750327193255	0.929299182185728	0.900410568125919	0.787639314364391	0.808360769126489	0.800172807801649	0.956918493592167	0.915929136107107	0.783561991046025	0.928241953826368	0.88200578946534	0.930581550670284	0.922837314475111	0.900411027682581	0.926794828647209	0.896893830080782	0.896140334823885	0.902106851764833	0.881860537951523	0.929624297179141	0.881246415601865	0.916866867371395	0.872462058579286	0.902461328037407	0.903291494377932	0.882166997273462	0.905200783184666	0.871012596070608	0.895547840830249	0.906526421355747	0.920040441541094	0.859822099356802	0.830449692400273	0.938239556623956	0.904831930395948	0.929720317478652	0.891513766860316	0.886016499391601	0.850101042744567	0.918839270546128	0.939934581848289	0.869201914335595	0.866642490327827	0.907575159472215	0.948690150707887	0.828340356414758	0.924966671902947	0.886966839330298	0.915849058335146	0.918830197779963	0.929219610008986	0.920007962874078	0.881441643295631	0.853322906058087	0.875900588475075	0.940209396423194
cg17240701	NA	NA	NA	NA	NA	NA	NA	NA	NA	NA	NA	NA	NA	NA	NA	NA	NA	NA	NA	NA	NA	NA	NA	NA	NA	NA	NA	NA	NA	NA	NA	NA	NA	NA	NA	NA	NA	NA	NA	NA	NA	NA	NA	NA	NA	NA	NA	NA	NA	NA	NA	NA	NA	NA	NA	NA	NA	NA	NA	NA	NA	NA	NA	NA	NA	NA	NA	NA	NA	NA	NA	NA	NA	NA	NA	NA	NA	NA	NA	NA	NA	NA	NA	NA	NA	NA	NA
cg17272549	0.913656443251501	0.878750051535411	0.64105869972257	0.862114417613295	0.878988709055162	0.806346742967287	NA	0.849210805395496	0.901222706654044	0.880518134216746	0.807225522425034	NA	NA	0.907100616550801	NA	0.793002404196128	0.721818883220652	0.848211112240367	0.823162321449088	0.873623220200779	0.778290758994212	0.828473318908552	0.862300644353394	0.892951380508493	0.443442592831078	0.874826944773212	0.877812689428724	0.822326934307001	0.882184204075229	0.930306635518462	0.859176687281095	0.725929031667499	NA	0.876858778122411	0.739445602989847	0.830203803943552	0.776796173274982	0.907929555625332	0.866046516181941	0.213753876012518	0.851435303246839	0.810112045909256	NA	0.83240662527247	0.862304719853841	0.791805033050849	0.856199253295425	NA	0.838318117222161	0.850192000657966	0.792256659042909	0.767464331219145	0.837694354755819	NA	0.843469142798445	0.815602572279817	0.845382678251403	0.846315651829637	NA	0.80922687788328	0.843745547452271	0.673979177849725	NA	0.81443761191208	0.887583395987122	0.806539466226108	0.785437366709771	0.431481919565809	0.913013228186408	0.859248773316713	0.82977133585199	0.939249818074937	0.908721679411136	NA	0.852565808111908	NA	0.68792987875319	0.914678372492145	0.809159991167847	NA	0.881908073361308	0.922791790476513	0.831426795487475	0.866377829525281	NA	0.8004922389446	0.882397950272804
cg17273919	NA	NA	NA	NA	NA	NA	NA	NA	NA	NA	NA	NA	NA	NA	NA	NA	NA	NA	NA	NA	NA	NA	NA	NA	NA	NA	NA	NA	NA	NA	NA	NA	NA	NA	NA	NA	NA	NA	NA	NA	NA	NA	NA	NA	NA	NA	NA	NA	NA	NA	NA	NA	NA	NA	NA	NA	NA	NA	NA	NA	NA	NA	NA	NA	NA	NA	NA	NA	NA	NA	NA	NA	NA	NA	NA	NA	NA	NA	NA	NA	NA	NA	NA	NA	NA	NA	NA
cg17324339	NA	NA	NA	NA	NA	NA	NA	NA	NA	NA	NA	NA	NA	NA	NA	NA	NA	NA	NA	NA	NA	NA	NA	NA	NA	NA	NA	NA	NA	NA	NA	NA	NA	NA	NA	NA	NA	NA	NA	NA	NA	NA	NA	NA	NA	NA	NA	NA	NA	NA	NA	NA	NA	NA	NA	NA	NA	NA	NA	NA	NA	NA	NA	NA	NA	NA	NA	NA	NA	NA	NA	NA	NA	NA	NA	NA	NA	NA	NA	NA	NA	NA	NA	NA	NA	NA	NA
cg17333139	NA	NA	NA	NA	NA	NA	NA	NA	NA	NA	NA	NA	NA	NA	NA	NA	NA	NA	NA	NA	NA	NA	NA	NA	NA	NA	NA	NA	NA	NA	NA	NA	NA	NA	NA	NA	NA	NA	NA	NA	NA	NA	NA	NA	NA	NA	NA	NA	NA	NA	NA	NA	NA	NA	NA	NA	NA	NA	NA	NA	NA	NA	NA	NA	NA	NA	NA	NA	NA	NA	NA	NA	NA	NA	NA	NA	NA	NA	NA	NA	NA	NA	NA	NA	NA	NA	NA
cg17365377	NA	NA	NA	NA	NA	NA	NA	NA	NA	NA	NA	NA	NA	NA	NA	NA	NA	NA	NA	NA	NA	NA	NA	NA	NA	NA	NA	NA	NA	NA	NA	NA	NA	NA	NA	NA	NA	NA	NA	NA	NA	NA	NA	NA	NA	NA	NA	NA	NA	NA	NA	NA	NA	NA	NA	NA	NA	NA	NA	NA	NA	NA	NA	NA	NA	NA	NA	NA	NA	NA	NA	NA	NA	NA	NA	NA	NA	NA	NA	NA	NA	NA	NA	NA	NA	NA	NA
cg17367457	NA	NA	NA	NA	NA	NA	NA	NA	NA	NA	NA	NA	NA	NA	NA	NA	NA	NA	NA	NA	NA	NA	NA	NA	NA	NA	NA	NA	NA	NA	NA	NA	NA	NA	NA	NA	NA	NA	NA	NA	NA	NA	NA	NA	NA	NA	NA	NA	NA	NA	NA	NA	NA	NA	NA	NA	NA	NA	NA	NA	NA	NA	NA	NA	NA	NA	NA	NA	NA	NA	NA	NA	NA	NA	NA	NA	NA	NA	NA	NA	NA	NA	NA	NA	NA	NA	NA
cg17440987	NA	NA	NA	NA	NA	NA	NA	NA	NA	NA	NA	NA	NA	NA	NA	NA	NA	NA	NA	NA	NA	NA	NA	NA	NA	NA	NA	NA	NA	NA	NA	NA	NA	NA	NA	NA	NA	NA	NA	NA	NA	NA	NA	NA	NA	NA	NA	NA	NA	NA	NA	NA	NA	NA	NA	NA	NA	NA	NA	NA	NA	NA	NA	NA	NA	NA	NA	NA	NA	NA	NA	NA	NA	NA	NA	NA	NA	NA	NA	NA	NA	NA	NA	NA	NA	NA	NA
cg17447300	NA	NA	NA	NA	NA	NA	NA	NA	NA	NA	NA	NA	NA	NA	NA	NA	NA	NA	NA	NA	NA	NA	NA	NA	NA	NA	NA	NA	NA	NA	NA	NA	NA	NA	NA	NA	NA	NA	NA	NA	NA	NA	NA	NA	NA	NA	NA	NA	NA	NA	NA	NA	NA	NA	NA	NA	NA	NA	NA	NA	NA	NA	NA	NA	NA	NA	NA	NA	NA	NA	NA	NA	NA	NA	NA	NA	NA	NA	NA	NA	NA	NA	NA	NA	NA	NA	NA
cg17463277	0.371486324959696	0.835174101240419	0.471294748187798	0.720815171343355	0.818133023986729	0.765561427354083	0.806965496284142	0.785128501356954	0.568857778202593	0.829207940401168	0.733337530820153	0.743072047235324	0.781049375422823	0.84059855090206	0.687170496547445	0.690638434876096	0.642750424660507	0.804366465649876	0.659334339886383	0.815845351050909	0.857473901766322	0.719395852716738	0.770969038848861	0.216938361468392	0.861557920544906	0.82098170755033	0.815733933315586	0.771894116409754	0.554727013137503	0.846822025947232	0.798087547373629	0.773889854339274	0.808745080403113	0.54905669432578	0.549633261061276	0.575548468486671	0.691074119608124	0.857342701677943	0.615590076780613	0.715489132790714	0.819052817698203	0.75167637462764	0.764931917333963	0.844895947846135	0.796364257718912	0.79540183559727	0.782448244917613	0.776780846585157	0.801047470643425	0.718092093061135	0.839924011336592	0.790961301596282	0.653207894355935	0.747618519390021	0.780560738691841	0.623625212437933	0.762390050803207	0.805253661346547	0.675772241104483	0.751981234445386	0.8112212218107	0.853647884173094	0.81278490385176	0.728954209524972	0.81232390558533	0.734575005646884	0.845877880409601	0.775715090607085	0.785679431019547	0.797888553384175	0.796519900870256	0.815470953837572	0.734797849185056	0.819954720761852	0.685273427962657	0.775390125269916	0.578396817131421	0.835667912233718	0.697936219029084	0.690628173682409	0.834550707192963	0.836242473953585	0.83401665227371	0.828759068267164	0.579385261662022	0.635765257589949	0.80568263151337
cg17482273	NA	NA	NA	NA	NA	NA	NA	NA	NA	NA	NA	NA	NA	NA	NA	NA	NA	NA	NA	NA	NA	NA	NA	NA	NA	NA	NA	NA	NA	NA	NA	NA	NA	NA	NA	NA	NA	NA	NA	NA	NA	NA	NA	NA	NA	NA	NA	NA	NA	NA	NA	NA	NA	NA	NA	NA	NA	NA	NA	NA	NA	NA	NA	NA	NA	NA	NA	NA	NA	NA	NA	NA	NA	NA	NA	NA	NA	NA	NA	NA	NA	NA	NA	NA	NA	NA	NA
cg17489282	NA	NA	NA	NA	NA	NA	NA	NA	NA	NA	NA	NA	NA	NA	NA	NA	NA	NA	NA	NA	NA	NA	NA	NA	NA	NA	NA	NA	NA	NA	NA	NA	NA	NA	NA	NA	NA	NA	NA	NA	NA	NA	NA	NA	NA	NA	NA	NA	NA	NA	NA	NA	NA	NA	NA	NA	NA	NA	NA	NA	NA	NA	NA	NA	NA	NA	NA	NA	NA	NA	NA	NA	NA	NA	NA	NA	NA	NA	NA	NA	NA	NA	NA	NA	NA	NA	NA
cg17521526	NA	NA	NA	NA	NA	NA	NA	NA	NA	NA	NA	NA	NA	NA	NA	NA	NA	NA	NA	NA	NA	NA	NA	NA	NA	NA	NA	NA	NA	NA	NA	NA	NA	NA	NA	NA	NA	NA	NA	NA	NA	NA	NA	NA	NA	NA	NA	NA	NA	NA	NA	NA	NA	NA	NA	NA	NA	NA	NA	NA	NA	NA	NA	NA	NA	NA	NA	NA	NA	NA	NA	NA	NA	NA	NA	NA	NA	NA	NA	NA	NA	NA	NA	NA	NA	NA	NA
cg17585181	NA	NA	NA	NA	NA	NA	NA	NA	NA	NA	NA	NA	NA	NA	NA	NA	NA	NA	NA	NA	NA	NA	NA	NA	NA	NA	NA	NA	NA	NA	NA	NA	NA	NA	NA	NA	NA	NA	NA	NA	NA	NA	NA	NA	NA	NA	NA	NA	NA	NA	NA	NA	NA	NA	NA	NA	NA	NA	NA	NA	NA	NA	NA	NA	NA	NA	NA	NA	NA	NA	NA	NA	NA	NA	NA	NA	NA	NA	NA	NA	NA	NA	NA	NA	NA	NA	NA
cg17592693	NA	NA	NA	NA	NA	NA	NA	NA	NA	NA	NA	NA	NA	NA	NA	NA	NA	NA	NA	NA	NA	NA	NA	NA	NA	NA	NA	NA	NA	NA	NA	NA	NA	NA	NA	NA	NA	NA	NA	NA	NA	NA	NA	NA	NA	NA	NA	NA	NA	NA	NA	NA	NA	NA	NA	NA	NA	NA	NA	NA	NA	NA	NA	NA	NA	NA	NA	NA	NA	NA	NA	NA	NA	NA	NA	NA	NA	NA	NA	NA	NA	NA	NA	NA	NA	NA	NA
cg17613911	NA	NA	NA	NA	NA	NA	NA	NA	NA	NA	NA	NA	NA	NA	NA	NA	NA	NA	NA	NA	NA	NA	NA	NA	NA	NA	NA	NA	NA	NA	NA	NA	NA	NA	NA	NA	NA	NA	NA	NA	NA	NA	NA	NA	NA	NA	NA	NA	NA	NA	NA	NA	NA	NA	NA	NA	NA	NA	NA	NA	NA	NA	NA	NA	NA	NA	NA	NA	NA	NA	NA	NA	NA	NA	NA	NA	NA	NA	NA	NA	NA	NA	NA	NA	NA	NA	NA
cg17639413	0.892334781941637	0.935806354054064	0.878399316925807	0.772162826172655	0.511918657751321	0.40884631850224	0.93633120513419	0.907219864249084	0.715406878284555	0.895438360150529	0.854212448755292	0.532386968986832	0.88369360680633	0.907616331770379	0.867332539881322	0.886009417869997	0.867462349873702	0.75394954029568	0.92496502348133	0.933892498204417	0.896877203655238	0.891225699946054	0.907536959051428	0.874367900502342	0.919199110045536	0.936808394674081	0.92008161313652	0.898442464904576	0.909541140490745	0.931769778970039	0.908219812827875	0.95487163926466	0.673126971520152	0.932352506340864	0.700911340672616	0.867111483333124	0.820874020854457	0.709128126677805	0.801033590194123	0.85897925601142	0.870304954079442	0.901424359826761	0.450365747762907	0.922294976934954	0.744406054918744	0.814800327457455	0.927648833890266	0.934669621436997	0.944204909784859	0.902459000020905	0.950151544716595	0.946779014643093	0.884831573423873	0.936332840086822	0.834996953367116	0.957384011764877	0.886031629926556	0.938268230677567	0.48561789888609	0.951059416467963	0.904650161993534	0.811837014076549	0.93543585892302	0.846568653862381	0.909643394690652	0.518461877502123	0.92995971938982	0.902938168045216	0.855351395136611	0.943192756565438	0.892630796886319	0.926185201102812	0.958911923846444	0.853498547178253	0.889867163000962	0.944032226554822	0.83911008659283	0.922671815709596	0.946421208336752	0.865190214084987	0.921182090382102	0.953085150891686	0.937753081354186	0.894009946180705	0.754854145844009	0.919849053982778	0.931475876987432
cg17651095	NA	NA	NA	NA	NA	NA	NA	NA	NA	NA	NA	NA	NA	NA	NA	NA	NA	NA	NA	NA	NA	NA	NA	NA	NA	NA	NA	NA	NA	NA	NA	NA	NA	NA	NA	NA	NA	NA	NA	NA	NA	NA	NA	NA	NA	NA	NA	NA	NA	NA	NA	NA	NA	NA	NA	NA	NA	NA	NA	NA	NA	NA	NA	NA	NA	NA	NA	NA	NA	NA	NA	NA	NA	NA	NA	NA	NA	NA	NA	NA	NA	NA	NA	NA	NA	NA	NA
cg17659797	0.686119193839866	0.816093092811943	0.921334859264495	0.897964845641954	0.645121212793745	0.78435440435499	0.895447302851431	0.909750509666285	0.486010613341732	0.758538863250004	0.624710593265695	0.872156196382984	0.788844676445425	0.606004090872018	0.848287508722117	0.855361650494163	0.915091768372584	0.790868485729533	0.775218562123415	0.912971899065275	0.902535334633644	0.877853993653892	0.810299557820987	0.896690532857066	0.933366219701478	0.792206737873418	0.854754713771487	0.913050611981594	0.90665138067791	0.924117410758003	0.799702164753018	0.879256780928194	0.838520752870128	0.88958789553868	0.913211542918337	0.919274112208792	0.851608689648782	0.924607025303353	0.766867540371203	0.861999511982737	0.838647940771352	0.801581204486573	0.845455784167976	0.865982090439378	0.836591879543596	0.879349989172393	0.825895566376368	0.904650303465258	0.925246658389446	0.866699577677027	0.642765788633658	0.86373991231961	0.858451225906246	0.912767266900995	0.888530084773492	0.861630533279581	0.923369913244387	0.924953056832319	0.507849145854995	0.890941660961255	0.876564763646464	0.9000469868335	0.887585785689518	0.925118692077196	0.919785919031053	0.570285586941634	0.92837652230366	0.91934166824045	0.886720151825275	0.917891806391753	0.87821479386037	0.89617820749795	0.680245562112432	0.901448590244033	0.882962381348114	0.921516432527646	0.80356680912108	0.881924417590436	0.819249311019257	0.879671571535415	0.914965397604783	0.899697617721727	0.876389074609521	0.92368814106759	0.920944683730291	0.647126512206407	0.757588984455301
cg17727418	NA	NA	NA	NA	NA	NA	NA	NA	NA	NA	NA	NA	NA	NA	NA	NA	NA	NA	NA	NA	NA	NA	NA	NA	NA	NA	NA	NA	NA	NA	NA	NA	NA	NA	NA	NA	NA	NA	NA	NA	NA	NA	NA	NA	NA	NA	NA	NA	NA	NA	NA	NA	NA	NA	NA	NA	NA	NA	NA	NA	NA	NA	NA	NA	NA	NA	NA	NA	NA	NA	NA	NA	NA	NA	NA	NA	NA	NA	NA	NA	NA	NA	NA	NA	NA	NA	NA
cg17732646	0.67727798806534	0.951272952184834	0.947931356530241	0.94387480708825	0.939785260895516	0.923747942948252	0.930684639568827	0.933734494030456	0.94687422941165	0.946292839680522	0.924254777222037	0.925590155918158	0.951908257421251	0.955487687160223	0.933896952737687	0.925587080257319	0.947108992974958	0.943272885786517	0.923347254937814	0.951468035498949	0.79334540463497	0.927779614897056	0.943096815386897	0.93641540138004	0.948239430223931	0.950619898196471	0.937604503494513	0.927100680104116	0.923073680225103	0.954490398248989	0.950047699467691	0.936940594070736	0.951473461927179	0.943716980452541	0.911603550727388	0.935843492836342	0.938844732671918	0.94099543524944	0.855548941023823	0.946833569302119	0.946512111147942	0.95174119421158	0.949479744088666	0.939822539153942	0.955514873369802	0.955631919699036	0.947454817742443	0.919644878754531	0.943940253876778	0.947772795852325	0.956857395486994	0.937004261023596	0.945480998331358	0.935605251127623	0.946207819886234	0.944521348977617	0.926112918070612	0.920151389725997	0.955422897625466	0.932127254124321	0.939255360279108	0.940331829827874	0.916921044584369	0.875719819709081	0.957501652775421	0.935701093238922	0.958068159590691	0.942565465159304	0.96004678397658	0.916829531762755	0.940249683509692	0.952370154966254	0.946420379063391	0.950483622427536	0.949074083907493	0.940168635427	0.916659915581485	0.951161235224452	0.943921126412787	0.942982902206886	0.946370149286889	0.943862979639583	0.95360915778842	0.920713906817697	0.949939583288631	0.935961554112374	0.939040826157139
cg17857642	NA	NA	NA	NA	NA	NA	NA	NA	NA	NA	NA	NA	NA	NA	NA	NA	NA	NA	NA	NA	NA	NA	NA	NA	NA	NA	NA	NA	NA	NA	NA	NA	NA	NA	NA	NA	NA	NA	NA	NA	NA	NA	NA	NA	NA	NA	NA	NA	NA	NA	NA	NA	NA	NA	NA	NA	NA	NA	NA	NA	NA	NA	NA	NA	NA	NA	NA	NA	NA	NA	NA	NA	NA	NA	NA	NA	NA	NA	NA	NA	NA	NA	NA	NA	NA	NA	NA
cg17862146	NA	NA	NA	NA	NA	NA	NA	NA	NA	NA	NA	NA	NA	NA	NA	NA	NA	NA	NA	NA	NA	NA	NA	NA	NA	NA	NA	NA	NA	NA	NA	NA	NA	NA	NA	NA	NA	NA	NA	NA	NA	NA	NA	NA	NA	NA	NA	NA	NA	NA	NA	NA	NA	NA	NA	NA	NA	NA	NA	NA	NA	NA	NA	NA	NA	NA	NA	NA	NA	NA	NA	NA	NA	NA	NA	NA	NA	NA	NA	NA	NA	NA	NA	NA	NA	NA	NA
cg17900273	NA	NA	NA	NA	NA	NA	NA	NA	NA	NA	NA	NA	NA	NA	NA	NA	NA	NA	NA	NA	NA	NA	NA	NA	NA	NA	NA	NA	NA	NA	NA	NA	NA	NA	NA	NA	NA	NA	NA	NA	NA	NA	NA	NA	NA	NA	NA	NA	NA	NA	NA	NA	NA	NA	NA	NA	NA	NA	NA	NA	NA	NA	NA	NA	NA	NA	NA	NA	NA	NA	NA	NA	NA	NA	NA	NA	NA	NA	NA	NA	NA	NA	NA	NA	NA	NA	NA
cg17917920	NA	NA	NA	NA	NA	NA	NA	NA	NA	NA	NA	NA	NA	NA	NA	NA	NA	NA	NA	NA	NA	NA	NA	NA	NA	NA	NA	NA	NA	NA	NA	NA	NA	NA	NA	NA	NA	NA	NA	NA	NA	NA	NA	NA	NA	NA	NA	NA	NA	NA	NA	NA	NA	NA	NA	NA	NA	NA	NA	NA	NA	NA	NA	NA	NA	NA	NA	NA	NA	NA	NA	NA	NA	NA	NA	NA	NA	NA	NA	NA	NA	NA	NA	NA	NA	NA	NA
cg17935214	0.808347235791817	0.777689820834086	0.739745324579016	0.741910111757556	0.668087546859163	0.486503439444689	0.704781400098151	0.805497006232861	0.24019818294297	0.78882488265304	0.616986986912769	0.426214815920265	0.704581003709709	0.750971899487092	0.619873867311219	0.558664653663936	0.652076068364232	0.759196535812444	0.658352425327274	0.564731431971902	0.464652845563348	0.698140237692605	0.491145134631268	0.605952408085084	0.770430349564496	0.7227527645165	0.732586009515228	0.471609401248434	0.738856700005374	0.763657471429061	0.724205092874929	0.692912313645875	0.702137830114196	0.674661983850595	0.748698867312618	0.604765276314763	0.655080228154582	0.826766430711008	0.686215257872845	0.785795120867145	0.44302460968752	0.635353966138233	0.700488443081858	0.599901077428012	0.584791043886057	0.409503784760728	0.583328809452226	0.659494512025179	0.699354534976372	0.658610624415575	0.794979900675971	0.460616460700189	0.604669093725772	0.681593842364397	0.794139390943292	0.742976028756293	0.641515987934173	0.720591644503896	0.359665216134388	0.698814132907662	0.41296436261736	0.846350049721293	0.8202794629364	0.643201953493905	0.772184708600266	0.392388153877334	0.833569759142865	0.667478361330798	0.38959923412936	0.787204725423504	0.6191817409496	0.763129739801523	0.756208713029743	0.75848594153366	0.625238189397447	0.711384157878246	0.568692941276035	0.681591771817244	0.535094405940338	0.667036526887873	0.761552510038444	0.731528486727202	0.760979794504464	0.724872303593835	0.671335316703998	0.662648771100805	0.586786314272383
cg17947225	NA	NA	NA	NA	NA	NA	NA	NA	NA	NA	NA	NA	NA	NA	NA	NA	NA	NA	NA	NA	NA	NA	NA	NA	NA	NA	NA	NA	NA	NA	NA	NA	NA	NA	NA	NA	NA	NA	NA	NA	NA	NA	NA	NA	NA	NA	NA	NA	NA	NA	NA	NA	NA	NA	NA	NA	NA	NA	NA	NA	NA	NA	NA	NA	NA	NA	NA	NA	NA	NA	NA	NA	NA	NA	NA	NA	NA	NA	NA	NA	NA	NA	NA	NA	NA	NA	NA
cg17967453	NA	NA	NA	NA	NA	NA	NA	NA	NA	NA	NA	NA	NA	NA	NA	NA	NA	NA	NA	NA	NA	NA	NA	NA	NA	NA	NA	NA	NA	NA	NA	NA	NA	NA	NA	NA	NA	NA	NA	NA	NA	NA	NA	NA	NA	NA	NA	NA	NA	NA	NA	NA	NA	NA	NA	NA	NA	NA	NA	NA	NA	NA	NA	NA	NA	NA	NA	NA	NA	NA	NA	NA	NA	NA	NA	NA	NA	NA	NA	NA	NA	NA	NA	NA	NA	NA	NA
cg18030084	NA	NA	NA	NA	NA	NA	NA	NA	NA	NA	NA	NA	NA	NA	NA	NA	NA	NA	NA	NA	NA	NA	NA	NA	NA	NA	NA	NA	NA	NA	NA	NA	NA	NA	NA	NA	NA	NA	NA	NA	NA	NA	NA	NA	NA	NA	NA	NA	NA	NA	NA	NA	NA	NA	NA	NA	NA	NA	NA	NA	NA	NA	NA	NA	NA	NA	NA	NA	NA	NA	NA	NA	NA	NA	NA	NA	NA	NA	NA	NA	NA	NA	NA	NA	NA	NA	NA
cg18047609	0.598812796315599	0.492009202473428	0.80389107066444	0.375301240692896	0.596410769084042	0.527320904510066	0.682910547546612	0.699196273488298	0.773765851575268	0.710700364237404	0.580610653218358	0.694918741176906	NA	0.404387859424614	0.731725055819921	0.848817205608356	0.868962556333595	0.714332684929966	0.628894848281728	0.555596603198901	0.86880008460967	0.792467574727156	0.589951252525528	0.812180709452293	0.603215945920022	0.625321185439479	0.424036702016937	0.674667333230326	0.909461322261207	NA	0.711592231007239	0.372735265434446	0.505986614593043	0.453785163667695	0.74113928393488	0.749971921721503	0.690401864988793	0.479137235834005	0.731215047686715	0.646761856679628	0.796758873266188	0.648942030382	0.427562464741115	0.56012242075897	0.557114018514558	0.709715065519401	NA	0.813073821672876	0.833093938135103	0.750262028958609	0.396148421442599	0.709660685730175	0.705151713905079	0.627212900706947	0.661077951177266	0.887405364474683	0.480101958606821	0.568834093487405	0.511052262322078	NA	NA	0.458804937334496	0.663057472984355	0.90740437407497	0.928104326585613	NA	0.645623974382278	0.837113516781635	0.324807635615677	0.81176404432154	0.78722636624757	0.434610232690024	0.666067928743064	0.655526481215471	0.680494228254807	0.677088536786428	0.729754423673367	0.410944121650904	0.459823635461642	0.441329200816904	0.692096301955768	0.561669052637565	0.510723575867922	0.399250101158619	0.886865886853999	0.700387794581598	0.25140139084521
cg18067665	NA	NA	NA	NA	NA	NA	NA	NA	NA	NA	NA	NA	NA	NA	NA	NA	NA	NA	NA	NA	NA	NA	NA	NA	NA	NA	NA	NA	NA	NA	NA	NA	NA	NA	NA	NA	NA	NA	NA	NA	NA	NA	NA	NA	NA	NA	NA	NA	NA	NA	NA	NA	NA	NA	NA	NA	NA	NA	NA	NA	NA	NA	NA	NA	NA	NA	NA	NA	NA	NA	NA	NA	NA	NA	NA	NA	NA	NA	NA	NA	NA	NA	NA	NA	NA	NA	NA
cg18070057	NA	NA	NA	NA	NA	NA	NA	NA	NA	NA	NA	NA	NA	NA	NA	NA	NA	NA	NA	NA	NA	NA	NA	NA	NA	NA	NA	NA	NA	NA	NA	NA	NA	NA	NA	NA	NA	NA	NA	NA	NA	NA	NA	NA	NA	NA	NA	NA	NA	NA	NA	NA	NA	NA	NA	NA	NA	NA	NA	NA	NA	NA	NA	NA	NA	NA	NA	NA	NA	NA	NA	NA	NA	NA	NA	NA	NA	NA	NA	NA	NA	NA	NA	NA	NA	NA	NA
cg18086868	0.317570714940699	0.697796521810255	0.35611667378912	0.872351318870059	0.435303486949833	0.245963710085271	0.399775775048081	0.53359570786638	0.11752481637573	0.46199868439763	0.404333633535983	0.772832011097989	0.383349413886679	0.441754632770051	0.419144929276361	0.704317944687047	0.64391070317722	0.416796189211606	0.295753821880986	0.82818075529922	0.384164422183757	0.615153959497118	0.8110169031699	0.525362528486034	0.516086203846221	0.765832813808691	0.670979530642719	0.723948068804183	0.55547866561993	0.929707412331182	0.678699996668773	0.556203798507125	0.339644622446725	0.152876489465978	0.477008636749005	0.4905684305838	0.605994585062739	0.192726818334945	0.467793128689503	0.573427931858547	0.676987283604953	0.648372529202204	0.501085890678774	0.70858006257407	0.407783710567514	0.616567191142054	0.823587346803361	0.517650455716505	0.70144473325316	0.711195586083517	0.637245062412522	0.704802576762388	0.352440241156513	0.507400142549942	0.71289818622153	0.63247898220949	0.901321397345977	0.778703438695812	0.188392161457373	0.817790578722597	0.463834119826267	0.273827019898406	0.840125913918047	0.454921463106069	0.589179455825535	0.151339808035089	0.216662041020887	0.659998660083704	0.421546386626722	0.607806368350811	0.728596557615288	0.924669062235084	0.838234468808542	0.590559402861718	0.719700593625624	0.195853290105655	0.372616516821538	0.894895728809334	0.359662535330534	0.110689909282105	0.755161308760168	0.788496200477686	0.522146398383387	0.717422813783728	0.597810462616016	0.529294010733785	0.493900309775363
cg18105665	0.922684483300608	0.944173356912042	0.947646452088737	0.938314178410882	0.929569567991277	0.871218075505904	0.934338978767785	0.950472178247866	0.954100655109798	0.577285777087102	0.927144771407126	0.950434090761379	0.933430598241423	0.947026503954786	0.947811897218299	0.928491684014372	0.92622871956219	0.961344382407821	0.948887899695068	0.896561981663857	0.93975371057065	0.946545286836354	0.904993715951964	0.913185731274929	0.944913515664837	0.958352260464582	0.929826841898483	0.959555702313576	0.956109569273577	0.927251155455918	0.95166964881225	0.947881840115004	0.945201681051042	0.940190771007456	0.904911883230221	0.941849904313045	0.905341542025772	0.964822745328139	0.860251417721944	0.958144853194102	0.953887780083406	0.932814168064728	0.915916123938853	0.943092723504763	0.935190588565889	0.951763382183682	0.931867069497847	0.919455311221559	0.954727148705888	0.941942508376013	0.961053613716954	0.921973620228905	0.941631377563083	0.90530832483464	0.943435962003316	0.95311513328871	0.926735392147255	0.954006776084553	0.908869869970553	0.942225780403251	0.938618974028834	0.948292079140438	0.931909128118783	0.933500582188892	0.9515282179248	0.958073877122866	0.929214342348436	0.95698488975192	0.931371528774103	0.943957350629467	0.929599997722508	0.963860187199047	0.921439739389444	0.939304911181362	0.946914128111249	0.945738958994581	0.903816887043079	0.941200643266887	0.950069748324754	0.942572068530075	0.92777318767698	0.936739691264727	0.948978264536885	0.950489907678929	0.945144154875227	0.949114132677672	0.925167772964863
cg18140324	NA	NA	NA	NA	NA	NA	NA	NA	NA	NA	NA	NA	NA	NA	NA	NA	NA	NA	NA	NA	NA	NA	NA	NA	NA	NA	NA	NA	NA	NA	NA	NA	NA	NA	NA	NA	NA	NA	NA	NA	NA	NA	NA	NA	NA	NA	NA	NA	NA	NA	NA	NA	NA	NA	NA	NA	NA	NA	NA	NA	NA	NA	NA	NA	NA	NA	NA	NA	NA	NA	NA	NA	NA	NA	NA	NA	NA	NA	NA	NA	NA	NA	NA	NA	NA	NA	NA
cg18143116	NA	NA	NA	NA	NA	NA	NA	NA	NA	NA	NA	NA	NA	NA	NA	NA	NA	NA	NA	NA	NA	NA	NA	NA	NA	NA	NA	NA	NA	NA	NA	NA	NA	NA	NA	NA	NA	NA	NA	NA	NA	NA	NA	NA	NA	NA	NA	NA	NA	NA	NA	NA	NA	NA	NA	NA	NA	NA	NA	NA	NA	NA	NA	NA	NA	NA	NA	NA	NA	NA	NA	NA	NA	NA	NA	NA	NA	NA	NA	NA	NA	NA	NA	NA	NA	NA	NA
cg18183019	NA	NA	NA	NA	NA	NA	NA	NA	NA	NA	NA	NA	NA	NA	NA	NA	NA	NA	NA	NA	NA	NA	NA	NA	NA	NA	NA	NA	NA	NA	NA	NA	NA	NA	NA	NA	NA	NA	NA	NA	NA	NA	NA	NA	NA	NA	NA	NA	NA	NA	NA	NA	NA	NA	NA	NA	NA	NA	NA	NA	NA	NA	NA	NA	NA	NA	NA	NA	NA	NA	NA	NA	NA	NA	NA	NA	NA	NA	NA	NA	NA	NA	NA	NA	NA	NA	NA
cg18193230	NA	NA	NA	NA	NA	NA	NA	NA	NA	NA	NA	NA	NA	NA	NA	NA	NA	NA	NA	NA	NA	NA	NA	NA	NA	NA	NA	NA	NA	NA	NA	NA	NA	NA	NA	NA	NA	NA	NA	NA	NA	NA	NA	NA	NA	NA	NA	NA	NA	NA	NA	NA	NA	NA	NA	NA	NA	NA	NA	NA	NA	NA	NA	NA	NA	NA	NA	NA	NA	NA	NA	NA	NA	NA	NA	NA	NA	NA	NA	NA	NA	NA	NA	NA	NA	NA	NA
cg18221988	NA	NA	NA	NA	NA	NA	NA	NA	NA	NA	NA	NA	NA	NA	NA	NA	NA	NA	NA	NA	NA	NA	NA	NA	NA	NA	NA	NA	NA	NA	NA	NA	NA	NA	NA	NA	NA	NA	NA	NA	NA	NA	NA	NA	NA	NA	NA	NA	NA	NA	NA	NA	NA	NA	NA	NA	NA	NA	NA	NA	NA	NA	NA	NA	NA	NA	NA	NA	NA	NA	NA	NA	NA	NA	NA	NA	NA	NA	NA	NA	NA	NA	NA	NA	NA	NA	NA
cg18274510	0.834112623989838	0.776220187586034	0.942586958193923	0.92959447318927	0.846870893753061	0.823801063969418	0.912411360725261	0.857449128547423	0.948582103150311	0.785349084984987	0.770632892969958	0.907420942886377	0.930828349054525	0.903839281270266	0.708202664252782	0.881578171861717	0.899029250407709	0.912489483730334	0.939210429759931	0.772308473793522	0.869216978162091	0.882838088919035	0.808880204669545	0.780221270478611	0.905057910675126	0.830639719684841	0.87335045031838	0.903278741298333	0.927214955149278	0.941578353151145	0.86594531327706	0.881297531271221	0.90951988666491	0.38631721955618	0.887180166461355	0.86250352785495	0.890834008355267	0.887675923069639	0.547067915314269	0.590427159802467	0.818995237224404	0.86160441949451	0.916353490609041	0.899314503653834	0.904177951207817	0.927924744403461	0.747966982939458	0.911505975076768	0.818774887796447	0.900848039339011	0.90198354243745	0.928527682311482	0.828392950816238	0.935487266736254	0.788880212578682	0.933198228750776	0.91785353507649	0.920239414866872	0.918979575898852	0.824388919057094	0.788516665085171	0.904302761905051	0.849451104501069	0.931153701076594	0.651477305341414	0.939301106216531	0.921440756709915	0.892730234345776	0.885913964474817	0.867861303042771	0.917050038691298	0.832270481717283	0.904602323888002	0.894582869011848	0.799062978390274	0.887459603161186	0.856098719658634	0.874034815798208	0.922542089903732	0.882499546552289	0.88956944555691	0.66846675382897	0.924413401194222	0.819875551895263	0.795043366235026	0.953276850485833	0.839281798626818
cg18274732	NA	NA	NA	NA	NA	NA	NA	NA	NA	NA	NA	NA	NA	NA	NA	NA	NA	NA	NA	NA	NA	NA	NA	NA	NA	NA	NA	NA	NA	NA	NA	NA	NA	NA	NA	NA	NA	NA	NA	NA	NA	NA	NA	NA	NA	NA	NA	NA	NA	NA	NA	NA	NA	NA	NA	NA	NA	NA	NA	NA	NA	NA	NA	NA	NA	NA	NA	NA	NA	NA	NA	NA	NA	NA	NA	NA	NA	NA	NA	NA	NA	NA	NA	NA	NA	NA	NA
cg18275339	NA	NA	NA	NA	NA	NA	NA	NA	NA	NA	NA	NA	NA	NA	NA	NA	NA	NA	NA	NA	NA	NA	NA	NA	NA	NA	NA	NA	NA	NA	NA	NA	NA	NA	NA	NA	NA	NA	NA	NA	NA	NA	NA	NA	NA	NA	NA	NA	NA	NA	NA	NA	NA	NA	NA	NA	NA	NA	NA	NA	NA	NA	NA	NA	NA	NA	NA	NA	NA	NA	NA	NA	NA	NA	NA	NA	NA	NA	NA	NA	NA	NA	NA	NA	NA	NA	NA
cg18296448	NA	NA	NA	NA	NA	NA	NA	NA	NA	NA	NA	NA	NA	NA	NA	NA	NA	NA	NA	NA	NA	NA	NA	NA	NA	NA	NA	NA	NA	NA	NA	NA	NA	NA	NA	NA	NA	NA	NA	NA	NA	NA	NA	NA	NA	NA	NA	NA	NA	NA	NA	NA	NA	NA	NA	NA	NA	NA	NA	NA	NA	NA	NA	NA	NA	NA	NA	NA	NA	NA	NA	NA	NA	NA	NA	NA	NA	NA	NA	NA	NA	NA	NA	NA	NA	NA	NA
cg18309935	NA	NA	NA	NA	NA	NA	NA	NA	NA	NA	NA	NA	NA	NA	NA	NA	NA	NA	NA	NA	NA	NA	NA	NA	NA	NA	NA	NA	NA	NA	NA	NA	NA	NA	NA	NA	NA	NA	NA	NA	NA	NA	NA	NA	NA	NA	NA	NA	NA	NA	NA	NA	NA	NA	NA	NA	NA	NA	NA	NA	NA	NA	NA	NA	NA	NA	NA	NA	NA	NA	NA	NA	NA	NA	NA	NA	NA	NA	NA	NA	NA	NA	NA	NA	NA	NA	NA
cg18360585	NA	NA	NA	NA	NA	NA	NA	NA	NA	NA	NA	NA	NA	NA	NA	NA	NA	NA	NA	NA	NA	NA	NA	NA	NA	NA	NA	NA	NA	NA	NA	NA	NA	NA	NA	NA	NA	NA	NA	NA	NA	NA	NA	NA	NA	NA	NA	NA	NA	NA	NA	NA	NA	NA	NA	NA	NA	NA	NA	NA	NA	NA	NA	NA	NA	NA	NA	NA	NA	NA	NA	NA	NA	NA	NA	NA	NA	NA	NA	NA	NA	NA	NA	NA	NA	NA	NA
cg18381729	NA	NA	NA	NA	NA	NA	NA	NA	NA	NA	NA	NA	NA	NA	NA	NA	NA	NA	NA	NA	NA	NA	NA	NA	NA	NA	NA	NA	NA	NA	NA	NA	NA	NA	NA	NA	NA	NA	NA	NA	NA	NA	NA	NA	NA	NA	NA	NA	NA	NA	NA	NA	NA	NA	NA	NA	NA	NA	NA	NA	NA	NA	NA	NA	NA	NA	NA	NA	NA	NA	NA	NA	NA	NA	NA	NA	NA	NA	NA	NA	NA	NA	NA	NA	NA	NA	NA
cg18401511	NA	NA	NA	NA	NA	NA	NA	NA	NA	NA	NA	NA	NA	NA	NA	NA	NA	NA	NA	NA	NA	NA	NA	NA	NA	NA	NA	NA	NA	NA	NA	NA	NA	NA	NA	NA	NA	NA	NA	NA	NA	NA	NA	NA	NA	NA	NA	NA	NA	NA	NA	NA	NA	NA	NA	NA	NA	NA	NA	NA	NA	NA	NA	NA	NA	NA	NA	NA	NA	NA	NA	NA	NA	NA	NA	NA	NA	NA	NA	NA	NA	NA	NA	NA	NA	NA	NA
cg18402433	NA	NA	NA	NA	NA	NA	NA	NA	NA	NA	NA	NA	NA	NA	NA	NA	NA	NA	NA	NA	NA	NA	NA	NA	NA	NA	NA	NA	NA	NA	NA	NA	NA	NA	NA	NA	NA	NA	NA	NA	NA	NA	NA	NA	NA	NA	NA	NA	NA	NA	NA	NA	NA	NA	NA	NA	NA	NA	NA	NA	NA	NA	NA	NA	NA	NA	NA	NA	NA	NA	NA	NA	NA	NA	NA	NA	NA	NA	NA	NA	NA	NA	NA	NA	NA	NA	NA
cg18458116	NA	NA	NA	NA	NA	NA	NA	NA	NA	NA	NA	NA	NA	NA	NA	NA	NA	NA	NA	NA	NA	NA	NA	NA	NA	NA	NA	NA	NA	NA	NA	NA	NA	NA	NA	NA	NA	NA	NA	NA	NA	NA	NA	NA	NA	NA	NA	NA	NA	NA	NA	NA	NA	NA	NA	NA	NA	NA	NA	NA	NA	NA	NA	NA	NA	NA	NA	NA	NA	NA	NA	NA	NA	NA	NA	NA	NA	NA	NA	NA	NA	NA	NA	NA	NA	NA	NA
cg18461093	NA	NA	NA	NA	NA	NA	NA	NA	NA	NA	NA	NA	NA	NA	NA	NA	NA	NA	NA	NA	NA	NA	NA	NA	NA	NA	NA	NA	NA	NA	NA	NA	NA	NA	NA	NA	NA	NA	NA	NA	NA	NA	NA	NA	NA	NA	NA	NA	NA	NA	NA	NA	NA	NA	NA	NA	NA	NA	NA	NA	NA	NA	NA	NA	NA	NA	NA	NA	NA	NA	NA	NA	NA	NA	NA	NA	NA	NA	NA	NA	NA	NA	NA	NA	NA	NA	NA
cg18474718	NA	NA	NA	NA	NA	NA	NA	NA	NA	NA	NA	NA	NA	NA	NA	NA	NA	NA	NA	NA	NA	NA	NA	NA	NA	NA	NA	NA	NA	NA	NA	NA	NA	NA	NA	NA	NA	NA	NA	NA	NA	NA	NA	NA	NA	NA	NA	NA	NA	NA	NA	NA	NA	NA	NA	NA	NA	NA	NA	NA	NA	NA	NA	NA	NA	NA	NA	NA	NA	NA	NA	NA	NA	NA	NA	NA	NA	NA	NA	NA	NA	NA	NA	NA	NA	NA	NA
cg18494563	NA	NA	NA	NA	NA	NA	NA	NA	NA	NA	NA	NA	NA	NA	NA	NA	NA	NA	NA	NA	NA	NA	NA	NA	NA	NA	NA	NA	NA	NA	NA	NA	NA	NA	NA	NA	NA	NA	NA	NA	NA	NA	NA	NA	NA	NA	NA	NA	NA	NA	NA	NA	NA	NA	NA	NA	NA	NA	NA	NA	NA	NA	NA	NA	NA	NA	NA	NA	NA	NA	NA	NA	NA	NA	NA	NA	NA	NA	NA	NA	NA	NA	NA	NA	NA	NA	NA
cg18516241	NA	NA	NA	NA	NA	NA	NA	NA	NA	NA	NA	NA	NA	NA	NA	NA	NA	NA	NA	NA	NA	NA	NA	NA	NA	NA	NA	NA	NA	NA	NA	NA	NA	NA	NA	NA	NA	NA	NA	NA	NA	NA	NA	NA	NA	NA	NA	NA	NA	NA	NA	NA	NA	NA	NA	NA	NA	NA	NA	NA	NA	NA	NA	NA	NA	NA	NA	NA	NA	NA	NA	NA	NA	NA	NA	NA	NA	NA	NA	NA	NA	NA	NA	NA	NA	NA	NA
cg18522822	NA	NA	NA	NA	NA	NA	NA	NA	NA	NA	NA	NA	NA	NA	NA	NA	NA	NA	NA	NA	NA	NA	NA	NA	NA	NA	NA	NA	NA	NA	NA	NA	NA	NA	NA	NA	NA	NA	NA	NA	NA	NA	NA	NA	NA	NA	NA	NA	NA	NA	NA	NA	NA	NA	NA	NA	NA	NA	NA	NA	NA	NA	NA	NA	NA	NA	NA	NA	NA	NA	NA	NA	NA	NA	NA	NA	NA	NA	NA	NA	NA	NA	NA	NA	NA	NA	NA
cg18528124	NA	NA	NA	NA	NA	NA	NA	NA	NA	NA	NA	NA	NA	NA	NA	NA	NA	NA	NA	NA	NA	NA	NA	NA	NA	NA	NA	NA	NA	NA	NA	NA	NA	NA	NA	NA	NA	NA	NA	NA	NA	NA	NA	NA	NA	NA	NA	NA	NA	NA	NA	NA	NA	NA	NA	NA	NA	NA	NA	NA	NA	NA	NA	NA	NA	NA	NA	NA	NA	NA	NA	NA	NA	NA	NA	NA	NA	NA	NA	NA	NA	NA	NA	NA	NA	NA	NA
cg18545561	0.590978598516214	0.875681530431848	0.864812275841752	0.852947001118006	0.64132036489951	0.599658679566709	0.863302716390997	0.888617131707525	0.57046769390999	0.762298439971559	0.754383516668831	0.876300498457487	0.770876639889999	0.729182356990252	0.729557760445614	0.828024310638163	0.813204433553449	0.835911173734239	0.855891120847546	0.801534885354467	0.870507399168913	0.862717109148242	0.741312290119053	0.746079947964336	0.849129533230068	0.87332051878231	0.805973783923043	0.664315748484918	0.877274329973112	0.879330994126667	0.839809126000381	0.792250865942902	0.859922521211525	0.809810761398727	0.829617488851978	0.845481486048092	0.810523871844319	0.882612875327832	0.748568276710392	0.81116084206836	0.625285299480099	0.725785060292039	0.573718800404044	0.71036769030509	0.756201799311891	0.850923856422464	0.817082951818876	0.815924241637403	0.855098691486302	0.824912110616691	0.817580385362658	0.874295854594992	0.831120346820824	0.604056496162011	0.886310262509523	0.761782774841557	0.824357593731464	0.855469526852345	0.545365153324987	0.789860596247376	0.824214928251033	0.64732117493491	0.882251890921096	0.794187597471589	0.866001783023411	0.742759409997364	0.796504733508311	0.773556027150774	0.777566206018056	0.911532546459554	0.828063083190857	0.748106622880954	0.834114020969611	0.860864240837611	0.766124118403148	0.893529441784807	0.745760447734029	0.817200255106178	0.538720737736744	0.853828689275837	0.884409152910669	0.676502438964445	0.88519299635653	0.814050670256112	0.838457292813173	0.81242018017807	0.72782837737075
cg18569952	NA	NA	NA	NA	NA	NA	NA	NA	NA	NA	NA	NA	NA	NA	NA	NA	NA	NA	NA	NA	NA	NA	NA	NA	NA	NA	NA	NA	NA	NA	NA	NA	NA	NA	NA	NA	NA	NA	NA	NA	NA	NA	NA	NA	NA	NA	NA	NA	NA	NA	NA	NA	NA	NA	NA	NA	NA	NA	NA	NA	NA	NA	NA	NA	NA	NA	NA	NA	NA	NA	NA	NA	NA	NA	NA	NA	NA	NA	NA	NA	NA	NA	NA	NA	NA	NA	NA
cg18604215	NA	NA	NA	NA	NA	NA	NA	NA	NA	NA	NA	NA	NA	NA	NA	NA	NA	NA	NA	NA	NA	NA	NA	NA	NA	NA	NA	NA	NA	NA	NA	NA	NA	NA	NA	NA	NA	NA	NA	NA	NA	NA	NA	NA	NA	NA	NA	NA	NA	NA	NA	NA	NA	NA	NA	NA	NA	NA	NA	NA	NA	NA	NA	NA	NA	NA	NA	NA	NA	NA	NA	NA	NA	NA	NA	NA	NA	NA	NA	NA	NA	NA	NA	NA	NA	NA	NA
cg18623351	NA	NA	NA	NA	NA	NA	NA	NA	NA	NA	NA	NA	NA	NA	NA	NA	NA	NA	NA	NA	NA	NA	NA	NA	NA	NA	NA	NA	NA	NA	NA	NA	NA	NA	NA	NA	NA	NA	NA	NA	NA	NA	NA	NA	NA	NA	NA	NA	NA	NA	NA	NA	NA	NA	NA	NA	NA	NA	NA	NA	NA	NA	NA	NA	NA	NA	NA	NA	NA	NA	NA	NA	NA	NA	NA	NA	NA	NA	NA	NA	NA	NA	NA	NA	NA	NA	NA
cg18625258	NA	NA	NA	NA	NA	NA	NA	NA	NA	NA	NA	NA	NA	NA	NA	NA	NA	NA	NA	NA	NA	NA	NA	NA	NA	NA	NA	NA	NA	NA	NA	NA	NA	NA	NA	NA	NA	NA	NA	NA	NA	NA	NA	NA	NA	NA	NA	NA	NA	NA	NA	NA	NA	NA	NA	NA	NA	NA	NA	NA	NA	NA	NA	NA	NA	NA	NA	NA	NA	NA	NA	NA	NA	NA	NA	NA	NA	NA	NA	NA	NA	NA	NA	NA	NA	NA	NA
cg18631513	NA	NA	NA	NA	NA	NA	NA	NA	NA	NA	NA	NA	NA	NA	NA	NA	NA	NA	NA	NA	NA	NA	NA	NA	NA	NA	NA	NA	NA	NA	NA	NA	NA	NA	NA	NA	NA	NA	NA	NA	NA	NA	NA	NA	NA	NA	NA	NA	NA	NA	NA	NA	NA	NA	NA	NA	NA	NA	NA	NA	NA	NA	NA	NA	NA	NA	NA	NA	NA	NA	NA	NA	NA	NA	NA	NA	NA	NA	NA	NA	NA	NA	NA	NA	NA	NA	NA
cg18637291	NA	NA	NA	NA	NA	NA	NA	NA	NA	NA	NA	NA	NA	NA	NA	NA	NA	NA	NA	NA	NA	NA	NA	NA	NA	NA	NA	NA	NA	NA	NA	NA	NA	NA	NA	NA	NA	NA	NA	NA	NA	NA	NA	NA	NA	NA	NA	NA	NA	NA	NA	NA	NA	NA	NA	NA	NA	NA	NA	NA	NA	NA	NA	NA	NA	NA	NA	NA	NA	NA	NA	NA	NA	NA	NA	NA	NA	NA	NA	NA	NA	NA	NA	NA	NA	NA	NA
cg18690712	NA	NA	NA	NA	NA	NA	NA	NA	NA	NA	NA	NA	NA	NA	NA	NA	NA	NA	NA	NA	NA	NA	NA	NA	NA	NA	NA	NA	NA	NA	NA	NA	NA	NA	NA	NA	NA	NA	NA	NA	NA	NA	NA	NA	NA	NA	NA	NA	NA	NA	NA	NA	NA	NA	NA	NA	NA	NA	NA	NA	NA	NA	NA	NA	NA	NA	NA	NA	NA	NA	NA	NA	NA	NA	NA	NA	NA	NA	NA	NA	NA	NA	NA	NA	NA	NA	NA
cg18738114	NA	NA	NA	NA	NA	NA	NA	NA	NA	NA	NA	NA	NA	NA	NA	NA	NA	NA	NA	NA	NA	NA	NA	NA	NA	NA	NA	NA	NA	NA	NA	NA	NA	NA	NA	NA	NA	NA	NA	NA	NA	NA	NA	NA	NA	NA	NA	NA	NA	NA	NA	NA	NA	NA	NA	NA	NA	NA	NA	NA	NA	NA	NA	NA	NA	NA	NA	NA	NA	NA	NA	NA	NA	NA	NA	NA	NA	NA	NA	NA	NA	NA	NA	NA	NA	NA	NA
cg18771118	NA	NA	NA	NA	NA	NA	NA	NA	NA	NA	NA	NA	NA	NA	NA	NA	NA	NA	NA	NA	NA	NA	NA	NA	NA	NA	NA	NA	NA	NA	NA	NA	NA	NA	NA	NA	NA	NA	NA	NA	NA	NA	NA	NA	NA	NA	NA	NA	NA	NA	NA	NA	NA	NA	NA	NA	NA	NA	NA	NA	NA	NA	NA	NA	NA	NA	NA	NA	NA	NA	NA	NA	NA	NA	NA	NA	NA	NA	NA	NA	NA	NA	NA	NA	NA	NA	NA
cg18793886	NA	NA	NA	NA	NA	NA	NA	NA	NA	NA	NA	NA	NA	NA	NA	NA	NA	NA	NA	NA	NA	NA	NA	NA	NA	NA	NA	NA	NA	NA	NA	NA	NA	NA	NA	NA	NA	NA	NA	NA	NA	NA	NA	NA	NA	NA	NA	NA	NA	NA	NA	NA	NA	NA	NA	NA	NA	NA	NA	NA	NA	NA	NA	NA	NA	NA	NA	NA	NA	NA	NA	NA	NA	NA	NA	NA	NA	NA	NA	NA	NA	NA	NA	NA	NA	NA	NA
cg18802268	0.862878951243141	0.917442257376876	0.865558163850518	0.871048346038415	0.87741561843345	0.844486628476632	0.819707313157647	0.862451085224741	0.763975058606165	0.863418847693973	0.851252268979707	0.859046404567578	0.813104520306586	0.923349887497978	0.868071012733798	0.879919999915725	0.79322427557007	0.911109250696534	0.860347926523963	0.873893178112873	0.904881745915794	0.824081928438012	0.899857252463502	0.858236770760761	0.881734191973319	0.880880556148377	0.89163447789007	0.894837079943692	0.874959004368236	0.899489657624491	0.879571742936837	0.835965109029693	0.88097609633224	0.814747397413896	0.835316095434433	0.796057338149234	0.796267693542432	0.895777108300576	0.872616990492902	0.898581967068403	0.822354221969019	0.806452964341041	0.859488296265443	0.83798863508224	0.893415484855116	0.879823972728889	0.875414935201454	0.84359796161494	0.889895813753191	0.861826056100628	0.878961275446144	0.839855403087499	0.873861407563867	0.849001646400445	0.884690752392077	0.894389339998188	0.793757185926486	0.873588229474287	0.742229124803297	0.887947157536138	0.803592215612804	0.880546802682298	0.859227950051752	0.859366455025999	0.890050190692951	0.863045753632794	0.912208921683558	0.873065041215504	0.868320029955532	0.889502617660375	0.874430351532327	0.846716247897798	0.837519196388985	0.850833408683716	0.820156198379931	0.866172641687406	0.793741941478633	0.894714038999589	0.844333514813348	0.857646058545985	0.851595364607828	0.523747110674692	0.886758179844367	0.89246653732314	0.771409485632792	0.832823825067169	0.837867248303519
cg18817246	NA	NA	NA	NA	NA	NA	NA	NA	NA	NA	NA	NA	NA	NA	NA	NA	NA	NA	NA	NA	NA	NA	NA	NA	NA	NA	NA	NA	NA	NA	NA	NA	NA	NA	NA	NA	NA	NA	NA	NA	NA	NA	NA	NA	NA	NA	NA	NA	NA	NA	NA	NA	NA	NA	NA	NA	NA	NA	NA	NA	NA	NA	NA	NA	NA	NA	NA	NA	NA	NA	NA	NA	NA	NA	NA	NA	NA	NA	NA	NA	NA	NA	NA	NA	NA	NA	NA
cg18824501	NA	NA	NA	NA	NA	NA	NA	NA	NA	NA	NA	NA	NA	NA	NA	NA	NA	NA	NA	NA	NA	NA	NA	NA	NA	NA	NA	NA	NA	NA	NA	NA	NA	NA	NA	NA	NA	NA	NA	NA	NA	NA	NA	NA	NA	NA	NA	NA	NA	NA	NA	NA	NA	NA	NA	NA	NA	NA	NA	NA	NA	NA	NA	NA	NA	NA	NA	NA	NA	NA	NA	NA	NA	NA	NA	NA	NA	NA	NA	NA	NA	NA	NA	NA	NA	NA	NA
cg18879198	0.869126553001183	0.785971982551977	0.729633820552457	0.771993580293877	0.728067926335446	0.797238814819959	0.819337492345641	0.749716831023828	0.756239944595522	0.788229590008593	0.71777424970844	0.812446867041183	0.83405965504765	0.858035659143795	0.567857164390857	0.675500045598323	0.606570991508012	0.730897482179424	0.794490700337034	0.824526815974789	0.777454527526219	0.695793647300676	0.825681045659941	0.839896264064603	0.833477394563386	0.817451369641179	0.855759105894881	0.852664291728997	0.72896120720298	0.862428158374827	0.743698770868944	0.804048587687615	0.782293463265426	0.818033033694604	0.645133232268684	0.669335584429668	0.677208274655668	0.875689802732941	0.74083566395601	0.625151935116547	0.809377961018618	0.840490985840818	0.799142124041623	0.773398093347291	0.742785371409449	0.817598508579387	0.819942255584616	0.652851055112476	0.802933833864581	0.736580449626581	0.836524743306262	0.811144506082164	0.662595430380107	0.805397016779942	0.737555992812604	0.781841368123793	0.833691709517073	0.817863827761583	0.673117449499887	0.827517770668978	0.799535254436231	0.807268103620208	0.790241819591078	0.71619752732105	0.7450787866436	0.783203374892337	0.836276964085909	0.711761995017619	0.808722580576467	0.732918137762912	0.758580421210707	0.893720961727694	0.782169411059657	0.813390688072193	0.81840372125673	0.780074866265383	0.549493490042401	0.823065765083548	0.824316804322019	0.818618066340248	0.822005777067909	0.890401667786084	0.834008484986463	0.779841451094136	0.621773434610687	0.706879973358387	0.838857622336925
cg18917270	NA	NA	NA	NA	NA	NA	NA	NA	NA	NA	NA	NA	NA	NA	NA	NA	NA	NA	NA	NA	NA	NA	NA	NA	NA	NA	NA	NA	NA	NA	NA	NA	NA	NA	NA	NA	NA	NA	NA	NA	NA	NA	NA	NA	NA	NA	NA	NA	NA	NA	NA	NA	NA	NA	NA	NA	NA	NA	NA	NA	NA	NA	NA	NA	NA	NA	NA	NA	NA	NA	NA	NA	NA	NA	NA	NA	NA	NA	NA	NA	NA	NA	NA	NA	NA	NA	NA
cg18918365	NA	NA	NA	NA	NA	NA	NA	NA	NA	NA	NA	NA	NA	NA	NA	NA	NA	NA	NA	NA	NA	NA	NA	NA	NA	NA	NA	NA	NA	NA	NA	NA	NA	NA	NA	NA	NA	NA	NA	NA	NA	NA	NA	NA	NA	NA	NA	NA	NA	NA	NA	NA	NA	NA	NA	NA	NA	NA	NA	NA	NA	NA	NA	NA	NA	NA	NA	NA	NA	NA	NA	NA	NA	NA	NA	NA	NA	NA	NA	NA	NA	NA	NA	NA	NA	NA	NA
cg18920490	NA	NA	NA	NA	NA	NA	NA	NA	NA	NA	NA	NA	NA	NA	NA	NA	NA	NA	NA	NA	NA	NA	NA	NA	NA	NA	NA	NA	NA	NA	NA	NA	NA	NA	NA	NA	NA	NA	NA	NA	NA	NA	NA	NA	NA	NA	NA	NA	NA	NA	NA	NA	NA	NA	NA	NA	NA	NA	NA	NA	NA	NA	NA	NA	NA	NA	NA	NA	NA	NA	NA	NA	NA	NA	NA	NA	NA	NA	NA	NA	NA	NA	NA	NA	NA	NA	NA
cg19007523	NA	NA	NA	NA	NA	NA	NA	NA	NA	NA	NA	NA	NA	NA	NA	NA	NA	NA	NA	NA	NA	NA	NA	NA	NA	NA	NA	NA	NA	NA	NA	NA	NA	NA	NA	NA	NA	NA	NA	NA	NA	NA	NA	NA	NA	NA	NA	NA	NA	NA	NA	NA	NA	NA	NA	NA	NA	NA	NA	NA	NA	NA	NA	NA	NA	NA	NA	NA	NA	NA	NA	NA	NA	NA	NA	NA	NA	NA	NA	NA	NA	NA	NA	NA	NA	NA	NA
cg19066691	NA	NA	NA	NA	NA	NA	NA	NA	NA	NA	NA	NA	NA	NA	NA	NA	NA	NA	NA	NA	NA	NA	NA	NA	NA	NA	NA	NA	NA	NA	NA	NA	NA	NA	NA	NA	NA	NA	NA	NA	NA	NA	NA	NA	NA	NA	NA	NA	NA	NA	NA	NA	NA	NA	NA	NA	NA	NA	NA	NA	NA	NA	NA	NA	NA	NA	NA	NA	NA	NA	NA	NA	NA	NA	NA	NA	NA	NA	NA	NA	NA	NA	NA	NA	NA	NA	NA
cg19071460	NA	NA	NA	NA	NA	NA	NA	NA	NA	NA	NA	NA	NA	NA	NA	NA	NA	NA	NA	NA	NA	NA	NA	NA	NA	NA	NA	NA	NA	NA	NA	NA	NA	NA	NA	NA	NA	NA	NA	NA	NA	NA	NA	NA	NA	NA	NA	NA	NA	NA	NA	NA	NA	NA	NA	NA	NA	NA	NA	NA	NA	NA	NA	NA	NA	NA	NA	NA	NA	NA	NA	NA	NA	NA	NA	NA	NA	NA	NA	NA	NA	NA	NA	NA	NA	NA	NA
cg19075506	NA	NA	NA	NA	NA	NA	NA	NA	NA	NA	NA	NA	NA	NA	NA	NA	NA	NA	NA	NA	NA	NA	NA	NA	NA	NA	NA	NA	NA	NA	NA	NA	NA	NA	NA	NA	NA	NA	NA	NA	NA	NA	NA	NA	NA	NA	NA	NA	NA	NA	NA	NA	NA	NA	NA	NA	NA	NA	NA	NA	NA	NA	NA	NA	NA	NA	NA	NA	NA	NA	NA	NA	NA	NA	NA	NA	NA	NA	NA	NA	NA	NA	NA	NA	NA	NA	NA
cg19112359	NA	NA	NA	NA	NA	NA	NA	NA	NA	NA	NA	NA	NA	NA	NA	NA	NA	NA	NA	NA	NA	NA	NA	NA	NA	NA	NA	NA	NA	NA	NA	NA	NA	NA	NA	NA	NA	NA	NA	NA	NA	NA	NA	NA	NA	NA	NA	NA	NA	NA	NA	NA	NA	NA	NA	NA	NA	NA	NA	NA	NA	NA	NA	NA	NA	NA	NA	NA	NA	NA	NA	NA	NA	NA	NA	NA	NA	NA	NA	NA	NA	NA	NA	NA	NA	NA	NA
cg19182919	NA	NA	NA	NA	NA	NA	NA	NA	NA	NA	NA	NA	NA	NA	NA	NA	NA	NA	NA	NA	NA	NA	NA	NA	NA	NA	NA	NA	NA	NA	NA	NA	NA	NA	NA	NA	NA	NA	NA	NA	NA	NA	NA	NA	NA	NA	NA	NA	NA	NA	NA	NA	NA	NA	NA	NA	NA	NA	NA	NA	NA	NA	NA	NA	NA	NA	NA	NA	NA	NA	NA	NA	NA	NA	NA	NA	NA	NA	NA	NA	NA	NA	NA	NA	NA	NA	NA
cg19193943	NA	NA	NA	NA	NA	NA	NA	NA	NA	NA	NA	NA	NA	NA	NA	NA	NA	NA	NA	NA	NA	NA	NA	NA	NA	NA	NA	NA	NA	NA	NA	NA	NA	NA	NA	NA	NA	NA	NA	NA	NA	NA	NA	NA	NA	NA	NA	NA	NA	NA	NA	NA	NA	NA	NA	NA	NA	NA	NA	NA	NA	NA	NA	NA	NA	NA	NA	NA	NA	NA	NA	NA	NA	NA	NA	NA	NA	NA	NA	NA	NA	NA	NA	NA	NA	NA	NA
cg19240584	NA	NA	NA	NA	NA	NA	NA	NA	NA	NA	NA	NA	NA	NA	NA	NA	NA	NA	NA	NA	NA	NA	NA	NA	NA	NA	NA	NA	NA	NA	NA	NA	NA	NA	NA	NA	NA	NA	NA	NA	NA	NA	NA	NA	NA	NA	NA	NA	NA	NA	NA	NA	NA	NA	NA	NA	NA	NA	NA	NA	NA	NA	NA	NA	NA	NA	NA	NA	NA	NA	NA	NA	NA	NA	NA	NA	NA	NA	NA	NA	NA	NA	NA	NA	NA	NA	NA
cg19263575	NA	NA	NA	NA	NA	NA	NA	NA	NA	NA	NA	NA	NA	NA	NA	NA	NA	NA	NA	NA	NA	NA	NA	NA	NA	NA	NA	NA	NA	NA	NA	NA	NA	NA	NA	NA	NA	NA	NA	NA	NA	NA	NA	NA	NA	NA	NA	NA	NA	NA	NA	NA	NA	NA	NA	NA	NA	NA	NA	NA	NA	NA	NA	NA	NA	NA	NA	NA	NA	NA	NA	NA	NA	NA	NA	NA	NA	NA	NA	NA	NA	NA	NA	NA	NA	NA	NA
cg19265948	NA	NA	NA	NA	NA	NA	NA	NA	NA	NA	NA	NA	NA	NA	NA	NA	NA	NA	NA	NA	NA	NA	NA	NA	NA	NA	NA	NA	NA	NA	NA	NA	NA	NA	NA	NA	NA	NA	NA	NA	NA	NA	NA	NA	NA	NA	NA	NA	NA	NA	NA	NA	NA	NA	NA	NA	NA	NA	NA	NA	NA	NA	NA	NA	NA	NA	NA	NA	NA	NA	NA	NA	NA	NA	NA	NA	NA	NA	NA	NA	NA	NA	NA	NA	NA	NA	NA
cg19316897	NA	NA	NA	NA	NA	NA	NA	NA	NA	NA	NA	NA	NA	NA	NA	NA	NA	NA	NA	NA	NA	NA	NA	NA	NA	NA	NA	NA	NA	NA	NA	NA	NA	NA	NA	NA	NA	NA	NA	NA	NA	NA	NA	NA	NA	NA	NA	NA	NA	NA	NA	NA	NA	NA	NA	NA	NA	NA	NA	NA	NA	NA	NA	NA	NA	NA	NA	NA	NA	NA	NA	NA	NA	NA	NA	NA	NA	NA	NA	NA	NA	NA	NA	NA	NA	NA	NA
cg19444390	NA	NA	NA	NA	NA	NA	NA	NA	NA	NA	NA	NA	NA	NA	NA	NA	NA	NA	NA	NA	NA	NA	NA	NA	NA	NA	NA	NA	NA	NA	NA	NA	NA	NA	NA	NA	NA	NA	NA	NA	NA	NA	NA	NA	NA	NA	NA	NA	NA	NA	NA	NA	NA	NA	NA	NA	NA	NA	NA	NA	NA	NA	NA	NA	NA	NA	NA	NA	NA	NA	NA	NA	NA	NA	NA	NA	NA	NA	NA	NA	NA	NA	NA	NA	NA	NA	NA
cg19457121	NA	NA	NA	NA	NA	NA	NA	NA	NA	NA	NA	NA	NA	NA	NA	NA	NA	NA	NA	NA	NA	NA	NA	NA	NA	NA	NA	NA	NA	NA	NA	NA	NA	NA	NA	NA	NA	NA	NA	NA	NA	NA	NA	NA	NA	NA	NA	NA	NA	NA	NA	NA	NA	NA	NA	NA	NA	NA	NA	NA	NA	NA	NA	NA	NA	NA	NA	NA	NA	NA	NA	NA	NA	NA	NA	NA	NA	NA	NA	NA	NA	NA	NA	NA	NA	NA	NA
cg19493162	NA	NA	NA	NA	NA	NA	NA	NA	NA	NA	NA	NA	NA	NA	NA	NA	NA	NA	NA	NA	NA	NA	NA	NA	NA	NA	NA	NA	NA	NA	NA	NA	NA	NA	NA	NA	NA	NA	NA	NA	NA	NA	NA	NA	NA	NA	NA	NA	NA	NA	NA	NA	NA	NA	NA	NA	NA	NA	NA	NA	NA	NA	NA	NA	NA	NA	NA	NA	NA	NA	NA	NA	NA	NA	NA	NA	NA	NA	NA	NA	NA	NA	NA	NA	NA	NA	NA
cg19502207	0.382170667922841	0.448195555541024	0.683445214829227	0.280251723484468	0.480712998267383	0.33708560821252	0.769917849516541	0.701998846284469	0.55312036407676	0.545865429267447	0.571805371179612	0.343872116007918	0.197281729405102	0.301483793745704	0.495718721297207	0.64823119343836	0.892504366491022	0.82285830265753	0.447601764133662	0.366565567491866	0.416998699753042	0.760466042957378	0.301729261966062	0.161593691641184	0.433080111029176	0.386264389672822	NA	0.707705108098566	0.698023614237201	0.380725584288029	0.641020558218851	0.635062457130737	NA	0.376073692995234	0.748105738376874	0.707370987070162	0.674323259439785	0.449557474250347	0.679502885643363	0.902823276801807	0.394707463608478	0.38348415593122	0.209354346896651	0.546630524932516	0.446422753803021	0.705765436929324	0.263343810341102	0.618636558189707	0.724965929329437	0.623286726625008	0.599134671414479	0.1294366715247	0.64212551542907	0.737171611457176	0.540793868588024	0.590901168146274	0.832297576165598	0.477258905012132	0.396892969596056	0.20661982713528	0.366625711532333	0.569561912511576	0.591007700018427	0.781169879389157	0.64747267331779	0.295791840689738	0.445219653501235	0.878631791798012	0.252608613307477	0.621151350417622	0.687661335742253	0.251437347605955	0.311411296169495	0.623306106917052	0.453485777542067	0.77635102313742	0.82459709453841	0.3350259134157	0.332214849296624	0.453903573849653	0.569929750229662	0.177495235047181	0.519511036333047	0.53641745717531	0.800905719510836	0.782608308257464	0.255702900789926
cg19513514	NA	NA	NA	NA	NA	NA	NA	NA	NA	NA	NA	NA	NA	NA	NA	NA	NA	NA	NA	NA	NA	NA	NA	NA	NA	NA	NA	NA	NA	NA	NA	NA	NA	NA	NA	NA	NA	NA	NA	NA	NA	NA	NA	NA	NA	NA	NA	NA	NA	NA	NA	NA	NA	NA	NA	NA	NA	NA	NA	NA	NA	NA	NA	NA	NA	NA	NA	NA	NA	NA	NA	NA	NA	NA	NA	NA	NA	NA	NA	NA	NA	NA	NA	NA	NA	NA	NA
cg19521438	NA	NA	NA	NA	NA	NA	NA	NA	NA	NA	NA	NA	NA	NA	NA	NA	NA	NA	NA	NA	NA	NA	NA	NA	NA	NA	NA	NA	NA	NA	NA	NA	NA	NA	NA	NA	NA	NA	NA	NA	NA	NA	NA	NA	NA	NA	NA	NA	NA	NA	NA	NA	NA	NA	NA	NA	NA	NA	NA	NA	NA	NA	NA	NA	NA	NA	NA	NA	NA	NA	NA	NA	NA	NA	NA	NA	NA	NA	NA	NA	NA	NA	NA	NA	NA	NA	NA
cg19532617	NA	NA	NA	NA	NA	NA	NA	NA	NA	NA	NA	NA	NA	NA	NA	NA	NA	NA	NA	NA	NA	NA	NA	NA	NA	NA	NA	NA	NA	NA	NA	NA	NA	NA	NA	NA	NA	NA	NA	NA	NA	NA	NA	NA	NA	NA	NA	NA	NA	NA	NA	NA	NA	NA	NA	NA	NA	NA	NA	NA	NA	NA	NA	NA	NA	NA	NA	NA	NA	NA	NA	NA	NA	NA	NA	NA	NA	NA	NA	NA	NA	NA	NA	NA	NA	NA	NA
cg19563410	NA	NA	NA	NA	NA	NA	NA	NA	NA	NA	NA	NA	NA	NA	NA	NA	NA	NA	NA	NA	NA	NA	NA	NA	NA	NA	NA	NA	NA	NA	NA	NA	NA	NA	NA	NA	NA	NA	NA	NA	NA	NA	NA	NA	NA	NA	NA	NA	NA	NA	NA	NA	NA	NA	NA	NA	NA	NA	NA	NA	NA	NA	NA	NA	NA	NA	NA	NA	NA	NA	NA	NA	NA	NA	NA	NA	NA	NA	NA	NA	NA	NA	NA	NA	NA	NA	NA
cg19565241	NA	NA	NA	NA	NA	NA	NA	NA	NA	NA	NA	NA	NA	NA	NA	NA	NA	NA	NA	NA	NA	NA	NA	NA	NA	NA	NA	NA	NA	NA	NA	NA	NA	NA	NA	NA	NA	NA	NA	NA	NA	NA	NA	NA	NA	NA	NA	NA	NA	NA	NA	NA	NA	NA	NA	NA	NA	NA	NA	NA	NA	NA	NA	NA	NA	NA	NA	NA	NA	NA	NA	NA	NA	NA	NA	NA	NA	NA	NA	NA	NA	NA	NA	NA	NA	NA	NA
cg19605592	NA	NA	NA	NA	NA	NA	NA	NA	NA	NA	NA	NA	NA	NA	NA	NA	NA	NA	NA	NA	NA	NA	NA	NA	NA	NA	NA	NA	NA	NA	NA	NA	NA	NA	NA	NA	NA	NA	NA	NA	NA	NA	NA	NA	NA	NA	NA	NA	NA	NA	NA	NA	NA	NA	NA	NA	NA	NA	NA	NA	NA	NA	NA	NA	NA	NA	NA	NA	NA	NA	NA	NA	NA	NA	NA	NA	NA	NA	NA	NA	NA	NA	NA	NA	NA	NA	NA
cg19645839	NA	NA	NA	NA	NA	NA	NA	NA	NA	NA	NA	NA	NA	NA	NA	NA	NA	NA	NA	NA	NA	NA	NA	NA	NA	NA	NA	NA	NA	NA	NA	NA	NA	NA	NA	NA	NA	NA	NA	NA	NA	NA	NA	NA	NA	NA	NA	NA	NA	NA	NA	NA	NA	NA	NA	NA	NA	NA	NA	NA	NA	NA	NA	NA	NA	NA	NA	NA	NA	NA	NA	NA	NA	NA	NA	NA	NA	NA	NA	NA	NA	NA	NA	NA	NA	NA	NA
cg19655704	0.920494755742019	0.889499509682845	0.849691110494611	0.777445001523424	0.928527634327584	0.899219461129849	0.937095297852279	0.954968364058936	0.781567106694042	0.738978225091127	0.931144139373059	0.589130061730559	0.917159153608723	0.820540068164021	0.941357327261267	0.625816511700614	0.937817825477339	0.960062359866763	0.93643883810741	0.906967511177016	0.925539949450054	0.942023708950488	0.713277565524866	0.948883138618773	0.868338143108071	0.834509109483592	0.876994319777262	0.945821922345447	0.705302140639298	0.927097495369163	0.613308359099433	0.911875185884276	0.909370276496292	0.936742200538554	0.939717505347313	0.629043943402873	0.894032296347641	0.906688190831865	0.893098437425856	0.890385565040017	0.922413659222821	0.902888687330175	0.949416029227611	0.927713936500535	0.907940055523987	0.880860069265224	0.93791965179089	0.922440022512385	0.924835427212614	0.947975038346164	0.899705866392241	0.664976700849627	0.913045771301	0.942542388883236	0.942806861113517	0.765364513810872	0.923891896339294	0.939210352093725	0.94150985446064	0.922798639525081	0.935973903637291	0.92840599772898	0.937101682900147	0.82795799218226	0.924204056432243	0.833663000299163	0.893166000796134	0.921097937845339	0.876129530217426	0.922418039510881	0.93672825099051	0.901610959491033	0.914973777463705	0.937247618409602	0.906085505741607	0.933385431654474	0.88725423476035	0.930401479469181	0.863946417202728	0.954465515204114	0.909840128436356	0.916891390946949	0.931508488435915	0.907262090715272	0.927594476300896	0.903534896362448	0.88375660913681
cg19665882	NA	NA	NA	NA	NA	NA	NA	NA	NA	NA	NA	NA	NA	NA	NA	NA	NA	NA	NA	NA	NA	NA	NA	NA	NA	NA	NA	NA	NA	NA	NA	NA	NA	NA	NA	NA	NA	NA	NA	NA	NA	NA	NA	NA	NA	NA	NA	NA	NA	NA	NA	NA	NA	NA	NA	NA	NA	NA	NA	NA	NA	NA	NA	NA	NA	NA	NA	NA	NA	NA	NA	NA	NA	NA	NA	NA	NA	NA	NA	NA	NA	NA	NA	NA	NA	NA	NA
cg19674688	NA	NA	NA	NA	NA	NA	NA	NA	NA	NA	NA	NA	NA	NA	NA	NA	NA	NA	NA	NA	NA	NA	NA	NA	NA	NA	NA	NA	NA	NA	NA	NA	NA	NA	NA	NA	NA	NA	NA	NA	NA	NA	NA	NA	NA	NA	NA	NA	NA	NA	NA	NA	NA	NA	NA	NA	NA	NA	NA	NA	NA	NA	NA	NA	NA	NA	NA	NA	NA	NA	NA	NA	NA	NA	NA	NA	NA	NA	NA	NA	NA	NA	NA	NA	NA	NA	NA
cg19677184	NA	NA	NA	NA	NA	NA	NA	NA	NA	NA	NA	NA	NA	NA	NA	NA	NA	NA	NA	NA	NA	NA	NA	NA	NA	NA	NA	NA	NA	NA	NA	NA	NA	NA	NA	NA	NA	NA	NA	NA	NA	NA	NA	NA	NA	NA	NA	NA	NA	NA	NA	NA	NA	NA	NA	NA	NA	NA	NA	NA	NA	NA	NA	NA	NA	NA	NA	NA	NA	NA	NA	NA	NA	NA	NA	NA	NA	NA	NA	NA	NA	NA	NA	NA	NA	NA	NA
cg19677830	NA	NA	NA	NA	NA	NA	NA	NA	NA	NA	NA	NA	NA	NA	NA	NA	NA	NA	NA	NA	NA	NA	NA	NA	NA	NA	NA	NA	NA	NA	NA	NA	NA	NA	NA	NA	NA	NA	NA	NA	NA	NA	NA	NA	NA	NA	NA	NA	NA	NA	NA	NA	NA	NA	NA	NA	NA	NA	NA	NA	NA	NA	NA	NA	NA	NA	NA	NA	NA	NA	NA	NA	NA	NA	NA	NA	NA	NA	NA	NA	NA	NA	NA	NA	NA	NA	NA
cg19716125	NA	NA	NA	NA	NA	NA	NA	NA	NA	NA	NA	NA	NA	NA	NA	NA	NA	NA	NA	NA	NA	NA	NA	NA	NA	NA	NA	NA	NA	NA	NA	NA	NA	NA	NA	NA	NA	NA	NA	NA	NA	NA	NA	NA	NA	NA	NA	NA	NA	NA	NA	NA	NA	NA	NA	NA	NA	NA	NA	NA	NA	NA	NA	NA	NA	NA	NA	NA	NA	NA	NA	NA	NA	NA	NA	NA	NA	NA	NA	NA	NA	NA	NA	NA	NA	NA	NA
cg19718662	0.907648088387261	0.880365569820692	0.687221226042048	0.854180982519301	0.784724774782488	0.837950842167701	0.68865496617711	0.754013309560008	0.112688284560229	0.900588211666631	0.797894159229911	0.872591198379341	0.903434509783282	0.899364525404038	NA	0.794849937936275	0.719478642504689	0.759836876529303	0.860427200008785	0.88738807640064	0.363112685653235	0.74388571332362	0.866933483069948	0.54963666981939	0.885267208601872	0.897142433533589	0.867376858580145	0.887191381043344	0.756964704146565	0.917904122161635	0.837911084062539	0.898946748873749	0.871075285474451	0.795570826478299	0.608682940152814	0.715123229458592	0.788879890503961	0.917715154546447	0.854920011450658	0.357348981524522	0.911690181177915	0.881673902583103	0.859275401269987	0.886071367394043	0.829456547923957	0.883981760828878	0.911767535761236	0.72767949908417	0.860163913265804	0.834720153729693	0.900016920624897	0.806257561812526	0.774357586402156	0.912320206932474	0.738948360690345	0.748565000054097	0.871283515545169	0.903155239593998	0.361139737729972	0.892762392392871	0.854551157428226	0.913764274498843	0.848758881627171	0.762214351624798	0.682153321295241	0.853720255405908	0.873044654229678	0.795096279328358	0.73267562985738	0.753201122477474	0.851062105967407	0.946001854142938	0.872738673984283	0.84889522915847	0.902603338145625	0.895604078149636	0.60717598101352	0.881571212453203	0.728296274308477	0.651130651839816	0.859406990794668	0.921961348728625	0.893755096063831	0.606245562467865	0.634067374654847	0.881076766585418	0.927949283030958
cg19761060	NA	NA	NA	NA	NA	NA	NA	NA	NA	NA	NA	NA	NA	NA	NA	NA	NA	NA	NA	NA	NA	NA	NA	NA	NA	NA	NA	NA	NA	NA	NA	NA	NA	NA	NA	NA	NA	NA	NA	NA	NA	NA	NA	NA	NA	NA	NA	NA	NA	NA	NA	NA	NA	NA	NA	NA	NA	NA	NA	NA	NA	NA	NA	NA	NA	NA	NA	NA	NA	NA	NA	NA	NA	NA	NA	NA	NA	NA	NA	NA	NA	NA	NA	NA	NA	NA	NA
cg19761271	NA	NA	NA	NA	NA	NA	NA	NA	NA	NA	NA	NA	NA	NA	NA	NA	NA	NA	NA	NA	NA	NA	NA	NA	NA	NA	NA	NA	NA	NA	NA	NA	NA	NA	NA	NA	NA	NA	NA	NA	NA	NA	NA	NA	NA	NA	NA	NA	NA	NA	NA	NA	NA	NA	NA	NA	NA	NA	NA	NA	NA	NA	NA	NA	NA	NA	NA	NA	NA	NA	NA	NA	NA	NA	NA	NA	NA	NA	NA	NA	NA	NA	NA	NA	NA	NA	NA
cg19785312	NA	NA	NA	NA	NA	NA	NA	NA	NA	NA	NA	NA	NA	NA	NA	NA	NA	NA	NA	NA	NA	NA	NA	NA	NA	NA	NA	NA	NA	NA	NA	NA	NA	NA	NA	NA	NA	NA	NA	NA	NA	NA	NA	NA	NA	NA	NA	NA	NA	NA	NA	NA	NA	NA	NA	NA	NA	NA	NA	NA	NA	NA	NA	NA	NA	NA	NA	NA	NA	NA	NA	NA	NA	NA	NA	NA	NA	NA	NA	NA	NA	NA	NA	NA	NA	NA	NA
cg19789336	NA	NA	NA	NA	NA	NA	NA	NA	NA	NA	NA	NA	NA	NA	NA	NA	NA	NA	NA	NA	NA	NA	NA	NA	NA	NA	NA	NA	NA	NA	NA	NA	NA	NA	NA	NA	NA	NA	NA	NA	NA	NA	NA	NA	NA	NA	NA	NA	NA	NA	NA	NA	NA	NA	NA	NA	NA	NA	NA	NA	NA	NA	NA	NA	NA	NA	NA	NA	NA	NA	NA	NA	NA	NA	NA	NA	NA	NA	NA	NA	NA	NA	NA	NA	NA	NA	NA
cg19840093	NA	NA	NA	NA	NA	NA	NA	NA	NA	NA	NA	NA	NA	NA	NA	NA	NA	NA	NA	NA	NA	NA	NA	NA	NA	NA	NA	NA	NA	NA	NA	NA	NA	NA	NA	NA	NA	NA	NA	NA	NA	NA	NA	NA	NA	NA	NA	NA	NA	NA	NA	NA	NA	NA	NA	NA	NA	NA	NA	NA	NA	NA	NA	NA	NA	NA	NA	NA	NA	NA	NA	NA	NA	NA	NA	NA	NA	NA	NA	NA	NA	NA	NA	NA	NA	NA	NA
cg19863964	NA	NA	NA	NA	NA	NA	NA	NA	NA	NA	NA	NA	NA	NA	NA	NA	NA	NA	NA	NA	NA	NA	NA	NA	NA	NA	NA	NA	NA	NA	NA	NA	NA	NA	NA	NA	NA	NA	NA	NA	NA	NA	NA	NA	NA	NA	NA	NA	NA	NA	NA	NA	NA	NA	NA	NA	NA	NA	NA	NA	NA	NA	NA	NA	NA	NA	NA	NA	NA	NA	NA	NA	NA	NA	NA	NA	NA	NA	NA	NA	NA	NA	NA	NA	NA	NA	NA
cg19883843	NA	NA	NA	NA	NA	NA	NA	NA	NA	NA	NA	NA	NA	NA	NA	NA	NA	NA	NA	NA	NA	NA	NA	NA	NA	NA	NA	NA	NA	NA	NA	NA	NA	NA	NA	NA	NA	NA	NA	NA	NA	NA	NA	NA	NA	NA	NA	NA	NA	NA	NA	NA	NA	NA	NA	NA	NA	NA	NA	NA	NA	NA	NA	NA	NA	NA	NA	NA	NA	NA	NA	NA	NA	NA	NA	NA	NA	NA	NA	NA	NA	NA	NA	NA	NA	NA	NA
cg19887883	0.641097241432536	0.859441708836954	0.910702477091701	0.837738955881903	0.78900076216491	0.759720361025965	0.888599720665603	0.918850872708842	0.693698997394716	0.901978331506319	0.838795669570605	0.832833565154528	0.860860769130523	0.906327713638345	0.852855969647782	0.907904015192273	0.900805720501724	0.887748934208255	0.893115893499949	0.927973095422192	0.893232380921988	0.894285240781436	0.861018920643644	0.81658742126966	0.926068866296831	0.902348355998348	0.846874984103793	0.903463892415408	0.914438688223632	0.925037065732404	0.919763838419808	0.921507644166753	0.812683033547266	0.884611187126765	0.897664198239433	0.872095879611936	0.829529116028133	0.936312045428977	0.850334512154985	0.913297821596337	0.592841172123318	0.859515250627262	0.912024887078213	0.890001280582314	0.908650127186528	0.777824767816858	0.877107767349798	0.89075539407116	0.857931076880566	0.914699068012823	0.934892876681136	0.858180761292538	0.880360854726475	0.769984837425627	0.895483073515796	0.817133156568324	0.911947184987342	0.914396266438649	0.847716148186458	0.873632150820958	0.845286918006818	0.885848253714745	0.881899069225263	0.903038501663507	0.932021086588785	0.818830828414335	0.849100458717026	0.882011683293122	0.877890211839021	0.877575798869384	0.928578653817964	0.927966066732291	0.865311775582386	0.873632774629037	0.886145870310891	0.906089651550229	0.891354811763434	0.917917896824492	0.765375474790986	0.921546004500404	0.914362390848732	0.886112173635008	0.914080895427485	0.930944977435597	0.868017932715538	0.883245585202096	0.894145348246749
cg19925178	NA	NA	NA	NA	NA	NA	NA	NA	NA	NA	NA	NA	NA	NA	NA	NA	NA	NA	NA	NA	NA	NA	NA	NA	NA	NA	NA	NA	NA	NA	NA	NA	NA	NA	NA	NA	NA	NA	NA	NA	NA	NA	NA	NA	NA	NA	NA	NA	NA	NA	NA	NA	NA	NA	NA	NA	NA	NA	NA	NA	NA	NA	NA	NA	NA	NA	NA	NA	NA	NA	NA	NA	NA	NA	NA	NA	NA	NA	NA	NA	NA	NA	NA	NA	NA	NA	NA
cg19929302	NA	NA	NA	NA	NA	NA	NA	NA	NA	NA	NA	NA	NA	NA	NA	NA	NA	NA	NA	NA	NA	NA	NA	NA	NA	NA	NA	NA	NA	NA	NA	NA	NA	NA	NA	NA	NA	NA	NA	NA	NA	NA	NA	NA	NA	NA	NA	NA	NA	NA	NA	NA	NA	NA	NA	NA	NA	NA	NA	NA	NA	NA	NA	NA	NA	NA	NA	NA	NA	NA	NA	NA	NA	NA	NA	NA	NA	NA	NA	NA	NA	NA	NA	NA	NA	NA	NA
cg19950846	NA	NA	NA	NA	NA	NA	NA	NA	NA	NA	NA	NA	NA	NA	NA	NA	NA	NA	NA	NA	NA	NA	NA	NA	NA	NA	NA	NA	NA	NA	NA	NA	NA	NA	NA	NA	NA	NA	NA	NA	NA	NA	NA	NA	NA	NA	NA	NA	NA	NA	NA	NA	NA	NA	NA	NA	NA	NA	NA	NA	NA	NA	NA	NA	NA	NA	NA	NA	NA	NA	NA	NA	NA	NA	NA	NA	NA	NA	NA	NA	NA	NA	NA	NA	NA	NA	NA
cg19979222	NA	NA	NA	NA	NA	NA	NA	NA	NA	NA	NA	NA	NA	NA	NA	NA	NA	NA	NA	NA	NA	NA	NA	NA	NA	NA	NA	NA	NA	NA	NA	NA	NA	NA	NA	NA	NA	NA	NA	NA	NA	NA	NA	NA	NA	NA	NA	NA	NA	NA	NA	NA	NA	NA	NA	NA	NA	NA	NA	NA	NA	NA	NA	NA	NA	NA	NA	NA	NA	NA	NA	NA	NA	NA	NA	NA	NA	NA	NA	NA	NA	NA	NA	NA	NA	NA	NA
cg19988798	NA	NA	NA	NA	NA	NA	NA	NA	NA	NA	NA	NA	NA	NA	NA	NA	NA	NA	NA	NA	NA	NA	NA	NA	NA	NA	NA	NA	NA	NA	NA	NA	NA	NA	NA	NA	NA	NA	NA	NA	NA	NA	NA	NA	NA	NA	NA	NA	NA	NA	NA	NA	NA	NA	NA	NA	NA	NA	NA	NA	NA	NA	NA	NA	NA	NA	NA	NA	NA	NA	NA	NA	NA	NA	NA	NA	NA	NA	NA	NA	NA	NA	NA	NA	NA	NA	NA
cg20006652	NA	NA	NA	NA	NA	NA	NA	NA	NA	NA	NA	NA	NA	NA	NA	NA	NA	NA	NA	NA	NA	NA	NA	NA	NA	NA	NA	NA	NA	NA	NA	NA	NA	NA	NA	NA	NA	NA	NA	NA	NA	NA	NA	NA	NA	NA	NA	NA	NA	NA	NA	NA	NA	NA	NA	NA	NA	NA	NA	NA	NA	NA	NA	NA	NA	NA	NA	NA	NA	NA	NA	NA	NA	NA	NA	NA	NA	NA	NA	NA	NA	NA	NA	NA	NA	NA	NA
cg20010076	NA	NA	NA	NA	NA	NA	NA	NA	NA	NA	NA	NA	NA	NA	NA	NA	NA	NA	NA	NA	NA	NA	NA	NA	NA	NA	NA	NA	NA	NA	NA	NA	NA	NA	NA	NA	NA	NA	NA	NA	NA	NA	NA	NA	NA	NA	NA	NA	NA	NA	NA	NA	NA	NA	NA	NA	NA	NA	NA	NA	NA	NA	NA	NA	NA	NA	NA	NA	NA	NA	NA	NA	NA	NA	NA	NA	NA	NA	NA	NA	NA	NA	NA	NA	NA	NA	NA
cg20019560	NA	NA	NA	NA	NA	NA	NA	NA	NA	NA	NA	NA	NA	NA	NA	NA	NA	NA	NA	NA	NA	NA	NA	NA	NA	NA	NA	NA	NA	NA	NA	NA	NA	NA	NA	NA	NA	NA	NA	NA	NA	NA	NA	NA	NA	NA	NA	NA	NA	NA	NA	NA	NA	NA	NA	NA	NA	NA	NA	NA	NA	NA	NA	NA	NA	NA	NA	NA	NA	NA	NA	NA	NA	NA	NA	NA	NA	NA	NA	NA	NA	NA	NA	NA	NA	NA	NA
cg20029324	NA	NA	NA	NA	NA	NA	NA	NA	NA	NA	NA	NA	NA	NA	NA	NA	NA	NA	NA	NA	NA	NA	NA	NA	NA	NA	NA	NA	NA	NA	NA	NA	NA	NA	NA	NA	NA	NA	NA	NA	NA	NA	NA	NA	NA	NA	NA	NA	NA	NA	NA	NA	NA	NA	NA	NA	NA	NA	NA	NA	NA	NA	NA	NA	NA	NA	NA	NA	NA	NA	NA	NA	NA	NA	NA	NA	NA	NA	NA	NA	NA	NA	NA	NA	NA	NA	NA
cg20052431	NA	NA	NA	NA	NA	NA	NA	NA	NA	NA	NA	NA	NA	NA	NA	NA	NA	NA	NA	NA	NA	NA	NA	NA	NA	NA	NA	NA	NA	NA	NA	NA	NA	NA	NA	NA	NA	NA	NA	NA	NA	NA	NA	NA	NA	NA	NA	NA	NA	NA	NA	NA	NA	NA	NA	NA	NA	NA	NA	NA	NA	NA	NA	NA	NA	NA	NA	NA	NA	NA	NA	NA	NA	NA	NA	NA	NA	NA	NA	NA	NA	NA	NA	NA	NA	NA	NA
cg20056341	NA	NA	NA	NA	NA	NA	NA	NA	NA	NA	NA	NA	NA	NA	NA	NA	NA	NA	NA	NA	NA	NA	NA	NA	NA	NA	NA	NA	NA	NA	NA	NA	NA	NA	NA	NA	NA	NA	NA	NA	NA	NA	NA	NA	NA	NA	NA	NA	NA	NA	NA	NA	NA	NA	NA	NA	NA	NA	NA	NA	NA	NA	NA	NA	NA	NA	NA	NA	NA	NA	NA	NA	NA	NA	NA	NA	NA	NA	NA	NA	NA	NA	NA	NA	NA	NA	NA
cg20149922	NA	NA	NA	NA	NA	NA	NA	NA	NA	NA	NA	NA	NA	NA	NA	NA	NA	NA	NA	NA	NA	NA	NA	NA	NA	NA	NA	NA	NA	NA	NA	NA	NA	NA	NA	NA	NA	NA	NA	NA	NA	NA	NA	NA	NA	NA	NA	NA	NA	NA	NA	NA	NA	NA	NA	NA	NA	NA	NA	NA	NA	NA	NA	NA	NA	NA	NA	NA	NA	NA	NA	NA	NA	NA	NA	NA	NA	NA	NA	NA	NA	NA	NA	NA	NA	NA	NA
cg20150443	NA	NA	NA	NA	NA	NA	NA	NA	NA	NA	NA	NA	NA	NA	NA	NA	NA	NA	NA	NA	NA	NA	NA	NA	NA	NA	NA	NA	NA	NA	NA	NA	NA	NA	NA	NA	NA	NA	NA	NA	NA	NA	NA	NA	NA	NA	NA	NA	NA	NA	NA	NA	NA	NA	NA	NA	NA	NA	NA	NA	NA	NA	NA	NA	NA	NA	NA	NA	NA	NA	NA	NA	NA	NA	NA	NA	NA	NA	NA	NA	NA	NA	NA	NA	NA	NA	NA
cg20165732	NA	NA	NA	NA	NA	NA	NA	NA	NA	NA	NA	NA	NA	NA	NA	NA	NA	NA	NA	NA	NA	NA	NA	NA	NA	NA	NA	NA	NA	NA	NA	NA	NA	NA	NA	NA	NA	NA	NA	NA	NA	NA	NA	NA	NA	NA	NA	NA	NA	NA	NA	NA	NA	NA	NA	NA	NA	NA	NA	NA	NA	NA	NA	NA	NA	NA	NA	NA	NA	NA	NA	NA	NA	NA	NA	NA	NA	NA	NA	NA	NA	NA	NA	NA	NA	NA	NA
cg20200361	NA	NA	NA	NA	NA	NA	NA	NA	NA	NA	NA	NA	NA	NA	NA	NA	NA	NA	NA	NA	NA	NA	NA	NA	NA	NA	NA	NA	NA	NA	NA	NA	NA	NA	NA	NA	NA	NA	NA	NA	NA	NA	NA	NA	NA	NA	NA	NA	NA	NA	NA	NA	NA	NA	NA	NA	NA	NA	NA	NA	NA	NA	NA	NA	NA	NA	NA	NA	NA	NA	NA	NA	NA	NA	NA	NA	NA	NA	NA	NA	NA	NA	NA	NA	NA	NA	NA
cg20246277	0.561161921809787	0.905340701729135	0.731903965855405	0.78621005673187	0.461622213207411	0.420228638193668	0.813087859468587	0.914405092536163	0.291788796703511	0.921675015108574	0.884973853044765	0.573497402307799	0.89836553734723	0.930352608459779	0.717324280893555	0.884861230706336	0.84005110028415	0.825285653593073	0.931204745492215	0.941442356078281	0.482491358961805	0.831512004342562	0.947673161263611	0.87759281357964	0.941325967523407	0.916244228825343	0.925772945161831	0.890149842454724	0.916093761859514	0.946317983480385	0.887887873282278	0.915952686585408	0.934779894806841	0.752062052062104	0.761989539471723	0.777527699039973	0.810668991950754	0.907015109738028	0.838372487554701	0.905534182243515	0.538657612914852	0.936077017125413	0.904562598253465	0.748731539184121	0.756871844400503	0.921382858756262	0.941829228236714	0.87639157064076	0.893750185907201	0.929157555151384	0.915654378627294	0.614619742730571	0.879872939069878	0.912079414945596	0.877667769578485	0.573583152272236	0.882994534441024	0.929868470106674	0.406360854636651	0.928938807616405	0.919462081768492	0.924575282477399	0.907386401424984	0.762287306252985	0.879428045099744	0.475372950010207	0.435362224176027	0.876204193722182	0.677657181838367	0.91147151377697	0.752238725361412	0.919843370872875	0.895442504172926	0.907530211555182	0.920008748351526	0.929355744012642	0.846023037271141	0.913396822357923	0.633108818565753	0.878178823001599	0.871054532523194	0.914477408600656	0.908264746869457	0.860689951570242	0.893525229241397	0.666361812001519	0.860948699645818
cg20262540	NA	NA	NA	NA	NA	NA	NA	NA	NA	NA	NA	NA	NA	NA	NA	NA	NA	NA	NA	NA	NA	NA	NA	NA	NA	NA	NA	NA	NA	NA	NA	NA	NA	NA	NA	NA	NA	NA	NA	NA	NA	NA	NA	NA	NA	NA	NA	NA	NA	NA	NA	NA	NA	NA	NA	NA	NA	NA	NA	NA	NA	NA	NA	NA	NA	NA	NA	NA	NA	NA	NA	NA	NA	NA	NA	NA	NA	NA	NA	NA	NA	NA	NA	NA	NA	NA	NA
cg20284705	NA	NA	NA	NA	NA	NA	NA	NA	NA	NA	NA	NA	NA	NA	NA	NA	NA	NA	NA	NA	NA	NA	NA	NA	NA	NA	NA	NA	NA	NA	NA	NA	NA	NA	NA	NA	NA	NA	NA	NA	NA	NA	NA	NA	NA	NA	NA	NA	NA	NA	NA	NA	NA	NA	NA	NA	NA	NA	NA	NA	NA	NA	NA	NA	NA	NA	NA	NA	NA	NA	NA	NA	NA	NA	NA	NA	NA	NA	NA	NA	NA	NA	NA	NA	NA	NA	NA
cg20331613	NA	NA	NA	NA	NA	NA	NA	NA	NA	NA	NA	NA	NA	NA	NA	NA	NA	NA	NA	NA	NA	NA	NA	NA	NA	NA	NA	NA	NA	NA	NA	NA	NA	NA	NA	NA	NA	NA	NA	NA	NA	NA	NA	NA	NA	NA	NA	NA	NA	NA	NA	NA	NA	NA	NA	NA	NA	NA	NA	NA	NA	NA	NA	NA	NA	NA	NA	NA	NA	NA	NA	NA	NA	NA	NA	NA	NA	NA	NA	NA	NA	NA	NA	NA	NA	NA	NA
cg20364241	NA	NA	NA	NA	NA	NA	NA	NA	NA	NA	NA	NA	NA	NA	NA	NA	NA	NA	NA	NA	NA	NA	NA	NA	NA	NA	NA	NA	NA	NA	NA	NA	NA	NA	NA	NA	NA	NA	NA	NA	NA	NA	NA	NA	NA	NA	NA	NA	NA	NA	NA	NA	NA	NA	NA	NA	NA	NA	NA	NA	NA	NA	NA	NA	NA	NA	NA	NA	NA	NA	NA	NA	NA	NA	NA	NA	NA	NA	NA	NA	NA	NA	NA	NA	NA	NA	NA
cg20365687	0.732294747753492	0.742852793133803	0.772224758684845	0.830439836795881	0.521095378516964	0.820933800831677	0.847128106240124	0.661375086495143	0.284811524098022	0.693221432885731	0.508750401758991	0.884839285809364	0.433897097856515	0.810992462213752	0.751970030978376	0.785825334853633	0.818527522160632	0.78395613145007	0.742043958636979	0.859314191385493	0.699884013492757	0.776187261120331	0.59184732933928	0.526691878349513	0.91690767343576	0.772143831063506	0.842623882222981	0.778978543476755	0.807639654647417	0.893820235328371	0.760673923145353	0.917027012739141	0.827517680081941	0.349978012513606	0.813562141169404	0.838684778599142	0.662680579813958	0.899423280216258	0.795576598536511	0.635391774908986	0.831355142129252	0.768127543150588	0.868630335678513	0.818534072144941	0.894477392004874	0.876610136562916	0.861576259851043	0.7262678361989	0.926224396042114	0.734278321336741	0.8604827472339	0.911280578481912	0.704924989182765	0.881135842668601	0.80120067337631	0.821829326551046	0.85265450782187	0.825405357594687	0.824554603499564	0.845804686379844	0.858587624125955	0.888718712929917	0.814854407763765	0.786731388550464	0.702756432464718	0.885060660404208	0.873154229384173	0.738743018233913	0.683263209411775	0.777745501480504	0.872364920353097	0.922812863233858	0.794951849885994	0.858613381662513	0.616503065677437	0.851111949309953	0.701430532355518	0.846907085202268	0.709163428872563	0.836437754332767	0.837919776187054	0.838091974749839	0.904030883330526	0.798728939493462	0.661211550289878	0.843968777267291	0.820540442279309
cg20386784	NA	NA	NA	NA	NA	NA	NA	NA	NA	NA	NA	NA	NA	NA	NA	NA	NA	NA	NA	NA	NA	NA	NA	NA	NA	NA	NA	NA	NA	NA	NA	NA	NA	NA	NA	NA	NA	NA	NA	NA	NA	NA	NA	NA	NA	NA	NA	NA	NA	NA	NA	NA	NA	NA	NA	NA	NA	NA	NA	NA	NA	NA	NA	NA	NA	NA	NA	NA	NA	NA	NA	NA	NA	NA	NA	NA	NA	NA	NA	NA	NA	NA	NA	NA	NA	NA	NA
cg20449764	NA	NA	NA	NA	NA	NA	NA	NA	NA	NA	NA	NA	NA	NA	NA	NA	NA	NA	NA	NA	NA	NA	NA	NA	NA	NA	NA	NA	NA	NA	NA	NA	NA	NA	NA	NA	NA	NA	NA	NA	NA	NA	NA	NA	NA	NA	NA	NA	NA	NA	NA	NA	NA	NA	NA	NA	NA	NA	NA	NA	NA	NA	NA	NA	NA	NA	NA	NA	NA	NA	NA	NA	NA	NA	NA	NA	NA	NA	NA	NA	NA	NA	NA	NA	NA	NA	NA
cg20453820	0.290647767321193	0.629442289714083	0.647944734687567	0.222634348379928	0.360125641483937	0.348727549220446	0.681754882104349	0.439507758082162	0.263689088998846	0.571228028211422	0.366600722258008	0.400546541494183	0.20939251088232	0.291370858172324	0.474908656277678	0.503265146057569	0.782740972482693	0.471681193335767	0.407482888226702	0.308633644612297	0.701691974807135	0.648741876458304	0.145085203600144	0.158259493304799	0.286662207897742	0.295679524769039	0.157125038165622	0.457136934479544	0.581433742593747	0.128659865961054	0.659080928755477	0.279774071496572	0.354748771789733	0.857994882624709	0.685621795386684	0.596961047567216	0.538796610118578	0.270009923260178	0.424408995015924	0.791099299085362	0.480970001356181	0.399710620858649	0.149128114363301	0.397416635443637	0.417986651437795	0.370305733169588	0.205057646105139	0.684609935724853	0.271520191542917	0.374091606357491	0.270500334998777	0.14249671815822	0.427670152933512	0.355463187276415	0.414248361373413	0.389555253829947	0.291280774004935	0.416775267084697	0.30981463145908	0.316581305406215	NA	0.292297709862097	0.475916147014994	0.788221641244817	0.704984633673686	0.359268070627001	0.817325589912398	0.621902473366027	0.197573679026042	0.475726190150683	0.541375129303622	0.146654698882013	0.328591757785566	0.518102455288118	0.393528443440532	0.236048271255245	0.54230152185476	0.210367443247488	0.291658262091525	0.292405231436293	0.390037280519818	0.161452048714029	0.344028956961686	0.434369355008089	0.801011728965484	0.471054715489791	0.184337603608463
cg20465830	NA	NA	NA	NA	NA	NA	NA	NA	NA	NA	NA	NA	NA	NA	NA	NA	NA	NA	NA	NA	NA	NA	NA	NA	NA	NA	NA	NA	NA	NA	NA	NA	NA	NA	NA	NA	NA	NA	NA	NA	NA	NA	NA	NA	NA	NA	NA	NA	NA	NA	NA	NA	NA	NA	NA	NA	NA	NA	NA	NA	NA	NA	NA	NA	NA	NA	NA	NA	NA	NA	NA	NA	NA	NA	NA	NA	NA	NA	NA	NA	NA	NA	NA	NA	NA	NA	NA
cg20492230	NA	NA	NA	NA	NA	NA	NA	NA	NA	NA	NA	NA	NA	NA	NA	NA	NA	NA	NA	NA	NA	NA	NA	NA	NA	NA	NA	NA	NA	NA	NA	NA	NA	NA	NA	NA	NA	NA	NA	NA	NA	NA	NA	NA	NA	NA	NA	NA	NA	NA	NA	NA	NA	NA	NA	NA	NA	NA	NA	NA	NA	NA	NA	NA	NA	NA	NA	NA	NA	NA	NA	NA	NA	NA	NA	NA	NA	NA	NA	NA	NA	NA	NA	NA	NA	NA	NA
cg20494576	NA	NA	NA	NA	NA	NA	NA	NA	NA	NA	NA	NA	NA	NA	NA	NA	NA	NA	NA	NA	NA	NA	NA	NA	NA	NA	NA	NA	NA	NA	NA	NA	NA	NA	NA	NA	NA	NA	NA	NA	NA	NA	NA	NA	NA	NA	NA	NA	NA	NA	NA	NA	NA	NA	NA	NA	NA	NA	NA	NA	NA	NA	NA	NA	NA	NA	NA	NA	NA	NA	NA	NA	NA	NA	NA	NA	NA	NA	NA	NA	NA	NA	NA	NA	NA	NA	NA
cg20494682	NA	NA	NA	NA	NA	NA	NA	NA	NA	NA	NA	NA	NA	NA	NA	NA	NA	NA	NA	NA	NA	NA	NA	NA	NA	NA	NA	NA	NA	NA	NA	NA	NA	NA	NA	NA	NA	NA	NA	NA	NA	NA	NA	NA	NA	NA	NA	NA	NA	NA	NA	NA	NA	NA	NA	NA	NA	NA	NA	NA	NA	NA	NA	NA	NA	NA	NA	NA	NA	NA	NA	NA	NA	NA	NA	NA	NA	NA	NA	NA	NA	NA	NA	NA	NA	NA	NA
cg20529334	NA	NA	NA	NA	NA	NA	NA	NA	NA	NA	NA	NA	NA	NA	NA	NA	NA	NA	NA	NA	NA	NA	NA	NA	NA	NA	NA	NA	NA	NA	NA	NA	NA	NA	NA	NA	NA	NA	NA	NA	NA	NA	NA	NA	NA	NA	NA	NA	NA	NA	NA	NA	NA	NA	NA	NA	NA	NA	NA	NA	NA	NA	NA	NA	NA	NA	NA	NA	NA	NA	NA	NA	NA	NA	NA	NA	NA	NA	NA	NA	NA	NA	NA	NA	NA	NA	NA
cg20602628	NA	NA	NA	NA	NA	NA	NA	NA	NA	NA	NA	NA	NA	NA	NA	NA	NA	NA	NA	NA	NA	NA	NA	NA	NA	NA	NA	NA	NA	NA	NA	NA	NA	NA	NA	NA	NA	NA	NA	NA	NA	NA	NA	NA	NA	NA	NA	NA	NA	NA	NA	NA	NA	NA	NA	NA	NA	NA	NA	NA	NA	NA	NA	NA	NA	NA	NA	NA	NA	NA	NA	NA	NA	NA	NA	NA	NA	NA	NA	NA	NA	NA	NA	NA	NA	NA	NA
cg20621459	NA	NA	NA	NA	NA	NA	NA	NA	NA	NA	NA	NA	NA	NA	NA	NA	NA	NA	NA	NA	NA	NA	NA	NA	NA	NA	NA	NA	NA	NA	NA	NA	NA	NA	NA	NA	NA	NA	NA	NA	NA	NA	NA	NA	NA	NA	NA	NA	NA	NA	NA	NA	NA	NA	NA	NA	NA	NA	NA	NA	NA	NA	NA	NA	NA	NA	NA	NA	NA	NA	NA	NA	NA	NA	NA	NA	NA	NA	NA	NA	NA	NA	NA	NA	NA	NA	NA
cg20637223	0.676769479206916	0.853136556011604	0.909512591112319	0.88327600667798	0.861251282294966	0.831446495549431	0.849534795176194	0.848782978262093	0.940590361304599	0.671984719111728	0.624147107403047	0.853574090799915	0.36231941495802	0.738906680767573	0.646428080729814	0.729465423823497	0.794125075090811	0.892611361632915	0.839016610711118	0.885135776935961	0.948240304411382	0.905867152134672	0.9084105871899	0.483807441518179	0.459984519953159	0.907430087770489	0.767789798470102	0.914725076129587	0.896755862971233	0.908131386080863	0.71822272004273	0.808894629932395	0.785271144183752	0.636563813702935	0.64251013586222	0.595301334440687	0.882049125513858	0.70403797219542	0.866362457920999	0.790846715281018	0.708130533026597	0.887912352443958	0.920942495344504	0.713489065314727	0.912564465172353	0.726331273467172	0.677016097219668	0.901133225251141	0.687905071200118	0.951317645733295	0.467523800018523	0.87238469220107	0.768338816557405	0.673549968743849	0.80206481709439	0.873123119901464	0.944731999801819	0.888733847266665	0.906804998406282	0.757622064617523	0.48830369316873	0.583077469750861	0.855438613939918	0.780625810210875	0.922583941737128	0.730250768590586	0.33971825704049	0.831109167993831	0.590816004235475	0.926098577955854	0.916727435745477	0.904770304246695	0.919790489839211	0.752065460128589	0.742435717443529	0.799823691634889	0.849538987070892	0.92282408217522	0.839065372634727	0.607182099138983	0.865669364060308	0.892800995054383	0.818482936929063	0.665622497132567	0.811811531726761	0.905078397780568	0.697228749135021
cg20643159	0.957148371380965	0.931145076098724	0.954838979335962	0.929647192919143	0.919302076149709	0.898900653785122	0.931982528627705	0.932102768350503	0.4024314814817	0.935701358844057	0.907637577723932	0.905478739928269	0.931243529256738	0.945285441695867	0.900947977081825	0.92360804005617	0.928156630618387	0.935826039429038	0.918119036795015	0.932334833280063	0.942067748127996	0.924269312933412	0.924462693073492	0.917952511612353	0.948678187854457	0.953779107670159	0.917137160348482	0.93757333636846	0.942001051851253	0.938959038623929	0.949047456741004	0.868191454545756	0.936370908191419	0.714680760292752	0.919129365712142	0.932796824566307	0.899367517275077	0.960702831625769	0.906126263236491	0.936647210396721	0.943331823877044	0.929412337430656	0.930364879590865	0.949651100750645	0.933543025580516	0.928684774152942	0.921654157437597	0.905777999335758	0.926715167441586	0.938826488384914	0.957856505486486	0.931680555431002	0.914481085586132	0.935168540651002	0.940757681902914	0.904760080393633	0.905418009401078	0.934913217064979	0.927107661530306	0.926072677890128	0.917297315210642	0.944819356432799	0.897817569881087	0.937579615303133	0.920012066947992	0.921082233901283	0.95048541110514	0.930723249393067	0.940590600828234	0.940572387860686	0.950281929157892	0.969701197501834	0.942253490668312	0.875858719986331	0.941747915723396	0.874138318870055	0.877997493821819	0.935861751821835	0.909705828953087	0.935462064567158	0.946024372518831	0.935538055778242	0.940329210364147	0.952206606156879	0.908468816051222	0.915438906779201	0.942259653067363
cg20664109	NA	NA	NA	NA	NA	NA	NA	NA	NA	NA	NA	NA	NA	NA	NA	NA	NA	NA	NA	NA	NA	NA	NA	NA	NA	NA	NA	NA	NA	NA	NA	NA	NA	NA	NA	NA	NA	NA	NA	NA	NA	NA	NA	NA	NA	NA	NA	NA	NA	NA	NA	NA	NA	NA	NA	NA	NA	NA	NA	NA	NA	NA	NA	NA	NA	NA	NA	NA	NA	NA	NA	NA	NA	NA	NA	NA	NA	NA	NA	NA	NA	NA	NA	NA	NA	NA	NA
cg20689978	0.654100509268548	0.896379071610282	0.886689129854278	0.821476896594548	0.674536777176712	0.609180368951546	0.845532440492741	0.86689818118268	0.851785459842149	0.774606005932967	0.67841461509619	0.849817117749494	0.780797778440347	0.759427602733128	0.852751585903034	0.833953943657461	0.772311252723228	0.883212723404266	0.838636561298122	0.874592316984924	0.689389692807232	0.862499864623242	0.818179258324047	0.765877696281475	0.896637775700199	0.844673917116115	0.833268133963358	0.819709498601588	0.919198030945967	0.856470716077135	0.897718490858367	0.744621311775587	0.868030304029848	0.812241136699366	0.850224861937633	0.806058195928349	0.680102374404113	0.901617170026123	0.770005010346022	0.840486659779216	0.784885589892162	0.837597005744904	0.833711274946193	0.874206532994705	0.775805488208465	0.885387192282781	0.890881377949671	0.821323851056885	0.897976197865132	0.81050503713672	0.888589122475911	0.770219523405946	0.760465264940636	0.669077512898566	0.883248022185587	0.80650676122025	0.809837245440907	0.856592256952244	0.700291597323017	0.887888265097422	0.860002728678515	0.890642519511787	0.871396477672622	0.857107120417675	0.905426746154391	0.68689796984116	0.582620887463522	0.859939676431108	0.886056868320702	0.908473807558337	0.861625788979449	0.858979003035892	0.638026115003665	0.863452704931972	0.847441278482642	0.862192290992219	0.748081443705085	0.902220097400164	0.753524239178751	0.834500170925146	0.878684281901678	0.765691769553203	0.90195603195216	0.830965184255567	0.738141425955301	0.672397637401453	0.809161832819255
cg20706620	NA	NA	NA	NA	NA	NA	NA	NA	NA	NA	NA	NA	NA	NA	NA	NA	NA	NA	NA	NA	NA	NA	NA	NA	NA	NA	NA	NA	NA	NA	NA	NA	NA	NA	NA	NA	NA	NA	NA	NA	NA	NA	NA	NA	NA	NA	NA	NA	NA	NA	NA	NA	NA	NA	NA	NA	NA	NA	NA	NA	NA	NA	NA	NA	NA	NA	NA	NA	NA	NA	NA	NA	NA	NA	NA	NA	NA	NA	NA	NA	NA	NA	NA	NA	NA	NA	NA
cg20747789	NA	NA	NA	NA	NA	NA	NA	NA	NA	NA	NA	NA	NA	NA	NA	NA	NA	NA	NA	NA	NA	NA	NA	NA	NA	NA	NA	NA	NA	NA	NA	NA	NA	NA	NA	NA	NA	NA	NA	NA	NA	NA	NA	NA	NA	NA	NA	NA	NA	NA	NA	NA	NA	NA	NA	NA	NA	NA	NA	NA	NA	NA	NA	NA	NA	NA	NA	NA	NA	NA	NA	NA	NA	NA	NA	NA	NA	NA	NA	NA	NA	NA	NA	NA	NA	NA	NA
cg20756175	NA	NA	NA	NA	NA	NA	NA	NA	NA	NA	NA	NA	NA	NA	NA	NA	NA	NA	NA	NA	NA	NA	NA	NA	NA	NA	NA	NA	NA	NA	NA	NA	NA	NA	NA	NA	NA	NA	NA	NA	NA	NA	NA	NA	NA	NA	NA	NA	NA	NA	NA	NA	NA	NA	NA	NA	NA	NA	NA	NA	NA	NA	NA	NA	NA	NA	NA	NA	NA	NA	NA	NA	NA	NA	NA	NA	NA	NA	NA	NA	NA	NA	NA	NA	NA	NA	NA
cg20786740	NA	NA	NA	NA	NA	NA	NA	NA	NA	NA	NA	NA	NA	NA	NA	NA	NA	NA	NA	NA	NA	NA	NA	NA	NA	NA	NA	NA	NA	NA	NA	NA	NA	NA	NA	NA	NA	NA	NA	NA	NA	NA	NA	NA	NA	NA	NA	NA	NA	NA	NA	NA	NA	NA	NA	NA	NA	NA	NA	NA	NA	NA	NA	NA	NA	NA	NA	NA	NA	NA	NA	NA	NA	NA	NA	NA	NA	NA	NA	NA	NA	NA	NA	NA	NA	NA	NA
cg20803423	NA	NA	NA	NA	NA	NA	NA	NA	NA	NA	NA	NA	NA	NA	NA	NA	NA	NA	NA	NA	NA	NA	NA	NA	NA	NA	NA	NA	NA	NA	NA	NA	NA	NA	NA	NA	NA	NA	NA	NA	NA	NA	NA	NA	NA	NA	NA	NA	NA	NA	NA	NA	NA	NA	NA	NA	NA	NA	NA	NA	NA	NA	NA	NA	NA	NA	NA	NA	NA	NA	NA	NA	NA	NA	NA	NA	NA	NA	NA	NA	NA	NA	NA	NA	NA	NA	NA
cg20808224	NA	NA	NA	NA	NA	NA	NA	NA	NA	NA	NA	NA	NA	NA	NA	NA	NA	NA	NA	NA	NA	NA	NA	NA	NA	NA	NA	NA	NA	NA	NA	NA	NA	NA	NA	NA	NA	NA	NA	NA	NA	NA	NA	NA	NA	NA	NA	NA	NA	NA	NA	NA	NA	NA	NA	NA	NA	NA	NA	NA	NA	NA	NA	NA	NA	NA	NA	NA	NA	NA	NA	NA	NA	NA	NA	NA	NA	NA	NA	NA	NA	NA	NA	NA	NA	NA	NA
cg20823181	NA	NA	NA	NA	NA	NA	NA	NA	NA	NA	NA	NA	NA	NA	NA	NA	NA	NA	NA	NA	NA	NA	NA	NA	NA	NA	NA	NA	NA	NA	NA	NA	NA	NA	NA	NA	NA	NA	NA	NA	NA	NA	NA	NA	NA	NA	NA	NA	NA	NA	NA	NA	NA	NA	NA	NA	NA	NA	NA	NA	NA	NA	NA	NA	NA	NA	NA	NA	NA	NA	NA	NA	NA	NA	NA	NA	NA	NA	NA	NA	NA	NA	NA	NA	NA	NA	NA
cg20834966	NA	NA	NA	NA	NA	NA	NA	NA	NA	NA	NA	NA	NA	NA	NA	NA	NA	NA	NA	NA	NA	NA	NA	NA	NA	NA	NA	NA	NA	NA	NA	NA	NA	NA	NA	NA	NA	NA	NA	NA	NA	NA	NA	NA	NA	NA	NA	NA	NA	NA	NA	NA	NA	NA	NA	NA	NA	NA	NA	NA	NA	NA	NA	NA	NA	NA	NA	NA	NA	NA	NA	NA	NA	NA	NA	NA	NA	NA	NA	NA	NA	NA	NA	NA	NA	NA	NA
cg20836993	NA	NA	NA	NA	NA	NA	NA	NA	NA	NA	NA	NA	NA	NA	NA	NA	NA	NA	NA	NA	NA	NA	NA	NA	NA	NA	NA	NA	NA	NA	NA	NA	NA	NA	NA	NA	NA	NA	NA	NA	NA	NA	NA	NA	NA	NA	NA	NA	NA	NA	NA	NA	NA	NA	NA	NA	NA	NA	NA	NA	NA	NA	NA	NA	NA	NA	NA	NA	NA	NA	NA	NA	NA	NA	NA	NA	NA	NA	NA	NA	NA	NA	NA	NA	NA	NA	NA
cg20854374	0.95697311510635	0.940156618460172	0.904182706218225	0.877673636328129	0.919740302036158	0.833210132880285	0.926284281017908	0.938375465662173	0.925430205283501	0.893017265315209	0.907173287496435	0.939676326138873	0.915581734395009	0.926313138364821	0.920174964067158	0.932072708079659	0.941878791567431	0.919541095129077	0.914416661058609	0.942120837147307	0.656363130105948	0.915083993910329	0.93887176125235	0.871451920526545	0.940306541732847	0.943633986069065	0.934263494648705	0.951075519865615	0.943904956634572	0.929814312534965	0.919248316559137	0.915279863036956	0.936243723519758	0.915488163715722	0.829726003309725	0.921975950902301	0.924512575382541	0.947758180050226	0.921657514202712	0.946892645943182	0.860907849495089	0.937385248751434	0.929363349420494	0.950476898874094	0.92652053343851	0.921737077464022	0.934689702032469	0.946731908463763	0.931404624741215	0.927241153937244	0.917121341494833	0.789588823141587	0.90982640865254	0.926606166303596	0.90123674048415	0.947858016717095	0.920849076956445	0.933547687976388	NA	0.942642004977389	0.890751749929512	0.929770819562544	0.938426862380436	0.929520874605217	0.900805409416174	0.942570828306876	0.931148488538244	0.933487774133924	0.909414241208701	0.939482306670015	0.937419153618742	0.922539631200865	0.912572125802564	0.912504726918322	0.949690641188093	0.931411273281875	0.904093487543071	0.922309319945317	0.771297443541029	0.923542115132034	0.925349075182893	0.84637147859948	0.948701995462692	0.91402540986663	0.846731851259939	0.931995239957247	0.933422921299318
cg20919914	0.886572457190255	0.934298431112473	0.954890683335217	0.936678951498194	0.828938549083448	0.78576186953173	0.904486574210648	0.952479528367825	0.91198321727449	0.831339803053758	0.823149223058731	0.911018751438775	0.872109655610243	0.904555907078197	0.901254388718589	0.927560610395849	0.889705225456002	0.927070189273011	0.931797746199327	0.890467933891846	0.959620439307063	0.926525721777048	0.904127974598263	0.886492646922776	0.892494404245213	0.880372953982975	0.876690522224213	0.879800758531099	0.923360918423651	0.920814865815913	0.933261050860134	0.880594015010633	0.909229960922369	0.907688568761101	0.937230063105886	0.916520469064031	0.914267203834453	0.938788215457666	0.895184635352511	0.939106114834499	0.845494067853483	0.868003113675611	0.919844675726391	0.924897338081323	0.909629682007764	0.899151724812086	0.906478139247192	0.913752468165719	0.912210480961568	0.930840207702084	0.934234725390931	0.896290902264195	0.934281576434993	0.908332354752772	0.962820912595566	0.933049186724064	0.885231750180082	0.900102508923013	0.826620904915191	0.881542940247588	0.894993198392539	0.947562741166082	0.927780183617421	0.930986235669905	0.930546889457607	0.81800375046825	0.898673296947918	0.941106382373052	0.919297649320488	0.959256049908772	0.921192214946057	0.90528172590136	0.914246510779919	0.916825736480239	0.879855927424148	0.939172314216939	0.931427039843106	0.908047847942698	0.812156889074763	0.901648109438	0.93447229014575	0.90816522336518	0.948685008503395	0.92146052959754	0.929159157131218	0.877338751869662	0.896453834158679
cg20955027	0.460523900932943	0.832270997039013	0.918411698636296	0.936004817896134	0.900561088196542	0.757978544862086	0.887718804469321	0.917355861748835	0.306514608166634	0.765159590291984	0.743305666154239	0.905577630070422	0.919665077566903	0.920639510077084	0.913070100403934	0.919589884655173	0.894064278197742	0.890750974257961	0.925841153088057	0.929578076530745	0.922782607537361	0.884267319975667	0.880382308210366	0.890507409629011	0.940973944893553	0.935673540784377	0.903625236306087	0.926298920125417	0.90688963907571	0.933234111576059	0.93719703293703	0.918738942758884	0.95485228140136	0.883052823219396	0.864947382111619	0.912635521253202	0.908128012706049	0.952915090042733	0.876856653275816	0.885024781877767	0.850454681338397	0.852646107995438	0.886433656660264	0.920310396408132	0.799850755772461	0.695165685715325	0.914307425080921	0.905726316976086	0.952074854279591	0.921934577057489	0.935625442644891	0.908406031003793	0.880493899513593	0.915906521457224	0.941929554036014	0.919403762172249	0.849235632407719	0.92671378095625	0.813854801553969	0.897382068809171	0.774734691138177	0.931734531931162	0.937035198294031	0.933441778024876	0.939345006575375	0.784326014953352	0.761790320283021	0.895251727848663	0.921873405451182	0.758045457538106	0.91122353837205	0.948622568739062	0.931519606717852	0.932919579277132	0.93165333424168	0.938944287150751	0.853637257374892	0.90703090166992	0.718938608873797	0.648233786161959	0.937645509516315	0.941812993592019	0.927566211689979	0.912351799839503	0.838846164804858	0.920620006864906	0.924114224375336
cg20970685	NA	NA	NA	NA	NA	NA	NA	NA	NA	NA	NA	NA	NA	NA	NA	NA	NA	NA	NA	NA	NA	NA	NA	NA	NA	NA	NA	NA	NA	NA	NA	NA	NA	NA	NA	NA	NA	NA	NA	NA	NA	NA	NA	NA	NA	NA	NA	NA	NA	NA	NA	NA	NA	NA	NA	NA	NA	NA	NA	NA	NA	NA	NA	NA	NA	NA	NA	NA	NA	NA	NA	NA	NA	NA	NA	NA	NA	NA	NA	NA	NA	NA	NA	NA	NA	NA	NA
cg20979307	0.754771363209617	0.972271504867931	0.968028679623753	0.959983226210977	0.801135695531955	0.668144923047817	0.979966567863765	0.978992375655537	0.880594851892866	0.643661217005845	0.821891745546888	0.977564418109118	0.97059928893945	0.933749060697177	0.924690449645417	0.958257568847147	0.932644374045038	0.94899932323585	0.969320971535754	0.974898222621372	0.975347084413478	0.968320321475796	0.966164695678368	0.922758640036587	0.968452723333831	0.950064611150848	0.882824646333476	0.926961345529974	0.975480962434613	0.973805410095208	0.964382416699367	0.976390599731461	0.94753145883751	0.968155820511115	0.967410463715859	0.956216779086515	0.942379103864668	0.972943272135733	0.910051089444381	0.972005686205976	0.761408452000393	0.674631747643473	0.909625772465518	0.969836106787357	0.77135970762341	0.907182848326278	0.939678721926181	0.971992883525747	0.942900475168045	0.954528252663342	0.953753330689681	0.966535380679798	0.957198704859778	0.960412151649209	0.97921331076124	0.966494219360607	0.949058971215397	0.951771591191339	0.69875277671316	0.950616515054576	0.954438782715581	0.971344086685761	0.979381494975424	0.921181107236762	0.968368831505169	0.814799064661369	0.961325863837132	0.961778107434479	0.885850574986661	0.962835478609555	0.962560025863281	0.970376349832461	0.950802218930247	0.939982043374991	0.929911362024998	0.956529291051942	0.939765446336863	0.932971866802551	0.635965559293273	0.89148410071777	0.981665020967871	0.956102847471525	0.975192456374405	0.924236565636941	0.961379711656252	0.916422291535722	0.921070865069264
cg20994227	NA	NA	NA	NA	NA	NA	NA	NA	NA	NA	NA	NA	NA	NA	NA	NA	NA	NA	NA	NA	NA	NA	NA	NA	NA	NA	NA	NA	NA	NA	NA	NA	NA	NA	NA	NA	NA	NA	NA	NA	NA	NA	NA	NA	NA	NA	NA	NA	NA	NA	NA	NA	NA	NA	NA	NA	NA	NA	NA	NA	NA	NA	NA	NA	NA	NA	NA	NA	NA	NA	NA	NA	NA	NA	NA	NA	NA	NA	NA	NA	NA	NA	NA	NA	NA	NA	NA
cg21004684	NA	NA	NA	NA	NA	NA	NA	NA	NA	NA	NA	NA	NA	NA	NA	NA	NA	NA	NA	NA	NA	NA	NA	NA	NA	NA	NA	NA	NA	NA	NA	NA	NA	NA	NA	NA	NA	NA	NA	NA	NA	NA	NA	NA	NA	NA	NA	NA	NA	NA	NA	NA	NA	NA	NA	NA	NA	NA	NA	NA	NA	NA	NA	NA	NA	NA	NA	NA	NA	NA	NA	NA	NA	NA	NA	NA	NA	NA	NA	NA	NA	NA	NA	NA	NA	NA	NA
cg21046959	NA	NA	NA	NA	NA	NA	NA	NA	NA	NA	NA	NA	NA	NA	NA	NA	NA	NA	NA	NA	NA	NA	NA	NA	NA	NA	NA	NA	NA	NA	NA	NA	NA	NA	NA	NA	NA	NA	NA	NA	NA	NA	NA	NA	NA	NA	NA	NA	NA	NA	NA	NA	NA	NA	NA	NA	NA	NA	NA	NA	NA	NA	NA	NA	NA	NA	NA	NA	NA	NA	NA	NA	NA	NA	NA	NA	NA	NA	NA	NA	NA	NA	NA	NA	NA	NA	NA
cg21049302	0.879131449899752	0.776044596314999	0.868821423204736	0.87973018689007	0.830496584715944	0.720074264229789	0.861328272048246	0.787800136310886	NA	0.855084793962723	0.762304886750859	0.808959924759761	0.904072370732819	0.818436993026446	0.747971997304602	0.770798460849163	0.643564611861995	0.843886604735397	0.904426280034818	0.903393242312737	0.587515671378637	0.613771402713488	0.905636482625019	0.740640356906975	0.683813192260874	0.866082351192951	0.632677785836116	0.863250118281865	0.773070610835557	0.916800101343813	0.856518613740377	0.837032746971547	0.803153241476535	0.896575251424415	0.584968852356456	0.776055844093273	0.721715786555549	0.786758728808652	0.845979190724068	0.420157960226745	0.690507075679058	0.854146780421747	0.764783372957888	0.760870740582175	0.88917870064168	0.714313667528205	0.495190733078422	0.787183211057667	0.805207285406686	0.859838200390396	0.777412759135224	0.833638698175709	0.843540184533642	0.804106864182564	0.80817465547118	0.694124440236094	0.880523458554401	0.84758625539065	0.594109712929746	0.886637748569994	0.800485361504564	0.704234759884776	0.850129860514212	0.621685340388295	0.874843495712175	0.792267200262626	0.398232816093763	0.743146716854954	0.796636387195252	0.825080729190641	0.838928608479978	0.773816269935038	0.851173708861559	0.833625646250292	0.727532168349745	0.913881428531828	0.746740242802525	0.810083572389547	0.778051212464762	0.668937436031239	0.894062921444563	0.890591253478835	0.88889876862446	0.81368639331752	0.7577867639864	0.856999564670607	0.894625956985919
cg21053644	NA	NA	NA	NA	NA	NA	NA	NA	NA	NA	NA	NA	NA	NA	NA	NA	NA	NA	NA	NA	NA	NA	NA	NA	NA	NA	NA	NA	NA	NA	NA	NA	NA	NA	NA	NA	NA	NA	NA	NA	NA	NA	NA	NA	NA	NA	NA	NA	NA	NA	NA	NA	NA	NA	NA	NA	NA	NA	NA	NA	NA	NA	NA	NA	NA	NA	NA	NA	NA	NA	NA	NA	NA	NA	NA	NA	NA	NA	NA	NA	NA	NA	NA	NA	NA	NA	NA
cg21071940	NA	NA	NA	NA	NA	NA	NA	NA	NA	NA	NA	NA	NA	NA	NA	NA	NA	NA	NA	NA	NA	NA	NA	NA	NA	NA	NA	NA	NA	NA	NA	NA	NA	NA	NA	NA	NA	NA	NA	NA	NA	NA	NA	NA	NA	NA	NA	NA	NA	NA	NA	NA	NA	NA	NA	NA	NA	NA	NA	NA	NA	NA	NA	NA	NA	NA	NA	NA	NA	NA	NA	NA	NA	NA	NA	NA	NA	NA	NA	NA	NA	NA	NA	NA	NA	NA	NA
cg21078247	NA	NA	NA	NA	NA	NA	NA	NA	NA	NA	NA	NA	NA	NA	NA	NA	NA	NA	NA	NA	NA	NA	NA	NA	NA	NA	NA	NA	NA	NA	NA	NA	NA	NA	NA	NA	NA	NA	NA	NA	NA	NA	NA	NA	NA	NA	NA	NA	NA	NA	NA	NA	NA	NA	NA	NA	NA	NA	NA	NA	NA	NA	NA	NA	NA	NA	NA	NA	NA	NA	NA	NA	NA	NA	NA	NA	NA	NA	NA	NA	NA	NA	NA	NA	NA	NA	NA
cg21101714	NA	NA	NA	NA	NA	NA	NA	NA	NA	NA	NA	NA	NA	NA	NA	NA	NA	NA	NA	NA	NA	NA	NA	NA	NA	NA	NA	NA	NA	NA	NA	NA	NA	NA	NA	NA	NA	NA	NA	NA	NA	NA	NA	NA	NA	NA	NA	NA	NA	NA	NA	NA	NA	NA	NA	NA	NA	NA	NA	NA	NA	NA	NA	NA	NA	NA	NA	NA	NA	NA	NA	NA	NA	NA	NA	NA	NA	NA	NA	NA	NA	NA	NA	NA	NA	NA	NA
cg21125095	NA	NA	NA	NA	NA	NA	NA	NA	NA	NA	NA	NA	NA	NA	NA	NA	NA	NA	NA	NA	NA	NA	NA	NA	NA	NA	NA	NA	NA	NA	NA	NA	NA	NA	NA	NA	NA	NA	NA	NA	NA	NA	NA	NA	NA	NA	NA	NA	NA	NA	NA	NA	NA	NA	NA	NA	NA	NA	NA	NA	NA	NA	NA	NA	NA	NA	NA	NA	NA	NA	NA	NA	NA	NA	NA	NA	NA	NA	NA	NA	NA	NA	NA	NA	NA	NA	NA
cg21126306	NA	NA	NA	NA	NA	NA	NA	NA	NA	NA	NA	NA	NA	NA	NA	NA	NA	NA	NA	NA	NA	NA	NA	NA	NA	NA	NA	NA	NA	NA	NA	NA	NA	NA	NA	NA	NA	NA	NA	NA	NA	NA	NA	NA	NA	NA	NA	NA	NA	NA	NA	NA	NA	NA	NA	NA	NA	NA	NA	NA	NA	NA	NA	NA	NA	NA	NA	NA	NA	NA	NA	NA	NA	NA	NA	NA	NA	NA	NA	NA	NA	NA	NA	NA	NA	NA	NA
cg21160516	NA	NA	NA	NA	NA	NA	NA	NA	NA	NA	NA	NA	NA	NA	NA	NA	NA	NA	NA	NA	NA	NA	NA	NA	NA	NA	NA	NA	NA	NA	NA	NA	NA	NA	NA	NA	NA	NA	NA	NA	NA	NA	NA	NA	NA	NA	NA	NA	NA	NA	NA	NA	NA	NA	NA	NA	NA	NA	NA	NA	NA	NA	NA	NA	NA	NA	NA	NA	NA	NA	NA	NA	NA	NA	NA	NA	NA	NA	NA	NA	NA	NA	NA	NA	NA	NA	NA
cg21169995	NA	NA	NA	NA	NA	NA	NA	NA	NA	NA	NA	NA	NA	NA	NA	NA	NA	NA	NA	NA	NA	NA	NA	NA	NA	NA	NA	NA	NA	NA	NA	NA	NA	NA	NA	NA	NA	NA	NA	NA	NA	NA	NA	NA	NA	NA	NA	NA	NA	NA	NA	NA	NA	NA	NA	NA	NA	NA	NA	NA	NA	NA	NA	NA	NA	NA	NA	NA	NA	NA	NA	NA	NA	NA	NA	NA	NA	NA	NA	NA	NA	NA	NA	NA	NA	NA	NA
cg21179412	NA	NA	NA	NA	NA	NA	NA	NA	NA	NA	NA	NA	NA	NA	NA	NA	NA	NA	NA	NA	NA	NA	NA	NA	NA	NA	NA	NA	NA	NA	NA	NA	NA	NA	NA	NA	NA	NA	NA	NA	NA	NA	NA	NA	NA	NA	NA	NA	NA	NA	NA	NA	NA	NA	NA	NA	NA	NA	NA	NA	NA	NA	NA	NA	NA	NA	NA	NA	NA	NA	NA	NA	NA	NA	NA	NA	NA	NA	NA	NA	NA	NA	NA	NA	NA	NA	NA
cg21203984	NA	NA	NA	NA	NA	NA	NA	NA	NA	NA	NA	NA	NA	NA	NA	NA	NA	NA	NA	NA	NA	NA	NA	NA	NA	NA	NA	NA	NA	NA	NA	NA	NA	NA	NA	NA	NA	NA	NA	NA	NA	NA	NA	NA	NA	NA	NA	NA	NA	NA	NA	NA	NA	NA	NA	NA	NA	NA	NA	NA	NA	NA	NA	NA	NA	NA	NA	NA	NA	NA	NA	NA	NA	NA	NA	NA	NA	NA	NA	NA	NA	NA	NA	NA	NA	NA	NA
cg21244845	NA	NA	NA	NA	NA	NA	NA	NA	NA	NA	NA	NA	NA	NA	NA	NA	NA	NA	NA	NA	NA	NA	NA	NA	NA	NA	NA	NA	NA	NA	NA	NA	NA	NA	NA	NA	NA	NA	NA	NA	NA	NA	NA	NA	NA	NA	NA	NA	NA	NA	NA	NA	NA	NA	NA	NA	NA	NA	NA	NA	NA	NA	NA	NA	NA	NA	NA	NA	NA	NA	NA	NA	NA	NA	NA	NA	NA	NA	NA	NA	NA	NA	NA	NA	NA	NA	NA
cg21267836	NA	NA	NA	NA	NA	NA	NA	NA	NA	NA	NA	NA	NA	NA	NA	NA	NA	NA	NA	NA	NA	NA	NA	NA	NA	NA	NA	NA	NA	NA	NA	NA	NA	NA	NA	NA	NA	NA	NA	NA	NA	NA	NA	NA	NA	NA	NA	NA	NA	NA	NA	NA	NA	NA	NA	NA	NA	NA	NA	NA	NA	NA	NA	NA	NA	NA	NA	NA	NA	NA	NA	NA	NA	NA	NA	NA	NA	NA	NA	NA	NA	NA	NA	NA	NA	NA	NA
cg21336434	0.931444789204306	0.905752142882465	0.63868331861595	0.906781676952371	0.915931240557026	0.899738288501457	0.884568081809275	0.909787544044168	0.119873568757411	0.902585488143803	0.884891424348428	0.90929246782328	0.915178523307552	0.922961378877389	0.864172535782145	0.865387914581502	0.830133479016781	0.904445606700891	0.906183703638959	0.901231418930646	0.399019196756774	0.856897671575717	0.908405586319221	0.699797669564191	0.906596003531369	0.904086968486704	0.926938798238603	0.915639023145513	0.860800276831257	0.925534430229669	0.864742300447728	0.924848711267125	0.931089665900871	0.57358629097447	0.790578609797851	0.86906040942592	0.86575352268649	0.944919868359671	0.872305820295293	0.649260889116448	0.910190002418914	0.919288685296493	0.889372449255149	0.90614557318033	0.911833067126882	0.92613197770858	0.936162551351083	0.812954853571376	0.906343860700484	0.904931706698684	0.933011773608789	0.929868869294954	0.880836749564461	0.917055310475618	0.86529343053004	0.678995973850095	0.883696112825242	0.903888784968896	0.915362154254372	0.929476048331784	0.898847515604052	0.922390659673387	0.843220706368074	0.827659649631562	0.861133898946719	0.905504688035061	0.859230649456562	0.871471872546829	0.87312944811677	0.866267384261939	0.913067350426783	0.942119170956578	0.92311179757639	0.915089282917927	0.920089559427189	0.888064498949212	0.76941862588361	0.940665395310964	0.904972746323241	0.876262101522774	0.917583354814804	0.950863880114043	0.896608589780136	0.819883175333848	0.792184192935671	0.869826482075245	0.938126168149622
cg21358429	NA	NA	NA	NA	NA	NA	NA	NA	NA	NA	NA	NA	NA	NA	NA	NA	NA	NA	NA	NA	NA	NA	NA	NA	NA	NA	NA	NA	NA	NA	NA	NA	NA	NA	NA	NA	NA	NA	NA	NA	NA	NA	NA	NA	NA	NA	NA	NA	NA	NA	NA	NA	NA	NA	NA	NA	NA	NA	NA	NA	NA	NA	NA	NA	NA	NA	NA	NA	NA	NA	NA	NA	NA	NA	NA	NA	NA	NA	NA	NA	NA	NA	NA	NA	NA	NA	NA
cg21397124	NA	NA	NA	NA	NA	NA	NA	NA	NA	NA	NA	NA	NA	NA	NA	NA	NA	NA	NA	NA	NA	NA	NA	NA	NA	NA	NA	NA	NA	NA	NA	NA	NA	NA	NA	NA	NA	NA	NA	NA	NA	NA	NA	NA	NA	NA	NA	NA	NA	NA	NA	NA	NA	NA	NA	NA	NA	NA	NA	NA	NA	NA	NA	NA	NA	NA	NA	NA	NA	NA	NA	NA	NA	NA	NA	NA	NA	NA	NA	NA	NA	NA	NA	NA	NA	NA	NA
cg21414905	0.901185786305071	0.816568803746894	0.769095441887981	0.769631759660031	0.789304425985868	0.837941584524766	NA	0.599083788474466	0.835532889617922	0.831148451858686	0.746667606381717	0.752559668307518	0.863204308115823	NA	NA	NA	NA	0.792455001621225	0.776425354943531	0.849206133106848	0.801469862029178	0.526512577987224	0.775993534515758	0.850544221144248	0.240200672925831	0.822250983844937	0.55905638593195	0.876033179752479	0.707673480150555	0.861182939441689	0.750304949502945	0.595567439781233	0.3888382011525	0.755461199298561	0.690394126402688	0.800018373008708	0.704208187325847	0.821320565134851	0.850244684526905	0.442275789069989	0.619869300818632	0.845116717531809	0.850829622124146	0.806792624112655	0.833286072801935	0.805153545357394	0.854563827662915	0.6866894958432	0.856232166184865	0.825057182375943	0.24154363035067	0.82752711161509	0.534709969668311	0.80295052557181	0.748442428901914	NA	0.802160713468862	0.79857127390866	0.839657560241496	0.785285190125048	NA	0.810692042908445	0.569429761228307	0.656432730368957	0.366259386465875	0.790006413981869	NA	0.550466307985081	0.798143468923088	0.530822708140134	0.803383345969654	0.903196908306781	NA	NA	NA	0.223396414697136	0.710117532743021	0.830985945291399	0.798197123697091	0.227224154040423	0.781863856997472	0.872060422466802	NA	0.691329643865495	NA	0.820694799914273	0.902493570084689
cg21429544	NA	NA	NA	NA	NA	NA	NA	NA	NA	NA	NA	NA	NA	NA	NA	NA	NA	NA	NA	NA	NA	NA	NA	NA	NA	NA	NA	NA	NA	NA	NA	NA	NA	NA	NA	NA	NA	NA	NA	NA	NA	NA	NA	NA	NA	NA	NA	NA	NA	NA	NA	NA	NA	NA	NA	NA	NA	NA	NA	NA	NA	NA	NA	NA	NA	NA	NA	NA	NA	NA	NA	NA	NA	NA	NA	NA	NA	NA	NA	NA	NA	NA	NA	NA	NA	NA	NA
cg21443763	0.677116012182301	0.9050862104561	0.895115152944224	0.91303133425763	0.877900757454809	0.581557568382794	0.911038722491217	0.937934307191229	0.564405896774152	0.899852158319475	0.910854755792221	0.915536754001716	0.881976385962195	0.930864776296505	0.874418285554967	0.885481113636495	0.894337632274781	0.924181243734046	0.922613635117813	0.946897082654567	0.837108418292803	0.936512722340468	0.919372366090455	0.872444025562503	0.94823153461844	0.930220324627439	0.930260765679309	0.87605324137147	0.940028798728657	0.938546547804711	0.938973374295469	0.922974822859277	0.910909285113469	0.912340508330878	0.893891427354194	0.877515372377384	0.876112989994425	0.941837659031519	0.772067329661911	0.929574520742721	0.714612805672107	0.907907972937595	0.934862268489663	0.933215145583589	0.820874341889216	0.911941665319037	0.917727828465852	0.930137054223254	0.918148634450505	0.926497044732633	0.942852708561484	0.925827705273261	0.877612358963765	0.915734965793204	0.937044285054213	0.777482947834988	0.918357040986097	0.938931817512677	0.892035437061776	0.925630261508666	0.91590141099287	0.946898378332934	0.916850414801567	0.894418300216911	0.941069061142423	0.768448539485114	0.920544096030816	0.917088814602642	0.780206129702633	0.942806617831744	0.914542543510374	0.93346282549662	0.912554458531479	0.898651378782445	0.925576604196961	0.947352994248629	0.888005662491014	0.926253198285987	0.765479679918492	0.907037191510522	0.946958157907611	0.929454841093744	0.94036210227321	0.961636853495975	0.909803645739101	0.923340895020047	0.909916142965236
cg21469820	NA	NA	NA	NA	NA	NA	NA	NA	NA	NA	NA	NA	NA	NA	NA	NA	NA	NA	NA	NA	NA	NA	NA	NA	NA	NA	NA	NA	NA	NA	NA	NA	NA	NA	NA	NA	NA	NA	NA	NA	NA	NA	NA	NA	NA	NA	NA	NA	NA	NA	NA	NA	NA	NA	NA	NA	NA	NA	NA	NA	NA	NA	NA	NA	NA	NA	NA	NA	NA	NA	NA	NA	NA	NA	NA	NA	NA	NA	NA	NA	NA	NA	NA	NA	NA	NA	NA
cg21483702	NA	NA	NA	NA	NA	NA	NA	NA	NA	NA	NA	NA	NA	NA	NA	NA	NA	NA	NA	NA	NA	NA	NA	NA	NA	NA	NA	NA	NA	NA	NA	NA	NA	NA	NA	NA	NA	NA	NA	NA	NA	NA	NA	NA	NA	NA	NA	NA	NA	NA	NA	NA	NA	NA	NA	NA	NA	NA	NA	NA	NA	NA	NA	NA	NA	NA	NA	NA	NA	NA	NA	NA	NA	NA	NA	NA	NA	NA	NA	NA	NA	NA	NA	NA	NA	NA	NA
cg21502695	NA	NA	NA	NA	NA	NA	NA	NA	NA	NA	NA	NA	NA	NA	NA	NA	NA	NA	NA	NA	NA	NA	NA	NA	NA	NA	NA	NA	NA	NA	NA	NA	NA	NA	NA	NA	NA	NA	NA	NA	NA	NA	NA	NA	NA	NA	NA	NA	NA	NA	NA	NA	NA	NA	NA	NA	NA	NA	NA	NA	NA	NA	NA	NA	NA	NA	NA	NA	NA	NA	NA	NA	NA	NA	NA	NA	NA	NA	NA	NA	NA	NA	NA	NA	NA	NA	NA
cg21512370	0.790608168840756	0.752321021543226	0.714370744039387	0.716835036455247	0.570077902090042	0.571582655104882	0.611736505218068	0.719142982603977	0.48502065875222	0.678364167547883	0.577094765116148	0.632644715731333	0.57224511689944	0.726194484315713	0.622435493178161	0.583313050205519	0.62343465636342	0.622398331588103	0.625563461978075	0.62800014747769	0.665543358688753	0.584949512071656	0.584142499761281	0.618032955174126	0.711152270499318	0.646309323717279	0.616353157617025	0.610164117639641	0.66078348442459	0.70931648882482	0.616366858425468	0.565556228893648	0.589978799308941	0.622881492357608	0.67219931718174	0.673492627603217	0.588983198512435	0.721318807185077	0.595849024133378	0.786371292224339	0.548689368466124	0.618924227917509	0.620162215467297	0.60969124428934	0.605332759052872	0.649181537296995	0.497666732117257	0.600538485271652	0.628245636639391	0.596446189698466	0.713515537378095	0.60289168159559	0.601953286117676	0.544213589215066	0.726917319113806	0.683476717043208	0.554481983216364	0.672781541772611	0.586237331885801	0.531180301230981	0.538945498768866	0.782431959244035	0.744628182439578	0.654018524790392	0.772852229403177	0.550297780496184	0.684484136892746	0.644021119369203	0.643531368242357	0.749161754139474	0.640549693877667	0.624899016196019	0.615371028306108	0.626561750456398	0.620336063809073	0.629684456437872	0.559027794624655	0.54301829938152	0.647536359164949	0.644908254480232	0.761123357332349	0.614035856632343	0.740791600844546	0.68169304738319	0.601558476126793	0.641853245985128	0.578590269509297
cg21532334	NA	NA	NA	NA	NA	NA	NA	NA	NA	NA	NA	NA	NA	NA	NA	NA	NA	NA	NA	NA	NA	NA	NA	NA	NA	NA	NA	NA	NA	NA	NA	NA	NA	NA	NA	NA	NA	NA	NA	NA	NA	NA	NA	NA	NA	NA	NA	NA	NA	NA	NA	NA	NA	NA	NA	NA	NA	NA	NA	NA	NA	NA	NA	NA	NA	NA	NA	NA	NA	NA	NA	NA	NA	NA	NA	NA	NA	NA	NA	NA	NA	NA	NA	NA	NA	NA	NA
cg21579959	NA	NA	NA	NA	NA	NA	NA	NA	NA	NA	NA	NA	NA	NA	NA	NA	NA	NA	NA	NA	NA	NA	NA	NA	NA	NA	NA	NA	NA	NA	NA	NA	NA	NA	NA	NA	NA	NA	NA	NA	NA	NA	NA	NA	NA	NA	NA	NA	NA	NA	NA	NA	NA	NA	NA	NA	NA	NA	NA	NA	NA	NA	NA	NA	NA	NA	NA	NA	NA	NA	NA	NA	NA	NA	NA	NA	NA	NA	NA	NA	NA	NA	NA	NA	NA	NA	NA
cg21583727	NA	NA	NA	NA	NA	NA	NA	NA	NA	NA	NA	NA	NA	NA	NA	NA	NA	NA	NA	NA	NA	NA	NA	NA	NA	NA	NA	NA	NA	NA	NA	NA	NA	NA	NA	NA	NA	NA	NA	NA	NA	NA	NA	NA	NA	NA	NA	NA	NA	NA	NA	NA	NA	NA	NA	NA	NA	NA	NA	NA	NA	NA	NA	NA	NA	NA	NA	NA	NA	NA	NA	NA	NA	NA	NA	NA	NA	NA	NA	NA	NA	NA	NA	NA	NA	NA	NA
cg21593015	0.682322589890591	0.84945868834828	0.807654940600803	0.900213463022141	0.788395684773771	0.544616024520747	0.889789750731706	0.769547050311733	0.254092489457889	0.819619964537008	0.758668115580073	0.83341545759707	0.906368539355827	0.797945286201447	0.65587439421001	0.86311471373448	0.671566649375115	0.82830824390084	0.651845694052243	0.355607542893925	0.321949031205236	0.806909590117958	0.894743600716232	0.347485880082843	0.895976706861842	0.922655328380297	0.862454856380137	0.907088897996062	0.765207833478199	0.928959670846339	0.874787200986094	0.886602979376935	0.885485896413308	0.798351446404751	0.653070561611429	0.756680490346661	0.751243034617388	0.892760984319929	0.578109890027241	0.676163516587576	0.875861335531728	0.91801614719981	0.942811168237869	0.855785530351265	0.885995507609124	0.884419286433572	0.924845329490663	0.80167515133747	0.871584361710675	0.797066109581218	0.906596503853668	0.902437752830859	0.633805800336038	0.790225302606605	0.826136724461379	0.56278735290037	0.890371238622333	0.862768637481972	0.290011741035867	0.929411354096371	0.84642959548796	0.58975379303539	0.866781405430325	0.697474179229507	0.662507465804777	0.466635884397173	0.830934152557106	0.763227104256349	0.878191742631969	0.849238462006136	0.805347025588154	0.899324326951588	0.900351410537803	0.698678572406072	0.904988201648849	0.834254229667377	0.597581950315395	0.918876854657652	0.64463484083597	0.863122333290097	0.891291356477319	0.91975341176277	0.669699395038164	0.676977921602847	0.708010846419557	0.890381265723264	0.932807716309194
cg21606086	NA	NA	NA	NA	NA	NA	NA	NA	NA	NA	NA	NA	NA	NA	NA	NA	NA	NA	NA	NA	NA	NA	NA	NA	NA	NA	NA	NA	NA	NA	NA	NA	NA	NA	NA	NA	NA	NA	NA	NA	NA	NA	NA	NA	NA	NA	NA	NA	NA	NA	NA	NA	NA	NA	NA	NA	NA	NA	NA	NA	NA	NA	NA	NA	NA	NA	NA	NA	NA	NA	NA	NA	NA	NA	NA	NA	NA	NA	NA	NA	NA	NA	NA	NA	NA	NA	NA
cg21615915	0.840347830140104	0.883697179583257	0.569293492724945	0.876807913820886	0.723184753567442	0.811842320223445	0.745830157070503	0.690073511346022	0.784422417212618	0.809591660368279	0.690140201744466	0.855939105226914	0.804904870503004	0.873926647943288	0.648273922014436	0.696669606448698	0.493451514892286	0.720339223704664	0.830589819037235	0.815470655803898	0.762967566601485	0.667855739781801	0.840935364338868	0.917467528447139	0.863871752303193	0.815885524344262	0.860559366414904	0.749069823716334	0.598909669229917	0.915250599562954	0.79960846654498	0.827832170562524	0.761967128033871	0.855782456628137	0.519707359694196	0.632622174193761	0.807356309983257	0.867473954075779	0.829375304574248	0.317975479885656	0.850252582674528	0.829436823723238	0.881635058288043	0.836776314085546	0.684932582420518	0.877935505958842	0.886746477621731	0.487424764961	0.767310953162253	0.727264723366835	0.889314537515255	0.860785213081736	0.716867592397402	0.861159568492284	0.651018604007819	0.811694407604651	0.877501597591163	0.781596424596374	0.823725684715932	0.849844886705467	0.85466671446204	0.820253615091543	0.830066947848154	0.551028667303465	0.492185422645558	0.79641173527133	0.874273017288265	0.714820532396587	0.874707985075039	0.759002822240948	0.723478099853005	0.909728624726766	0.815654227043732	0.786214826223284	0.820849903767274	0.808725236417305	0.546182261386727	0.89628892569766	0.746211138167017	0.80856030578657	0.720213645778688	0.815096199870823	0.759239917303308	0.855635845222204	0.584997413028358	0.812247579689686	0.876624970393357
cg21618529	NA	NA	NA	NA	NA	NA	NA	NA	NA	NA	NA	NA	NA	NA	NA	NA	NA	NA	NA	NA	NA	NA	NA	NA	NA	NA	NA	NA	NA	NA	NA	NA	NA	NA	NA	NA	NA	NA	NA	NA	NA	NA	NA	NA	NA	NA	NA	NA	NA	NA	NA	NA	NA	NA	NA	NA	NA	NA	NA	NA	NA	NA	NA	NA	NA	NA	NA	NA	NA	NA	NA	NA	NA	NA	NA	NA	NA	NA	NA	NA	NA	NA	NA	NA	NA	NA	NA
cg21618784	NA	NA	NA	NA	NA	NA	NA	NA	NA	NA	NA	NA	NA	NA	NA	NA	NA	NA	NA	NA	NA	NA	NA	NA	NA	NA	NA	NA	NA	NA	NA	NA	NA	NA	NA	NA	NA	NA	NA	NA	NA	NA	NA	NA	NA	NA	NA	NA	NA	NA	NA	NA	NA	NA	NA	NA	NA	NA	NA	NA	NA	NA	NA	NA	NA	NA	NA	NA	NA	NA	NA	NA	NA	NA	NA	NA	NA	NA	NA	NA	NA	NA	NA	NA	NA	NA	NA
cg21647407	NA	NA	NA	NA	NA	NA	NA	NA	NA	NA	NA	NA	NA	NA	NA	NA	NA	NA	NA	NA	NA	NA	NA	NA	NA	NA	NA	NA	NA	NA	NA	NA	NA	NA	NA	NA	NA	NA	NA	NA	NA	NA	NA	NA	NA	NA	NA	NA	NA	NA	NA	NA	NA	NA	NA	NA	NA	NA	NA	NA	NA	NA	NA	NA	NA	NA	NA	NA	NA	NA	NA	NA	NA	NA	NA	NA	NA	NA	NA	NA	NA	NA	NA	NA	NA	NA	NA
cg21690921	NA	NA	NA	NA	NA	NA	NA	NA	NA	NA	NA	NA	NA	NA	NA	NA	NA	NA	NA	NA	NA	NA	NA	NA	NA	NA	NA	NA	NA	NA	NA	NA	NA	NA	NA	NA	NA	NA	NA	NA	NA	NA	NA	NA	NA	NA	NA	NA	NA	NA	NA	NA	NA	NA	NA	NA	NA	NA	NA	NA	NA	NA	NA	NA	NA	NA	NA	NA	NA	NA	NA	NA	NA	NA	NA	NA	NA	NA	NA	NA	NA	NA	NA	NA	NA	NA	NA
cg21694626	NA	NA	NA	NA	NA	NA	NA	NA	NA	NA	NA	NA	NA	NA	NA	NA	NA	NA	NA	NA	NA	NA	NA	NA	NA	NA	NA	NA	NA	NA	NA	NA	NA	NA	NA	NA	NA	NA	NA	NA	NA	NA	NA	NA	NA	NA	NA	NA	NA	NA	NA	NA	NA	NA	NA	NA	NA	NA	NA	NA	NA	NA	NA	NA	NA	NA	NA	NA	NA	NA	NA	NA	NA	NA	NA	NA	NA	NA	NA	NA	NA	NA	NA	NA	NA	NA	NA
cg21767461	NA	NA	NA	NA	NA	NA	NA	NA	NA	NA	NA	NA	NA	NA	NA	NA	NA	NA	NA	NA	NA	NA	NA	NA	NA	NA	NA	NA	NA	NA	NA	NA	NA	NA	NA	NA	NA	NA	NA	NA	NA	NA	NA	NA	NA	NA	NA	NA	NA	NA	NA	NA	NA	NA	NA	NA	NA	NA	NA	NA	NA	NA	NA	NA	NA	NA	NA	NA	NA	NA	NA	NA	NA	NA	NA	NA	NA	NA	NA	NA	NA	NA	NA	NA	NA	NA	NA
cg21797973	NA	NA	NA	NA	NA	NA	NA	NA	NA	NA	NA	NA	NA	NA	NA	NA	NA	NA	NA	NA	NA	NA	NA	NA	NA	NA	NA	NA	NA	NA	NA	NA	NA	NA	NA	NA	NA	NA	NA	NA	NA	NA	NA	NA	NA	NA	NA	NA	NA	NA	NA	NA	NA	NA	NA	NA	NA	NA	NA	NA	NA	NA	NA	NA	NA	NA	NA	NA	NA	NA	NA	NA	NA	NA	NA	NA	NA	NA	NA	NA	NA	NA	NA	NA	NA	NA	NA
cg21801085	NA	NA	NA	NA	NA	NA	NA	NA	NA	NA	NA	NA	NA	NA	NA	NA	NA	NA	NA	NA	NA	NA	NA	NA	NA	NA	NA	NA	NA	NA	NA	NA	NA	NA	NA	NA	NA	NA	NA	NA	NA	NA	NA	NA	NA	NA	NA	NA	NA	NA	NA	NA	NA	NA	NA	NA	NA	NA	NA	NA	NA	NA	NA	NA	NA	NA	NA	NA	NA	NA	NA	NA	NA	NA	NA	NA	NA	NA	NA	NA	NA	NA	NA	NA	NA	NA	NA
cg21803141	NA	NA	NA	NA	NA	NA	NA	NA	NA	NA	NA	NA	NA	NA	NA	NA	NA	NA	NA	NA	NA	NA	NA	NA	NA	NA	NA	NA	NA	NA	NA	NA	NA	NA	NA	NA	NA	NA	NA	NA	NA	NA	NA	NA	NA	NA	NA	NA	NA	NA	NA	NA	NA	NA	NA	NA	NA	NA	NA	NA	NA	NA	NA	NA	NA	NA	NA	NA	NA	NA	NA	NA	NA	NA	NA	NA	NA	NA	NA	NA	NA	NA	NA	NA	NA	NA	NA
cg21835298	NA	NA	NA	NA	NA	NA	NA	NA	NA	NA	NA	NA	NA	NA	NA	NA	NA	NA	NA	NA	NA	NA	NA	NA	NA	NA	NA	NA	NA	NA	NA	NA	NA	NA	NA	NA	NA	NA	NA	NA	NA	NA	NA	NA	NA	NA	NA	NA	NA	NA	NA	NA	NA	NA	NA	NA	NA	NA	NA	NA	NA	NA	NA	NA	NA	NA	NA	NA	NA	NA	NA	NA	NA	NA	NA	NA	NA	NA	NA	NA	NA	NA	NA	NA	NA	NA	NA
cg21840672	NA	NA	NA	NA	NA	NA	NA	NA	NA	NA	NA	NA	NA	NA	NA	NA	NA	NA	NA	NA	NA	NA	NA	NA	NA	NA	NA	NA	NA	NA	NA	NA	NA	NA	NA	NA	NA	NA	NA	NA	NA	NA	NA	NA	NA	NA	NA	NA	NA	NA	NA	NA	NA	NA	NA	NA	NA	NA	NA	NA	NA	NA	NA	NA	NA	NA	NA	NA	NA	NA	NA	NA	NA	NA	NA	NA	NA	NA	NA	NA	NA	NA	NA	NA	NA	NA	NA
cg21844726	NA	NA	NA	NA	NA	NA	NA	NA	NA	NA	NA	NA	NA	NA	NA	NA	NA	NA	NA	NA	NA	NA	NA	NA	NA	NA	NA	NA	NA	NA	NA	NA	NA	NA	NA	NA	NA	NA	NA	NA	NA	NA	NA	NA	NA	NA	NA	NA	NA	NA	NA	NA	NA	NA	NA	NA	NA	NA	NA	NA	NA	NA	NA	NA	NA	NA	NA	NA	NA	NA	NA	NA	NA	NA	NA	NA	NA	NA	NA	NA	NA	NA	NA	NA	NA	NA	NA
cg21934337	NA	NA	NA	NA	NA	NA	NA	NA	NA	NA	NA	NA	NA	NA	NA	NA	NA	NA	NA	NA	NA	NA	NA	NA	NA	NA	NA	NA	NA	NA	NA	NA	NA	NA	NA	NA	NA	NA	NA	NA	NA	NA	NA	NA	NA	NA	NA	NA	NA	NA	NA	NA	NA	NA	NA	NA	NA	NA	NA	NA	NA	NA	NA	NA	NA	NA	NA	NA	NA	NA	NA	NA	NA	NA	NA	NA	NA	NA	NA	NA	NA	NA	NA	NA	NA	NA	NA
cg22001073	NA	NA	NA	NA	NA	NA	NA	NA	NA	NA	NA	NA	NA	NA	NA	NA	NA	NA	NA	NA	NA	NA	NA	NA	NA	NA	NA	NA	NA	NA	NA	NA	NA	NA	NA	NA	NA	NA	NA	NA	NA	NA	NA	NA	NA	NA	NA	NA	NA	NA	NA	NA	NA	NA	NA	NA	NA	NA	NA	NA	NA	NA	NA	NA	NA	NA	NA	NA	NA	NA	NA	NA	NA	NA	NA	NA	NA	NA	NA	NA	NA	NA	NA	NA	NA	NA	NA
cg22042157	NA	NA	NA	NA	NA	NA	NA	NA	NA	NA	NA	NA	NA	NA	NA	NA	NA	NA	NA	NA	NA	NA	NA	NA	NA	NA	NA	NA	NA	NA	NA	NA	NA	NA	NA	NA	NA	NA	NA	NA	NA	NA	NA	NA	NA	NA	NA	NA	NA	NA	NA	NA	NA	NA	NA	NA	NA	NA	NA	NA	NA	NA	NA	NA	NA	NA	NA	NA	NA	NA	NA	NA	NA	NA	NA	NA	NA	NA	NA	NA	NA	NA	NA	NA	NA	NA	NA
cg22064390	0.91634897056251	0.687565457463426	0.922662237853283	0.911576191545495	0.930549828518034	0.954287678919913	0.93923523690213	0.663648621148514	0.941608036626996	0.887667230443012	0.549904391175629	0.938394909752015	0.864521374526696	0.850815660878635	0.898466088725937	0.946305423871959	0.933194810012663	0.962031471215091	0.911399178904068	0.578491745821847	0.94210389363251	0.949993823728313	0.93585037357648	0.940847715091859	0.962727197322295	0.953526775176629	0.941114460307345	0.956015984833553	0.953907704285325	0.966759179617084	0.938381841660815	0.948287253632067	0.950582277272454	0.56756179889207	0.896743664519539	0.937441164979671	0.818048620340698	0.86622219527401	0.88088545915584	0.906647003989257	0.905245622683125	0.928889631301465	0.466548457071411	0.924134085816748	0.959542894581621	0.954134935632428	0.925663105061464	0.943877621748613	0.946953647730728	0.639760706605931	0.923271313575624	0.912036314826078	0.946324151171949	0.95471177897451	0.933837703493179	0.947596350372388	0.956498105730005	0.958501096498202	0.933134729283335	0.915009489247812	0.956554217681453	0.937217692465168	0.9053594765121	0.956957506110694	0.935372071668759	0.949091059993798	0.904369034421463	0.946884992368063	0.924243847631424	0.96339826142196	0.95669829051105	0.883146638528343	0.895223180838098	0.936603003370508	0.848670259027183	0.943084428632714	0.874897695208622	0.346902468327917	0.9165026241296	0.958984078863883	0.819397068609772	0.336784081499887	0.948061283244018	0.922554563502619	0.938337755208316	0.935038201701107	0.900774868446569
cg22073507	NA	NA	NA	NA	NA	NA	NA	NA	NA	NA	NA	NA	NA	NA	NA	NA	NA	NA	NA	NA	NA	NA	NA	NA	NA	NA	NA	NA	NA	NA	NA	NA	NA	NA	NA	NA	NA	NA	NA	NA	NA	NA	NA	NA	NA	NA	NA	NA	NA	NA	NA	NA	NA	NA	NA	NA	NA	NA	NA	NA	NA	NA	NA	NA	NA	NA	NA	NA	NA	NA	NA	NA	NA	NA	NA	NA	NA	NA	NA	NA	NA	NA	NA	NA	NA	NA	NA
cg22117193	NA	NA	NA	NA	NA	NA	NA	NA	NA	NA	NA	NA	NA	NA	NA	NA	NA	NA	NA	NA	NA	NA	NA	NA	NA	NA	NA	NA	NA	NA	NA	NA	NA	NA	NA	NA	NA	NA	NA	NA	NA	NA	NA	NA	NA	NA	NA	NA	NA	NA	NA	NA	NA	NA	NA	NA	NA	NA	NA	NA	NA	NA	NA	NA	NA	NA	NA	NA	NA	NA	NA	NA	NA	NA	NA	NA	NA	NA	NA	NA	NA	NA	NA	NA	NA	NA	NA
cg22127299	NA	NA	NA	NA	NA	NA	NA	NA	NA	NA	NA	NA	NA	NA	NA	NA	NA	NA	NA	NA	NA	NA	NA	NA	NA	NA	NA	NA	NA	NA	NA	NA	NA	NA	NA	NA	NA	NA	NA	NA	NA	NA	NA	NA	NA	NA	NA	NA	NA	NA	NA	NA	NA	NA	NA	NA	NA	NA	NA	NA	NA	NA	NA	NA	NA	NA	NA	NA	NA	NA	NA	NA	NA	NA	NA	NA	NA	NA	NA	NA	NA	NA	NA	NA	NA	NA	NA
cg22134372	NA	NA	NA	NA	NA	NA	NA	NA	NA	NA	NA	NA	NA	NA	NA	NA	NA	NA	NA	NA	NA	NA	NA	NA	NA	NA	NA	NA	NA	NA	NA	NA	NA	NA	NA	NA	NA	NA	NA	NA	NA	NA	NA	NA	NA	NA	NA	NA	NA	NA	NA	NA	NA	NA	NA	NA	NA	NA	NA	NA	NA	NA	NA	NA	NA	NA	NA	NA	NA	NA	NA	NA	NA	NA	NA	NA	NA	NA	NA	NA	NA	NA	NA	NA	NA	NA	NA
cg22149095	NA	NA	NA	NA	NA	NA	NA	NA	NA	NA	NA	NA	NA	NA	NA	NA	NA	NA	NA	NA	NA	NA	NA	NA	NA	NA	NA	NA	NA	NA	NA	NA	NA	NA	NA	NA	NA	NA	NA	NA	NA	NA	NA	NA	NA	NA	NA	NA	NA	NA	NA	NA	NA	NA	NA	NA	NA	NA	NA	NA	NA	NA	NA	NA	NA	NA	NA	NA	NA	NA	NA	NA	NA	NA	NA	NA	NA	NA	NA	NA	NA	NA	NA	NA	NA	NA	NA
cg22168674	NA	NA	NA	NA	NA	NA	NA	NA	NA	NA	NA	NA	NA	NA	NA	NA	NA	NA	NA	NA	NA	NA	NA	NA	NA	NA	NA	NA	NA	NA	NA	NA	NA	NA	NA	NA	NA	NA	NA	NA	NA	NA	NA	NA	NA	NA	NA	NA	NA	NA	NA	NA	NA	NA	NA	NA	NA	NA	NA	NA	NA	NA	NA	NA	NA	NA	NA	NA	NA	NA	NA	NA	NA	NA	NA	NA	NA	NA	NA	NA	NA	NA	NA	NA	NA	NA	NA
cg22170222	NA	NA	NA	NA	NA	NA	NA	NA	NA	NA	NA	NA	NA	NA	NA	NA	NA	NA	NA	NA	NA	NA	NA	NA	NA	NA	NA	NA	NA	NA	NA	NA	NA	NA	NA	NA	NA	NA	NA	NA	NA	NA	NA	NA	NA	NA	NA	NA	NA	NA	NA	NA	NA	NA	NA	NA	NA	NA	NA	NA	NA	NA	NA	NA	NA	NA	NA	NA	NA	NA	NA	NA	NA	NA	NA	NA	NA	NA	NA	NA	NA	NA	NA	NA	NA	NA	NA
cg22233425	NA	NA	NA	NA	NA	NA	NA	NA	NA	NA	NA	NA	NA	NA	NA	NA	NA	NA	NA	NA	0.899878392708399	NA	NA	NA	NA	NA	NA	NA	NA	NA	NA	NA	NA	NA	NA	NA	NA	0.858436379265851	NA	NA	NA	NA	NA	NA	NA	NA	NA	NA	NA	NA	NA	NA	NA	NA	NA	NA	NA	NA	NA	NA	NA	NA	NA	NA	NA	NA	NA	NA	NA	NA	NA	0.865241196433151	NA	NA	NA	NA	NA	NA	NA	NA	NA	NA	NA	NA	NA	NA	NA
cg22246565	NA	NA	NA	NA	NA	NA	NA	NA	NA	NA	NA	NA	NA	NA	NA	NA	NA	NA	NA	NA	NA	NA	NA	NA	NA	NA	NA	NA	NA	NA	NA	NA	NA	NA	NA	NA	NA	NA	NA	NA	NA	NA	NA	NA	NA	NA	NA	NA	NA	NA	NA	NA	NA	NA	NA	NA	NA	NA	NA	NA	NA	NA	NA	NA	NA	NA	NA	NA	NA	NA	NA	NA	NA	NA	NA	NA	NA	NA	NA	NA	NA	NA	NA	NA	NA	NA	NA
cg22254464	0.186794070043456	0.529936599485419	0.423626644907083	0.140491970031567	0.331623417352762	0.25227276649761	0.453496839212306	0.508160464493503	0.0908543745798541	0.509240295158979	0.379452482401845	0.315548076129219	0.199916952841897	0.345151054008406	0.397092228421581	0.41198361252791	0.581940678559526	0.362554235055295	0.445657427333213	0.224850861376361	0.398853173083574	0.618515943021696	0.314217766345689	0.0683034820262748	0.528818098707137	0.225478617275653	0.213071574735017	0.407934218788906	0.689957468707717	0.290952178557589	0.594536683879867	0.193877924278719	0.347182184022249	0.298681304160223	0.470844804395875	0.410271398880722	0.699263474676021	0.254282995903121	0.324083517080845	0.440390059496717	0.312310192640066	0.229355988225738	0.262346967806425	0.3114170473114	0.285917899778655	0.87559810394251	0.421721770435368	0.521635364794931	0.212601582130497	0.522809999336078	0.272919566533451	0.182758577168821	0.390441712926172	0.56104894178278	0.401362371292728	0.429781778665038	0.586834009295068	0.295547532267492	0.371565513709483	0.413589107987552	0.164591795061755	0.256451750462721	0.631969511586913	0.496999159451737	0.698864830767881	0.286081094084722	0.260107637317005	0.505734882645525	0.179740908942293	0.571830300189373	0.379774984120105	0.285262753218217	0.233808621268216	0.563549348799069	0.328874719922869	0.4402670258902	0.497635540729799	0.213894832113525	0.213820929971693	0.211242142168259	0.572155048560971	0.141433860255192	0.517610274718786	0.18533145405026	0.559513227556712	0.29594541205824	0.138280641135151
cg22329153	0.681947126628987	0.616334432464575	0.931302327803821	0.893863902817994	0.88843793077562	0.880202365783205	0.916138850781657	0.858769654536758	0.915089508820188	0.562486282270524	0.825726178981799	0.883860819061525	0.808228946169885	0.895722942113441	0.873691033137478	0.877874045067969	0.85427125308044	0.883749991781189	0.925703003480124	0.888296298833814	0.922430496555293	0.897812697746623	0.850581503582423	0.757921923551049	0.892616648189023	0.897596292310661	0.89094548103738	0.891261238673342	0.933632375972132	0.616564252286924	0.912531952596793	0.876724581942922	0.859218629171406	0.89382552388431	0.886470330048942	0.902083087772571	0.717068402348004	0.910739475921078	0.88236630738223	0.936464874239161	0.864395685964946	0.872805891885115	0.844055687508508	0.91350316858405	0.901131724463692	0.907223329320789	0.561896960910217	0.887632166754365	0.871075402899561	0.916741311974206	0.904575319238831	0.888090257852971	0.896043274275539	0.942215329816769	0.792384078558201	0.882030453430532	0.890358499500752	0.55823580793151	0.865949742405814	0.894696888776433	0.820001923074576	0.914857813583912	0.908135764925615	0.906474141157298	0.708416168778776	0.896398545944296	0.879960664935527	0.900811228564675	0.886038466744558	0.9217561188824	0.889672002425883	0.591889893819408	0.891221490356018	0.905675673839626	0.909360227447625	0.88131045003315	0.868508910945995	0.893405891221165	0.925766373982347	0.942470474303964	0.868820394574677	0.264031828645933	0.739794553797202	0.907820261544801	0.87875169227246	0.924721970488327	0.771546583767367
cg22378095	NA	NA	NA	NA	NA	NA	NA	NA	NA	NA	NA	NA	NA	NA	NA	NA	NA	NA	NA	NA	NA	NA	NA	NA	NA	NA	NA	NA	NA	NA	NA	NA	NA	NA	NA	NA	NA	NA	NA	NA	NA	NA	NA	NA	NA	NA	NA	NA	NA	NA	NA	NA	NA	NA	NA	NA	NA	NA	NA	NA	NA	NA	NA	NA	NA	NA	NA	NA	NA	NA	NA	NA	NA	NA	NA	NA	NA	NA	NA	NA	NA	NA	NA	NA	NA	NA	NA
cg22384010	NA	NA	NA	NA	NA	NA	NA	NA	NA	NA	NA	NA	NA	NA	NA	NA	NA	NA	NA	NA	NA	NA	NA	NA	NA	NA	NA	NA	NA	NA	NA	NA	NA	NA	NA	NA	NA	NA	NA	NA	NA	NA	NA	NA	NA	NA	NA	NA	NA	NA	NA	NA	NA	NA	NA	NA	NA	NA	NA	NA	NA	NA	NA	NA	NA	NA	NA	NA	NA	NA	NA	NA	NA	NA	NA	NA	NA	NA	NA	NA	NA	NA	NA	NA	NA	NA	NA
cg22386008	0.17392073254751	NA	0.411067703955556	NA	0.288286533455774	0.224530662374686	NA	0.5573018166764	NA	0.316301667938161	NA	0.698941209591998	NA	0.240648848970951	NA	0.380932443618914	0.490528326066895	0.44527824636475	NA	0.303678486966803	0.311594518983908	0.503170653139766	0.259364650849923	NA	0.230235385083487	0.218754149930209	0.192201536447635	0.459639382876766	0.530271103588067	0.113273135127471	0.448181613461665	0.253638216714016	NA	NA	0.262014771675704	0.397753336944247	0.66843475919676	0.193446957964691	NA	0.203522971949243	0.345279057526963	NA	0.143397725517124	0.227108684385184	NA	NA	NA	NA	NA	0.397922072683021	0.241414953866977	0.169640806475254	0.451281482786116	NA	0.614997156224603	NA	NA	0.36485110545	0.264414627365495	NA	NA	NA	NA	0.464253827365774	0.688963351637355	NA	0.326486881073568	0.417923839432451	0.170720017825213	NA	0.444623606235721	0.261904245133448	0.253117684367832	NA	NA	0.24394349977248	0.442188251785908	0.215933831266396	0.20619668930433	NA	0.707852452990282	0.81350882281059	0.289501714430162	0.240835373347191	NA	0.29535113864726	0.211415784162929
cg22459078	NA	NA	NA	NA	NA	NA	NA	NA	NA	NA	NA	NA	NA	NA	NA	NA	NA	NA	NA	NA	NA	NA	NA	NA	NA	NA	NA	NA	NA	NA	NA	NA	NA	NA	NA	NA	NA	NA	NA	NA	NA	NA	NA	NA	NA	NA	NA	NA	NA	NA	NA	NA	NA	NA	NA	NA	NA	NA	NA	NA	NA	NA	NA	NA	NA	NA	NA	NA	NA	NA	NA	NA	NA	NA	NA	NA	NA	NA	NA	NA	NA	NA	NA	NA	NA	NA	NA
cg22464692	0.862808715936848	0.940076855708341	0.893556488837764	0.930554790380316	0.90868611292524	0.762423606919532	0.930450623961901	0.879541424500798	0.908124478155973	0.905547400597803	0.780899138985269	0.915772456130425	0.939955950628209	0.910798108069876	0.921680220790015	0.791508028243529	0.837715466154264	0.907626980847257	0.9603442449246	0.879773337558323	0.923384752186801	0.905580938539049	0.933104268338103	0.905187883195589	0.844137066481356	0.899787599805931	0.893240337097912	0.940641275316981	0.926459229640899	0.929006712382803	0.90949349341166	0.813648612223544	0.812041752047962	0.887575499676588	0.78502296542782	0.893211615029054	0.849143278097876	0.86772651943055	0.827535074266827	0.892716476980118	0.90250818172457	0.691915729482884	0.769604066222184	0.737316840785027	0.935142508554094	0.91659569121147	0.475403775889265	0.939034405236329	0.674832998748463	0.916770018851636	0.904731152277355	0.926456330516896	0.901346446367363	0.93188854068103	0.677319763407728	0.839056634967335	0.916595329973079	0.924348314009812	0.663160270251054	0.929332030068193	0.597236266795707	0.917909196764556	0.62142820287762	0.872322145968939	0.882373976617571	0.892501415161345	0.90392952065985	0.783447234610548	0.89966292287546	0.927085350916419	0.835163011670985	0.937627261949846	0.873384352224973	0.917858293886934	0.889513824164072	0.920573988066318	0.833677337986516	0.852176148760791	0.910474718672228	0.90008794682248	0.87860499448874	0.921834270910795	0.920375255315068	0.906692261335658	0.852758148565317	0.878411627543811	0.927600666112601
cg22466850	NA	NA	NA	NA	NA	NA	NA	NA	NA	NA	NA	NA	NA	NA	NA	NA	NA	NA	NA	NA	NA	NA	NA	NA	NA	NA	NA	NA	NA	NA	NA	NA	NA	NA	NA	NA	NA	NA	NA	NA	NA	NA	NA	NA	NA	NA	NA	NA	NA	NA	NA	NA	NA	NA	NA	NA	NA	NA	NA	NA	NA	NA	NA	NA	NA	NA	NA	NA	NA	NA	NA	NA	NA	NA	NA	NA	NA	NA	NA	NA	NA	NA	NA	NA	NA	NA	NA
cg22482142	NA	NA	NA	NA	NA	NA	NA	NA	NA	NA	NA	NA	NA	NA	NA	NA	NA	NA	NA	NA	NA	NA	NA	NA	NA	NA	NA	NA	NA	NA	NA	NA	NA	NA	NA	NA	NA	NA	NA	NA	NA	NA	NA	NA	NA	NA	NA	NA	NA	NA	NA	NA	NA	NA	NA	NA	NA	NA	NA	NA	NA	NA	NA	NA	NA	NA	NA	NA	NA	NA	NA	NA	NA	NA	NA	NA	NA	NA	NA	NA	NA	NA	NA	NA	NA	NA	NA
cg22529427	NA	NA	NA	NA	NA	NA	NA	NA	NA	NA	NA	NA	NA	NA	NA	NA	NA	NA	NA	NA	NA	NA	NA	NA	NA	NA	NA	NA	NA	NA	NA	NA	NA	NA	NA	NA	NA	NA	NA	NA	NA	NA	NA	NA	NA	NA	NA	NA	NA	NA	NA	NA	NA	NA	NA	NA	NA	NA	NA	NA	NA	NA	NA	NA	NA	NA	NA	NA	NA	NA	NA	NA	NA	NA	NA	NA	NA	NA	NA	NA	NA	NA	NA	NA	NA	NA	NA
cg22535679	NA	NA	NA	NA	NA	NA	NA	NA	NA	NA	NA	NA	NA	NA	NA	NA	NA	NA	NA	NA	NA	NA	NA	NA	NA	NA	NA	NA	NA	NA	NA	NA	NA	NA	NA	NA	NA	NA	NA	NA	NA	NA	NA	NA	NA	NA	NA	NA	NA	NA	NA	NA	NA	NA	NA	NA	NA	NA	NA	NA	NA	NA	NA	NA	NA	NA	NA	NA	NA	NA	NA	NA	NA	NA	NA	NA	NA	NA	NA	NA	NA	NA	NA	NA	NA	NA	NA
cg22591006	NA	NA	NA	NA	NA	NA	NA	NA	NA	NA	NA	NA	NA	NA	NA	NA	NA	NA	NA	NA	NA	NA	NA	NA	NA	NA	NA	NA	NA	NA	NA	NA	NA	NA	NA	NA	NA	NA	NA	NA	NA	NA	NA	NA	NA	NA	NA	NA	NA	NA	NA	NA	NA	NA	NA	NA	NA	NA	NA	NA	NA	NA	NA	NA	NA	NA	NA	NA	NA	NA	NA	NA	NA	NA	NA	NA	NA	NA	NA	NA	NA	NA	NA	NA	NA	NA	NA
cg22592346	NA	NA	NA	NA	NA	NA	NA	NA	NA	NA	NA	NA	NA	NA	NA	NA	NA	NA	NA	NA	NA	NA	NA	NA	NA	NA	NA	NA	NA	NA	NA	NA	NA	NA	NA	NA	NA	NA	NA	NA	NA	NA	NA	NA	NA	NA	NA	NA	NA	NA	NA	NA	NA	NA	NA	NA	NA	NA	NA	NA	NA	NA	NA	NA	NA	NA	NA	NA	NA	NA	NA	NA	NA	NA	NA	NA	NA	NA	NA	NA	NA	NA	NA	NA	NA	NA	NA
cg22634105	NA	NA	NA	NA	NA	NA	NA	NA	NA	NA	NA	NA	NA	NA	NA	NA	NA	NA	NA	NA	NA	NA	NA	NA	NA	NA	NA	NA	NA	NA	NA	NA	NA	NA	NA	NA	NA	NA	NA	NA	NA	NA	NA	NA	NA	NA	NA	NA	NA	NA	NA	NA	NA	NA	NA	NA	NA	NA	NA	NA	NA	NA	NA	NA	NA	NA	NA	NA	NA	NA	NA	NA	NA	NA	NA	NA	NA	NA	NA	NA	NA	NA	NA	NA	NA	NA	NA
cg22661775	NA	NA	NA	NA	NA	NA	NA	NA	NA	NA	NA	NA	NA	NA	NA	NA	NA	NA	NA	NA	NA	NA	NA	NA	NA	NA	NA	NA	NA	NA	NA	NA	NA	NA	NA	NA	NA	NA	NA	NA	NA	NA	NA	NA	NA	NA	NA	NA	NA	NA	NA	NA	NA	NA	NA	NA	NA	NA	NA	NA	NA	NA	NA	NA	NA	NA	NA	NA	NA	NA	NA	NA	NA	NA	NA	NA	NA	NA	NA	NA	NA	NA	NA	NA	NA	NA	NA
cg22754489	NA	NA	NA	NA	NA	NA	NA	NA	NA	NA	NA	NA	NA	NA	NA	NA	NA	NA	NA	NA	NA	NA	NA	NA	NA	NA	NA	NA	NA	NA	NA	NA	NA	NA	NA	NA	NA	NA	NA	NA	NA	NA	NA	NA	NA	NA	NA	NA	NA	NA	NA	NA	NA	NA	NA	NA	NA	NA	NA	NA	NA	NA	NA	NA	NA	NA	NA	NA	NA	NA	NA	NA	NA	NA	NA	NA	NA	NA	NA	NA	NA	NA	NA	NA	NA	NA	NA
cg22772235	NA	NA	NA	NA	NA	NA	NA	NA	NA	NA	NA	NA	NA	NA	NA	NA	NA	NA	NA	NA	NA	NA	NA	NA	NA	NA	NA	NA	NA	NA	NA	NA	NA	NA	NA	NA	NA	NA	NA	NA	NA	NA	NA	NA	NA	NA	NA	NA	NA	NA	NA	NA	NA	NA	NA	NA	NA	NA	NA	NA	NA	NA	NA	NA	NA	NA	NA	NA	NA	NA	NA	NA	NA	NA	NA	NA	NA	NA	NA	NA	NA	NA	NA	NA	NA	NA	NA
cg22871659	NA	NA	NA	NA	NA	NA	NA	NA	NA	NA	NA	NA	NA	NA	NA	NA	NA	NA	NA	NA	NA	NA	NA	NA	NA	NA	NA	NA	NA	NA	NA	NA	NA	NA	NA	NA	NA	NA	NA	NA	NA	NA	NA	NA	NA	NA	NA	NA	NA	NA	NA	NA	NA	NA	NA	NA	NA	NA	NA	NA	NA	NA	NA	NA	NA	NA	NA	NA	NA	NA	NA	NA	NA	NA	NA	NA	NA	NA	NA	NA	NA	NA	NA	NA	NA	NA	NA
cg22875855	NA	NA	NA	NA	NA	NA	NA	NA	NA	NA	NA	NA	NA	NA	NA	NA	NA	NA	NA	NA	NA	NA	NA	NA	NA	NA	NA	NA	NA	NA	NA	NA	NA	NA	NA	NA	NA	NA	NA	NA	NA	NA	NA	NA	NA	NA	NA	NA	NA	NA	NA	NA	NA	NA	NA	NA	NA	NA	NA	NA	NA	NA	NA	NA	NA	NA	NA	NA	NA	NA	NA	NA	NA	NA	NA	NA	NA	NA	NA	NA	NA	NA	NA	NA	NA	NA	NA
cg22897634	NA	NA	NA	NA	NA	NA	NA	NA	NA	NA	NA	NA	NA	NA	NA	NA	NA	NA	NA	NA	NA	NA	NA	NA	NA	NA	NA	NA	NA	NA	NA	NA	NA	NA	NA	NA	NA	NA	NA	NA	NA	NA	NA	NA	NA	NA	NA	NA	NA	NA	NA	NA	NA	NA	NA	NA	NA	NA	NA	NA	NA	NA	NA	NA	NA	NA	NA	NA	NA	NA	NA	NA	NA	NA	NA	NA	NA	NA	NA	NA	NA	NA	NA	NA	NA	NA	NA
cg22933538	NA	NA	NA	NA	NA	NA	NA	NA	NA	NA	NA	NA	NA	NA	NA	NA	NA	NA	NA	NA	NA	NA	NA	NA	NA	NA	NA	NA	NA	NA	NA	NA	NA	NA	NA	NA	NA	NA	NA	NA	NA	NA	NA	NA	NA	NA	NA	NA	NA	NA	NA	NA	NA	NA	NA	NA	NA	NA	NA	NA	NA	NA	NA	NA	NA	NA	NA	NA	NA	NA	NA	NA	NA	NA	NA	NA	NA	NA	NA	NA	NA	NA	NA	NA	NA	NA	NA
cg22963191	NA	NA	NA	NA	NA	NA	NA	NA	NA	NA	NA	NA	NA	NA	NA	NA	NA	NA	NA	NA	NA	NA	NA	NA	NA	NA	NA	NA	NA	NA	NA	NA	NA	NA	NA	NA	NA	NA	NA	NA	NA	NA	NA	NA	NA	NA	NA	NA	NA	NA	NA	NA	NA	NA	NA	NA	NA	NA	NA	NA	NA	NA	NA	NA	NA	NA	NA	NA	NA	NA	NA	NA	NA	NA	NA	NA	NA	NA	NA	NA	NA	NA	NA	NA	NA	NA	NA
cg22983641	NA	NA	NA	NA	NA	NA	NA	NA	NA	NA	NA	NA	NA	NA	NA	NA	NA	NA	NA	NA	NA	NA	NA	NA	NA	NA	NA	NA	NA	NA	NA	NA	NA	NA	NA	NA	NA	NA	NA	NA	NA	NA	NA	NA	NA	NA	NA	NA	NA	NA	NA	NA	NA	NA	NA	NA	NA	NA	NA	NA	NA	NA	NA	NA	NA	NA	NA	NA	NA	NA	NA	NA	NA	NA	NA	NA	NA	NA	NA	NA	NA	NA	NA	NA	NA	NA	NA
cg23003872	NA	NA	NA	NA	NA	NA	NA	NA	NA	NA	NA	NA	NA	NA	NA	NA	NA	NA	NA	NA	NA	NA	NA	NA	NA	NA	NA	NA	NA	NA	NA	NA	NA	NA	NA	NA	NA	NA	NA	NA	NA	NA	NA	NA	NA	NA	NA	NA	NA	NA	NA	NA	NA	NA	NA	NA	NA	NA	NA	NA	NA	NA	NA	NA	NA	NA	NA	NA	NA	NA	NA	NA	NA	NA	NA	NA	NA	NA	NA	NA	NA	NA	NA	NA	NA	NA	NA
cg23014672	NA	NA	NA	NA	NA	NA	NA	NA	NA	NA	NA	NA	NA	NA	NA	NA	NA	NA	NA	NA	NA	NA	NA	NA	NA	NA	NA	NA	NA	NA	NA	NA	NA	NA	NA	NA	NA	NA	NA	NA	NA	NA	NA	NA	NA	NA	NA	NA	NA	NA	NA	NA	NA	NA	NA	NA	NA	NA	NA	NA	NA	NA	NA	NA	NA	NA	NA	NA	NA	NA	NA	NA	NA	NA	NA	NA	NA	NA	NA	NA	NA	NA	NA	NA	NA	NA	NA
cg23081488	NA	NA	NA	NA	NA	NA	NA	NA	NA	NA	NA	NA	NA	NA	NA	NA	NA	NA	NA	NA	NA	NA	NA	NA	NA	NA	NA	NA	NA	NA	NA	NA	NA	NA	NA	NA	NA	NA	NA	NA	NA	NA	NA	NA	NA	NA	NA	NA	NA	NA	NA	NA	NA	NA	NA	NA	NA	NA	NA	NA	NA	NA	NA	NA	NA	NA	NA	NA	NA	NA	NA	NA	NA	NA	NA	NA	NA	NA	NA	NA	NA	NA	NA	NA	NA	NA	NA
cg23095043	NA	NA	NA	NA	NA	NA	NA	NA	NA	NA	NA	NA	NA	NA	NA	NA	NA	NA	NA	NA	NA	NA	NA	NA	NA	NA	NA	NA	NA	NA	NA	NA	NA	NA	NA	NA	NA	NA	NA	NA	NA	NA	NA	NA	NA	NA	NA	NA	NA	NA	NA	NA	NA	NA	NA	NA	NA	NA	NA	NA	NA	NA	NA	NA	NA	NA	NA	NA	NA	NA	NA	NA	NA	NA	NA	NA	NA	NA	NA	NA	NA	NA	NA	NA	NA	NA	NA
cg23096272	NA	NA	NA	NA	NA	NA	NA	NA	NA	NA	NA	NA	NA	NA	NA	NA	NA	NA	NA	NA	NA	NA	NA	NA	NA	NA	NA	NA	NA	NA	NA	NA	NA	NA	NA	NA	NA	NA	NA	NA	NA	NA	NA	NA	NA	NA	NA	NA	NA	NA	NA	NA	NA	NA	NA	NA	NA	NA	NA	NA	NA	NA	NA	NA	NA	NA	NA	NA	NA	NA	NA	NA	NA	NA	NA	NA	NA	NA	NA	NA	NA	NA	NA	NA	NA	NA	NA
cg23151747	NA	NA	NA	NA	NA	NA	NA	NA	NA	NA	NA	NA	NA	NA	NA	NA	NA	NA	NA	NA	NA	NA	NA	NA	NA	NA	NA	NA	NA	NA	NA	NA	NA	NA	NA	NA	NA	NA	NA	NA	NA	NA	NA	NA	NA	NA	NA	NA	NA	NA	NA	NA	NA	NA	NA	NA	NA	NA	NA	NA	NA	NA	NA	NA	NA	NA	NA	NA	NA	NA	NA	NA	NA	NA	NA	NA	NA	NA	NA	NA	NA	NA	NA	NA	NA	NA	NA
cg23167863	0.951826888901077	0.956882350107562	0.91671041861902	0.922912846319461	0.929086761720494	0.951896477846252	0.918172947994221	0.936433268725141	0.690608111035471	0.961184781992486	0.928700228969412	0.928320800855339	0.950218919710533	0.936923051100738	0.946133746017058	0.917869418813425	0.924474553667197	0.95544438900797	0.933139648966405	0.954251033243261	0.913366098447234	0.951252936211623	0.9371726864928	0.943536894169636	0.960842288329164	0.953373880769755	0.938100737310898	0.895649126188014	0.943259366294434	0.969174372912602	0.929723506275681	0.939170643339268	0.911938100287773	0.940213218539542	0.851242741864556	0.951870949477306	0.89149840120101	0.931282618960717	0.952247810232773	0.94253937834447	0.950865481330049	0.949419553227466	0.932830146162591	0.930847446900965	0.91912812570195	0.964662667340221	0.931415201307574	0.959151971218073	0.912265588470507	0.930430339665231	0.957537938413056	0.952225743098394	0.946707244947449	0.954672722015843	0.917438523580336	0.943032715535548	0.956903065548818	0.944403546247356	0.954509763496955	0.924839097962461	0.918174118145868	0.939411614356863	0.943810258029275	0.931693101334193	0.944680228688471	0.927453327951105	0.933785891497594	0.934496630290097	0.912128024150098	0.949963356878076	0.92107853207717	0.923136912172966	0.925456553946355	0.911825934533823	0.948448324931928	0.94412833771676	0.924458613784356	0.940019120846146	0.951079232344918	0.927125977199797	0.955999965039466	0.970237517717917	0.957891791779195	0.944660006158059	0.852182308149239	0.949147483084263	0.941784708345736
cg23228779	NA	NA	NA	NA	NA	NA	NA	NA	NA	NA	NA	NA	NA	NA	NA	NA	NA	NA	NA	NA	NA	NA	NA	NA	NA	NA	NA	NA	NA	NA	NA	NA	NA	NA	NA	NA	NA	NA	NA	NA	NA	NA	NA	NA	NA	NA	NA	NA	NA	NA	NA	NA	NA	NA	NA	NA	NA	NA	NA	NA	NA	NA	NA	NA	NA	NA	NA	NA	NA	NA	NA	NA	NA	NA	NA	NA	NA	NA	NA	NA	NA	NA	NA	NA	NA	NA	NA
cg23251678	0.966745866146937	0.968624610939877	0.957267284528996	0.952794941688143	0.95068997162599	0.954165759472099	0.95621332086323	0.960674297603063	0.961327788030024	0.961733928858251	0.952659112214007	0.938663076100794	0.95420095793038	0.9596030196256	0.939717343017173	0.953591761799465	0.957073781517667	0.965151436094704	0.953560464969615	0.953667163692501	0.965096465490709	0.943444908869246	0.956911591351899	0.925671804436238	0.953709333883276	0.949293888524362	0.95138304473912	0.9520508441246	0.962109709817811	0.957406859882917	0.961822649432566	0.944942830442268	0.942692074507565	0.953035678377081	0.959882712021909	0.937270573437619	0.954790230788086	0.956230032017914	0.963106153849473	0.952233944201172	0.956380491613615	0.949354497153723	0.951690296890213	0.945188756058494	0.959542781986713	0.970036956387525	0.938998198129078	0.933305930652976	0.948657125341796	0.951556936020508	0.957721884658319	0.959489073303673	0.953244026904069	0.953195534355782	0.960051429819588	0.940448372532121	0.949604455284733	0.959663689740967	0.943386843133668	0.952572685052934	0.959165239077707	0.952550946578907	0.958317905979409	0.946503655632779	0.958237102561012	0.953583652864263	0.964651705011835	0.966448406042194	0.960828124529448	0.960974895311247	0.951373186703112	0.970831276252589	0.950123363558818	0.954592848982587	0.93928296622969	0.951974804399088	0.931161172822972	0.953667460630089	0.966056101282075	0.938183993337253	0.951399307517761	0.961880501812226	0.951230254133754	0.967068005567614	0.955429512799649	0.958764901228299	0.950355875369436
cg23261820	NA	NA	NA	NA	NA	NA	NA	NA	NA	NA	NA	NA	NA	NA	NA	NA	NA	NA	NA	NA	NA	NA	NA	NA	NA	NA	NA	NA	NA	NA	NA	NA	NA	NA	NA	NA	NA	NA	NA	NA	NA	NA	NA	NA	NA	NA	NA	NA	NA	NA	NA	NA	NA	NA	NA	NA	NA	NA	NA	NA	NA	NA	NA	NA	NA	NA	NA	NA	NA	NA	NA	NA	NA	NA	NA	NA	NA	NA	NA	NA	NA	NA	NA	NA	NA	NA	NA
cg23267554	NA	NA	NA	NA	NA	NA	NA	NA	NA	NA	NA	NA	NA	NA	NA	NA	NA	NA	NA	NA	NA	NA	NA	NA	NA	NA	NA	NA	NA	NA	NA	NA	NA	NA	NA	NA	NA	NA	NA	NA	NA	NA	NA	NA	NA	NA	NA	NA	NA	NA	NA	NA	NA	NA	NA	NA	NA	NA	NA	NA	NA	NA	NA	NA	NA	NA	NA	NA	NA	NA	NA	NA	NA	NA	NA	NA	NA	NA	NA	NA	NA	NA	NA	NA	NA	NA	NA
cg23278018	0.764389954003637	0.766611760172011	0.892622756525928	0.861104738499702	0.900780219729392	0.831490265499958	0.815927955004213	0.808965536572329	0.927461926602929	0.825614346632666	NA	0.887442279733802	0.797053236510153	0.779344045246483	0.688605975544437	0.828406503172567	0.883661556469876	0.843366735554719	0.908430701585108	0.90912869675611	0.874154689407277	0.85618116720987	0.882835424180155	0.832805233157622	0.615318472294007	0.908294973496685	0.90431611190119	0.914225073629704	0.910079540446402	0.890627298245517	0.916603600309576	0.910731403052546	0.89968308944983	0.742958589551817	0.873660804930046	0.902446869907241	0.861599430653593	0.890120934835548	NA	0.798753483986356	0.88981669766956	0.835292224411954	NA	0.902215583426529	0.87914547940631	0.830585157451353	0.889930001441397	0.86497965459841	0.881102060008453	0.821729816405643	0.348533878187552	0.906378393047619	0.800853100145941	0.899659385708216	0.825936102685628	0.713035733911793	0.705762096587337	0.841504254078967	0.876808554972576	0.85117068936569	NA	0.927375567348381	0.830098721441844	0.892792931789906	0.802514508091456	0.737698716175377	0.784240126276189	0.734091509645441	0.872408351169873	0.876551119940089	0.919651925176552	0.911478095911029	0.882052831864533	0.780422881488489	0.837120763703291	0.277346068372692	0.746595927268235	0.847753686893975	0.644469209365242	0.914038305593003	0.908546480061097	NA	0.752179185587582	0.878082050549833	0.807380016861282	0.888824748680873	0.893782241151162
cg23300865	NA	NA	NA	NA	NA	NA	NA	NA	NA	NA	NA	NA	NA	NA	NA	NA	NA	NA	NA	NA	NA	NA	NA	NA	NA	NA	NA	NA	NA	NA	NA	NA	NA	NA	NA	NA	NA	NA	NA	NA	NA	NA	NA	NA	NA	NA	NA	NA	NA	NA	NA	NA	NA	NA	NA	NA	NA	NA	NA	NA	NA	NA	NA	NA	NA	NA	NA	NA	NA	NA	NA	NA	NA	NA	NA	NA	NA	NA	NA	NA	NA	NA	NA	NA	NA	NA	NA
cg23332005	0.849878291906145	0.854457120030992	0.88064787462928	NA	0.867304694786554	NA	0.840693320276797	0.860683613700748	0.810079220859619	NA	NA	NA	NA	NA	NA	NA	NA	0.856051101610808	NA	0.868864672607467	0.925817459979297	0.829104446646841	NA	0.86269899815669	0.884198177322767	NA	0.856759396556726	NA	NA	NA	0.901850949481704	0.826410242957064	0.869062024469523	0.866217879283934	0.839213019869342	0.81683908672339	NA	0.902422279285851	NA	0.893707325150249	NA	NA	0.836859016498014	0.874646652537268	0.858651440705073	NA	NA	NA	NA	NA	0.892188831232647	0.852598093633374	0.821332545266163	NA	0.85913076431947	0.843724449615343	NA	NA	0.81716909383715	0.820497751405699	0.829112315480807	0.850205310154574	NA	0.865005800581237	0.869835959626962	NA	0.898898218205209	0.867157520803164	0.829797874530556	NA	0.876224992420369	0.91689725455949	0.898965973277516	0.826927204585418	0.865317988867672	NA	NA	NA	NA	0.816351814790146	0.862902588832908	0.877003134065681	0.80649330691308	0.888372091593908	NA	0.823595278529229	NA
cg23334804	NA	NA	NA	NA	NA	NA	NA	NA	NA	NA	NA	NA	NA	NA	NA	NA	NA	NA	NA	NA	NA	NA	NA	NA	NA	NA	NA	NA	NA	NA	NA	NA	NA	NA	NA	NA	NA	NA	NA	NA	NA	NA	NA	NA	NA	NA	NA	NA	NA	NA	NA	NA	NA	NA	NA	NA	NA	NA	NA	NA	NA	NA	NA	NA	NA	NA	NA	NA	NA	NA	NA	NA	NA	NA	NA	NA	NA	NA	NA	NA	NA	NA	NA	NA	NA	NA	NA
cg23336892	NA	NA	NA	NA	NA	NA	NA	NA	NA	NA	NA	NA	NA	NA	NA	NA	NA	NA	NA	NA	NA	NA	NA	NA	NA	NA	NA	NA	NA	NA	NA	NA	NA	NA	NA	NA	NA	NA	NA	NA	NA	NA	NA	NA	NA	NA	NA	NA	NA	NA	NA	NA	NA	NA	NA	NA	NA	NA	NA	NA	NA	NA	NA	NA	NA	NA	NA	NA	NA	NA	NA	NA	NA	NA	NA	NA	NA	NA	NA	NA	NA	NA	NA	NA	NA	NA	NA
cg23338752	NA	NA	NA	NA	NA	NA	NA	NA	NA	NA	NA	NA	NA	NA	NA	NA	NA	NA	NA	NA	NA	NA	NA	NA	NA	NA	NA	NA	NA	NA	NA	NA	NA	NA	NA	NA	NA	NA	NA	NA	NA	NA	NA	NA	NA	NA	NA	NA	NA	NA	NA	NA	NA	NA	NA	NA	NA	NA	NA	NA	NA	NA	NA	NA	NA	NA	NA	NA	NA	NA	NA	NA	NA	NA	NA	NA	NA	NA	NA	NA	NA	NA	NA	NA	NA	NA	NA
cg23406815	NA	NA	NA	NA	NA	NA	NA	NA	NA	NA	NA	NA	NA	NA	NA	NA	NA	NA	NA	NA	NA	NA	NA	NA	NA	NA	NA	NA	NA	NA	NA	NA	NA	NA	NA	NA	NA	NA	NA	NA	NA	NA	NA	NA	NA	NA	NA	NA	NA	NA	NA	NA	NA	NA	NA	NA	NA	NA	NA	NA	NA	NA	NA	NA	NA	NA	NA	NA	NA	NA	NA	NA	NA	NA	NA	NA	NA	NA	NA	NA	NA	NA	NA	NA	NA	NA	NA
cg23413074	NA	NA	NA	NA	NA	NA	NA	NA	NA	NA	NA	NA	NA	NA	NA	NA	NA	NA	NA	NA	NA	NA	NA	NA	NA	NA	NA	NA	NA	NA	NA	NA	NA	NA	NA	NA	NA	NA	NA	NA	NA	NA	NA	NA	NA	NA	NA	NA	NA	NA	NA	NA	NA	NA	NA	NA	NA	NA	NA	NA	NA	NA	NA	NA	NA	NA	NA	NA	NA	NA	NA	NA	NA	NA	NA	NA	NA	NA	NA	NA	NA	NA	NA	NA	NA	NA	NA
cg23414149	NA	NA	NA	NA	NA	NA	NA	NA	NA	NA	NA	NA	NA	NA	NA	NA	NA	NA	NA	NA	NA	NA	NA	NA	NA	NA	NA	NA	NA	NA	NA	NA	NA	NA	NA	NA	NA	NA	NA	NA	NA	NA	NA	NA	NA	NA	NA	NA	NA	NA	NA	NA	NA	NA	NA	NA	NA	NA	NA	NA	NA	NA	NA	NA	NA	NA	NA	NA	NA	NA	NA	NA	NA	NA	NA	NA	NA	NA	NA	NA	NA	NA	NA	NA	NA	NA	NA
cg23430295	0.352610096738577	0.644627043404736	0.95936081017211	0.966073768210557	0.959360641285929	0.72314995346855	0.769161029034443	0.957268180511448	0.965867090891216	0.485601429076486	0.457775714170948	0.952922156154292	0.550422218275432	0.631439093406474	0.946370516794074	0.943207210921705	0.959750548709718	0.961830889878841	0.950172455933161	0.958292493220445	0.955594893968421	0.95439109104483	0.92600454713464	0.946114467612716	0.957620232782567	0.960615140276349	0.559661302118427	0.960824335187372	0.956523247632006	0.92254417145652	0.960800393052153	0.653575713458581	0.949884518768332	0.94952151164745	0.954477458918292	0.952094054540694	0.947237879337414	0.958551548573457	0.952100141133559	0.881235690320491	0.647372045230864	0.817057156064237	0.401277182798265	0.94814550394697	0.697732374664393	0.952560923326778	0.951647807796111	0.954885269124801	0.959892696491336	0.960227417572018	0.960297197597942	0.967315833941951	0.942172763503908	0.964499207417866	0.953065399122217	0.947428376918458	0.96180314129922	0.657415943305513	0.706103501104533	0.914482306251064	0.568550124415838	0.645327069995038	0.927545335220544	0.955499973002049	0.951018516013323	0.953944521841144	0.962501900961316	0.955608932876558	0.966977493295021	0.949897884851179	0.956139769757509	0.941993370375643	0.521218217575438	0.959717338951372	0.948971677081726	0.962757220347303	0.965515205803639	0.942155342919028	0.932821421224661	0.956527126844343	0.954408439223712	0.768327072750657	0.955256840266281	0.442869326323851	0.951838683466603	0.956424373381469	0.674845491572048
cg23493553	0.908356404936952	0.916619101688069	0.893409565049984	0.944209687881758	0.92250047468239	0.935353860259728	0.920844135451093	0.90122786177011	0.889301134567057	0.938499208270911	0.904385658501526	0.937012695338907	0.894542530667994	0.918404519886265	0.913870414856216	0.902732923429103	0.939783408106825	0.947789968599005	0.899921450743241	0.931327486712144	0.934010732908862	0.927359845040242	0.929299133431521	0.928479333355431	0.928521714455892	0.909545930655433	0.920321855365027	0.936525752086787	0.936555127333909	0.934094085939001	0.945180523578162	0.921731932268017	0.931258763130255	0.954673627121523	0.923623008629128	0.918487636457767	0.931686763747837	0.921884357536601	0.942451436585332	0.665169172106894	0.942893729406226	0.916536622125232	0.932120439497439	0.932849791464942	0.925327749645454	0.934598250687188	0.918059400358933	0.942069947603728	0.938400902234552	0.947172953109259	0.951560452103757	0.866137017599704	0.93732343513429	0.890449785703085	0.928403140465676	0.92190674438779	0.858022742860196	0.941104056589093	0.928571341092251	0.871575734548129	0.933327209517364	0.932986967834229	0.881969139405116	0.93905967745157	0.934374356920334	0.922871321804165	0.94842044001381	0.915906489514037	0.915512837742694	0.933392405100304	0.945969303319036	0.955227875808371	0.903333837461525	0.912636182166231	0.913994258110779	0.924785180859508	0.915666528902718	0.930080499074902	0.909520165762828	0.916774989418152	0.943662643559982	0.933860897097246	0.930987113780356	0.94102241668552	0.925073692223902	0.936266496926827	0.942334974350553
cg23516370	0.621495391653571	0.853106939395221	0.713675710473351	0.77458874811076	0.854414693297424	0.816665814738046	0.704233430604562	0.771507913127742	0.175731951292268	0.733007238014608	0.826453564552189	0.441040789770514	0.36144821754237	0.516086255948786	0.486346987163975	0.668776181330821	0.700829300804082	0.827566193138977	0.519235655326345	0.859372140238772	0.500924844185318	0.668678547091613	0.541813854409028	0.888817899367612	0.638060237458436	0.644740922234102	0.779543393325215	0.816221131320435	0.778694484235819	0.916291845071788	0.883563785719017	0.757687134192872	0.602140611228228	0.825110562152579	0.814296429334346	0.779321759520014	0.796929391381209	0.677875877695663	0.84905502212691	0.808917633749568	0.912142770181346	0.763851382532566	0.523883241950107	0.771214146050376	0.92330832799576	0.874127441820019	0.919562841948873	0.824345591724356	0.859016296991503	0.854033020734135	0.61402794579602	0.695947981346257	0.662281366389108	0.841182221094753	0.816541187135536	0.785374675301367	0.901924027103244	0.86239394799254	0.331866218879761	0.738496317567961	0.689329925829199	0.650660788396425	0.755177041548611	0.683186719605826	0.861026710940223	0.684341292760517	0.865006658694693	0.685032899514332	0.720613603529486	0.831067803419434	0.851395474798523	0.939837386263987	0.778101643764853	0.649263071123635	0.543485921952726	0.935505934590787	0.662251372294463	0.901613930660884	0.480369104243796	0.303634985885475	0.924208781433936	0.56377248430171	0.879477007064135	0.556083240650809	0.56021114694563	0.793987307820796	0.442032100919782
cg23531154	NA	NA	NA	NA	NA	NA	NA	NA	NA	NA	NA	NA	NA	NA	NA	NA	NA	NA	NA	NA	NA	NA	NA	NA	NA	NA	NA	NA	NA	NA	NA	NA	NA	NA	NA	NA	NA	NA	NA	NA	NA	NA	NA	NA	NA	NA	NA	NA	NA	NA	NA	NA	NA	NA	NA	NA	NA	NA	NA	NA	NA	NA	NA	NA	NA	NA	NA	NA	NA	NA	NA	NA	NA	NA	NA	NA	NA	NA	NA	NA	NA	NA	NA	NA	NA	NA	NA
cg23542414	NA	NA	NA	NA	NA	NA	NA	NA	NA	NA	NA	NA	NA	NA	NA	NA	NA	NA	NA	NA	NA	NA	NA	NA	NA	NA	NA	NA	NA	NA	NA	NA	NA	NA	NA	NA	NA	NA	NA	NA	NA	NA	NA	NA	NA	NA	NA	NA	NA	NA	NA	NA	NA	NA	NA	NA	NA	NA	NA	NA	NA	NA	NA	NA	NA	NA	NA	NA	NA	NA	NA	NA	NA	NA	NA	NA	NA	NA	NA	NA	NA	NA	NA	NA	NA	NA	NA
cg23545793	0.812254571813661	0.767560223149477	0.654021336114239	0.836393792229889	0.821282892410459	0.902769029168801	0.845877421159242	0.838851892337598	0.859375231462654	0.86365179778187	0.765848203404428	0.733566885577634	0.88971131584569	0.938028789832614	0.815851825812724	0.462905941350869	0.811485105629441	0.832738577268492	0.849740538512941	0.862815809581703	0.874483232547502	0.840227210371091	0.854212308133599	0.365536408722118	0.882404101904646	0.891831278061278	0.805473496295205	0.89840957429494	0.57595686463948	0.913615024724878	0.742767351916321	0.90333198134141	0.891836500945577	0.894824587472452	0.695778266734445	0.75424277111739	0.747412104042807	0.902069040959771	0.739505146147706	0.701343962898823	0.929053135860608	0.831039651313047	0.879035722622106	0.924254552780629	0.917946486006465	0.906288971743777	0.930260596730249	0.829166854692156	0.899557399308552	0.862820371698491	0.90915619568865	0.865350215294946	0.676875145009845	0.893273401673141	0.837521413971158	0.791508046600405	0.792206558114184	0.913350282196799	0.880804447560121	0.924457798214145	0.920390354617712	0.923889673908005	0.841252102172684	0.855938428841528	0.842436615375196	0.866559238648556	0.856488681223616	0.84156467562786	0.889275254332703	0.850565475828593	0.926236530066509	0.934516873502593	0.900509218267989	0.891889482266886	0.86832272609564	0.809243839246682	0.685128499363244	0.895276540074379	0.844284457765652	0.89166418628586	0.904008596919419	0.834064050676971	0.889433177237019	0.879761316940823	0.835745704223527	0.866430293674026	0.891913518952687
cg23614652	NA	NA	NA	NA	NA	NA	NA	NA	NA	NA	NA	NA	NA	NA	NA	NA	NA	NA	NA	NA	NA	NA	NA	NA	NA	NA	NA	NA	NA	NA	NA	NA	NA	NA	NA	NA	NA	NA	NA	NA	NA	NA	NA	NA	NA	NA	NA	NA	NA	NA	NA	NA	NA	NA	NA	NA	NA	NA	NA	NA	NA	NA	NA	NA	NA	NA	NA	NA	NA	NA	NA	NA	NA	NA	NA	NA	NA	NA	NA	NA	NA	NA	NA	NA	NA	NA	NA
cg23642334	NA	NA	NA	NA	NA	NA	NA	NA	NA	NA	NA	NA	NA	NA	NA	NA	NA	NA	NA	NA	NA	NA	NA	NA	NA	NA	NA	NA	NA	NA	NA	NA	NA	NA	NA	NA	NA	NA	NA	NA	NA	NA	NA	NA	NA	NA	NA	NA	NA	NA	NA	NA	NA	NA	NA	NA	NA	NA	NA	NA	NA	NA	NA	NA	NA	NA	NA	NA	NA	NA	NA	NA	NA	NA	NA	NA	NA	NA	NA	NA	NA	NA	NA	NA	NA	NA	NA
cg23652725	0.850895931860533	0.932398963420839	0.871403194346712	0.902032594238131	0.904261913970442	0.824833603664758	0.919749004094602	0.938911379767244	0.850561729177363	0.932330774338376	0.925407712292127	0.894569521226214	0.893530216061554	0.916234909469872	0.913213164520569	0.928907398818862	0.912907510220415	0.928152516197752	0.919652417000929	0.934491961531287	0.931522275527254	0.916047847381395	0.917792677451161	0.896223516465445	0.949510090081468	0.8983598879155	0.879301110399333	0.915660902522841	0.872243639980253	0.9354540605327	0.937308383344939	0.94230140958529	0.904136523242346	0.925717086152199	0.924738090980167	0.870268227742121	0.89594262183479	0.945965894673006	0.92672551290602	0.940874656870731	0.909235363103691	0.936317784217448	0.90239972760393	0.941995157946751	0.930927650811903	0.929027599018166	0.924104264919341	0.925487402210611	0.908879308374568	0.91793585385344	0.914852786112043	0.904127861569192	0.917357615898815	0.926427751554957	0.918689735631504	0.925684653322369	0.940591497050522	0.941752494888072	0.526542863645306	0.92406305952357	0.931279464197569	0.935681409643485	0.910293714533407	0.894383036075322	0.923577394900623	0.892153612906281	0.934991456791411	0.946081880377862	0.914092966645301	0.938696285780318	0.920139253879022	0.941798077062045	0.914241285667935	0.897781614277882	0.936736288288155	0.828727207148156	0.906894780120292	0.93077089517869	0.895772299802584	0.940866707122031	0.930872005849501	0.902832297644986	0.916326742457518	0.932697694918688	0.906943033679054	0.866263183270137	0.903773161314539
cg23685885	NA	NA	NA	NA	NA	NA	NA	NA	NA	NA	NA	NA	NA	NA	NA	NA	NA	NA	NA	NA	NA	NA	NA	NA	NA	NA	NA	NA	NA	NA	NA	NA	NA	NA	NA	NA	NA	NA	NA	NA	NA	NA	NA	NA	NA	NA	NA	NA	NA	NA	NA	NA	NA	NA	NA	NA	NA	NA	NA	NA	NA	NA	NA	NA	NA	NA	NA	NA	NA	NA	NA	NA	NA	NA	NA	NA	NA	NA	NA	NA	NA	NA	NA	NA	NA	NA	NA
cg23726945	NA	NA	NA	NA	NA	NA	NA	NA	NA	NA	NA	NA	NA	NA	NA	NA	NA	NA	NA	NA	NA	NA	NA	NA	NA	NA	NA	NA	NA	NA	NA	NA	NA	NA	NA	NA	NA	NA	NA	NA	NA	NA	NA	NA	NA	NA	NA	NA	NA	NA	NA	NA	NA	NA	NA	NA	NA	NA	NA	NA	NA	NA	NA	NA	NA	NA	NA	NA	NA	NA	NA	NA	NA	NA	NA	NA	NA	NA	NA	NA	NA	NA	NA	NA	NA	NA	NA
cg23816019	NA	NA	NA	NA	NA	NA	NA	NA	NA	NA	NA	NA	NA	NA	NA	NA	NA	NA	NA	NA	NA	NA	NA	NA	NA	NA	NA	NA	NA	NA	NA	NA	NA	NA	NA	NA	NA	NA	NA	NA	NA	NA	NA	NA	NA	NA	NA	NA	NA	NA	NA	NA	NA	NA	NA	NA	NA	NA	NA	NA	NA	NA	NA	NA	NA	NA	NA	NA	NA	NA	NA	NA	NA	NA	NA	NA	NA	NA	NA	NA	NA	NA	NA	NA	NA	NA	NA
cg23860325	0.832285590240376	0.872448216239025	0.595903799841077	0.852635437844345	0.821968126917722	0.88762560093463	0.75133148688199	0.710482604717813	0.103353396325227	0.877474363807811	0.818607833724347	0.860256536483747	0.894507074426378	0.899811481496483	0.816930858999622	0.828460629883875	0.510451926715657	0.792314163253773	0.87899597894271	0.907582294601547	0.349973671837035	0.733018535622541	0.84192880436638	0.551489406353198	0.903488087656165	0.896838762741595	0.808158491852779	0.879235891221195	0.77676113989122	0.906045980172114	0.773645159959896	0.901858857936493	0.862819862184464	0.4988553419531	0.654088148439729	0.753848004500609	0.707984784922028	0.903622684085129	0.86508572962332	0.415952025414386	0.886795711871572	0.865100117107969	0.473855733532703	0.873789511443058	0.831105480265673	0.917181475003781	0.910629189643058	0.563962022318732	0.876054869983173	0.819299365639551	0.871603993434854	0.908314330946067	0.673827194668415	0.913367905308595	0.782854090806032	0.417049714045588	0.900689341031207	0.888344550910851	0.475835902393736	0.906784099192828	0.760087301145936	0.852001073255961	0.825671630237682	0.734977360412752	0.716514548367566	0.880174126507472	0.845530068521872	0.577521461838217	0.737097270219817	0.769804624046879	0.872953958047991	0.930236951182079	0.847897750619205	0.838255171709187	0.891731828419864	0.795080453032577	0.499567379510066	0.914651566386205	0.765942902874057	0.877241849997886	0.870450300596078	0.900997384930607	0.872489931888161	0.675165080589945	0.561061631114283	0.856131651149129	0.935749529689626
cg23861101	NA	NA	NA	NA	NA	NA	NA	NA	NA	NA	NA	NA	NA	NA	NA	NA	NA	NA	NA	NA	NA	NA	NA	NA	NA	NA	NA	NA	NA	NA	NA	NA	NA	NA	NA	NA	NA	NA	NA	NA	NA	NA	NA	NA	NA	NA	NA	NA	NA	NA	NA	NA	NA	NA	NA	NA	NA	NA	NA	NA	NA	NA	NA	NA	NA	NA	NA	NA	NA	NA	NA	NA	NA	NA	NA	NA	NA	NA	NA	NA	NA	NA	NA	NA	NA	NA	NA
cg24003649	NA	NA	NA	NA	NA	NA	NA	NA	NA	NA	NA	NA	NA	NA	NA	NA	NA	NA	NA	NA	NA	NA	NA	NA	NA	NA	NA	NA	NA	NA	NA	NA	NA	NA	NA	NA	NA	NA	NA	NA	NA	NA	NA	NA	NA	NA	NA	NA	NA	NA	NA	NA	NA	NA	NA	NA	NA	NA	NA	NA	NA	NA	NA	NA	NA	NA	NA	NA	NA	NA	NA	NA	NA	NA	NA	NA	NA	NA	NA	NA	NA	NA	NA	NA	NA	NA	NA
cg24012683	0.950049267589893	0.926153007765553	0.939779932253671	0.94986489470535	0.95897110248796	0.942355413320529	0.941415391146796	0.94956303455911	0.945944360410908	0.636241530775702	0.582271088288598	0.93085124142582	0.935063444116661	0.96722051287444	0.94528476176673	0.932817228206734	0.93992226957127	0.962124321211484	0.94713990007446	0.652043467147594	0.945526833589193	0.947397864082719	0.946394150151755	0.949885902507348	0.954650428198444	0.908334383686994	0.92191646744166	0.962703420272453	0.942347167640405	0.961029313755806	0.94229437125918	0.945266781980076	0.954149086907327	0.957662999036441	0.952251135780318	0.938049719556689	0.909835632461994	0.96177928097748	0.949160448564694	0.913346869174114	0.939356981612442	0.932383154308913	0.918347610382296	0.961903540867469	0.957023932255153	0.963604621368743	0.921855563327982	0.959968501989999	0.969370288114178	0.944979636923335	0.962633164746076	0.953511370808898	0.947166860086731	0.964008908339184	0.963226432218655	0.940683245783454	0.95137977750826	0.949654461597257	0.915344257398337	0.9591811878035	0.848580397297044	0.95754355202529	0.95009805007345	0.951106442665539	0.943635822393688	0.945243317136294	0.937253487167831	0.947997554531932	0.950566000008332	0.903426464149549	0.953215882198296	0.560938784035657	0.942597337105872	0.911810360963281	0.947098467444612	0.748572850674846	0.937934757557685	0.951362586397301	0.95387021657167	0.966346867745326	0.9652146352142	0.952939331020923	0.937740273371266	0.626231710800076	0.929955737283518	0.945069096900499	0.950019875962036
cg24026092	NA	NA	NA	NA	NA	NA	NA	NA	NA	NA	NA	NA	NA	NA	NA	NA	NA	NA	NA	NA	NA	NA	NA	NA	NA	NA	NA	NA	NA	NA	NA	NA	NA	NA	NA	NA	NA	NA	NA	NA	NA	NA	NA	NA	NA	NA	NA	NA	NA	NA	NA	NA	NA	NA	NA	NA	NA	NA	NA	NA	NA	NA	NA	NA	NA	NA	NA	NA	NA	NA	NA	NA	NA	NA	NA	NA	NA	NA	NA	NA	NA	NA	NA	NA	NA	NA	NA
cg24027342	0.660974722660858	0.837380131706855	0.802872958852968	0.733147565664848	0.752596531233636	0.617589061269454	0.844745483427814	0.848326823330776	0.654590609209485	0.67227572229357	0.678718658873559	0.663814405254126	0.709426762341587	0.785423212968967	0.676485234946381	0.782184564208067	0.765752321096149	0.807355831940218	0.733769428892485	0.840129577076089	0.821512585441542	0.797251894782489	0.723476633377044	0.724366563771832	0.796242109362121	0.770951616024076	0.692354094193057	0.683678967774717	0.845644781158773	0.895471438278944	0.850719838359011	0.805966925677071	0.778585170023865	0.78355838875826	0.85626504657065	0.768044770114843	0.742483983178996	0.907303146096396	0.656911253248361	0.900246661413147	0.663733178650885	0.6724433001696	0.691470335488298	0.84726572295482	0.653552102775312	0.731594833228458	0.745592732776412	0.775891194132504	0.731555063789396	0.803447027859981	0.839533660792436	0.677099963953251	0.725848332890988	0.75939007628409	0.851660945423117	0.78173701530011	0.757436741768248	0.864543182302131	0.486079186304984	0.742161372481959	0.69520040053957	0.84312705942812	0.874312297201852	0.757687205519381	0.769236455106451	0.645748189649722	0.819945603176417	0.87345223405213	0.687277867221359	0.808734830770838	0.838956428973879	0.800059617219743	0.638889460137458	0.755379088332241	0.713109578736863	0.839934430561085	0.736218198982972	0.731396544450362	0.66353801414141	0.762849577471204	0.867493276132909	0.719889905162804	0.84586838288947	0.870398304784674	0.760952067369884	0.679919084961944	0.697752898426204
cg24048209	NA	NA	NA	NA	NA	NA	NA	NA	NA	NA	NA	NA	NA	NA	NA	NA	NA	NA	NA	NA	NA	NA	NA	NA	NA	NA	NA	NA	NA	NA	NA	NA	NA	NA	NA	NA	NA	NA	NA	NA	NA	NA	NA	NA	NA	NA	NA	NA	NA	NA	NA	NA	NA	NA	NA	NA	NA	NA	NA	NA	NA	NA	NA	NA	NA	NA	NA	NA	NA	NA	NA	NA	NA	NA	NA	NA	NA	NA	NA	NA	NA	NA	NA	NA	NA	NA	NA
cg24056757	0.911641100187934	0.947437206513524	0.949335736841829	0.927233800276498	0.92280351262009	0.631523032726481	0.929278472373321	0.888542356645617	0.945741160490053	0.932904943963396	0.749090633545148	0.911366578723897	0.882264169278073	0.949083696120028	0.943322927503486	0.909197314618249	0.889167764849512	0.939559796571863	0.939673533824441	0.942504375992722	0.952215738995172	0.929330098602068	0.870943900102007	0.915851796062519	0.95734496197999	0.901651477254763	0.927749768437054	0.928409034062796	0.944736312585074	0.959551107890591	0.897228811986943	0.693866903358897	0.864399615510925	0.956835674334846	0.876443923260283	0.918561209953378	0.899697603229033	0.952017415343468	0.930628448115377	0.947819481890197	0.70839771984926	0.942400828191699	0.936114044831903	0.898030654169666	0.944283556254686	0.955376798519661	0.908131279467357	0.892094740710347	0.951422843475486	0.895213602235774	0.952319124551505	0.909177153912802	0.903560139997027	0.95128165771896	0.934640578000548	0.93892614837848	0.883878702657671	0.889340319456972	0.649029473532397	0.917292359987193	0.823664748051338	0.865516435113085	0.941992188488774	0.896477834483803	0.910818408804119	0.909226361396104	0.951021493257692	0.936835227836675	0.844644665015386	0.937431113071395	0.905197830817767	0.947742950106749	0.924024893906884	0.917307121792686	0.931714928316265	0.946038506716888	0.853204943665524	0.919358415973576	0.913126608746909	0.775848429141988	0.924638059171579	0.9303638880928	0.958526401403085	0.893037500721312	0.907750344961214	0.925178523073684	0.597333625272678
cg24063594	NA	NA	NA	NA	NA	NA	NA	NA	NA	NA	NA	NA	NA	NA	NA	NA	NA	NA	NA	NA	NA	NA	NA	NA	NA	NA	NA	NA	NA	NA	NA	NA	NA	NA	NA	NA	NA	NA	NA	NA	NA	NA	NA	NA	NA	NA	NA	NA	NA	NA	NA	NA	NA	NA	NA	NA	NA	NA	NA	NA	NA	NA	NA	NA	NA	NA	NA	NA	NA	NA	NA	NA	NA	NA	NA	NA	NA	NA	NA	NA	NA	NA	NA	NA	NA	NA	NA
cg24073060	NA	NA	NA	NA	NA	NA	NA	NA	NA	NA	NA	NA	NA	NA	NA	NA	NA	NA	NA	NA	NA	NA	NA	NA	NA	NA	NA	NA	NA	NA	NA	NA	NA	NA	NA	NA	NA	NA	NA	NA	NA	NA	NA	NA	NA	NA	NA	NA	NA	NA	NA	NA	NA	NA	NA	NA	NA	NA	NA	NA	NA	NA	NA	NA	NA	NA	NA	NA	NA	NA	NA	NA	NA	NA	NA	NA	NA	NA	NA	NA	NA	NA	NA	NA	NA	NA	NA
cg24094412	NA	NA	NA	NA	NA	NA	NA	NA	NA	NA	NA	NA	NA	NA	NA	NA	NA	NA	NA	NA	NA	NA	NA	NA	NA	NA	NA	NA	NA	NA	NA	NA	NA	NA	NA	NA	NA	NA	NA	NA	NA	NA	NA	NA	NA	NA	NA	NA	NA	NA	NA	NA	NA	NA	NA	NA	NA	NA	NA	NA	NA	NA	NA	NA	NA	NA	NA	NA	NA	NA	NA	NA	NA	NA	NA	NA	NA	NA	NA	NA	NA	NA	NA	NA	NA	NA	NA
cg24162965	NA	NA	NA	NA	NA	NA	NA	NA	NA	NA	NA	NA	NA	NA	NA	NA	NA	NA	NA	NA	NA	NA	NA	NA	NA	NA	NA	NA	NA	NA	NA	NA	NA	NA	NA	NA	NA	NA	NA	NA	NA	NA	NA	NA	NA	NA	NA	NA	NA	NA	NA	NA	NA	NA	NA	NA	NA	NA	NA	NA	NA	NA	NA	NA	NA	NA	NA	NA	NA	NA	NA	NA	NA	NA	NA	NA	NA	NA	NA	NA	NA	NA	NA	NA	NA	NA	NA
cg24170212	NA	NA	NA	NA	NA	NA	NA	NA	NA	NA	NA	NA	NA	NA	NA	NA	NA	NA	NA	NA	NA	NA	NA	NA	NA	NA	NA	NA	NA	NA	NA	NA	NA	NA	NA	NA	NA	NA	NA	NA	NA	NA	NA	NA	NA	NA	NA	NA	NA	NA	NA	NA	NA	NA	NA	NA	NA	NA	NA	NA	NA	NA	NA	NA	NA	NA	NA	NA	NA	NA	NA	NA	NA	NA	NA	NA	NA	NA	NA	NA	NA	NA	NA	NA	NA	NA	NA
cg24176601	0.926846924374818	0.924088734542667	0.925373481548841	0.926060547080015	0.932416863027908	0.946532687403766	0.938797252014898	0.942203187159747	0.956678290693444	0.500558464854518	0.932975658598553	0.942140288022913	0.925087136750587	0.958393709452487	0.946136856468115	0.945747062854419	0.873929715008553	0.913041245698793	0.955110959125465	0.934303650940254	0.927770065448685	0.910311424294135	0.949576200046826	0.926213337577191	0.934286321602606	0.895709819909612	0.917182146921409	0.929666684316047	0.951534137751004	0.940897265538767	0.928685286522164	0.928106582871364	0.938409377558926	0.918432423541273	0.896461305185847	0.904745056306776	0.924913899236603	0.948109965006282	0.949624542585777	0.933886662130783	0.717445684667066	0.71687238654007	0.915465158230909	0.940157244334094	0.938339449411678	0.966670306414214	0.888638932135596	0.940656714667494	0.942709940092148	0.935941758942088	0.939642611289043	0.902214290706025	0.959398893584442	0.903627168290205	0.913612086129691	0.924818732652532	0.950579895906118	0.938315527426751	0.945202018723349	0.96530312729647	0.921497810510605	0.920509541299303	0.926237140201937	0.902903523651143	0.918549176245338	0.927451938231233	0.954221979843337	0.92704730897879	0.908732668554684	0.944939986530599	0.923676542592698	0.948641683716136	0.920107399387254	0.919224636151809	0.89451937639611	0.920188104739429	0.892222535548459	0.936453367772953	0.94486078489833	0.929905523363055	0.951670312481115	0.918084647395193	0.933230690938024	0.951985863154583	0.906832983433832	0.885889871952228	0.888125989077881
cg24217980	NA	NA	NA	NA	NA	NA	NA	NA	NA	NA	NA	NA	NA	NA	NA	NA	NA	NA	NA	NA	NA	NA	NA	NA	NA	NA	NA	NA	NA	NA	NA	NA	NA	NA	NA	NA	NA	NA	NA	NA	NA	NA	NA	NA	NA	NA	NA	NA	NA	NA	NA	NA	NA	NA	NA	NA	NA	NA	NA	NA	NA	NA	NA	NA	NA	NA	NA	NA	NA	NA	NA	NA	NA	NA	NA	NA	NA	NA	NA	NA	NA	NA	NA	NA	NA	NA	NA
cg24251441	0.930828905370696	0.926580120736651	0.914037933636873	0.943440336063091	0.931577114585672	0.812661497446183	0.94364421147628	0.909509475045914	0.799491318999924	0.899861438130139	0.814105357431642	0.944172567447165	0.925345087279721	0.925405142180121	0.939944870633129	0.909675850794643	0.924469970337747	0.938701583007371	0.932630481970649	0.942201705729561	0.9344733538607	0.946096287464498	0.903315681347643	0.905192810870487	0.948216311522351	0.91971512115585	0.92986948454354	0.92287189648733	0.931324587330903	0.940052798352736	0.941409778009259	0.926249170669801	0.947698923729751	0.488324954879127	0.906199159497484	0.92307598297971	0.93273879337304	0.951795504511734	0.903871911129198	0.939774236912497	0.923656590004647	0.944440551432263	0.9290730789099	0.922948977239389	0.936271941200607	0.950788273190584	0.943329395579095	0.844629052783928	0.947670521818841	0.935252992499788	0.94322623398846	0.953785029640306	0.886842799469426	0.931245600443956	0.860661180055639	0.948872868769168	0.943740172364845	0.944649960507312	0.951796146055807	0.93050140384992	0.914772356745056	0.94566693671238	0.92854073988323	0.940202946207499	0.891541894432532	0.861400695000584	0.962623856505849	0.877531821541863	0.955881205913988	0.925678957883533	0.923314926671015	0.948524653765121	0.939088127864291	0.942965552627672	0.913600440542818	0.92587560365779	0.856029741657373	0.947814501430262	0.950484432749204	0.792076265651001	0.945941263445058	0.854487726524061	0.96437613923505	0.932933641156588	0.915443023744541	0.943694362537649	0.871079935082889
cg24279701	NA	NA	NA	NA	NA	NA	NA	NA	NA	NA	NA	NA	NA	NA	NA	NA	NA	NA	NA	NA	NA	NA	NA	NA	NA	NA	NA	NA	NA	NA	NA	NA	NA	NA	NA	NA	NA	NA	NA	NA	NA	NA	NA	NA	NA	NA	NA	NA	NA	NA	NA	NA	NA	NA	NA	NA	NA	NA	NA	NA	NA	NA	NA	NA	NA	NA	NA	NA	NA	NA	NA	NA	NA	NA	NA	NA	NA	NA	NA	NA	NA	NA	NA	NA	NA	NA	NA
cg24284859	0.9336440692601	0.915604588059529	0.941836969519651	0.903134446457421	0.911686538610563	0.868281250781744	0.938571319078449	0.911825189761833	0.839786197386089	0.926035722733425	0.915649429143343	0.891770023933613	0.905237459599913	0.931124499993711	0.887182992037673	0.950014720823619	0.909434417149484	0.943086181655604	0.87370680937138	0.924270486720415	0.940147792901925	0.902094318054869	0.937784324835318	0.901573507654382	0.939487802791743	0.924451635693997	0.915596496005434	0.911861760312086	0.900770514409767	0.934002083318051	0.939274016567825	0.933954345501644	0.906455316618333	0.905431681750558	0.883192796970322	0.916219276989255	0.889677431402798	0.945185574448855	0.905443634180226	0.925638365740099	0.9201417071031	0.875621239300893	0.904500671606408	0.912988560338796	0.910896842546574	0.933046677335821	0.931371787007934	0.91102661025406	0.884078183679501	0.912331760437397	0.947606252852186	0.920572285090341	0.930598624557981	0.907611709222564	0.906350529559562	0.906780914148538	0.93645894740006	0.929170123232896	0.717144306479091	0.897384857712382	0.891496707062262	0.938537646277644	0.89785058432739	0.930111603715848	0.925090461009207	0.915846755457632	0.934358499582528	0.921568595529619	0.910616071144469	0.894551370368336	0.941059475280704	0.943958544871991	0.841049448008852	0.898717447965561	0.925539929995948	0.924666378039727	0.899235579169376	0.925381571554642	0.92384270584447	0.892405644498956	0.909024123091709	0.921360010018502	0.898832334990735	0.934615277412485	0.896045386992129	0.923865251263786	0.932603231675553
cg24300962	NA	NA	NA	NA	NA	NA	NA	NA	NA	NA	NA	NA	NA	NA	NA	NA	NA	NA	NA	NA	NA	NA	NA	NA	NA	NA	NA	NA	NA	NA	NA	NA	NA	NA	NA	NA	NA	NA	NA	NA	NA	NA	NA	NA	NA	NA	NA	NA	NA	NA	NA	NA	NA	NA	NA	NA	NA	NA	NA	NA	NA	NA	NA	NA	NA	NA	NA	NA	NA	NA	NA	NA	NA	NA	NA	NA	NA	NA	NA	NA	NA	NA	NA	NA	NA	NA	NA
cg24320065	NA	NA	NA	NA	NA	NA	NA	NA	NA	NA	NA	NA	NA	NA	NA	NA	NA	NA	NA	NA	NA	NA	NA	NA	NA	NA	NA	NA	NA	NA	NA	NA	NA	NA	NA	NA	NA	NA	NA	NA	NA	NA	NA	NA	NA	NA	NA	NA	NA	NA	NA	NA	NA	NA	NA	NA	NA	NA	NA	NA	NA	NA	NA	NA	NA	NA	NA	NA	NA	NA	NA	NA	NA	NA	NA	NA	NA	NA	NA	NA	NA	NA	NA	NA	NA	NA	NA
cg24331317	NA	NA	NA	NA	NA	NA	NA	NA	NA	NA	NA	NA	NA	NA	NA	NA	NA	NA	NA	NA	NA	NA	NA	NA	NA	NA	NA	NA	NA	NA	NA	NA	NA	NA	NA	NA	NA	NA	NA	NA	NA	NA	NA	NA	NA	NA	NA	NA	NA	NA	NA	NA	NA	NA	NA	NA	NA	NA	NA	NA	NA	NA	NA	NA	NA	NA	NA	NA	NA	NA	NA	NA	NA	NA	NA	NA	NA	NA	NA	NA	NA	NA	NA	NA	NA	NA	NA
cg24348466	NA	NA	NA	NA	NA	NA	NA	NA	NA	NA	NA	NA	NA	NA	NA	NA	NA	NA	NA	NA	NA	NA	NA	NA	NA	NA	NA	NA	NA	NA	NA	NA	NA	NA	NA	NA	NA	NA	NA	NA	NA	NA	NA	NA	NA	NA	NA	NA	NA	NA	NA	NA	NA	NA	NA	NA	NA	NA	NA	NA	NA	NA	NA	NA	NA	NA	NA	NA	NA	NA	NA	NA	NA	NA	NA	NA	NA	NA	NA	NA	NA	NA	NA	NA	NA	NA	NA
cg24348786	NA	NA	NA	NA	NA	NA	NA	NA	NA	NA	NA	NA	NA	NA	NA	NA	NA	NA	NA	NA	NA	NA	NA	NA	NA	NA	NA	NA	NA	NA	NA	NA	NA	NA	NA	NA	NA	NA	NA	NA	NA	NA	NA	NA	NA	NA	NA	NA	NA	NA	NA	NA	NA	NA	NA	NA	NA	NA	NA	NA	NA	NA	NA	NA	NA	NA	NA	NA	NA	NA	NA	NA	NA	NA	NA	NA	NA	NA	NA	NA	NA	NA	NA	NA	NA	NA	NA
cg24369233	NA	NA	NA	NA	NA	NA	NA	NA	NA	NA	NA	NA	NA	NA	NA	NA	NA	NA	NA	NA	NA	NA	NA	NA	NA	NA	NA	NA	NA	NA	NA	NA	NA	NA	NA	NA	NA	NA	NA	NA	NA	NA	NA	NA	NA	NA	NA	NA	NA	NA	NA	NA	NA	NA	NA	NA	NA	NA	NA	NA	NA	NA	NA	NA	NA	NA	NA	NA	NA	NA	NA	NA	NA	NA	NA	NA	NA	NA	NA	NA	NA	NA	NA	NA	NA	NA	NA
cg24399529	0.0781604084415316	0.128209736057664	0.134891417539563	0.0826357039156668	0.145539369027846	0.268519808277629	0.125780101708066	0.258858737433797	0.21065802028703	0.123654141028437	0.248521757174715	0.104921228621201	0.209433995296058	0.0759629525837792	0.259264182652747	0.18206510224243	0.180867288134346	0.164158228893195	0.109402720260721	0.132015887332187	0.0984092933968399	0.209092897432725	0.0807185876147895	0.147060244278069	0.108532886730796	0.0918739198905171	0.0805626612884961	0.141044411609801	0.187374683187172	0.0889296760646809	0.208721939052333	0.0928366294668004	0.152643286808498	0.170087855219362	0.300805767913825	0.200822670207391	0.185548210580427	0.0836553094045472	0.143608544899595	0.122537854922029	0.120048146604759	0.151951028225371	0.089975787419089	0.123245690284655	0.0962933776003083	0.161312310196962	0.0783651998676557	0.195238358924879	0.182955663531554	0.179340947963435	0.100737808841782	0.661662709980378	0.157048562396078	0.466333740397752	0.226464588586735	0.253324386881158	0.118226457927184	0.221873297828477	0.0988590879583013	0.0934137904279446	0.139719941539644	0.0795242865809032	0.0997478709972415	0.279002060132705	0.393548194641649	0.259911667043204	0.0965804809770329	0.156786481461528	0.0813335933631999	0.326305771235267	0.181451749902132	0.115532037159178	0.105545567263749	0.236410757791131	0.140496796131234	0.110760986812617	0.195425922175288	0.188071229988787	0.136209257620894	0.0912082478137366	0.152059010853381	0.153753627367853	0.10235008910814	0.0938152637271085	0.220604758899624	0.123079363218879	0.0895579236002795
cg24425968	NA	NA	NA	NA	NA	NA	NA	NA	NA	NA	NA	NA	NA	NA	NA	NA	NA	NA	NA	NA	NA	NA	NA	NA	NA	NA	NA	NA	NA	NA	NA	NA	NA	NA	NA	NA	NA	NA	NA	NA	NA	NA	NA	NA	NA	NA	NA	NA	NA	NA	NA	NA	NA	NA	NA	NA	NA	NA	NA	NA	NA	NA	NA	NA	NA	NA	NA	NA	NA	NA	NA	NA	NA	NA	NA	NA	NA	NA	NA	NA	NA	NA	NA	NA	NA	NA	NA
cg24445752	NA	NA	NA	NA	NA	NA	NA	NA	NA	NA	NA	NA	NA	NA	NA	NA	NA	NA	NA	NA	NA	NA	NA	NA	NA	NA	NA	NA	NA	NA	NA	NA	NA	NA	NA	NA	NA	NA	NA	NA	NA	NA	NA	NA	NA	NA	NA	NA	NA	NA	NA	NA	NA	NA	NA	NA	NA	NA	NA	NA	NA	NA	NA	NA	NA	NA	NA	NA	NA	NA	NA	NA	NA	NA	NA	NA	NA	NA	NA	NA	NA	NA	NA	NA	NA	NA	NA
cg24493925	NA	NA	NA	NA	NA	NA	NA	NA	NA	NA	NA	NA	NA	NA	NA	NA	NA	NA	NA	NA	NA	NA	NA	NA	NA	NA	NA	NA	NA	NA	NA	NA	NA	NA	NA	NA	NA	NA	NA	NA	NA	NA	NA	NA	NA	NA	NA	NA	NA	NA	NA	NA	NA	NA	NA	NA	NA	NA	NA	NA	NA	NA	NA	NA	NA	NA	NA	NA	NA	NA	NA	NA	NA	NA	NA	NA	NA	NA	NA	NA	NA	NA	NA	NA	NA	NA	NA
cg24508547	NA	NA	NA	NA	NA	NA	NA	NA	NA	NA	NA	NA	NA	NA	NA	NA	NA	NA	NA	NA	NA	NA	NA	NA	NA	NA	NA	NA	NA	NA	NA	NA	NA	NA	NA	NA	NA	NA	NA	NA	NA	NA	NA	NA	NA	NA	NA	NA	NA	NA	NA	NA	NA	NA	NA	NA	NA	NA	NA	NA	NA	NA	NA	NA	NA	NA	NA	NA	NA	NA	NA	NA	NA	NA	NA	NA	NA	NA	NA	NA	NA	NA	NA	NA	NA	NA	NA
cg24509591	NA	NA	NA	NA	NA	NA	NA	NA	NA	NA	NA	NA	NA	NA	NA	NA	NA	NA	NA	NA	NA	NA	NA	NA	NA	NA	NA	NA	NA	NA	NA	NA	NA	NA	NA	NA	NA	NA	NA	NA	NA	NA	NA	NA	NA	NA	NA	NA	NA	NA	NA	NA	NA	NA	NA	NA	NA	NA	NA	NA	NA	NA	NA	NA	NA	NA	NA	NA	NA	NA	NA	NA	NA	NA	NA	NA	NA	NA	NA	NA	NA	NA	NA	NA	NA	NA	NA
cg24512770	NA	NA	NA	NA	NA	NA	NA	NA	NA	NA	NA	NA	NA	NA	NA	NA	NA	NA	NA	NA	NA	NA	NA	NA	NA	NA	NA	NA	NA	NA	NA	NA	NA	NA	NA	NA	NA	NA	NA	NA	NA	NA	NA	NA	NA	NA	NA	NA	NA	NA	NA	NA	NA	NA	NA	NA	NA	NA	NA	NA	NA	NA	NA	NA	NA	NA	NA	NA	NA	NA	NA	NA	NA	NA	NA	NA	NA	NA	NA	NA	NA	NA	NA	NA	NA	NA	NA
cg24524735	NA	NA	NA	NA	NA	NA	NA	NA	NA	NA	NA	NA	NA	NA	NA	NA	NA	NA	NA	NA	NA	NA	NA	NA	NA	NA	NA	NA	NA	NA	NA	NA	NA	NA	NA	NA	NA	NA	NA	NA	NA	NA	NA	NA	NA	NA	NA	NA	NA	NA	NA	NA	NA	NA	NA	NA	NA	NA	NA	NA	NA	NA	NA	NA	NA	NA	NA	NA	NA	NA	NA	NA	NA	NA	NA	NA	NA	NA	NA	NA	NA	NA	NA	NA	NA	NA	NA
cg24531568	NA	NA	NA	NA	NA	NA	NA	NA	NA	NA	NA	NA	NA	NA	NA	NA	NA	NA	NA	NA	NA	NA	NA	NA	NA	NA	NA	NA	NA	NA	NA	NA	NA	NA	NA	NA	NA	NA	NA	NA	NA	NA	NA	NA	NA	NA	NA	NA	NA	NA	NA	NA	NA	NA	NA	NA	NA	NA	NA	NA	NA	NA	NA	NA	NA	NA	NA	NA	NA	NA	NA	NA	NA	NA	NA	NA	NA	NA	NA	NA	NA	NA	NA	NA	NA	NA	NA
cg24536474	NA	NA	NA	NA	NA	NA	NA	NA	NA	NA	NA	NA	NA	NA	NA	NA	NA	NA	NA	NA	NA	NA	NA	NA	NA	NA	NA	NA	NA	NA	NA	NA	NA	NA	NA	NA	NA	NA	NA	NA	NA	NA	NA	NA	NA	NA	NA	NA	NA	NA	NA	NA	NA	NA	NA	NA	NA	NA	NA	NA	NA	NA	NA	NA	NA	NA	NA	NA	NA	NA	NA	NA	NA	NA	NA	NA	NA	NA	NA	NA	NA	NA	NA	NA	NA	NA	NA
cg24537973	0.269534896643455	0.687758037681603	0.762616072438634	0.674910373595526	0.555763066152616	0.379255023315925	0.606528115939944	0.697795006960868	0.245383529760447	0.882371379658693	0.687789933769959	0.806888643548937	0.759589765857854	0.509792067182395	0.529421999203838	0.644050322746829	0.665821373397477	0.554057010203401	0.668602360775385	0.822817539940351	0.461185204710407	0.706592001773447	0.42202571914177	0.604955060129891	0.805325532188884	0.753397708104731	0.62446149708501	0.617968133117725	0.797128683761498	0.887558315735216	0.774802011131709	0.820386988923532	0.820788921669554	0.70304832781193	0.655447810240835	0.707364459555755	0.669924238983211	0.842660911137204	0.632429350427176	0.585224948465296	0.586449145597335	0.73849981831608	0.726852034756269	0.678773032715948	0.5067559228788	0.605778402408991	0.854281717020351	0.640095102586732	0.762522249333886	0.707527859473207	0.518840171405944	0.855599967049997	0.47688641925262	0.800359704419684	0.736956041781884	0.454620853122172	0.537872341954765	0.837985819682176	0.313541095819829	0.820225806755931	0.514337702450837	0.738402950238037	0.762132471138241	0.654177457079363	0.780242440938615	0.336017808469752	0.656359804169518	0.57048877438379	0.629901820780269	0.648815761105647	0.816654061749671	0.923273087695614	0.524196588203954	0.61444228019194	0.645175127991786	0.736864138085448	0.551523573732463	0.874692971203241	0.598715710893074	0.486211764446942	0.806910258667831	0.835493562609478	0.568560385507847	0.603989771551918	0.604720386214806	0.818820378730049	0.53398428111478
cg24546349	0.749665660337273	0.528619526449733	0.66772566710012	0.751551937753102	0.412158796321751	0.415561812093963	0.522572936860714	0.574541184464774	0.392702271035073	0.777104449719326	0.40421486547859	0.704165202221806	0.518762226674892	0.52724383714868	0.484890443580763	0.578776468516211	0.621056558988027	0.447129208378997	0.67863520461737	0.732825837635988	0.709938134045828	0.638247862220633	0.563591063676701	0.336002110398899	0.422842562373921	0.695726248194802	0.694222155561547	0.701365973226597	0.615919913523456	0.775058985367538	0.713558089759431	0.342167938369773	0.627058962359689	0.7207805740002	0.613579564382764	0.733615119264693	0.438448333021323	0.634041402214196	0.657044153864693	0.665681535465006	0.721707428938225	0.628157311566184	0.832898073182591	0.697537818936029	0.505323176577289	0.52447137501427	0.80838204513717	0.574777902941309	0.763875002303805	0.664469009285541	0.742721402449335	0.739944082475486	0.513546413326099	0.763572851145186	0.689621505131975	0.710739352131529	0.32462283297582	0.662720990147266	0.508549168293078	0.731247000955021	0.663399218307504	0.773693375498118	0.734360391240363	0.638848624480316	0.598553563105175	0.40747210034224	0.748962024460046	0.62674399100612	0.474546544161047	0.68987065740602	0.686822535533773	0.842480583812426	0.692104686676242	0.727358094109174	0.678185276949139	0.487685968857212	0.527990141527976	0.79011429861961	0.564043187690111	0.613410685872568	0.675152904130579	0.522988366796706	0.766110103808103	0.488590466840734	0.566207919064906	0.725259368705994	0.595111091317463
cg24575638	NA	NA	NA	NA	NA	NA	NA	NA	NA	NA	NA	NA	NA	NA	NA	NA	NA	NA	NA	NA	NA	NA	NA	NA	NA	NA	NA	NA	NA	NA	NA	NA	NA	NA	NA	NA	NA	NA	NA	NA	NA	NA	NA	NA	NA	NA	NA	NA	NA	NA	NA	NA	NA	NA	NA	NA	NA	NA	NA	NA	NA	NA	NA	NA	NA	NA	NA	NA	NA	NA	NA	NA	NA	NA	NA	NA	NA	NA	NA	NA	NA	NA	NA	NA	NA	NA	NA
cg24581736	NA	NA	NA	NA	NA	NA	NA	NA	NA	NA	NA	NA	NA	NA	NA	NA	NA	NA	NA	NA	NA	NA	NA	NA	NA	NA	NA	NA	NA	NA	NA	NA	NA	NA	NA	NA	NA	NA	NA	NA	NA	NA	NA	NA	NA	NA	NA	NA	NA	NA	NA	NA	NA	NA	NA	NA	NA	NA	NA	NA	NA	NA	NA	NA	NA	NA	NA	NA	NA	NA	NA	NA	NA	NA	NA	NA	NA	NA	NA	NA	NA	NA	NA	NA	NA	NA	NA
cg24619998	0.840503264952241	0.921096829114961	0.843625106793954	0.8972231330338	0.861851345841885	0.680249027282213	0.912030496355351	0.901434243160283	0.824560972487272	0.894044641755276	0.808841932262581	0.872795148932328	0.858565663655162	0.933291205434756	0.844517158295747	0.854759211195266	0.746277880916184	0.867930506314598	0.783498651940903	0.926316489169744	0.871443701887161	0.821247002462639	0.95017368940737	0.927258570743023	0.877751353340322	0.912432618827619	0.898076218046364	0.844725609060848	0.88274649725011	0.92462145346736	0.835141243054073	0.890887399594064	0.883322228490965	0.857541789941483	0.765280611526888	0.828899480742187	0.776929990335946	0.912718503218151	0.84641211310149	0.886020722667376	0.919410471859569	0.907763416330832	0.908308404307249	0.860877841204934	0.892714101926969	0.883386341534509	0.872108332937206	0.852003471467086	0.87397950180305	0.902365267667065	0.83028340004668	0.910392752101219	0.84804664850104	0.884217216551692	0.88972056795568	0.848236802001538	0.827075214478305	0.855200094967096	0.346651121533252	0.918909874624865	0.889652524239893	0.880559490053441	0.895099461071517	0.82199300643899	0.918620953912871	0.822203045119823	0.878371710692817	0.858233920399448	0.813776034631857	0.88994806573517	0.905649860082813	0.928749699521024	0.893899285717232	0.822267556486693	0.903337281191383	0.808463273073616	0.813128019587004	0.885373669007774	0.803009218370698	0.877129392858956	0.91154883004995	0.932372680481746	0.886644294544391	0.897188230064606	0.62047074164609	0.881757489637173	0.901930794112084
cg24620463	NA	NA	NA	NA	NA	NA	NA	NA	NA	NA	NA	NA	NA	NA	NA	NA	NA	NA	NA	NA	NA	NA	NA	NA	NA	NA	NA	NA	NA	NA	NA	NA	NA	NA	NA	NA	NA	NA	NA	NA	NA	NA	NA	NA	NA	NA	NA	NA	NA	NA	NA	NA	NA	NA	NA	NA	NA	NA	NA	NA	NA	NA	NA	NA	NA	NA	NA	NA	NA	NA	NA	NA	NA	NA	NA	NA	NA	NA	NA	NA	NA	NA	NA	NA	NA	NA	NA
cg24651708	NA	NA	NA	NA	NA	NA	NA	NA	NA	NA	NA	NA	NA	NA	NA	NA	NA	NA	NA	NA	NA	NA	NA	NA	NA	NA	NA	NA	NA	NA	NA	NA	NA	NA	NA	NA	NA	NA	NA	NA	NA	NA	NA	NA	NA	NA	NA	NA	NA	NA	NA	NA	NA	NA	NA	NA	NA	NA	NA	NA	NA	NA	NA	NA	NA	NA	NA	NA	NA	NA	NA	NA	NA	NA	NA	NA	NA	NA	NA	NA	NA	NA	NA	NA	NA	NA	NA
cg24651790	NA	NA	NA	NA	NA	NA	NA	NA	NA	NA	NA	NA	NA	NA	NA	NA	NA	NA	NA	NA	NA	NA	NA	NA	NA	NA	NA	NA	NA	NA	NA	NA	NA	NA	NA	NA	NA	NA	NA	NA	NA	NA	NA	NA	NA	NA	NA	NA	NA	NA	NA	NA	NA	NA	NA	NA	NA	NA	NA	NA	NA	NA	NA	NA	NA	NA	NA	NA	NA	NA	NA	NA	NA	NA	NA	NA	NA	NA	NA	NA	NA	NA	NA	NA	NA	NA	NA
cg24686187	NA	NA	NA	NA	NA	NA	NA	NA	NA	NA	NA	NA	NA	NA	NA	NA	NA	NA	NA	NA	NA	NA	NA	NA	NA	NA	NA	NA	NA	NA	NA	NA	NA	NA	NA	NA	NA	NA	NA	NA	NA	NA	NA	NA	NA	NA	NA	NA	NA	NA	NA	NA	NA	NA	NA	NA	NA	NA	NA	NA	NA	NA	NA	NA	NA	NA	NA	NA	NA	NA	NA	NA	NA	NA	NA	NA	NA	NA	NA	NA	NA	NA	NA	NA	NA	NA	NA
cg24702069	0.0599510437793168	0.593218131378687	0.127327953785652	0.349174492810125	0.454839967943505	0.129527995321473	0.1647828508569	0.471776823100626	0.117856735795796	0.201457899270236	0.209053050025096	0.0872867250295363	0.461342107334026	0.134915980483588	0.434953378788583	0.141489539273895	0.121917134007083	0.181708817392901	0.380757903614716	0.206361613441576	0.138781118569747	0.248241716936645	0.325286207819854	0.0740097483707733	0.282912882036462	0.192949485887357	0.301257564498871	0.514477616852091	0.080674291687974	0.592546810418154	0.278093617712627	0.774449231131266	0.0952443285886656	0.748532626693392	0.0854679001811892	0.291517624143447	0.442904196253472	0.537679539151143	0.116378110339267	0.154876496097994	0.202116881937584	0.13780668037094	0.103148259615772	0.273978851293059	0.766720971603145	0.353600084096157	0.316631037701123	0.318245855197839	0.123882748048869	0.440124876366576	0.131178372820707	0.103731133861259	0.247176514047433	0.670328074823755	0.487780023903126	0.205139994406244	0.757015192188597	0.761363900188874	0.363317322663676	0.379557766811725	0.0969327080593735	0.28021326802858	0.243976702706555	0.410292172459177	0.520034811980319	0.131513938370027	0.0927093493466121	0.159662202467187	0.0972063589309412	0.544392026904028	0.597049969652106	0.241247921577567	0.311902838300106	0.460224185569254	0.334643881344208	0.170155502094077	0.437738145468161	0.824999461163935	0.299357934480807	0.469357669825219	0.240579268634087	0.553705855271726	0.460891021895845	0.330148012472008	0.157641446522738	0.201347351277596	0.185520531623464
cg24704082	NA	NA	NA	NA	NA	NA	NA	NA	NA	NA	NA	NA	NA	NA	NA	NA	NA	NA	NA	NA	NA	NA	NA	NA	NA	NA	NA	NA	NA	NA	NA	NA	NA	NA	NA	NA	NA	NA	NA	NA	NA	NA	NA	NA	NA	NA	NA	NA	NA	NA	NA	NA	NA	NA	NA	NA	NA	NA	NA	NA	NA	NA	NA	NA	NA	NA	NA	NA	NA	NA	NA	NA	NA	NA	NA	NA	NA	NA	NA	NA	NA	NA	NA	NA	NA	NA	NA
cg24707982	NA	NA	NA	NA	NA	NA	NA	NA	NA	NA	NA	NA	NA	NA	NA	NA	NA	NA	NA	NA	NA	NA	NA	NA	NA	NA	NA	NA	NA	NA	NA	NA	NA	NA	NA	NA	NA	NA	NA	NA	NA	NA	NA	NA	NA	NA	NA	NA	NA	NA	NA	NA	NA	NA	NA	NA	NA	NA	NA	NA	NA	NA	NA	NA	NA	NA	NA	NA	NA	NA	NA	NA	NA	NA	NA	NA	NA	NA	NA	NA	NA	NA	NA	NA	NA	NA	NA
cg24732062	NA	NA	NA	NA	NA	NA	NA	NA	NA	NA	NA	NA	NA	NA	NA	NA	NA	NA	NA	NA	NA	NA	NA	NA	NA	NA	NA	NA	NA	NA	NA	NA	NA	NA	NA	NA	NA	NA	NA	NA	NA	NA	NA	NA	NA	NA	NA	NA	NA	NA	NA	NA	NA	NA	NA	NA	NA	NA	NA	NA	NA	NA	NA	NA	NA	NA	NA	NA	NA	NA	NA	NA	NA	NA	NA	NA	NA	NA	NA	NA	NA	NA	NA	NA	NA	NA	NA
cg24808545	NA	NA	NA	NA	NA	NA	NA	NA	NA	NA	NA	NA	NA	NA	NA	NA	NA	NA	NA	NA	NA	NA	NA	NA	NA	NA	NA	NA	NA	NA	NA	NA	NA	NA	NA	NA	NA	NA	NA	NA	NA	NA	NA	NA	NA	NA	NA	NA	NA	NA	NA	NA	NA	NA	NA	NA	NA	NA	NA	NA	NA	NA	NA	NA	NA	NA	NA	NA	NA	NA	NA	NA	NA	NA	NA	NA	NA	NA	NA	NA	NA	NA	NA	NA	NA	NA	NA
cg24871371	NA	NA	NA	NA	NA	NA	NA	NA	NA	NA	NA	NA	NA	NA	NA	NA	NA	NA	NA	NA	NA	NA	NA	NA	NA	NA	NA	NA	NA	NA	NA	NA	NA	NA	NA	NA	NA	NA	NA	NA	NA	NA	NA	NA	NA	NA	NA	NA	NA	NA	NA	NA	NA	NA	NA	NA	NA	NA	NA	NA	NA	NA	NA	NA	NA	NA	NA	NA	NA	NA	NA	NA	NA	NA	NA	NA	NA	NA	NA	NA	NA	NA	NA	NA	NA	NA	NA
cg24874998	0.885114288416691	0.598281985196911	0.576899790444745	0.719525746147303	0.418305803719252	0.345627290595656	0.480876226639771	0.720603924003583	0.137803443373277	0.717138692254031	0.365167326159527	0.494636287986095	0.681776267347176	0.612896467726659	0.428801217565222	0.40235852459569	0.528984626687789	0.544781622507535	0.508684236599964	0.304951269642996	0.614454967926484	0.559757779486918	0.488489505591878	0.605063282932152	0.600727879237622	0.465339615661041	0.485201824098954	0.509067132698078	0.627633249081479	0.473124956524336	0.501584785584871	0.789579868463354	0.610889120648113	0.34371780225937	0.437898628177039	0.552994609135139	0.493060755162956	0.876359387254524	0.657964790374646	0.425089498702075	0.580967583563955	0.290375172409275	0.211552691853866	0.574984877595242	0.474865200474794	0.393997787098585	0.21290556449377	0.644553268644929	0.235576644468285	0.467174531574787	0.803491607284237	0.761648833071469	0.452354532830089	0.617704394031499	0.539150469795278	0.572371394833911	0.637739328154542	0.603169926158233	0.340691530552515	0.760898208778778	0.173536772673132	0.484045988831297	0.800013265779427	0.56769839974067	0.626670306254507	0.366129948432672	0.818306286950901	0.440989926686311	0.405668441079962	0.565273088509044	0.593776625347375	0.356546416200525	0.741062078948981	0.720522459470413	0.504620066447908	0.785546528097579	0.372792723153083	0.447808191188807	0.445489025752711	0.467837566507399	0.662342754512372	0.650524162716484	0.586062049757126	0.825838661631831	0.555980141763041	0.508058842003491	0.621487718390037
cg24902362	NA	NA	NA	NA	NA	NA	NA	NA	NA	NA	NA	NA	NA	NA	NA	NA	NA	NA	NA	NA	NA	NA	NA	NA	NA	NA	NA	NA	NA	NA	NA	NA	NA	NA	NA	NA	NA	NA	NA	NA	NA	NA	NA	NA	NA	NA	NA	NA	NA	NA	NA	NA	NA	NA	NA	NA	NA	NA	NA	NA	NA	NA	NA	NA	NA	NA	NA	NA	NA	NA	NA	NA	NA	NA	NA	NA	NA	NA	NA	NA	NA	NA	NA	NA	NA	NA	NA
cg24940155	0.241784404501924	0.316847404512525	0.485425537994094	0.211563948913658	0.350260683774389	0.355400356315601	0.371282089486885	0.39990362833668	0.165814766211952	0.366227304666657	0.313899925879242	0.334797938598118	0.35489293003287	0.16221663308283	0.393644948645315	0.313790292613904	0.443230975995408	0.409144845424919	0.330993684953269	0.185832073466429	0.396693936999392	0.444246520809501	0.168409406598884	0.212907019441121	0.267954166352283	0.249469168937046	0.173091346550996	0.550702279773545	0.516664935349816	0.806829147092929	0.450487412396315	0.244645537217294	0.267618216821045	0.230285605254672	0.460742192263479	0.432106997415879	0.205140019915927	0.203902826275116	0.296668688273189	0.668773440935408	0.293556086971794	0.232590604198054	0.226834197115652	0.273072262873275	0.264506788183709	0.422068850912472	0.167868133085179	0.39952804104477	0.291306313396765	0.435162472499711	0.239311873118314	0.274116355865756	0.403253893540863	0.509188746635108	0.452611798333624	0.354430266342269	0.244793655741677	0.211826118107337	0.206601876171968	0.252416963638763	0.265574473720768	0.275505969919739	0.621885456986587	0.57479958279242	0.598404894042031	0.28017598361485	0.257881074529612	0.514493741912287	0.176400139894101	0.687976616026573	0.367878364897682	0.212539666541224	0.206129136122296	0.312305642741324	0.223817406321879	0.290256366924698	0.337850148189573	0.174809229014949	0.230076660833744	0.239041866078928	0.283589539986383	0.233584820562283	0.294937427192267	0.207536161903606	0.515281808586941	0.411782689815306	0.158157706942916
cg24967487	0.399421739298592	0.493140475528585	0.298135238805637	0.542900105326027	0.554745952578378	0.393952047323489	0.376468958404809	0.368453887488165	0.293474628235544	0.804573141163078	0.645402730211299	0.468394116843667	0.661767249793976	0.72843305774083	0.24821428305654	0.636800774705241	0.524030701597532	0.514554143393455	0.74620517728602	0.811938707221017	0.337592566187801	0.647245281742179	0.771301395659141	0.570948085352793	0.780291885926379	0.896924455303164	0.697968443521073	0.811662503337631	0.357584098462595	0.76201468896147	0.54278131779986	0.252534946871814	0.820491053923634	0.421405086176877	0.392691483867727	0.523970019840796	0.571424264563168	0.831219623733849	0.562293131820089	0.475590931533829	0.565234449943434	0.451223312511891	0.564784937909254	0.698008167847508	0.222384930926602	0.560832714041424	0.833465263176696	0.318090397842329	0.76651209107131	0.746129463966735	0.772938665796538	0.227604098957134	0.479003812138137	0.288593597001682	0.642009791507726	0.44253067369286	0.458176314069047	0.222484639453829	0.749393211444217	0.756555189405973	0.494080079971295	0.815578121967981	0.746210557791029	0.477263423112777	0.457792561397129	0.332622875823964	0.328078614598816	0.687728874632092	0.620143896304359	0.560113783604339	0.594775786557965	0.644240851700513	0.699271869770654	0.383026901326622	0.371181766349065	0.683650379383717	0.294905749187009	0.855347404053852	0.569674022396007	0.154093117201815	0.580716512804837	0.342102877607987	0.30655804741817	0.584518381509451	0.441748432385276	0.585616979578375	0.623512925732463
cg25036886	NA	NA	NA	NA	NA	NA	NA	NA	NA	NA	NA	NA	NA	NA	NA	NA	NA	NA	NA	NA	NA	NA	NA	NA	NA	NA	NA	NA	NA	NA	NA	NA	NA	NA	NA	NA	NA	NA	NA	NA	NA	NA	NA	NA	NA	NA	NA	NA	NA	NA	NA	NA	NA	NA	NA	NA	NA	NA	NA	NA	NA	NA	NA	NA	NA	NA	NA	NA	NA	NA	NA	NA	NA	NA	NA	NA	NA	NA	NA	NA	NA	NA	NA	NA	NA	NA	NA
cg25039837	NA	NA	NA	NA	NA	NA	NA	NA	NA	NA	NA	NA	NA	NA	NA	NA	NA	NA	NA	NA	NA	NA	NA	NA	NA	NA	NA	NA	NA	NA	NA	NA	NA	NA	NA	NA	NA	NA	NA	NA	NA	NA	NA	NA	NA	NA	NA	NA	NA	NA	NA	NA	NA	NA	NA	NA	NA	NA	NA	NA	NA	NA	NA	NA	NA	NA	NA	NA	NA	NA	NA	NA	NA	NA	NA	NA	NA	NA	NA	NA	NA	NA	NA	NA	NA	NA	NA
cg25045882	NA	NA	NA	NA	NA	NA	NA	NA	NA	NA	NA	NA	NA	NA	NA	NA	NA	NA	NA	NA	NA	NA	NA	NA	NA	NA	NA	NA	NA	NA	NA	NA	NA	NA	NA	NA	NA	NA	NA	NA	NA	NA	NA	NA	NA	NA	NA	NA	NA	NA	NA	NA	NA	NA	NA	NA	NA	NA	NA	NA	NA	NA	NA	NA	NA	NA	NA	NA	NA	NA	NA	NA	NA	NA	NA	NA	NA	NA	NA	NA	NA	NA	NA	NA	NA	NA	NA
cg25047058	NA	NA	NA	NA	NA	NA	NA	NA	NA	NA	NA	NA	NA	NA	NA	NA	NA	NA	NA	NA	NA	NA	NA	NA	NA	NA	NA	NA	NA	NA	NA	NA	NA	NA	NA	NA	NA	NA	NA	NA	NA	NA	NA	NA	NA	NA	NA	NA	NA	NA	NA	NA	NA	NA	NA	NA	NA	NA	NA	NA	NA	NA	NA	NA	NA	NA	NA	NA	NA	NA	NA	NA	NA	NA	NA	NA	NA	NA	NA	NA	NA	NA	NA	NA	NA	NA	NA
cg25083596	NA	NA	NA	NA	NA	NA	NA	NA	NA	NA	NA	NA	NA	NA	NA	NA	NA	NA	NA	NA	NA	NA	NA	NA	NA	NA	NA	NA	NA	NA	NA	NA	NA	NA	NA	NA	NA	NA	NA	NA	NA	NA	NA	NA	NA	NA	NA	NA	NA	NA	NA	NA	NA	NA	NA	NA	NA	NA	NA	NA	NA	NA	NA	NA	NA	NA	NA	NA	NA	NA	NA	NA	NA	NA	NA	NA	NA	NA	NA	NA	NA	NA	NA	NA	NA	NA	NA
cg25192591	NA	NA	NA	NA	NA	NA	NA	NA	NA	NA	NA	NA	NA	NA	NA	NA	NA	NA	NA	NA	NA	NA	NA	NA	NA	NA	NA	NA	NA	NA	NA	NA	NA	NA	NA	NA	NA	NA	NA	NA	NA	NA	NA	NA	NA	NA	NA	NA	NA	NA	NA	NA	NA	NA	NA	NA	NA	NA	NA	NA	NA	NA	NA	NA	NA	NA	NA	NA	NA	NA	NA	NA	NA	NA	NA	NA	NA	NA	NA	NA	NA	NA	NA	NA	NA	NA	NA
cg25208892	0.920349261136918	0.939188990277759	0.903646915916363	0.93301190472371	0.909317400501669	0.909192636886725	0.942839813511406	0.926924954016213	0.918710235874121	0.900771241560841	0.944411422196485	0.905354057897285	0.937257292691691	0.91511054844816	0.935053004130473	0.918348808768643	0.88329822327295	0.944291682288023	0.92077557908117	0.945431998019072	0.896923650353732	0.912628629076633	0.943667843424358	0.890258318062702	0.927595082899457	0.933606085618956	0.935872012660041	0.932424333355545	0.950872647212436	0.96032867989849	0.941305176167083	0.95193727031092	0.944344241911064	0.945565238462043	0.876057356172989	0.922591218887555	0.884361771609083	0.899159623486792	0.919731418137988	0.93974618898856	0.926685886186703	0.95555062755186	0.936493316394551	0.953740489689067	0.931054117664935	0.956938968029203	0.9502349913915	0.956960217707729	0.963026052982133	0.929145044390801	0.906403235675934	0.953381427088304	0.916399010130479	0.937623625603578	0.882574798373084	0.922686330218129	0.957437325505223	0.95164405787938	0.96038021941968	0.941339230139832	0.93749285487851	0.935735377643619	0.934336169827286	0.937142098809825	0.87281568716603	0.936983242938554	0.934970751894681	0.932430979594186	0.944358940482457	0.943418402076001	0.932232202647184	0.947930660453258	0.94334876981176	0.927660055229643	0.922516741311931	0.926397389361026	0.901191571018711	0.923566775726982	0.961419570105948	0.934151483533691	0.913502544103396	0.952621450598587	0.928508389960986	0.951064473732457	0.937176041766041	0.924490276841626	0.918060075172558
cg25209294	NA	NA	NA	NA	NA	NA	NA	NA	NA	NA	NA	NA	NA	NA	NA	NA	NA	NA	NA	NA	NA	NA	NA	NA	NA	NA	NA	NA	NA	NA	NA	NA	NA	NA	NA	NA	NA	NA	NA	NA	NA	NA	NA	NA	NA	NA	NA	NA	NA	NA	NA	NA	NA	NA	NA	NA	NA	NA	NA	NA	NA	NA	NA	NA	NA	NA	NA	NA	NA	NA	NA	NA	NA	NA	NA	NA	NA	NA	NA	NA	NA	NA	NA	NA	NA	NA	NA
cg25217895	NA	NA	NA	NA	NA	NA	NA	NA	NA	NA	NA	NA	NA	NA	NA	NA	NA	NA	NA	NA	NA	NA	NA	NA	NA	NA	NA	NA	NA	NA	NA	NA	NA	NA	NA	NA	NA	NA	NA	NA	NA	NA	NA	NA	NA	NA	NA	NA	NA	NA	NA	NA	NA	NA	NA	NA	NA	NA	NA	NA	NA	NA	NA	NA	NA	NA	NA	NA	NA	NA	NA	NA	NA	NA	NA	NA	NA	NA	NA	NA	NA	NA	NA	NA	NA	NA	NA
cg25245569	0.963835761529653	0.962615043827138	0.971481763536427	0.954229972504869	0.96624591338054	0.922792345035783	0.975378384406939	0.967114678740056	0.978622222807021	0.969393145401705	0.906421046878884	0.962676640906895	0.965476877701219	0.945957395188023	0.955345438284788	0.954422128206545	0.963500477012352	0.970052520746932	0.980934970674688	0.974056231699742	0.967537460234208	0.959999889607077	0.955961110136533	0.883321373932452	0.952851098014326	0.97116454948354	0.964727172517239	0.955918302770085	0.966869713361841	0.975135676736185	0.966006247913954	0.947791475707209	0.970490897774105	0.96723487085483	0.913968822948726	0.965805244101946	0.952445267189401	0.962397994647253	0.95202025650124	0.972822195708861	0.96752398582547	0.972219432959163	0.91223972073009	0.966168824761131	0.959950292685991	0.96941751863515	0.968902707576079	0.971646057372877	0.975688559637659	0.959160707796824	0.9752772198062	0.9614987173611	0.955758034835884	0.96510612656402	0.953990887259438	0.976358127387822	0.973454655227628	0.970578201549957	0.9645020385237	0.968413981458925	0.974939084205649	0.968135959751749	0.960176188597812	0.95097046913117	0.96524689030634	0.965928281501005	0.972097553688965	0.969551542520773	0.9752881577393	0.952695002232311	0.973641018409513	0.976546246491961	0.95859024992971	0.954426876414264	0.968661554078719	0.966858876188054	0.948778521942332	0.967041928247218	0.957940729662811	0.940127564615391	0.972719791985517	0.971376229642641	0.973040595531717	0.958799067042378	0.926458253266346	0.970645249617469	0.933247554914101
cg25265769	NA	NA	NA	NA	NA	NA	NA	NA	NA	NA	NA	NA	NA	NA	NA	NA	NA	NA	NA	NA	NA	NA	NA	NA	NA	NA	NA	NA	NA	NA	NA	NA	NA	NA	NA	NA	NA	NA	NA	NA	NA	NA	NA	NA	NA	NA	NA	NA	NA	NA	NA	NA	NA	NA	NA	NA	NA	NA	NA	NA	NA	NA	NA	NA	NA	NA	NA	NA	NA	NA	NA	NA	NA	NA	NA	NA	NA	NA	NA	NA	NA	NA	NA	NA	NA	NA	NA
cg25348323	0.264909107732902	0.489421106707948	0.487728694014449	0.255281165696716	0.461908467958196	0.37793028953977	0.416003041342458	0.536490592203494	0.170545920484932	0.424419278537502	0.37724678627722	0.34165588544989	0.264794785682671	0.277479993845498	0.652751894265284	0.386598902582032	0.578434361630903	0.46640094514427	0.41664622351091	0.610393462248144	0.342763604073167	0.533872786424351	0.270993009208839	0.215319769334551	0.293727832109313	0.71345398344879	0.250088899849438	0.499359613770195	0.420156813430104	0.56933627711304	0.501684126084315	0.437276064553988	0.391316078070438	0.464454783488783	0.531276801553649	0.445150927607549	0.517215139730327	0.433655822489625	0.37504001538451	0.71402825731616	0.336068022162632	0.408743767095204	0.213038518986204	0.318375482063777	0.457552414653984	0.379064723691108	0.254366577434662	0.52076205069328	0.548348204899238	0.382855821278738	0.501526470117239	0.297090223134677	0.515417574525729	0.507526220949691	0.482408711270648	0.672636570049794	0.614615016341371	0.583177019027091	0.270174373925912	0.212165237270735	0.315977955573469	0.28417241414462	0.332302846641806	0.525011963229965	0.564847422261601	0.390985434988101	0.775582605078765	0.441361219878611	0.348018767660573	0.666600275603216	0.391290337567321	0.207674127903815	0.509761919765687	0.462285747282675	0.361284369339895	0.751944748321904	0.522043531485871	0.304510898216547	0.369326556747482	0.443366540465691	0.462826945532073	0.314136992049916	0.541155600257275	0.254827177306391	0.544838435889153	0.696183569668681	0.224208134147492
cg25426892	NA	NA	NA	NA	NA	NA	NA	NA	NA	NA	NA	NA	NA	NA	NA	NA	NA	NA	NA	NA	NA	NA	NA	NA	NA	NA	NA	NA	NA	NA	NA	NA	NA	NA	NA	NA	NA	NA	NA	NA	NA	NA	NA	NA	NA	NA	NA	NA	NA	NA	NA	NA	NA	NA	NA	NA	NA	NA	NA	NA	NA	NA	NA	NA	NA	NA	NA	NA	NA	NA	NA	NA	NA	NA	NA	NA	NA	NA	NA	NA	NA	NA	NA	NA	NA	NA	NA
cg25456633	NA	NA	NA	NA	NA	NA	NA	NA	NA	NA	NA	NA	NA	NA	NA	NA	NA	NA	NA	NA	NA	NA	NA	NA	NA	NA	NA	NA	NA	NA	NA	NA	NA	NA	NA	NA	NA	NA	NA	NA	NA	NA	NA	NA	NA	NA	NA	NA	NA	NA	NA	NA	NA	NA	NA	NA	NA	NA	NA	NA	NA	NA	NA	NA	NA	NA	NA	NA	NA	NA	NA	NA	NA	NA	NA	NA	NA	NA	NA	NA	NA	NA	NA	NA	NA	NA	NA
cg25504143	NA	NA	NA	NA	NA	NA	NA	NA	NA	NA	NA	NA	NA	NA	NA	NA	NA	NA	NA	NA	NA	NA	NA	NA	NA	NA	NA	NA	NA	NA	NA	NA	NA	NA	NA	NA	NA	NA	NA	NA	NA	NA	NA	NA	NA	NA	NA	NA	NA	NA	NA	NA	NA	NA	NA	NA	NA	NA	NA	NA	NA	NA	NA	NA	NA	NA	NA	NA	NA	NA	NA	NA	NA	NA	NA	NA	NA	NA	NA	NA	NA	NA	NA	NA	NA	NA	NA
cg25540004	NA	NA	NA	NA	NA	NA	NA	NA	NA	NA	NA	NA	NA	NA	NA	NA	NA	NA	NA	NA	NA	NA	NA	NA	NA	NA	NA	NA	NA	NA	NA	NA	NA	NA	NA	NA	NA	NA	NA	NA	NA	NA	NA	NA	NA	NA	NA	NA	NA	NA	NA	NA	NA	NA	NA	NA	NA	NA	NA	NA	NA	NA	NA	NA	NA	NA	NA	NA	NA	NA	NA	NA	NA	NA	NA	NA	NA	NA	NA	NA	NA	NA	NA	NA	NA	NA	NA
cg25543190	NA	NA	NA	NA	NA	NA	NA	NA	NA	NA	NA	NA	NA	NA	NA	NA	NA	NA	NA	NA	NA	NA	NA	NA	NA	NA	NA	NA	NA	NA	NA	NA	NA	NA	NA	NA	NA	NA	NA	NA	NA	NA	NA	NA	NA	NA	NA	NA	NA	NA	NA	NA	NA	NA	NA	NA	NA	NA	NA	NA	NA	NA	NA	NA	NA	NA	NA	NA	NA	NA	NA	NA	NA	NA	NA	NA	NA	NA	NA	NA	NA	NA	NA	NA	NA	NA	NA
cg25550564	NA	NA	NA	NA	NA	NA	NA	NA	NA	NA	NA	NA	NA	NA	NA	NA	NA	NA	NA	NA	NA	NA	NA	NA	NA	NA	NA	NA	NA	NA	NA	NA	NA	NA	NA	NA	NA	NA	NA	NA	NA	NA	NA	NA	NA	NA	NA	NA	NA	NA	NA	NA	NA	NA	NA	NA	NA	NA	NA	NA	NA	NA	NA	NA	NA	NA	NA	NA	NA	NA	NA	NA	NA	NA	NA	NA	NA	NA	NA	NA	NA	NA	NA	NA	NA	NA	NA
cg25590811	0.913480044621062	0.90264818227099	0.929156618188118	0.904589028922093	0.931503789076113	0.919027154728355	0.936842231016935	0.916772708645894	0.692561126856195	0.826610114127364	0.652013394475339	0.91639498934333	0.899336168768796	0.899587307822929	0.912203788059504	0.906910271115949	0.91875318776602	0.773969767118774	0.916483501967869	0.731504548688603	0.923850920629023	0.926931795863089	0.752297874605218	0.742697500803672	0.836212494331865	0.677309072581378	0.930147591443141	0.931454859024737	0.924974041561322	0.911489622929983	0.943999477949311	0.927130889859362	0.934238836490399	0.379445848934542	0.932099031824691	0.936036098145772	0.931877025072583	0.961825725734877	0.919831265038396	0.50026797576534	0.932401605353189	0.935581654017918	0.933043818199404	0.914391146978262	0.928429083692452	0.933059763013942	0.909450185340634	0.902161647146935	0.915050878977521	0.919719314542275	0.954262730681019	0.941188830256286	0.770874939823663	0.931834923118682	0.939514153216923	0.924421638767137	0.921279939513665	0.936018720828037	0.504861332258586	0.933324998909312	0.852958393259158	0.950661150536661	0.910223877211365	0.934425560843146	0.793349851410564	0.938744495847862	0.93994692005621	0.92877723312308	0.955714016225556	0.94138642489929	0.936012286882546	0.963246603139719	0.927492164467472	0.930407534408348	0.863192208850199	0.913397786095578	0.863946157515718	0.911538060316462	0.949683721073317	0.928034078114129	0.9397710580281	0.771120504099468	0.946553686498955	0.94267884843592	0.880088920728805	0.892221253486626	0.920760998410422
cg25598062	NA	NA	NA	NA	NA	NA	NA	NA	NA	NA	NA	NA	NA	NA	NA	NA	NA	NA	NA	NA	NA	NA	NA	NA	NA	NA	NA	NA	NA	NA	NA	NA	NA	NA	NA	NA	NA	NA	NA	NA	NA	NA	NA	NA	NA	NA	NA	NA	NA	NA	NA	NA	NA	NA	NA	NA	NA	NA	NA	NA	NA	NA	NA	NA	NA	NA	NA	NA	NA	NA	NA	NA	NA	NA	NA	NA	NA	NA	NA	NA	NA	NA	NA	NA	NA	NA	NA
cg25605360	NA	NA	NA	NA	NA	NA	NA	NA	NA	NA	NA	NA	NA	NA	NA	NA	NA	NA	NA	NA	NA	NA	NA	NA	NA	NA	NA	NA	NA	NA	NA	NA	NA	NA	NA	NA	NA	NA	NA	NA	NA	NA	NA	NA	NA	NA	NA	NA	NA	NA	NA	NA	NA	NA	NA	NA	NA	NA	NA	NA	NA	NA	NA	NA	NA	NA	NA	NA	NA	NA	NA	NA	NA	NA	NA	NA	NA	NA	NA	NA	NA	NA	NA	NA	NA	NA	NA
cg25609183	0.446964506604415	0.916362695544152	0.811855629408758	0.927020197073024	0.737094070620134	0.5769363320966	0.934512982549617	0.917266608827231	0.344541564396977	0.925805195814461	0.798179183570678	0.932410315615979	0.816629077047721	0.697142978468126	0.737651847608123	0.895617421344476	0.816526457117151	0.910978839977576	0.873931999872248	0.954830275719698	0.918509385489145	0.915042916963543	0.734135267718606	0.558926397248194	0.807969931536741	0.952887732614796	0.776507720936201	0.626396932337883	0.899116001151444	0.889448415195737	0.88708034060717	0.94214534802085	0.808417304695405	0.964002786695238	0.786626390005643	0.84003265311819	0.878790966547112	0.941567821022467	0.910667102158307	0.775378179872857	0.782883620585191	0.961957279145281	0.776069136847957	0.792923995418377	0.867696122536012	0.821043493450636	0.950303658464286	0.85250483936662	0.971725820079309	0.768048443311494	0.703331964805041	0.956948463324093	0.801591711240285	0.941902769421251	0.882968540389843	0.680813225085341	0.943196531578519	0.917440084169298	0.385090423356795	0.945610810409572	0.92877921215144	0.740906429457382	0.934470616535754	0.845958136656575	0.892314927981073	0.750484107083312	0.71018915997995	0.870534818541766	0.759695328058249	0.917160609260631	0.871002844764275	0.539714935048119	0.577410291855348	0.88869043791921	0.878926111398201	0.702132354103801	0.768801002568201	0.908154622631269	0.82731389775639	0.697701004302523	0.934830747599623	0.930040678331488	0.835684298955372	0.64268626719551	0.815037969847278	0.897202886023468	0.756985517460202
cg25616771	NA	NA	NA	NA	NA	NA	NA	NA	NA	NA	NA	NA	NA	NA	NA	NA	NA	NA	NA	NA	NA	NA	NA	NA	NA	NA	NA	NA	NA	NA	NA	NA	NA	NA	NA	NA	NA	NA	NA	NA	NA	NA	NA	NA	NA	NA	NA	NA	NA	NA	NA	NA	NA	NA	NA	NA	NA	NA	NA	NA	NA	NA	NA	NA	NA	NA	NA	NA	NA	NA	NA	NA	NA	NA	NA	NA	NA	NA	NA	NA	NA	NA	NA	NA	NA	NA	NA
cg25626264	NA	NA	NA	NA	NA	NA	NA	NA	NA	NA	NA	NA	NA	NA	NA	NA	NA	NA	NA	NA	NA	NA	NA	NA	NA	NA	NA	NA	NA	NA	NA	NA	NA	NA	NA	NA	NA	NA	NA	NA	NA	NA	NA	NA	NA	NA	NA	NA	NA	NA	NA	NA	NA	NA	NA	NA	NA	NA	NA	NA	NA	NA	NA	NA	NA	NA	NA	NA	NA	NA	NA	NA	NA	NA	NA	NA	NA	NA	NA	NA	NA	NA	NA	NA	NA	NA	NA
cg25631436	NA	NA	NA	NA	NA	NA	NA	NA	NA	NA	NA	NA	NA	NA	NA	NA	NA	NA	NA	NA	NA	NA	NA	NA	NA	NA	NA	NA	NA	NA	NA	NA	NA	NA	NA	NA	NA	NA	NA	NA	NA	NA	NA	NA	NA	NA	NA	NA	NA	NA	NA	NA	NA	NA	NA	NA	NA	NA	NA	NA	NA	NA	NA	NA	NA	NA	NA	NA	NA	NA	NA	NA	NA	NA	NA	NA	NA	NA	NA	NA	NA	NA	NA	NA	NA	NA	NA
cg25645338	0.907787345972069	0.923452439577435	0.952009081489176	0.910526712722679	0.926138955259189	0.899127276072338	0.911873992393662	0.908643817504634	0.915781089635474	0.89472238075132	0.893203656017857	0.903340214511633	0.87360157156282	0.925828586986273	0.917734377759745	0.910779757129287	0.905584978870382	0.928688619864564	0.91727938468435	0.922761894361497	0.937256303015973	0.922720266995523	0.928515484988466	0.877477692880421	0.912928800869215	0.913939692210249	0.900438355397928	0.937365780369651	0.923046293285622	0.898915037410397	0.925719867387558	0.933249078108366	0.912473956607417	0.925513698074085	0.918759420691886	0.88367820862041	0.918950828949362	0.959233848410827	0.908442157218958	0.936268674679511	0.915070309657956	0.866477103128179	0.882399025455972	0.931907497595174	0.923202710129946	0.912159059618574	0.880160739734685	0.914824186952712	0.883694796778528	0.89887340916709	0.941373372209558	0.931733448748659	0.939145933674282	0.914837205569796	0.913665053263953	0.911661394365072	0.946607720307455	0.924105744280289	0.917126528959958	0.905401641894787	0.847821436359533	0.911567912997051	0.863385585488626	0.914400786415719	0.91998979852827	0.922339255766379	0.94305654400309	0.928578560222187	0.898521096838252	0.920244840342041	0.923591189675583	0.917535250041428	0.886120373038766	0.927695992407041	0.905014104396618	0.933971242193733	0.897556850568353	0.909927778264316	0.901519028312997	0.92756116700624	0.906626606402766	0.896439891380279	0.906994791422066	0.929977658356881	0.911364554714785	0.933691913418948	0.928369844647436
cg25658612	NA	NA	NA	NA	NA	NA	NA	NA	NA	NA	NA	NA	NA	NA	NA	NA	NA	NA	NA	NA	NA	NA	NA	NA	NA	NA	NA	NA	NA	NA	NA	NA	NA	NA	NA	NA	NA	NA	NA	NA	NA	NA	NA	NA	NA	NA	NA	NA	NA	NA	NA	NA	NA	NA	NA	NA	NA	NA	NA	NA	NA	NA	NA	NA	NA	NA	NA	NA	NA	NA	NA	NA	NA	NA	NA	NA	NA	NA	NA	NA	NA	NA	NA	NA	NA	NA	NA
cg25673945	NA	NA	NA	NA	NA	NA	NA	NA	NA	NA	NA	NA	NA	NA	NA	NA	NA	NA	NA	NA	NA	NA	NA	NA	NA	NA	NA	NA	NA	NA	NA	NA	NA	NA	NA	NA	NA	NA	NA	NA	NA	NA	NA	NA	NA	NA	NA	NA	NA	NA	NA	NA	NA	NA	NA	NA	NA	NA	NA	NA	NA	NA	NA	NA	NA	NA	NA	NA	NA	NA	NA	NA	NA	NA	NA	NA	NA	NA	NA	NA	NA	NA	NA	NA	NA	NA	NA
cg25728543	NA	NA	NA	NA	NA	NA	NA	NA	NA	NA	NA	NA	NA	NA	NA	NA	NA	NA	NA	NA	NA	NA	NA	NA	NA	NA	NA	NA	NA	NA	NA	NA	NA	NA	NA	NA	NA	NA	NA	NA	NA	NA	NA	NA	NA	NA	NA	NA	NA	NA	NA	NA	NA	NA	NA	NA	NA	NA	NA	NA	NA	NA	NA	NA	NA	NA	NA	NA	NA	NA	NA	NA	NA	NA	NA	NA	NA	NA	NA	NA	NA	NA	NA	NA	NA	NA	NA
cg25745201	NA	NA	NA	NA	NA	NA	NA	NA	NA	NA	NA	NA	NA	NA	NA	NA	NA	NA	NA	NA	NA	NA	NA	NA	NA	NA	NA	NA	NA	NA	NA	NA	NA	NA	NA	NA	NA	NA	NA	NA	NA	NA	NA	NA	NA	NA	NA	NA	NA	NA	NA	NA	NA	NA	NA	NA	NA	NA	NA	NA	NA	NA	NA	NA	NA	NA	NA	NA	NA	NA	NA	NA	NA	NA	NA	NA	NA	NA	NA	NA	NA	NA	NA	NA	NA	NA	NA
cg25765819	0.922081672956194	0.915518721304698	0.925583867656912	0.903353288995292	0.839664348352156	0.896431656569596	0.943449357646567	0.91305822441242	0.788117640056299	0.926676621485745	0.907345650958532	0.93424647381869	0.939830881201804	0.919932077954367	0.887951123664894	0.902907548281083	0.909514921964047	0.964047458672995	0.900180739392736	0.920036046478584	0.923829057040144	0.926175716422903	0.935605170059855	0.911860522634873	0.940982880975038	0.932298726200296	0.932052694152974	0.915055918561488	0.919855524037908	0.924878178826474	0.924994760936433	0.93808084374713	0.921444173659672	0.919723871621283	0.907882199012852	0.923287995916291	0.875347391526659	0.939820266370696	0.907802015339184	0.940671980939443	0.918030244133299	0.930860094184201	0.872041908995978	0.924359677948376	0.895325654520949	0.932796344747356	0.905792732506544	0.90851729620382	0.887564502700971	0.926136614147061	0.940748474485716	0.908488069683628	0.910523971099245	0.934512061759327	0.935294837183052	0.904805751922723	0.866831536112925	0.931585221300436	0.893505045424948	0.928915183417345	0.937201573806448	0.944190181555183	0.917228162253332	0.913833429240449	0.922046123373679	0.935791219715316	0.940287622918382	0.95397660301109	0.919454758189693	0.9292384333174	0.917302852759586	0.945301014480554	0.904180410086158	0.926022694394178	0.924225798609466	0.927876008065957	0.889477308843426	0.942539836956851	0.904476854758769	0.930806408658489	0.960763258057996	0.929894381778263	0.952171206382321	0.960727602611676	0.911152175181732	0.906842253729001	0.932047373273515
cg25780806	NA	NA	NA	NA	NA	NA	NA	NA	NA	NA	NA	NA	NA	NA	NA	NA	NA	NA	NA	NA	NA	NA	NA	NA	NA	NA	NA	NA	NA	NA	NA	NA	NA	NA	NA	NA	NA	NA	NA	NA	NA	NA	NA	NA	NA	NA	NA	NA	NA	NA	NA	NA	NA	NA	NA	NA	NA	NA	NA	NA	NA	NA	NA	NA	NA	NA	NA	NA	NA	NA	NA	NA	NA	NA	NA	NA	NA	NA	NA	NA	NA	NA	NA	NA	NA	NA	NA
cg25824209	NA	NA	NA	NA	NA	NA	NA	NA	NA	NA	NA	NA	NA	NA	NA	NA	NA	NA	NA	NA	NA	NA	NA	NA	NA	NA	NA	NA	NA	NA	NA	NA	NA	NA	NA	NA	NA	NA	NA	NA	NA	NA	NA	NA	NA	NA	NA	NA	NA	NA	NA	NA	NA	NA	NA	NA	NA	NA	NA	NA	NA	NA	NA	NA	NA	NA	NA	NA	NA	NA	NA	NA	NA	NA	NA	NA	NA	NA	NA	NA	NA	NA	NA	NA	NA	NA	NA
cg25904166	NA	NA	NA	NA	NA	NA	NA	NA	NA	NA	NA	NA	NA	NA	NA	NA	NA	NA	NA	NA	NA	NA	NA	NA	NA	NA	NA	NA	NA	NA	NA	NA	NA	NA	NA	NA	NA	NA	NA	NA	NA	NA	NA	NA	NA	NA	NA	NA	NA	NA	NA	NA	NA	NA	NA	NA	NA	NA	NA	NA	NA	NA	NA	NA	NA	NA	NA	NA	NA	NA	NA	NA	NA	NA	NA	NA	NA	NA	NA	NA	NA	NA	NA	NA	NA	NA	NA
cg25949955	NA	NA	NA	NA	NA	NA	NA	NA	NA	NA	NA	NA	NA	NA	NA	NA	NA	NA	NA	NA	NA	NA	NA	NA	NA	NA	NA	NA	NA	NA	NA	NA	NA	NA	NA	NA	NA	NA	NA	NA	NA	NA	NA	NA	NA	NA	NA	NA	NA	NA	NA	NA	NA	NA	NA	NA	NA	NA	NA	NA	NA	NA	NA	NA	NA	NA	NA	NA	NA	NA	NA	NA	NA	NA	NA	NA	NA	NA	NA	NA	NA	NA	NA	NA	NA	NA	NA
cg25962639	NA	NA	NA	NA	NA	NA	NA	NA	NA	NA	NA	NA	NA	NA	NA	NA	NA	NA	NA	NA	NA	NA	NA	NA	NA	NA	NA	NA	NA	NA	NA	NA	NA	NA	NA	NA	NA	NA	NA	NA	NA	NA	NA	NA	NA	NA	NA	NA	NA	NA	NA	NA	NA	NA	NA	NA	NA	NA	NA	NA	NA	NA	NA	NA	NA	NA	NA	NA	NA	NA	NA	NA	NA	NA	NA	NA	NA	NA	NA	NA	NA	NA	NA	NA	NA	NA	NA
cg26007766	NA	NA	NA	NA	NA	NA	NA	NA	NA	NA	NA	NA	NA	NA	NA	NA	NA	NA	NA	NA	NA	NA	NA	NA	NA	NA	NA	NA	NA	NA	NA	NA	NA	NA	NA	NA	NA	NA	NA	NA	NA	NA	NA	NA	NA	NA	NA	NA	NA	NA	NA	NA	NA	NA	NA	NA	NA	NA	NA	NA	NA	NA	NA	NA	NA	NA	NA	NA	NA	NA	NA	NA	NA	NA	NA	NA	NA	NA	NA	NA	NA	NA	NA	NA	NA	NA	NA
cg26024202	NA	NA	NA	NA	NA	NA	NA	NA	NA	NA	NA	NA	NA	NA	NA	NA	NA	NA	NA	NA	NA	NA	NA	NA	NA	NA	NA	NA	NA	NA	NA	NA	NA	NA	NA	NA	NA	NA	NA	NA	NA	NA	NA	NA	NA	NA	NA	NA	NA	NA	NA	NA	NA	NA	NA	NA	NA	NA	NA	NA	NA	NA	NA	NA	NA	NA	NA	NA	NA	NA	NA	NA	NA	NA	NA	NA	NA	NA	NA	NA	NA	NA	NA	NA	NA	NA	NA
cg26070081	NA	NA	NA	NA	NA	NA	NA	NA	NA	NA	NA	NA	NA	NA	NA	NA	NA	NA	NA	NA	NA	NA	NA	NA	NA	NA	NA	NA	NA	NA	NA	NA	NA	NA	NA	NA	NA	NA	NA	NA	NA	NA	NA	NA	NA	NA	NA	NA	NA	NA	NA	NA	NA	NA	NA	NA	NA	NA	NA	NA	NA	NA	NA	NA	NA	NA	NA	NA	NA	NA	NA	NA	NA	NA	NA	NA	NA	NA	NA	NA	NA	NA	NA	NA	NA	NA	NA
cg26072561	0.862844366941022	0.941678697994891	0.918830261552469	0.928157013254618	0.621996233120938	0.698851535978164	0.907199508724351	0.870289366667943	0.634331057779604	0.94077923215605	0.901101631659743	0.923675797215296	0.930498302031007	0.91084615432562	0.941479449717773	0.866531426707138	0.853128801548745	0.866603673432777	0.725878145843865	0.925808559537286	0.930493670392659	0.908305757985418	0.886594065701571	0.633094839240421	0.897726208722383	0.958551159297443	0.915629725221113	0.930256217991474	0.878695939250364	0.942355783607734	0.932786884335591	0.93135687642865	0.943702545593635	0.934922176915643	0.819332911391523	0.926338569501745	0.878067097027934	0.931863804682975	0.888837172718178	0.92645595299023	0.914600708829023	0.889450068756092	0.866036430754318	0.915004980462045	0.890833150083715	0.942272701370616	0.915597875593932	0.927347267876322	0.943369237566248	0.895203600532725	0.901691864251447	0.918736994552341	0.85707557080738	0.896755130447088	0.882829040811811	0.92832133232807	0.942117570096246	0.952562230325347	0.523306705980269	0.919604732771458	0.887790127138484	0.93805484828401	0.850089398410801	0.902129859249566	0.908557536733209	0.92005878190275	0.95865576990393	0.886890221131577	0.893783515383928	0.8955132816313	0.851391256514479	0.9430172964789	0.908575445429381	0.907413595946195	0.903816607824002	0.898672397096383	0.862346522771736	0.917148676210413	0.740394229117321	0.940645465624683	0.913859466761879	0.931001838610656	0.92337000420355	0.89078167135858	0.867248122729964	0.864051822231307	0.917534464882694
cg26075252	NA	NA	NA	NA	NA	NA	NA	NA	NA	NA	NA	NA	NA	NA	NA	NA	NA	NA	NA	NA	NA	NA	NA	NA	NA	NA	NA	NA	NA	NA	NA	NA	NA	NA	NA	NA	NA	NA	NA	NA	NA	NA	NA	NA	NA	NA	NA	NA	NA	NA	NA	NA	NA	NA	NA	NA	NA	NA	NA	NA	NA	NA	NA	NA	NA	NA	NA	NA	NA	NA	NA	NA	NA	NA	NA	NA	NA	NA	NA	NA	NA	NA	NA	NA	NA	NA	NA
cg26076236	NA	NA	NA	NA	NA	NA	NA	NA	NA	NA	NA	NA	NA	NA	NA	NA	NA	NA	NA	NA	NA	NA	NA	NA	NA	NA	NA	NA	NA	NA	NA	NA	NA	NA	NA	NA	NA	NA	NA	NA	NA	NA	NA	NA	NA	NA	NA	NA	NA	NA	NA	NA	NA	NA	NA	NA	NA	NA	NA	NA	NA	NA	NA	NA	NA	NA	NA	NA	NA	NA	NA	NA	NA	NA	NA	NA	NA	NA	NA	NA	NA	NA	NA	NA	NA	NA	NA
cg26089220	NA	NA	NA	NA	NA	NA	NA	NA	NA	NA	NA	NA	NA	NA	NA	NA	NA	NA	NA	NA	NA	NA	NA	NA	NA	NA	NA	NA	NA	NA	NA	NA	NA	NA	NA	NA	NA	NA	NA	NA	NA	NA	NA	NA	NA	NA	NA	NA	NA	NA	NA	NA	NA	NA	NA	NA	NA	NA	NA	NA	NA	NA	NA	NA	NA	NA	NA	NA	NA	NA	NA	NA	NA	NA	NA	NA	NA	NA	NA	NA	NA	NA	NA	NA	NA	NA	NA
cg26103331	NA	NA	NA	NA	NA	NA	NA	NA	NA	NA	NA	NA	NA	NA	NA	NA	NA	NA	NA	NA	NA	NA	NA	NA	NA	NA	NA	NA	NA	NA	NA	NA	NA	NA	NA	NA	NA	NA	NA	NA	NA	NA	NA	NA	NA	NA	NA	NA	NA	NA	NA	NA	NA	NA	NA	NA	NA	NA	NA	NA	NA	NA	NA	NA	NA	NA	NA	NA	NA	NA	NA	NA	NA	NA	NA	NA	NA	NA	NA	NA	NA	NA	NA	NA	NA	NA	NA
cg26105731	NA	NA	NA	NA	NA	NA	NA	NA	NA	NA	NA	NA	NA	NA	NA	NA	NA	NA	NA	NA	NA	NA	NA	NA	NA	NA	NA	NA	NA	NA	NA	NA	NA	NA	NA	NA	NA	NA	NA	NA	NA	NA	NA	NA	NA	NA	NA	NA	NA	NA	NA	NA	NA	NA	NA	NA	NA	NA	NA	NA	NA	NA	NA	NA	NA	NA	NA	NA	NA	NA	NA	NA	NA	NA	NA	NA	NA	NA	NA	NA	NA	NA	NA	NA	NA	NA	NA
cg26106149	NA	NA	NA	NA	NA	NA	NA	NA	NA	NA	NA	NA	NA	NA	NA	NA	NA	NA	NA	NA	NA	NA	NA	NA	NA	NA	NA	NA	NA	NA	NA	NA	NA	NA	NA	NA	NA	NA	NA	NA	NA	NA	NA	NA	NA	NA	NA	NA	NA	NA	NA	NA	NA	NA	NA	NA	NA	NA	NA	NA	NA	NA	NA	NA	NA	NA	NA	NA	NA	NA	NA	NA	NA	NA	NA	NA	NA	NA	NA	NA	NA	NA	NA	NA	NA	NA	NA
cg26131114	NA	NA	NA	NA	NA	NA	NA	NA	NA	NA	NA	NA	NA	NA	NA	NA	NA	NA	NA	NA	NA	NA	NA	NA	NA	NA	NA	NA	NA	NA	NA	NA	NA	NA	NA	NA	NA	NA	NA	NA	NA	NA	NA	NA	NA	NA	NA	NA	NA	NA	NA	NA	NA	NA	NA	NA	NA	NA	NA	NA	NA	NA	NA	NA	NA	NA	NA	NA	NA	NA	NA	NA	NA	NA	NA	NA	NA	NA	NA	NA	NA	NA	NA	NA	NA	NA	NA
cg26131927	NA	NA	NA	NA	NA	NA	NA	NA	NA	NA	NA	NA	NA	NA	NA	NA	NA	NA	NA	NA	NA	NA	NA	NA	NA	NA	NA	NA	NA	NA	NA	NA	NA	NA	NA	NA	NA	NA	NA	NA	NA	NA	NA	NA	NA	NA	NA	NA	NA	NA	NA	NA	NA	NA	NA	NA	NA	NA	NA	NA	NA	NA	NA	NA	NA	NA	NA	NA	NA	NA	NA	NA	NA	NA	NA	NA	NA	NA	NA	NA	NA	NA	NA	NA	NA	NA	NA
cg26133909	0.278317810267714	0.833454270066897	0.931679189850626	NA	NA	NA	0.85352782004666	0.91594149208164	0.87787562888835	NA	NA	NA	NA	NA	NA	NA	0.856409292822431	0.768547046416492	0.848331260143568	NA	0.882472067322733	0.863466000055583	0.814529313885595	NA	NA	0.793060438191178	NA	NA	0.799400365918096	NA	0.806140524856884	0.834464066384349	NA	0.897343607842443	0.877003618380382	0.750364604575435	0.779388175079065	0.596432119839705	NA	0.91573422858094	NA	NA	0.88337482328242	0.747528450681726	NA	0.815593144622993	NA	0.829439183193635	NA	0.840297940454027	0.739733441456991	0.838524920657112	0.816859184712368	NA	0.800983066266061	0.851135915285934	NA	NA	NA	NA	NA	0.908420514354866	NA	0.840406739831192	0.887040475858093	NA	0.904898669393872	0.82989629821911	NA	0.850389473431181	0.872853399672637	0.375982741542087	0.765563884982423	0.832757743872853	0.798391697927729	0.916130676977533	0.844138677501213	NA	NA	0.866483688397314	NA	NA	0.790526426452448	NA	0.82479222119947	NA	NA
cg26139168	NA	NA	NA	NA	NA	NA	NA	NA	NA	NA	NA	NA	NA	NA	NA	NA	NA	NA	NA	NA	NA	NA	NA	NA	NA	NA	NA	NA	NA	NA	NA	NA	NA	NA	NA	NA	NA	NA	NA	NA	NA	NA	NA	NA	NA	NA	NA	NA	NA	NA	NA	NA	NA	NA	NA	NA	NA	NA	NA	NA	NA	NA	NA	NA	NA	NA	NA	NA	NA	NA	NA	NA	NA	NA	NA	NA	NA	NA	NA	NA	NA	NA	NA	NA	NA	NA	NA
cg26141807	NA	NA	NA	NA	NA	NA	NA	NA	NA	NA	NA	NA	NA	NA	NA	NA	NA	NA	NA	NA	NA	NA	NA	NA	NA	NA	NA	NA	NA	NA	NA	NA	NA	NA	NA	NA	NA	NA	NA	NA	NA	NA	NA	NA	NA	NA	NA	NA	NA	NA	NA	NA	NA	NA	NA	NA	NA	NA	NA	NA	NA	NA	NA	NA	NA	NA	NA	NA	NA	NA	NA	NA	NA	NA	NA	NA	NA	NA	NA	NA	NA	NA	NA	NA	NA	NA	NA
cg26143153	NA	NA	NA	NA	NA	NA	NA	NA	NA	NA	NA	NA	NA	NA	NA	NA	NA	NA	NA	NA	NA	NA	NA	NA	NA	NA	NA	NA	NA	NA	NA	NA	NA	NA	NA	NA	NA	NA	NA	NA	NA	NA	NA	NA	NA	NA	NA	NA	NA	NA	NA	NA	NA	NA	NA	NA	NA	NA	NA	NA	NA	NA	NA	NA	NA	NA	NA	NA	NA	NA	NA	NA	NA	NA	NA	NA	NA	NA	NA	NA	NA	NA	NA	NA	NA	NA	NA
cg26218805	NA	NA	NA	NA	NA	NA	NA	NA	NA	NA	NA	NA	NA	NA	NA	NA	NA	NA	NA	NA	NA	NA	NA	NA	NA	NA	NA	NA	NA	NA	NA	NA	NA	NA	NA	NA	NA	NA	NA	NA	NA	NA	NA	NA	NA	NA	NA	NA	NA	NA	NA	NA	NA	NA	NA	NA	NA	NA	NA	NA	NA	NA	NA	NA	NA	NA	NA	NA	NA	NA	NA	NA	NA	NA	NA	NA	NA	NA	NA	NA	NA	NA	NA	NA	NA	NA	NA
cg26243679	NA	NA	NA	NA	NA	NA	NA	NA	NA	NA	NA	NA	NA	NA	NA	NA	NA	NA	NA	NA	NA	NA	NA	NA	NA	NA	NA	NA	NA	NA	NA	NA	NA	NA	NA	NA	NA	NA	NA	NA	NA	NA	NA	NA	NA	NA	NA	NA	NA	NA	NA	NA	NA	NA	NA	NA	NA	NA	NA	NA	NA	NA	NA	NA	NA	NA	NA	NA	NA	NA	NA	NA	NA	NA	NA	NA	NA	NA	NA	NA	NA	NA	NA	NA	NA	NA	NA
cg26249038	NA	NA	NA	NA	NA	NA	NA	NA	NA	NA	NA	NA	NA	NA	NA	NA	NA	NA	NA	NA	NA	NA	NA	NA	NA	NA	NA	NA	NA	NA	NA	NA	NA	NA	NA	NA	NA	NA	NA	NA	NA	NA	NA	NA	NA	NA	NA	NA	NA	NA	NA	NA	NA	NA	NA	NA	NA	NA	NA	NA	NA	NA	NA	NA	NA	NA	NA	NA	NA	NA	NA	NA	NA	NA	NA	NA	NA	NA	NA	NA	NA	NA	NA	NA	NA	NA	NA
cg26256420	NA	NA	NA	NA	NA	NA	NA	NA	NA	NA	NA	NA	NA	NA	NA	NA	NA	NA	NA	NA	NA	NA	NA	NA	NA	NA	NA	NA	NA	NA	NA	NA	NA	NA	NA	NA	NA	NA	NA	NA	NA	NA	NA	NA	NA	NA	NA	NA	NA	NA	NA	NA	NA	NA	NA	NA	NA	NA	NA	NA	NA	NA	NA	NA	NA	NA	NA	NA	NA	NA	NA	NA	NA	NA	NA	NA	NA	NA	NA	NA	NA	NA	NA	NA	NA	NA	NA
cg26283801	NA	NA	NA	NA	NA	NA	NA	NA	NA	NA	NA	NA	NA	NA	NA	NA	NA	NA	NA	NA	NA	NA	NA	NA	NA	NA	NA	NA	NA	NA	NA	NA	NA	NA	NA	NA	NA	NA	NA	NA	NA	NA	NA	NA	NA	NA	NA	NA	NA	NA	NA	NA	NA	NA	NA	NA	NA	NA	NA	NA	NA	NA	NA	NA	NA	NA	NA	NA	NA	NA	NA	NA	NA	NA	NA	NA	NA	NA	NA	NA	NA	NA	NA	NA	NA	NA	NA
cg26316511	NA	NA	NA	NA	NA	NA	NA	NA	NA	NA	NA	NA	NA	NA	NA	NA	NA	NA	NA	NA	NA	NA	NA	NA	NA	NA	NA	NA	NA	NA	NA	NA	NA	NA	NA	NA	NA	NA	NA	NA	NA	NA	NA	NA	NA	NA	NA	NA	NA	NA	NA	NA	NA	NA	NA	NA	NA	NA	NA	NA	NA	NA	NA	NA	NA	NA	NA	NA	NA	NA	NA	NA	NA	NA	NA	NA	NA	NA	NA	NA	NA	NA	NA	NA	NA	NA	NA
cg26322995	NA	NA	NA	NA	NA	NA	NA	NA	NA	NA	NA	NA	NA	NA	NA	NA	NA	NA	NA	NA	NA	NA	NA	NA	NA	NA	NA	NA	NA	NA	NA	NA	NA	NA	NA	NA	NA	NA	NA	NA	NA	NA	NA	NA	NA	NA	NA	NA	NA	NA	NA	NA	NA	NA	NA	NA	NA	NA	NA	NA	NA	NA	NA	NA	NA	NA	NA	NA	NA	NA	NA	NA	NA	NA	NA	NA	NA	NA	NA	NA	NA	NA	NA	NA	NA	NA	NA
cg26341749	NA	NA	NA	NA	NA	NA	NA	NA	NA	NA	NA	NA	NA	NA	NA	NA	NA	NA	NA	NA	NA	NA	NA	NA	NA	NA	NA	NA	NA	NA	NA	NA	NA	NA	NA	NA	NA	NA	NA	NA	NA	NA	NA	NA	NA	NA	NA	NA	NA	NA	NA	NA	NA	NA	NA	NA	NA	NA	NA	NA	NA	NA	NA	NA	NA	NA	NA	NA	NA	NA	NA	NA	NA	NA	NA	NA	NA	NA	NA	NA	NA	NA	NA	NA	NA	NA	NA
cg26352073	NA	NA	NA	NA	NA	NA	NA	NA	NA	NA	NA	NA	NA	NA	NA	NA	NA	NA	NA	NA	NA	NA	NA	NA	NA	NA	NA	NA	NA	NA	NA	NA	NA	NA	NA	NA	NA	NA	NA	NA	NA	NA	NA	NA	NA	NA	NA	NA	NA	NA	NA	NA	NA	NA	NA	NA	NA	NA	NA	NA	NA	NA	NA	NA	NA	NA	NA	NA	NA	NA	NA	NA	NA	NA	NA	NA	NA	NA	NA	NA	NA	NA	NA	NA	NA	NA	NA
cg26424817	NA	NA	NA	NA	NA	NA	NA	NA	NA	NA	NA	NA	NA	NA	NA	NA	NA	NA	NA	NA	NA	NA	NA	NA	NA	NA	NA	NA	NA	NA	NA	NA	NA	NA	NA	NA	NA	NA	NA	NA	NA	NA	NA	NA	NA	NA	NA	NA	NA	NA	NA	NA	NA	NA	NA	NA	NA	NA	NA	NA	NA	NA	NA	NA	NA	NA	NA	NA	NA	NA	NA	NA	NA	NA	NA	NA	NA	NA	NA	NA	NA	NA	NA	NA	NA	NA	NA
cg26429763	NA	NA	NA	NA	NA	NA	NA	NA	NA	NA	NA	NA	NA	NA	NA	NA	NA	NA	NA	NA	NA	NA	NA	NA	NA	NA	NA	NA	NA	NA	NA	NA	NA	NA	NA	NA	NA	NA	NA	NA	NA	NA	NA	NA	NA	NA	NA	NA	NA	NA	NA	NA	NA	NA	NA	NA	NA	NA	NA	NA	NA	NA	NA	NA	NA	NA	NA	NA	NA	NA	NA	NA	NA	NA	NA	NA	NA	NA	NA	NA	NA	NA	NA	NA	NA	NA	NA
cg26442509	0.883532292890522	0.81581207737536	0.876119739567069	0.819837856132567	0.842278703280176	0.801397921577842	0.846872834619562	0.861156245379491	0.33798077037017	0.807698965616055	0.828253701721378	0.725137298814644	0.722245300146034	0.855325996759687	NA	0.835087072267726	0.85494173939414	0.832843348172425	0.817362328230989	0.861359659587695	0.937323446809767	0.827287230306494	0.883275944556335	0.776984505103366	0.869837117243429	0.856196700696335	0.774354847575828	0.868435606131545	0.802533727156056	0.851838561152757	0.890507047280362	0.863388684630689	0.847408649585725	0.799893014952589	0.826103052854799	0.832254842941182	NA	0.788936413489509	0.837056779229706	0.837358819733887	0.866524226238474	NA	0.811182699177858	0.893384351781886	0.79780212233246	0.886751301659724	0.79065746744234	0.853238532610382	NA	0.735417553254692	0.905514648556192	0.848262051772923	0.835517468143303	0.874837135147217	0.898201393962428	0.72602247020198	NA	0.884675677092326	0.736790527849659	0.847075599304517	NA	0.848774792784604	0.815078869857735	0.85462794391342	0.847085645336114	0.845711784395529	NA	0.875393423405111	0.845282263418495	0.842110891952302	0.857134486600929	0.883181746324988	0.784637281474601	0.861403066644861	0.789983498833125	0.862251595370864	0.845148422427452	0.836560095175043	0.800412457543425	NA	0.824970496772549	0.775661144159288	0.733464733590274	0.833167613237887	0.782149798960251	0.849214046485567	0.870164792544584
cg26501230	NA	NA	NA	NA	NA	NA	NA	NA	NA	NA	NA	NA	NA	NA	NA	NA	NA	NA	NA	NA	NA	NA	NA	NA	NA	NA	NA	NA	NA	NA	NA	NA	NA	NA	NA	NA	NA	NA	NA	NA	NA	NA	NA	NA	NA	NA	NA	NA	NA	NA	NA	NA	NA	NA	NA	NA	NA	NA	NA	NA	NA	NA	NA	NA	NA	NA	NA	NA	NA	NA	NA	NA	NA	NA	NA	NA	NA	NA	NA	NA	NA	NA	NA	NA	NA	NA	NA
cg26523866	NA	NA	0.870641185321412	NA	NA	NA	NA	0.753779658859673	0.770386197257642	NA	NA	NA	NA	NA	NA	NA	0.824771973386117	NA	NA	NA	0.898920592773916	NA	NA	NA	NA	NA	NA	NA	NA	NA	0.817905136457111	NA	NA	NA	0.800993737613212	0.818634643265804	NA	0.229465814857307	NA	0.859243248201371	NA	NA	NA	NA	0.801919747197035	NA	NA	NA	NA	NA	0.308511553473739	0.782641266417141	NA	NA	NA	NA	0.872584438484725	NA	NA	NA	NA	NA	NA	NA	0.870796573599703	NA	NA	NA	NA	0.772087871082788	NA	NA	0.806799854153371	NA	NA	NA	NA	NA	NA	NA	NA	NA	NA	NA	NA	NA	NA
cg26542912	NA	NA	NA	NA	NA	NA	NA	NA	NA	NA	NA	NA	NA	NA	NA	NA	NA	NA	NA	NA	NA	NA	NA	NA	NA	NA	NA	NA	NA	NA	NA	NA	NA	NA	NA	NA	NA	NA	NA	NA	NA	NA	NA	NA	NA	NA	NA	NA	NA	NA	NA	NA	NA	NA	NA	NA	NA	NA	NA	NA	NA	NA	NA	NA	NA	NA	NA	NA	NA	NA	NA	NA	NA	NA	NA	NA	NA	NA	NA	NA	NA	NA	NA	NA	NA	NA	NA
cg26544028	NA	NA	NA	NA	NA	NA	NA	NA	NA	NA	NA	NA	NA	NA	NA	NA	NA	NA	NA	NA	NA	NA	NA	NA	NA	NA	NA	NA	NA	NA	NA	NA	NA	NA	NA	NA	NA	NA	NA	NA	NA	NA	NA	NA	NA	NA	NA	NA	NA	NA	NA	NA	NA	NA	NA	NA	NA	NA	NA	NA	NA	NA	NA	NA	NA	NA	NA	NA	NA	NA	NA	NA	NA	NA	NA	NA	NA	NA	NA	NA	NA	NA	NA	NA	NA	NA	NA
cg26558363	NA	NA	NA	NA	NA	NA	NA	NA	NA	NA	NA	NA	NA	NA	NA	NA	NA	NA	NA	NA	NA	NA	NA	NA	NA	NA	NA	NA	NA	NA	NA	NA	NA	NA	NA	NA	NA	NA	NA	NA	NA	NA	NA	NA	NA	NA	NA	NA	NA	NA	NA	NA	NA	NA	NA	NA	NA	NA	NA	NA	NA	NA	NA	NA	NA	NA	NA	NA	NA	NA	NA	NA	NA	NA	NA	NA	NA	NA	NA	NA	NA	NA	NA	NA	NA	NA	NA
cg26564072	NA	NA	NA	NA	NA	NA	NA	NA	NA	NA	NA	NA	NA	NA	NA	NA	NA	NA	NA	NA	NA	NA	NA	NA	NA	NA	NA	NA	NA	NA	NA	NA	NA	NA	NA	NA	NA	NA	NA	NA	NA	NA	NA	NA	NA	NA	NA	NA	NA	NA	NA	NA	NA	NA	NA	NA	NA	NA	NA	NA	NA	NA	NA	NA	NA	NA	NA	NA	NA	NA	NA	NA	NA	NA	NA	NA	NA	NA	NA	NA	NA	NA	NA	NA	NA	NA	NA
cg26572710	0.895305711988194	0.884696449562569	0.926159316265006	0.899967298828943	0.701862011454631	0.827976433116838	0.86247764768744	0.916762812836945	0.880661275532795	0.896957353071946	0.903136676601501	0.864960525358386	0.884179050468432	0.900499125854545	NA	0.923133983054514	0.904310964339813	0.894777164714337	0.870542253201142	0.885942215586441	0.947777473142031	0.887823726095229	0.91376807993226	0.918158114751143	0.922621042533335	0.893849337514191	0.867930307426192	0.908226048652955	0.895495908536962	0.924024395340492	0.919200484942029	0.918708776960845	0.893063660546182	0.898524180563213	0.917666458775916	0.902933499863707	0.892299044588582	0.943719249770905	0.901908170906148	0.88805396122648	0.877177090027082	0.823341763242951	0.89237974747501	0.889151241256638	0.75103684993118	0.803883976032502	0.894486252703881	0.884443889487814	0.880195711466183	0.89979274053893	0.899861416700714	0.90670493494718	0.895755570433032	0.901667154706857	0.882256141019519	0.894849117145645	0.89304502384131	0.885433225361168	NA	0.881990728015225	0.795408216368242	0.889617487198876	0.852301578301457	0.909861606136454	0.883800089689847	0.818469878449057	0.858777224673125	0.903248444981828	0.897239789512279	0.883046829552929	0.918265212659872	0.929027477604409	NA	0.891617875849505	0.899410180701552	0.893893574505753	0.896814026366992	0.910803178282144	0.878605038403071	0.917634267388565	0.892317061572976	0.898860645809578	0.880149035121801	0.926636807901812	0.878433962214531	0.852489549875418	0.890945528057711
cg26585590	0.924417157973345	0.92739518411301	0.92271293069527	0.882483095093845	0.915528929450683	0.914470873336505	0.911295326344679	0.914788174326763	0.843692525545121	0.916896196527157	0.899314080103336	0.874775620521455	0.88873360158701	0.91253443391685	0.799787509020616	0.903390831489007	0.90842859315088	0.912833989002561	0.899574021152311	0.92437810053338	0.943093951073582	0.901561695324394	0.924181031411003	0.902270195200523	0.916431057610313	0.906347949878125	0.873546323710562	0.912571055369818	0.904482635827292	0.928555935879198	0.917214887809616	0.930311844198113	0.918971221307455	0.79411486871332	0.877312445583598	0.91148750333054	0.849171648315089	0.952088469571323	0.886742363129323	0.742601525353791	0.935245062671474	0.864785510965844	0.890990896311127	0.903967187740208	0.919399247167397	0.913057645606983	0.881632191153282	0.911598633847398	0.907673372496264	0.915637506459125	0.945178273547854	0.89568393037746	0.891173824239731	0.889599091205531	0.854918430534341	0.90454234716702	0.91788748846484	0.915211107401857	0.864075719746408	0.90794987398641	0.867206963490998	0.91235231719717	0.844791611051689	0.906812973784626	0.936666430052435	0.910654391899545	0.923845299944212	0.909471607738503	0.919482499005276	0.868026033219083	0.923396598586601	0.947033629268055	0.913133758740401	0.897345507250964	0.917885221586071	0.906692204686844	0.887321101454092	0.936639069789565	0.895951219434291	0.91191134099807	0.939630385233578	0.916401377784963	0.900298646145969	0.93493512582713	0.887337994240765	0.90995984496335	0.935860445560372
cg26592560	NA	NA	NA	NA	NA	NA	NA	NA	NA	NA	NA	NA	NA	NA	NA	NA	NA	NA	NA	NA	NA	NA	NA	NA	NA	NA	NA	NA	NA	NA	NA	NA	NA	NA	NA	NA	NA	NA	NA	NA	NA	NA	NA	NA	NA	NA	NA	NA	NA	NA	NA	NA	NA	NA	NA	NA	NA	NA	NA	NA	NA	NA	NA	NA	NA	NA	NA	NA	NA	NA	NA	NA	NA	NA	NA	NA	NA	NA	NA	NA	NA	NA	NA	NA	NA	NA	NA
cg26612736	NA	NA	NA	NA	NA	NA	NA	NA	NA	NA	NA	NA	NA	NA	NA	NA	NA	NA	NA	NA	NA	NA	NA	NA	NA	NA	NA	NA	NA	NA	NA	NA	NA	NA	NA	NA	NA	NA	NA	NA	NA	NA	NA	NA	NA	NA	NA	NA	NA	NA	NA	NA	NA	NA	NA	NA	NA	NA	NA	NA	NA	NA	NA	NA	NA	NA	NA	NA	NA	NA	NA	NA	NA	NA	NA	NA	NA	NA	NA	NA	NA	NA	NA	NA	NA	NA	NA
cg26620682	NA	NA	NA	NA	NA	NA	NA	NA	NA	NA	NA	NA	NA	NA	NA	NA	NA	NA	NA	NA	NA	NA	NA	NA	NA	NA	NA	NA	NA	NA	NA	NA	NA	NA	NA	NA	NA	NA	NA	NA	NA	NA	NA	NA	NA	NA	NA	NA	NA	NA	NA	NA	NA	NA	NA	NA	NA	NA	NA	NA	NA	NA	NA	NA	NA	NA	NA	NA	NA	NA	NA	NA	NA	NA	NA	NA	NA	NA	NA	NA	NA	NA	NA	NA	NA	NA	NA
cg26663742	NA	NA	NA	NA	NA	NA	NA	NA	NA	NA	NA	NA	NA	NA	NA	NA	NA	NA	NA	NA	NA	NA	NA	NA	NA	NA	NA	NA	NA	NA	NA	NA	NA	NA	NA	NA	NA	NA	NA	NA	NA	NA	NA	NA	NA	NA	NA	NA	NA	NA	NA	NA	NA	NA	NA	NA	NA	NA	NA	NA	NA	NA	NA	NA	NA	NA	NA	NA	NA	NA	NA	NA	NA	NA	NA	NA	NA	NA	NA	NA	NA	NA	NA	NA	NA	NA	NA
cg26664737	NA	NA	NA	NA	NA	NA	NA	NA	NA	NA	NA	NA	NA	NA	NA	NA	NA	NA	NA	NA	NA	NA	NA	NA	NA	NA	NA	NA	NA	NA	NA	NA	NA	NA	NA	NA	NA	NA	NA	NA	NA	NA	NA	NA	NA	NA	NA	NA	NA	NA	NA	NA	NA	NA	NA	NA	NA	NA	NA	NA	NA	NA	NA	NA	NA	NA	NA	NA	NA	NA	NA	NA	NA	NA	NA	NA	NA	NA	NA	NA	NA	NA	NA	NA	NA	NA	NA
cg26667585	NA	NA	NA	NA	NA	NA	NA	NA	NA	NA	NA	NA	NA	NA	NA	NA	NA	NA	NA	NA	NA	NA	NA	NA	NA	NA	NA	NA	NA	NA	NA	NA	NA	NA	NA	NA	NA	NA	NA	NA	NA	NA	NA	NA	NA	NA	NA	NA	NA	NA	NA	NA	NA	NA	NA	NA	NA	NA	NA	NA	NA	NA	NA	NA	NA	NA	NA	NA	NA	NA	NA	NA	NA	NA	NA	NA	NA	NA	NA	NA	NA	NA	NA	NA	NA	NA	NA
cg26675620	NA	NA	NA	NA	NA	NA	NA	NA	NA	NA	NA	NA	NA	NA	NA	NA	NA	NA	NA	NA	NA	NA	NA	NA	NA	NA	NA	NA	NA	NA	NA	NA	NA	NA	NA	NA	NA	NA	NA	NA	NA	NA	NA	NA	NA	NA	NA	NA	NA	NA	NA	NA	NA	NA	NA	NA	NA	NA	NA	NA	NA	NA	NA	NA	NA	NA	NA	NA	NA	NA	NA	NA	NA	NA	NA	NA	NA	NA	NA	NA	NA	NA	NA	NA	NA	NA	NA
cg26675905	NA	NA	NA	NA	NA	NA	NA	NA	NA	NA	NA	NA	NA	NA	NA	NA	NA	NA	NA	NA	NA	NA	NA	NA	NA	NA	NA	NA	NA	NA	NA	NA	NA	NA	NA	NA	NA	NA	NA	NA	NA	NA	NA	NA	NA	NA	NA	NA	NA	NA	NA	NA	NA	NA	NA	NA	NA	NA	NA	NA	NA	NA	NA	NA	NA	NA	NA	NA	NA	NA	NA	NA	NA	NA	NA	NA	NA	NA	NA	NA	NA	NA	NA	NA	NA	NA	NA
cg26707887	0.442215783774685	0.771509050603891	0.74774909799118	0.855017810375699	0.751584958661913	0.685150952009848	0.875993002838122	0.67357211938967	0.720586941690386	0.756730648338265	NA	0.873787088370516	NA	0.844903689986856	0.849877203988191	0.879665053199473	0.845194158907882	0.823376550823884	0.879312836852682	0.758973696832717	0.551451851902313	0.80368908529619	0.651625755879978	0.662131767105372	0.444078460863853	0.639169682085633	0.794693022243133	0.872459533649133	0.851618318355124	NA	0.874718516317059	0.622259644190559	0.675384069003913	0.677890006136331	0.838550095173573	0.893239930254055	0.817054651609299	0.916979506334276	0.672165116660344	0.829730900453103	0.814826835065476	0.864948296995487	0.504625527255495	0.904004655120253	0.910448123643163	0.851826457310965	0.76103768865234	0.838322841889511	0.661521670602989	0.866816236847775	0.497125135696601	0.835119164247411	0.744507819016451	0.733040731486013	0.710367129395012	0.760619822278896	0.912040029239072	0.900802922521047	0.689325927229436	0.746115045971695	NA	0.87244370757086	NA	0.885400835596948	0.909196059899124	0.8723281309727	0.923317981905303	0.765477877285227	0.849740636293793	0.876747125543015	0.90885909009748	0.322047998724908	NA	0.644074944823745	0.872799362700266	0.444208654271399	0.797903121374178	0.681416405532192	0.868168108877433	NA	0.897678166503783	0.295020618213278	NA	0.845499787116803	0.888099811720756	0.903080602581067	0.706951422852211
cg26758386	NA	NA	NA	NA	NA	NA	NA	NA	NA	NA	NA	NA	NA	NA	NA	NA	NA	NA	NA	NA	NA	NA	NA	NA	NA	NA	NA	NA	NA	NA	NA	NA	NA	NA	NA	NA	NA	NA	NA	NA	NA	NA	NA	NA	NA	NA	NA	NA	NA	NA	NA	NA	NA	NA	NA	NA	NA	NA	NA	NA	NA	NA	NA	NA	NA	NA	NA	NA	NA	NA	NA	NA	NA	NA	NA	NA	NA	NA	NA	NA	NA	NA	NA	NA	NA	NA	NA
cg26763368	NA	NA	NA	NA	NA	NA	NA	NA	NA	NA	NA	NA	NA	NA	NA	NA	NA	NA	NA	NA	NA	NA	NA	NA	NA	NA	NA	NA	NA	NA	NA	NA	NA	NA	NA	NA	NA	NA	NA	NA	NA	NA	NA	NA	NA	NA	NA	NA	NA	NA	NA	NA	NA	NA	NA	NA	NA	NA	NA	NA	NA	NA	NA	NA	NA	NA	NA	NA	NA	NA	NA	NA	NA	NA	NA	NA	NA	NA	NA	NA	NA	NA	NA	NA	NA	NA	NA
cg26786687	0.861180076007971	0.909953212061354	0.93046620435586	0.869343610930612	0.692941371159188	0.674123597515876	0.87196424014154	0.925964098426683	0.908225074211165	0.928299045009831	0.871835670272113	0.867960087954702	0.864829913761127	0.896640548627507	0.817366670432835	0.905524742336948	0.915539992133381	0.884857984898871	0.864234990379197	0.901056610694841	0.908627446286102	0.899765538862928	0.906537559985503	0.929178203864996	0.852602452136985	0.927157541730358	0.903643478418104	0.863086012810369	0.914557464940159	0.920210616891874	0.925290402373511	0.897455207285369	0.912328545736205	0.89946778241706	0.917095081330057	0.905864185551433	0.871235918529269	0.941117349351652	0.883869453975394	0.929516325054378	0.535435157324987	0.800871099750351	0.899743834185332	0.881002158903833	0.719578375837484	0.773001639159962	0.893729672207008	0.826371200686606	0.878667044867764	0.886750482845771	0.868279035705365	0.897345200357061	0.917637408606336	0.91589517661278	0.911763751809958	0.872292607772647	0.873729676947898	0.891592160154982	0.442001910463253	0.891901454885343	0.628144054656034	0.903790227570905	0.907981867231457	0.922456465543257	0.930705292393354	0.822237319047206	0.919541498056619	0.909131488590708	0.870816587152899	0.915285566244002	0.898416608369124	0.942735162334961	0.895431366609047	0.92964806497506	0.876543041864191	0.902421647837386	0.875380480428043	0.923802726180535	0.523312040514846	0.925604347123045	0.90312966417016	0.909529304444059	0.905417678571868	0.861054547589932	0.900654293885024	0.856326644419705	0.927946138860057
cg26797811	NA	NA	NA	NA	NA	NA	NA	NA	NA	NA	NA	NA	NA	NA	NA	NA	NA	NA	NA	NA	NA	NA	NA	NA	NA	NA	NA	NA	NA	NA	NA	NA	NA	NA	NA	NA	NA	NA	NA	NA	NA	NA	NA	NA	NA	NA	NA	NA	NA	NA	NA	NA	NA	NA	NA	NA	NA	NA	NA	NA	NA	NA	NA	NA	NA	NA	NA	NA	NA	NA	NA	NA	NA	NA	NA	NA	NA	NA	NA	NA	NA	NA	NA	NA	NA	NA	NA
cg26841157	0.720647948120079	0.836998818654031	0.789423845066406	0.90127474516675	0.826460953811087	0.548553898811721	0.826339805461003	0.777566714790639	0.583712651469356	0.856242801325085	0.840200495603645	0.834325961169199	0.687686817316427	0.880853370140128	0.643646705245234	0.742655554887681	0.545886711325215	0.753642123730103	0.834112838664415	0.914407728693854	0.921838588211732	0.728869998853567	0.93420239277184	0.919645146791147	0.794260849750529	0.922144448223369	0.849830305145041	0.928080773872102	0.811085216985058	0.905737566326911	0.770823121967803	0.871985798134984	0.891221841159239	0.755441191545126	0.598392291635847	0.680804271610744	0.779887096399954	0.941899948262614	0.88785658582381	0.275069291552194	0.923523480332581	0.833497804696386	0.818822938861168	0.884716821318671	0.896964652903635	0.880044728478919	0.844567616331413	0.787200809918672	0.795995062366531	0.853368326703889	0.842118287223083	0.843211880337089	0.777790174716558	0.85104244280219	0.814279535487168	0.838234320867397	0.852106991337424	0.869198255670378	0.368455235039913	0.916323079206751	0.826759359298046	0.84235285528649	0.821915961354479	0.697987028350013	0.834982754098664	0.885188351388044	0.878189273208421	0.749474982758563	0.859479612355992	0.834927415114555	0.871115829753536	0.941285567120424	0.874304080163014	0.714538201736233	0.913598401522713	0.640215692791708	0.676243559264899	0.91025904792868	0.84596660590476	0.485532482359207	0.904436339469809	0.945806556487669	0.877573944948371	0.694440928877917	0.610618384318439	0.819318820044668	0.895760955445685
cg26846076	NA	NA	NA	NA	NA	NA	NA	NA	NA	NA	NA	NA	NA	NA	NA	NA	NA	NA	NA	NA	NA	NA	NA	NA	NA	NA	NA	NA	NA	NA	NA	NA	NA	NA	NA	NA	NA	NA	NA	NA	NA	NA	NA	NA	NA	NA	NA	NA	NA	NA	NA	NA	NA	NA	NA	NA	NA	NA	NA	NA	NA	NA	NA	NA	NA	NA	NA	NA	NA	NA	NA	NA	NA	NA	NA	NA	NA	NA	NA	NA	NA	NA	NA	NA	NA	NA	NA
cg26870594	NA	NA	NA	NA	NA	NA	NA	NA	NA	NA	NA	NA	NA	NA	NA	NA	NA	NA	NA	NA	NA	NA	NA	NA	NA	NA	NA	NA	NA	NA	NA	NA	NA	NA	NA	NA	NA	NA	NA	NA	NA	NA	NA	NA	NA	NA	NA	NA	NA	NA	NA	NA	NA	NA	NA	NA	NA	NA	NA	NA	NA	NA	NA	NA	NA	NA	NA	NA	NA	NA	NA	NA	NA	NA	NA	NA	NA	NA	NA	NA	NA	NA	NA	NA	NA	NA	NA
cg26872780	0.193228828242078	0.415729187257139	0.735531270370792	NA	0.688578834492233	NA	NA	0.444019753489368	NA	0.393001265049663	NA	NA	NA	0.287705668332341	NA	NA	0.802693569712006	0.463414561828424	NA	NA	0.608678871513319	0.691171293328864	0.278330378053543	NA	0.306231645307932	0.212929585483142	NA	NA	0.548661745159351	0.269409248449016	0.535487467685867	NA	NA	NA	0.726013545671356	0.664683806399254	0.697946248970445	0.183608186777182	NA	0.784335196527275	NA	NA	0.279377107188337	NA	0.688669288574932	0.356953908295482	NA	NA	0.761649696922233	0.666171782526877	0.384659459357027	0.213306649367884	0.453455249196127	NA	0.390319626415284	NA	NA	NA	0.735974422140747	NA	NA	0.3384381823373	NA	0.697005253027401	0.623027715759152	NA	0.28427338208883	0.541990808629382	0.293571625071043	0.602652749182973	0.7039943984421	0.197451992695493	0.277005182653597	NA	NA	0.31394080032935	NA	0.555879893401931	NA	NA	0.670610590202985	NA	0.528613499457548	0.46098015433723	NA	NA	0.213460208595074
cg26897236	NA	NA	NA	NA	NA	NA	NA	NA	NA	NA	NA	NA	NA	NA	NA	NA	NA	NA	NA	NA	NA	NA	NA	NA	NA	NA	NA	NA	NA	NA	NA	NA	NA	NA	NA	NA	NA	NA	NA	NA	NA	NA	NA	NA	NA	NA	NA	NA	NA	NA	NA	NA	NA	NA	NA	NA	NA	NA	NA	NA	NA	NA	NA	NA	NA	NA	NA	NA	NA	NA	NA	NA	NA	NA	NA	NA	NA	NA	NA	NA	NA	NA	NA	NA	NA	NA	NA
cg26899591	NA	NA	NA	NA	NA	NA	NA	NA	NA	NA	NA	NA	NA	NA	NA	NA	NA	NA	NA	NA	NA	NA	NA	NA	NA	NA	NA	NA	NA	NA	NA	NA	NA	NA	NA	NA	NA	NA	NA	NA	NA	NA	NA	NA	NA	NA	NA	NA	NA	NA	NA	NA	NA	NA	NA	NA	NA	NA	NA	NA	NA	NA	NA	NA	NA	NA	NA	NA	NA	NA	NA	NA	NA	NA	NA	NA	NA	NA	NA	NA	NA	NA	NA	NA	NA	NA	NA
cg27026390	0.44596687738386	0.695595938568934	0.972876253206425	0.967816912732467	0.872190336469508	0.805130014464042	0.96200516924317	0.977063718322823	0.938797701394831	0.424735587657268	0.748129370264544	0.95352500875042	0.955720625605037	0.771205073886386	0.948642475162183	0.964237546472619	0.958895680406682	0.959308779554826	0.932550429416911	0.959188683563183	0.968210180608954	0.886649021028169	0.960770933168753	0.954689858933207	0.969553648520829	0.954843760208896	0.9694817303901	0.954128340726304	0.966161319225402	0.965131596279695	0.958004745362395	0.554335924253356	0.964883408383089	0.954387088986932	0.946188152534602	0.961628809918292	0.960804296134282	0.973026048607328	0.964167839686818	0.966012360706951	0.87563221503447	0.933933711112474	0.950904537337209	0.948731776925858	0.956094183574836	0.96149931623408	0.966763579086371	0.95294232179564	0.972943567800606	0.963221645031584	0.966761660158271	0.964695841435495	0.962152241874454	0.959956650188163	0.722161782095652	0.929467985838423	0.950652836981738	0.604694467970103	0.905471000861322	0.969820859336519	0.962812302919495	0.967325448648229	0.965413151670102	0.958431882736873	0.965745946178876	0.888872716084877	0.970954900337099	0.966697967309263	0.957919891330413	0.969584332387633	0.952855762023405	0.965215547305063	0.941881349083325	0.971759580373319	0.966017064836482	0.964009075641121	0.953568956959988	0.960602313513156	0.661813673855336	0.971886983036455	0.975215637538514	0.47082857900267	0.968632605291058	0.962271095314197	0.94847041150803	0.972400677072839	0.963454024230379
cg27048446	NA	NA	NA	NA	NA	NA	NA	NA	NA	NA	NA	NA	NA	NA	NA	NA	NA	NA	NA	NA	NA	NA	NA	NA	NA	NA	NA	NA	NA	NA	NA	NA	NA	NA	NA	NA	NA	NA	NA	NA	NA	NA	NA	NA	NA	NA	NA	NA	NA	NA	NA	NA	NA	NA	NA	NA	NA	NA	NA	NA	NA	NA	NA	NA	NA	NA	NA	NA	NA	NA	NA	NA	NA	NA	NA	NA	NA	NA	NA	NA	NA	NA	NA	NA	NA	NA	NA
cg27054055	NA	NA	NA	NA	NA	NA	NA	NA	NA	NA	NA	NA	NA	NA	NA	NA	NA	NA	NA	NA	NA	NA	NA	NA	NA	NA	NA	NA	NA	NA	NA	NA	NA	NA	NA	NA	NA	NA	NA	NA	NA	NA	NA	NA	NA	NA	NA	NA	NA	NA	NA	NA	NA	NA	NA	NA	NA	NA	NA	NA	NA	NA	NA	NA	NA	NA	NA	NA	NA	NA	NA	NA	NA	NA	NA	NA	NA	NA	NA	NA	NA	NA	NA	NA	NA	NA	NA
cg27094305	NA	NA	NA	NA	NA	NA	NA	NA	NA	NA	NA	NA	NA	NA	NA	NA	NA	NA	NA	NA	NA	NA	NA	NA	NA	NA	NA	NA	NA	NA	NA	NA	NA	NA	NA	NA	NA	NA	NA	NA	NA	NA	NA	NA	NA	NA	NA	NA	NA	NA	NA	NA	NA	NA	NA	NA	NA	NA	NA	NA	NA	NA	NA	NA	NA	NA	NA	NA	NA	NA	NA	NA	NA	NA	NA	NA	NA	NA	NA	NA	NA	NA	NA	NA	NA	NA	NA
cg27095983	NA	NA	NA	NA	NA	NA	NA	NA	NA	NA	NA	NA	NA	NA	NA	NA	NA	NA	NA	NA	NA	NA	NA	NA	NA	NA	NA	NA	NA	NA	NA	NA	NA	NA	NA	NA	NA	NA	NA	NA	NA	NA	NA	NA	NA	NA	NA	NA	NA	NA	NA	NA	NA	NA	NA	NA	NA	NA	NA	NA	NA	NA	NA	NA	NA	NA	NA	NA	NA	NA	NA	NA	NA	NA	NA	NA	NA	NA	NA	NA	NA	NA	NA	NA	NA	NA	NA
cg27098587	NA	NA	NA	NA	NA	NA	NA	NA	NA	NA	NA	NA	NA	NA	NA	NA	NA	NA	NA	NA	NA	NA	NA	NA	NA	NA	NA	NA	NA	NA	NA	NA	NA	NA	NA	NA	NA	NA	NA	NA	NA	NA	NA	NA	NA	NA	NA	NA	NA	NA	NA	NA	NA	NA	NA	NA	NA	NA	NA	NA	NA	NA	NA	NA	NA	NA	NA	NA	NA	NA	NA	NA	NA	NA	NA	NA	NA	NA	NA	NA	NA	NA	NA	NA	NA	NA	NA
cg27111461	NA	NA	NA	NA	NA	NA	NA	NA	NA	NA	NA	NA	NA	NA	NA	NA	NA	NA	NA	NA	NA	NA	NA	NA	NA	NA	NA	NA	NA	NA	NA	NA	NA	NA	NA	NA	NA	NA	NA	NA	NA	NA	NA	NA	NA	NA	NA	NA	NA	NA	NA	NA	NA	NA	NA	NA	NA	NA	NA	NA	NA	NA	NA	NA	NA	NA	NA	NA	NA	NA	NA	NA	NA	NA	NA	NA	NA	NA	NA	NA	NA	NA	NA	NA	NA	NA	NA
cg27129076	NA	NA	NA	NA	NA	NA	NA	NA	NA	NA	NA	NA	NA	NA	NA	NA	NA	NA	NA	NA	NA	NA	NA	NA	NA	NA	NA	NA	NA	NA	NA	NA	NA	NA	NA	NA	NA	NA	NA	NA	NA	NA	NA	NA	NA	NA	NA	NA	NA	NA	NA	NA	NA	NA	NA	NA	NA	NA	NA	NA	NA	NA	NA	NA	NA	NA	NA	NA	NA	NA	NA	NA	NA	NA	NA	NA	NA	NA	NA	NA	NA	NA	NA	NA	NA	NA	NA
cg27147706	NA	NA	NA	NA	NA	NA	NA	NA	NA	NA	NA	NA	NA	NA	NA	NA	NA	NA	NA	NA	NA	NA	NA	NA	NA	NA	NA	NA	NA	NA	NA	NA	NA	NA	NA	NA	NA	NA	NA	NA	NA	NA	NA	NA	NA	NA	NA	NA	NA	NA	NA	NA	NA	NA	NA	NA	NA	NA	NA	NA	NA	NA	NA	NA	NA	NA	NA	NA	NA	NA	NA	NA	NA	NA	NA	NA	NA	NA	NA	NA	NA	NA	NA	NA	NA	NA	NA
cg27167195	NA	NA	NA	NA	NA	NA	NA	NA	NA	NA	NA	NA	NA	NA	NA	NA	NA	NA	NA	NA	NA	NA	NA	NA	NA	NA	NA	NA	NA	NA	NA	NA	NA	NA	NA	NA	NA	NA	NA	NA	NA	NA	NA	NA	NA	NA	NA	NA	NA	NA	NA	NA	NA	NA	NA	NA	NA	NA	NA	NA	NA	NA	NA	NA	NA	NA	NA	NA	NA	NA	NA	NA	NA	NA	NA	NA	NA	NA	NA	NA	NA	NA	NA	NA	NA	NA	NA
cg27184649	0.944166068184121	0.94511066218941	0.956914403130797	0.955275480104861	0.760718521304853	0.772742402432942	0.936712949360843	0.960600941439185	0.830849495458586	0.949392860361271	0.908014617736929	0.943564354471326	0.946452444837475	0.944147633058244	0.934241343900464	0.948398085089051	0.938345742175244	0.942085289212266	0.869267011875137	0.951746348109534	0.956742267214846	0.918408320719387	0.942571316268918	0.941803493388409	0.791726929922875	0.948044567218103	0.942795624239032	0.953926781668486	0.939482177525769	0.952043109875553	0.954335000119928	0.937006506828702	0.943199759011736	0.947135756636697	0.937810540625124	0.94744570785558	0.948162377901163	0.964660670001643	0.69600733932987	0.952170352022801	0.89876935750961	0.934820666406697	0.921871001117875	0.943193667417757	0.950858428135521	0.892436935916034	0.929139418191079	0.954767463505696	0.925283058283386	0.94633883027104	0.947689313761842	0.955018257000533	0.942467439461293	0.930173740589472	0.967294718435831	0.935697520992642	0.945277967357386	0.9485474615136	0.800688516654656	0.93131547358464	0.935586116595683	0.932277549301179	0.947428619804456	0.931561742733601	0.953597530837999	0.770400914943841	0.951315112928282	0.95015814848759	0.910502958588698	0.956111846663838	0.95247897424133	0.953573044557585	0.949967752017104	0.950077016892207	0.941292982532857	0.925732464851542	0.915505688191826	0.93747103501295	0.814287820222975	0.942486648721424	0.93274136078304	0.952151065711557	0.959393269328138	0.946560675778732	0.914858367878634	0.929306587145568	0.927731444920272
cg27185511	NA	NA	NA	NA	NA	NA	NA	NA	NA	NA	NA	NA	NA	NA	NA	NA	NA	NA	NA	NA	NA	NA	NA	NA	NA	NA	NA	NA	NA	NA	NA	NA	NA	NA	NA	NA	NA	NA	NA	NA	NA	NA	NA	NA	NA	NA	NA	NA	NA	NA	NA	NA	NA	NA	NA	NA	NA	NA	NA	NA	NA	NA	NA	NA	NA	NA	NA	NA	NA	NA	NA	NA	NA	NA	NA	NA	NA	NA	NA	NA	NA	NA	NA	NA	NA	NA	NA
cg27192418	0.85808187538039	0.915491525614443	0.921173589036286	0.893256329890758	0.737152439145828	0.908110277497226	0.921941051274379	0.937160475318266	0.474670846997394	0.91092551902517	0.915003335196606	0.857477515416542	0.860054499819656	0.940111805886883	0.888408859594545	0.917476234670041	0.892701178130678	0.913450304549847	0.905438582672416	0.874472110780463	0.910328758250697	0.878472533530841	0.918143897449624	0.914816626371235	0.891754670644689	0.874971815728544	0.884675598942455	0.91060830452151	0.907262879893454	0.908688393306271	0.912381007316374	0.905762933491971	0.891741045358819	0.915252538019525	0.885854392966731	0.88587840237947	0.895022419448424	0.924813248823889	0.908443252158828	0.897755422900191	0.926060847135118	0.867096781385927	0.900597565803018	0.86485737432832	0.916665180254731	0.779465291510462	0.894328539900979	0.916566411407786	0.891268633104669	0.901737859212108	0.952496590141119	0.84478235353495	0.799581270153445	0.90949904740855	0.907049580936345	0.888615875498309	0.916105595573235	0.921059537354142	0.876327803944348	0.677120222517243	0.890712633214206	0.877739623099927	0.898255200512036	0.898294458113747	0.918627990483705	0.879266275229839	0.908629615752062	0.872559337106169	0.911767933621489	0.89264604414197	0.903869833710523	0.93480470744056	0.882714906046995	0.92048738415581	0.923849640449389	0.881468864630955	0.874210314870145	0.889857797207075	0.852826239971471	0.92394653416049	0.921730806581683	0.912388057460563	0.920298034069263	0.91743642938487	0.866437084551335	0.892005237514136	0.87671030119806
cg27215140	NA	NA	NA	NA	NA	NA	NA	NA	NA	NA	NA	NA	NA	NA	NA	NA	NA	NA	NA	NA	NA	NA	NA	NA	NA	NA	NA	NA	NA	NA	NA	NA	NA	NA	NA	NA	NA	NA	NA	NA	NA	NA	NA	NA	NA	NA	NA	NA	NA	NA	NA	NA	NA	NA	NA	NA	NA	NA	NA	NA	NA	NA	NA	NA	NA	NA	NA	NA	NA	NA	NA	NA	NA	NA	NA	NA	NA	NA	NA	NA	NA	NA	NA	NA	NA	NA	NA
cg27224107	NA	NA	NA	NA	NA	NA	NA	NA	NA	NA	NA	NA	NA	NA	NA	NA	NA	NA	NA	NA	NA	NA	NA	NA	NA	NA	NA	NA	NA	NA	NA	NA	NA	NA	NA	NA	NA	NA	NA	NA	NA	NA	NA	NA	NA	NA	NA	NA	NA	NA	NA	NA	NA	NA	NA	NA	NA	NA	NA	NA	NA	NA	NA	NA	NA	NA	NA	NA	NA	NA	NA	NA	NA	NA	NA	NA	NA	NA	NA	NA	NA	NA	NA	NA	NA	NA	NA
cg27233997	NA	NA	NA	NA	NA	NA	NA	NA	NA	NA	NA	NA	NA	NA	NA	NA	NA	NA	NA	NA	NA	NA	NA	NA	NA	NA	NA	NA	NA	NA	NA	NA	NA	NA	NA	NA	NA	NA	NA	NA	NA	NA	NA	NA	NA	NA	NA	NA	NA	NA	NA	NA	NA	NA	NA	NA	NA	NA	NA	NA	NA	NA	NA	NA	NA	NA	NA	NA	NA	NA	NA	NA	NA	NA	NA	NA	NA	NA	NA	NA	NA	NA	NA	NA	NA	NA	NA
cg27235725	NA	NA	NA	NA	NA	NA	NA	NA	NA	NA	NA	NA	NA	NA	NA	NA	NA	NA	NA	NA	NA	NA	NA	NA	NA	NA	NA	NA	NA	NA	NA	NA	NA	NA	NA	NA	NA	NA	NA	NA	NA	NA	NA	NA	NA	NA	NA	NA	NA	NA	NA	NA	NA	NA	NA	NA	NA	NA	NA	NA	NA	NA	NA	NA	NA	NA	NA	NA	NA	NA	NA	NA	NA	NA	NA	NA	NA	NA	NA	NA	NA	NA	NA	NA	NA	NA	NA
cg27241677	NA	NA	NA	NA	NA	NA	NA	NA	NA	NA	NA	NA	NA	NA	NA	NA	NA	NA	NA	NA	NA	NA	NA	NA	NA	NA	NA	NA	NA	NA	NA	NA	NA	NA	NA	NA	NA	NA	NA	NA	NA	NA	NA	NA	NA	NA	NA	NA	NA	NA	NA	NA	NA	NA	NA	NA	NA	NA	NA	NA	NA	NA	NA	NA	NA	NA	NA	NA	NA	NA	NA	NA	NA	NA	NA	NA	NA	NA	NA	NA	NA	NA	NA	NA	NA	NA	NA
cg27276918	0.985567435337816	0.916144271793923	0.984105404598701	0.985102582146826	0.981609535783528	0.982060565972326	0.979651496919288	0.983506444836236	0.98817211327704	0.905817248641662	0.9696299897149	0.982621681066038	0.971335814269846	0.983021279518768	0.980348050379786	0.964872805179417	0.981907805137683	0.979217014717062	0.979803234638416	0.978605488703469	0.987807099129269	0.984934828901355	0.983152896885632	0.965537132810157	0.986753464271199	0.983571312671859	0.982277579035818	0.974604049600023	0.984026607536394	0.977302384307629	0.987642667953469	0.982490741141221	0.983199160769953	0.982092298424076	0.985296593110172	0.982305393650577	0.977130213573923	0.98407612282856	0.980105626970211	0.987139071935424	0.984995219042998	0.978734081518069	0.972609411398557	0.984565646164839	0.986200988598949	0.987997368765543	0.971151293094289	0.983739330269954	0.98509334192514	0.984185538158487	0.986925646044978	0.985175824748334	0.984272874925863	0.983756361489878	0.962462426136481	0.987422280969313	0.983060173921656	0.984601347503753	0.978913649018716	0.977081229597544	0.962513472028484	0.988688948895448	0.982508707906087	0.981392436160626	0.962001044766478	0.969316380769807	0.9899593419602	0.983960339685912	0.984693505464221	0.982774205343533	0.985068053465942	0.987139616005924	0.983735773302442	0.981516266690326	0.977587887897693	0.984430148833462	0.979523231322062	0.919701835059873	0.984555973294371	0.973288107124336	0.976877902309973	0.646962915346549	0.986243103043049	0.98279813305906	0.975313257703126	0.97851594755823	0.981089417943531
cg27303211	0.764684892299972	0.933317706177593	0.874461568666258	0.933037940705249	0.904071499493893	0.897240247246465	0.933116922865389	0.921763596018766	0.104096519283609	0.92497802659662	0.949852034883362	0.919125949468421	0.944544192370507	0.964365987377911	0.855493064708473	0.906066973623328	0.784614433501541	0.934105783917275	0.931452699471903	0.947037972949947	0.930815632243341	0.897232903047983	0.943971574512	0.891234756853584	0.525320286881026	0.924894381997152	0.903874606789244	0.952661185727561	0.929640099093864	0.932756235417245	0.862529880496544	0.933393608444449	0.930117017600762	0.939106088415737	0.815607877254449	0.762572327330778	0.86418851889588	0.959546414137646	0.937930761200347	0.680101977987656	0.951368937572505	0.933544999927697	0.916890059635354	0.937727551086123	0.929228858455629	0.930544470294	0.909897941502965	0.911463067782219	0.924648853204582	0.896420926218697	0.896402469163187	0.857806694291182	0.910182097940652	0.917710162720681	0.924173828308237	0.931614294746269	0.939629542372839	0.938876580817711	0.688236552118844	0.965940272558063	0.876602583050703	0.947497579787403	0.893847930164386	0.894381424014882	0.92915780185924	0.934895168786427	0.940933631726464	0.944034724357508	0.946772336461362	0.883718226423076	0.930334326725824	0.937044924936002	0.946234281275729	0.920165997612368	0.933498833500588	0.915697187506421	0.884325280342349	0.94582463862182	0.928928307188847	0.942740204985582	0.917315887708111	0.962652404004079	0.939363779244454	0.944173269024875	0.789660600944854	0.862594714740222	0.948716178554475
cg27360593	NA	NA	NA	NA	NA	NA	NA	NA	NA	NA	NA	NA	NA	NA	NA	NA	NA	NA	NA	NA	NA	NA	NA	NA	NA	NA	NA	NA	NA	NA	NA	NA	NA	NA	NA	NA	NA	NA	NA	NA	NA	NA	NA	NA	NA	NA	NA	NA	NA	NA	NA	NA	NA	NA	NA	NA	NA	NA	NA	NA	NA	NA	NA	NA	NA	NA	NA	NA	NA	NA	NA	NA	NA	NA	NA	NA	NA	NA	NA	NA	NA	NA	NA	NA	NA	NA	NA
cg27372181	NA	NA	NA	NA	NA	NA	NA	NA	NA	NA	NA	NA	NA	NA	NA	NA	NA	NA	NA	NA	NA	NA	NA	NA	NA	NA	NA	NA	NA	NA	NA	NA	NA	NA	NA	NA	NA	NA	NA	NA	NA	NA	NA	NA	NA	NA	NA	NA	NA	NA	NA	NA	NA	NA	NA	NA	NA	NA	NA	NA	NA	NA	NA	NA	NA	NA	NA	NA	NA	NA	NA	NA	NA	NA	NA	NA	NA	NA	NA	NA	NA	NA	NA	NA	NA	NA	NA
cg27378066	NA	NA	NA	NA	NA	NA	NA	NA	NA	NA	NA	NA	NA	NA	NA	NA	NA	NA	NA	NA	NA	NA	NA	NA	NA	NA	NA	NA	NA	NA	NA	NA	NA	NA	NA	NA	NA	NA	NA	NA	NA	NA	NA	NA	NA	NA	NA	NA	NA	NA	NA	NA	NA	NA	NA	NA	NA	NA	NA	NA	NA	NA	NA	NA	NA	NA	NA	NA	NA	NA	NA	NA	NA	NA	NA	NA	NA	NA	NA	NA	NA	NA	NA	NA	NA	NA	NA
cg27392815	NA	NA	NA	NA	NA	NA	NA	NA	NA	NA	NA	NA	NA	NA	NA	NA	NA	NA	NA	NA	NA	NA	NA	NA	NA	NA	NA	NA	NA	NA	NA	NA	NA	NA	NA	NA	NA	NA	NA	NA	NA	NA	NA	NA	NA	NA	NA	NA	NA	NA	NA	NA	NA	NA	NA	NA	NA	NA	NA	NA	NA	NA	NA	NA	NA	NA	NA	NA	NA	NA	NA	NA	NA	NA	NA	NA	NA	NA	NA	NA	NA	NA	NA	NA	NA	NA	NA
cg27399297	NA	NA	NA	NA	NA	NA	NA	NA	NA	NA	NA	NA	NA	NA	NA	NA	NA	NA	NA	NA	NA	NA	NA	NA	NA	NA	NA	NA	NA	NA	NA	NA	NA	NA	NA	NA	NA	NA	NA	NA	NA	NA	NA	NA	NA	NA	NA	NA	NA	NA	NA	NA	NA	NA	NA	NA	NA	NA	NA	NA	NA	NA	NA	NA	NA	NA	NA	NA	NA	NA	NA	NA	NA	NA	NA	NA	NA	NA	NA	NA	NA	NA	NA	NA	NA	NA	NA
cg27400353	NA	NA	NA	NA	NA	NA	NA	NA	NA	NA	NA	NA	NA	NA	NA	NA	NA	NA	NA	NA	NA	NA	NA	NA	NA	NA	NA	NA	NA	NA	NA	NA	NA	NA	NA	NA	NA	NA	NA	NA	NA	NA	NA	NA	NA	NA	NA	NA	NA	NA	NA	NA	NA	NA	NA	NA	NA	NA	NA	NA	NA	NA	NA	NA	NA	NA	NA	NA	NA	NA	NA	NA	NA	NA	NA	NA	NA	NA	NA	NA	NA	NA	NA	NA	NA	NA	NA
cg27413928	NA	NA	NA	NA	NA	NA	NA	NA	NA	NA	NA	NA	NA	NA	NA	NA	NA	NA	NA	NA	NA	NA	NA	NA	NA	NA	NA	NA	NA	NA	NA	NA	NA	NA	NA	NA	NA	NA	NA	NA	NA	NA	NA	NA	NA	NA	NA	NA	NA	NA	NA	NA	NA	NA	NA	NA	NA	NA	NA	NA	NA	NA	NA	NA	NA	NA	NA	NA	NA	NA	NA	NA	NA	NA	NA	NA	NA	NA	NA	NA	NA	NA	NA	NA	NA	NA	NA
cg27422721	NA	NA	NA	NA	NA	NA	NA	NA	NA	NA	NA	NA	NA	NA	NA	NA	NA	NA	NA	NA	NA	NA	NA	NA	NA	NA	NA	NA	NA	NA	NA	NA	NA	NA	NA	NA	NA	NA	NA	NA	NA	NA	NA	NA	NA	NA	NA	NA	NA	NA	NA	NA	NA	NA	NA	NA	NA	NA	NA	NA	NA	NA	NA	NA	NA	NA	NA	NA	NA	NA	NA	NA	NA	NA	NA	NA	NA	NA	NA	NA	NA	NA	NA	NA	NA	NA	NA
cg27436603	NA	NA	NA	NA	NA	NA	NA	NA	NA	NA	NA	NA	NA	NA	NA	NA	NA	NA	NA	NA	NA	NA	NA	NA	NA	NA	NA	NA	NA	NA	NA	NA	NA	NA	NA	NA	NA	NA	NA	NA	NA	NA	NA	NA	NA	NA	NA	NA	NA	NA	NA	NA	NA	NA	NA	NA	NA	NA	NA	NA	NA	NA	NA	NA	NA	NA	NA	NA	NA	NA	NA	NA	NA	NA	NA	NA	NA	NA	NA	NA	NA	NA	NA	NA	NA	NA	NA
cg27441138	0.583186418109959	0.719909378483184	0.686230863383294	0.905127462653232	0.814559400243181	0.423622890315721	0.898740255392137	0.784747418319035	0.322980152828143	0.818622296652065	0.595209643635749	0.727079559638602	0.765701216007591	0.822440629284864	0.672416369697642	0.879513914167657	0.755096568884587	0.853886152196791	0.604900182043984	0.672320579262849	0.843202488647539	0.828183640160514	0.540696909887961	0.735999290450999	0.467511628779577	0.603155233042249	0.82702172317532	0.733812564176898	0.755756552592673	0.907867418805191	0.912746766012777	0.711085278554163	0.594004134281352	0.915315825591392	0.646746521987372	0.762644388356853	0.856966638639162	0.909916936299146	0.733131358595833	0.85153501073732	0.628094844157351	0.580307945304076	0.825371446770739	0.67039817871769	0.841046424215846	0.805727351980363	0.502482374219769	0.805914138066758	0.781632030223507	0.797441271220643	0.713875685846469	0.592636940127958	0.754282967976924	0.71100811311014	0.834310572462922	0.922296657158251	0.708633811310095	0.907792993586373	0.607594439982226	0.804042037330343	0.741819261230672	0.271693329268893	0.76146029835084	0.710389469962514	0.826523834527401	0.472680084686623	0.916016639672321	0.64461724510372	0.904598374393055	0.809313087089795	0.601050228738147	0.859125930300618	0.821822278698444	0.860526848806798	0.712676670602075	0.918508403558607	0.708336334541338	0.919376981794082	0.919326804790165	0.559738906120936	0.725339999025468	0.857216730740196	0.898198695843304	0.470327464096911	0.846884589713796	0.621080338212838	0.172085894862332
cg27476881	NA	NA	NA	NA	NA	NA	NA	NA	NA	NA	NA	NA	NA	NA	NA	NA	NA	NA	NA	NA	NA	NA	NA	NA	NA	NA	NA	NA	NA	NA	NA	NA	NA	NA	NA	NA	NA	NA	NA	NA	NA	NA	NA	NA	NA	NA	NA	NA	NA	NA	NA	NA	NA	NA	NA	NA	NA	NA	NA	NA	NA	NA	NA	NA	NA	NA	NA	NA	NA	NA	NA	NA	NA	NA	NA	NA	NA	NA	NA	NA	NA	NA	NA	NA	NA	NA	NA
cg27493336	NA	NA	NA	NA	NA	NA	NA	NA	NA	NA	NA	NA	NA	NA	NA	NA	NA	NA	NA	NA	NA	NA	NA	NA	NA	NA	NA	NA	NA	NA	NA	NA	NA	NA	NA	NA	NA	NA	NA	NA	NA	NA	NA	NA	NA	NA	NA	NA	NA	NA	NA	NA	NA	NA	NA	NA	NA	NA	NA	NA	NA	NA	NA	NA	NA	NA	NA	NA	NA	NA	NA	NA	NA	NA	NA	NA	NA	NA	NA	NA	NA	NA	NA	NA	NA	NA	NA
cg27496179	NA	NA	NA	NA	NA	NA	NA	NA	NA	NA	NA	NA	NA	NA	NA	NA	NA	NA	NA	NA	NA	NA	NA	NA	NA	NA	NA	NA	NA	NA	NA	NA	NA	NA	NA	NA	NA	NA	NA	NA	NA	NA	NA	NA	NA	NA	NA	NA	NA	NA	NA	NA	NA	NA	NA	NA	NA	NA	NA	NA	NA	NA	NA	NA	NA	NA	NA	NA	NA	NA	NA	NA	NA	NA	NA	NA	NA	NA	NA	NA	NA	NA	NA	NA	NA	NA	NA
cg27530298	NA	NA	NA	NA	NA	NA	NA	NA	NA	NA	NA	NA	NA	NA	NA	NA	NA	NA	NA	NA	NA	NA	NA	NA	NA	NA	NA	NA	NA	NA	NA	NA	NA	NA	NA	NA	NA	NA	NA	NA	NA	NA	NA	NA	NA	NA	NA	NA	NA	NA	NA	NA	NA	NA	NA	NA	NA	NA	NA	NA	NA	NA	NA	NA	NA	NA	NA	NA	NA	NA	NA	NA	NA	NA	NA	NA	NA	NA	NA	NA	NA	NA	NA	NA	NA	NA	NA
cg27562595	NA	NA	NA	NA	NA	NA	NA	NA	NA	NA	NA	NA	NA	NA	NA	NA	NA	NA	NA	NA	NA	NA	NA	NA	NA	NA	NA	NA	NA	NA	NA	NA	NA	NA	NA	NA	NA	NA	NA	NA	NA	NA	NA	NA	NA	NA	NA	NA	NA	NA	NA	NA	NA	NA	NA	NA	NA	NA	NA	NA	NA	NA	NA	NA	NA	NA	NA	NA	NA	NA	NA	NA	NA	NA	NA	NA	NA	NA	NA	NA	NA	NA	NA	NA	NA	NA	NA
cg27574287	0.482523209306919	0.752102155236529	0.840975051103078	0.886041076096477	0.504344468594432	0.390089502409596	0.858686441877847	0.822799485548901	0.303579984958923	0.477691417129499	0.673956297486596	0.861345513584519	0.268825182843512	0.433018343987568	0.67638204935545	0.622736916920696	0.753722210717443	0.796400760521742	0.806259042470772	0.376911999850283	0.668758519471714	0.834238712959484	0.632439956777002	0.174824706382415	0.829699033935036	0.85563490468084	0.798489054935045	0.435654869089515	0.623077857359444	0.871284824348694	0.53222801390935	0.865850109593372	0.874926117781563	0.87833721053538	0.801638061626967	0.709667128734056	0.822768111579897	0.327817149848739	0.574693811580453	0.817457825079342	0.439975249511279	0.479367149006779	0.589647824366749	0.586749004884079	0.394082478441819	0.540523478905305	0.760553452412956	0.866653878011095	0.558412344443769	0.702848089136214	0.566327671776191	0.465627751913485	0.661545379148376	0.566188219079784	0.717379595808142	0.564321441046858	0.769724341994651	0.703095472649678	0.37305874338781	0.701979157563577	0.54556100416846	0.475406369959662	0.896757212457142	0.733986612755753	0.825106714224923	0.521710641197239	0.441429831503658	0.66759836087373	0.664407524304921	0.733454040682714	0.681586002147249	0.298936504610252	0.80482724361291	0.689378173669676	0.544642008053292	0.847680067720053	0.658260312197178	0.747405691753794	0.483340229886103	0.483174570592165	0.824196927012646	0.872241723453684	0.613371676916898	0.689084565607636	0.796017646001676	0.407730339312176	0.226992028093522
cg27604672	0.790581834255366	0.635725843388935	0.448298968203084	0.759116919286406	0.417656991235992	0.401171058157575	0.410070949975492	0.594337112407784	0.11294263037001	0.70788144983566	0.619648890182728	0.731972226572424	0.574726178423698	0.617217695220023	0.370242768121444	0.605774941265448	0.559226125120968	0.345453749001862	0.493949992029373	0.526243251146219	0.545485717156966	0.547945935201744	0.679693250887108	0.650235161369236	0.596155017583678	0.773103019542982	0.636701682771613	0.701363886487289	0.577255443458882	0.782721285825919	0.637904172542903	0.291042112918979	0.690886541359547	0.400886692585146	0.485259003662572	0.545316384621612	0.504566093514383	0.652137225982493	0.657191545763095	0.535500663207908	0.656010287667379	0.377008489294324	0.53575684522946	0.632525682729107	0.262051550889929	0.264399635426633	0.564027217553573	0.491360985112045	0.639938618745007	0.685174347942854	0.546574120152605	0.623357090988674	0.441923461925801	0.717445153962219	0.645652052127269	0.451351552352606	0.772507312627272	0.728002689015286	0.346134540265272	0.788938826263054	0.269665268759452	0.607978280690461	0.700147998784461	0.502941407873658	0.571435959508474	0.191526723543606	0.224692369829057	0.480249882208738	0.452167140079551	0.58403055673765	0.59175782745911	0.782086865629557	0.696523472103621	0.555235880853676	0.472575431213716	0.562202291395541	0.419968542991676	0.793591435388367	0.407465448063986	0.362889358511774	0.692813330180626	0.719983126145596	0.255598604692235	0.48307970850062	0.597939432287545	0.379888350392011	0.763442759682783
cg27629311	NA	NA	NA	NA	NA	NA	NA	NA	NA	NA	NA	NA	NA	NA	NA	NA	NA	NA	NA	NA	NA	NA	NA	NA	NA	NA	NA	NA	NA	NA	NA	NA	NA	NA	NA	NA	NA	NA	NA	NA	NA	NA	NA	NA	NA	NA	NA	NA	NA	NA	NA	NA	NA	NA	NA	NA	NA	NA	NA	NA	NA	NA	NA	NA	NA	NA	NA	NA	NA	NA	NA	NA	NA	NA	NA	NA	NA	NA	NA	NA	NA	NA	NA	NA	NA	NA	NA
ch.1.156669547F	NA	NA	NA	NA	NA	NA	NA	NA	NA	NA	NA	NA	NA	NA	NA	NA	NA	NA	NA	NA	NA	NA	NA	NA	NA	NA	NA	NA	NA	NA	NA	NA	NA	NA	NA	NA	NA	NA	NA	NA	NA	NA	NA	NA	NA	NA	NA	NA	NA	NA	NA	NA	NA	NA	NA	NA	NA	NA	NA	NA	NA	NA	NA	NA	NA	NA	NA	NA	NA	NA	NA	NA	NA	NA	NA	NA	NA	NA	NA	NA	NA	NA	NA	NA	NA	NA	NA
ch.1.90405031F	NA	NA	NA	NA	NA	NA	NA	NA	NA	NA	NA	NA	NA	NA	NA	NA	NA	NA	NA	NA	NA	NA	NA	NA	NA	NA	NA	NA	NA	NA	NA	NA	NA	NA	NA	NA	NA	NA	NA	NA	NA	NA	NA	NA	NA	NA	NA	NA	NA	NA	NA	NA	NA	NA	NA	NA	NA	NA	NA	NA	NA	NA	NA	NA	NA	NA	NA	NA	NA	NA	NA	NA	NA	NA	NA	NA	NA	NA	NA	NA	NA	NA	NA	NA	NA	NA	NA
ch.10.47925130F	NA	NA	NA	NA	NA	NA	NA	NA	NA	NA	NA	NA	NA	NA	NA	NA	NA	NA	NA	NA	NA	NA	NA	NA	NA	NA	NA	NA	NA	NA	NA	NA	NA	NA	NA	NA	NA	NA	NA	NA	NA	NA	NA	NA	NA	NA	NA	NA	NA	NA	NA	NA	NA	NA	NA	NA	NA	NA	NA	NA	NA	NA	NA	NA	NA	NA	NA	NA	NA	NA	NA	NA	NA	NA	NA	NA	NA	NA	NA	NA	NA	NA	NA	NA	NA	NA	NA
ch.10.82591910R	NA	NA	NA	NA	NA	NA	NA	NA	NA	NA	NA	NA	NA	NA	NA	NA	NA	NA	NA	NA	NA	NA	NA	NA	NA	NA	NA	NA	NA	NA	NA	NA	NA	NA	NA	NA	NA	NA	NA	NA	NA	NA	NA	NA	NA	NA	NA	NA	NA	NA	NA	NA	NA	NA	NA	NA	NA	NA	NA	NA	NA	NA	NA	NA	NA	NA	NA	NA	NA	NA	NA	NA	NA	NA	NA	NA	NA	NA	NA	NA	NA	NA	NA	NA	NA	NA	NA
ch.11.1877857R	0.0325242769703293	0.0383331021618142	0.025677048388822	0.0399877918640461	0.0390155718331206	0.0303784672046566	0.0346612894915739	0.0401102577877751	0.030521782402197	0.049762052446636	0.0374302323829981	0.0354173551956433	0.0226627854940006	0.0297697088143655	0.0258297151759609	0.0352586022301806	0.0338722443490635	0.0254122592487544	0.0327854969545243	0.0281386693399126	0.0317152855445292	0.03342499925708	0.047882756993719	0.0798391159475281	0.0235166445263336	0.0429460244466139	0.029251739867181	0.0298258819477003	0.0377737719901512	0.0339546911598382	0.0382660766717517	0.0443093018630971	0.0323245654527724	0.034109108935015	0.0337333140625434	0.0263938002007736	0.0408993875702768	0.0316207837162288	0.0298337470374055	0.0341158139491488	0.0348167531624948	0.0329228685188909	0.0341992604870776	0.033590107531271	0.0344491681843268	0.0247190092378316	0.0281614970965872	0.0331487749395099	0.027043387404031	0.0415514468953795	0.0295172307229861	0.0315880753897486	0.0275402455661686	0.0428861600880798	0.0314158514055999	0.0403745264247889	0.0272435896894393	0.029711970241506	0.0266455806347869	0.0339559989530059	0.0316434954723363	0.0283434551712387	0.0276020555923688	0.0334337845808913	0.0590497260398163	0.033724960476477	0.0260036623086485	0.0394692598615349	0.0384649448487015	0.0215683619551674	0.033389945486105	0.022385171844453	0.0322446430606608	0.0313972449294445	0.0259540091175938	0.0277500338483071	0.0296946530444932	0.0351455179837327	0.0392733618978123	0.0273599666573052	0.0373684812150835	0.04810719071802	0.0287959710756305	0.0301373839912966	0.0298815762025449	0.0265370076013763	0.0505850178553321
ch.11.2015773F	NA	NA	NA	NA	NA	NA	NA	NA	NA	NA	NA	NA	NA	NA	NA	NA	NA	NA	NA	NA	NA	NA	NA	NA	NA	NA	NA	NA	NA	NA	NA	NA	NA	NA	NA	NA	NA	NA	NA	NA	NA	NA	NA	NA	NA	NA	NA	NA	NA	NA	NA	NA	NA	NA	NA	NA	NA	NA	NA	NA	NA	NA	NA	NA	NA	NA	NA	NA	NA	NA	NA	NA	NA	NA	NA	NA	NA	NA	NA	NA	NA	NA	NA	NA	NA	NA	NA
ch.2.154234353F	NA	NA	NA	NA	NA	NA	NA	NA	NA	NA	NA	NA	NA	NA	NA	NA	NA	NA	NA	NA	NA	NA	NA	NA	NA	NA	NA	NA	NA	NA	NA	NA	NA	NA	NA	NA	NA	NA	NA	NA	NA	NA	NA	NA	NA	NA	NA	NA	NA	NA	NA	NA	NA	NA	NA	NA	NA	NA	NA	NA	NA	NA	NA	NA	NA	NA	NA	NA	NA	NA	NA	NA	NA	NA	NA	NA	NA	NA	NA	NA	NA	NA	NA	NA	NA	NA	NA
ch.3.70573422F	NA	NA	NA	NA	NA	NA	NA	NA	NA	NA	NA	NA	NA	NA	NA	NA	NA	NA	NA	NA	NA	NA	NA	NA	NA	NA	NA	NA	NA	NA	NA	NA	NA	NA	NA	NA	NA	NA	NA	NA	NA	NA	NA	NA	NA	NA	NA	NA	NA	NA	NA	NA	NA	NA	NA	NA	NA	NA	NA	NA	NA	NA	NA	NA	NA	NA	NA	NA	NA	NA	NA	NA	NA	NA	NA	NA	NA	NA	NA	NA	NA	NA	NA	NA	NA	NA	NA
ch.4.109582151R	NA	NA	NA	NA	NA	NA	NA	NA	NA	NA	NA	NA	NA	NA	NA	NA	NA	NA	NA	NA	NA	NA	NA	NA	NA	NA	NA	NA	NA	NA	NA	NA	NA	NA	NA	NA	NA	NA	NA	NA	NA	NA	NA	NA	NA	NA	NA	NA	NA	NA	NA	NA	NA	NA	NA	NA	NA	NA	NA	NA	NA	NA	NA	NA	NA	NA	NA	NA	NA	NA	NA	NA	NA	NA	NA	NA	NA	NA	NA	NA	NA	NA	NA	NA	NA	NA	NA
ch.4.11576235F	0.037938334871574	0.0644284841530259	0.0340577269879212	0.0587642887868101	0.0391935923268989	0.0449449103928921	0.0567107974733841	0.0410068051082251	0.0393539534541739	0.0553955915778738	0.0612596071730083	0.0420412547054031	0.0654951136047964	0.0619154998374273	0.0497950352024794	0.0508306846719857	0.0542306259362431	0.0480183674014877	0.0616051827280557	0.0653832880015827	0.0615167399262731	0.0422737045007458	0.098717453000792	0.0530974650339037	0.0333025659333382	0.0504056897864027	0.0441734210243006	0.0645865527434965	0.0431461370215088	0.0514396413344172	0.0657823275233841	0.0619981836818944	0.0637298453519952	0.0459901628678857	0.040801197124268	0.0432865952809516	0.0631462642321317	0.0595262275980258	0.0807771057490684	0.0576289550777048	0.0533857799083431	0.061307661145782	0.0481225566803884	0.0506895787486851	0.0558762261858229	0.0501060158516297	0.0545493215821999	0.0556167913994756	0.0468006359722979	0.0622456069263973	0.0464734696724532	0.0433244866780764	0.0400404337288598	0.0606354142202628	0.0684880428048327	0.0509820078201932	0.0842245714992318	0.0567873153225039	0.040113020587731	0.0583904319214442	0.0537963202587119	0.0329731511870459	0.0470592982711199	0.0495000436320274	0.0492968007236007	0.0557518704666796	0.0424213096956525	0.0412953950766524	0.0459674267396693	0.0530065240398436	0.0480405217420357	0.0531616639707385	0.102573899405838	0.05502525989392	0.0482385333637226	0.0540416640499966	0.056774753721644	0.0700696094720349	0.043480881485134	0.0423345518495573	0.0677061816530962	0.140589251786471	0.0527667161759259	0.0368290905488434	0.0504642891243314	0.0594099788578315	0.0938912295913851
ch.4.166959540F	NA	NA	NA	NA	NA	NA	NA	NA	NA	NA	NA	NA	NA	NA	NA	NA	NA	NA	NA	NA	NA	NA	NA	NA	NA	NA	NA	NA	NA	NA	NA	NA	NA	NA	NA	NA	NA	NA	NA	NA	NA	NA	NA	NA	NA	NA	NA	NA	NA	NA	NA	NA	NA	NA	NA	NA	NA	NA	NA	NA	NA	NA	NA	NA	NA	NA	NA	NA	NA	NA	NA	NA	NA	NA	NA	NA	NA	NA	NA	NA	NA	NA	NA	NA	NA	NA	NA
ch.5.30573736R	0.0787617698127534	NA	0.142975435042484	NA	NA	NA	NA	NA	NA	NA	NA	NA	NA	NA	NA	NA	NA	NA	NA	NA	0.108184241351449	NA	NA	NA	NA	NA	NA	NA	NA	NA	NA	NA	NA	NA	NA	NA	NA	0.123879853813781	NA	NA	NA	NA	NA	NA	NA	NA	NA	NA	NA	NA	0.201938680560675	NA	NA	NA	NA	NA	NA	NA	NA	NA	NA	NA	NA	NA	0.163046981288655	NA	0.143746095657257	NA	0.168256381043143	NA	NA	0.166874917749009	NA	NA	NA	NA	NA	NA	NA	NA	NA	NA	NA	0.147889243025484	NA	NA	NA
ch.7.3333777R	0.0509041311098581	0.054851785710919	0.0461781407827216	0.0867988388764549	0.0650087636505833	0.0604408794920617	0.0897819245601369	0.0462551331888194	0.0707858857185071	0.0675364449846784	0.0817154687770973	0.0813517088586637	0.12786100404936	0.0630566763458236	0.137862030508317	0.0662759034759398	0.0656977744576012	0.0510195333374974	0.0870120950212733	0.0997005706857796	0.0365922205610952	0.0629463397508131	0.068700349677319	0.0757899335403043	0.0614297937172496	0.0611783104180668	0.106318765904353	0.0682313474531126	0.0665263486638127	0.0645274719817489	0.0664437782811014	0.0541439661861123	0.0718916785972782	0.0577903881656142	0.075712443856703	0.0625000550793715	0.0844511753548789	0.0365422033700481	0.0994800922759584	0.0488909221011934	0.0711535334466923	0.0763409614785175	0.0580774556683345	0.0958036407234813	0.078615076446368	0.10263791373595	0.100820708559584	0.100358858785341	0.136516641348607	0.0684380447027223	0.0479586776066925	0.0675120813716695	0.0598997607446849	0.0596022306524261	0.0557665704016946	0.0792992947637874	0.0877153844751117	0.0988016347729048	0.0700421811477719	0.0851684758334737	0.131171511248287	0.0647360009334716	0.108763669265311	0.0699805740137089	0.0751582364197056	0.0811792370261095	0.0747065904725201	0.0502277667699077	0.0661736171423932	0.0857826943057902	0.0775590441310388	0.0523260996738654	0.0781591480944991	0.0622891459009978	0.0710391097933285	0.0582639534315837	0.0513129301181953	0.0814670778097716	0.0792301256826474	0.0793421907858758	0.0523478095385368	0.0751800486161962	0.0681862902890606	0.0558638481214636	0.106307450043386	0.0976660846242477	0.0842490941138434
ch.7.83866664R	0.0273247296284794	0.0282976822332513	0.024118966578814	0.0214515198999638	0.0371686181766973	0.0268078355291	0.0274383268290489	0.0262135416153456	0.0323827677691046	0.0306857338484325	0.0299447363013164	0.0287650256950783	0.0316065769683997	0.0326747923704145	0.0313469767425807	0.0295177167450141	0.0363897875689594	0.0275021082053188	0.0305561638370036	0.0270358867960994	0.0225606049323376	0.0260580843060016	0.0267278161059148	0.0290460368347161	0.0253758296986676	0.039818494802935	0.0292180786044122	0.0255545024064134	0.0286391885062309	0.0244005547552002	0.0317416944503397	0.0279428314857744	0.024727661327059	0.0360841681034305	0.0260626451869889	0.0379492079417873	0.0354663644141145	0.0233428031998918	0.0319408526502054	0.0261659904583703	0.027659483266053	0.0269919006977319	0.0306751515879327	0.0289511007790005	0.0251765748782415	0.0305757941958708	0.0306511616246518	0.0363004683277392	0.0251673759627661	0.0340461088929926	0.0316230902699818	0.0325497389439162	0.0267428810276311	0.0286274282578729	0.0308073070391815	0.0264669663374538	0.0268860367757459	0.0343305228063849	0.0259466807486942	0.0300197962570874	0.0306271316919583	0.0322726529191277	0.0447205158649036	0.0256003781068053	0.0264786672317762	0.0868742789189309	0.0285565768117912	0.0264914341890535	0.0238571631001076	0.0276852440748915	0.0258853337044233	0.0333108222207577	0.0284115988437856	0.0334150621662147	0.0232172205183296	0.0247150057391842	0.0285866857155798	0.0517433416369495	0.028175116990666	0.0267377032360185	0.0269405550862015	0.0333092017734072	0.0290263564328566	0.0224417784367037	0.0369214795308266	0.0343139899953055	0.0298124006349886
ch.8.1742370R	NA	NA	NA	NA	NA	NA	NA	NA	NA	NA	NA	NA	NA	NA	NA	NA	NA	NA	NA	NA	NA	NA	NA	NA	NA	NA	NA	NA	NA	NA	NA	NA	NA	NA	NA	NA	NA	NA	NA	NA	NA	NA	NA	NA	NA	NA	NA	NA	NA	NA	NA	NA	NA	NA	NA	NA	NA	NA	NA	NA	NA	NA	NA	NA	NA	NA	NA	NA	NA	NA	NA	NA	NA	NA	NA	NA	NA	NA	NA	NA	NA	NA	NA	NA	NA	NA	NA
ch.8.91748119F	0.0350979093591577	0.0410021583793217	0.0357590027312112	0.0511344080420773	0.0486239828287062	0.0369609497902685	0.0505502527074325	0.0471261760882912	0.0521227143058224	0.0546575709032087	0.0646905655370732	0.0436170673150115	0.0558710748206783	0.0478457177443159	0.0408012752109439	0.0582864218545373	0.0466987871608733	0.0559210101943063	0.0401173606775164	0.0454585146237236	0.0489913221679784	0.0507998689293801	0.0616454986664678	0.0712893490198425	0.032257474429217	0.043919718392541	0.0529209568271085	0.0496565004458084	0.0573107489975397	0.0358183997417071	0.0457641196311721	0.0667663155123814	0.0441014653620811	0.0530777020838203	0.0482332880204489	0.0399302240504325	0.0600086904225347	0.0570228631064396	0.0463194890526369	0.0491427316662573	0.0512643310754228	0.0338534955825671	0.084025568200227	0.056772293284064	0.039458642404072	0.0627218632010328	0.0441319918605198	0.0392409782597036	0.0559509016841186	0.0382422726533429	0.0236769168604397	0.0422941913531148	0.0376860202975723	0.0432058242700739	0.0518407677408565	0.0317474775753672	0.0502239458028955	0.0437752888753602	0.0346148342734009	0.0530033044075054	0.0441177471305704	0.0341329520618131	0.0758389966268667	0.0403803647654167	0.0415225457353411	0.0554398144669021	0.0490057025275505	0.0355347059352333	0.0426281237806746	0.0338989270230217	0.0483928789706729	0.0550642466259923	0.0355658509970561	0.0508358981058514	0.0459019378867582	0.0399954919818743	0.0378036809997399	0.050801990272569	0.040084248393867	0.0445174808002221	0.0482507037015079	0.0941104458895075	0.0444342710641825	0.0468409832815041	0.0419517882183639	0.0404055413980125	0.0602595047275395
ch.9.106992904R	NA	NA	NA	NA	NA	NA	NA	NA	NA	NA	NA	NA	NA	NA	NA	NA	NA	NA	NA	NA	NA	NA	NA	NA	NA	NA	NA	NA	NA	NA	NA	NA	NA	NA	NA	NA	NA	NA	NA	NA	NA	NA	NA	NA	NA	NA	NA	NA	NA	NA	NA	NA	NA	NA	NA	NA	NA	NA	NA	NA	NA	NA	NA	NA	NA	NA	NA	NA	NA	NA	NA	NA	NA	NA	NA	NA	NA	NA	NA	NA	NA	NA	NA	NA	NA	NA	NA
