A_CpG_ID	TCGA-KO-8415-01A	TCGA-KM-8477-01A	TCGA-KL-8337-01A	TCGA-KN-8435-01A	TCGA-KN-8432-01A	TCGA-KL-8326-01A	TCGA-KO-8414-01A	TCGA-KN-8431-01A	TCGA-KO-8410-01A	TCGA-KO-8409-01A	TCGA-KN-8421-01A	TCGA-KO-8413-01A	TCGA-KM-8476-01A	TCGA-KL-8332-01A	TCGA-KL-8341-01A	TCGA-KO-8403-01A	TCGA-KL-8334-01A	TCGA-KL-8344-01A	TCGA-KN-8424-01A	TCGA-KN-8427-01A	TCGA-KO-8406-01A	TCGA-KL-8329-01A	TCGA-KN-8419-01A	TCGA-KO-8408-01A	TCGA-KN-8434-01A	TCGA-KN-8436-01A	TCGA-KN-8437-01A	TCGA-KM-8441-01A	TCGA-KM-8639-01A	TCGA-KL-8336-01A	TCGA-KO-8416-01A	TCGA-KL-8327-01A	TCGA-KM-8443-01A	TCGA-KO-8407-01A	TCGA-KN-8423-01A	TCGA-KN-8429-01A	TCGA-KL-8343-01A	TCGA-KL-8331-01A	TCGA-KO-8404-01A	TCGA-KM-8438-01A	TCGA-KL-8345-01A	TCGA-KL-8340-01A	TCGA-KN-8428-01A	TCGA-KN-8422-01A	TCGA-KL-8338-01A	TCGA-KL-8325-01A	TCGA-KL-8323-01A	TCGA-KM-8440-01A	TCGA-KN-8426-01A	TCGA-KL-8335-01A	TCGA-KO-8405-01A	TCGA-KM-8439-01A	TCGA-KL-8346-01A	TCGA-KO-8411-01A	TCGA-KN-8425-01A	TCGA-KN-8418-01A	TCGA-KL-8324-01A	TCGA-KL-8330-01A	TCGA-KL-8342-01A	TCGA-KN-8433-01A	TCGA-KL-8339-01A	TCGA-KM-8442-01A	TCGA-KL-8328-01A	TCGA-KO-8417-01A	TCGA-KL-8333-01A	TCGA-KN-8430-01A
cg00010242	NA	NA	NA	NA	NA	NA	NA	NA	NA	NA	NA	NA	NA	NA	NA	NA	NA	NA	NA	NA	NA	NA	NA	NA	NA	NA	NA	NA	NA	NA	NA	NA	NA	NA	NA	NA	NA	NA	NA	NA	NA	NA	NA	NA	NA	NA	NA	NA	NA	NA	NA	NA	NA	NA	NA	NA	NA	NA	NA	NA	NA	NA	NA	NA	NA	NA
cg00044501	NA	NA	NA	NA	NA	NA	NA	NA	NA	NA	NA	NA	NA	NA	NA	NA	NA	NA	NA	NA	NA	NA	NA	NA	NA	NA	NA	NA	NA	NA	NA	NA	NA	NA	NA	NA	NA	NA	NA	NA	NA	NA	NA	NA	NA	NA	NA	NA	NA	NA	NA	NA	NA	NA	NA	NA	NA	NA	NA	NA	NA	NA	NA	NA	NA	NA
cg00081852	NA	NA	NA	NA	NA	NA	NA	NA	NA	NA	NA	NA	NA	NA	NA	NA	NA	NA	NA	NA	NA	NA	NA	NA	NA	NA	NA	NA	NA	NA	NA	NA	NA	NA	NA	NA	NA	NA	NA	NA	NA	NA	NA	NA	NA	NA	NA	NA	NA	NA	NA	NA	NA	NA	NA	NA	NA	NA	NA	NA	NA	NA	NA	NA	NA	NA
cg00090612	NA	NA	NA	NA	NA	NA	NA	NA	NA	NA	NA	NA	NA	NA	NA	NA	NA	NA	NA	NA	NA	NA	NA	NA	NA	NA	NA	NA	NA	NA	NA	NA	NA	NA	NA	NA	NA	NA	NA	NA	NA	NA	NA	NA	NA	NA	NA	NA	NA	NA	NA	NA	NA	NA	NA	NA	NA	NA	NA	NA	NA	NA	NA	NA	NA	NA
cg00110695	NA	NA	NA	NA	NA	NA	NA	NA	NA	NA	NA	NA	NA	NA	NA	NA	NA	NA	NA	NA	NA	NA	NA	NA	NA	NA	NA	NA	NA	NA	NA	NA	NA	NA	NA	NA	NA	NA	NA	NA	NA	NA	NA	NA	NA	NA	NA	NA	NA	NA	NA	NA	NA	NA	NA	NA	NA	NA	NA	NA	NA	NA	NA	NA	NA	NA
cg00114618	NA	NA	NA	NA	NA	NA	NA	NA	NA	NA	NA	NA	NA	NA	NA	NA	NA	NA	NA	NA	NA	NA	NA	NA	NA	NA	NA	NA	NA	NA	NA	NA	NA	NA	NA	NA	NA	NA	NA	NA	NA	NA	NA	NA	NA	NA	NA	NA	NA	NA	NA	NA	NA	NA	NA	NA	NA	NA	NA	NA	NA	NA	NA	NA	NA	NA
cg00116558	NA	NA	NA	NA	NA	NA	NA	NA	NA	NA	NA	NA	NA	NA	NA	NA	NA	NA	NA	NA	NA	NA	NA	NA	NA	NA	NA	NA	NA	NA	NA	NA	NA	NA	NA	NA	NA	NA	NA	NA	NA	NA	NA	NA	NA	NA	NA	NA	NA	NA	NA	NA	NA	NA	NA	NA	NA	NA	NA	NA	NA	NA	NA	NA	NA	NA
cg00178785	NA	NA	NA	NA	NA	NA	NA	NA	NA	NA	NA	NA	NA	NA	NA	NA	NA	NA	NA	NA	NA	NA	NA	NA	NA	NA	NA	NA	NA	NA	NA	NA	NA	NA	NA	NA	NA	NA	NA	NA	NA	NA	NA	NA	NA	NA	NA	NA	NA	NA	NA	NA	NA	NA	NA	NA	NA	NA	NA	NA	NA	NA	NA	NA	NA	NA
cg00241482	NA	NA	NA	NA	NA	NA	NA	NA	NA	NA	NA	NA	NA	NA	NA	NA	NA	NA	NA	NA	NA	NA	NA	NA	NA	NA	NA	NA	NA	NA	NA	NA	NA	NA	NA	NA	NA	NA	NA	NA	NA	NA	NA	NA	NA	NA	NA	NA	NA	NA	NA	NA	NA	NA	NA	NA	NA	NA	NA	NA	NA	NA	NA	NA	NA	NA
cg00247803	NA	NA	NA	NA	NA	NA	NA	NA	NA	NA	NA	NA	NA	NA	NA	NA	NA	NA	NA	NA	NA	NA	NA	NA	NA	NA	NA	NA	NA	NA	NA	NA	NA	NA	NA	NA	NA	NA	NA	NA	NA	NA	NA	NA	NA	NA	NA	NA	NA	NA	NA	NA	NA	NA	NA	NA	NA	NA	NA	NA	NA	NA	NA	NA	NA	NA
cg00253854	NA	NA	NA	NA	NA	NA	NA	NA	NA	NA	NA	NA	NA	NA	NA	NA	NA	NA	NA	NA	NA	NA	NA	NA	NA	NA	NA	NA	NA	NA	NA	NA	NA	NA	NA	NA	NA	NA	NA	NA	NA	NA	NA	NA	NA	NA	NA	NA	NA	NA	NA	NA	NA	NA	NA	NA	NA	NA	NA	NA	NA	NA	NA	NA	NA	NA
cg00264298	NA	NA	NA	NA	NA	NA	NA	NA	NA	NA	NA	NA	NA	NA	NA	NA	NA	NA	NA	NA	NA	NA	NA	NA	NA	NA	NA	NA	NA	NA	NA	NA	NA	NA	NA	NA	NA	NA	NA	NA	NA	NA	NA	NA	NA	NA	NA	NA	NA	NA	NA	NA	NA	NA	NA	NA	NA	NA	NA	NA	NA	NA	NA	NA	NA	NA
cg00301256	NA	NA	NA	NA	NA	NA	NA	NA	NA	NA	NA	NA	NA	NA	NA	NA	NA	NA	NA	NA	NA	NA	NA	NA	NA	NA	NA	NA	NA	NA	NA	NA	NA	NA	NA	NA	NA	NA	NA	NA	NA	NA	NA	NA	NA	NA	NA	NA	NA	NA	NA	NA	NA	NA	NA	NA	NA	NA	NA	NA	NA	NA	NA	NA	NA	NA
cg00314276	NA	NA	NA	NA	NA	NA	NA	NA	NA	NA	NA	NA	NA	NA	NA	NA	NA	NA	NA	NA	NA	NA	NA	NA	NA	NA	NA	NA	NA	NA	NA	NA	NA	NA	NA	NA	NA	NA	NA	NA	NA	NA	NA	NA	NA	NA	NA	NA	NA	NA	NA	NA	NA	NA	NA	NA	NA	NA	NA	NA	NA	NA	NA	NA	NA	NA
cg00318682	0.518511684216006	0.421706195336438	0.919659703340556	0.773190546503353	0.839844924958418	0.224335902404092	0.922507417184065	0.867914642317277	0.916774614632978	0.535889637589084	0.869485306714087	0.824609613726797	0.455734621696245	0.859330360795937	0.817850243530424	0.845971853613063	0.896007354684512	0.712221615411502	0.892810986382602	0.401936537421668	0.508970992853111	0.911913599363052	0.241430615371442	0.652092443618422	0.930354349262353	0.907110141475537	0.860242122720771	0.796947892111073	0.876935705392093	0.838090733880814	0.132419713193157	0.434862922671539	0.933975558240207	0.877058761621085	0.295276177487208	0.580179237531471	0.356178238665064	0.882869736035903	0.323680115009064	0.890905897376839	0.853632750731332	0.921424095249973	0.432274148437021	0.890569603598786	0.859928727443682	0.911462009203966	0.834150246888537	0.570502961005312	0.897234244876009	0.896975323075527	0.713442820272711	0.934103716440877	0.222769809460001	0.123362370472331	0.750154449969066	0.59495205411456	0.866963130770715	0.921418449391493	0.917821908084675	0.641437575169107	0.480475902864054	0.944788180388504	0.940654901627603	0.911073882813963	0.746823157137022	0.689969378638912
cg00336555	NA	NA	NA	NA	NA	NA	NA	NA	NA	NA	NA	NA	NA	NA	NA	NA	NA	NA	NA	NA	NA	NA	NA	NA	NA	NA	NA	NA	NA	NA	NA	NA	NA	NA	NA	NA	NA	NA	NA	NA	NA	NA	NA	NA	NA	NA	NA	NA	NA	NA	NA	NA	NA	NA	NA	NA	NA	NA	NA	NA	NA	NA	NA	NA	NA	NA
cg00359421	NA	NA	NA	NA	NA	NA	NA	NA	NA	NA	NA	NA	NA	NA	NA	NA	NA	NA	NA	NA	NA	NA	NA	NA	NA	NA	NA	NA	NA	NA	NA	NA	NA	NA	NA	NA	NA	NA	NA	NA	NA	NA	NA	NA	NA	NA	NA	NA	NA	NA	NA	NA	NA	NA	NA	NA	NA	NA	NA	NA	NA	NA	NA	NA	NA	NA
cg00379272	NA	NA	NA	NA	NA	NA	NA	NA	NA	NA	NA	NA	NA	NA	NA	NA	NA	NA	NA	NA	NA	NA	NA	NA	NA	NA	NA	NA	NA	NA	NA	NA	NA	NA	NA	NA	NA	NA	NA	NA	NA	NA	NA	NA	NA	NA	NA	NA	NA	NA	NA	NA	NA	NA	NA	NA	NA	NA	NA	NA	NA	NA	NA	NA	NA	NA
cg00410323	NA	NA	NA	NA	NA	NA	NA	NA	NA	NA	NA	NA	NA	NA	NA	NA	NA	NA	NA	NA	NA	NA	NA	NA	NA	NA	NA	NA	NA	NA	NA	NA	NA	NA	NA	NA	NA	NA	NA	NA	NA	NA	NA	NA	NA	NA	NA	NA	NA	NA	NA	NA	NA	NA	NA	NA	NA	NA	NA	NA	NA	NA	NA	NA	NA	NA
cg00422716	NA	NA	NA	NA	NA	NA	NA	NA	NA	NA	NA	NA	NA	NA	NA	NA	NA	NA	NA	NA	NA	NA	NA	NA	NA	NA	NA	NA	NA	NA	NA	NA	NA	NA	NA	NA	NA	NA	NA	NA	NA	NA	NA	NA	NA	NA	NA	NA	NA	NA	NA	NA	NA	NA	NA	NA	NA	NA	NA	NA	NA	NA	NA	NA	NA	NA
cg00440702	NA	NA	NA	NA	NA	NA	NA	NA	NA	NA	NA	NA	NA	NA	NA	NA	NA	NA	NA	NA	NA	NA	NA	NA	NA	NA	NA	NA	NA	NA	NA	NA	NA	NA	NA	NA	NA	NA	NA	NA	NA	NA	NA	NA	NA	NA	NA	NA	NA	NA	NA	NA	NA	NA	NA	NA	NA	NA	NA	NA	NA	NA	NA	NA	NA	NA
cg00480643	NA	NA	NA	NA	NA	NA	NA	NA	NA	NA	NA	NA	NA	NA	NA	NA	NA	NA	NA	NA	NA	NA	NA	NA	NA	NA	NA	NA	NA	NA	NA	NA	NA	NA	NA	NA	NA	NA	NA	NA	NA	NA	NA	NA	NA	NA	NA	NA	NA	NA	NA	NA	NA	NA	NA	NA	NA	NA	NA	NA	NA	NA	NA	NA	NA	NA
cg00489467	0.936375290229801	0.967106134981818	0.946076183433947	0.94593015557056	0.953691700998967	0.953529242720017	0.969498398436893	0.949226567280403	0.963492709726081	0.960448384495769	0.956432552562974	0.956897582378753	0.956361134345891	0.949354150761271	0.96102091246126	0.959989884107583	0.949628700709479	0.959841468748669	0.963285480314711	0.961690180591537	0.965911137607712	0.952135221617606	0.952922616302249	0.951881422682978	0.952248975684917	0.952506759102909	0.957594060448675	0.953785402716796	0.972493975944769	0.755060076973856	0.962627592959992	0.948285880534918	0.964014566807352	0.948144895305196	0.965430230040639	0.960316827430179	0.96004432173542	0.938750310020513	0.956121218755851	0.62408647423406	0.959123189248702	0.937117821743685	0.919359768534651	0.948609256946459	0.935349069393999	0.965983455717893	0.946661500794776	0.955800200685269	0.953202001500813	0.960459518564008	0.951215162183293	0.956604707632273	0.969081536647419	0.959222629750221	0.957666505709112	0.945229775788101	0.919556703707936	0.961744870735203	0.973304902787261	0.963942413708588	0.956315017817195	0.951398233768554	0.958346415779424	0.954641558621725	0.951858753273581	0.957006973875424
cg00502041	NA	NA	NA	NA	NA	NA	NA	NA	NA	NA	NA	NA	NA	NA	NA	NA	NA	NA	NA	NA	NA	NA	NA	NA	NA	NA	NA	NA	NA	NA	NA	NA	NA	NA	NA	NA	NA	NA	NA	NA	NA	NA	NA	NA	NA	NA	NA	NA	NA	NA	NA	NA	NA	NA	NA	NA	NA	NA	NA	NA	NA	NA	NA	NA	NA	NA
cg00506859	NA	NA	NA	NA	NA	NA	NA	NA	NA	NA	NA	NA	NA	NA	NA	NA	NA	NA	NA	NA	NA	NA	NA	NA	NA	NA	NA	NA	NA	NA	NA	NA	NA	NA	NA	NA	NA	NA	NA	NA	NA	NA	NA	NA	NA	NA	NA	NA	NA	NA	NA	NA	NA	NA	NA	NA	NA	NA	NA	NA	NA	NA	NA	NA	NA	NA
cg00516867	0.610115692752854	0.927015739001159	0.940298584567664	0.927759776882452	0.93727941410676	0.654960366946064	0.928627963167509	0.948296253244086	0.889121273372526	0.647339615411114	0.927254065395475	0.930473608941197	0.580533742745776	0.896619854142032	0.926657711276963	0.894797766149545	0.922539625978713	0.910234886905217	0.932110267678704	0.781694565236537	0.936359211049217	0.922602402992814	0.616273182235505	0.712527038058062	0.942713328782571	0.619747242855161	0.919475085694725	0.914223773419989	0.817649425921808	0.934537426616804	0.955597624787238	0.940592526242845	0.582979986154622	0.902669902332823	0.940484824071949	0.947569068447638	0.894414397744499	0.918164590586498	0.455967718089661	0.931829301616803	0.610497427822537	0.624678477884125	0.931603557671109	0.744881780083576	0.92229439255623	0.951276526988115	0.903818175304909	0.935128069001854	0.170316134103184	0.907019154914587	0.90526016977952	0.74507284225187	0.541189765277495	0.725990820463573	0.665620933879434	0.942340980613662	0.939244964605604	0.938201243469694	0.914273648002698	0.627900886532268	0.885201881489106	0.945585589944224	0.620592780318141	0.611374644840473	0.837421580110544	0.828001370172832
cg00531054	NA	NA	NA	NA	NA	NA	NA	NA	NA	NA	NA	NA	NA	NA	NA	NA	NA	NA	NA	NA	NA	NA	NA	NA	NA	NA	NA	NA	NA	NA	NA	NA	NA	NA	NA	NA	NA	NA	NA	NA	NA	NA	NA	NA	NA	NA	NA	NA	NA	NA	NA	NA	NA	NA	NA	NA	NA	NA	NA	NA	NA	NA	NA	NA	NA	NA
cg00552235	NA	NA	NA	NA	NA	NA	NA	NA	NA	NA	NA	NA	NA	NA	NA	NA	NA	NA	NA	NA	NA	NA	NA	NA	NA	NA	NA	NA	NA	NA	NA	NA	NA	NA	NA	NA	NA	NA	NA	NA	NA	NA	NA	NA	NA	NA	NA	NA	NA	NA	NA	NA	NA	NA	NA	NA	NA	NA	NA	NA	NA	NA	NA	NA	NA	NA
cg00589791	NA	NA	NA	NA	NA	NA	NA	NA	NA	NA	NA	NA	NA	NA	NA	NA	NA	NA	NA	NA	NA	NA	NA	NA	NA	NA	NA	NA	NA	NA	NA	NA	NA	NA	NA	NA	NA	NA	NA	NA	NA	NA	NA	NA	NA	NA	NA	NA	NA	NA	NA	NA	NA	NA	NA	NA	NA	NA	NA	NA	NA	NA	NA	NA	NA	NA
cg00591353	0.911449181972594	0.93700399931814	0.92707435143792	0.939872004396453	0.910378718248279	0.909830705281117	0.928045326183243	0.948912121712074	0.906010775532583	0.926577553051792	0.913578713119758	0.913805889524217	0.929093343620785	0.896968287990086	0.917750913748606	0.915245610202107	0.91689750811565	0.922251536836854	0.925822489976448	0.9069271626283	0.92376993366763	0.920336434227896	0.937393505058926	0.940252855859807	0.922179326276301	0.913840227502297	0.911675455047588	0.886766016749239	0.962286250500863	0.922542743002361	0.91445485281129	0.926592528578446	0.912024810871557	0.923356812128417	0.910902694948233	0.922047279090217	0.948124054987397	0.904847654598807	0.902388242617649	0.89196647025374	0.909555148218853	0.942954465983375	0.910328085046491	0.905368741565063	0.887823397093291	0.935904448981603	0.925803112588255	0.959368211867414	0.949322743393819	0.930044056012865	0.922099936725503	0.910078740672527	0.934267678977969	0.919103813492683	0.903960294175423	0.918424959539584	0.911882588687401	0.920893404939872	0.880154165199728	0.946138738661595	0.929815974009813	0.951195412093062	0.904968491947911	0.938553191029357	0.904602094231884	0.94473228674537
cg00594488	NA	NA	NA	NA	NA	NA	NA	NA	NA	NA	NA	NA	NA	NA	NA	NA	NA	NA	NA	NA	NA	NA	NA	NA	NA	NA	NA	NA	NA	NA	NA	NA	NA	NA	NA	NA	NA	NA	NA	NA	NA	NA	NA	NA	NA	NA	NA	NA	NA	NA	NA	NA	NA	NA	NA	NA	NA	NA	NA	NA	NA	NA	NA	NA	NA	NA
cg00687674	0.128874580564613	0.101082149213651	0.0459192381014636	0.0581156452482137	0.184221946664105	0.109103213376095	0.096982104289563	0.108910598120366	0.171825711696102	0.0851221351417426	0.0788650582407125	0.268899648985272	0.0829039745691343	0.113621817820546	0.0522530147802084	0.0769154426172468	0.120250354939574	0.11554385739735	0.0816507838609933	0.395482186602924	0.0528163151131288	0.104052699534127	0.152985562033738	0.0763907085695089	0.0912831843585798	0.0430706993168562	0.144614930508793	0.366164303305041	0.146829045502577	0.074246957515977	0.0701649620286447	0.083972271638323	0.0783958903437113	0.124963372513251	0.0839480355258367	0.0798208075080868	0.16219192451587	0.0461118092407417	0.340323181062822	0.190659390346932	0.0570311543209311	0.125618513443009	0.0930468636255291	0.0636809664291758	0.109616566406202	0.034091372614084	0.0495617159165053	0.0510816974646692	0.0729559104863666	0.0826224820976317	0.170900478676003	0.162150242045875	0.0452308844069283	0.0611800983186287	0.120053166268541	0.342031975054562	0.918007893221001	0.054143119505738	0.0975541928801351	0.170280304171919	0.263336562987825	0.0635399268341875	0.162387448171281	0.0553163272978094	0.224288507218333	0.0752290762670466
cg00702369	NA	NA	NA	NA	NA	NA	NA	NA	NA	NA	NA	NA	NA	NA	NA	NA	NA	NA	NA	NA	NA	NA	NA	NA	NA	NA	NA	NA	NA	NA	NA	NA	NA	NA	NA	NA	NA	NA	NA	NA	NA	NA	NA	NA	NA	NA	NA	NA	NA	NA	NA	NA	NA	NA	NA	NA	NA	NA	NA	NA	NA	NA	NA	NA	NA	NA
cg00727386	NA	NA	NA	NA	NA	NA	NA	NA	NA	NA	NA	NA	NA	NA	NA	NA	NA	NA	NA	NA	NA	NA	NA	NA	NA	NA	NA	NA	NA	NA	NA	NA	NA	NA	NA	NA	NA	NA	NA	NA	NA	NA	NA	NA	NA	NA	NA	NA	NA	NA	NA	NA	NA	NA	NA	NA	NA	NA	NA	NA	NA	NA	NA	NA	NA	NA
cg00738299	NA	NA	NA	NA	NA	NA	NA	NA	NA	NA	NA	NA	NA	NA	NA	NA	NA	NA	NA	NA	NA	NA	NA	NA	NA	NA	NA	NA	NA	NA	NA	NA	NA	NA	NA	NA	NA	NA	NA	NA	NA	NA	NA	NA	NA	NA	NA	NA	NA	NA	NA	NA	NA	NA	NA	NA	NA	NA	NA	NA	NA	NA	NA	NA	NA	NA
cg00795247	NA	NA	NA	NA	NA	NA	NA	NA	NA	NA	NA	NA	NA	NA	NA	NA	NA	NA	NA	NA	NA	NA	NA	NA	NA	NA	NA	NA	NA	NA	NA	NA	NA	NA	NA	NA	NA	NA	NA	NA	NA	NA	NA	NA	NA	NA	NA	NA	NA	NA	NA	NA	NA	NA	NA	NA	NA	NA	NA	NA	NA	NA	NA	NA	NA	NA
cg00795885	NA	NA	NA	NA	NA	NA	NA	NA	NA	NA	NA	NA	NA	NA	NA	NA	NA	NA	NA	NA	NA	NA	NA	NA	NA	NA	NA	NA	NA	NA	NA	NA	NA	NA	NA	NA	NA	NA	NA	NA	NA	NA	NA	NA	NA	NA	NA	NA	NA	NA	NA	NA	NA	NA	NA	NA	NA	NA	NA	NA	NA	NA	NA	NA	NA	NA
cg00809453	NA	NA	NA	NA	NA	NA	NA	NA	NA	NA	NA	NA	NA	NA	NA	NA	NA	NA	NA	NA	NA	NA	NA	NA	NA	NA	NA	NA	NA	NA	NA	NA	NA	NA	NA	NA	NA	NA	NA	NA	NA	NA	NA	NA	NA	NA	NA	NA	NA	NA	NA	NA	NA	NA	NA	NA	NA	NA	NA	NA	NA	NA	NA	NA	NA	NA
cg00812839	NA	NA	NA	NA	NA	NA	NA	NA	NA	NA	NA	NA	NA	NA	NA	NA	NA	NA	NA	NA	NA	NA	NA	NA	NA	NA	NA	NA	NA	NA	NA	NA	NA	NA	NA	NA	NA	NA	NA	NA	NA	NA	NA	NA	NA	NA	NA	NA	NA	NA	NA	NA	NA	NA	NA	NA	NA	NA	NA	NA	NA	NA	NA	NA	NA	NA
cg00834234	NA	NA	NA	NA	NA	NA	NA	NA	NA	NA	NA	NA	NA	NA	NA	NA	NA	NA	NA	NA	NA	NA	NA	NA	NA	NA	NA	NA	NA	NA	NA	NA	NA	NA	NA	NA	NA	NA	NA	NA	NA	NA	NA	NA	NA	NA	NA	NA	NA	NA	NA	NA	NA	NA	NA	NA	NA	NA	NA	NA	NA	NA	NA	NA	NA	NA
cg00850868	NA	NA	NA	NA	NA	NA	NA	NA	NA	NA	NA	NA	NA	NA	NA	NA	NA	NA	NA	NA	NA	NA	NA	NA	NA	NA	NA	NA	NA	NA	NA	NA	NA	NA	NA	NA	NA	NA	NA	NA	NA	NA	NA	NA	NA	NA	NA	NA	NA	NA	NA	NA	NA	NA	NA	NA	NA	NA	NA	NA	NA	NA	NA	NA	NA	NA
cg00894142	NA	NA	NA	NA	NA	NA	NA	NA	NA	NA	NA	NA	NA	NA	NA	NA	NA	NA	NA	NA	NA	NA	NA	NA	NA	NA	NA	NA	NA	NA	NA	NA	NA	NA	NA	NA	NA	NA	NA	NA	NA	NA	NA	NA	NA	NA	NA	NA	NA	NA	NA	NA	NA	NA	NA	NA	NA	NA	NA	NA	NA	NA	NA	NA	NA	NA
cg00919576	NA	NA	NA	NA	NA	NA	NA	NA	NA	NA	NA	NA	NA	NA	NA	NA	NA	NA	NA	NA	NA	NA	NA	NA	NA	NA	NA	NA	NA	NA	NA	NA	NA	NA	NA	NA	NA	NA	NA	NA	NA	NA	NA	NA	NA	NA	NA	NA	NA	NA	NA	NA	NA	NA	NA	NA	NA	NA	NA	NA	NA	NA	NA	NA	NA	NA
cg00954931	NA	NA	NA	NA	NA	NA	NA	NA	NA	NA	NA	NA	NA	NA	NA	NA	NA	NA	NA	NA	NA	NA	NA	NA	NA	NA	NA	NA	NA	NA	NA	NA	NA	NA	NA	NA	NA	NA	NA	NA	NA	NA	NA	NA	NA	NA	NA	NA	NA	NA	NA	NA	NA	NA	NA	NA	NA	NA	NA	NA	NA	NA	NA	NA	NA	NA
cg01000036	NA	NA	NA	NA	NA	NA	NA	NA	NA	NA	NA	NA	NA	NA	NA	NA	NA	NA	NA	NA	NA	NA	NA	NA	NA	NA	NA	NA	NA	NA	NA	NA	NA	NA	NA	NA	NA	NA	NA	NA	NA	NA	NA	NA	NA	NA	NA	NA	NA	NA	NA	NA	NA	NA	NA	NA	NA	NA	NA	NA	NA	NA	NA	NA	NA	NA
cg01009068	0.941717332288747	0.950918257111007	0.936128445637689	0.950557630194805	0.938273761403216	0.944763515387286	0.933926563137169	0.927679380925469	0.925319167745165	0.920648916096812	0.952112361724326	0.957595908418422	0.925532411302652	0.939646235016134	0.939574113964017	0.925826718326143	0.935752418923918	0.948556322010502	0.926396151962096	0.817214476486396	0.915632436640177	0.896328231864196	0.946141923184566	0.904864654380834	0.946741780857059	0.936774699566941	0.95214016823605	0.948936290509015	0.905231707584497	0.928998339994527	0.941887349991295	0.933075505078503	0.94249752122113	0.934388451287632	0.946741804831837	0.942673375475943	0.949560152731701	0.915004276087826	0.939538161814659	0.948346058180868	0.91678724225434	0.953409969421546	NA	0.945706786534203	0.927547582369557	0.272447350905521	0.922983665108418	0.941177978182898	0.934651946815578	0.929734684845424	0.941952268480959	0.936367397990308	0.913165251304631	0.929874208141193	0.938308402889388	0.927011913406298	0.94568964495094	0.92586975211074	0.930112361281793	0.949803894903447	0.916506255711764	0.928736738094239	0.922890932590011	0.913459295078866	0.948573885307268	0.929194239221943
cg01049884	0.974988694562779	0.94224861952553	0.972934052963141	0.979061834325361	0.921050164055697	0.970852582549238	0.974079193473786	0.957079818167332	0.978245048615712	0.958175427572961	0.973089190408128	0.984485829836997	0.968007564786741	0.974502660415607	0.97575681584799	0.974026448852735	0.977076911297229	0.9375093610171	0.971701587220331	0.983358644291418	0.979573841023696	0.976573031499691	0.98195665514075	0.968156968032772	0.978916848073773	0.935256929200625	0.980651631682696	0.941885649677048	0.97448150903547	0.975015214546674	0.970354315814536	0.978232019755119	0.976897691039466	0.974497076798175	0.973859857777522	0.96699237002515	0.972610626145422	0.976680751512201	0.981269444880127	0.982837576105085	0.962885164960503	0.96453213078315	0.970152674383171	0.938603347133232	0.956537491839071	0.948722243521491	0.950302913450298	0.977993866153668	0.982311280944388	0.978991715297944	0.97693629003057	0.921341352509875	0.971110396032667	0.969156101884451	0.977808825946899	0.97892265421973	0.976900015968935	0.98303474343423	0.979426709096583	0.973532085501232	0.973837473536107	0.963801811015038	0.943366198770776	0.969872173218645	0.973717222888799	0.980889833545891
cg01052572	NA	NA	NA	NA	NA	NA	NA	NA	NA	NA	NA	NA	NA	NA	NA	NA	NA	NA	NA	NA	NA	NA	NA	NA	NA	NA	NA	NA	NA	NA	NA	NA	NA	NA	NA	NA	NA	NA	NA	NA	NA	NA	NA	NA	NA	NA	NA	NA	NA	NA	NA	NA	NA	NA	NA	NA	NA	NA	NA	NA	NA	NA	NA	NA	NA	NA
cg01080483	NA	NA	NA	NA	NA	NA	NA	NA	NA	NA	NA	NA	NA	NA	NA	NA	NA	NA	NA	NA	NA	NA	NA	NA	NA	NA	NA	NA	NA	NA	NA	NA	NA	NA	NA	NA	NA	NA	NA	NA	NA	NA	NA	NA	NA	NA	NA	NA	NA	NA	NA	NA	NA	NA	NA	NA	NA	NA	NA	NA	NA	NA	NA	NA	NA	NA
cg01132485	0.834604164456195	0.910690793145518	0.922561378511102	0.847852468782393	0.841332124472788	0.911707257262789	0.864798453268027	0.873035650771018	0.884328488830703	0.904422862346354	0.8607159343707	0.91550672522652	0.839451269727349	0.910983601882837	0.889773144125513	0.903033224368622	0.865093393276027	0.886088532614137	0.88665829481032	0.890063437835481	0.833181928188728	0.86443036416357	0.512527597234004	0.891595519815538	0.4581619856716	0.922413441291308	0.68886339874851	0.647587942272926	0.854492382596622	0.908089786052459	0.899759262686606	0.738547105476524	0.913060025474424	0.905798130796056	0.900438713522437	0.874491224787789	0.749072290941745	0.538556550570349	0.522950564305342	0.872537898258045	0.906379006615274	0.936011374490637	0.533016901411335	0.887359046318865	0.902076496556101	0.584232986119392	0.883732639274493	0.914839044801928	0.855622188009036	0.893223705230653	0.920544511454269	0.907018348177568	0.895889720955612	0.90307777547785	0.922299067074169	0.919083542517374	0.899332537556747	0.897125307373295	0.897432491259104	0.746696699773613	0.853218535944806	0.874664112563221	0.910611148751426	0.896143228333523	0.901856650418115	0.885512368608368
cg01135961	NA	NA	NA	NA	NA	NA	NA	NA	NA	NA	NA	NA	NA	NA	NA	NA	NA	NA	NA	NA	NA	NA	NA	NA	NA	NA	NA	NA	NA	NA	NA	NA	NA	NA	NA	NA	NA	NA	NA	NA	NA	NA	NA	NA	NA	NA	NA	NA	NA	NA	NA	NA	NA	NA	NA	NA	NA	NA	NA	NA	NA	NA	NA	NA	NA	NA
cg01137421	NA	NA	NA	NA	NA	NA	NA	NA	NA	NA	NA	NA	NA	NA	NA	NA	NA	NA	NA	NA	NA	NA	NA	NA	NA	NA	NA	NA	NA	NA	NA	NA	NA	NA	NA	NA	NA	NA	NA	NA	NA	NA	NA	NA	NA	NA	NA	NA	NA	NA	NA	NA	NA	NA	NA	NA	NA	NA	NA	NA	NA	NA	NA	NA	NA	NA
cg01154525	NA	NA	NA	NA	NA	NA	NA	NA	NA	NA	NA	NA	NA	NA	NA	NA	NA	NA	NA	NA	NA	NA	NA	NA	NA	NA	NA	NA	NA	NA	NA	NA	NA	NA	NA	NA	NA	NA	NA	NA	NA	NA	NA	NA	NA	NA	NA	NA	NA	NA	NA	NA	NA	NA	NA	NA	NA	NA	NA	NA	NA	NA	NA	NA	NA	NA
cg01163994	0.950908241509668	0.937118854874768	0.903950079325272	0.943723845489154	0.889715152638371	0.942901628075215	0.933873246962207	0.944852743076375	0.751786776604652	0.921309725783175	0.706805109376849	0.951448162303374	0.880063159220244	0.952928662014886	0.945571375254025	0.95584480589622	0.320132179874721	0.940411840836881	0.951255017555813	0.911865726145751	0.950657825532521	0.924854956534867	0.360006971853048	0.712924100219701	0.955798702506144	0.149215345092816	0.914715314447756	0.940295969559006	0.920196919663203	0.928934127420173	0.928053405365846	0.926569548586105	0.946238016800323	0.65703853928924	0.707588046131795	0.933733328861839	0.921749142570182	0.945011874819856	0.713033276714467	0.950056793100903	0.943034549270112	0.956469659453847	0.50669741350177	0.796995518163411	0.947422879302443	0.696917431204409	0.938616921171952	0.956190832712967	0.958107451960317	0.936593597367741	0.943789276372055	0.686301127131658	0.948286901542522	0.912629930454564	0.938415605756548	0.948082505956416	0.953317743019298	0.939975180251295	0.956256622535318	0.9201722407978	0.954064058811988	0.94120277264449	0.953333517158539	0.911170233259865	0.93384417958697	0.937496552737516
cg01204669	NA	NA	NA	NA	NA	NA	NA	NA	NA	NA	NA	NA	NA	NA	NA	NA	NA	NA	NA	NA	NA	NA	NA	NA	NA	NA	NA	NA	NA	NA	NA	NA	NA	NA	NA	NA	NA	NA	NA	NA	NA	NA	NA	NA	NA	NA	NA	NA	NA	NA	NA	NA	NA	NA	NA	NA	NA	NA	NA	NA	NA	NA	NA	NA	NA	NA
cg01206398	NA	NA	NA	NA	NA	NA	NA	NA	NA	NA	NA	NA	NA	NA	NA	NA	NA	NA	NA	NA	NA	NA	NA	NA	NA	NA	NA	NA	NA	NA	NA	NA	NA	NA	NA	NA	NA	NA	NA	NA	NA	NA	NA	NA	NA	NA	NA	NA	NA	NA	NA	NA	NA	NA	NA	NA	NA	NA	NA	NA	NA	NA	NA	NA	NA	NA
cg01230154	NA	NA	NA	NA	NA	NA	NA	NA	NA	NA	NA	NA	NA	NA	NA	NA	NA	NA	NA	NA	NA	NA	NA	NA	NA	NA	NA	NA	NA	NA	NA	NA	NA	NA	NA	NA	NA	NA	NA	NA	NA	NA	NA	NA	NA	NA	NA	NA	NA	NA	NA	NA	NA	NA	NA	NA	NA	NA	NA	NA	NA	NA	NA	NA	NA	NA
cg01231757	NA	NA	NA	NA	NA	NA	NA	NA	NA	NA	NA	NA	NA	NA	NA	NA	NA	NA	NA	NA	NA	NA	NA	NA	NA	NA	NA	NA	NA	NA	NA	NA	NA	NA	NA	NA	NA	NA	NA	NA	NA	NA	NA	NA	NA	NA	NA	NA	NA	NA	NA	NA	NA	NA	NA	NA	NA	NA	NA	NA	NA	NA	NA	NA	NA	NA
cg01251118	NA	NA	NA	NA	NA	NA	NA	NA	NA	NA	NA	NA	NA	NA	NA	NA	NA	NA	NA	NA	NA	NA	NA	NA	NA	NA	NA	NA	NA	NA	NA	NA	NA	NA	NA	NA	NA	NA	NA	NA	NA	NA	NA	NA	NA	NA	NA	NA	NA	NA	NA	NA	NA	NA	NA	NA	NA	NA	NA	NA	NA	NA	NA	NA	NA	NA
cg01331064	NA	NA	NA	NA	NA	NA	NA	NA	NA	NA	NA	NA	NA	NA	NA	NA	NA	NA	NA	NA	NA	NA	NA	NA	NA	NA	NA	NA	NA	NA	NA	NA	NA	NA	NA	NA	NA	NA	NA	NA	NA	NA	NA	NA	NA	NA	NA	NA	NA	NA	NA	NA	NA	NA	NA	NA	NA	NA	NA	NA	NA	NA	NA	NA	NA	NA
cg01352656	NA	0.0455617387135542	NA	NA	0.0480994386604033	0.919235239660285	0.0493761441696371	0.0455516858169116	0.0431406218119007	0.798583352870887	0.0244210431069037	0.0330510951504061	0.798219733704934	0.388770645780172	0.845307583564368	0.0487298528251481	0.0617012904609664	0.24129095629544	0.0619467585892651	0.365384270115367	0.0285286882801614	0.0460795271606412	0.0360094496803216	NA	0.0463255448672438	0.0288680218163784	0.0395045914200358	0.070402304971414	0.345735532527007	0.85663866736893	0.882831938660742	0.922413800874835	NA	0.041974478659071	0.837321627641344	0.0495788206882717	0.229452402444344	0.0307378557392149	0.0293868558063501	0.845252825630352	0.0326591411788941	NA	0.0326127872499224	0.846031886554933	0.582926515087765	0.0822315610810668	0.0334917699659965	NA	0.740971618824214	NA	0.0833852148438776	0.706473887846773	0.917327185466454	NA	0.0612314030024811	0.913611619222091	0.946689208910431	0.0243262811369396	NA	0.578973110746418	0.889448087099966	0.0363878131898441	NA	0.840473953796804	0.075643036899529	0.0342300405628156
cg01372572	0.36723162274613	0.429471084646409	0.776498309243508	0.362308594171817	0.577243165266687	0.658841248365738	0.761729324158398	0.668898073265671	0.674957642420419	0.47418410964611	0.653255664318552	0.636688976044668	0.350675867036037	0.666212347743468	0.20845981573354	0.615840462755629	0.738795265564126	0.564619884368043	0.734875625617289	0.757996983251676	0.381692495697731	0.70330012423405	0.250105319158113	0.561472896686721	0.626308924330659	0.626085173257513	0.531823664892817	0.511882345165912	0.7663664268711	0.747306465567256	0.419311349311782	0.505155941366851	0.715979314709909	0.383228001235986	0.726916668915256	0.657130855252397	0.310284280457288	0.485302425212244	0.730926392496467	0.615204798564686	0.782426467515763	0.721049368272116	0.215635906893211	0.530043861214339	0.593458590944919	0.55545961632943	0.444087053866556	0.815227697162568	0.477862672241052	0.40122514348408	0.746713927051633	0.594393222554117	0.462544663091169	0.416596947281731	0.731260716758157	0.674412864462936	0.74037552055836	0.64052756323815	0.70396812363722	0.576502762416216	0.697311202647196	0.781466205973715	0.461924537663011	0.534630325041494	0.454325080967554	0.395174810366191
cg01389383	NA	NA	NA	NA	NA	NA	NA	NA	NA	NA	NA	NA	NA	NA	NA	NA	NA	NA	NA	NA	NA	NA	NA	NA	NA	NA	NA	NA	NA	NA	NA	NA	NA	NA	NA	NA	NA	NA	NA	NA	NA	NA	NA	NA	NA	NA	NA	NA	NA	NA	NA	NA	NA	NA	NA	NA	NA	NA	NA	NA	NA	NA	NA	NA	NA	NA
cg01404122	0.931895567299269	0.639092805119848	0.551053787133489	0.86076037645774	0.937536106891879	0.942889608417539	0.937731799966417	0.600947624071974	0.944429825717668	0.590014921856479	0.938389768545109	0.93235664149286	0.898784136545226	0.900364806014373	0.89496765878148	0.935185757745065	0.938053102786514	0.898905874437499	0.568950593630948	0.366933598711084	0.835415668281255	0.910306351515957	0.37008909587447	0.864486807649837	0.924693813576897	0.946971807998248	0.933211124223423	0.884235597790673	0.932479271008661	0.930208599706816	0.955760500663402	0.946832164287594	0.962070456869866	0.91241768909655	0.9479446051461	0.944870899737311	0.729790549845875	0.942278117770677	0.356274713164601	0.919572656978902	0.877346546990671	0.940007100893004	0.372606679615796	0.239394825173408	0.585181106589366	0.94464647212763	0.924350487225904	0.937946631727392	0.944282050520502	0.217788175384344	0.420829047156466	0.950928862039016	0.953459539860494	0.924273942683439	0.774501955146753	0.154524670084712	0.929314579860688	0.936812170185627	0.951284597963018	0.726773676661997	0.471275898234513	0.954735919875798	0.960349903246731	0.951507262843886	0.854807961727146	0.57440098849724
cg01449444	NA	NA	NA	NA	NA	NA	NA	NA	NA	NA	NA	NA	NA	NA	NA	NA	NA	NA	NA	NA	NA	NA	NA	NA	NA	NA	NA	NA	NA	NA	NA	NA	NA	NA	NA	NA	NA	NA	NA	NA	NA	NA	NA	NA	NA	NA	NA	NA	NA	NA	NA	NA	NA	NA	NA	NA	NA	NA	NA	NA	NA	NA	NA	NA	NA	NA
cg01522278	NA	NA	NA	NA	NA	NA	NA	NA	NA	NA	NA	NA	NA	NA	NA	NA	NA	NA	NA	NA	NA	NA	NA	NA	NA	NA	NA	NA	NA	NA	NA	NA	NA	NA	NA	NA	NA	NA	NA	NA	NA	NA	NA	NA	NA	NA	NA	NA	NA	NA	NA	NA	NA	NA	NA	NA	NA	NA	NA	NA	NA	NA	NA	NA	NA	NA
cg01579172	NA	NA	NA	NA	NA	NA	NA	NA	NA	NA	NA	NA	NA	NA	NA	NA	NA	NA	NA	NA	NA	NA	NA	NA	NA	NA	NA	NA	NA	NA	NA	NA	NA	NA	NA	NA	NA	NA	NA	NA	NA	NA	NA	NA	NA	NA	NA	NA	NA	NA	NA	NA	NA	NA	NA	NA	NA	NA	NA	NA	NA	NA	NA	NA	NA	NA
cg01637519	NA	NA	NA	NA	NA	NA	NA	NA	NA	NA	NA	NA	NA	NA	NA	NA	NA	NA	NA	NA	NA	NA	NA	NA	NA	NA	NA	NA	NA	NA	NA	NA	NA	NA	NA	NA	NA	NA	NA	NA	NA	NA	NA	NA	NA	NA	NA	NA	NA	NA	NA	NA	NA	NA	NA	NA	NA	NA	NA	NA	NA	NA	NA	NA	NA	NA
cg01638082	NA	NA	NA	NA	NA	NA	NA	NA	NA	NA	NA	NA	NA	NA	NA	NA	NA	NA	NA	NA	NA	NA	NA	NA	NA	NA	NA	NA	NA	NA	NA	NA	NA	NA	NA	NA	NA	NA	NA	NA	NA	NA	NA	NA	NA	NA	NA	NA	NA	NA	NA	NA	NA	NA	NA	NA	NA	NA	NA	NA	NA	NA	NA	NA	NA	NA
cg01644640	0.917608501988396	0.705581532572238	0.931635129426189	0.938629912778915	0.864185983930704	0.639202654878671	0.203823247100196	0.362640825714266	0.817309904398675	0.931744466208762	0.929474881225227	0.917619695358794	0.914079359965771	0.904017902705777	0.914329154068921	0.914066152379318	0.26295682971031	0.913837102093714	0.916933463676039	0.37155217092301	0.905815489566722	0.895198745398625	0.537024317835325	0.919630135094538	0.906534403528403	0.944200075216307	0.928375467454843	0.884062858430709	0.499940253835318	0.92048099911554	0.927816843702868	0.9159727338342	0.931611001094078	0.908225955241687	0.925262465276334	NA	0.862054601079042	0.929685621242056	0.484886015820541	0.396298297068202	0.925724791121258	0.411807859337989	0.172986654328143	0.73550720529232	0.930870226476655	0.177670203465096	0.921743091798813	0.929427264030306	0.267186565843405	0.175386405338045	0.92933608494985	0.92609564192151	0.916452693659604	0.93697578229279	0.937438289990739	0.89988541958803	0.226535978083824	0.904218353890394	0.900609588504913	0.900770941353814	0.908710667052992	0.924700402194404	0.169423951399157	0.213776121628147	0.874850627621725	0.904998808135812
cg01659483	NA	NA	NA	NA	NA	NA	NA	NA	NA	NA	NA	NA	NA	NA	NA	NA	NA	NA	NA	NA	NA	NA	NA	NA	NA	NA	NA	NA	NA	NA	NA	NA	NA	NA	NA	NA	NA	NA	NA	NA	NA	NA	NA	NA	NA	NA	NA	NA	NA	NA	NA	NA	NA	NA	NA	NA	NA	NA	NA	NA	NA	NA	NA	NA	NA	NA
cg01711850	NA	NA	NA	NA	NA	NA	NA	NA	NA	NA	NA	NA	NA	NA	NA	NA	NA	NA	NA	NA	NA	NA	NA	NA	NA	NA	NA	NA	NA	NA	NA	NA	NA	NA	NA	NA	NA	NA	NA	NA	NA	NA	NA	NA	NA	NA	NA	NA	NA	NA	NA	NA	NA	NA	NA	NA	NA	NA	NA	NA	NA	NA	NA	NA	NA	NA
cg01729288	NA	NA	NA	NA	NA	NA	NA	NA	NA	NA	NA	NA	NA	NA	NA	NA	NA	NA	NA	NA	NA	NA	NA	NA	NA	NA	NA	NA	NA	NA	NA	NA	NA	NA	NA	NA	NA	NA	NA	NA	NA	NA	NA	NA	NA	NA	NA	NA	NA	NA	NA	NA	NA	NA	NA	NA	NA	NA	NA	NA	NA	NA	NA	NA	NA	NA
cg01735082	0.184291573925851	0.140848329172332	0.947144654488907	0.107849410247558	0.236996120647821	0.525315796741606	0.186945128796588	0.232426657975572	0.20778066955501	0.152847409703795	0.0543822325646219	0.753481075620445	0.101195645969678	0.314962742599375	0.0754217921719099	0.272939436131049	0.274114357267558	0.863464418771414	0.252831432300219	0.393737934576672	0.16491665288743	0.265881442332297	0.286572054785904	0.260239932177938	0.837581715817761	0.91244213507948	0.384409027410633	0.383412183478429	0.337258660988718	0.200344209571354	0.908296780579773	0.116510502443648	0.0943866697700821	0.294436952489016	0.833997945611486	0.930967303820943	0.114454992247249	0.118703735553174	0.332010043976884	0.19426097185117	0.149868361062638	0.190226940586449	0.695518568592336	0.200571162030362	0.311740587192595	0.0905748254915074	0.15505949121169	0.116026188202335	0.213072374661726	0.136361640815195	0.46523692340256	0.33821490585357	0.0682962738269178	0.918181897369082	0.647819618316185	0.110603273791981	0.174917940734929	0.076677722809467	0.1699882967288	0.283555652753152	0.0946427516826421	0.177639756103105	0.107424666727916	0.877944862815419	0.378712405325651	0.224462373374506
cg01774400	NA	NA	NA	NA	NA	NA	NA	NA	NA	NA	NA	NA	NA	NA	NA	NA	NA	NA	NA	NA	NA	NA	NA	NA	NA	NA	NA	NA	NA	NA	NA	NA	NA	NA	NA	NA	NA	NA	NA	NA	NA	NA	NA	NA	NA	NA	NA	NA	NA	NA	NA	NA	NA	NA	NA	NA	NA	NA	NA	NA	NA	NA	NA	NA	NA	NA
cg01776221	NA	NA	NA	NA	NA	NA	NA	NA	NA	NA	NA	NA	NA	NA	NA	NA	NA	NA	NA	NA	NA	NA	NA	NA	NA	NA	NA	NA	NA	NA	NA	NA	NA	NA	NA	NA	NA	NA	NA	NA	NA	NA	NA	NA	NA	NA	NA	NA	NA	NA	NA	NA	NA	NA	NA	NA	NA	NA	NA	NA	NA	NA	NA	NA	NA	NA
cg01796929	0.922871265035959	0.945558960400103	0.943775150438442	0.745334661939394	0.942858832078314	0.712367984981984	0.947230382320668	0.943595740618466	0.918620279472254	0.929496211263309	0.944918784172157	0.940894219110746	0.923637345600904	0.951120621676842	0.847543416523976	0.936545761802945	0.917406348344623	0.895399546919934	0.943166817159235	0.41632521886009	0.952320771981242	0.898794965346138	0.777671112576428	0.914368979395611	0.942989909756704	0.929254545367974	0.93670429437695	0.849595941702875	0.908946259612277	0.920673669154745	0.940223513046268	0.929266391992224	0.949057790157855	0.937788440553925	0.937360060745009	0.94161420401471	0.89855460010943	0.913775717766122	0.4219742659731	0.318495991564093	0.948710513112633	0.950457025481052	0.68367714653038	0.937994782180968	0.93958628313589	0.923317068193601	0.919047173540766	0.945046255596389	0.933692783073453	0.941525345116303	0.912624668394656	0.911671920101045	0.934028004716526	0.942425780216331	0.9555414191413	0.928928046068863	0.948066613798389	0.93977911919977	0.934289129150224	0.924756547855167	0.904318638579703	0.529695611466619	0.94141837705734	0.706061101682195	0.90773061433568	0.952765761653264
cg01834373	NA	NA	NA	NA	NA	NA	NA	NA	NA	NA	NA	NA	NA	NA	NA	NA	NA	NA	NA	NA	NA	NA	NA	NA	NA	NA	NA	NA	NA	NA	NA	NA	NA	NA	NA	NA	NA	NA	NA	NA	NA	NA	NA	NA	NA	NA	NA	NA	NA	NA	NA	NA	NA	NA	NA	NA	NA	NA	NA	NA	NA	NA	NA	NA	NA	NA
cg01836858	NA	NA	NA	NA	NA	NA	NA	NA	NA	NA	NA	NA	NA	NA	NA	NA	NA	NA	NA	NA	NA	NA	NA	NA	NA	NA	NA	NA	NA	NA	NA	NA	NA	NA	NA	NA	NA	NA	NA	NA	NA	NA	NA	NA	NA	NA	NA	NA	NA	NA	NA	NA	NA	NA	NA	NA	NA	NA	NA	NA	NA	NA	NA	NA	NA	NA
cg01837661	NA	NA	NA	NA	NA	NA	NA	NA	NA	NA	NA	NA	NA	NA	NA	NA	NA	NA	NA	NA	NA	NA	NA	NA	NA	NA	NA	NA	NA	NA	NA	NA	NA	NA	NA	NA	NA	NA	NA	NA	NA	NA	NA	NA	NA	NA	NA	NA	NA	NA	NA	NA	NA	NA	NA	NA	NA	NA	NA	NA	NA	NA	NA	NA	NA	NA
cg01864295	NA	NA	NA	NA	NA	NA	NA	NA	NA	NA	NA	NA	NA	NA	NA	NA	NA	NA	NA	NA	NA	NA	NA	NA	NA	NA	NA	NA	NA	NA	NA	NA	NA	NA	NA	NA	NA	NA	NA	NA	NA	NA	NA	NA	NA	NA	NA	NA	NA	NA	NA	NA	NA	NA	NA	NA	NA	NA	NA	NA	NA	NA	NA	NA	NA	NA
cg01905090	0.850345299881036	0.834180229211265	0.916725663984209	0.906359867133572	0.854733982658057	0.811789239625959	0.903439271550462	0.847339821639274	0.854163264953054	0.27022077327022	0.895356602246349	0.835116373772015	0.878348928624181	0.831471053929654	0.176466779196328	0.845446431749318	0.845808866478275	0.75278089953456	0.861220227123641	0.712089197574977	0.849886127955107	0.825193907558601	0.849731709291102	0.882212132156413	0.873511417610922	0.905696247968862	0.774009469685947	0.826000668519804	0.664479184833823	0.85254682806215	0.886449593556008	0.572182327432184	0.915629931866285	0.849604224006676	0.877685476286917	0.901560858897873	0.835782688252367	0.912626495503295	0.438073506963354	0.818744179974896	0.830307925448069	0.806689469633143	0.626485277933442	0.919351024932952	0.349199283125521	0.948068588499471	0.952563636519987	0.883387376538707	0.903320768868367	0.232685472678444	0.76852588773563	0.876130484093529	0.929949345515973	0.911039942206167	0.836361199880032	0.89345771730957	0.88920843235876	0.937053659788085	0.856362305310386	0.769393124041829	0.924260291919113	0.925366982158855	0.898631387623332	0.927341887967426	0.67067156313594	0.86825077210375
cg01909681	0.893734808482601	0.862165077918555	NA	0.883121825023114	0.899382464831537	0.871882643902904	0.916360173427246	NA	0.843718374909467	0.883121333102821	0.86692188252218	0.908910352856537	NA	0.896268414001006	0.887212412579863	0.872206244496215	0.90989042523303	0.887370115914953	0.897458126106238	NA	NA	NA	0.349430387167159	NA	NA	0.160049336873699	0.88578539438651	0.903136821555077	NA	0.909481687524053	0.839458066680381	NA	0.911523778162719	0.875347231196929	0.921468077873917	0.910449158163774	NA	0.203971644725483	0.43774173723155	0.905917031656306	0.906230291811694	NA	NA	NA	0.879097632498219	0.898675190750598	0.881830747362645	NA	NA	NA	0.895526123513702	0.913614522959329	0.883742333837159	NA	0.894145581122367	NA	0.903254018861743	0.881838026895426	NA	0.742675451973354	NA	0.85349706361402	NA	NA	0.871390030880187	NA
cg01968676	NA	NA	NA	NA	NA	NA	NA	NA	NA	NA	NA	NA	NA	NA	NA	NA	NA	NA	NA	NA	NA	NA	NA	NA	NA	NA	NA	NA	NA	NA	NA	NA	NA	NA	NA	NA	NA	NA	NA	NA	NA	NA	NA	NA	NA	NA	NA	NA	NA	NA	NA	NA	NA	NA	NA	NA	NA	NA	NA	NA	NA	NA	NA	NA	NA	NA
cg01970937	NA	NA	NA	NA	NA	NA	NA	NA	NA	NA	NA	NA	NA	NA	NA	NA	NA	NA	NA	NA	NA	NA	NA	NA	NA	NA	NA	NA	NA	NA	NA	NA	NA	NA	NA	NA	NA	NA	NA	NA	NA	NA	NA	NA	NA	NA	NA	NA	NA	NA	NA	NA	NA	NA	NA	NA	NA	NA	NA	NA	NA	NA	NA	NA	NA	NA
cg02022978	NA	NA	NA	NA	NA	NA	NA	NA	NA	NA	NA	NA	NA	NA	NA	NA	NA	NA	NA	NA	NA	NA	NA	NA	NA	NA	NA	NA	NA	NA	NA	NA	NA	NA	NA	NA	NA	NA	NA	NA	NA	NA	NA	NA	NA	NA	NA	NA	NA	NA	NA	NA	NA	NA	NA	NA	NA	NA	NA	NA	NA	NA	NA	NA	NA	NA
cg02032334	0.601728531205471	0.43734309404468	0.0811590333015102	0.630408372881079	0.767359278586205	0.166959690867753	0.832369934614425	0.805814106046011	0.526174655718349	0.107186026549367	0.0496711059296101	0.132913203849572	0.11999993713417	0.142679534923997	0.0811880057371706	0.74202302902452	0.154509758422563	0.783360431421428	0.89203724918333	0.0861049572361764	0.675609079599443	0.640545681238041	0.114968946383811	0.747650881468832	0.796449037530142	0.0743131048660633	0.352381811756116	0.418193190127287	0.345755508652672	0.772820073279167	0.113099317526352	0.857224114284582	0.075833306831968	0.657330186860134	0.11209507744237	0.0986174012944339	0.0854929097979757	0.8250421499913	0.163316255980696	0.782572965519106	0.0907764146942612	0.140613138572336	0.148754843272265	0.351258688921567	0.133770748617637	0.0848990355632489	0.0950628779175836	0.915338830341961	0.102054219418645	0.0975790071980231	0.254931024819504	0.230245128211145	0.0939156006705341	0.0913119381633883	0.162471370824988	0.624472854543572	0.0976848922774834	0.118867131571508	0.102684844607584	0.306171894853212	0.0819493679035109	0.926027093459225	0.08921451980061	0.095493285696478	0.236253966435398	0.147202358479427
cg02043329	0.574193430302071	0.937509838715354	0.949961114891035	0.957706474976506	0.960060811330974	0.951902186096988	0.942444681331794	0.926005860877916	0.949087810369478	0.931574375424872	0.958041349777091	0.929991942744969	0.938301656446444	0.882220257209102	0.950762323324145	0.479419885727644	0.929770485107156	0.941553717950884	0.93819335904422	0.858492827514992	0.906063555786544	0.920092828956255	0.934309768795587	0.948496958538257	0.950318925881861	0.956548556018369	0.919186413508223	0.929041383622519	0.956728684563294	0.947658161904833	0.948755057638381	0.960613365692255	0.958490583091632	0.938954974245117	0.956112015196202	0.95400530157153	0.947744433020024	0.963086485749874	0.597257556051889	0.947231856830233	0.95286718625203	0.94842160102974	0.949194805828155	0.945304424659506	0.9636006624255	0.962050340308642	0.867702279405106	0.952822167683234	0.946697674094372	0.949537739719679	0.895017908752796	0.873020022316092	0.94573509549184	0.955245094839274	0.954832814284665	0.949405627686319	0.952093924731594	0.950781050000076	0.951425491797545	0.949593094094987	0.950085194964444	0.949722731400839	0.95340146823323	0.942801310943908	0.910679015864872	0.955614504919892
cg02044172	NA	NA	NA	NA	NA	NA	NA	NA	NA	NA	NA	NA	NA	NA	NA	NA	NA	NA	NA	NA	NA	NA	NA	NA	NA	NA	NA	NA	NA	NA	NA	NA	NA	NA	NA	NA	NA	NA	NA	NA	NA	NA	NA	NA	NA	NA	NA	NA	NA	NA	NA	NA	NA	NA	NA	NA	NA	NA	NA	NA	NA	NA	NA	NA	NA	NA
cg02046176	NA	NA	NA	NA	NA	NA	NA	NA	NA	NA	NA	NA	NA	NA	NA	NA	NA	NA	NA	NA	NA	NA	NA	NA	NA	NA	NA	NA	NA	NA	NA	NA	NA	NA	NA	NA	NA	NA	NA	NA	NA	NA	NA	NA	NA	NA	NA	NA	NA	NA	NA	NA	NA	NA	NA	NA	NA	NA	NA	NA	NA	NA	NA	NA	NA	NA
cg02047977	NA	NA	NA	NA	NA	NA	NA	NA	NA	NA	NA	NA	NA	NA	NA	NA	NA	NA	NA	NA	NA	NA	NA	NA	NA	NA	NA	NA	NA	NA	NA	NA	NA	NA	NA	NA	NA	NA	NA	NA	NA	NA	NA	NA	NA	NA	NA	NA	NA	NA	NA	NA	NA	NA	NA	NA	NA	NA	NA	NA	NA	NA	NA	NA	NA	NA
cg02071267	NA	NA	NA	NA	NA	NA	NA	NA	NA	NA	NA	NA	NA	NA	NA	NA	NA	NA	NA	NA	NA	NA	NA	NA	NA	NA	NA	NA	NA	NA	NA	NA	NA	NA	NA	NA	NA	NA	NA	NA	NA	NA	NA	NA	NA	NA	NA	NA	NA	NA	NA	NA	NA	NA	NA	NA	NA	NA	NA	NA	NA	NA	NA	NA	NA	NA
cg02072104	0.0915539430322179	0.0728639047625576	0.0812317552578333	0.0619164510142407	0.0672488594089418	0.0780838077350973	0.0768958502747595	0.109486341694663	0.0805248635873263	0.0997938662161346	0.0641204227052786	0.0635855561245538	0.0655803106003432	0.0560604019376314	0.0620800433328255	0.0823534490376249	0.0539798638454592	0.0733692737927384	0.058483874264184	0.0747291487316974	0.0500650732080541	0.095268897563687	0.0894530809474626	0.0735489422727027	0.0643599881081721	0.068918152600684	0.0828297488100043	0.0812845079228526	0.0823953730492666	0.0692668425200979	0.0571014656079346	0.0840065308290203	0.0624724769888864	0.0934119212126351	0.0697272552882984	0.0584636464961868	0.082368509708784	0.0622096050974422	0.105017861522203	0.0587491692142391	0.0695480027263227	0.0542616195164611	0.0986997473029694	0.0835540021919454	0.0795605377957065	0.0766505658250805	0.069453076183879	0.0793876372225926	0.0621003837693241	0.082769845150138	0.101334464590057	0.080274338079158	0.15603494351039	0.0695466539830328	0.0789665600239265	0.0661405444783831	0.0578058607285055	0.051661097682623	0.056775268680728	0.0662707231342551	0.0847120213399098	0.0692716301613169	0.0520511916423085	0.0801955575404295	0.0886657436731672	0.0908369993573572
cg02074859	0.957857234145989	0.959261600841311	0.958096423666791	0.963185960734913	0.959824135143001	0.931000765656504	0.962595705457485	0.955196490205476	0.938335049889548	0.936367335345578	0.950847224098418	0.957594826531109	0.949735848409506	0.954208823696552	0.950438259102905	0.961759390865447	0.944177646162067	0.960323868588917	0.956072434224364	0.958225581708425	0.962428622820155	0.959000246761945	0.952919292212223	0.939734417834471	0.943881178974232	0.956161105207584	0.958257677114115	0.959906932974548	0.948338900735452	0.962761063013092	0.957828891670322	0.96147085271988	0.954969290820674	0.943822217241054	0.953490853612258	0.966798935016698	0.965481919905221	0.952680869121375	0.962485230131671	0.955372386651346	0.94619781600472	0.962906625855961	0.958041358059008	0.943890102003473	0.961461927352949	0.965567196064308	0.949783635250458	0.958550832971086	0.957967874287742	0.957686203412134	0.952465099292107	0.947402005820729	0.93922596308451	0.951049812739503	0.954712553931674	0.963939146787018	0.951177294459063	0.942346268660133	0.959472634495691	0.964643072402113	0.948204443006107	0.948042771648422	0.957207345849198	0.947876321712271	0.942980971463093	0.941712385321923
cg02103202	NA	NA	NA	NA	NA	NA	NA	NA	NA	NA	NA	NA	NA	NA	NA	NA	NA	NA	NA	NA	NA	NA	NA	NA	NA	NA	NA	NA	NA	NA	NA	NA	NA	NA	NA	NA	NA	NA	NA	NA	NA	NA	NA	NA	NA	NA	NA	NA	NA	NA	NA	NA	NA	NA	NA	NA	NA	NA	NA	NA	NA	NA	NA	NA	NA	NA
cg02125400	NA	NA	NA	NA	NA	NA	NA	NA	NA	NA	NA	NA	NA	NA	NA	NA	NA	NA	NA	NA	NA	NA	NA	NA	NA	NA	NA	NA	NA	NA	NA	NA	NA	NA	NA	NA	NA	NA	NA	NA	NA	NA	NA	NA	NA	NA	NA	NA	NA	NA	NA	NA	NA	NA	NA	NA	NA	NA	NA	NA	NA	NA	NA	NA	NA	NA
cg02128233	NA	NA	NA	NA	NA	NA	NA	NA	NA	NA	NA	NA	NA	NA	NA	NA	NA	NA	NA	NA	NA	NA	NA	NA	NA	NA	NA	NA	NA	NA	NA	NA	NA	NA	NA	NA	NA	NA	NA	NA	NA	NA	NA	NA	NA	NA	NA	NA	NA	NA	NA	NA	NA	NA	NA	NA	NA	NA	NA	NA	NA	NA	NA	NA	NA	NA
cg02132460	NA	NA	NA	NA	NA	NA	NA	NA	NA	NA	NA	NA	NA	NA	NA	NA	NA	NA	NA	NA	NA	NA	NA	NA	NA	NA	NA	NA	NA	NA	NA	NA	NA	NA	NA	NA	NA	NA	NA	NA	NA	NA	NA	NA	NA	NA	NA	NA	NA	NA	NA	NA	NA	NA	NA	NA	NA	NA	NA	NA	NA	NA	NA	NA	NA	NA
cg02148292	NA	NA	NA	NA	NA	NA	NA	NA	NA	NA	NA	NA	NA	NA	NA	NA	NA	NA	NA	NA	NA	NA	NA	NA	NA	NA	NA	NA	NA	NA	NA	NA	NA	NA	NA	NA	NA	NA	NA	NA	NA	NA	NA	NA	NA	NA	NA	NA	NA	NA	NA	NA	NA	NA	NA	NA	NA	NA	NA	NA	NA	NA	NA	NA	NA	NA
cg02154268	NA	NA	NA	NA	NA	NA	NA	NA	NA	NA	NA	NA	NA	NA	NA	NA	NA	NA	NA	NA	NA	NA	NA	NA	NA	NA	NA	NA	NA	NA	NA	NA	NA	NA	NA	NA	NA	NA	NA	NA	NA	NA	NA	NA	NA	NA	NA	NA	NA	NA	NA	NA	NA	NA	NA	NA	NA	NA	NA	NA	NA	NA	NA	NA	NA	NA
cg02158100	NA	NA	NA	NA	NA	NA	NA	NA	NA	NA	NA	NA	NA	NA	NA	NA	NA	NA	NA	NA	NA	NA	NA	NA	NA	NA	NA	NA	NA	NA	NA	NA	NA	NA	NA	NA	NA	NA	NA	NA	NA	NA	NA	NA	NA	NA	NA	NA	NA	NA	NA	NA	NA	NA	NA	NA	NA	NA	NA	NA	NA	NA	NA	NA	NA	NA
cg02190786	NA	NA	NA	NA	NA	NA	NA	NA	NA	NA	NA	NA	NA	NA	NA	NA	NA	NA	NA	NA	NA	NA	NA	NA	NA	NA	NA	NA	NA	NA	NA	NA	NA	NA	NA	NA	NA	NA	NA	NA	NA	NA	NA	NA	NA	NA	NA	NA	NA	NA	NA	NA	NA	NA	NA	NA	NA	NA	NA	NA	NA	NA	NA	NA	NA	NA
cg02223612	NA	NA	NA	NA	NA	NA	NA	NA	NA	NA	NA	NA	NA	NA	NA	NA	NA	NA	NA	NA	NA	NA	NA	NA	NA	NA	NA	NA	NA	NA	NA	NA	NA	NA	NA	NA	NA	NA	NA	NA	NA	NA	NA	NA	NA	NA	NA	NA	NA	NA	NA	NA	NA	NA	NA	NA	NA	NA	NA	NA	NA	NA	NA	NA	NA	NA
cg02231798	0.897235128104401	0.917190709368594	0.961990275494876	0.952194757027304	0.948263899415003	0.888377185958653	0.958830038898605	0.959963923397201	0.900717406832367	0.956172606254886	0.914729042525746	0.925233943601895	0.96625808760621	0.892124966353234	0.945646632490197	0.929754103471552	0.425067893920308	0.806190857458247	0.947942533220596	0.899544522275068	0.950988989359883	0.926136897695491	0.924428482942386	0.938293676771506	0.950569325466027	0.949902425816023	0.925892253573778	0.910060246365392	0.905131345951578	0.924298730991491	0.954302186179435	0.933554597324273	0.940656469543898	0.943870755588283	0.907409902023449	0.934896723808993	0.655257144911189	0.940592623871689	0.829996391258602	0.38711840944652	0.916595006254179	0.942797561536537	0.932270759146231	0.934280137696158	0.935158575388505	0.949152672335319	0.944054317355755	0.895368986943068	0.842460207644046	0.946419417691036	0.90052918411337	0.937376357886629	0.956483183003976	0.957598674880531	0.93252263247868	0.382179830212722	0.972783249608988	0.944284446107067	0.946722166303994	0.932035490939932	0.938475445891602	0.953494554631401	0.956799902190624	0.938026216985298	0.91321779954381	0.94810273044409
cg02247211	NA	NA	NA	NA	NA	NA	NA	NA	NA	NA	NA	NA	NA	NA	NA	NA	NA	NA	NA	NA	NA	NA	NA	NA	NA	NA	NA	NA	NA	NA	NA	NA	NA	NA	NA	NA	NA	NA	NA	NA	NA	NA	NA	NA	NA	NA	NA	NA	NA	NA	NA	NA	NA	NA	NA	NA	NA	NA	NA	NA	NA	NA	NA	NA	NA	NA
cg02253978	0.940259160963712	0.924033966983603	0.937490552400929	0.948695830342325	0.9455984812536	0.894320917814006	0.945549686693817	0.944900433754857	0.888964172545029	0.946532205956808	0.939881168032486	0.96093164560913	0.91798150015871	0.910328639722653	0.939299949021992	0.911840173732833	0.923602625993443	0.897833706174248	0.938056732127232	0.850025643133602	0.943693777235927	0.913206886019021	0.797247517616877	0.887410716295873	0.941739228762998	0.944026587422945	0.917793896007283	0.928402257647838	0.909992452175501	0.926631951616483	0.942247323717264	0.947443162775689	0.949756822105877	0.943956551591715	0.943491365010535	0.94167645600113	0.763099452007728	0.948443261977944	0.912185041730566	0.94747429586545	0.939014453781187	0.944086719996797	NA	0.925494774922218	0.92498119847898	0.930930155674234	0.93073015001746	0.934128320724782	0.910334923713451	0.93138239433499	0.922947561656739	0.929442825826509	0.949908659920592	0.906436412064668	0.945559389563904	0.922418003022239	0.939387438582719	0.905784903968164	0.932506647644392	0.932375391219378	0.877860900604766	0.940187185042559	0.926037679323523	0.926015439949663	0.891100679918677	0.946470785415063
cg02255618	NA	NA	NA	NA	NA	NA	NA	NA	NA	NA	NA	NA	NA	NA	NA	NA	NA	NA	NA	NA	NA	NA	NA	NA	NA	NA	NA	NA	NA	NA	NA	NA	NA	NA	NA	NA	NA	NA	NA	NA	NA	NA	NA	NA	NA	NA	NA	NA	NA	NA	NA	NA	NA	NA	NA	NA	NA	NA	NA	NA	NA	NA	NA	NA	NA	NA
cg02269231	NA	NA	NA	NA	NA	NA	NA	NA	NA	NA	NA	NA	NA	NA	NA	NA	NA	NA	NA	NA	NA	NA	NA	NA	NA	NA	NA	NA	NA	NA	NA	NA	NA	NA	NA	NA	NA	NA	NA	NA	NA	NA	NA	NA	NA	NA	NA	NA	NA	NA	NA	NA	NA	NA	NA	NA	NA	NA	NA	NA	NA	NA	NA	NA	NA	NA
cg02275622	NA	NA	NA	NA	NA	NA	NA	NA	NA	NA	NA	NA	NA	NA	NA	NA	NA	NA	NA	NA	NA	NA	NA	NA	NA	NA	NA	NA	NA	NA	NA	NA	NA	NA	NA	NA	NA	NA	NA	NA	NA	NA	NA	NA	NA	NA	NA	NA	NA	NA	NA	NA	NA	NA	NA	NA	NA	NA	NA	NA	NA	NA	NA	NA	NA	NA
cg02280599	0.957450277551039	0.952836453378025	0.955871332964568	0.932855420063365	0.948757278492547	0.927502631523519	0.951421810173534	0.959858916747728	0.921451211322734	0.95335658046534	0.953542400549882	0.962218604466721	0.955116677497901	0.954972193117967	0.933119010508269	0.937839340135997	0.952603790188318	0.94765973739279	0.953662749389818	0.938365394239461	0.948599915581176	0.935372837129135	0.606189862377741	0.949449958568182	0.955804599712341	0.942413419160467	0.942884730133328	0.954204035854502	0.939503750858107	0.966546453148591	0.921559799248865	0.951633088103208	0.942299078937505	0.94425925123709	0.94401774045039	0.94945612856025	0.907627950243794	0.948214634765079	0.88797803987885	0.945766981792584	0.945194711171465	0.957161035572689	0.490858158414941	0.944682502369046	0.951781255756875	0.946508911093799	0.945833772769148	0.952138213916041	0.940428890538396	0.935279906849404	0.947383103546442	0.810472737212851	0.936933368756601	0.945111481400452	0.937488953214078	0.958924871568721	0.957877096029682	0.950947036700021	0.933126719905873	0.937758888558357	0.93857940540975	0.940482115886227	0.939504620854277	0.934280648059801	0.947228004742771	0.683370295241425
cg02290855	NA	NA	NA	NA	NA	NA	NA	NA	NA	NA	NA	NA	NA	NA	NA	NA	NA	NA	NA	NA	NA	NA	NA	NA	NA	NA	NA	NA	NA	NA	NA	NA	NA	NA	NA	NA	NA	NA	NA	NA	NA	NA	NA	NA	NA	NA	NA	NA	NA	NA	NA	NA	NA	NA	NA	NA	NA	NA	NA	NA	NA	NA	NA	NA	NA	NA
cg02302165	0.947651275199405	0.956840111276939	0.943235117046888	0.949246381158162	0.928574641259519	0.943742068258162	0.944016920663599	0.955367676683008	0.932418498272591	0.945920637773828	0.948566033834752	0.944518836920375	0.94803958062482	0.949931536566509	0.939266506243152	0.946781336178735	0.948507844588352	0.951470668142586	0.946381292487028	0.956540495029789	0.941812444726056	0.948907738389216	0.954408961185813	0.930181178753011	0.916421989827428	0.941481365983113	0.96239934601649	0.933512086021045	0.942909998855596	0.941003638895007	0.95085474154258	0.9395821153667	0.942063533886045	0.948195240028123	0.912034238504776	0.958227334297944	0.955710343073957	0.94399909416033	0.930825247603427	0.960214253939098	0.95763643295182	0.952199411738408	0.947238593968367	0.934399109328596	0.951959832445328	0.941491626389151	0.9355491014434	0.946949417925559	0.937993686453802	0.948948928294548	0.956984360576415	0.921737775405339	0.948790677682126	0.941507454097887	0.930242506290526	0.948913915849795	0.946031225380663	0.944315065342872	0.968596167174185	0.947520761017484	0.936250374698082	0.937617669097583	0.954259876453844	0.944882566771873	0.945134939644246	0.951565909406753
cg02312154	0.937132215549733	0.923090675236276	0.891094228544051	0.928453415562963	NA	0.919717399790584	0.908928325178464	0.936091608277383	0.908646433260383	NA	0.923584866112105	0.940146870099247	NA	0.911119295245818	0.90069448486755	0.900416325383639	0.920045214592707	0.919184888499967	0.914128540750052	0.941680197081305	0.917315425643603	0.874367945543887	0.797176647912739	0.88783471265801	0.923122612445096	0.927070203991699	0.931240964694119	0.915177514647561	0.915451756938551	0.914955428174315	0.908581323040115	0.922546426614328	0.922500556530037	0.904078582130872	0.930261537698924	0.920076459784329	0.939545100502904	0.92562097116489	0.935674463682273	0.922295736119502	0.910028420687843	0.932373755900647	0.849140312946179	0.915397608961038	0.906014888745631	0.891245996430342	0.898386210547107	0.914670064198475	0.915946112265188	0.893171588390095	0.933787046371666	0.931473895453984	NA	0.883263421496564	0.903065989401888	0.879187600555552	0.917178910156467	NA	0.912543262399015	0.931048463416156	0.878068438733034	0.907452476694193	0.88274849161336	0.887459397776709	0.941718060406571	0.909516118827348
cg02341729	NA	NA	NA	NA	NA	NA	NA	NA	NA	NA	NA	NA	NA	NA	NA	NA	NA	NA	NA	NA	NA	NA	NA	NA	NA	NA	NA	NA	NA	NA	NA	NA	NA	NA	NA	NA	NA	NA	NA	NA	NA	NA	NA	NA	NA	NA	NA	NA	NA	NA	NA	NA	NA	NA	NA	NA	NA	NA	NA	NA	NA	NA	NA	NA	NA	NA
cg02345638	NA	NA	NA	NA	NA	NA	NA	NA	NA	NA	NA	NA	NA	NA	NA	NA	NA	NA	NA	NA	NA	NA	NA	NA	NA	NA	NA	NA	NA	NA	NA	NA	NA	NA	NA	NA	NA	NA	NA	NA	NA	NA	NA	NA	NA	NA	NA	NA	NA	NA	NA	NA	NA	NA	NA	NA	NA	NA	NA	NA	NA	NA	NA	NA	NA	NA
cg02348876	NA	NA	NA	NA	NA	NA	NA	NA	NA	NA	NA	NA	NA	NA	NA	NA	NA	NA	NA	NA	NA	NA	NA	NA	NA	NA	NA	NA	NA	NA	NA	NA	NA	NA	NA	NA	NA	NA	NA	NA	NA	NA	NA	NA	NA	NA	NA	NA	NA	NA	NA	NA	NA	NA	NA	NA	NA	NA	NA	NA	NA	NA	NA	NA	NA	NA
cg02356223	0.888032749520532	0.91864362599777	0.919220781683075	0.897394681666039	0.869032557442511	0.85162914689589	0.877214027222546	0.835833727557015	0.83991119154639	0.911203328966708	0.892040253568174	0.889874651875627	0.856633293688684	0.821117612025677	0.880661051301854	0.849016287342804	0.830882852637129	0.823964901310667	0.915371452234891	0.889289959428238	0.92154408989191	0.913321280839731	0.631013640910512	0.834424496774593	0.829359570902624	0.901316588033869	0.82463596450848	0.854275898012139	0.925034700632535	0.897856469609597	0.894149389107129	0.856023775888404	0.663177649635091	0.859174036234725	0.830463088130262	0.831078769874951	0.827889619025783	0.90299381849808	0.532484157000393	0.774969376973634	0.862558048201534	0.851196198235715	0.862851983532615	0.862898339273274	0.849820783074927	0.930571489475237	0.864482610736382	0.918836617504551	0.90253667159182	0.891565247691031	0.878701722218539	0.858282496258359	0.902002963687096	0.83972435374577	0.902284112928196	0.928851086024827	0.91335278508522	0.925530419476114	0.916874009290998	0.864255006059899	0.926769852528551	0.917869086844767	0.899856489247383	0.865000967419368	0.747512094375942	0.86112145556112
cg02397533	NA	NA	NA	NA	NA	NA	NA	NA	NA	NA	NA	NA	NA	NA	NA	NA	NA	NA	NA	NA	NA	NA	NA	NA	NA	NA	NA	NA	NA	NA	NA	NA	NA	NA	NA	NA	NA	NA	NA	NA	NA	NA	NA	NA	NA	NA	NA	NA	NA	NA	NA	NA	NA	NA	NA	NA	NA	NA	NA	NA	NA	NA	NA	NA	NA	NA
cg02401554	NA	NA	NA	NA	NA	NA	NA	NA	NA	NA	NA	NA	NA	NA	NA	NA	NA	NA	NA	NA	NA	NA	NA	NA	NA	NA	NA	NA	NA	NA	NA	NA	NA	NA	NA	NA	NA	NA	NA	NA	NA	NA	NA	NA	NA	NA	NA	NA	NA	NA	NA	NA	NA	NA	NA	NA	NA	NA	NA	NA	NA	NA	NA	NA	NA	NA
cg02443010	0.912460495782355	0.948491895220552	0.966299805762124	0.868933809979035	0.941863873190044	0.944414091602249	0.954084874887972	0.952117486885212	0.948119809788114	0.726302513271442	0.959630460646789	0.644870622056328	0.942780246500205	0.957362728046384	0.946269478816947	0.95544597318623	0.674700857562082	0.953594051035602	0.968557252267231	0.958455722428188	0.57285012681288	0.964967668941988	0.481916731656764	0.934802806883717	0.948671240890709	0.961646637882243	0.935395869169563	0.935561630959486	0.952944665039394	0.937540807195013	0.672716954578568	0.966018587739862	0.968969812084679	0.958459672347461	0.948812996889525	0.965631387467042	0.855606690610172	0.961572081911253	0.432588225731292	0.950392612116858	0.962569204445189	0.942471219047571	0.900171237436183	0.94614560736322	0.957991681523744	0.96183942621975	0.959653073697966	0.963754330571106	0.967067230395511	0.968280535028431	0.96105938222173	0.953512432756323	0.964561380589272	0.959421991727249	0.689001693599261	0.963395663046855	0.949722728717308	0.945788093035122	0.965683401051763	0.689702063613049	0.954228180255706	0.969939407577115	0.958782380109447	0.948964005212699	0.930038374208381	0.913441888169635
cg02471166	NA	NA	NA	NA	NA	NA	NA	NA	NA	NA	NA	NA	NA	NA	NA	NA	NA	NA	NA	NA	NA	NA	NA	NA	NA	NA	NA	NA	NA	NA	NA	NA	NA	NA	NA	NA	NA	NA	NA	NA	NA	NA	NA	NA	NA	NA	NA	NA	NA	NA	NA	NA	NA	NA	NA	NA	NA	NA	NA	NA	NA	NA	NA	NA	NA	NA
cg02516800	0.950483339049024	0.718325719881634	0.949773642170397	0.942082730233377	0.625027154327951	0.328667417287988	0.809607257939057	0.696807753412682	0.47156105096226	0.66114928507678	0.327999899195291	0.677512717684583	0.952888281728217	0.629851747609714	0.747121283225394	0.912417048055498	0.950018947950735	0.907385644851731	0.956299597366889	0.955786482885358	0.946576346360125	0.813292021748446	0.598138046423583	0.87434028186199	0.69414936890618	0.967825125464521	0.931368052770624	0.915407348813645	0.82725482650106	0.961827688054011	0.598010739269412	0.808260962273414	0.958150312272623	0.953473742000164	0.672383512725995	0.348355617104042	0.641190349030247	0.946901880097216	0.377683415951065	0.686847029070565	0.955597395499693	0.944328602903967	0.78181212453008	0.939838898055141	0.607643043255425	0.685525292577609	0.955813641168151	0.645312741415477	0.950813825087234	0.953813853900373	0.592473281057337	0.972926135265974	0.939063506581718	0.598769876696326	0.360200079156368	0.971714059223481	0.94585455627947	0.949313619721556	0.737030235829826	0.926729841018729	0.240222324767522	0.641157130510244	0.956097331949748	0.634714942142441	0.799063346037494	0.664392413015776
cg02533998	NA	NA	NA	NA	NA	NA	NA	NA	NA	NA	NA	NA	NA	NA	NA	NA	NA	NA	NA	NA	NA	NA	NA	NA	NA	NA	NA	NA	NA	NA	NA	NA	NA	NA	NA	NA	NA	NA	NA	NA	NA	NA	NA	NA	NA	NA	NA	NA	NA	NA	NA	NA	NA	NA	NA	NA	NA	NA	NA	NA	NA	NA	NA	NA	NA	NA
cg02612657	NA	NA	NA	NA	NA	NA	NA	NA	NA	NA	NA	NA	NA	NA	NA	NA	NA	NA	NA	NA	NA	NA	NA	NA	NA	NA	NA	NA	NA	NA	NA	NA	NA	NA	NA	NA	NA	NA	NA	NA	NA	NA	NA	NA	NA	NA	NA	NA	NA	NA	NA	NA	NA	NA	NA	NA	NA	NA	NA	NA	NA	NA	NA	NA	NA	NA
cg02656873	NA	NA	NA	NA	NA	NA	NA	NA	NA	NA	NA	NA	NA	NA	NA	NA	NA	NA	NA	NA	NA	NA	NA	NA	NA	NA	NA	NA	NA	NA	NA	NA	NA	NA	NA	NA	NA	NA	NA	NA	NA	NA	NA	NA	NA	NA	NA	NA	NA	NA	NA	NA	NA	NA	NA	NA	NA	NA	NA	NA	NA	NA	NA	NA	NA	NA
cg02658551	NA	NA	NA	NA	NA	NA	NA	NA	NA	NA	NA	NA	NA	NA	NA	NA	NA	NA	NA	NA	NA	NA	NA	NA	NA	NA	NA	NA	NA	NA	NA	NA	NA	NA	NA	NA	NA	NA	NA	NA	NA	NA	NA	NA	NA	NA	NA	NA	NA	NA	NA	NA	NA	NA	NA	NA	NA	NA	NA	NA	NA	NA	NA	NA	NA	NA
cg02671915	NA	NA	NA	NA	NA	NA	NA	NA	NA	NA	NA	NA	NA	NA	NA	NA	NA	NA	NA	NA	NA	NA	NA	NA	NA	NA	NA	NA	NA	NA	NA	NA	NA	NA	NA	NA	NA	NA	NA	NA	NA	NA	NA	NA	NA	NA	NA	NA	NA	NA	NA	NA	NA	NA	NA	NA	NA	NA	NA	NA	NA	NA	NA	NA	NA	NA
cg02693279	0.892012951836602	0.960464426325196	0.945467178852236	0.95917116621375	0.96159215184228	0.951230963999114	0.957760122017829	0.941025269972061	0.949993721189841	0.945699380523977	0.940332267705385	0.950606411776211	0.945015441218888	0.940737775765638	0.952327090705677	0.95693682047699	0.910544881549736	0.954674589136353	0.958010440555423	0.423149617128517	0.94392191882989	0.948563823525301	0.805334889317591	0.923188790302118	0.958321583534435	0.950548811666774	0.902192317045608	0.919090746167773	0.956141231893979	0.944481695671808	0.938217883232409	0.956154880756292	0.951888542693645	0.949841941263909	0.963297271519541	0.971835833791961	0.766453417021767	0.954013833174771	0.917642292106504	0.929622262706437	0.941774760575922	0.96432299017843	0.921434308529329	0.959026903594403	0.962251040825773	0.955416176117804	0.948586948157764	0.931229416045703	0.955398495921097	0.958969065469374	0.936528212641733	0.954973770717661	0.956582107954614	0.946660794136363	0.943035228615913	0.954028286629568	0.968803942927365	0.961142499515887	0.96500774459969	0.951519409409572	0.950179200907621	0.958989584351369	0.953121248635401	0.957928707481005	0.928497203507882	0.949416597325146
cg02703695	NA	NA	NA	NA	NA	NA	NA	NA	NA	NA	NA	NA	NA	NA	NA	NA	NA	NA	NA	NA	NA	NA	NA	NA	NA	NA	NA	NA	NA	NA	NA	NA	NA	NA	NA	NA	NA	NA	NA	NA	NA	NA	NA	NA	NA	NA	NA	NA	NA	NA	NA	NA	NA	NA	NA	NA	NA	NA	NA	NA	NA	NA	NA	NA	NA	NA
cg02724815	NA	NA	NA	NA	NA	NA	NA	NA	NA	NA	NA	NA	NA	NA	NA	NA	NA	NA	NA	NA	NA	NA	NA	NA	NA	NA	NA	NA	NA	NA	NA	NA	NA	NA	NA	NA	NA	NA	NA	NA	NA	NA	NA	NA	NA	NA	NA	NA	NA	NA	NA	NA	NA	NA	NA	NA	NA	NA	NA	NA	NA	NA	NA	NA	NA	NA
cg02744713	NA	NA	NA	NA	NA	NA	NA	NA	NA	NA	NA	NA	NA	NA	NA	NA	NA	NA	NA	NA	NA	NA	NA	NA	NA	NA	NA	NA	NA	NA	NA	NA	NA	NA	NA	NA	NA	NA	NA	NA	NA	NA	NA	NA	NA	NA	NA	NA	NA	NA	NA	NA	NA	NA	NA	NA	NA	NA	NA	NA	NA	NA	NA	NA	NA	NA
cg02750728	0.951721463784058	0.948496897440089	0.571410003695869	0.951135713896497	0.957915439712918	0.602089125878151	0.964306504855509	0.963348770348507	0.960662866083762	0.93804613823901	0.958465856274513	0.956580464372452	0.960565264868838	0.950481113325151	0.558664859016994	0.596985267198907	0.943871006337196	0.949225768639837	0.625171544353329	0.94187083798716	0.556227033610946	0.959200179179654	0.958459362536847	0.964792337215515	0.607675776144704	0.937311000646678	0.689906399008772	0.957493588960848	0.963225253210518	0.946347786347406	0.947400729097449	0.962664910136019	0.952638323148237	0.940171172618958	0.317133159866582	0.593319398477683	0.941060567146549	0.555274890931717	0.751784374352369	0.965303239158065	0.947559631142565	0.936489855376844	0.923563401732125	0.966608257509258	0.951397862177799	0.553854377324531	0.57663458474258	0.945653489214946	0.95706278845065	0.669818359261642	0.954881806892921	0.945498684362976	0.523496876213133	0.945888984121658	0.952034175915872	0.956928841963628	0.955234772535038	0.950746302160887	0.920198198019774	0.943910207448731	0.95524449410213	0.961759086199976	0.969123426104247	0.957320804577599	0.935211134800658	0.57219235497419
cg02771684	NA	NA	NA	NA	NA	NA	NA	NA	NA	NA	NA	NA	NA	NA	NA	NA	NA	NA	NA	NA	NA	NA	NA	NA	NA	NA	NA	NA	NA	NA	NA	NA	NA	NA	NA	NA	NA	NA	NA	NA	NA	NA	NA	NA	NA	NA	NA	NA	NA	NA	NA	NA	NA	NA	NA	NA	NA	NA	NA	NA	NA	NA	NA	NA	NA	NA
cg02772132	NA	NA	NA	NA	NA	NA	NA	NA	NA	NA	NA	NA	NA	NA	NA	NA	NA	NA	NA	NA	NA	NA	NA	NA	NA	NA	NA	NA	NA	NA	NA	NA	NA	NA	NA	NA	NA	NA	NA	NA	NA	NA	NA	NA	NA	NA	NA	NA	NA	NA	NA	NA	NA	NA	NA	NA	NA	NA	NA	NA	NA	NA	NA	NA	NA	NA
cg02791765	NA	NA	NA	NA	NA	NA	NA	NA	NA	NA	NA	NA	NA	NA	NA	NA	NA	NA	NA	NA	NA	NA	NA	NA	NA	NA	NA	NA	NA	NA	NA	NA	NA	NA	NA	NA	NA	NA	NA	NA	NA	NA	NA	NA	NA	NA	NA	NA	NA	NA	NA	NA	NA	NA	NA	NA	NA	NA	NA	NA	NA	NA	NA	NA	NA	NA
cg02824523	NA	NA	NA	NA	NA	NA	NA	NA	NA	NA	NA	NA	NA	NA	NA	NA	NA	NA	NA	NA	NA	NA	NA	NA	NA	NA	NA	NA	NA	NA	NA	NA	NA	NA	NA	NA	NA	NA	NA	NA	NA	NA	NA	NA	NA	NA	NA	NA	NA	NA	NA	NA	NA	NA	NA	NA	NA	NA	NA	NA	NA	NA	NA	NA	NA	NA
cg02840008	0.612034649439875	0.922917961696365	0.950040749982378	0.205869191960038	0.950360159813464	0.927346508983892	0.959335440465926	0.938362518398021	0.925485853083518	0.662137664844556	0.947723690682872	0.950954976528237	0.936897784571845	0.931315171091643	0.780647536339808	0.92855515224278	0.950261149473124	0.948747189158195	0.954304026907822	0.421473078823113	0.914222174730995	0.945813513295115	0.732167613975361	0.937575816998406	0.949237114716497	0.954712112532011	0.950462709821816	0.737266846621282	0.960089531263568	0.959685906039277	0.955173439091437	0.953370750923196	0.957607791763728	0.95107327975328	0.952249195124889	0.956901339095803	0.747291344255567	0.923373691104329	0.346226991279114	0.961229869854843	0.958378986515661	0.951728199922503	0.918619284094171	0.932206046955501	0.949685481223754	0.968567619865491	0.933392816546937	0.968963034644884	0.339816047637446	0.669096711575241	0.955321174555616	0.933748664358715	0.617443201467949	0.944980801411147	0.959761122329006	0.951449436762431	0.953088217648446	0.965335291072835	0.949935103724642	0.915444957526183	0.954398934492763	0.96931165157539	0.96630432671751	0.938207719930355	0.723008681992628	0.945269511808769
cg02862100	NA	NA	NA	NA	NA	NA	NA	NA	NA	NA	NA	NA	NA	NA	NA	NA	NA	NA	NA	NA	NA	NA	NA	NA	NA	NA	NA	NA	NA	NA	NA	NA	NA	NA	NA	NA	NA	NA	NA	NA	NA	NA	NA	NA	NA	NA	NA	NA	NA	NA	NA	NA	NA	NA	NA	NA	NA	NA	NA	NA	NA	NA	NA	NA	NA	NA
cg02869126	NA	NA	NA	NA	NA	NA	NA	NA	NA	NA	NA	NA	NA	NA	NA	NA	NA	NA	NA	NA	NA	NA	NA	NA	NA	NA	NA	NA	NA	NA	NA	NA	NA	NA	NA	NA	NA	NA	NA	NA	NA	NA	NA	NA	NA	NA	NA	NA	NA	NA	NA	NA	NA	NA	NA	NA	NA	NA	NA	NA	NA	NA	NA	NA	NA	NA
cg02873710	NA	NA	NA	NA	NA	NA	NA	NA	NA	NA	NA	NA	NA	NA	NA	NA	NA	NA	NA	NA	NA	NA	NA	NA	NA	NA	NA	NA	NA	NA	NA	NA	NA	NA	NA	NA	NA	NA	NA	NA	NA	NA	NA	NA	NA	NA	NA	NA	NA	NA	NA	NA	NA	NA	NA	NA	NA	NA	NA	NA	NA	NA	NA	NA	NA	NA
cg02885021	NA	NA	NA	NA	NA	NA	NA	NA	NA	NA	NA	NA	NA	NA	NA	NA	NA	NA	NA	NA	NA	NA	NA	NA	NA	NA	NA	NA	NA	NA	NA	NA	NA	NA	NA	NA	NA	NA	NA	NA	NA	NA	NA	NA	NA	NA	NA	NA	NA	NA	NA	NA	NA	NA	NA	NA	NA	NA	NA	NA	NA	NA	NA	NA	NA	NA
cg02899093	0.909065369274059	0.943402995912601	0.952460956502043	0.202428863072287	0.946452655045125	0.909468620782083	0.943749012695344	0.937643792408985	0.930774911321719	0.933023399512577	0.951793356136008	0.942321670249753	0.924739761346648	0.879741889590504	0.92117963341139	0.957185680990055	0.942014191808338	0.922701365997129	0.957684412859192	0.923347637298952	0.936634274856216	0.914724540861909	0.552208833177954	0.947913449067425	0.956461916547559	0.925904436463717	0.940211349559634	0.943293183935481	0.950944305049365	0.943313178648657	0.944781565391924	0.943994336055345	0.547328748712783	0.935774956469035	0.943759638846934	0.943059231250461	0.932944041169594	0.947487318393442	0.515451231890855	0.941524744137952	0.941262738660697	0.927792829314432	0.953751936070917	0.963241459390585	0.959871568841679	0.942397223600773	0.893409595208667	0.948943094565068	0.942655601715862	0.948156821261304	0.924729408119729	0.95779242467497	0.936826852005958	0.955806539192335	0.956362343377768	0.956713207076908	0.912876061582299	0.93460261364768	0.949057975938008	0.92742437508149	0.940418709093333	0.921685886987384	0.957037638302855	0.922189076246641	0.946459981682545	0.93521945508431
cg02906557	NA	NA	NA	NA	NA	NA	NA	NA	NA	NA	NA	NA	NA	NA	NA	NA	NA	NA	NA	NA	NA	NA	NA	NA	NA	NA	NA	NA	NA	NA	NA	NA	NA	NA	NA	NA	NA	NA	NA	NA	NA	NA	NA	NA	NA	NA	NA	NA	NA	NA	NA	NA	NA	NA	NA	NA	NA	NA	NA	NA	NA	NA	NA	NA	NA	NA
cg02965931	0.947410089136851	0.292177952237062	0.948211602859934	0.93040425573912	0.32262413340983	0.9197926038422	0.945146639195032	0.300535039216057	0.940640758273335	0.939476958286606	0.125936803899168	0.943430991712595	0.9305125816744	0.379626783282833	0.931910135387407	0.919567608316024	0.893659438208546	0.930960118708684	0.921658086589709	0.93038455009265	0.199657468634578	0.414806977084493	0.688716077575002	0.93727728753809	0.933163592657699	0.962200948511574	0.899886161023244	0.950673357338733	0.943321162239965	0.944892168931021	0.260604484699973	0.944888999173463	0.957968213008194	0.94347567336281	0.951545175265196	0.930891981530862	0.947051579472726	0.155631443882594	0.950028934117614	0.927983917235545	0.936350806372903	0.913874053415562	NA	NA	0.41478790067373	0.945372172392664	0.933015511495481	0.927621972973286	0.932634604314995	0.938429529385157	0.777884108909135	0.941154282180441	0.121772057312144	0.245074090471602	0.946345383007117	0.94847224698898	0.289213937580547	0.919620582632284	0.92521873237003	0.92699897447582	0.947032855832572	0.208675553637166	0.204382890339516	0.180257063153897	0.740522143641044	0.34050228104491
cg02993013	NA	NA	NA	NA	NA	NA	NA	NA	NA	NA	NA	NA	NA	NA	NA	NA	NA	NA	NA	NA	NA	NA	NA	NA	NA	NA	NA	NA	NA	NA	NA	NA	NA	NA	NA	NA	NA	NA	NA	NA	NA	NA	NA	NA	NA	NA	NA	NA	NA	NA	NA	NA	NA	NA	NA	NA	NA	NA	NA	NA	NA	NA	NA	NA	NA	NA
cg02998155	NA	NA	NA	NA	NA	NA	NA	NA	NA	NA	NA	NA	NA	NA	NA	NA	NA	NA	NA	NA	NA	NA	NA	NA	NA	NA	NA	NA	NA	NA	NA	NA	NA	NA	NA	NA	NA	NA	NA	NA	NA	NA	NA	NA	NA	NA	NA	NA	NA	NA	NA	NA	NA	NA	NA	NA	NA	NA	NA	NA	NA	NA	NA	NA	NA	NA
cg03002774	NA	NA	NA	NA	NA	NA	NA	NA	NA	NA	NA	NA	NA	NA	NA	NA	NA	NA	NA	NA	NA	NA	NA	NA	NA	NA	NA	NA	NA	NA	NA	NA	NA	NA	NA	NA	NA	NA	NA	NA	NA	NA	NA	NA	NA	NA	NA	NA	NA	NA	NA	NA	NA	NA	NA	NA	NA	NA	NA	NA	NA	NA	NA	NA	NA	NA
cg03006531	NA	NA	NA	NA	NA	NA	NA	NA	NA	NA	NA	NA	NA	NA	NA	NA	NA	NA	NA	NA	NA	NA	NA	NA	NA	NA	NA	NA	NA	NA	NA	NA	NA	NA	NA	NA	NA	NA	NA	NA	NA	NA	NA	NA	NA	NA	NA	NA	NA	NA	NA	NA	NA	NA	NA	NA	NA	NA	NA	NA	NA	NA	NA	NA	NA	NA
cg03024791	0.469898967493486	0.461344628478252	0.744434701778727	0.548050160018725	0.788454798493826	0.606644195231082	0.828466599666133	0.744954573091323	0.733552423017662	0.463249012110244	0.781057521915301	0.471803475811224	0.71631581156677	0.704799407146337	0.717394816801277	0.745152102348251	0.763548376135592	0.549054515756138	0.495861372463382	0.611637064396657	0.686929382504628	0.805270601917264	0.195212477465626	0.499402338512442	0.430215078454981	0.724291898233377	0.628936129665806	0.691872279467149	0.766162841351627	0.775296769494389	0.647791117106038	0.779214000068979	0.83038899697233	0.73822733107081	0.772291962682698	0.815866181082448	0.35466393827634	0.809911899693637	0.180802858618873	0.735913326444559	0.744431548905913	0.795779405525051	0.277380389234555	0.731780793652772	0.473393393653047	0.77054386670395	0.811567108751113	0.79549617258701	0.802834162523464	0.806355466164742	0.659614513722833	0.635826109393576	0.838962783620678	0.732716788160001	0.779351372649106	0.753023811766847	0.763968040815526	0.805315559199072	0.784881860987054	0.422562750545909	0.643760989807829	0.806078065020866	0.724149386869428	0.833154001205223	0.62033019677366	0.443460487050551
cg03132202	NA	NA	NA	NA	NA	NA	NA	NA	NA	NA	NA	NA	NA	NA	NA	NA	NA	NA	NA	NA	NA	NA	NA	NA	NA	NA	NA	NA	NA	NA	NA	NA	NA	NA	NA	NA	NA	NA	NA	NA	NA	NA	NA	NA	NA	NA	NA	NA	NA	NA	NA	NA	NA	NA	NA	NA	NA	NA	NA	NA	NA	NA	NA	NA	NA	NA
cg03153172	NA	NA	NA	NA	NA	NA	NA	NA	NA	NA	NA	NA	NA	NA	NA	NA	NA	NA	NA	NA	NA	NA	NA	NA	NA	NA	NA	NA	NA	NA	NA	NA	NA	NA	NA	NA	NA	NA	NA	NA	NA	NA	NA	NA	NA	NA	NA	NA	NA	NA	NA	NA	NA	NA	NA	NA	NA	NA	NA	NA	NA	NA	NA	NA	NA	NA
cg03185975	NA	NA	NA	NA	NA	NA	NA	NA	NA	NA	NA	NA	NA	NA	NA	NA	NA	NA	NA	NA	NA	NA	NA	NA	NA	NA	NA	NA	NA	NA	NA	NA	NA	NA	NA	NA	NA	NA	NA	NA	NA	NA	NA	NA	NA	NA	NA	NA	NA	NA	NA	NA	NA	NA	NA	NA	NA	NA	NA	NA	NA	NA	NA	NA	NA	NA
cg03186367	NA	NA	NA	NA	NA	NA	NA	NA	NA	NA	NA	NA	NA	NA	NA	NA	NA	NA	NA	NA	NA	NA	NA	NA	NA	NA	NA	NA	NA	NA	NA	NA	NA	NA	NA	NA	NA	NA	NA	NA	NA	NA	NA	NA	NA	NA	NA	NA	NA	NA	NA	NA	NA	NA	NA	NA	NA	NA	NA	NA	NA	NA	NA	NA	NA	NA
cg03189593	NA	NA	NA	NA	NA	NA	NA	NA	NA	NA	NA	NA	NA	NA	NA	NA	NA	NA	NA	NA	NA	NA	NA	NA	NA	NA	NA	NA	NA	NA	NA	NA	NA	NA	NA	NA	NA	NA	NA	NA	NA	NA	NA	NA	NA	NA	NA	NA	NA	NA	NA	NA	NA	NA	NA	NA	NA	NA	NA	NA	NA	NA	NA	NA	NA	NA
cg03221698	0.923910315446084	0.921400537659987	0.942294886189168	0.942773989144605	0.930344898597761	0.937945717285387	0.944432302543552	0.942003209471065	0.919515010868916	0.949147340527708	0.922675040351795	0.928603507523637	0.94421573895053	0.928599523079535	0.528380468214355	0.920486228707923	0.935682810870476	0.951280772722878	0.961005444331705	0.931253199915577	0.948063081218874	0.934399874901537	0.678395669159096	0.919082680762451	0.944669262747276	0.941422532510358	0.944565684612541	0.927233115049277	0.962431958221768	0.947964023208997	0.932923369058143	0.918854586299306	0.961760537244059	0.947766637461311	0.942636450844231	0.966500004099727	0.933148448718902	0.950229405564685	0.929633444741598	0.956233724953984	0.952387351199859	0.936635217551974	0.946829316532043	0.920448758222543	0.932086618854383	0.960801050495279	0.925374569282658	0.967925797965202	0.935496728687447	0.921220333321163	0.938809119474421	0.909073650837689	0.948268784283896	0.949450614002248	0.938845093294784	0.972770709768058	0.941676395491926	0.92564964078855	0.945425850060767	0.900641573134917	0.939531841492461	0.965660496562628	0.945505968514484	0.90768660946555	0.934194916244693	0.582528493063935
cg03233224	NA	NA	NA	NA	NA	NA	NA	NA	NA	NA	NA	NA	NA	NA	NA	NA	NA	NA	NA	NA	NA	NA	NA	NA	NA	NA	NA	NA	NA	NA	NA	NA	NA	NA	NA	NA	NA	NA	NA	NA	NA	NA	NA	NA	NA	NA	NA	NA	NA	NA	NA	NA	NA	NA	NA	NA	NA	NA	NA	NA	NA	NA	NA	NA	NA	NA
cg03247301	0.272275899394819	0.886770244961891	0.940041255305752	0.797388340787136	0.888462426356228	0.907872559053564	0.901893378977784	0.890313993324712	0.498777406151809	0.229380813279903	0.875194927241381	0.873868407014568	0.916735488960836	0.354471339662344	0.913978823912868	0.350220435124146	0.861445894257309	0.535148625768017	0.911629421230758	0.650265836172131	0.203331336504251	0.931562156044337	0.522783840529004	0.790394052569169	0.34933576853795	0.156063716813183	0.814508461308385	0.631410200749466	0.672823396792912	0.859796339553436	0.241734242263629	0.904262650846128	0.91834335824463	0.874878815799998	0.888795407278939	0.909088056297604	0.813889057180467	0.900802690864769	0.321878401420242	0.87074480617853	0.893074477004158	0.894109787392122	0.378598984518952	0.887632148875265	0.866028518114594	0.966302579460872	0.915898053148478	0.929408924315333	0.911719963132398	0.219197535983417	0.868338052078672	0.870017300547471	0.100292667100274	0.277759401818594	0.933836797551576	0.176913438108213	0.916338281490525	0.13447142226976	0.224091402722079	0.752097562214017	0.936822303645738	0.898911253805089	0.908020015181305	0.925928351600035	0.74318439011064	0.85849615912479
cg03272020	NA	NA	NA	NA	NA	NA	NA	NA	NA	NA	NA	NA	NA	NA	NA	NA	NA	NA	NA	NA	NA	NA	NA	NA	NA	NA	NA	NA	NA	NA	NA	NA	NA	NA	NA	NA	NA	NA	NA	NA	NA	NA	NA	NA	NA	NA	NA	NA	NA	NA	NA	NA	NA	NA	NA	NA	NA	NA	NA	NA	NA	NA	NA	NA	NA	NA
cg03272958	NA	NA	NA	NA	NA	NA	NA	NA	NA	NA	NA	NA	NA	NA	NA	NA	NA	NA	NA	NA	NA	NA	NA	NA	NA	NA	NA	NA	NA	NA	NA	NA	NA	NA	NA	NA	NA	NA	NA	NA	NA	NA	NA	NA	NA	NA	NA	NA	NA	NA	NA	NA	NA	NA	NA	NA	NA	NA	NA	NA	NA	NA	NA	NA	NA	NA
cg03280759	NA	NA	NA	NA	NA	NA	NA	NA	NA	NA	NA	NA	NA	NA	NA	NA	NA	NA	NA	NA	NA	NA	NA	NA	NA	NA	NA	NA	NA	NA	NA	NA	NA	NA	NA	NA	NA	NA	NA	NA	NA	NA	NA	NA	NA	NA	NA	NA	NA	NA	NA	NA	NA	NA	NA	NA	NA	NA	NA	NA	NA	NA	NA	NA	NA	NA
cg03287616	NA	NA	NA	NA	NA	NA	NA	NA	NA	NA	NA	NA	NA	NA	NA	NA	NA	NA	NA	NA	NA	NA	NA	NA	NA	NA	NA	NA	NA	NA	NA	NA	NA	NA	NA	NA	NA	NA	NA	NA	NA	NA	NA	NA	NA	NA	NA	NA	NA	NA	NA	NA	NA	NA	NA	NA	NA	NA	NA	NA	NA	NA	NA	NA	NA	NA
cg03305017	0.920685899688542	0.939790118601576	0.956910170380661	0.945208597719489	0.95724341915307	0.949532377561272	0.957774615374841	0.967395959029295	0.921330184298491	0.922173930177034	0.945008635594564	0.927594491521528	0.947567574015525	0.91980110884898	0.688922428616536	0.943780147039389	0.626070090752193	0.950538928159743	0.638957471846493	0.87340907990331	0.953160763655906	0.944152982821181	0.838335790825628	0.937541143157228	0.632962407324623	0.958215710373443	0.915310386941796	0.847429408414107	0.900343597076103	0.550162745678327	0.961281366733893	0.963870161707839	0.947462231632354	0.910007781962704	0.630262512289106	0.96622559211069	0.935942722935262	0.959814869213891	0.16924797935977	0.949981493187118	0.943190267506869	0.614225920799966	0.898848921748478	0.919225884978033	0.939770568305875	0.956793485406358	0.942916523158907	0.941278008784336	0.934245537208114	0.956341972920209	0.818082917925038	0.922385093524807	0.959530315399558	0.600462750983592	0.940066808437922	0.957942731131912	0.956636604090949	0.665917047020213	0.954840253055425	0.899598252576416	0.948534460748303	0.958283475599834	0.957405805154255	0.944055069609567	0.733057809419771	0.937505899311865
cg03329408	NA	NA	NA	NA	NA	NA	NA	NA	NA	NA	NA	NA	NA	NA	NA	NA	NA	NA	NA	NA	NA	NA	NA	NA	NA	NA	NA	NA	NA	NA	NA	NA	NA	NA	NA	NA	NA	NA	NA	NA	NA	NA	NA	NA	NA	NA	NA	NA	NA	NA	NA	NA	NA	NA	NA	NA	NA	NA	NA	NA	NA	NA	NA	NA	NA	NA
cg03335128	0.857554094456132	0.340593067515875	NA	0.880941766252124	0.877219257114886	0.768566998637457	0.904085535116782	0.705505080242622	0.889988490879109	NA	0.897375321595878	0.839479106350741	0.864643534448057	0.874756248510304	0.845272153887787	0.922984074794034	0.878463882500504	0.898160459799874	NA	0.935684296658051	0.864458262449859	0.880255414565246	0.715079966351279	NA	0.893628442270537	0.89409335172471	0.92378509457197	0.923912963107806	0.927744874557932	0.843603752129559	0.90416689670255	0.695276722114278	0.926494693797539	0.922707920788987	0.34807930149719	NA	0.898077023738023	0.887324269135241	0.940305360165927	0.394946713365157	0.297929704595752	0.875461734638889	0.910113530845502	0.84976796269595	0.410797393962644	0.886097621145441	0.87177827275355	0.659891347682375	0.906219206050055	NA	0.693803648671909	0.928349963773702	NA	0.855081763507325	0.421236241199721	NA	0.323035260147588	0.286489981853234	0.34614650657817	0.875719168413942	NA	0.196800989893444	0.731022610802392	0.878927279265939	0.927657043377945	0.383132539348851
cg03336458	0.913985461093475	0.928511183982413	0.951246572778639	0.62603679760902	0.911928241109917	0.903495225178625	0.910028384701266	0.94120291064857	0.943041761339634	0.958916520324316	0.96221516454893	0.909762327121579	0.95097310081349	0.908595504467357	0.927286361854589	0.91980408070554	0.919353134099215	0.891880890176726	0.930969009309085	0.903469303493122	0.930094009812049	0.920394755224932	0.745512004817232	0.889394756074532	0.901573820509514	0.935119727027199	0.931754374799038	0.835889169202355	0.919259366347831	0.937404319464125	0.956078494081783	0.956711410727543	0.940628369481519	0.940980272951271	0.944342160387258	0.917609865724461	0.916212584077837	0.910492830431562	0.921903684130661	0.90024290326072	0.961440014131472	0.898476805324479	0.935209967684502	0.925423247803112	0.95776121324382	0.952654372697677	0.93917478988743	0.9505164110197	0.93948150297109	0.910439168505807	0.848746112606367	0.945614369997588	0.922750453120754	0.94123773905997	0.939536833387194	0.95006160625392	0.929355653836439	0.946354378671716	0.949337124004003	0.874806305738257	0.895198904510161	0.96631615660009	0.966461624803201	0.926592814746943	0.860414234573671	0.598373657405145
cg03342862	NA	NA	NA	NA	NA	NA	NA	NA	NA	NA	NA	NA	NA	NA	NA	NA	NA	NA	NA	NA	NA	NA	NA	NA	NA	NA	NA	NA	NA	NA	NA	NA	NA	NA	NA	NA	NA	NA	NA	NA	NA	NA	NA	NA	NA	NA	NA	NA	NA	NA	NA	NA	NA	NA	NA	NA	NA	NA	NA	NA	NA	NA	NA	NA	NA	NA
cg03344608	NA	NA	NA	NA	NA	NA	NA	NA	NA	NA	NA	NA	NA	NA	NA	NA	NA	NA	NA	NA	NA	NA	NA	NA	NA	NA	NA	NA	NA	NA	NA	NA	NA	NA	NA	NA	NA	NA	NA	NA	NA	NA	NA	NA	NA	NA	NA	NA	NA	NA	NA	NA	NA	NA	NA	NA	NA	NA	NA	NA	NA	NA	NA	NA	NA	NA
cg03370330	0.924836933808701	0.628959523110298	0.95580401042923	0.941056063786443	0.961710979579358	0.902103299778902	0.290137140283447	0.295298049583221	0.900522708319775	0.955715373846419	0.917582972054068	0.941018668755795	0.205760700916887	0.891012427913926	0.927552761889249	0.93915114646984	0.3918861840793	0.530936507763587	0.342766844729082	0.693410231894906	0.961150677941964	0.939652930320091	0.493412648530658	0.938337265156699	0.939736966589752	0.956336911705894	0.683614352891087	0.859144587252126	0.92298201513239	0.912130630659867	0.944045154918313	0.9400284076251	0.960351341315677	0.923871173971569	0.937603086652367	0.965445867052104	0.926187363573821	0.941688010517866	0.355217414644898	0.280329006090576	0.913282691732521	0.912830550531176	0.923351633233549	0.937506643154525	0.913625684107443	0.132734724215308	0.938221269488702	0.94264001956219	0.943867978369119	0.915895892915225	0.856564982069009	0.906561312529218	0.968245431449179	0.930911900248893	0.938861752551224	0.963913304475577	0.956456167137504	0.949229762877368	0.901981408286294	0.948035332098795	0.961929893751209	0.949123986634265	0.949186630903052	0.190367207014151	0.820218330480844	0.952844146048336
cg03374148	0.923089312557851	0.857540535110209	0.567213139058652	0.91742243882288	0.912581684647387	0.557393280471635	0.945814325331606	0.907119347083003	0.866591973443154	0.924753912388269	0.93665371962043	0.945870817236029	0.882311294859623	0.907958875590176	0.939178993873144	0.934119301422119	0.62116020100377	0.902571306425989	0.925280141220935	NA	0.930423985527489	0.906517114783173	0.217726127240449	0.876185679889951	0.948439962394039	0.915484370067736	0.797190668035654	0.9050381382299	0.921305010641507	0.933045192328373	0.922129605427563	0.917884472456241	0.921826896470493	0.92390409906466	0.936659252236147	0.939315065575035	0.887042132237541	0.912222954487983	0.293794004449732	0.934550827939314	0.929926238348005	0.917218576047263	0.896474502666307	0.921871524474201	0.169008380544507	0.947746988950826	0.927383340545636	0.948402018207363	0.925310753805281	0.917844699079982	0.93038279413516	0.853287310415994	0.913748458921265	0.908223645892675	0.890165240488363	0.914793256579483	0.945522737274336	0.914955443319017	0.901873413173324	0.780549166008641	0.518344642281482	0.90798376607789	0.933351840075207	0.902714282881021	0.911723321830928	0.884578539536531
cg03393472	NA	NA	NA	NA	NA	NA	NA	NA	NA	NA	NA	NA	NA	NA	NA	NA	NA	NA	NA	NA	NA	NA	NA	NA	NA	NA	NA	NA	NA	NA	NA	NA	NA	NA	NA	NA	NA	NA	NA	NA	NA	NA	NA	NA	NA	NA	NA	NA	NA	NA	NA	NA	NA	NA	NA	NA	NA	NA	NA	NA	NA	NA	NA	NA	NA	NA
cg03400512	NA	NA	NA	NA	NA	NA	NA	NA	NA	NA	NA	NA	NA	NA	NA	NA	NA	NA	NA	NA	NA	NA	NA	NA	NA	NA	NA	NA	NA	NA	NA	NA	NA	NA	NA	NA	NA	NA	NA	NA	NA	NA	NA	NA	NA	NA	NA	NA	NA	NA	NA	NA	NA	NA	NA	NA	NA	NA	NA	NA	NA	NA	NA	NA	NA	NA
cg03461361	NA	NA	NA	NA	NA	NA	NA	NA	NA	NA	NA	NA	NA	NA	NA	NA	NA	NA	NA	NA	NA	NA	NA	NA	NA	NA	NA	NA	NA	NA	NA	NA	NA	NA	NA	NA	NA	NA	NA	NA	NA	NA	NA	NA	NA	NA	NA	NA	NA	NA	NA	NA	NA	NA	NA	NA	NA	NA	NA	NA	NA	NA	NA	NA	NA	NA
cg03474461	NA	NA	NA	NA	NA	NA	NA	NA	NA	NA	NA	NA	NA	NA	NA	NA	NA	NA	NA	NA	NA	NA	NA	NA	NA	NA	NA	NA	NA	NA	NA	NA	NA	NA	NA	NA	NA	NA	NA	NA	NA	NA	NA	NA	NA	NA	NA	NA	NA	NA	NA	NA	NA	NA	NA	NA	NA	NA	NA	NA	NA	NA	NA	NA	NA	NA
cg03511766	NA	NA	NA	NA	NA	NA	NA	NA	NA	NA	NA	NA	NA	NA	NA	NA	NA	NA	NA	NA	NA	NA	NA	NA	NA	NA	NA	NA	NA	NA	NA	NA	NA	NA	NA	NA	NA	NA	NA	NA	NA	NA	NA	NA	NA	NA	NA	NA	NA	NA	NA	NA	NA	NA	NA	NA	NA	NA	NA	NA	NA	NA	NA	NA	NA	NA
cg03516394	NA	NA	NA	NA	NA	NA	NA	NA	NA	NA	NA	NA	NA	NA	NA	NA	NA	NA	NA	NA	NA	NA	NA	NA	NA	NA	NA	NA	NA	NA	NA	NA	NA	NA	NA	NA	NA	NA	NA	NA	NA	NA	NA	NA	NA	NA	NA	NA	NA	NA	NA	NA	NA	NA	NA	NA	NA	NA	NA	NA	NA	NA	NA	NA	NA	NA
cg03525847	NA	NA	NA	NA	NA	NA	NA	NA	NA	NA	NA	NA	NA	NA	NA	NA	NA	NA	NA	NA	NA	NA	NA	NA	NA	NA	NA	NA	NA	NA	NA	NA	NA	NA	NA	NA	NA	NA	NA	NA	NA	NA	NA	NA	NA	NA	NA	NA	NA	NA	NA	NA	NA	NA	NA	NA	NA	NA	NA	NA	NA	NA	NA	NA	NA	NA
cg03526100	NA	NA	NA	NA	NA	NA	NA	NA	NA	NA	NA	NA	NA	NA	NA	NA	NA	NA	NA	NA	NA	NA	NA	NA	NA	NA	NA	NA	NA	NA	NA	NA	NA	NA	NA	NA	NA	NA	NA	NA	NA	NA	NA	NA	NA	NA	NA	NA	NA	NA	NA	NA	NA	NA	NA	NA	NA	NA	NA	NA	NA	NA	NA	NA	NA	NA
cg03561071	0.946537496793551	0.949370425106695	0.964175188057205	0.953333015742893	0.949872312773128	0.953187734600159	0.936373019164194	0.944194027893511	0.937136129219909	0.956939287577911	0.944176964453997	0.926825043400745	0.928040697241997	0.930104341862459	0.954471096363085	0.942044224491363	0.92128768125329	0.954934221788755	0.961804699634594	0.633565203819882	0.951711532708207	0.932877652805042	0.587173632420668	0.947889967794949	0.952292457636026	0.953382665040999	0.962673591898392	0.900377539254159	0.950365374270273	0.951082840606684	0.925037149191404	0.896122856389229	0.947253749261352	0.915107414878362	0.546100548606194	0.947782974829344	0.932211765605901	0.927770387661836	0.715712511509038	0.90109281681322	0.949693403247503	0.925496329147424	0.93237976393687	0.933075808717822	0.914380560534787	0.955879920867294	0.944295089600895	0.950456856394645	0.923691128485501	0.948133247170917	0.893394587226293	0.935821546498196	0.933736460109521	0.954978720304664	0.948843777064014	0.949613080960116	0.952747744309535	0.860095786666846	0.9326518696249	0.883477763956982	0.943981412005646	0.829677272417378	0.94264650548578	0.932585124025871	0.848973681988481	0.863427451290875
cg03567106	NA	NA	NA	NA	NA	NA	NA	NA	NA	NA	NA	NA	NA	NA	NA	NA	NA	NA	NA	NA	NA	NA	NA	NA	NA	NA	NA	NA	NA	NA	NA	NA	NA	NA	NA	NA	NA	NA	NA	NA	NA	NA	NA	NA	NA	NA	NA	NA	NA	NA	NA	NA	NA	NA	NA	NA	NA	NA	NA	NA	NA	NA	NA	NA	NA	NA
cg03578552	NA	NA	NA	NA	NA	NA	NA	NA	NA	NA	NA	NA	NA	NA	NA	NA	NA	NA	NA	NA	NA	NA	NA	NA	NA	NA	NA	NA	NA	NA	NA	NA	NA	NA	NA	NA	NA	NA	NA	NA	NA	NA	NA	NA	NA	NA	NA	NA	NA	NA	NA	NA	NA	NA	NA	NA	NA	NA	NA	NA	NA	NA	NA	NA	NA	NA
cg03606093	NA	NA	NA	NA	NA	NA	NA	NA	NA	NA	NA	NA	NA	NA	NA	NA	NA	NA	NA	NA	NA	NA	NA	NA	NA	NA	NA	NA	NA	NA	NA	NA	NA	NA	NA	NA	NA	NA	NA	NA	NA	NA	NA	NA	NA	NA	NA	NA	NA	NA	NA	NA	NA	NA	NA	NA	NA	NA	NA	NA	NA	NA	NA	NA	NA	NA
cg03646967	NA	NA	NA	NA	NA	NA	NA	NA	NA	NA	NA	NA	NA	NA	NA	NA	NA	NA	NA	NA	NA	NA	NA	NA	NA	NA	NA	NA	NA	NA	NA	NA	NA	NA	NA	NA	NA	NA	NA	NA	NA	NA	NA	NA	NA	NA	NA	NA	NA	NA	NA	NA	NA	NA	NA	NA	NA	NA	NA	NA	NA	NA	NA	NA	NA	NA
cg03659851	NA	NA	NA	NA	NA	NA	NA	NA	NA	NA	NA	NA	NA	NA	NA	NA	NA	NA	NA	NA	NA	NA	NA	NA	NA	NA	NA	NA	NA	NA	NA	NA	NA	NA	NA	NA	NA	NA	NA	NA	NA	NA	NA	NA	NA	NA	NA	NA	NA	NA	NA	NA	NA	NA	NA	NA	NA	NA	NA	NA	NA	NA	NA	NA	NA	NA
cg03663072	NA	NA	NA	NA	NA	NA	NA	NA	NA	NA	NA	NA	NA	NA	NA	NA	NA	NA	NA	NA	NA	NA	NA	NA	NA	NA	NA	NA	NA	NA	NA	NA	NA	NA	NA	NA	NA	NA	NA	NA	NA	NA	NA	NA	NA	NA	NA	NA	NA	NA	NA	NA	NA	NA	NA	NA	NA	NA	NA	NA	NA	NA	NA	NA	NA	NA
cg03667040	NA	NA	NA	NA	NA	NA	NA	NA	NA	NA	NA	NA	NA	NA	NA	NA	NA	NA	NA	NA	NA	NA	NA	NA	NA	NA	NA	NA	NA	NA	NA	NA	NA	NA	NA	NA	NA	NA	NA	NA	NA	NA	NA	NA	NA	NA	NA	NA	NA	NA	NA	NA	NA	NA	NA	NA	NA	NA	NA	NA	NA	NA	NA	NA	NA	NA
cg03777697	0.945310921547088	0.939497019855282	0.936798403025979	0.920049732438161	0.92219714901861	0.918636131781048	0.907380075739061	0.920961919241012	NA	0.894356003538891	0.89922386406982	0.9385881768179	0.889050630073644	0.902578539864703	0.909296240475683	0.896172870828211	0.903516946107091	0.908430289443642	0.936880010976698	0.92105479571131	0.886994478088554	0.872501364547872	0.948213069526725	0.850149959509131	0.908387238122244	0.947636894595255	0.940194491584891	0.92944093129555	0.861940667617924	0.934812338008002	0.888523720814965	0.913594738410371	0.890380998438234	0.907985296554236	0.925490768228236	0.917046097430904	0.93745216730625	0.907980493098492	0.903067055200898	0.932419976306913	0.946323933713445	0.925829944701827	0.893124809505212	0.868038471456562	0.875517760189695	0.950917372983334	0.887722799268853	0.914701031942848	0.923218084610323	0.892673449536806	0.939423435703662	0.913477664010052	0.874784929503479	0.931460521134424	0.924677190013963	0.896605061523597	0.916529927690722	NA	0.934300493376311	0.925325364669683	0.872864471951913	0.911029235374293	0.885092775906957	0.871618142662948	0.918799147201666	0.911975842922796
cg03796122	NA	NA	NA	NA	NA	NA	NA	NA	NA	NA	NA	NA	NA	NA	NA	NA	NA	NA	NA	NA	NA	NA	NA	NA	NA	NA	NA	NA	NA	NA	NA	NA	NA	NA	NA	NA	NA	NA	NA	NA	NA	NA	NA	NA	NA	NA	NA	NA	NA	NA	NA	NA	NA	NA	NA	NA	NA	NA	NA	NA	NA	NA	NA	NA	NA	NA
cg03826683	NA	NA	NA	NA	NA	NA	NA	NA	NA	NA	NA	NA	NA	NA	NA	NA	NA	NA	NA	NA	NA	NA	NA	NA	NA	NA	NA	NA	NA	NA	NA	NA	NA	NA	NA	NA	NA	NA	NA	NA	NA	NA	NA	NA	NA	NA	NA	NA	NA	NA	NA	NA	NA	NA	NA	NA	NA	NA	NA	NA	NA	NA	NA	NA	NA	NA
cg03833216	0.896202941811963	0.91039541314838	0.901181061069989	0.849382567830971	0.929479168804513	0.888663654308478	0.891109640781094	0.802805973952493	0.859499048354898	0.876720972416416	0.867079952211407	0.270061097608324	0.894022915948908	0.860190654778673	0.889391094080184	0.887637759451437	0.878648672559551	0.794687710412609	0.874888188296702	NA	0.888473379397407	0.833044497792319	0.774152952215819	0.859510627113711	0.908205024569511	0.94013385636379	0.924929617093623	0.88381963242983	NA	0.925838921025081	0.892185000304805	0.905922794161595	0.880278287749901	0.898542952278991	0.895908648510081	0.924821484141156	0.7476401997868	0.89494029943752	0.205192341331808	0.86632038578315	0.912165795859973	0.908025697685345	NA	0.893144771409903	0.820288289838473	0.907493253418218	0.894893527041918	0.905046201837766	0.909546837270492	0.912695183636534	0.886012353545951	0.828338441316604	0.89571176483187	NA	0.914102502135007	0.905798975873356	NA	0.846864716115416	0.903177269168561	0.859956872866986	0.902012164949361	0.92120444049393	0.917745993048712	NA	0.831274814123093	0.897497960017401
cg03838823	NA	NA	NA	NA	NA	NA	NA	NA	NA	NA	NA	NA	NA	NA	NA	NA	NA	NA	NA	NA	NA	NA	NA	NA	NA	NA	NA	NA	NA	NA	NA	NA	NA	NA	NA	NA	NA	NA	NA	NA	NA	NA	NA	NA	NA	NA	NA	NA	NA	NA	NA	NA	NA	NA	NA	NA	NA	NA	NA	NA	NA	NA	NA	NA	NA	NA
cg03840912	0.924672521545742	0.941771016904538	0.669823473603272	0.933958702730122	0.939516058301146	0.951157528101969	0.923709224514859	0.941866583449812	0.916517233090587	0.973575758593519	0.940976241866525	0.963940821803132	0.941548773229331	0.909931603725967	0.937326932254061	0.944740308189099	0.930854893528573	0.943717633389201	0.933793764933953	0.952532143657956	0.923612305936528	0.961062276613751	0.744345580498892	0.91833772563939	0.932373399192043	0.94007849671827	0.953002819989448	0.947822454460865	0.958779758655842	0.94215301161995	0.524547889390217	0.9404725678106	0.928773358008903	0.948499946899072	0.960610933623323	0.661210513942043	0.602316970172652	0.951077858230568	0.339945966144966	0.94226878226215	0.946822101971531	0.931639515961624	0.856623828653362	0.969530560961437	0.969505589296289	0.946358568198229	0.938032746574267	0.951356690889436	0.9414319572326	0.938405278761697	0.957612999882948	0.893064154850834	0.958386442752893	0.942963078021433	0.962072314029069	0.936075222339781	0.93160608397019	0.945116884310431	0.946127993551107	0.924271851765989	0.935797734919952	0.971471841078086	0.96161270904747	0.559889955846873	0.950139898305525	0.953136904384405
cg03843092	0.512141300022469	0.740707222330063	0.892083653471091	0.505752881562923	0.529088105872565	0.880496507129687	0.854441695733864	0.859051577851899	0.835482513790057	0.886697639637981	0.825491127741236	0.539003623454768	0.861549267163106	0.804502097920652	0.583637579502104	0.851041004502166	0.51613722400145	0.829474664433019	0.864663098391559	0.321822760515463	0.452865611708415	0.873401776183547	0.484735197922657	0.79002039975755	0.812690303140945	0.513856649477022	0.791668879538093	0.665206484381294	0.661287435276206	0.712949281710194	0.832287608517772	0.884331883337823	0.535787834455847	0.825442162865306	0.85010506780838	0.560188779524306	0.669057307784795	0.808511784945903	0.726856602336685	0.869884150364033	0.850861147709618	0.835350517370568	0.145223370807586	0.556254205589589	0.856539140191238	0.930804136064214	0.831503319147112	0.935203745461407	0.543171115700657	0.83980707890096	0.831094842736348	0.705261704373316	0.473579848780548	0.869915762054795	0.70667614199746	0.544471396410654	0.55654910129434	0.935564220626709	0.890804442336417	0.801590551830543	0.115430342902991	0.553361931058352	0.506116113253956	0.885183068634559	0.727890873574551	0.792647636289275
cg03859106	NA	NA	NA	NA	NA	NA	NA	NA	NA	NA	NA	NA	NA	NA	NA	NA	NA	NA	NA	NA	NA	NA	NA	NA	NA	NA	NA	NA	NA	NA	NA	NA	NA	NA	NA	NA	NA	NA	NA	NA	NA	NA	NA	NA	NA	NA	NA	NA	NA	NA	NA	NA	NA	NA	NA	NA	NA	NA	NA	NA	NA	NA	NA	NA	NA	NA
cg03885144	NA	NA	NA	NA	NA	NA	NA	NA	NA	NA	NA	NA	NA	NA	NA	NA	NA	NA	NA	NA	NA	NA	NA	NA	NA	NA	NA	NA	NA	NA	NA	NA	NA	NA	NA	NA	NA	NA	NA	NA	NA	NA	NA	NA	NA	NA	NA	NA	NA	NA	NA	NA	NA	NA	NA	NA	NA	NA	NA	NA	NA	NA	NA	NA	NA	NA
cg03890998	NA	NA	NA	NA	NA	NA	NA	NA	NA	NA	NA	NA	NA	NA	NA	NA	NA	NA	NA	NA	NA	NA	NA	NA	NA	NA	NA	NA	NA	NA	NA	NA	NA	NA	NA	NA	NA	NA	NA	NA	NA	NA	NA	NA	NA	NA	NA	NA	NA	NA	NA	NA	NA	NA	NA	NA	NA	NA	NA	NA	NA	NA	NA	NA	NA	NA
cg03913000	NA	NA	NA	NA	NA	NA	NA	NA	NA	NA	NA	NA	NA	NA	NA	NA	NA	NA	NA	NA	NA	NA	NA	NA	NA	NA	NA	NA	NA	NA	NA	NA	NA	NA	NA	NA	NA	NA	NA	NA	NA	NA	NA	NA	NA	NA	NA	NA	NA	NA	NA	NA	NA	NA	NA	NA	NA	NA	NA	NA	NA	NA	NA	NA	NA	NA
cg03933786	NA	NA	NA	NA	NA	NA	NA	NA	NA	NA	NA	NA	NA	NA	NA	NA	NA	NA	NA	NA	NA	NA	NA	NA	NA	NA	NA	NA	NA	NA	NA	NA	NA	NA	NA	NA	NA	NA	NA	NA	NA	NA	NA	NA	NA	NA	NA	NA	NA	NA	NA	NA	NA	NA	NA	NA	NA	NA	NA	NA	NA	NA	NA	NA	NA	NA
cg03935072	NA	NA	NA	NA	NA	NA	NA	NA	NA	NA	NA	NA	NA	NA	NA	NA	NA	NA	NA	NA	NA	NA	NA	NA	NA	NA	NA	NA	NA	NA	NA	NA	NA	NA	NA	NA	NA	NA	NA	NA	NA	NA	NA	NA	NA	NA	NA	NA	NA	NA	NA	NA	NA	NA	NA	NA	NA	NA	NA	NA	NA	NA	NA	NA	NA	NA
cg03996098	NA	NA	NA	NA	NA	NA	NA	NA	NA	NA	NA	NA	NA	NA	NA	NA	NA	NA	NA	NA	NA	NA	NA	NA	NA	NA	NA	NA	NA	NA	NA	NA	NA	NA	NA	NA	NA	NA	NA	NA	NA	NA	NA	NA	NA	NA	NA	NA	NA	NA	NA	NA	NA	NA	NA	NA	NA	NA	NA	NA	NA	NA	NA	NA	NA	NA
cg04002935	NA	NA	NA	NA	NA	NA	NA	NA	NA	NA	NA	NA	NA	NA	NA	NA	NA	NA	NA	NA	NA	NA	NA	NA	NA	NA	NA	NA	NA	NA	NA	NA	NA	NA	NA	NA	NA	NA	NA	NA	NA	NA	NA	NA	NA	NA	NA	NA	NA	NA	NA	NA	NA	NA	NA	NA	NA	NA	NA	NA	NA	NA	NA	NA	NA	NA
cg04006206	NA	NA	NA	NA	NA	NA	NA	NA	NA	NA	NA	NA	NA	NA	NA	NA	NA	NA	NA	NA	NA	NA	NA	NA	NA	NA	NA	NA	NA	NA	NA	NA	NA	NA	NA	NA	NA	NA	NA	NA	NA	NA	NA	NA	NA	NA	NA	NA	NA	NA	NA	NA	NA	NA	NA	NA	NA	NA	NA	NA	NA	NA	NA	NA	NA	NA
cg04026763	NA	NA	NA	NA	NA	NA	NA	NA	NA	NA	NA	NA	NA	NA	NA	NA	NA	NA	NA	NA	NA	NA	NA	NA	NA	NA	NA	NA	NA	NA	NA	NA	NA	NA	NA	NA	NA	NA	NA	NA	NA	NA	NA	NA	NA	NA	NA	NA	NA	NA	NA	NA	NA	NA	NA	NA	NA	NA	NA	NA	NA	NA	NA	NA	NA	NA
cg04031354	NA	NA	NA	NA	NA	NA	NA	NA	NA	NA	NA	NA	NA	NA	NA	NA	NA	NA	NA	NA	NA	NA	NA	NA	NA	NA	NA	NA	NA	NA	NA	NA	NA	NA	NA	NA	NA	NA	NA	NA	NA	NA	NA	NA	NA	NA	NA	NA	NA	NA	NA	NA	NA	NA	NA	NA	NA	NA	NA	NA	NA	NA	NA	NA	NA	NA
cg04055096	0.891668097471448	0.618277489146076	0.916184736578662	0.560839293590169	0.444197123467246	0.384771172699883	0.897971204433283	0.901319550650379	0.662755785674126	0.886361361193602	0.92421258097427	0.525931178239206	0.905132499624472	0.670641216804507	0.89863824990053	0.908512567540821	0.640584544122644	0.617463016121691	0.900141731176797	0.524107483594524	0.900935551672667	0.584726260501575	0.69666956290946	0.928505711855404	0.401244042950345	0.739277162916806	0.912324157168318	0.777133769037493	0.777174654425365	0.899641664352648	0.893413255512898	0.896976134396055	0.890341082558441	0.897115459835191	0.799477898543605	0.905647369085447	0.39419619740093	0.889800539821224	0.498408233989297	0.597093189601295	0.917735211856981	0.622679488420613	0.731681370582466	0.891678071650117	0.913073879197385	0.834973862443315	0.882642848851187	0.901378706226121	0.897447127359757	0.880073133647404	0.680341141403444	0.843316120607166	0.788652161657638	0.752504908621371	0.726792564803414	0.906457398473196	0.905939665959057	0.894831083554833	0.900519430362096	0.867205022832156	0.93712554688295	0.523206291378603	0.91183266990093	0.921349668974044	0.893931147325481	0.81856929484967
cg04062303	NA	NA	NA	NA	NA	NA	NA	NA	NA	NA	NA	NA	NA	NA	NA	NA	NA	NA	NA	NA	NA	NA	NA	NA	NA	NA	NA	NA	NA	NA	NA	NA	NA	NA	NA	NA	NA	NA	NA	NA	NA	NA	NA	NA	NA	NA	NA	NA	NA	NA	NA	NA	NA	NA	NA	NA	NA	NA	NA	NA	NA	NA	NA	NA	NA	NA
cg04076763	NA	NA	NA	NA	NA	NA	NA	NA	NA	NA	NA	NA	NA	NA	NA	NA	NA	NA	NA	NA	NA	NA	NA	NA	NA	NA	NA	NA	NA	NA	NA	NA	NA	NA	NA	NA	NA	NA	NA	NA	NA	NA	NA	NA	NA	NA	NA	NA	NA	NA	NA	NA	NA	NA	NA	NA	NA	NA	NA	NA	NA	NA	NA	NA	NA	NA
cg04100169	NA	NA	NA	NA	NA	NA	NA	NA	NA	NA	NA	NA	NA	NA	NA	NA	NA	NA	NA	NA	NA	NA	NA	NA	NA	NA	NA	NA	NA	NA	NA	NA	NA	NA	NA	NA	NA	NA	NA	NA	NA	NA	NA	NA	NA	NA	NA	NA	NA	NA	NA	NA	NA	NA	NA	NA	NA	NA	NA	NA	NA	NA	NA	NA	NA	NA
cg04103847	0.742609533191315	0.71475812987811	0.917949369309016	0.540412475230058	0.907396708785785	0.851464732542048	0.783958438244626	0.773701775215295	0.753752669435578	0.2413363715879	0.882178168824961	0.774365356121227	0.924233733412383	0.780204773418029	0.65706949682303	0.707008192416617	0.809121356359259	0.779544636773854	0.822947825985696	0.295668289741222	0.9257845143841	0.872568127319735	0.223280133348316	0.772260530169448	0.842947158160227	0.903046942095439	0.784015253326088	0.712350969838788	0.790330068367749	0.852382533137184	0.836800852488889	0.849897979255176	0.838790884103534	0.799346341197206	0.825982943654321	0.89840955936403	0.607198806195136	0.903103230645609	0.375403174506925	0.58000717078335	0.222014838495066	0.837020772498442	0.285841543313841	0.774621463432964	0.806416705743968	0.955473541322445	0.292172657778209	0.914142963597685	0.874721508905782	0.792679168378498	0.71654575808497	0.713002443971657	0.844160305527792	0.931077155929555	0.827058257275443	0.934303789752693	0.882190605559506	0.926694951893395	0.246612640393955	0.308744232123129	0.523019058293889	0.935364529758223	0.861872672383002	0.877630267885628	0.556770313500614	0.533471499390158
cg04114537	NA	NA	NA	NA	NA	NA	NA	NA	NA	NA	NA	NA	NA	NA	NA	NA	NA	NA	NA	NA	NA	NA	NA	NA	NA	NA	NA	NA	NA	NA	NA	NA	NA	NA	NA	NA	NA	NA	NA	NA	NA	NA	NA	NA	NA	NA	NA	NA	NA	NA	NA	NA	NA	NA	NA	NA	NA	NA	NA	NA	NA	NA	NA	NA	NA	NA
cg04143547	NA	NA	NA	NA	NA	NA	NA	NA	NA	NA	NA	NA	NA	NA	NA	NA	NA	NA	NA	NA	NA	NA	NA	NA	NA	NA	NA	NA	NA	NA	NA	NA	NA	NA	NA	NA	NA	NA	NA	NA	NA	NA	NA	NA	NA	NA	NA	NA	NA	NA	NA	NA	NA	NA	NA	NA	NA	NA	NA	NA	NA	NA	NA	NA	NA	NA
cg04167811	NA	NA	NA	NA	NA	NA	NA	NA	NA	NA	NA	NA	NA	NA	NA	NA	NA	NA	NA	NA	NA	NA	NA	NA	NA	NA	NA	NA	NA	NA	NA	NA	NA	NA	NA	NA	NA	NA	NA	NA	NA	NA	NA	NA	NA	NA	NA	NA	NA	NA	NA	NA	NA	NA	NA	NA	NA	NA	NA	NA	NA	NA	NA	NA	NA	NA
cg04216073	0.936872514571416	0.893723075980926	0.921157637335871	0.934023483275987	0.941275809802525	0.925651595552466	0.929785202445096	0.920197974423355	0.893677394013845	0.916091699986299	0.938271112100888	0.940349542325046	0.908108418911933	0.933753871844042	0.858582458661385	0.935442376094167	0.929047092344227	0.935075248714257	0.922447442612332	0.898882932807184	0.934277551812485	0.922456426654568	0.868418550259361	0.899715226599445	0.94196868159621	0.938908380011387	0.941147912557112	0.907741724231332	0.893755464245375	0.95154171735645	0.954673209536347	0.939222835093617	0.876418142979485	0.931308036897901	0.905104678134125	0.951838907492849	0.734222789139488	0.940714548165684	0.38965628940561	0.918982626533025	0.937123527006565	0.927856276670245	0.216584129006051	0.931528923978896	0.934678958426554	0.945990994924118	0.923296115814766	0.949327759673994	0.948235868050524	0.938994265993185	0.928472787590128	0.894554442901413	0.854202435410534	0.635589682259127	0.944188313855677	0.943052750516205	0.939862430379192	0.848525947706576	0.940394999915688	0.919348238690542	0.930107198716832	0.905038125246831	0.944587203998038	0.933300238822976	0.883000509465474	0.935647724240003
cg04223924	0.181380214738665	0.199777989190787	0.16334548542254	0.0973016449422496	0.142819515017998	0.112322874072541	0.209720821637782	0.195785950479479	0.194950320444014	0.150712970173824	0.0810221725153945	0.249857576409717	NA	0.190978794413329	0.101506978252244	0.242370064033166	0.202781971616248	0.135911258933252	0.278459072513082	0.429742253459539	0.175721471561755	NA	0.196237613360867	0.170981831298539	0.16196594388483	0.110435631904054	0.201260290278261	0.299259439549383	0.26201355337429	0.167182729472943	0.119491133522423	0.205605339986759	0.102704262387638	0.183778177935321	0.178932864737248	0.160571675485578	0.129707937972566	0.114525224046649	0.755898458835382	0.104179205351769	0.147262472356264	0.364464244782935	NA	0.118206172418148	NA	0.156379654787541	NA	0.187429585303465	0.463428479965191	0.220957729101128	0.378735461750992	0.183830371547958	0.122146861520184	NA	0.275451904845148	0.861639021924308	0.112105044620301	NA	0.129808115789566	0.328210673013927	NA	0.202725879244498	0.134148062695365	0.745196353880927	0.335027669932177	NA
cg04224084	NA	NA	NA	NA	NA	NA	NA	NA	NA	NA	NA	NA	NA	NA	NA	NA	NA	NA	NA	NA	NA	NA	NA	NA	NA	NA	NA	NA	NA	NA	NA	NA	NA	NA	NA	NA	NA	NA	NA	NA	NA	NA	NA	NA	NA	NA	NA	NA	NA	NA	NA	NA	NA	NA	NA	NA	NA	NA	NA	NA	NA	NA	NA	NA	NA	NA
cg04240603	NA	NA	NA	NA	NA	NA	NA	NA	NA	NA	NA	NA	NA	NA	NA	NA	NA	NA	NA	NA	NA	NA	NA	NA	NA	NA	NA	NA	NA	NA	NA	NA	NA	NA	NA	NA	NA	NA	NA	NA	NA	NA	NA	NA	NA	NA	NA	NA	NA	NA	NA	NA	NA	NA	NA	NA	NA	NA	NA	NA	NA	NA	NA	NA	NA	NA
cg04261102	NA	NA	NA	NA	NA	NA	NA	NA	NA	NA	NA	NA	NA	NA	NA	NA	NA	NA	NA	NA	NA	NA	NA	NA	NA	NA	NA	NA	NA	NA	NA	NA	NA	NA	NA	NA	NA	NA	NA	NA	NA	NA	NA	NA	NA	NA	NA	NA	NA	NA	NA	NA	NA	NA	NA	NA	NA	NA	NA	NA	NA	NA	NA	NA	NA	NA
cg04273604	NA	NA	NA	NA	NA	NA	NA	NA	NA	NA	NA	NA	NA	NA	NA	NA	NA	NA	NA	NA	NA	NA	NA	NA	NA	NA	NA	NA	NA	NA	NA	NA	NA	NA	NA	NA	NA	NA	NA	NA	NA	NA	NA	NA	NA	NA	NA	NA	NA	NA	NA	NA	NA	NA	NA	NA	NA	NA	NA	NA	NA	NA	NA	NA	NA	NA
cg04280377	NA	NA	NA	NA	NA	NA	NA	NA	NA	NA	NA	NA	NA	NA	NA	NA	NA	NA	NA	NA	NA	NA	NA	NA	NA	NA	NA	NA	NA	NA	NA	NA	NA	NA	NA	NA	NA	NA	NA	NA	NA	NA	NA	NA	NA	NA	NA	NA	NA	NA	NA	NA	NA	NA	NA	NA	NA	NA	NA	NA	NA	NA	NA	NA	NA	NA
cg04285493	NA	NA	NA	NA	NA	NA	NA	NA	NA	NA	NA	NA	NA	NA	NA	NA	NA	NA	NA	NA	NA	NA	NA	NA	NA	NA	NA	NA	NA	NA	NA	NA	NA	NA	NA	NA	NA	NA	NA	NA	NA	NA	NA	NA	NA	NA	NA	NA	NA	NA	NA	NA	NA	NA	NA	NA	NA	NA	NA	NA	NA	NA	NA	NA	NA	NA
cg04370860	0.878607360021926	0.720394032493855	0.951056663150682	0.949210759731683	0.915053954706107	0.924492520232154	0.922925125666294	0.948921384046545	NA	0.881926181281339	0.905463581590759	0.921743695139185	0.917341351374364	0.914150117269612	0.947386335560654	0.785047879004431	0.941519026912008	0.939183116998329	0.948033911465256	0.922684711997232	0.91562942852388	0.779521529874296	0.584808614683041	0.928084184489399	0.944238456811658	0.9502318332041	0.935403992430577	0.930911313231801	0.941220904991626	0.935887963833723	0.942905137500857	0.703355838358776	0.943284207145995	0.943041268032905	0.925932220995091	0.697496758151255	0.921768919991315	0.941702910328623	0.937141994000197	0.921040092041052	0.944411710590345	0.94656715841596	0.910777028330043	0.800501920014105	0.93043846395328	0.921722065172718	0.944274685437364	0.94764824035281	0.713317146843895	0.934506295561919	0.929954619852274	0.935759389121057	0.176656249466211	0.925111586716378	0.935121203697671	0.947221587027826	0.904745030167958	0.934833941633177	0.893928744536567	0.937608233919904	0.813531710086506	0.766168554078716	0.941511455239003	0.935820842262948	0.874787540596068	0.846440031974473
cg04379416	NA	NA	NA	NA	NA	NA	NA	NA	NA	NA	NA	NA	NA	NA	NA	NA	NA	NA	NA	NA	NA	NA	NA	NA	NA	NA	NA	NA	NA	NA	NA	NA	NA	NA	NA	NA	NA	NA	NA	NA	NA	NA	NA	NA	NA	NA	NA	NA	NA	NA	NA	NA	NA	NA	NA	NA	NA	NA	NA	NA	NA	NA	NA	NA	NA	NA
cg04392293	NA	NA	NA	NA	NA	NA	NA	NA	NA	NA	NA	NA	NA	NA	NA	NA	NA	NA	NA	NA	NA	NA	NA	NA	NA	NA	NA	NA	NA	NA	NA	NA	NA	NA	NA	NA	NA	NA	NA	NA	NA	NA	NA	NA	NA	NA	NA	NA	NA	NA	NA	NA	NA	NA	NA	NA	NA	NA	NA	NA	NA	NA	NA	NA	NA	NA
cg04407400	NA	NA	NA	NA	NA	NA	NA	NA	NA	NA	NA	NA	NA	NA	NA	NA	NA	NA	NA	NA	NA	NA	NA	NA	NA	NA	NA	NA	NA	NA	NA	NA	NA	NA	NA	NA	NA	NA	NA	NA	NA	NA	NA	NA	NA	NA	NA	NA	NA	NA	NA	NA	NA	NA	NA	NA	NA	NA	NA	NA	NA	NA	NA	NA	NA	NA
cg04474903	NA	NA	NA	NA	NA	NA	NA	NA	NA	NA	NA	NA	NA	NA	NA	NA	NA	NA	NA	NA	NA	NA	NA	NA	NA	NA	NA	NA	NA	NA	NA	NA	NA	NA	NA	NA	NA	NA	NA	NA	NA	NA	NA	NA	NA	NA	NA	NA	NA	NA	NA	NA	NA	NA	NA	NA	NA	NA	NA	NA	NA	NA	NA	NA	NA	NA
cg04477079	NA	NA	NA	NA	NA	NA	NA	NA	NA	NA	NA	NA	NA	NA	NA	NA	NA	NA	NA	NA	NA	NA	NA	NA	NA	NA	NA	NA	NA	NA	NA	NA	NA	NA	NA	NA	NA	NA	NA	NA	NA	NA	NA	NA	NA	NA	NA	NA	NA	NA	NA	NA	NA	NA	NA	NA	NA	NA	NA	NA	NA	NA	NA	NA	NA	NA
cg04487158	NA	NA	NA	NA	NA	NA	NA	NA	NA	NA	NA	NA	NA	NA	NA	NA	NA	NA	NA	NA	NA	NA	NA	NA	NA	NA	NA	NA	NA	NA	NA	NA	NA	NA	NA	NA	NA	NA	NA	NA	NA	NA	NA	NA	NA	NA	NA	NA	NA	NA	NA	NA	NA	NA	NA	NA	NA	NA	NA	NA	NA	NA	NA	NA	NA	NA
cg04498159	NA	NA	NA	NA	NA	NA	NA	NA	NA	NA	NA	NA	NA	NA	NA	NA	NA	NA	NA	NA	NA	NA	NA	NA	NA	NA	NA	NA	NA	NA	NA	NA	NA	NA	NA	NA	NA	NA	NA	NA	NA	NA	NA	NA	NA	NA	NA	NA	NA	NA	NA	NA	NA	NA	NA	NA	NA	NA	NA	NA	NA	NA	NA	NA	NA	NA
cg04509365	NA	NA	NA	NA	NA	NA	NA	NA	NA	NA	NA	NA	NA	NA	NA	NA	NA	NA	NA	NA	NA	NA	NA	NA	NA	NA	NA	NA	NA	NA	NA	NA	NA	NA	NA	NA	NA	NA	NA	NA	NA	NA	NA	NA	NA	NA	NA	NA	NA	NA	NA	NA	NA	NA	NA	NA	NA	NA	NA	NA	NA	NA	NA	NA	NA	NA
cg04577395	NA	NA	NA	NA	NA	NA	NA	NA	NA	NA	NA	NA	NA	NA	NA	NA	NA	NA	NA	NA	NA	NA	NA	NA	NA	NA	NA	NA	NA	NA	NA	NA	NA	NA	NA	NA	NA	NA	NA	NA	NA	NA	NA	NA	NA	NA	NA	NA	NA	NA	NA	NA	NA	NA	NA	NA	NA	NA	NA	NA	NA	NA	NA	NA	NA	NA
cg04586418	0.626896054573851	0.944023192387946	0.951069100886374	0.603321424145009	0.944324104439512	0.906998319564382	0.946506746379694	0.942457793329613	0.924840636320858	0.952765861996421	0.648661225863068	0.939152133040574	0.943827268714162	0.383356472775663	0.957886216278823	0.932741170758431	0.653199354415107	0.949767171574504	0.937611507150884	0.941598010544027	0.92720742005849	0.944796019379923	0.916583287479113	0.64934483979091	0.950139530978807	0.964999111969459	0.931206815315344	0.950407978850071	0.946578596416127	0.540643213640396	0.662632521207159	0.951138425185141	0.936979071522905	0.947059093877376	0.925531941134744	0.916929339079823	0.628688931106143	0.930087685969246	0.92914226946469	0.973335686100322	0.957524114898653	0.818680946061381	0.834653169790073	0.94351881872767	0.917802940595817	0.602321422539743	0.609520968080144	0.592769697472201	0.715716079260073	0.671763176345151	0.931577402938094	0.872653696620629	0.561651868979219	0.956184386019192	0.952992530590736	0.929648815313506	0.955733111247414	0.946709459508863	0.269335524151809	0.946758651187285	0.636099561901537	0.956175177269521	0.63208153377788	0.947990172461278	0.922728419171607	0.641602034938532
cg04611407	NA	NA	NA	NA	NA	NA	NA	NA	NA	NA	NA	NA	NA	NA	NA	NA	NA	NA	NA	NA	NA	NA	NA	NA	NA	NA	NA	NA	NA	NA	NA	NA	NA	NA	NA	NA	NA	NA	NA	NA	NA	NA	NA	NA	NA	NA	NA	NA	NA	NA	NA	NA	NA	NA	NA	NA	NA	NA	NA	NA	NA	NA	NA	NA	NA	NA
cg04612869	NA	NA	NA	NA	NA	NA	NA	NA	NA	NA	NA	NA	NA	NA	NA	NA	NA	NA	NA	NA	NA	NA	NA	NA	NA	NA	NA	NA	NA	NA	NA	NA	NA	NA	NA	NA	NA	NA	NA	NA	NA	NA	NA	NA	NA	NA	NA	NA	NA	NA	NA	NA	NA	NA	NA	NA	NA	NA	NA	NA	NA	NA	NA	NA	NA	NA
cg04613945	NA	NA	NA	NA	NA	NA	NA	NA	NA	NA	NA	NA	NA	NA	NA	NA	NA	NA	NA	NA	NA	NA	NA	NA	NA	NA	NA	NA	NA	NA	NA	NA	NA	NA	NA	NA	NA	NA	NA	NA	NA	NA	NA	NA	NA	NA	NA	NA	NA	NA	NA	NA	NA	NA	NA	NA	NA	NA	NA	NA	NA	NA	NA	NA	NA	NA
cg04636881	NA	NA	NA	NA	NA	NA	NA	NA	NA	NA	NA	NA	NA	NA	NA	NA	NA	NA	NA	NA	NA	NA	NA	NA	NA	NA	NA	NA	NA	NA	NA	NA	NA	NA	NA	NA	NA	NA	NA	NA	NA	NA	NA	NA	NA	NA	NA	NA	NA	NA	NA	NA	NA	NA	NA	NA	NA	NA	NA	NA	NA	NA	NA	NA	NA	NA
cg04675342	NA	NA	NA	NA	NA	NA	NA	NA	NA	NA	NA	NA	NA	NA	NA	NA	NA	NA	NA	NA	NA	NA	NA	NA	NA	NA	NA	NA	NA	NA	NA	NA	NA	NA	NA	NA	NA	NA	NA	NA	NA	NA	NA	NA	NA	NA	NA	NA	NA	NA	NA	NA	NA	NA	NA	NA	NA	NA	NA	NA	NA	NA	NA	NA	NA	NA
cg04717450	NA	NA	NA	NA	NA	NA	NA	NA	NA	NA	NA	NA	NA	NA	NA	NA	NA	NA	NA	NA	NA	NA	NA	NA	NA	NA	NA	NA	NA	NA	NA	NA	NA	NA	NA	NA	NA	NA	NA	NA	NA	NA	NA	NA	NA	NA	NA	NA	NA	NA	NA	NA	NA	NA	NA	NA	NA	NA	NA	NA	NA	NA	NA	NA	NA	NA
cg04730459	NA	NA	NA	NA	NA	NA	NA	NA	NA	NA	NA	NA	NA	NA	NA	NA	NA	NA	NA	NA	NA	NA	NA	NA	NA	NA	NA	NA	NA	NA	NA	NA	NA	NA	NA	NA	NA	NA	NA	NA	NA	NA	NA	NA	NA	NA	NA	NA	NA	NA	NA	NA	NA	NA	NA	NA	NA	NA	NA	NA	NA	NA	NA	NA	NA	NA
cg04751736	NA	NA	NA	NA	NA	NA	NA	NA	NA	NA	NA	NA	NA	NA	NA	NA	NA	NA	NA	NA	NA	NA	NA	NA	NA	NA	NA	NA	NA	NA	NA	NA	NA	NA	NA	NA	NA	NA	NA	NA	NA	NA	NA	NA	NA	NA	NA	NA	NA	NA	NA	NA	NA	NA	NA	NA	NA	NA	NA	NA	NA	NA	NA	NA	NA	NA
cg04757410	NA	NA	NA	NA	NA	NA	NA	NA	NA	NA	NA	NA	NA	NA	NA	NA	NA	NA	NA	NA	NA	NA	NA	NA	NA	NA	NA	NA	NA	NA	NA	NA	NA	NA	NA	NA	NA	NA	NA	NA	NA	NA	NA	NA	NA	NA	NA	NA	NA	NA	NA	NA	NA	NA	NA	NA	NA	NA	NA	NA	NA	NA	NA	NA	NA	NA
cg04799493	NA	NA	NA	NA	NA	NA	NA	NA	NA	NA	NA	NA	NA	NA	NA	NA	NA	NA	NA	NA	NA	NA	NA	NA	NA	NA	NA	NA	NA	NA	NA	NA	NA	NA	NA	NA	NA	NA	NA	NA	NA	NA	NA	NA	NA	NA	NA	NA	NA	NA	NA	NA	NA	NA	NA	NA	NA	NA	NA	NA	NA	NA	NA	NA	NA	NA
cg04826176	NA	NA	NA	NA	NA	NA	NA	NA	NA	NA	NA	NA	NA	NA	NA	NA	NA	NA	NA	NA	NA	NA	NA	NA	NA	NA	NA	NA	NA	NA	NA	NA	NA	NA	NA	NA	NA	NA	NA	NA	NA	NA	NA	NA	NA	NA	NA	NA	NA	NA	NA	NA	NA	NA	NA	NA	NA	NA	NA	NA	NA	NA	NA	NA	NA	NA
cg04829566	NA	NA	NA	NA	NA	NA	NA	NA	NA	NA	NA	NA	NA	NA	NA	NA	NA	NA	NA	NA	NA	NA	NA	NA	NA	NA	NA	NA	NA	NA	NA	NA	NA	NA	NA	NA	NA	NA	NA	NA	NA	NA	NA	NA	NA	NA	NA	NA	NA	NA	NA	NA	NA	NA	NA	NA	NA	NA	NA	NA	NA	NA	NA	NA	NA	NA
cg04831589	NA	NA	NA	NA	NA	NA	NA	NA	NA	NA	NA	NA	NA	NA	NA	NA	NA	NA	NA	NA	NA	NA	NA	NA	NA	NA	NA	NA	NA	NA	NA	NA	NA	NA	NA	NA	NA	NA	NA	NA	NA	NA	NA	NA	NA	NA	NA	NA	NA	NA	NA	NA	NA	NA	NA	NA	NA	NA	NA	NA	NA	NA	NA	NA	NA	NA
cg04834061	NA	NA	NA	NA	NA	NA	NA	NA	NA	NA	NA	NA	NA	NA	NA	NA	NA	NA	NA	NA	NA	NA	NA	NA	NA	NA	NA	NA	NA	NA	NA	NA	NA	NA	NA	NA	NA	NA	NA	NA	NA	NA	NA	NA	NA	NA	NA	NA	NA	NA	NA	NA	NA	NA	NA	NA	NA	NA	NA	NA	NA	NA	NA	NA	NA	NA
cg04860622	NA	NA	NA	NA	NA	NA	NA	NA	NA	NA	NA	NA	NA	NA	NA	NA	NA	NA	NA	NA	NA	NA	NA	NA	NA	NA	NA	NA	NA	NA	NA	NA	NA	NA	NA	NA	NA	NA	NA	NA	NA	NA	NA	NA	NA	NA	NA	NA	NA	NA	NA	NA	NA	NA	NA	NA	NA	NA	NA	NA	NA	NA	NA	NA	NA	NA
cg04879818	NA	NA	NA	NA	NA	NA	NA	NA	NA	NA	NA	NA	NA	NA	NA	NA	NA	NA	NA	NA	NA	NA	NA	NA	NA	NA	NA	NA	NA	NA	NA	NA	NA	NA	NA	NA	NA	NA	NA	NA	NA	NA	NA	NA	NA	NA	NA	NA	NA	NA	NA	NA	NA	NA	NA	NA	NA	NA	NA	NA	NA	NA	NA	NA	NA	NA
cg04884395	NA	NA	NA	NA	NA	NA	NA	NA	NA	NA	NA	NA	NA	NA	NA	NA	NA	NA	NA	NA	NA	NA	NA	NA	NA	NA	NA	NA	NA	NA	NA	NA	NA	NA	NA	NA	NA	NA	NA	NA	NA	NA	NA	NA	NA	NA	NA	NA	NA	NA	NA	NA	NA	NA	NA	NA	NA	NA	NA	NA	NA	NA	NA	NA	NA	NA
cg04896534	0.216438340363163	0.389713331382306	0.337808884495533	0.199949882526125	0.279737769535065	0.26061801648345	0.284391074682224	0.272129778860686	0.782013958147989	0.194659391752343	0.236241307443667	0.318135087236872	0.332377669371624	0.272353283283664	0.692610194140538	0.476249134136111	0.540057664285367	0.315178583032573	0.428011439310625	0.421237243028779	0.451594429464441	0.85434981255326	0.391998512224791	0.374887399110584	0.280165671672255	0.508421202010795	0.384229554771512	0.413160524487769	0.348245090673105	0.542529107181662	0.25124514033443	0.453830791839999	0.487250702574895	0.519492715547986	0.283409470728726	0.547251769328847	0.456983346546865	0.190768355594424	0.284235473784337	0.561187530259371	0.236038136862828	0.516676067964716	0.369623337091108	0.815655512048973	0.422798436795397	0.18094654650752	0.548643160261658	0.818202639392309	0.377613291415432	0.554685871877041	0.352345643864714	0.291024723357077	0.49937754106581	0.440830326835194	0.274644368982438	0.409398892024465	0.210213027565321	0.53314034841907	0.266839343719774	0.3840262828929	0.881177032058985	0.502842218209702	0.256874746952235	0.251352292752133	0.488781429477071	0.474578733613459
cg04908013	NA	NA	NA	NA	NA	NA	NA	NA	NA	NA	NA	NA	NA	NA	NA	NA	NA	NA	NA	NA	NA	NA	NA	NA	NA	NA	NA	NA	NA	NA	NA	NA	NA	NA	NA	NA	NA	NA	NA	NA	NA	NA	NA	NA	NA	NA	NA	NA	NA	NA	NA	NA	NA	NA	NA	NA	NA	NA	NA	NA	NA	NA	NA	NA	NA	NA
cg04935792	0.833215325775872	0.82077768773708	0.894490256875345	0.808216664345647	0.516122973036081	0.852011872437834	0.932383992225474	0.51453341114466	0.837343981385855	0.91982369356907	0.764553651212753	0.766738451166586	0.875658007585105	0.854799325201189	0.454670098496724	0.891181081850938	0.859673070052439	0.779561841423754	0.656151950653447	0.481703086175412	0.843201379250448	0.916286246340684	0.349839850349618	0.821424640669544	0.86459398533441	0.88437693539461	0.834739721557707	0.822073895287017	0.877797383883203	0.875898391095655	0.52697155921555	0.514087277523378	0.908117555602909	0.81741448073602	0.530729655508994	0.905384345611298	0.4327725128921	0.892792941979011	0.330325795342994	0.511869833610921	0.510917242554681	0.878873162782047	0.334179204009346	0.918557973107519	0.775948187353069	0.886381528601056	0.908411342339593	0.550796018943023	0.875688853887226	0.889820062103278	0.841101372885001	0.746447767920638	0.875713088388513	0.590433702489865	0.477357514801218	0.914689856735918	0.537324075780117	0.932236380197824	0.5416986669808	0.555903334697552	0.897332793485399	0.125492725674502	0.913449709391376	0.509406965104062	0.710342791909664	0.480455309607924
cg04941236	NA	NA	NA	NA	NA	NA	NA	NA	NA	NA	NA	NA	NA	NA	NA	NA	NA	NA	NA	NA	NA	NA	NA	NA	NA	NA	NA	NA	NA	NA	NA	NA	NA	NA	NA	NA	NA	NA	NA	NA	NA	NA	NA	NA	NA	NA	NA	NA	NA	NA	NA	NA	NA	NA	NA	NA	NA	NA	NA	NA	NA	NA	NA	NA	NA	NA
cg04943440	NA	NA	NA	NA	NA	NA	NA	NA	NA	NA	NA	NA	NA	NA	NA	NA	NA	NA	NA	NA	NA	NA	NA	NA	NA	NA	NA	NA	NA	NA	NA	NA	NA	NA	NA	NA	NA	NA	NA	NA	NA	NA	NA	NA	NA	NA	NA	NA	NA	NA	NA	NA	NA	NA	NA	NA	NA	NA	NA	NA	NA	NA	NA	NA	NA	NA
cg04943636	NA	NA	NA	NA	NA	NA	NA	NA	NA	NA	NA	NA	NA	NA	NA	NA	NA	NA	NA	NA	NA	NA	NA	NA	NA	NA	NA	NA	NA	NA	NA	NA	NA	NA	NA	NA	NA	NA	NA	NA	NA	NA	NA	NA	NA	NA	NA	NA	NA	NA	NA	NA	NA	NA	NA	NA	NA	NA	NA	NA	NA	NA	NA	NA	NA	NA
cg04964733	NA	NA	NA	NA	NA	NA	NA	NA	NA	NA	NA	NA	NA	NA	NA	NA	NA	NA	NA	NA	NA	NA	NA	NA	NA	NA	NA	NA	NA	NA	NA	NA	NA	NA	NA	NA	NA	NA	NA	NA	NA	NA	NA	NA	NA	NA	NA	NA	NA	NA	NA	NA	NA	NA	NA	NA	NA	NA	NA	NA	NA	NA	NA	NA	NA	NA
cg04978451	NA	NA	NA	NA	NA	NA	NA	NA	NA	NA	NA	NA	NA	NA	NA	NA	NA	NA	NA	NA	NA	NA	NA	NA	NA	NA	NA	NA	NA	NA	NA	NA	NA	NA	NA	NA	NA	NA	NA	NA	NA	NA	NA	NA	NA	NA	NA	NA	NA	NA	NA	NA	NA	NA	NA	NA	NA	NA	NA	NA	NA	NA	NA	NA	NA	NA
cg04990609	NA	NA	NA	NA	NA	NA	NA	NA	NA	NA	NA	NA	NA	NA	NA	NA	NA	NA	NA	NA	NA	NA	NA	NA	NA	NA	NA	NA	NA	NA	NA	NA	NA	NA	NA	NA	NA	NA	NA	NA	NA	NA	NA	NA	NA	NA	NA	NA	NA	NA	NA	NA	NA	NA	NA	NA	NA	NA	NA	NA	NA	NA	NA	NA	NA	NA
cg05019180	NA	NA	NA	NA	NA	NA	NA	NA	NA	NA	NA	NA	NA	NA	NA	NA	NA	NA	NA	NA	NA	NA	NA	NA	NA	NA	NA	NA	NA	NA	NA	NA	NA	NA	NA	NA	NA	NA	NA	NA	NA	NA	NA	NA	NA	NA	NA	NA	NA	NA	NA	NA	NA	NA	NA	NA	NA	NA	NA	NA	NA	NA	NA	NA	NA	NA
cg05072063	NA	NA	NA	NA	NA	NA	NA	NA	NA	NA	NA	NA	NA	NA	NA	NA	NA	NA	NA	NA	NA	NA	NA	NA	NA	NA	NA	NA	NA	NA	NA	NA	NA	NA	NA	NA	NA	NA	NA	NA	NA	NA	NA	NA	NA	NA	NA	NA	NA	NA	NA	NA	NA	NA	NA	NA	NA	NA	NA	NA	NA	NA	NA	NA	NA	NA
cg05088006	0.904780279029935	0.8751746339107	0.907030182998213	0.913355533171805	0.9181879654323	0.916735005199339	0.94098904784884	0.883943859611686	0.904584993282569	0.910707977486909	0.897778432759421	0.915866984366427	0.893350423865518	0.915415920597228	0.92321417584759	0.890803226293369	0.904610916351025	0.920801009311209	0.750251494475526	0.879639384348296	0.919624639502691	0.885654344388656	0.83904716292061	0.88222091803541	0.938522673245406	0.920478174016828	0.801011690568562	0.9298245575212	0.903613070837236	0.919066616602612	0.929424954223955	0.917116036200094	0.913905161319399	0.919002584942909	0.924326785328436	0.523751313425951	0.862068682131345	0.930195552949204	NA	0.913443915331439	0.914833094798161	0.925765198903825	NA	0.915809613448969	0.909919735139026	0.625706814595458	0.887333869612931	0.446112676069433	0.888171548566083	0.914164075968148	0.860693185988657	0.799040148693417	0.921938507464878	0.898875807575427	0.903763425317878	0.888734966797092	0.929184494152132	0.876164066391403	0.912635574410652	0.881460910454808	0.884393691584138	0.914024562398491	0.886593187590722	0.896342788458621	0.878353490353463	0.794906122113032
cg05093071	NA	NA	NA	NA	NA	NA	NA	NA	NA	NA	NA	NA	NA	NA	NA	NA	NA	NA	NA	NA	NA	NA	NA	NA	NA	NA	NA	NA	NA	NA	NA	NA	NA	NA	NA	NA	NA	NA	NA	NA	NA	NA	NA	NA	NA	NA	NA	NA	NA	NA	NA	NA	NA	NA	NA	NA	NA	NA	NA	NA	NA	NA	NA	NA	NA	NA
cg05103956	NA	NA	NA	NA	NA	NA	NA	NA	NA	NA	NA	NA	NA	NA	NA	NA	NA	NA	NA	NA	NA	NA	NA	NA	NA	NA	NA	NA	NA	NA	NA	NA	NA	NA	NA	NA	NA	NA	NA	NA	NA	NA	NA	NA	NA	NA	NA	NA	NA	NA	NA	NA	NA	NA	NA	NA	NA	NA	NA	NA	NA	NA	NA	NA	NA	NA
cg05227343	0.945632527164082	0.927830494938753	0.955285498221123	0.951875633765066	0.949349854851834	0.951042543076638	0.956208472688961	0.949483858281735	0.919609037538016	0.942143273590271	0.230490659166343	0.946205544029192	0.948347490828145	0.959038738088512	0.941387385745702	0.953663947288492	0.946852317782056	0.951428644638409	0.949951724758381	0.970073795976699	0.922119233518105	0.928560049193142	0.828310886777799	0.943620767654143	0.947378914575849	0.961592429938955	0.933118797320767	0.941675553441423	0.959731666723269	0.952978793193478	0.953366718537279	0.941585985863734	0.936742964122511	0.946658071845649	0.957084249984575	0.947899935068767	0.940720649735641	0.951454125231623	0.94735673339474	0.960106413787932	0.951055308479888	0.952126873031081	0.920363811036067	0.951985406475061	0.946714692857132	0.948708502426565	0.939956256061896	0.95962572570429	0.948094850954466	0.937597332216446	0.949947833479799	0.800636759337118	0.945129045250884	0.947105233804301	0.902624149536589	0.947258014032514	0.948280630782318	0.947038160563832	0.9488880261586	0.953920965742014	0.933594544835626	0.933704802260218	0.951992805156298	0.93975564024428	0.958409521038358	0.948234845797845
cg05229275	NA	NA	NA	NA	NA	NA	NA	NA	NA	NA	NA	NA	NA	NA	NA	NA	NA	NA	NA	NA	NA	NA	NA	NA	NA	NA	NA	NA	NA	NA	NA	NA	NA	NA	NA	NA	NA	NA	NA	NA	NA	NA	NA	NA	NA	NA	NA	NA	NA	NA	NA	NA	NA	NA	NA	NA	NA	NA	NA	NA	NA	NA	NA	NA	NA	NA
cg05269246	NA	NA	NA	NA	NA	NA	NA	NA	NA	NA	NA	NA	NA	NA	NA	NA	NA	NA	NA	NA	NA	NA	NA	NA	NA	NA	NA	NA	NA	NA	NA	NA	NA	NA	NA	NA	NA	NA	NA	NA	NA	NA	NA	NA	NA	NA	NA	NA	NA	NA	NA	NA	NA	NA	NA	NA	NA	NA	NA	NA	NA	NA	NA	NA	NA	NA
cg05274503	NA	NA	NA	NA	NA	NA	NA	NA	NA	NA	NA	NA	NA	NA	NA	NA	NA	NA	NA	NA	NA	NA	NA	NA	NA	NA	NA	NA	NA	NA	NA	NA	NA	NA	NA	NA	NA	NA	NA	NA	NA	NA	NA	NA	NA	NA	NA	NA	NA	NA	NA	NA	NA	NA	NA	NA	NA	NA	NA	NA	NA	NA	NA	NA	NA	NA
cg05277146	0.867544503185028	0.596082258303583	0.162785107325207	0.828960429356247	0.187339291657582	0.589839763989831	0.934133501502583	0.214351637949412	0.290711928110327	0.250312714928293	0.262308617601663	0.57611272410176	0.246403238554753	0.848802982007314	0.905314901522266	0.886563691689203	0.879401086144602	0.558192089633321	0.258092078139126	0.38046423554316	0.894393201902962	0.224426821140424	0.777689604564276	0.879727787610454	0.819921230857366	0.0955598628574349	0.652748309602454	0.60404115301763	NA	0.264316274109362	0.913239933692746	0.816174031399804	0.886495197286873	0.174622519732809	0.311407348686352	0.284797815362292	0.471253202349661	0.157776804220747	0.339113214984134	0.18040172943422	0.92791754611022	0.31880176455883	0.209605025032971	0.228185693621314	0.306143372138308	0.932563672750158	0.926594458141758	0.28392802106775	0.368819608977242	0.160448077168909	0.631486791773705	0.610154803572244	0.923926739987933	0.232866860329388	0.395673196454966	0.257282670044732	0.290849934955764	NA	0.916041761887402	0.69632059750867	0.806308845197394	0.225984110299066	0.158768491037285	0.896953767100421	0.630531019170413	0.285617139765409
cg05285768	NA	NA	NA	NA	NA	NA	NA	NA	NA	NA	NA	NA	NA	NA	NA	NA	NA	NA	NA	NA	NA	NA	NA	NA	NA	NA	NA	NA	NA	NA	NA	NA	NA	NA	NA	NA	NA	NA	NA	NA	NA	NA	NA	NA	NA	NA	NA	NA	NA	NA	NA	NA	NA	NA	NA	NA	NA	NA	NA	NA	NA	NA	NA	NA	NA	NA
cg05294259	NA	NA	NA	NA	NA	NA	NA	NA	NA	NA	NA	NA	NA	NA	NA	NA	NA	NA	NA	NA	NA	NA	NA	NA	NA	NA	NA	NA	NA	NA	NA	NA	NA	NA	NA	NA	NA	NA	NA	NA	NA	NA	NA	NA	NA	NA	NA	NA	NA	NA	NA	NA	NA	NA	NA	NA	NA	NA	NA	NA	NA	NA	NA	NA	NA	NA
cg05301976	0.96573780084089	0.966891593154389	0.969619717286825	0.958405498527797	0.967862960628756	0.96168526654361	0.967825503727941	0.974477156589434	0.949643626340598	0.95513242815047	0.964029816120925	0.975226133908114	0.953862181647046	0.968991314367025	0.960883565920361	0.963685113025605	0.95812613429394	0.964259344029483	0.960656063793087	0.961979897940478	0.957028256619444	0.958614965181135	0.957487245210239	0.946483168729503	0.95839850886597	0.971990398555584	0.96816047813944	0.961382336055151	0.969266528269196	0.980229636966365	0.967723692708179	0.977848148210858	0.960587299577866	0.964698294314313	0.956576184155247	0.957444958517926	0.96554701790577	0.958250764964425	0.954187521363239	0.966351216660083	0.978035092969023	0.971606804883595	0.959812762412887	0.962804587328595	0.973175814171032	0.959314368030931	0.954090035187792	0.964190703354535	0.959330681905956	0.971584676628557	0.954575307971781	0.957499280859172	0.956900120627683	0.963036415303277	0.961705535594586	0.972103330551903	0.964991441708206	0.960826854794142	0.974661711642933	0.966323559975709	0.968750482173958	0.958065759839654	0.964594201562059	0.964953963486993	0.972386198616709	0.964311396121531
cg05305060	NA	NA	NA	NA	NA	NA	NA	NA	NA	NA	NA	NA	NA	NA	NA	NA	NA	NA	NA	NA	NA	NA	NA	NA	NA	NA	NA	NA	NA	NA	NA	NA	NA	NA	NA	NA	NA	NA	NA	NA	NA	NA	NA	NA	NA	NA	NA	NA	NA	NA	NA	NA	NA	NA	NA	NA	NA	NA	NA	NA	NA	NA	NA	NA	NA	NA
cg05331252	NA	NA	NA	NA	NA	NA	NA	NA	NA	NA	NA	NA	NA	NA	NA	NA	NA	NA	NA	NA	NA	NA	NA	NA	NA	NA	NA	NA	NA	NA	NA	NA	NA	NA	NA	NA	NA	NA	NA	NA	NA	NA	NA	NA	NA	NA	NA	NA	NA	NA	NA	NA	NA	NA	NA	NA	NA	NA	NA	NA	NA	NA	NA	NA	NA	NA
cg05345062	0.935427209234688	0.852231407915371	0.937823578936939	0.957133818022744	0.948250518154983	0.935641083704009	0.943175951310273	0.949418031726015	0.9144800622451	0.9391546822784	0.91682878613752	0.953032070048087	0.921470634531897	0.933140967125356	0.948437458763506	0.916107977407312	0.737411755616431	0.920897766934467	0.938841045118859	0.924515035764529	0.919986056003911	0.918057627226394	0.918347288910626	0.919938755692787	0.725044748734562	0.921156134540348	0.939629763412598	0.927333009224352	0.925716602115013	0.945389140715509	0.943016351188714	0.813790072425503	0.923441976095512	0.925214085005781	0.953583878495212	0.945365797877586	0.936092962797556	0.926735553645836	0.618388086724209	0.951485448858756	0.916221712933397	0.949605004522208	0.804029243581971	0.709677947393333	0.929425443829576	0.9382996952357	0.919862195455821	0.942737952182087	0.929248540539024	0.907070880381733	0.85716577473793	0.920896710280307	0.918538214026117	0.9314153922315	0.947375952806178	0.947572872886354	0.948592872044227	0.889478089969487	0.942986175903382	0.904206101844222	0.933355788302816	0.950490890516201	0.923621218610911	0.931865038886376	0.909600629193254	0.948419867909274
cg05379002	NA	NA	NA	NA	NA	NA	NA	NA	NA	NA	NA	NA	NA	NA	NA	NA	NA	NA	NA	NA	NA	NA	NA	NA	NA	NA	NA	NA	NA	NA	NA	NA	NA	NA	NA	NA	NA	NA	NA	NA	NA	NA	NA	NA	NA	NA	NA	NA	NA	NA	NA	NA	NA	NA	NA	NA	NA	NA	NA	NA	NA	NA	NA	NA	NA	NA
cg05402641	NA	NA	NA	NA	NA	NA	NA	NA	NA	NA	NA	NA	NA	NA	NA	NA	NA	NA	NA	NA	NA	NA	NA	NA	NA	NA	NA	NA	NA	NA	NA	NA	NA	NA	NA	NA	NA	NA	NA	NA	NA	NA	NA	NA	NA	NA	NA	NA	NA	NA	NA	NA	NA	NA	NA	NA	NA	NA	NA	NA	NA	NA	NA	NA	NA	NA
cg05445006	NA	NA	NA	NA	NA	NA	NA	NA	NA	NA	NA	NA	NA	NA	NA	NA	NA	NA	NA	NA	NA	NA	NA	NA	NA	NA	NA	NA	NA	NA	NA	NA	NA	NA	NA	NA	NA	NA	NA	NA	NA	NA	NA	NA	NA	NA	NA	NA	NA	NA	NA	NA	NA	NA	NA	NA	NA	NA	NA	NA	NA	NA	NA	NA	NA	NA
cg05456482	NA	NA	NA	NA	NA	NA	NA	NA	NA	NA	NA	NA	NA	NA	NA	NA	NA	NA	NA	NA	NA	NA	NA	NA	NA	NA	NA	NA	NA	NA	NA	NA	NA	NA	NA	NA	NA	NA	NA	NA	NA	NA	NA	NA	NA	NA	NA	NA	NA	NA	NA	NA	NA	NA	NA	NA	NA	NA	NA	NA	NA	NA	NA	NA	NA	NA
cg05461143	0.850577813229338	0.916790572031652	0.941463948542032	0.921743488380399	0.945265417628302	0.742032363148452	0.737876001728669	0.930919533784013	0.896226047971609	0.947348281069558	0.136759608796929	0.878217414955668	0.897243792058431	0.930417795054881	0.898106281483778	0.934159825741797	0.303584571327567	0.467437906640713	0.942430445224888	0.522386101312821	0.699830358176237	0.735076365687387	0.338930807470247	0.645556666766804	0.777204054845963	0.212767776921594	0.768461108344034	0.928841677886503	0.946237432615216	0.957339817509149	0.958517506288928	0.950976038518665	0.456699822921741	0.751564571480248	0.721004122444465	0.965408628103499	0.7135020982387	0.385647509762115	0.452075262647871	0.922387258932044	0.718587052292566	0.95110042325436	0.367183452063691	0.674842743360977	0.924801105017742	0.94598950180918	0.793059289779043	0.710718144439354	0.469880819136545	0.338377915934851	0.946053676823393	0.785569425736352	0.907739407186314	0.746499044927014	0.934479061380321	0.952740697103556	0.782961189653885	0.574564488412943	0.772104645931682	0.723271735417066	0.896402131673204	0.939085726486638	0.951929673428984	0.922177392017142	0.811661226151446	0.648248253105232
cg05481217	NA	NA	NA	NA	NA	NA	NA	NA	NA	NA	NA	NA	NA	NA	NA	NA	NA	NA	NA	NA	NA	NA	NA	NA	NA	NA	NA	NA	NA	NA	NA	NA	NA	NA	NA	NA	NA	NA	NA	NA	NA	NA	NA	NA	NA	NA	NA	NA	NA	NA	NA	NA	NA	NA	NA	NA	NA	NA	NA	NA	NA	NA	NA	NA	NA	NA
cg05484606	NA	NA	NA	NA	NA	NA	NA	NA	NA	NA	NA	NA	NA	NA	NA	NA	NA	NA	NA	NA	NA	NA	NA	NA	NA	NA	NA	NA	NA	NA	NA	NA	NA	NA	NA	NA	NA	NA	NA	NA	NA	NA	NA	NA	NA	NA	NA	NA	NA	NA	NA	NA	NA	NA	NA	NA	NA	NA	NA	NA	NA	NA	NA	NA	NA	NA
cg05516061	NA	NA	NA	NA	NA	NA	NA	NA	NA	NA	NA	NA	NA	NA	NA	NA	NA	NA	NA	NA	NA	NA	NA	NA	NA	NA	NA	NA	NA	NA	NA	NA	NA	NA	NA	NA	NA	NA	NA	NA	NA	NA	NA	NA	NA	NA	NA	NA	NA	NA	NA	NA	NA	NA	NA	NA	NA	NA	NA	NA	NA	NA	NA	NA	NA	NA
cg05543443	NA	NA	NA	NA	NA	NA	NA	NA	NA	NA	NA	NA	NA	NA	NA	NA	NA	NA	NA	NA	NA	NA	NA	NA	NA	NA	NA	NA	NA	NA	NA	NA	NA	NA	NA	NA	NA	NA	NA	NA	NA	NA	NA	NA	NA	NA	NA	NA	NA	NA	NA	NA	NA	NA	NA	NA	NA	NA	NA	NA	NA	NA	NA	NA	NA	NA
cg05554543	NA	NA	NA	NA	NA	NA	NA	NA	NA	NA	NA	NA	NA	NA	NA	NA	NA	NA	NA	NA	NA	NA	NA	NA	NA	NA	NA	NA	NA	NA	NA	NA	NA	NA	NA	NA	NA	NA	NA	NA	NA	NA	NA	NA	NA	NA	NA	NA	NA	NA	NA	NA	NA	NA	NA	NA	NA	NA	NA	NA	NA	NA	NA	NA	NA	NA
cg05590818	0.145832278911333	0.261263328815072	0.15660225890073	0.101171315179787	0.135218166373589	0.11817501162005	0.927984355477722	0.17504450272925	0.161320233923267	0.188768775703096	0.0931254632821966	0.198912927810201	0.198638873151012	0.244148465218348	0.0996252144541752	0.292313388834231	0.801971618594919	0.204007883545433	0.761918633966153	0.859975893652605	0.163774955548371	0.176280365849718	0.221645456445558	0.165393861101669	0.200948269331119	0.0839745487919966	0.292035224026118	0.391432336822808	0.522744473316255	0.175024846700672	0.145386908751339	0.112770690622612	0.139750557610501	0.225822516560883	0.170042272027303	0.180084109126617	0.116565982852961	0.931517439212142	0.876673676377579	0.119071809612142	0.13487030033828	0.212015726755527	NA	0.219305144593193	0.201553158178567	0.1689881446943	0.106393121598709	0.30004185253532	0.15734530008546	0.15015767730951	0.331652688087112	0.180691871971877	0.119009036516753	0.172993577399678	0.220217121100979	0.12077801946318	0.136806481584874	0.154750577135292	0.136268125947209	0.240856698124414	0.124063411165994	0.116007575923313	0.144635117911963	0.152707409634443	0.452824836639514	0.323068717181099
cg05620791	NA	NA	NA	NA	NA	NA	NA	NA	NA	NA	NA	NA	NA	NA	NA	NA	NA	NA	NA	NA	NA	NA	NA	NA	NA	NA	NA	NA	NA	NA	NA	NA	NA	NA	NA	NA	NA	NA	NA	NA	NA	NA	NA	NA	NA	NA	NA	NA	NA	NA	NA	NA	NA	NA	NA	NA	NA	NA	NA	NA	NA	NA	NA	NA	NA	NA
cg05669672	NA	NA	NA	NA	NA	NA	NA	NA	NA	NA	NA	NA	NA	NA	NA	NA	NA	NA	NA	NA	NA	NA	NA	NA	NA	NA	NA	NA	NA	NA	NA	NA	NA	NA	NA	NA	NA	NA	NA	NA	NA	NA	NA	NA	NA	NA	NA	NA	NA	NA	NA	NA	NA	NA	NA	NA	NA	NA	NA	NA	NA	NA	NA	NA	NA	NA
cg05679686	0.720728733692151	0.878781871772888	0.862822502863788	0.774866066038446	0.494623139856839	0.754822045841322	0.635523237927539	0.891668065849589	0.917168002427765	0.928108898403052	0.918746612880631	0.858800973983108	0.898054489283807	0.574531180098425	0.9103668875198	0.873701056641678	0.895374332082138	0.7298677458289	0.823620971792399	0.837423653845843	0.771292271565718	0.850375390041512	0.425593200666234	0.893048297305821	0.887841762134736	0.928053758990969	0.672722795933809	0.840223864542876	0.74018847757068	0.471509049077421	0.895879140571521	0.89107663743167	0.878231672907412	0.798068220544796	0.920052343777572	0.834175747451493	0.42448059231456	0.494373203388787	0.881109070323235	0.597379267876747	0.900040836039236	0.807653863149875	0.354720449154408	0.904342502969595	0.920513843257995	0.588449810055997	0.730987743148174	0.826573081689239	0.889277441867239	0.492766570091576	0.841171890661557	0.639643516136311	0.786409447324975	0.951125287672726	0.927212136676929	0.775859408160342	0.801679779038166	0.883652470380761	0.840777116715449	0.890570180086691	0.724753075462618	0.915196733184632	0.482393844943288	0.872288906845454	0.728616931759632	0.915012101753354
cg05768747	0.944723449242096	0.954390763763059	0.959160917841046	0.915024929580559	0.962449202389334	0.942725437488818	0.961781205344963	0.952644788027799	0.957219301734367	0.969187980898999	0.96502189682953	0.964997736992307	0.955861674324209	0.929642920816587	0.634419817373307	0.955012449021659	0.950284383261553	0.944872052184748	0.950489377402401	0.950619276219059	0.96112395888341	0.948606143312534	0.429338680419732	0.94933926813108	0.946979826119728	0.962436002383695	0.971537323397435	0.937724152223918	0.957886849248355	0.942255995607675	0.958972202389018	0.962303827126853	0.956614990093309	0.94869669717021	0.956831072105934	0.948111113746559	0.650424970554268	0.956214333326122	0.373546254775469	0.931592927297426	0.966581743704467	0.952952977710406	0.961172699843935	0.953839607618736	0.964566754513448	0.964617680627707	0.955067951547626	0.971726734011449	0.963762787556504	0.959913304993041	0.962509052418768	0.950895715444895	0.965522045333424	0.957207224472431	0.958174761836619	0.957850879519702	0.96480524728106	0.961060084309255	0.938958889828373	0.692243549612122	0.966497959710687	0.955437184742734	0.949306883249432	0.953808659666127	0.948090932897343	0.915756586083882
cg05773164	NA	NA	NA	NA	NA	NA	NA	NA	NA	NA	NA	NA	NA	NA	NA	NA	NA	NA	NA	NA	NA	NA	NA	NA	NA	NA	NA	NA	NA	NA	NA	NA	NA	NA	NA	NA	NA	NA	NA	NA	NA	NA	NA	NA	NA	NA	NA	NA	NA	NA	NA	NA	NA	NA	NA	NA	NA	NA	NA	NA	NA	NA	NA	NA	NA	NA
cg05822658	0.889692443729471	0.871288253943009	0.253711357302766	0.918278255284202	0.398296500216055	0.929043487389196	0.937421060780356	0.914174274827106	0.92822421857432	0.943651455362677	0.931253873194444	0.63922613285368	0.92425391299144	0.915217402059706	0.886466847958601	0.473307619229425	0.926177257362327	0.614557483698766	0.946643190009665	0.486008026438541	0.933809738115436	0.937040965839752	0.546897277811674	0.816900998038241	0.957932861411144	0.96489590124317	0.853590897096616	0.850999123210266	0.919657875480492	0.922197530027589	0.931857440882505	0.948702803219605	0.934966242329635	0.927787997013157	0.935278435464394	0.911116375041411	0.878653842584691	0.929682922345183	0.504516877664715	0.92621733890729	0.905075209142207	0.925736849529795	0.700801242726553	0.872246086780961	0.894815451862691	0.949049948310506	0.932974216648659	0.948081968764539	0.931808211285293	0.331251119554575	0.901814925588265	0.832924668847052	0.934075448115397	0.335810614246039	0.925577310095642	0.916555187354801	0.945503180945096	0.954988847666199	0.942541588962957	0.855140632822826	0.933494226602058	0.958635886813366	0.952232256656393	0.949201789210457	0.868846414068878	0.932718561344206
cg05828992	NA	NA	NA	NA	NA	NA	NA	NA	NA	NA	NA	NA	NA	NA	NA	NA	NA	NA	NA	NA	NA	NA	NA	NA	NA	NA	NA	NA	NA	NA	NA	NA	NA	NA	NA	NA	NA	NA	NA	NA	NA	NA	NA	NA	NA	NA	NA	NA	NA	NA	NA	NA	NA	NA	NA	NA	NA	NA	NA	NA	NA	NA	NA	NA	NA	NA
cg05864350	0.965161638396691	0.958697557365894	0.965305129253801	0.97220761923062	0.96580053557934	0.961415203432271	0.966070681014922	0.962997551128923	0.947091204103333	0.947865447730934	0.957652663439968	0.969662285432863	0.953559341815661	0.946830883203421	0.952133579593105	0.954887271231054	0.962304802373212	0.943826082784274	0.960058185342963	0.957742879958606	0.95577783009866	0.952939892994187	0.966539866735909	0.964677853668281	0.971390162296024	0.972073594097564	0.956213441043641	0.955958205447906	0.951955654570959	0.96743414121047	0.972012693748589	0.959168635117756	0.963852864440945	0.968498880063221	0.957055059623679	0.952165232893322	0.962679098209991	0.966332842396027	0.957380548180684	0.958202317919977	0.957226803854009	0.963484577433474	0.961203228623845	0.952495710302689	0.967769420370052	0.968554197897662	0.954343489337632	0.960760533920446	0.964216617870654	0.964297523516621	0.965381426226856	0.944542682302134	0.956885676532835	0.952390967359649	0.961104469249948	0.964440849957189	0.954073442150896	0.941731538770665	0.956723050211246	0.951733109910278	0.957874960319929	0.939421398607305	0.942924007571549	0.963423285268214	0.945519327370914	0.959373880047754
cg05906717	NA	NA	NA	NA	NA	NA	NA	NA	NA	NA	NA	NA	NA	NA	NA	NA	NA	NA	NA	NA	NA	NA	NA	NA	NA	NA	NA	NA	NA	NA	NA	NA	NA	NA	NA	NA	NA	NA	NA	NA	NA	NA	NA	NA	NA	NA	NA	NA	NA	NA	NA	NA	NA	NA	NA	NA	NA	NA	NA	NA	NA	NA	NA	NA	NA	NA
cg05919161	NA	NA	NA	NA	NA	NA	NA	NA	NA	NA	NA	NA	NA	NA	NA	NA	NA	NA	NA	NA	NA	NA	NA	NA	NA	NA	NA	NA	NA	NA	NA	NA	NA	NA	NA	NA	NA	NA	NA	NA	NA	NA	NA	NA	NA	NA	NA	NA	NA	NA	NA	NA	NA	NA	NA	NA	NA	NA	NA	NA	NA	NA	NA	NA	NA	NA
cg05935774	NA	NA	NA	NA	NA	NA	NA	NA	NA	NA	NA	NA	NA	NA	NA	NA	NA	NA	NA	NA	NA	NA	NA	NA	NA	NA	NA	NA	NA	NA	NA	NA	NA	NA	NA	NA	NA	NA	NA	NA	NA	NA	NA	NA	NA	NA	NA	NA	NA	NA	NA	NA	NA	NA	NA	NA	NA	NA	NA	NA	NA	NA	NA	NA	NA	NA
cg05987389	NA	NA	NA	NA	NA	NA	NA	NA	NA	NA	NA	NA	NA	NA	NA	NA	NA	NA	NA	NA	NA	NA	NA	NA	NA	NA	NA	NA	NA	NA	NA	NA	NA	NA	NA	NA	NA	NA	NA	NA	NA	NA	NA	NA	NA	NA	NA	NA	NA	NA	NA	NA	NA	NA	NA	NA	NA	NA	NA	NA	NA	NA	NA	NA	NA	NA
cg06021910	NA	NA	NA	NA	NA	NA	NA	NA	NA	NA	NA	NA	NA	NA	NA	NA	NA	NA	NA	NA	NA	NA	NA	NA	NA	NA	NA	NA	NA	NA	NA	NA	NA	NA	NA	NA	NA	NA	NA	NA	NA	NA	NA	NA	NA	NA	NA	NA	NA	NA	NA	NA	NA	NA	NA	NA	NA	NA	NA	NA	NA	NA	NA	NA	NA	NA
cg06022832	0.944523179880367	0.948638117961634	0.930906458021401	0.949221597269093	0.950823745395801	0.930028252700774	0.918288907088877	0.9453690809766	0.926448994056454	0.95882471153226	0.922936555739979	0.945797086585174	0.940810770816078	0.954579148654331	0.935981620312772	0.942308425893214	0.936633910114377	0.932809234383541	0.936212360479842	0.914417755407367	0.965523056255638	0.944679944178455	0.931536984813094	0.95888465192015	0.948134090834552	0.956138166891592	0.931676137340862	0.932006071432827	0.959083743386261	0.942312823469859	0.954223147635484	0.941160242612618	0.95180288137304	0.947973354864265	0.953116764312444	0.952982641448106	0.944762894627718	0.932775944810179	0.937279883806707	0.925932623277857	0.919611408216359	0.937713023252557	0.94320174884666	0.923008677979874	0.945807987600277	0.947153851757199	0.941178603682674	0.946123724474319	0.960139181990262	0.971186104820735	0.941162899966695	0.891786818908786	0.940255955863933	0.963472721621389	0.945616288751169	0.935186376779651	0.92386941269543	0.94514588983984	0.932747616948565	0.96196338555723	0.954603384911722	0.951545903990862	0.965326738219245	0.938904410739284	0.960174033725591	0.954051381073749
cg06031526	NA	NA	NA	NA	NA	NA	NA	NA	NA	NA	NA	NA	NA	NA	NA	NA	NA	NA	NA	NA	NA	NA	NA	NA	NA	NA	NA	NA	NA	NA	NA	NA	NA	NA	NA	NA	NA	NA	NA	NA	NA	NA	NA	NA	NA	NA	NA	NA	NA	NA	NA	NA	NA	NA	NA	NA	NA	NA	NA	NA	NA	NA	NA	NA	NA	NA
cg06073147	NA	NA	NA	NA	NA	NA	NA	NA	NA	NA	NA	NA	NA	NA	NA	NA	NA	NA	NA	NA	NA	NA	NA	NA	NA	NA	NA	NA	NA	NA	NA	NA	NA	NA	NA	NA	NA	NA	NA	NA	NA	NA	NA	NA	NA	NA	NA	NA	NA	NA	NA	NA	NA	NA	NA	NA	NA	NA	NA	NA	NA	NA	NA	NA	NA	NA
cg06073550	NA	NA	NA	NA	NA	NA	NA	NA	NA	NA	NA	NA	NA	NA	NA	NA	NA	NA	NA	NA	NA	NA	NA	NA	NA	NA	NA	NA	NA	NA	NA	NA	NA	NA	NA	NA	NA	NA	NA	NA	NA	NA	NA	NA	NA	NA	NA	NA	NA	NA	NA	NA	NA	NA	NA	NA	NA	NA	NA	NA	NA	NA	NA	NA	NA	NA
cg06082293	NA	NA	NA	NA	NA	NA	NA	NA	NA	NA	NA	NA	NA	NA	NA	NA	NA	NA	NA	NA	NA	NA	NA	NA	NA	NA	NA	NA	NA	NA	NA	NA	NA	NA	NA	NA	NA	NA	NA	NA	NA	NA	NA	NA	NA	NA	NA	NA	NA	NA	NA	NA	NA	NA	NA	NA	NA	NA	NA	NA	NA	NA	NA	NA	NA	NA
cg06113303	NA	NA	NA	NA	NA	NA	NA	NA	NA	NA	NA	NA	NA	NA	NA	NA	NA	NA	NA	NA	NA	NA	NA	NA	NA	NA	NA	NA	NA	NA	NA	NA	NA	NA	NA	NA	NA	NA	NA	NA	NA	NA	NA	NA	NA	NA	NA	NA	NA	NA	NA	NA	NA	NA	NA	NA	NA	NA	NA	NA	NA	NA	NA	NA	NA	NA
cg06151505	NA	NA	NA	NA	NA	NA	NA	NA	NA	NA	NA	NA	NA	NA	NA	NA	NA	NA	NA	NA	NA	NA	NA	NA	NA	NA	NA	NA	NA	NA	NA	NA	NA	NA	NA	NA	NA	NA	NA	NA	NA	NA	NA	NA	NA	NA	NA	NA	NA	NA	NA	NA	NA	NA	NA	NA	NA	NA	NA	NA	NA	NA	NA	NA	NA	NA
cg06211041	NA	NA	NA	NA	NA	NA	NA	NA	NA	NA	NA	NA	NA	NA	NA	NA	NA	NA	NA	NA	NA	NA	NA	NA	NA	NA	NA	NA	NA	NA	NA	NA	NA	NA	NA	NA	NA	NA	NA	NA	NA	NA	NA	NA	NA	NA	NA	NA	NA	NA	NA	NA	NA	NA	NA	NA	NA	NA	NA	NA	NA	NA	NA	NA	NA	NA
cg06215556	NA	NA	NA	NA	NA	NA	NA	NA	NA	NA	NA	NA	NA	NA	NA	NA	NA	NA	NA	NA	NA	NA	NA	NA	NA	NA	NA	NA	NA	NA	NA	NA	NA	NA	NA	NA	NA	NA	NA	NA	NA	NA	NA	NA	NA	NA	NA	NA	NA	NA	NA	NA	NA	NA	NA	NA	NA	NA	NA	NA	NA	NA	NA	NA	NA	NA
cg06281205	0.922133640285144	0.940146642545597	0.945851650426464	0.934007112034796	0.948340019667199	0.94642284222995	0.937471712665158	0.931675073004862	0.948079024966007	0.947368129034961	0.957183246795196	0.950865611984968	0.955525081229502	0.929549939778289	0.939272406046476	0.954256652179503	0.942570841734578	0.94862310798224	0.959463782941814	0.961706845322807	0.948304646175423	0.956520015026667	0.950248091057217	0.930287381345224	0.9531139442541	0.951865411173914	0.913282113804769	0.955337483947455	0.923181663509003	0.938093777729373	0.939793637883739	0.950949840059611	0.913078393333213	0.931792661982285	0.931095748826139	0.952090010778222	0.745805662951318	0.9359204735086	0.927209425600164	0.934644618323362	0.956697023067306	0.943267527551764	0.945588622862402	0.953267580245066	0.958280513506502	0.94569555506343	0.950117011387723	0.932356148650531	0.900438556676465	0.951123468520851	0.9539587455543	0.948336055086864	0.960154418734791	0.941021617246672	0.947961337123624	0.954633044057445	0.958542002665387	0.945642912941061	0.935281384487802	0.942563634455363	0.949989666377444	0.956945861717219	0.350080794692665	0.93174591038176	0.951469676860034	0.939627293288753
cg06336871	NA	NA	NA	NA	NA	NA	NA	NA	NA	NA	NA	NA	NA	NA	NA	NA	NA	NA	NA	NA	NA	NA	NA	NA	NA	NA	NA	NA	NA	NA	NA	NA	NA	NA	NA	NA	NA	NA	NA	NA	NA	NA	NA	NA	NA	NA	NA	NA	NA	NA	NA	NA	NA	NA	NA	NA	NA	NA	NA	NA	NA	NA	NA	NA	NA	NA
cg06354953	NA	NA	NA	NA	NA	NA	NA	NA	NA	NA	NA	NA	NA	NA	NA	NA	NA	NA	NA	NA	NA	NA	NA	NA	NA	NA	NA	NA	NA	NA	NA	NA	NA	NA	NA	NA	NA	NA	NA	NA	NA	NA	NA	NA	NA	NA	NA	NA	NA	NA	NA	NA	NA	NA	NA	NA	NA	NA	NA	NA	NA	NA	NA	NA	NA	NA
cg06364539	0.904469441106375	0.972915696300244	0.96842956179668	0.980971409672103	0.875586468531374	0.971194059174253	0.971551474300053	0.954136123403375	0.97220505580948	0.967809013713398	0.783034732310706	0.939360094257743	0.974690249203538	0.972573502923576	0.957837612336941	0.961604337348358	0.964815027977304	0.975337363636295	0.965703556549313	0.95697488814988	0.978157787849697	0.802997009426314	0.790604605616863	0.970194041154112	0.955868266884483	0.967056113587665	0.932712726466876	0.965653129147354	0.870966807008913	0.976409876940946	0.972873311734598	0.96913496731507	0.924013785352099	0.966943960189998	0.973199470528715	0.976004239570885	0.822072340509714	0.970170588152092	0.406473847643041	0.966248508508237	0.965061677706182	0.976617164032211	0.868307089678129	0.973909754372154	0.96761006851	0.981649838626761	0.958573626332175	0.973142087696946	0.97290550359636	0.971010721230309	0.84677434059762	0.958673244264129	0.947658071998161	0.978055356395169	0.970848705601351	0.969305864936062	0.978535626936175	0.973901008957386	0.981643628046097	0.946646497900136	0.966787741884044	0.972798850493766	0.980902022138767	0.967036592389263	0.909052149488056	0.975401369777506
cg06396309	0.908154214336513	0.890774197025657	0.916095206913439	0.921177498251627	0.916443992231627	0.907391423216111	0.897806919586338	0.909689517010685	0.887259551039385	0.914599242993842	0.916914319619192	0.8887841917942	0.900085365675926	0.897288668085467	0.782174721357974	0.89362295524485	0.871670877495075	0.913763519009612	0.917355804203807	0.828533511621804	0.922927082156943	0.883383630045505	0.89617106477001	0.888260812947242	0.909083085063177	0.899280381654761	0.912499991947426	0.888901570395577	0.906764832989261	0.906773187205168	0.920099102836907	0.921627515058679	0.914258749897802	0.920101909552394	0.887603298738723	0.900664107985839	0.896044526363752	0.884358959001782	NA	0.922226791215138	0.913306859144055	0.925753682068502	0.911149527059777	0.903814611174134	0.908024178377533	0.909901327530735	0.902387570429665	0.918070829823081	0.923656426411287	0.921042382833433	0.912332943978589	0.863856030756838	0.905959855453135	0.894808725380312	0.90189148180798	0.913301613003046	0.915721508039407	0.636549722589631	NA	0.889820532367875	0.899527108135876	0.902178856682749	0.910607897979847	0.8957147392961	0.88046151728225	0.914748936578581
cg06438727	0.8191814546395	0.933436493473965	0.933734341919606	0.951462839870666	0.90093816181051	0.935137786395689	0.879230716369327	0.898864955466195	0.914977667608029	0.422537911640093	0.928315726257725	0.933307303413091	0.916059462233998	0.915471197993191	0.921689997107492	0.881159229743041	0.913464923748152	0.706711931745165	0.651065692221967	0.891182507849429	0.899622023441602	0.93405768950944	0.394783872473086	0.910070678421285	0.870992404669256	0.92670357008585	0.854456658218776	0.631161710331556	0.917764884849286	0.884754486249486	0.946756272640402	0.920080670954897	0.956196348561763	0.910670667437527	0.89981563363512	0.959804075701353	0.876930032256671	0.867710643475466	0.884645067377709	0.922975069274158	0.923909681141765	0.901062414823389	0.913759848571967	0.572066916707752	0.913837076639226	0.923669126610905	0.896699854434266	0.941694146759556	0.946779994180918	0.922771863769964	0.876836802768215	0.932522314465946	0.937335317513079	0.952563905160064	0.93916766179504	0.939316504068873	0.902285628815575	0.901260272753798	0.919349076620264	0.58327492252328	0.940123558782631	0.950719116906985	0.915706565964311	0.90200395681127	0.844542266769764	0.914991265431282
cg06440169	NA	NA	NA	NA	NA	NA	NA	NA	NA	NA	NA	NA	NA	NA	NA	NA	NA	NA	NA	NA	NA	NA	NA	NA	NA	NA	NA	NA	NA	NA	NA	NA	NA	NA	NA	NA	NA	NA	NA	NA	NA	NA	NA	NA	NA	NA	NA	NA	NA	NA	NA	NA	NA	NA	NA	NA	NA	NA	NA	NA	NA	NA	NA	NA	NA	NA
cg06442472	NA	NA	NA	NA	NA	NA	NA	NA	NA	NA	NA	NA	NA	NA	NA	NA	NA	NA	NA	NA	NA	NA	NA	NA	NA	NA	NA	NA	NA	NA	NA	NA	NA	NA	NA	NA	NA	NA	NA	NA	NA	NA	NA	NA	NA	NA	NA	NA	NA	NA	NA	NA	NA	NA	NA	NA	NA	NA	NA	NA	NA	NA	NA	NA	NA	NA
cg06450446	NA	NA	NA	NA	NA	NA	NA	NA	NA	NA	NA	NA	NA	NA	NA	NA	NA	NA	NA	NA	NA	NA	NA	NA	NA	NA	NA	NA	NA	NA	NA	NA	NA	NA	NA	NA	NA	NA	NA	NA	NA	NA	NA	NA	NA	NA	NA	NA	NA	NA	NA	NA	NA	NA	NA	NA	NA	NA	NA	NA	NA	NA	NA	NA	NA	NA
cg06455125	NA	NA	NA	NA	NA	NA	NA	NA	NA	NA	NA	NA	NA	NA	NA	NA	NA	NA	NA	NA	NA	NA	NA	NA	NA	NA	NA	NA	NA	NA	NA	NA	NA	NA	NA	NA	NA	NA	NA	NA	NA	NA	NA	NA	NA	NA	NA	NA	NA	NA	NA	NA	NA	NA	NA	NA	NA	NA	NA	NA	NA	NA	NA	NA	NA	NA
cg06484274	0.0915407369789365	0.0852652865355104	0.378700196732713	0.0759309790349751	0.331380375465804	0.395008435458675	0.45717351556473	0.445098891314673	0.299214482165561	0.368875884295154	0.883791031158204	0.605762006363929	0.353606752832404	0.146309794801843	0.106235375370764	0.117392052663352	0.0874392274551694	0.233303073647714	0.0579101045369811	0.784072109736363	0.104363761785686	0.237979431007377	0.174687875567226	0.196400014183581	0.184749418729938	0.106688460255446	0.642762053899805	0.679755427503586	0.534630417249004	0.066374707192022	0.0701995865322583	0.180714431293188	0.0898822654819902	0.114074716706318	0.585004086444129	0.0640291861960754	0.27810081642698	0.0631962985857282	0.687717294187724	0.619762879612696	0.14381793207898	0.157426306054043	0.0790151773886421	0.0780630272039402	0.106254711610291	0.0500172659912942	0.0487665395240035	0.401425400773279	0.103501673452999	0.195275780652657	0.156774828838821	0.800005788772911	0.0508028994873969	0.157885303536702	0.0927211587138855	0.147841941093386	0.137664366448884	0.621307955514293	0.0844622678626988	0.662622905018469	0.0521062493149077	0.0421098962177185	0.109709725427573	0.14344390183272	0.367030951482214	0.17485219929953
cg06485995	NA	NA	NA	NA	NA	NA	NA	NA	NA	NA	NA	NA	NA	NA	NA	NA	NA	NA	NA	NA	NA	NA	NA	NA	NA	NA	NA	NA	NA	NA	NA	NA	NA	NA	NA	NA	NA	NA	NA	NA	NA	NA	NA	NA	NA	NA	NA	NA	NA	NA	NA	NA	NA	NA	NA	NA	NA	NA	NA	NA	NA	NA	NA	NA	NA	NA
cg06516543	0.975636302378166	0.970113901239613	0.975314910587769	0.972452516622019	0.967695985607927	0.951954724451549	0.968580187516089	0.951537798507803	0.949523417328868	0.864876421970197	0.958847636587352	0.935446092883716	0.961323915310312	0.96474247600433	0.96797783653334	0.973721342655483	0.961018532758986	0.959071148513752	0.963515769157451	0.955519364228051	0.960459539368408	0.966614751541002	0.926972051942304	0.971984430872913	0.974222837096958	0.972427389618234	0.860620654911568	0.953341220513349	NA	0.973149716959579	0.970384469506455	0.973140037760061	0.91701285278244	0.937380922482206	0.879062231543043	0.976048798109044	0.922505352147695	0.965862543333942	0.950376700279124	0.962092455190128	0.96533114723818	0.974350603829487	0.365283809435686	0.877904505225216	0.967309695728248	0.973402385205238	0.963691439574045	0.95692185204904	0.971804510546901	0.96960394723183	0.94696062914735	0.967454222317419	0.960952241079353	0.957476230958518	0.948191185668738	0.97598412652113	0.890663482864253	NA	0.978924622770495	0.930541547409878	0.971304140675244	0.964153626117039	0.977885915775794	0.970978234999119	0.9706161700429	0.964439043770241
cg06576765	NA	NA	NA	NA	NA	NA	NA	NA	NA	NA	NA	NA	NA	NA	NA	NA	NA	NA	NA	NA	NA	NA	NA	NA	NA	NA	NA	NA	NA	NA	NA	NA	NA	NA	NA	NA	NA	NA	NA	NA	NA	NA	NA	NA	NA	NA	NA	NA	NA	NA	NA	NA	NA	NA	NA	NA	NA	NA	NA	NA	NA	NA	NA	NA	NA	NA
cg06577450	NA	NA	NA	NA	NA	NA	NA	NA	NA	NA	NA	NA	NA	NA	NA	NA	NA	NA	NA	NA	NA	NA	NA	NA	NA	NA	NA	NA	NA	NA	NA	NA	NA	NA	NA	NA	NA	NA	NA	NA	NA	NA	NA	NA	NA	NA	NA	NA	NA	NA	NA	NA	NA	NA	NA	NA	NA	NA	NA	NA	NA	NA	NA	NA	NA	NA
cg06613547	NA	NA	NA	NA	NA	NA	NA	NA	NA	NA	NA	NA	NA	NA	NA	NA	NA	NA	NA	NA	NA	NA	NA	NA	NA	NA	NA	NA	NA	NA	NA	NA	NA	NA	NA	NA	NA	NA	NA	NA	NA	NA	NA	NA	NA	NA	NA	NA	NA	NA	NA	NA	NA	NA	NA	NA	NA	NA	NA	NA	NA	NA	NA	NA	NA	NA
cg06631184	0.958848544395014	0.960611781795243	0.957496022417938	0.966454941500979	0.959718182357152	0.945679171455285	0.960455655673014	0.956968400720095	0.952050619780629	0.95432498260792	0.951010972947173	0.966380045575098	0.953921085164542	0.92507689294039	0.962365103589145	0.958560962227141	0.938573213209388	0.938140818621054	0.951322649800464	0.958497578420721	0.955934542053238	0.949164026847697	0.958250715377118	0.950305694651971	0.95801775819143	0.957603978816115	0.954678652728727	0.945735251081167	0.965204537483845	0.958594404486172	0.958480676526948	0.964204846159146	0.960556406735274	0.95333676775546	0.953045467297061	0.962313909984906	0.966654098306733	0.953379516776809	0.965838344682555	0.963760069397286	0.950568690538344	0.956859801643581	0.910910234951809	0.958860462340219	0.947625399976065	0.950541773026578	0.953714947790529	0.961269792707876	0.956758270027497	0.963266976418693	0.957632021417864	0.968223883479682	0.962755387943565	0.958205913041043	0.96566931166532	0.939051758922905	0.962449468750459	0.954801864304178	0.959317253459785	0.940130118032963	0.959865338075582	0.966685778816226	0.961667820371673	0.951871564908455	0.92166988636984	0.959878933266914
cg06643622	0.182497142973733	0.901846378964825	0.593939037964792	0.558330299099918	0.113354102437875	0.682365484625102	0.674045852298982	0.143478746586659	0.377639957837499	0.700868983568454	0.0936680819485196	0.213202168469794	0.648149667688335	0.406700354448952	0.667702368310769	0.724841955990348	0.657104642518442	0.584031024555463	0.21188452498684	0.290756582983513	0.926553762106195	0.656003782007349	0.548648268101052	0.539840336998613	0.2425297704424	0.0817126924005032	0.855829026624968	0.417643462230418	0.877366160629204	0.176381517653307	0.654888026524896	0.611107986893293	0.0888018273690611	0.20860724410372	0.942069737776022	0.193381243397089	0.539869684580644	0.11120281164399	0.678100711300264	0.688099473120643	0.920967713002555	0.23448494090993	0.17635359825667	0.921500263130088	0.336708738877833	0.956932376707027	0.617126502267907	0.121696857655709	0.172843757158112	0.582367751348978	0.667745525931516	0.879588999349318	0.624532023465188	0.689602267349863	0.629544116004041	0.116812370621244	0.64302218948522	0.666496570518801	0.196863200599792	0.266089149300631	0.115006115269576	0.699755656094978	0.0959508430668513	0.927700940596202	0.436374012269522	0.689032194878346
cg06655570	NA	NA	NA	NA	NA	NA	NA	NA	NA	NA	NA	NA	NA	NA	NA	NA	NA	NA	NA	NA	NA	NA	NA	NA	NA	NA	NA	NA	NA	NA	NA	NA	NA	NA	NA	NA	NA	NA	NA	NA	NA	NA	NA	NA	NA	NA	NA	NA	NA	NA	NA	NA	NA	NA	NA	NA	NA	NA	NA	NA	NA	NA	NA	NA	NA	NA
cg06659269	NA	NA	NA	NA	NA	NA	NA	NA	NA	NA	NA	NA	NA	NA	NA	NA	NA	NA	NA	NA	NA	NA	NA	NA	NA	NA	NA	NA	NA	NA	NA	NA	NA	NA	NA	NA	NA	NA	NA	NA	NA	NA	NA	NA	NA	NA	NA	NA	NA	NA	NA	NA	NA	NA	NA	NA	NA	NA	NA	NA	NA	NA	NA	NA	NA	NA
cg06659867	NA	NA	NA	NA	NA	NA	NA	NA	NA	NA	NA	NA	NA	NA	NA	NA	NA	NA	NA	NA	NA	NA	NA	NA	NA	NA	NA	NA	NA	NA	NA	NA	NA	NA	NA	NA	NA	NA	NA	NA	NA	NA	NA	NA	NA	NA	NA	NA	NA	NA	NA	NA	NA	NA	NA	NA	NA	NA	NA	NA	NA	NA	NA	NA	NA	NA
cg06662976	0.0681067270977573	0.0517940059372189	0.0480781809843579	0.0520790017301482	0.0463713417743937	0.0542663400458785	0.096449763281151	0.0508074221868683	0.0499189585492005	0.0523733778467815	0.059391680501425	0.0405571399480415	0.895370404410486	0.0469996785380113	0.0408431947365174	0.0521032132758203	0.049335678304139	0.0470846785446801	0.0569387626371065	0.0433545078318581	0.052251607351945	0.0453126319896272	0.0528450072140207	0.345054793180845	0.0474716035172471	0.0444760096138293	0.0849553977226182	0.158832560090008	0.0749190677243711	0.0346209277465812	0.0572859551247818	0.0393994600755516	0.0456993047440978	0.0914229367961445	0.0480671132676578	0.0430878291542147	0.0477287481604812	0.0401685833657665	0.400907772311872	0.0389331757135428	0.0548093843016257	0.05689039643033	0.362449900626794	0.0650249233084078	0.0491481415227789	0.0479093526213854	0.0434013617553621	0.0501114851595168	0.14181936470001	0.0474342643391874	0.0502195149815688	0.206473824417031	0.0528706710107456	0.34472497072911	0.0493114727838964	0.0477402779287775	0.0432995531397953	0.0748632907112337	0.0597109623294814	0.0538450308260543	0.0631618852905198	0.0522185609048561	0.0507236222189237	0.0536802166774125	0.0471455129611389	0.0410175103583527
cg06674392	NA	NA	NA	NA	NA	NA	NA	NA	NA	NA	NA	NA	NA	NA	NA	NA	NA	NA	NA	NA	NA	NA	NA	NA	NA	NA	NA	NA	NA	NA	NA	NA	NA	NA	NA	NA	NA	NA	NA	NA	NA	NA	NA	NA	NA	NA	NA	NA	NA	NA	NA	NA	NA	NA	NA	NA	NA	NA	NA	NA	NA	NA	NA	NA	NA	NA
cg06679649	NA	NA	NA	NA	NA	NA	NA	NA	NA	NA	NA	NA	NA	NA	NA	NA	NA	NA	NA	NA	NA	NA	NA	NA	NA	NA	NA	NA	NA	NA	NA	NA	NA	NA	NA	NA	NA	NA	NA	NA	NA	NA	NA	NA	NA	NA	NA	NA	NA	NA	NA	NA	NA	NA	NA	NA	NA	NA	NA	NA	NA	NA	NA	NA	NA	NA
cg06686174	NA	NA	NA	NA	NA	NA	NA	NA	NA	NA	NA	NA	NA	NA	NA	NA	NA	NA	NA	NA	NA	NA	NA	NA	NA	NA	NA	NA	NA	NA	NA	NA	NA	NA	NA	NA	NA	NA	NA	NA	NA	NA	NA	NA	NA	NA	NA	NA	NA	NA	NA	NA	NA	NA	NA	NA	NA	NA	NA	NA	NA	NA	NA	NA	NA	NA
cg06692606	NA	NA	NA	NA	NA	NA	NA	NA	NA	NA	NA	NA	NA	NA	NA	NA	NA	NA	NA	NA	NA	NA	NA	NA	NA	NA	NA	NA	NA	NA	NA	NA	NA	NA	NA	NA	NA	NA	NA	NA	NA	NA	NA	NA	NA	NA	NA	NA	NA	NA	NA	NA	NA	NA	NA	NA	NA	NA	NA	NA	NA	NA	NA	NA	NA	NA
cg06728577	NA	NA	NA	NA	NA	NA	NA	NA	NA	NA	NA	NA	NA	NA	NA	NA	NA	NA	NA	NA	NA	NA	NA	NA	NA	NA	NA	NA	NA	NA	NA	NA	NA	NA	NA	NA	NA	NA	NA	NA	NA	NA	NA	NA	NA	NA	NA	NA	NA	NA	NA	NA	NA	NA	NA	NA	NA	NA	NA	NA	NA	NA	NA	NA	NA	NA
cg06784187	NA	NA	NA	NA	NA	NA	NA	NA	NA	NA	NA	NA	NA	NA	NA	NA	NA	NA	NA	NA	NA	NA	NA	NA	NA	NA	NA	NA	NA	NA	NA	NA	NA	NA	NA	NA	NA	NA	NA	NA	NA	NA	NA	NA	NA	NA	NA	NA	NA	NA	NA	NA	NA	NA	NA	NA	NA	NA	NA	NA	NA	NA	NA	NA	NA	NA
cg06808021	NA	NA	NA	NA	NA	NA	NA	NA	NA	NA	NA	NA	NA	NA	NA	NA	NA	NA	NA	NA	NA	NA	NA	NA	NA	NA	NA	NA	NA	NA	NA	NA	NA	NA	NA	NA	NA	NA	NA	NA	NA	NA	NA	NA	NA	NA	NA	NA	NA	NA	NA	NA	NA	NA	NA	NA	NA	NA	NA	NA	NA	NA	NA	NA	NA	NA
cg06868034	NA	NA	NA	NA	NA	NA	NA	NA	NA	NA	NA	NA	NA	NA	NA	NA	NA	NA	NA	NA	NA	NA	NA	NA	NA	NA	NA	NA	NA	NA	NA	NA	NA	NA	NA	NA	NA	NA	NA	NA	NA	NA	NA	NA	NA	NA	NA	NA	NA	NA	NA	NA	NA	NA	NA	NA	NA	NA	NA	NA	NA	NA	NA	NA	NA	NA
cg06868413	NA	NA	NA	NA	NA	NA	NA	NA	NA	NA	NA	NA	NA	NA	NA	NA	NA	NA	NA	NA	NA	NA	NA	NA	NA	NA	NA	NA	NA	NA	NA	NA	NA	NA	NA	NA	NA	NA	NA	NA	NA	NA	NA	NA	NA	NA	NA	NA	NA	NA	NA	NA	NA	NA	NA	NA	NA	NA	NA	NA	NA	NA	NA	NA	NA	NA
cg06868699	NA	NA	NA	NA	NA	NA	NA	NA	NA	NA	NA	NA	NA	NA	NA	NA	NA	NA	NA	NA	NA	NA	NA	NA	NA	NA	NA	NA	NA	NA	NA	NA	NA	NA	NA	NA	NA	NA	NA	NA	NA	NA	NA	NA	NA	NA	NA	NA	NA	NA	NA	NA	NA	NA	NA	NA	NA	NA	NA	NA	NA	NA	NA	NA	NA	NA
cg06921605	NA	NA	NA	NA	NA	NA	NA	NA	NA	NA	NA	NA	NA	NA	NA	NA	NA	NA	NA	NA	NA	NA	NA	NA	NA	NA	NA	NA	NA	NA	NA	NA	NA	NA	NA	NA	NA	NA	NA	NA	NA	NA	NA	NA	NA	NA	NA	NA	NA	NA	NA	NA	NA	NA	NA	NA	NA	NA	NA	NA	NA	NA	NA	NA	NA	NA
cg06934003	NA	NA	NA	NA	NA	NA	NA	NA	NA	NA	NA	NA	NA	NA	NA	NA	NA	NA	NA	NA	NA	NA	NA	NA	NA	NA	NA	NA	NA	NA	NA	NA	NA	NA	NA	NA	NA	NA	NA	NA	NA	NA	NA	NA	NA	NA	NA	NA	NA	NA	NA	NA	NA	NA	NA	NA	NA	NA	NA	NA	NA	NA	NA	NA	NA	NA
cg06944489	NA	NA	NA	NA	NA	NA	NA	NA	NA	NA	NA	NA	NA	NA	NA	NA	NA	NA	NA	NA	NA	NA	NA	NA	NA	NA	NA	NA	NA	NA	NA	NA	NA	NA	NA	NA	NA	NA	NA	NA	NA	NA	NA	NA	NA	NA	NA	NA	NA	NA	NA	NA	NA	NA	NA	NA	NA	NA	NA	NA	NA	NA	NA	NA	NA	NA
cg06949017	NA	NA	NA	NA	NA	NA	NA	NA	NA	NA	NA	NA	NA	NA	NA	NA	NA	NA	NA	NA	NA	NA	NA	NA	NA	NA	NA	NA	NA	NA	NA	NA	NA	NA	NA	NA	NA	NA	NA	NA	NA	NA	NA	NA	NA	NA	NA	NA	NA	NA	NA	NA	NA	NA	NA	NA	NA	NA	NA	NA	NA	NA	NA	NA	NA	NA
cg06960940	NA	NA	NA	NA	NA	NA	NA	NA	NA	NA	NA	NA	NA	NA	NA	NA	NA	NA	NA	NA	NA	NA	NA	NA	NA	NA	NA	NA	NA	NA	NA	NA	NA	NA	NA	NA	NA	NA	NA	NA	NA	NA	NA	NA	NA	NA	NA	NA	NA	NA	NA	NA	NA	NA	NA	NA	NA	NA	NA	NA	NA	NA	NA	NA	NA	NA
cg06962373	0.759514595603343	0.640086789777262	0.785613887337116	0.728367339928223	0.789625004882383	0.729516806075002	0.83174884371421	0.748352677894501	0.712145451555354	0.80497099839808	0.776387873599998	0.764159116150423	0.763181509732921	0.747159628359766	0.832647794968972	0.380672424042617	0.761147059780902	0.587153737562758	0.785730416576361	0.467303372263858	0.799916843447894	0.729044988386549	0.397933359800058	0.723813771387437	0.780331695292847	0.813383159418557	0.702351575720122	0.582539275030955	0.806291895354718	0.785625955542059	0.734678815674345	0.793658283748196	0.840125982408279	0.37005933799362	0.759996538079855	0.702726192867117	0.423535261713328	0.80071477166487	0.610358802048203	0.744894173109747	0.786494626602941	0.801811641397462	0.337552667521711	0.783007533205075	0.747505199204489	0.4961959940296	0.786713497824752	0.830376299169629	0.752801855437315	0.420998363026602	0.453395540274301	0.767963155192018	0.739326165251841	0.668178987716926	0.78147946687892	0.282541320219208	0.830236132529937	0.82696478601363	0.786550253300844	0.649452496175673	0.777519549538814	0.844560454844966	0.841253466187073	0.801706633554858	0.590932478534081	0.664502946176983
cg06970454	NA	NA	NA	NA	NA	NA	NA	NA	NA	NA	NA	NA	NA	NA	NA	NA	NA	NA	NA	NA	NA	NA	NA	NA	NA	NA	NA	NA	NA	NA	NA	NA	NA	NA	NA	NA	NA	NA	NA	NA	NA	NA	NA	NA	NA	NA	NA	NA	NA	NA	NA	NA	NA	NA	NA	NA	NA	NA	NA	NA	NA	NA	NA	NA	NA	NA
cg06977264	NA	NA	NA	NA	NA	NA	NA	NA	NA	NA	NA	NA	NA	NA	NA	NA	NA	NA	NA	NA	NA	NA	NA	NA	NA	NA	NA	NA	NA	NA	NA	NA	NA	NA	NA	NA	NA	NA	NA	NA	NA	NA	NA	NA	NA	NA	NA	NA	NA	NA	NA	NA	NA	NA	NA	NA	NA	NA	NA	NA	NA	NA	NA	NA	NA	NA
cg06995113	NA	NA	NA	NA	NA	NA	NA	NA	NA	NA	NA	NA	NA	NA	NA	NA	NA	NA	NA	NA	NA	NA	NA	NA	NA	NA	NA	NA	NA	NA	NA	NA	NA	NA	NA	NA	NA	NA	NA	NA	NA	NA	NA	NA	NA	NA	NA	NA	NA	NA	NA	NA	NA	NA	NA	NA	NA	NA	NA	NA	NA	NA	NA	NA	NA	NA
cg06999653	0.489328436428626	0.722731100022902	0.901052321188517	0.873518531893742	0.921002064773787	0.902332616533355	0.943292201766033	0.878107171559763	0.805876375163441	0.89218388475513	0.686201827785991	0.876026797099715	0.869836213198708	0.863632256457728	0.901152180285968	0.889790662452969	0.894632244554455	0.873510326022737	0.712618643279357	0.655698326723463	0.907373133101161	0.894845988977912	0.735847430222978	0.914294467975774	0.83881135505668	0.195635440132065	0.894613389825028	0.584926638647047	0.8832260614861	0.925589618632557	0.929005955554697	0.898235245475652	0.896503660907745	0.384042081812339	0.386772488663052	0.905218703079537	0.84640669702341	0.931985816389395	0.7513938587493	0.872699114842616	0.851893023562867	0.872775801429264	0.802171013743024	0.881872568670037	0.871988507828775	0.909042833778227	0.884690515431808	0.374549424322824	0.645698549206393	0.918314930447091	0.900101508280932	0.771402030501296	0.251920940968445	0.921726449718492	0.883110344964127	0.89400547085494	0.613490474158478	0.160750938271613	0.883067525454532	0.752010867858472	0.865501483732507	0.244209723796622	0.91100862244918	0.310658880591083	0.777817843039844	0.899301576878053
cg07005246	NA	NA	NA	NA	NA	NA	NA	NA	NA	NA	NA	NA	NA	NA	NA	NA	NA	NA	NA	NA	NA	NA	NA	NA	NA	NA	NA	NA	NA	NA	NA	NA	NA	NA	NA	NA	NA	NA	NA	NA	NA	NA	NA	NA	NA	NA	NA	NA	NA	NA	NA	NA	NA	NA	NA	NA	NA	NA	NA	NA	NA	NA	NA	NA	NA	NA
cg07021678	NA	NA	NA	NA	NA	NA	NA	NA	NA	NA	NA	NA	NA	NA	NA	NA	NA	NA	NA	NA	NA	NA	NA	NA	NA	NA	NA	NA	NA	NA	NA	NA	NA	NA	NA	NA	NA	NA	NA	NA	NA	NA	NA	NA	NA	NA	NA	NA	NA	NA	NA	NA	NA	NA	NA	NA	NA	NA	NA	NA	NA	NA	NA	NA	NA	NA
cg07088430	NA	NA	NA	NA	NA	NA	NA	NA	NA	NA	NA	NA	NA	NA	NA	NA	NA	NA	NA	NA	NA	NA	NA	NA	NA	NA	NA	NA	NA	NA	NA	NA	NA	NA	NA	NA	NA	NA	NA	NA	NA	NA	NA	NA	NA	NA	NA	NA	NA	NA	NA	NA	NA	NA	NA	NA	NA	NA	NA	NA	NA	NA	NA	NA	NA	NA
cg07165120	0.670536155114412	0.824743284040462	0.922116353235111	0.459106723685629	0.921821837787006	0.927694167580402	0.563434636841894	0.922736329540877	0.953874083739172	0.887727017486949	0.908553234865745	0.587841832829734	0.776440295408186	0.615326298691734	0.894348562586742	0.60955334606567	0.279144513322241	0.743170802295524	0.267093215483308	0.959778766875514	0.779884991428096	0.950766999517575	0.276024016159809	0.838175323561994	0.585841042320567	0.519600556527772	0.821373311492979	0.871112490357075	0.740575431388763	0.78166038026258	0.882228536958412	0.768036705101466	0.906096150565899	0.617947873457773	0.938661445879364	0.953173120609714	0.449719572014395	0.531056883648423	0.615669949902657	0.582858045953327	0.547296633443218	0.933351482824722	0.510260967930471	0.318536619069077	0.953140755783776	0.120015696822026	0.574715877863123	0.950140913634855	0.938893686319131	0.918848957503142	0.94500757245393	0.526085605464349	0.932398766492228	0.52721859454483	0.322702394251557	0.949410669641972	0.951365446679585	0.637368883253873	0.571187100605988	0.739947825935857	0.941690911894941	0.946968795076528	0.964743962817532	0.607745573518088	0.799125974935688	0.547525701159216
cg07170752	0.828938103964097	0.90600056909742	0.861723360918078	0.857649631448383	0.815827020792968	0.857201137322283	0.845507910731192	0.847814404248728	0.751130205755242	0.830108486778791	0.814550752845972	0.813070272696247	0.825286813289422	0.816792461914655	0.815888330267656	0.835310048759108	0.802899110647248	0.806305891748257	0.685783000429773	0.733006407332291	0.856845551504322	0.756772902304974	0.810571588335179	0.80868377790177	0.771684853521454	0.848935508412841	0.817473322895486	0.75563170083054	0.914383532443634	0.818333339329677	0.827574974663722	0.76382176965423	0.849365645613516	0.821789093556206	0.845841030466979	0.838843316463038	0.870467188540535	0.745703018529475	0.424770359670057	0.763697896228429	0.327826216970976	0.827312244917159	0.843269403344168	0.784030333844579	0.816168006299054	0.771130692212496	0.741138435527913	0.866222602463327	0.880408569364327	0.853446513129044	0.838649754966659	0.861273954586944	0.826365995890792	0.842257516806612	0.844550946328879	0.862992790345885	0.834602667844553	0.810407822007125	0.847746947540708	0.773835180551544	0.813059160670355	0.836177677183236	0.836464236532423	0.820054334243866	0.840128358252519	0.825828351213109
cg07221511	NA	NA	NA	NA	NA	NA	NA	NA	NA	NA	NA	NA	NA	NA	NA	NA	NA	NA	NA	NA	NA	NA	NA	NA	NA	NA	NA	NA	NA	NA	NA	NA	NA	NA	NA	NA	NA	NA	NA	NA	NA	NA	NA	NA	NA	NA	NA	NA	NA	NA	NA	NA	NA	NA	NA	NA	NA	NA	NA	NA	NA	NA	NA	NA	NA	NA
cg07228905	0.310415143879805	0.469122837046048	0.945879982303027	0.82844987399784	0.937073381419792	0.430273073075307	0.927106106650813	0.324712411854426	0.574595716106276	0.278731894072489	0.141684712208297	0.894792947077622	0.242831931362811	0.411829722125995	0.91268071453963	0.898805766049095	0.850471832127306	0.886774840511166	0.335767657420307	0.522519116205161	0.877655387036397	0.283204362041909	0.675715205997571	0.878428633837825	0.355286094720383	0.167202696617105	0.653839583802876	0.695341605689812	0.450795824767964	0.36968250436298	0.912903522131283	0.942437626996667	0.169355282793553	0.882290583774205	0.914703028199855	0.959460909911173	0.899190884013898	0.911100783725748	0.536349327311978	0.313118413135401	0.261660022788184	0.352940377329419	0.505548437536504	0.921139531316892	0.336326254854649	0.132502927045439	0.877517335304508	0.299363413508003	0.922232731589102	0.242711123043483	0.68942083600517	0.625852054308181	0.931032597040958	0.219613753494288	0.886584629943689	0.936912868911008	0.277654281591695	0.0994653172573236	0.365555285169427	0.874221177921849	0.148345416580362	0.919800237870433	0.922576530996408	0.933431183407889	0.760997074595092	0.307823014142323
cg07242196	0.988729274198552	0.987407273404319	0.98746451140931	0.988249801845969	0.987081199415879	0.987235581310715	0.981697745049849	0.984254057252231	0.983826034103877	0.986941766962796	0.987389380579903	0.990512061899495	0.97655518690894	0.985005107616458	0.987519604885352	0.986028525845908	0.98355092003204	0.987163637453176	0.97911724536135	0.986523813428164	0.985641290135758	0.975010633493867	0.989166530802894	0.983423578297223	0.983566116176086	0.987421147600753	0.984655682003925	0.98727862228656	0.985455907588651	0.987483357304399	0.985387608701528	0.987489870718689	0.987689893637371	0.987057809525625	0.987194801842776	0.989785675892949	0.987515492633451	0.987419350631313	0.985211937019906	0.988205668623926	0.986244935961595	0.988255973210894	0.983261897903412	0.980563581242515	0.98165650422086	0.987591373855058	0.98541083356896	0.987187656131791	0.987819708117564	0.988912148183209	0.984704141328848	0.982346100950831	0.984775260566791	0.986971861674939	0.987959686286003	0.989906605567962	0.983797084430024	0.988310142956845	0.987440348016643	0.986259185458269	0.988735047483108	0.984675469887558	0.989783607157132	0.986597034579452	0.98900906763105	0.986487336253249
cg07244523	NA	NA	NA	NA	NA	NA	NA	NA	NA	NA	NA	NA	NA	NA	NA	NA	NA	NA	NA	NA	NA	NA	NA	NA	NA	NA	NA	NA	NA	NA	NA	NA	NA	NA	NA	NA	NA	NA	NA	NA	NA	NA	NA	NA	NA	NA	NA	NA	NA	NA	NA	NA	NA	NA	NA	NA	NA	NA	NA	NA	NA	NA	NA	NA	NA	NA
cg07252846	NA	NA	NA	NA	NA	NA	NA	NA	NA	NA	NA	NA	NA	NA	NA	NA	NA	NA	NA	NA	NA	NA	NA	NA	NA	NA	NA	NA	NA	NA	NA	NA	NA	NA	NA	NA	NA	NA	NA	NA	NA	NA	NA	NA	NA	NA	NA	NA	NA	NA	NA	NA	NA	NA	NA	NA	NA	NA	NA	NA	NA	NA	NA	NA	NA	NA
cg07277465	NA	NA	NA	NA	NA	NA	NA	NA	NA	NA	NA	NA	NA	NA	NA	NA	NA	NA	NA	NA	NA	NA	NA	NA	NA	NA	NA	NA	NA	NA	NA	NA	NA	NA	NA	NA	NA	NA	NA	NA	NA	NA	NA	NA	NA	NA	NA	NA	NA	NA	NA	NA	NA	NA	NA	NA	NA	NA	NA	NA	NA	NA	NA	NA	NA	NA
cg07283015	0.95005907012811	0.951383569840979	0.964487516252847	0.960441820840952	0.958635258733619	0.944594098384505	0.96294929660384	0.955670871595627	0.9445894050429	0.966139646265634	0.949577972693311	0.926652608473766	0.9581448990705	0.942062037288188	0.951163780005226	0.955365487226894	0.956610450100943	0.928849251394779	0.944930747385841	0.854031109666568	0.970489098706314	0.945427770295901	0.737128554216829	0.951543314895015	0.97207640071996	0.898417813352204	0.924448817412954	0.908827684349118	0.953931860949675	0.960695872848354	0.93101792627087	0.959584505145147	0.971391285700372	0.954383536945792	0.963144832013817	0.963695740778858	0.956473643988666	0.954718977866631	0.818593615284124	0.952949582959951	0.966004855773036	0.944751978480391	0.960936013544482	0.848346286401977	0.946224348072286	0.967475528871792	0.948611401254539	0.968261139408648	0.956949804393465	0.955946607973451	0.858491646737463	0.954581734284655	0.968627669190816	0.958540457837653	0.945679682461482	0.970983491349972	0.95813136355826	0.969973045320031	0.958060607578911	0.957988498155172	0.950595763576631	0.962253971072911	0.957426350479238	0.947042087566021	0.944736976023668	0.95654097497653
cg07372195	0.930166446553905	0.776323598991702	0.937295162878888	0.945089797206078	0.946845646268193	0.718087196807083	0.952068673505895	0.952744822562054	0.921480678501226	0.926574739826772	0.937623379595149	0.551435168093588	0.936004706959651	0.946596065144249	0.953273272030247	0.952409864436032	0.953483767292512	0.527345756946233	0.950218161144846	0.95513514996745	0.945153016072	0.93685345016004	0.899092756624216	0.602764289874482	0.950358542453662	0.955973754918079	0.951318198485389	0.96123619330029	0.933708340219686	0.937589796221695	0.950307339357633	0.941037644316059	0.943511390838971	0.947529944472525	0.442012309348979	0.954817864205134	0.90470817265195	0.945766433220951	0.948075224238847	0.958694807794546	0.940410297959549	0.959073136683468	0.942429539592507	0.934576262821368	0.942116566670997	0.92041970900836	0.223448526778827	0.94674912780841	0.738486405826806	0.22788090485675	0.956048868382601	0.890942145402842	0.314402319968014	0.93685389851468	0.958633048373494	0.228949603370766	0.505908628745582	0.940445363478308	0.932382358550881	0.954530096156946	0.947454981374841	0.948264549116947	0.94779399252698	0.932476551833186	0.961064856842097	0.942904298378266
cg07378405	NA	NA	NA	NA	NA	NA	NA	NA	NA	NA	NA	NA	NA	NA	NA	NA	NA	NA	NA	NA	NA	NA	NA	NA	NA	NA	NA	NA	NA	NA	NA	NA	NA	NA	NA	NA	NA	NA	NA	NA	NA	NA	NA	NA	NA	NA	NA	NA	NA	NA	NA	NA	NA	NA	NA	NA	NA	NA	NA	NA	NA	NA	NA	NA	NA	NA
cg07421068	NA	NA	NA	NA	NA	NA	NA	NA	NA	NA	NA	NA	NA	NA	NA	NA	NA	NA	NA	NA	NA	NA	NA	NA	NA	NA	NA	NA	NA	NA	NA	NA	NA	NA	NA	NA	NA	NA	NA	NA	NA	NA	NA	NA	NA	NA	NA	NA	NA	NA	NA	NA	NA	NA	NA	NA	NA	NA	NA	NA	NA	NA	NA	NA	NA	NA
cg07427559	NA	NA	NA	NA	NA	NA	NA	NA	NA	NA	NA	NA	NA	NA	NA	NA	NA	NA	NA	NA	NA	NA	NA	NA	NA	NA	NA	NA	NA	NA	NA	NA	NA	NA	NA	NA	NA	NA	NA	NA	NA	NA	NA	NA	NA	NA	NA	NA	NA	NA	NA	NA	NA	NA	NA	NA	NA	NA	NA	NA	NA	NA	NA	NA	NA	NA
cg07508429	0.902084471193677	NA	0.112488704843206	0.738032987152121	0.629268877988009	0.646914466108466	0.212966055966948	0.284694926155644	0.848774465488413	0.71968836661637	0.918866234679586	0.647579793012267	0.89111394001722	0.897997290647216	0.629778138336107	0.442037068025063	0.910899011909493	0.801823678231751	0.64129718662176	0.862798840088981	0.889247719612545	0.305448922463985	0.55785694712826	0.715389053380442	0.680759063556914	0.727033135909285	0.840287593722184	0.636719903183771	0.82036374551438	0.94006658583643	0.740322754440653	0.68901892105942	0.221564803165725	0.687001032670467	0.738382574989702	0.945268553442214	0.386042074762558	0.176704262975236	0.89856183134935	0.648588773559412	0.894130317166657	0.313134711691749	0.884835718518387	0.902145192645073	0.912258952264758	0.730743798752194	0.889905369726867	0.750119031224217	0.286956641013481	0.195945488437279	0.757582155020485	0.64290806405985	0.186029529003192	0.778001610383534	0.23612551664767	0.936095793552307	0.225609158359196	0.79242128424066	0.7053232350565	0.917683105372703	0.161062977115391	0.729048791436927	0.613296145408514	0.183602539718796	0.583613301294274	0.942617616152098
cg07516965	NA	NA	NA	NA	NA	NA	NA	NA	NA	NA	NA	NA	NA	NA	NA	NA	NA	NA	NA	NA	NA	NA	NA	NA	NA	NA	NA	NA	NA	NA	NA	NA	NA	NA	NA	NA	NA	NA	NA	NA	NA	NA	NA	NA	NA	NA	NA	NA	NA	NA	NA	NA	NA	NA	NA	NA	NA	NA	NA	NA	NA	NA	NA	NA	NA	NA
cg07532159	NA	NA	NA	NA	NA	NA	NA	NA	NA	NA	NA	NA	NA	NA	NA	NA	NA	NA	NA	NA	NA	NA	NA	NA	NA	NA	NA	NA	NA	NA	NA	NA	NA	NA	NA	NA	NA	NA	NA	NA	NA	NA	NA	NA	NA	NA	NA	NA	NA	NA	NA	NA	NA	NA	NA	NA	NA	NA	NA	NA	NA	NA	NA	NA	NA	NA
cg07559427	0.943351898168021	0.940564180196623	0.955236894383303	0.611948010187934	0.932096645429994	0.545644255993942	0.896680639766524	0.936856627890657	0.951882809678774	0.943204272792805	0.31719114228258	0.726130881539174	0.950139632452016	0.948020673467522	0.910969339107111	0.923935503090125	0.94768485269381	0.909912133863843	0.934567606629138	0.949150053293352	0.949571036798238	0.938905255157332	0.867879685692049	0.927609124171206	0.717648718348035	0.953786152874778	0.943834246266364	0.959350614267567	0.956807823832927	0.925333215267952	0.939658860142166	0.928775529368637	0.93047987825494	0.726441197064154	0.626126396306189	0.950285909175593	0.53327447550591	0.921418370104126	0.625522310903417	0.955828591120862	0.945302977152305	0.929384400565683	0.849932705126588	0.648777525014628	0.710538887200644	0.961889486878419	0.948520945590482	0.375510368405038	0.924770919223967	0.953809239237815	0.942636983611156	0.914634326349495	0.583280263407363	0.941190114577081	0.938997638726048	0.961130675124735	0.943935977907425	0.960447402322737	0.954986677070451	0.947450075385982	0.939193625369026	0.972057236326621	0.954498036171218	0.929651251842171	0.819783041730531	0.671180545708394
cg07590638	NA	NA	NA	NA	NA	NA	NA	NA	NA	NA	NA	NA	NA	NA	NA	NA	NA	NA	NA	NA	NA	NA	NA	NA	NA	NA	NA	NA	NA	NA	NA	NA	NA	NA	NA	NA	NA	NA	NA	NA	NA	NA	NA	NA	NA	NA	NA	NA	NA	NA	NA	NA	NA	NA	NA	NA	NA	NA	NA	NA	NA	NA	NA	NA	NA	NA
cg07612889	NA	NA	NA	NA	NA	NA	NA	NA	NA	NA	NA	NA	NA	NA	NA	NA	NA	NA	NA	NA	NA	NA	NA	NA	NA	NA	NA	NA	NA	NA	NA	NA	NA	NA	NA	NA	NA	NA	NA	NA	NA	NA	NA	NA	NA	NA	NA	NA	NA	NA	NA	NA	NA	NA	NA	NA	NA	NA	NA	NA	NA	NA	NA	NA	NA	NA
cg07633119	NA	NA	NA	NA	NA	NA	NA	NA	NA	NA	NA	NA	NA	NA	NA	NA	NA	NA	NA	NA	NA	NA	NA	NA	NA	NA	NA	NA	NA	NA	NA	NA	NA	NA	NA	NA	NA	NA	NA	NA	NA	NA	NA	NA	NA	NA	NA	NA	NA	NA	NA	NA	NA	NA	NA	NA	NA	NA	NA	NA	NA	NA	NA	NA	NA	NA
cg07645858	NA	NA	NA	NA	NA	NA	NA	NA	NA	NA	NA	NA	NA	NA	NA	NA	NA	NA	NA	NA	NA	NA	NA	NA	NA	NA	NA	NA	NA	NA	NA	NA	NA	NA	NA	NA	NA	NA	NA	NA	NA	NA	NA	NA	NA	NA	NA	NA	NA	NA	NA	NA	NA	NA	NA	NA	NA	NA	NA	NA	NA	NA	NA	NA	NA	NA
cg07672509	NA	NA	NA	NA	NA	NA	NA	NA	NA	NA	NA	NA	NA	NA	NA	NA	NA	NA	NA	NA	NA	NA	NA	NA	NA	NA	NA	NA	NA	NA	NA	NA	NA	NA	NA	NA	NA	NA	NA	NA	NA	NA	NA	NA	NA	NA	NA	NA	NA	NA	NA	NA	NA	NA	NA	NA	NA	NA	NA	NA	NA	NA	NA	NA	NA	NA
cg07690202	NA	NA	NA	NA	NA	NA	NA	NA	NA	NA	NA	NA	NA	NA	NA	NA	NA	NA	NA	NA	NA	NA	NA	NA	NA	NA	NA	NA	NA	NA	NA	NA	NA	NA	NA	NA	NA	NA	NA	NA	NA	NA	NA	NA	NA	NA	NA	NA	NA	NA	NA	NA	NA	NA	NA	NA	NA	NA	NA	NA	NA	NA	NA	NA	NA	NA
cg07752079	NA	NA	NA	NA	NA	NA	NA	NA	NA	NA	NA	NA	NA	NA	NA	NA	NA	NA	NA	NA	NA	NA	NA	NA	NA	NA	NA	NA	NA	NA	NA	NA	NA	NA	NA	NA	NA	NA	NA	NA	NA	NA	NA	NA	NA	NA	NA	NA	NA	NA	NA	NA	NA	NA	NA	NA	NA	NA	NA	NA	NA	NA	NA	NA	NA	NA
cg07752596	NA	NA	NA	NA	NA	NA	NA	NA	NA	NA	NA	NA	NA	NA	NA	NA	NA	NA	NA	NA	NA	NA	NA	NA	NA	NA	NA	NA	NA	NA	NA	NA	NA	NA	NA	NA	NA	NA	NA	NA	NA	NA	NA	NA	NA	NA	NA	NA	NA	NA	NA	NA	NA	NA	NA	NA	NA	NA	NA	NA	NA	NA	NA	NA	NA	NA
cg07756562	NA	NA	NA	NA	NA	NA	NA	NA	NA	NA	NA	NA	NA	NA	NA	NA	NA	NA	NA	NA	NA	NA	NA	NA	NA	NA	NA	NA	NA	NA	NA	NA	NA	NA	NA	NA	NA	NA	NA	NA	NA	NA	NA	NA	NA	NA	NA	NA	NA	NA	NA	NA	NA	NA	NA	NA	NA	NA	NA	NA	NA	NA	NA	NA	NA	NA
cg07757454	NA	NA	NA	NA	NA	NA	NA	NA	NA	NA	NA	NA	NA	NA	NA	NA	NA	NA	NA	NA	NA	NA	NA	NA	NA	NA	NA	NA	NA	NA	NA	NA	NA	NA	NA	NA	NA	NA	NA	NA	NA	NA	NA	NA	NA	NA	NA	NA	NA	NA	NA	NA	NA	NA	NA	NA	NA	NA	NA	NA	NA	NA	NA	NA	NA	NA
cg07810671	NA	NA	NA	NA	NA	NA	NA	NA	NA	NA	NA	NA	NA	NA	NA	NA	NA	NA	NA	NA	NA	NA	NA	NA	NA	NA	NA	NA	NA	NA	NA	NA	NA	NA	NA	NA	NA	NA	NA	NA	NA	NA	NA	NA	NA	NA	NA	NA	NA	NA	NA	NA	NA	NA	NA	NA	NA	NA	NA	NA	NA	NA	NA	NA	NA	NA
cg07841357	NA	NA	NA	NA	NA	NA	NA	NA	NA	NA	NA	NA	NA	NA	NA	NA	NA	NA	NA	NA	NA	NA	NA	NA	NA	NA	NA	NA	NA	NA	NA	NA	NA	NA	NA	NA	NA	NA	NA	NA	NA	NA	NA	NA	NA	NA	NA	NA	NA	NA	NA	NA	NA	NA	NA	NA	NA	NA	NA	NA	NA	NA	NA	NA	NA	NA
cg07855322	NA	NA	NA	NA	NA	NA	NA	NA	NA	NA	NA	NA	NA	NA	NA	NA	NA	NA	NA	NA	NA	NA	NA	NA	NA	NA	NA	NA	NA	NA	NA	NA	NA	NA	NA	NA	NA	NA	NA	NA	NA	NA	NA	NA	NA	NA	NA	NA	NA	NA	NA	NA	NA	NA	NA	NA	NA	NA	NA	NA	NA	NA	NA	NA	NA	NA
cg07856387	NA	NA	NA	NA	NA	NA	NA	NA	NA	NA	NA	NA	NA	NA	NA	NA	NA	NA	NA	NA	NA	NA	NA	NA	NA	NA	NA	NA	NA	NA	NA	NA	NA	NA	NA	NA	NA	NA	NA	NA	NA	NA	NA	NA	NA	NA	NA	NA	NA	NA	NA	NA	NA	NA	NA	NA	NA	NA	NA	NA	NA	NA	NA	NA	NA	NA
cg07902406	NA	NA	NA	NA	NA	NA	NA	NA	NA	NA	NA	NA	NA	NA	NA	NA	NA	NA	NA	NA	NA	NA	NA	NA	NA	NA	NA	NA	NA	NA	NA	NA	NA	NA	NA	NA	NA	NA	NA	NA	NA	NA	NA	NA	NA	NA	NA	NA	NA	NA	NA	NA	NA	NA	NA	NA	NA	NA	NA	NA	NA	NA	NA	NA	NA	NA
cg07912810	NA	NA	NA	NA	NA	NA	NA	NA	NA	NA	NA	NA	NA	NA	NA	NA	NA	NA	NA	NA	NA	NA	NA	NA	NA	NA	NA	NA	NA	NA	NA	NA	NA	NA	NA	NA	NA	NA	NA	NA	NA	NA	NA	NA	NA	NA	NA	NA	NA	NA	NA	NA	NA	NA	NA	NA	NA	NA	NA	NA	NA	NA	NA	NA	NA	NA
cg07922521	0.92402653778181	0.960634595205436	0.962542049457956	0.948470260769644	0.938312230872434	0.821700481652488	0.94884235564406	0.943221228256471	0.938830426643989	0.967368200134658	0.946110783444016	0.67872530091325	0.954481329444454	0.925354400948028	0.949931375311417	0.953860747560932	0.920313393602517	0.953188757553377	0.953365964928681	0.87289669527473	0.960508577150965	0.922641313466162	0.939238817654051	0.942676502683922	0.955635065389898	0.938927697579064	0.948255696123085	0.923830965458921	0.964996557069842	0.929092053806865	0.941036443341442	0.947477384671045	0.952690322825442	0.93610367434539	0.907898860569861	0.945348996031238	0.94901130979099	0.93591646533505	0.916672131169624	0.93160383590223	0.965009905733693	0.954828201387002	0.932068910590157	0.924614706960423	0.951004354164596	0.958178992412823	0.951118157848911	0.95326247508409	0.9150491201914	0.926565299124747	0.741636628012757	0.932673235714354	0.945524454184354	0.959189748569372	0.913646529153927	0.954868819518743	0.944528467874687	0.957145683387856	0.949301032871746	0.958294928815155	0.954845432189947	0.953992621769876	0.943713341723198	0.953929712264693	0.874195049667543	0.951417406808359
cg07989373	NA	NA	NA	NA	NA	NA	NA	NA	NA	NA	NA	NA	NA	NA	NA	NA	NA	NA	NA	NA	NA	NA	NA	NA	NA	NA	NA	NA	NA	NA	NA	NA	NA	NA	NA	NA	NA	NA	NA	NA	NA	NA	NA	NA	NA	NA	NA	NA	NA	NA	NA	NA	NA	NA	NA	NA	NA	NA	NA	NA	NA	NA	NA	NA	NA	NA
cg07997387	NA	NA	NA	NA	NA	NA	NA	NA	NA	NA	NA	NA	NA	NA	NA	NA	NA	NA	NA	NA	NA	NA	NA	NA	NA	NA	NA	NA	NA	NA	NA	NA	NA	NA	NA	NA	NA	NA	NA	NA	NA	NA	NA	NA	NA	NA	NA	NA	NA	NA	NA	NA	NA	NA	NA	NA	NA	NA	NA	NA	NA	NA	NA	NA	NA	NA
cg08005007	0.866400624724094	0.808089263859367	0.809886154532364	0.846447449138358	0.772535954264502	0.820859678080134	0.797273082327002	0.851332560210216	0.82085686048078	0.76214324687437	0.754407139181251	0.758904261014191	0.85679070067772	0.853711381580324	0.867449025278415	0.847846874336909	0.803965288562937	0.890418183237243	0.802291654334028	0.901398585300036	0.809961114864183	0.745126790332489	0.751434523561216	0.821744298706514	0.754558078963103	0.824515003521442	0.809409109101298	0.855442965957821	0.805829478560814	0.751985119505683	0.866236223426735	0.800770639146272	0.799866712538586	0.859085214658877	0.786384559515287	0.869386054099818	0.779863652718937	0.860554877816745	0.640035395533869	0.853977927903408	0.90887672330577	0.816322481214279	0.71872829352977	0.841291069276464	0.831449948318778	0.800374836950923	0.86985306694016	0.829890949822613	0.790470710970263	0.784478156080147	0.796900459487521	0.811305461334445	0.750873810098279	0.816942344211252	0.816699314431252	0.820403838596005	0.853897662433107	0.874691291511891	0.856823163167773	0.789984479869285	0.904169545553206	0.813591012410473	0.769639676063977	0.786890840137643	0.831840461939949	0.812867770153192
cg08027643	NA	NA	NA	NA	NA	NA	NA	NA	NA	NA	NA	NA	NA	NA	NA	NA	NA	NA	NA	NA	NA	NA	NA	NA	NA	NA	NA	NA	NA	NA	NA	NA	NA	NA	NA	NA	NA	NA	NA	NA	NA	NA	NA	NA	NA	NA	NA	NA	NA	NA	NA	NA	NA	NA	NA	NA	NA	NA	NA	NA	NA	NA	NA	NA	NA	NA
cg08075677	NA	NA	NA	NA	NA	NA	NA	NA	NA	NA	NA	NA	NA	NA	NA	NA	NA	NA	NA	NA	NA	NA	NA	NA	NA	NA	NA	NA	NA	NA	NA	NA	NA	NA	NA	NA	NA	NA	NA	NA	NA	NA	NA	NA	NA	NA	NA	NA	NA	NA	NA	NA	NA	NA	NA	NA	NA	NA	NA	NA	NA	NA	NA	NA	NA	NA
cg08082390	0.955220877059854	0.95175981730026	0.949949636291408	0.95971782169714	0.943354463989006	0.943802807851674	0.930063370530186	0.96277282317783	0.901836736632292	0.948144542058145	0.933866757770049	0.95212336489922	0.951977912264898	0.955612286671548	0.958661085059077	0.955985441465087	0.952722143948761	0.95597829937621	0.949553592518988	0.925307694226993	0.966621905380506	0.956177566971241	0.954671122334659	0.948730539425163	0.963468196048189	0.931195020967646	0.954866467081149	0.955755442856153	0.926911304233126	0.944906617483737	0.963952850590561	0.961232310175381	0.948012622946052	0.958389594698556	0.955810339316051	0.960951753941354	0.95066425831182	0.961900445235763	0.439165316304175	0.946062668813594	0.963038503309245	0.946671368129714	0.951657160307277	0.942991394562149	0.925934232840813	0.959332459375271	0.950673775566153	0.965276169480281	0.942449460379705	0.945916008879231	0.963470544617978	0.940860340876259	0.952928298657706	0.948732005156346	0.953672869633485	0.952049297597023	0.950634547385974	0.96042195584692	0.964317720716506	0.944078205724567	0.958954697160852	0.962295900732636	0.951079978798615	0.951232234036646	0.94967581299522	0.956234060329716
cg08096684	0.977002362405175	0.965988083762713	0.977751886688931	0.971651794279771	0.971247590325671	0.968389747073759	0.982138101862557	0.980271382405242	0.9763759090874	0.97801975940336	0.975542870328701	0.541546766438179	0.981697946765539	0.721557702772342	0.975765493887844	0.974528990447095	0.977095580235525	0.974807953543053	0.980104213613282	0.968644957219535	0.976479536781889	0.980519873259194	0.568700142681187	0.978009295817957	0.977130848026046	0.979548116007084	0.97396902007622	0.974047994178014	0.98015342262655	0.980186701818313	0.971348980440671	0.9779111608624	0.633705715664049	0.973151130713108	0.960886401800121	0.983245580775842	0.944890026474497	0.978754614361709	0.503595038149355	0.977367725173315	0.977988976406823	0.976890396454427	0.891038267263385	0.978042868361639	0.973262021950959	0.974098168962544	0.97955654438848	0.982984411969935	0.975252228543587	0.973984394737383	0.968598284089986	0.874278465828336	0.930843878330564	0.976742419282244	0.930781121331706	0.973303978789407	0.977898344251539	0.979777189838686	0.978154316040077	0.953339345987258	0.975898764417571	0.974245031012165	0.981519867648831	0.97700427740463	0.970141418797873	0.969461430120552
cg08123100	0.605347682465263	0.768102635569536	0.928237706016715	0.545067738256425	0.632182619393134	0.911191545319941	0.762204392138	0.938868092682356	0.730908157530051	0.948031315122235	0.931585776608869	0.731126915510623	0.875103941262333	0.520302911622583	0.921414921772085	0.874076091108302	0.274253467168109	0.790248856261358	0.738337673075549	NA	0.685479105543755	0.904829247917755	0.497042203602557	0.846811925050779	0.856080771407834	0.944185227260442	0.943223489940628	0.912789103760251	0.920825927654623	0.514009546889094	0.646877014549706	0.909871138491158	0.892986385900678	0.924744716823106	0.767095406828282	0.926391958942532	0.577737721727203	0.894785320449773	0.534113031542169	0.955544193931054	0.937540600334037	0.94161697013163	NA	0.74611192937205	0.934466507964996	0.900864226177899	0.90992738446735	0.937879779196128	0.701136265058863	0.91482523968452	0.936695669686451	0.931726816273529	0.844019286979583	0.486457153027529	0.943431244903035	0.936116303918244	0.938788452024865	0.947991130125415	0.486257151287949	0.920328504286464	0.852230242416787	0.929615196638131	0.210927183770927	0.917497716120542	0.902683567289427	0.34950215949826
cg08158805	NA	NA	NA	NA	NA	NA	NA	NA	NA	NA	NA	NA	NA	NA	NA	NA	NA	NA	NA	NA	NA	NA	NA	NA	NA	NA	NA	NA	NA	NA	NA	NA	NA	NA	NA	NA	NA	NA	NA	NA	NA	NA	NA	NA	NA	NA	NA	NA	NA	NA	NA	NA	NA	NA	NA	NA	NA	NA	NA	NA	NA	NA	NA	NA	NA	NA
cg08170119	NA	NA	NA	NA	NA	NA	NA	NA	NA	NA	NA	NA	NA	NA	NA	NA	NA	NA	NA	NA	NA	NA	NA	NA	NA	NA	NA	NA	NA	NA	NA	NA	NA	NA	NA	NA	NA	NA	NA	NA	NA	NA	NA	NA	NA	NA	NA	NA	NA	NA	NA	NA	NA	NA	NA	NA	NA	NA	NA	NA	NA	NA	NA	NA	NA	NA
cg08177743	0.913827552677289	0.939686328839305	0.938537636435569	0.943102379963365	0.945176778864774	0.942971416877172	0.917212309462686	0.934868161076398	0.954227161652541	0.950626545452958	0.925675506006515	0.931381010704795	0.939494043616938	0.888992234731184	0.944482492318177	0.922608761845029	0.94462769046862	0.947280717668067	0.933176348997492	0.940671054612281	0.950044616678103	0.936425589624891	0.828334271315374	0.90701123718756	0.935877203571995	0.937219260893262	0.922266283873829	0.940086640794386	0.945759165685933	0.923199939204725	0.945295054754547	0.935577365673735	0.916809189626559	0.916826439767102	0.940935784091192	0.950930563088892	0.955548061911648	0.931195039916942	0.819919788928223	0.880165309711636	0.934431952969676	0.933125689636374	0.9581136467823	0.938005642377066	0.947542106665589	0.931093445172292	0.937880737094988	0.954777226499732	0.931286311762412	0.960906218027968	0.933254891526613	0.961404723777122	0.921773325482828	0.941224467174582	0.954630952812067	0.958998554086101	0.918612703474673	0.938229630020528	0.936029239381119	0.929462450862733	0.946098980386427	0.959453102822696	0.964170505406028	0.945288388782348	0.900679822481061	0.919943352996989
cg08222555	NA	NA	NA	NA	NA	NA	NA	NA	NA	NA	NA	NA	NA	NA	NA	NA	NA	NA	NA	NA	NA	NA	NA	NA	NA	NA	NA	NA	NA	NA	NA	NA	NA	NA	NA	NA	NA	NA	NA	NA	NA	NA	NA	NA	NA	NA	NA	NA	NA	NA	NA	NA	NA	NA	NA	NA	NA	NA	NA	NA	NA	NA	NA	NA	NA	NA
cg08237400	NA	NA	NA	NA	NA	NA	NA	NA	NA	NA	NA	NA	NA	NA	NA	NA	NA	NA	NA	NA	NA	NA	NA	NA	NA	NA	NA	NA	NA	NA	NA	NA	NA	NA	NA	NA	NA	NA	NA	NA	NA	NA	NA	NA	NA	NA	NA	NA	NA	NA	NA	NA	NA	NA	NA	NA	NA	NA	NA	NA	NA	NA	NA	NA	NA	NA
cg08254315	NA	NA	NA	NA	NA	NA	NA	NA	NA	NA	NA	NA	NA	NA	NA	NA	NA	NA	NA	NA	NA	NA	NA	NA	NA	NA	NA	NA	NA	NA	NA	NA	NA	NA	NA	NA	NA	NA	NA	NA	NA	NA	NA	NA	NA	NA	NA	NA	NA	NA	NA	NA	NA	NA	NA	NA	NA	NA	NA	NA	NA	NA	NA	NA	NA	NA
cg08278002	0.947036586805693	0.957646607770812	0.943385676422213	0.962523039438578	0.967046797089591	0.958429071371641	0.956983242990557	0.95742241791465	0.945173572994189	0.641352757235204	0.903108055858416	0.938270301583703	0.955878560920081	0.931192351738749	0.946179742870624	0.932052323472308	0.934536159228078	0.951133595099726	0.948365858889024	0.424875318722607	0.94060894751773	0.944463767614415	0.947271381636819	0.94309242884418	0.954352240881189	0.952834734853097	0.942915629196922	0.895367410444298	0.942281787307081	0.935265496111357	0.965613495149562	0.953697879756951	0.955529189899509	0.917780217695049	0.958453178819579	0.959369273333676	0.946281519785057	0.946344259202028	0.746665099220128	0.935837938156664	0.961454377186128	0.946659795932195	NA	0.936357011263451	0.574164638924945	0.533328631354698	0.943897784326213	0.591540750841736	0.609469176950211	0.942310109061587	0.916823118651856	0.956961378080485	0.954549149087345	0.945968600947986	0.942191099958614	0.578854574182809	0.96449515909774	0.944221138362613	0.57210183889782	0.622927567636583	0.936449413478037	0.939109671322721	0.946377917404866	0.557772963964219	0.862323835549239	0.837533504615343
cg08338237	NA	NA	NA	NA	NA	NA	NA	NA	NA	NA	NA	NA	NA	NA	NA	NA	NA	NA	NA	NA	NA	NA	NA	NA	NA	NA	NA	NA	NA	NA	NA	NA	NA	NA	NA	NA	NA	NA	NA	NA	NA	NA	NA	NA	NA	NA	NA	NA	NA	NA	NA	NA	NA	NA	NA	NA	NA	NA	NA	NA	NA	NA	NA	NA	NA	NA
cg08356248	NA	NA	NA	NA	NA	NA	NA	NA	NA	NA	NA	NA	NA	NA	NA	NA	NA	NA	NA	NA	NA	NA	NA	NA	NA	NA	NA	NA	NA	NA	NA	NA	NA	NA	NA	NA	NA	NA	NA	NA	NA	NA	NA	NA	NA	NA	NA	NA	NA	NA	NA	NA	NA	NA	NA	NA	NA	NA	NA	NA	NA	NA	NA	NA	NA	NA
cg08371086	NA	NA	NA	NA	NA	NA	NA	NA	NA	NA	NA	NA	NA	NA	NA	NA	NA	NA	NA	NA	NA	NA	NA	NA	NA	NA	NA	NA	NA	NA	NA	NA	NA	NA	NA	NA	NA	NA	NA	NA	NA	NA	NA	NA	NA	NA	NA	NA	NA	NA	NA	NA	NA	NA	NA	NA	NA	NA	NA	NA	NA	NA	NA	NA	NA	NA
cg08373323	0.949653665783001	0.935693479724269	0.721350041239554	0.638780030355724	0.951357570896441	0.922858231462401	0.945701537552344	0.948158368258503	0.927840562494546	0.960055493263077	0.940976982339501	0.942326429528119	0.938759821046374	0.727672426209347	0.943822606540149	0.684772711481763	0.945516833105668	0.7168561776622	0.956510699384761	0.94118712267328	0.947644529204842	0.682586701727916	0.491387462025214	0.934261093686218	0.675686584693371	0.931941180623032	0.888461785224416	0.921936849387109	0.894543477851768	0.953320153089826	0.669017440646559	0.92708547466755	0.94259852600027	0.951963392187128	0.953072965792606	0.953615143280579	0.915687845088503	0.857851499057553	0.963046125712892	0.965913696815457	0.275879119932251	0.950275702348264	0.934968902188265	0.937677103055479	0.940297610688875	0.656519928047791	0.943558409214228	0.955275221587328	0.9204116196664	0.951456526502451	0.932649141187782	0.845101195979587	NA	0.949826458259009	0.951943001574814	0.95353847316725	0.956297804493922	0.944413684509516	0.961807866985856	0.945264249973368	0.920796285757323	0.941337017556725	0.94050289705021	0.943807231049249	0.814878456165633	0.950115125552608
cg08454110	NA	NA	NA	NA	NA	NA	NA	NA	NA	NA	NA	NA	NA	NA	NA	NA	NA	NA	NA	NA	NA	NA	NA	NA	NA	NA	NA	NA	NA	NA	NA	NA	NA	NA	NA	NA	NA	NA	NA	NA	NA	NA	NA	NA	NA	NA	NA	NA	NA	NA	NA	NA	NA	NA	NA	NA	NA	NA	NA	NA	NA	NA	NA	NA	NA	NA
cg08458655	NA	NA	NA	NA	NA	NA	NA	NA	NA	NA	NA	NA	NA	NA	NA	NA	NA	NA	NA	NA	NA	NA	NA	NA	NA	NA	NA	NA	NA	NA	NA	NA	NA	NA	NA	NA	NA	NA	NA	NA	NA	NA	NA	NA	NA	NA	NA	NA	NA	NA	NA	NA	NA	NA	NA	NA	NA	NA	NA	NA	NA	NA	NA	NA	NA	NA
cg08488494	NA	NA	NA	NA	NA	NA	NA	NA	NA	NA	NA	NA	NA	NA	NA	NA	NA	NA	NA	NA	NA	NA	NA	NA	NA	NA	NA	NA	NA	NA	NA	NA	NA	NA	NA	NA	NA	NA	NA	NA	NA	NA	NA	NA	NA	NA	NA	NA	NA	NA	NA	NA	NA	NA	NA	NA	NA	NA	NA	NA	NA	NA	NA	NA	NA	NA
cg08509032	NA	NA	NA	NA	NA	NA	NA	NA	NA	NA	NA	NA	NA	NA	NA	NA	NA	NA	NA	NA	NA	NA	NA	NA	NA	NA	NA	NA	NA	NA	NA	NA	NA	NA	NA	NA	NA	NA	NA	NA	NA	NA	NA	NA	NA	NA	NA	NA	NA	NA	NA	NA	NA	NA	NA	NA	NA	NA	NA	NA	NA	NA	NA	NA	NA	NA
cg08547427	NA	NA	NA	NA	NA	NA	NA	NA	NA	NA	NA	NA	NA	NA	NA	NA	NA	NA	NA	NA	NA	NA	NA	NA	NA	NA	NA	NA	NA	NA	NA	NA	NA	NA	NA	NA	NA	NA	NA	NA	NA	NA	NA	NA	NA	NA	NA	NA	NA	NA	NA	NA	NA	NA	NA	NA	NA	NA	NA	NA	NA	NA	NA	NA	NA	NA
cg08593037	NA	NA	NA	NA	NA	NA	NA	NA	NA	NA	NA	NA	NA	NA	NA	NA	NA	NA	NA	NA	NA	NA	NA	NA	NA	NA	NA	NA	NA	NA	NA	NA	NA	NA	NA	NA	NA	NA	NA	NA	NA	NA	NA	NA	NA	NA	NA	NA	NA	NA	NA	NA	NA	NA	NA	NA	NA	NA	NA	NA	NA	NA	NA	NA	NA	NA
cg08596858	NA	NA	NA	NA	NA	NA	NA	NA	NA	NA	NA	NA	NA	NA	NA	NA	NA	NA	NA	NA	NA	NA	NA	NA	NA	NA	NA	NA	NA	NA	NA	NA	NA	NA	NA	NA	NA	NA	NA	NA	NA	NA	NA	NA	NA	NA	NA	NA	NA	NA	NA	NA	NA	NA	NA	NA	NA	NA	NA	NA	NA	NA	NA	NA	NA	NA
cg08670672	0.950348515358371	0.944500879327717	0.949293554907099	0.953721875001826	0.949914742031279	0.943316764595674	0.944533881416923	0.942640165858577	0.924047920996957	0.910959492903133	0.948892368872862	0.946503785350902	0.936405775638581	0.950695440150145	0.944023711130971	0.947618453517738	0.948412724701422	0.946691535666398	0.942495659607333	0.935316576318124	0.94748715910508	0.921114229699626	0.951518287114279	0.946133255865319	0.948453045525252	0.958569539816878	0.949833265807851	0.937564994655477	0.941837393369286	0.940519353557465	0.948997712472889	0.945862015842387	0.950760063641535	0.950197343779237	0.945195282897202	0.943251761062567	0.94182748468027	0.945332584068574	0.947319239925097	0.931541503118749	0.950069657635557	0.948465939331379	0.93111072561481	0.923264498611532	0.929311078683591	0.956740558942182	0.946890064566018	0.938596225163684	0.955472568646661	0.934463453200592	0.938912535526345	0.917239991324553	0.931268376639965	0.91986938410668	0.945132223602204	0.945924940558714	0.913947064241174	0.903223829641085	0.950761983515561	0.936951245722121	0.941604474520633	0.919402424951455	0.95111963645459	0.938367188114125	0.947833794446594	0.92619120803302
cg08694858	NA	NA	NA	NA	NA	NA	NA	NA	NA	NA	NA	NA	NA	NA	NA	NA	NA	NA	NA	NA	NA	NA	NA	NA	NA	NA	NA	NA	NA	NA	NA	NA	NA	NA	NA	NA	NA	NA	NA	NA	NA	NA	NA	NA	NA	NA	NA	NA	NA	NA	NA	NA	NA	NA	NA	NA	NA	NA	NA	NA	NA	NA	NA	NA	NA	NA
cg08714076	0.870872717805151	0.92113376968098	0.904081383912472	0.924266512483518	0.894026035363273	0.904097016564079	0.910638110319977	0.876640728269581	0.907352617086114	0.28019545426899	0.892707355621333	0.869946066710538	0.898183583755969	0.868330811901072	0.868124592969908	0.859198406406528	0.895756000394746	0.877247313480432	0.894721428269313	0.590922172586688	0.921709647276025	0.923014417727866	0.598259168832783	0.877860449900258	0.88308707371873	0.888656103471724	0.855065518761398	0.859749003538458	0.93491656305059	0.888253388332152	0.873984990981822	0.897690930849434	0.941001860854705	0.879377097895962	0.860984480031535	0.903297932201969	0.815656398598738	0.902097409216201	0.448395006568913	0.861663834110695	0.873489117282808	0.865698325583502	0.431359639145721	0.924614568035801	0.895566993534019	0.915572986302853	0.894932589961811	0.919631365640299	0.886380883396972	0.88175806840848	0.87210424312645	0.806430935743205	0.866886067841678	0.899236050689083	0.932968175677837	0.924401745279802	0.918047817624205	0.91250683411692	0.902151695317145	0.83034433807989	0.929899686494707	0.933383454651783	0.923635889273711	0.904374374189622	0.777339201353292	0.89502128284527
cg08773876	NA	NA	NA	NA	NA	NA	NA	NA	NA	NA	NA	NA	NA	NA	NA	NA	NA	NA	NA	NA	NA	NA	NA	NA	NA	NA	NA	NA	NA	NA	NA	NA	NA	NA	NA	NA	NA	NA	NA	NA	NA	NA	NA	NA	NA	NA	NA	NA	NA	NA	NA	NA	NA	NA	NA	NA	NA	NA	NA	NA	NA	NA	NA	NA	NA	NA
cg08786064	NA	NA	NA	NA	NA	NA	NA	NA	NA	NA	NA	NA	NA	NA	NA	NA	NA	NA	NA	NA	NA	NA	NA	NA	NA	NA	NA	NA	NA	NA	NA	NA	NA	NA	NA	NA	NA	NA	NA	NA	NA	NA	NA	NA	NA	NA	NA	NA	NA	NA	NA	NA	NA	NA	NA	NA	NA	NA	NA	NA	NA	NA	NA	NA	NA	NA
cg08789741	NA	NA	NA	NA	NA	NA	NA	NA	NA	NA	NA	NA	NA	NA	NA	NA	NA	NA	NA	NA	NA	NA	NA	NA	NA	NA	NA	NA	NA	NA	NA	NA	NA	NA	NA	NA	NA	NA	NA	NA	NA	NA	NA	NA	NA	NA	NA	NA	NA	NA	NA	NA	NA	NA	NA	NA	NA	NA	NA	NA	NA	NA	NA	NA	NA	NA
cg08796647	NA	NA	NA	NA	NA	NA	NA	NA	NA	NA	NA	NA	NA	NA	NA	NA	NA	NA	NA	NA	NA	NA	NA	NA	NA	NA	NA	NA	NA	NA	NA	NA	NA	NA	NA	NA	NA	NA	NA	NA	NA	NA	NA	NA	NA	NA	NA	NA	NA	NA	NA	NA	NA	NA	NA	NA	NA	NA	NA	NA	NA	NA	NA	NA	NA	NA
cg08804555	NA	NA	NA	NA	NA	NA	NA	NA	NA	NA	NA	NA	NA	NA	NA	NA	NA	NA	NA	NA	NA	NA	NA	NA	NA	NA	NA	NA	NA	NA	NA	NA	NA	NA	NA	NA	NA	NA	NA	NA	NA	NA	NA	NA	NA	NA	NA	NA	NA	NA	NA	NA	NA	NA	NA	NA	NA	NA	NA	NA	NA	NA	NA	NA	NA	NA
cg08829007	0.478315010671201	0.445568274788849	0.653169563123711	0.152376894169072	0.588909951095148	0.631947680884108	0.56790136832195	0.117041234915476	0.690072303942443	0.566732686822534	0.61261917814809	0.856544605549087	0.884449214724796	0.27497404422683	0.383277183861091	0.137699408379131	0.570960821816923	0.142819944359488	0.44623798651551	0.43021683146829	0.681485972112608	0.888066088491496	0.543504227115029	0.279019682088943	0.554736490214506	0.545105501802679	0.462334748924751	0.533876788140068	0.692640738431452	0.866628325003048	0.820023704875826	0.474272887211093	0.412844231129671	0.596339717934677	0.774255216990998	0.602413501256612	0.445689111810103	0.21992243421795	0.104304802346999	0.533312599662021	0.610527028670776	0.392397087694355	0.483256855555259	0.831419141306044	0.0708462427212834	0.672008317466663	0.509091108329905	0.918466452196051	0.571482249520428	0.935350339207219	0.23546970660329	0.495918982346316	0.544014087819299	0.0927748152244951	0.180488961845006	0.881825175960409	0.908515924686948	0.0747113054973992	0.181574775386954	0.304954271108909	0.935275417665045	0.622344011859328	0.776250746031524	0.478700252758355	0.698434269255697	0.481615120734079
cg08849542	NA	NA	NA	NA	NA	NA	NA	NA	NA	NA	NA	NA	NA	NA	NA	NA	NA	NA	NA	NA	NA	NA	NA	NA	NA	NA	NA	NA	NA	NA	NA	NA	NA	NA	NA	NA	NA	NA	NA	NA	NA	NA	NA	NA	NA	NA	NA	NA	NA	NA	NA	NA	NA	NA	NA	NA	NA	NA	NA	NA	NA	NA	NA	NA	NA	NA
cg08852035	0.91939204890867	0.932210971551079	NA	0.925385727996991	0.941510988280875	0.929541349060674	0.933250066055594	0.929884325436485	0.898025462369443	0.897928307631501	0.906001417510761	0.926940147104935	0.898498616714151	0.923443729026772	0.921597520476988	0.920411633976273	NA	0.938776598898981	0.91549270943312	0.922481743660135	0.907608855561563	0.892947352475929	0.710930037718151	0.88869070819047	0.925765462816709	0.931697176183622	0.900074141243728	0.925031801671807	0.909060970693902	0.929538315910216	NA	0.916046794344283	0.927350119337882	0.921615024810133	0.927571801069666	0.925468605821001	0.936920545792462	NA	0.642649763450175	0.948638930908519	0.929654671811893	0.936303647172964	0.903966068788553	0.888854713795461	0.896410030971983	0.91943522984774	0.895818807751318	0.923887322678466	0.91339163798106	0.913278415385105	0.919105278449697	0.905133240540916	0.897266213853269	0.906612119134235	0.926048843675244	NA	0.938814803315302	NA	0.924296773611245	0.799601430610774	0.87041795619611	0.906708273396036	0.905088104077341	0.900839907724265	0.926711087316055	0.933126286357315
cg08859406	NA	NA	NA	NA	NA	NA	NA	NA	NA	NA	NA	NA	NA	NA	NA	NA	NA	NA	NA	NA	NA	NA	NA	NA	NA	NA	NA	NA	NA	NA	NA	NA	NA	NA	NA	NA	NA	NA	NA	NA	NA	NA	NA	NA	NA	NA	NA	NA	NA	NA	NA	NA	NA	NA	NA	NA	NA	NA	NA	NA	NA	NA	NA	NA	NA	NA
cg08877035	0.0521715146749342	0.0579958307221706	0.0713629381015373	0.0694518390962868	0.0806695602667253	0.0565662805946191	0.0769120638408642	0.0675434773899589	0.0539496315815746	0.0692001069100207	0.0808688846360557	0.0470636451009753	0.0778060211753179	0.0723260949048337	0.0796409089218782	0.0657325911840524	0.0770435842340248	0.0795403483582494	0.0600466383879308	0.332691941458142	0.0533166867333951	0.0611421905230945	0.0648145649554032	0.101537099030623	0.0520060572389871	0.0511389813693674	0.060852872367549	0.0436274618524256	0.0551187561508392	0.060834850738433	0.0716374979362589	0.0545005167562942	0.0495234331848849	0.0545535918106398	0.0664574003314875	0.0511723442698545	0.0418960522285762	0.0334972192800069	0.0559473118666953	0.0476196644979131	0.0651624330853869	0.0543734117033216	0.158757045084422	0.0513952686929491	0.0508592839636261	0.0676638477628603	0.0464693635898572	0.0627597604569376	0.0615457780911439	0.0555529150905741	0.0618611074293492	0.0611873879058714	0.0474621211678567	0.0481380848677335	0.0576775152267947	0.0639079543616767	0.0484934840945822	0.0538785307542864	0.0514310872851772	0.053880605418277	0.0660901158468824	0.076988261244021	0.0464078947229157	0.0547902044120044	0.072307385831336	0.0524236428117737
cg08885316	NA	NA	NA	NA	NA	NA	NA	NA	NA	NA	NA	NA	NA	NA	NA	NA	NA	NA	NA	NA	NA	NA	NA	NA	NA	NA	NA	NA	NA	NA	NA	NA	NA	NA	NA	NA	NA	NA	NA	NA	NA	NA	NA	NA	NA	NA	NA	NA	NA	NA	NA	NA	NA	NA	NA	NA	NA	NA	NA	NA	NA	NA	NA	NA	NA	NA
cg08897010	NA	NA	NA	NA	NA	NA	NA	NA	NA	NA	NA	NA	NA	NA	NA	NA	NA	NA	NA	NA	NA	NA	NA	NA	NA	NA	NA	NA	NA	NA	NA	NA	NA	NA	NA	NA	NA	NA	NA	NA	NA	NA	NA	NA	NA	NA	NA	NA	NA	NA	NA	NA	NA	NA	NA	NA	NA	NA	NA	NA	NA	NA	NA	NA	NA	NA
cg08900656	NA	NA	NA	NA	NA	NA	NA	NA	NA	NA	NA	NA	NA	NA	NA	NA	NA	NA	NA	NA	NA	NA	NA	NA	NA	NA	NA	NA	NA	NA	NA	NA	NA	NA	NA	NA	NA	NA	NA	NA	NA	NA	NA	NA	NA	NA	NA	NA	NA	NA	NA	NA	NA	NA	NA	NA	NA	NA	NA	NA	NA	NA	NA	NA	NA	NA
cg08919528	NA	NA	NA	NA	NA	NA	NA	NA	NA	NA	NA	NA	NA	NA	NA	NA	NA	NA	NA	NA	NA	NA	NA	NA	NA	NA	NA	NA	NA	NA	NA	NA	NA	NA	NA	NA	NA	NA	NA	NA	NA	NA	NA	NA	NA	NA	NA	NA	NA	NA	NA	NA	NA	NA	NA	NA	NA	NA	NA	NA	NA	NA	NA	NA	NA	NA
cg08941098	0.484397386440937	0.797965478712673	0.909564292068019	0.880441393270357	0.902508644489058	0.875428237064049	0.918861445401596	0.920348687519932	NA	0.913237754044824	0.895606760610939	0.848117777366733	NA	0.853849155655668	NA	0.878762476810587	0.911291463977946	0.876159201119479	0.8517044264739	NA	0.631644285971119	0.887170859016052	0.180739490375516	0.886742430808117	0.921911486938866	0.889447012583669	0.871253148209289	0.890446589989438	0.870523431463265	0.877577872865561	0.887036461435967	NA	0.84899170184788	0.92519499558794	0.913378983119329	0.914359531465804	0.547923971724889	0.621863807571445	NA	0.675799649700124	0.894483448274482	0.938534354849747	NA	0.780050637840567	0.859506498558598	0.919954653831153	0.92350571277361	0.914658789538034	0.904459016803033	0.87462508560829	0.914035087104402	0.87909620883303	0.911928565945076	0.859916619735452	0.912579825183432	0.920443340047095	0.921076247515808	0.837438831209964	0.818117127989793	0.595628847873953	NA	0.883099157798658	0.855114665086498	NA	0.848463353282234	0.750172256530512
cg08979870	0.900852394245356	0.88873334009418	0.950158452533214	0.487017657157332	0.273257518425032	0.677847952935187	0.96068329214315	0.672696980607626	0.612158571442907	0.947047122523147	0.905151406683763	0.897390759811897	0.932590932752106	0.916565714148103	0.895255054579325	0.939149835744944	0.92892890029648	0.933303283606456	0.562696971332661	0.942173750473974	0.917429022838762	0.940647776847593	0.388632813084477	0.604303227802673	0.932324885978942	0.951242994810862	0.806766926859163	0.824332436901498	0.947942224883051	0.931586228197538	0.940659336441322	0.668263287914895	0.544874137268661	0.5796666617886	0.938260143807697	0.931618269172613	0.576336930897767	0.908987479162808	0.896695154297569	0.896857734942315	0.962758185504704	0.913746065018852	0.399745098856836	0.572827329778295	0.934818206741931	0.961295354182128	0.945374503439995	0.957901621777585	0.926169020657244	0.899500381107705	0.815857583443933	0.733089744936029	0.933984644223533	0.930846768236077	0.94655794498873	0.916494982200096	0.947325479976899	0.800461450110989	0.93703018477587	0.847374088880631	0.816730060393743	0.966338943812391	0.954552785209724	0.310715900591037	0.8803224589453	0.81872205139995
cg08982952	NA	NA	NA	NA	NA	NA	NA	NA	NA	NA	NA	NA	NA	NA	NA	NA	NA	NA	NA	NA	NA	NA	NA	NA	NA	NA	NA	NA	NA	NA	NA	NA	NA	NA	NA	NA	NA	NA	NA	NA	NA	NA	NA	NA	NA	NA	NA	NA	NA	NA	NA	NA	NA	NA	NA	NA	NA	NA	NA	NA	NA	NA	NA	NA	NA	NA
cg08996709	NA	NA	NA	NA	NA	NA	NA	NA	NA	NA	NA	NA	NA	NA	NA	NA	NA	NA	NA	NA	NA	NA	NA	NA	NA	NA	NA	NA	NA	NA	NA	NA	NA	NA	NA	NA	NA	NA	NA	NA	NA	NA	NA	NA	NA	NA	NA	NA	NA	NA	NA	NA	NA	NA	NA	NA	NA	NA	NA	NA	NA	NA	NA	NA	NA	NA
cg09003326	NA	NA	NA	NA	NA	NA	NA	NA	NA	NA	NA	NA	NA	NA	NA	NA	NA	NA	NA	NA	NA	NA	NA	NA	NA	NA	NA	NA	NA	NA	NA	NA	NA	NA	NA	NA	NA	NA	NA	NA	NA	NA	NA	NA	NA	NA	NA	NA	NA	NA	NA	NA	NA	NA	NA	NA	NA	NA	NA	NA	NA	NA	NA	NA	NA	NA
cg09067990	NA	NA	NA	NA	NA	NA	NA	NA	NA	NA	NA	NA	NA	NA	NA	NA	NA	NA	NA	NA	NA	NA	NA	NA	NA	NA	NA	NA	NA	NA	NA	NA	NA	NA	NA	NA	NA	NA	NA	NA	NA	NA	NA	NA	NA	NA	NA	NA	NA	NA	NA	NA	NA	NA	NA	NA	NA	NA	NA	NA	NA	NA	NA	NA	NA	NA
cg09078643	NA	NA	NA	NA	NA	NA	NA	NA	NA	NA	NA	NA	NA	NA	NA	NA	NA	NA	NA	NA	NA	NA	NA	NA	NA	NA	NA	NA	NA	NA	NA	NA	NA	NA	NA	NA	NA	NA	NA	NA	NA	NA	NA	NA	NA	NA	NA	NA	NA	NA	NA	NA	NA	NA	NA	NA	NA	NA	NA	NA	NA	NA	NA	NA	NA	NA
cg09091110	0.913334924875774	0.954706665738351	0.941329700340315	0.948437312000619	0.961249962510043	0.956742171671518	0.945065426268133	0.945549627490701	0.933789644545404	0.951967465867766	0.937115176832528	0.937354948945217	0.96028948304649	0.914809800200672	0.92273259102888	0.927999967502956	0.934014899922529	0.938191836961904	0.932173900803606	0.95390508484642	0.941779347077074	0.916814272946655	0.940515014985133	0.945818941678078	0.928331743179926	0.934495617444563	0.943052387228682	0.939607069150334	0.95999742676068	0.937421213233022	0.936010891480752	0.929801145691683	0.915463292480649	0.917166243003302	0.926074221138754	0.951251613015225	0.940101386681812	0.919844489270171	0.931764179190648	0.937468109889277	0.934876781710806	0.945010857121365	0.963569349055035	0.924354917055914	0.602729219419986	0.927830417178911	0.920185068810031	0.936961644756236	0.940679067767452	0.600103424637816	0.935298038831185	0.943550390978244	0.955391562547422	0.923118102205679	0.938492800660648	0.585900777468369	0.618695550640269	0.937820559872131	0.942335124974023	0.946205425916957	0.955101597047889	0.931514736829643	0.921009863917683	0.930542616242083	0.941770319278907	0.95285584796584
cg09121480	NA	NA	NA	NA	NA	NA	NA	NA	NA	NA	NA	NA	NA	NA	NA	NA	NA	NA	NA	NA	NA	NA	NA	NA	NA	NA	NA	NA	NA	NA	NA	NA	NA	NA	NA	NA	NA	NA	NA	NA	NA	NA	NA	NA	NA	NA	NA	NA	NA	NA	NA	NA	NA	NA	NA	NA	NA	NA	NA	NA	NA	NA	NA	NA	NA	NA
cg09124018	NA	NA	NA	NA	NA	NA	NA	NA	NA	NA	NA	NA	NA	NA	NA	NA	NA	NA	NA	NA	NA	NA	NA	NA	NA	NA	NA	NA	NA	NA	NA	NA	NA	NA	NA	NA	NA	NA	NA	NA	NA	NA	NA	NA	NA	NA	NA	NA	NA	NA	NA	NA	NA	NA	NA	NA	NA	NA	NA	NA	NA	NA	NA	NA	NA	NA
cg09168272	NA	NA	NA	NA	NA	NA	NA	NA	NA	NA	NA	NA	NA	NA	NA	NA	NA	NA	NA	NA	NA	NA	NA	NA	NA	NA	NA	NA	NA	NA	NA	NA	NA	NA	NA	NA	NA	NA	NA	NA	NA	NA	NA	NA	NA	NA	NA	NA	NA	NA	NA	NA	NA	NA	NA	NA	NA	NA	NA	NA	NA	NA	NA	NA	NA	NA
cg09203382	NA	NA	NA	NA	NA	NA	NA	NA	NA	NA	NA	NA	NA	NA	NA	NA	NA	NA	NA	NA	NA	NA	NA	NA	NA	NA	NA	NA	NA	NA	NA	NA	NA	NA	NA	NA	NA	NA	NA	NA	NA	NA	NA	NA	NA	NA	NA	NA	NA	NA	NA	NA	NA	NA	NA	NA	NA	NA	NA	NA	NA	NA	NA	NA	NA	NA
cg09226290	NA	NA	NA	NA	NA	NA	NA	NA	NA	NA	NA	NA	NA	NA	NA	NA	NA	NA	NA	NA	NA	NA	NA	NA	NA	NA	NA	NA	NA	NA	NA	NA	NA	NA	NA	NA	NA	NA	NA	NA	NA	NA	NA	NA	NA	NA	NA	NA	NA	NA	NA	NA	NA	NA	NA	NA	NA	NA	NA	NA	NA	NA	NA	NA	NA	NA
cg09248887	0.785198935695264	0.688281505022102	0.53895673308439	0.717280100649065	0.456656538284816	0.822543115468005	0.700740418683167	0.734790232935418	0.713055299511561	0.754787031656453	0.78221686296477	0.745219816860301	0.70253115076194	0.762124299261044	0.732051042941905	0.786709909991225	0.7729111828293	0.594572557021301	0.72622336834341	0.762675615616752	0.492323568774393	0.4860324479713	0.288612644407114	0.709589661705054	0.771985395491869	0.501734996115707	0.642696521199726	0.792604910971096	0.754681032872912	0.769658352427976	0.446014264946318	0.752663698547107	0.802908625992421	0.747717281248484	0.475097472887634	0.78879906588818	0.265649784936495	0.771381860593792	0.263354762286746	0.758781012413133	0.744890529032555	0.762948108432756	0.246809958248905	0.740180366486597	0.765593620078738	0.509704427967578	0.766244184511687	0.743376594343003	0.767474479199522	0.690455674755583	0.630902232058384	0.518696951152495	0.740102398574291	0.554002057499099	0.629619439085666	0.822740920319846	0.775727252004801	0.48803079463708	0.827133035197129	0.661978959438865	0.709144208436009	0.778927661047748	0.81084926332847	0.400889216735034	0.584672523224523	0.198775243088914
cg09294660	NA	NA	NA	NA	NA	NA	NA	NA	NA	NA	NA	NA	NA	NA	NA	NA	NA	NA	NA	NA	NA	NA	NA	NA	NA	NA	NA	NA	NA	NA	NA	NA	NA	NA	NA	NA	NA	NA	NA	NA	NA	NA	NA	NA	NA	NA	NA	NA	NA	NA	NA	NA	NA	NA	NA	NA	NA	NA	NA	NA	NA	NA	NA	NA	NA	NA
cg09321430	NA	NA	NA	NA	NA	NA	NA	NA	NA	NA	NA	NA	NA	NA	NA	NA	NA	NA	NA	NA	NA	NA	NA	NA	NA	NA	NA	NA	NA	NA	NA	NA	NA	NA	NA	NA	NA	NA	NA	NA	NA	NA	NA	NA	NA	NA	NA	NA	NA	NA	NA	NA	NA	NA	NA	NA	NA	NA	NA	NA	NA	NA	NA	NA	NA	NA
cg09325695	NA	NA	NA	NA	NA	NA	NA	NA	NA	NA	NA	NA	NA	NA	NA	NA	NA	NA	NA	NA	NA	NA	NA	NA	NA	NA	NA	NA	NA	NA	NA	NA	NA	NA	NA	NA	NA	NA	NA	NA	NA	NA	NA	NA	NA	NA	NA	NA	NA	NA	NA	NA	NA	NA	NA	NA	NA	NA	NA	NA	NA	NA	NA	NA	NA	NA
cg09334541	0.950654383128595	0.942847016980553	0.903631140961452	0.941685965448006	NA	0.937342118815149	0.913261506365385	0.946901123497848	0.848924434934232	0.944038585825058	0.948414241706166	0.954704480556976	0.855731339871865	0.760915565973539	0.93525028550097	0.926504954223905	0.942447924789863	0.746124793603295	0.948669854459461	0.75366588868535	0.940357757366171	0.917667974410764	0.597302824241235	0.925155212504775	0.940106770128884	0.921507874303609	0.952361002425371	0.916970616696657	0.944478060851077	0.944545615583117	0.928656068967886	0.922030978915034	0.959435634036303	0.934944797032606	0.946893182532357	0.946677427505273	0.68385295570536	0.93921566005123	0.397794812465202	0.948028519740536	0.94553191878793	0.762801158794021	0.602275499078058	0.881778917048414	0.922138633200178	0.933175448697866	0.679122859582111	0.943107030804921	0.961898560294144	0.932690352911924	0.761380504741303	0.909519104534125	0.921842850423036	0.899113111714065	0.840529153949332	0.92904591177019	0.949453185374157	0.926318548407013	0.952381660464258	0.876505091574526	0.926254422693788	0.930221792968656	0.94952228404747	0.867534744148544	0.877783462848677	0.834312755431154
cg09334636	0.797793314251299	0.933831597710113	0.958100410721317	0.943099182231104	0.66391187665511	0.945690479297834	0.967070201363946	0.716654673510181	0.833340081981217	0.693798448860016	0.733642745784884	0.937806476439119	0.644014264619801	0.726073239015584	0.95460512428975	0.384614862230544	0.947460561204275	0.961021723018101	0.965189183983074	0.853441641390395	0.67618414389151	0.691494457844619	0.447855057265649	0.957176654832569	0.750683119617938	0.630976442761124	0.964524335194692	0.966167286211498	0.694720734991253	0.598492767511945	0.956901157663777	0.530514685224502	0.692690303949914	0.957651495708727	0.952582975916201	0.963039014003096	0.502370663424457	0.944274424846088	0.936400690444773	0.947630793576134	0.957400814265615	0.705567714082206	0.938683741854072	0.533637362002667	0.959861350605793	0.962450518984426	0.637080382924106	0.291334133785172	0.404650938437063	0.954743452001478	0.873735659556484	0.956137054543059	0.946492018035699	0.705796002138845	0.747387718880808	0.284109172139237	0.39802903195399	0.30216943797594	0.736447783846566	0.962438563147947	0.835384831852501	0.676291106696859	0.654661655942933	0.942143402463572	0.96094545388339	0.952027513929579
cg09344219	NA	NA	NA	NA	NA	NA	NA	NA	NA	NA	NA	NA	NA	NA	NA	NA	NA	NA	NA	NA	NA	NA	NA	NA	NA	NA	NA	NA	NA	NA	NA	NA	NA	NA	NA	NA	NA	NA	NA	NA	NA	NA	NA	NA	NA	NA	NA	NA	NA	NA	NA	NA	NA	NA	NA	NA	NA	NA	NA	NA	NA	NA	NA	NA	NA	NA
cg09344229	NA	NA	NA	NA	NA	NA	NA	NA	NA	NA	NA	NA	NA	NA	NA	NA	NA	NA	NA	NA	NA	NA	NA	NA	NA	NA	NA	NA	NA	NA	NA	NA	NA	NA	NA	NA	NA	NA	NA	NA	NA	NA	NA	NA	NA	NA	NA	NA	NA	NA	NA	NA	NA	NA	NA	NA	NA	NA	NA	NA	NA	NA	NA	NA	NA	NA
cg09388113	NA	NA	NA	NA	NA	NA	NA	NA	NA	NA	NA	NA	NA	NA	NA	NA	NA	NA	NA	NA	NA	NA	NA	NA	NA	NA	NA	NA	NA	NA	NA	NA	NA	NA	NA	NA	NA	NA	NA	NA	NA	NA	NA	NA	NA	NA	NA	NA	NA	NA	NA	NA	NA	NA	NA	NA	NA	NA	NA	NA	NA	NA	NA	NA	NA	NA
cg09406715	NA	NA	NA	NA	NA	NA	NA	NA	NA	NA	NA	NA	NA	NA	NA	NA	NA	NA	NA	NA	NA	NA	NA	NA	NA	NA	NA	NA	NA	NA	NA	NA	NA	NA	NA	NA	NA	NA	NA	NA	NA	NA	NA	NA	NA	NA	NA	NA	NA	NA	NA	NA	NA	NA	NA	NA	NA	NA	NA	NA	NA	NA	NA	NA	NA	NA
cg09456493	0.837151617356892	0.557244236104233	0.841915697391902	0.830131679208228	0.843449378745021	0.498309459586074	0.865396986920345	0.569100303515277	0.790426105317233	0.89072301291091	0.879388533085555	0.818194889916401	0.553996723095715	0.814786185996312	0.86265716452031	0.624956998518383	0.819890747983635	0.813736578925941	0.523555182283945	0.548186440239367	0.508702129931583	0.529430976285423	0.873848176728358	0.80669847505225	0.820028819722868	0.909649153306813	0.592578860616559	0.790059642135046	0.754814131185721	0.828605591587986	0.84006202651489	0.857069925753282	0.885041006316485	0.827452585062443	0.859505854809518	0.856882822173293	0.846643702313152	0.864840296486231	0.477866650946392	0.836383392576915	0.827430858696832	0.821246446017321	0.821078534320242	0.880429061994428	0.849430550832528	0.50072987190064	0.856029866081639	0.861552793984084	0.761792287264739	0.542716747819384	0.804887856563625	0.866038126793366	0.853556136235501	0.797962011311044	0.844766791042977	0.455647854260031	0.846961155382585	0.870537677452067	0.842652146746626	0.796059591080271	0.870717330940602	0.495595037339079	0.814066343118513	0.824547646691548	0.793820614933642	0.851002317367954
cg09459740	NA	NA	NA	NA	NA	NA	NA	NA	NA	NA	NA	NA	NA	NA	NA	NA	NA	NA	NA	NA	NA	NA	NA	NA	NA	NA	NA	NA	NA	NA	NA	NA	NA	NA	NA	NA	NA	NA	NA	NA	NA	NA	NA	NA	NA	NA	NA	NA	NA	NA	NA	NA	NA	NA	NA	NA	NA	NA	NA	NA	NA	NA	NA	NA	NA	NA
cg09474625	NA	NA	NA	NA	NA	NA	NA	NA	NA	NA	NA	NA	NA	NA	NA	NA	NA	NA	NA	NA	NA	NA	NA	NA	NA	NA	NA	NA	NA	NA	NA	NA	NA	NA	NA	NA	NA	NA	NA	NA	NA	NA	NA	NA	NA	NA	NA	NA	NA	NA	NA	NA	NA	NA	NA	NA	NA	NA	NA	NA	NA	NA	NA	NA	NA	NA
cg09492074	0.482441665222978	0.878621596049872	0.895577318793228	0.562630224766134	0.876962566560227	0.70385606733312	0.895388341525723	0.910543595822727	0.783750858111601	0.90270493380844	0.521879653763443	0.796130854879834	0.844812542927508	0.844860469494528	0.835664618541413	0.317500176791994	0.519450259912277	0.522918688974629	0.649145042035518	0.502726310009416	0.863429460189969	0.892703445085926	0.502195777640781	0.536207584548175	0.563790956744241	0.364057463350256	0.623055932981597	0.58665782991206	0.800883917769965	0.886316637161343	0.887645285159931	0.531992432673967	0.519943626723155	0.537976111188267	0.934818732070294	0.862067405109922	0.442779877397249	0.576620821758226	0.218356710642113	0.885146805327701	0.489141139658378	0.851595441603494	0.465146516326044	0.534252324287195	0.745207965853576	0.95595351461478	0.889869387190597	0.924849052459292	0.783800321694818	0.519998735221962	0.780674612996801	0.789301025169513	0.264791795594939	0.905364026500293	0.893538578290884	0.508282278233364	0.9175398966389	0.906535089154705	0.85661421115545	0.516208921990245	0.171546720222557	0.90452633565801	0.542680971043428	0.517110500694988	0.701305559044774	0.507461692550498
cg09526343	NA	NA	NA	NA	NA	NA	NA	NA	NA	NA	NA	NA	NA	NA	NA	NA	NA	NA	NA	NA	NA	NA	NA	NA	NA	NA	NA	NA	NA	NA	NA	NA	NA	NA	NA	NA	NA	NA	NA	NA	NA	NA	NA	NA	NA	NA	NA	NA	NA	NA	NA	NA	NA	NA	NA	NA	NA	NA	NA	NA	NA	NA	NA	NA	NA	NA
cg09552983	NA	NA	NA	NA	NA	NA	NA	NA	NA	NA	NA	NA	NA	NA	NA	NA	NA	NA	NA	NA	NA	NA	NA	NA	NA	NA	NA	NA	NA	NA	NA	NA	NA	NA	NA	NA	NA	NA	NA	NA	NA	NA	NA	NA	NA	NA	NA	NA	NA	NA	NA	NA	NA	NA	NA	NA	NA	NA	NA	NA	NA	NA	NA	NA	NA	NA
cg09566453	NA	NA	NA	NA	NA	NA	NA	NA	NA	NA	NA	NA	NA	NA	NA	NA	NA	NA	NA	NA	NA	NA	NA	NA	NA	NA	NA	NA	NA	NA	NA	NA	NA	NA	NA	NA	NA	NA	NA	NA	NA	NA	NA	NA	NA	NA	NA	NA	NA	NA	NA	NA	NA	NA	NA	NA	NA	NA	NA	NA	NA	NA	NA	NA	NA	NA
cg09581201	NA	NA	NA	NA	NA	NA	NA	NA	NA	NA	NA	NA	NA	NA	NA	NA	NA	NA	NA	NA	NA	NA	NA	NA	NA	NA	NA	NA	NA	NA	NA	NA	NA	NA	NA	NA	NA	NA	NA	NA	NA	NA	NA	NA	NA	NA	NA	NA	NA	NA	NA	NA	NA	NA	NA	NA	NA	NA	NA	NA	NA	NA	NA	NA	NA	NA
cg09593727	NA	NA	NA	NA	NA	NA	NA	NA	NA	NA	NA	NA	NA	NA	NA	NA	NA	NA	NA	NA	NA	NA	NA	NA	NA	NA	NA	NA	NA	NA	NA	NA	NA	NA	NA	NA	NA	NA	NA	NA	NA	NA	NA	NA	NA	NA	NA	NA	NA	NA	NA	NA	NA	NA	NA	NA	NA	NA	NA	NA	NA	NA	NA	NA	NA	NA
cg09597666	NA	NA	NA	NA	NA	NA	NA	NA	NA	NA	NA	NA	NA	NA	NA	NA	NA	NA	NA	NA	NA	NA	NA	NA	NA	NA	NA	NA	NA	NA	NA	NA	NA	NA	NA	NA	NA	NA	NA	NA	NA	NA	NA	NA	NA	NA	NA	NA	NA	NA	NA	NA	NA	NA	NA	NA	NA	NA	NA	NA	NA	NA	NA	NA	NA	NA
cg09612912	NA	NA	NA	NA	NA	NA	NA	NA	NA	NA	NA	NA	NA	NA	NA	NA	NA	NA	NA	NA	NA	NA	NA	NA	NA	NA	NA	NA	NA	NA	NA	NA	NA	NA	NA	NA	NA	NA	NA	NA	NA	NA	NA	NA	NA	NA	NA	NA	NA	NA	NA	NA	NA	NA	NA	NA	NA	NA	NA	NA	NA	NA	NA	NA	NA	NA
cg09640135	NA	NA	NA	NA	NA	NA	NA	NA	NA	NA	NA	NA	NA	NA	NA	NA	NA	NA	NA	NA	NA	NA	NA	NA	NA	NA	NA	NA	NA	NA	NA	NA	NA	NA	NA	NA	NA	NA	NA	NA	NA	NA	NA	NA	NA	NA	NA	NA	NA	NA	NA	NA	NA	NA	NA	NA	NA	NA	NA	NA	NA	NA	NA	NA	NA	NA
cg09671131	NA	NA	NA	NA	NA	NA	NA	NA	NA	NA	NA	NA	NA	NA	NA	NA	NA	NA	NA	NA	NA	NA	NA	NA	NA	NA	NA	NA	NA	NA	NA	NA	NA	NA	NA	NA	NA	NA	NA	NA	NA	NA	NA	NA	NA	NA	NA	NA	NA	NA	NA	NA	NA	NA	NA	NA	NA	NA	NA	NA	NA	NA	NA	NA	NA	NA
cg09690215	0.174234109729179	0.569651850916187	0.91178307482161	0.1133114071958	0.813556458556828	0.504111898575865	0.235747919281811	0.196243028678668	0.163987693810737	0.188494132030406	0.431658590338517	0.231490137434551	0.149483005152442	0.228312581150013	0.432698276429807	0.255547618681817	0.737372480244885	0.670232893440748	0.761519331755751	0.289353296941049	0.133122346936723	0.172864512812511	0.222608644300558	0.243349401808448	0.242961915033287	0.0925806071767201	0.29256780319814	0.28757716025297	0.246581854451069	0.664634290317284	0.146913253478816	0.110033632968444	0.136218138221237	0.19523842423116	0.185993842603351	0.73810684989121	0.18113470296865	0.760328527848308	0.360639782668703	0.762570352108801	0.749973116898844	0.758090949976799	0.237940402759833	0.419297096626099	0.24384147466883	0.11254829153253	0.100725530441555	0.853135230563524	0.212488595021965	0.133210276170708	0.379448936050002	0.213899336498273	0.893276157787212	0.157296844003151	0.256899221495777	0.0965016712390412	0.805774611375512	0.0898248040902679	0.167617774133028	0.268881315460333	0.186402273501437	0.90040806316587	0.0950637128594072	0.110633880045402	0.366392780445916	0.623912329886961
cg09690561	NA	NA	NA	NA	NA	NA	NA	NA	NA	NA	NA	NA	NA	NA	NA	NA	NA	NA	NA	NA	NA	NA	NA	NA	NA	NA	NA	NA	NA	NA	NA	NA	NA	NA	NA	NA	NA	NA	NA	NA	NA	NA	NA	NA	NA	NA	NA	NA	NA	NA	NA	NA	NA	NA	NA	NA	NA	NA	NA	NA	NA	NA	NA	NA	NA	NA
cg09700327	NA	NA	NA	NA	NA	NA	NA	NA	NA	NA	NA	NA	NA	NA	NA	NA	NA	NA	NA	NA	NA	NA	NA	NA	NA	NA	NA	NA	NA	NA	NA	NA	NA	NA	NA	NA	NA	NA	NA	NA	NA	NA	NA	NA	NA	NA	NA	NA	NA	NA	NA	NA	NA	NA	NA	NA	NA	NA	NA	NA	NA	NA	NA	NA	NA	NA
cg09712756	0.917296273722823	0.9254610608341	0.916215420762706	0.928772376305807	0.943172190257079	0.931581515341376	0.385053330823948	0.938185068050362	0.906722612323124	0.432063020483106	0.958382953762282	0.933412911286927	0.938535927439161	0.918257382948895	0.492273959471953	0.464362407105713	0.374883112361203	0.902112356307825	0.369021037747754	0.953968304668807	0.285676462072892	0.922889752199835	0.61328772930184	0.866735537504611	0.929331242683064	0.89823564459636	0.81464731554124	0.932998101543055	0.927061000699633	0.879245016287887	0.931585949950985	0.271221009697499	0.225418032403586	0.913781075432167	0.91669479865358	0.930077616701931	0.917786258008215	0.933688463294293	0.913071775092621	0.886652940722427	0.396552332482961	0.912355300456626	0.917576676702131	0.924938841432646	0.92675513274069	0.955508583600279	0.34849494328508	0.394899762613329	0.911308875446129	0.929896786529876	0.9263507744686	0.796460490862692	0.957020136365066	0.301466794287354	0.430691599245199	0.955617888971981	0.938626785147206	0.954738457358473	0.309842268917739	0.892603756389979	0.902874564389531	0.936515320675411	0.916709143716594	0.887466795107358	0.901853117723996	0.911540691865769
cg09713269	NA	NA	NA	NA	NA	NA	NA	NA	NA	NA	NA	NA	NA	NA	NA	NA	NA	NA	NA	NA	NA	NA	NA	NA	NA	NA	NA	NA	NA	NA	NA	NA	NA	NA	NA	NA	NA	NA	NA	NA	NA	NA	NA	NA	NA	NA	NA	NA	NA	NA	NA	NA	NA	NA	NA	NA	NA	NA	NA	NA	NA	NA	NA	NA	NA	NA
cg09741902	NA	NA	NA	NA	NA	NA	NA	NA	NA	NA	NA	NA	NA	NA	NA	NA	NA	NA	NA	NA	NA	NA	NA	NA	NA	NA	NA	NA	NA	NA	NA	NA	NA	NA	NA	NA	NA	NA	NA	NA	NA	NA	NA	NA	NA	NA	NA	NA	NA	NA	NA	NA	NA	NA	NA	NA	NA	NA	NA	NA	NA	NA	NA	NA	NA	NA
cg09785516	NA	NA	NA	NA	NA	NA	NA	NA	NA	NA	NA	NA	NA	NA	NA	NA	NA	NA	NA	NA	NA	NA	NA	NA	NA	NA	NA	NA	NA	NA	NA	NA	NA	NA	NA	NA	NA	NA	NA	NA	NA	NA	NA	NA	NA	NA	NA	NA	NA	NA	NA	NA	NA	NA	NA	NA	NA	NA	NA	NA	NA	NA	NA	NA	NA	NA
cg09791009	NA	NA	NA	NA	NA	NA	NA	NA	NA	NA	NA	NA	NA	NA	NA	NA	NA	NA	NA	NA	NA	NA	NA	NA	NA	NA	NA	NA	NA	NA	NA	NA	NA	NA	NA	NA	NA	NA	NA	NA	NA	NA	NA	NA	NA	NA	NA	NA	NA	NA	NA	NA	NA	NA	NA	NA	NA	NA	NA	NA	NA	NA	NA	NA	NA	NA
cg09808196	NA	NA	NA	NA	NA	NA	NA	NA	NA	NA	NA	NA	NA	NA	NA	NA	NA	NA	NA	NA	NA	NA	NA	NA	NA	NA	NA	NA	NA	NA	NA	NA	NA	NA	NA	NA	NA	NA	NA	NA	NA	NA	NA	NA	NA	NA	NA	NA	NA	NA	NA	NA	NA	NA	NA	NA	NA	NA	NA	NA	NA	NA	NA	NA	NA	NA
cg09829842	NA	NA	NA	NA	NA	NA	NA	NA	NA	NA	NA	NA	NA	NA	NA	NA	NA	NA	NA	NA	NA	NA	NA	NA	NA	NA	NA	NA	NA	NA	NA	NA	NA	NA	NA	NA	NA	NA	NA	NA	NA	NA	NA	NA	NA	NA	NA	NA	NA	NA	NA	NA	NA	NA	NA	NA	NA	NA	NA	NA	NA	NA	NA	NA	NA	NA
cg09838962	NA	NA	NA	NA	NA	NA	NA	NA	NA	NA	NA	NA	NA	NA	NA	NA	NA	NA	NA	NA	NA	NA	NA	NA	NA	NA	NA	NA	NA	NA	NA	NA	NA	NA	NA	NA	NA	NA	NA	NA	NA	NA	NA	NA	NA	NA	NA	NA	NA	NA	NA	NA	NA	NA	NA	NA	NA	NA	NA	NA	NA	NA	NA	NA	NA	NA
cg09853646	NA	NA	NA	NA	NA	NA	NA	NA	NA	NA	NA	NA	NA	NA	NA	NA	NA	NA	NA	NA	NA	NA	NA	NA	NA	NA	NA	NA	NA	NA	NA	NA	NA	NA	NA	NA	NA	NA	NA	NA	NA	NA	NA	NA	NA	NA	NA	NA	NA	NA	NA	NA	NA	NA	NA	NA	NA	NA	NA	NA	NA	NA	NA	NA	NA	NA
cg09860935	NA	NA	NA	NA	NA	NA	NA	NA	NA	NA	NA	NA	NA	NA	NA	NA	NA	NA	NA	NA	NA	NA	NA	NA	NA	NA	NA	NA	NA	NA	NA	NA	NA	NA	NA	NA	NA	NA	NA	NA	NA	NA	NA	NA	NA	NA	NA	NA	NA	NA	NA	NA	NA	NA	NA	NA	NA	NA	NA	NA	NA	NA	NA	NA	NA	NA
cg09881716	0.892304680718333	0.95370616371029	0.95859153049109	0.955808540326924	0.952836499240935	0.953791813648107	0.964968811883331	0.93281644403821	0.934555722921972	0.933059022607131	0.889867098327506	0.953541767354141	0.930890731900693	0.94507890600021	0.942402510474091	0.938114607055109	0.937626121495971	0.933004674326696	0.946487546289337	0.813300121854257	0.942666912798714	0.935392388987845	0.79259408717139	0.950277124603127	0.891427657245043	0.912968105108529	0.916875222292669	0.931687546924874	0.944690080742391	0.952697084660054	0.958136454394714	0.959771008240024	0.922555592319884	0.941338935078491	0.872977492017408	0.928707816584927	0.93594384742486	0.915136179677988	0.608689504526434	0.921446784379721	0.949645220237211	0.960969823614119	0.672015962789135	0.94062164029405	0.955283651996888	0.91614708684069	0.951607461921361	0.950507254721487	0.952669452558407	0.960443187340059	0.93688714110177	0.938124359988312	0.92503128615503	0.956485642686128	0.945131135448527	0.958518282999476	0.943537022062717	0.934862712362507	0.959560430247043	0.945897232904932	0.95883627761122	0.930115896049305	0.953727503550399	0.943338475314548	0.932082003269469	0.918663073826167
cg09894096	NA	NA	NA	NA	NA	NA	NA	NA	NA	NA	NA	NA	NA	NA	NA	NA	NA	NA	NA	NA	NA	NA	NA	NA	NA	NA	NA	NA	NA	NA	NA	NA	NA	NA	NA	NA	NA	NA	NA	NA	NA	NA	NA	NA	NA	NA	NA	NA	NA	NA	NA	NA	NA	NA	NA	NA	NA	NA	NA	NA	NA	NA	NA	NA	NA	NA
cg09908014	NA	NA	NA	NA	NA	NA	NA	NA	NA	NA	NA	NA	NA	NA	NA	NA	NA	NA	NA	NA	NA	NA	NA	NA	NA	NA	NA	NA	NA	NA	NA	NA	NA	NA	NA	NA	NA	NA	NA	NA	NA	NA	NA	NA	NA	NA	NA	NA	NA	NA	NA	NA	NA	NA	NA	NA	NA	NA	NA	NA	NA	NA	NA	NA	NA	NA
cg09921719	0.946432445314455	0.95978690865501	0.949845610807899	0.959838550540988	0.953065903049973	0.701333114765565	0.963101560527754	0.95856473565686	0.898243377020179	0.953030947707551	0.954035469157427	0.959490379476934	0.959824373440922	0.952931755415847	0.944274348823239	0.911953752183866	0.953800090317248	0.929807104074667	0.512732795397568	0.930016946555423	0.961836438334661	0.827493004571476	0.821737705290144	0.941720237276129	0.956042555465047	0.965625292233865	0.946876197940698	0.879447094593916	0.95867780522328	0.934316664956572	0.951436334140492	0.956647973963728	0.957035607845021	0.940639748838228	0.949496147031034	0.958996171174872	0.945385337323198	0.938952468229045	0.889884808665002	0.950856675608543	0.966306143999658	0.949754838413264	0.94709865441864	0.94508051019053	0.951973817307727	0.375280232256973	0.952190421096765	0.959298583473444	0.954456428829875	0.941453030402013	0.795122213403058	0.933407126502024	0.962195409717441	0.522577360672796	0.96566828718531	0.956389019428394	0.926897379417775	0.940484174231638	0.956069345490078	0.958069950070384	0.945427951322625	0.943223747964395	0.947246105747341	0.949504399427802	0.775387650069256	0.965835598736001
cg09991426	NA	NA	NA	NA	NA	NA	NA	NA	NA	NA	NA	NA	NA	NA	NA	NA	NA	NA	NA	NA	NA	NA	NA	NA	NA	NA	NA	NA	NA	NA	NA	NA	NA	NA	NA	NA	NA	NA	NA	NA	NA	NA	NA	NA	NA	NA	NA	NA	NA	NA	NA	NA	NA	NA	NA	NA	NA	NA	NA	NA	NA	NA	NA	NA	NA	NA
cg10054980	NA	NA	NA	NA	NA	NA	NA	NA	NA	NA	NA	NA	NA	NA	NA	NA	NA	NA	NA	NA	NA	NA	NA	NA	NA	NA	NA	NA	NA	NA	NA	NA	NA	NA	NA	NA	NA	NA	NA	NA	NA	NA	NA	NA	NA	NA	NA	NA	NA	NA	NA	NA	NA	NA	NA	NA	NA	NA	NA	NA	NA	NA	NA	NA	NA	NA
cg10090044	NA	NA	NA	NA	NA	NA	NA	NA	NA	NA	NA	NA	NA	NA	NA	NA	NA	NA	NA	NA	NA	NA	NA	NA	NA	NA	NA	NA	NA	NA	NA	NA	NA	NA	NA	NA	NA	NA	NA	NA	NA	NA	NA	NA	NA	NA	NA	NA	NA	NA	NA	NA	NA	NA	NA	NA	NA	NA	NA	NA	NA	NA	NA	NA	NA	NA
cg10101533	NA	NA	NA	NA	NA	NA	NA	NA	NA	NA	NA	NA	NA	NA	NA	NA	NA	NA	NA	NA	NA	NA	NA	NA	NA	NA	NA	NA	NA	NA	NA	NA	NA	NA	NA	NA	NA	NA	NA	NA	NA	NA	NA	NA	NA	NA	NA	NA	NA	NA	NA	NA	NA	NA	NA	NA	NA	NA	NA	NA	NA	NA	NA	NA	NA	NA
cg10113618	NA	NA	NA	NA	NA	NA	NA	NA	NA	NA	NA	NA	NA	NA	NA	NA	NA	NA	NA	NA	NA	NA	NA	NA	NA	NA	NA	NA	NA	NA	NA	NA	NA	NA	NA	NA	NA	NA	NA	NA	NA	NA	NA	NA	NA	NA	NA	NA	NA	NA	NA	NA	NA	NA	NA	NA	NA	NA	NA	NA	NA	NA	NA	NA	NA	NA
cg10131227	NA	NA	NA	NA	NA	NA	NA	NA	NA	NA	NA	NA	NA	NA	NA	NA	NA	NA	NA	NA	NA	NA	NA	NA	NA	NA	NA	NA	NA	NA	NA	NA	NA	NA	NA	NA	NA	NA	NA	NA	NA	NA	NA	NA	NA	NA	NA	NA	NA	NA	NA	NA	NA	NA	NA	NA	NA	NA	NA	NA	NA	NA	NA	NA	NA	NA
cg10174975	NA	NA	NA	NA	NA	NA	NA	NA	NA	NA	NA	NA	NA	NA	NA	NA	NA	NA	NA	NA	NA	NA	NA	NA	NA	NA	NA	NA	NA	NA	NA	NA	NA	NA	NA	NA	NA	NA	NA	NA	NA	NA	NA	NA	NA	NA	NA	NA	NA	NA	NA	NA	NA	NA	NA	NA	NA	NA	NA	NA	NA	NA	NA	NA	NA	NA
cg10188698	NA	NA	NA	NA	NA	NA	NA	NA	NA	NA	NA	NA	NA	NA	NA	NA	NA	NA	NA	NA	NA	NA	NA	NA	NA	NA	NA	NA	NA	NA	NA	NA	NA	NA	NA	NA	NA	NA	NA	NA	NA	NA	NA	NA	NA	NA	NA	NA	NA	NA	NA	NA	NA	NA	NA	NA	NA	NA	NA	NA	NA	NA	NA	NA	NA	NA
cg10188909	NA	NA	NA	NA	NA	NA	NA	NA	NA	NA	NA	NA	NA	NA	NA	NA	NA	NA	NA	NA	NA	NA	NA	NA	NA	NA	NA	NA	NA	NA	NA	NA	NA	NA	NA	NA	NA	NA	NA	NA	NA	NA	NA	NA	NA	NA	NA	NA	NA	NA	NA	NA	NA	NA	NA	NA	NA	NA	NA	NA	NA	NA	NA	NA	NA	NA
cg10202675	NA	NA	NA	NA	NA	NA	NA	NA	NA	NA	NA	NA	NA	NA	NA	NA	NA	NA	NA	NA	NA	NA	NA	NA	NA	NA	NA	NA	NA	NA	NA	NA	NA	NA	NA	NA	NA	NA	NA	NA	NA	NA	NA	NA	NA	NA	NA	NA	NA	NA	NA	NA	NA	NA	NA	NA	NA	NA	NA	NA	NA	NA	NA	NA	NA	NA
cg10208777	0.586275041241014	0.545459389272052	NA	0.158371159218679	0.302394022249316	0.612712568155708	0.538168261576525	0.59779199164721	0.629297556814839	0.152591650771232	0.161561756071003	0.665162275728065	NA	0.237900009742026	0.200870593744215	0.8931291999879	0.204624883101649	0.229362179731923	0.303152813333927	0.662644347438485	0.901604266104068	0.642079655271684	0.250467222042881	0.907761590412396	0.588753894356864	0.113680446048268	0.736410848451323	0.40862861460024	0.801314841945159	0.146108143471143	0.915740196339369	0.856256753586996	0.788328809526077	0.20538232472845	0.447667713539085	0.144883142152935	0.172287155663131	0.471746011079732	0.537369784425927	0.25903959010311	0.94241862089685	0.599963788504027	0.123697088674105	0.565856503379578	0.177046403295761	0.63054375889276	0.848021987923093	0.648286221059563	0.264520915935479	0.0921440460850822	0.84683203725115	0.335929428747434	0.59848952503092	0.853890817312361	0.26374846092699	0.941246763793689	0.152028695087297	0.556526475635165	0.921465560266381	0.748159968070895	0.559282846590928	0.496579816476605	0.0868239186101336	NA	0.403500715090068	0.547095335288073
cg10213886	NA	NA	NA	NA	NA	NA	NA	NA	NA	NA	NA	NA	NA	NA	NA	NA	NA	NA	NA	NA	NA	NA	NA	NA	NA	NA	NA	NA	NA	NA	NA	NA	NA	NA	NA	NA	NA	NA	NA	NA	NA	NA	NA	NA	NA	NA	NA	NA	NA	NA	NA	NA	NA	NA	NA	NA	NA	NA	NA	NA	NA	NA	NA	NA	NA	NA
cg10223155	NA	NA	NA	NA	NA	NA	NA	NA	NA	NA	NA	NA	NA	NA	NA	NA	NA	NA	NA	NA	NA	NA	NA	NA	NA	NA	NA	NA	NA	NA	NA	NA	NA	NA	NA	NA	NA	NA	NA	NA	NA	NA	NA	NA	NA	NA	NA	NA	NA	NA	NA	NA	NA	NA	NA	NA	NA	NA	NA	NA	NA	NA	NA	NA	NA	NA
cg10241247	NA	NA	NA	NA	NA	NA	NA	NA	NA	NA	NA	NA	NA	NA	NA	NA	NA	NA	NA	NA	NA	NA	NA	NA	NA	NA	NA	NA	NA	NA	NA	NA	NA	NA	NA	NA	NA	NA	NA	NA	NA	NA	NA	NA	NA	NA	NA	NA	NA	NA	NA	NA	NA	NA	NA	NA	NA	NA	NA	NA	NA	NA	NA	NA	NA	NA
cg10266189	0.980941094212979	0.977985531178019	0.983405208810261	0.983216195818328	0.982522257558089	0.976154884253113	0.983484334758905	0.980430647292016	0.95848676381928	0.979008244786878	0.978704393912816	0.983271007849034	0.976615020094198	0.97547125369034	0.97270768728927	0.980039113381234	0.976570427487466	0.983243654481818	0.975662489468654	0.977955796332942	0.9846942672337	0.972810848472893	0.983991150321452	0.967994369295772	0.980419071008315	0.983635991608509	0.982778284567708	0.979499259598094	0.977038505716916	0.977392120993788	0.975256864409119	0.982073604612805	0.98384206851568	0.978995120956098	0.976713002589466	0.98274874497533	0.983589316693146	0.977643388585806	0.973616146154172	0.98278142240064	0.979630981820756	0.978460659088812	0.973716085637194	0.977914741850638	0.980624841571495	0.98526509491781	0.979512271986014	0.982963963642568	0.978998514443927	0.980299029874385	0.981624755194673	0.973124685704395	0.978231876907441	0.978966369351986	0.980260688587033	0.774839703897254	0.981995514008291	0.979293718234301	0.984366237568866	0.975830770130212	0.978740298414371	0.977901032652686	0.981169834925605	0.973540083484951	0.979833486098661	0.972260010442457
cg10295683	NA	NA	NA	NA	NA	NA	NA	NA	NA	NA	NA	NA	NA	NA	NA	NA	NA	NA	NA	NA	NA	NA	NA	NA	NA	NA	NA	NA	NA	NA	NA	NA	NA	NA	NA	NA	NA	NA	NA	NA	NA	NA	NA	NA	NA	NA	NA	NA	NA	NA	NA	NA	NA	NA	NA	NA	NA	NA	NA	NA	NA	NA	NA	NA	NA	NA
cg10304084	0.968785944536724	0.966849464170821	0.971125337337528	0.956738533846606	0.958837686105173	0.96817099403428	0.951237972818013	0.973685808968605	0.951117270720231	0.948493974263806	0.951869190681221	0.966389933657073	0.962354025430173	0.960412129211051	0.960480887704835	0.96699060078225	0.949692403236833	0.967706146071827	0.97031846264783	0.979330449590811	0.97563972047284	0.963610913167365	0.970025906393663	0.966129682612418	0.971155365409942	0.959030611760385	0.961541371949233	0.972058086346817	0.97548112615977	0.962082393004859	0.9521349350628	0.9627909105882	0.968459336901752	0.95779334308578	0.961043332473675	0.959241931393405	0.962618840441979	0.956720724553442	0.971020371766103	0.954517587090028	0.958773541964324	0.971248721286281	0.964234555842403	0.971758483114406	0.970354409210819	0.975262656651632	0.967918103644351	0.968006918810772	0.950167226701849	0.973890239809276	0.961066652895443	0.961789191511943	0.966916962901056	0.953787362961635	0.972351720960395	0.974565881971396	0.951844447099487	0.963591407905521	0.975114524004983	0.962198411337183	0.966695485230768	0.970425378278004	0.977025583553648	0.958176969223502	0.96389320760884	0.974665382703923
cg10317162	NA	NA	NA	NA	NA	NA	NA	NA	NA	NA	NA	NA	NA	NA	NA	NA	NA	NA	NA	NA	NA	NA	NA	NA	NA	NA	NA	NA	NA	NA	NA	NA	NA	NA	NA	NA	NA	NA	NA	NA	NA	NA	NA	NA	NA	NA	NA	NA	NA	NA	NA	NA	NA	NA	NA	NA	NA	NA	NA	NA	NA	NA	NA	NA	NA	NA
cg10346147	NA	NA	NA	NA	NA	NA	NA	NA	NA	NA	NA	NA	NA	NA	NA	NA	NA	NA	NA	NA	NA	NA	NA	NA	NA	NA	NA	NA	NA	NA	NA	NA	NA	NA	NA	NA	NA	NA	NA	NA	NA	NA	NA	NA	NA	NA	NA	NA	NA	NA	NA	NA	NA	NA	NA	NA	NA	NA	NA	NA	NA	NA	NA	NA	NA	NA
cg10369313	NA	NA	NA	NA	NA	NA	NA	NA	NA	NA	NA	NA	NA	NA	NA	NA	NA	NA	NA	NA	NA	NA	NA	NA	NA	NA	NA	NA	NA	NA	NA	NA	NA	NA	NA	NA	NA	NA	NA	NA	NA	NA	NA	NA	NA	NA	NA	NA	NA	NA	NA	NA	NA	NA	NA	NA	NA	NA	NA	NA	NA	NA	NA	NA	NA	NA
cg10369444	NA	NA	NA	NA	NA	NA	NA	NA	NA	NA	NA	NA	NA	NA	NA	NA	NA	NA	NA	NA	NA	NA	NA	NA	NA	NA	NA	NA	NA	NA	NA	NA	NA	NA	NA	NA	NA	NA	NA	NA	NA	NA	NA	NA	NA	NA	NA	NA	NA	NA	NA	NA	NA	NA	NA	NA	NA	NA	NA	NA	NA	NA	NA	NA	NA	NA
cg10375884	0.33463963498562	0.669776614160636	0.143402082582208	0.387294607656024	0.875945800805541	0.939125016225888	0.311875687253363	0.234496291988193	0.618627187159188	0.934188047359911	0.632582413353073	0.487076456865825	0.930785461864036	0.793075826431504	0.893891904801003	0.935241633003759	0.924413928052816	0.481400549269787	0.951693463108029	0.561811311650287	0.940947465502332	0.213909062160349	0.406981263917621	0.899681566721518	0.395576296479515	0.568596166951779	0.773735627577856	0.681932256123881	0.386903270738558	0.902079337590743	0.950290648782353	0.767008310100239	0.918982178564587	0.245900796327427	0.357684331618003	0.319732446118393	0.512778577614565	0.937412713861625	0.586451302343004	0.232399965299083	0.935473937863604	0.952021255668566	0.613202506518753	0.811202180980243	0.265999872783547	0.909293729480546	0.243005626339942	0.164504064179131	0.65484442105674	0.582839569304092	0.670101655069796	0.880618106592567	0.153225805785136	0.220081004425159	0.422439000478031	0.13681166256345	0.299877871474759	0.932551839614873	0.57385083795711	0.849418015217235	0.947177716515583	0.568890769963076	0.754426678610941	0.947528347441856	0.641731155099287	0.307444828931012
cg10390329	NA	NA	NA	NA	NA	NA	NA	NA	NA	NA	NA	NA	NA	NA	NA	NA	NA	NA	NA	NA	NA	NA	NA	NA	NA	NA	NA	NA	NA	NA	NA	NA	NA	NA	NA	NA	NA	NA	NA	NA	NA	NA	NA	NA	NA	NA	NA	NA	NA	NA	NA	NA	NA	NA	NA	NA	NA	NA	NA	NA	NA	NA	NA	NA	NA	NA
cg10515439	NA	NA	NA	NA	NA	NA	NA	NA	NA	NA	NA	NA	NA	NA	NA	NA	NA	NA	NA	NA	NA	NA	NA	NA	NA	NA	NA	NA	NA	NA	NA	NA	NA	NA	NA	NA	NA	NA	NA	NA	NA	NA	NA	NA	NA	NA	NA	NA	NA	NA	NA	NA	NA	NA	NA	NA	NA	NA	NA	NA	NA	NA	NA	NA	NA	NA
cg10531521	NA	NA	NA	NA	NA	NA	NA	NA	NA	NA	NA	NA	NA	NA	NA	NA	NA	NA	NA	NA	NA	NA	NA	NA	NA	NA	NA	NA	NA	NA	NA	NA	NA	NA	NA	NA	NA	NA	NA	NA	NA	NA	NA	NA	NA	NA	NA	NA	NA	NA	NA	NA	NA	NA	NA	NA	NA	NA	NA	NA	NA	NA	NA	NA	NA	NA
cg10533493	NA	NA	NA	NA	NA	NA	NA	NA	NA	NA	NA	NA	NA	NA	NA	NA	NA	NA	NA	NA	NA	NA	NA	NA	NA	NA	NA	NA	NA	NA	NA	NA	NA	NA	NA	NA	NA	NA	NA	NA	NA	NA	NA	NA	NA	NA	NA	NA	NA	NA	NA	NA	NA	NA	NA	NA	NA	NA	NA	NA	NA	NA	NA	NA	NA	NA
cg10617091	0.831695869242585	0.855083567008885	NA	NA	0.907309815524908	0.840812456737307	0.893458649111324	0.892717979459309	NA	0.881976348547772	0.835261522660442	0.909712944894675	NA	0.859157003334028	0.86444993246726	0.873173727922125	0.87261677373875	0.87201539981344	0.86702507729551	0.8214818123166	0.869521347749207	0.805373344365228	0.911842974769182	NA	0.892539925157092	0.911324864698315	0.854871447630942	0.863647047080723	0.835032122277896	0.903719921296737	0.874970403972666	0.857648591044304	0.906409781655985	0.889547758567126	0.900298671806118	0.869225287132888	0.873932033309589	0.882647365090798	NA	0.911250816727369	0.869176728610342	0.882259483237511	NA	NA	NA	NA	0.854141105651251	0.875911013637978	0.894010422779473	0.837760202002819	0.882622207264639	0.790470447028944	0.889281108187606	NA	0.882472114533737	0.883808514400119	0.86945990684878	0.85160073033458	0.89428710757806	NA	0.820113086376859	0.871215018930718	0.812717764803646	0.85700308275522	0.890076885319069	0.873225088186017
cg10635350	NA	NA	NA	NA	NA	NA	NA	NA	NA	NA	NA	NA	NA	NA	NA	NA	NA	NA	NA	NA	NA	NA	NA	NA	NA	NA	NA	NA	NA	NA	NA	NA	NA	NA	NA	NA	NA	NA	NA	NA	NA	NA	NA	NA	NA	NA	NA	NA	NA	NA	NA	NA	NA	NA	NA	NA	NA	NA	NA	NA	NA	NA	NA	NA	NA	NA
cg10635719	NA	NA	NA	NA	NA	NA	NA	NA	NA	NA	NA	NA	NA	NA	NA	NA	NA	NA	NA	NA	NA	NA	NA	NA	NA	NA	NA	NA	NA	NA	NA	NA	NA	NA	NA	NA	NA	NA	NA	NA	NA	NA	NA	NA	NA	NA	NA	NA	NA	NA	NA	NA	NA	NA	NA	NA	NA	NA	NA	NA	NA	NA	NA	NA	NA	NA
cg10677688	NA	NA	NA	NA	NA	NA	NA	NA	NA	NA	NA	NA	NA	NA	NA	NA	NA	NA	NA	NA	NA	NA	NA	NA	NA	NA	NA	NA	NA	NA	NA	NA	NA	NA	NA	NA	NA	NA	NA	NA	NA	NA	NA	NA	NA	NA	NA	NA	NA	NA	NA	NA	NA	NA	NA	NA	NA	NA	NA	NA	NA	NA	NA	NA	NA	NA
cg10681811	NA	NA	NA	NA	NA	NA	NA	NA	NA	NA	NA	NA	NA	NA	NA	NA	NA	NA	NA	NA	NA	NA	NA	NA	NA	NA	NA	NA	NA	NA	NA	NA	NA	NA	NA	NA	NA	NA	NA	NA	NA	NA	NA	NA	NA	NA	NA	NA	NA	NA	NA	NA	NA	NA	NA	NA	NA	NA	NA	NA	NA	NA	NA	NA	NA	NA
cg10747758	NA	NA	NA	NA	NA	NA	NA	NA	NA	NA	NA	NA	NA	NA	NA	NA	NA	NA	NA	NA	NA	NA	NA	NA	NA	NA	NA	NA	NA	NA	NA	NA	NA	NA	NA	NA	NA	NA	NA	NA	NA	NA	NA	NA	NA	NA	NA	NA	NA	NA	NA	NA	NA	NA	NA	NA	NA	NA	NA	NA	NA	NA	NA	NA	NA	NA
cg10751914	NA	NA	NA	NA	NA	NA	NA	NA	NA	NA	NA	NA	NA	NA	NA	NA	NA	NA	NA	NA	NA	NA	NA	NA	NA	NA	NA	NA	NA	NA	NA	NA	NA	NA	NA	NA	NA	NA	NA	NA	NA	NA	NA	NA	NA	NA	NA	NA	NA	NA	NA	NA	NA	NA	NA	NA	NA	NA	NA	NA	NA	NA	NA	NA	NA	NA
cg10759572	NA	NA	NA	NA	NA	NA	NA	NA	NA	NA	NA	NA	NA	NA	NA	NA	NA	NA	NA	NA	NA	NA	NA	NA	NA	NA	NA	NA	NA	NA	NA	NA	NA	NA	NA	NA	NA	NA	NA	NA	NA	NA	NA	NA	NA	NA	NA	NA	NA	NA	NA	NA	NA	NA	NA	NA	NA	NA	NA	NA	NA	NA	NA	NA	NA	NA
cg10778931	NA	NA	NA	NA	NA	NA	NA	NA	NA	NA	NA	NA	NA	NA	NA	NA	NA	NA	NA	NA	NA	NA	NA	NA	NA	NA	NA	NA	NA	NA	NA	NA	NA	NA	NA	NA	NA	NA	NA	NA	NA	NA	NA	NA	NA	NA	NA	NA	NA	NA	NA	NA	NA	NA	NA	NA	NA	NA	NA	NA	NA	NA	NA	NA	NA	NA
cg10800519	NA	NA	NA	NA	NA	NA	NA	NA	NA	NA	NA	NA	NA	NA	NA	NA	NA	NA	NA	NA	NA	NA	NA	NA	NA	NA	NA	NA	NA	NA	NA	NA	NA	NA	NA	NA	NA	NA	NA	NA	NA	NA	NA	NA	NA	NA	NA	NA	NA	NA	NA	NA	NA	NA	NA	NA	NA	NA	NA	NA	NA	NA	NA	NA	NA	NA
cg10817408	NA	NA	NA	NA	NA	NA	NA	NA	NA	NA	NA	NA	NA	NA	NA	NA	NA	NA	NA	NA	NA	NA	NA	NA	NA	NA	NA	NA	NA	NA	NA	NA	NA	NA	NA	NA	NA	NA	NA	NA	NA	NA	NA	NA	NA	NA	NA	NA	NA	NA	NA	NA	NA	NA	NA	NA	NA	NA	NA	NA	NA	NA	NA	NA	NA	NA
cg10839128	NA	NA	NA	NA	NA	NA	NA	NA	NA	NA	NA	NA	NA	NA	NA	NA	NA	NA	NA	NA	NA	NA	NA	NA	NA	NA	NA	NA	NA	NA	NA	NA	NA	NA	NA	NA	NA	NA	NA	NA	NA	NA	NA	NA	NA	NA	NA	NA	NA	NA	NA	NA	NA	NA	NA	NA	NA	NA	NA	NA	NA	NA	NA	NA	NA	NA
cg10840054	NA	NA	NA	NA	NA	NA	NA	NA	NA	NA	NA	NA	NA	NA	NA	NA	NA	NA	NA	NA	NA	NA	NA	NA	NA	NA	NA	NA	NA	NA	NA	NA	NA	NA	NA	NA	NA	NA	NA	NA	NA	NA	NA	NA	NA	NA	NA	NA	NA	NA	NA	NA	NA	NA	NA	NA	NA	NA	NA	NA	NA	NA	NA	NA	NA	NA
cg10840615	NA	NA	NA	NA	NA	NA	NA	NA	NA	NA	NA	NA	NA	NA	NA	NA	NA	NA	NA	NA	NA	NA	NA	NA	NA	NA	NA	NA	NA	NA	NA	NA	NA	NA	NA	NA	NA	NA	NA	NA	NA	NA	NA	NA	NA	NA	NA	NA	NA	NA	NA	NA	NA	NA	NA	NA	NA	NA	NA	NA	NA	NA	NA	NA	NA	NA
cg10846614	0.156186307163425	0.755812278748566	0.0805604984958535	0.0983935412237768	0.174898517426193	0.23292280050956	0.162385256565752	0.181741166723487	0.330851650344963	0.11010823033206	0.0844391582524701	0.325127791643228	0.888538294684198	0.238862868662444	0.0678487295287054	0.263263690373634	0.249797656944956	0.23065835262837	0.532528407552144	0.383493967550366	0.826071500643788	0.182189838344678	0.326286513698354	0.122695278186228	0.135177911031228	0.068437229274136	0.244932828725706	0.343142626940676	0.669616633293774	0.185176001948702	0.117154032611395	0.107124775797556	0.0982598152395238	0.21661853549883	0.205414579442	0.208955687414493	0.516492487459953	0.0828217338925657	0.41307634598854	0.197923137028634	0.133310267259614	0.194643563952017	0.107663168140072	0.145118444418217	0.928131319348849	0.508957199392222	0.0985120241389151	0.9348486720524	0.193154023430682	0.137989807193011	0.539706694781615	0.7487922370024	0.910090683781027	0.107899288122996	0.25249132060271	0.901127921974812	0.140659232320968	0.0784878189984621	0.837153067899711	0.207295890102841	0.0572589787159239	0.11094856343721	0.066865583962837	0.922467137151861	0.444174266380937	0.216730115381781
cg10867456	NA	NA	NA	NA	NA	NA	NA	NA	NA	NA	NA	NA	NA	NA	NA	NA	NA	NA	NA	NA	NA	NA	NA	NA	NA	NA	NA	NA	NA	NA	NA	NA	NA	NA	NA	NA	NA	NA	NA	NA	NA	NA	NA	NA	NA	NA	NA	NA	NA	NA	NA	NA	NA	NA	NA	NA	NA	NA	NA	NA	NA	NA	NA	NA	NA	NA
cg10930679	0.964594271655307	0.930245138525748	0.937517925662074	0.952242416938385	0.944767709297188	0.948859824783849	0.950372433758831	0.92362336290056	0.939410158181235	0.945615937645505	0.313566312380706	0.952356160115118	0.94088589272525	0.419237150307637	0.949769691812874	0.94899942879393	0.269531133818622	0.936214307708428	0.901361867918919	0.654760293557481	0.924332052184704	0.924337039318855	0.916377882353977	0.934184334465373	0.619065710603552	0.956504677681095	0.947585838679783	0.929048064460178	0.961684944479112	0.930621875283458	0.930326323498843	0.947684021145941	0.933535027484168	0.93255090135573	0.946407132834954	0.913771525747196	0.948808956502982	0.942395943521226	0.402282083187743	0.931000681399963	0.929883877684079	0.944614435477734	0.572721968571728	0.950322592579593	0.954228162040611	0.926536189412981	0.935495314702385	0.961838349172588	0.946429142647773	0.954593832530256	0.906230587003964	0.773366812665814	0.291577206895795	0.946488623225812	0.957803625551942	0.948519508146892	0.930156853177084	0.918847680104538	0.953652290347013	0.932206937681815	0.926629010667822	0.947323989548881	0.959478489199001	0.948509103119483	0.928016012068091	0.927735826592874
cg10932815	NA	NA	NA	NA	NA	NA	NA	NA	NA	NA	NA	NA	NA	NA	NA	NA	NA	NA	NA	NA	NA	NA	NA	NA	NA	NA	NA	NA	NA	NA	NA	NA	NA	NA	NA	NA	NA	NA	NA	NA	NA	NA	NA	NA	NA	NA	NA	NA	NA	NA	NA	NA	NA	NA	NA	NA	NA	NA	NA	NA	NA	NA	NA	NA	NA	NA
cg10945028	NA	NA	NA	NA	NA	NA	NA	NA	NA	NA	NA	NA	NA	NA	NA	NA	NA	NA	NA	NA	NA	NA	NA	NA	NA	NA	NA	NA	NA	NA	NA	NA	NA	NA	NA	NA	NA	NA	NA	NA	NA	NA	NA	NA	NA	NA	NA	NA	NA	NA	NA	NA	NA	NA	NA	NA	NA	NA	NA	NA	NA	NA	NA	NA	NA	NA
cg10959344	NA	NA	NA	NA	NA	NA	NA	NA	NA	NA	NA	NA	NA	NA	NA	NA	NA	NA	NA	NA	NA	NA	NA	NA	NA	NA	NA	NA	NA	NA	NA	NA	NA	NA	NA	NA	NA	NA	NA	NA	NA	NA	NA	NA	NA	NA	NA	NA	NA	NA	NA	NA	NA	NA	NA	NA	NA	NA	NA	NA	NA	NA	NA	NA	NA	NA
cg10998505	NA	NA	NA	NA	NA	NA	NA	NA	NA	NA	NA	NA	NA	NA	NA	NA	NA	NA	NA	NA	NA	NA	NA	NA	NA	NA	NA	NA	NA	NA	NA	NA	NA	NA	NA	NA	NA	NA	NA	NA	NA	NA	NA	NA	NA	NA	NA	NA	NA	NA	NA	NA	NA	NA	NA	NA	NA	NA	NA	NA	NA	NA	NA	NA	NA	NA
cg11047457	NA	NA	NA	NA	NA	NA	NA	NA	NA	NA	NA	NA	NA	NA	NA	NA	NA	NA	NA	NA	NA	NA	NA	NA	NA	NA	NA	NA	NA	NA	NA	NA	NA	NA	NA	NA	NA	NA	NA	NA	NA	NA	NA	NA	NA	NA	NA	NA	NA	NA	NA	NA	NA	NA	NA	NA	NA	NA	NA	NA	NA	NA	NA	NA	NA	NA
cg11089276	NA	NA	NA	NA	NA	NA	NA	NA	NA	NA	NA	NA	NA	NA	NA	NA	NA	NA	NA	NA	NA	NA	NA	NA	NA	NA	NA	NA	NA	NA	NA	NA	NA	NA	NA	NA	NA	NA	NA	NA	NA	NA	NA	NA	NA	NA	NA	NA	NA	NA	NA	NA	NA	NA	NA	NA	NA	NA	NA	NA	NA	NA	NA	NA	NA	NA
cg11122456	NA	NA	NA	NA	NA	NA	NA	NA	NA	NA	NA	NA	NA	NA	NA	NA	NA	NA	NA	NA	NA	NA	NA	NA	NA	NA	NA	NA	NA	NA	NA	NA	NA	NA	NA	NA	NA	NA	NA	NA	NA	NA	NA	NA	NA	NA	NA	NA	NA	NA	NA	NA	NA	NA	NA	NA	NA	NA	NA	NA	NA	NA	NA	NA	NA	NA
cg11131508	NA	NA	NA	NA	NA	NA	NA	NA	NA	NA	NA	NA	NA	NA	NA	NA	NA	NA	NA	NA	NA	NA	NA	NA	NA	NA	NA	NA	NA	NA	NA	NA	NA	NA	NA	NA	NA	NA	NA	NA	NA	NA	NA	NA	NA	NA	NA	NA	NA	NA	NA	NA	NA	NA	NA	NA	NA	NA	NA	NA	NA	NA	NA	NA	NA	NA
cg11135347	NA	NA	NA	NA	NA	NA	NA	NA	NA	NA	NA	NA	NA	NA	NA	NA	NA	NA	NA	NA	NA	NA	NA	NA	NA	NA	NA	NA	NA	NA	NA	NA	NA	NA	NA	NA	NA	NA	NA	NA	NA	NA	NA	NA	NA	NA	NA	NA	NA	NA	NA	NA	NA	NA	NA	NA	NA	NA	NA	NA	NA	NA	NA	NA	NA	NA
cg11136406	NA	NA	NA	NA	NA	NA	NA	NA	NA	NA	NA	NA	NA	NA	NA	NA	NA	NA	NA	NA	NA	NA	NA	NA	NA	NA	NA	NA	NA	NA	NA	NA	NA	NA	NA	NA	NA	NA	NA	NA	NA	NA	NA	NA	NA	NA	NA	NA	NA	NA	NA	NA	NA	NA	NA	NA	NA	NA	NA	NA	NA	NA	NA	NA	NA	NA
cg11137761	NA	NA	NA	NA	NA	NA	NA	NA	NA	NA	NA	NA	NA	NA	NA	NA	NA	NA	NA	NA	NA	NA	NA	NA	NA	NA	NA	NA	NA	NA	NA	NA	NA	NA	NA	NA	NA	NA	NA	NA	NA	NA	NA	NA	NA	NA	NA	NA	NA	NA	NA	NA	NA	NA	NA	NA	NA	NA	NA	NA	NA	NA	NA	NA	NA	NA
cg11163362	NA	NA	NA	NA	NA	NA	NA	NA	NA	NA	NA	NA	NA	NA	NA	NA	NA	NA	NA	NA	NA	NA	NA	NA	NA	NA	NA	NA	NA	NA	NA	NA	NA	NA	NA	NA	NA	NA	NA	NA	NA	NA	NA	NA	NA	NA	NA	NA	NA	NA	NA	NA	NA	NA	NA	NA	NA	NA	NA	NA	NA	NA	NA	NA	NA	NA
cg11165316	NA	NA	NA	NA	NA	NA	NA	NA	NA	NA	NA	NA	NA	NA	NA	NA	NA	NA	NA	NA	NA	NA	NA	NA	NA	NA	NA	NA	NA	NA	NA	NA	NA	NA	NA	NA	NA	NA	NA	NA	NA	NA	NA	NA	NA	NA	NA	NA	NA	NA	NA	NA	NA	NA	NA	NA	NA	NA	NA	NA	NA	NA	NA	NA	NA	NA
cg11166888	NA	NA	NA	NA	NA	NA	NA	NA	NA	NA	NA	NA	NA	NA	NA	NA	NA	NA	NA	NA	NA	NA	NA	NA	NA	NA	NA	NA	NA	NA	NA	NA	NA	NA	NA	NA	NA	NA	NA	NA	NA	NA	NA	NA	NA	NA	NA	NA	NA	NA	NA	NA	NA	NA	NA	NA	NA	NA	NA	NA	NA	NA	NA	NA	NA	NA
cg11205224	NA	NA	NA	NA	NA	NA	NA	NA	NA	NA	NA	NA	NA	NA	NA	NA	NA	NA	NA	NA	NA	NA	NA	NA	NA	NA	NA	NA	NA	NA	NA	NA	NA	NA	NA	NA	NA	NA	NA	NA	NA	NA	NA	NA	NA	NA	NA	NA	NA	NA	NA	NA	NA	NA	NA	NA	NA	NA	NA	NA	NA	NA	NA	NA	NA	NA
cg11212329	0.898088605936056	0.861580131634801	0.793802297664338	0.947694045304228	0.874639444704786	0.834977028339668	0.931287837903726	0.832926092039571	0.795052067189892	0.915909066761231	0.905371447844362	0.848344057138179	0.88462205528492	0.775271706868592	0.916733028193138	0.566547097929391	0.844881306258266	0.827038788942829	0.856038385005213	0.258055478690116	0.888131462192742	0.608714135279353	0.825877211587557	0.8561804810088	0.855509657811243	0.932041906187275	0.678412996440437	0.749597394592264	0.850103365641853	0.843427019397058	0.603488340097603	0.907166984357056	0.918898472248342	0.83886310925508	0.859466802255154	0.915922646375776	0.817865323158461	0.532780195354976	0.255452683645991	0.199050262573062	0.874859046799662	0.601880698867135	0.85648056440412	0.844219738349722	0.855633292427012	0.623979309176025	0.898417490197526	0.573370137259372	0.864418180079977	0.894540896417794	0.625794262473203	0.860921200935873	0.957716904631456	0.895300369678693	0.89036726281626	0.575774611342972	0.866743459524121	0.914196419376535	0.880746389330312	0.764345344026391	0.89768395461831	0.904275258708994	0.78198384638053	0.897290674350359	0.600307069151284	0.17087304869066
cg11231740	NA	NA	NA	NA	NA	NA	NA	NA	NA	NA	NA	NA	NA	NA	NA	NA	NA	NA	NA	NA	NA	NA	NA	NA	NA	NA	NA	NA	NA	NA	NA	NA	NA	NA	NA	NA	NA	NA	NA	NA	NA	NA	NA	NA	NA	NA	NA	NA	NA	NA	NA	NA	NA	NA	NA	NA	NA	NA	NA	NA	NA	NA	NA	NA	NA	NA
cg11239335	NA	NA	NA	NA	NA	NA	NA	NA	NA	NA	NA	NA	NA	NA	NA	NA	NA	NA	NA	NA	NA	NA	NA	NA	NA	NA	NA	NA	NA	NA	NA	NA	NA	NA	NA	NA	NA	NA	NA	NA	NA	NA	NA	NA	NA	NA	NA	NA	NA	NA	NA	NA	NA	NA	NA	NA	NA	NA	NA	NA	NA	NA	NA	NA	NA	NA
cg11248957	NA	NA	NA	NA	NA	NA	NA	NA	NA	NA	NA	NA	NA	NA	NA	NA	NA	NA	NA	NA	NA	NA	NA	NA	NA	NA	NA	NA	NA	NA	NA	NA	NA	NA	NA	NA	NA	NA	NA	NA	NA	NA	NA	NA	NA	NA	NA	NA	NA	NA	NA	NA	NA	NA	NA	NA	NA	NA	NA	NA	NA	NA	NA	NA	NA	NA
cg11332701	NA	NA	NA	NA	NA	NA	NA	NA	NA	NA	NA	NA	NA	NA	NA	NA	NA	NA	NA	NA	NA	NA	NA	NA	NA	NA	NA	NA	NA	NA	NA	NA	NA	NA	NA	NA	NA	NA	NA	NA	NA	NA	NA	NA	NA	NA	NA	NA	NA	NA	NA	NA	NA	NA	NA	NA	NA	NA	NA	NA	NA	NA	NA	NA	NA	NA
cg11333436	NA	NA	NA	NA	NA	NA	NA	NA	NA	NA	NA	NA	NA	NA	NA	NA	NA	NA	NA	NA	NA	NA	NA	NA	NA	NA	NA	NA	NA	NA	NA	NA	NA	NA	NA	NA	NA	NA	NA	NA	NA	NA	NA	NA	NA	NA	NA	NA	NA	NA	NA	NA	NA	NA	NA	NA	NA	NA	NA	NA	NA	NA	NA	NA	NA	NA
cg11335419	NA	NA	NA	NA	NA	NA	NA	NA	NA	NA	NA	NA	NA	NA	NA	NA	NA	NA	NA	NA	NA	NA	NA	NA	NA	NA	NA	NA	NA	NA	NA	NA	NA	NA	NA	NA	NA	NA	NA	NA	NA	NA	NA	NA	NA	NA	NA	NA	NA	NA	NA	NA	NA	NA	NA	NA	NA	NA	NA	NA	NA	NA	NA	NA	NA	NA
cg11343941	0.943538598792407	0.970002154568238	0.95753152063619	0.948864567967085	0.953988806852729	0.932052654001705	0.955101288781368	0.958175573797432	0.943968358796376	0.95958307258855	0.935562655050141	0.944566594577627	0.949171465813228	0.962663894988347	0.945095177611554	0.950124305448161	0.940582929791092	0.965308471321595	0.93939689902418	0.951261619391102	0.957154528642333	0.957707390094146	0.950431227873741	0.948913486732153	0.963370280633361	0.949001264179031	0.926049133428289	0.939612005182217	0.854107135060487	0.937431202852355	0.949285371536973	0.947097666307966	0.954525607223946	0.929928189174455	0.96128969391718	0.952358083004612	0.944639080616255	0.953265095461921	0.891573023697968	0.962091907297266	0.319568977962662	0.967972894292907	0.961716070852798	0.929850160908884	0.966009770321106	0.951078693440453	0.966126237393419	0.960918409100515	0.959150252990816	0.961629857136532	0.962471177120481	0.954054492339278	0.949718111484307	0.963762709471535	0.655570582675525	0.967796209372476	0.967584039879989	0.964792528850896	0.96037603940048	0.943773640610552	0.967842493364	0.960829723063522	0.956681519459684	0.953302766445229	0.949100255540168	0.956865457194211
cg11345718	NA	NA	NA	NA	NA	NA	NA	NA	NA	NA	NA	NA	NA	NA	NA	NA	NA	NA	NA	NA	NA	NA	NA	NA	NA	NA	NA	NA	NA	NA	NA	NA	NA	NA	NA	NA	NA	NA	NA	NA	NA	NA	NA	NA	NA	NA	NA	NA	NA	NA	NA	NA	NA	NA	NA	NA	NA	NA	NA	NA	NA	NA	NA	NA	NA	NA
cg11359737	NA	NA	NA	NA	NA	NA	NA	NA	NA	NA	NA	NA	NA	NA	NA	NA	NA	NA	NA	NA	NA	NA	NA	NA	NA	NA	NA	NA	NA	NA	NA	NA	NA	NA	NA	NA	NA	NA	NA	NA	NA	NA	NA	NA	NA	NA	NA	NA	NA	NA	NA	NA	NA	NA	NA	NA	NA	NA	NA	NA	NA	NA	NA	NA	NA	NA
cg11363234	0.554614858019629	0.866825356293615	0.927701307201765	0.913896926441184	0.320965633216374	0.925997034015026	0.943803682150053	0.884866306225017	0.661951152973295	0.88763844872367	0.910599518981631	0.870093793917551	0.913902840665164	0.887398713420134	0.860077650733579	0.596801405988473	0.887151999904364	0.911301132172581	0.903185780752804	0.690304648568679	0.924253692062598	0.873773106551941	0.372356999611824	0.891609064404058	0.896201776639594	0.914245683284285	0.815436066473136	0.774928132071846	0.939984057193973	0.904071659292285	0.910668061741534	0.926532161607667	0.92284755863523	0.842677931559917	0.886256295257443	0.912926863991214	0.850890509879647	0.53381381314796	0.515785544079831	0.872874178282441	0.55888266854086	0.578825212122435	0.870732587282719	0.591892414391886	0.894122482333389	0.936846403451814	0.51329391077248	0.886981198416296	0.842100865387112	0.577528152048049	0.829984279671336	0.890496439292503	0.921272834057481	0.29799266297485	0.908779994925102	0.918590393926399	0.89899425951958	0.92244921126442	0.923742044863425	0.89078357445756	0.907106541761408	0.937100772029911	0.544557255731665	0.928087468416749	0.746591035393943	0.552490864419061
cg11380503	NA	NA	NA	NA	NA	NA	NA	NA	NA	NA	NA	NA	NA	NA	NA	NA	NA	NA	NA	NA	NA	NA	NA	NA	NA	NA	NA	NA	NA	NA	NA	NA	NA	NA	NA	NA	NA	NA	NA	NA	NA	NA	NA	NA	NA	NA	NA	NA	NA	NA	NA	NA	NA	NA	NA	NA	NA	NA	NA	NA	NA	NA	NA	NA	NA	NA
cg11427900	NA	NA	NA	NA	NA	NA	NA	NA	NA	NA	NA	NA	NA	NA	NA	NA	NA	NA	NA	NA	NA	NA	NA	NA	NA	NA	NA	NA	NA	NA	NA	NA	NA	NA	NA	NA	NA	NA	NA	NA	NA	NA	NA	NA	NA	NA	NA	NA	NA	NA	NA	NA	NA	NA	NA	NA	NA	NA	NA	NA	NA	NA	NA	NA	NA	NA
cg11429177	NA	NA	NA	NA	NA	NA	NA	NA	NA	NA	NA	NA	NA	NA	NA	NA	NA	NA	NA	NA	NA	NA	NA	NA	NA	NA	NA	NA	NA	NA	NA	NA	NA	NA	NA	NA	NA	NA	NA	NA	NA	NA	NA	NA	NA	NA	NA	NA	NA	NA	NA	NA	NA	NA	NA	NA	NA	NA	NA	NA	NA	NA	NA	NA	NA	NA
cg11445797	0.943201416630724	0.937915761525467	0.930477084504876	0.923268449497257	0.938819956879104	0.935406309809346	0.951412558307319	0.427178984774889	0.892088405150573	0.90727805332576	0.92924861047554	0.9450483346167	0.905622633459964	0.907401152789646	0.93713020429503	0.931982205496134	0.930106532855767	0.950767007160716	0.924985721831386	0.942361592766613	0.939893199243933	0.912898939995012	0.91937064665658	0.916076171259844	0.936958225027069	0.947717148946808	0.934289927466075	0.939326643969035	0.948316384810641	0.944475242398863	0.927662452321537	0.941183784924313	0.943161029263318	0.950309916551379	0.947455273907468	0.933473767232183	0.940112889253578	0.931670923863748	0.37727065675686	0.938865179187521	0.937653958953022	0.947471847341895	0.920175124168002	0.925735188253334	0.913975606984486	0.962599900708791	0.931220672227519	0.954049737342214	0.929311768317586	0.928477123008846	0.933914136326649	0.933907965511312	0.927661903214618	0.925570678141821	0.946414613057865	0.951588565189792	0.948152200189911	0.917098004156803	0.938165196540646	0.946174079532583	0.933838511339493	0.94182600558544	0.919440680725712	0.913945022233144	0.932585898560877	0.897777545103092
cg11451315	0.96186012446812	0.951876559671474	0.951456092202789	0.952862455791033	0.346971195214566	0.832514804952387	0.966613342538081	0.947078003503004	0.93073899274698	0.954583938335979	0.908201718624702	0.94133361153488	0.957980364669255	0.952268715165657	0.945875478425522	0.94139088731143	0.43530981326984	0.919450875482474	0.968413266739446	0.832408473972363	0.913557195323886	0.450229762860012	0.557527559882021	0.431814809442226	0.963507363980799	0.936785699036939	0.941919796861046	0.939129371847617	0.973559961784624	0.95343485759244	0.349719652200922	0.958159592620302	0.964232681438444	0.948743711171641	0.93928123892123	0.962799349923687	0.851784845426195	0.958607752266707	0.934611295636234	0.957874053229379	0.38044201246823	0.956949420594786	0.425649016042664	0.950459614328773	0.956079460852653	0.964876457572652	0.90841702024016	0.959173255085001	0.962422472873839	0.959653093118048	0.9586808945625	0.951824201784322	0.939042835573216	0.408764978770392	0.967694872462683	0.951279444315182	0.9551884913103	0.950456759030527	0.952236944313122	0.85916497421703	0.460023610306821	0.974560944315747	0.964319473680272	0.948925624171125	0.922657654534085	0.926937517326732
cg11521212	0.634696616256811	0.883589763162206	0.171925169261071	0.569778658713142	0.925569169703701	0.834052325589358	0.939745738573961	0.947284900703794	0.868813177553412	NA	0.636950881329673	0.730173242251801	NA	0.606756839637077	0.662835164430902	0.916692550437367	0.859757410719437	0.829459961178242	0.924474683806623	NA	0.550967911422463	0.847572774110362	0.225962574679375	0.752177615971374	0.939597188314706	0.943293535180498	0.874403513147329	0.804443825669917	0.870982467212264	0.942468443047333	0.651056627734534	0.589542017320378	0.670297892607648	0.621669141231429	0.715241190939888	0.92853454275121	0.369828770237393	0.918350102928208	0.842102153776547	0.948678300019818	0.937761283034127	0.944887454820673	0.267012109620112	0.881622412475177	0.916196190305553	0.674947018763662	0.910738317983074	0.937486383568535	0.923488084432942	0.680017635425362	0.898678606242914	0.845533924079001	0.674752340470942	0.901302077684816	0.704966408082032	0.933466961912379	0.930065395485435	0.566787326864019	0.891980034778861	0.297680757037605	0.597025771257842	0.654595843965764	0.913619766488665	0.910230227979514	0.650286657828263	0.750063208911362
cg11546131	0.908586445934336	0.769304410085199	0.944983607750287	0.945366864673305	0.942360051777943	0.946597963951936	0.943544252891547	0.930275636537031	0.646226452744879	0.943527043520548	0.920351747191648	0.925971215717975	0.936416359867707	0.92287794496999	0.953237654230055	0.939595020207188	0.913455204027621	0.579629569716777	0.953536395493511	0.89308172438025	0.947760471299331	0.913513808177127	0.903030700201371	0.906668660798371	0.944476184499941	0.947057717426912	0.966554919666165	0.932805906862036	0.930539735418475	0.93713704456393	0.352177963553697	0.944658309971862	0.939293602532333	0.939344193529601	0.922609861101432	0.96011014387247	0.865939746971025	0.949565019966209	0.60477637721961	0.378369830745459	0.93975651663797	0.936600218416702	0.864757765331919	0.942789887586271	0.952728564676648	0.808803149162012	0.932105428818671	0.929239598655903	0.935319832679654	0.916354394184711	0.880002776995812	0.958857685340465	0.129456808002707	0.303584551792069	0.907431601487148	0.950598921784249	0.918016504121233	0.951023521646298	0.924831236855253	0.949994366878082	0.896673854890628	0.954777256199753	0.957973911302498	0.930084053371115	0.9171224574153	0.921762977569972
cg11549871	NA	NA	NA	NA	NA	NA	NA	NA	NA	NA	NA	NA	NA	NA	NA	NA	NA	NA	NA	NA	NA	NA	NA	NA	NA	NA	NA	NA	NA	NA	NA	NA	NA	NA	NA	NA	NA	NA	NA	NA	NA	NA	NA	NA	NA	NA	NA	NA	NA	NA	NA	NA	NA	NA	NA	NA	NA	NA	NA	NA	NA	NA	NA	NA	NA	NA
cg11648402	NA	NA	NA	NA	NA	NA	NA	NA	NA	NA	NA	NA	NA	NA	NA	NA	NA	NA	NA	NA	NA	NA	NA	NA	NA	NA	NA	NA	NA	NA	NA	NA	NA	NA	NA	NA	NA	NA	NA	NA	NA	NA	NA	NA	NA	NA	NA	NA	NA	NA	NA	NA	NA	NA	NA	NA	NA	NA	NA	NA	NA	NA	NA	NA	NA	NA
cg11686069	NA	NA	NA	NA	NA	NA	NA	NA	NA	NA	NA	NA	NA	NA	NA	NA	NA	NA	NA	NA	NA	NA	NA	NA	NA	NA	NA	NA	NA	NA	NA	NA	NA	NA	NA	NA	NA	NA	NA	NA	NA	NA	NA	NA	NA	NA	NA	NA	NA	NA	NA	NA	NA	NA	NA	NA	NA	NA	NA	NA	NA	NA	NA	NA	NA	NA
cg11688553	0.317310586833982	0.528824242633156	0.943913493538183	0.868011266288338	0.96037649506212	0.847122667282705	0.94378949577138	0.809120551437168	0.917905219046165	0.928732998571463	0.188275890401502	0.891874241818849	0.837729259152568	0.94802796849638	0.786743360563928	0.934873841220877	0.428298421084693	0.726723200275307	0.948149940277044	0.930303049862555	0.304673548975242	0.960420476772708	0.469851548626315	0.882223132729609	0.428134813634904	0.87081558198685	0.685866583558284	0.757412850423099	0.923655022282234	0.949881557931057	0.936010630022364	0.909034340572291	0.945609376918054	0.892962522653054	0.844851216305508	0.940877061587162	0.662281716415366	0.944352459202364	0.524051916883207	0.858632012503741	0.934558657017521	0.939794299002186	0.638022863026236	0.878724462509403	0.967688915060692	0.22950781400904	0.865758103033265	0.961597792038139	0.955035525628137	0.931734186886552	0.906163637825932	0.501822609953172	0.873159179900208	0.909524324514285	0.390549143225013	0.939100006890259	0.509726040984604	0.226273793063135	0.904488050497473	0.815257717758347	0.957968584261192	0.947453181113309	0.943079485161834	0.338534220038122	0.882843267914552	0.523325271846292
cg11722990	NA	NA	NA	NA	NA	NA	NA	NA	NA	NA	NA	NA	NA	NA	NA	NA	NA	NA	NA	NA	NA	NA	NA	NA	NA	NA	NA	NA	NA	NA	NA	NA	NA	NA	NA	NA	NA	NA	NA	NA	NA	NA	NA	NA	NA	NA	NA	NA	NA	NA	NA	NA	NA	NA	NA	NA	NA	NA	NA	NA	NA	NA	NA	NA	NA	NA
cg11753004	NA	NA	NA	NA	NA	NA	NA	NA	NA	NA	NA	NA	NA	NA	NA	NA	NA	NA	NA	NA	NA	NA	NA	NA	NA	NA	NA	NA	NA	NA	NA	NA	NA	NA	NA	NA	NA	NA	NA	NA	NA	NA	NA	NA	NA	NA	NA	NA	NA	NA	NA	NA	NA	NA	NA	NA	NA	NA	NA	NA	NA	NA	NA	NA	NA	NA
cg11796578	0.882955329037425	0.940139332048839	0.942606059465135	0.188503684579582	0.93936789005493	0.933259791436122	0.941097014933913	0.949586708873313	0.894717057585654	0.941519410621402	0.925287682370123	0.944205446342417	0.937630051836334	0.931964243185546	0.939632495049515	0.954089062259755	0.933493157816251	0.910645271345119	0.950825719543229	0.943175777542904	0.921144312222187	0.939324327062932	0.379662220099932	0.904973644735435	0.940042452371103	0.936339030862548	0.932250613346512	0.930651243249984	0.936984299916332	0.933736630784363	0.935268122343152	0.94723014065284	0.939762434040525	0.924567453768752	0.944639388286777	0.935228326635806	0.823609702708028	0.956821840938839	0.79946471519735	0.915411995209778	0.953577243747433	0.94414969908957	0.5794395297855	0.919994898609983	0.94222370699717	0.950906070396689	0.935742594050359	0.953458099510399	0.93933465320189	0.9168377089381	0.946048090333598	0.922948878163809	0.116396108432382	0.940421583812033	0.929770220544292	0.93970024367773	0.943123624440659	0.918532331550791	0.924107927183098	0.882611008657541	0.934603775099691	0.944332984222121	0.9502070609659	0.925954593903594	0.93696398036789	0.388773606714565
cg11806813	NA	NA	NA	NA	NA	NA	NA	NA	NA	NA	NA	NA	NA	NA	NA	NA	NA	NA	NA	NA	NA	NA	NA	NA	NA	NA	NA	NA	NA	NA	NA	NA	NA	NA	NA	NA	NA	NA	NA	NA	NA	NA	NA	NA	NA	NA	NA	NA	NA	NA	NA	NA	NA	NA	NA	NA	NA	NA	NA	NA	NA	NA	NA	NA	NA	NA
cg11816434	0.84521427964349	0.79513380751343	0.887391873851998	0.857517298504622	0.57697418116749	0.881600721334471	0.899706991601992	0.881769230240483	0.848583528046707	0.909819356329043	0.897898991391788	0.833559508160656	0.804112139718941	0.56423055743519	0.285542775531864	0.545552787155142	0.856344433197211	0.865770993414621	0.885623753963302	0.873152751514036	0.559635212660917	0.902647320327092	0.481167309729824	0.628259565610268	0.590801658162497	0.284340114963285	0.807384301425962	0.859904301001061	0.928039829231956	0.861695704306086	0.869098673671067	0.673359697680201	0.875895386399773	0.848901214937026	0.856574706910405	0.894768461461981	0.552402968537219	0.62852923650084	0.701547490788098	0.614122137290777	0.881597415061367	0.852775206309248	0.409475061543344	0.860715501015023	0.610323187789376	0.568486274186852	0.900658790632276	0.911365611377248	0.889431021213808	0.626271352415235	0.820258597181746	0.657166284355409	0.865172025599755	0.529939709275521	0.919641406255502	0.898672354535689	0.865102399632694	0.895389250805446	0.305018504145972	0.710462756913758	0.70435872271761	0.638333887805128	0.894378197068368	0.706596592093277	0.804343852814606	0.862956094082542
cg11827743	0.976697038829234	0.962398339162011	0.963048215079356	0.97050986936306	0.963677900687963	0.962906946363558	0.972656240463471	0.97513379677021	0.969159799353948	0.968532632073609	0.976109287606432	0.97491365515714	0.969914867188787	0.972993415054685	0.973819832129147	0.97387889618344	0.969189912975734	0.97215976766948	0.974024522221243	0.974134185725451	0.971798571875637	0.973425247501503	0.939591343082127	0.955606294800052	0.972939481277115	0.961877931717593	0.971776996131843	0.974467830890805	0.977492894258758	0.963462535099032	0.968853610653714	0.963754173081666	0.976879310192841	0.975703314559928	0.973601186994618	0.978233384487442	0.970776360555057	0.974849224753855	0.666419411179881	0.964095557668846	0.979622706601339	0.974594600503867	0.845250537134243	0.970889755017692	0.975205171652445	0.972826363592553	0.976001883236947	0.976934761012248	0.974334059729276	0.974131141593849	0.97080556951049	0.964670585250815	0.974661987641933	0.971906884724308	0.975156440790587	0.978107749286164	0.975315284290679	0.974557612171032	0.978238709920696	0.967917943200258	0.97875575707659	0.976623587644137	0.9752795548157	0.688380064632113	0.96919778237396	0.967834254133155
cg11846226	NA	NA	NA	NA	NA	NA	NA	NA	NA	NA	NA	NA	NA	NA	NA	NA	NA	NA	NA	NA	NA	NA	NA	NA	NA	NA	NA	NA	NA	NA	NA	NA	NA	NA	NA	NA	NA	NA	NA	NA	NA	NA	NA	NA	NA	NA	NA	NA	NA	NA	NA	NA	NA	NA	NA	NA	NA	NA	NA	NA	NA	NA	NA	NA	NA	NA
cg11930700	NA	NA	NA	NA	NA	NA	NA	NA	NA	NA	NA	NA	NA	NA	NA	NA	NA	NA	NA	NA	NA	NA	NA	NA	NA	NA	NA	NA	NA	NA	NA	NA	NA	NA	NA	NA	NA	NA	NA	NA	NA	NA	NA	NA	NA	NA	NA	NA	NA	NA	NA	NA	NA	NA	NA	NA	NA	NA	NA	NA	NA	NA	NA	NA	NA	NA
cg11968166	NA	NA	NA	NA	NA	NA	NA	NA	NA	NA	NA	NA	NA	NA	NA	NA	NA	NA	NA	NA	NA	NA	NA	NA	NA	NA	NA	NA	NA	NA	NA	NA	NA	NA	NA	NA	NA	NA	NA	NA	NA	NA	NA	NA	NA	NA	NA	NA	NA	NA	NA	NA	NA	NA	NA	NA	NA	NA	NA	NA	NA	NA	NA	NA	NA	NA
cg12049322	NA	NA	NA	NA	NA	NA	NA	NA	NA	NA	NA	NA	NA	NA	NA	NA	NA	NA	NA	NA	NA	NA	NA	NA	NA	NA	NA	NA	NA	NA	NA	NA	NA	NA	NA	NA	NA	NA	NA	NA	NA	NA	NA	NA	NA	NA	NA	NA	NA	NA	NA	NA	NA	NA	NA	NA	NA	NA	NA	NA	NA	NA	NA	NA	NA	NA
cg12101572	NA	NA	NA	NA	NA	NA	NA	NA	NA	NA	NA	NA	NA	NA	NA	NA	NA	NA	NA	NA	NA	NA	NA	NA	NA	NA	NA	NA	NA	NA	NA	NA	NA	NA	NA	NA	NA	NA	NA	NA	NA	NA	NA	NA	NA	NA	NA	NA	NA	NA	NA	NA	NA	NA	NA	NA	NA	NA	NA	NA	NA	NA	NA	NA	NA	NA
cg12103802	NA	NA	NA	NA	NA	NA	NA	NA	NA	NA	NA	NA	NA	NA	NA	NA	NA	NA	NA	NA	NA	NA	NA	NA	NA	NA	NA	NA	NA	NA	NA	NA	NA	NA	NA	NA	NA	NA	NA	NA	NA	NA	NA	NA	NA	NA	NA	NA	NA	NA	NA	NA	NA	NA	NA	NA	NA	NA	NA	NA	NA	NA	NA	NA	NA	NA
cg12113981	0.814563648776383	0.760966106606577	0.885921351637095	0.0974011550257062	0.866743148932354	0.921061080499262	0.681423593857885	0.916152233296582	0.907536140090593	0.940836848637406	0.802406086854699	0.771559408708501	0.92045084414924	0.281096906020605	0.468827667760387	0.901905775706942	0.92169030015671	0.71153676336689	0.947338466575483	0.48776828270916	0.554408768384024	0.91784534368695	0.214724583457593	0.831643711863955	0.898077251273159	0.917004295999564	0.907798357430612	0.900819726446545	0.896833312789025	0.939854944426689	0.885398856812076	0.680675392744084	0.105936460888326	0.903694785357787	0.896058928465144	0.948620160757237	0.596361702982197	0.273619899919047	0.357202090170886	0.890239176986475	0.908291548947258	0.907852278191586	0.160702505692651	0.888235992681033	0.93598375630348	0.085625400191553	0.688893999773458	0.932190521380903	0.516214564831407	0.874397462731799	0.864881007736069	0.907694008721247	0.644965397040528	0.933402162080283	0.582494259190799	0.933964494777932	0.923192710438742	0.905747474548121	0.951225032930602	0.632021246649842	0.50988295285477	0.933767251857714	0.927730254912049	0.535698143981959	0.813648471931447	0.67655249577376
cg12135953	0.854161340542299	0.942828034661861	0.921423575772853	0.909820189638407	0.901590989244977	0.645016783437336	0.941898364634238	0.897784728968869	0.930190013475862	0.824347878792864	0.928625394565467	0.922818997214113	0.95024137317657	0.918125055564585	0.595701101857251	0.910000383490501	0.943337218733208	0.926358554763722	0.667713576705128	0.926343204234757	0.859469956468663	0.937780235661415	0.573375466296016	0.92312669703908	0.943702272072774	0.915210553192232	0.947132930582316	0.920947855058789	0.931395463047688	0.91489695862149	0.938532894586396	0.93256400119134	0.940056138825644	0.922434338421975	0.914594954395892	0.937897546091083	0.612976318419505	0.909417695559917	0.810576136200799	0.918680517407185	0.936147247654238	0.904239271541547	0.247663757276683	0.904529743242575	0.905729651094871	0.928400924485694	0.878492786572568	0.938640081854163	0.890567722215264	0.937995407703631	0.933640306544009	0.958787908865449	0.889974177263606	0.930130703763191	0.683130556365254	0.934831556736896	0.953801734611556	0.931537846389355	0.956081568185088	0.839204705802912	0.652672014565357	0.918409057712696	0.926831851146228	0.885143241695549	0.841219792493728	0.874345057146526
cg12159166	0.916831961032546	0.944235679027345	0.950527415079738	0.940645800616116	0.931210228729589	0.925770628269039	0.964811907027913	0.937179975108095	0.927734302306147	0.958718790816477	0.963806903668011	0.947565870599535	0.907300678003853	0.932144928104323	0.944510316779188	0.906235929300552	0.902594106619735	0.926353862409519	0.946882309699201	0.922551474323918	0.929154382511001	0.929446774813083	0.846427397976695	0.926347964225245	0.901723925385389	0.949281169375839	0.94483380089288	0.931318285393437	0.947231258367543	0.937849022514515	0.94215202923949	0.948422441231511	0.93339410548349	0.921075014110112	0.944788613263627	0.958769996651978	0.91873462719892	0.917016308106452	0.909313214435152	0.914237052653629	0.933309413933537	0.9347253720005	0.877003276026596	0.95133947950873	0.934864080851907	0.946626490556305	0.953071283902646	0.932969295895609	0.940652400555896	0.928230022695901	0.894608524560348	0.950109931357934	0.951136712033245	0.945290497544696	0.963851322229044	0.964609553956846	0.946857939360424	0.948741497955159	0.941890687413685	0.908558444872155	0.951822518882051	0.960648463373203	0.930449631863733	0.9235874881352	0.879290539994477	0.940465340871635
cg12190125	NA	NA	NA	NA	NA	NA	NA	NA	NA	NA	NA	NA	NA	NA	NA	NA	NA	NA	NA	NA	NA	NA	NA	NA	NA	NA	NA	NA	NA	NA	NA	NA	NA	NA	NA	NA	NA	NA	NA	NA	NA	NA	NA	NA	NA	NA	NA	NA	NA	NA	NA	NA	NA	NA	NA	NA	NA	NA	NA	NA	NA	NA	NA	NA	NA	NA
cg12205645	NA	NA	NA	NA	NA	NA	NA	NA	NA	NA	NA	NA	NA	NA	NA	NA	NA	NA	NA	NA	NA	NA	NA	NA	NA	NA	NA	NA	NA	NA	NA	NA	NA	NA	NA	NA	NA	NA	NA	NA	NA	NA	NA	NA	NA	NA	NA	NA	NA	NA	NA	NA	NA	NA	NA	NA	NA	NA	NA	NA	NA	NA	NA	NA	NA	NA
cg12221729	NA	NA	NA	NA	NA	NA	NA	NA	NA	NA	NA	NA	NA	NA	NA	NA	NA	NA	NA	NA	NA	NA	NA	NA	NA	NA	NA	NA	NA	NA	NA	NA	NA	NA	NA	NA	NA	NA	NA	NA	NA	NA	NA	NA	NA	NA	NA	NA	NA	NA	NA	NA	NA	NA	NA	NA	NA	NA	NA	NA	NA	NA	NA	NA	NA	NA
cg12224855	NA	NA	NA	NA	NA	NA	NA	NA	NA	NA	NA	NA	NA	NA	NA	NA	NA	NA	NA	NA	NA	NA	NA	NA	NA	NA	NA	NA	NA	NA	NA	NA	NA	NA	NA	NA	NA	NA	NA	NA	NA	NA	NA	NA	NA	NA	NA	NA	NA	NA	NA	NA	NA	NA	NA	NA	NA	NA	NA	NA	NA	NA	NA	NA	NA	NA
cg12248480	NA	NA	NA	NA	NA	NA	NA	NA	NA	NA	NA	NA	NA	NA	NA	NA	NA	NA	NA	NA	NA	NA	NA	NA	NA	NA	NA	NA	NA	NA	NA	NA	NA	NA	NA	NA	NA	NA	NA	NA	NA	NA	NA	NA	NA	NA	NA	NA	NA	NA	NA	NA	NA	NA	NA	NA	NA	NA	NA	NA	NA	NA	NA	NA	NA	NA
cg12252868	NA	NA	NA	NA	NA	NA	NA	NA	NA	NA	NA	NA	NA	NA	NA	NA	NA	NA	NA	NA	NA	NA	NA	NA	NA	NA	NA	NA	NA	NA	NA	NA	NA	NA	NA	NA	NA	NA	NA	NA	NA	NA	NA	NA	NA	NA	NA	NA	NA	NA	NA	NA	NA	NA	NA	NA	NA	NA	NA	NA	NA	NA	NA	NA	NA	NA
cg12284736	NA	NA	NA	NA	NA	NA	NA	NA	NA	NA	NA	NA	NA	NA	NA	NA	NA	NA	NA	NA	NA	NA	NA	NA	NA	NA	NA	NA	NA	NA	NA	NA	NA	NA	NA	NA	NA	NA	NA	NA	NA	NA	NA	NA	NA	NA	NA	NA	NA	NA	NA	NA	NA	NA	NA	NA	NA	NA	NA	NA	NA	NA	NA	NA	NA	NA
cg12286403	NA	NA	NA	NA	NA	NA	NA	NA	NA	NA	NA	NA	NA	NA	NA	NA	NA	NA	NA	NA	NA	NA	NA	NA	NA	NA	NA	NA	NA	NA	NA	NA	NA	NA	NA	NA	NA	NA	NA	NA	NA	NA	NA	NA	NA	NA	NA	NA	NA	NA	NA	NA	NA	NA	NA	NA	NA	NA	NA	NA	NA	NA	NA	NA	NA	NA
cg12298312	NA	NA	NA	NA	NA	NA	NA	NA	NA	NA	NA	NA	NA	NA	NA	NA	NA	NA	NA	NA	NA	NA	NA	NA	NA	NA	NA	NA	NA	NA	NA	NA	NA	NA	NA	NA	NA	NA	NA	NA	NA	NA	NA	NA	NA	NA	NA	NA	NA	NA	NA	NA	NA	NA	NA	NA	NA	NA	NA	NA	NA	NA	NA	NA	NA	NA
cg12315011	NA	NA	NA	NA	NA	NA	NA	NA	NA	NA	NA	NA	NA	NA	NA	NA	NA	NA	NA	NA	NA	NA	NA	NA	NA	NA	NA	NA	NA	NA	NA	NA	NA	NA	NA	NA	NA	NA	NA	NA	NA	NA	NA	NA	NA	NA	NA	NA	NA	NA	NA	NA	NA	NA	NA	NA	NA	NA	NA	NA	NA	NA	NA	NA	NA	NA
cg12321355	0.915269970161104	0.924982564122174	0.912973410204295	0.886137412040607	0.920603076577758	0.907619992276646	0.912024983709978	0.878401988074342	0.894653758604725	0.932497944005862	0.923970781556868	0.919594552775077	0.917648927193532	0.889515241359204	0.888735819651182	0.885191053129539	0.886222588516683	0.90208201887196	0.887786274011938	0.900463696643215	0.898038096738759	0.908262257083058	0.915450443534321	0.894661903012527	0.885843435176714	0.897796655510468	0.899329997656572	0.886576139882188	0.920143787103177	0.878101709620664	0.870444609083472	0.651323303560499	0.904889884404257	0.855037767562028	0.917077585209565	0.911767615721312	0.917343987124028	0.911277334097955	0.850096590087021	0.907003011731763	0.879121405894488	0.883215352235044	0.896389059864173	0.906693673859869	0.873432707853456	0.89965649788618	0.903585502068174	0.88787697505561	0.8817606057446	0.914235298419131	0.887882596910894	0.90584240601982	0.892630254971701	0.89700629278421	0.927527443696006	0.903287733754266	0.913007728688933	0.886617177630191	0.909356185138503	0.855967002190921	0.899701508102191	0.897807015435955	0.902054571102267	0.883520031943313	0.881236604107757	0.863945876235554
cg12336935	NA	NA	NA	NA	NA	NA	NA	NA	NA	NA	NA	NA	NA	NA	NA	NA	NA	NA	NA	NA	NA	NA	NA	NA	NA	NA	NA	NA	NA	NA	NA	NA	NA	NA	NA	NA	NA	NA	NA	NA	NA	NA	NA	NA	NA	NA	NA	NA	NA	NA	NA	NA	NA	NA	NA	NA	NA	NA	NA	NA	NA	NA	NA	NA	NA	NA
cg12340381	NA	NA	NA	NA	NA	NA	NA	NA	NA	NA	NA	NA	NA	NA	NA	NA	NA	NA	NA	NA	NA	NA	NA	NA	NA	NA	NA	NA	NA	NA	NA	NA	NA	NA	NA	NA	NA	NA	NA	NA	NA	NA	NA	NA	NA	NA	NA	NA	NA	NA	NA	NA	NA	NA	NA	NA	NA	NA	NA	NA	NA	NA	NA	NA	NA	NA
cg12401953	0.890906302937436	0.909035532396725	0.935593285980354	0.43391216044143	0.927610200533022	0.932162054465339	0.922096785997137	0.798294386984556	0.897322665200031	0.928007982026945	0.932336839708728	0.807047859472008	0.91721487462394	0.881152252058345	0.111161338285098	0.91134326773769	0.646021141688918	0.839373833887921	0.932768990432964	0.909905213430232	0.797717373313359	0.921115292909936	0.540540334480004	0.913395958313753	0.708911428357834	0.945363716588363	0.911310002971709	0.928055174909047	0.937081966373773	0.927551234163926	0.948230673843122	0.870561637261479	0.889244874239984	0.861377207580497	0.9502633771685	0.966635787147571	0.78612089156042	0.728230206144964	0.471512717060664	0.89223839341108	0.927823613650464	0.872776414012408	0.436282962379777	0.897663355479828	0.910313749433239	0.941891348407364	0.900234304133378	0.929744387593489	0.658106772270112	0.918571490071937	0.927320096186194	0.917373117059374	0.939838677164832	0.939673285921001	0.883488305596369	0.947950214539027	0.928842788835026	0.911694863633914	0.906805572507879	0.863561949747087	0.630031109628661	0.933898664951923	0.947247745527198	0.915729573645722	0.86596202015775	0.922587181274025
cg12419663	NA	NA	NA	NA	NA	NA	NA	NA	NA	NA	NA	NA	NA	NA	NA	NA	NA	NA	NA	NA	NA	NA	NA	NA	NA	NA	NA	NA	NA	NA	NA	NA	NA	NA	NA	NA	NA	NA	NA	NA	NA	NA	NA	NA	NA	NA	NA	NA	NA	NA	NA	NA	NA	NA	NA	NA	NA	NA	NA	NA	NA	NA	NA	NA	NA	NA
cg12470218	0.35066831302998	0.329430808487216	0.895040914957963	NA	NA	0.7033339189184	0.292282946815644	0.921700982744091	NA	0.895711355695355	0.906903557844104	0.440060654175681	NA	0.823354823537716	0.785025427619625	NA	NA	0.9414718557713	NA	0.931412552387455	NA	0.886763822849894	0.341445202094236	NA	NA	0.179959916575316	0.839596417493638	0.495783901527421	NA	NA	0.896013237325373	0.24534412871591	NA	0.901965268574786	0.705448109910892	0.318490808552252	0.804457366418679	0.881149739365113	0.924946372178269	0.929947746976085	0.284783630692024	0.943766130879427	NA	NA	NA	0.737707787900144	NA	NA	0.322228507778867	NA	0.737972173795074	NA	NA	NA	0.505589198112852	0.822843368832185	NA	NA	NA	0.602522012934946	0.892798514280883	NA	NA	0.866188658436758	0.828064230512247	NA
cg12475092	NA	NA	NA	NA	NA	NA	NA	NA	NA	NA	NA	NA	NA	NA	NA	NA	NA	NA	NA	NA	NA	NA	NA	NA	NA	NA	NA	NA	NA	NA	NA	NA	NA	NA	NA	NA	NA	NA	NA	NA	NA	NA	NA	NA	NA	NA	NA	NA	NA	NA	NA	NA	NA	NA	NA	NA	NA	NA	NA	NA	NA	NA	NA	NA	NA	NA
cg12501523	NA	NA	NA	NA	NA	NA	NA	NA	NA	NA	NA	NA	NA	NA	NA	NA	NA	NA	NA	NA	NA	NA	NA	NA	NA	NA	NA	NA	NA	NA	NA	NA	NA	NA	NA	NA	NA	NA	NA	NA	NA	NA	NA	NA	NA	NA	NA	NA	NA	NA	NA	NA	NA	NA	NA	NA	NA	NA	NA	NA	NA	NA	NA	NA	NA	NA
cg12514654	NA	NA	NA	NA	NA	NA	NA	NA	NA	NA	NA	NA	NA	NA	NA	NA	NA	NA	NA	NA	NA	NA	NA	NA	NA	NA	NA	NA	NA	NA	NA	NA	NA	NA	NA	NA	NA	NA	NA	NA	NA	NA	NA	NA	NA	NA	NA	NA	NA	NA	NA	NA	NA	NA	NA	NA	NA	NA	NA	NA	NA	NA	NA	NA	NA	NA
cg12525774	NA	NA	NA	NA	NA	NA	NA	NA	NA	NA	NA	NA	NA	NA	NA	NA	NA	NA	NA	NA	NA	NA	NA	NA	NA	NA	NA	NA	NA	NA	NA	NA	NA	NA	NA	NA	NA	NA	NA	NA	NA	NA	NA	NA	NA	NA	NA	NA	NA	NA	NA	NA	NA	NA	NA	NA	NA	NA	NA	NA	NA	NA	NA	NA	NA	NA
cg12566078	0.364601375580096	0.942860950231526	0.944912265354003	0.1575632196837	0.949375081683776	0.944189749653072	0.947856963631639	0.236235486665015	0.936323513447935	0.909722196617819	0.153064079209831	0.90253281923765	0.931757397392977	0.830873364613866	0.957324235303703	0.933201959211196	0.460881171499025	0.337649626702923	0.780032823487428	0.891993255116573	0.944540644848795	0.931127620598372	0.595955266629887	0.927656989254175	0.472698224853492	0.665670220511538	0.606586658253133	0.944145078502177	0.64254082645259	0.93685364899133	0.919174215713431	0.913473007599754	0.106371820796153	0.90988155192893	0.376691774648347	0.218505747283034	0.444544719905255	0.935131734050074	0.550688392932402	0.920818194137097	0.938831956560735	0.93546692553554	0.458393197876295	0.60411595173635	0.918279612928574	0.204601474775037	0.93091511508382	0.947929066038337	0.913186873044151	0.950584760148767	0.832473217659639	0.54573296203757	0.956656478634974	0.93517638116778	0.411736697101034	0.934003185834858	0.668679121888145	0.943235778418084	0.95589429987123	0.50108289075562	0.93810132751531	0.958256334816734	0.94732007133596	0.957458152092873	0.654109807681454	0.924576550188682
cg12578116	NA	NA	NA	NA	NA	NA	NA	NA	NA	NA	NA	NA	NA	NA	NA	NA	NA	NA	NA	NA	NA	NA	NA	NA	NA	NA	NA	NA	NA	NA	NA	NA	NA	NA	NA	NA	NA	NA	NA	NA	NA	NA	NA	NA	NA	NA	NA	NA	NA	NA	NA	NA	NA	NA	NA	NA	NA	NA	NA	NA	NA	NA	NA	NA	NA	NA
cg12647952	0.269052062293797	0.521654647140841	0.930521777432829	0.129391263961013	0.956902851764056	0.301068659791208	0.686069682349347	0.914341667074733	0.86746798429534	0.608023364779762	0.940974009495016	0.322273461433133	0.467392700363675	0.522461771089452	0.0995840282691259	0.440533580137615	0.481124785320784	0.724667742294157	0.450670402209201	0.920846199250707	0.13356181014859	0.884384800389647	0.363591899092665	0.92701316247114	0.600567652772779	0.110535270862534	0.936539409090263	0.937593445859732	0.806419967725531	0.737123077635812	0.200016233823283	0.684395220455845	0.166236590263348	0.764415675858129	0.579404901899105	0.840243313995051	0.2969002537815	0.738079804648166	0.926604180893206	0.621126818722075	0.186116721646587	0.660394380868604	0.304794402691639	0.657748443617069	0.269625546523725	0.111859165282852	0.155773015071847	0.896135191361846	0.456205782741131	0.909571891294744	0.64320033980731	0.814493231045059	0.0774387685097485	0.174219804059063	0.808530787911221	0.945449057967834	0.764374088804722	0.871591302163056	0.361534386867479	0.52056538885972	0.92978259160633	0.242882614159869	0.904418232804193	0.92161745495341	0.757888473921483	0.248011429826587
cg12678329	NA	NA	NA	NA	NA	NA	NA	NA	NA	NA	NA	NA	NA	NA	NA	NA	NA	NA	NA	NA	NA	NA	NA	NA	NA	NA	NA	NA	NA	NA	NA	NA	NA	NA	NA	NA	NA	NA	NA	NA	NA	NA	NA	NA	NA	NA	NA	NA	NA	NA	NA	NA	NA	NA	NA	NA	NA	NA	NA	NA	NA	NA	NA	NA	NA	NA
cg12705541	0.847388289450549	0.909941937801195	0.821110941900863	0.946133020616249	0.867495841715534	0.906076848757982	0.927151519989384	0.908585161711738	0.841450524142119	0.925182257821902	0.886491453561322	0.316546855748848	0.2846936462242	0.461888014736814	0.932427861510494	0.850300456292129	0.844342092001408	0.782505035204257	0.891716314230883	0.428149303711496	0.898355930208796	0.283534912058156	0.807719227098754	0.919065778639537	0.857421677332783	0.940378406394804	0.826973314796199	0.480906293868213	0.887335303535588	0.879253273732101	0.940955884495848	0.631163992915482	0.266403524569795	0.933769534038046	0.931974702296268	0.907200873872849	0.804851028508854	0.892746127887738	0.284284993330939	0.340428038586479	0.251389157617415	0.918781317939574	0.84471374853207	0.559511471413829	0.914648218107957	0.537851810585285	0.507464782202442	0.908025284467589	0.922747360386342	0.910850802200342	0.886323323416575	0.934018780971527	0.938631625418248	0.940133899268347	0.297254314369124	0.926996136693671	0.309342767499318	0.142173035496973	0.861227979991578	0.619934676610275	0.935069117606052	0.919815452603013	0.925773135240772	0.902006273534348	0.793530928938049	0.625079765527065
cg12728543	NA	NA	NA	NA	NA	NA	NA	NA	NA	NA	NA	NA	NA	NA	NA	NA	NA	NA	NA	NA	NA	NA	NA	NA	NA	NA	NA	NA	NA	NA	NA	NA	NA	NA	NA	NA	NA	NA	NA	NA	NA	NA	NA	NA	NA	NA	NA	NA	NA	NA	NA	NA	NA	NA	NA	NA	NA	NA	NA	NA	NA	NA	NA	NA	NA	NA
cg12752449	0.93397869407475	0.947828471962434	0.949937958680289	0.908147395598053	0.941249224675381	0.950516040839659	0.94842989691477	0.941074930996811	0.923137501100484	0.929277316580017	0.938547376888487	0.915945963952663	0.952146638747404	0.945597531737947	0.899463886014719	0.949314325523225	0.926153290374747	0.938566733052594	0.932049066312483	0.926406855772485	0.939053791986167	0.940657272696702	0.779603477750571	0.917980316918462	0.933065860729952	0.943347089564675	0.943296863630943	0.931881764459156	0.950914391734194	0.95981321553125	0.939431473250456	0.674812384453235	0.938746152844026	0.941979030289702	0.950877476210549	0.934493754661801	0.949848069353024	0.91849133890221	0.477265313969513	0.942258311506142	0.9474850685961	0.946840875937005	0.714432639315437	0.953186530167419	0.938070947185734	0.25205840523779	0.928063432318544	0.934012095512333	0.935477259977504	0.942289936734753	0.942356725409818	0.895592935031156	0.936886632141451	0.951286287241176	0.91563127741635	0.945380618336515	0.932123554630356	0.938728912976735	0.943473850705863	0.933653734711909	0.944142559097725	0.956758119333769	0.959108127718478	0.936826486828542	0.914691893047917	0.952340035514053
cg12757890	NA	NA	NA	NA	NA	NA	NA	NA	NA	NA	NA	NA	NA	NA	NA	NA	NA	NA	NA	NA	NA	NA	NA	NA	NA	NA	NA	NA	NA	NA	NA	NA	NA	NA	NA	NA	NA	NA	NA	NA	NA	NA	NA	NA	NA	NA	NA	NA	NA	NA	NA	NA	NA	NA	NA	NA	NA	NA	NA	NA	NA	NA	NA	NA	NA	NA
cg12765935	NA	NA	NA	NA	NA	NA	NA	NA	NA	NA	NA	NA	NA	NA	NA	NA	NA	NA	NA	NA	NA	NA	NA	NA	NA	NA	NA	NA	NA	NA	NA	NA	NA	NA	NA	NA	NA	NA	NA	NA	NA	NA	NA	NA	NA	NA	NA	NA	NA	NA	NA	NA	NA	NA	NA	NA	NA	NA	NA	NA	NA	NA	NA	NA	NA	NA
cg12774391	0.963892469197292	0.96149910794591	0.957802853469185	0.954944047572145	0.961464945197019	0.953992949685408	0.964228516092361	0.956328453658415	0.949728666444856	0.958169411455456	0.952914280781587	0.961758300062264	0.966616083441626	0.964625892926151	0.971364315567844	0.961904372680852	0.952272470324435	0.968155205807665	0.95716600215277	0.96053419366608	0.967361549237607	0.952317847551915	0.973664520548614	0.958393384263449	0.963093562808894	0.942643873976	0.953824682129292	0.959168533084686	0.940089664636645	0.964641958687491	0.946902184260314	0.961772413164114	0.955484587566162	0.963400206650957	0.968922826463276	0.964240880159654	0.967194667921042	0.961029199291981	0.96368472774026	0.97135860118378	0.964002253860975	0.965710589112211	0.952958795701205	0.957514309169982	0.966629886688125	0.963218461699313	0.956286751895626	0.971129956684952	0.953209028900628	0.969231827351836	0.951397249037657	0.957566945036391	0.95851859981302	0.960148799273449	0.962432738507986	0.707880134947136	0.948229983123635	0.965929760455874	0.961422703198015	0.968590749096118	0.924658570618556	0.970858046451316	0.954600391213069	0.963512531640769	0.869326132242395	0.762996246470451
cg12794109	NA	NA	NA	NA	NA	NA	NA	NA	NA	NA	NA	NA	NA	NA	NA	NA	NA	NA	NA	NA	NA	NA	NA	NA	NA	NA	NA	NA	NA	NA	NA	NA	NA	NA	NA	NA	NA	NA	NA	NA	NA	NA	NA	NA	NA	NA	NA	NA	NA	NA	NA	NA	NA	NA	NA	NA	NA	NA	NA	NA	NA	NA	NA	NA	NA	NA
cg12809883	NA	NA	NA	NA	NA	NA	NA	NA	NA	NA	NA	NA	NA	NA	NA	NA	NA	NA	NA	NA	NA	NA	NA	NA	NA	NA	NA	NA	NA	NA	NA	NA	NA	NA	NA	NA	NA	NA	NA	NA	NA	NA	NA	NA	NA	NA	NA	NA	NA	NA	NA	NA	NA	NA	NA	NA	NA	NA	NA	NA	NA	NA	NA	NA	NA	NA
cg12874388	NA	NA	NA	NA	NA	NA	NA	NA	NA	NA	NA	NA	NA	NA	NA	NA	NA	NA	NA	NA	NA	NA	NA	NA	NA	NA	NA	NA	NA	NA	NA	NA	NA	NA	NA	NA	NA	NA	NA	NA	NA	NA	NA	NA	NA	NA	NA	NA	NA	NA	NA	NA	NA	NA	NA	NA	NA	NA	NA	NA	NA	NA	NA	NA	NA	NA
cg12882999	NA	NA	NA	NA	NA	NA	NA	NA	NA	NA	NA	NA	NA	NA	NA	NA	NA	NA	NA	NA	NA	NA	NA	NA	NA	NA	NA	NA	NA	NA	NA	NA	NA	NA	NA	NA	NA	NA	NA	NA	NA	NA	NA	NA	NA	NA	NA	NA	NA	NA	NA	NA	NA	NA	NA	NA	NA	NA	NA	NA	NA	NA	NA	NA	NA	NA
cg12934659	0.543451878952527	0.29926353676996	0.615350167673505	0.893266965993968	0.389808668568597	0.71769790773479	0.593360450911723	0.52821901189384	0.538257197092701	0.531144562920957	0.460643332808121	0.644973501054849	0.780137212598604	0.366271730193903	0.406856463966993	0.813231408062672	0.774016847223865	0.310986150277935	0.784165598985506	0.695533222883045	0.503082242410577	0.561925054330044	0.429888911869423	0.719331458392842	0.447083177980582	0.846781785757137	0.545281365960285	0.775935001175282	0.462869025730377	0.827260401222094	0.350351994828113	0.37149962939997	0.366981759182958	0.805581242042128	0.327857107149579	0.527212283560675	0.659411560580889	0.270003050891254	0.755849931322905	0.365078802935517	0.386877573266105	0.816444647428742	0.331156240873269	0.531296433972248	0.824273897857751	0.655408952935136	0.43205943337622	0.803166926472636	0.338961103526405	0.455271083334078	0.495295738466824	0.465409226097625	0.484112824330996	0.372494414375779	0.741385287175506	0.877645818839469	0.605783940007457	0.223205149511573	0.86643261484689	0.692191347331534	0.551584594456946	0.234431791120025	0.359293744885271	0.402436269228963	0.55190963971235	0.366531532164778
cg12977946	NA	NA	NA	NA	NA	NA	NA	NA	NA	NA	NA	NA	NA	NA	NA	NA	NA	NA	NA	NA	NA	NA	NA	NA	NA	NA	NA	NA	NA	NA	NA	NA	NA	NA	NA	NA	NA	NA	NA	NA	NA	NA	NA	NA	NA	NA	NA	NA	NA	NA	NA	NA	NA	NA	NA	NA	NA	NA	NA	NA	NA	NA	NA	NA	NA	NA
cg12980798	NA	NA	NA	NA	NA	NA	NA	NA	NA	NA	NA	NA	NA	NA	NA	NA	NA	NA	NA	NA	NA	NA	NA	NA	NA	NA	NA	NA	NA	NA	NA	NA	NA	NA	NA	NA	NA	NA	NA	NA	NA	NA	NA	NA	NA	NA	NA	NA	NA	NA	NA	NA	NA	NA	NA	NA	NA	NA	NA	NA	NA	NA	NA	NA	NA	NA
cg12985923	0.967964529441237	0.961875646598754	0.96043917398276	0.927138081087051	0.957187875220738	0.968819110818587	0.969388759411176	0.969961317010207	0.959997475624861	0.968742504691257	0.944196522654182	0.97176062471284	0.951074531412785	0.971827025921498	0.941096154260504	0.615616087783689	0.963195161721576	0.938232586945541	0.961284052856033	0.967414232491269	0.954153188583646	0.961520576429566	0.794402694519328	0.947278367942037	0.952105740348592	0.950990231510249	0.95558093137755	0.961782135295357	0.95472444424606	0.952642490449949	0.95612687629715	0.958966313667548	0.965233293666817	0.957886636746372	0.955822762353634	0.961531172350265	0.969845377699507	0.960922746130443	0.549430869730098	0.948860589385535	0.946240659660654	0.975205185991978	0.790838109519266	0.957252119502698	0.951465782353909	0.970385254563701	0.970512155489297	0.965488591987655	0.959244369768865	0.966925018142192	0.954835028478965	0.970043717015353	0.570603408608426	0.959268875712077	0.962370069283471	0.961951149759019	0.956918843781063	0.951095366192618	0.960351542486189	0.948741328409295	0.959953693683393	0.951796351849243	0.965217264941791	0.961386152281018	0.951942122132891	0.969643367300217
cg13003329	NA	NA	NA	NA	NA	NA	NA	NA	NA	NA	NA	NA	NA	NA	NA	NA	NA	NA	NA	NA	NA	NA	NA	NA	NA	NA	NA	NA	NA	NA	NA	NA	NA	NA	NA	NA	NA	NA	NA	NA	NA	NA	NA	NA	NA	NA	NA	NA	NA	NA	NA	NA	NA	NA	NA	NA	NA	NA	NA	NA	NA	NA	NA	NA	NA	NA
cg13018639	0.951959010355664	0.935122899919156	0.949130301011954	0.951575633837092	0.954346495161967	0.935225188806548	0.675488789184583	0.953056865813325	0.925426735475442	0.941122281315688	0.947546994678026	0.952385319726862	0.937313600113475	0.71527456707721	0.954462568720795	0.92027510191089	0.93498042057451	0.913973383743064	0.945731402953208	NA	0.92000485455063	0.936687873904255	0.846600006894921	0.932870762665297	0.949905066162563	0.965188864390127	0.940305807480716	0.871469500376774	0.921100837984966	0.952815262090458	0.956278422111496	0.952511425163315	0.94555914128083	0.94934484393514	0.951256065987843	0.949349210388489	0.791175086953423	0.933861228910029	0.476225313646096	0.955855263830059	0.957420534218644	0.954914728616921	0.920429074629256	0.926999626979459	0.931456848271353	0.676257427355766	0.928327212261197	0.957515678661832	0.957419529238374	0.944991847812631	0.932853074431878	0.930966801859581	0.949742743915372	0.936286332157561	0.956970815616867	0.938339661030366	0.95525386027791	0.846975525971095	0.956828345139549	0.879055482240505	0.941579538384114	0.823034590103429	0.948607567558211	0.938160149322756	0.885067254798405	0.949571381610707
cg13022905	NA	NA	NA	NA	NA	NA	NA	NA	NA	NA	NA	NA	NA	NA	NA	NA	NA	NA	NA	NA	NA	NA	NA	NA	NA	NA	NA	NA	NA	NA	NA	NA	NA	NA	NA	NA	NA	NA	NA	NA	NA	NA	NA	NA	NA	NA	NA	NA	NA	NA	NA	NA	NA	NA	NA	NA	NA	NA	NA	NA	NA	NA	NA	NA	NA	NA
cg13060607	NA	NA	NA	NA	NA	NA	NA	NA	NA	NA	NA	NA	NA	NA	NA	NA	NA	NA	NA	NA	NA	NA	NA	NA	NA	NA	NA	NA	NA	NA	NA	NA	NA	NA	NA	NA	NA	NA	NA	NA	NA	NA	NA	NA	NA	NA	NA	NA	NA	NA	NA	NA	NA	NA	NA	NA	NA	NA	NA	NA	NA	NA	NA	NA	NA	NA
cg13082604	NA	NA	NA	NA	NA	NA	NA	NA	NA	NA	NA	NA	NA	NA	NA	NA	NA	NA	NA	NA	NA	NA	NA	NA	NA	NA	NA	NA	NA	NA	NA	NA	NA	NA	NA	NA	NA	NA	NA	NA	NA	NA	NA	NA	NA	NA	NA	NA	NA	NA	NA	NA	NA	NA	NA	NA	NA	NA	NA	NA	NA	NA	NA	NA	NA	NA
cg13105167	NA	NA	NA	NA	NA	NA	NA	NA	NA	NA	NA	NA	NA	NA	NA	NA	NA	NA	NA	NA	NA	NA	NA	NA	NA	NA	NA	NA	NA	NA	NA	NA	NA	NA	NA	NA	NA	NA	NA	NA	NA	NA	NA	NA	NA	NA	NA	NA	NA	NA	NA	NA	NA	NA	NA	NA	NA	NA	NA	NA	NA	NA	NA	NA	NA	NA
cg13155421	0.921382841938428	0.871443874698876	0.966138139164623	0.798945921549424	0.965056743088817	0.947977018527988	0.960275179106497	0.950216099017311	0.920608536566907	0.951425674622895	0.952330518867605	0.903972968742462	0.966487620429917	0.888666280030797	0.135461595853228	0.963713873750155	0.663619131488142	0.954326717992542	0.95622813340082	0.357109601334148	0.962068562531997	0.954348602963806	0.392649954036754	0.901881000801416	0.954798349421963	0.959672044721381	0.920304115716433	0.89063793494103	0.959537025658824	0.908408981043758	0.942254099752214	0.960269773841091	0.958353230031479	0.955212435216023	0.953485852661779	0.9558820345814	0.657189003308754	0.940567721356386	0.177966929312791	0.961563022793324	0.963162372282745	0.961532850217447	0.672298010801298	0.897362583589744	0.957774091318174	0.964888140936857	0.932912661646442	0.953695561469919	0.940272839929017	0.913213287153083	0.801348261091084	0.630497385232843	0.945847238862368	0.955694404795767	0.926219511615354	0.9623665281937	0.951595979250724	0.941768058142119	0.889738393263965	0.722838276229056	0.959163964503968	0.928790890516437	0.965619378416036	0.958270339459215	0.897963867765109	0.88885585417611
cg13202514	NA	NA	NA	NA	NA	NA	NA	NA	NA	NA	NA	NA	NA	NA	NA	NA	NA	NA	NA	NA	NA	NA	NA	NA	NA	NA	NA	NA	NA	NA	NA	NA	NA	NA	NA	NA	NA	NA	NA	NA	NA	NA	NA	NA	NA	NA	NA	NA	NA	NA	NA	NA	NA	NA	NA	NA	NA	NA	NA	NA	NA	NA	NA	NA	NA	NA
cg13225272	NA	NA	NA	NA	NA	NA	NA	NA	NA	NA	NA	NA	NA	NA	NA	NA	NA	NA	NA	NA	NA	NA	NA	NA	NA	NA	NA	NA	NA	NA	NA	NA	NA	NA	NA	NA	NA	NA	NA	NA	NA	NA	NA	NA	NA	NA	NA	NA	NA	NA	NA	NA	NA	NA	NA	NA	NA	NA	NA	NA	NA	NA	NA	NA	NA	NA
cg13227480	NA	NA	NA	NA	NA	NA	NA	NA	NA	NA	NA	NA	NA	NA	NA	NA	NA	NA	NA	NA	NA	NA	NA	NA	NA	NA	NA	NA	NA	NA	NA	NA	NA	NA	NA	NA	NA	NA	NA	NA	NA	NA	NA	NA	NA	NA	NA	NA	NA	NA	NA	NA	NA	NA	NA	NA	NA	NA	NA	NA	NA	NA	NA	NA	NA	NA
cg13234587	0.924659267745334	0.902365186026565	0.928045530118548	0.949347566829949	0.95350513594646	0.931218273852231	0.968405888472778	0.8975792231756	0.917247416110568	0.96369146833797	0.928637641208219	0.951321314016498	0.941642659009766	0.915413159424901	0.963345131112662	0.947059473429815	0.9016905202597	0.774015413601381	0.934400012646431	0.925423366004013	0.928901435759515	0.945837643292339	0.510239643040415	0.938211967892865	0.947220421865658	0.946847391262395	0.954750580685572	0.962324641566278	0.955709315543471	0.953522032473885	0.927685142686903	0.938952524569098	0.959170886430843	0.903871968336116	0.9520363747395	0.92637661115215	0.834966339963191	0.93922658746991	0.911200811183671	0.912654808785206	0.948243620476331	0.926170604598272	0.510777542668468	0.960942390302083	0.93006659900116	0.966315621814845	0.963304408233037	0.954694968066071	0.809986616337864	0.926669993300962	0.95369106328542	0.963138835261729	0.962566636676597	0.948374790390444	0.94642049969163	0.951414738272937	0.965886692468946	0.941162714058467	0.92951581339073	0.853456758592744	0.934804732590961	0.944505252406371	0.950523870240433	0.938847043305925	0.911425308782545	0.916914968342746
cg13244886	NA	NA	NA	NA	NA	NA	NA	NA	NA	NA	NA	NA	NA	NA	NA	NA	NA	NA	NA	NA	NA	NA	NA	NA	NA	NA	NA	NA	NA	NA	NA	NA	NA	NA	NA	NA	NA	NA	NA	NA	NA	NA	NA	NA	NA	NA	NA	NA	NA	NA	NA	NA	NA	NA	NA	NA	NA	NA	NA	NA	NA	NA	NA	NA	NA	NA
cg13247922	NA	NA	NA	NA	NA	NA	NA	NA	NA	NA	NA	NA	NA	NA	NA	NA	NA	NA	NA	NA	NA	NA	NA	NA	NA	NA	NA	NA	NA	NA	NA	NA	NA	NA	NA	NA	NA	NA	NA	NA	NA	NA	NA	NA	NA	NA	NA	NA	NA	NA	NA	NA	NA	NA	NA	NA	NA	NA	NA	NA	NA	NA	NA	NA	NA	NA
cg13278241	NA	NA	NA	NA	NA	NA	NA	NA	NA	NA	NA	NA	NA	NA	NA	NA	NA	NA	NA	NA	NA	NA	NA	NA	NA	NA	NA	NA	NA	NA	NA	NA	NA	NA	NA	NA	NA	NA	NA	NA	NA	NA	NA	NA	NA	NA	NA	NA	NA	NA	NA	NA	NA	NA	NA	NA	NA	NA	NA	NA	NA	NA	NA	NA	NA	NA
cg13324357	NA	NA	NA	NA	NA	NA	NA	NA	NA	NA	NA	NA	NA	NA	NA	NA	NA	NA	NA	NA	NA	NA	NA	NA	NA	NA	NA	NA	NA	NA	NA	NA	NA	NA	NA	NA	NA	NA	NA	NA	NA	NA	NA	NA	NA	NA	NA	NA	NA	NA	NA	NA	NA	NA	NA	NA	NA	NA	NA	NA	NA	NA	NA	NA	NA	NA
cg13342370	NA	NA	NA	NA	NA	NA	NA	NA	NA	NA	NA	NA	NA	NA	NA	NA	NA	NA	NA	NA	NA	NA	NA	NA	NA	NA	NA	NA	NA	NA	NA	NA	NA	NA	NA	NA	NA	NA	NA	NA	NA	NA	NA	NA	NA	NA	NA	NA	NA	NA	NA	NA	NA	NA	NA	NA	NA	NA	NA	NA	NA	NA	NA	NA	NA	NA
cg13375629	0.478640921170477	0.899354647664509	0.601956532305176	0.602230123572619	0.877379819911391	0.416877471348086	0.888319339724475	0.873245438732208	0.84893631848683	0.858784855966341	0.264331471160825	0.641521099614456	0.522398963771534	0.862893188590182	0.893871367681784	0.347137351380718	0.581048682811345	0.84349887658725	0.889981670609797	0.431159541578689	0.522074338251441	0.521921415068735	0.35239617111575	0.692991142991096	0.354365715948308	0.530736332164585	0.80587629946232	0.713695158450038	0.554326815658369	0.871467115669517	0.318879073821094	0.295038401840571	0.514480082173389	0.571273002164527	0.345105533844044	0.560783682609391	0.69105469763926	0.54264010923642	0.339727703059352	0.538063466837858	0.530593780863829	0.593261259285375	0.255793705483181	0.595936753052566	0.649093410340654	0.143963841517139	0.545976833639848	0.581171556604219	0.552371589196549	0.586237723707391	0.538049121352524	0.712540939338715	0.480902170625522	0.222083626433201	0.875825978785623	0.910127269911996	0.799508985600504	0.911819245410261	0.283521534572005	0.862599581657095	0.860044817972207	0.591367486929652	0.560332903428041	0.875174028797526	0.785769805318261	0.652642002046441
cg13386084	NA	NA	NA	NA	NA	NA	NA	NA	NA	NA	NA	NA	NA	NA	NA	NA	NA	NA	NA	NA	NA	NA	NA	NA	NA	NA	NA	NA	NA	NA	NA	NA	NA	NA	NA	NA	NA	NA	NA	NA	NA	NA	NA	NA	NA	NA	NA	NA	NA	NA	NA	NA	NA	NA	NA	NA	NA	NA	NA	NA	NA	NA	NA	NA	NA	NA
cg13391607	NA	NA	NA	NA	NA	NA	NA	NA	NA	NA	NA	NA	NA	NA	NA	NA	NA	NA	NA	NA	NA	NA	NA	NA	NA	NA	NA	NA	NA	NA	NA	NA	NA	NA	NA	NA	NA	NA	NA	NA	NA	NA	NA	NA	NA	NA	NA	NA	NA	NA	NA	NA	NA	NA	NA	NA	NA	NA	NA	NA	NA	NA	NA	NA	NA	NA
cg13412213	0.835977372633465	0.809086763500606	0.828472193982558	0.877373304575949	0.813246550544244	0.802597994345415	0.86925122593165	0.189755095480556	0.790570255273946	0.828919889597438	0.878588632592506	0.35181278690896	0.827190949071284	0.780084128442107	0.900937670639965	0.78744453742543	0.745426892125915	0.581036595642341	0.801385601307632	0.783160198876773	0.828064946801195	0.347538695024703	0.529095910008993	0.807482279082704	0.393062712106295	0.886574441723457	0.755854079494135	0.758066311092279	0.780911521958004	0.504377028806442	0.236981959223783	0.844255724831293	0.872046443808537	0.786725915690181	0.302322020786279	0.869863519772612	0.44126394798437	0.822480917046339	0.466635250486524	0.761720648905712	0.836189716832535	0.76619475211511	0.844697003114753	0.825143894146861	0.823438682913822	0.192153040693647	0.820477752043526	0.896707094973629	0.85493801349505	0.845339483317608	0.48752984031131	0.816280877936797	0.932718126960941	0.853777686740091	0.780233107576678	0.86259239360157	0.90331537566342	0.895888907195649	0.830554270194035	0.789359731462959	0.86204798230094	0.250099354980412	0.895059396785026	0.889152391591015	0.533397624139778	0.799114609015446
cg13415320	NA	NA	NA	NA	NA	NA	NA	NA	NA	NA	NA	NA	NA	NA	NA	NA	NA	NA	NA	NA	NA	NA	NA	NA	NA	NA	NA	NA	NA	NA	NA	NA	NA	NA	NA	NA	NA	NA	NA	NA	NA	NA	NA	NA	NA	NA	NA	NA	NA	NA	NA	NA	NA	NA	NA	NA	NA	NA	NA	NA	NA	NA	NA	NA	NA	NA
cg13436725	NA	NA	NA	NA	NA	NA	NA	NA	NA	NA	NA	NA	NA	NA	NA	NA	NA	NA	NA	NA	NA	NA	NA	NA	NA	NA	NA	NA	NA	NA	NA	NA	NA	NA	NA	NA	NA	NA	NA	NA	NA	NA	NA	NA	NA	NA	NA	NA	NA	NA	NA	NA	NA	NA	NA	NA	NA	NA	NA	NA	NA	NA	NA	NA	NA	NA
cg13442045	NA	NA	NA	NA	NA	NA	NA	NA	NA	NA	NA	NA	NA	NA	NA	NA	NA	NA	NA	NA	NA	NA	NA	NA	NA	NA	NA	NA	NA	NA	NA	NA	NA	NA	NA	NA	NA	NA	NA	NA	NA	NA	NA	NA	NA	NA	NA	NA	NA	NA	NA	NA	NA	NA	NA	NA	NA	NA	NA	NA	NA	NA	NA	NA	NA	NA
cg13475915	NA	NA	NA	NA	NA	NA	NA	NA	NA	NA	NA	NA	NA	NA	NA	NA	NA	NA	NA	NA	NA	NA	NA	NA	NA	NA	NA	NA	NA	NA	NA	NA	NA	NA	NA	NA	NA	NA	NA	NA	NA	NA	NA	NA	NA	NA	NA	NA	NA	NA	NA	NA	NA	NA	NA	NA	NA	NA	NA	NA	NA	NA	NA	NA	NA	NA
cg13487422	NA	NA	NA	NA	NA	NA	NA	NA	NA	NA	NA	NA	NA	NA	NA	NA	NA	NA	NA	NA	NA	NA	NA	NA	NA	NA	NA	NA	NA	NA	NA	NA	NA	NA	NA	NA	NA	NA	NA	NA	NA	NA	NA	NA	NA	NA	NA	NA	NA	NA	NA	NA	NA	NA	NA	NA	NA	NA	NA	NA	NA	NA	NA	NA	NA	NA
cg13498940	NA	NA	NA	NA	NA	NA	NA	NA	NA	NA	NA	NA	NA	NA	NA	NA	NA	NA	NA	NA	NA	NA	NA	NA	NA	NA	NA	NA	NA	NA	NA	NA	NA	NA	NA	NA	NA	NA	NA	NA	NA	NA	NA	NA	NA	NA	NA	NA	NA	NA	NA	NA	NA	NA	NA	NA	NA	NA	NA	NA	NA	NA	NA	NA	NA	NA
cg13534903	NA	NA	NA	NA	NA	NA	NA	NA	NA	NA	NA	NA	NA	NA	NA	NA	NA	NA	NA	NA	NA	NA	NA	NA	NA	NA	NA	NA	NA	NA	NA	NA	NA	NA	NA	NA	NA	NA	NA	NA	NA	NA	NA	NA	NA	NA	NA	NA	NA	NA	NA	NA	NA	NA	NA	NA	NA	NA	NA	NA	NA	NA	NA	NA	NA	NA
cg13542042	NA	NA	NA	NA	NA	NA	NA	NA	NA	NA	NA	NA	NA	NA	NA	NA	NA	NA	NA	NA	NA	NA	NA	NA	NA	NA	NA	NA	NA	NA	NA	NA	NA	NA	NA	NA	NA	NA	NA	NA	NA	NA	NA	NA	NA	NA	NA	NA	NA	NA	NA	NA	NA	NA	NA	NA	NA	NA	NA	NA	NA	NA	NA	NA	NA	NA
cg13574050	NA	NA	NA	NA	NA	NA	NA	NA	NA	NA	NA	NA	NA	NA	NA	NA	NA	NA	NA	NA	NA	NA	NA	NA	NA	NA	NA	NA	NA	NA	NA	NA	NA	NA	NA	NA	NA	NA	NA	NA	NA	NA	NA	NA	NA	NA	NA	NA	NA	NA	NA	NA	NA	NA	NA	NA	NA	NA	NA	NA	NA	NA	NA	NA	NA	NA
cg13579926	NA	NA	NA	NA	NA	NA	NA	NA	NA	NA	NA	NA	NA	NA	NA	NA	NA	NA	NA	NA	NA	NA	NA	NA	NA	NA	NA	NA	NA	NA	NA	NA	NA	NA	NA	NA	NA	NA	NA	NA	NA	NA	NA	NA	NA	NA	NA	NA	NA	NA	NA	NA	NA	NA	NA	NA	NA	NA	NA	NA	NA	NA	NA	NA	NA	NA
cg13583523	0.896803983540757	0.864401309429224	0.897415903795199	0.904670777255737	0.913139491130412	0.894927641104387	0.873818408308013	0.893026151807131	0.829716310730331	0.931583450346645	0.543570523371045	0.775924403146536	0.933463775685923	0.856676056507613	0.738355640785988	0.89757925806506	0.891115812428677	0.695301262302376	0.931304731145124	0.342937776012699	0.865413080161566	0.844176045278053	0.511925667425447	0.880910049997857	0.606485563433748	0.922172040455841	0.750540468363723	0.791450486634546	0.918519253352779	0.875050533615745	0.931622379035824	0.914065259542279	0.956412927640845	0.875982468425559	0.869295690322583	0.62994893272971	0.8733311358146	0.943883575506494	0.412834883484923	0.874780685590817	0.552877580173771	0.899803468577612	0.23259778534324	0.847699988214123	0.896562700769296	0.947531862171874	0.895222027834249	0.555467675137188	0.847616250914646	0.928593805178346	0.814865892135722	0.91555607598915	0.886468173277671	0.939652490801338	0.871002585610623	0.952735138066533	0.926485236545271	0.944460774967329	0.962615045164707	0.351508978409753	0.947183526567352	0.956519437271497	0.953724150286971	0.924639769374704	0.71300055892655	0.920943731161334
cg13594837	NA	NA	NA	NA	NA	NA	NA	NA	NA	NA	NA	NA	NA	NA	NA	NA	NA	NA	NA	NA	NA	NA	NA	NA	NA	NA	NA	NA	NA	NA	NA	NA	NA	NA	NA	NA	NA	NA	NA	NA	NA	NA	NA	NA	NA	NA	NA	NA	NA	NA	NA	NA	NA	NA	NA	NA	NA	NA	NA	NA	NA	NA	NA	NA	NA	NA
cg13597865	NA	NA	NA	NA	NA	NA	NA	NA	NA	NA	NA	NA	NA	NA	NA	NA	NA	NA	NA	NA	NA	NA	NA	NA	NA	NA	NA	NA	NA	NA	NA	NA	NA	NA	NA	NA	NA	NA	NA	NA	NA	NA	NA	NA	NA	NA	NA	NA	NA	NA	NA	NA	NA	NA	NA	NA	NA	NA	NA	NA	NA	NA	NA	NA	NA	NA
cg13599051	NA	NA	NA	NA	NA	NA	NA	NA	NA	NA	NA	NA	NA	NA	NA	NA	NA	NA	NA	NA	NA	NA	NA	NA	NA	NA	NA	NA	NA	NA	NA	NA	NA	NA	NA	NA	NA	NA	NA	NA	NA	NA	NA	NA	NA	NA	NA	NA	NA	NA	NA	NA	NA	NA	NA	NA	NA	NA	NA	NA	NA	NA	NA	NA	NA	NA
cg13614060	0.863215078029428	0.885195050627493	0.538606363981645	0.867461279364347	0.317534838472605	0.848521458675409	0.907829375465676	0.847027008769329	0.897644404393335	0.919675810259825	0.889138275625273	0.856567255458794	0.89768046115391	0.820631628797392	0.471196932868597	0.875208395019586	0.846805631356813	0.845392470500499	0.884852477002944	0.709747358667632	0.884620963530868	0.87261444244494	0.728445448668038	0.877526480481102	0.854303625254059	0.868015563699445	0.831765973217569	0.821410746048484	0.914397157356886	0.856794236788075	0.867124385204865	0.869126260770118	0.865267937655857	0.844799980920748	0.866595587187054	0.863043086921532	0.843881251250853	0.895372939900963	0.848786235990747	0.618652396128851	0.877076538763888	0.858593536302843	0.813886910244961	0.867072826797553	0.899066025394691	0.915038890740652	0.863120525520834	0.90112783119152	0.899584268051551	0.870620707026732	0.816897547714833	0.845612854904068	0.874145156138688	0.862354153509155	0.606226493853871	0.865878369796057	0.909345118419223	0.875775867675341	0.891267880649753	0.827310465473637	0.880999529908392	0.878143329066753	0.535357565366386	0.882297552366322	0.779745841850694	0.839515923294337
cg13625213	0.626523115924501	0.969034530444477	0.970429984505392	0.965256966581701	0.962810642316917	0.974333704133799	0.966324605637664	0.961230360948109	0.945199611343895	0.960555888383359	0.964802010976015	0.979718378678481	0.963774374627523	0.967827796210817	0.969344248647584	0.972648793451989	0.950243451736675	0.966758468093279	0.969158238437484	0.776116454026048	0.975016705103356	0.960852352083573	0.961070256902354	0.936272228198361	0.979701413245075	0.979044133229818	0.968086230724282	0.962704073517539	0.952519761887838	0.969825471107792	0.962747130090505	0.723249099284472	0.967585591570087	0.958111942419881	0.965312620055646	0.977636862242041	0.974800039756606	0.962370872926463	0.943269957953942	0.975278593839208	0.944958655166526	0.96153896342265	0.956111926018761	0.703212454790236	0.972171818251379	0.972303546316851	0.973526517180947	0.97445995134985	0.973008998071475	0.971611708897908	0.967554814407076	0.97709689537571	0.96176516055719	0.969383809826352	0.959587793271524	0.970041852913596	0.956750767235149	0.955319137366789	0.970210294600998	0.971951637373824	0.971029909379137	0.967400716876097	0.975605664427048	0.972197364623864	0.963379337398973	0.969642745763212
cg13642800	NA	NA	NA	NA	NA	NA	NA	NA	NA	NA	NA	NA	NA	NA	NA	NA	NA	NA	NA	NA	NA	NA	NA	NA	NA	NA	NA	NA	NA	NA	NA	NA	NA	NA	NA	NA	NA	NA	NA	NA	NA	NA	NA	NA	NA	NA	NA	NA	NA	NA	NA	NA	NA	NA	NA	NA	NA	NA	NA	NA	NA	NA	NA	NA	NA	NA
cg13644646	NA	NA	NA	NA	NA	NA	NA	NA	NA	NA	NA	NA	NA	NA	NA	NA	NA	NA	NA	NA	NA	NA	NA	NA	NA	NA	NA	NA	NA	NA	NA	NA	NA	NA	NA	NA	NA	NA	NA	NA	NA	NA	NA	NA	NA	NA	NA	NA	NA	NA	NA	NA	NA	NA	NA	NA	NA	NA	NA	NA	NA	NA	NA	NA	NA	NA
cg13662724	NA	NA	NA	NA	NA	NA	NA	NA	NA	NA	NA	NA	NA	NA	NA	NA	NA	NA	NA	NA	NA	NA	NA	NA	NA	NA	NA	NA	NA	NA	NA	NA	NA	NA	NA	NA	NA	NA	NA	NA	NA	NA	NA	NA	NA	NA	NA	NA	NA	NA	NA	NA	NA	NA	NA	NA	NA	NA	NA	NA	NA	NA	NA	NA	NA	NA
cg13714241	NA	NA	NA	NA	NA	NA	NA	NA	NA	NA	NA	NA	NA	NA	NA	NA	NA	NA	NA	NA	NA	NA	NA	NA	NA	NA	NA	NA	NA	NA	NA	NA	NA	NA	NA	NA	NA	NA	NA	NA	NA	NA	NA	NA	NA	NA	NA	NA	NA	NA	NA	NA	NA	NA	NA	NA	NA	NA	NA	NA	NA	NA	NA	NA	NA	NA
cg13715827	NA	NA	NA	NA	NA	NA	NA	NA	NA	NA	NA	NA	NA	NA	NA	NA	NA	NA	NA	NA	NA	NA	NA	NA	NA	NA	NA	NA	NA	NA	NA	NA	NA	NA	NA	NA	NA	NA	NA	NA	NA	NA	NA	NA	NA	NA	NA	NA	NA	NA	NA	NA	NA	NA	NA	NA	NA	NA	NA	NA	NA	NA	NA	NA	NA	NA
cg13716167	NA	NA	NA	NA	NA	NA	NA	NA	NA	NA	NA	NA	NA	NA	NA	NA	NA	NA	NA	NA	NA	NA	NA	NA	NA	NA	NA	NA	NA	NA	NA	NA	NA	NA	NA	NA	NA	NA	NA	NA	NA	NA	NA	NA	NA	NA	NA	NA	NA	NA	NA	NA	NA	NA	NA	NA	NA	NA	NA	NA	NA	NA	NA	NA	NA	NA
cg13717555	NA	NA	NA	NA	NA	NA	NA	NA	NA	NA	NA	NA	NA	NA	NA	NA	NA	NA	NA	NA	NA	NA	NA	NA	NA	NA	NA	NA	NA	NA	NA	NA	NA	NA	NA	NA	NA	NA	NA	NA	NA	NA	NA	NA	NA	NA	NA	NA	NA	NA	NA	NA	NA	NA	NA	NA	NA	NA	NA	NA	NA	NA	NA	NA	NA	NA
cg13754621	NA	NA	NA	NA	NA	NA	NA	NA	NA	NA	NA	NA	NA	NA	NA	NA	NA	NA	NA	NA	NA	NA	NA	NA	NA	NA	NA	NA	NA	NA	NA	NA	NA	NA	NA	NA	NA	NA	NA	NA	NA	NA	NA	NA	NA	NA	NA	NA	NA	NA	NA	NA	NA	NA	NA	NA	NA	NA	NA	NA	NA	NA	NA	NA	NA	NA
cg13759931	NA	NA	NA	NA	NA	NA	NA	NA	NA	NA	NA	NA	NA	NA	NA	NA	NA	NA	NA	NA	NA	NA	NA	NA	NA	NA	NA	NA	NA	NA	NA	NA	NA	NA	NA	NA	NA	NA	NA	NA	NA	NA	NA	NA	NA	NA	NA	NA	NA	NA	NA	NA	NA	NA	NA	NA	NA	NA	NA	NA	NA	NA	NA	NA	NA	NA
cg13781938	0.980048485972267	0.978545207057035	0.976052504481349	0.982289077883763	0.980054171649198	0.965892706066326	0.980283238086785	0.974360264873323	0.981608031164211	0.981104965188066	0.982197267416717	0.982635286486534	0.974982199376304	0.973538916615291	0.974130525986299	0.979966254338718	0.977048252390556	0.979636867540713	0.982609226626683	0.982438625079468	0.979416133078174	0.975933618390027	0.953323166560724	0.979502520387814	0.983154468366847	0.981868190599011	0.980593348917883	0.976836930812515	0.983588490243007	0.983108543539678	0.982314998749921	0.984584790447383	0.98053735642236	0.979359584702185	0.982163560260223	0.982148667916257	0.985098572174191	0.975807353478797	0.634290168296796	0.979667021032445	0.981826162449698	0.982019090418286	0.918803559958812	0.984010435238193	0.982736898422391	0.980515145241346	0.981758713458834	0.978677463468462	0.980058071096255	0.984381549432554	0.980367422750903	0.981529491079773	0.979551639043711	0.983125199146808	0.983823103723181	0.980360021942522	0.980015157313427	0.979696628940576	0.980904900138361	0.98028779812699	0.98185627748878	0.982461228226642	0.981493334525774	0.978567539737074	0.982938457422747	0.98156051141187
cg13848981	NA	NA	NA	NA	NA	NA	NA	NA	NA	NA	NA	NA	NA	NA	NA	NA	NA	NA	NA	NA	NA	NA	NA	NA	NA	NA	NA	NA	NA	NA	NA	NA	NA	NA	NA	NA	NA	NA	NA	NA	NA	NA	NA	NA	NA	NA	NA	NA	NA	NA	NA	NA	NA	NA	NA	NA	NA	NA	NA	NA	NA	NA	NA	NA	NA	NA
cg13873902	NA	NA	NA	NA	NA	NA	NA	NA	NA	NA	NA	NA	NA	NA	NA	NA	NA	NA	NA	NA	NA	NA	NA	NA	NA	NA	NA	NA	NA	NA	NA	NA	NA	NA	NA	NA	NA	NA	NA	NA	NA	NA	NA	NA	NA	NA	NA	NA	NA	NA	NA	NA	NA	NA	NA	NA	NA	NA	NA	NA	NA	NA	NA	NA	NA	NA
cg13876071	NA	NA	NA	NA	NA	NA	NA	NA	NA	NA	NA	NA	NA	NA	NA	NA	NA	NA	NA	NA	NA	NA	NA	NA	NA	NA	NA	NA	NA	NA	NA	NA	NA	NA	NA	NA	NA	NA	NA	NA	NA	NA	NA	NA	NA	NA	NA	NA	NA	NA	NA	NA	NA	NA	NA	NA	NA	NA	NA	NA	NA	NA	NA	NA	NA	NA
cg13877944	NA	NA	NA	NA	NA	NA	NA	NA	NA	NA	NA	NA	NA	NA	NA	NA	NA	NA	NA	NA	NA	NA	NA	NA	NA	NA	NA	NA	NA	NA	NA	NA	NA	NA	NA	NA	NA	NA	NA	NA	NA	NA	NA	NA	NA	NA	NA	NA	NA	NA	NA	NA	NA	NA	NA	NA	NA	NA	NA	NA	NA	NA	NA	NA	NA	NA
cg13882046	NA	NA	NA	NA	NA	NA	NA	NA	NA	NA	NA	NA	NA	NA	NA	NA	NA	NA	NA	NA	NA	NA	NA	NA	NA	NA	NA	NA	NA	NA	NA	NA	NA	NA	NA	NA	NA	NA	NA	NA	NA	NA	NA	NA	NA	NA	NA	NA	NA	NA	NA	NA	NA	NA	NA	NA	NA	NA	NA	NA	NA	NA	NA	NA	NA	NA
cg13947513	NA	NA	NA	NA	NA	NA	NA	NA	NA	NA	NA	NA	NA	NA	NA	NA	NA	NA	NA	NA	NA	NA	NA	NA	NA	NA	NA	NA	NA	NA	NA	NA	NA	NA	NA	NA	NA	NA	NA	NA	NA	NA	NA	NA	NA	NA	NA	NA	NA	NA	NA	NA	NA	NA	NA	NA	NA	NA	NA	NA	NA	NA	NA	NA	NA	NA
cg13979194	NA	NA	NA	NA	NA	NA	NA	NA	NA	NA	NA	NA	NA	NA	NA	NA	NA	NA	NA	NA	NA	NA	NA	NA	NA	NA	NA	NA	NA	NA	NA	NA	NA	NA	NA	NA	NA	NA	NA	NA	NA	NA	NA	NA	NA	NA	NA	NA	NA	NA	NA	NA	NA	NA	NA	NA	NA	NA	NA	NA	NA	NA	NA	NA	NA	NA
cg13980410	0.544553574188718	0.703855851602871	0.209775325862122	0.504966508900249	0.590021037411949	0.848118223521211	0.901063397806388	0.346218397123303	0.88538255864225	0.921294648734236	0.657103638342051	0.386855915335988	0.899617226565774	0.580177750719933	0.808018424896929	0.910064823819785	0.588036666481956	0.75297805263639	0.597628210408825	0.842475844996899	0.7320279207848	0.597715280550368	0.448529039081854	0.828454270848038	0.608630548648418	0.902508998326287	0.660907696938657	0.63030614379187	0.894806634632967	0.89938493918889	0.549457980860444	0.19319430329833	0.906053558201423	0.580327973765249	0.918977351350669	0.87418132912444	0.336731425029663	0.568405158316378	0.838989235896418	0.308742355642226	0.214941275626689	0.558494493980335	0.207922836524776	0.555698282193885	0.605751579027851	0.551405663933043	0.53660473155138	0.580216196788566	0.566712390035036	0.213837049474203	0.845208857120915	0.892442572471699	0.144105036774794	0.599673522149112	0.350622147327425	0.58423092707183	0.94486285979569	0.110066002642073	0.592997994140616	0.826632051127643	0.486493849058459	0.909374110770061	0.570645891791721	0.227706738073312	0.684981414321365	0.383924651704718
cg13982037	0.18674944968504	0.445900064213887	0.209088670327583	0.119485991192432	0.183259096178599	0.175663461853471	0.486844773814536	0.324201771372613	0.354540830204197	0.197132047285297	0.0971099461253527	0.348801915974731	NA	0.354557473313087	0.0993576280705492	0.330803786402964	0.288735609951142	0.529261481899204	0.729759547197738	0.384719031660199	0.210226394054545	0.893598432728401	0.386370418725748	0.223099035493774	0.28492976492672	0.0906179348828378	0.486911577069351	0.525680893849717	0.61997880732029	0.255417231960987	0.152240768270185	0.121872665334362	0.147429104363435	0.293978107625273	0.193832078917972	0.31282579180361	0.219743505705992	0.136530737973605	0.477168883936993	0.913026576957514	0.105931115455739	0.242613844859464	0.242528184290434	0.92929242713824	0.323530380358063	0.0810558140078684	0.114254075198878	0.219589281214265	0.262537219141413	0.141628329928551	0.512981825174894	0.445280391335408	0.0959237959719838	0.269603275237976	0.333248556724976	0.912170929093655	0.923145542885333	0.133483157170652	0.274238294437081	0.412841972681151	0.109452154045842	0.151931359141732	0.126573830725514	0.162089333152938	0.596951173911296	0.256911582579906
cg13983495	NA	NA	NA	NA	NA	NA	NA	NA	NA	NA	NA	NA	NA	NA	NA	NA	NA	NA	NA	NA	NA	NA	NA	NA	NA	NA	NA	NA	NA	NA	NA	NA	NA	NA	NA	NA	NA	NA	NA	NA	NA	NA	NA	NA	NA	NA	NA	NA	NA	NA	NA	NA	NA	NA	NA	NA	NA	NA	NA	NA	NA	NA	NA	NA	NA	NA
cg14027704	NA	NA	NA	NA	NA	NA	NA	NA	NA	NA	NA	NA	NA	NA	NA	NA	NA	NA	NA	NA	NA	NA	NA	NA	NA	NA	NA	NA	NA	NA	NA	NA	NA	NA	NA	NA	NA	NA	NA	NA	NA	NA	NA	NA	NA	NA	NA	NA	NA	NA	NA	NA	NA	NA	NA	NA	NA	NA	NA	NA	NA	NA	NA	NA	NA	NA
cg14029959	0.537825998446684	0.778434344087281	0.405741487959615	0.89032261404846	0.853805289370115	0.791930371624823	0.416722687947611	0.835759188121667	0.710200292275814	0.843055546210475	0.910942012373427	0.560604022136807	0.206616233268617	0.538624511497504	0.499933843166111	0.577636204168888	0.834359384368289	0.781463894738688	0.800424591149706	0.819280399675085	0.479223972933088	0.895287143539394	0.447534033986148	0.522395975036212	0.452860888870069	0.937972070752633	0.779667351545567	0.800378125744338	0.888792413593811	0.711984118651907	0.868442816609076	0.866112843133282	0.91490174554895	0.320440350946828	0.566614032789272	0.784357717723349	0.556472552208673	0.487199172921043	0.473989477732124	0.818497835134365	0.243413729429301	0.81866828868441	0.637433758819261	0.385325411022112	0.836222227206838	0.503434813814093	0.510972603522354	0.877253294743583	0.826437634432489	0.744186121984347	0.688683395493225	0.81868597035411	0.564701352647457	0.856605552673316	0.848563072912605	0.84184284118512	0.870247489222528	0.880479692998996	0.685911572441876	0.745649592050336	0.911825186557065	0.571184782805857	0.883609866106148	0.852066960738616	0.588024333290193	0.280461571146452
cg14033737	NA	NA	NA	NA	NA	NA	NA	NA	NA	NA	NA	NA	NA	NA	NA	NA	NA	NA	NA	NA	NA	NA	NA	NA	NA	NA	NA	NA	NA	NA	NA	NA	NA	NA	NA	NA	NA	NA	NA	NA	NA	NA	NA	NA	NA	NA	NA	NA	NA	NA	NA	NA	NA	NA	NA	NA	NA	NA	NA	NA	NA	NA	NA	NA	NA	NA
cg14041094	0.893606028678748	0.594206447619126	0.941470756243201	0.571510944011317	0.891029437517714	0.3632993468808	0.198766968204008	0.552228310579375	0.556439911004183	0.556635449524659	0.143239601601457	0.493835962829573	0.527249334134683	0.586975824842821	0.91224874356991	0.590548511604529	0.569915164111197	0.831935274108276	0.618277115989503	0.413036199196621	0.903145144361563	0.917868374372898	0.781859929832277	0.534054721953244	0.249449353141597	0.929764491102611	0.659190131482917	0.788023617643897	0.668510378594298	0.582292556655884	0.174663184889794	0.61541515393537	0.563019594923329	0.869580106377318	0.578031336956493	0.26431356103481	0.22041120805525	0.533980689684128	0.609944063863099	0.241696281869222	0.547007228285001	0.669440162915124	0.932739294810597	0.937080300306784	0.902256465009127	0.569900020942233	0.565359438367664	0.576771663474206	0.54367107539562	0.62041417223334	0.43138119590507	0.629197885442683	0.572112984754382	0.580611725117063	0.541911450853809	0.164547022531085	0.412181157652968	0.153456687548821	0.57001114918106	0.811114728505779	0.949407720514598	0.571556597035491	0.156994745826648	0.124678071690959	0.484732617063354	0.577101579575848
cg14048785	NA	NA	NA	NA	NA	NA	NA	NA	NA	NA	NA	NA	NA	NA	NA	NA	NA	NA	NA	NA	NA	NA	NA	NA	NA	NA	NA	NA	NA	NA	NA	NA	NA	NA	NA	NA	NA	NA	NA	NA	NA	NA	NA	NA	NA	NA	NA	NA	NA	NA	NA	NA	NA	NA	NA	NA	NA	NA	NA	NA	NA	NA	NA	NA	NA	NA
cg14102569	NA	NA	NA	NA	NA	NA	NA	NA	NA	NA	NA	NA	NA	NA	NA	NA	NA	NA	NA	NA	NA	NA	NA	NA	NA	NA	NA	NA	NA	NA	NA	NA	NA	NA	NA	NA	NA	NA	NA	NA	NA	NA	NA	NA	NA	NA	NA	NA	NA	NA	NA	NA	NA	NA	NA	NA	NA	NA	NA	NA	NA	NA	NA	NA	NA	NA
cg14122723	NA	NA	NA	NA	NA	NA	NA	NA	NA	NA	NA	NA	NA	NA	NA	NA	NA	NA	NA	NA	NA	NA	NA	NA	NA	NA	NA	NA	NA	NA	NA	NA	NA	NA	NA	NA	NA	NA	NA	NA	NA	NA	NA	NA	NA	NA	NA	NA	NA	NA	NA	NA	NA	NA	NA	NA	NA	NA	NA	NA	NA	NA	NA	NA	NA	NA
cg14143323	NA	NA	NA	NA	NA	NA	NA	NA	NA	NA	NA	NA	NA	NA	NA	NA	NA	NA	NA	NA	NA	NA	NA	NA	NA	NA	NA	NA	NA	NA	NA	NA	NA	NA	NA	NA	NA	NA	NA	NA	NA	NA	NA	NA	NA	NA	NA	NA	NA	NA	NA	NA	NA	NA	NA	NA	NA	NA	NA	NA	NA	NA	NA	NA	NA	NA
cg14153625	NA	NA	NA	NA	NA	NA	NA	NA	NA	NA	NA	NA	NA	NA	NA	NA	NA	NA	NA	NA	NA	NA	NA	NA	NA	NA	NA	NA	NA	NA	NA	NA	NA	NA	NA	NA	NA	NA	NA	NA	NA	NA	NA	NA	NA	NA	NA	NA	NA	NA	NA	NA	NA	NA	NA	NA	NA	NA	NA	NA	NA	NA	NA	NA	NA	NA
cg14178937	NA	NA	NA	NA	NA	NA	NA	NA	NA	NA	NA	NA	NA	NA	NA	NA	NA	NA	NA	NA	NA	NA	NA	NA	NA	NA	NA	NA	NA	NA	NA	NA	NA	NA	NA	NA	NA	NA	NA	NA	NA	NA	NA	NA	NA	NA	NA	NA	NA	NA	NA	NA	NA	NA	NA	NA	NA	NA	NA	NA	NA	NA	NA	NA	NA	NA
cg14184524	0.173239160718699	0.342885832367947	0.0962278322003973	0.0829337102906071	0.255176498117818	0.207846488535674	0.118467352968023	0.100255075662643	0.380751566102998	0.127705358932165	0.0722033561357011	0.262104833897806	0.141759770648657	0.654656840263542	0.0700642553703824	0.222974449711983	0.217617804642507	0.20117278549798	0.144423937057496	0.350051753582519	0.0933884648122347	0.149048554475573	0.206718705255469	NA	0.244214049067047	0.875646288460599	0.456028588625989	0.476193762597452	0.460432557483739	0.457458834877666	0.0989418126175522	0.0856573240441941	0.0657740267627124	0.535846495112835	0.243578695380859	0.144297232308513	0.330860472729643	0.075279513763293	0.333528694217784	0.111919395234237	0.0991187029226706	0.552586578451811	0.537038545988079	0.521904236303856	0.241145311938216	0.107315015908615	0.0710993300435856	0.557242399205157	0.369918218247529	0.0959382509292256	0.312007133049832	0.391131229124915	0.131424693955818	0.113013150394569	0.204211025550416	0.0646548303727311	0.131827665869306	0.071700214586215	0.12151222061956	0.409639626339032	0.13401453300108	0.10278726484923	0.282615982154967	0.0974832343041934	0.517265166543275	0.257228989405421
cg14212012	0.0816110736400148	0.53801014095281	0.440331765257273	0.0390122450357401	0.697842979052852	0.205986701039585	0.112944688866236	0.445781011830917	0.724926166326109	0.754370168883175	0.121229687501784	0.0712612254321844	0.247528850125451	0.0565809364631125	NA	0.452017646417814	0.459381885906055	0.443371053296455	0.0841155162892264	0.131407601807742	0.0734294993840734	0.0893540511640831	0.0861449335421214	0.108704546283833	0.816597973923929	0.841376077837971	0.219008943454085	0.527051081266482	NA	0.0632058137838066	0.463727379981221	0.315798695407036	0.689765832307586	0.0629461552235582	0.0822128266824823	0.43769062981897	0.0891176128047842	0.0481709806531542	0.0818873219919758	0.0551951572775127	0.0492880365266873	0.464982866338172	0.0642322685806594	0.0844785587817005	0.502587096721458	0.0465963951377152	0.0630362198274881	0.0563073258278047	0.45352102651094	0.330117057159363	0.122950826034361	0.115950420920799	0.0998922677800489	0.518094060023933	0.097980084025289	0.499539764803514	0.851109730799229	0.0606320196446598	0.426602349987019	0.401703091544244	0.269318328200974	0.499750404326789	0.4870363377806	0.517285207709944	0.0979099108887736	0.30285147085301
cg14218089	NA	NA	NA	NA	NA	NA	NA	NA	NA	NA	NA	NA	NA	NA	NA	NA	NA	NA	NA	NA	NA	NA	NA	NA	NA	NA	NA	NA	NA	NA	NA	NA	NA	NA	NA	NA	NA	NA	NA	NA	NA	NA	NA	NA	NA	NA	NA	NA	NA	NA	NA	NA	NA	NA	NA	NA	NA	NA	NA	NA	NA	NA	NA	NA	NA	NA
cg14220427	NA	NA	NA	NA	NA	NA	NA	NA	NA	NA	NA	NA	NA	NA	NA	NA	NA	NA	NA	NA	NA	NA	NA	NA	NA	NA	NA	NA	NA	NA	NA	NA	NA	NA	NA	NA	NA	NA	NA	NA	NA	NA	NA	NA	NA	NA	NA	NA	NA	NA	NA	NA	NA	NA	NA	NA	NA	NA	NA	NA	NA	NA	NA	NA	NA	NA
cg14305657	NA	NA	NA	NA	NA	NA	NA	NA	NA	NA	NA	NA	NA	NA	NA	NA	NA	NA	NA	NA	NA	NA	NA	NA	NA	NA	NA	NA	NA	NA	NA	NA	NA	NA	NA	NA	NA	NA	NA	NA	NA	NA	NA	NA	NA	NA	NA	NA	NA	NA	NA	NA	NA	NA	NA	NA	NA	NA	NA	NA	NA	NA	NA	NA	NA	NA
cg14310179	NA	NA	NA	NA	NA	NA	NA	NA	NA	NA	NA	NA	NA	NA	NA	NA	NA	NA	NA	NA	NA	NA	NA	NA	NA	NA	NA	NA	NA	NA	NA	NA	NA	NA	NA	NA	NA	NA	NA	NA	NA	NA	NA	NA	NA	NA	NA	NA	NA	NA	NA	NA	NA	NA	NA	NA	NA	NA	NA	NA	NA	NA	NA	NA	NA	NA
cg14319700	NA	NA	NA	NA	NA	NA	NA	NA	NA	NA	NA	NA	NA	NA	NA	NA	NA	NA	NA	NA	NA	NA	NA	NA	NA	NA	NA	NA	NA	NA	NA	NA	NA	NA	NA	NA	NA	NA	NA	NA	NA	NA	NA	NA	NA	NA	NA	NA	NA	NA	NA	NA	NA	NA	NA	NA	NA	NA	NA	NA	NA	NA	NA	NA	NA	NA
cg14347328	NA	NA	NA	NA	NA	NA	NA	NA	NA	NA	NA	NA	NA	NA	NA	NA	NA	NA	NA	NA	NA	NA	NA	NA	NA	NA	NA	NA	NA	NA	NA	NA	NA	NA	NA	NA	NA	NA	NA	NA	NA	NA	NA	NA	NA	NA	NA	NA	NA	NA	NA	NA	NA	NA	NA	NA	NA	NA	NA	NA	NA	NA	NA	NA	NA	NA
cg14373718	NA	NA	NA	NA	NA	NA	NA	NA	NA	NA	NA	NA	NA	NA	NA	NA	NA	NA	NA	NA	NA	NA	NA	NA	NA	NA	NA	NA	NA	NA	NA	NA	NA	NA	NA	NA	NA	NA	NA	NA	NA	NA	NA	NA	NA	NA	NA	NA	NA	NA	NA	NA	NA	NA	NA	NA	NA	NA	NA	NA	NA	NA	NA	NA	NA	NA
cg14390884	NA	NA	NA	NA	NA	NA	NA	NA	NA	NA	NA	NA	NA	NA	NA	NA	NA	NA	NA	NA	NA	NA	NA	NA	NA	NA	NA	NA	NA	NA	NA	NA	NA	NA	NA	NA	NA	NA	NA	NA	NA	NA	NA	NA	NA	NA	NA	NA	NA	NA	NA	NA	NA	NA	NA	NA	NA	NA	NA	NA	NA	NA	NA	NA	NA	NA
cg14404146	NA	NA	NA	NA	NA	NA	NA	NA	NA	NA	NA	NA	NA	NA	NA	NA	NA	NA	NA	NA	NA	NA	NA	NA	NA	NA	NA	NA	NA	NA	NA	NA	NA	NA	NA	NA	NA	NA	NA	NA	NA	NA	NA	NA	NA	NA	NA	NA	NA	NA	NA	NA	NA	NA	NA	NA	NA	NA	NA	NA	NA	NA	NA	NA	NA	NA
cg14430410	NA	NA	NA	NA	NA	NA	NA	NA	NA	NA	NA	NA	NA	NA	NA	NA	NA	NA	NA	NA	NA	NA	NA	NA	NA	NA	NA	NA	NA	NA	NA	NA	NA	NA	NA	NA	NA	NA	NA	NA	NA	NA	NA	NA	NA	NA	NA	NA	NA	NA	NA	NA	NA	NA	NA	NA	NA	NA	NA	NA	NA	NA	NA	NA	NA	NA
cg14444297	NA	NA	NA	NA	NA	NA	NA	NA	NA	NA	NA	NA	NA	NA	NA	NA	NA	NA	NA	NA	NA	NA	NA	NA	NA	NA	NA	NA	NA	NA	NA	NA	NA	NA	NA	NA	NA	NA	NA	NA	NA	NA	NA	NA	NA	NA	NA	NA	NA	NA	NA	NA	NA	NA	NA	NA	NA	NA	NA	NA	NA	NA	NA	NA	NA	NA
cg14558728	NA	NA	NA	NA	NA	NA	NA	NA	NA	NA	NA	NA	NA	NA	NA	NA	NA	NA	NA	NA	NA	NA	NA	NA	NA	NA	NA	NA	NA	NA	NA	NA	NA	NA	NA	NA	NA	NA	NA	NA	NA	NA	NA	NA	NA	NA	NA	NA	NA	NA	NA	NA	NA	NA	NA	NA	NA	NA	NA	NA	NA	NA	NA	NA	NA	NA
cg14571682	0.946251517342991	0.958187659445788	0.960307011023293	0.945098885993162	0.963872480156643	0.958049064985153	0.954569101442476	0.958617723629167	0.928694768639452	0.945374091789754	0.947926486793105	0.942440027098817	0.944763593169037	0.937913614813774	0.940068048862695	0.946526253811632	0.933652937669341	0.9288376067499	0.969268058077999	0.963416668902182	0.947241827487793	0.957149213537463	0.827168124829827	0.93258127853113	0.933162652471715	0.95867726500661	0.953455510949805	0.928933863412244	0.966803309667769	0.951289289567476	0.955941085630639	0.943930160694028	0.9344869779645	0.961091557264407	0.955564674307982	0.960963779843881	0.938205382308815	0.964515492683378	0.936692282712262	0.93156539116991	0.916649812876881	0.93869289558619	0.938524688319084	0.941965987778436	0.947741878973197	0.96580518914601	0.592525643673736	0.952448460723175	0.960090254466515	0.951280822691863	0.949676322372368	0.949326658495762	0.953731463814068	0.957210739297069	0.968039963156901	0.950297468432833	0.963186712424246	0.960323472297378	0.950713865884601	0.948567844350542	0.955185195370136	0.936333530713214	0.949817343345488	0.937376135793639	0.93441148233764	0.957602525614573
cg14595915	NA	NA	NA	NA	NA	NA	NA	NA	NA	NA	NA	NA	NA	NA	NA	NA	NA	NA	NA	NA	NA	NA	NA	NA	NA	NA	NA	NA	NA	NA	NA	NA	NA	NA	NA	NA	NA	NA	NA	NA	NA	NA	NA	NA	NA	NA	NA	NA	NA	NA	NA	NA	NA	NA	NA	NA	NA	NA	NA	NA	NA	NA	NA	NA	NA	NA
cg14607955	0.947413091150194	0.953699936903797	0.951045412699007	0.929954435662318	0.947108338648376	0.947589672814349	0.94134178463544	0.93765141206671	0.939416388592048	0.937845236539302	0.934632556094494	0.951171569499596	0.962262210425662	0.94586523993984	0.939787644913251	0.914365005301603	0.935297052062143	0.938265913206033	0.933744299033601	0.953258609787163	0.939847959115495	0.935109868700356	0.937408482541908	0.950985885801753	0.923784302941328	0.952842516760711	0.958964482353302	0.934368334197705	0.967843113195858	0.924594906751934	0.940749136851673	0.945938945852243	0.94934048920979	0.95329814240866	0.963794660045063	0.94830920917398	0.960184055337194	0.952240527311721	0.928967333677176	0.935789524598658	0.954656078147696	0.931613722908192	0.957776816505774	0.944143795683145	0.926190383301869	0.952008661957215	0.934817039711952	0.946224484278185	0.951288312486582	0.946793498936891	0.938904528440131	0.965799314836037	0.953779736730168	0.950645505665199	0.946281003972282	0.929956167623326	0.962615975092311	0.95962130325004	0.947210602428345	0.950719924945222	0.96102955175062	0.935307794814441	0.942112401263262	0.941685801439175	0.937062854615364	0.440569743703337
cg14615553	0.956272522052112	0.929360300457172	0.946623070311646	0.764005008547176	0.956335534124326	0.94461073899316	0.960942303506296	0.938943495351038	0.917456193640769	NA	0.93254498392147	0.950693484053109	0.938766080365154	0.936862982349744	0.927365481327873	0.940421357241318	0.936374382106225	0.914255300969972	0.949389323395229	0.928094205271457	0.944066020922701	0.936385037244568	0.648491532766749	0.948241443707229	0.947770295101876	0.965176759904811	0.913841836900187	0.920514209560231	0.92725208467016	0.964144822801777	0.951068837594948	0.945522273647398	0.943349822107743	0.953171428139287	0.94864262462114	0.943243868210652	0.94668072563642	0.958827604467433	0.394307314778607	0.944154442370633	0.954520099192718	0.958435534634702	0.508609577031817	0.91748927863149	0.80453518229732	0.293545871465573	0.929899122985296	0.946299030396407	0.954556783622822	0.921963281242499	0.91921063886995	0.928025448192137	0.909542684568774	0.933210893971586	0.954872169967055	0.946323324101765	0.942828365422483	0.909000417774349	0.952263265110509	0.932734992180502	0.930655523391179	0.93623849741609	0.948399419843138	0.939530284211113	0.923258218941896	0.942348642991578
cg14642414	0.9155327823191	0.905464627618274	0.935179710895254	0.952715311294208	0.923617879380612	0.916547762703325	0.942690998266398	0.894723459953592	0.935190397608355	0.924308587853915	0.888709464901677	0.9275898849233	0.930630900131198	0.928103880598398	0.876412054373753	0.959424692294854	0.922607038673285	0.916447728969253	0.933665055547991	0.893761048482819	0.954604539983856	0.904201452887653	0.557772701853969	0.922375654654501	0.929419876038614	0.925827982818933	0.90460708703953	0.919843096422482	0.949127955424277	0.899606706045651	0.931557777336795	0.918778376709698	0.916691052625251	0.884953498257217	0.909186467971047	0.924833353691748	0.921126667640272	0.92407378573213	0.885921870995684	0.916981599302677	0.928247781309192	0.937955324368563	0.54202104840847	0.366092281406253	0.450982603199055	0.93457266764582	0.933988966576498	0.949667462800738	0.907640286400671	0.295673101511226	0.590685382648773	0.952429222643101	0.934800953182994	0.946617955600361	0.942841997413842	0.937890831093807	0.944524990369875	0.94936456703661	0.947031033175828	0.891753469415857	0.949387946951516	0.949123597758188	0.948584432933869	0.93294976822373	0.876502949878099	0.875793064821261
cg14650677	NA	NA	NA	NA	NA	NA	NA	NA	NA	NA	NA	NA	NA	NA	NA	NA	NA	NA	NA	NA	NA	NA	NA	NA	NA	NA	NA	NA	NA	NA	NA	NA	NA	NA	NA	NA	NA	NA	NA	NA	NA	NA	NA	NA	NA	NA	NA	NA	NA	NA	NA	NA	NA	NA	NA	NA	NA	NA	NA	NA	NA	NA	NA	NA	NA	NA
cg14670213	0.943603671809597	0.95376128274948	0.951748751167987	0.950853676996443	0.944302536731207	0.959638549533696	0.959338443340593	0.936205196555805	0.937436044259035	0.879970155567087	0.964805617394779	0.955659190199607	0.930144748767995	0.962666786965105	0.942264421018715	0.904416427508943	0.916770127396064	0.953839606588446	0.959868297023288	0.947961272519563	0.943537341156164	0.947284605586601	0.705201751917824	0.954258900294953	0.958573377116542	0.965917129266029	0.933898705432895	0.940151873673137	0.931521565464033	0.964877827839225	0.958392518606901	0.951325691898098	0.931461152880716	0.955037990219195	0.937071342313268	0.963944191406873	0.939456987951979	0.944348629376029	0.420311198438969	0.932106202609419	0.950376125066492	0.958168255513533	NA	0.9327176713971	0.950777273095803	0.96151608885794	0.953711335377995	0.951612270479536	0.960404734940235	0.954379392997303	0.948410952874112	0.876582502522735	0.938028107170156	0.953334997842432	0.960125990655867	0.963643827253145	0.939809860616727	0.931019072029646	0.961263071646943	0.939742817620286	0.947747090862204	0.94959343203013	0.95941104135149	0.944863560497166	0.953905650560427	0.911265720533406
cg14673247	0.128088384582716	0.119720641214036	0.0760914778830815	0.0701172883368946	0.108895074852518	0.0854701634213211	0.136458779288815	0.113321093016695	0.115243463734314	0.100980837724336	0.0985371305332686	0.187861209401271	0.0695809105699888	0.0980255513163419	0.090667524634834	0.131961935340373	0.499440108899547	0.0963581338061534	0.573032340550327	0.2263725984787	0.0682499370071739	0.119576737978381	0.190393335414923	0.124495607808382	0.124498916333785	0.0953274826213767	0.17599188053799	0.251341051936748	0.220034705194311	0.441138295755877	0.079299837789668	0.0599916239537521	0.0857207463558438	0.119019387136617	0.166580793000042	0.10564167406189	0.0942360690892846	0.067905005606106	0.297490612536586	0.293642521292581	0.0694919655816546	0.0910383646481954	0.0857683121916489	0.105473231226017	0.221565097308428	0.549377311760829	0.0803165335049364	0.0802534438200477	0.203981855267505	0.507560969721258	0.304310221759051	0.21538589238153	0.0481113648949984	0.537102731610094	0.239210889345927	0.0533676984903594	0.167650272253898	0.0768256681805677	0.129247811161036	0.173914729584174	0.0677381650206356	0.0708608661763608	0.0583348775003633	0.0676708549091114	0.26687709841918	0.119048195881749
cg14677013	NA	NA	NA	NA	NA	NA	NA	NA	NA	NA	NA	NA	NA	NA	NA	NA	NA	NA	NA	NA	NA	NA	NA	NA	NA	NA	NA	NA	NA	NA	NA	NA	NA	NA	NA	NA	NA	NA	NA	NA	NA	NA	NA	NA	NA	NA	NA	NA	NA	NA	NA	NA	NA	NA	NA	NA	NA	NA	NA	NA	NA	NA	NA	NA	NA	NA
cg14683055	NA	NA	NA	NA	NA	NA	NA	NA	NA	NA	NA	NA	NA	NA	NA	NA	NA	NA	NA	NA	NA	NA	NA	NA	NA	NA	NA	NA	NA	NA	NA	NA	NA	NA	NA	NA	NA	NA	NA	NA	NA	NA	NA	NA	NA	NA	NA	NA	NA	NA	NA	NA	NA	NA	NA	NA	NA	NA	NA	NA	NA	NA	NA	NA	NA	NA
cg14706226	NA	NA	NA	NA	NA	NA	NA	NA	NA	NA	NA	NA	NA	NA	NA	NA	NA	NA	NA	NA	NA	NA	NA	NA	NA	NA	NA	NA	NA	NA	NA	NA	NA	NA	NA	NA	NA	NA	NA	NA	NA	NA	NA	NA	NA	NA	NA	NA	NA	NA	NA	NA	NA	NA	NA	NA	NA	NA	NA	NA	NA	NA	NA	NA	NA	NA
cg14707886	0.937579748342621	0.937460347266178	0.928640156925111	0.932297178683818	0.950904404904926	0.938265204564896	0.927312560781162	0.929131861869082	0.953851074281424	0.944254654974435	0.941951351513163	0.935367844155306	0.950180892371253	0.937408066757847	0.929066396066628	0.946621957887208	0.933731293291229	0.945417006245088	0.954306362831143	0.94164172705839	0.947044337633879	0.931977783264715	0.954642372913601	0.94557087570371	0.929395013192245	0.94062352599142	0.947971916978279	0.930678496261971	0.933270108744029	0.947005420108827	0.950914153621043	0.943286067611831	0.928371741172294	0.930774944388586	0.937274560413571	0.942861145926523	0.940637799874494	0.945000745428904	0.941029841913088	0.940976644166771	0.949231013165189	0.935431542874551	0.945662714407475	0.949123767702182	0.921367659527453	0.942439874465465	0.941056283463521	0.933272101158288	0.946101796302342	0.938998604947583	0.955018080380774	0.928375208808984	0.920497480165059	0.952942097716257	0.952782777892774	0.95215983559817	0.93733419111466	0.931598285388275	0.9624030607073	0.927038515811819	0.93058639983124	0.939170434828775	0.929837290067815	0.917240618009511	0.944630642063751	0.939304460641302
cg14715098	NA	NA	NA	NA	NA	NA	NA	NA	NA	NA	NA	NA	NA	NA	NA	NA	NA	NA	NA	NA	NA	NA	NA	NA	NA	NA	NA	NA	NA	NA	NA	NA	NA	NA	NA	NA	NA	NA	NA	NA	NA	NA	NA	NA	NA	NA	NA	NA	NA	NA	NA	NA	NA	NA	NA	NA	NA	NA	NA	NA	NA	NA	NA	NA	NA	NA
cg14741811	NA	NA	NA	NA	NA	NA	NA	NA	NA	NA	NA	NA	NA	NA	NA	NA	NA	NA	NA	NA	NA	NA	NA	NA	NA	NA	NA	NA	NA	NA	NA	NA	NA	NA	NA	NA	NA	NA	NA	NA	NA	NA	NA	NA	NA	NA	NA	NA	NA	NA	NA	NA	NA	NA	NA	NA	NA	NA	NA	NA	NA	NA	NA	NA	NA	NA
cg14756640	NA	NA	NA	NA	NA	NA	NA	NA	NA	NA	NA	NA	NA	NA	NA	NA	NA	NA	NA	NA	NA	NA	NA	NA	NA	NA	NA	NA	NA	NA	NA	NA	NA	NA	NA	NA	NA	NA	NA	NA	NA	NA	NA	NA	NA	NA	NA	NA	NA	NA	NA	NA	NA	NA	NA	NA	NA	NA	NA	NA	NA	NA	NA	NA	NA	NA
cg14757759	NA	NA	NA	NA	NA	NA	NA	NA	NA	NA	NA	NA	NA	NA	NA	NA	NA	NA	NA	NA	NA	NA	NA	NA	NA	NA	NA	NA	NA	NA	NA	NA	NA	NA	NA	NA	NA	NA	NA	NA	NA	NA	NA	NA	NA	NA	NA	NA	NA	NA	NA	NA	NA	NA	NA	NA	NA	NA	NA	NA	NA	NA	NA	NA	NA	NA
cg14773480	NA	NA	NA	NA	NA	NA	NA	NA	NA	NA	NA	NA	NA	NA	NA	NA	NA	NA	NA	NA	NA	NA	NA	NA	NA	NA	NA	NA	NA	NA	NA	NA	NA	NA	NA	NA	NA	NA	NA	NA	NA	NA	NA	NA	NA	NA	NA	NA	NA	NA	NA	NA	NA	NA	NA	NA	NA	NA	NA	NA	NA	NA	NA	NA	NA	NA
cg14798158	NA	NA	NA	NA	NA	NA	NA	NA	NA	NA	NA	NA	NA	NA	NA	NA	NA	NA	NA	NA	NA	NA	NA	NA	NA	NA	NA	NA	NA	NA	NA	NA	NA	NA	NA	NA	NA	NA	NA	NA	NA	NA	NA	NA	NA	NA	NA	NA	NA	NA	NA	NA	NA	NA	NA	NA	NA	NA	NA	NA	NA	NA	NA	NA	NA	NA
cg14835746	NA	NA	NA	NA	NA	NA	NA	NA	NA	NA	NA	NA	NA	NA	NA	NA	NA	NA	NA	NA	NA	NA	NA	NA	NA	NA	NA	NA	NA	NA	NA	NA	NA	NA	NA	NA	NA	NA	NA	NA	NA	NA	NA	NA	NA	NA	NA	NA	NA	NA	NA	NA	NA	NA	NA	NA	NA	NA	NA	NA	NA	NA	NA	NA	NA	NA
cg14840439	NA	NA	NA	NA	NA	NA	NA	NA	NA	NA	NA	NA	NA	NA	NA	NA	NA	NA	NA	NA	NA	NA	NA	NA	NA	NA	NA	NA	NA	NA	NA	NA	NA	NA	NA	NA	NA	NA	NA	NA	NA	NA	NA	NA	NA	NA	NA	NA	NA	NA	NA	NA	NA	NA	NA	NA	NA	NA	NA	NA	NA	NA	NA	NA	NA	NA
cg14841222	NA	NA	NA	NA	NA	NA	NA	NA	NA	NA	NA	NA	NA	NA	NA	NA	NA	NA	NA	NA	NA	NA	NA	NA	NA	NA	NA	NA	NA	NA	NA	NA	NA	NA	NA	NA	NA	NA	NA	NA	NA	NA	NA	NA	NA	NA	NA	NA	NA	NA	NA	NA	NA	NA	NA	NA	NA	NA	NA	NA	NA	NA	NA	NA	NA	NA
cg14852920	NA	NA	NA	NA	NA	NA	NA	NA	NA	NA	NA	NA	NA	NA	NA	NA	NA	NA	NA	NA	NA	NA	NA	NA	NA	NA	NA	NA	NA	NA	NA	NA	NA	NA	NA	NA	NA	NA	NA	NA	NA	NA	NA	NA	NA	NA	NA	NA	NA	NA	NA	NA	NA	NA	NA	NA	NA	NA	NA	NA	NA	NA	NA	NA	NA	NA
cg14857615	NA	NA	NA	NA	NA	NA	NA	NA	NA	NA	NA	NA	NA	NA	NA	NA	NA	NA	NA	NA	NA	NA	NA	NA	NA	NA	NA	NA	NA	NA	NA	NA	NA	NA	NA	NA	NA	NA	NA	NA	NA	NA	NA	NA	NA	NA	NA	NA	NA	NA	NA	NA	NA	NA	NA	NA	NA	NA	NA	NA	NA	NA	NA	NA	NA	NA
cg14882797	NA	NA	NA	NA	NA	NA	NA	NA	NA	NA	NA	NA	NA	NA	NA	NA	NA	NA	NA	NA	NA	NA	NA	NA	NA	NA	NA	NA	NA	NA	NA	NA	NA	NA	NA	NA	NA	NA	NA	NA	NA	NA	NA	NA	NA	NA	NA	NA	NA	NA	NA	NA	NA	NA	NA	NA	NA	NA	NA	NA	NA	NA	NA	NA	NA	NA
cg14959695	NA	NA	NA	NA	NA	NA	NA	NA	NA	NA	NA	NA	NA	NA	NA	NA	NA	NA	NA	NA	NA	NA	NA	NA	NA	NA	NA	NA	NA	NA	NA	NA	NA	NA	NA	NA	NA	NA	NA	NA	NA	NA	NA	NA	NA	NA	NA	NA	NA	NA	NA	NA	NA	NA	NA	NA	NA	NA	NA	NA	NA	NA	NA	NA	NA	NA
cg14985830	NA	NA	NA	NA	NA	NA	NA	NA	NA	NA	NA	NA	NA	NA	NA	NA	NA	NA	NA	NA	NA	NA	NA	NA	NA	NA	NA	NA	NA	NA	NA	NA	NA	NA	NA	NA	NA	NA	NA	NA	NA	NA	NA	NA	NA	NA	NA	NA	NA	NA	NA	NA	NA	NA	NA	NA	NA	NA	NA	NA	NA	NA	NA	NA	NA	NA
cg15007326	NA	NA	NA	NA	NA	NA	NA	NA	NA	NA	NA	NA	NA	NA	NA	NA	NA	NA	NA	NA	NA	NA	NA	NA	NA	NA	NA	NA	NA	NA	NA	NA	NA	NA	NA	NA	NA	NA	NA	NA	NA	NA	NA	NA	NA	NA	NA	NA	NA	NA	NA	NA	NA	NA	NA	NA	NA	NA	NA	NA	NA	NA	NA	NA	NA	NA
cg15035590	0.943658538969439	0.72957388296013	0.943225348012452	0.638923211264521	0.936113049179597	0.9510758310854	0.934782252930942	0.950273564886169	0.915143387755168	0.933506576846036	0.932690394382243	0.958499832800594	0.952031841479295	0.931540242175688	0.937620706030043	0.950523909671934	0.705212210492219	0.936258333928811	0.955300358834086	0.945850227329475	0.957001613243559	0.937217606078777	0.948787100147144	0.949294568730544	0.956472608854992	0.934661834689412	0.931878454136279	0.940402311114694	0.788222868282184	0.707180177618457	0.956117933448354	0.779638353952994	0.963131042603242	0.963766748307156	0.935676458709262	0.720184752603097	0.941149846359529	0.94600932952682	0.949524973708854	0.939291458676803	0.963403762382322	0.953138410255192	0.953511943101148	0.730946311622077	0.950938377643737	0.960518767814885	0.950626286179169	0.961848343632088	0.948017760258964	0.948122102115208	0.893900880658923	0.930509863661502	0.569269319452615	0.954364180012808	0.931584487485869	0.952681120658917	0.560732283460012	0.706896538678427	0.906124953323592	0.95288476309041	0.94209414156361	0.949111898863722	0.96062736498276	0.950727983365391	0.919767440974082	0.95191005704491
cg15057836	NA	NA	NA	NA	NA	NA	NA	NA	NA	NA	NA	NA	NA	NA	NA	NA	NA	NA	NA	NA	NA	NA	NA	NA	NA	NA	NA	NA	NA	NA	NA	NA	NA	NA	NA	NA	NA	NA	NA	NA	NA	NA	NA	NA	NA	NA	NA	NA	NA	NA	NA	NA	NA	NA	NA	NA	NA	NA	NA	NA	NA	NA	NA	NA	NA	NA
cg15067764	NA	NA	NA	NA	NA	NA	NA	NA	NA	NA	NA	NA	NA	NA	NA	NA	NA	NA	NA	NA	NA	NA	NA	NA	NA	NA	NA	NA	NA	NA	NA	NA	NA	NA	NA	NA	NA	NA	NA	NA	NA	NA	NA	NA	NA	NA	NA	NA	NA	NA	NA	NA	NA	NA	NA	NA	NA	NA	NA	NA	NA	NA	NA	NA	NA	NA
cg15077416	NA	NA	NA	NA	NA	NA	NA	NA	NA	NA	NA	NA	NA	NA	NA	NA	NA	NA	NA	NA	NA	NA	NA	NA	NA	NA	NA	NA	NA	NA	NA	NA	NA	NA	NA	NA	NA	NA	NA	NA	NA	NA	NA	NA	NA	NA	NA	NA	NA	NA	NA	NA	NA	NA	NA	NA	NA	NA	NA	NA	NA	NA	NA	NA	NA	NA
cg15112210	0.955868174001719	0.964617944642071	0.956894546021503	0.957598506662651	0.971265189273493	0.902672717298559	0.960637941921088	0.964167258440854	0.956974629575439	0.948863634174183	0.943276928726793	0.968980797124218	0.946228002371718	0.961950873190129	0.938324101781026	0.968728820871964	0.964286823662792	0.960165094347078	0.964851349932942	0.959805576804443	0.95461359285764	0.954573310869421	0.537276264167551	0.95907775434684	0.964651412841389	0.972346847233046	0.955916724885504	0.944513484909274	0.963615291615969	0.967097764776421	0.953177620110491	0.956849113950075	0.970283332496598	0.962572787341669	0.957233675954649	0.953660580167618	0.935685129027495	0.960689277854621	0.47457410141559	0.97080471946641	0.970149783787673	0.96752950840514	0.673026932195879	0.959473791092473	0.9555574787068	0.968796097987968	0.951449602180828	0.963946557675891	0.960679145445289	0.954426564442628	0.953599561104634	0.930456785708999	0.942642783639891	0.96147753071387	0.966264608094971	0.956222207439121	0.955502294061285	0.956675072879444	0.964449816073558	0.640499422187699	0.961712980184058	0.963129916334929	0.963885813330452	0.95709814437368	0.964376426616925	0.944545330208474
cg15162320	NA	NA	NA	NA	NA	NA	NA	NA	NA	NA	NA	NA	NA	NA	NA	NA	NA	NA	NA	NA	NA	NA	NA	NA	NA	NA	NA	NA	NA	NA	NA	NA	NA	NA	NA	NA	NA	NA	NA	NA	NA	NA	NA	NA	NA	NA	NA	NA	NA	NA	NA	NA	NA	NA	NA	NA	NA	NA	NA	NA	NA	NA	NA	NA	NA	NA
cg15172011	NA	NA	NA	NA	NA	NA	NA	NA	NA	NA	NA	NA	NA	NA	NA	NA	NA	NA	NA	NA	NA	NA	NA	NA	NA	NA	NA	NA	NA	NA	NA	NA	NA	NA	NA	NA	NA	NA	NA	NA	NA	NA	NA	NA	NA	NA	NA	NA	NA	NA	NA	NA	NA	NA	NA	NA	NA	NA	NA	NA	NA	NA	NA	NA	NA	NA
cg15175091	NA	NA	NA	NA	NA	NA	NA	NA	NA	NA	NA	NA	NA	NA	NA	NA	NA	NA	NA	NA	NA	NA	NA	NA	NA	NA	NA	NA	NA	NA	NA	NA	NA	NA	NA	NA	NA	NA	NA	NA	NA	NA	NA	NA	NA	NA	NA	NA	NA	NA	NA	NA	NA	NA	NA	NA	NA	NA	NA	NA	NA	NA	NA	NA	NA	NA
cg15263875	NA	NA	NA	NA	NA	NA	NA	NA	NA	NA	NA	NA	NA	NA	NA	NA	NA	NA	NA	NA	NA	NA	NA	NA	NA	NA	NA	NA	NA	NA	NA	NA	NA	NA	NA	NA	NA	NA	NA	NA	NA	NA	NA	NA	NA	NA	NA	NA	NA	NA	NA	NA	NA	NA	NA	NA	NA	NA	NA	NA	NA	NA	NA	NA	NA	NA
cg15293759	NA	NA	NA	NA	NA	NA	NA	NA	NA	NA	NA	NA	NA	NA	NA	NA	NA	NA	NA	NA	NA	NA	NA	NA	NA	NA	NA	NA	NA	NA	NA	NA	NA	NA	NA	NA	NA	NA	NA	NA	NA	NA	NA	NA	NA	NA	NA	NA	NA	NA	NA	NA	NA	NA	NA	NA	NA	NA	NA	NA	NA	NA	NA	NA	NA	NA
cg15323066	NA	NA	NA	NA	NA	NA	NA	NA	NA	NA	NA	NA	NA	NA	NA	NA	NA	NA	NA	NA	NA	NA	NA	NA	NA	NA	NA	NA	NA	NA	NA	NA	NA	NA	NA	NA	NA	NA	NA	NA	NA	NA	NA	NA	NA	NA	NA	NA	NA	NA	NA	NA	NA	NA	NA	NA	NA	NA	NA	NA	NA	NA	NA	NA	NA	NA
cg15330419	NA	NA	NA	NA	NA	NA	NA	NA	NA	NA	NA	NA	NA	NA	NA	NA	NA	NA	NA	NA	NA	NA	NA	NA	NA	NA	NA	NA	NA	NA	NA	NA	NA	NA	NA	NA	NA	NA	NA	NA	NA	NA	NA	NA	NA	NA	NA	NA	NA	NA	NA	NA	NA	NA	NA	NA	NA	NA	NA	NA	NA	NA	NA	NA	NA	NA
cg15347484	NA	NA	NA	NA	NA	NA	NA	NA	NA	NA	NA	NA	NA	NA	NA	NA	NA	NA	NA	NA	NA	NA	NA	NA	NA	NA	NA	NA	NA	NA	NA	NA	NA	NA	NA	NA	NA	NA	NA	NA	NA	NA	NA	NA	NA	NA	NA	NA	NA	NA	NA	NA	NA	NA	NA	NA	NA	NA	NA	NA	NA	NA	NA	NA	NA	NA
cg15358035	NA	NA	NA	NA	NA	NA	NA	NA	NA	NA	NA	NA	NA	NA	NA	NA	NA	NA	NA	NA	NA	NA	NA	NA	NA	NA	NA	NA	NA	NA	NA	NA	NA	NA	NA	NA	NA	NA	NA	NA	NA	NA	NA	NA	NA	NA	NA	NA	NA	NA	NA	NA	NA	NA	NA	NA	NA	NA	NA	NA	NA	NA	NA	NA	NA	NA
cg15412313	0.916509903218421	0.946552190732247	0.922689475437868	0.906154625678215	0.922886482512613	0.894983253106501	0.94458117949808	0.928792462180929	0.907636198506997	0.913366576864751	0.775534369616895	0.910334055689591	0.832623894144162	0.810919004211759	0.899889415055827	0.865354727645223	0.895549224178428	0.915725323457653	0.908431065323099	0.806241542420186	0.933657635812045	0.928055793853726	0.93751609220094	0.906586393647834	0.904861009332424	0.894560993042097	0.914448702513816	0.918368066785236	0.896638421957656	0.918644606037811	0.926325865452049	0.896348321508598	0.891294494438853	0.908842134658011	0.921673825248079	0.920618586859273	0.951575158676487	0.90278511984543	0.564343687292035	0.906819903331742	0.844641507345787	0.900106239922005	0.896330874227158	0.853827719885318	0.903820104933514	0.933179452204769	0.84100326848191	0.891156346388289	0.914959419474655	0.890027382433377	0.915260004611668	0.935131059928546	0.934255055551998	0.896630082772156	0.931737438177396	0.932488776449816	0.896636437584092	0.878854620359504	0.67759403538202	0.775577532670599	0.901844768883969	0.939088066207289	0.833977108338406	0.863199685213308	0.858154200043348	0.936648843845758
cg15442567	NA	NA	NA	NA	NA	NA	NA	NA	NA	NA	NA	NA	NA	NA	NA	NA	NA	NA	NA	NA	NA	NA	NA	NA	NA	NA	NA	NA	NA	NA	NA	NA	NA	NA	NA	NA	NA	NA	NA	NA	NA	NA	NA	NA	NA	NA	NA	NA	NA	NA	NA	NA	NA	NA	NA	NA	NA	NA	NA	NA	NA	NA	NA	NA	NA	NA
cg15535686	0.963308029438794	0.968585228869665	0.968212049589101	0.962829806147137	0.963584504692864	0.959901106721105	0.963441544110228	0.956179762504542	0.963028710033774	0.952238428572962	0.960728130712442	0.971418610540438	0.959878291885	0.950664185883964	0.543278313137126	0.963137126307333	0.961219995180486	0.959009920734176	0.966289375099558	0.966384584310204	0.948586409312833	0.959950750906193	0.719953468248795	0.944123926482911	0.969004122112219	0.96636229449995	0.970196380552396	0.957016416684179	0.957784672762331	0.953963777404088	0.964375709418915	0.965979729447943	0.972484441471943	0.958811896075481	0.961198759919843	0.962746323717852	0.968418830392317	0.969771464076709	0.964443427057807	0.960113448505415	0.953463208614277	0.961986332626971	0.954217468517664	0.953542564426645	0.968827860933108	0.956597945257084	0.947677050477873	0.964671248078071	0.960932647570611	0.96709002469446	0.93341535911927	0.956386058602331	0.964961780588368	0.963900178104051	0.948883162090954	0.973218291453456	0.954063138511297	0.969960401542731	0.70702845719674	0.966204539651241	0.935943700166777	0.972314630257302	0.967027806048069	0.947603221758825	0.964877317626254	0.971874465763281
cg15548284	NA	NA	NA	NA	NA	NA	NA	NA	NA	NA	NA	NA	NA	NA	NA	NA	NA	NA	NA	NA	NA	NA	NA	NA	NA	NA	NA	NA	NA	NA	NA	NA	NA	NA	NA	NA	NA	NA	NA	NA	NA	NA	NA	NA	NA	NA	NA	NA	NA	NA	NA	NA	NA	NA	NA	NA	NA	NA	NA	NA	NA	NA	NA	NA	NA	NA
cg15553710	NA	NA	NA	NA	NA	NA	NA	NA	NA	NA	NA	NA	NA	NA	NA	NA	NA	NA	NA	NA	NA	NA	NA	NA	NA	NA	NA	NA	NA	NA	NA	NA	NA	NA	NA	NA	NA	NA	NA	NA	NA	NA	NA	NA	NA	NA	NA	NA	NA	NA	NA	NA	NA	NA	NA	NA	NA	NA	NA	NA	NA	NA	NA	NA	NA	NA
cg15556873	0.898450693790978	0.679537390894113	0.873538466920857	0.928735172255776	0.930820268263117	0.831139868784077	0.238671033319293	0.883763947586697	0.637694387912864	0.867662322793195	0.643425870125619	0.927350849150139	NA	0.393786972642308	0.179177397334086	0.367207922553165	0.906194023555072	0.193358591665646	0.879216747434964	0.385356004903318	0.198925264998253	0.862187649488804	0.607090136604779	NA	NA	0.129581897571113	0.698626857670475	0.691785797777429	0.782295975013991	0.258288678140338	0.913884465715564	0.200458510920098	0.922004664545267	0.885377937869126	0.912358132202398	0.918492777475185	0.631892334838337	0.918444223373221	0.904764197027364	0.900547000829248	0.903493573318074	0.914033601049664	NA	0.712861116815424	NA	0.913668197251169	0.892346048554838	0.924564112399459	0.260824316646281	0.902615756648852	0.511797372310816	0.276965830458696	0.909917122201232	0.905623489196889	0.915118377624895	0.900816196986311	0.20183511735552	0.888075128224193	0.9246086495573	0.800636775773676	0.895455094322509	0.18576733535054	0.922748904774923	NA	0.710441737488237	0.282284107441202
cg15560337	0.711676465116264	0.733039480482579	0.760427499929784	0.717883445162685	0.399570100380168	0.740240714904613	0.785843453205421	0.534284900161188	0.578781113919203	0.702068334289804	0.722643296775246	0.514382984492048	0.759985722339678	0.672296314569843	0.761510108357457	0.517829058614353	0.710779432410774	0.693964488430775	0.732304612616342	0.471369590491552	0.671358172065896	0.686022822947737	0.230874341997339	0.621603759599271	0.703733934279518	0.769101477258303	0.565005254695108	0.682655970129512	0.691357753249232	0.720806009359285	0.793572650854006	0.767096718505936	0.567445150644557	0.687933201305596	0.68979490401866	0.726731626064983	0.735554427392142	0.723343063486995	0.333061868373035	0.484790390015451	0.694138164816453	0.764432955959287	0.61039490373655	0.701962222547898	0.70966084825625	0.480757993839097	0.783311231648831	0.718186678045163	0.651816754701265	0.730506546807264	0.688513861179028	0.531765734787376	0.240863659637615	0.779124997681554	0.539591449864416	0.710774007647616	0.719519630300859	0.746421529405981	0.615172711484356	0.540077250728243	0.683460537662775	0.761996538873114	0.497444642310229	0.779690426397737	0.71472912925072	0.561810499756742
cg15603614	NA	NA	NA	NA	NA	NA	NA	NA	NA	NA	NA	NA	NA	NA	NA	NA	NA	NA	NA	NA	NA	NA	NA	NA	NA	NA	NA	NA	NA	NA	NA	NA	NA	NA	NA	NA	NA	NA	NA	NA	NA	NA	NA	NA	NA	NA	NA	NA	NA	NA	NA	NA	NA	NA	NA	NA	NA	NA	NA	NA	NA	NA	NA	NA	NA	NA
cg15604398	0.940230798558898	0.938952578296721	0.915564284956476	0.946548369804528	0.955393942695657	0.753302825589859	0.947967353675994	0.45180442291611	0.929481504150199	0.917842914554505	0.919205157798114	0.955862602423963	0.889648825832325	0.55725018488727	0.93763721580156	NA	0.508995949414828	0.938439199840298	0.935696260775739	0.937337364621616	0.767529092504157	0.935561380616634	0.875350501886526	0.904623941637398	0.939292242979066	0.949008884083055	0.926504592469347	0.927387907072432	0.935076301395528	0.9388993132755	0.937082674180218	0.945855320264472	0.930465084012261	0.937685217457981	0.931909625914686	0.943137405294637	0.926260343696969	0.929654443215507	0.940678657232879	0.778024064388744	0.947826935554257	0.956064912588747	0.854716931185996	0.927390256177309	0.918823434805718	0.92344476173406	0.919829887049169	0.933092960822843	0.939226071636416	NA	0.868182850929028	0.921141329036795	0.944326666563044	0.910946752973092	0.938594414726596	0.919028532760998	0.936584517936553	0.917156908068019	0.283310129492396	0.950862206785367	0.901138029900031	0.926735632685332	0.90994486673051	0.910369356275422	0.951627621471992	0.949804397113612
cg15611936	NA	NA	NA	NA	NA	NA	NA	NA	NA	NA	NA	NA	NA	NA	NA	NA	NA	NA	NA	NA	NA	NA	NA	NA	NA	NA	NA	NA	NA	NA	NA	NA	NA	NA	NA	NA	NA	NA	NA	NA	NA	NA	NA	NA	NA	NA	NA	NA	NA	NA	NA	NA	NA	NA	NA	NA	NA	NA	NA	NA	NA	NA	NA	NA	NA	NA
cg15633618	NA	NA	NA	NA	NA	NA	NA	NA	NA	NA	NA	NA	NA	NA	NA	NA	NA	NA	NA	NA	NA	NA	NA	NA	NA	NA	NA	NA	NA	NA	NA	NA	NA	NA	NA	NA	NA	NA	NA	NA	NA	NA	NA	NA	NA	NA	NA	NA	NA	NA	NA	NA	NA	NA	NA	NA	NA	NA	NA	NA	NA	NA	NA	NA	NA	NA
cg15703165	NA	NA	NA	NA	NA	NA	NA	NA	NA	NA	NA	NA	NA	NA	NA	NA	NA	NA	NA	NA	NA	NA	NA	NA	NA	NA	NA	NA	NA	NA	NA	NA	NA	NA	NA	NA	NA	NA	NA	NA	NA	NA	NA	NA	NA	NA	NA	NA	NA	NA	NA	NA	NA	NA	NA	NA	NA	NA	NA	NA	NA	NA	NA	NA	NA	NA
cg15708382	NA	NA	NA	NA	NA	NA	NA	NA	NA	NA	NA	NA	NA	NA	NA	NA	NA	NA	NA	NA	NA	NA	NA	NA	NA	NA	NA	NA	NA	NA	NA	NA	NA	NA	NA	NA	NA	NA	NA	NA	NA	NA	NA	NA	NA	NA	NA	NA	NA	NA	NA	NA	NA	NA	NA	NA	NA	NA	NA	NA	NA	NA	NA	NA	NA	NA
cg15718106	NA	NA	NA	NA	NA	NA	NA	NA	NA	NA	NA	NA	NA	NA	NA	NA	NA	NA	NA	NA	NA	NA	NA	NA	NA	NA	NA	NA	NA	NA	NA	NA	NA	NA	NA	NA	NA	NA	NA	NA	NA	NA	NA	NA	NA	NA	NA	NA	NA	NA	NA	NA	NA	NA	NA	NA	NA	NA	NA	NA	NA	NA	NA	NA	NA	NA
cg15733632	NA	NA	NA	NA	NA	NA	NA	NA	NA	NA	NA	NA	NA	NA	NA	NA	NA	NA	NA	NA	NA	NA	NA	NA	NA	NA	NA	NA	NA	NA	NA	NA	NA	NA	NA	NA	NA	NA	NA	NA	NA	NA	NA	NA	NA	NA	NA	NA	NA	NA	NA	NA	NA	NA	NA	NA	NA	NA	NA	NA	NA	NA	NA	NA	NA	NA
cg15771551	NA	NA	NA	NA	NA	NA	NA	NA	NA	NA	NA	NA	NA	NA	NA	NA	NA	NA	NA	NA	NA	NA	NA	NA	NA	NA	NA	NA	NA	NA	NA	NA	NA	NA	NA	NA	NA	NA	NA	NA	NA	NA	NA	NA	NA	NA	NA	NA	NA	NA	NA	NA	NA	NA	NA	NA	NA	NA	NA	NA	NA	NA	NA	NA	NA	NA
cg15814092	NA	NA	NA	NA	NA	NA	NA	NA	NA	NA	NA	NA	NA	NA	NA	NA	NA	NA	NA	NA	NA	NA	NA	NA	NA	NA	NA	NA	NA	NA	NA	NA	NA	NA	NA	NA	NA	NA	NA	NA	NA	NA	NA	NA	NA	NA	NA	NA	NA	NA	NA	NA	NA	NA	NA	NA	NA	NA	NA	NA	NA	NA	NA	NA	NA	NA
cg15820400	0.88317004108266	0.610235804615557	0.937705973541327	0.934524035280142	0.627670180500845	0.919786196813421	0.931689224343765	0.932473192267874	0.550840728787421	0.921754559777445	0.953440841935006	0.905879309377097	0.952938154663805	0.317169677648326	0.921510272372136	0.878876107776783	0.923431214763294	0.607373649742766	0.925461859710196	0.877966414215957	0.906968292213265	0.717387600083353	0.614763680721881	0.905184953434112	0.937169727236297	0.495488412094689	0.844355298354278	0.752325507231557	0.934181836131537	0.274710895815744	0.523075877651069	0.931913598609132	0.91382762915297	0.923989407554703	0.857359280333892	0.952950415006768	0.471204447322244	0.139449283522043	0.797803540312474	0.934365957622247	0.508246433681503	0.939668632425354	0.737231735996797	0.937664646527775	0.930287616573185	0.539829739368808	0.863271616579061	0.923756330548739	0.45040069821342	0.916056012972989	0.879581218319417	0.953694173401512	0.855394451305139	0.935236104551196	0.914044327575018	0.576275957278087	0.886692420843927	0.949250134732531	0.918397446144417	0.924248411357476	0.919246930304982	0.923134116349484	0.927423067783218	0.492054478933511	0.898990346816921	0.879006249906043
cg15843977	NA	NA	NA	NA	NA	NA	NA	NA	NA	NA	NA	NA	NA	NA	NA	NA	NA	NA	NA	NA	NA	NA	NA	NA	NA	NA	NA	NA	NA	NA	NA	NA	NA	NA	NA	NA	NA	NA	NA	NA	NA	NA	NA	NA	NA	NA	NA	NA	NA	NA	NA	NA	NA	NA	NA	NA	NA	NA	NA	NA	NA	NA	NA	NA	NA	NA
cg15847775	NA	NA	NA	NA	NA	NA	NA	NA	NA	NA	NA	NA	NA	NA	NA	NA	NA	NA	NA	NA	NA	NA	NA	NA	NA	NA	NA	NA	NA	NA	NA	NA	NA	NA	NA	NA	NA	NA	NA	NA	NA	NA	NA	NA	NA	NA	NA	NA	NA	NA	NA	NA	NA	NA	NA	NA	NA	NA	NA	NA	NA	NA	NA	NA	NA	NA
cg15874144	NA	NA	NA	NA	NA	NA	NA	NA	NA	NA	NA	NA	NA	NA	NA	NA	NA	NA	NA	NA	NA	NA	NA	NA	NA	NA	NA	NA	NA	NA	NA	NA	NA	NA	NA	NA	NA	NA	NA	NA	NA	NA	NA	NA	NA	NA	NA	NA	NA	NA	NA	NA	NA	NA	NA	NA	NA	NA	NA	NA	NA	NA	NA	NA	NA	NA
cg15886896	NA	NA	NA	NA	NA	NA	NA	NA	NA	NA	NA	NA	NA	NA	NA	NA	NA	NA	NA	NA	NA	NA	NA	NA	NA	NA	NA	NA	NA	NA	NA	NA	NA	NA	NA	NA	NA	NA	NA	NA	NA	NA	NA	NA	NA	NA	NA	NA	NA	NA	NA	NA	NA	NA	NA	NA	NA	NA	NA	NA	NA	NA	NA	NA	NA	NA
cg15939182	NA	NA	NA	NA	NA	NA	NA	NA	NA	NA	NA	NA	NA	NA	NA	NA	NA	NA	NA	NA	NA	NA	NA	NA	NA	NA	NA	NA	NA	NA	NA	NA	NA	NA	NA	NA	NA	NA	NA	NA	NA	NA	NA	NA	NA	NA	NA	NA	NA	NA	NA	NA	NA	NA	NA	NA	NA	NA	NA	NA	NA	NA	NA	NA	NA	NA
cg15990679	NA	NA	NA	NA	NA	NA	NA	NA	NA	NA	NA	NA	NA	NA	NA	NA	NA	NA	NA	NA	NA	NA	NA	NA	NA	NA	NA	NA	NA	NA	NA	NA	NA	NA	NA	NA	NA	NA	NA	NA	NA	NA	NA	NA	NA	NA	NA	NA	NA	NA	NA	NA	NA	NA	NA	NA	NA	NA	NA	NA	NA	NA	NA	NA	NA	NA
cg15996647	NA	NA	NA	NA	NA	NA	NA	NA	NA	NA	NA	NA	NA	NA	NA	NA	NA	NA	NA	NA	NA	NA	NA	NA	NA	NA	NA	NA	NA	NA	NA	NA	NA	NA	NA	NA	NA	NA	NA	NA	NA	NA	NA	NA	NA	NA	NA	NA	NA	NA	NA	NA	NA	NA	NA	NA	NA	NA	NA	NA	NA	NA	NA	NA	NA	NA
cg16016766	NA	NA	NA	NA	NA	NA	NA	NA	NA	NA	NA	NA	NA	NA	NA	NA	NA	NA	NA	NA	NA	NA	NA	NA	NA	NA	NA	NA	NA	NA	NA	NA	NA	NA	NA	NA	NA	NA	NA	NA	NA	NA	NA	NA	NA	NA	NA	NA	NA	NA	NA	NA	NA	NA	NA	NA	NA	NA	NA	NA	NA	NA	NA	NA	NA	NA
cg16047049	0.977205269339424	0.977224976284327	0.897500574533766	0.882928576764451	0.9800220884588	0.977385399723862	0.975199858201387	0.978221969974077	0.963247064401462	0.979914526234152	0.978954048690902	0.981921955879184	0.976024818656829	0.974494250149723	0.945889971082083	0.980997214366394	0.975648568122282	0.97759742962715	0.973340723835862	0.978079667331742	0.978246759155504	0.975543652328293	0.968063783425623	0.967122609002196	0.978049002543522	0.977812886072198	0.977993493967961	0.974988060889973	0.974222715503381	0.939945345688312	0.981944045522994	0.981749031562085	0.977274403721302	0.979035569020326	0.978004943189753	0.979358351708336	0.977549557369475	0.968342069572702	0.979751020036088	0.979225815527484	0.97896836739472	0.983452937276127	0.973715288564726	0.972048921204712	0.974806237050751	0.978812119299634	0.975194568981491	0.972488090269768	0.978509465157723	0.977322521376751	0.968811353398633	0.984051100913158	0.983468771594786	0.978804669923551	0.976856598458217	0.970529871678975	0.981910744583882	0.979641814668071	0.979822849162723	0.978017387245114	0.977452171952013	0.98215734025155	0.983206005547047	0.975788027060052	0.981323294825752	0.978551313165851
cg16067453	NA	NA	NA	NA	NA	NA	NA	NA	NA	NA	NA	NA	NA	NA	NA	NA	NA	NA	NA	NA	NA	NA	NA	NA	NA	NA	NA	NA	NA	NA	NA	NA	NA	NA	NA	NA	NA	NA	NA	NA	NA	NA	NA	NA	NA	NA	NA	NA	NA	NA	NA	NA	NA	NA	NA	NA	NA	NA	NA	NA	NA	NA	NA	NA	NA	NA
cg16098957	NA	NA	NA	NA	NA	NA	NA	NA	NA	NA	NA	NA	NA	NA	NA	NA	NA	NA	NA	NA	NA	NA	NA	NA	NA	NA	NA	NA	NA	NA	NA	NA	NA	NA	NA	NA	NA	NA	NA	NA	NA	NA	NA	NA	NA	NA	NA	NA	NA	NA	NA	NA	NA	NA	NA	NA	NA	NA	NA	NA	NA	NA	NA	NA	NA	NA
cg16103996	NA	NA	NA	NA	NA	NA	NA	NA	NA	NA	NA	NA	NA	NA	NA	NA	NA	NA	NA	NA	NA	NA	NA	NA	NA	NA	NA	NA	NA	NA	NA	NA	NA	NA	NA	NA	NA	NA	NA	NA	NA	NA	NA	NA	NA	NA	NA	NA	NA	NA	NA	NA	NA	NA	NA	NA	NA	NA	NA	NA	NA	NA	NA	NA	NA	NA
cg16105080	NA	NA	NA	NA	NA	NA	NA	NA	NA	NA	NA	NA	NA	NA	NA	NA	NA	NA	NA	NA	NA	NA	NA	NA	NA	NA	NA	NA	NA	NA	NA	NA	NA	NA	NA	NA	NA	NA	NA	NA	NA	NA	NA	NA	NA	NA	NA	NA	NA	NA	NA	NA	NA	NA	NA	NA	NA	NA	NA	NA	NA	NA	NA	NA	NA	NA
cg16134501	NA	NA	NA	NA	NA	NA	NA	NA	NA	NA	NA	NA	NA	NA	NA	NA	NA	NA	NA	NA	NA	NA	NA	NA	NA	NA	NA	NA	NA	NA	NA	NA	NA	NA	NA	NA	NA	NA	NA	NA	NA	NA	NA	NA	NA	NA	NA	NA	NA	NA	NA	NA	NA	NA	NA	NA	NA	NA	NA	NA	NA	NA	NA	NA	NA	NA
cg16248160	0.764844230008248	0.670628236355406	0.940287538681419	0.5017823928215	0.925803606242085	0.770139893150079	0.937670314075305	0.861212102264424	0.923578916800678	0.945986009023776	0.8454577867225	0.802953483854224	0.834530936787829	0.899300656416674	0.927734424650001	0.909772990502804	0.933147032542233	0.682316328234716	0.935450508016966	0.906148606434392	0.821074352032282	0.906468986755692	0.335412485782282	0.418963992153755	0.888068453651352	0.926702061914243	0.909282219541362	0.874999949432944	0.953188058466016	0.905448736505273	0.89286948087053	0.783355542051267	0.926252865410727	0.887209531539169	0.895982353031481	0.961655768697803	0.60344292740075	0.828839788137863	0.38255877499995	0.8925085796001	0.945197662122896	0.943363565398293	0.221410355852255	0.885568491137092	0.966483929890405	0.910598445401901	0.939011145012876	0.950563105611599	0.918652391491796	0.914841628466477	0.869968059257397	0.869625971189027	0.88156793555782	0.278987745587449	0.931810814287028	0.931368759856579	0.926452664166708	0.924564921506195	0.916561284491917	0.564175918942544	0.864089010576917	0.94171604367718	0.944213669468326	0.928024544328117	0.861981039171656	0.673383373716656
cg16287042	NA	NA	NA	NA	NA	NA	NA	NA	NA	NA	NA	NA	NA	NA	NA	NA	NA	NA	NA	NA	NA	NA	NA	NA	NA	NA	NA	NA	NA	NA	NA	NA	NA	NA	NA	NA	NA	NA	NA	NA	NA	NA	NA	NA	NA	NA	NA	NA	NA	NA	NA	NA	NA	NA	NA	NA	NA	NA	NA	NA	NA	NA	NA	NA	NA	NA
cg16297530	NA	NA	NA	NA	NA	NA	NA	NA	NA	NA	NA	NA	NA	NA	NA	NA	NA	NA	NA	NA	NA	NA	NA	NA	NA	NA	NA	NA	NA	NA	NA	NA	NA	NA	NA	NA	NA	NA	NA	NA	NA	NA	NA	NA	NA	NA	NA	NA	NA	NA	NA	NA	NA	NA	NA	NA	NA	NA	NA	NA	NA	NA	NA	NA	NA	NA
cg16315980	NA	NA	NA	NA	NA	NA	NA	NA	NA	NA	NA	NA	NA	NA	NA	NA	NA	NA	NA	NA	NA	NA	NA	NA	NA	NA	NA	NA	NA	NA	NA	NA	NA	NA	NA	NA	NA	NA	NA	NA	NA	NA	NA	NA	NA	NA	NA	NA	NA	NA	NA	NA	NA	NA	NA	NA	NA	NA	NA	NA	NA	NA	NA	NA	NA	NA
cg16320398	NA	NA	NA	NA	NA	NA	NA	NA	NA	NA	NA	NA	NA	NA	NA	NA	NA	NA	NA	NA	NA	NA	NA	NA	NA	NA	NA	NA	NA	NA	NA	NA	NA	NA	NA	NA	NA	NA	NA	NA	NA	NA	NA	NA	NA	NA	NA	NA	NA	NA	NA	NA	NA	NA	NA	NA	NA	NA	NA	NA	NA	NA	NA	NA	NA	NA
cg16333561	0.911749927101887	0.923201617516497	0.893409302978179	0.882527716853399	0.909760695786872	0.934873487917761	0.921976827926935	0.915857127773056	0.933646416131699	0.937071881863837	0.90629558216259	0.890787028044502	0.908979946919005	0.930310207325096	0.922363782048441	0.914909070429976	0.911608764175287	0.91402340395339	0.930875539477091	0.923556317678221	0.899955570991154	0.927924468476091	0.338517510273067	0.943002688396828	0.904995955200883	0.917868871313391	0.914495990852421	0.924991595900656	0.950639510830581	0.912963878715227	0.875014462777828	0.542345030182378	0.904875785210234	0.892792834065821	0.896075474452296	0.935345704450623	0.83161081238585	0.906446886851423	0.827721967437725	0.885205732763413	0.929564596598254	0.920876758194554	0.847651767564962	0.937934730701591	0.916928149527698	0.938897059872333	0.889813415362508	0.919406648507937	0.923616345367728	0.916036359448572	0.895287208338164	0.560526036065365	0.918227421643004	0.872178127903316	0.918852629599424	0.929786277650434	0.900446405704299	0.923204525826881	0.793861329147785	0.879160400857477	0.9195908109993	0.924839322345939	0.918467304506897	0.910889556160136	0.921928640523019	0.855675842022416
cg16356630	NA	NA	NA	NA	NA	NA	NA	NA	NA	NA	NA	NA	NA	NA	NA	NA	NA	NA	NA	NA	NA	NA	NA	NA	NA	NA	NA	NA	NA	NA	NA	NA	NA	NA	NA	NA	NA	NA	NA	NA	NA	NA	NA	NA	NA	NA	NA	NA	NA	NA	NA	NA	NA	NA	NA	NA	NA	NA	NA	NA	NA	NA	NA	NA	NA	NA
cg16359517	NA	NA	NA	NA	NA	NA	NA	NA	NA	NA	NA	NA	NA	NA	NA	NA	NA	NA	NA	NA	NA	NA	NA	NA	NA	NA	NA	NA	NA	NA	NA	NA	NA	NA	NA	NA	NA	NA	NA	NA	NA	NA	NA	NA	NA	NA	NA	NA	NA	NA	NA	NA	NA	NA	NA	NA	NA	NA	NA	NA	NA	NA	NA	NA	NA	NA
cg16362587	0.942956248973122	0.945691001895316	0.968758065717149	0.957597460130308	0.957937156902773	0.959234544149565	0.965384474552656	0.955196910377789	0.963213334863453	0.953253406613902	0.934699406784118	0.96178886009695	0.966151249000204	0.953698617474527	0.954307659029422	0.96432492372997	0.913660936066528	0.955976845744181	0.959294107309487	0.944931003548862	0.956546331592745	0.953663662145815	0.951755866624496	0.924220350916501	0.946963873733613	0.949913096811309	0.929348338480311	0.939416427669146	0.968183388492811	0.951340903307657	0.946054988601837	0.952544199321726	0.964553155645258	0.929442492730685	0.962538282482884	0.945713612217668	0.955271169563011	0.951033817996308	0.919552352954146	0.972821975983589	0.947614853048997	0.960498231001956	0.915981850276968	0.960329845742829	0.932520548211021	0.968304949000575	0.958560064114541	0.971978384240412	0.921560959946856	0.944832246921691	0.945929544080192	0.917099307815953	0.958995719974621	0.967550543770657	0.963783200130636	0.959625151880208	0.961726330147592	0.969989574732991	0.966081062916588	0.955604551614052	0.951855452428704	0.974512923076981	0.958896187434752	0.945069208549072	0.925771003809275	0.949828654778169
cg16376484	0.870575022888898	0.560754231576867	0.228804020529265	0.512743191238791	0.858189804638792	0.848857336143864	0.895480823712918	0.819515698018077	0.803955238934213	0.521897323942575	0.845508304769287	0.607043441041892	0.70457802967437	0.802084503209503	0.155326528368891	0.870692679258601	0.5051500561531	0.543334534205666	0.857558208641007	0.841714545290071	0.522326912762825	0.878920955978992	0.47985560797312	0.666278754041911	0.826525701973279	0.546496078735569	0.771605710413721	0.656730593252138	0.889229041355379	0.523831972560569	0.471514084694888	0.819458908511381	0.856780422128266	0.554307849668818	0.33368339966956	0.863726777195518	0.823266562484205	0.856045292551192	0.366231872973292	0.612065938441426	0.848190993934008	0.872173791564308	0.797530128872893	0.385262511144959	0.5306364228657	0.889207815758168	0.540797931820372	0.869691698059974	0.841806747707908	0.867776672629101	0.571025374345641	0.694425364774514	0.0974071090548794	0.842291927233084	0.368359183055005	0.865594191314737	0.594084303367753	0.510599055221898	0.833957989881125	0.417545286539458	0.679440076050471	0.883253774259231	0.863066629622978	0.859023615400663	0.766519272920441	0.53461343141292
cg16393125	NA	NA	NA	NA	NA	NA	NA	NA	NA	NA	NA	NA	NA	NA	NA	NA	NA	NA	NA	NA	NA	NA	NA	NA	NA	NA	NA	NA	NA	NA	NA	NA	NA	NA	NA	NA	NA	NA	NA	NA	NA	NA	NA	NA	NA	NA	NA	NA	NA	NA	NA	NA	NA	NA	NA	NA	NA	NA	NA	NA	NA	NA	NA	NA	NA	NA
cg16395183	NA	NA	NA	NA	NA	NA	NA	NA	NA	NA	NA	NA	NA	NA	NA	NA	NA	NA	NA	NA	NA	NA	NA	NA	NA	NA	NA	NA	NA	NA	NA	NA	NA	NA	NA	NA	NA	NA	NA	NA	NA	NA	NA	NA	NA	NA	NA	NA	NA	NA	NA	NA	NA	NA	NA	NA	NA	NA	NA	NA	NA	NA	NA	NA	NA	NA
cg16414691	0.922981806331557	0.840055015863061	0.627904068727564	0.928019402663967	0.912296312978145	0.846009668996148	0.929373434034972	0.647108803013241	0.892024629709394	0.906213260695902	0.90760937579135	0.939565468490303	0.917614174182755	0.90731153385062	0.927418132959194	0.915179203189723	0.904461538750536	0.817486369835636	0.849636886933405	0.529820879312152	0.933854272454248	0.93798211841485	0.565483912151977	0.904892015234798	0.932655571426428	0.173835422354296	0.882460773795233	0.924423015974558	0.893822247246281	0.76151449040123	0.94085119239767	0.943497153486204	0.937897706921974	0.626579582697346	0.904489057368334	0.943824291878382	0.921197084377892	0.631110329190839	0.811227360390773	0.303681975586214	0.937996924213927	0.657194608855651	0.731006343133917	0.602394685498957	0.956689771673776	0.944450167287675	0.909005805664998	0.927855727316576	0.903379411857693	0.55110535871805	0.905282693571367	0.829985811247523	0.758368028259671	0.917754549360364	0.910854383583864	0.810206179686008	0.928401663370909	0.921679571067605	0.887134610212636	0.915439407174147	0.568012843425626	0.945689020732329	0.915901611802963	0.936198061656712	0.897054655747424	0.737947264045968
cg16452272	NA	NA	NA	NA	NA	NA	NA	NA	NA	NA	NA	NA	NA	NA	NA	NA	NA	NA	NA	NA	NA	NA	NA	NA	NA	NA	NA	NA	NA	NA	NA	NA	NA	NA	NA	NA	NA	NA	NA	NA	NA	NA	NA	NA	NA	NA	NA	NA	NA	NA	NA	NA	NA	NA	NA	NA	NA	NA	NA	NA	NA	NA	NA	NA	NA	NA
cg16461335	0.750724287815538	0.722315890812928	0.782589693179136	0.763698986258248	0.748060572651238	0.722571165641435	0.779132633956173	0.743152141731624	0.747477580099582	0.763290604175665	0.776976133116131	0.73495872958553	0.768409091390692	0.714466944030123	0.767436894162259	0.543688841924977	0.751714018048135	0.647804107143052	0.771142732991424	0.650939030405783	0.733343922399849	0.744161727022617	0.61690573321825	0.696992683167086	0.746345187205829	0.75485905632254	0.699722094851679	0.71639582125107	0.798974952509802	0.752171815665933	0.7428993517744	0.738076212210333	0.760054420339113	0.746089541618751	0.752571847769746	0.769285559130167	0.705202439633355	0.7714184423266	0.701835029203409	0.725468070672555	0.707031981177271	0.71788530229145	0.650529226839778	0.759947982976737	0.787022887931524	0.783031841910259	0.794739037732703	0.755444882624386	0.737977499063331	0.744591043039917	0.70874746638151	0.740683623660716	0.7460067004976	0.753653894913429	0.737429859488997	0.763183369781078	0.75372718716162	0.784059441088268	0.752238725898531	0.7043669012547	0.751687701490207	0.774128221974716	0.771443698860047	0.760039567684186	0.645330926551991	0.726190863793309
cg16468183	NA	NA	NA	NA	NA	NA	NA	NA	NA	NA	NA	NA	NA	NA	NA	NA	NA	NA	NA	NA	NA	NA	NA	NA	NA	NA	NA	NA	NA	NA	NA	NA	NA	NA	NA	NA	NA	NA	NA	NA	NA	NA	NA	NA	NA	NA	NA	NA	NA	NA	NA	NA	NA	NA	NA	NA	NA	NA	NA	NA	NA	NA	NA	NA	NA	NA
cg16470306	NA	NA	NA	NA	NA	NA	NA	NA	NA	NA	NA	NA	NA	NA	NA	NA	NA	NA	NA	NA	NA	NA	NA	NA	NA	NA	NA	NA	NA	NA	NA	NA	NA	NA	NA	NA	NA	NA	NA	NA	NA	NA	NA	NA	NA	NA	NA	NA	NA	NA	NA	NA	NA	NA	NA	NA	NA	NA	NA	NA	NA	NA	NA	NA	NA	NA
cg16470963	NA	NA	NA	NA	NA	NA	NA	NA	NA	NA	NA	NA	NA	NA	NA	NA	NA	NA	NA	NA	NA	NA	NA	NA	NA	NA	NA	NA	NA	NA	NA	NA	NA	NA	NA	NA	NA	NA	NA	NA	NA	NA	NA	NA	NA	NA	NA	NA	NA	NA	NA	NA	NA	NA	NA	NA	NA	NA	NA	NA	NA	NA	NA	NA	NA	NA
cg16472945	NA	NA	NA	NA	NA	NA	NA	NA	NA	NA	NA	NA	NA	NA	NA	NA	NA	NA	NA	NA	NA	NA	NA	NA	NA	NA	NA	NA	NA	NA	NA	NA	NA	NA	NA	NA	NA	NA	NA	NA	NA	NA	NA	NA	NA	NA	NA	NA	NA	NA	NA	NA	NA	NA	NA	NA	NA	NA	NA	NA	NA	NA	NA	NA	NA	NA
cg16494843	NA	NA	NA	NA	NA	NA	NA	NA	NA	NA	NA	NA	NA	NA	NA	NA	NA	NA	NA	NA	NA	NA	NA	NA	NA	NA	NA	NA	NA	NA	NA	NA	NA	NA	NA	NA	NA	NA	NA	NA	NA	NA	NA	NA	NA	NA	NA	NA	NA	NA	NA	NA	NA	NA	NA	NA	NA	NA	NA	NA	NA	NA	NA	NA	NA	NA
cg16503713	NA	NA	NA	NA	NA	NA	NA	NA	NA	NA	NA	NA	NA	NA	NA	NA	NA	NA	NA	NA	NA	NA	NA	NA	NA	NA	NA	NA	NA	NA	NA	NA	NA	NA	NA	NA	NA	NA	NA	NA	NA	NA	NA	NA	NA	NA	NA	NA	NA	NA	NA	NA	NA	NA	NA	NA	NA	NA	NA	NA	NA	NA	NA	NA	NA	NA
cg16532362	NA	NA	NA	NA	NA	NA	NA	NA	NA	NA	NA	NA	NA	NA	NA	NA	NA	NA	NA	NA	NA	NA	NA	NA	NA	NA	NA	NA	NA	NA	NA	NA	NA	NA	NA	NA	NA	NA	NA	NA	NA	NA	NA	NA	NA	NA	NA	NA	NA	NA	NA	NA	NA	NA	NA	NA	NA	NA	NA	NA	NA	NA	NA	NA	NA	NA
cg16535779	NA	NA	NA	NA	NA	NA	NA	NA	NA	NA	NA	NA	NA	NA	NA	NA	NA	NA	NA	NA	NA	NA	NA	NA	NA	NA	NA	NA	NA	NA	NA	NA	NA	NA	NA	NA	NA	NA	NA	NA	NA	NA	NA	NA	NA	NA	NA	NA	NA	NA	NA	NA	NA	NA	NA	NA	NA	NA	NA	NA	NA	NA	NA	NA	NA	NA
cg16543943	0.931965738222961	0.925530132027357	0.918766041549043	0.930369561407624	0.928237571375897	0.899418670335854	0.908497275385114	0.904934693789816	0.894246263515444	0.882686140625261	0.914591371737815	0.946432678878231	0.908623910412415	0.92113733957743	0.914025239843502	0.895777624090254	0.901896935107227	0.905744528576879	0.913037460166762	0.887028168103003	0.920882523064374	0.875387633113734	0.954635812255742	0.856148656352015	0.916302807864119	0.911759834080285	0.890391267932089	0.912901727110382	0.917045916314708	0.888421616836035	0.901421463939101	0.921602966214123	0.897448994685176	0.921371390891538	0.937654764064144	0.922487558523981	0.925141351832948	0.921720276313254	0.908957741569327	0.925849808754072	0.92622795719464	0.910594875653104	0.851135174990769	0.911360766395528	0.895601598149984	0.915712658661658	0.902063700081763	0.921873867882506	0.936779058317218	0.924581682375653	0.912803618132482	0.897218445962237	0.919265154069393	0.913268150851539	0.930292306832479	0.916012236837577	0.915346618882365	0.888436157214394	0.911670932659471	0.921399228985037	NA	0.920322519333516	0.924053816415461	0.899522469339385	0.894542260138349	0.930575773560485
cg16577356	0.432978815764785	0.77384432092098	0.831215977189756	0.121644689005646	0.804996899701453	0.864645239787662	0.229719763509586	0.759143854743313	0.561530548171854	0.808727946819708	0.924357934438153	0.483714490693205	0.801739180166788	0.721752869528151	0.0868525277268825	0.750582488412417	0.759112509970597	0.761858852442152	0.772368369455712	0.133856041869697	0.786643414039194	0.156143917505492	0.177977666924665	0.862021268274355	0.738330779272681	0.714756077459021	0.799584659172016	0.69087635844328	0.799731646957579	0.493165216727063	0.819526632036861	0.895411240263809	0.867651948135606	0.769008962657326	0.161469923902647	0.881047494625823	0.252641167337219	0.816121185757959	0.272830192359286	0.71657124524829	0.716415571141469	0.80796182312752	0.766364745773325	0.150389746566713	0.780286283600256	0.74613375947983	0.730936941021903	0.907576962079064	0.47626198980206	0.144140326377853	0.441833546687264	0.743773037588383	0.0795288778744007	0.882390721562099	0.792491560645833	0.0922584474176866	0.857936474799918	0.66947775300847	0.743057168588729	0.718248049643338	0.887814837461013	0.687863174648756	0.104566097814623	0.841926764059716	0.641389009143579	0.162281751444635
cg16578802	NA	NA	NA	NA	NA	NA	NA	NA	NA	NA	NA	NA	NA	NA	NA	NA	NA	NA	NA	NA	NA	NA	NA	NA	NA	NA	NA	NA	NA	NA	NA	NA	NA	NA	NA	NA	NA	NA	NA	NA	NA	NA	NA	NA	NA	NA	NA	NA	NA	NA	NA	NA	NA	NA	NA	NA	NA	NA	NA	NA	NA	NA	NA	NA	NA	NA
cg16583381	NA	NA	NA	NA	NA	NA	NA	NA	NA	NA	NA	NA	NA	NA	NA	NA	NA	NA	NA	NA	NA	NA	NA	NA	NA	NA	NA	NA	NA	NA	NA	NA	NA	NA	NA	NA	NA	NA	NA	NA	NA	NA	NA	NA	NA	NA	NA	NA	NA	NA	NA	NA	NA	NA	NA	NA	NA	NA	NA	NA	NA	NA	NA	NA	NA	NA
cg16596250	NA	NA	NA	NA	NA	NA	NA	NA	NA	NA	NA	NA	NA	NA	NA	NA	NA	NA	NA	NA	NA	NA	NA	NA	NA	NA	NA	NA	NA	NA	NA	NA	NA	NA	NA	NA	NA	NA	NA	NA	NA	NA	NA	NA	NA	NA	NA	NA	NA	NA	NA	NA	NA	NA	NA	NA	NA	NA	NA	NA	NA	NA	NA	NA	NA	NA
cg16601146	NA	NA	NA	NA	NA	NA	NA	NA	NA	NA	NA	NA	NA	NA	NA	NA	NA	NA	NA	NA	NA	NA	NA	NA	NA	NA	NA	NA	NA	NA	NA	NA	NA	NA	NA	NA	NA	NA	NA	NA	NA	NA	NA	NA	NA	NA	NA	NA	NA	NA	NA	NA	NA	NA	NA	NA	NA	NA	NA	NA	NA	NA	NA	NA	NA	NA
cg16620160	NA	NA	NA	NA	NA	NA	NA	NA	NA	NA	NA	NA	NA	NA	NA	NA	NA	NA	NA	NA	NA	NA	NA	NA	NA	NA	NA	NA	NA	NA	NA	NA	NA	NA	NA	NA	NA	NA	NA	NA	NA	NA	NA	NA	NA	NA	NA	NA	NA	NA	NA	NA	NA	NA	NA	NA	NA	NA	NA	NA	NA	NA	NA	NA	NA	NA
cg16656411	0.6926123364328	0.227389269588204	0.0418559695177557	0.0537574446966239	0.0400431315356338	0.448175810622414	0.191304041895128	0.0370494818209449	0.248693885661676	0.728005790352424	0.0758716213481155	0.0592340188839151	0.83405549936546	0.312268688483747	0.0788492074833103	0.0992198847326498	0.070517513837169	0.0965959144449811	0.478861430544006	0.0361105507412137	0.0652580904026254	0.733941140178462	0.256002276326088	0.746308461672232	0.126886024623566	0.0857644887695143	0.409147594428086	0.362465906322701	0.17277869211489	0.0332239455374795	0.0594670586753636	0.107337347086206	0.0490024757424512	0.116751786728089	0.100272425580594	0.0539792552114872	0.0827533035952388	0.769929958310499	0.651537539010627	0.293743727849178	0.0488390400094557	0.215817999531597	0.4943499151331	0.0528659260519686	0.0483467517932927	0.0414879481923484	0.0628969599101719	0.723442290226603	0.542274869861297	0.051191522595632	0.08227399199564	0.558420359277929	0.178993575320172	0.774514237153224	0.1515406834864	0.868697869632721	0.0679252830521406	0.894262708670675	0.694251813244482	0.0639881588362616	0.148267780236628	0.0426887822722367	0.85795539003069	0.122691227206284	0.080460827817643	0.363000948013558
cg16669485	0.7009763791453	0.827058230934698	0.937325747847824	0.155789248656533	0.226285166578527	0.656810545060138	0.685180458608989	0.657973590180831	NA	0.667516580025367	0.133284125448502	0.626072097466902	0.68093793019682	0.501008606343644	0.622461236720945	0.932131342331862	0.663153899603132	0.298938268616342	0.28520996936789	0.793191422622396	0.606511367390447	0.260659174347461	0.722131615792164	0.557851353323629	0.279813374500961	0.60896801865041	0.501513854942231	0.502813428057315	0.569252485000914	0.294452425212177	0.701433529395286	0.443856090904755	0.687059890074698	0.757544693604525	0.218302327335702	0.126944622029381	0.769278146147306	0.613707251042968	0.408640087062902	0.161461013155093	0.211024145874203	0.202671071909959	0.171604122080063	0.299294402295285	0.248813408006753	0.0864818067609624	0.946271313579114	0.623233336244694	0.249893683045819	0.116956332040621	0.628265545499429	0.676411136733669	0.57867406929103	0.722080447521829	0.70445625800828	0.125219427261629	0.102777951123491	0.0881734485618164	0.685312207831083	0.890761985212667	0.660919803817805	0.944393651752384	0.100495195476948	0.138801661048045	0.842347995146602	0.241586207689853
cg16683981	NA	NA	NA	NA	NA	NA	NA	NA	NA	NA	NA	0.886637253597801	NA	NA	0.874331577619582	NA	NA	0.862271055927731	NA	NA	NA	NA	0.833380496636446	NA	NA	0.884397809748236	0.899142735238391	NA	NA	NA	NA	NA	NA	NA	NA	NA	0.861050637103457	NA	NA	NA	NA	0.856409668211281	NA	NA	NA	NA	NA	NA	NA	NA	NA	NA	NA	NA	NA	NA	NA	NA	NA	NA	NA	NA	NA	NA	NA	NA
cg16710828	NA	NA	NA	NA	NA	NA	NA	NA	NA	NA	NA	NA	NA	NA	NA	NA	NA	NA	NA	NA	NA	NA	NA	NA	NA	NA	NA	NA	NA	NA	NA	NA	NA	NA	NA	NA	NA	NA	NA	NA	NA	NA	NA	NA	NA	NA	NA	NA	NA	NA	NA	NA	NA	NA	NA	NA	NA	NA	NA	NA	NA	NA	NA	NA	NA	NA
cg16712481	0.952190338295308	0.962500290704067	0.95064530539546	0.951092075672589	0.955586496425112	0.944462538079251	0.963830882277388	0.953397711236938	0.950469874597064	0.962664723882638	0.937090754757351	0.94752147793253	0.964550627626391	0.909866201703493	0.936554978726851	0.957749446350093	0.936509083472763	0.969892032915297	0.943190472364143	0.941394170711254	0.96562103862021	0.947727165625092	0.883008909728235	0.935843678621548	0.941960692168959	0.950921129774384	0.919269629255111	0.944487581226049	0.970453705455164	0.950328017007826	0.95799601015627	0.953570227668774	0.954863316233114	0.93897697064239	0.922246040325668	0.94480022278471	0.949469679494226	0.920116574342084	0.450564231728948	0.923850810808057	0.915031131716125	0.947655518224931	0.546033078075737	0.895516608877655	0.929942464092012	0.957236337895139	0.922950803188602	0.893009930131787	0.956669515465772	0.963426492930993	0.945668606547547	0.949685465373325	0.92963871923051	0.954913191554387	0.949124650080296	0.958654488936852	0.949717314887307	0.922251006657897	0.948148905407207	0.912620681014255	0.944099813721833	0.961087159322617	0.942761754375344	0.939140337863792	0.947072152216039	0.950129053398681
cg16713069	NA	NA	NA	NA	NA	NA	NA	NA	NA	NA	NA	NA	NA	NA	NA	NA	NA	NA	NA	NA	NA	NA	NA	NA	NA	NA	NA	NA	NA	NA	NA	NA	NA	NA	NA	NA	NA	NA	NA	NA	NA	NA	NA	NA	NA	NA	NA	NA	NA	NA	NA	NA	NA	NA	NA	NA	NA	NA	NA	NA	NA	NA	NA	NA	NA	NA
cg16725552	NA	NA	NA	NA	NA	NA	NA	NA	NA	NA	NA	NA	NA	NA	NA	NA	NA	NA	NA	NA	NA	NA	NA	NA	NA	NA	NA	NA	NA	NA	NA	NA	NA	NA	NA	NA	NA	NA	NA	NA	NA	NA	NA	NA	NA	NA	NA	NA	NA	NA	NA	NA	NA	NA	NA	NA	NA	NA	NA	NA	NA	NA	NA	NA	NA	NA
cg16739054	NA	NA	NA	NA	NA	NA	NA	NA	NA	NA	NA	NA	NA	NA	NA	NA	NA	NA	NA	NA	NA	NA	NA	NA	NA	NA	NA	NA	NA	NA	NA	NA	NA	NA	NA	NA	NA	NA	NA	NA	NA	NA	NA	NA	NA	NA	NA	NA	NA	NA	NA	NA	NA	NA	NA	NA	NA	NA	NA	NA	NA	NA	NA	NA	NA	NA
cg16741463	NA	NA	NA	NA	NA	NA	NA	NA	NA	NA	NA	NA	NA	NA	NA	NA	NA	NA	NA	NA	NA	NA	NA	NA	NA	NA	NA	NA	NA	NA	NA	NA	NA	NA	NA	NA	NA	NA	NA	NA	NA	NA	NA	NA	NA	NA	NA	NA	NA	NA	NA	NA	NA	NA	NA	NA	NA	NA	NA	NA	NA	NA	NA	NA	NA	NA
cg16780032	NA	NA	NA	NA	NA	NA	NA	NA	NA	NA	NA	NA	NA	NA	NA	NA	NA	NA	NA	NA	NA	NA	NA	NA	NA	NA	NA	NA	NA	NA	NA	NA	NA	NA	NA	NA	NA	NA	NA	NA	NA	NA	NA	NA	NA	NA	NA	NA	NA	NA	NA	NA	NA	NA	NA	NA	NA	NA	NA	NA	NA	NA	NA	NA	NA	NA
cg16789902	NA	NA	NA	NA	NA	NA	NA	NA	NA	NA	NA	NA	NA	NA	NA	NA	NA	NA	NA	NA	NA	NA	NA	NA	NA	NA	NA	NA	NA	NA	NA	NA	NA	NA	NA	NA	NA	NA	NA	NA	NA	NA	NA	NA	NA	NA	NA	NA	NA	NA	NA	NA	NA	NA	NA	NA	NA	NA	NA	NA	NA	NA	NA	NA	NA	NA
cg16790676	NA	NA	NA	NA	NA	NA	NA	NA	NA	NA	NA	NA	NA	NA	NA	NA	NA	NA	NA	NA	NA	NA	NA	NA	NA	NA	NA	NA	NA	NA	NA	NA	NA	NA	NA	NA	NA	NA	NA	NA	NA	NA	NA	NA	NA	NA	NA	NA	NA	NA	NA	NA	NA	NA	NA	NA	NA	NA	NA	NA	NA	NA	NA	NA	NA	NA
cg16869809	0.360397803361665	0.62935518039317	0.918437697162996	0.198812151348836	0.91712983440666	0.763522356113748	0.919040060856409	0.915818785603757	0.491877951768288	0.253112590877666	0.916932788926212	0.81496838306963	0.303037397667355	0.743137965395635	0.180304726821628	0.433244934217471	0.854462486176629	0.309718408180363	0.258996582679841	0.50271263078739	0.23872257372531	0.878630553523336	0.316336389708843	0.856337676321186	0.697603105767037	0.924406072791431	0.654105858050853	0.557211234765063	0.571332681432111	0.83257473056258	0.236811221178625	0.208050271385304	0.170842097458681	0.336019325591593	0.92388134214766	0.901223766596257	0.409439633441429	0.945195475015373	0.530302833190105	0.333395530765626	0.29627143782435	0.928991905054016	0.691644551102082	0.254276562125743	0.925655054938723	0.574945339790158	0.212924768643565	0.395506408997133	0.316106552861258	0.243102295464946	0.907365296657345	0.775149481750499	0.918316598905812	0.230937009479824	0.713480023440746	0.923990599094865	0.927169533311104	0.91963046907764	0.858265832001508	0.822808676474624	0.158752619989373	0.93965876477505	0.321452105331224	0.20914866728485	0.706167775349679	0.899726627045878
cg16944496	NA	NA	NA	NA	NA	NA	NA	NA	NA	NA	NA	NA	NA	NA	NA	NA	NA	NA	NA	NA	NA	NA	NA	NA	NA	NA	NA	NA	NA	NA	NA	NA	NA	NA	NA	NA	NA	NA	NA	NA	NA	NA	NA	NA	NA	NA	NA	NA	NA	NA	NA	NA	NA	NA	NA	NA	NA	NA	NA	NA	NA	NA	NA	NA	NA	NA
cg16952929	NA	NA	NA	NA	NA	NA	NA	NA	NA	NA	NA	NA	NA	NA	NA	NA	NA	NA	NA	NA	NA	NA	NA	NA	NA	NA	NA	NA	NA	NA	NA	NA	NA	NA	NA	NA	NA	NA	NA	NA	NA	NA	NA	NA	NA	NA	NA	NA	NA	NA	NA	NA	NA	NA	NA	NA	NA	NA	NA	NA	NA	NA	NA	NA	NA	NA
cg17027033	NA	NA	NA	NA	NA	NA	NA	NA	NA	NA	NA	NA	NA	NA	NA	NA	NA	NA	NA	NA	NA	NA	NA	NA	NA	NA	NA	NA	NA	NA	NA	NA	NA	NA	NA	NA	NA	NA	NA	NA	NA	NA	NA	NA	NA	NA	NA	NA	NA	NA	NA	NA	NA	NA	NA	NA	NA	NA	NA	NA	NA	NA	NA	NA	NA	NA
cg17051552	NA	NA	NA	NA	NA	NA	NA	NA	NA	NA	NA	NA	NA	NA	NA	NA	NA	NA	NA	NA	NA	NA	NA	NA	NA	NA	NA	NA	NA	NA	NA	NA	NA	NA	NA	NA	NA	NA	NA	NA	NA	NA	NA	NA	NA	NA	NA	NA	NA	NA	NA	NA	NA	NA	NA	NA	NA	NA	NA	NA	NA	NA	NA	NA	NA	NA
cg17056317	NA	NA	NA	NA	NA	NA	NA	NA	NA	NA	NA	NA	NA	NA	NA	NA	NA	NA	NA	NA	NA	NA	NA	NA	NA	NA	NA	NA	NA	NA	NA	NA	NA	NA	NA	NA	NA	NA	NA	NA	NA	NA	NA	NA	NA	NA	NA	NA	NA	NA	NA	NA	NA	NA	NA	NA	NA	NA	NA	NA	NA	NA	NA	NA	NA	NA
cg17063731	NA	NA	NA	NA	NA	NA	NA	NA	NA	NA	NA	NA	NA	NA	NA	NA	NA	NA	NA	NA	NA	NA	NA	NA	NA	NA	NA	NA	NA	NA	NA	NA	NA	NA	NA	NA	NA	NA	NA	NA	NA	NA	NA	NA	NA	NA	NA	NA	NA	NA	NA	NA	NA	NA	NA	NA	NA	NA	NA	NA	NA	NA	NA	NA	NA	NA
cg17092860	NA	NA	NA	NA	NA	NA	NA	NA	NA	NA	NA	NA	NA	NA	NA	NA	NA	NA	NA	NA	NA	NA	NA	NA	NA	NA	NA	NA	NA	NA	NA	NA	NA	NA	NA	NA	NA	NA	NA	NA	NA	NA	NA	NA	NA	NA	NA	NA	NA	NA	NA	NA	NA	NA	NA	NA	NA	NA	NA	NA	NA	NA	NA	NA	NA	NA
cg17132591	NA	NA	NA	NA	NA	NA	NA	NA	NA	NA	NA	NA	NA	NA	NA	NA	NA	NA	NA	NA	NA	NA	NA	NA	NA	NA	NA	NA	NA	NA	NA	NA	NA	NA	NA	NA	NA	NA	NA	NA	NA	NA	NA	NA	NA	NA	NA	NA	NA	NA	NA	NA	NA	NA	NA	NA	NA	NA	NA	NA	NA	NA	NA	NA	NA	NA
cg17140133	NA	NA	NA	NA	NA	NA	NA	NA	NA	NA	NA	NA	NA	NA	NA	NA	NA	NA	NA	NA	NA	NA	NA	NA	NA	NA	NA	NA	NA	NA	NA	NA	NA	NA	NA	NA	NA	NA	NA	NA	NA	NA	NA	NA	NA	NA	NA	NA	NA	NA	NA	NA	NA	NA	NA	NA	NA	NA	NA	NA	NA	NA	NA	NA	NA	NA
cg17146997	NA	NA	NA	NA	NA	NA	NA	NA	NA	NA	NA	NA	NA	NA	NA	NA	NA	NA	NA	NA	NA	NA	NA	NA	NA	NA	NA	NA	NA	NA	NA	NA	NA	NA	NA	NA	NA	NA	NA	NA	NA	NA	NA	NA	NA	NA	NA	NA	NA	NA	NA	NA	NA	NA	NA	NA	NA	NA	NA	NA	NA	NA	NA	NA	NA	NA
cg17182464	NA	NA	NA	NA	NA	NA	NA	NA	NA	NA	NA	NA	NA	NA	NA	NA	NA	NA	NA	NA	NA	NA	NA	NA	NA	NA	NA	NA	NA	NA	NA	NA	NA	NA	NA	NA	NA	NA	NA	NA	NA	NA	NA	NA	NA	NA	NA	NA	NA	NA	NA	NA	NA	NA	NA	NA	NA	NA	NA	NA	NA	NA	NA	NA	NA	NA
cg17210130	NA	NA	NA	NA	NA	NA	NA	NA	NA	NA	NA	NA	NA	NA	NA	NA	NA	NA	NA	NA	NA	NA	NA	NA	NA	NA	NA	NA	NA	NA	NA	NA	NA	NA	NA	NA	NA	NA	NA	NA	NA	NA	NA	NA	NA	NA	NA	NA	NA	NA	NA	NA	NA	NA	NA	NA	NA	NA	NA	NA	NA	NA	NA	NA	NA	NA
cg17216266	0.941782052664164	0.963512412348298	0.95389184000454	0.951209026772611	0.948527666891781	0.940747456237714	0.906248816793528	0.949144578182196	0.91502639375727	0.440240461593922	0.931596336072581	0.93656016699013	0.908300372341292	0.909471761487076	0.951194049577157	0.937218764596113	0.938279624551288	0.940169555866179	0.932238980493793	0.902699733424614	0.916964565624316	0.924212823076126	0.754727297473492	0.946647474347637	0.929661754834553	0.956730542736622	0.935922866056888	0.940245859447667	0.924239158022526	0.940627527804388	0.947929909658314	0.932435843474766	0.949051473188628	0.945813843261541	0.939638291433831	0.953314401588427	0.937637404345051	0.952495453783398	0.949783769778694	0.949329978516537	0.939216483589772	0.960640121357979	0.934632328464085	0.926702602576324	0.928710922599882	0.967666312901896	0.925853313313518	0.95325837907189	0.91561703786177	0.945080460783928	0.94491489894148	0.955145245390253	0.946539526353223	0.94501599105381	0.939274659573891	0.928980059618047	0.951160519279222	0.939301570335091	0.941901404959916	0.908877843979276	0.936746729957887	0.951249945370893	0.951082030978206	0.929790082975681	0.651075962711559	0.915029734588526
cg17240701	NA	NA	NA	NA	NA	NA	NA	NA	NA	NA	NA	NA	NA	NA	NA	NA	NA	NA	NA	NA	NA	NA	NA	NA	NA	NA	NA	NA	NA	NA	NA	NA	NA	NA	NA	NA	NA	NA	NA	NA	NA	NA	NA	NA	NA	NA	NA	NA	NA	NA	NA	NA	NA	NA	NA	NA	NA	NA	NA	NA	NA	NA	NA	NA	NA	NA
cg17272549	0.306604955406459	0.917025210442866	0.931702053980326	0.94402161748264	0.948099760042648	0.909480543618001	0.941057628936333	0.944496152613389	0.820189305648897	0.465782179207487	0.961497647327982	0.859087720599732	0.227962503967629	0.863697784704568	0.943886790010937	0.393380343718781	0.36776699832451	0.678437497049411	0.923050302623468	0.235664511271078	0.192329310425746	0.252603716946428	0.42692763776987	0.908206594765791	0.426895473424611	0.265818534523111	0.699194423740175	0.725845687098185	0.892702975745135	0.942134852970154	0.2340700280307	0.260824708197957	0.405928365287799	0.312460004532057	0.944564011712226	0.941503042049383	0.415450568765332	0.946583914795999	0.566234947802065	0.919567774953436	0.254683918590467	0.948011752450629	0.920733900812928	0.933925021224235	0.931802199511046	0.0958360143925576	0.175957041019436	0.933743827549198	0.916646429824531	0.204148290114458	0.758777254526836	0.723434760137563	0.937916803644122	0.268219601056195	0.321502479919206	0.950586832170123	0.958007642978395	0.931696646109666	0.926387846018257	0.488784264973087	0.936006884096321	0.228203344603925	0.939227705417158	0.154676811185117	0.546456939203358	0.333380931389223
cg17273919	NA	NA	NA	NA	NA	NA	NA	NA	NA	NA	NA	NA	NA	NA	NA	NA	NA	NA	NA	NA	NA	NA	NA	NA	NA	NA	NA	NA	NA	NA	NA	NA	NA	NA	NA	NA	NA	NA	NA	NA	NA	NA	NA	NA	NA	NA	NA	NA	NA	NA	NA	NA	NA	NA	NA	NA	NA	NA	NA	NA	NA	NA	NA	NA	NA	NA
cg17324339	NA	NA	NA	NA	NA	NA	NA	NA	NA	NA	NA	NA	NA	NA	NA	NA	NA	NA	NA	NA	NA	NA	NA	NA	NA	NA	NA	NA	NA	NA	NA	NA	NA	NA	NA	NA	NA	NA	NA	NA	NA	NA	NA	NA	NA	NA	NA	NA	NA	NA	NA	NA	NA	NA	NA	NA	NA	NA	NA	NA	NA	NA	NA	NA	NA	NA
cg17333139	NA	NA	NA	NA	NA	NA	NA	NA	NA	NA	NA	NA	NA	NA	NA	NA	NA	NA	NA	NA	NA	NA	NA	NA	NA	NA	NA	NA	NA	NA	NA	NA	NA	NA	NA	NA	NA	NA	NA	NA	NA	NA	NA	NA	NA	NA	NA	NA	NA	NA	NA	NA	NA	NA	NA	NA	NA	NA	NA	NA	NA	NA	NA	NA	NA	NA
cg17365377	NA	NA	NA	NA	NA	NA	NA	NA	NA	NA	NA	NA	NA	NA	NA	NA	NA	NA	NA	NA	NA	NA	NA	NA	NA	NA	NA	NA	NA	NA	NA	NA	NA	NA	NA	NA	NA	NA	NA	NA	NA	NA	NA	NA	NA	NA	NA	NA	NA	NA	NA	NA	NA	NA	NA	NA	NA	NA	NA	NA	NA	NA	NA	NA	NA	NA
cg17367457	NA	NA	NA	NA	NA	NA	NA	NA	NA	NA	NA	NA	NA	NA	NA	NA	NA	NA	NA	NA	NA	NA	NA	NA	NA	NA	NA	NA	NA	NA	NA	NA	NA	NA	NA	NA	NA	NA	NA	NA	NA	NA	NA	NA	NA	NA	NA	NA	NA	NA	NA	NA	NA	NA	NA	NA	NA	NA	NA	NA	NA	NA	NA	NA	NA	NA
cg17440987	NA	NA	NA	NA	NA	NA	NA	NA	NA	NA	NA	NA	NA	NA	NA	NA	NA	NA	NA	NA	NA	NA	NA	NA	NA	NA	NA	NA	NA	NA	NA	NA	NA	NA	NA	NA	NA	NA	NA	NA	NA	NA	NA	NA	NA	NA	NA	NA	NA	NA	NA	NA	NA	NA	NA	NA	NA	NA	NA	NA	NA	NA	NA	NA	NA	NA
cg17447300	NA	NA	NA	NA	NA	NA	NA	NA	NA	NA	NA	NA	NA	NA	NA	NA	NA	NA	NA	NA	NA	NA	NA	NA	NA	NA	NA	NA	NA	NA	NA	NA	NA	NA	NA	NA	NA	NA	NA	NA	NA	NA	NA	NA	NA	NA	NA	NA	NA	NA	NA	NA	NA	NA	NA	NA	NA	NA	NA	NA	NA	NA	NA	NA	NA	NA
cg17463277	0.300028192425942	0.805453569455288	0.897701735241136	0.830743797494879	0.85905846890962	0.681538576827491	0.851615593872328	0.794263916810013	0.82396849575239	0.850485948471755	0.517826340766108	0.80272956992629	0.853265909857235	0.822535546764384	0.870568605503826	0.842564870384685	0.828959092257056	0.634111897463585	0.859086464802449	0.40797869566902	0.838535625188396	0.535359080348296	0.552668985288716	0.857732068173579	0.852374543133468	0.883332084482798	0.848320688920809	0.790202025790739	0.826254281419626	0.840818213131846	0.487587684874665	0.872654912127551	0.875677061627502	0.812755159588998	0.859061853256245	0.555524191631427	0.74340607090537	0.851997439440469	0.427674283206467	0.832497991639197	0.598222825111219	0.861693361150884	0.393807188509891	0.836816162256367	0.823746514354581	0.865198477124003	0.853794366965255	0.857130017672578	0.84707003429521	0.86063768963524	0.836074939510864	0.833067015525003	0.473318583520415	0.578912948538798	0.838529622495012	0.878034722989757	0.889094589133007	0.844584189966519	0.862181136028894	0.688094520879638	0.625554799317854	0.87537081811724	0.885923573127946	0.860553952152776	0.780477587115498	0.724111237547867
cg17482273	NA	NA	NA	NA	NA	NA	NA	NA	NA	NA	NA	NA	NA	NA	NA	NA	NA	NA	NA	NA	NA	NA	NA	NA	NA	NA	NA	NA	NA	NA	NA	NA	NA	NA	NA	NA	NA	NA	NA	NA	NA	NA	NA	NA	NA	NA	NA	NA	NA	NA	NA	NA	NA	NA	NA	NA	NA	NA	NA	NA	NA	NA	NA	NA	NA	NA
cg17489282	NA	NA	NA	NA	NA	NA	NA	NA	NA	NA	NA	NA	NA	NA	NA	NA	NA	NA	NA	NA	NA	NA	NA	NA	NA	NA	NA	NA	NA	NA	NA	NA	NA	NA	NA	NA	NA	NA	NA	NA	NA	NA	NA	NA	NA	NA	NA	NA	NA	NA	NA	NA	NA	NA	NA	NA	NA	NA	NA	NA	NA	NA	NA	NA	NA	NA
cg17521526	NA	NA	NA	NA	NA	NA	NA	NA	NA	NA	NA	NA	NA	NA	NA	NA	NA	NA	NA	NA	NA	NA	NA	NA	NA	NA	NA	NA	NA	NA	NA	NA	NA	NA	NA	NA	NA	NA	NA	NA	NA	NA	NA	NA	NA	NA	NA	NA	NA	NA	NA	NA	NA	NA	NA	NA	NA	NA	NA	NA	NA	NA	NA	NA	NA	NA
cg17585181	NA	NA	NA	NA	NA	NA	NA	NA	NA	NA	NA	NA	NA	NA	NA	NA	NA	NA	NA	NA	NA	NA	NA	NA	NA	NA	NA	NA	NA	NA	NA	NA	NA	NA	NA	NA	NA	NA	NA	NA	NA	NA	NA	NA	NA	NA	NA	NA	NA	NA	NA	NA	NA	NA	NA	NA	NA	NA	NA	NA	NA	NA	NA	NA	NA	NA
cg17592693	NA	NA	NA	NA	NA	NA	NA	NA	NA	NA	NA	NA	NA	NA	NA	NA	NA	NA	NA	NA	NA	NA	NA	NA	NA	NA	NA	NA	NA	NA	NA	NA	NA	NA	NA	NA	NA	NA	NA	NA	NA	NA	NA	NA	NA	NA	NA	NA	NA	NA	NA	NA	NA	NA	NA	NA	NA	NA	NA	NA	NA	NA	NA	NA	NA	NA
cg17613911	NA	NA	NA	NA	NA	NA	NA	NA	NA	NA	NA	NA	NA	NA	NA	NA	NA	NA	NA	NA	NA	NA	NA	NA	NA	NA	NA	NA	NA	NA	NA	NA	NA	NA	NA	NA	NA	NA	NA	NA	NA	NA	NA	NA	NA	NA	NA	NA	NA	NA	NA	NA	NA	NA	NA	NA	NA	NA	NA	NA	NA	NA	NA	NA	NA	NA
cg17639413	0.833580528390746	0.868711896662514	0.912397730136134	0.819950867001314	0.906262661157935	0.91761860309384	0.952198143291588	0.548514596655409	0.74752227767545	0.897847678239556	0.876267859794164	0.882265765080904	0.930716136031949	0.884330852359909	0.903291291106137	0.900196322067099	0.91918362945742	0.891563274131903	0.93020905134576	0.880138997575432	0.829253963118574	0.916105905033842	0.464916910626756	0.736824341110113	0.886630735699057	0.956031292652881	0.849987796559176	0.902471953089478	0.965910008542149	0.893305952513869	0.897287951616831	0.901669474249401	0.904853834645677	0.828413401975581	0.901799955363991	0.911113233835584	0.752834389495586	0.76082410579807	0.738573321949443	0.84953189413163	0.903287579382038	0.910224728831536	0.224818400402701	0.908182752869211	0.940919168548013	0.929188586432614	0.902849098873282	0.921146600413175	0.930612007003173	0.923315861179388	0.871202699442683	0.931509653765874	0.916707812512417	0.916373988629329	0.95016211013601	0.917259253584732	0.914388304901703	0.881433497282235	0.942068116742887	0.803669536687419	0.876521085804689	0.928523398665687	0.909471618935659	0.923186117166446	0.831674309824734	0.867275264562155
cg17651095	NA	NA	NA	NA	NA	NA	NA	NA	NA	NA	NA	NA	NA	NA	NA	NA	NA	NA	NA	NA	NA	NA	NA	NA	NA	NA	NA	NA	NA	NA	NA	NA	NA	NA	NA	NA	NA	NA	NA	NA	NA	NA	NA	NA	NA	NA	NA	NA	NA	NA	NA	NA	NA	NA	NA	NA	NA	NA	NA	NA	NA	NA	NA	NA	NA	NA
cg17659797	0.887023547372725	0.920624267339161	0.619974549425963	0.773435016413357	0.415597975555537	0.941677396496855	0.791715238376787	0.89980697604334	0.915726183312588	0.892607467229922	0.918436287631421	0.934405972158213	0.900055845991375	0.954430423644888	0.899504239216595	0.933818866183051	0.804908480717936	0.910666841501277	0.90878765711829	0.944807757925042	0.892271297291937	0.901359209265257	0.917996667505267	0.865488927608853	0.926115541011152	0.940055670153221	0.925537256954158	0.949144458812258	0.898133590427899	0.905267008181626	0.912455609971696	0.924077968462609	0.925140495396933	0.893594614794655	0.942252400525946	0.921273548217491	0.600558538632783	0.948185058517009	0.663106576704143	0.961925357307186	0.912076339580099	0.931242752140547	0.646905090524991	0.89814426762048	0.649325959049353	0.945165290682753	0.934936813865016	0.931421714912363	0.920403746976123	0.905208762833705	0.943967705253675	0.881529486447777	0.938331241941798	0.577810640048951	0.939748088808456	0.918089909387136	0.940492141272964	0.911333336065138	0.939317334808449	0.932547957999531	0.914215505576163	0.942539045494818	0.925923724623391	0.923863151782535	0.785406657195383	0.936155529235856
cg17727418	NA	NA	NA	NA	NA	NA	NA	NA	NA	NA	NA	NA	NA	NA	NA	NA	NA	NA	NA	NA	NA	NA	NA	NA	NA	NA	NA	NA	NA	NA	NA	NA	NA	NA	NA	NA	NA	NA	NA	NA	NA	NA	NA	NA	NA	NA	NA	NA	NA	NA	NA	NA	NA	NA	NA	NA	NA	NA	NA	NA	NA	NA	NA	NA	NA	NA
cg17732646	0.952891429353059	0.959322260594399	0.957236967237158	0.956150613991577	0.930831739276287	0.955509182729377	0.958118768274222	0.947973532252101	0.949165422463777	0.9474079066006	0.953354877375405	0.933803106472388	0.954475758430996	0.950993281948075	0.954098684711178	0.942062745300688	0.937598637196568	0.943275004163603	0.962880644716712	0.597425465262276	0.94805229984545	0.945593213638892	0.950700743780573	0.952418549324078	0.955129387000944	0.950758920916855	0.963502124562801	0.942058404286729	0.959016287378033	0.94927807677124	0.957593393216798	0.923112663857572	0.932167435346179	0.936856982148389	0.956569064772915	0.960514459868755	0.958686099244713	0.952907105128912	0.539789100592259	0.959709641161507	0.926433279229466	0.930736705832574	0.948590571589932	0.93947080840158	0.943726604878884	0.951081180995143	0.950876585758953	0.919879988597557	0.938747785845775	0.958160985443458	0.954051443334938	0.958123701041776	0.961000405748936	0.95384553287437	0.94796265372638	0.943172212593086	0.942714085706541	0.948506973985013	0.922732505860944	0.938669312036617	0.942153857196961	0.954800360909929	0.949408216054297	0.950813076590529	0.951884590551518	0.930659974585498
cg17857642	NA	NA	NA	NA	NA	NA	NA	NA	NA	NA	NA	NA	NA	NA	NA	NA	NA	NA	NA	NA	NA	NA	NA	NA	NA	NA	NA	NA	NA	NA	NA	NA	NA	NA	NA	NA	NA	NA	NA	NA	NA	NA	NA	NA	NA	NA	NA	NA	NA	NA	NA	NA	NA	NA	NA	NA	NA	NA	NA	NA	NA	NA	NA	NA	NA	NA
cg17862146	NA	NA	NA	NA	NA	NA	NA	NA	NA	NA	NA	NA	NA	NA	NA	NA	NA	NA	NA	NA	NA	NA	NA	NA	NA	NA	NA	NA	NA	NA	NA	NA	NA	NA	NA	NA	NA	NA	NA	NA	NA	NA	NA	NA	NA	NA	NA	NA	NA	NA	NA	NA	NA	NA	NA	NA	NA	NA	NA	NA	NA	NA	NA	NA	NA	NA
cg17900273	NA	NA	NA	NA	NA	NA	NA	NA	NA	NA	NA	NA	NA	NA	NA	NA	NA	NA	NA	NA	NA	NA	NA	NA	NA	NA	NA	NA	NA	NA	NA	NA	NA	NA	NA	NA	NA	NA	NA	NA	NA	NA	NA	NA	NA	NA	NA	NA	NA	NA	NA	NA	NA	NA	NA	NA	NA	NA	NA	NA	NA	NA	NA	NA	NA	NA
cg17917920	NA	NA	NA	NA	NA	NA	NA	NA	NA	NA	NA	NA	NA	NA	NA	NA	NA	NA	NA	NA	NA	NA	NA	NA	NA	NA	NA	NA	NA	NA	NA	NA	NA	NA	NA	NA	NA	NA	NA	NA	NA	NA	NA	NA	NA	NA	NA	NA	NA	NA	NA	NA	NA	NA	NA	NA	NA	NA	NA	NA	NA	NA	NA	NA	NA	NA
cg17935214	0.723690438944393	0.701400299927486	0.713636570685102	0.571899762781646	0.735770228268319	0.725495401796121	0.735576720933762	0.704035896152324	0.727541949558058	0.728005499425665	0.736747655283648	0.710488644652093	0.69153413272622	0.73264381166284	0.634896079130841	0.71954129811421	0.693897898934906	0.715094095696397	0.674332790081314	0.733220286726391	0.698620442395383	0.698869643142408	0.574870187724127	0.688628472424455	0.728192661352955	0.717671740849149	0.734678710050944	0.772760272515503	0.737521166761263	0.702823094234075	0.706413180023323	0.698894318804599	0.726516579766785	0.70505043647099	0.700939140954096	0.689712981548611	0.664946631831958	0.693071370583531	0.452171120313837	0.746567590474004	0.727843158283624	0.728522724271692	0.414493107101632	0.738044550545348	0.697310015148917	0.738417420783605	0.70119660761301	0.69553165058805	0.70714567714943	0.693469832085429	0.723517175350575	0.750421025697958	0.674681470073934	0.695170840145916	0.729936638943998	0.758756261725154	0.764552932089735	0.765410492988297	0.762781520362815	0.680803588897814	0.711927851727776	0.73043081604302	0.743207110587704	0.708842162670231	0.704211879252389	0.627356837112689
cg17947225	NA	NA	NA	NA	NA	NA	NA	NA	NA	NA	NA	NA	NA	NA	NA	NA	NA	NA	NA	NA	NA	NA	NA	NA	NA	NA	NA	NA	NA	NA	NA	NA	NA	NA	NA	NA	NA	NA	NA	NA	NA	NA	NA	NA	NA	NA	NA	NA	NA	NA	NA	NA	NA	NA	NA	NA	NA	NA	NA	NA	NA	NA	NA	NA	NA	NA
cg17967453	NA	NA	NA	NA	NA	NA	NA	NA	NA	NA	NA	NA	NA	NA	NA	NA	NA	NA	NA	NA	NA	NA	NA	NA	NA	NA	NA	NA	NA	NA	NA	NA	NA	NA	NA	NA	NA	NA	NA	NA	NA	NA	NA	NA	NA	NA	NA	NA	NA	NA	NA	NA	NA	NA	NA	NA	NA	NA	NA	NA	NA	NA	NA	NA	NA	NA
cg18030084	NA	NA	NA	NA	NA	NA	NA	NA	NA	NA	NA	NA	NA	NA	NA	NA	NA	NA	NA	NA	NA	NA	NA	NA	NA	NA	NA	NA	NA	NA	NA	NA	NA	NA	NA	NA	NA	NA	NA	NA	NA	NA	NA	NA	NA	NA	NA	NA	NA	NA	NA	NA	NA	NA	NA	NA	NA	NA	NA	NA	NA	NA	NA	NA	NA	NA
cg18047609	0.915143800461548	0.915804307126842	0.951478619079653	0.94341259583832	0.956381243192931	0.948575487280784	0.961135622120318	0.951993979510825	0.9359774935019	0.736117384525963	0.94058641780907	0.933496277619659	0.627822638248822	0.935968800002845	0.935213168742086	0.946221898073277	0.929424954417506	0.947463136029044	0.934674314635988	0.848120983738385	0.698705560700664	0.691714427355378	0.884793547470932	0.928641338185989	0.948232568827611	0.926185473682314	0.92905668358986	0.934008605800889	0.916502569438159	0.941830370378683	0.718486371053117	0.681173368926375	0.951723405681515	0.937079848513783	0.950761349547292	0.936334553986782	0.954060732624058	0.945325978898816	0.738180074155077	0.961963538795199	0.941726771124784	0.93720456848766	0.661042028430922	0.945659124787803	0.933082774808001	0.950186813241373	0.928255889028925	0.952773055533947	0.935211047258968	0.940407862978778	0.866238119881213	0.936072326012333	0.939919742641616	0.922997867358464	0.944990838138443	0.942496637709533	0.63047846202886	0.941460010347766	0.695171955508902	0.928708683927443	0.933539320422477	0.951366253503074	0.951994779383097	0.92262307979491	0.902789501953777	0.952970159661905
cg18067665	NA	NA	NA	NA	NA	NA	NA	NA	NA	NA	NA	NA	NA	NA	NA	NA	NA	NA	NA	NA	NA	NA	NA	NA	NA	NA	NA	NA	NA	NA	NA	NA	NA	NA	NA	NA	NA	NA	NA	NA	NA	NA	NA	NA	NA	NA	NA	NA	NA	NA	NA	NA	NA	NA	NA	NA	NA	NA	NA	NA	NA	NA	NA	NA	NA	NA
cg18070057	NA	NA	NA	NA	NA	NA	NA	NA	NA	NA	NA	NA	NA	NA	NA	NA	NA	NA	NA	NA	NA	NA	NA	NA	NA	NA	NA	NA	NA	NA	NA	NA	NA	NA	NA	NA	NA	NA	NA	NA	NA	NA	NA	NA	NA	NA	NA	NA	NA	NA	NA	NA	NA	NA	NA	NA	NA	NA	NA	NA	NA	NA	NA	NA	NA	NA
cg18086868	0.147177662890578	0.187545338112621	0.126099485279767	0.114703437256822	0.164621244284778	0.122086255163528	0.160530291762906	0.182742377197119	0.162425207215273	0.101361628622538	0.0842905675689472	0.20241642376114	0.212024867501347	0.21552675216079	0.0977839298480001	0.23626141526811	0.229657566972035	0.211007017678995	0.142688105108359	0.207808819683437	0.0917676130389947	0.16002101946153	0.179550500495682	0.154637753121943	0.236993851574898	0.122787781005181	0.19753832064531	0.213501068535776	0.192408508492642	0.185280190856823	0.141526965655561	0.116506679945672	0.092809969101036	0.258064223501685	0.168096218878768	0.150544312022924	0.124433700676377	0.0975708824399177	0.35536112226548	0.171550357155531	0.149957178653941	0.208772498429203	0.186965762989507	0.198669702318994	0.175921618657065	0.0789977371769849	0.141390224564094	0.0995702928444079	0.180481677298988	0.147194404397278	0.304698697046504	0.168778754738373	0.0635962992181735	0.116908919846882	0.262897036353208	0.121275837775277	0.177055264394592	0.100711670757555	0.141479452391766	0.285776605380367	0.0950558543253296	0.111283607410435	0.107840543383502	0.105554011317628	0.330726052212017	0.148944377521412
cg18105665	0.959153137982413	0.960181635345361	0.960777594500603	0.943941528970751	0.941710648954943	0.959273781572468	0.928324036979643	0.963422579730793	0.919254687779043	0.958339464014718	0.9366923609682	0.943787851644749	0.947382616763628	0.941181361063791	0.960996965694569	0.948762402277438	0.937115337769559	0.949885332359027	0.950682024181766	0.966346927235042	0.937616691770805	0.944483342296093	0.863153293503168	0.94798231259382	0.939909415866701	0.94467113676522	0.860513474818387	0.93606091209196	0.944483634045045	0.957773330185316	0.92751107981667	0.92884457604202	0.934560751256696	0.943652641259749	0.931615523443204	0.967865012157702	0.927526993793939	0.947523687096511	0.736944499153559	0.958654515014028	0.931810658600799	0.954202221809306	0.909698965709814	0.956375757861244	0.938779804845913	0.94926244052367	0.946611065388827	0.932552799025942	0.937448222948102	0.947277226861554	0.937468561834798	0.827096304098365	0.948822258825155	0.961318271781914	0.96038510345676	0.95071046245572	0.945168634277506	0.884835520328411	0.949229743926403	0.933500428414898	0.943807509036549	0.95859629753807	0.936834204235969	0.949253994128115	0.896975235372652	0.958018002221853
cg18140324	NA	NA	NA	NA	NA	NA	NA	NA	NA	NA	NA	NA	NA	NA	NA	NA	NA	NA	NA	NA	NA	NA	NA	NA	NA	NA	NA	NA	NA	NA	NA	NA	NA	NA	NA	NA	NA	NA	NA	NA	NA	NA	NA	NA	NA	NA	NA	NA	NA	NA	NA	NA	NA	NA	NA	NA	NA	NA	NA	NA	NA	NA	NA	NA	NA	NA
cg18143116	NA	NA	NA	NA	NA	NA	NA	NA	NA	NA	NA	NA	NA	NA	NA	NA	NA	NA	NA	NA	NA	NA	NA	NA	NA	NA	NA	NA	NA	NA	NA	NA	NA	NA	NA	NA	NA	NA	NA	NA	NA	NA	NA	NA	NA	NA	NA	NA	NA	NA	NA	NA	NA	NA	NA	NA	NA	NA	NA	NA	NA	NA	NA	NA	NA	NA
cg18183019	NA	NA	NA	NA	NA	NA	NA	NA	NA	NA	NA	NA	NA	NA	NA	NA	NA	NA	NA	NA	NA	NA	NA	NA	NA	NA	NA	NA	NA	NA	NA	NA	NA	NA	NA	NA	NA	NA	NA	NA	NA	NA	NA	NA	NA	NA	NA	NA	NA	NA	NA	NA	NA	NA	NA	NA	NA	NA	NA	NA	NA	NA	NA	NA	NA	NA
cg18193230	NA	NA	NA	NA	NA	NA	NA	NA	NA	NA	NA	NA	NA	NA	NA	NA	NA	NA	NA	NA	NA	NA	NA	NA	NA	NA	NA	NA	NA	NA	NA	NA	NA	NA	NA	NA	NA	NA	NA	NA	NA	NA	NA	NA	NA	NA	NA	NA	NA	NA	NA	NA	NA	NA	NA	NA	NA	NA	NA	NA	NA	NA	NA	NA	NA	NA
cg18221988	NA	NA	NA	NA	NA	NA	NA	NA	NA	NA	NA	NA	NA	NA	NA	NA	NA	NA	NA	NA	NA	NA	NA	NA	NA	NA	NA	NA	NA	NA	NA	NA	NA	NA	NA	NA	NA	NA	NA	NA	NA	NA	NA	NA	NA	NA	NA	NA	NA	NA	NA	NA	NA	NA	NA	NA	NA	NA	NA	NA	NA	NA	NA	NA	NA	NA
cg18274510	0.363817932337048	0.290251018980628	0.290600300995703	0.214887516214285	0.405831473417921	0.262684172470786	0.347561169127751	0.264592322868902	0.590289074272239	0.301979844296207	0.500010146061791	0.43015837083049	0.238885299906705	0.428101739701039	0.212294354930678	0.432199084463621	0.665953073706858	0.318426269096682	0.362505606210827	0.896697267668208	0.232517192296766	0.388160030836941	0.347118623200714	0.321884430346163	0.414840951901107	0.173539673117295	0.411287407770122	0.46179118551388	0.396944301895926	0.339622645813347	0.445768116820324	0.226333789401092	0.284245525508112	0.495480807319594	0.434224540818798	0.296803177554087	0.407480968111119	0.27469113727689	0.860210135345382	0.32624912292999	0.287013361964132	0.394458774327107	0.414751242740604	0.474633109721207	0.374482865746856	0.123941719936066	0.258076638348741	0.269434618002131	0.307755026124675	0.301126308689629	0.569496769835545	0.352887506245291	0.146056855558218	0.273442360929655	0.408367730562435	0.243117271404997	0.207955566925033	0.274830054404285	0.316608492912268	0.581220613590706	0.154303971340131	0.252414173793536	0.17993118780884	0.221279216961245	0.654439466688534	0.340598996469908
cg18274732	NA	NA	NA	NA	NA	NA	NA	NA	NA	NA	NA	NA	NA	NA	NA	NA	NA	NA	NA	NA	NA	NA	NA	NA	NA	NA	NA	NA	NA	NA	NA	NA	NA	NA	NA	NA	NA	NA	NA	NA	NA	NA	NA	NA	NA	NA	NA	NA	NA	NA	NA	NA	NA	NA	NA	NA	NA	NA	NA	NA	NA	NA	NA	NA	NA	NA
cg18275339	NA	NA	NA	NA	NA	NA	NA	NA	NA	NA	NA	NA	NA	NA	NA	NA	NA	NA	NA	NA	NA	NA	NA	NA	NA	NA	NA	NA	NA	NA	NA	NA	NA	NA	NA	NA	NA	NA	NA	NA	NA	NA	NA	NA	NA	NA	NA	NA	NA	NA	NA	NA	NA	NA	NA	NA	NA	NA	NA	NA	NA	NA	NA	NA	NA	NA
cg18296448	NA	NA	NA	NA	NA	NA	NA	NA	NA	NA	NA	NA	NA	NA	NA	NA	NA	NA	NA	NA	NA	NA	NA	NA	NA	NA	NA	NA	NA	NA	NA	NA	NA	NA	NA	NA	NA	NA	NA	NA	NA	NA	NA	NA	NA	NA	NA	NA	NA	NA	NA	NA	NA	NA	NA	NA	NA	NA	NA	NA	NA	NA	NA	NA	NA	NA
cg18309935	NA	NA	NA	NA	NA	NA	NA	NA	NA	NA	NA	NA	NA	NA	NA	NA	NA	NA	NA	NA	NA	NA	NA	NA	NA	NA	NA	NA	NA	NA	NA	NA	NA	NA	NA	NA	NA	NA	NA	NA	NA	NA	NA	NA	NA	NA	NA	NA	NA	NA	NA	NA	NA	NA	NA	NA	NA	NA	NA	NA	NA	NA	NA	NA	NA	NA
cg18360585	NA	NA	NA	NA	NA	NA	NA	NA	NA	NA	NA	NA	NA	NA	NA	NA	NA	NA	NA	NA	NA	NA	NA	NA	NA	NA	NA	NA	NA	NA	NA	NA	NA	NA	NA	NA	NA	NA	NA	NA	NA	NA	NA	NA	NA	NA	NA	NA	NA	NA	NA	NA	NA	NA	NA	NA	NA	NA	NA	NA	NA	NA	NA	NA	NA	NA
cg18381729	NA	NA	NA	NA	NA	NA	NA	NA	NA	NA	NA	NA	NA	NA	NA	NA	NA	NA	NA	NA	NA	NA	NA	NA	NA	NA	NA	NA	NA	NA	NA	NA	NA	NA	NA	NA	NA	NA	NA	NA	NA	NA	NA	NA	NA	NA	NA	NA	NA	NA	NA	NA	NA	NA	NA	NA	NA	NA	NA	NA	NA	NA	NA	NA	NA	NA
cg18401511	NA	NA	NA	NA	NA	NA	NA	NA	NA	NA	NA	NA	NA	NA	NA	NA	NA	NA	NA	NA	NA	NA	NA	NA	NA	NA	NA	NA	NA	NA	NA	NA	NA	NA	NA	NA	NA	NA	NA	NA	NA	NA	NA	NA	NA	NA	NA	NA	NA	NA	NA	NA	NA	NA	NA	NA	NA	NA	NA	NA	NA	NA	NA	NA	NA	NA
cg18402433	NA	NA	NA	NA	NA	NA	NA	NA	NA	NA	NA	NA	NA	NA	NA	NA	NA	NA	NA	NA	NA	NA	NA	NA	NA	NA	NA	NA	NA	NA	NA	NA	NA	NA	NA	NA	NA	NA	NA	NA	NA	NA	NA	NA	NA	NA	NA	NA	NA	NA	NA	NA	NA	NA	NA	NA	NA	NA	NA	NA	NA	NA	NA	NA	NA	NA
cg18458116	NA	NA	NA	NA	NA	NA	NA	NA	NA	NA	NA	NA	NA	NA	NA	NA	NA	NA	NA	NA	NA	NA	NA	NA	NA	NA	NA	NA	NA	NA	NA	NA	NA	NA	NA	NA	NA	NA	NA	NA	NA	NA	NA	NA	NA	NA	NA	NA	NA	NA	NA	NA	NA	NA	NA	NA	NA	NA	NA	NA	NA	NA	NA	NA	NA	NA
cg18461093	NA	NA	NA	NA	NA	NA	NA	NA	NA	NA	NA	NA	NA	NA	NA	NA	NA	NA	NA	NA	NA	NA	NA	NA	NA	NA	NA	NA	NA	NA	NA	NA	NA	NA	NA	NA	NA	NA	NA	NA	NA	NA	NA	NA	NA	NA	NA	NA	NA	NA	NA	NA	NA	NA	NA	NA	NA	NA	NA	NA	NA	NA	NA	NA	NA	NA
cg18474718	NA	NA	NA	NA	NA	NA	NA	NA	NA	NA	NA	NA	NA	NA	NA	NA	NA	NA	NA	NA	NA	NA	NA	NA	NA	NA	NA	NA	NA	NA	NA	NA	NA	NA	NA	NA	NA	NA	NA	NA	NA	NA	NA	NA	NA	NA	NA	NA	NA	NA	NA	NA	NA	NA	NA	NA	NA	NA	NA	NA	NA	NA	NA	NA	NA	NA
cg18494563	NA	NA	NA	NA	NA	NA	NA	NA	NA	NA	NA	NA	NA	NA	NA	NA	NA	NA	NA	NA	NA	NA	NA	NA	NA	NA	NA	NA	NA	NA	NA	NA	NA	NA	NA	NA	NA	NA	NA	NA	NA	NA	NA	NA	NA	NA	NA	NA	NA	NA	NA	NA	NA	NA	NA	NA	NA	NA	NA	NA	NA	NA	NA	NA	NA	NA
cg18516241	NA	NA	NA	NA	NA	NA	NA	NA	NA	NA	NA	NA	NA	NA	NA	NA	NA	NA	NA	NA	NA	NA	NA	NA	NA	NA	NA	NA	NA	NA	NA	NA	NA	NA	NA	NA	NA	NA	NA	NA	NA	NA	NA	NA	NA	NA	NA	NA	NA	NA	NA	NA	NA	NA	NA	NA	NA	NA	NA	NA	NA	NA	NA	NA	NA	NA
cg18522822	NA	NA	NA	NA	NA	NA	NA	NA	NA	NA	NA	NA	NA	NA	NA	NA	NA	NA	NA	NA	NA	NA	NA	NA	NA	NA	NA	NA	NA	NA	NA	NA	NA	NA	NA	NA	NA	NA	NA	NA	NA	NA	NA	NA	NA	NA	NA	NA	NA	NA	NA	NA	NA	NA	NA	NA	NA	NA	NA	NA	NA	NA	NA	NA	NA	NA
cg18528124	NA	NA	NA	NA	NA	NA	NA	NA	NA	NA	NA	NA	NA	NA	NA	NA	NA	NA	NA	NA	NA	NA	NA	NA	NA	NA	NA	NA	NA	NA	NA	NA	NA	NA	NA	NA	NA	NA	NA	NA	NA	NA	NA	NA	NA	NA	NA	NA	NA	NA	NA	NA	NA	NA	NA	NA	NA	NA	NA	NA	NA	NA	NA	NA	NA	NA
cg18545561	0.94570177866018	0.887578727381199	0.919210854424539	0.89843425162285	0.885520110587566	0.909094480959755	0.890644423172307	0.886274842524074	0.900221910508632	0.8879671638942	0.936232915557164	0.924739360185481	0.899399041676094	0.887012828532893	0.899391443514977	0.879344841062413	0.868011611131825	0.867868080937206	0.8834900143472	0.877674174913847	0.902148755237308	0.906911787315147	0.877282841504124	0.853886126796404	0.89783733216057	0.889748493916015	0.845356661634638	0.87880801876278	0.840303146124465	0.885823915638657	0.894821306356524	0.89334600737305	0.867024497224365	0.870588413645619	0.907603515394876	0.919553827175398	0.844964445208778	0.872011924194922	0.82275565161604	0.893007023127703	0.916249947996317	0.904034586216664	0.826199193043587	0.929409954410845	0.877434776228277	0.89336748841901	0.911099799675145	0.880986414964709	0.845149312460667	0.878893339392401	0.89232522280689	0.75027227445888	0.889621336298959	0.859775778902145	0.900967227238038	0.5936906882376	0.943261862171354	0.870259960041314	0.92085411124734	0.877952237271628	0.882850199958525	0.885690014944647	0.889953034624254	0.880481180999436	0.880909969159352	0.889134785259552
cg18569952	NA	NA	NA	NA	NA	NA	NA	NA	NA	NA	NA	NA	NA	NA	NA	NA	NA	NA	NA	NA	NA	NA	NA	NA	NA	NA	NA	NA	NA	NA	NA	NA	NA	NA	NA	NA	NA	NA	NA	NA	NA	NA	NA	NA	NA	NA	NA	NA	NA	NA	NA	NA	NA	NA	NA	NA	NA	NA	NA	NA	NA	NA	NA	NA	NA	NA
cg18604215	NA	NA	NA	NA	NA	NA	NA	NA	NA	NA	NA	NA	NA	NA	NA	NA	NA	NA	NA	NA	NA	NA	NA	NA	NA	NA	NA	NA	NA	NA	NA	NA	NA	NA	NA	NA	NA	NA	NA	NA	NA	NA	NA	NA	NA	NA	NA	NA	NA	NA	NA	NA	NA	NA	NA	NA	NA	NA	NA	NA	NA	NA	NA	NA	NA	NA
cg18623351	NA	NA	NA	NA	NA	NA	NA	NA	NA	NA	NA	NA	NA	NA	NA	NA	NA	NA	NA	NA	NA	NA	NA	NA	NA	NA	NA	NA	NA	NA	NA	NA	NA	NA	NA	NA	NA	NA	NA	NA	NA	NA	NA	NA	NA	NA	NA	NA	NA	NA	NA	NA	NA	NA	NA	NA	NA	NA	NA	NA	NA	NA	NA	NA	NA	NA
cg18625258	NA	NA	NA	NA	NA	NA	NA	NA	NA	NA	NA	NA	NA	NA	NA	NA	NA	NA	NA	NA	NA	NA	NA	NA	NA	NA	NA	NA	NA	NA	NA	NA	NA	NA	NA	NA	NA	NA	NA	NA	NA	NA	NA	NA	NA	NA	NA	NA	NA	NA	NA	NA	NA	NA	NA	NA	NA	NA	NA	NA	NA	NA	NA	NA	NA	NA
cg18631513	NA	NA	NA	NA	NA	NA	NA	NA	NA	NA	NA	NA	NA	NA	NA	NA	NA	NA	NA	NA	NA	NA	NA	NA	NA	NA	NA	NA	NA	NA	NA	NA	NA	NA	NA	NA	NA	NA	NA	NA	NA	NA	NA	NA	NA	NA	NA	NA	NA	NA	NA	NA	NA	NA	NA	NA	NA	NA	NA	NA	NA	NA	NA	NA	NA	NA
cg18637291	NA	NA	NA	NA	NA	NA	NA	NA	NA	NA	NA	NA	NA	NA	NA	NA	NA	NA	NA	NA	NA	NA	NA	NA	NA	NA	NA	NA	NA	NA	NA	NA	NA	NA	NA	NA	NA	NA	NA	NA	NA	NA	NA	NA	NA	NA	NA	NA	NA	NA	NA	NA	NA	NA	NA	NA	NA	NA	NA	NA	NA	NA	NA	NA	NA	NA
cg18690712	NA	NA	NA	NA	NA	NA	NA	NA	NA	NA	NA	NA	NA	NA	NA	NA	NA	NA	NA	NA	NA	NA	NA	NA	NA	NA	NA	NA	NA	NA	NA	NA	NA	NA	NA	NA	NA	NA	NA	NA	NA	NA	NA	NA	NA	NA	NA	NA	NA	NA	NA	NA	NA	NA	NA	NA	NA	NA	NA	NA	NA	NA	NA	NA	NA	NA
cg18738114	NA	NA	NA	NA	NA	NA	NA	NA	NA	NA	NA	NA	NA	NA	NA	NA	NA	NA	NA	NA	NA	NA	NA	NA	NA	NA	NA	NA	NA	NA	NA	NA	NA	NA	NA	NA	NA	NA	NA	NA	NA	NA	NA	NA	NA	NA	NA	NA	NA	NA	NA	NA	NA	NA	NA	NA	NA	NA	NA	NA	NA	NA	NA	NA	NA	NA
cg18771118	NA	NA	NA	NA	NA	NA	NA	NA	NA	NA	NA	NA	NA	NA	NA	NA	NA	NA	NA	NA	NA	NA	NA	NA	NA	NA	NA	NA	NA	NA	NA	NA	NA	NA	NA	NA	NA	NA	NA	NA	NA	NA	NA	NA	NA	NA	NA	NA	NA	NA	NA	NA	NA	NA	NA	NA	NA	NA	NA	NA	NA	NA	NA	NA	NA	NA
cg18793886	NA	NA	NA	NA	NA	NA	NA	NA	NA	NA	NA	NA	NA	NA	NA	NA	NA	NA	NA	NA	NA	NA	NA	NA	NA	NA	NA	NA	NA	NA	NA	NA	NA	NA	NA	NA	NA	NA	NA	NA	NA	NA	NA	NA	NA	NA	NA	NA	NA	NA	NA	NA	NA	NA	NA	NA	NA	NA	NA	NA	NA	NA	NA	NA	NA	NA
cg18802268	0.874346214238107	0.898283510327286	0.868837307692161	0.879609582723818	0.884909469112458	0.912780399899037	0.865641831856424	0.874141410436123	0.841706695805672	0.842219773937401	0.877238438829721	0.882441134691887	0.813288141665052	0.898823630096745	0.861838717834759	0.876069947662662	0.849400507972223	0.893290325421014	0.860015629842971	0.682289508438905	0.85624856786199	0.857907249567349	0.896716337213698	0.86476211656349	0.879223038960776	0.8547971682894	0.918834108124892	0.89748374857966	0.874740196405581	0.883043643736552	0.875458014373697	0.877637442398038	0.898554731220384	0.873400833112969	0.883870169634569	0.905402482607757	0.85675728764585	0.873735611494491	0.656522435629402	0.883711075866276	0.860685710514271	0.889601213660242	0.326892008802898	0.829834572925573	0.865271315540609	0.861146570239881	0.85794285368075	0.867549262544502	0.87445183485763	0.887253242950508	0.839961488081845	0.814201950915058	0.861832168651412	0.881529127435995	0.879209233933532	0.884690405670391	0.885092141025231	0.852828872235482	0.914457684399914	0.869694922867837	0.859638317100745	0.859262549404322	0.890499024810637	0.86231017327782	0.826486727837912	0.900823767837267
cg18817246	NA	NA	NA	NA	NA	NA	NA	NA	NA	NA	NA	NA	NA	NA	NA	NA	NA	NA	NA	NA	NA	NA	NA	NA	NA	NA	NA	NA	NA	NA	NA	NA	NA	NA	NA	NA	NA	NA	NA	NA	NA	NA	NA	NA	NA	NA	NA	NA	NA	NA	NA	NA	NA	NA	NA	NA	NA	NA	NA	NA	NA	NA	NA	NA	NA	NA
cg18824501	NA	NA	NA	NA	NA	NA	NA	NA	NA	NA	NA	NA	NA	NA	NA	NA	NA	NA	NA	NA	NA	NA	NA	NA	NA	NA	NA	NA	NA	NA	NA	NA	NA	NA	NA	NA	NA	NA	NA	NA	NA	NA	NA	NA	NA	NA	NA	NA	NA	NA	NA	NA	NA	NA	NA	NA	NA	NA	NA	NA	NA	NA	NA	NA	NA	NA
cg18879198	0.799345215408109	0.583650064736178	0.853640576947188	0.760109078620212	0.813800484932074	0.811328317580588	0.854266532509087	0.783259349606773	0.783893189416645	0.808883970885313	0.770385681520164	0.748439242261625	0.792876587048329	0.734966874089627	0.818688609566367	0.756219735380982	0.766712879984248	0.733574730481918	0.819126917895404	0.355598812055283	0.81301721977032	0.759267823628467	0.407609923366378	0.773929891570511	0.765528362886799	0.858610569792135	0.792314669140203	0.732805860927451	0.861914817597219	0.807666545642501	0.817720410732334	0.762005163056599	0.819023293501718	0.725910483223845	0.761585285019364	0.803329974248472	0.583733415772744	0.830515922953575	0.716494770854702	0.774578011067345	0.81546085683049	0.828602654159044	0.48610926336919	0.778082648098329	0.760716339318206	0.877442872026428	0.824409882372498	0.872653463133744	0.776487425288523	0.821222203400202	0.743371272312533	0.718484877530315	0.830871179723383	0.81950536350307	0.799334007633787	0.829629555147134	0.819094991638095	0.841571150516139	0.787786176345999	0.695404253440846	0.821427998232614	0.860268395829808	0.851465887484998	0.807864465052355	0.646004769405891	0.733026654377334
cg18917270	NA	NA	NA	NA	NA	NA	NA	NA	NA	NA	NA	NA	NA	NA	NA	NA	NA	NA	NA	NA	NA	NA	NA	NA	NA	NA	NA	NA	NA	NA	NA	NA	NA	NA	NA	NA	NA	NA	NA	NA	NA	NA	NA	NA	NA	NA	NA	NA	NA	NA	NA	NA	NA	NA	NA	NA	NA	NA	NA	NA	NA	NA	NA	NA	NA	NA
cg18918365	NA	NA	NA	NA	NA	NA	NA	NA	NA	NA	NA	NA	NA	NA	NA	NA	NA	NA	NA	NA	NA	NA	NA	NA	NA	NA	NA	NA	NA	NA	NA	NA	NA	NA	NA	NA	NA	NA	NA	NA	NA	NA	NA	NA	NA	NA	NA	NA	NA	NA	NA	NA	NA	NA	NA	NA	NA	NA	NA	NA	NA	NA	NA	NA	NA	NA
cg18920490	NA	NA	NA	NA	NA	NA	NA	NA	NA	NA	NA	NA	NA	NA	NA	NA	NA	NA	NA	NA	NA	NA	NA	NA	NA	NA	NA	NA	NA	NA	NA	NA	NA	NA	NA	NA	NA	NA	NA	NA	NA	NA	NA	NA	NA	NA	NA	NA	NA	NA	NA	NA	NA	NA	NA	NA	NA	NA	NA	NA	NA	NA	NA	NA	NA	NA
cg19007523	NA	NA	NA	NA	NA	NA	NA	NA	NA	NA	NA	NA	NA	NA	NA	NA	NA	NA	NA	NA	NA	NA	NA	NA	NA	NA	NA	NA	NA	NA	NA	NA	NA	NA	NA	NA	NA	NA	NA	NA	NA	NA	NA	NA	NA	NA	NA	NA	NA	NA	NA	NA	NA	NA	NA	NA	NA	NA	NA	NA	NA	NA	NA	NA	NA	NA
cg19066691	NA	NA	NA	NA	NA	NA	NA	NA	NA	NA	NA	NA	NA	NA	NA	NA	NA	NA	NA	NA	NA	NA	NA	NA	NA	NA	NA	NA	NA	NA	NA	NA	NA	NA	NA	NA	NA	NA	NA	NA	NA	NA	NA	NA	NA	NA	NA	NA	NA	NA	NA	NA	NA	NA	NA	NA	NA	NA	NA	NA	NA	NA	NA	NA	NA	NA
cg19071460	NA	NA	NA	NA	NA	NA	NA	NA	NA	NA	NA	NA	NA	NA	NA	NA	NA	NA	NA	NA	NA	NA	NA	NA	NA	NA	NA	NA	NA	NA	NA	NA	NA	NA	NA	NA	NA	NA	NA	NA	NA	NA	NA	NA	NA	NA	NA	NA	NA	NA	NA	NA	NA	NA	NA	NA	NA	NA	NA	NA	NA	NA	NA	NA	NA	NA
cg19075506	NA	NA	NA	NA	NA	NA	NA	NA	NA	NA	NA	NA	NA	NA	NA	NA	NA	NA	NA	NA	NA	NA	NA	NA	NA	NA	NA	NA	NA	NA	NA	NA	NA	NA	NA	NA	NA	NA	NA	NA	NA	NA	NA	NA	NA	NA	NA	NA	NA	NA	NA	NA	NA	NA	NA	NA	NA	NA	NA	NA	NA	NA	NA	NA	NA	NA
cg19112359	NA	NA	NA	NA	NA	NA	NA	NA	NA	NA	NA	NA	NA	NA	NA	NA	NA	NA	NA	NA	NA	NA	NA	NA	NA	NA	NA	NA	NA	NA	NA	NA	NA	NA	NA	NA	NA	NA	NA	NA	NA	NA	NA	NA	NA	NA	NA	NA	NA	NA	NA	NA	NA	NA	NA	NA	NA	NA	NA	NA	NA	NA	NA	NA	NA	NA
cg19182919	NA	NA	NA	NA	NA	NA	NA	NA	NA	NA	NA	NA	NA	NA	NA	NA	NA	NA	NA	NA	NA	NA	NA	NA	NA	NA	NA	NA	NA	NA	NA	NA	NA	NA	NA	NA	NA	NA	NA	NA	NA	NA	NA	NA	NA	NA	NA	NA	NA	NA	NA	NA	NA	NA	NA	NA	NA	NA	NA	NA	NA	NA	NA	NA	NA	NA
cg19193943	NA	NA	NA	NA	NA	NA	NA	NA	NA	NA	NA	NA	NA	NA	NA	NA	NA	NA	NA	NA	NA	NA	NA	NA	NA	NA	NA	NA	NA	NA	NA	NA	NA	NA	NA	NA	NA	NA	NA	NA	NA	NA	NA	NA	NA	NA	NA	NA	NA	NA	NA	NA	NA	NA	NA	NA	NA	NA	NA	NA	NA	NA	NA	NA	NA	NA
cg19240584	NA	NA	NA	NA	NA	NA	NA	NA	NA	NA	NA	NA	NA	NA	NA	NA	NA	NA	NA	NA	NA	NA	NA	NA	NA	NA	NA	NA	NA	NA	NA	NA	NA	NA	NA	NA	NA	NA	NA	NA	NA	NA	NA	NA	NA	NA	NA	NA	NA	NA	NA	NA	NA	NA	NA	NA	NA	NA	NA	NA	NA	NA	NA	NA	NA	NA
cg19263575	NA	NA	NA	NA	NA	NA	NA	NA	NA	NA	NA	NA	NA	NA	NA	NA	NA	NA	NA	NA	NA	NA	NA	NA	NA	NA	NA	NA	NA	NA	NA	NA	NA	NA	NA	NA	NA	NA	NA	NA	NA	NA	NA	NA	NA	NA	NA	NA	NA	NA	NA	NA	NA	NA	NA	NA	NA	NA	NA	NA	NA	NA	NA	NA	NA	NA
cg19265948	NA	NA	NA	NA	NA	NA	NA	NA	NA	NA	NA	NA	NA	NA	NA	NA	NA	NA	NA	NA	NA	NA	NA	NA	NA	NA	NA	NA	NA	NA	NA	NA	NA	NA	NA	NA	NA	NA	NA	NA	NA	NA	NA	NA	NA	NA	NA	NA	NA	NA	NA	NA	NA	NA	NA	NA	NA	NA	NA	NA	NA	NA	NA	NA	NA	NA
cg19316897	NA	NA	NA	NA	NA	NA	NA	NA	NA	NA	NA	NA	NA	NA	NA	NA	NA	NA	NA	NA	NA	NA	NA	NA	NA	NA	NA	NA	NA	NA	NA	NA	NA	NA	NA	NA	NA	NA	NA	NA	NA	NA	NA	NA	NA	NA	NA	NA	NA	NA	NA	NA	NA	NA	NA	NA	NA	NA	NA	NA	NA	NA	NA	NA	NA	NA
cg19444390	NA	NA	NA	NA	NA	NA	NA	NA	NA	NA	NA	NA	NA	NA	NA	NA	NA	NA	NA	NA	NA	NA	NA	NA	NA	NA	NA	NA	NA	NA	NA	NA	NA	NA	NA	NA	NA	NA	NA	NA	NA	NA	NA	NA	NA	NA	NA	NA	NA	NA	NA	NA	NA	NA	NA	NA	NA	NA	NA	NA	NA	NA	NA	NA	NA	NA
cg19457121	NA	NA	NA	NA	NA	NA	NA	NA	NA	NA	NA	NA	NA	NA	NA	NA	NA	NA	NA	NA	NA	NA	NA	NA	NA	NA	NA	NA	NA	NA	NA	NA	NA	NA	NA	NA	NA	NA	NA	NA	NA	NA	NA	NA	NA	NA	NA	NA	NA	NA	NA	NA	NA	NA	NA	NA	NA	NA	NA	NA	NA	NA	NA	NA	NA	NA
cg19493162	NA	NA	NA	NA	NA	NA	NA	NA	NA	NA	NA	NA	NA	NA	NA	NA	NA	NA	NA	NA	NA	NA	NA	NA	NA	NA	NA	NA	NA	NA	NA	NA	NA	NA	NA	NA	NA	NA	NA	NA	NA	NA	NA	NA	NA	NA	NA	NA	NA	NA	NA	NA	NA	NA	NA	NA	NA	NA	NA	NA	NA	NA	NA	NA	NA	NA
cg19502207	0.143575102981628	0.827614826111691	0.305028263395996	0.11480323685737	0.205013756386741	0.17964775399265	0.161183264339136	0.15104555920891	0.424670569210527	0.0975057685915338	0.273099120901342	0.337501490409746	0.705940055046488	0.217489988214554	0.756845315718252	0.218203228669526	0.281865466227244	NA	0.287232283633553	NA	0.919978202208748	0.271586155073681	0.894193010203979	0.183617398024293	0.196425468330011	0.911950882640951	0.498994826527655	0.634061845529998	0.383163558691968	0.263545453773846	0.207967381279557	0.78581613845399	0.105634868259927	0.11406323222551	0.209451894190041	0.29973376182705	0.24149069686178	0.182666663518666	0.553984246651925	0.280680289836807	0.966491618375393	0.187222957457292	0.316021545859785	0.1659083579071	0.175854070167133	0.102087413386537	0.168607702321888	0.240852135099672	0.742276902834672	0.131656455114365	0.677219862723733	0.908971022494147	0.17056233946012	0.124534144349646	0.872384780549858	0.0896750660869099	0.133107639679373	0.645038412068645	0.126892818149576	0.128418662611749	0.126353950973303	0.179170802582385	0.115277851722763	0.169632543550222	0.671452370647162	0.195768642815111
cg19513514	NA	NA	NA	NA	NA	NA	NA	NA	NA	NA	NA	NA	NA	NA	NA	NA	NA	NA	NA	NA	NA	NA	NA	NA	NA	NA	NA	NA	NA	NA	NA	NA	NA	NA	NA	NA	NA	NA	NA	NA	NA	NA	NA	NA	NA	NA	NA	NA	NA	NA	NA	NA	NA	NA	NA	NA	NA	NA	NA	NA	NA	NA	NA	NA	NA	NA
cg19521438	NA	NA	NA	NA	NA	NA	NA	NA	NA	NA	NA	NA	NA	NA	NA	NA	NA	NA	NA	NA	NA	NA	NA	NA	NA	NA	NA	NA	NA	NA	NA	NA	NA	NA	NA	NA	NA	NA	NA	NA	NA	NA	NA	NA	NA	NA	NA	NA	NA	NA	NA	NA	NA	NA	NA	NA	NA	NA	NA	NA	NA	NA	NA	NA	NA	NA
cg19532617	NA	NA	NA	NA	NA	NA	NA	NA	NA	NA	NA	NA	NA	NA	NA	NA	NA	NA	NA	NA	NA	NA	NA	NA	NA	NA	NA	NA	NA	NA	NA	NA	NA	NA	NA	NA	NA	NA	NA	NA	NA	NA	NA	NA	NA	NA	NA	NA	NA	NA	NA	NA	NA	NA	NA	NA	NA	NA	NA	NA	NA	NA	NA	NA	NA	NA
cg19563410	NA	NA	NA	NA	NA	NA	NA	NA	NA	NA	NA	NA	NA	NA	NA	NA	NA	NA	NA	NA	NA	NA	NA	NA	NA	NA	NA	NA	NA	NA	NA	NA	NA	NA	NA	NA	NA	NA	NA	NA	NA	NA	NA	NA	NA	NA	NA	NA	NA	NA	NA	NA	NA	NA	NA	NA	NA	NA	NA	NA	NA	NA	NA	NA	NA	NA
cg19565241	NA	NA	NA	NA	NA	NA	NA	NA	NA	NA	NA	NA	NA	NA	NA	NA	NA	NA	NA	NA	NA	NA	NA	NA	NA	NA	NA	NA	NA	NA	NA	NA	NA	NA	NA	NA	NA	NA	NA	NA	NA	NA	NA	NA	NA	NA	NA	NA	NA	NA	NA	NA	NA	NA	NA	NA	NA	NA	NA	NA	NA	NA	NA	NA	NA	NA
cg19605592	NA	NA	NA	NA	NA	NA	NA	NA	NA	NA	NA	NA	NA	NA	NA	NA	NA	NA	NA	NA	NA	NA	NA	NA	NA	NA	NA	NA	NA	NA	NA	NA	NA	NA	NA	NA	NA	NA	NA	NA	NA	NA	NA	NA	NA	NA	NA	NA	NA	NA	NA	NA	NA	NA	NA	NA	NA	NA	NA	NA	NA	NA	NA	NA	NA	NA
cg19645839	NA	NA	NA	NA	NA	NA	NA	NA	NA	NA	NA	NA	NA	NA	NA	NA	NA	NA	NA	NA	NA	NA	NA	NA	NA	NA	NA	NA	NA	NA	NA	NA	NA	NA	NA	NA	NA	NA	NA	NA	NA	NA	NA	NA	NA	NA	NA	NA	NA	NA	NA	NA	NA	NA	NA	NA	NA	NA	NA	NA	NA	NA	NA	NA	NA	NA
cg19655704	0.950985968233019	0.962604451229836	0.954437252885325	0.948247724615749	0.971800914079108	0.950519272590845	0.957632343669386	0.929317288306568	0.932266507868231	0.940030254547974	0.945689770171905	0.941689905243179	0.957909149764343	0.92748994999703	0.931814264586266	0.959266320568472	0.946909614344028	0.93130713628392	0.953953402088829	0.653374345353049	0.952745227753835	0.957922282162941	0.948728786851202	0.953361419997707	0.950589070841242	0.959350308511988	0.959861173558359	0.952711609777974	0.934690262910426	0.951493464031139	0.950781651990639	0.968844527866992	0.958044625211844	0.916102929366968	0.952456028476796	0.956021144669309	0.957793174356102	0.959790562154428	0.579525644444474	0.926137814483524	0.961269601934609	0.96739141328459	0.928252765383963	0.911552063554169	0.937522542656878	0.94247157428555	0.960887430058733	0.956099342909965	0.945820850410563	0.955278709247234	0.95152311454566	0.946769607837668	0.947915248355927	0.930753171407175	0.953492894523246	0.96868820511312	0.960073898637374	0.950815485043561	0.969440714835504	0.942574059195409	0.922732889441082	0.945656974505949	0.968326364260002	0.95834586477093	0.952612612869764	0.961552185008289
cg19665882	NA	NA	NA	NA	NA	NA	NA	NA	NA	NA	NA	NA	NA	NA	NA	NA	NA	NA	NA	NA	NA	NA	NA	NA	NA	NA	NA	NA	NA	NA	NA	NA	NA	NA	NA	NA	NA	NA	NA	NA	NA	NA	NA	NA	NA	NA	NA	NA	NA	NA	NA	NA	NA	NA	NA	NA	NA	NA	NA	NA	NA	NA	NA	NA	NA	NA
cg19674688	NA	NA	NA	NA	NA	NA	NA	NA	NA	NA	NA	NA	NA	NA	NA	NA	NA	NA	NA	NA	NA	NA	NA	NA	NA	NA	NA	NA	NA	NA	NA	NA	NA	NA	NA	NA	NA	NA	NA	NA	NA	NA	NA	NA	NA	NA	NA	NA	NA	NA	NA	NA	NA	NA	NA	NA	NA	NA	NA	NA	NA	NA	NA	NA	NA	NA
cg19677184	NA	NA	NA	NA	NA	NA	NA	NA	NA	NA	NA	NA	NA	NA	NA	NA	NA	NA	NA	NA	NA	NA	NA	NA	NA	NA	NA	NA	NA	NA	NA	NA	NA	NA	NA	NA	NA	NA	NA	NA	NA	NA	NA	NA	NA	NA	NA	NA	NA	NA	NA	NA	NA	NA	NA	NA	NA	NA	NA	NA	NA	NA	NA	NA	NA	NA
cg19677830	NA	NA	NA	NA	NA	NA	NA	NA	NA	NA	NA	NA	NA	NA	NA	NA	NA	NA	NA	NA	NA	NA	NA	NA	NA	NA	NA	NA	NA	NA	NA	NA	NA	NA	NA	NA	NA	NA	NA	NA	NA	NA	NA	NA	NA	NA	NA	NA	NA	NA	NA	NA	NA	NA	NA	NA	NA	NA	NA	NA	NA	NA	NA	NA	NA	NA
cg19716125	NA	NA	NA	NA	NA	NA	NA	NA	NA	NA	NA	NA	NA	NA	NA	NA	NA	NA	NA	NA	NA	NA	NA	NA	NA	NA	NA	NA	NA	NA	NA	NA	NA	NA	NA	NA	NA	NA	NA	NA	NA	NA	NA	NA	NA	NA	NA	NA	NA	NA	NA	NA	NA	NA	NA	NA	NA	NA	NA	NA	NA	NA	NA	NA	NA	NA
cg19718662	0.559236258734308	0.549074779447875	0.922183322889364	0.077697737827194	0.90755000937731	0.912366613473624	0.931217932407305	0.867921948152685	0.82144238512575	0.185423472285917	0.571768102270297	0.862198415958796	0.528373591842146	0.883560797887764	0.5360847499226	0.898708970580515	0.553288272232314	0.858611626168119	0.528297586292886	0.282164138615909	0.503942788397407	0.567350301292585	0.336115646428342	0.903928759842374	0.816680978452058	0.939964832636884	0.57548628674241	0.823848696130664	0.70190753872547	0.894558955320171	0.545218813637138	0.511612362886505	0.51065449206172	0.514749385869304	0.541778432974609	0.484046203631926	0.661981808008135	0.844251662757163	0.812723231221851	0.902624271261125	0.51280466812081	0.545567721273127	0.139414125972547	0.2069249355165	0.499479841311266	0.517013862294659	0.912370818930104	0.941090709076149	0.897532580549185	0.106450613378893	0.589287114010156	0.458670709460366	0.915384981677237	0.57363497098555	0.912265802646989	0.905186697864558	0.903661599057981	0.889308316621083	0.571175440252037	0.260318012879953	0.901370906835333	0.916488372197562	0.892101097335322	0.0864789756864383	0.569094605967497	0.488022669495397
cg19761060	NA	NA	NA	NA	NA	NA	NA	NA	NA	NA	NA	NA	NA	NA	NA	NA	NA	NA	NA	NA	NA	NA	NA	NA	NA	NA	NA	NA	NA	NA	NA	NA	NA	NA	NA	NA	NA	NA	NA	NA	NA	NA	NA	NA	NA	NA	NA	NA	NA	NA	NA	NA	NA	NA	NA	NA	NA	NA	NA	NA	NA	NA	NA	NA	NA	NA
cg19761271	NA	NA	NA	NA	NA	NA	NA	NA	NA	NA	NA	NA	NA	NA	NA	NA	NA	NA	NA	NA	NA	NA	NA	NA	NA	NA	NA	NA	NA	NA	NA	NA	NA	NA	NA	NA	NA	NA	NA	NA	NA	NA	NA	NA	NA	NA	NA	NA	NA	NA	NA	NA	NA	NA	NA	NA	NA	NA	NA	NA	NA	NA	NA	NA	NA	NA
cg19785312	NA	NA	NA	NA	NA	NA	NA	NA	NA	NA	NA	NA	NA	NA	NA	NA	NA	NA	NA	NA	NA	NA	NA	NA	NA	NA	NA	NA	NA	NA	NA	NA	NA	NA	NA	NA	NA	NA	NA	NA	NA	NA	NA	NA	NA	NA	NA	NA	NA	NA	NA	NA	NA	NA	NA	NA	NA	NA	NA	NA	NA	NA	NA	NA	NA	NA
cg19789336	NA	NA	NA	NA	NA	NA	NA	NA	NA	NA	NA	NA	NA	NA	NA	NA	NA	NA	NA	NA	NA	NA	NA	NA	NA	NA	NA	NA	NA	NA	NA	NA	NA	NA	NA	NA	NA	NA	NA	NA	NA	NA	NA	NA	NA	NA	NA	NA	NA	NA	NA	NA	NA	NA	NA	NA	NA	NA	NA	NA	NA	NA	NA	NA	NA	NA
cg19840093	NA	NA	NA	NA	NA	NA	NA	NA	NA	NA	NA	NA	NA	NA	NA	NA	NA	NA	NA	NA	NA	NA	NA	NA	NA	NA	NA	NA	NA	NA	NA	NA	NA	NA	NA	NA	NA	NA	NA	NA	NA	NA	NA	NA	NA	NA	NA	NA	NA	NA	NA	NA	NA	NA	NA	NA	NA	NA	NA	NA	NA	NA	NA	NA	NA	NA
cg19863964	NA	NA	NA	NA	NA	NA	NA	NA	NA	NA	NA	NA	NA	NA	NA	NA	NA	NA	NA	NA	NA	NA	NA	NA	NA	NA	NA	NA	NA	NA	NA	NA	NA	NA	NA	NA	NA	NA	NA	NA	NA	NA	NA	NA	NA	NA	NA	NA	NA	NA	NA	NA	NA	NA	NA	NA	NA	NA	NA	NA	NA	NA	NA	NA	NA	NA
cg19883843	NA	NA	NA	NA	NA	NA	NA	NA	NA	NA	NA	NA	NA	NA	NA	NA	NA	NA	NA	NA	NA	NA	NA	NA	NA	NA	NA	NA	NA	NA	NA	NA	NA	NA	NA	NA	NA	NA	NA	NA	NA	NA	NA	NA	NA	NA	NA	NA	NA	NA	NA	NA	NA	NA	NA	NA	NA	NA	NA	NA	NA	NA	NA	NA	NA	NA
cg19887883	0.922584384003863	0.939529662248532	0.886406520940345	0.931795142702977	0.91615460983175	0.925075879125065	0.921395106132743	0.941826528613933	0.935016623547101	0.942730114074378	0.935493615014059	0.956613455554977	0.842609108684854	0.934836792170507	0.937722685908143	0.919911810322804	0.944734196513576	0.945111338460458	0.948011048202037	0.729192380947668	0.941353792826052	0.921025279294777	0.830820811625652	0.897470550467164	0.933566514031551	0.925564115669343	0.943668235538989	0.934910943638895	0.945026592473578	0.937902866913925	0.918848166717316	0.910932849370321	0.958132830001604	0.933423429812365	0.939510144277124	0.944421783463737	0.924096016221335	0.949042653015423	0.340982260398146	0.949879244406695	0.927889773051993	0.946236464288287	0.659475346238756	0.918034269325921	0.945809950012198	0.946840629342969	0.923499493103993	0.943981118635139	0.827072848429119	0.938187200497893	0.946282936680532	0.931031561362987	0.939407261092315	0.89279174443597	0.934950080092477	0.939042635939414	0.771135581262503	0.882119399616431	0.925434654843531	0.930075556433315	0.949537723277684	0.942165313610029	0.938897932053181	0.899900476730303	0.88879804834382	0.929927309424083
cg19925178	NA	NA	NA	NA	NA	NA	NA	NA	NA	NA	NA	NA	NA	NA	NA	NA	NA	NA	NA	NA	NA	NA	NA	NA	NA	NA	NA	NA	NA	NA	NA	NA	NA	NA	NA	NA	NA	NA	NA	NA	NA	NA	NA	NA	NA	NA	NA	NA	NA	NA	NA	NA	NA	NA	NA	NA	NA	NA	NA	NA	NA	NA	NA	NA	NA	NA
cg19929302	NA	NA	NA	NA	NA	NA	NA	NA	NA	NA	NA	NA	NA	NA	NA	NA	NA	NA	NA	NA	NA	NA	NA	NA	NA	NA	NA	NA	NA	NA	NA	NA	NA	NA	NA	NA	NA	NA	NA	NA	NA	NA	NA	NA	NA	NA	NA	NA	NA	NA	NA	NA	NA	NA	NA	NA	NA	NA	NA	NA	NA	NA	NA	NA	NA	NA
cg19950846	NA	NA	NA	NA	NA	NA	NA	NA	NA	NA	NA	NA	NA	NA	NA	NA	NA	NA	NA	NA	NA	NA	NA	NA	NA	NA	NA	NA	NA	NA	NA	NA	NA	NA	NA	NA	NA	NA	NA	NA	NA	NA	NA	NA	NA	NA	NA	NA	NA	NA	NA	NA	NA	NA	NA	NA	NA	NA	NA	NA	NA	NA	NA	NA	NA	NA
cg19979222	NA	NA	NA	NA	NA	NA	NA	NA	NA	NA	NA	NA	NA	NA	NA	NA	NA	NA	NA	NA	NA	NA	NA	NA	NA	NA	NA	NA	NA	NA	NA	NA	NA	NA	NA	NA	NA	NA	NA	NA	NA	NA	NA	NA	NA	NA	NA	NA	NA	NA	NA	NA	NA	NA	NA	NA	NA	NA	NA	NA	NA	NA	NA	NA	NA	NA
cg19988798	NA	NA	NA	NA	NA	NA	NA	NA	NA	NA	NA	NA	NA	NA	NA	NA	NA	NA	NA	NA	NA	NA	NA	NA	NA	NA	NA	NA	NA	NA	NA	NA	NA	NA	NA	NA	NA	NA	NA	NA	NA	NA	NA	NA	NA	NA	NA	NA	NA	NA	NA	NA	NA	NA	NA	NA	NA	NA	NA	NA	NA	NA	NA	NA	NA	NA
cg20006652	NA	NA	NA	NA	NA	NA	NA	NA	NA	NA	NA	NA	NA	NA	NA	NA	NA	NA	NA	NA	NA	NA	NA	NA	NA	NA	NA	NA	NA	NA	NA	NA	NA	NA	NA	NA	NA	NA	NA	NA	NA	NA	NA	NA	NA	NA	NA	NA	NA	NA	NA	NA	NA	NA	NA	NA	NA	NA	NA	NA	NA	NA	NA	NA	NA	NA
cg20010076	NA	NA	NA	NA	NA	NA	NA	NA	NA	NA	NA	NA	NA	NA	NA	NA	NA	NA	NA	NA	NA	NA	NA	NA	NA	NA	NA	NA	NA	NA	NA	NA	NA	NA	NA	NA	NA	NA	NA	NA	NA	NA	NA	NA	NA	NA	NA	NA	NA	NA	NA	NA	NA	NA	NA	NA	NA	NA	NA	NA	NA	NA	NA	NA	NA	NA
cg20019560	NA	NA	NA	NA	NA	NA	NA	NA	NA	NA	NA	NA	NA	NA	NA	NA	NA	NA	NA	NA	NA	NA	NA	NA	NA	NA	NA	NA	NA	NA	NA	NA	NA	NA	NA	NA	NA	NA	NA	NA	NA	NA	NA	NA	NA	NA	NA	NA	NA	NA	NA	NA	NA	NA	NA	NA	NA	NA	NA	NA	NA	NA	NA	NA	NA	NA
cg20029324	NA	NA	NA	NA	NA	NA	NA	NA	NA	NA	NA	NA	NA	NA	NA	NA	NA	NA	NA	NA	NA	NA	NA	NA	NA	NA	NA	NA	NA	NA	NA	NA	NA	NA	NA	NA	NA	NA	NA	NA	NA	NA	NA	NA	NA	NA	NA	NA	NA	NA	NA	NA	NA	NA	NA	NA	NA	NA	NA	NA	NA	NA	NA	NA	NA	NA
cg20052431	NA	NA	NA	NA	NA	NA	NA	NA	NA	NA	NA	NA	NA	NA	NA	NA	NA	NA	NA	NA	NA	NA	NA	NA	NA	NA	NA	NA	NA	NA	NA	NA	NA	NA	NA	NA	NA	NA	NA	NA	NA	NA	NA	NA	NA	NA	NA	NA	NA	NA	NA	NA	NA	NA	NA	NA	NA	NA	NA	NA	NA	NA	NA	NA	NA	NA
cg20056341	NA	NA	NA	NA	NA	NA	NA	NA	NA	NA	NA	NA	NA	NA	NA	NA	NA	NA	NA	NA	NA	NA	NA	NA	NA	NA	NA	NA	NA	NA	NA	NA	NA	NA	NA	NA	NA	NA	NA	NA	NA	NA	NA	NA	NA	NA	NA	NA	NA	NA	NA	NA	NA	NA	NA	NA	NA	NA	NA	NA	NA	NA	NA	NA	NA	NA
cg20149922	NA	NA	NA	NA	NA	NA	NA	NA	NA	NA	NA	NA	NA	NA	NA	NA	NA	NA	NA	NA	NA	NA	NA	NA	NA	NA	NA	NA	NA	NA	NA	NA	NA	NA	NA	NA	NA	NA	NA	NA	NA	NA	NA	NA	NA	NA	NA	NA	NA	NA	NA	NA	NA	NA	NA	NA	NA	NA	NA	NA	NA	NA	NA	NA	NA	NA
cg20150443	NA	NA	NA	NA	NA	NA	NA	NA	NA	NA	NA	NA	NA	NA	NA	NA	NA	NA	NA	NA	NA	NA	NA	NA	NA	NA	NA	NA	NA	NA	NA	NA	NA	NA	NA	NA	NA	NA	NA	NA	NA	NA	NA	NA	NA	NA	NA	NA	NA	NA	NA	NA	NA	NA	NA	NA	NA	NA	NA	NA	NA	NA	NA	NA	NA	NA
cg20165732	NA	NA	NA	NA	NA	NA	NA	NA	NA	NA	NA	NA	NA	NA	NA	NA	NA	NA	NA	NA	NA	NA	NA	NA	NA	NA	NA	NA	NA	NA	NA	NA	NA	NA	NA	NA	NA	NA	NA	NA	NA	NA	NA	NA	NA	NA	NA	NA	NA	NA	NA	NA	NA	NA	NA	NA	NA	NA	NA	NA	NA	NA	NA	NA	NA	NA
cg20200361	NA	NA	NA	NA	NA	NA	NA	NA	NA	NA	NA	NA	NA	NA	NA	NA	NA	NA	NA	NA	NA	NA	NA	NA	NA	NA	NA	NA	NA	NA	NA	NA	NA	NA	NA	NA	NA	NA	NA	NA	NA	NA	NA	NA	NA	NA	NA	NA	NA	NA	NA	NA	NA	NA	NA	NA	NA	NA	NA	NA	NA	NA	NA	NA	NA	NA
cg20246277	0.900668156444928	0.949694982894789	0.895846999285098	0.920002108354891	0.901055312878869	0.933179579602962	0.925040432815841	0.916563170255594	0.924651041490005	0.938820592051706	0.861145065484235	0.922314062934289	0.928537885332004	0.934021881648642	0.904145398590978	0.912565753073827	0.927117620373082	0.932387016611522	0.94469521659541	0.815949169738312	0.900962471153935	0.936291957122726	0.932538946855132	0.923283211007	0.921782385368157	0.908207640913321	0.920875584054624	0.914067432712263	0.966291659084986	0.918001604233212	0.914454746743248	0.909164217171664	0.930953289928095	0.936519151225836	0.912261975250971	0.937199571091358	0.916514861409943	0.912464084476662	0.342307877658425	0.92035334005834	0.902692622059412	0.902645628203072	0.380733977780207	0.908441054694989	0.93094800280856	0.921246608038809	0.914533507814811	0.942044003830812	0.940703248371259	0.92461166393143	0.921060238955121	0.902391034160205	0.92169958557016	0.936702084703711	0.945018917411669	0.945292361739604	0.935095096492389	0.926253445676314	0.940250610052168	0.866332354094627	0.933580270587069	0.937266277832025	0.951324299003336	0.910155769756875	0.891833946653375	0.91445666310405
cg20262540	NA	NA	NA	NA	NA	NA	NA	NA	NA	NA	NA	NA	NA	NA	NA	NA	NA	NA	NA	NA	NA	NA	NA	NA	NA	NA	NA	NA	NA	NA	NA	NA	NA	NA	NA	NA	NA	NA	NA	NA	NA	NA	NA	NA	NA	NA	NA	NA	NA	NA	NA	NA	NA	NA	NA	NA	NA	NA	NA	NA	NA	NA	NA	NA	NA	NA
cg20284705	NA	NA	NA	NA	NA	NA	NA	NA	NA	NA	NA	NA	NA	NA	NA	NA	NA	NA	NA	NA	NA	NA	NA	NA	NA	NA	NA	NA	NA	NA	NA	NA	NA	NA	NA	NA	NA	NA	NA	NA	NA	NA	NA	NA	NA	NA	NA	NA	NA	NA	NA	NA	NA	NA	NA	NA	NA	NA	NA	NA	NA	NA	NA	NA	NA	NA
cg20331613	NA	NA	NA	NA	NA	NA	NA	NA	NA	NA	NA	NA	NA	NA	NA	NA	NA	NA	NA	NA	NA	NA	NA	NA	NA	NA	NA	NA	NA	NA	NA	NA	NA	NA	NA	NA	NA	NA	NA	NA	NA	NA	NA	NA	NA	NA	NA	NA	NA	NA	NA	NA	NA	NA	NA	NA	NA	NA	NA	NA	NA	NA	NA	NA	NA	NA
cg20364241	NA	NA	NA	NA	NA	NA	NA	NA	NA	NA	NA	NA	NA	NA	NA	NA	NA	NA	NA	NA	NA	NA	NA	NA	NA	NA	NA	NA	NA	NA	NA	NA	NA	NA	NA	NA	NA	NA	NA	NA	NA	NA	NA	NA	NA	NA	NA	NA	NA	NA	NA	NA	NA	NA	NA	NA	NA	NA	NA	NA	NA	NA	NA	NA	NA	NA
cg20365687	0.527560200449738	0.826144122061651	0.571615691816482	0.886841708802655	0.888142349235394	0.54023951514858	0.860481790134557	0.292962038403676	0.828904496845482	0.88221138961921	0.896217088271286	0.339335926729895	0.850191282953574	0.820929584400588	0.203232974709409	0.767434954390076	0.836542357824938	0.554890719484816	0.25770576660086	0.83218123803572	0.834247099112377	0.343289756989986	0.864537298648589	0.86816393962256	0.826623649805123	0.526901968406563	0.780480580385587	0.401737587526709	0.617123449866162	0.612723855439226	0.862724553713632	0.817987383058235	0.877335551418114	0.30795269004751	0.85589145852855	0.900075135600949	0.506749638244476	0.876339796926689	0.422608776172434	0.864579107480755	0.53943073724682	0.344509913846018	0.852563730204345	0.388608317299395	0.346465397662541	0.50887154468163	0.269892562433164	0.214134565614225	0.335511326481682	0.842890020790956	0.789493681431133	0.344202525706826	0.904777972714613	0.530315951911209	0.324652358526787	0.928107303161422	0.875317911781323	0.92363478620963	0.530178425415492	0.407429045253664	0.901668626696716	0.227440888030113	0.913252079033501	0.198628618139136	0.581162654656059	0.290363375240121
cg20386784	NA	NA	NA	NA	NA	NA	NA	NA	NA	NA	NA	NA	NA	NA	NA	NA	NA	NA	NA	NA	NA	NA	NA	NA	NA	NA	NA	NA	NA	NA	NA	NA	NA	NA	NA	NA	NA	NA	NA	NA	NA	NA	NA	NA	NA	NA	NA	NA	NA	NA	NA	NA	NA	NA	NA	NA	NA	NA	NA	NA	NA	NA	NA	NA	NA	NA
cg20449764	NA	NA	NA	NA	NA	NA	NA	NA	NA	NA	NA	NA	NA	NA	NA	NA	NA	NA	NA	NA	NA	NA	NA	NA	NA	NA	NA	NA	NA	NA	NA	NA	NA	NA	NA	NA	NA	NA	NA	NA	NA	NA	NA	NA	NA	NA	NA	NA	NA	NA	NA	NA	NA	NA	NA	NA	NA	NA	NA	NA	NA	NA	NA	NA	NA	NA
cg20453820	0.862227737742622	0.194060577948299	0.870111661469582	0.867406227396439	0.149204377762773	0.509523304293667	0.877476006641393	0.0749117574916402	0.384758427053341	0.588931452884005	0.0807320824839891	0.251314527920113	0.106077719962347	0.56234576818658	0.102782422785788	0.557753132481373	0.546621576271957	0.130755784792136	0.185111196668127	0.592348294687807	0.196327782240294	0.204235320690069	0.16724657976746	0.182774537431948	0.155885293693788	0.549804163222642	0.223928565686252	0.349987609367449	0.373505480924712	0.155851918218247	0.897881441299708	0.353536506123441	0.880334420763064	0.117328679499322	0.486075808720264	0.911494277644102	0.499717967371956	0.46061516447573	0.4205767969048	0.0914874376322529	0.0791729359815593	0.524244559738325	0.132695418114184	0.202988817877032	0.157911408430485	0.924735276820684	0.818864204131346	0.0801701191938908	0.255624151447522	0.13474963449267	0.361225908831958	0.191429340439393	0.0648670624475681	0.0880472321029488	0.220893711684299	0.0745779890828626	0.093859508612688	0.511339379958018	0.519281308901453	0.288861539988019	0.069127376303468	0.106182258254807	0.21111287528634	0.0789985493015676	0.683394122309286	0.168286206676472
cg20465830	NA	NA	NA	NA	NA	NA	NA	NA	NA	NA	NA	NA	NA	NA	NA	NA	NA	NA	NA	NA	NA	NA	NA	NA	NA	NA	NA	NA	NA	NA	NA	NA	NA	NA	NA	NA	NA	NA	NA	NA	NA	NA	NA	NA	NA	NA	NA	NA	NA	NA	NA	NA	NA	NA	NA	NA	NA	NA	NA	NA	NA	NA	NA	NA	NA	NA
cg20492230	NA	NA	NA	NA	NA	NA	NA	NA	NA	NA	NA	NA	NA	NA	NA	NA	NA	NA	NA	NA	NA	NA	NA	NA	NA	NA	NA	NA	NA	NA	NA	NA	NA	NA	NA	NA	NA	NA	NA	NA	NA	NA	NA	NA	NA	NA	NA	NA	NA	NA	NA	NA	NA	NA	NA	NA	NA	NA	NA	NA	NA	NA	NA	NA	NA	NA
cg20494576	NA	NA	NA	NA	NA	NA	NA	NA	NA	NA	NA	NA	NA	NA	NA	NA	NA	NA	NA	NA	NA	NA	NA	NA	NA	NA	NA	NA	NA	NA	NA	NA	NA	NA	NA	NA	NA	NA	NA	NA	NA	NA	NA	NA	NA	NA	NA	NA	NA	NA	NA	NA	NA	NA	NA	NA	NA	NA	NA	NA	NA	NA	NA	NA	NA	NA
cg20494682	NA	NA	NA	NA	NA	NA	NA	NA	NA	NA	NA	NA	NA	NA	NA	NA	NA	NA	NA	NA	NA	NA	NA	NA	NA	NA	NA	NA	NA	NA	NA	NA	NA	NA	NA	NA	NA	NA	NA	NA	NA	NA	NA	NA	NA	NA	NA	NA	NA	NA	NA	NA	NA	NA	NA	NA	NA	NA	NA	NA	NA	NA	NA	NA	NA	NA
cg20529334	NA	NA	NA	NA	NA	NA	NA	NA	NA	NA	NA	NA	NA	NA	NA	NA	NA	NA	NA	NA	NA	NA	NA	NA	NA	NA	NA	NA	NA	NA	NA	NA	NA	NA	NA	NA	NA	NA	NA	NA	NA	NA	NA	NA	NA	NA	NA	NA	NA	NA	NA	NA	NA	NA	NA	NA	NA	NA	NA	NA	NA	NA	NA	NA	NA	NA
cg20602628	NA	NA	NA	NA	NA	NA	NA	NA	NA	NA	NA	NA	NA	NA	NA	NA	NA	NA	NA	NA	NA	NA	NA	NA	NA	NA	NA	NA	NA	NA	NA	NA	NA	NA	NA	NA	NA	NA	NA	NA	NA	NA	NA	NA	NA	NA	NA	NA	NA	NA	NA	NA	NA	NA	NA	NA	NA	NA	NA	NA	NA	NA	NA	NA	NA	NA
cg20621459	NA	NA	NA	NA	NA	NA	NA	NA	NA	NA	NA	NA	NA	NA	NA	NA	NA	NA	NA	NA	NA	NA	NA	NA	NA	NA	NA	NA	NA	NA	NA	NA	NA	NA	NA	NA	NA	NA	NA	NA	NA	NA	NA	NA	NA	NA	NA	NA	NA	NA	NA	NA	NA	NA	NA	NA	NA	NA	NA	NA	NA	NA	NA	NA	NA	NA
cg20637223	0.926485589597436	0.946206585348177	0.94999712574205	0.937450759057479	0.956030720076972	0.947979030788285	0.957455339693995	0.951831124816131	0.805070006691946	0.957191161217684	0.627175432486372	0.952571815683981	0.943747594840586	0.94434333808499	0.921664273558841	0.925483479772196	0.928894200572674	0.948590304018051	0.948239085285797	0.93734265568958	0.940640295130347	0.941112139632692	0.960026886896234	0.621071531839356	0.926502194595474	0.942575599069528	0.930668368619375	0.928725391477555	0.952954340134942	0.920599678752399	0.947025533488503	0.68000358004493	0.615711824457729	0.913566930296863	0.699269752264261	0.947752603453748	0.671041457454059	0.571350460754603	0.901082655285418	0.943467469909179	0.594694962834841	0.937485445324577	0.926187874902447	0.9199118007314	0.942648907523436	0.943410775736212	0.912428315023017	0.940666499230641	0.761152104573551	0.942211486842857	0.711154623307114	0.966323760788546	0.616470256902712	0.931236954153422	0.948954751139744	0.940683964000818	0.929863024398013	0.948647037109312	0.948146754778344	0.916110005141385	0.925961556587007	0.964520741252923	0.639824249484761	0.949835145983568	0.872342758735758	0.917262141116459
cg20643159	0.959895380578719	0.954125808319678	0.958564535681728	0.961708374681816	0.959302939755632	0.952583683967352	0.953654335056779	0.958367439620849	0.949558732168161	0.957681394312793	0.946998608172709	0.958643580863325	0.934072464205962	0.926049234429501	0.894629699275099	0.949855427304189	0.941071884986607	0.956439647871751	0.955680704482968	0.733359189371365	0.949088184288362	0.944288422821048	0.93968245368969	0.948424381800649	0.934360015345732	0.955298154232765	0.738729517662687	0.940149145801932	0.960024268218589	0.957246007606695	0.958226811828983	0.956561461916822	0.955383200326341	0.6874813872561	0.957725372609942	0.342503938603614	0.934236020371028	0.954588458361449	0.438155339384022	0.925830811136793	0.940916273817803	0.943076813790431	0.861584889116959	0.946910493806841	0.944616577725423	0.963415005867058	0.94073226012597	0.939954254271267	0.952717643561712	0.946487059542389	0.934130856226986	0.727772855715582	0.714165657571615	0.952610525161963	0.958489193320152	0.940909169926721	0.905098485255759	0.932336596558846	0.953628829768489	0.932557515986603	0.619714722853208	0.960071503159739	0.954383460884466	0.945954019827377	0.909059966651577	0.968605182379432
cg20664109	NA	NA	NA	NA	NA	NA	NA	NA	NA	NA	NA	NA	NA	NA	NA	NA	NA	NA	NA	NA	NA	NA	NA	NA	NA	NA	NA	NA	NA	NA	NA	NA	NA	NA	NA	NA	NA	NA	NA	NA	NA	NA	NA	NA	NA	NA	NA	NA	NA	NA	NA	NA	NA	NA	NA	NA	NA	NA	NA	NA	NA	NA	NA	NA	NA	NA
cg20689978	0.828698000275456	0.80481897269201	0.872504807833429	0.831864709157035	0.842938877031811	0.87612382721299	0.856085611901727	0.841530534940266	0.811218419188557	0.856838247120646	0.571968747745318	0.897623751300118	0.790055249313904	0.847498952700829	0.827779766841473	0.84487340585583	0.84636662414406	0.826159851261816	0.83906358052553	0.692721515206917	0.831767550290862	0.852054471702643	0.668449459864607	0.840070209389172	0.833082112976768	0.811759751178724	0.792214646560228	0.788028096206447	0.807323248689475	0.578652819544559	0.846749670155194	0.801627525260844	0.87690467970799	0.560415653752912	0.862186269623577	0.860766147151905	0.557620714877177	0.853113433716216	0.358055273383646	0.840066505545878	0.8627566848145	0.859458054827584	0.728269780215281	0.800679162309558	0.81469814612406	0.832010989716209	0.845043035884668	0.846532144647541	0.815424587918277	0.804367725487528	0.865267028516782	0.42413950473339	0.750191642131451	0.837026788999028	0.903482214125529	0.912203258871982	0.856189778167546	0.884437431603108	0.882087989336823	0.739957878359271	0.838403827097635	0.824930818027069	0.854610147764556	0.811867384834917	0.81544341332742	0.828469976649733
cg20706620	NA	NA	NA	NA	NA	NA	NA	NA	NA	NA	NA	NA	NA	NA	NA	NA	NA	NA	NA	NA	NA	NA	NA	NA	NA	NA	NA	NA	NA	NA	NA	NA	NA	NA	NA	NA	NA	NA	NA	NA	NA	NA	NA	NA	NA	NA	NA	NA	NA	NA	NA	NA	NA	NA	NA	NA	NA	NA	NA	NA	NA	NA	NA	NA	NA	NA
cg20747789	NA	NA	NA	NA	NA	NA	NA	NA	NA	NA	NA	NA	NA	NA	NA	NA	NA	NA	NA	NA	NA	NA	NA	NA	NA	NA	NA	NA	NA	NA	NA	NA	NA	NA	NA	NA	NA	NA	NA	NA	NA	NA	NA	NA	NA	NA	NA	NA	NA	NA	NA	NA	NA	NA	NA	NA	NA	NA	NA	NA	NA	NA	NA	NA	NA	NA
cg20756175	NA	NA	NA	NA	NA	NA	NA	NA	NA	NA	NA	NA	NA	NA	NA	NA	NA	NA	NA	NA	NA	NA	NA	NA	NA	NA	NA	NA	NA	NA	NA	NA	NA	NA	NA	NA	NA	NA	NA	NA	NA	NA	NA	NA	NA	NA	NA	NA	NA	NA	NA	NA	NA	NA	NA	NA	NA	NA	NA	NA	NA	NA	NA	NA	NA	NA
cg20786740	NA	NA	NA	NA	NA	NA	NA	NA	NA	NA	NA	NA	NA	NA	NA	NA	NA	NA	NA	NA	NA	NA	NA	NA	NA	NA	NA	NA	NA	NA	NA	NA	NA	NA	NA	NA	NA	NA	NA	NA	NA	NA	NA	NA	NA	NA	NA	NA	NA	NA	NA	NA	NA	NA	NA	NA	NA	NA	NA	NA	NA	NA	NA	NA	NA	NA
cg20803423	NA	NA	NA	NA	NA	NA	NA	NA	NA	NA	NA	NA	NA	NA	NA	NA	NA	NA	NA	NA	NA	NA	NA	NA	NA	NA	NA	NA	NA	NA	NA	NA	NA	NA	NA	NA	NA	NA	NA	NA	NA	NA	NA	NA	NA	NA	NA	NA	NA	NA	NA	NA	NA	NA	NA	NA	NA	NA	NA	NA	NA	NA	NA	NA	NA	NA
cg20808224	NA	NA	NA	NA	NA	NA	NA	NA	NA	NA	NA	NA	NA	NA	NA	NA	NA	NA	NA	NA	NA	NA	NA	NA	NA	NA	NA	NA	NA	NA	NA	NA	NA	NA	NA	NA	NA	NA	NA	NA	NA	NA	NA	NA	NA	NA	NA	NA	NA	NA	NA	NA	NA	NA	NA	NA	NA	NA	NA	NA	NA	NA	NA	NA	NA	NA
cg20823181	NA	NA	NA	NA	NA	NA	NA	NA	NA	NA	NA	NA	NA	NA	NA	NA	NA	NA	NA	NA	NA	NA	NA	NA	NA	NA	NA	NA	NA	NA	NA	NA	NA	NA	NA	NA	NA	NA	NA	NA	NA	NA	NA	NA	NA	NA	NA	NA	NA	NA	NA	NA	NA	NA	NA	NA	NA	NA	NA	NA	NA	NA	NA	NA	NA	NA
cg20834966	NA	NA	NA	NA	NA	NA	NA	NA	NA	NA	NA	NA	NA	NA	NA	NA	NA	NA	NA	NA	NA	NA	NA	NA	NA	NA	NA	NA	NA	NA	NA	NA	NA	NA	NA	NA	NA	NA	NA	NA	NA	NA	NA	NA	NA	NA	NA	NA	NA	NA	NA	NA	NA	NA	NA	NA	NA	NA	NA	NA	NA	NA	NA	NA	NA	NA
cg20836993	NA	NA	NA	NA	NA	NA	NA	NA	NA	NA	NA	NA	NA	NA	NA	NA	NA	NA	NA	NA	NA	NA	NA	NA	NA	NA	NA	NA	NA	NA	NA	NA	NA	NA	NA	NA	NA	NA	NA	NA	NA	NA	NA	NA	NA	NA	NA	NA	NA	NA	NA	NA	NA	NA	NA	NA	NA	NA	NA	NA	NA	NA	NA	NA	NA	NA
cg20854374	0.896762132237962	0.943999968099053	0.939090547238311	0.617409229720495	0.927896605835803	0.946134468492542	0.929243944347086	0.937099279358368	0.88277316885276	0.437187200477459	0.752566866222404	0.929797353157308	0.820626992507792	0.951460631441426	0.882825720850876	0.920278757312339	0.908960347791608	0.910790860381322	0.946724751108962	0.926787652756697	0.536474585697198	0.949331093459557	0.395139011141523	0.881434810334882	0.940502778793535	0.941266588514602	0.945026397641485	0.926712075367124	0.952574293564305	0.919773501172257	0.929775097853446	0.948497886325713	0.950338202384312	0.268768252064795	0.929983806420389	0.948198063669878	0.794123472441562	0.942559577924031	0.410606737158113	0.930663848088394	0.929317544491746	0.930811892096466	0.281750690478579	0.95040284001208	0.950037460689772	0.939878233867853	0.943746366675053	0.757770277190973	0.918069271177993	0.93194007014752	0.917626995278472	0.843246619377672	0.888258966974389	0.921969984158254	0.924068957534197	0.935077288627351	0.910888587481778	0.940329685368459	0.959163565036853	0.888178998833635	0.885802932687687	0.94984225844152	0.948079793003622	0.899866242312047	0.821360268762352	0.743606961981957
cg20919914	0.9618505335016	0.948892205461138	0.938230856567148	0.960696486197176	0.955621413191233	0.948241831196494	0.944896117909584	0.950506858670882	0.959147356728266	0.964562746877143	0.959144227894383	0.952878851875685	0.937793842624892	0.939841181375743	0.96192016979591	0.953737304142704	0.953883801238058	0.961537371078605	0.924497776201864	0.965376884557976	0.957007009822209	0.95548909352339	0.932084779932381	0.948488780094802	0.963465349546935	0.95753891832366	0.960563094405789	0.946924712148712	0.960268182210067	0.935897219514119	0.959409523296394	0.961516951153278	0.961745181499816	0.948248024553344	0.945032590938529	0.953017018909368	0.946438704202576	0.939969361058933	0.865852972422418	0.953177481333979	0.958631037722238	0.974709810114639	0.906311418637236	0.961908861473017	0.937809533583655	0.968454956796064	0.927271199635986	0.951372912459657	0.93986148149922	0.924568390626355	0.939066500081409	0.94889891464609	0.953506071166283	0.948773410414563	0.94344678766555	0.967545381827611	0.948497665710697	0.947727218445043	0.966936017096777	0.946763552143459	0.94835671230065	0.943706818186756	0.966546210224525	0.944994562831882	0.925650845778817	0.948678948770151
cg20955027	0.337463645628427	0.947899901652576	0.947506069654799	0.94853136019401	0.954310786006399	0.624988354199137	0.912577451041264	0.86475530946232	0.937980267429296	0.945713994326283	0.566945224203771	0.453701232259553	0.936463882639382	0.914517030873549	0.937895314030619	0.937629054437356	0.86931992191142	0.919107099542838	0.888585185595302	0.917739286717926	0.942997869198201	0.945060764221738	0.756984736488739	0.935375653301967	0.92797465834481	0.940724474011013	0.915703382424708	0.902143805015315	0.931006066939585	0.308757824221824	0.93236917396904	0.921832269562901	0.947096684516054	0.944599178468708	0.406894061787094	0.959440917792712	0.924549326873436	0.954179391114183	0.52115810577852	0.402016194098818	0.946639331839808	0.928362924478094	0.925965392281362	0.947038426231657	0.958725771302266	0.954298613881873	0.953930578200224	0.933863169859887	0.949294799404947	0.937455430277781	0.936139464226935	0.74086581793552	0.93096610225963	0.944249197862063	0.931735562993062	0.937531630932459	0.308603671593916	0.946162929472823	0.955613108576826	0.900298804884391	0.908416035471613	0.951117379185524	0.952833804142066	0.940501942973947	0.912770313895545	0.941801033005254
cg20970685	NA	NA	NA	NA	NA	NA	NA	NA	NA	NA	NA	NA	NA	NA	NA	NA	NA	NA	NA	NA	NA	NA	NA	NA	NA	NA	NA	NA	NA	NA	NA	NA	NA	NA	NA	NA	NA	NA	NA	NA	NA	NA	NA	NA	NA	NA	NA	NA	NA	NA	NA	NA	NA	NA	NA	NA	NA	NA	NA	NA	NA	NA	NA	NA	NA	NA
cg20979307	0.981447588305725	0.972078443852143	0.97053746202287	0.968958415995616	0.960259374809733	0.935632236063856	0.985756528543222	0.976629461691312	0.97831510565964	0.963112866390562	0.977924552758776	0.907706058907349	0.982047856923073	0.967510435916585	0.985852879589711	0.986706019137943	0.963091520831192	0.978423530380375	0.964593513015554	0.981502888680706	0.986474641698119	0.973142578013198	0.848302199951153	0.977987502181509	0.96077073480484	0.888569372387469	0.959798770976095	0.980604853151311	0.974184305518616	0.948502584887043	0.911338768403293	0.985315332219424	0.951299751221396	0.976231386925191	0.960811733987999	0.988405525499463	0.927809748116721	0.945618747830553	0.569177651959668	0.964466396246461	0.961573065225724	0.983215226843039	0.835369275772706	0.983447641702011	0.980016453400493	0.959505893042825	0.987319796231537	0.923649198919404	0.94348737515007	0.986929277133168	0.976876991548902	0.940425257944827	0.970177718944503	0.984972400757647	0.968364550365035	0.986121841758862	0.98492815380382	0.986873889554281	0.98708649704174	0.980809709767166	0.928541138878869	0.974860258816269	0.956738750267752	0.98350353783007	0.981455660254655	0.979695041977025
cg20994227	NA	NA	NA	NA	NA	NA	NA	NA	NA	NA	NA	NA	NA	NA	NA	NA	NA	NA	NA	NA	NA	NA	NA	NA	NA	NA	NA	NA	NA	NA	NA	NA	NA	NA	NA	NA	NA	NA	NA	NA	NA	NA	NA	NA	NA	NA	NA	NA	NA	NA	NA	NA	NA	NA	NA	NA	NA	NA	NA	NA	NA	NA	NA	NA	NA	NA
cg21004684	NA	NA	NA	NA	NA	NA	NA	NA	NA	NA	NA	NA	NA	NA	NA	NA	NA	NA	NA	NA	NA	NA	NA	NA	NA	NA	NA	NA	NA	NA	NA	NA	NA	NA	NA	NA	NA	NA	NA	NA	NA	NA	NA	NA	NA	NA	NA	NA	NA	NA	NA	NA	NA	NA	NA	NA	NA	NA	NA	NA	NA	NA	NA	NA	NA	NA
cg21046959	NA	NA	NA	NA	NA	NA	NA	NA	NA	NA	NA	NA	NA	NA	NA	NA	NA	NA	NA	NA	NA	NA	NA	NA	NA	NA	NA	NA	NA	NA	NA	NA	NA	NA	NA	NA	NA	NA	NA	NA	NA	NA	NA	NA	NA	NA	NA	NA	NA	NA	NA	NA	NA	NA	NA	NA	NA	NA	NA	NA	NA	NA	NA	NA	NA	NA
cg21049302	0.805888870823251	0.922198844347286	0.921213609566497	0.169951207957052	0.900380009779872	0.680974161478251	0.928714239922573	0.305696692243631	0.908349672771281	0.927055001603251	0.922773641312345	0.900450156296727	0.888311908621206	0.850263834331495	0.915732642734357	0.892361120126716	0.879667731556857	0.915540974893143	0.33714804284547	0.426499148756321	0.748625270808717	0.280492680335116	0.327199887981595	0.910996221382277	0.915761849360303	0.909304126365812	0.873939110757256	0.876571501315199	0.889991057411563	0.92765029410536	0.434652020531959	0.938706182272379	0.942180190549427	0.909885077147062	0.919913367911268	0.911275006451013	0.586371775894444	0.549437994733617	0.893102024689871	0.893551846290778	0.934440876664612	0.914195935086878	0.754126554750788	0.88651926146148	0.320667693702329	0.924665651592102	0.896197838146283	0.16863571733886	0.894681809425084	0.192890659124643	0.723876292356494	0.874056018010909	0.919280824416101	0.912261821172908	0.688852697601796	0.914666356569598	0.932409383018605	0.862039077558358	0.939146367395568	0.751335732815842	0.917110105115916	0.864442911424278	0.924164913212262	0.924743459234131	0.636753723512022	0.368683998149935
cg21053644	NA	NA	NA	NA	NA	NA	NA	NA	NA	NA	NA	NA	NA	NA	NA	NA	NA	NA	NA	NA	NA	NA	NA	NA	NA	NA	NA	NA	NA	NA	NA	NA	NA	NA	NA	NA	NA	NA	NA	NA	NA	NA	NA	NA	NA	NA	NA	NA	NA	NA	NA	NA	NA	NA	NA	NA	NA	NA	NA	NA	NA	NA	NA	NA	NA	NA
cg21071940	NA	NA	NA	NA	NA	NA	NA	NA	NA	NA	NA	NA	NA	NA	NA	NA	NA	NA	NA	NA	NA	NA	NA	NA	NA	NA	NA	NA	NA	NA	NA	NA	NA	NA	NA	NA	NA	NA	NA	NA	NA	NA	NA	NA	NA	NA	NA	NA	NA	NA	NA	NA	NA	NA	NA	NA	NA	NA	NA	NA	NA	NA	NA	NA	NA	NA
cg21078247	NA	NA	NA	NA	NA	NA	NA	NA	NA	NA	NA	NA	NA	NA	NA	NA	NA	NA	NA	NA	NA	NA	NA	NA	NA	NA	NA	NA	NA	NA	NA	NA	NA	NA	NA	NA	NA	NA	NA	NA	NA	NA	NA	NA	NA	NA	NA	NA	NA	NA	NA	NA	NA	NA	NA	NA	NA	NA	NA	NA	NA	NA	NA	NA	NA	NA
cg21101714	NA	NA	NA	NA	NA	NA	NA	NA	NA	NA	NA	NA	NA	NA	NA	NA	NA	NA	NA	NA	NA	NA	NA	NA	NA	NA	NA	NA	NA	NA	NA	NA	NA	NA	NA	NA	NA	NA	NA	NA	NA	NA	NA	NA	NA	NA	NA	NA	NA	NA	NA	NA	NA	NA	NA	NA	NA	NA	NA	NA	NA	NA	NA	NA	NA	NA
cg21125095	NA	NA	NA	NA	NA	NA	NA	NA	NA	NA	NA	NA	NA	NA	NA	NA	NA	NA	NA	NA	NA	NA	NA	NA	NA	NA	NA	NA	NA	NA	NA	NA	NA	NA	NA	NA	NA	NA	NA	NA	NA	NA	NA	NA	NA	NA	NA	NA	NA	NA	NA	NA	NA	NA	NA	NA	NA	NA	NA	NA	NA	NA	NA	NA	NA	NA
cg21126306	NA	NA	NA	NA	NA	NA	NA	NA	NA	NA	NA	NA	NA	NA	NA	NA	NA	NA	NA	NA	NA	NA	NA	NA	NA	NA	NA	NA	NA	NA	NA	NA	NA	NA	NA	NA	NA	NA	NA	NA	NA	NA	NA	NA	NA	NA	NA	NA	NA	NA	NA	NA	NA	NA	NA	NA	NA	NA	NA	NA	NA	NA	NA	NA	NA	NA
cg21160516	NA	NA	NA	NA	NA	NA	NA	NA	NA	NA	NA	NA	NA	NA	NA	NA	NA	NA	NA	NA	NA	NA	NA	NA	NA	NA	NA	NA	NA	NA	NA	NA	NA	NA	NA	NA	NA	NA	NA	NA	NA	NA	NA	NA	NA	NA	NA	NA	NA	NA	NA	NA	NA	NA	NA	NA	NA	NA	NA	NA	NA	NA	NA	NA	NA	NA
cg21169995	NA	NA	NA	NA	NA	NA	NA	NA	NA	NA	NA	NA	NA	NA	NA	NA	NA	NA	NA	NA	NA	NA	NA	NA	NA	NA	NA	NA	NA	NA	NA	NA	NA	NA	NA	NA	NA	NA	NA	NA	NA	NA	NA	NA	NA	NA	NA	NA	NA	NA	NA	NA	NA	NA	NA	NA	NA	NA	NA	NA	NA	NA	NA	NA	NA	NA
cg21179412	NA	NA	NA	NA	NA	NA	NA	NA	NA	NA	NA	NA	NA	NA	NA	NA	NA	NA	NA	NA	NA	NA	NA	NA	NA	NA	NA	NA	NA	NA	NA	NA	NA	NA	NA	NA	NA	NA	NA	NA	NA	NA	NA	NA	NA	NA	NA	NA	NA	NA	NA	NA	NA	NA	NA	NA	NA	NA	NA	NA	NA	NA	NA	NA	NA	NA
cg21203984	NA	NA	NA	NA	NA	NA	NA	NA	NA	NA	NA	NA	NA	NA	NA	NA	NA	NA	NA	NA	NA	NA	NA	NA	NA	NA	NA	NA	NA	NA	NA	NA	NA	NA	NA	NA	NA	NA	NA	NA	NA	NA	NA	NA	NA	NA	NA	NA	NA	NA	NA	NA	NA	NA	NA	NA	NA	NA	NA	NA	NA	NA	NA	NA	NA	NA
cg21244845	NA	NA	NA	NA	NA	NA	NA	NA	NA	NA	NA	NA	NA	NA	NA	NA	NA	NA	NA	NA	NA	NA	NA	NA	NA	NA	NA	NA	NA	NA	NA	NA	NA	NA	NA	NA	NA	NA	NA	NA	NA	NA	NA	NA	NA	NA	NA	NA	NA	NA	NA	NA	NA	NA	NA	NA	NA	NA	NA	NA	NA	NA	NA	NA	NA	NA
cg21267836	NA	NA	NA	NA	NA	NA	NA	NA	NA	NA	NA	NA	NA	NA	NA	NA	NA	NA	NA	NA	NA	NA	NA	NA	NA	NA	NA	NA	NA	NA	NA	NA	NA	NA	NA	NA	NA	NA	NA	NA	NA	NA	NA	NA	NA	NA	NA	NA	NA	NA	NA	NA	NA	NA	NA	NA	NA	NA	NA	NA	NA	NA	NA	NA	NA	NA
cg21336434	0.53107492640782	0.61890249978375	0.935025328813017	0.936940232246158	0.946103103003958	0.951619855783419	0.592940623607916	0.558823614527751	0.919052778784359	0.947714205517836	0.808821345561758	0.910544217449415	0.950360811598524	0.888613131555059	0.547961347808743	0.933722632314361	0.595136907031285	0.764493595277902	0.937155183407911	0.402649057178135	0.955943550336669	0.918346154764059	0.512905584755174	0.928993558725274	0.916188087761552	0.942793638680866	0.800105729690149	0.787884044751081	0.919743507982006	0.922301884165173	0.937893201672193	0.952122048511877	0.932311464094431	0.920280279697147	0.887575159014767	0.906025989976248	0.86397082599312	0.908659610118187	0.292660996024433	0.919791304707554	0.89417231405062	0.878593594263325	0.137599489098249	0.940496495155035	0.940031247466265	0.955673181184418	0.954669954544471	0.945754340137481	0.565276791403728	0.891667072991629	0.759900573272368	0.696928402086293	0.601019555881764	0.962903743477849	0.931483006360721	0.599404768797943	0.949921052829782	0.791016886441708	0.924973177147919	0.291312959445423	0.523239010761171	0.945983705053589	0.546820720052745	0.948807236967618	0.613610456923447	0.462526454361055
cg21358429	NA	NA	NA	NA	NA	NA	NA	NA	NA	NA	NA	NA	NA	NA	NA	NA	NA	NA	NA	NA	NA	NA	NA	NA	NA	NA	NA	NA	NA	NA	NA	NA	NA	NA	NA	NA	NA	NA	NA	NA	NA	NA	NA	NA	NA	NA	NA	NA	NA	NA	NA	NA	NA	NA	NA	NA	NA	NA	NA	NA	NA	NA	NA	NA	NA	NA
cg21397124	NA	NA	NA	NA	NA	NA	NA	NA	NA	NA	NA	NA	NA	NA	NA	NA	NA	NA	NA	NA	NA	NA	NA	NA	NA	NA	NA	NA	NA	NA	NA	NA	NA	NA	NA	NA	NA	NA	NA	NA	NA	NA	NA	NA	NA	NA	NA	NA	NA	NA	NA	NA	NA	NA	NA	NA	NA	NA	NA	NA	NA	NA	NA	NA	NA	NA
cg21414905	0.246886003449225	0.228451168953552	0.187643573623585	0.209716140052349	NA	0.214407758307784	0.249739238795531	0.880796167841693	NA	NA	NA	0.271631353222839	NA	0.313031512531923	0.16419437648473	NA	0.265233533199591	0.727067029578852	NA	0.499461933115894	0.20944270772095	NA	0.316532323660579	NA	0.390703119800357	0.193479068279772	0.213063747143102	0.231787394849037	0.240507993447243	0.210021724518885	0.240740788175157	0.221646391635977	0.194581754065716	0.242044725737187	0.192812115029485	0.26014834871563	0.166106227591041	0.188265233185694	0.807688762573495	0.229860280063961	0.288457341023655	0.243807044156914	NA	NA	NA	NA	NA	0.300375487817185	0.234178755094196	NA	0.433590952462922	0.192366485725736	0.217293502419452	NA	0.676982681156865	0.195574115459167	0.257340417175852	0.174787927803724	0.188323853265882	0.338652465683256	0.198122630186792	0.213722173651958	NA	0.863757971770978	NA	0.253407824623485
cg21429544	NA	NA	NA	NA	NA	NA	NA	NA	NA	NA	NA	NA	NA	NA	NA	NA	NA	NA	NA	NA	NA	NA	NA	NA	NA	NA	NA	NA	NA	NA	NA	NA	NA	NA	NA	NA	NA	NA	NA	NA	NA	NA	NA	NA	NA	NA	NA	NA	NA	NA	NA	NA	NA	NA	NA	NA	NA	NA	NA	NA	NA	NA	NA	NA	NA	NA
cg21443763	0.92438284613471	0.933787169790917	0.59173303204204	0.626525502195839	0.959393577885182	0.947406745039693	0.942842876741402	0.935099087916859	0.935033334099774	0.95393892506188	0.933929252602587	0.948791453965929	0.943847038521797	0.90624681402578	0.932327679585344	0.953550315289639	0.950957225456253	0.934768586819597	0.935279830919361	0.837128237532806	0.930953904501151	0.941886252799532	0.605705282693699	0.949592957541404	0.958979512704594	0.930672280123035	0.944651550100778	0.934226042266275	0.945374097071239	0.926630124724301	0.943717007263179	0.940559599125153	0.958448512117119	0.929271788466408	0.943723999441245	0.953409069356316	0.917875930858379	0.945742981047931	0.549057234546354	0.944423785791408	0.955601244178483	0.958173703313882	0.569379594529004	0.921485290824638	0.950552605292746	0.943719406782646	0.93585483966222	0.933497818979483	0.930234038330039	0.94493982552172	0.941379699029979	0.922351337712685	0.950121386637486	0.936602363711107	0.776449843782162	0.946232107595505	0.954762523657696	0.938628588343038	0.949568204883967	0.885307401830189	0.955296305015048	0.959041142583129	0.964299421384636	0.953620799310312	0.931121324970594	0.913707030899986
cg21469820	NA	NA	NA	NA	NA	NA	NA	NA	NA	NA	NA	NA	NA	NA	NA	NA	NA	NA	NA	NA	NA	NA	NA	NA	NA	NA	NA	NA	NA	NA	NA	NA	NA	NA	NA	NA	NA	NA	NA	NA	NA	NA	NA	NA	NA	NA	NA	NA	NA	NA	NA	NA	NA	NA	NA	NA	NA	NA	NA	NA	NA	NA	NA	NA	NA	NA
cg21483702	NA	NA	NA	NA	NA	NA	NA	NA	NA	NA	NA	NA	NA	NA	NA	NA	NA	NA	NA	NA	NA	NA	NA	NA	NA	NA	NA	NA	NA	NA	NA	NA	NA	NA	NA	NA	NA	NA	NA	NA	NA	NA	NA	NA	NA	NA	NA	NA	NA	NA	NA	NA	NA	NA	NA	NA	NA	NA	NA	NA	NA	NA	NA	NA	NA	NA
cg21502695	NA	NA	NA	NA	NA	NA	NA	NA	NA	NA	NA	NA	NA	NA	NA	NA	NA	NA	NA	NA	NA	NA	NA	NA	NA	NA	NA	NA	NA	NA	NA	NA	NA	NA	NA	NA	NA	NA	NA	NA	NA	NA	NA	NA	NA	NA	NA	NA	NA	NA	NA	NA	NA	NA	NA	NA	NA	NA	NA	NA	NA	NA	NA	NA	NA	NA
cg21512370	0.739022306402645	0.738679984002381	0.746639317143215	0.704719611746017	0.745716863613332	0.77042070636008	0.68962696216767	0.701172056771851	0.714551341523602	0.692151253326031	0.761513107292533	0.771245687838504	0.658986290507285	0.78164150310125	0.716712108506985	0.674564101772926	0.621311029881508	0.75845044829723	0.698792208438615	0.784656391924436	0.751486985005645	0.682519677491313	0.733805282439971	0.684112193056585	0.613009814155321	0.781097934557949	0.749473239303912	0.852030213426469	0.713055809120136	0.742162577987725	0.696269157705896	0.724949870250702	0.711236251785055	0.67929795953667	0.669181050152128	0.716563980120269	0.711788341982141	0.770151967058708	0.659663338642932	0.805462572962227	0.750192367294106	0.721562352188641	0.644632612486799	0.670914139873623	0.750248220385142	0.76480089890656	0.677379201345569	0.665676235569894	0.63655850429141	0.702593109000766	0.719014132550229	0.795744881144899	0.673679901799765	0.652184618264321	0.721114759770577	0.725183914369142	0.734655023806724	0.76019558107671	0.809235381905774	0.688329369103477	0.706828221956097	0.627087775616061	0.718326495750143	0.653303997733296	0.731809038068049	0.665172140242682
cg21532334	NA	NA	NA	NA	NA	NA	NA	NA	NA	NA	NA	NA	NA	NA	NA	NA	NA	NA	NA	NA	NA	NA	NA	NA	NA	NA	NA	NA	NA	NA	NA	NA	NA	NA	NA	NA	NA	NA	NA	NA	NA	NA	NA	NA	NA	NA	NA	NA	NA	NA	NA	NA	NA	NA	NA	NA	NA	NA	NA	NA	NA	NA	NA	NA	NA	NA
cg21579959	NA	NA	NA	NA	NA	NA	NA	NA	NA	NA	NA	NA	NA	NA	NA	NA	NA	NA	NA	NA	NA	NA	NA	NA	NA	NA	NA	NA	NA	NA	NA	NA	NA	NA	NA	NA	NA	NA	NA	NA	NA	NA	NA	NA	NA	NA	NA	NA	NA	NA	NA	NA	NA	NA	NA	NA	NA	NA	NA	NA	NA	NA	NA	NA	NA	NA
cg21583727	NA	NA	NA	NA	NA	NA	NA	NA	NA	NA	NA	NA	NA	NA	NA	NA	NA	NA	NA	NA	NA	NA	NA	NA	NA	NA	NA	NA	NA	NA	NA	NA	NA	NA	NA	NA	NA	NA	NA	NA	NA	NA	NA	NA	NA	NA	NA	NA	NA	NA	NA	NA	NA	NA	NA	NA	NA	NA	NA	NA	NA	NA	NA	NA	NA	NA
cg21593015	0.863067392184278	0.853531819143254	0.0952664585306888	0.780180723012864	0.857234593186282	0.51317187714739	0.892435469209008	0.81665271393929	0.812951665933445	0.895196322194616	0.905022280651452	0.531412113923348	0.830320037331502	0.497894610541915	0.901387539478499	0.767565978524286	0.811770146010495	0.735973386694723	0.877550965198441	0.451521628537769	0.876753578816089	0.866093278218984	0.557949371790658	0.881352932755653	0.800955296336736	0.860132153557825	0.59237434305358	0.677776508107766	0.541701329437655	0.828814091241465	0.813509485535385	0.470065444781839	0.928434951296696	0.83929755201177	0.510160325325312	0.917486182077068	0.839269694462821	0.892371541560475	0.290798734079605	0.816697312662878	0.88921918125732	0.837512025791092	0.278932798588217	0.89335704690302	0.540233648893069	0.128231695800743	0.876395922712464	0.894435119784719	0.873677181736724	0.865757570582034	0.365553587047783	0.807154573018686	0.554602700546386	0.87066808082312	0.603406457050165	0.85136219285554	0.890666234872203	0.576609321202492	0.88934743320607	0.810769762591978	0.368291067120353	0.527108751089106	0.917856654424974	0.867150509334156	0.645290332485122	0.888178870415166
cg21606086	NA	NA	NA	NA	NA	NA	NA	NA	NA	NA	NA	NA	NA	NA	NA	NA	NA	NA	NA	NA	NA	NA	NA	NA	NA	NA	NA	NA	NA	NA	NA	NA	NA	NA	NA	NA	NA	NA	NA	NA	NA	NA	NA	NA	NA	NA	NA	NA	NA	NA	NA	NA	NA	NA	NA	NA	NA	NA	NA	NA	NA	NA	NA	NA	NA	NA
cg21615915	0.840912650684928	0.527025799173901	0.926079107723613	0.864198891846971	0.880487383780185	0.866827147195166	0.91668955361871	0.180558723964915	0.35114077322994	0.227557556523886	0.894589112763121	0.791809244603725	0.779781049909938	0.231409700855974	0.930872818710936	0.836251652114004	0.829644347868368	0.518348561666969	0.832220323813833	0.462276370923824	0.924749775496711	0.849334594103152	0.574448768196709	0.828151206952203	0.803343382295502	0.898911474744834	0.464537045490198	0.486506946260428	0.638582592314852	0.1866330697173	0.149177215614336	0.89840203629014	0.919122544030484	0.867032479716197	0.846111578105769	0.888038636545734	0.831314719490122	0.152490497607827	0.799018931687614	0.145977079347922	0.858923410440972	0.828326727026521	0.112265242127253	0.152042267456355	0.194551955132515	0.914006501378847	0.875977768653691	0.909225822161855	0.154987388470994	0.908766238521051	0.450814581439864	0.109885021934334	0.130910269767638	0.117999356349262	0.26464108592374	0.900519504874271	0.195896827979299	0.904950839687709	0.114025721758719	0.226259845271892	0.368363520865576	0.10447130560263	0.147776794753967	0.896023008668778	0.322903875405025	0.850000397284191
cg21618529	NA	NA	NA	NA	NA	NA	NA	NA	NA	NA	NA	NA	NA	NA	NA	NA	NA	NA	NA	NA	NA	NA	NA	NA	NA	NA	NA	NA	NA	NA	NA	NA	NA	NA	NA	NA	NA	NA	NA	NA	NA	NA	NA	NA	NA	NA	NA	NA	NA	NA	NA	NA	NA	NA	NA	NA	NA	NA	NA	NA	NA	NA	NA	NA	NA	NA
cg21618784	NA	NA	NA	NA	NA	NA	NA	NA	NA	NA	NA	NA	NA	NA	NA	NA	NA	NA	NA	NA	NA	NA	NA	NA	NA	NA	NA	NA	NA	NA	NA	NA	NA	NA	NA	NA	NA	NA	NA	NA	NA	NA	NA	NA	NA	NA	NA	NA	NA	NA	NA	NA	NA	NA	NA	NA	NA	NA	NA	NA	NA	NA	NA	NA	NA	NA
cg21647407	NA	NA	NA	NA	NA	NA	NA	NA	NA	NA	NA	NA	NA	NA	NA	NA	NA	NA	NA	NA	NA	NA	NA	NA	NA	NA	NA	NA	NA	NA	NA	NA	NA	NA	NA	NA	NA	NA	NA	NA	NA	NA	NA	NA	NA	NA	NA	NA	NA	NA	NA	NA	NA	NA	NA	NA	NA	NA	NA	NA	NA	NA	NA	NA	NA	NA
cg21690921	NA	NA	NA	NA	NA	NA	NA	NA	NA	NA	NA	NA	NA	NA	NA	NA	NA	NA	NA	NA	NA	NA	NA	NA	NA	NA	NA	NA	NA	NA	NA	NA	NA	NA	NA	NA	NA	NA	NA	NA	NA	NA	NA	NA	NA	NA	NA	NA	NA	NA	NA	NA	NA	NA	NA	NA	NA	NA	NA	NA	NA	NA	NA	NA	NA	NA
cg21694626	NA	NA	NA	NA	NA	NA	NA	NA	NA	NA	NA	NA	NA	NA	NA	NA	NA	NA	NA	NA	NA	NA	NA	NA	NA	NA	NA	NA	NA	NA	NA	NA	NA	NA	NA	NA	NA	NA	NA	NA	NA	NA	NA	NA	NA	NA	NA	NA	NA	NA	NA	NA	NA	NA	NA	NA	NA	NA	NA	NA	NA	NA	NA	NA	NA	NA
cg21767461	NA	NA	NA	NA	NA	NA	NA	NA	NA	NA	NA	NA	NA	NA	NA	NA	NA	NA	NA	NA	NA	NA	NA	NA	NA	NA	NA	NA	NA	NA	NA	NA	NA	NA	NA	NA	NA	NA	NA	NA	NA	NA	NA	NA	NA	NA	NA	NA	NA	NA	NA	NA	NA	NA	NA	NA	NA	NA	NA	NA	NA	NA	NA	NA	NA	NA
cg21797973	NA	NA	NA	NA	NA	NA	NA	NA	NA	NA	NA	NA	NA	NA	NA	NA	NA	NA	NA	NA	NA	NA	NA	NA	NA	NA	NA	NA	NA	NA	NA	NA	NA	NA	NA	NA	NA	NA	NA	NA	NA	NA	NA	NA	NA	NA	NA	NA	NA	NA	NA	NA	NA	NA	NA	NA	NA	NA	NA	NA	NA	NA	NA	NA	NA	NA
cg21801085	NA	NA	NA	NA	NA	NA	NA	NA	NA	NA	NA	NA	NA	NA	NA	NA	NA	NA	NA	NA	NA	NA	NA	NA	NA	NA	NA	NA	NA	NA	NA	NA	NA	NA	NA	NA	NA	NA	NA	NA	NA	NA	NA	NA	NA	NA	NA	NA	NA	NA	NA	NA	NA	NA	NA	NA	NA	NA	NA	NA	NA	NA	NA	NA	NA	NA
cg21803141	NA	NA	NA	NA	NA	NA	NA	NA	NA	NA	NA	NA	NA	NA	NA	NA	NA	NA	NA	NA	NA	NA	NA	NA	NA	NA	NA	NA	NA	NA	NA	NA	NA	NA	NA	NA	NA	NA	NA	NA	NA	NA	NA	NA	NA	NA	NA	NA	NA	NA	NA	NA	NA	NA	NA	NA	NA	NA	NA	NA	NA	NA	NA	NA	NA	NA
cg21835298	NA	NA	NA	NA	NA	NA	NA	NA	NA	NA	NA	NA	NA	NA	NA	NA	NA	NA	NA	NA	NA	NA	NA	NA	NA	NA	NA	NA	NA	NA	NA	NA	NA	NA	NA	NA	NA	NA	NA	NA	NA	NA	NA	NA	NA	NA	NA	NA	NA	NA	NA	NA	NA	NA	NA	NA	NA	NA	NA	NA	NA	NA	NA	NA	NA	NA
cg21840672	NA	NA	NA	NA	NA	NA	NA	NA	NA	NA	NA	NA	NA	NA	NA	NA	NA	NA	NA	NA	NA	NA	NA	NA	NA	NA	NA	NA	NA	NA	NA	NA	NA	NA	NA	NA	NA	NA	NA	NA	NA	NA	NA	NA	NA	NA	NA	NA	NA	NA	NA	NA	NA	NA	NA	NA	NA	NA	NA	NA	NA	NA	NA	NA	NA	NA
cg21844726	NA	NA	NA	NA	NA	NA	NA	NA	NA	NA	NA	NA	NA	NA	NA	NA	NA	NA	NA	NA	NA	NA	NA	NA	NA	NA	NA	NA	NA	NA	NA	NA	NA	NA	NA	NA	NA	NA	NA	NA	NA	NA	NA	NA	NA	NA	NA	NA	NA	NA	NA	NA	NA	NA	NA	NA	NA	NA	NA	NA	NA	NA	NA	NA	NA	NA
cg21934337	NA	NA	NA	NA	NA	NA	NA	NA	NA	NA	NA	NA	NA	NA	NA	NA	NA	NA	NA	NA	NA	NA	NA	NA	NA	NA	NA	NA	NA	NA	NA	NA	NA	NA	NA	NA	NA	NA	NA	NA	NA	NA	NA	NA	NA	NA	NA	NA	NA	NA	NA	NA	NA	NA	NA	NA	NA	NA	NA	NA	NA	NA	NA	NA	NA	NA
cg22001073	NA	NA	NA	NA	NA	NA	NA	NA	NA	NA	NA	NA	NA	NA	NA	NA	NA	NA	NA	NA	NA	NA	NA	NA	NA	NA	NA	NA	NA	NA	NA	NA	NA	NA	NA	NA	NA	NA	NA	NA	NA	NA	NA	NA	NA	NA	NA	NA	NA	NA	NA	NA	NA	NA	NA	NA	NA	NA	NA	NA	NA	NA	NA	NA	NA	NA
cg22042157	NA	NA	NA	NA	NA	NA	NA	NA	NA	NA	NA	NA	NA	NA	NA	NA	NA	NA	NA	NA	NA	NA	NA	NA	NA	NA	NA	NA	NA	NA	NA	NA	NA	NA	NA	NA	NA	NA	NA	NA	NA	NA	NA	NA	NA	NA	NA	NA	NA	NA	NA	NA	NA	NA	NA	NA	NA	NA	NA	NA	NA	NA	NA	NA	NA	NA
cg22064390	0.946914653429477	0.946640934365614	0.962422591179787	0.95576026118212	0.942559885913158	0.957327719865605	0.958204911057023	0.658813879200964	0.947729039599009	0.956088869132568	0.945890599553406	0.945883407363328	0.954464243087119	0.957778877084236	0.94655325457733	0.952672161354205	0.951664690798923	0.947529621303983	0.965376143674494	0.953719723336344	0.94432294109268	0.95304317462492	0.936313469735688	0.765548131233044	0.912572842925326	0.944466514891387	0.934919507760133	0.964725301367335	0.96764953337877	0.957261287993561	0.944562649674515	0.941218490540415	0.966590770718543	0.947748718035734	0.960621760816189	0.965762384295289	0.948358506130196	0.946453772557681	0.94343233157202	0.959137825590371	0.914579094554071	0.963307441216435	0.966592183898069	0.950552389978165	0.954401514437055	0.958499961324014	0.94633493803714	0.958506328813148	0.944213820626414	0.939975037608004	0.946921283068933	0.959276522253051	0.96013199225053	0.95107320500837	0.941633186108244	0.910386069705878	0.955004382778995	0.928356823579124	0.957135033753938	0.94329675216697	0.900330054583921	0.953897362321819	0.955561746745151	0.946121968402674	0.944840719330937	0.942639268105525
cg22073507	NA	NA	NA	NA	NA	NA	NA	NA	NA	NA	NA	NA	NA	NA	NA	NA	NA	NA	NA	NA	NA	NA	NA	NA	NA	NA	NA	NA	NA	NA	NA	NA	NA	NA	NA	NA	NA	NA	NA	NA	NA	NA	NA	NA	NA	NA	NA	NA	NA	NA	NA	NA	NA	NA	NA	NA	NA	NA	NA	NA	NA	NA	NA	NA	NA	NA
cg22117193	NA	NA	NA	NA	NA	NA	NA	NA	NA	NA	NA	NA	NA	NA	NA	NA	NA	NA	NA	NA	NA	NA	NA	NA	NA	NA	NA	NA	NA	NA	NA	NA	NA	NA	NA	NA	NA	NA	NA	NA	NA	NA	NA	NA	NA	NA	NA	NA	NA	NA	NA	NA	NA	NA	NA	NA	NA	NA	NA	NA	NA	NA	NA	NA	NA	NA
cg22127299	NA	NA	NA	NA	NA	NA	NA	NA	NA	NA	NA	NA	NA	NA	NA	NA	NA	NA	NA	NA	NA	NA	NA	NA	NA	NA	NA	NA	NA	NA	NA	NA	NA	NA	NA	NA	NA	NA	NA	NA	NA	NA	NA	NA	NA	NA	NA	NA	NA	NA	NA	NA	NA	NA	NA	NA	NA	NA	NA	NA	NA	NA	NA	NA	NA	NA
cg22134372	NA	NA	NA	NA	NA	NA	NA	NA	NA	NA	NA	NA	NA	NA	NA	NA	NA	NA	NA	NA	NA	NA	NA	NA	NA	NA	NA	NA	NA	NA	NA	NA	NA	NA	NA	NA	NA	NA	NA	NA	NA	NA	NA	NA	NA	NA	NA	NA	NA	NA	NA	NA	NA	NA	NA	NA	NA	NA	NA	NA	NA	NA	NA	NA	NA	NA
cg22149095	NA	NA	NA	NA	NA	NA	NA	NA	NA	NA	NA	NA	NA	NA	NA	NA	NA	NA	NA	NA	NA	NA	NA	NA	NA	NA	NA	NA	NA	NA	NA	NA	NA	NA	NA	NA	NA	NA	NA	NA	NA	NA	NA	NA	NA	NA	NA	NA	NA	NA	NA	NA	NA	NA	NA	NA	NA	NA	NA	NA	NA	NA	NA	NA	NA	NA
cg22168674	NA	NA	NA	NA	NA	NA	NA	NA	NA	NA	NA	NA	NA	NA	NA	NA	NA	NA	NA	NA	NA	NA	NA	NA	NA	NA	NA	NA	NA	NA	NA	NA	NA	NA	NA	NA	NA	NA	NA	NA	NA	NA	NA	NA	NA	NA	NA	NA	NA	NA	NA	NA	NA	NA	NA	NA	NA	NA	NA	NA	NA	NA	NA	NA	NA	NA
cg22170222	NA	NA	NA	NA	NA	NA	NA	NA	NA	NA	NA	NA	NA	NA	NA	NA	NA	NA	NA	NA	NA	NA	NA	NA	NA	NA	NA	NA	NA	NA	NA	NA	NA	NA	NA	NA	NA	NA	NA	NA	NA	NA	NA	NA	NA	NA	NA	NA	NA	NA	NA	NA	NA	NA	NA	NA	NA	NA	NA	NA	NA	NA	NA	NA	NA	NA
cg22233425	0.890269921729179	0.888408354221219	0.89418778745351	0.845516113673441	0.907624651819086	NA	0.894183331906794	0.921833063076092	0.875170875974659	0.899530507817409	0.765816701720925	0.915997661951339	0.845719142577762	0.877818306141727	0.816617460841019	0.862813053500965	0.893571011088634	0.910106316471286	0.90519158666708	0.866054747696801	0.889050696126434	0.894610205090633	0.61372331512569	0.777301606721107	0.746072743962269	0.924335586368597	0.893370834065377	0.900882203014678	NA	0.910029910276021	0.903070091086118	0.881730946451615	0.89754670381926	0.888978294276991	0.900862757512332	0.935741027798656	0.829512512867341	0.910578892102373	0.80955212644467	0.903449578893979	0.907724116871627	0.768502645732021	NA	0.900698669071482	0.844820875231009	0.935829767270591	0.861301554884614	0.902196723211921	0.907128765057828	0.891988386516811	0.888298834823742	0.882636108978244	0.789843390398804	0.905457844924385	0.905125206987677	0.894675389903426	0.895669963502162	0.853461707434329	0.862713794827415	0.892342071862899	0.692748031455193	0.891965856561776	0.898956822716264	0.883893643617869	0.869945097699209	0.904210424988352
cg22246565	NA	NA	NA	NA	NA	NA	NA	NA	NA	NA	NA	NA	NA	NA	NA	NA	NA	NA	NA	NA	NA	NA	NA	NA	NA	NA	NA	NA	NA	NA	NA	NA	NA	NA	NA	NA	NA	NA	NA	NA	NA	NA	NA	NA	NA	NA	NA	NA	NA	NA	NA	NA	NA	NA	NA	NA	NA	NA	NA	NA	NA	NA	NA	NA	NA	NA
cg22254464	0.807161268014737	0.828494443710989	0.885861675938126	0.744884682914893	0.861178416217679	0.646604784517917	0.911243397239161	0.806623915100428	0.804449456552475	0.200220614346415	0.147009944320762	0.779758569801806	0.155597512469018	0.749851454813865	0.706466599666884	0.755251538538738	0.736915048064438	0.237431609652379	0.823012697901695	0.276167949219766	0.780255792134631	0.809599845535373	0.226131008964942	0.730200196801032	0.792893009519352	0.877154597326001	0.494480489446255	0.770368289941141	0.487539515334112	0.204611483540893	0.816858374279119	0.155906423185093	0.89194837632826	0.819254123106578	0.852497529407461	0.868757607674244	0.588241458008014	0.136398330233094	0.252182003603449	0.798865391811374	0.850910763891319	0.812246048214093	0.188432137370413	0.825330512109047	0.681499323444376	0.855997525061384	0.72104284036163	0.853289403296969	0.807408687708249	0.85105251240309	0.730097928195251	0.781978862767526	0.0526633398268885	0.86631735976239	0.849616758376228	0.160198924082105	0.857417771275044	0.861348851297646	0.196847425337935	0.706716717120713	0.850570811794639	0.105893000862716	0.84061945627861	0.841167374426442	0.622540286723483	0.237223434425195
cg22329153	0.580272495100388	0.706217114226966	0.924389473270883	0.251962696143149	0.421361505640663	0.877189516773355	0.610068677570604	0.628138131618215	0.92235285253181	0.67280151350249	0.907931815416947	0.683680304996115	0.922586126296839	0.895752638309328	0.925099588021793	0.918620478799473	0.898490966312939	0.922912947549243	0.671508427927022	0.927839764889829	0.949561267288827	0.927971461759557	0.850499551067169	0.735690325867837	0.636834028875665	0.929520454410016	0.915236477185137	0.91909609970839	0.817362998744874	0.685886751616976	0.851338821026158	0.920592958517908	0.354372495266567	0.903305279636623	0.683473267936218	0.920292160570302	0.910447979015204	0.917233373598072	0.897423411594621	0.924980642775296	0.59983790572453	0.885194596952704	0.793021632994923	0.609135224415624	0.927053680682693	0.930438403425125	0.938902232047907	0.620279938519918	0.919163434412073	0.912764851525466	0.437332232001736	0.940414744684536	0.928401960734944	0.93723238588247	0.777095754863807	0.893419723717968	0.942071051587791	0.650417131728605	0.945222653576051	0.571244208733195	0.930482633074189	0.358116256135846	0.897194684441322	0.921345084105768	0.758464649913901	0.376479553803297
cg22378095	NA	NA	NA	NA	NA	NA	NA	NA	NA	NA	NA	NA	NA	NA	NA	NA	NA	NA	NA	NA	NA	NA	NA	NA	NA	NA	NA	NA	NA	NA	NA	NA	NA	NA	NA	NA	NA	NA	NA	NA	NA	NA	NA	NA	NA	NA	NA	NA	NA	NA	NA	NA	NA	NA	NA	NA	NA	NA	NA	NA	NA	NA	NA	NA	NA	NA
cg22384010	NA	NA	NA	NA	NA	NA	NA	NA	NA	NA	NA	NA	NA	NA	NA	NA	NA	NA	NA	NA	NA	NA	NA	NA	NA	NA	NA	NA	NA	NA	NA	NA	NA	NA	NA	NA	NA	NA	NA	NA	NA	NA	NA	NA	NA	NA	NA	NA	NA	NA	NA	NA	NA	NA	NA	NA	NA	NA	NA	NA	NA	NA	NA	NA	NA	NA
cg22386008	0.867766465234147	NA	NA	0.162872640843056	0.899743222195663	0.652288440601041	0.905335381621571	0.226994745334521	0.8490195490702	NA	0.83333772377025	0.901330826307606	NA	0.891685022126724	0.162254030324349	NA	0.897307781338661	0.766549576062427	NA	0.230540054380676	0.210997320166823	NA	0.480774996448223	0.853489119536303	0.309443449158168	0.184063786547695	0.52444426221861	0.76666871218586	0.832426178522985	0.891267981653387	0.879039955287597	NA	0.899429555209104	0.856842362519284	0.428493218523027	0.890739672225879	0.283148790615111	0.881514174205111	NA	0.827943104420024	0.86298714046073	0.895301207570329	NA	0.640476380289392	0.83436936674099	NA	0.82304124651621	NA	0.907164819093299	0.878442448648077	0.832832478836913	NA	0.867105084505493	NA	NA	0.855924202219582	0.904398491252481	0.82098942452753	NA	0.79206403577739	0.145341172139968	0.887716292983515	0.83260673153381	NA	0.402077236290684	0.878997304403331
cg22459078	NA	NA	NA	NA	NA	NA	NA	NA	NA	NA	NA	NA	NA	NA	NA	NA	NA	NA	NA	NA	NA	NA	NA	NA	NA	NA	NA	NA	NA	NA	NA	NA	NA	NA	NA	NA	NA	NA	NA	NA	NA	NA	NA	NA	NA	NA	NA	NA	NA	NA	NA	NA	NA	NA	NA	NA	NA	NA	NA	NA	NA	NA	NA	NA	NA	NA
cg22464692	0.557342359013888	0.89829101054383	0.945580967578072	0.745932231412862	0.90698236089449	0.936651834942683	0.914445937556398	0.386205970993725	0.94168667453773	0.941332021425836	0.914140812944458	0.951713808466042	0.912818536924955	0.914017387944281	0.460402043089407	0.592042754627895	0.920563939791558	0.924137076984585	0.917304216318684	0.727389225151518	0.914191995916363	0.880445813607763	0.403245369247045	0.921365055718579	0.924841997972788	0.911131109857087	0.91927286672218	0.933891047007571	0.914376010124941	0.911285856151377	0.564902327010034	0.245393683684846	0.940704374584858	0.920804188309112	0.951282128629511	0.56010247956037	0.812474817818846	0.890220256632922	0.518727681595046	0.938476675839694	0.924247319068446	0.933881553239701	0.915488296545345	0.925762033347742	0.597771011475043	0.945441643987769	0.575792075315865	0.919317519126746	0.913816719946528	0.917164055837263	0.946642064931275	0.937341889285896	0.189593308062847	0.240623640959401	0.942144555297403	0.915718086168688	0.948450492494256	0.966811657082979	0.927362060704235	0.871000526354666	0.89181195586495	0.950479102374924	0.566635840524944	0.930387770902047	0.906839030077661	0.932472404169954
cg22466850	NA	NA	NA	NA	NA	NA	NA	NA	NA	NA	NA	NA	NA	NA	NA	NA	NA	NA	NA	NA	NA	NA	NA	NA	NA	NA	NA	NA	NA	NA	NA	NA	NA	NA	NA	NA	NA	NA	NA	NA	NA	NA	NA	NA	NA	NA	NA	NA	NA	NA	NA	NA	NA	NA	NA	NA	NA	NA	NA	NA	NA	NA	NA	NA	NA	NA
cg22482142	NA	NA	NA	NA	NA	NA	NA	NA	NA	NA	NA	NA	NA	NA	NA	NA	NA	NA	NA	NA	NA	NA	NA	NA	NA	NA	NA	NA	NA	NA	NA	NA	NA	NA	NA	NA	NA	NA	NA	NA	NA	NA	NA	NA	NA	NA	NA	NA	NA	NA	NA	NA	NA	NA	NA	NA	NA	NA	NA	NA	NA	NA	NA	NA	NA	NA
cg22529427	NA	NA	NA	NA	NA	NA	NA	NA	NA	NA	NA	NA	NA	NA	NA	NA	NA	NA	NA	NA	NA	NA	NA	NA	NA	NA	NA	NA	NA	NA	NA	NA	NA	NA	NA	NA	NA	NA	NA	NA	NA	NA	NA	NA	NA	NA	NA	NA	NA	NA	NA	NA	NA	NA	NA	NA	NA	NA	NA	NA	NA	NA	NA	NA	NA	NA
cg22535679	NA	NA	NA	NA	NA	NA	NA	NA	NA	NA	NA	NA	NA	NA	NA	NA	NA	NA	NA	NA	NA	NA	NA	NA	NA	NA	NA	NA	NA	NA	NA	NA	NA	NA	NA	NA	NA	NA	NA	NA	NA	NA	NA	NA	NA	NA	NA	NA	NA	NA	NA	NA	NA	NA	NA	NA	NA	NA	NA	NA	NA	NA	NA	NA	NA	NA
cg22591006	NA	NA	NA	NA	NA	NA	NA	NA	NA	NA	NA	NA	NA	NA	NA	NA	NA	NA	NA	NA	NA	NA	NA	NA	NA	NA	NA	NA	NA	NA	NA	NA	NA	NA	NA	NA	NA	NA	NA	NA	NA	NA	NA	NA	NA	NA	NA	NA	NA	NA	NA	NA	NA	NA	NA	NA	NA	NA	NA	NA	NA	NA	NA	NA	NA	NA
cg22592346	NA	NA	NA	NA	NA	NA	NA	NA	NA	NA	NA	NA	NA	NA	NA	NA	NA	NA	NA	NA	NA	NA	NA	NA	NA	NA	NA	NA	NA	NA	NA	NA	NA	NA	NA	NA	NA	NA	NA	NA	NA	NA	NA	NA	NA	NA	NA	NA	NA	NA	NA	NA	NA	NA	NA	NA	NA	NA	NA	NA	NA	NA	NA	NA	NA	NA
cg22634105	NA	NA	NA	NA	NA	NA	NA	NA	NA	NA	NA	NA	NA	NA	NA	NA	NA	NA	NA	NA	NA	NA	NA	NA	NA	NA	NA	NA	NA	NA	NA	NA	NA	NA	NA	NA	NA	NA	NA	NA	NA	NA	NA	NA	NA	NA	NA	NA	NA	NA	NA	NA	NA	NA	NA	NA	NA	NA	NA	NA	NA	NA	NA	NA	NA	NA
cg22661775	NA	NA	NA	NA	NA	NA	NA	NA	NA	NA	NA	NA	NA	NA	NA	NA	NA	NA	NA	NA	NA	NA	NA	NA	NA	NA	NA	NA	NA	NA	NA	NA	NA	NA	NA	NA	NA	NA	NA	NA	NA	NA	NA	NA	NA	NA	NA	NA	NA	NA	NA	NA	NA	NA	NA	NA	NA	NA	NA	NA	NA	NA	NA	NA	NA	NA
cg22754489	NA	NA	NA	NA	NA	NA	NA	NA	NA	NA	NA	NA	NA	NA	NA	NA	NA	NA	NA	NA	NA	NA	NA	NA	NA	NA	NA	NA	NA	NA	NA	NA	NA	NA	NA	NA	NA	NA	NA	NA	NA	NA	NA	NA	NA	NA	NA	NA	NA	NA	NA	NA	NA	NA	NA	NA	NA	NA	NA	NA	NA	NA	NA	NA	NA	NA
cg22772235	NA	NA	NA	NA	NA	NA	NA	NA	NA	NA	NA	NA	NA	NA	NA	NA	NA	NA	NA	NA	NA	NA	NA	NA	NA	NA	NA	NA	NA	NA	NA	NA	NA	NA	NA	NA	NA	NA	NA	NA	NA	NA	NA	NA	NA	NA	NA	NA	NA	NA	NA	NA	NA	NA	NA	NA	NA	NA	NA	NA	NA	NA	NA	NA	NA	NA
cg22871659	NA	NA	NA	NA	NA	NA	NA	NA	NA	NA	NA	NA	NA	NA	NA	NA	NA	NA	NA	NA	NA	NA	NA	NA	NA	NA	NA	NA	NA	NA	NA	NA	NA	NA	NA	NA	NA	NA	NA	NA	NA	NA	NA	NA	NA	NA	NA	NA	NA	NA	NA	NA	NA	NA	NA	NA	NA	NA	NA	NA	NA	NA	NA	NA	NA	NA
cg22875855	NA	NA	NA	NA	NA	NA	NA	NA	NA	NA	NA	NA	NA	NA	NA	NA	NA	NA	NA	NA	NA	NA	NA	NA	NA	NA	NA	NA	NA	NA	NA	NA	NA	NA	NA	NA	NA	NA	NA	NA	NA	NA	NA	NA	NA	NA	NA	NA	NA	NA	NA	NA	NA	NA	NA	NA	NA	NA	NA	NA	NA	NA	NA	NA	NA	NA
cg22897634	NA	NA	NA	NA	NA	NA	NA	NA	NA	NA	NA	NA	NA	NA	NA	NA	NA	NA	NA	NA	NA	NA	NA	NA	NA	NA	NA	NA	NA	NA	NA	NA	NA	NA	NA	NA	NA	NA	NA	NA	NA	NA	NA	NA	NA	NA	NA	NA	NA	NA	NA	NA	NA	NA	NA	NA	NA	NA	NA	NA	NA	NA	NA	NA	NA	NA
cg22933538	NA	NA	NA	NA	NA	NA	NA	NA	NA	NA	NA	NA	NA	NA	NA	NA	NA	NA	NA	NA	NA	NA	NA	NA	NA	NA	NA	NA	NA	NA	NA	NA	NA	NA	NA	NA	NA	NA	NA	NA	NA	NA	NA	NA	NA	NA	NA	NA	NA	NA	NA	NA	NA	NA	NA	NA	NA	NA	NA	NA	NA	NA	NA	NA	NA	NA
cg22963191	NA	NA	NA	NA	NA	NA	NA	NA	NA	NA	NA	NA	NA	NA	NA	NA	NA	NA	NA	NA	NA	NA	NA	NA	NA	NA	NA	NA	NA	NA	NA	NA	NA	NA	NA	NA	NA	NA	NA	NA	NA	NA	NA	NA	NA	NA	NA	NA	NA	NA	NA	NA	NA	NA	NA	NA	NA	NA	NA	NA	NA	NA	NA	NA	NA	NA
cg22983641	NA	NA	NA	NA	NA	NA	NA	NA	NA	NA	NA	NA	NA	NA	NA	NA	NA	NA	NA	NA	NA	NA	NA	NA	NA	NA	NA	NA	NA	NA	NA	NA	NA	NA	NA	NA	NA	NA	NA	NA	NA	NA	NA	NA	NA	NA	NA	NA	NA	NA	NA	NA	NA	NA	NA	NA	NA	NA	NA	NA	NA	NA	NA	NA	NA	NA
cg23003872	NA	NA	NA	NA	NA	NA	NA	NA	NA	NA	NA	NA	NA	NA	NA	NA	NA	NA	NA	NA	NA	NA	NA	NA	NA	NA	NA	NA	NA	NA	NA	NA	NA	NA	NA	NA	NA	NA	NA	NA	NA	NA	NA	NA	NA	NA	NA	NA	NA	NA	NA	NA	NA	NA	NA	NA	NA	NA	NA	NA	NA	NA	NA	NA	NA	NA
cg23014672	NA	NA	NA	NA	NA	NA	NA	NA	NA	NA	NA	NA	NA	NA	NA	NA	NA	NA	NA	NA	NA	NA	NA	NA	NA	NA	NA	NA	NA	NA	NA	NA	NA	NA	NA	NA	NA	NA	NA	NA	NA	NA	NA	NA	NA	NA	NA	NA	NA	NA	NA	NA	NA	NA	NA	NA	NA	NA	NA	NA	NA	NA	NA	NA	NA	NA
cg23081488	NA	NA	NA	NA	NA	NA	NA	NA	NA	NA	NA	NA	NA	NA	NA	NA	NA	NA	NA	NA	NA	NA	NA	NA	NA	NA	NA	NA	NA	NA	NA	NA	NA	NA	NA	NA	NA	NA	NA	NA	NA	NA	NA	NA	NA	NA	NA	NA	NA	NA	NA	NA	NA	NA	NA	NA	NA	NA	NA	NA	NA	NA	NA	NA	NA	NA
cg23095043	NA	NA	NA	NA	NA	NA	NA	NA	NA	NA	NA	NA	NA	NA	NA	NA	NA	NA	NA	NA	NA	NA	NA	NA	NA	NA	NA	NA	NA	NA	NA	NA	NA	NA	NA	NA	NA	NA	NA	NA	NA	NA	NA	NA	NA	NA	NA	NA	NA	NA	NA	NA	NA	NA	NA	NA	NA	NA	NA	NA	NA	NA	NA	NA	NA	NA
cg23096272	NA	NA	NA	NA	NA	NA	NA	NA	NA	NA	NA	NA	NA	NA	NA	NA	NA	NA	NA	NA	NA	NA	NA	NA	NA	NA	NA	NA	NA	NA	NA	NA	NA	NA	NA	NA	NA	NA	NA	NA	NA	NA	NA	NA	NA	NA	NA	NA	NA	NA	NA	NA	NA	NA	NA	NA	NA	NA	NA	NA	NA	NA	NA	NA	NA	NA
cg23151747	NA	NA	NA	NA	NA	NA	NA	NA	NA	NA	NA	NA	NA	NA	NA	NA	NA	NA	NA	NA	NA	NA	NA	NA	NA	NA	NA	NA	NA	NA	NA	NA	NA	NA	NA	NA	NA	NA	NA	NA	NA	NA	NA	NA	NA	NA	NA	NA	NA	NA	NA	NA	NA	NA	NA	NA	NA	NA	NA	NA	NA	NA	NA	NA	NA	NA
cg23167863	0.956754201689033	0.921651335714383	0.949137324014846	0.955802193684449	0.941651326840436	0.912546354412293	0.943345432498974	0.944346902444886	0.916876143393182	0.962554854648786	0.926264535923755	0.967612879443237	0.969047157228691	0.951537622579254	0.961605543949679	0.94971345757536	0.94214412813594	0.958977595207779	0.9302635163242	0.891309129595199	0.959190904371448	0.960641933395005	0.923106047026865	0.946506030005466	0.950606125363025	0.956783703371942	0.957744938183044	0.923210348294247	0.970316390868635	0.933786557305309	0.923589457511883	0.946198284636792	0.965988277412275	0.937293857380675	0.942765572619049	0.962581442886078	0.942592528395485	0.932415475716467	0.919397626016318	0.956504462362399	0.92067744462722	0.927758377834931	0.939352323657449	0.928872462884543	0.955309662014259	0.93084953890924	0.957944582698823	0.969598624509243	0.961857631860362	0.945798761660551	0.905874477936477	0.938243119328387	0.954259900143303	0.963895387099163	0.95353869006495	0.963138343091561	0.933007697021733	0.971294963435542	0.943633408259282	0.953720385879145	0.964391282805555	0.956156596751221	0.965179732758195	0.944352421914761	0.945741288935675	0.918480581841446
cg23228779	NA	NA	NA	NA	NA	NA	NA	NA	NA	NA	NA	NA	NA	NA	NA	NA	NA	NA	NA	NA	NA	NA	NA	NA	NA	NA	NA	NA	NA	NA	NA	NA	NA	NA	NA	NA	NA	NA	NA	NA	NA	NA	NA	NA	NA	NA	NA	NA	NA	NA	NA	NA	NA	NA	NA	NA	NA	NA	NA	NA	NA	NA	NA	NA	NA	NA
cg23251678	0.955985599269997	0.954523350789286	0.957179240898279	0.965867177825157	0.945682036040081	0.953124461349339	0.970167965210836	0.959584490712464	0.94372514346628	0.960024748105173	0.95108022284536	0.961442554128234	0.960347025373118	0.953946074058125	0.964535930456501	0.956427797853216	0.960255412014924	0.954447194888224	0.953847553452789	0.955754342074065	0.965500951027592	0.950120462755947	0.960493036020979	0.938272395695403	0.96146438043535	0.971143549506215	0.967017744117241	0.949838136658278	0.972757974771682	0.945927877750249	0.96371772338871	0.95484333188898	0.947150965398863	0.958230840840256	0.962310564631578	0.944427738229913	0.957706476097559	0.949462206855951	0.955157298409959	0.966288369392626	0.94811478245211	0.956213866052221	0.961813684900751	0.954852469801797	0.953852325289124	0.974148416812146	0.96085068605189	0.957377990763279	0.960085173641235	0.970618322659608	0.960057021026851	0.95633940525297	0.956797544334411	0.956913171227107	0.960224567629635	0.96529977529411	0.972131119860458	0.96445593742807	0.95915763800285	0.961594646560966	0.955256732775131	0.950681878927642	0.961417586708897	0.954113717164947	0.956660142185874	0.954989363027695
cg23261820	NA	NA	NA	NA	NA	NA	NA	NA	NA	NA	NA	NA	NA	NA	NA	NA	NA	NA	NA	NA	NA	NA	NA	NA	NA	NA	NA	NA	NA	NA	NA	NA	NA	NA	NA	NA	NA	NA	NA	NA	NA	NA	NA	NA	NA	NA	NA	NA	NA	NA	NA	NA	NA	NA	NA	NA	NA	NA	NA	NA	NA	NA	NA	NA	NA	NA
cg23267554	NA	NA	NA	NA	NA	NA	NA	NA	NA	NA	NA	NA	NA	NA	NA	NA	NA	NA	NA	NA	NA	NA	NA	NA	NA	NA	NA	NA	NA	NA	NA	NA	NA	NA	NA	NA	NA	NA	NA	NA	NA	NA	NA	NA	NA	NA	NA	NA	NA	NA	NA	NA	NA	NA	NA	NA	NA	NA	NA	NA	NA	NA	NA	NA	NA	NA
cg23278018	0.683622695870569	NA	0.786683230054736	0.280375531245313	0.208034194106578	0.45121566376708	0.611514885346233	NA	NA	NA	0.654045946838935	0.926794320824933	0.158430945865804	0.918242267515971	0.215496634624095	NA	0.241802748165885	0.281979525830751	NA	0.905848127263454	0.197973381952484	0.237992662668928	0.296228217993175	0.732131896467021	0.737014064531535	0.62261115938834	0.855331449695455	0.819704712779378	NA	0.20312359291631	0.283399463463441	0.165629740765596	0.926337939230227	0.302729740640142	NA	0.225088367542191	NA	0.74357751807974	0.916758760053593	0.73469067155173	0.30671270715151	0.589256045510838	0.901034021525221	NA	0.892189712260365	0.156459319761461	0.878255432442562	0.183788735027505	0.916365773343946	0.235511951582118	NA	0.798405961777682	NA	NA	0.428461727579004	NA	NA	NA	0.16575087780174	NA	NA	0.884649677763172	0.907738631262064	0.688625281236151	0.819030816920337	NA
cg23300865	NA	NA	NA	NA	NA	NA	NA	NA	NA	NA	NA	NA	NA	NA	NA	NA	NA	NA	NA	NA	NA	NA	NA	NA	NA	NA	NA	NA	NA	NA	NA	NA	NA	NA	NA	NA	NA	NA	NA	NA	NA	NA	NA	NA	NA	NA	NA	NA	NA	NA	NA	NA	NA	NA	NA	NA	NA	NA	NA	NA	NA	NA	NA	NA	NA	NA
cg23332005	0.939973087306715	0.933613779755521	0.922639341331851	0.898973277338349	0.93607226620131	0.924979630411172	0.92857312408835	0.950769691386063	0.910971534282044	0.917681478385604	0.923427561072179	0.933604835100619	0.91944132314584	0.931415667896087	0.941584848002204	0.898199223349441	0.937640213399347	0.948002535726157	0.92931026025977	0.93482582861095	0.929485923591759	0.889462986523567	0.821742791741161	0.912498171236118	0.944128377278662	0.957924396499737	0.935324011063759	0.93414660703584	0.907170621421374	0.950427434838144	0.923901675373655	0.927156186390332	0.939644094851792	0.932509657135432	0.944809370663604	0.93956132771779	0.942600999989357	0.884616617015256	0.533593188520394	0.944241051756969	0.937652026482088	0.947126548640462	0.924007299609779	0.938070564346352	0.927777413389946	0.937410708600201	0.900920787503237	0.929308300610566	0.93406781498666	0.91759809753948	0.947867860611274	0.913821705591932	0.921896358248576	0.927573028059252	0.938378330557592	0.908855426092619	0.957846033044646	0.877977454091335	0.944182594335174	0.952816250834285	0.911392552418913	0.929061223441291	0.939550584382342	0.896765665710189	0.944497169347867	0.928405600331125
cg23334804	NA	NA	NA	NA	NA	NA	NA	NA	NA	NA	NA	NA	NA	NA	NA	NA	NA	NA	NA	NA	NA	NA	NA	NA	NA	NA	NA	NA	NA	NA	NA	NA	NA	NA	NA	NA	NA	NA	NA	NA	NA	NA	NA	NA	NA	NA	NA	NA	NA	NA	NA	NA	NA	NA	NA	NA	NA	NA	NA	NA	NA	NA	NA	NA	NA	NA
cg23336892	NA	NA	NA	NA	NA	NA	NA	NA	NA	NA	NA	NA	NA	NA	NA	NA	NA	NA	NA	NA	NA	NA	NA	NA	NA	NA	NA	NA	NA	NA	NA	NA	NA	NA	NA	NA	NA	NA	NA	NA	NA	NA	NA	NA	NA	NA	NA	NA	NA	NA	NA	NA	NA	NA	NA	NA	NA	NA	NA	NA	NA	NA	NA	NA	NA	NA
cg23338752	NA	NA	NA	NA	NA	NA	NA	NA	NA	NA	NA	NA	NA	NA	NA	NA	NA	NA	NA	NA	NA	NA	NA	NA	NA	NA	NA	NA	NA	NA	NA	NA	NA	NA	NA	NA	NA	NA	NA	NA	NA	NA	NA	NA	NA	NA	NA	NA	NA	NA	NA	NA	NA	NA	NA	NA	NA	NA	NA	NA	NA	NA	NA	NA	NA	NA
cg23406815	NA	NA	NA	NA	NA	NA	NA	NA	NA	NA	NA	NA	NA	NA	NA	NA	NA	NA	NA	NA	NA	NA	NA	NA	NA	NA	NA	NA	NA	NA	NA	NA	NA	NA	NA	NA	NA	NA	NA	NA	NA	NA	NA	NA	NA	NA	NA	NA	NA	NA	NA	NA	NA	NA	NA	NA	NA	NA	NA	NA	NA	NA	NA	NA	NA	NA
cg23413074	NA	NA	NA	NA	NA	NA	NA	NA	NA	NA	NA	NA	NA	NA	NA	NA	NA	NA	NA	NA	NA	NA	NA	NA	NA	NA	NA	NA	NA	NA	NA	NA	NA	NA	NA	NA	NA	NA	NA	NA	NA	NA	NA	NA	NA	NA	NA	NA	NA	NA	NA	NA	NA	NA	NA	NA	NA	NA	NA	NA	NA	NA	NA	NA	NA	NA
cg23414149	NA	NA	NA	NA	NA	NA	NA	NA	NA	NA	NA	NA	NA	NA	NA	NA	NA	NA	NA	NA	NA	NA	NA	NA	NA	NA	NA	NA	NA	NA	NA	NA	NA	NA	NA	NA	NA	NA	NA	NA	NA	NA	NA	NA	NA	NA	NA	NA	NA	NA	NA	NA	NA	NA	NA	NA	NA	NA	NA	NA	NA	NA	NA	NA	NA	NA
cg23430295	0.972955304828574	0.689274213129862	0.965456559074675	0.972202006599865	0.957991317260339	0.955151660095001	0.973919685817753	0.959730239538871	0.96526710613987	0.967371512049971	0.972071312677374	0.976210144871021	0.974537333724225	0.958960935558979	0.962924199173406	0.965754196518226	0.961237667585406	0.966021166930021	0.969537201748074	0.962475106629068	0.975541343323787	0.969831423639619	0.771149279357933	0.643058432395301	0.972418298303568	0.97364919204123	0.85535438886989	0.965668837720302	0.970324555964316	0.972179518416306	0.966140361909526	0.971811535352605	0.545178324037597	0.968492918800719	0.5444258012895	0.96651485247302	0.975442838594737	0.965611099901368	0.507643359893104	0.972277247253921	0.965696965150048	0.962560330542886	0.968114187687753	0.96002481793389	0.967931736147427	0.555121740963668	0.965843459357018	0.592397445028251	0.952952346205434	0.966768308844439	0.970160062867508	0.95110065018641	0.961490383899407	0.961765032140427	0.96897163188608	0.942123224223868	0.976405914037071	0.894598766689389	0.974583862484803	0.962011091778176	0.970522999547016	0.976015194889419	0.967648427116685	0.972404004947626	0.701340760523181	0.862988476725716
cg23493553	0.920416705470626	0.935688443983743	0.936408737325354	0.902709591096038	0.902171770434455	0.916663958892744	0.946784200491711	0.90588358053036	0.922615271041192	0.92966003233335	0.932436567933651	0.955713960917576	0.923719672089906	0.941991720583594	0.937925204744008	0.919517111034653	0.919903206702195	0.911744836235445	0.942586587186765	0.936273450077069	0.938661827238656	0.889329706449864	0.941807547094923	0.936138808927801	0.90693502697205	0.914671801039758	0.940342766816601	0.917141381270828	0.953962913234189	0.607315259240536	0.92575934939597	0.925347039109666	0.921289490025479	0.911756785463151	0.944170793504444	0.945269717066921	0.942093289899389	0.916952549236781	0.914664666985819	0.913550566379825	0.902310187270385	0.917116344178694	0.931682410709398	0.929112925447062	0.938068620816778	0.956561820306656	0.926454979975057	0.925941764651988	0.934527753830697	0.903343768343382	0.92363389766479	0.944697700328359	0.926335768099614	0.91249069778789	0.92489403986276	0.938878419904167	0.943081021844941	0.921735873841116	0.928467430726318	0.940356399618895	0.943654193705934	0.939593052661535	0.941883835036934	0.922844043084035	0.923911213678715	0.911552361072004
cg23516370	0.638699495080336	0.933960249109904	0.937817638592474	0.940937346933663	0.952225031405433	0.953046973479538	0.949169828910762	0.883012387065736	0.836232789445832	0.93327464624619	0.935566599114557	0.904966716893827	0.909044189573989	0.929661977673759	0.595917520372573	0.272446632454639	0.91272306065472	0.912661957408207	0.935676966114275	0.71038590716746	0.559764545829748	0.888096230080609	0.705964893097131	0.913872884988258	0.898717644214955	0.929142202792741	0.859334638119863	0.834921988783701	0.944371474735399	0.822695105318088	0.952179133801608	0.570546709425904	0.961631434244003	0.895410297131407	0.931029106126886	0.921170011463682	0.519618249981161	0.953789876909713	0.354298133868177	0.900637664654455	0.884498511942654	0.914070827141161	0.881288867169049	0.89732692588467	0.921342657568444	0.660343009341777	0.932809725752326	0.935563333644744	0.930023634018762	0.94006397371157	0.774256397825152	0.507308264008169	0.936194062520042	0.203687866971469	0.944099950464196	0.89193720682884	0.957347327492354	0.943316763755408	0.266943297148501	0.875019450907531	0.917464716386261	0.689740847957604	0.569287586482128	0.914901337404999	0.79424575510217	0.911751915055747
cg23531154	NA	NA	NA	NA	NA	NA	NA	NA	NA	NA	NA	NA	NA	NA	NA	NA	NA	NA	NA	NA	NA	NA	NA	NA	NA	NA	NA	NA	NA	NA	NA	NA	NA	NA	NA	NA	NA	NA	NA	NA	NA	NA	NA	NA	NA	NA	NA	NA	NA	NA	NA	NA	NA	NA	NA	NA	NA	NA	NA	NA	NA	NA	NA	NA	NA	NA
cg23542414	NA	NA	NA	NA	NA	NA	NA	NA	NA	NA	NA	NA	NA	NA	NA	NA	NA	NA	NA	NA	NA	NA	NA	NA	NA	NA	NA	NA	NA	NA	NA	NA	NA	NA	NA	NA	NA	NA	NA	NA	NA	NA	NA	NA	NA	NA	NA	NA	NA	NA	NA	NA	NA	NA	NA	NA	NA	NA	NA	NA	NA	NA	NA	NA	NA	NA
cg23545793	0.55845293848845	0.231786220072389	0.64182999348114	0.898755668289539	0.856948159566634	0.275394327075113	0.82579383039308	0.178372884723117	0.734748489498042	0.749313424115483	0.613785940047677	0.275869008737869	0.834708596057223	0.343930400386864	0.535510475656893	0.836739588286014	0.584351982404306	0.211823604229774	0.245347691887332	0.881365432716324	0.64959147023437	0.41389569020995	0.421222585216774	0.334355221108991	0.580757775743219	0.908486597572849	0.864638739879366	0.874719362212193	0.916556509537668	0.254413332616457	0.829419892797406	0.689874934895884	0.778726787882545	0.616373562614035	0.597695615953075	0.260443968120761	0.200301938516104	0.198209513075944	0.879039564423591	0.220030423314903	0.865948327322671	0.590200294141931	0.685424967031215	0.277796922908269	0.336980385309452	0.701335713265247	0.595370942846924	0.795036921645882	0.239342264285958	0.23983563527023	0.435469000532589	0.921497650474618	0.383282178345324	0.746017899868026	0.617995131486563	0.322454908285039	0.345134042381486	0.581614519092163	0.682383705519095	0.789206913441685	0.225971090737041	0.549080140849987	0.107438531919876	0.762771844448266	0.503088747819002	0.480675878003572
cg23614652	NA	NA	NA	NA	NA	NA	NA	NA	NA	NA	NA	NA	NA	NA	NA	NA	NA	NA	NA	NA	NA	NA	NA	NA	NA	NA	NA	NA	NA	NA	NA	NA	NA	NA	NA	NA	NA	NA	NA	NA	NA	NA	NA	NA	NA	NA	NA	NA	NA	NA	NA	NA	NA	NA	NA	NA	NA	NA	NA	NA	NA	NA	NA	NA	NA	NA
cg23642334	NA	NA	NA	NA	NA	NA	NA	NA	NA	NA	NA	NA	NA	NA	NA	NA	NA	NA	NA	NA	NA	NA	NA	NA	NA	NA	NA	NA	NA	NA	NA	NA	NA	NA	NA	NA	NA	NA	NA	NA	NA	NA	NA	NA	NA	NA	NA	NA	NA	NA	NA	NA	NA	NA	NA	NA	NA	NA	NA	NA	NA	NA	NA	NA	NA	NA
cg23652725	0.909637028717572	0.931792038551279	0.938454337573478	0.922075808409231	0.91632909405484	0.910828643891712	0.927203070298159	0.918823195883707	0.905796137249182	0.917930741121802	0.921471362980109	0.917794025118442	0.944389200351201	0.926709029709585	0.917294100631845	0.903913431502093	0.927908480867194	0.936676383923865	0.932386611326587	0.930892100626096	0.907067573339638	0.91928479707266	0.849552360657265	0.907217677072601	0.929599828315152	0.913650283712464	0.939620960111458	0.931004384203441	0.929611450526519	0.879647380571013	0.927092905002556	0.891113466092739	0.934046648338918	0.902894275317211	0.933798337696556	0.946873084974931	0.911285122277198	0.658094164162825	0.572668151113548	0.901662366740799	0.935060353795265	0.920039273993905	0.885756343861511	0.894036395109513	0.918249987145216	0.915973111371747	0.907886559120292	0.912258479269367	0.928818882905518	0.929000674865394	0.924801816939151	0.9152667536573	0.906867994265934	0.91604810625312	0.94529521367367	0.903093391341403	0.92582479005133	0.678892320878248	0.915635524551439	0.943569371011493	0.894124578932922	0.91936025727935	0.921690702417381	0.925736915037901	0.896807811082596	0.90775563627556
cg23685885	NA	NA	NA	NA	NA	NA	NA	NA	NA	NA	NA	NA	NA	NA	NA	NA	NA	NA	NA	NA	NA	NA	NA	NA	NA	NA	NA	NA	NA	NA	NA	NA	NA	NA	NA	NA	NA	NA	NA	NA	NA	NA	NA	NA	NA	NA	NA	NA	NA	NA	NA	NA	NA	NA	NA	NA	NA	NA	NA	NA	NA	NA	NA	NA	NA	NA
cg23726945	NA	NA	NA	NA	NA	NA	NA	NA	NA	NA	NA	NA	NA	NA	NA	NA	NA	NA	NA	NA	NA	NA	NA	NA	NA	NA	NA	NA	NA	NA	NA	NA	NA	NA	NA	NA	NA	NA	NA	NA	NA	NA	NA	NA	NA	NA	NA	NA	NA	NA	NA	NA	NA	NA	NA	NA	NA	NA	NA	NA	NA	NA	NA	NA	NA	NA
cg23816019	NA	NA	NA	NA	NA	NA	NA	NA	NA	NA	NA	NA	NA	NA	NA	NA	NA	NA	NA	NA	NA	NA	NA	NA	NA	NA	NA	NA	NA	NA	NA	NA	NA	NA	NA	NA	NA	NA	NA	NA	NA	NA	NA	NA	NA	NA	NA	NA	NA	NA	NA	NA	NA	NA	NA	NA	NA	NA	NA	NA	NA	NA	NA	NA	NA	NA
cg23860325	0.530337141087274	0.795693433906223	0.657746771538645	0.584584760760675	0.896329232501516	0.680803797673496	0.604438860672395	0.886749894780595	0.847321292736517	0.946963843439769	0.485917695145045	0.82048796402505	0.542102198789474	0.794149781900832	0.507504256817695	0.598007196526461	0.514518226975514	0.736705937648792	0.898295688035541	0.2431902741937	0.880467571411589	0.891768836426824	0.351958234269021	0.820845540179592	0.86291320168117	0.873448817347443	0.58253216056535	0.350447843355534	0.850120937748331	0.912808624693014	0.54431175057856	0.132972674696925	0.550228990992416	0.540078657138524	0.861858498517545	0.864191785786261	0.661966377455895	0.522987824256528	0.186947689438715	0.869063652492299	0.857024707470847	0.548670122606899	0.140245582466298	0.777005505323509	0.830694637694775	0.926353954206532	0.92345210472665	0.935001598857481	0.194961286717699	0.882702940355145	0.801874448495335	0.784397126541352	0.937990698510881	0.893143173322216	0.574467634067878	0.836374033212751	0.917229083782567	0.913798166112448	0.875322027333508	0.472316849170897	0.882161988911876	0.86687212499709	0.887605781565938	0.901227048286386	0.52969753605502	0.585398178416709
cg23861101	NA	NA	NA	NA	NA	NA	NA	NA	NA	NA	NA	NA	NA	NA	NA	NA	NA	NA	NA	NA	NA	NA	NA	NA	NA	NA	NA	NA	NA	NA	NA	NA	NA	NA	NA	NA	NA	NA	NA	NA	NA	NA	NA	NA	NA	NA	NA	NA	NA	NA	NA	NA	NA	NA	NA	NA	NA	NA	NA	NA	NA	NA	NA	NA	NA	NA
cg24003649	NA	NA	NA	NA	NA	NA	NA	NA	NA	NA	NA	NA	NA	NA	NA	NA	NA	NA	NA	NA	NA	NA	NA	NA	NA	NA	NA	NA	NA	NA	NA	NA	NA	NA	NA	NA	NA	NA	NA	NA	NA	NA	NA	NA	NA	NA	NA	NA	NA	NA	NA	NA	NA	NA	NA	NA	NA	NA	NA	NA	NA	NA	NA	NA	NA	NA
cg24012683	0.942089375195883	0.953859357471293	0.590274119845224	0.953574217443433	0.963485395358706	0.965293389889892	0.59964608795719	0.954649810716188	0.964043690350323	0.695542753771091	0.946348873939541	0.46571302270806	0.948242937857403	0.958437910521833	0.946448085248005	0.95170474370877	0.941061488944699	0.966763639045042	0.94962801492256	0.951175835623616	0.940021384525155	0.577483754059092	0.968499572701696	0.948578017629029	0.967932719803106	0.940983681337738	0.965795407985871	0.952190240523908	0.976916014497857	0.949279656522219	0.959138406413807	0.944445234219418	0.443430770470827	0.94075914940487	0.952231872170592	0.963280551513576	0.957409958867776	0.922331999120843	0.945225325975921	0.960151084507174	0.964381371573202	0.951984018695672	0.966150863907526	0.941180848604008	0.953550638191941	0.558089465722575	0.941525277917315	0.959706166115202	0.942404708370026	0.962533316934873	0.951753730957966	0.952817221515884	0.948062004094667	0.954709687811659	0.961118363118894	0.963581615551783	0.963150143283851	0.938106528259047	0.933010930383173	0.938074166531892	0.945586536275692	0.202962153042165	0.961351280751989	0.952001371944725	0.937574035241534	0.953901203930793
cg24026092	NA	NA	NA	NA	NA	NA	NA	NA	NA	NA	NA	NA	NA	NA	NA	NA	NA	NA	NA	NA	NA	NA	NA	NA	NA	NA	NA	NA	NA	NA	NA	NA	NA	NA	NA	NA	NA	NA	NA	NA	NA	NA	NA	NA	NA	NA	NA	NA	NA	NA	NA	NA	NA	NA	NA	NA	NA	NA	NA	NA	NA	NA	NA	NA	NA	NA
cg24027342	0.949189986649402	0.942440019843221	0.957130754971875	0.953710005985769	0.963371311241885	0.928874909895448	0.918036226156723	0.93796677095955	0.958790882059779	0.954568170884204	0.961886336325924	0.946620734935648	0.88793368080813	0.939979182954596	0.950812536096496	0.95641713151203	0.940582831974095	0.961130976133476	0.953561748246563	0.938741644337715	0.948972155121146	0.941968072046948	0.802742876192691	0.947178498802348	0.941836998654626	0.956890379072017	0.929982756714436	0.950909935088605	0.845971053507239	0.95007894476351	0.947961454425744	0.946415260551056	0.950816176156641	0.933315340189299	0.923173679344422	0.920475194146701	0.943218330154112	0.956482293394482	0.823051593683824	0.933169473113028	0.961188890468832	0.966341735478524	0.83667977823344	0.951506563581764	0.919830900516758	0.930165651712055	0.940232380450608	0.907686645242984	0.945138789536594	0.966387936511069	0.940650646332112	0.947364955034545	0.9557103398055	0.931994574662466	0.951813467234768	0.940660126970718	0.957610386216242	0.958140377047876	0.958036557869738	0.919884675292068	0.952153204119693	0.956190263566608	0.970380608150934	0.956323990179495	0.927874478181171	0.949804374046036
cg24048209	NA	NA	NA	NA	NA	NA	NA	NA	NA	NA	NA	NA	NA	NA	NA	NA	NA	NA	NA	NA	NA	NA	NA	NA	NA	NA	NA	NA	NA	NA	NA	NA	NA	NA	NA	NA	NA	NA	NA	NA	NA	NA	NA	NA	NA	NA	NA	NA	NA	NA	NA	NA	NA	NA	NA	NA	NA	NA	NA	NA	NA	NA	NA	NA	NA	NA
cg24056757	0.952906729944267	0.925036101284319	0.960914505760498	0.955027937752361	0.962291193249409	0.921016922293982	0.952736565877873	0.916565390563977	0.922575923935844	0.961850601976574	0.933671273490199	0.931964661819376	0.956716038272549	0.942372162193995	0.958105036150354	0.944632292826135	0.944445070168046	0.938114492378511	0.945500547901911	0.806845070354365	0.967959241158795	0.960409816858845	0.717095804623933	0.944574490155393	0.966356869715779	0.950637609379469	0.926701951317409	0.923984251749238	0.93642438112932	0.946485858289798	0.966337564089816	0.623098853386753	0.962662073218002	0.928876175422807	0.941860147066118	0.966986823941425	0.959031739189886	0.95781060941503	0.930874805240635	0.946273730041419	0.959355914263111	0.965454111798715	0.934834224005568	0.629567350449769	0.972725629289371	0.971506492093167	0.965087152078941	0.948852270835326	0.951496414908374	0.955871633905023	0.927103711088042	0.957232934162143	0.952906880990426	0.943660470408144	0.913755066211981	0.968164875339806	0.926548468325534	0.962059436500557	0.968039115814845	0.94650674651494	0.9670935604064	0.964135357596027	0.963897809520996	0.961069336216126	0.911262588139411	0.938582194156932
cg24063594	NA	NA	NA	NA	NA	NA	NA	NA	NA	NA	NA	NA	NA	NA	NA	NA	NA	NA	NA	NA	NA	NA	NA	NA	NA	NA	NA	NA	NA	NA	NA	NA	NA	NA	NA	NA	NA	NA	NA	NA	NA	NA	NA	NA	NA	NA	NA	NA	NA	NA	NA	NA	NA	NA	NA	NA	NA	NA	NA	NA	NA	NA	NA	NA	NA	NA
cg24073060	NA	NA	NA	NA	NA	NA	NA	NA	NA	NA	NA	NA	NA	NA	NA	NA	NA	NA	NA	NA	NA	NA	NA	NA	NA	NA	NA	NA	NA	NA	NA	NA	NA	NA	NA	NA	NA	NA	NA	NA	NA	NA	NA	NA	NA	NA	NA	NA	NA	NA	NA	NA	NA	NA	NA	NA	NA	NA	NA	NA	NA	NA	NA	NA	NA	NA
cg24094412	NA	NA	NA	NA	NA	NA	NA	NA	NA	NA	NA	NA	NA	NA	NA	NA	NA	NA	NA	NA	NA	NA	NA	NA	NA	NA	NA	NA	NA	NA	NA	NA	NA	NA	NA	NA	NA	NA	NA	NA	NA	NA	NA	NA	NA	NA	NA	NA	NA	NA	NA	NA	NA	NA	NA	NA	NA	NA	NA	NA	NA	NA	NA	NA	NA	NA
cg24162965	NA	NA	NA	NA	NA	NA	NA	NA	NA	NA	NA	NA	NA	NA	NA	NA	NA	NA	NA	NA	NA	NA	NA	NA	NA	NA	NA	NA	NA	NA	NA	NA	NA	NA	NA	NA	NA	NA	NA	NA	NA	NA	NA	NA	NA	NA	NA	NA	NA	NA	NA	NA	NA	NA	NA	NA	NA	NA	NA	NA	NA	NA	NA	NA	NA	NA
cg24170212	NA	NA	NA	NA	NA	NA	NA	NA	NA	NA	NA	NA	NA	NA	NA	NA	NA	NA	NA	NA	NA	NA	NA	NA	NA	NA	NA	NA	NA	NA	NA	NA	NA	NA	NA	NA	NA	NA	NA	NA	NA	NA	NA	NA	NA	NA	NA	NA	NA	NA	NA	NA	NA	NA	NA	NA	NA	NA	NA	NA	NA	NA	NA	NA	NA	NA
cg24176601	0.92645692908671	0.906573374746133	0.941956283388679	0.950120364184432	0.949979615700216	0.923987386436538	0.946384852990901	0.919622636212784	0.917061504392588	0.935285428671008	0.940376893546652	0.945559142184151	0.963200818639384	0.94027482742897	0.956679632660259	0.939868274304349	0.929540905503058	0.932882640083949	0.962664555008421	0.917868609433332	0.944082359389984	0.939771109986744	0.922566650856144	0.91622669035817	0.966279281820847	0.928210262665944	0.950611056132854	0.928756708639504	0.969478740285677	0.927346566982579	0.943858182638415	0.964775832600378	0.942499497321068	0.933345899890691	0.949684994178696	0.949956436646889	0.95768211151854	0.920958782157181	0.939206529584262	0.935466271941743	0.93204983276386	0.942614180183038	0.949669789183666	0.932690699244979	0.955493839014174	0.951832294009691	0.92410388235272	0.946439083901296	0.967500461441948	0.938667379947921	0.927286249206585	0.929004103245827	0.9243274596358	0.907441970339467	0.952296009180674	0.943407554877816	0.931727499770183	0.954976390643489	0.933506500056925	0.935309621046347	0.922302525034108	0.936541288932662	0.94005897783733	0.943134936041285	0.91275469166059	0.956118353050623
cg24217980	NA	NA	NA	NA	NA	NA	NA	NA	NA	NA	NA	NA	NA	NA	NA	NA	NA	NA	NA	NA	NA	NA	NA	NA	NA	NA	NA	NA	NA	NA	NA	NA	NA	NA	NA	NA	NA	NA	NA	NA	NA	NA	NA	NA	NA	NA	NA	NA	NA	NA	NA	NA	NA	NA	NA	NA	NA	NA	NA	NA	NA	NA	NA	NA	NA	NA
cg24251441	0.935524874367831	0.617813681804866	0.953253189767311	0.862699001537647	0.944557920073261	0.879155349880732	0.945160030381611	0.942106074538483	0.917741601626882	0.942220355401261	0.940835335960197	0.700822919101667	0.932654968478556	0.900268842290574	0.929962149023679	0.407598970313039	0.938861218184628	0.424940133588943	0.948436627361706	0.921377188905506	0.938547595900351	0.942722116781098	0.632158093176144	0.923121447635223	0.919118756483626	0.94541532613887	0.902801072120175	0.876354520996642	0.714069604533929	0.917582873800041	0.953571113117526	0.951556561359558	0.947590380627481	0.940394616477504	0.950955199354516	0.949371006656313	0.860635892421984	0.938550738001039	0.859034450920642	0.934649211629226	0.929270341587237	0.691267918874888	0.595746271780143	0.610518863986842	0.961710400244837	0.94776172896638	0.954057712317394	0.94416583699673	0.69318383125035	0.943100219799358	0.880866746524571	0.840952268729805	0.941860727999473	0.942042858128472	0.946849220700777	0.204589604404696	0.95843322595931	0.944650927953892	0.907362643002179	0.90323647388266	0.945459440895645	0.960711813920195	0.952829174451571	0.947216787900077	0.884885709723004	0.929776051675464
cg24279701	NA	NA	NA	NA	NA	NA	NA	NA	NA	NA	NA	NA	NA	NA	NA	NA	NA	NA	NA	NA	NA	NA	NA	NA	NA	NA	NA	NA	NA	NA	NA	NA	NA	NA	NA	NA	NA	NA	NA	NA	NA	NA	NA	NA	NA	NA	NA	NA	NA	NA	NA	NA	NA	NA	NA	NA	NA	NA	NA	NA	NA	NA	NA	NA	NA	NA
cg24284859	0.948788317631411	0.680590110256575	0.947703041238681	0.958800368795971	0.958075529670238	0.756203964514655	0.923069620312541	0.859842055698951	0.633748842375333	0.93831821736877	0.933240865296494	0.953122586264731	0.941794028163358	0.86544853405308	0.948942591285214	0.942256772563754	0.937936648687402	NA	0.955961758199902	0.898228048746384	0.94596538166064	0.930940229431867	0.660544721736107	0.903046547147288	0.950069787102906	0.942793650398611	0.94974755105901	0.934179050650081	0.935728829806107	0.719639105844094	0.908851186207795	0.93255007760566	0.903945338910618	0.943277669868293	0.951692248531763	0.730498656564443	0.868627510874953	0.941621160969077	0.37982319592303	0.960350550965032	0.918906618850372	0.833143266692092	0.898540709195871	0.859515039271308	0.93087025537349	0.952520426339976	0.929114899047047	0.956733944241052	0.871120110303026	0.949413894285774	0.951588124551461	0.937089755302748	0.158135043297755	0.92643472070913	0.877259522060305	0.944492525052877	0.913982026630406	0.926439805683335	0.427456671677795	0.951734859812323	0.942119201354849	0.932408034771492	NA	0.86007327985805	0.93058275685552	0.814281955546408
cg24300962	NA	NA	NA	NA	NA	NA	NA	NA	NA	NA	NA	NA	NA	NA	NA	NA	NA	NA	NA	NA	NA	NA	NA	NA	NA	NA	NA	NA	NA	NA	NA	NA	NA	NA	NA	NA	NA	NA	NA	NA	NA	NA	NA	NA	NA	NA	NA	NA	NA	NA	NA	NA	NA	NA	NA	NA	NA	NA	NA	NA	NA	NA	NA	NA	NA	NA
cg24320065	NA	NA	NA	NA	NA	NA	NA	NA	NA	NA	NA	NA	NA	NA	NA	NA	NA	NA	NA	NA	NA	NA	NA	NA	NA	NA	NA	NA	NA	NA	NA	NA	NA	NA	NA	NA	NA	NA	NA	NA	NA	NA	NA	NA	NA	NA	NA	NA	NA	NA	NA	NA	NA	NA	NA	NA	NA	NA	NA	NA	NA	NA	NA	NA	NA	NA
cg24331317	NA	NA	NA	NA	NA	NA	NA	NA	NA	NA	NA	NA	NA	NA	NA	NA	NA	NA	NA	NA	NA	NA	NA	NA	NA	NA	NA	NA	NA	NA	NA	NA	NA	NA	NA	NA	NA	NA	NA	NA	NA	NA	NA	NA	NA	NA	NA	NA	NA	NA	NA	NA	NA	NA	NA	NA	NA	NA	NA	NA	NA	NA	NA	NA	NA	NA
cg24348466	NA	NA	NA	NA	NA	NA	NA	NA	NA	NA	NA	NA	NA	NA	NA	NA	NA	NA	NA	NA	NA	NA	NA	NA	NA	NA	NA	NA	NA	NA	NA	NA	NA	NA	NA	NA	NA	NA	NA	NA	NA	NA	NA	NA	NA	NA	NA	NA	NA	NA	NA	NA	NA	NA	NA	NA	NA	NA	NA	NA	NA	NA	NA	NA	NA	NA
cg24348786	NA	NA	NA	NA	NA	NA	NA	NA	NA	NA	NA	NA	NA	NA	NA	NA	NA	NA	NA	NA	NA	NA	NA	NA	NA	NA	NA	NA	NA	NA	NA	NA	NA	NA	NA	NA	NA	NA	NA	NA	NA	NA	NA	NA	NA	NA	NA	NA	NA	NA	NA	NA	NA	NA	NA	NA	NA	NA	NA	NA	NA	NA	NA	NA	NA	NA
cg24369233	NA	NA	NA	NA	NA	NA	NA	NA	NA	NA	NA	NA	NA	NA	NA	NA	NA	NA	NA	NA	NA	NA	NA	NA	NA	NA	NA	NA	NA	NA	NA	NA	NA	NA	NA	NA	NA	NA	NA	NA	NA	NA	NA	NA	NA	NA	NA	NA	NA	NA	NA	NA	NA	NA	NA	NA	NA	NA	NA	NA	NA	NA	NA	NA	NA	NA
cg24399529	0.0597008954605613	0.0992123614210606	0.0577233676547739	0.0554537207012271	0.072860349577931	0.117965074996492	0.0536438864542212	0.0772750976559408	0.19819858423792	0.060987285318678	0.0706606707358078	0.0541992365988551	0.0816525786629975	0.0802671130430874	0.0665681174921311	0.0723842446713485	0.0734593529471256	0.0889940618632584	0.0700912279357822	0.150383371103277	0.0668023020274697	0.0867825872099593	0.0709706055512487	0.0977759148953248	0.0955981343827284	0.0751322462839256	0.0968509135165918	0.117581142924903	0.0948079851435463	0.0563164696174544	0.0719005020802339	0.0657049398692395	0.0503935009170031	0.06903716159158	0.0808492675146559	0.0634803002232706	0.11334606123825	0.0502863105454307	0.161913825690294	0.0613497456551628	0.0714735733277759	0.0843907051313879	0.0984105451454892	0.0858845819304555	0.0858614928679184	0.0613060927938122	0.0682460103705083	0.0847530926646534	0.0592441191915547	0.0611073375133503	0.110615984592155	0.109372248365271	0.065343702098688	0.0817939300908609	0.0659531763769929	0.0656536352641041	0.0673277383514548	0.0750956712011827	0.0670389813458871	0.0927585942312478	0.0685660618642015	0.071949780128436	0.0618395083614549	0.0700943566487263	0.148260091093924	0.0662184822467758
cg24425968	NA	NA	NA	NA	NA	NA	NA	NA	NA	NA	NA	NA	NA	NA	NA	NA	NA	NA	NA	NA	NA	NA	NA	NA	NA	NA	NA	NA	NA	NA	NA	NA	NA	NA	NA	NA	NA	NA	NA	NA	NA	NA	NA	NA	NA	NA	NA	NA	NA	NA	NA	NA	NA	NA	NA	NA	NA	NA	NA	NA	NA	NA	NA	NA	NA	NA
cg24445752	NA	NA	NA	NA	NA	NA	NA	NA	NA	NA	NA	NA	NA	NA	NA	NA	NA	NA	NA	NA	NA	NA	NA	NA	NA	NA	NA	NA	NA	NA	NA	NA	NA	NA	NA	NA	NA	NA	NA	NA	NA	NA	NA	NA	NA	NA	NA	NA	NA	NA	NA	NA	NA	NA	NA	NA	NA	NA	NA	NA	NA	NA	NA	NA	NA	NA
cg24493925	NA	NA	NA	NA	NA	NA	NA	NA	NA	NA	NA	NA	NA	NA	NA	NA	NA	NA	NA	NA	NA	NA	NA	NA	NA	NA	NA	NA	NA	NA	NA	NA	NA	NA	NA	NA	NA	NA	NA	NA	NA	NA	NA	NA	NA	NA	NA	NA	NA	NA	NA	NA	NA	NA	NA	NA	NA	NA	NA	NA	NA	NA	NA	NA	NA	NA
cg24508547	NA	NA	NA	NA	NA	NA	NA	NA	NA	NA	NA	NA	NA	NA	NA	NA	NA	NA	NA	NA	NA	NA	NA	NA	NA	NA	NA	NA	NA	NA	NA	NA	NA	NA	NA	NA	NA	NA	NA	NA	NA	NA	NA	NA	NA	NA	NA	NA	NA	NA	NA	NA	NA	NA	NA	NA	NA	NA	NA	NA	NA	NA	NA	NA	NA	NA
cg24509591	NA	NA	NA	NA	NA	NA	NA	NA	NA	NA	NA	NA	NA	NA	NA	NA	NA	NA	NA	NA	NA	NA	NA	NA	NA	NA	NA	NA	NA	NA	NA	NA	NA	NA	NA	NA	NA	NA	NA	NA	NA	NA	NA	NA	NA	NA	NA	NA	NA	NA	NA	NA	NA	NA	NA	NA	NA	NA	NA	NA	NA	NA	NA	NA	NA	NA
cg24512770	NA	NA	NA	NA	NA	NA	NA	NA	NA	NA	NA	NA	NA	NA	NA	NA	NA	NA	NA	NA	NA	NA	NA	NA	NA	NA	NA	NA	NA	NA	NA	NA	NA	NA	NA	NA	NA	NA	NA	NA	NA	NA	NA	NA	NA	NA	NA	NA	NA	NA	NA	NA	NA	NA	NA	NA	NA	NA	NA	NA	NA	NA	NA	NA	NA	NA
cg24524735	NA	NA	NA	NA	NA	NA	NA	NA	NA	NA	NA	NA	NA	NA	NA	NA	NA	NA	NA	NA	NA	NA	NA	NA	NA	NA	NA	NA	NA	NA	NA	NA	NA	NA	NA	NA	NA	NA	NA	NA	NA	NA	NA	NA	NA	NA	NA	NA	NA	NA	NA	NA	NA	NA	NA	NA	NA	NA	NA	NA	NA	NA	NA	NA	NA	NA
cg24531568	NA	NA	NA	NA	NA	NA	NA	NA	NA	NA	NA	NA	NA	NA	NA	NA	NA	NA	NA	NA	NA	NA	NA	NA	NA	NA	NA	NA	NA	NA	NA	NA	NA	NA	NA	NA	NA	NA	NA	NA	NA	NA	NA	NA	NA	NA	NA	NA	NA	NA	NA	NA	NA	NA	NA	NA	NA	NA	NA	NA	NA	NA	NA	NA	NA	NA
cg24536474	NA	NA	NA	NA	NA	NA	NA	NA	NA	NA	NA	NA	NA	NA	NA	NA	NA	NA	NA	NA	NA	NA	NA	NA	NA	NA	NA	NA	NA	NA	NA	NA	NA	NA	NA	NA	NA	NA	NA	NA	NA	NA	NA	NA	NA	NA	NA	NA	NA	NA	NA	NA	NA	NA	NA	NA	NA	NA	NA	NA	NA	NA	NA	NA	NA	NA
cg24537973	0.818851490415613	0.471726342580391	0.583011245566841	0.85100073218529	0.838026179037907	0.778805645493399	0.854086132050207	0.783957972857033	0.64030745735333	0.798265081285712	0.820520758940841	0.831750131804948	0.489860677191534	0.776539192711436	0.854556283668334	0.770429049466952	0.813592553376801	0.76086870003783	0.676703707152859	0.558703420157788	0.480446248191519	0.247687659194474	0.451351395920703	0.714049809929451	0.80071404215413	0.892361930199246	0.543379252286469	0.777064249102047	0.575235883163336	0.853722646899663	0.845037641228133	0.79358503407484	0.867079376514858	0.810693764733757	0.817708542432901	0.882102139528774	0.434467197611315	0.855134231962567	0.376836003678556	0.780230716146404	0.82475917330855	0.600832297761298	0.610075952980833	0.506376267774069	0.553889124541968	0.513703073497047	0.860954504083099	0.776252957563149	0.828974966241819	0.783536973315595	0.516588895084708	0.624147413304404	0.834182392434129	0.795380370472298	0.654547966541365	0.540917757581823	0.857027681745942	0.87525372704928	0.872911833452355	0.674670160997482	0.846507390233494	0.428751487101113	0.86860907256403	0.486595279499891	0.544423773582039	0.812825681590484
cg24546349	0.29772643531368	0.796900117975299	0.412952039219029	0.849621717181447	0.8252789037435	0.815659279707763	0.840000042326093	0.788416348746043	0.755071655730191	0.350702748990976	0.862042556146904	0.768040914278961	0.853343794097817	0.770280862752728	0.834520510393944	0.761048168206294	0.41679699148209	0.717913848323636	0.366229999472974	0.509474736958629	0.383378070200784	0.795942263103235	0.728491027046331	0.757311990979505	0.764294594599726	0.819513940801351	0.764634102675874	0.382808401559179	0.804285346421508	0.800037329698529	0.471581741131141	0.555631589901464	0.353603002217368	0.74822234372426	0.308321263778715	0.339382240905929	0.783087381826939	0.849533313998555	0.493152504940977	0.504328329478902	0.337162810513741	0.777225084948015	0.569843777987576	0.339146881441871	0.75214869024254	0.864191613684016	0.854717554843375	0.833369696501985	0.778656216480813	0.782759097378384	0.659230422917693	0.504012444344748	0.884053015343167	0.842695655524778	0.364577808311421	0.84773153001095	0.869648598141819	0.881377218539975	0.818410778122201	0.726675686391767	0.876025291547736	0.876670792545073	0.863021456671158	0.855234530296214	0.670408026828678	0.774972923775943
cg24575638	NA	NA	NA	NA	NA	NA	NA	NA	NA	NA	NA	NA	NA	NA	NA	NA	NA	NA	NA	NA	NA	NA	NA	NA	NA	NA	NA	NA	NA	NA	NA	NA	NA	NA	NA	NA	NA	NA	NA	NA	NA	NA	NA	NA	NA	NA	NA	NA	NA	NA	NA	NA	NA	NA	NA	NA	NA	NA	NA	NA	NA	NA	NA	NA	NA	NA
cg24581736	NA	NA	NA	NA	NA	NA	NA	NA	NA	NA	NA	NA	NA	NA	NA	NA	NA	NA	NA	NA	NA	NA	NA	NA	NA	NA	NA	NA	NA	NA	NA	NA	NA	NA	NA	NA	NA	NA	NA	NA	NA	NA	NA	NA	NA	NA	NA	NA	NA	NA	NA	NA	NA	NA	NA	NA	NA	NA	NA	NA	NA	NA	NA	NA	NA	NA
cg24619998	0.87814583491339	0.918235814371771	0.921625534152225	0.912904500810623	0.931918097987265	0.870110297030098	0.939365327180772	0.918626713492862	0.903469730488404	0.94370590317368	0.744299807235396	0.898530311380309	0.908976240016049	0.921674185055574	0.910361378360762	0.902806362663236	0.928867825943131	0.914843961593263	0.940567688647991	0.389210652187716	0.9458695414455	0.850623085559162	0.680746550397743	0.897081871678011	0.927784251135744	0.911473207689025	0.913065069822275	0.897949294118629	0.956108755227993	0.90399309767645	0.957996873745389	0.924885721508569	0.943578182332636	0.884639185964111	0.934646137065325	0.95995663779121	0.876064364755799	0.914682885303606	0.855604147226723	0.951914448994755	0.931902288840961	0.955636205064532	0.907122249203398	0.936146112697705	0.909746872760885	0.924431159140527	0.937132627931421	0.951637479455592	0.942965157963921	0.908582095448311	0.878860446706384	0.933571583327325	0.94160835026887	0.930166180960715	0.929115874453438	0.948731321657663	0.94895065826502	0.936133339566555	0.926536011798102	0.848934521907272	0.961317003560472	0.944608332964178	0.935162602309259	0.950076707547276	0.880323976033876	0.930683819349465
cg24620463	NA	NA	NA	NA	NA	NA	NA	NA	NA	NA	NA	NA	NA	NA	NA	NA	NA	NA	NA	NA	NA	NA	NA	NA	NA	NA	NA	NA	NA	NA	NA	NA	NA	NA	NA	NA	NA	NA	NA	NA	NA	NA	NA	NA	NA	NA	NA	NA	NA	NA	NA	NA	NA	NA	NA	NA	NA	NA	NA	NA	NA	NA	NA	NA	NA	NA
cg24651708	NA	NA	NA	NA	NA	NA	NA	NA	NA	NA	NA	NA	NA	NA	NA	NA	NA	NA	NA	NA	NA	NA	NA	NA	NA	NA	NA	NA	NA	NA	NA	NA	NA	NA	NA	NA	NA	NA	NA	NA	NA	NA	NA	NA	NA	NA	NA	NA	NA	NA	NA	NA	NA	NA	NA	NA	NA	NA	NA	NA	NA	NA	NA	NA	NA	NA
cg24651790	NA	NA	NA	NA	NA	NA	NA	NA	NA	NA	NA	NA	NA	NA	NA	NA	NA	NA	NA	NA	NA	NA	NA	NA	NA	NA	NA	NA	NA	NA	NA	NA	NA	NA	NA	NA	NA	NA	NA	NA	NA	NA	NA	NA	NA	NA	NA	NA	NA	NA	NA	NA	NA	NA	NA	NA	NA	NA	NA	NA	NA	NA	NA	NA	NA	NA
cg24686187	NA	NA	NA	NA	NA	NA	NA	NA	NA	NA	NA	NA	NA	NA	NA	NA	NA	NA	NA	NA	NA	NA	NA	NA	NA	NA	NA	NA	NA	NA	NA	NA	NA	NA	NA	NA	NA	NA	NA	NA	NA	NA	NA	NA	NA	NA	NA	NA	NA	NA	NA	NA	NA	NA	NA	NA	NA	NA	NA	NA	NA	NA	NA	NA	NA	NA
cg24702069	0.109506344128586	0.707099863055825	0.921180862830313	0.687482604839604	0.824831989414195	0.55137412012535	0.0654538112714411	0.799472127247658	0.133957645227486	0.117268172394156	0.71536724434395	0.74153805712281	0.0881439071229684	0.522067270527488	0.0730799130540817	0.772283580089275	0.742183098939587	0.472079279747344	0.642777193995448	0.100867724013171	0.124192687606278	0.772521863374706	0.161347974648652	0.75103160612633	0.787307334777505	0.534951390105232	0.422723752930238	0.432523703220133	0.154945497322481	0.714704938918975	0.100907812432789	0.128982369539796	0.0999689172258237	0.125875189187735	0.800962941411022	0.810198555753686	0.389692477308563	0.0766740134873163	0.0742852936412452	0.775597252398743	0.501851357359076	0.202910760471759	0.374418224809505	0.730392221741913	0.167353878000019	0.530198337144092	0.0595443526083654	0.854713519950628	0.814991001122045	0.814905241365654	0.569925824221149	0.656182245533602	0.880541785972079	0.108484217415413	0.680610030393755	0.864815802482252	0.0981957492746474	0.919276549282189	0.354182380782919	0.598583376508408	0.848876656577384	0.815962287963615	0.167919487820635	0.883846048543408	0.619884694247644	0.800757735074833
cg24704082	NA	NA	NA	NA	NA	NA	NA	NA	NA	NA	NA	NA	NA	NA	NA	NA	NA	NA	NA	NA	NA	NA	NA	NA	NA	NA	NA	NA	NA	NA	NA	NA	NA	NA	NA	NA	NA	NA	NA	NA	NA	NA	NA	NA	NA	NA	NA	NA	NA	NA	NA	NA	NA	NA	NA	NA	NA	NA	NA	NA	NA	NA	NA	NA	NA	NA
cg24707982	NA	NA	NA	NA	NA	NA	NA	NA	NA	NA	NA	NA	NA	NA	NA	NA	NA	NA	NA	NA	NA	NA	NA	NA	NA	NA	NA	NA	NA	NA	NA	NA	NA	NA	NA	NA	NA	NA	NA	NA	NA	NA	NA	NA	NA	NA	NA	NA	NA	NA	NA	NA	NA	NA	NA	NA	NA	NA	NA	NA	NA	NA	NA	NA	NA	NA
cg24732062	NA	NA	NA	NA	NA	NA	NA	NA	NA	NA	NA	NA	NA	NA	NA	NA	NA	NA	NA	NA	NA	NA	NA	NA	NA	NA	NA	NA	NA	NA	NA	NA	NA	NA	NA	NA	NA	NA	NA	NA	NA	NA	NA	NA	NA	NA	NA	NA	NA	NA	NA	NA	NA	NA	NA	NA	NA	NA	NA	NA	NA	NA	NA	NA	NA	NA
cg24808545	NA	NA	NA	NA	NA	NA	NA	NA	NA	NA	NA	NA	NA	NA	NA	NA	NA	NA	NA	NA	NA	NA	NA	NA	NA	NA	NA	NA	NA	NA	NA	NA	NA	NA	NA	NA	NA	NA	NA	NA	NA	NA	NA	NA	NA	NA	NA	NA	NA	NA	NA	NA	NA	NA	NA	NA	NA	NA	NA	NA	NA	NA	NA	NA	NA	NA
cg24871371	NA	NA	NA	NA	NA	NA	NA	NA	NA	NA	NA	NA	NA	NA	NA	NA	NA	NA	NA	NA	NA	NA	NA	NA	NA	NA	NA	NA	NA	NA	NA	NA	NA	NA	NA	NA	NA	NA	NA	NA	NA	NA	NA	NA	NA	NA	NA	NA	NA	NA	NA	NA	NA	NA	NA	NA	NA	NA	NA	NA	NA	NA	NA	NA	NA	NA
cg24874998	0.863714419110094	0.785166085886749	0.894445160205069	0.790854036924904	0.870014379449719	0.773192686856268	0.255996226579252	0.855655626580295	0.747244510050886	0.918158755733097	0.881593855519516	0.282936243304267	0.815553898286602	0.840197590110814	0.636293266298725	0.591572103712932	0.544679009075233	0.795246410161834	0.855993804857529	0.284393710882402	0.692808782228011	0.847866025169886	0.322201986963671	0.86252301869348	0.570030109107429	0.936114850456602	0.708892074337789	0.370928039691746	0.642283183354229	0.88691183513598	0.828647824202083	0.871497835449554	0.872651756275969	0.827186684808066	0.611839716010057	0.91077576197288	0.24802877795716	0.787854409072542	0.313710620297209	0.621839488707958	0.893227319167643	0.559086810822689	0.180865624358989	0.803525586001662	0.661263146779475	0.544113351781476	0.796111294385161	0.906897303913993	0.806320522615644	0.875415057220851	0.800623921497799	0.463620505687149	0.481473545531259	0.893470413566486	0.850148455162715	0.89185276061843	0.88036159796076	0.526833837475192	0.529179224090755	0.678329749580944	0.667112830534451	0.885996759938878	0.872778212301111	0.886419198582141	0.497269629804451	0.490599539702518
cg24902362	NA	NA	NA	NA	NA	NA	NA	NA	NA	NA	NA	NA	NA	NA	NA	NA	NA	NA	NA	NA	NA	NA	NA	NA	NA	NA	NA	NA	NA	NA	NA	NA	NA	NA	NA	NA	NA	NA	NA	NA	NA	NA	NA	NA	NA	NA	NA	NA	NA	NA	NA	NA	NA	NA	NA	NA	NA	NA	NA	NA	NA	NA	NA	NA	NA	NA
cg24940155	0.156984858014726	0.799800171924501	0.231328277993632	0.173784937681002	0.772641942944244	0.257996580637433	0.815802572202472	0.247631815756884	0.670976099503087	0.170182950546489	0.765670740548966	0.41719680493785	0.206357286764152	0.284134672786061	0.126687722637103	0.311532188378759	0.650719718358232	0.256858611518687	0.542033339057705	0.375199378521879	0.16454651067939	0.431849342514595	0.258671537492741	0.222413989949248	0.282775393117012	0.456813009293993	0.341837090395503	0.357251923618354	0.549739507831079	0.405378515066789	0.228375317740966	0.480864749835169	0.155674328475027	0.241135331247474	0.266872384922678	0.815026052621334	0.219724839841063	0.16944545630045	0.306479058186162	0.285679309084059	0.356601035811893	0.754608035617667	0.241894043685818	0.284893167480554	0.277872906962109	0.0944434256689965	0.173436123651511	0.239515543445863	0.576911475768544	0.13622297175202	0.413094785056654	0.289065839759764	0.141965798307854	0.17836590370722	0.330419846771878	0.601993151679452	0.22931425867315	0.0645455957754408	0.181074197746766	0.726165768577869	0.105601417460808	0.143307569698465	0.141713376928792	0.154673695992501	0.506053223478415	0.633736995365643
cg24967487	0.190097695737653	0.464022729524812	0.561987813762066	0.132907126069736	0.243660610342527	0.477936265103188	0.201620007945375	0.474053051008121	0.156701370333329	0.160900064769983	0.883142968214368	0.23952900274593	0.135264088004116	0.182929047290749	0.595891876813069	0.49308620228222	0.529372494515955	0.252049917247969	0.493492797836714	0.309503759720799	0.175803140877901	0.185572965244676	0.231507353563535	0.825990383521529	0.182367392890473	0.784703675377648	0.309250869586842	0.380964001004678	0.207542512812766	0.512255958949913	0.483063232075017	0.560467093289204	0.503404066234596	0.170930041326402	0.20569285507285	0.793416158480591	0.186179693801169	0.535981925959509	0.275035544996739	0.699121486420524	0.15398626124895	0.183359700410961	0.207744482429462	0.504894598448199	0.537112124962591	0.102409627401406	0.513355302445501	0.823945758704761	0.211269273428441	0.347498830205663	0.66708246933107	0.186440122330322	0.407170858508175	0.146899717844205	0.255777612181298	0.802166978841738	0.881500520134966	0.576878495970427	0.547010112290815	0.238302981787415	0.57366789319834	0.836197086621044	0.539572290716969	0.5085140445829	0.332351617058593	0.170854828455528
cg25036886	NA	NA	NA	NA	NA	NA	NA	NA	NA	NA	NA	NA	NA	NA	NA	NA	NA	NA	NA	NA	NA	NA	NA	NA	NA	NA	NA	NA	NA	NA	NA	NA	NA	NA	NA	NA	NA	NA	NA	NA	NA	NA	NA	NA	NA	NA	NA	NA	NA	NA	NA	NA	NA	NA	NA	NA	NA	NA	NA	NA	NA	NA	NA	NA	NA	NA
cg25039837	NA	NA	NA	NA	NA	NA	NA	NA	NA	NA	NA	NA	NA	NA	NA	NA	NA	NA	NA	NA	NA	NA	NA	NA	NA	NA	NA	NA	NA	NA	NA	NA	NA	NA	NA	NA	NA	NA	NA	NA	NA	NA	NA	NA	NA	NA	NA	NA	NA	NA	NA	NA	NA	NA	NA	NA	NA	NA	NA	NA	NA	NA	NA	NA	NA	NA
cg25045882	NA	NA	NA	NA	NA	NA	NA	NA	NA	NA	NA	NA	NA	NA	NA	NA	NA	NA	NA	NA	NA	NA	NA	NA	NA	NA	NA	NA	NA	NA	NA	NA	NA	NA	NA	NA	NA	NA	NA	NA	NA	NA	NA	NA	NA	NA	NA	NA	NA	NA	NA	NA	NA	NA	NA	NA	NA	NA	NA	NA	NA	NA	NA	NA	NA	NA
cg25047058	NA	NA	NA	NA	NA	NA	NA	NA	NA	NA	NA	NA	NA	NA	NA	NA	NA	NA	NA	NA	NA	NA	NA	NA	NA	NA	NA	NA	NA	NA	NA	NA	NA	NA	NA	NA	NA	NA	NA	NA	NA	NA	NA	NA	NA	NA	NA	NA	NA	NA	NA	NA	NA	NA	NA	NA	NA	NA	NA	NA	NA	NA	NA	NA	NA	NA
cg25083596	NA	NA	NA	NA	NA	NA	NA	NA	NA	NA	NA	NA	NA	NA	NA	NA	NA	NA	NA	NA	NA	NA	NA	NA	NA	NA	NA	NA	NA	NA	NA	NA	NA	NA	NA	NA	NA	NA	NA	NA	NA	NA	NA	NA	NA	NA	NA	NA	NA	NA	NA	NA	NA	NA	NA	NA	NA	NA	NA	NA	NA	NA	NA	NA	NA	NA
cg25192591	NA	NA	NA	NA	NA	NA	NA	NA	NA	NA	NA	NA	NA	NA	NA	NA	NA	NA	NA	NA	NA	NA	NA	NA	NA	NA	NA	NA	NA	NA	NA	NA	NA	NA	NA	NA	NA	NA	NA	NA	NA	NA	NA	NA	NA	NA	NA	NA	NA	NA	NA	NA	NA	NA	NA	NA	NA	NA	NA	NA	NA	NA	NA	NA	NA	NA
cg25208892	0.939349359965318	0.941630406283491	0.965378668757367	0.937635586130099	0.902382851688846	0.845685813338404	0.934226326255501	0.963901101601236	0.966356324451816	0.951120864363057	0.953688497017245	0.935885010548599	0.965619375763069	0.942666133965524	0.959221760413211	0.9247589016225	0.954398596139757	0.956359450578863	0.971551901199434	0.907987332283642	0.950490949357825	0.962520467022086	0.897183616297787	0.953806327679132	0.967588736077396	0.929485766401737	0.934321063715981	0.924376421908113	0.958442789775096	0.423911599943379	0.959724300769301	0.956427498032285	0.934386650141937	0.945412676642375	0.936501248477525	0.94359294285475	0.940488928333107	0.942951188751622	0.93204716879146	0.943631414278876	0.945929904874235	0.933230763520347	0.716100111395894	0.943602908130891	0.959662675896271	0.934610294326587	0.925844662964932	0.94944337799606	0.931407552385877	0.922553692972553	0.947820210209921	0.935192295671804	0.944029596002897	0.962114132604663	0.941960993720506	0.932451955073079	0.941706652044872	0.968285211398574	0.963087994160563	0.935018582180156	0.959858416657367	0.940816333129992	0.952430637366523	0.897600823900568	0.940726405403912	0.941184871049877
cg25209294	NA	NA	NA	NA	NA	NA	NA	NA	NA	NA	NA	NA	NA	NA	NA	NA	NA	NA	NA	NA	NA	NA	NA	NA	NA	NA	NA	NA	NA	NA	NA	NA	NA	NA	NA	NA	NA	NA	NA	NA	NA	NA	NA	NA	NA	NA	NA	NA	NA	NA	NA	NA	NA	NA	NA	NA	NA	NA	NA	NA	NA	NA	NA	NA	NA	NA
cg25217895	NA	NA	NA	NA	NA	NA	NA	NA	NA	NA	NA	NA	NA	NA	NA	NA	NA	NA	NA	NA	NA	NA	NA	NA	NA	NA	NA	NA	NA	NA	NA	NA	NA	NA	NA	NA	NA	NA	NA	NA	NA	NA	NA	NA	NA	NA	NA	NA	NA	NA	NA	NA	NA	NA	NA	NA	NA	NA	NA	NA	NA	NA	NA	NA	NA	NA
cg25245569	0.967470737168841	0.682965783071249	0.97520197628571	0.978181106213987	0.4605695023978	0.945368218235141	0.97214389626163	0.980373532726982	0.851119371163525	0.974404200278545	0.904938162478676	0.913348834696657	0.962423478210077	0.961872035601735	0.238411046439887	0.965616992982982	0.954226132387953	0.786667650406771	0.958662199289335	0.964899060572698	0.977431303157128	0.42983498647738	0.934581734069481	0.96614316092711	0.970805150642211	0.462946138303047	0.968695178712785	0.956725292266792	0.981553788297612	0.973569912573753	0.973926495603991	0.982373451080386	0.946648697449673	0.971440320960967	0.972329889534342	0.970161958928597	0.947239173804224	0.267006311795778	0.920083519378664	0.474713258129059	0.979549546638337	0.976029546681025	0.977385634448901	0.969813975138473	0.960720981256124	0.981896358735433	0.959687567948365	0.959352621505315	0.534858279574253	0.976691495728037	0.750076355700911	0.981466396608099	0.355208106901417	0.966563105262181	0.948841177827474	0.939721316637792	0.954745532368487	0.966501604386499	0.972380954872625	0.966747690931302	0.955687293318613	0.955883696517264	0.253445111632602	0.931011791633072	0.824391894545461	0.823887083418577
cg25265769	NA	NA	NA	NA	NA	NA	NA	NA	NA	NA	NA	NA	NA	NA	NA	NA	NA	NA	NA	NA	NA	NA	NA	NA	NA	NA	NA	NA	NA	NA	NA	NA	NA	NA	NA	NA	NA	NA	NA	NA	NA	NA	NA	NA	NA	NA	NA	NA	NA	NA	NA	NA	NA	NA	NA	NA	NA	NA	NA	NA	NA	NA	NA	NA	NA	NA
cg25348323	0.376666419160994	0.7654470158128	0.182182114550549	0.502487984986541	0.816797619549132	0.458868065711113	0.516335094157387	0.808681577328637	0.753846340931405	0.485003516098398	0.805197452808496	0.272282698209732	0.182161723490501	0.743619223464653	0.149871457527539	0.521805343936069	0.468784487186455	0.72952860587111	0.809193574431982	0.477642620885909	0.769663489877947	0.81808965255358	0.323408527353521	0.645254585674027	0.243193368438203	0.486049942387771	0.525189863866129	0.543788404300831	0.708746037218575	0.475829326266015	0.488288167801228	0.826756455689103	0.831518978071084	0.492259506507256	0.471269648298294	0.520521527113316	0.607724311395636	0.502199843127889	0.302613421421774	0.496015645108938	0.762892089081635	0.521283955578283	0.519284121914814	0.525581774991607	0.503505973586387	0.473771664075318	0.805172513040544	0.816943106803036	0.510242413382821	0.505992428046278	0.742761826885281	0.450707051834378	0.131473170712738	0.496117016480025	0.833351651771639	0.829248738002957	0.840960755592937	0.833142159741501	0.507410021409259	0.290210562573607	0.487799445728302	0.467517639392947	0.499385433795798	0.470852289479441	0.539426813227965	0.49941346092326
cg25426892	NA	NA	NA	NA	NA	NA	NA	NA	NA	NA	NA	NA	NA	NA	NA	NA	NA	NA	NA	NA	NA	NA	NA	NA	NA	NA	NA	NA	NA	NA	NA	NA	NA	NA	NA	NA	NA	NA	NA	NA	NA	NA	NA	NA	NA	NA	NA	NA	NA	NA	NA	NA	NA	NA	NA	NA	NA	NA	NA	NA	NA	NA	NA	NA	NA	NA
cg25456633	NA	NA	NA	NA	NA	NA	NA	NA	NA	NA	NA	NA	NA	NA	NA	NA	NA	NA	NA	NA	NA	NA	NA	NA	NA	NA	NA	NA	NA	NA	NA	NA	NA	NA	NA	NA	NA	NA	NA	NA	NA	NA	NA	NA	NA	NA	NA	NA	NA	NA	NA	NA	NA	NA	NA	NA	NA	NA	NA	NA	NA	NA	NA	NA	NA	NA
cg25504143	NA	NA	NA	NA	NA	NA	NA	NA	NA	NA	NA	NA	NA	NA	NA	NA	NA	NA	NA	NA	NA	NA	NA	NA	NA	NA	NA	NA	NA	NA	NA	NA	NA	NA	NA	NA	NA	NA	NA	NA	NA	NA	NA	NA	NA	NA	NA	NA	NA	NA	NA	NA	NA	NA	NA	NA	NA	NA	NA	NA	NA	NA	NA	NA	NA	NA
cg25540004	NA	NA	NA	NA	NA	NA	NA	NA	NA	NA	NA	NA	NA	NA	NA	NA	NA	NA	NA	NA	NA	NA	NA	NA	NA	NA	NA	NA	NA	NA	NA	NA	NA	NA	NA	NA	NA	NA	NA	NA	NA	NA	NA	NA	NA	NA	NA	NA	NA	NA	NA	NA	NA	NA	NA	NA	NA	NA	NA	NA	NA	NA	NA	NA	NA	NA
cg25543190	NA	NA	NA	NA	NA	NA	NA	NA	NA	NA	NA	NA	NA	NA	NA	NA	NA	NA	NA	NA	NA	NA	NA	NA	NA	NA	NA	NA	NA	NA	NA	NA	NA	NA	NA	NA	NA	NA	NA	NA	NA	NA	NA	NA	NA	NA	NA	NA	NA	NA	NA	NA	NA	NA	NA	NA	NA	NA	NA	NA	NA	NA	NA	NA	NA	NA
cg25550564	NA	NA	NA	NA	NA	NA	NA	NA	NA	NA	NA	NA	NA	NA	NA	NA	NA	NA	NA	NA	NA	NA	NA	NA	NA	NA	NA	NA	NA	NA	NA	NA	NA	NA	NA	NA	NA	NA	NA	NA	NA	NA	NA	NA	NA	NA	NA	NA	NA	NA	NA	NA	NA	NA	NA	NA	NA	NA	NA	NA	NA	NA	NA	NA	NA	NA
cg25590811	0.317288808859171	0.312505355609807	0.125231149012276	0.0991347057502818	0.28629141190666	0.932629609352644	0.25528316167348	0.269284196490429	0.435255591863721	0.171429873549153	0.163804984372135	0.350912061945228	0.118002840392103	0.274255623863265	0.0686326727098157	0.409262274348519	0.378875850196825	NA	0.578285060318257	0.936957908531128	0.951268473419407	0.371735521916183	0.195747865971708	0.40291637091361	0.309561499821074	0.121034277721667	0.777575482338783	0.81725260005928	0.412555297652238	0.33287316054904	0.154940375584169	0.460296725249593	0.0785540187694754	0.269951373786195	0.246511522506352	0.294772078521632	0.347813744701084	0.576777946550496	0.72124056680301	0.288911529034263	0.150979129444722	0.22669313292497	0.151825395745264	0.641439299403073	0.248290790019611	0.0805659639477129	0.556003462472823	0.126037500208998	0.195985461681993	0.135445180697202	0.536251916839691	0.51353072249785	0.0931575645885806	0.143690643855298	0.325367342484933	0.303029180264096	0.224254651221927	0.127326103450432	0.348026887862305	0.312085011818413	0.0902225424894194	0.100179613637959	0.933054549659631	0.182946674962942	0.654963034869134	0.246025611586324
cg25598062	NA	NA	NA	NA	NA	NA	NA	NA	NA	NA	NA	NA	NA	NA	NA	NA	NA	NA	NA	NA	NA	NA	NA	NA	NA	NA	NA	NA	NA	NA	NA	NA	NA	NA	NA	NA	NA	NA	NA	NA	NA	NA	NA	NA	NA	NA	NA	NA	NA	NA	NA	NA	NA	NA	NA	NA	NA	NA	NA	NA	NA	NA	NA	NA	NA	NA
cg25605360	NA	NA	NA	NA	NA	NA	NA	NA	NA	NA	NA	NA	NA	NA	NA	NA	NA	NA	NA	NA	NA	NA	NA	NA	NA	NA	NA	NA	NA	NA	NA	NA	NA	NA	NA	NA	NA	NA	NA	NA	NA	NA	NA	NA	NA	NA	NA	NA	NA	NA	NA	NA	NA	NA	NA	NA	NA	NA	NA	NA	NA	NA	NA	NA	NA	NA
cg25609183	0.722388710517286	0.795410925404065	0.92870207155314	0.960900252741896	0.921365254587767	0.957994742671353	0.549273814930571	0.901436740738192	0.65602500606551	0.494804070858199	0.969355457387669	0.671078562468667	0.129725817452891	0.774277555541603	0.895791366632167	0.400580037211921	0.925029755737116	0.762214562887058	0.591816970955925	0.640027756165182	0.572956466490955	0.924750388405261	0.468981722600086	0.554973005467447	0.561693359718941	0.866715087035838	0.918879645117766	0.917552972522421	0.944285520408626	0.600565643417116	0.952864693503211	0.374374900453091	0.856849166328701	0.443320166573191	0.915118486301285	0.945696978672364	0.901322578268464	0.567220961305388	0.352786492162684	0.871194838259614	0.895464835859736	0.582806371743571	0.907384079390486	0.756086335358621	0.952043400777013	0.490048855063664	0.884320474357719	0.54300322275318	0.906265417957062	0.552433494728922	0.737245396626379	0.972713819903333	0.445618634740871	0.253878566785363	0.856113365497532	0.65333053477701	0.885067921541216	0.962077171123296	0.49796800702119	0.616726752637039	0.916949977989207	0.345331382219028	0.965530659845758	0.23633742425422	0.874704745940935	0.445282069960908
cg25616771	NA	NA	NA	NA	NA	NA	NA	NA	NA	NA	NA	NA	NA	NA	NA	NA	NA	NA	NA	NA	NA	NA	NA	NA	NA	NA	NA	NA	NA	NA	NA	NA	NA	NA	NA	NA	NA	NA	NA	NA	NA	NA	NA	NA	NA	NA	NA	NA	NA	NA	NA	NA	NA	NA	NA	NA	NA	NA	NA	NA	NA	NA	NA	NA	NA	NA
cg25626264	NA	NA	NA	NA	NA	NA	NA	NA	NA	NA	NA	NA	NA	NA	NA	NA	NA	NA	NA	NA	NA	NA	NA	NA	NA	NA	NA	NA	NA	NA	NA	NA	NA	NA	NA	NA	NA	NA	NA	NA	NA	NA	NA	NA	NA	NA	NA	NA	NA	NA	NA	NA	NA	NA	NA	NA	NA	NA	NA	NA	NA	NA	NA	NA	NA	NA
cg25631436	NA	NA	NA	NA	NA	NA	NA	NA	NA	NA	NA	NA	NA	NA	NA	NA	NA	NA	NA	NA	NA	NA	NA	NA	NA	NA	NA	NA	NA	NA	NA	NA	NA	NA	NA	NA	NA	NA	NA	NA	NA	NA	NA	NA	NA	NA	NA	NA	NA	NA	NA	NA	NA	NA	NA	NA	NA	NA	NA	NA	NA	NA	NA	NA	NA	NA
cg25645338	0.810025557382065	NA	0.382277846128253	0.621783883153905	0.93041757980852	0.73850459822507	0.962913311649622	0.415197131448273	NA	0.898561424709227	0.724064316134932	0.599983098042395	0.938348138566102	0.592489984967091	0.606705625395821	0.849539269213435	0.755832151677145	0.789133248626893	0.814908107966487	0.943638782813217	0.931879111810551	0.776260859329518	0.851331000772808	0.843777410952975	0.381930771957061	0.647956658722356	0.749728814525854	0.726665987647657	NA	0.732526135482109	0.944080338999867	0.887866575120277	0.15222673114441	0.733032233983805	0.917941654183885	0.763353753938517	0.791810867071692	0.927866226349336	0.939330618184264	0.931594522863882	0.942141163600009	0.738649703342315	NA	NA	0.92150272814921	0.57443050909161	0.940102483343115	0.664060492559124	0.679563256100009	0.232265202263457	0.900832367925948	0.191285890878901	NA	0.918882889211601	0.877894482272258	0.14565843996712	NA	NA	0.727624762259092	0.935879529314809	0.359755722932565	0.863649091996174	0.639792278628022	0.731990583303322	0.878250228583732	NA
cg25658612	NA	NA	NA	NA	NA	NA	NA	NA	NA	NA	NA	NA	NA	NA	NA	NA	NA	NA	NA	NA	NA	NA	NA	NA	NA	NA	NA	NA	NA	NA	NA	NA	NA	NA	NA	NA	NA	NA	NA	NA	NA	NA	NA	NA	NA	NA	NA	NA	NA	NA	NA	NA	NA	NA	NA	NA	NA	NA	NA	NA	NA	NA	NA	NA	NA	NA
cg25673945	NA	NA	NA	NA	NA	NA	NA	NA	NA	NA	NA	NA	NA	NA	NA	NA	NA	NA	NA	NA	NA	NA	NA	NA	NA	NA	NA	NA	NA	NA	NA	NA	NA	NA	NA	NA	NA	NA	NA	NA	NA	NA	NA	NA	NA	NA	NA	NA	NA	NA	NA	NA	NA	NA	NA	NA	NA	NA	NA	NA	NA	NA	NA	NA	NA	NA
cg25728543	NA	NA	NA	NA	NA	NA	NA	NA	NA	NA	NA	NA	NA	NA	NA	NA	NA	NA	NA	NA	NA	NA	NA	NA	NA	NA	NA	NA	NA	NA	NA	NA	NA	NA	NA	NA	NA	NA	NA	NA	NA	NA	NA	NA	NA	NA	NA	NA	NA	NA	NA	NA	NA	NA	NA	NA	NA	NA	NA	NA	NA	NA	NA	NA	NA	NA
cg25745201	NA	NA	NA	NA	NA	NA	NA	NA	NA	NA	NA	NA	NA	NA	NA	NA	NA	NA	NA	NA	NA	NA	NA	NA	NA	NA	NA	NA	NA	NA	NA	NA	NA	NA	NA	NA	NA	NA	NA	NA	NA	NA	NA	NA	NA	NA	NA	NA	NA	NA	NA	NA	NA	NA	NA	NA	NA	NA	NA	NA	NA	NA	NA	NA	NA	NA
cg25765819	0.895409377717179	0.942252482779542	0.927775689023917	0.898327462035465	0.921868651914551	0.924679695596259	0.934842930364287	0.935782708785033	0.920828036813142	0.926847443480395	0.897820646859966	0.933611079828965	0.92512985534089	0.891639698219889	0.912176000803294	0.931252524657166	0.921918492785153	0.901344004943654	0.929122973850744	0.74231723855612	0.910536156882881	0.923678814119154	0.817915048646313	0.920028606862134	0.937854765489803	0.940759255042999	0.914373928862887	0.916889882514378	0.954913598998771	0.904485433519035	0.92437114416794	0.912443484786115	0.919706043406921	0.912031886066719	0.906435505828261	0.940899120247504	0.914551921297392	0.912142222041716	0.867077034235531	0.932475970758279	0.910349506254591	0.924015243790116	0.925055780299652	0.95313658478023	0.920061138632466	0.946260535872505	0.914456767051574	0.921984235368401	0.926418385101362	0.929411805201028	0.917969678135513	0.912753956024573	0.913863201972867	0.937948572237612	0.952525641537724	0.93714453682545	0.921549337852842	0.918310599449384	0.898148816707561	0.918583599714766	0.938190094371027	0.929093015835259	0.923473740066284	0.934834487912891	0.931142905876032	0.926183212180282
cg25780806	NA	NA	NA	NA	NA	NA	NA	NA	NA	NA	NA	NA	NA	NA	NA	NA	NA	NA	NA	NA	NA	NA	NA	NA	NA	NA	NA	NA	NA	NA	NA	NA	NA	NA	NA	NA	NA	NA	NA	NA	NA	NA	NA	NA	NA	NA	NA	NA	NA	NA	NA	NA	NA	NA	NA	NA	NA	NA	NA	NA	NA	NA	NA	NA	NA	NA
cg25824209	NA	NA	NA	NA	NA	NA	NA	NA	NA	NA	NA	NA	NA	NA	NA	NA	NA	NA	NA	NA	NA	NA	NA	NA	NA	NA	NA	NA	NA	NA	NA	NA	NA	NA	NA	NA	NA	NA	NA	NA	NA	NA	NA	NA	NA	NA	NA	NA	NA	NA	NA	NA	NA	NA	NA	NA	NA	NA	NA	NA	NA	NA	NA	NA	NA	NA
cg25904166	NA	NA	NA	NA	NA	NA	NA	NA	NA	NA	NA	NA	NA	NA	NA	NA	NA	NA	NA	NA	NA	NA	NA	NA	NA	NA	NA	NA	NA	NA	NA	NA	NA	NA	NA	NA	NA	NA	NA	NA	NA	NA	NA	NA	NA	NA	NA	NA	NA	NA	NA	NA	NA	NA	NA	NA	NA	NA	NA	NA	NA	NA	NA	NA	NA	NA
cg25949955	NA	NA	NA	NA	NA	NA	NA	NA	NA	NA	NA	NA	NA	NA	NA	NA	NA	NA	NA	NA	NA	NA	NA	NA	NA	NA	NA	NA	NA	NA	NA	NA	NA	NA	NA	NA	NA	NA	NA	NA	NA	NA	NA	NA	NA	NA	NA	NA	NA	NA	NA	NA	NA	NA	NA	NA	NA	NA	NA	NA	NA	NA	NA	NA	NA	NA
cg25962639	NA	NA	NA	NA	NA	NA	NA	NA	NA	NA	NA	NA	NA	NA	NA	NA	NA	NA	NA	NA	NA	NA	NA	NA	NA	NA	NA	NA	NA	NA	NA	NA	NA	NA	NA	NA	NA	NA	NA	NA	NA	NA	NA	NA	NA	NA	NA	NA	NA	NA	NA	NA	NA	NA	NA	NA	NA	NA	NA	NA	NA	NA	NA	NA	NA	NA
cg26007766	NA	NA	NA	NA	NA	NA	NA	NA	NA	NA	NA	NA	NA	NA	NA	NA	NA	NA	NA	NA	NA	NA	NA	NA	NA	NA	NA	NA	NA	NA	NA	NA	NA	NA	NA	NA	NA	NA	NA	NA	NA	NA	NA	NA	NA	NA	NA	NA	NA	NA	NA	NA	NA	NA	NA	NA	NA	NA	NA	NA	NA	NA	NA	NA	NA	NA
cg26024202	NA	NA	NA	NA	NA	NA	NA	NA	NA	NA	NA	NA	NA	NA	NA	NA	NA	NA	NA	NA	NA	NA	NA	NA	NA	NA	NA	NA	NA	NA	NA	NA	NA	NA	NA	NA	NA	NA	NA	NA	NA	NA	NA	NA	NA	NA	NA	NA	NA	NA	NA	NA	NA	NA	NA	NA	NA	NA	NA	NA	NA	NA	NA	NA	NA	NA
cg26070081	NA	NA	NA	NA	NA	NA	NA	NA	NA	NA	NA	NA	NA	NA	NA	NA	NA	NA	NA	NA	NA	NA	NA	NA	NA	NA	NA	NA	NA	NA	NA	NA	NA	NA	NA	NA	NA	NA	NA	NA	NA	NA	NA	NA	NA	NA	NA	NA	NA	NA	NA	NA	NA	NA	NA	NA	NA	NA	NA	NA	NA	NA	NA	NA	NA	NA
cg26072561	0.917635761435128	0.925227982544612	0.956580168396153	0.943859535893453	0.936972519544165	0.916762953630186	0.951179545486405	0.93796936317894	0.913400878829193	0.859606367892751	0.915030611452047	0.910708407956688	0.946846371365704	0.925393955395481	0.860797707755489	0.895305695935865	0.913090085570087	0.92488651618701	0.930971334511554	0.605532650088493	0.920564257411688	0.941172539436053	0.536505861951911	0.903539390045641	0.936803478665208	0.904564477311873	0.86412037171443	0.882760158837907	0.932115495874494	0.906442937110446	0.942866500539249	0.951356794078719	0.923488232562344	0.90793250013427	0.923194318703729	0.92623408907845	0.900485933356955	0.91456144896786	0.858701263482971	0.901786505133679	0.925140580003008	0.934671474511564	0.859983748119352	0.938686473646679	0.917778202826937	0.934042104604999	0.940092195680661	0.913353865103337	0.900705277855552	0.904481909805338	0.895734902222773	0.913721361278852	0.950851848965642	0.963015533778237	0.940023998814503	0.562089769792255	0.906427424255646	0.956445648281114	0.908088985929281	0.898872531738932	0.915520451803778	0.935755438634685	0.918570477736723	0.94424327357247	0.888666512126918	0.897687778882311
cg26075252	NA	NA	NA	NA	NA	NA	NA	NA	NA	NA	NA	NA	NA	NA	NA	NA	NA	NA	NA	NA	NA	NA	NA	NA	NA	NA	NA	NA	NA	NA	NA	NA	NA	NA	NA	NA	NA	NA	NA	NA	NA	NA	NA	NA	NA	NA	NA	NA	NA	NA	NA	NA	NA	NA	NA	NA	NA	NA	NA	NA	NA	NA	NA	NA	NA	NA
cg26076236	NA	NA	NA	NA	NA	NA	NA	NA	NA	NA	NA	NA	NA	NA	NA	NA	NA	NA	NA	NA	NA	NA	NA	NA	NA	NA	NA	NA	NA	NA	NA	NA	NA	NA	NA	NA	NA	NA	NA	NA	NA	NA	NA	NA	NA	NA	NA	NA	NA	NA	NA	NA	NA	NA	NA	NA	NA	NA	NA	NA	NA	NA	NA	NA	NA	NA
cg26089220	NA	NA	NA	NA	NA	NA	NA	NA	NA	NA	NA	NA	NA	NA	NA	NA	NA	NA	NA	NA	NA	NA	NA	NA	NA	NA	NA	NA	NA	NA	NA	NA	NA	NA	NA	NA	NA	NA	NA	NA	NA	NA	NA	NA	NA	NA	NA	NA	NA	NA	NA	NA	NA	NA	NA	NA	NA	NA	NA	NA	NA	NA	NA	NA	NA	NA
cg26103331	NA	NA	NA	NA	NA	NA	NA	NA	NA	NA	NA	NA	NA	NA	NA	NA	NA	NA	NA	NA	NA	NA	NA	NA	NA	NA	NA	NA	NA	NA	NA	NA	NA	NA	NA	NA	NA	NA	NA	NA	NA	NA	NA	NA	NA	NA	NA	NA	NA	NA	NA	NA	NA	NA	NA	NA	NA	NA	NA	NA	NA	NA	NA	NA	NA	NA
cg26105731	NA	NA	NA	NA	NA	NA	NA	NA	NA	NA	NA	NA	NA	NA	NA	NA	NA	NA	NA	NA	NA	NA	NA	NA	NA	NA	NA	NA	NA	NA	NA	NA	NA	NA	NA	NA	NA	NA	NA	NA	NA	NA	NA	NA	NA	NA	NA	NA	NA	NA	NA	NA	NA	NA	NA	NA	NA	NA	NA	NA	NA	NA	NA	NA	NA	NA
cg26106149	NA	NA	NA	NA	NA	NA	NA	NA	NA	NA	NA	NA	NA	NA	NA	NA	NA	NA	NA	NA	NA	NA	NA	NA	NA	NA	NA	NA	NA	NA	NA	NA	NA	NA	NA	NA	NA	NA	NA	NA	NA	NA	NA	NA	NA	NA	NA	NA	NA	NA	NA	NA	NA	NA	NA	NA	NA	NA	NA	NA	NA	NA	NA	NA	NA	NA
cg26131114	NA	NA	NA	NA	NA	NA	NA	NA	NA	NA	NA	NA	NA	NA	NA	NA	NA	NA	NA	NA	NA	NA	NA	NA	NA	NA	NA	NA	NA	NA	NA	NA	NA	NA	NA	NA	NA	NA	NA	NA	NA	NA	NA	NA	NA	NA	NA	NA	NA	NA	NA	NA	NA	NA	NA	NA	NA	NA	NA	NA	NA	NA	NA	NA	NA	NA
cg26131927	NA	NA	NA	NA	NA	NA	NA	NA	NA	NA	NA	NA	NA	NA	NA	NA	NA	NA	NA	NA	NA	NA	NA	NA	NA	NA	NA	NA	NA	NA	NA	NA	NA	NA	NA	NA	NA	NA	NA	NA	NA	NA	NA	NA	NA	NA	NA	NA	NA	NA	NA	NA	NA	NA	NA	NA	NA	NA	NA	NA	NA	NA	NA	NA	NA	NA
cg26133909	0.262648089781522	0.353206667960087	0.285420215419396	0.135397920210523	0.816377185244721	0.902501294947366	0.285202699738403	NA	NA	NA	0.361323552296679	NA	NA	0.390305355230626	0.912722104623415	0.343292012120386	0.925643186595586	0.796946677479016	0.734864540506688	0.859675425753181	0.182122638053428	0.891995330767396	NA	0.88180700593869	0.383211284074173	0.614302814683283	NA	0.677680572166986	NA	0.474744123096697	0.398830119327132	0.211661887059453	0.909956661116154	0.28079425357981	0.912936736636833	0.934740609270999	0.74075257178523	0.771341309459933	0.929737104678022	NA	0.201233057773524	0.431035966528309	0.852449584531006	NA	0.899033850655967	0.677259173807418	0.574929720403726	0.247102398679596	0.469622386027916	0.61629539163888	0.918816646704143	NA	0.851071167300077	0.264627086371562	0.448954470920125	0.207305811436744	NA	NA	0.351068295743144	NA	0.158789654408274	0.87223409413107	0.172595141922217	0.903843093389125	0.673193815783337	NA
cg26139168	NA	NA	NA	NA	NA	NA	NA	NA	NA	NA	NA	NA	NA	NA	NA	NA	NA	NA	NA	NA	NA	NA	NA	NA	NA	NA	NA	NA	NA	NA	NA	NA	NA	NA	NA	NA	NA	NA	NA	NA	NA	NA	NA	NA	NA	NA	NA	NA	NA	NA	NA	NA	NA	NA	NA	NA	NA	NA	NA	NA	NA	NA	NA	NA	NA	NA
cg26141807	NA	NA	NA	NA	NA	NA	NA	NA	NA	NA	NA	NA	NA	NA	NA	NA	NA	NA	NA	NA	NA	NA	NA	NA	NA	NA	NA	NA	NA	NA	NA	NA	NA	NA	NA	NA	NA	NA	NA	NA	NA	NA	NA	NA	NA	NA	NA	NA	NA	NA	NA	NA	NA	NA	NA	NA	NA	NA	NA	NA	NA	NA	NA	NA	NA	NA
cg26143153	NA	NA	NA	NA	NA	NA	NA	NA	NA	NA	NA	NA	NA	NA	NA	NA	NA	NA	NA	NA	NA	NA	NA	NA	NA	NA	NA	NA	NA	NA	NA	NA	NA	NA	NA	NA	NA	NA	NA	NA	NA	NA	NA	NA	NA	NA	NA	NA	NA	NA	NA	NA	NA	NA	NA	NA	NA	NA	NA	NA	NA	NA	NA	NA	NA	NA
cg26218805	NA	NA	NA	NA	NA	NA	NA	NA	NA	NA	NA	NA	NA	NA	NA	NA	NA	NA	NA	NA	NA	NA	NA	NA	NA	NA	NA	NA	NA	NA	NA	NA	NA	NA	NA	NA	NA	NA	NA	NA	NA	NA	NA	NA	NA	NA	NA	NA	NA	NA	NA	NA	NA	NA	NA	NA	NA	NA	NA	NA	NA	NA	NA	NA	NA	NA
cg26243679	NA	NA	NA	NA	NA	NA	NA	NA	NA	NA	NA	NA	NA	NA	NA	NA	NA	NA	NA	NA	NA	NA	NA	NA	NA	NA	NA	NA	NA	NA	NA	NA	NA	NA	NA	NA	NA	NA	NA	NA	NA	NA	NA	NA	NA	NA	NA	NA	NA	NA	NA	NA	NA	NA	NA	NA	NA	NA	NA	NA	NA	NA	NA	NA	NA	NA
cg26249038	NA	NA	NA	NA	NA	NA	NA	NA	NA	NA	NA	NA	NA	NA	NA	NA	NA	NA	NA	NA	NA	NA	NA	NA	NA	NA	NA	NA	NA	NA	NA	NA	NA	NA	NA	NA	NA	NA	NA	NA	NA	NA	NA	NA	NA	NA	NA	NA	NA	NA	NA	NA	NA	NA	NA	NA	NA	NA	NA	NA	NA	NA	NA	NA	NA	NA
cg26256420	NA	NA	NA	NA	NA	NA	NA	NA	NA	NA	NA	NA	NA	NA	NA	NA	NA	NA	NA	NA	NA	NA	NA	NA	NA	NA	NA	NA	NA	NA	NA	NA	NA	NA	NA	NA	NA	NA	NA	NA	NA	NA	NA	NA	NA	NA	NA	NA	NA	NA	NA	NA	NA	NA	NA	NA	NA	NA	NA	NA	NA	NA	NA	NA	NA	NA
cg26283801	NA	NA	NA	NA	NA	NA	NA	NA	NA	NA	NA	NA	NA	NA	NA	NA	NA	NA	NA	NA	NA	NA	NA	NA	NA	NA	NA	NA	NA	NA	NA	NA	NA	NA	NA	NA	NA	NA	NA	NA	NA	NA	NA	NA	NA	NA	NA	NA	NA	NA	NA	NA	NA	NA	NA	NA	NA	NA	NA	NA	NA	NA	NA	NA	NA	NA
cg26316511	NA	NA	NA	NA	NA	NA	NA	NA	NA	NA	NA	NA	NA	NA	NA	NA	NA	NA	NA	NA	NA	NA	NA	NA	NA	NA	NA	NA	NA	NA	NA	NA	NA	NA	NA	NA	NA	NA	NA	NA	NA	NA	NA	NA	NA	NA	NA	NA	NA	NA	NA	NA	NA	NA	NA	NA	NA	NA	NA	NA	NA	NA	NA	NA	NA	NA
cg26322995	NA	NA	NA	NA	NA	NA	NA	NA	NA	NA	NA	NA	NA	NA	NA	NA	NA	NA	NA	NA	NA	NA	NA	NA	NA	NA	NA	NA	NA	NA	NA	NA	NA	NA	NA	NA	NA	NA	NA	NA	NA	NA	NA	NA	NA	NA	NA	NA	NA	NA	NA	NA	NA	NA	NA	NA	NA	NA	NA	NA	NA	NA	NA	NA	NA	NA
cg26341749	NA	NA	NA	NA	NA	NA	NA	NA	NA	NA	NA	NA	NA	NA	NA	NA	NA	NA	NA	NA	NA	NA	NA	NA	NA	NA	NA	NA	NA	NA	NA	NA	NA	NA	NA	NA	NA	NA	NA	NA	NA	NA	NA	NA	NA	NA	NA	NA	NA	NA	NA	NA	NA	NA	NA	NA	NA	NA	NA	NA	NA	NA	NA	NA	NA	NA
cg26352073	NA	NA	NA	NA	NA	NA	NA	NA	NA	NA	NA	NA	NA	NA	NA	NA	NA	NA	NA	NA	NA	NA	NA	NA	NA	NA	NA	NA	NA	NA	NA	NA	NA	NA	NA	NA	NA	NA	NA	NA	NA	NA	NA	NA	NA	NA	NA	NA	NA	NA	NA	NA	NA	NA	NA	NA	NA	NA	NA	NA	NA	NA	NA	NA	NA	NA
cg26424817	NA	NA	NA	NA	NA	NA	NA	NA	NA	NA	NA	NA	NA	NA	NA	NA	NA	NA	NA	NA	NA	NA	NA	NA	NA	NA	NA	NA	NA	NA	NA	NA	NA	NA	NA	NA	NA	NA	NA	NA	NA	NA	NA	NA	NA	NA	NA	NA	NA	NA	NA	NA	NA	NA	NA	NA	NA	NA	NA	NA	NA	NA	NA	NA	NA	NA
cg26429763	NA	NA	NA	NA	NA	NA	NA	NA	NA	NA	NA	NA	NA	NA	NA	NA	NA	NA	NA	NA	NA	NA	NA	NA	NA	NA	NA	NA	NA	NA	NA	NA	NA	NA	NA	NA	NA	NA	NA	NA	NA	NA	NA	NA	NA	NA	NA	NA	NA	NA	NA	NA	NA	NA	NA	NA	NA	NA	NA	NA	NA	NA	NA	NA	NA	NA
cg26442509	0.620790709927012	0.682954659579481	0.672519359974859	0.553814780794221	0.190465512497246	0.264866928171174	0.860137764031541	0.686886077867023	0.701338563682765	0.764204493088833	0.572060929743907	0.562931569862782	NA	0.304786844643224	0.689459687058891	0.341232770055459	0.692381862817329	NA	NA	NA	0.141486870714256	NA	0.493346670582255	0.657758914789229	0.332028795990727	0.620045367543721	0.807054232679044	0.828566753794595	0.777653412356637	NA	0.685689517878575	0.156394078858137	0.220354841569616	0.251892108211609	0.327630486378833	0.896677985831362	0.460057508557202	0.213137250487154	0.82948447234312	0.262088046091381	0.580409049764989	0.25151477923106	NA	0.541995765288012	0.240023874733886	0.17547605296839	0.863083363933798	0.215694517849475	0.225300988764311	0.87506535518012	0.53649467054953	0.892767122250559	0.117076525400589	0.65486492620116	0.35293860270662	0.606593893627347	0.411043327618485	NA	0.186366673720604	0.858464088795889	0.166776012637637	0.161074600252515	0.252564018234958	0.629057543287463	0.66995786195681	0.384366132452211
cg26501230	NA	NA	NA	NA	NA	NA	NA	NA	NA	NA	NA	NA	NA	NA	NA	NA	NA	NA	NA	NA	NA	NA	NA	NA	NA	NA	NA	NA	NA	NA	NA	NA	NA	NA	NA	NA	NA	NA	NA	NA	NA	NA	NA	NA	NA	NA	NA	NA	NA	NA	NA	NA	NA	NA	NA	NA	NA	NA	NA	NA	NA	NA	NA	NA	NA	NA
cg26523866	NA	0.789765393571359	NA	0.226305304148806	0.603446757437361	0.912628153987328	NA	NA	NA	0.872424094606173	NA	0.43099985636013	0.890867033168786	NA	NA	0.884913853092205	NA	NA	NA	0.916009566561412	0.873754014942649	0.867985701417942	0.748061007593028	NA	0.903854338731365	0.926881351955623	0.733358811870329	0.923683918056446	NA	0.927901012293413	0.881819582622665	0.910263284724323	NA	0.884099080246799	NA	0.91094798399971	0.88192634392922	0.894147589543797	NA	NA	0.897077270460439	NA	NA	0.835869359055113	0.896251872834709	NA	0.88057151000079	0.866173454655343	NA	NA	0.684113799535157	NA	NA	0.880323473767714	0.546657088405915	NA	NA	0.861929779840273	0.917521810652358	0.569759566432536	0.870263223214345	0.901211070526044	NA	0.867280675135022	0.760650807552182	NA
cg26542912	NA	NA	NA	NA	NA	NA	NA	NA	NA	NA	NA	NA	NA	NA	NA	NA	NA	NA	NA	NA	NA	NA	NA	NA	NA	NA	NA	NA	NA	NA	NA	NA	NA	NA	NA	NA	NA	NA	NA	NA	NA	NA	NA	NA	NA	NA	NA	NA	NA	NA	NA	NA	NA	NA	NA	NA	NA	NA	NA	NA	NA	NA	NA	NA	NA	NA
cg26544028	NA	NA	NA	NA	NA	NA	NA	NA	NA	NA	NA	NA	NA	NA	NA	NA	NA	NA	NA	NA	NA	NA	NA	NA	NA	NA	NA	NA	NA	NA	NA	NA	NA	NA	NA	NA	NA	NA	NA	NA	NA	NA	NA	NA	NA	NA	NA	NA	NA	NA	NA	NA	NA	NA	NA	NA	NA	NA	NA	NA	NA	NA	NA	NA	NA	NA
cg26558363	NA	NA	NA	NA	NA	NA	NA	NA	NA	NA	NA	NA	NA	NA	NA	NA	NA	NA	NA	NA	NA	NA	NA	NA	NA	NA	NA	NA	NA	NA	NA	NA	NA	NA	NA	NA	NA	NA	NA	NA	NA	NA	NA	NA	NA	NA	NA	NA	NA	NA	NA	NA	NA	NA	NA	NA	NA	NA	NA	NA	NA	NA	NA	NA	NA	NA
cg26564072	NA	NA	NA	NA	NA	NA	NA	NA	NA	NA	NA	NA	NA	NA	NA	NA	NA	NA	NA	NA	NA	NA	NA	NA	NA	NA	NA	NA	NA	NA	NA	NA	NA	NA	NA	NA	NA	NA	NA	NA	NA	NA	NA	NA	NA	NA	NA	NA	NA	NA	NA	NA	NA	NA	NA	NA	NA	NA	NA	NA	NA	NA	NA	NA	NA	NA
cg26572710	0.918598513745735	0.898063176053483	0.927998037559419	0.936969244577679	0.934158854197858	0.896082171577072	0.940022576690944	0.948141749148975	0.893275587294949	0.919122006652427	0.933385356681986	0.935169478454127	0.926698993980793	0.864825026069772	0.936768679959979	0.913405568631033	0.921966127964377	0.928603638634618	0.905043096230869	0.930327811174432	0.917536042034995	0.938887236105423	0.821013017170868	0.93959626233305	0.929890209554391	0.952997726837849	0.908650979448771	0.916339655715667	0.895862534816685	0.947462677606988	0.922143062452759	0.928142345856947	0.926684770299144	0.928857734989349	0.927880930413786	0.923885557808461	0.938941921053362	0.936783331197724	0.898220229522188	0.945592965333177	0.942248973421256	0.938212151363902	0.900659472486803	0.906993335493987	0.912554185205599	0.927609053199848	0.919536563978137	0.918704293487779	0.946150717552839	0.927457984114051	0.936796926332915	0.890522324885334	0.942917971602731	0.914543871691512	0.945887405499097	0.938160290254372	0.937081465225265	0.903963658095297	0.916469628891013	0.922651816707055	0.869714888019291	0.936685402663844	0.908958764623618	0.918927300833988	0.892841669109086	0.908805308978715
cg26585590	0.9213340413579	0.943421083008782	0.926157520744543	0.913991374857278	0.919800734134289	0.939186778819822	0.94208207558331	0.948808002417428	0.918323065764535	0.920370990663625	0.946035601249996	0.95506529643313	0.912788850546833	0.930703801787345	0.900095654012266	0.925197627330302	0.924977686680273	0.956351256687975	0.934042309748707	0.587240537728325	0.891107562339306	0.905534857332624	0.747321404842431	0.913518857684665	0.931218398917778	0.932642412850454	0.948525438819294	0.941382605020013	0.933765559701597	0.943740714487542	0.939425023178173	0.92891258487744	0.297940219812148	0.941455817933901	0.898667789091881	0.954734197005417	0.959849611349696	0.922183117429747	0.927991692837431	0.931929472643805	0.911647255694412	0.935742521458499	0.883888055977123	0.927820877002476	0.915853295876836	0.947575683568419	0.894967278637159	0.930368910537316	0.929251861916035	0.926156054568344	0.947254171967649	0.928731938768059	0.921268558866494	0.902148507124144	0.938772899375281	0.934596124370602	0.932725995073746	0.813340020177627	0.909511691042151	0.838619850137825	0.878985672583057	0.929916294211862	0.89486886429936	0.886464677556155	0.913323019821321	0.916956652328006
cg26592560	NA	NA	NA	NA	NA	NA	NA	NA	NA	NA	NA	NA	NA	NA	NA	NA	NA	NA	NA	NA	NA	NA	NA	NA	NA	NA	NA	NA	NA	NA	NA	NA	NA	NA	NA	NA	NA	NA	NA	NA	NA	NA	NA	NA	NA	NA	NA	NA	NA	NA	NA	NA	NA	NA	NA	NA	NA	NA	NA	NA	NA	NA	NA	NA	NA	NA
cg26612736	NA	NA	NA	NA	NA	NA	NA	NA	NA	NA	NA	NA	NA	NA	NA	NA	NA	NA	NA	NA	NA	NA	NA	NA	NA	NA	NA	NA	NA	NA	NA	NA	NA	NA	NA	NA	NA	NA	NA	NA	NA	NA	NA	NA	NA	NA	NA	NA	NA	NA	NA	NA	NA	NA	NA	NA	NA	NA	NA	NA	NA	NA	NA	NA	NA	NA
cg26620682	NA	NA	NA	NA	NA	NA	NA	NA	NA	NA	NA	NA	NA	NA	NA	NA	NA	NA	NA	NA	NA	NA	NA	NA	NA	NA	NA	NA	NA	NA	NA	NA	NA	NA	NA	NA	NA	NA	NA	NA	NA	NA	NA	NA	NA	NA	NA	NA	NA	NA	NA	NA	NA	NA	NA	NA	NA	NA	NA	NA	NA	NA	NA	NA	NA	NA
cg26663742	NA	NA	NA	NA	NA	NA	NA	NA	NA	NA	NA	NA	NA	NA	NA	NA	NA	NA	NA	NA	NA	NA	NA	NA	NA	NA	NA	NA	NA	NA	NA	NA	NA	NA	NA	NA	NA	NA	NA	NA	NA	NA	NA	NA	NA	NA	NA	NA	NA	NA	NA	NA	NA	NA	NA	NA	NA	NA	NA	NA	NA	NA	NA	NA	NA	NA
cg26664737	NA	NA	NA	NA	NA	NA	NA	NA	NA	NA	NA	NA	NA	NA	NA	NA	NA	NA	NA	NA	NA	NA	NA	NA	NA	NA	NA	NA	NA	NA	NA	NA	NA	NA	NA	NA	NA	NA	NA	NA	NA	NA	NA	NA	NA	NA	NA	NA	NA	NA	NA	NA	NA	NA	NA	NA	NA	NA	NA	NA	NA	NA	NA	NA	NA	NA
cg26667585	NA	NA	NA	NA	NA	NA	NA	NA	NA	NA	NA	NA	NA	NA	NA	NA	NA	NA	NA	NA	NA	NA	NA	NA	NA	NA	NA	NA	NA	NA	NA	NA	NA	NA	NA	NA	NA	NA	NA	NA	NA	NA	NA	NA	NA	NA	NA	NA	NA	NA	NA	NA	NA	NA	NA	NA	NA	NA	NA	NA	NA	NA	NA	NA	NA	NA
cg26675620	NA	NA	NA	NA	NA	NA	NA	NA	NA	NA	NA	NA	NA	NA	NA	NA	NA	NA	NA	NA	NA	NA	NA	NA	NA	NA	NA	NA	NA	NA	NA	NA	NA	NA	NA	NA	NA	NA	NA	NA	NA	NA	NA	NA	NA	NA	NA	NA	NA	NA	NA	NA	NA	NA	NA	NA	NA	NA	NA	NA	NA	NA	NA	NA	NA	NA
cg26675905	NA	NA	NA	NA	NA	NA	NA	NA	NA	NA	NA	NA	NA	NA	NA	NA	NA	NA	NA	NA	NA	NA	NA	NA	NA	NA	NA	NA	NA	NA	NA	NA	NA	NA	NA	NA	NA	NA	NA	NA	NA	NA	NA	NA	NA	NA	NA	NA	NA	NA	NA	NA	NA	NA	NA	NA	NA	NA	NA	NA	NA	NA	NA	NA	NA	NA
cg26707887	0.357820999276313	0.360706314628563	0.136217024898959	0.114551633120217	0.662136661067061	0.688912983262868	0.686629487931606	0.329374177656503	NA	NA	0.145039820855579	0.489041285434215	0.127614925788995	0.277196563772091	0.133978206579768	0.717964986759759	0.231321834928989	0.622280242356345	0.204737825314763	0.417808782708358	0.165769063205154	0.247304096408561	0.553301873423962	0.651843261845615	0.617161947087373	0.59235513740139	0.418800225968428	0.508672836582821	0.449283865413313	0.652511343746412	0.137305302277133	0.121037531702535	0.764053297423641	0.624792171943972	0.348582945821124	0.683190522268358	0.278215474280506	0.624780813288782	0.905747663357142	0.386831633393805	0.174955222170976	0.220767975507949	0.255019496238513	0.9290710645018	0.255583300155128	0.65610060970389	0.692833963717816	0.177074927681386	0.217854845176159	0.192755480906516	0.678751598782291	0.306397613815613	0.239511035168372	0.137738581592902	0.585535160486319	0.898072369917232	0.928698115456718	NA	0.195077842098707	0.5161392125598	0.634395825727848	0.214878097410749	0.494298698866219	0.930543662410872	0.568905339830956	NA
cg26758386	NA	NA	NA	NA	NA	NA	NA	NA	NA	NA	NA	NA	NA	NA	NA	NA	NA	NA	NA	NA	NA	NA	NA	NA	NA	NA	NA	NA	NA	NA	NA	NA	NA	NA	NA	NA	NA	NA	NA	NA	NA	NA	NA	NA	NA	NA	NA	NA	NA	NA	NA	NA	NA	NA	NA	NA	NA	NA	NA	NA	NA	NA	NA	NA	NA	NA
cg26763368	NA	NA	NA	NA	NA	NA	NA	NA	NA	NA	NA	NA	NA	NA	NA	NA	NA	NA	NA	NA	NA	NA	NA	NA	NA	NA	NA	NA	NA	NA	NA	NA	NA	NA	NA	NA	NA	NA	NA	NA	NA	NA	NA	NA	NA	NA	NA	NA	NA	NA	NA	NA	NA	NA	NA	NA	NA	NA	NA	NA	NA	NA	NA	NA	NA	NA
cg26786687	0.920354324984283	0.88501435549061	0.910873959504269	0.914346895918913	0.928319722519634	0.929839129778631	0.927835169139364	0.921815900782213	0.896714437354025	0.904861837221756	0.893674890142322	0.928029994700421	0.869156474923779	0.928490329273866	0.899434381764356	0.898635088299385	0.903479329045773	0.894192701165163	0.903960375225877	0.917287552076532	0.905387228748813	0.900197869848544	0.873361704790281	0.870750462593558	0.929000558924369	0.907732327218807	0.928639427429737	0.91961891740156	0.914340158897817	0.934272403128433	0.931865059825506	0.895034541836845	0.926286237148145	0.913527084112939	0.92028601851221	0.931619383704363	0.922306019473746	0.911999979085931	0.934678219398677	0.920203409815155	0.899819567571845	0.932027619352411	0.919222362737869	0.897551058370054	0.904099682269959	0.894766051363231	0.896609285721259	0.918078071865584	0.902080836893784	0.871439909986412	0.941444503390845	0.925690617022161	0.900845414827566	0.910385809426995	0.917049063709218	0.926015331823108	0.933890926018941	0.87922010066682	0.911479440058431	0.923686286114584	0.861189471417794	0.894377261029722	0.895032790443424	0.891329578073664	0.912868093280383	0.916312313234078
cg26797811	NA	NA	NA	NA	NA	NA	NA	NA	NA	NA	NA	NA	NA	NA	NA	NA	NA	NA	NA	NA	NA	NA	NA	NA	NA	NA	NA	NA	NA	NA	NA	NA	NA	NA	NA	NA	NA	NA	NA	NA	NA	NA	NA	NA	NA	NA	NA	NA	NA	NA	NA	NA	NA	NA	NA	NA	NA	NA	NA	NA	NA	NA	NA	NA	NA	NA
cg26841157	0.710977478292322	0.551491251915973	0.960698892817886	0.578031673175836	0.225498990989493	0.304752166737602	0.382027765097425	0.89978290409716	0.698670595720267	0.906255773140508	0.366118063089626	0.537326502868805	0.488483067101811	0.62954048161215	0.717118841347989	0.840179099953147	0.916344613450949	0.447167136121061	0.929870354754751	0.459604198687876	0.31888760124703	0.849310958467659	0.279417929013132	0.834326533723332	0.940097988015156	0.846543281741384	0.86804820193174	0.873597840029816	0.874141808226746	0.895985712193269	0.919347794106103	0.920976688126249	0.910919869400451	0.879561172433013	0.858567926742945	0.832906972043618	0.59233537890196	0.677893460463268	0.737826966473764	0.892846091500683	0.944905650348715	0.911615979620196	0.19761018019576	0.780269748715669	0.90792408549931	0.900538072414614	0.940080616031307	0.943759041316751	0.772563725441258	0.367296278887763	0.645310399451087	0.8609773580513	0.267515697508741	0.86833373099552	0.924769289957215	0.877411648573457	0.945152357251522	0.574936091939066	0.874773841381975	0.481871330143464	0.541550853577823	0.937951972913878	0.876586466838015	0.944775514398188	0.773850495050737	0.240124119110615
cg26846076	NA	NA	NA	NA	NA	NA	NA	NA	NA	NA	NA	NA	NA	NA	NA	NA	NA	NA	NA	NA	NA	NA	NA	NA	NA	NA	NA	NA	NA	NA	NA	NA	NA	NA	NA	NA	NA	NA	NA	NA	NA	NA	NA	NA	NA	NA	NA	NA	NA	NA	NA	NA	NA	NA	NA	NA	NA	NA	NA	NA	NA	NA	NA	NA	NA	NA
cg26870594	NA	NA	NA	NA	NA	NA	NA	NA	NA	NA	NA	NA	NA	NA	NA	NA	NA	NA	NA	NA	NA	NA	NA	NA	NA	NA	NA	NA	NA	NA	NA	NA	NA	NA	NA	NA	NA	NA	NA	NA	NA	NA	NA	NA	NA	NA	NA	NA	NA	NA	NA	NA	NA	NA	NA	NA	NA	NA	NA	NA	NA	NA	NA	NA	NA	NA
cg26872780	0.88603988463837	0.83832911440925	0.863310126539268	0.785491802673157	0.930447320824674	0.758344262989464	0.913392217193186	0.501024070655943	0.636912929985789	0.882276240218782	0.927007474173149	0.697554076419354	NA	0.452670070201939	0.911831696763154	0.425614015384869	0.475431394071123	0.927356081574801	0.874896531353052	0.892367162746581	NA	NA	0.606748943606265	0.8767648016428	0.904648895495679	0.930417791622513	0.472942941023812	0.866160138624847	0.833156204097324	0.518651591651259	0.713979257382058	0.250635629579215	0.634461693386561	0.49881168535852	0.906521867410261	0.881957243318012	0.883255509048815	0.408694413003677	0.284296914988614	0.901992058889954	0.201179673726942	0.872196045295278	0.827061656261844	0.88119406491687	NA	0.390595699502752	0.89641462183911	0.922383191297037	0.890703789259899	NA	0.827673805722085	0.722017969090503	0.910711027288663	NA	NA	NA	NA	NA	0.400115597237905	0.544152358965435	0.89105096464741	0.910274481955566	0.914227484872591	0.800217165280077	0.626015920458696	0.917290493069723
cg26897236	NA	NA	NA	NA	NA	NA	NA	NA	NA	NA	NA	NA	NA	NA	NA	NA	NA	NA	NA	NA	NA	NA	NA	NA	NA	NA	NA	NA	NA	NA	NA	NA	NA	NA	NA	NA	NA	NA	NA	NA	NA	NA	NA	NA	NA	NA	NA	NA	NA	NA	NA	NA	NA	NA	NA	NA	NA	NA	NA	NA	NA	NA	NA	NA	NA	NA
cg26899591	NA	NA	NA	NA	NA	NA	NA	NA	NA	NA	NA	NA	NA	NA	NA	NA	NA	NA	NA	NA	NA	NA	NA	NA	NA	NA	NA	NA	NA	NA	NA	NA	NA	NA	NA	NA	NA	NA	NA	NA	NA	NA	NA	NA	NA	NA	NA	NA	NA	NA	NA	NA	NA	NA	NA	NA	NA	NA	NA	NA	NA	NA	NA	NA	NA	NA
cg27026390	0.971632425690537	0.971213965680538	0.965263365297407	0.97777111919244	0.828383210791975	0.93819705434484	0.965116238193192	0.965052689599876	0.96964719114395	0.975911939179169	0.972445414563747	0.974929351909715	0.965702307452487	0.968117786874486	0.941113299390384	0.975597151805985	0.972179775649558	0.977953131122027	0.973401382889775	0.956394418651972	0.976637883544518	0.971988162370636	0.913649407258269	0.96486586458027	0.973419106928844	0.968300467086581	0.97624199293583	0.969912829454277	0.976242627790799	0.978690383481867	0.951041590389459	0.960211284353518	0.972321460142948	0.975973865764804	0.944051667465789	0.974383556455677	0.933040299403341	0.972539661352163	0.377975890182583	0.978992248893808	0.981453645792453	0.979327019570174	0.718814237886516	0.970564564360698	0.971993422277959	0.978141434395917	0.973338681453866	0.97602794385663	0.977744064176344	0.977408739597361	0.972535412066745	0.975934444588704	0.931619929423099	0.975730455499552	0.957590411361339	0.977730965013129	0.981454750256423	0.974973706117781	0.977954979437076	0.970142416227908	0.975677311212544	0.979204978870051	0.975901369810608	0.406897683509707	0.953558887533732	0.969927907893313
cg27048446	NA	NA	NA	NA	NA	NA	NA	NA	NA	NA	NA	NA	NA	NA	NA	NA	NA	NA	NA	NA	NA	NA	NA	NA	NA	NA	NA	NA	NA	NA	NA	NA	NA	NA	NA	NA	NA	NA	NA	NA	NA	NA	NA	NA	NA	NA	NA	NA	NA	NA	NA	NA	NA	NA	NA	NA	NA	NA	NA	NA	NA	NA	NA	NA	NA	NA
cg27054055	NA	NA	NA	NA	NA	NA	NA	NA	NA	NA	NA	NA	NA	NA	NA	NA	NA	NA	NA	NA	NA	NA	NA	NA	NA	NA	NA	NA	NA	NA	NA	NA	NA	NA	NA	NA	NA	NA	NA	NA	NA	NA	NA	NA	NA	NA	NA	NA	NA	NA	NA	NA	NA	NA	NA	NA	NA	NA	NA	NA	NA	NA	NA	NA	NA	NA
cg27094305	NA	NA	NA	NA	NA	NA	NA	NA	NA	NA	NA	NA	NA	NA	NA	NA	NA	NA	NA	NA	NA	NA	NA	NA	NA	NA	NA	NA	NA	NA	NA	NA	NA	NA	NA	NA	NA	NA	NA	NA	NA	NA	NA	NA	NA	NA	NA	NA	NA	NA	NA	NA	NA	NA	NA	NA	NA	NA	NA	NA	NA	NA	NA	NA	NA	NA
cg27095983	NA	NA	NA	NA	NA	NA	NA	NA	NA	NA	NA	NA	NA	NA	NA	NA	NA	NA	NA	NA	NA	NA	NA	NA	NA	NA	NA	NA	NA	NA	NA	NA	NA	NA	NA	NA	NA	NA	NA	NA	NA	NA	NA	NA	NA	NA	NA	NA	NA	NA	NA	NA	NA	NA	NA	NA	NA	NA	NA	NA	NA	NA	NA	NA	NA	NA
cg27098587	NA	NA	NA	NA	NA	NA	NA	NA	NA	NA	NA	NA	NA	NA	NA	NA	NA	NA	NA	NA	NA	NA	NA	NA	NA	NA	NA	NA	NA	NA	NA	NA	NA	NA	NA	NA	NA	NA	NA	NA	NA	NA	NA	NA	NA	NA	NA	NA	NA	NA	NA	NA	NA	NA	NA	NA	NA	NA	NA	NA	NA	NA	NA	NA	NA	NA
cg27111461	NA	NA	NA	NA	NA	NA	NA	NA	NA	NA	NA	NA	NA	NA	NA	NA	NA	NA	NA	NA	NA	NA	NA	NA	NA	NA	NA	NA	NA	NA	NA	NA	NA	NA	NA	NA	NA	NA	NA	NA	NA	NA	NA	NA	NA	NA	NA	NA	NA	NA	NA	NA	NA	NA	NA	NA	NA	NA	NA	NA	NA	NA	NA	NA	NA	NA
cg27129076	NA	NA	NA	NA	NA	NA	NA	NA	NA	NA	NA	NA	NA	NA	NA	NA	NA	NA	NA	NA	NA	NA	NA	NA	NA	NA	NA	NA	NA	NA	NA	NA	NA	NA	NA	NA	NA	NA	NA	NA	NA	NA	NA	NA	NA	NA	NA	NA	NA	NA	NA	NA	NA	NA	NA	NA	NA	NA	NA	NA	NA	NA	NA	NA	NA	NA
cg27147706	NA	NA	NA	NA	NA	NA	NA	NA	NA	NA	NA	NA	NA	NA	NA	NA	NA	NA	NA	NA	NA	NA	NA	NA	NA	NA	NA	NA	NA	NA	NA	NA	NA	NA	NA	NA	NA	NA	NA	NA	NA	NA	NA	NA	NA	NA	NA	NA	NA	NA	NA	NA	NA	NA	NA	NA	NA	NA	NA	NA	NA	NA	NA	NA	NA	NA
cg27167195	NA	NA	NA	NA	NA	NA	NA	NA	NA	NA	NA	NA	NA	NA	NA	NA	NA	NA	NA	NA	NA	NA	NA	NA	NA	NA	NA	NA	NA	NA	NA	NA	NA	NA	NA	NA	NA	NA	NA	NA	NA	NA	NA	NA	NA	NA	NA	NA	NA	NA	NA	NA	NA	NA	NA	NA	NA	NA	NA	NA	NA	NA	NA	NA	NA	NA
cg27184649	0.946092981664497	0.339595896034654	0.954172300231761	0.957423641493792	0.755010260321509	0.883365461944874	0.956435448738355	0.955551110432314	0.841296021120774	0.959999770000191	0.936122008166048	0.817214743531725	0.954612100218787	0.697485035145778	0.945078422843749	0.941843985855022	0.920917751387794	0.37667951299469	0.936384270070734	0.949480856548999	0.942358402441128	0.949892782779274	0.635239471852005	0.903599448649086	0.951693422832481	0.261102204604516	0.951563653472946	0.949042909568677	0.941359302305499	0.866592514628804	0.925558868468291	0.955454357503796	0.950043146195151	0.947741255794302	0.931960613274218	0.927905148230325	0.700315831513584	0.953103421999123	0.318268374067928	0.665155455787364	0.953994692373203	0.952872008325646	0.695044599088207	0.944091476000511	0.938199191134688	0.951211875607746	0.929035818732488	0.959257517730227	0.845230502274701	0.953181257984312	0.940528555904476	0.960267148930099	0.457446384323017	0.94674267409358	0.894984996119439	0.952686430628026	0.876682211760298	0.927415248174769	0.943001897172185	0.961703384251585	0.941445749209356	0.953327496306648	0.945814338932454	0.950144996262233	0.942908515180003	0.93699146875217
cg27185511	NA	NA	NA	NA	NA	NA	NA	NA	NA	NA	NA	NA	NA	NA	NA	NA	NA	NA	NA	NA	NA	NA	NA	NA	NA	NA	NA	NA	NA	NA	NA	NA	NA	NA	NA	NA	NA	NA	NA	NA	NA	NA	NA	NA	NA	NA	NA	NA	NA	NA	NA	NA	NA	NA	NA	NA	NA	NA	NA	NA	NA	NA	NA	NA	NA	NA
cg27192418	0.956963349005	0.950264298695967	0.929162433850052	0.923702476496105	0.925206813548832	0.93455444541523	0.945953712247915	0.924890565885521	0.94483397303471	0.90781327576426	0.915083806552384	0.913282223657341	0.906727376854759	0.934493369749397	0.937830053065509	0.936181867522368	0.871760729236453	0.941341529616296	0.942277970363296	0.917452228446534	0.931143562153245	0.920376674706071	0.876514576602101	0.922036128178631	0.924510370935734	0.93147801834535	0.894986385941778	0.901347024166814	0.927688026504637	0.923964277016989	0.238967132656704	0.929855293976135	0.916389903078759	0.924519268202739	0.923878764304903	0.861641498021338	0.953766024357753	0.936965148548092	0.517052932434535	0.901324477787281	0.927193975099042	0.914199593486038	0.824203977233157	0.608424793322547	0.397226088697595	0.615020919075505	0.570531826114692	0.939202351668347	0.925282869456207	0.940499991395961	0.937900391626964	0.938656012059105	0.935347189611968	0.940707127051096	0.937016901937346	0.916832583393308	0.944883753030228	0.899987592192728	0.885735174400967	0.890621419428674	0.930468815828598	0.93715511223406	0.934961343625318	0.920902321260943	0.920713167387437	0.912239783418039
cg27215140	NA	NA	NA	NA	NA	NA	NA	NA	NA	NA	NA	NA	NA	NA	NA	NA	NA	NA	NA	NA	NA	NA	NA	NA	NA	NA	NA	NA	NA	NA	NA	NA	NA	NA	NA	NA	NA	NA	NA	NA	NA	NA	NA	NA	NA	NA	NA	NA	NA	NA	NA	NA	NA	NA	NA	NA	NA	NA	NA	NA	NA	NA	NA	NA	NA	NA
cg27224107	NA	NA	NA	NA	NA	NA	NA	NA	NA	NA	NA	NA	NA	NA	NA	NA	NA	NA	NA	NA	NA	NA	NA	NA	NA	NA	NA	NA	NA	NA	NA	NA	NA	NA	NA	NA	NA	NA	NA	NA	NA	NA	NA	NA	NA	NA	NA	NA	NA	NA	NA	NA	NA	NA	NA	NA	NA	NA	NA	NA	NA	NA	NA	NA	NA	NA
cg27233997	NA	NA	NA	NA	NA	NA	NA	NA	NA	NA	NA	NA	NA	NA	NA	NA	NA	NA	NA	NA	NA	NA	NA	NA	NA	NA	NA	NA	NA	NA	NA	NA	NA	NA	NA	NA	NA	NA	NA	NA	NA	NA	NA	NA	NA	NA	NA	NA	NA	NA	NA	NA	NA	NA	NA	NA	NA	NA	NA	NA	NA	NA	NA	NA	NA	NA
cg27235725	NA	NA	NA	NA	NA	NA	NA	NA	NA	NA	NA	NA	NA	NA	NA	NA	NA	NA	NA	NA	NA	NA	NA	NA	NA	NA	NA	NA	NA	NA	NA	NA	NA	NA	NA	NA	NA	NA	NA	NA	NA	NA	NA	NA	NA	NA	NA	NA	NA	NA	NA	NA	NA	NA	NA	NA	NA	NA	NA	NA	NA	NA	NA	NA	NA	NA
cg27241677	NA	NA	NA	NA	NA	NA	NA	NA	NA	NA	NA	NA	NA	NA	NA	NA	NA	NA	NA	NA	NA	NA	NA	NA	NA	NA	NA	NA	NA	NA	NA	NA	NA	NA	NA	NA	NA	NA	NA	NA	NA	NA	NA	NA	NA	NA	NA	NA	NA	NA	NA	NA	NA	NA	NA	NA	NA	NA	NA	NA	NA	NA	NA	NA	NA	NA
cg27276918	0.985229228657014	0.978731167981295	0.984604754577303	0.987006865803698	0.982726538792148	0.985447293356504	0.986299940249521	0.986033174840316	0.983824197943026	0.980349531232667	0.988486802861439	0.990082735099038	0.982324621185009	0.793946037924352	0.982727377975737	0.960977534775218	0.983608125695669	0.989036163396837	0.98756809910818	0.989481810209134	0.986968798684769	0.966701167858592	0.980144192327444	0.980431580276145	0.920649012722676	0.97876253315379	0.9870690809022	0.986284110559377	0.990255026258137	0.922791017047119	0.981334509917374	0.986301250918047	0.961702364018147	0.985486713123831	0.985603792139904	0.985601729202622	0.98714808009474	0.491202066586822	0.983627950769943	0.771591643667267	0.982310199031133	0.989677149975683	0.985038829957637	0.98521806271243	0.98683030829716	0.985819072818415	0.988070595509868	0.984929672898392	0.975295161873115	0.984564392059602	0.977666655647851	0.978181259810337	0.983794405803252	0.984308953201938	0.945746905419493	0.820301204878228	0.989576990402724	0.932664453584882	0.990213532294058	0.980870603334447	0.972456411647376	0.790706814947985	0.988486967010228	0.98343370167396	0.985392680647289	0.986749765270338
cg27303211	0.860703074118063	0.713930329708594	0.973420123362355	0.962199525030597	0.964561809847757	0.960265840998849	0.955167228589974	0.942093428236183	0.958827277959421	0.951939182930548	0.96129279580907	0.940016891812106	0.935429840796921	0.95625726363397	0.954120923338113	0.946708106397167	0.93144527884173	0.934191119118321	0.953684473060375	0.946362728408237	0.928706965476793	0.939953427282606	0.709858562647778	0.93841581911682	0.932805346085249	0.952622607878675	0.924444415244157	0.945436934648756	0.940133125057726	0.951383068465139	0.935861101523252	0.958988628308411	0.960986454024572	0.932181195170879	0.951137601902094	0.932658004193467	0.851048708920601	0.957350421371849	0.923322880681253	0.926044978624936	0.965832273126207	0.958737775924728	0.925643159979655	0.947484511947796	0.947830481370048	0.964449569520064	0.940086069767456	0.966459878496151	0.949399623601735	0.931106868218196	0.908168078232647	0.893568166914585	0.95043686773493	0.956382700889406	0.972026112887418	0.954671207352927	0.96148968292092	0.954286045034604	0.959257564496672	0.866033256465851	0.945087889250389	0.972200485419698	0.96155121286979	0.941173624668289	0.816003850487195	0.9212414696182
cg27360593	NA	NA	NA	NA	NA	NA	NA	NA	NA	NA	NA	NA	NA	NA	NA	NA	NA	NA	NA	NA	NA	NA	NA	NA	NA	NA	NA	NA	NA	NA	NA	NA	NA	NA	NA	NA	NA	NA	NA	NA	NA	NA	NA	NA	NA	NA	NA	NA	NA	NA	NA	NA	NA	NA	NA	NA	NA	NA	NA	NA	NA	NA	NA	NA	NA	NA
cg27372181	NA	NA	NA	NA	NA	NA	NA	NA	NA	NA	NA	NA	NA	NA	NA	NA	NA	NA	NA	NA	NA	NA	NA	NA	NA	NA	NA	NA	NA	NA	NA	NA	NA	NA	NA	NA	NA	NA	NA	NA	NA	NA	NA	NA	NA	NA	NA	NA	NA	NA	NA	NA	NA	NA	NA	NA	NA	NA	NA	NA	NA	NA	NA	NA	NA	NA
cg27378066	NA	NA	NA	NA	NA	NA	NA	NA	NA	NA	NA	NA	NA	NA	NA	NA	NA	NA	NA	NA	NA	NA	NA	NA	NA	NA	NA	NA	NA	NA	NA	NA	NA	NA	NA	NA	NA	NA	NA	NA	NA	NA	NA	NA	NA	NA	NA	NA	NA	NA	NA	NA	NA	NA	NA	NA	NA	NA	NA	NA	NA	NA	NA	NA	NA	NA
cg27392815	NA	NA	NA	NA	NA	NA	NA	NA	NA	NA	NA	NA	NA	NA	NA	NA	NA	NA	NA	NA	NA	NA	NA	NA	NA	NA	NA	NA	NA	NA	NA	NA	NA	NA	NA	NA	NA	NA	NA	NA	NA	NA	NA	NA	NA	NA	NA	NA	NA	NA	NA	NA	NA	NA	NA	NA	NA	NA	NA	NA	NA	NA	NA	NA	NA	NA
cg27399297	NA	NA	NA	NA	NA	NA	NA	NA	NA	NA	NA	NA	NA	NA	NA	NA	NA	NA	NA	NA	NA	NA	NA	NA	NA	NA	NA	NA	NA	NA	NA	NA	NA	NA	NA	NA	NA	NA	NA	NA	NA	NA	NA	NA	NA	NA	NA	NA	NA	NA	NA	NA	NA	NA	NA	NA	NA	NA	NA	NA	NA	NA	NA	NA	NA	NA
cg27400353	NA	NA	NA	NA	NA	NA	NA	NA	NA	NA	NA	NA	NA	NA	NA	NA	NA	NA	NA	NA	NA	NA	NA	NA	NA	NA	NA	NA	NA	NA	NA	NA	NA	NA	NA	NA	NA	NA	NA	NA	NA	NA	NA	NA	NA	NA	NA	NA	NA	NA	NA	NA	NA	NA	NA	NA	NA	NA	NA	NA	NA	NA	NA	NA	NA	NA
cg27413928	NA	NA	NA	NA	NA	NA	NA	NA	NA	NA	NA	NA	NA	NA	NA	NA	NA	NA	NA	NA	NA	NA	NA	NA	NA	NA	NA	NA	NA	NA	NA	NA	NA	NA	NA	NA	NA	NA	NA	NA	NA	NA	NA	NA	NA	NA	NA	NA	NA	NA	NA	NA	NA	NA	NA	NA	NA	NA	NA	NA	NA	NA	NA	NA	NA	NA
cg27422721	NA	NA	NA	NA	NA	NA	NA	NA	NA	NA	NA	NA	NA	NA	NA	NA	NA	NA	NA	NA	NA	NA	NA	NA	NA	NA	NA	NA	NA	NA	NA	NA	NA	NA	NA	NA	NA	NA	NA	NA	NA	NA	NA	NA	NA	NA	NA	NA	NA	NA	NA	NA	NA	NA	NA	NA	NA	NA	NA	NA	NA	NA	NA	NA	NA	NA
cg27436603	NA	NA	NA	NA	NA	NA	NA	NA	NA	NA	NA	NA	NA	NA	NA	NA	NA	NA	NA	NA	NA	NA	NA	NA	NA	NA	NA	NA	NA	NA	NA	NA	NA	NA	NA	NA	NA	NA	NA	NA	NA	NA	NA	NA	NA	NA	NA	NA	NA	NA	NA	NA	NA	NA	NA	NA	NA	NA	NA	NA	NA	NA	NA	NA	NA	NA
cg27441138	0.898392039132632	0.914501478099727	0.929128697361098	0.944761464931739	0.598677479962987	0.93115568470427	0.279034543209646	0.930077193854999	0.908827850678874	0.928858854960842	0.161436589952198	0.929227258188095	0.889399367058996	0.902528646251852	0.933868467458777	0.929391586991862	0.922639621104267	0.897576925753701	0.714497523510285	0.931603218995407	0.921580266554227	0.908061116305639	0.786355405925064	0.809270429756959	0.920447816338102	0.142791259700243	0.928936999706924	0.891229298901626	0.832389879716556	0.939423358535233	0.91318327911492	0.76046554569542	0.145993764198319	0.914679263391931	0.930434545337261	0.935534574146697	0.454045713340742	0.920792633596732	0.469992513343507	0.930043803621985	0.86343160384627	0.916988164748646	0.365590717529123	0.936308555238363	0.911721044438638	0.934620121727681	0.217336327139379	0.923382643696375	0.920565891529989	0.889930649261822	0.594003409899906	0.947963362046153	0.199165779309982	0.263965386918993	0.921579779721931	0.946877000784955	0.803381041972505	0.909982684420599	0.925406527049251	0.922022379146235	0.795240186367894	0.949036401581058	0.219741323069329	0.925025201075803	0.771269658080491	0.341198560413762
cg27476881	NA	NA	NA	NA	NA	NA	NA	NA	NA	NA	NA	NA	NA	NA	NA	NA	NA	NA	NA	NA	NA	NA	NA	NA	NA	NA	NA	NA	NA	NA	NA	NA	NA	NA	NA	NA	NA	NA	NA	NA	NA	NA	NA	NA	NA	NA	NA	NA	NA	NA	NA	NA	NA	NA	NA	NA	NA	NA	NA	NA	NA	NA	NA	NA	NA	NA
cg27493336	NA	NA	NA	NA	NA	NA	NA	NA	NA	NA	NA	NA	NA	NA	NA	NA	NA	NA	NA	NA	NA	NA	NA	NA	NA	NA	NA	NA	NA	NA	NA	NA	NA	NA	NA	NA	NA	NA	NA	NA	NA	NA	NA	NA	NA	NA	NA	NA	NA	NA	NA	NA	NA	NA	NA	NA	NA	NA	NA	NA	NA	NA	NA	NA	NA	NA
cg27496179	NA	NA	NA	NA	NA	NA	NA	NA	NA	NA	NA	NA	NA	NA	NA	NA	NA	NA	NA	NA	NA	NA	NA	NA	NA	NA	NA	NA	NA	NA	NA	NA	NA	NA	NA	NA	NA	NA	NA	NA	NA	NA	NA	NA	NA	NA	NA	NA	NA	NA	NA	NA	NA	NA	NA	NA	NA	NA	NA	NA	NA	NA	NA	NA	NA	NA
cg27530298	NA	NA	NA	NA	NA	NA	NA	NA	NA	NA	NA	NA	NA	NA	NA	NA	NA	NA	NA	NA	NA	NA	NA	NA	NA	NA	NA	NA	NA	NA	NA	NA	NA	NA	NA	NA	NA	NA	NA	NA	NA	NA	NA	NA	NA	NA	NA	NA	NA	NA	NA	NA	NA	NA	NA	NA	NA	NA	NA	NA	NA	NA	NA	NA	NA	NA
cg27562595	NA	NA	NA	NA	NA	NA	NA	NA	NA	NA	NA	NA	NA	NA	NA	NA	NA	NA	NA	NA	NA	NA	NA	NA	NA	NA	NA	NA	NA	NA	NA	NA	NA	NA	NA	NA	NA	NA	NA	NA	NA	NA	NA	NA	NA	NA	NA	NA	NA	NA	NA	NA	NA	NA	NA	NA	NA	NA	NA	NA	NA	NA	NA	NA	NA	NA
cg27574287	0.849599700463579	0.861361661140328	0.927542966909478	0.83709956326992	0.3300817013881	0.281577989256782	0.902106224836897	0.856951656949779	0.860154488282249	0.923375971576859	0.890159505180341	0.839438699142502	0.849295662306135	0.373139165162149	0.846932845275748	0.910652380307043	0.862949587702132	0.865518100084431	0.863083814650282	0.700276756517764	0.840963793587696	0.702928733359135	0.625795766239217	0.889282249350949	0.866112033476681	0.852779856887259	0.819822993935965	0.82905403780698	0.903434397097575	0.884098341881563	0.859941317956274	0.899825748725708	0.934224063246069	0.875257192067409	0.903679671217422	0.915708969051982	0.85082195234474	0.888202693539512	0.504211712896168	0.819822296126775	0.329747377932462	0.89191726002681	0.472547446155664	0.863713089335231	0.942343961213189	0.760697647722039	0.882224464894862	0.338268531474518	0.695975354116876	0.903754912434503	0.683179918073435	0.656180198964786	0.238235981217061	0.910675830852868	0.928108887987659	0.927971255562407	0.591866604604306	0.951555300707467	0.931449156760478	0.744057625819157	0.936824438856578	0.927209101588161	0.937885917039931	0.910620974511941	0.826862991676841	0.478310673298775
cg27604672	0.685981769110388	0.464838223521613	0.139025663977564	0.506142358078745	0.162569082038055	0.49969703813595	0.512634439040069	0.429859955881393	0.689154452310762	0.153648621504056	0.442166512104989	0.484727555788003	0.78011208329625	0.517368484718821	0.356643336059817	0.561030408770854	0.487847754703597	0.403690888915559	0.497550155588622	0.436069526907937	0.757521133352412	0.41193417021834	0.233492132308949	0.155605336216282	0.238953195930548	0.15368196872033	0.439861849823352	0.421556648601296	0.53002088778487	0.769999918697102	0.446469237475735	0.558137543026571	0.153362359991077	0.381087127429793	0.182001256161608	0.497217317644917	0.219410757606036	0.358468110591489	0.257959945846627	0.574204632223786	0.241842408721231	0.508388692628858	0.306374372793874	0.574978468808829	0.299678800730985	0.101090143935424	0.220522920224385	0.269601246426461	0.438386100801192	0.514805569457557	0.279977968221375	0.485653975689393	0.274920971209539	0.702579089859873	0.58174276129319	0.151889262718915	0.625553918284528	0.489169503200873	0.272188518123834	0.278059941727727	0.148652058572872	0.481126688688293	0.721752105641801	0.223584666136308	0.453721776663253	0.25057651229357
cg27629311	NA	NA	NA	NA	NA	NA	NA	NA	NA	NA	NA	NA	NA	NA	NA	NA	NA	NA	NA	NA	NA	NA	NA	NA	NA	NA	NA	NA	NA	NA	NA	NA	NA	NA	NA	NA	NA	NA	NA	NA	NA	NA	NA	NA	NA	NA	NA	NA	NA	NA	NA	NA	NA	NA	NA	NA	NA	NA	NA	NA	NA	NA	NA	NA	NA	NA
ch.1.156669547F	NA	NA	NA	NA	NA	NA	NA	NA	NA	NA	NA	NA	NA	NA	NA	NA	NA	NA	NA	NA	NA	NA	NA	NA	NA	NA	NA	NA	NA	NA	NA	NA	NA	NA	NA	NA	NA	NA	NA	NA	NA	NA	NA	NA	NA	NA	NA	NA	NA	NA	NA	NA	NA	NA	NA	NA	NA	NA	NA	NA	NA	NA	NA	NA	NA	NA
ch.1.90405031F	NA	NA	NA	NA	NA	NA	NA	NA	NA	NA	NA	NA	NA	NA	NA	NA	NA	NA	NA	NA	NA	NA	NA	NA	NA	NA	NA	NA	NA	NA	NA	NA	NA	NA	NA	NA	NA	NA	NA	NA	NA	NA	NA	NA	NA	NA	NA	NA	NA	NA	NA	NA	NA	NA	NA	NA	NA	NA	NA	NA	NA	NA	NA	NA	NA	NA
ch.10.47925130F	NA	NA	NA	NA	NA	NA	NA	NA	NA	NA	NA	NA	NA	NA	NA	NA	NA	NA	NA	NA	NA	NA	NA	NA	NA	NA	NA	NA	NA	NA	NA	NA	NA	NA	NA	NA	NA	NA	NA	NA	NA	NA	NA	NA	NA	NA	NA	NA	NA	NA	NA	NA	NA	NA	NA	NA	NA	NA	NA	NA	NA	NA	NA	NA	NA	NA
ch.10.82591910R	NA	NA	NA	NA	NA	NA	NA	NA	NA	NA	NA	NA	NA	NA	NA	NA	NA	NA	NA	NA	NA	NA	NA	NA	NA	NA	NA	NA	NA	NA	NA	NA	NA	NA	NA	NA	NA	NA	NA	NA	NA	NA	NA	NA	NA	NA	NA	NA	NA	NA	NA	NA	NA	NA	NA	NA	NA	NA	NA	NA	NA	NA	NA	NA	NA	NA
ch.11.1877857R	0.0246660092837186	0.0280301386540641	0.0257361109063414	0.0310306337066449	0.0289030329925968	0.0257144520047124	0.0228931982139913	0.0286812858617622	0.0282987481482952	0.0275732268322156	0.0273863911016965	0.0240693216329235	0.0357049617195713	0.0356731572144109	0.0247344417809234	0.0404408067727133	0.0246625787109774	0.0344618901889186	0.0214776424311755	0.027703358425097	0.03018207555804	0.0312526282337781	0.0269238254267403	0.0341248963103924	0.0316727780642158	0.0288634296938532	0.0319134325141285	0.0262920844848139	0.0296302225033949	0.0258803966616838	0.02993991640262	0.0233570008597446	0.0288889107822049	0.0301718770039878	0.0293497836079469	0.0261398557305183	0.0264180494122854	0.0267642521831862	0.0351540638074847	0.0239355177575948	0.0288396037324497	0.0424362422844144	0.0250126193125944	0.0226037367050341	0.0324836697033539	0.0256627867590059	0.0213495976912983	0.0235589058818297	0.0229217628486686	0.0272565360899421	0.0261830246998891	0.0369478606995483	0.027227546337418	0.030080439728341	0.0238643733564752	0.0234526069198148	0.0258434309329333	0.0294213539775786	0.0240169207083555	0.0450477379781024	0.0256255828719465	0.0278611104036559	0.0283717129227713	0.0243999649496741	0.0286259349955134	0.0291476052806597
ch.11.2015773F	NA	NA	NA	NA	NA	NA	NA	NA	NA	NA	NA	NA	NA	NA	NA	NA	NA	NA	NA	NA	NA	NA	NA	NA	NA	NA	NA	NA	NA	NA	NA	NA	NA	NA	NA	NA	NA	NA	NA	NA	NA	NA	NA	NA	NA	NA	NA	NA	NA	NA	NA	NA	NA	NA	NA	NA	NA	NA	NA	NA	NA	NA	NA	NA	NA	NA
ch.2.154234353F	NA	NA	NA	NA	NA	NA	NA	NA	NA	NA	NA	NA	NA	NA	NA	NA	NA	NA	NA	NA	NA	NA	NA	NA	NA	NA	NA	NA	NA	NA	NA	NA	NA	NA	NA	NA	NA	NA	NA	NA	NA	NA	NA	NA	NA	NA	NA	NA	NA	NA	NA	NA	NA	NA	NA	NA	NA	NA	NA	NA	NA	NA	NA	NA	NA	NA
ch.3.70573422F	NA	NA	NA	NA	NA	NA	NA	NA	NA	NA	NA	NA	NA	NA	NA	NA	NA	NA	NA	NA	NA	NA	NA	NA	NA	NA	NA	NA	NA	NA	NA	NA	NA	NA	NA	NA	NA	NA	NA	NA	NA	NA	NA	NA	NA	NA	NA	NA	NA	NA	NA	NA	NA	NA	NA	NA	NA	NA	NA	NA	NA	NA	NA	NA	NA	NA
ch.4.109582151R	NA	NA	NA	NA	NA	NA	NA	NA	NA	NA	NA	NA	NA	NA	NA	NA	NA	NA	NA	NA	NA	NA	NA	NA	NA	NA	NA	NA	NA	NA	NA	NA	NA	NA	NA	NA	NA	NA	NA	NA	NA	NA	NA	NA	NA	NA	NA	NA	NA	NA	NA	NA	NA	NA	NA	NA	NA	NA	NA	NA	NA	NA	NA	NA	NA	NA
ch.4.11576235F	0.0597853703005624	0.045643554078676	0.0611494543450128	0.0552639261500267	0.0492507833433187	0.055976855807509	0.0547853806431706	0.0465258691142746	0.0720062336237753	0.0635621181064508	0.0505071521927496	0.0487169644623257	0.0537205581571166	0.0461379448980651	0.0572216422982172	0.0681320512275143	0.0523290034732698	0.0746858781979343	0.0586001535896084	0.0460947758768242	0.0472201457906187	0.0635022723212687	0.06610320581663	0.0523287428632976	0.059875863205233	0.0650909497260137	0.0613089791871025	0.0582007934926823	0.0377972614651377	0.0571164020924167	0.0643991001435118	0.0678629555222599	0.041668269461499	0.0760580127824825	0.0679930991994737	0.0478645564035595	0.0501435576681928	0.0485266784424987	0.0631480826106505	0.0583410001343322	0.0584243768669478	0.0591991349801613	0.0588889647540325	0.0608675800709814	0.0667204333052049	0.0487228335801398	0.0428119125897209	0.0597392983661332	0.0649100589102306	0.0637491080283106	0.0526800860632966	0.0515255965886709	0.0617792816781082	0.0593285680532495	0.057214699535116	0.0554104849681724	0.0607373170405857	0.0702623284717218	0.04696156007233	0.0560507738984456	0.0606790345764806	0.0534769168784545	0.0540077992523807	0.049394323651504	0.064048813131151	0.0512048879405921
ch.4.166959540F	NA	NA	NA	NA	NA	NA	NA	NA	NA	NA	NA	NA	NA	NA	NA	NA	NA	NA	NA	NA	NA	NA	NA	NA	NA	NA	NA	NA	NA	NA	NA	NA	NA	NA	NA	NA	NA	NA	NA	NA	NA	NA	NA	NA	NA	NA	NA	NA	NA	NA	NA	NA	NA	NA	NA	NA	NA	NA	NA	NA	NA	NA	NA	NA	NA	NA
ch.5.30573736R	0.0819176617268485	0.121607243640612	0.0659540432343815	0.113689015856752	0.0640155734046067	0.0763904267730786	0.0803434959038099	0.102195652123878	NA	NA	0.072851580073413	0.087595268585098	0.0921462205510832	0.0852648927448891	0.0913321608663422	0.0821549983886597	0.0720889818501165	0.0996419798469056	0.0959289241022435	0.106437085287428	0.085176622664237	0.136613888136144	0.0875449289044321	0.106747673040221	0.0725180796816481	0.053618806533075	0.0861414963406574	0.0786146447902313	NA	0.0847546064574843	0.079199800306528	0.0915565435922955	0.100404208472304	0.0789373486340222	0.130693606674025	0.0586139303402447	0.114977873202816	0.0711303151033601	0.0785478566899862	0.111447461836217	0.0550728936148191	0.0631240650265565	0.0803984719414998	0.100199683495819	0.124798602290996	0.0673610776698913	0.0457659860326373	0.0726978804796742	0.0698098959860173	0.0774865826402194	0.137326033322216	0.154406813922012	NA	0.097075238958661	0.0787538568692482	0.0884428000356367	0.155202307225634	NA	0.0696120227455311	0.0951217276915162	0.0869163901951689	0.17098964148063	0.0878539449030037	0.101975682985389	0.0663959961869048	0.138748745102328
ch.7.3333777R	0.0372828650194814	0.0416453388005819	0.0353417650210872	0.040200561992841	0.0416288426860182	0.0364179096404489	0.0349678833935145	0.0353848281767557	0.0538279760833317	0.0310225451530663	0.0408225188057832	0.0357717378013253	0.0350668472210529	0.0459235193503701	0.0470378965116732	0.0356983397944484	0.0404843847207744	0.0395229681449706	0.042173694931775	0.044829012157032	0.045918478713454	0.0481836470476016	0.0386560044041673	0.0362917035967053	0.0466361280385899	0.0361865479282264	0.0527749088226428	0.0396795822703706	0.0505887876258436	0.0334002850344259	0.0354860119714668	0.0306943989067892	0.0355900889573026	0.0388135313524287	0.0455292469412283	0.0328159815151926	0.0324175587539125	0.0338324767782805	0.0424691356612587	0.0337944762514604	0.0321103948789608	0.0568982597658365	0.0362192333527829	0.040113287112911	0.0385870972919587	0.0353425855816965	0.037936334618975	0.0353198148776811	0.041957720847148	0.0343036764135902	0.038730219268656	0.0563687990873865	0.0349976118088283	0.039236717567018	0.0355397105357984	0.0388012049529221	0.0410251966223021	0.0441702083043111	0.0344406549222643	0.0405228892338069	0.0397421311293564	0.045594810230017	0.0358453991256316	0.0383703410432767	0.0482051979378846	0.0348197517513308
ch.7.83866664R	0.0281679720081115	0.0251811812858805	0.0233029193476279	0.0263511233964509	0.0272573652420696	0.0258647574343435	0.0199585865867078	0.0217704774841732	0.0308756927744489	0.0295559943299605	0.0259314875211607	0.0331947152286613	0.0218646031673613	0.0230115486646472	0.025184725971713	0.0225596964603606	0.0263160343573406	0.0247371341494341	0.0214924389611745	0.0235002156797138	0.0275143975331893	0.0219636068676508	0.0225590282387742	0.0234405361159782	0.0281326713817237	0.0250219957146791	0.0277223045263541	0.0236236798012496	0.0269216192411606	0.0238322941459517	0.0274998719266172	0.0228563096313533	0.0240552540716966	0.0282058461145212	0.0291186125018086	0.0255246661785948	0.04128517936086	0.0200165488744111	0.0264209727118469	0.0266096076675833	0.0216772997057296	0.028259160141762	0.02113324006071	0.0203185574405236	0.020982668006589	0.0217920849810578	0.0220544208308086	0.0235254234611198	0.0367268158295545	0.021833797909214	0.040727435709811	0.0426786839975688	0.0239344017782793	0.0206106115532324	0.0225492287797829	0.0181197508368988	0.0153603821385003	0.0258791691161488	0.0273518010591451	0.0259163984915742	0.0234839266332462	0.0324040699378376	0.0238395509416825	0.0205836280488907	0.0332311304055835	0.0238011075238484
ch.8.1742370R	NA	NA	NA	NA	NA	NA	NA	NA	NA	NA	NA	NA	NA	NA	NA	NA	NA	NA	NA	NA	NA	NA	NA	NA	NA	NA	NA	NA	NA	NA	NA	NA	NA	NA	NA	NA	NA	NA	NA	NA	NA	NA	NA	NA	NA	NA	NA	NA	NA	NA	NA	NA	NA	NA	NA	NA	NA	NA	NA	NA	NA	NA	NA	NA	NA	NA
ch.8.91748119F	0.0468444264028612	0.0576925485911746	0.0408352319784857	0.0592207864456336	0.0649871732046547	0.0599778663195845	0.0436499001395896	0.0522265914898716	0.0618787222027959	0.0523345882540337	0.0641625174990166	0.0633052089997855	0.0669710203356739	0.0569246996554509	0.0448725270946434	0.0639406185136834	0.0567905394563736	0.0517567784634061	0.043482941014281	0.0383335895489421	0.0496797806256154	0.0444129413784496	0.0485653010023384	0.0591865716540292	0.0421108782412012	0.042631764772547	0.0711090828504676	0.0567753587621532	0.0323937159285602	0.0447181803340916	0.0386680835968546	0.0609010423461506	0.0442325982268801	0.0483825582572598	0.0527883080489232	0.0573420160806773	0.0487387015034484	0.0350755710107136	0.0620616248357472	0.0387811655523356	0.0589471543979929	0.0533887561661639	0.0557907019400243	0.0401670511428677	0.0389236443228949	0.0545088598383979	0.0449747838817714	0.0480863997379879	0.0585993699062439	0.053269232483412	0.0467397715932151	0.0585268020410554	0.0457236531260546	0.0353757216118817	0.0505838324413993	0.0425092060591242	0.0457876821844899	0.0519879253567033	0.0429938648735374	0.043491036080983	0.0462715050536703	0.0480502772058951	0.065993518716771	0.0418065335410806	0.0592352416011117	0.0558399065047749
ch.9.106992904R	NA	NA	NA	NA	NA	NA	NA	NA	NA	NA	NA	NA	NA	NA	NA	NA	NA	NA	NA	NA	NA	NA	NA	NA	NA	NA	NA	NA	NA	NA	NA	NA	NA	NA	NA	NA	NA	NA	NA	NA	NA	NA	NA	NA	NA	NA	NA	NA	NA	NA	NA	NA	NA	NA	NA	NA	NA	NA	NA	NA	NA	NA	NA	NA	NA	NA
